t_monotonic,left_distance_cm,left_status,right_distance_cm,right_status,sequence
506954.375000,101.0,Ok,115.0,Ok,0
506954.421000,94.0,Ok,99.0,Ok,1
506954.484000,90.0,Ok,95.0,Ok,2
506954.531000,97.0,Ok,93.0,Ok,3
506954.578000,88.0,Ok,93.0,Ok,4
506954.625000,92.0,Ok,95.0,Ok,5
506954.671000,81.0,Ok,93.0,Ok,6
506954.734000,84.0,Ok,86.0,Ok,7
506954.781000,86.0,Ok,84.0,Ok,8
506954.828000,82.0,Ok,91.0,Ok,9
506954.875000,84.0,Ok,88.0,Ok,10
506954.937000,91.0,Ok,92.0,Ok,11
506954.984000,84.0,Ok,90.0,Ok,12
506955.031000,85.0,Ok,98.0,Ok,13
506955.078000,90.0,Ok,112.0,Ok,14
506955.125000,93.0,Ok,95.0,Ok,15
506955.187000,89.0,Ok,101.0,Ok,16
506955.234000,92.0,Ok,99.0,Ok,17
506955.281000,102.0,Ok,98.0,Ok,18
506955.328000,102.0,Ok,106.0,Ok,19
506955.375000,100.0,Ok,105.0,Ok,20
506955.421000,101.0,Ok,100.0,Ok,21
506955.468000,100.0,Ok,96.0,Ok,22
506955.546000,96.0,Ok,86.0,Ok,23
506955.578000,96.0,Ok,94.0,Ok,24
506955.625000,88.0,Ok,86.0,Ok,25
506955.687000,106.0,Ok,84.0,Ok,26
506955.718000,67.0,Ok,90.0,Ok,27
506955.781000,74.0,Ok,83.0,Ok,28
506955.828000,77.0,Ok,76.0,Ok,29
506955.875000,67.0,Ok,76.0,Ok,30
506955.921000,61.0,Ok,80.0,Ok,31
506955.984000,63.0,Ok,105.0,Ok,32
506956.031000,46.0,Ok,87.0,Ok,33
506956.078000,48.0,Ok,97.0,Ok,34
506956.125000,53.0,Ok,82.0,Ok,35
506956.171000,58.0,Ok,117.0,Ok,36
506956.218000,58.0,Ok,81.0,Ok,37
506956.265000,71.0,Ok,99.0,Ok,38
506956.328000,70.0,Ok,92.0,Ok,39
506956.375000,75.0,Ok,87.0,Ok,40
506956.437000,88.0,Ok,101.0,Ok,41
506956.484000,77.0,Ok,95.0,Ok,42
506956.531000,98.0,Ok,90.0,Ok,43
506956.578000,107.0,Ok,88.0,Ok,44
506956.640000,106.0,Ok,92.0,Ok,45
506956.687000,107.0,Ok,91.0,Ok,46
506956.718000,103.0,Ok,90.0,Ok,47
506956.781000,108.0,Ok,87.0,Ok,48
506956.828000,104.0,Ok,87.0,Ok,49
506956.906000,105.0,Ok,89.0,Ok,50
506956.937000,112.0,Ok,92.0,Ok,51
506956.984000,105.0,Ok,85.0,Ok,52
506957.031000,106.0,Ok,85.0,Ok,53
506957.078000,101.0,Ok,78.0,Ok,54
506957.125000,100.0,Ok,94.0,Ok,55
506957.171000,97.0,Ok,86.0,Ok,56
506957.218000,97.0,Ok,79.0,Ok,57
506957.281000,92.0,Ok,80.0,Ok,58
506957.328000,87.0,Ok,80.0,Ok,59
506957.375000,94.0,Ok,79.0,Ok,60
506957.437000,98.0,Ok,88.0,Ok,61
506957.484000,95.0,Ok,85.0,Ok,62
506957.531000,97.0,Ok,90.0,Ok,63
506957.562000,95.0,Ok,84.0,Ok,64
506957.625000,104.0,Ok,89.0,Ok,65
506957.671000,98.0,Ok,91.0,Ok,66
506957.734000,70.0,Ok,87.0,Ok,67
506957.781000,99.0,Ok,86.0,Ok,68
506957.828000,94.0,Ok,93.0,Ok,69
506957.875000,96.0,Ok,92.0,Ok,70
506957.937000,99.0,Ok,84.0,Ok,71
506957.984000,99.0,Ok,86.0,Ok,72
506958.031000,94.0,Ok,89.0,Ok,73
506958.078000,92.0,Ok,91.0,Ok,74
506958.109000,91.0,Ok,91.0,Ok,75
506958.187000,98.0,Ok,90.0,Ok,76
506958.234000,98.0,Ok,92.0,Ok,77
506958.281000,100.0,Ok,90.0,Ok,78
506958.328000,94.0,Ok,91.0,Ok,79
506958.375000,96.0,Ok,97.0,Ok,80
506958.421000,95.0,Ok,92.0,Ok,81
506958.468000,94.0,Ok,96.0,Ok,82
506958.531000,84.0,Ok,91.0,Ok,83
506958.562000,91.0,Ok,88.0,Ok,84
506958.625000,98.0,Ok,87.0,Ok,85
506958.671000,92.0,Ok,89.0,Ok,86
506958.734000,97.0,Ok,88.0,Ok,87
506958.765000,94.0,Ok,86.0,Ok,88
506958.828000,92.0,Ok,90.0,Ok,89
506958.875000,90.0,Ok,88.0,Ok,90
506958.937000,96.0,Ok,90.0,Ok,91
506958.984000,94.0,Ok,88.0,Ok,92
506959.031000,99.0,Ok,90.0,Ok,93
506959.078000,95.0,Ok,94.0,Ok,94
506959.125000,97.0,Ok,88.0,Ok,95
506959.171000,96.0,Ok,85.0,Ok,96
506959.218000,93.0,Ok,83.0,Ok,97
506959.281000,91.0,Ok,76.0,Ok,98
506959.328000,95.0,Ok,71.0,Ok,99
506959.375000,94.0,Ok,65.0,Ok,100
506959.421000,92.0,Ok,60.0,Ok,101
506959.484000,89.0,Ok,51.0,Ok,102
506959.531000,98.0,Ok,58.0,Ok,103
506959.578000,98.0,Ok,56.0,Ok,104
506959.625000,92.0,Ok,59.0,Ok,105
506959.687000,97.0,Ok,59.0,Ok,106
506959.734000,97.0,Ok,52.0,Ok,107
506959.781000,102.0,Ok,48.0,Ok,108
506959.828000,101.0,Ok,50.0,Ok,109
506959.875000,101.0,Ok,53.0,Ok,110
506959.937000,102.0,Ok,57.0,Ok,111
506959.984000,96.0,Ok,53.0,Ok,112
506960.031000,96.0,Ok,48.0,Ok,113
506960.078000,104.0,Ok,51.0,Ok,114
506960.125000,101.0,Ok,58.0,Ok,115
506960.187000,104.0,Ok,54.0,Ok,116
506960.234000,102.0,Ok,55.0,Ok,117
506960.281000,100.0,Ok,58.0,Ok,118
506960.328000,99.0,Ok,56.0,Ok,119
506960.375000,93.0,Ok,59.0,Ok,120
506960.437000,91.0,Ok,58.0,Ok,121
506960.484000,99.0,Ok,57.0,Ok,122
506960.515000,93.0,Ok,56.0,Ok,123
506960.578000,97.0,Ok,55.0,Ok,124
506960.625000,100.0,Ok,53.0,Ok,125
506960.687000,102.0,Ok,54.0,Ok,126
506960.734000,99.0,Ok,54.0,Ok,127
506960.781000,98.0,Ok,55.0,Ok,128
506960.828000,97.0,Ok,56.0,Ok,129
506960.875000,99.0,Ok,56.0,Ok,130
506960.937000,100.0,Ok,58.0,Ok,131
506960.984000,99.0,Ok,57.0,Ok,132
506961.031000,99.0,Ok,59.0,Ok,133
506961.078000,101.0,Ok,56.0,Ok,134
506961.125000,99.0,Ok,56.0,Ok,135
506961.187000,97.0,Ok,56.0,Ok,136
506961.218000,100.0,Ok,54.0,Ok,137
506961.281000,96.0,Ok,56.0,Ok,138
506961.328000,91.0,Ok,56.0,Ok,139
506961.375000,97.0,Ok,56.0,Ok,140
506961.437000,91.0,Ok,55.0,Ok,141
506961.484000,96.0,Ok,57.0,Ok,142
506961.531000,92.0,Ok,58.0,Ok,143
506961.578000,92.0,Ok,58.0,Ok,144
506961.609000,90.0,Ok,60.0,Ok,145
506961.687000,91.0,Ok,58.0,Ok,146
506961.734000,90.0,Ok,60.0,Ok,147
506961.781000,91.0,Ok,58.0,Ok,148
506961.828000,90.0,Ok,59.0,Ok,149
506961.875000,88.0,Ok,60.0,Ok,150
506961.937000,91.0,Ok,56.0,Ok,151
506961.968000,92.0,Ok,58.0,Ok,152
506962.015000,94.0,Ok,56.0,Ok,153
506962.078000,92.0,Ok,56.0,Ok,154
506962.125000,95.0,Ok,60.0,Ok,155
506962.187000,93.0,Ok,56.0,Ok,156
506962.234000,94.0,Ok,56.0,Ok,157
506962.281000,94.0,Ok,56.0,Ok,158
506962.328000,96.0,Ok,57.0,Ok,159
506962.375000,98.0,Ok,56.0,Ok,160
506962.421000,98.0,Ok,58.0,Ok,161
506962.484000,100.0,Ok,57.0,Ok,162
506962.531000,97.0,Ok,57.0,Ok,163
506962.578000,93.0,Ok,57.0,Ok,164
506962.625000,99.0,Ok,51.0,Ok,165
506962.671000,99.0,Ok,52.0,Ok,166
506962.734000,99.0,Ok,52.0,Ok,167
506962.781000,98.0,Ok,53.0,Ok,168
506962.828000,98.0,Ok,49.0,Ok,169
506962.875000,93.0,Ok,59.0,Ok,170
506962.921000,96.0,Ok,63.0,Ok,171
506962.968000,104.0,Ok,67.0,Ok,172
506963.031000,96.0,Ok,69.0,Ok,173
506963.078000,95.0,Ok,76.0,Ok,174
506963.125000,92.0,Ok,81.0,Ok,175
506963.171000,98.0,Ok,88.0,Ok,176
506963.218000,97.0,Ok,94.0,Ok,177
506963.281000,94.0,Ok,88.0,Ok,178
506963.328000,94.0,Ok,98.0,Ok,179
506963.375000,97.0,Ok,89.0,Ok,180
506963.421000,95.0,Ok,88.0,Ok,181
506963.468000,97.0,Ok,78.0,Ok,182
506963.531000,86.0,Ok,88.0,Ok,183
506963.578000,93.0,Ok,89.0,Ok,184
506963.625000,88.0,Ok,89.0,Ok,185
506963.671000,85.0,Ok,89.0,Ok,186
506963.734000,89.0,Ok,90.0,Ok,187
506963.781000,87.0,Ok,97.0,Ok,188
506963.828000,77.0,Ok,89.0,Ok,189
506963.875000,90.0,Ok,87.0,Ok,190
506963.937000,94.0,Ok,94.0,Ok,191
506963.984000,94.0,Ok,91.0,Ok,192
506964.031000,82.0,Ok,89.0,Ok,193
506964.078000,97.0,Ok,91.0,Ok,194
506964.125000,97.0,Ok,91.0,Ok,195
506964.171000,90.0,Ok,88.0,Ok,196
506964.234000,84.0,Ok,88.0,Ok,197
506964.281000,92.0,Ok,90.0,Ok,198
506964.328000,89.0,Ok,89.0,Ok,199
506964.375000,91.0,Ok,91.0,Ok,200
506964.437000,96.0,Ok,87.0,Ok,201
506964.484000,94.0,Ok,89.0,Ok,202
506964.531000,101.0,Ok,89.0,Ok,203
506964.578000,95.0,Ok,89.0,Ok,204
506964.640000,95.0,Ok,90.0,Ok,205
506964.687000,93.0,Ok,92.0,Ok,206
506964.734000,88.0,Ok,89.0,Ok,207
506964.781000,91.0,Ok,91.0,Ok,208
506964.828000,90.0,Ok,90.0,Ok,209
506964.875000,94.0,Ok,90.0,Ok,210
506964.937000,93.0,Ok,90.0,Ok,211
506964.984000,94.0,Ok,92.0,Ok,212
506965.031000,94.0,Ok,82.0,Ok,213
506965.078000,92.0,Ok,86.0,Ok,214
506965.125000,96.0,Ok,83.0,Ok,215
506965.187000,90.0,Ok,87.0,Ok,216
506965.218000,92.0,Ok,81.0,Ok,217
506965.281000,96.0,Ok,86.0,Ok,218
506965.328000,92.0,Ok,83.0,Ok,219
506965.375000,95.0,Ok,86.0,Ok,220
506965.437000,95.0,Ok,83.0,Ok,221
506965.484000,86.0,Ok,79.0,Ok,222
506965.531000,92.0,Ok,79.0,Ok,223
506965.578000,90.0,Ok,86.0,Ok,224
506965.625000,93.0,Ok,86.0,Ok,225
506965.687000,92.0,Ok,77.0,Ok,226
506965.734000,92.0,Ok,88.0,Ok,227
506965.781000,95.0,Ok,86.0,Ok,228
506965.828000,97.0,Ok,88.0,Ok,229
506965.875000,96.0,Ok,85.0,Ok,230
506965.921000,99.0,Ok,84.0,Ok,231
506965.968000,96.0,Ok,84.0,Ok,232
506966.031000,92.0,Ok,85.0,Ok,233
506966.078000,94.0,Ok,85.0,Ok,234
506966.125000,94.0,Ok,89.0,Ok,235
506966.171000,94.0,Ok,83.0,Ok,236
506966.218000,95.0,Ok,84.0,Ok,237
506966.281000,87.0,Ok,91.0,Ok,238
506966.328000,96.0,Ok,84.0,Ok,239
506966.375000,91.0,Ok,86.0,Ok,240
506966.437000,97.0,Ok,84.0,Ok,241
506966.484000,92.0,Ok,88.0,Ok,242
506966.531000,94.0,Ok,87.0,Ok,243
506966.578000,96.0,Ok,85.0,Ok,244
506966.625000,89.0,Ok,87.0,Ok,245
506966.687000,96.0,Ok,90.0,Ok,246
506966.734000,86.0,Ok,85.0,Ok,247
506966.781000,91.0,Ok,89.0,Ok,248
506966.828000,92.0,Ok,86.0,Ok,249
506966.875000,92.0,Ok,86.0,Ok,250
506966.921000,92.0,Ok,83.0,Ok,251
506966.984000,92.0,Ok,88.0,Ok,252
506967.031000,91.0,Ok,81.0,Ok,253
506967.078000,98.0,Ok,88.0,Ok,254
506967.125000,90.0,Ok,83.0,Ok,255
506967.187000,98.0,Ok,87.0,Ok,256
506967.234000,99.0,Ok,89.0,Ok,257
506967.281000,92.0,Ok,90.0,Ok,258
506967.328000,92.0,Ok,83.0,Ok,259
506967.375000,95.0,Ok,84.0,Ok,260
506967.421000,94.0,Ok,86.0,Ok,261
506967.484000,94.0,Ok,84.0,Ok,262
506967.531000,94.0,Ok,88.0,Ok,263
506967.578000,91.0,Ok,78.0,Ok,264
506967.625000,98.0,Ok,88.0,Ok,265
506967.671000,99.0,Ok,79.0,Ok,266
506967.734000,95.0,Ok,79.0,Ok,267
506967.812000,98.0,Ok,88.0,Ok,268
506967.828000,97.0,Ok,82.0,Ok,269
506967.875000,100.0,Ok,86.0,Ok,270
506967.937000,93.0,Ok,84.0,Ok,271
506967.984000,97.0,Ok,87.0,Ok,272
506968.031000,95.0,Ok,87.0,Ok,273
506968.078000,93.0,Ok,88.0,Ok,274
506968.140000,94.0,Ok,85.0,Ok,275
506968.187000,92.0,Ok,86.0,Ok,276
506968.234000,94.0,Ok,87.0,Ok,277
506968.265000,99.0,Ok,84.0,Ok,278
506968.328000,95.0,Ok,89.0,Ok,279
506968.375000,94.0,Ok,88.0,Ok,280
506968.437000,94.0,Ok,91.0,Ok,281
506968.468000,99.0,Ok,83.0,Ok,282
506968.531000,96.0,Ok,90.0,Ok,283
506968.578000,96.0,Ok,83.0,Ok,284
506968.640000,97.0,Ok,84.0,Ok,285
506968.687000,86.0,Ok,81.0,Ok,286
506968.734000,90.0,Ok,71.0,Ok,287
506968.781000,87.0,Ok,63.0,Ok,288
506968.828000,99.0,Ok,58.0,Ok,289
506968.875000,93.0,Ok,56.0,Ok,290
506968.937000,86.0,Ok,54.0,Ok,291
506968.984000,99.0,Ok,50.0,Ok,292
506969.015000,99.0,Ok,53.0,Ok,293
506969.078000,99.0,Ok,50.0,Ok,294
506969.125000,99.0,Ok,53.0,Ok,295
506969.187000,104.0,Ok,51.0,Ok,296
506969.234000,103.0,Ok,52.0,Ok,297
506969.281000,108.0,Ok,49.0,Ok,298
506969.328000,109.0,Ok,50.0,Ok,299
506969.375000,108.0,Ok,55.0,Ok,300
506969.437000,108.0,Ok,51.0,Ok,301
506969.484000,106.0,Ok,52.0,Ok,302
506969.531000,101.0,Ok,52.0,Ok,303
506969.578000,98.0,Ok,51.0,Ok,304
506969.625000,99.0,Ok,52.0,Ok,305
506969.687000,98.0,Ok,51.0,Ok,306
506969.734000,99.0,Ok,52.0,Ok,307
506969.781000,96.0,Ok,54.0,Ok,308
506969.828000,97.0,Ok,51.0,Ok,309
506969.875000,97.0,Ok,51.0,Ok,310
506969.937000,97.0,Ok,55.0,Ok,311
506969.984000,97.0,Ok,54.0,Ok,312
506970.031000,101.0,Ok,54.0,Ok,313
506970.078000,99.0,Ok,54.0,Ok,314
506970.125000,99.0,Ok,50.0,Ok,315
506970.187000,99.0,Ok,49.0,Ok,316
506970.234000,100.0,Ok,53.0,Ok,317
506970.281000,99.0,Ok,54.0,Ok,318
506970.328000,103.0,Ok,52.0,Ok,319
506970.375000,99.0,Ok,51.0,Ok,320
506970.437000,99.0,Ok,52.0,Ok,321
506970.484000,101.0,Ok,54.0,Ok,322
506970.546000,91.0,Ok,54.0,Ok,323
506970.562000,100.0,Ok,54.0,Ok,324
506970.625000,96.0,Ok,49.0,Ok,325
506970.671000,96.0,Ok,54.0,Ok,326
506970.734000,99.0,Ok,53.0,Ok,327
506970.781000,97.0,Ok,54.0,Ok,328
506970.828000,98.0,Ok,53.0,Ok,329
506970.875000,98.0,Ok,53.0,Ok,330
506970.937000,98.0,Ok,53.0,Ok,331
506970.984000,100.0,Ok,55.0,Ok,332
506971.031000,99.0,Ok,47.0,Ok,333
506971.078000,97.0,Ok,54.0,Ok,334
506971.125000,100.0,Ok,54.0,Ok,335
506971.187000,103.0,Ok,56.0,Ok,336
506971.234000,102.0,Ok,57.0,Ok,337
506971.281000,102.0,Ok,53.0,Ok,338
506971.328000,101.0,Ok,53.0,Ok,339
506971.375000,98.0,Ok,54.0,Ok,340
506971.437000,97.0,Ok,54.0,Ok,341
506971.484000,98.0,Ok,55.0,Ok,342
506971.531000,104.0,Ok,49.0,Ok,343
506971.578000,97.0,Ok,55.0,Ok,344
506971.625000,98.0,Ok,53.0,Ok,345
506971.687000,100.0,Ok,56.0,Ok,346
506971.734000,99.0,Ok,52.0,Ok,347
506971.781000,101.0,Ok,54.0,Ok,348
506971.828000,98.0,Ok,48.0,Ok,349
506971.890000,99.0,Ok,54.0,Ok,350
506971.937000,99.0,Ok,53.0,Ok,351
506971.984000,100.0,Ok,53.0,Ok,352
506972.031000,98.0,Ok,53.0,Ok,353
506972.078000,107.0,Ok,51.0,Ok,354
506972.125000,97.0,Ok,54.0,Ok,355
506972.171000,95.0,Ok,57.0,Ok,356
506972.234000,96.0,Ok,56.0,Ok,357
506972.281000,98.0,Ok,62.0,Ok,358
506972.328000,104.0,Ok,66.0,Ok,359
506972.375000,100.0,Ok,66.0,Ok,360
506972.437000,103.0,Ok,72.0,Ok,361
506972.484000,102.0,Ok,79.0,Ok,362
506972.531000,98.0,Ok,85.0,Ok,363
506972.578000,91.0,Ok,92.0,Ok,364
506972.625000,89.0,Ok,94.0,Ok,365
506972.687000,95.0,Ok,97.0,Ok,366
506972.718000,93.0,Ok,92.0,Ok,367
506972.781000,92.0,Ok,90.0,Ok,368
506972.828000,95.0,Ok,96.0,Ok,369
506972.875000,90.0,Ok,92.0,Ok,370
506972.921000,92.0,Ok,92.0,Ok,371
506972.968000,94.0,Ok,90.0,Ok,372
506973.015000,97.0,Ok,91.0,Ok,373
506973.078000,99.0,Ok,91.0,Ok,374
506973.125000,93.0,Ok,91.0,Ok,375
506973.187000,91.0,Ok,91.0,Ok,376
506973.218000,89.0,Ok,91.0,Ok,377
506973.281000,83.0,Ok,97.0,Ok,378
506973.328000,102.0,Ok,92.0,Ok,379
506973.375000,99.0,Ok,92.0,Ok,380
506973.437000,98.0,Ok,91.0,Ok,381
506973.484000,94.0,Ok,92.0,Ok,382
506973.531000,96.0,Ok,93.0,Ok,383
506973.562000,99.0,Ok,91.0,Ok,384
506973.625000,96.0,Ok,84.0,Ok,385
506973.687000,93.0,Ok,87.0,Ok,386
506973.734000,93.0,Ok,86.0,Ok,387
506973.781000,93.0,Ok,89.0,Ok,388
506973.828000,101.0,Ok,91.0,Ok,389
506973.875000,92.0,Ok,89.0,Ok,390
506973.921000,96.0,Ok,88.0,Ok,391
506973.968000,98.0,Ok,93.0,Ok,392
506974.015000,101.0,Ok,89.0,Ok,393
506974.062000,101.0,Ok,92.0,Ok,394
506974.125000,96.0,Ok,91.0,Ok,395
506974.187000,94.0,Ok,89.0,Ok,396
506974.234000,101.0,Ok,90.0,Ok,397
506974.281000,96.0,Ok,85.0,Ok,398
506974.328000,97.0,Ok,91.0,Ok,399
506974.375000,93.0,Ok,89.0,Ok,400
506974.437000,98.0,Ok,87.0,Ok,401
506974.484000,93.0,Ok,91.0,Ok,402
506974.531000,90.0,Ok,90.0,Ok,403
506974.578000,92.0,Ok,84.0,Ok,404
506974.640000,90.0,Ok,88.0,Ok,405
506974.687000,92.0,Ok,86.0,Ok,406
506974.734000,91.0,Ok,78.0,Ok,407
506974.781000,95.0,Ok,77.0,Ok,408
506974.828000,92.0,Ok,64.0,Ok,409
506974.890000,91.0,Ok,63.0,Ok,410
506974.937000,94.0,Ok,60.0,Ok,411
506974.984000,90.0,Ok,52.0,Ok,412
506975.031000,98.0,Ok,51.0,Ok,413
506975.078000,99.0,Ok,48.0,Ok,414
506975.125000,99.0,Ok,52.0,Ok,415
506975.187000,102.0,Ok,49.0,Ok,416
506975.218000,96.0,Ok,49.0,Ok,417
506975.281000,100.0,Ok,49.0,Ok,418
506975.328000,102.0,Ok,51.0,Ok,419
506975.375000,105.0,Ok,50.0,Ok,420
506975.437000,107.0,Ok,53.0,Ok,421
506975.484000,107.0,Ok,50.0,Ok,422
506975.531000,104.0,Ok,49.0,Ok,423
506975.578000,104.0,Ok,49.0,Ok,424
506975.625000,100.0,Ok,51.0,Ok,425
506975.687000,107.0,Ok,50.0,Ok,426
506975.734000,99.0,Ok,46.0,Ok,427
506975.781000,102.0,Ok,51.0,Ok,428
506975.812000,100.0,Ok,52.0,Ok,429
506975.875000,103.0,Ok,54.0,Ok,430
506975.937000,101.0,Ok,52.0,Ok,431
506975.984000,92.0,Ok,52.0,Ok,432
506976.031000,93.0,Ok,52.0,Ok,433
506976.078000,100.0,Ok,52.0,Ok,434
506976.125000,102.0,Ok,51.0,Ok,435
506976.187000,105.0,Ok,51.0,Ok,436
506976.234000,103.0,Ok,54.0,Ok,437
506976.281000,98.0,Ok,51.0,Ok,438
506976.328000,106.0,Ok,53.0,Ok,439
506976.375000,97.0,Ok,51.0,Ok,440
506976.421000,104.0,Ok,52.0,Ok,441
506976.484000,99.0,Ok,52.0,Ok,442
506976.515000,99.0,Ok,51.0,Ok,443
506976.578000,99.0,Ok,49.0,Ok,444
506976.625000,98.0,Ok,53.0,Ok,445
506976.687000,96.0,Ok,54.0,Ok,446
506976.734000,96.0,Ok,48.0,Ok,447
506976.781000,105.0,Ok,52.0,Ok,448
506976.828000,100.0,Ok,52.0,Ok,449
506976.875000,99.0,Ok,54.0,Ok,450
506976.921000,99.0,Ok,54.0,Ok,451
506976.984000,102.0,Ok,54.0,Ok,452
506977.031000,99.0,Ok,51.0,Ok,453
506977.078000,99.0,Ok,53.0,Ok,454
506977.125000,103.0,Ok,52.0,Ok,455
506977.187000,99.0,Ok,52.0,Ok,456
506977.234000,99.0,Ok,52.0,Ok,457
506977.281000,100.0,Ok,52.0,Ok,458
506977.359000,99.0,Ok,51.0,Ok,459
506977.375000,104.0,Ok,51.0,Ok,460
506977.421000,104.0,Ok,53.0,Ok,461
506977.468000,107.0,Ok,50.0,Ok,462
506977.531000,100.0,Ok,55.0,Ok,463
506977.578000,99.0,Ok,55.0,Ok,464
506977.625000,100.0,Ok,53.0,Ok,465
506977.671000,99.0,Ok,52.0,Ok,466
506977.734000,106.0,Ok,53.0,Ok,467
506977.781000,103.0,Ok,53.0,Ok,468
506977.828000,102.0,Ok,54.0,Ok,469
506977.875000,100.0,Ok,54.0,Ok,470
506977.937000,107.0,Ok,51.0,Ok,471
506977.984000,96.0,Ok,48.0,Ok,472
506978.031000,99.0,Ok,49.0,Ok,473
506978.078000,97.0,Ok,51.0,Ok,474
506978.125000,105.0,Ok,54.0,Ok,475
506978.187000,96.0,Ok,52.0,Ok,476
506978.234000,105.0,Ok,61.0,Ok,477
506978.281000,100.0,Ok,61.0,Ok,478
506978.328000,100.0,Ok,68.0,Ok,479
506978.375000,100.0,Ok,77.0,Ok,480
506978.437000,101.0,Ok,79.0,Ok,481
506978.484000,100.0,Ok,84.0,Ok,482
506978.531000,101.0,Ok,87.0,Ok,483
506978.578000,88.0,Ok,88.0,Ok,484
506978.625000,102.0,Ok,91.0,Ok,485
506978.671000,102.0,Ok,90.0,Ok,486
506978.734000,94.0,Ok,93.0,Ok,487
506978.781000,91.0,Ok,91.0,Ok,488
506978.828000,93.0,Ok,97.0,Ok,489
506978.875000,94.0,Ok,92.0,Ok,490
506978.921000,92.0,Ok,95.0,Ok,491
506978.984000,98.0,Ok,92.0,Ok,492
506979.031000,95.0,Ok,93.0,Ok,493
506979.078000,92.0,Ok,91.0,Ok,494
506979.125000,92.0,Ok,99.0,Ok,495
506979.187000,93.0,Ok,93.0,Ok,496
506979.234000,94.0,Ok,94.0,Ok,497
506979.281000,90.0,Ok,92.0,Ok,498
506979.328000,91.0,Ok,94.0,Ok,499
506979.375000,92.0,Ok,89.0,Ok,500
506979.437000,88.0,Ok,89.0,Ok,501
506979.484000,92.0,Ok,91.0,Ok,502
506979.531000,96.0,Ok,93.0,Ok,503
506979.578000,100.0,Ok,93.0,Ok,504
506979.625000,98.0,Ok,92.0,Ok,505
506979.671000,91.0,Ok,89.0,Ok,506
506979.718000,92.0,Ok,91.0,Ok,507
506979.781000,89.0,Ok,94.0,Ok,508
506979.828000,92.0,Ok,88.0,Ok,509
506979.875000,98.0,Ok,90.0,Ok,510
506979.937000,94.0,Ok,90.0,Ok,511
506979.984000,92.0,Ok,87.0,Ok,512
506980.031000,92.0,Ok,90.0,Ok,513
506980.078000,94.0,Ok,88.0,Ok,514
506980.125000,94.0,Ok,87.0,Ok,515
506980.187000,94.0,Ok,88.0,Ok,516
506980.234000,91.0,Ok,89.0,Ok,517
506980.281000,94.0,Ok,89.0,Ok,518
506980.328000,92.0,Ok,91.0,Ok,519
506980.375000,92.0,Ok,90.0,Ok,520
506980.421000,88.0,Ok,89.0,Ok,521
506980.468000,92.0,Ok,90.0,Ok,522
506980.531000,92.0,Ok,90.0,Ok,523
506980.578000,99.0,Ok,91.0,Ok,524
506980.625000,98.0,Ok,88.0,Ok,525
506980.671000,95.0,Ok,88.0,Ok,526
506980.718000,95.0,Ok,88.0,Ok,527
506980.781000,101.0,Ok,87.0,Ok,528
506980.828000,96.0,Ok,89.0,Ok,529
506980.875000,99.0,Ok,88.0,Ok,530
506980.937000,99.0,Ok,90.0,Ok,531
506980.984000,92.0,Ok,91.0,Ok,532
506981.031000,91.0,Ok,88.0,Ok,533
506981.078000,94.0,Ok,87.0,Ok,534
506981.125000,90.0,Ok,87.0,Ok,535
506981.187000,97.0,Ok,89.0,Ok,536
506981.234000,92.0,Ok,88.0,Ok,537
506981.281000,97.0,Ok,90.0,Ok,538
506981.328000,92.0,Ok,90.0,Ok,539
506981.375000,98.0,Ok,86.0,Ok,540
506981.421000,100.0,Ok,88.0,Ok,541
506981.484000,96.0,Ok,87.0,Ok,542
506981.531000,96.0,Ok,88.0,Ok,543
506981.578000,94.0,Ok,87.0,Ok,544
506981.625000,92.0,Ok,90.0,Ok,545
506981.671000,92.0,Ok,87.0,Ok,546
506981.718000,92.0,Ok,88.0,Ok,547
506981.781000,92.0,Ok,85.0,Ok,548
506981.828000,92.0,Ok,87.0,Ok,549
506981.875000,98.0,Ok,89.0,Ok,550
506981.937000,92.0,Ok,87.0,Ok,551
506981.984000,84.0,Ok,88.0,Ok,552
506982.031000,97.0,Ok,88.0,Ok,553
506982.078000,98.0,Ok,87.0,Ok,554
506982.125000,92.0,Ok,89.0,Ok,555
506982.187000,95.0,Ok,88.0,Ok,556
506982.234000,96.0,Ok,88.0,Ok,557
506982.281000,99.0,Ok,88.0,Ok,558
506982.328000,96.0,Ok,82.0,Ok,559
506982.375000,92.0,Ok,88.0,Ok,560
506982.421000,89.0,Ok,91.0,Ok,561
506982.484000,99.0,Ok,89.0,Ok,562
506982.531000,98.0,Ok,86.0,Ok,563
506982.578000,97.0,Ok,88.0,Ok,564
506982.625000,95.0,Ok,87.0,Ok,565
506982.671000,89.0,Ok,87.0,Ok,566
506982.734000,90.0,Ok,87.0,Ok,567
506982.781000,91.0,Ok,87.0,Ok,568
506982.828000,87.0,Ok,87.0,Ok,569
506982.875000,90.0,Ok,90.0,Ok,570
506982.937000,88.0,Ok,87.0,Ok,571
506982.984000,89.0,Ok,87.0,Ok,572
506983.031000,89.0,Ok,87.0,Ok,573
506983.078000,87.0,Ok,87.0,Ok,574
506983.125000,96.0,Ok,88.0,Ok,575
506983.187000,89.0,Ok,87.0,Ok,576
506983.234000,85.0,Ok,87.0,Ok,577
506983.281000,95.0,Ok,83.0,Ok,578
506983.328000,87.0,Ok,87.0,Ok,579
506983.375000,83.0,Ok,90.0,Ok,580
506983.421000,86.0,Ok,87.0,Ok,581
506983.468000,87.0,Ok,92.0,Ok,582
506983.531000,85.0,Ok,89.0,Ok,583
506983.578000,93.0,Ok,88.0,Ok,584
506983.625000,96.0,Ok,87.0,Ok,585
506983.687000,96.0,Ok,89.0,Ok,586
506983.734000,98.0,Ok,86.0,Ok,587
506983.781000,92.0,Ok,90.0,Ok,588
506983.828000,98.0,Ok,87.0,Ok,589
506983.890000,93.0,Ok,89.0,Ok,590
506983.937000,89.0,Ok,88.0,Ok,591
506983.984000,95.0,Ok,91.0,Ok,592
506984.031000,99.0,Ok,88.0,Ok,593
506984.078000,93.0,Ok,88.0,Ok,594
506984.156000,94.0,Ok,86.0,Ok,595
506984.187000,91.0,Ok,90.0,Ok,596
506984.234000,95.0,Ok,90.0,Ok,597
506984.281000,101.0,Ok,89.0,Ok,598
506984.328000,97.0,Ok,88.0,Ok,599
506984.375000,89.0,Ok,86.0,Ok,600
506984.421000,86.0,Ok,88.0,Ok,601
506984.468000,94.0,Ok,89.0,Ok,602
506984.531000,90.0,Ok,86.0,Ok,603
506984.578000,86.0,Ok,88.0,Ok,604
506984.625000,97.0,Ok,88.0,Ok,605
506984.671000,96.0,Ok,87.0,Ok,606
506984.734000,96.0,Ok,87.0,Ok,607
506984.781000,102.0,Ok,90.0,Ok,608
506984.812000,98.0,Ok,89.0,Ok,609
506984.875000,93.0,Ok,88.0,Ok,610
506984.921000,96.0,Ok,88.0,Ok,611
506984.984000,96.0,Ok,89.0,Ok,612
506985.031000,91.0,Ok,94.0,Ok,613
506985.078000,91.0,Ok,88.0,Ok,614
506985.125000,94.0,Ok,91.0,Ok,615
506985.171000,91.0,Ok,88.0,Ok,616
506985.234000,94.0,Ok,90.0,Ok,617
506985.281000,93.0,Ok,86.0,Ok,618
506985.328000,96.0,Ok,88.0,Ok,619
506985.390000,90.0,Ok,91.0,Ok,620
506985.437000,92.0,Ok,93.0,Ok,621
506985.484000,90.0,Ok,87.0,Ok,622
506985.531000,89.0,Ok,89.0,Ok,623
506985.578000,91.0,Ok,90.0,Ok,624
506985.625000,92.0,Ok,85.0,Ok,625
506985.671000,92.0,Ok,89.0,Ok,626
506985.734000,90.0,Ok,86.0,Ok,627
506985.781000,91.0,Ok,86.0,Ok,628
506985.828000,87.0,Ok,85.0,Ok,629
506985.875000,86.0,Ok,89.0,Ok,630
506985.921000,90.0,Ok,89.0,Ok,631
506985.984000,89.0,Ok,89.0,Ok,632
506986.031000,89.0,Ok,87.0,Ok,633
506986.078000,90.0,Ok,92.0,Ok,634
506986.125000,96.0,Ok,88.0,Ok,635
506986.187000,91.0,Ok,87.0,Ok,636
506986.234000,89.0,Ok,90.0,Ok,637
506986.281000,89.0,Ok,90.0,Ok,638
506986.328000,88.0,Ok,92.0,Ok,639
506986.390000,88.0,Ok,92.0,Ok,640
506986.437000,92.0,Ok,85.0,Ok,641
506986.484000,91.0,Ok,85.0,Ok,642
506986.531000,90.0,Ok,84.0,Ok,643
506986.578000,99.0,Ok,77.0,Ok,644
506986.625000,99.0,Ok,76.0,Ok,645
506986.671000,101.0,Ok,73.0,Ok,646
506986.734000,96.0,Ok,69.0,Ok,647
506986.781000,91.0,Ok,64.0,Ok,648
506986.828000,98.0,Ok,57.0,Ok,649
506986.890000,87.0,Ok,46.0,Ok,650
506986.937000,101.0,Ok,52.0,Ok,651
506986.984000,98.0,Ok,54.0,Ok,652
506987.031000,86.0,Ok,47.0,Ok,653
506987.078000,96.0,Ok,50.0,Ok,654
506987.125000,97.0,Ok,48.0,Ok,655
506987.187000,104.0,Ok,42.0,Ok,656
506987.234000,100.0,Ok,53.0,Ok,657
506987.281000,106.0,Ok,56.0,Ok,658
506987.328000,109.0,Ok,54.0,Ok,659
506987.375000,101.0,Ok,54.0,Ok,660
506987.421000,107.0,Ok,47.0,Ok,661
506987.484000,98.0,Ok,56.0,Ok,662
506987.531000,102.0,Ok,47.0,Ok,663
506987.578000,103.0,Ok,48.0,Ok,664
506987.625000,101.0,Ok,49.0,Ok,665
506987.671000,103.0,Ok,50.0,Ok,666
506987.734000,102.0,Ok,48.0,Ok,667
506987.781000,98.0,Ok,49.0,Ok,668
506987.828000,98.0,Ok,49.0,Ok,669
506987.875000,99.0,Ok,48.0,Ok,670
506987.937000,98.0,Ok,50.0,Ok,671
506987.984000,99.0,Ok,49.0,Ok,672
506988.031000,102.0,Ok,47.0,Ok,673
506988.078000,100.0,Ok,49.0,Ok,674
506988.125000,101.0,Ok,51.0,Ok,675
506988.187000,101.0,Ok,56.0,Ok,676
506988.265000,102.0,Ok,50.0,Ok,677
506988.281000,101.0,Ok,51.0,Ok,678
506988.328000,99.0,Ok,52.0,Ok,679
506988.375000,101.0,Ok,51.0,Ok,680
506988.437000,100.0,Ok,52.0,Ok,681
506988.468000,102.0,Ok,51.0,Ok,682
506988.531000,100.0,Ok,50.0,Ok,683
506988.578000,101.0,Ok,58.0,Ok,684
506988.625000,102.0,Ok,52.0,Ok,685
506988.687000,104.0,Ok,52.0,Ok,686
506988.734000,103.0,Ok,52.0,Ok,687
506988.781000,104.0,Ok,52.0,Ok,688
506988.828000,104.0,Ok,52.0,Ok,689
506988.875000,99.0,Ok,51.0,Ok,690
506988.921000,104.0,Ok,51.0,Ok,691
506988.984000,107.0,Ok,47.0,Ok,692
506989.015000,100.0,Ok,54.0,Ok,693
506989.078000,102.0,Ok,51.0,Ok,694
506989.125000,100.0,Ok,50.0,Ok,695
506989.171000,96.0,Ok,53.0,Ok,696
506989.234000,91.0,Ok,54.0,Ok,697
506989.281000,88.0,Ok,45.0,Ok,698
506989.328000,85.0,Ok,51.0,Ok,699
506989.375000,85.0,Ok,48.0,Ok,700
506989.421000,84.0,Ok,51.0,Ok,701
506989.484000,83.0,Ok,54.0,Ok,702
506989.531000,85.0,Ok,49.0,Ok,703
506989.578000,102.0,Ok,49.0,Ok,704
506989.625000,98.0,Ok,53.0,Ok,705
506989.671000,106.0,Ok,56.0,Ok,706
506989.734000,103.0,Ok,56.0,Ok,707
506989.781000,100.0,Ok,59.0,Ok,708
506989.828000,104.0,Ok,61.0,Ok,709
506989.875000,96.0,Ok,64.0,Ok,710
506989.937000,95.0,Ok,73.0,Ok,711
506989.984000,107.0,Ok,77.0,Ok,712
506990.031000,94.0,Ok,78.0,Ok,713
506990.078000,110.0,Ok,78.0,Ok,714
506990.125000,97.0,Ok,84.0,Ok,715
506990.187000,103.0,Ok,87.0,Ok,716
506990.234000,98.0,Ok,97.0,Ok,717
506990.281000,94.0,Ok,94.0,Ok,718
506990.328000,99.0,Ok,90.0,Ok,719
506990.375000,95.0,Ok,95.0,Ok,720
506990.437000,95.0,Ok,95.0,Ok,721
506990.484000,96.0,Ok,97.0,Ok,722
506990.531000,98.0,Ok,98.0,Ok,723
506990.578000,96.0,Ok,93.0,Ok,724
506990.625000,96.0,Ok,93.0,Ok,725
506990.671000,93.0,Ok,92.0,Ok,726
506990.718000,93.0,Ok,90.0,Ok,727
506990.781000,95.0,Ok,98.0,Ok,728
506990.828000,88.0,Ok,88.0,Ok,729
506990.875000,91.0,Ok,91.0,Ok,730
506990.921000,87.0,Ok,94.0,Ok,731
506990.968000,89.0,Ok,93.0,Ok,732
506991.015000,98.0,Ok,90.0,Ok,733
506991.078000,97.0,Ok,88.0,Ok,734
506991.125000,95.0,Ok,86.0,Ok,735
506991.187000,101.0,Ok,93.0,Ok,736
506991.234000,101.0,Ok,85.0,Ok,737
506991.281000,99.0,Ok,91.0,Ok,738
506991.328000,99.0,Ok,85.0,Ok,739
506991.375000,95.0,Ok,87.0,Ok,740
506991.421000,94.0,Ok,93.0,Ok,741
506991.468000,92.0,Ok,92.0,Ok,742
506991.531000,94.0,Ok,94.0,Ok,743
506991.578000,92.0,Ok,93.0,Ok,744
506991.625000,91.0,Ok,94.0,Ok,745
506991.671000,91.0,Ok,96.0,Ok,746
506991.734000,101.0,Ok,97.0,Ok,747
506991.781000,98.0,Ok,92.0,Ok,748
506991.828000,94.0,Ok,96.0,Ok,749
506991.875000,94.0,Ok,97.0,Ok,750
506991.937000,95.0,Ok,94.0,Ok,751
506991.984000,96.0,Ok,91.0,Ok,752
506992.031000,98.0,Ok,92.0,Ok,753
506992.078000,95.0,Ok,95.0,Ok,754
506992.125000,92.0,Ok,90.0,Ok,755
506992.187000,98.0,Ok,84.0,Ok,756
506992.234000,98.0,Ok,81.0,Ok,757
506992.281000,101.0,Ok,75.0,Ok,758
506992.328000,98.0,Ok,69.0,Ok,759
506992.375000,96.0,Ok,67.0,Ok,760
506992.437000,99.0,Ok,61.0,Ok,761
506992.484000,92.0,Ok,52.0,Ok,762
506992.531000,97.0,Ok,52.0,Ok,763
506992.578000,94.0,Ok,46.0,Ok,764
506992.625000,97.0,Ok,51.0,Ok,765
506992.671000,102.0,Ok,49.0,Ok,766
506992.734000,99.0,Ok,46.0,Ok,767
506992.781000,106.0,Ok,45.0,Ok,768
506992.828000,105.0,Ok,45.0,Ok,769
506992.875000,103.0,Ok,50.0,Ok,770
506992.937000,103.0,Ok,47.0,Ok,771
506992.984000,102.0,Ok,47.0,Ok,772
506993.031000,107.0,Ok,54.0,Ok,773
506993.078000,110.0,Ok,46.0,Ok,774
506993.125000,101.0,Ok,52.0,Ok,775
506993.187000,102.0,Ok,48.0,Ok,776
506993.234000,102.0,Ok,48.0,Ok,777
506993.281000,99.0,Ok,50.0,Ok,778
506993.328000,99.0,Ok,52.0,Ok,779
506993.375000,99.0,Ok,49.0,Ok,780
506993.421000,100.0,Ok,46.0,Ok,781
506993.484000,100.0,Ok,54.0,Ok,782
506993.531000,102.0,Ok,51.0,Ok,783
506993.578000,102.0,Ok,50.0,Ok,784
506993.625000,105.0,Ok,49.0,Ok,785
506993.687000,98.0,Ok,50.0,Ok,786
506993.734000,106.0,Ok,46.0,Ok,787
506993.781000,106.0,Ok,46.0,Ok,788
506993.828000,101.0,Ok,47.0,Ok,789
506993.875000,106.0,Ok,51.0,Ok,790
506993.921000,104.0,Ok,50.0,Ok,791
506993.984000,105.0,Ok,47.0,Ok,792
506994.031000,104.0,Ok,50.0,Ok,793
506994.078000,103.0,Ok,46.0,Ok,794
506994.125000,102.0,Ok,47.0,Ok,795
506994.187000,101.0,Ok,46.0,Ok,796
506994.218000,100.0,Ok,49.0,Ok,797
506994.281000,101.0,Ok,48.0,Ok,798
506994.328000,100.0,Ok,51.0,Ok,799
506994.375000,101.0,Ok,46.0,Ok,800
506994.421000,101.0,Ok,46.0,Ok,801
506994.484000,102.0,Ok,48.0,Ok,802
506994.531000,101.0,Ok,45.0,Ok,803
506994.578000,101.0,Ok,50.0,Ok,804
506994.625000,101.0,Ok,48.0,Ok,805
506994.671000,102.0,Ok,50.0,Ok,806
506994.734000,102.0,Ok,53.0,Ok,807
506994.781000,102.0,Ok,47.0,Ok,808
506994.828000,101.0,Ok,44.0,Ok,809
506994.875000,103.0,Ok,52.0,Ok,810
506994.937000,102.0,Ok,48.0,Ok,811
506994.984000,102.0,Ok,48.0,Ok,812
506995.031000,103.0,Ok,49.0,Ok,813
506995.093000,101.0,Ok,49.0,Ok,814
506995.125000,101.0,Ok,50.0,Ok,815
506995.187000,102.0,Ok,53.0,Ok,816
506995.234000,101.0,Ok,50.0,Ok,817
506995.281000,100.0,Ok,49.0,Ok,818
506995.328000,102.0,Ok,54.0,Ok,819
506995.375000,93.0,Ok,52.0,Ok,820
506995.437000,103.0,Ok,55.0,Ok,821
506995.484000,103.0,Ok,62.0,Ok,822
506995.515000,97.0,Ok,66.0,Ok,823
506995.578000,97.0,Ok,71.0,Ok,824
506995.625000,99.0,Ok,71.0,Ok,825
506995.687000,96.0,Ok,75.0,Ok,826
506995.718000,95.0,Ok,90.0,Ok,827
506995.781000,94.0,Ok,86.0,Ok,828
506995.828000,98.0,Ok,92.0,Ok,829
506995.875000,95.0,Ok,90.0,Ok,830
506995.937000,99.0,Ok,94.0,Ok,831
506995.984000,94.0,Ok,97.0,Ok,832
506996.031000,93.0,Ok,99.0,Ok,833
506996.078000,86.0,Ok,92.0,Ok,834
506996.125000,81.0,Ok,91.0,Ok,835
506996.171000,83.0,Ok,91.0,Ok,836
506996.234000,89.0,Ok,89.0,Ok,837
506996.281000,94.0,Ok,92.0,Ok,838
506996.328000,99.0,Ok,90.0,Ok,839
506996.375000,97.0,Ok,91.0,Ok,840
506996.437000,94.0,Ok,92.0,Ok,841
506996.500000,100.0,Ok,91.0,Ok,842
506996.515000,95.0,Ok,86.0,Ok,843
506996.578000,93.0,Ok,91.0,Ok,844
506996.625000,90.0,Ok,91.0,Ok,845
506996.687000,92.0,Ok,87.0,Ok,846
506996.734000,95.0,Ok,90.0,Ok,847
506996.781000,93.0,Ok,89.0,Ok,848
506996.828000,99.0,Ok,90.0,Ok,849
506996.875000,96.0,Ok,93.0,Ok,850
506996.937000,92.0,Ok,89.0,Ok,851
506996.984000,90.0,Ok,91.0,Ok,852
506997.031000,92.0,Ok,89.0,Ok,853
506997.078000,95.0,Ok,92.0,Ok,854
506997.125000,96.0,Ok,91.0,Ok,855
506997.171000,97.0,Ok,92.0,Ok,856
506997.234000,97.0,Ok,92.0,Ok,857
506997.281000,92.0,Ok,90.0,Ok,858
506997.328000,94.0,Ok,89.0,Ok,859
506997.375000,91.0,Ok,84.0,Ok,860
506997.421000,92.0,Ok,89.0,Ok,861
506997.484000,92.0,Ok,90.0,Ok,862
506997.531000,91.0,Ok,90.0,Ok,863
506997.578000,93.0,Ok,89.0,Ok,864
506997.625000,96.0,Ok,88.0,Ok,865
506997.671000,92.0,Ok,84.0,Ok,866
506997.718000,92.0,Ok,84.0,Ok,867
506997.781000,97.0,Ok,88.0,Ok,868
506997.828000,92.0,Ok,89.0,Ok,869
506997.875000,92.0,Ok,90.0,Ok,870
506997.937000,95.0,Ok,92.0,Ok,871
506997.968000,91.0,Ok,87.0,Ok,872
506998.031000,95.0,Ok,89.0,Ok,873
506998.078000,93.0,Ok,88.0,Ok,874
506998.125000,95.0,Ok,84.0,Ok,875
506998.187000,91.0,Ok,89.0,Ok,876
506998.234000,92.0,Ok,90.0,Ok,877
506998.281000,92.0,Ok,90.0,Ok,878
506998.328000,92.0,Ok,89.0,Ok,879
506998.375000,95.0,Ok,91.0,Ok,880
506998.437000,94.0,Ok,87.0,Ok,881
506998.468000,98.0,Ok,88.0,Ok,882
506998.515000,92.0,Ok,88.0,Ok,883
506998.578000,97.0,Ok,84.0,Ok,884
506998.625000,95.0,Ok,91.0,Ok,885
506998.671000,90.0,Ok,92.0,Ok,886
506998.734000,91.0,Ok,91.0,Ok,887
506998.781000,95.0,Ok,91.0,Ok,888
506998.828000,91.0,Ok,88.0,Ok,889
506998.875000,92.0,Ok,93.0,Ok,890
506998.937000,93.0,Ok,92.0,Ok,891
506998.984000,92.0,Ok,88.0,Ok,892
506999.031000,92.0,Ok,90.0,Ok,893
506999.078000,94.0,Ok,86.0,Ok,894
506999.125000,94.0,Ok,90.0,Ok,895
506999.187000,92.0,Ok,84.0,Ok,896
506999.218000,93.0,Ok,84.0,Ok,897
506999.265000,91.0,Ok,89.0,Ok,898
506999.312000,93.0,Ok,85.0,Ok,899
506999.375000,93.0,Ok,85.0,Ok,900
506999.437000,94.0,Ok,87.0,Ok,901
506999.484000,92.0,Ok,84.0,Ok,902
506999.531000,91.0,Ok,82.0,Ok,903
506999.578000,94.0,Ok,88.0,Ok,904
506999.625000,93.0,Ok,86.0,Ok,905
506999.671000,92.0,Ok,81.0,Ok,906
506999.734000,93.0,Ok,87.0,Ok,907
506999.781000,94.0,Ok,83.0,Ok,908
506999.828000,92.0,Ok,87.0,Ok,909
506999.875000,95.0,Ok,89.0,Ok,910
506999.921000,91.0,Ok,85.0,Ok,911
506999.984000,92.0,Ok,82.0,Ok,912
507000.031000,92.0,Ok,85.0,Ok,913
507000.078000,93.0,Ok,86.0,Ok,914
507000.125000,91.0,Ok,90.0,Ok,915
507000.171000,91.0,Ok,88.0,Ok,916
507000.234000,91.0,Ok,88.0,Ok,917
507000.281000,91.0,Ok,90.0,Ok,918
507000.328000,91.0,Ok,90.0,Ok,919
507000.375000,92.0,Ok,91.0,Ok,920
507000.421000,91.0,Ok,90.0,Ok,921
507000.484000,93.0,Ok,92.0,Ok,922
507000.546000,90.0,Ok,92.0,Ok,923
507000.578000,91.0,Ok,90.0,Ok,924
507000.625000,94.0,Ok,90.0,Ok,925
507000.687000,92.0,Ok,98.0,Ok,926
507000.734000,92.0,Ok,92.0,Ok,927
507000.781000,96.0,Ok,88.0,Ok,928
507000.828000,97.0,Ok,88.0,Ok,929
507000.875000,90.0,Ok,81.0,Ok,930
507000.937000,92.0,Ok,88.0,Ok,931
507000.984000,95.0,Ok,76.0,Ok,932
507001.031000,98.0,Ok,77.0,Ok,933
507001.078000,98.0,Ok,62.0,Ok,934
507001.125000,100.0,Ok,62.0,Ok,935
507001.171000,97.0,Ok,54.0,Ok,936
507001.234000,95.0,Ok,53.0,Ok,937
507001.281000,94.0,Ok,54.0,Ok,938
507001.328000,100.0,Ok,49.0,Ok,939
507001.375000,99.0,Ok,51.0,Ok,940
507001.421000,104.0,Ok,50.0,Ok,941
507001.484000,102.0,Ok,49.0,Ok,942
507001.515000,104.0,Ok,47.0,Ok,943
507001.578000,108.0,Ok,47.0,Ok,944
507001.625000,106.0,Ok,54.0,Ok,945
507001.687000,102.0,Ok,53.0,Ok,946
507001.734000,105.0,Ok,47.0,Ok,947
507001.781000,106.0,Ok,48.0,Ok,948
507001.828000,104.0,Ok,54.0,Ok,949
507001.875000,98.0,Ok,54.0,Ok,950
507001.921000,102.0,Ok,49.0,Ok,951
507001.968000,105.0,Ok,51.0,Ok,952
507002.031000,101.0,Ok,54.0,Ok,953
507002.078000,101.0,Ok,56.0,Ok,954
507002.140000,102.0,Ok,56.0,Ok,955
507002.187000,99.0,Ok,55.0,Ok,956
507002.234000,102.0,Ok,53.0,Ok,957
507002.281000,104.0,Ok,49.0,Ok,958
507002.328000,101.0,Ok,53.0,Ok,959
507002.375000,101.0,Ok,48.0,Ok,960
507002.421000,101.0,Ok,47.0,Ok,961
507002.484000,102.0,Ok,49.0,Ok,962
507002.531000,101.0,Ok,52.0,Ok,963
507002.578000,101.0,Ok,50.0,Ok,964
507002.625000,104.0,Ok,51.0,Ok,965
507002.671000,107.0,Ok,52.0,Ok,966
507002.718000,103.0,Ok,50.0,Ok,967
507002.781000,108.0,Ok,48.0,Ok,968
507002.828000,100.0,Ok,57.0,Ok,969
507002.875000,101.0,Ok,52.0,Ok,970
507002.921000,108.0,Ok,49.0,Ok,971
507002.984000,102.0,Ok,54.0,Ok,972
507003.015000,99.0,Ok,52.0,Ok,973
507003.078000,102.0,Ok,52.0,Ok,974
507003.125000,103.0,Ok,53.0,Ok,975
507003.187000,100.0,Ok,51.0,Ok,976
507003.234000,104.0,Ok,52.0,Ok,977
507003.281000,99.0,Ok,53.0,Ok,978
507003.328000,97.0,Ok,54.0,Ok,979
507003.375000,100.0,Ok,53.0,Ok,980
507003.437000,103.0,Ok,53.0,Ok,981
507003.468000,102.0,Ok,46.0,Ok,982
507003.531000,99.0,Ok,53.0,Ok,983
507003.578000,100.0,Ok,53.0,Ok,984
507003.625000,99.0,Ok,51.0,Ok,985
507003.687000,98.0,Ok,53.0,Ok,986
507003.734000,100.0,Ok,51.0,Ok,987
507003.781000,99.0,Ok,54.0,Ok,988
507003.828000,97.0,Ok,53.0,Ok,989
507003.875000,99.0,Ok,52.0,Ok,990
507003.921000,100.0,Ok,54.0,Ok,991
507003.984000,97.0,Ok,56.0,Ok,992
507004.031000,100.0,Ok,53.0,Ok,993
507004.062000,98.0,Ok,52.0,Ok,994
507004.125000,102.0,Ok,54.0,Ok,995
507004.171000,99.0,Ok,60.0,Ok,996
507004.218000,99.0,Ok,51.0,Ok,997
507004.281000,102.0,Ok,55.0,Ok,998
507004.328000,104.0,Ok,56.0,Ok,999
507004.375000,99.0,Ok,64.0,Ok,1000
507004.437000,102.0,Ok,58.0,Ok,1001
507004.484000,100.0,Ok,69.0,Ok,1002
507004.531000,103.0,Ok,72.0,Ok,1003
507004.578000,101.0,Ok,72.0,Ok,1004
507004.640000,107.0,Ok,81.0,Ok,1005
507004.671000,108.0,Ok,87.0,Ok,1006
507004.734000,101.0,Ok,88.0,Ok,1007
507004.765000,99.0,Ok,89.0,Ok,1008
507004.828000,97.0,Ok,99.0,Ok,1009
507004.875000,92.0,Ok,99.0,Ok,1010
507004.937000,91.0,Ok,96.0,Ok,1011
507004.984000,90.0,Ok,99.0,Ok,1012
507005.031000,93.0,Ok,96.0,Ok,1013
507005.078000,95.0,Ok,94.0,Ok,1014
507005.125000,91.0,Ok,98.0,Ok,1015
507005.171000,99.0,Ok,100.0,Ok,1016
507005.218000,100.0,Ok,98.0,Ok,1017
507005.281000,100.0,Ok,99.0,Ok,1018
507005.328000,92.0,Ok,92.0,Ok,1019
507005.375000,90.0,Ok,93.0,Ok,1020
507005.437000,89.0,Ok,97.0,Ok,1021
507005.484000,92.0,Ok,96.0,Ok,1022
507005.531000,98.0,Ok,98.0,Ok,1023
507005.578000,98.0,Ok,96.0,Ok,1024
507005.625000,95.0,Ok,87.0,Ok,1025
507005.671000,96.0,Ok,90.0,Ok,1026
507005.734000,99.0,Ok,76.0,Ok,1027
507005.781000,96.0,Ok,82.0,Ok,1028
507005.828000,90.0,Ok,74.0,Ok,1029
507005.875000,98.0,Ok,70.0,Ok,1030
507005.937000,95.0,Ok,65.0,Ok,1031
507006.000000,94.0,Ok,61.0,Ok,1032
507006.031000,95.0,Ok,53.0,Ok,1033
507006.078000,95.0,Ok,45.0,Ok,1034
507006.125000,102.0,Ok,48.0,Ok,1035
507006.187000,102.0,Ok,51.0,Ok,1036
507006.234000,104.0,Ok,56.0,Ok,1037
507006.281000,104.0,Ok,49.0,Ok,1038
507006.328000,100.0,Ok,48.0,Ok,1039
507006.375000,98.0,Ok,46.0,Ok,1040
507006.437000,102.0,Ok,43.0,Ok,1041
507006.468000,98.0,Ok,41.0,Ok,1042
507006.531000,105.0,Ok,41.0,Ok,1043
507006.578000,100.0,Ok,43.0,Ok,1044
507006.640000,99.0,Ok,46.0,Ok,1045
507006.687000,99.0,Ok,42.0,Ok,1046
507006.734000,101.0,Ok,50.0,Ok,1047
507006.781000,100.0,Ok,47.0,Ok,1048
507006.828000,99.0,Ok,42.0,Ok,1049
507006.875000,98.0,Ok,48.0,Ok,1050
507006.937000,100.0,Ok,51.0,Ok,1051
507006.984000,93.0,Ok,52.0,Ok,1052
507007.031000,97.0,Ok,51.0,Ok,1053
507007.078000,96.0,Ok,48.0,Ok,1054
507007.125000,94.0,Ok,45.0,Ok,1055
507007.187000,96.0,Ok,45.0,Ok,1056
507007.234000,97.0,Ok,50.0,Ok,1057
507007.265000,99.0,Ok,50.0,Ok,1058
507007.359000,100.0,Ok,50.0,Ok,1059
507007.375000,98.0,Ok,55.0,Ok,1060
507007.437000,97.0,Ok,46.0,Ok,1061
507007.484000,97.0,Ok,54.0,Ok,1062
507007.515000,99.0,Ok,50.0,Ok,1063
507007.562000,98.0,Ok,54.0,Ok,1064
507007.625000,98.0,Ok,55.0,Ok,1065
507007.687000,98.0,Ok,48.0,Ok,1066
507007.734000,98.0,Ok,48.0,Ok,1067
507007.781000,97.0,Ok,51.0,Ok,1068
507007.828000,98.0,Ok,54.0,Ok,1069
507007.890000,96.0,Ok,53.0,Ok,1070
507007.937000,97.0,Ok,47.0,Ok,1071
507007.984000,96.0,Ok,54.0,Ok,1072
507008.031000,98.0,Ok,52.0,Ok,1073
507008.078000,97.0,Ok,54.0,Ok,1074
507008.125000,97.0,Ok,54.0,Ok,1075
507008.187000,97.0,Ok,50.0,Ok,1076
507008.234000,92.0,Ok,47.0,Ok,1077
507008.281000,96.0,Ok,48.0,Ok,1078
507008.328000,96.0,Ok,48.0,Ok,1079
507008.375000,97.0,Ok,46.0,Ok,1080
507008.437000,99.0,Ok,51.0,Ok,1081
507008.484000,101.0,Ok,55.0,Ok,1082
507008.531000,99.0,Ok,48.0,Ok,1083
507008.578000,99.0,Ok,54.0,Ok,1084
507008.625000,92.0,Ok,53.0,Ok,1085
507008.687000,96.0,Ok,50.0,Ok,1086
507008.734000,98.0,Ok,51.0,Ok,1087
507008.765000,96.0,Ok,50.0,Ok,1088
507008.828000,100.0,Ok,52.0,Ok,1089
507008.875000,99.0,Ok,48.0,Ok,1090
507008.921000,97.0,Ok,55.0,Ok,1091
507008.984000,97.0,Ok,48.0,Ok,1092
507009.031000,96.0,Ok,51.0,Ok,1093
507009.078000,97.0,Ok,55.0,Ok,1094
507009.125000,97.0,Ok,54.0,Ok,1095
507009.187000,98.0,Ok,54.0,Ok,1096
507009.234000,90.0,Ok,53.0,Ok,1097
507009.281000,97.0,Ok,44.0,Ok,1098
507009.328000,99.0,Ok,50.0,Ok,1099
507009.375000,99.0,Ok,50.0,Ok,1100
507009.421000,98.0,Ok,55.0,Ok,1101
507009.484000,97.0,Ok,60.0,Ok,1102
507009.531000,98.0,Ok,61.0,Ok,1103
507009.578000,98.0,Ok,70.0,Ok,1104
507009.625000,98.0,Ok,68.0,Ok,1105
507009.687000,99.0,Ok,84.0,Ok,1106
507009.718000,96.0,Ok,85.0,Ok,1107
507009.781000,97.0,Ok,91.0,Ok,1108
507009.828000,96.0,Ok,89.0,Ok,1109
507009.875000,96.0,Ok,98.0,Ok,1110
507009.921000,92.0,Ok,96.0,Ok,1111
507009.984000,94.0,Ok,85.0,Ok,1112
507010.031000,92.0,Ok,89.0,Ok,1113
507010.078000,97.0,Ok,92.0,Ok,1114
507010.125000,97.0,Ok,95.0,Ok,1115
507010.171000,95.0,Ok,99.0,Ok,1116
507010.218000,103.0,Ok,95.0,Ok,1117
507010.281000,99.0,Ok,89.0,Ok,1118
507010.328000,96.0,Ok,95.0,Ok,1119
507010.390000,97.0,Ok,84.0,Ok,1120
507010.437000,97.0,Ok,92.0,Ok,1121
507010.484000,105.0,Ok,76.0,Ok,1122
507010.531000,106.0,Ok,71.0,Ok,1123
507010.578000,103.0,Ok,60.0,Ok,1124
507010.625000,103.0,Ok,54.0,Ok,1125
507010.687000,103.0,Ok,49.0,Ok,1126
507010.734000,107.0,Ok,48.0,Ok,1127
507010.781000,102.0,Ok,51.0,Ok,1128
507010.828000,108.0,Ok,50.0,Ok,1129
507010.875000,107.0,Ok,48.0,Ok,1130
507010.937000,105.0,Ok,51.0,Ok,1131
507010.968000,105.0,Ok,46.0,Ok,1132
507011.031000,102.0,Ok,45.0,Ok,1133
507011.078000,102.0,Ok,53.0,Ok,1134
507011.125000,99.0,Ok,52.0,Ok,1135
507011.171000,107.0,Ok,54.0,Ok,1136
507011.218000,105.0,Ok,49.0,Ok,1137
507011.281000,107.0,Ok,51.0,Ok,1138
507011.328000,102.0,Ok,54.0,Ok,1139
507011.375000,106.0,Ok,54.0,Ok,1140
507011.437000,108.0,Ok,49.0,Ok,1141
507011.468000,110.0,Ok,48.0,Ok,1142
507011.531000,104.0,Ok,52.0,Ok,1143
507011.562000,102.0,Ok,54.0,Ok,1144
507011.625000,105.0,Ok,54.0,Ok,1145
507011.671000,105.0,Ok,53.0,Ok,1146
507011.734000,106.0,Ok,58.0,Ok,1147
507011.781000,99.0,Ok,53.0,Ok,1148
507011.828000,98.0,Ok,58.0,Ok,1149
507011.875000,102.0,Ok,54.0,Ok,1150
507011.937000,97.0,Ok,54.0,Ok,1151
507011.984000,102.0,Ok,56.0,Ok,1152
507012.031000,103.0,Ok,58.0,Ok,1153
507012.078000,103.0,Ok,54.0,Ok,1154
507012.125000,102.0,Ok,55.0,Ok,1155
507012.187000,97.0,Ok,55.0,Ok,1156
507012.234000,102.0,Ok,57.0,Ok,1157
507012.281000,98.0,Ok,56.0,Ok,1158
507012.328000,103.0,Ok,57.0,Ok,1159
507012.375000,98.0,Ok,57.0,Ok,1160
507012.437000,99.0,Ok,51.0,Ok,1161
507012.468000,104.0,Ok,56.0,Ok,1162
507012.531000,103.0,Ok,56.0,Ok,1163
507012.578000,104.0,Ok,52.0,Ok,1164
507012.625000,103.0,Ok,59.0,Ok,1165
507012.687000,105.0,Ok,57.0,Ok,1166
507012.734000,106.0,Ok,56.0,Ok,1167
507012.781000,103.0,Ok,55.0,Ok,1168
507012.828000,98.0,Ok,59.0,Ok,1169
507012.875000,105.0,Ok,58.0,Ok,1170
507012.921000,105.0,Ok,55.0,Ok,1171
507012.968000,104.0,Ok,56.0,Ok,1172
507013.031000,104.0,Ok,53.0,Ok,1173
507013.078000,106.0,Ok,56.0,Ok,1174
507013.125000,103.0,Ok,56.0,Ok,1175
507013.187000,103.0,Ok,56.0,Ok,1176
507013.234000,105.0,Ok,58.0,Ok,1177
507013.281000,105.0,Ok,56.0,Ok,1178
507013.328000,104.0,Ok,59.0,Ok,1179
507013.375000,105.0,Ok,59.0,Ok,1180
507013.437000,105.0,Ok,57.0,Ok,1181
507013.468000,106.0,Ok,56.0,Ok,1182
507013.531000,99.0,Ok,55.0,Ok,1183
507013.578000,107.0,Ok,55.0,Ok,1184
507013.625000,100.0,Ok,55.0,Ok,1185
507013.671000,107.0,Ok,57.0,Ok,1186
507013.734000,106.0,Ok,64.0,Ok,1187
507013.765000,107.0,Ok,70.0,Ok,1188
507013.828000,106.0,Ok,71.0,Ok,1189
507013.875000,101.0,Ok,78.0,Ok,1190
507013.921000,100.0,Ok,75.0,Ok,1191
507013.984000,99.0,Ok,86.0,Ok,1192
507014.031000,97.0,Ok,87.0,Ok,1193
507014.078000,98.0,Ok,94.0,Ok,1194
507014.125000,93.0,Ok,91.0,Ok,1195
507014.187000,94.0,Ok,93.0,Ok,1196
507014.234000,95.0,Ok,94.0,Ok,1197
507014.281000,97.0,Ok,93.0,Ok,1198
507014.328000,90.0,Ok,94.0,Ok,1199
507014.375000,94.0,Ok,97.0,Ok,1200
507014.437000,95.0,Ok,99.0,Ok,1201
507014.468000,88.0,Ok,95.0,Ok,1202
507014.531000,87.0,Ok,98.0,Ok,1203
507014.578000,91.0,Ok,95.0,Ok,1204
507014.625000,97.0,Ok,97.0,Ok,1205
507014.687000,98.0,Ok,92.0,Ok,1206
507014.718000,95.0,Ok,93.0,Ok,1207
507014.781000,97.0,Ok,93.0,Ok,1208
507014.828000,92.0,Ok,92.0,Ok,1209
507014.875000,98.0,Ok,92.0,Ok,1210
507014.921000,103.0,Ok,91.0,Ok,1211
507014.984000,98.0,Ok,94.0,Ok,1212
507015.031000,99.0,Ok,92.0,Ok,1213
507015.078000,95.0,Ok,88.0,Ok,1214
507015.125000,98.0,Ok,93.0,Ok,1215
507015.171000,95.0,Ok,94.0,Ok,1216
507015.234000,98.0,Ok,93.0,Ok,1217
507015.281000,93.0,Ok,95.0,Ok,1218
507015.328000,97.0,Ok,94.0,Ok,1219
507015.375000,97.0,Ok,89.0,Ok,1220
507015.437000,103.0,Ok,90.0,Ok,1221
507015.484000,99.0,Ok,96.0,Ok,1222
507015.546000,96.0,Ok,84.0,Ok,1223
507015.578000,99.0,Ok,81.0,Ok,1224
507015.625000,97.0,Ok,75.0,Ok,1225
507015.687000,96.0,Ok,65.0,Ok,1226
507015.718000,92.0,Ok,66.0,Ok,1227
507015.781000,97.0,Ok,58.0,Ok,1228
507015.828000,96.0,Ok,56.0,Ok,1229
507015.875000,99.0,Ok,57.0,Ok,1230
507015.937000,103.0,Ok,61.0,Ok,1231
507015.984000,107.0,Ok,60.0,Ok,1232
507016.031000,107.0,Ok,50.0,Ok,1233
507016.078000,102.0,Ok,51.0,Ok,1234
507016.125000,103.0,Ok,50.0,Ok,1235
507016.187000,107.0,Ok,44.0,Ok,1236
507016.234000,105.0,Ok,49.0,Ok,1237
507016.281000,103.0,Ok,45.0,Ok,1238
507016.328000,112.0,Ok,51.0,Ok,1239
507016.375000,107.0,Ok,56.0,Ok,1240
507016.421000,107.0,Ok,58.0,Ok,1241
507016.468000,105.0,Ok,49.0,Ok,1242
507016.531000,107.0,Ok,52.0,Ok,1243
507016.578000,105.0,Ok,56.0,Ok,1244
507016.625000,107.0,Ok,56.0,Ok,1245
507016.671000,110.0,Ok,51.0,Ok,1246
507016.718000,105.0,Ok,56.0,Ok,1247
507016.781000,112.0,Ok,52.0,Ok,1248
507016.828000,108.0,Ok,51.0,Ok,1249
507016.906000,112.0,Ok,57.0,Ok,1250
507016.937000,112.0,Ok,56.0,Ok,1251
507016.984000,109.0,Ok,59.0,Ok,1252
507017.031000,113.0,Ok,56.0,Ok,1253
507017.078000,108.0,Ok,47.0,Ok,1254
507017.125000,108.0,Ok,56.0,Ok,1255
507017.187000,107.0,Ok,58.0,Ok,1256
507017.234000,107.0,Ok,54.0,Ok,1257
507017.281000,104.0,Ok,52.0,Ok,1258
507017.328000,102.0,Ok,54.0,Ok,1259
507017.375000,102.0,Ok,57.0,Ok,1260
507017.421000,102.0,Ok,57.0,Ok,1261
507017.484000,105.0,Ok,57.0,Ok,1262
507017.531000,103.0,Ok,57.0,Ok,1263
507017.578000,106.0,Ok,52.0,Ok,1264
507017.625000,104.0,Ok,54.0,Ok,1265
507017.671000,102.0,Ok,58.0,Ok,1266
507017.734000,104.0,Ok,49.0,Ok,1267
507017.781000,102.0,Ok,54.0,Ok,1268
507017.843000,102.0,Ok,58.0,Ok,1269
507017.875000,100.0,Ok,53.0,Ok,1270
507017.937000,102.0,Ok,54.0,Ok,1271
507017.984000,101.0,Ok,58.0,Ok,1272
507018.031000,109.0,Ok,48.0,Ok,1273
507018.078000,105.0,Ok,58.0,Ok,1274
507018.125000,106.0,Ok,52.0,Ok,1275
507018.171000,106.0,Ok,58.0,Ok,1276
507018.234000,105.0,Ok,56.0,Ok,1277
507018.281000,107.0,Ok,53.0,Ok,1278
507018.328000,106.0,Ok,57.0,Ok,1279
507018.375000,109.0,Ok,56.0,Ok,1280
507018.437000,106.0,Ok,58.0,Ok,1281
507018.484000,107.0,Ok,66.0,Ok,1282
507018.531000,106.0,Ok,66.0,Ok,1283
507018.578000,107.0,Ok,77.0,Ok,1284
507018.609000,102.0,Ok,82.0,Ok,1285
507018.687000,106.0,Ok,85.0,Ok,1286
507018.734000,101.0,Ok,97.0,Ok,1287
507018.781000,97.0,Ok,94.0,Ok,1288
507018.828000,96.0,Ok,103.0,Ok,1289
507018.875000,94.0,Ok,97.0,Ok,1290
507018.937000,97.0,Ok,100.0,Ok,1291
507018.984000,99.0,Ok,99.0,Ok,1292
507019.031000,101.0,Ok,103.0,Ok,1293
507019.078000,94.0,Ok,106.0,Ok,1294
507019.125000,93.0,Ok,107.0,Ok,1295
507019.171000,98.0,Ok,106.0,Ok,1296
507019.234000,93.0,Ok,105.0,Ok,1297
507019.281000,99.0,Ok,104.0,Ok,1298
507019.328000,98.0,Ok,102.0,Ok,1299
507019.375000,98.0,Ok,101.0,Ok,1300
507019.437000,107.0,Ok,105.0,Ok,1301
507019.484000,100.0,Ok,99.0,Ok,1302
507019.531000,98.0,Ok,97.0,Ok,1303
507019.578000,98.0,Ok,106.0,Ok,1304
507019.625000,98.0,Ok,97.0,Ok,1305
507019.671000,95.0,Ok,101.0,Ok,1306
507019.718000,98.0,Ok,101.0,Ok,1307
507019.765000,89.0,Ok,99.0,Ok,1308
507019.828000,93.0,Ok,99.0,Ok,1309
507019.875000,95.0,Ok,100.0,Ok,1310
507019.937000,91.0,Ok,101.0,Ok,1311
507019.984000,96.0,Ok,104.0,Ok,1312
507020.031000,99.0,Ok,94.0,Ok,1313
507020.078000,98.0,Ok,102.0,Ok,1314
507020.125000,95.0,Ok,100.0,Ok,1315
507020.187000,98.0,Ok,101.0,Ok,1316
507020.234000,96.0,Ok,103.0,Ok,1317
507020.281000,101.0,Ok,98.0,Ok,1318
507020.328000,96.0,Ok,99.0,Ok,1319
507020.375000,99.0,Ok,96.0,Ok,1320
507020.437000,97.0,Ok,99.0,Ok,1321
507020.484000,96.0,Ok,92.0,Ok,1322
507020.531000,99.0,Ok,89.0,Ok,1323
507020.578000,96.0,Ok,84.0,Ok,1324
507020.625000,98.0,Ok,73.0,Ok,1325
507020.671000,104.0,Ok,61.0,Ok,1326
507020.734000,94.0,Ok,58.0,Ok,1327
507020.781000,98.0,Ok,51.0,Ok,1328
507020.828000,100.0,Ok,48.0,Ok,1329
507020.875000,98.0,Ok,54.0,Ok,1330
507020.937000,104.0,Ok,54.0,Ok,1331
507021.000000,104.0,Ok,52.0,Ok,1332
507021.031000,106.0,Ok,54.0,Ok,1333
507021.078000,105.0,Ok,55.0,Ok,1334
507021.125000,107.0,Ok,53.0,Ok,1335
507021.171000,105.0,Ok,55.0,Ok,1336
507021.234000,99.0,Ok,55.0,Ok,1337
507021.281000,102.0,Ok,54.0,Ok,1338
507021.328000,99.0,Ok,54.0,Ok,1339
507021.375000,99.0,Ok,55.0,Ok,1340
507021.421000,99.0,Ok,51.0,Ok,1341
507021.484000,98.0,Ok,51.0,Ok,1342
507021.531000,99.0,Ok,44.0,Ok,1343
507021.578000,99.0,Ok,52.0,Ok,1344
507021.625000,100.0,Ok,47.0,Ok,1345
507021.687000,99.0,Ok,52.0,Ok,1346
507021.718000,100.0,Ok,50.0,Ok,1347
507021.781000,96.0,Ok,48.0,Ok,1348
507021.828000,97.0,Ok,54.0,Ok,1349
507021.875000,99.0,Ok,50.0,Ok,1350
507021.937000,98.0,Ok,48.0,Ok,1351
507021.984000,95.0,Ok,49.0,Ok,1352
507022.031000,97.0,Ok,50.0,Ok,1353
507022.078000,98.0,Ok,51.0,Ok,1354
507022.125000,98.0,Ok,53.0,Ok,1355
507022.187000,97.0,Ok,47.0,Ok,1356
507022.234000,97.0,Ok,49.0,Ok,1357
507022.281000,103.0,Ok,58.0,Ok,1358
507022.328000,98.0,Ok,50.0,Ok,1359
507022.375000,98.0,Ok,56.0,Ok,1360
507022.437000,99.0,Ok,54.0,Ok,1361
507022.484000,98.0,Ok,54.0,Ok,1362
507022.531000,98.0,Ok,48.0,Ok,1363
507022.578000,105.0,Ok,54.0,Ok,1364
507022.625000,99.0,Ok,57.0,Ok,1365
507022.671000,98.0,Ok,57.0,Ok,1366
507022.718000,97.0,Ok,48.0,Ok,1367
507022.781000,98.0,Ok,49.0,Ok,1368
507022.828000,97.0,Ok,52.0,Ok,1369
507022.875000,101.0,Ok,55.0,Ok,1370
507022.921000,99.0,Ok,49.0,Ok,1371
507022.968000,100.0,Ok,50.0,Ok,1372
507023.031000,101.0,Ok,52.0,Ok,1373
507023.078000,100.0,Ok,54.0,Ok,1374
507023.125000,99.0,Ok,54.0,Ok,1375
507023.187000,99.0,Ok,53.0,Ok,1376
507023.234000,98.0,Ok,59.0,Ok,1377
507023.281000,99.0,Ok,49.0,Ok,1378
507023.328000,97.0,Ok,51.0,Ok,1379
507023.375000,98.0,Ok,51.0,Ok,1380
507023.421000,101.0,Ok,50.0,Ok,1381
507023.468000,104.0,Ok,52.0,Ok,1382
507023.531000,101.0,Ok,49.0,Ok,1383
507023.578000,97.0,Ok,49.0,Ok,1384
507023.625000,97.0,Ok,57.0,Ok,1385
507023.687000,101.0,Ok,55.0,Ok,1386
507023.734000,98.0,Ok,56.0,Ok,1387
507023.781000,103.0,Ok,56.0,Ok,1388
507023.828000,103.0,Ok,57.0,Ok,1389
507023.875000,99.0,Ok,59.0,Ok,1390
507023.937000,99.0,Ok,62.0,Ok,1391
507023.984000,102.0,Ok,63.0,Ok,1392
507024.031000,102.0,Ok,67.0,Ok,1393
507024.078000,101.0,Ok,80.0,Ok,1394
507024.125000,77.0,Ok,80.0,Ok,1395
507024.171000,81.0,Ok,84.0,Ok,1396
507024.234000,98.0,Ok,77.0,Ok,1397
507024.281000,83.0,Ok,94.0,Ok,1398
507024.328000,87.0,Ok,89.0,Ok,1399
507024.375000,92.0,Ok,91.0,Ok,1400
507024.421000,87.0,Ok,92.0,Ok,1401
507024.484000,91.0,Ok,86.0,Ok,1402
507024.531000,92.0,Ok,89.0,Ok,1403
507024.578000,93.0,Ok,87.0,Ok,1404
507024.625000,95.0,Ok,92.0,Ok,1405
507024.671000,90.0,Ok,96.0,Ok,1406
507024.734000,86.0,Ok,95.0,Ok,1407
507024.781000,90.0,Ok,98.0,Ok,1408
507024.828000,94.0,Ok,95.0,Ok,1409
507024.875000,93.0,Ok,100.0,Ok,1410
507024.937000,86.0,Ok,99.0,Ok,1411
507024.984000,91.0,Ok,96.0,Ok,1412
507025.031000,96.0,Ok,92.0,Ok,1413
507025.078000,95.0,Ok,95.0,Ok,1414
507025.125000,92.0,Ok,100.0,Ok,1415
507025.171000,94.0,Ok,92.0,Ok,1416
507025.234000,97.0,Ok,96.0,Ok,1417
507025.281000,95.0,Ok,96.0,Ok,1418
507025.328000,89.0,Ok,96.0,Ok,1419
507025.375000,92.0,Ok,98.0,Ok,1420
507025.437000,93.0,Ok,89.0,Ok,1421
507025.484000,92.0,Ok,94.0,Ok,1422
507025.531000,95.0,Ok,96.0,Ok,1423
507025.578000,94.0,Ok,98.0,Ok,1424
507025.625000,92.0,Ok,100.0,Ok,1425
507025.671000,94.0,Ok,99.0,Ok,1426
507025.718000,94.0,Ok,95.0,Ok,1427
507025.765000,95.0,Ok,99.0,Ok,1428
507025.828000,94.0,Ok,98.0,Ok,1429
507025.875000,96.0,Ok,95.0,Ok,1430
507025.937000,97.0,Ok,93.0,Ok,1431
507025.984000,99.0,Ok,88.0,Ok,1432
507026.031000,99.0,Ok,94.0,Ok,1433
507026.078000,97.0,Ok,95.0,Ok,1434
507026.125000,90.0,Ok,93.0,Ok,1435
507026.187000,91.0,Ok,86.0,Ok,1436
507026.218000,106.0,Ok,85.0,Ok,1437
507026.281000,106.0,Ok,86.0,Ok,1438
507026.328000,100.0,Ok,84.0,Ok,1439
507026.375000,100.0,Ok,84.0,Ok,1440
507026.453000,105.0,Ok,87.0,Ok,1441
507026.468000,98.0,Ok,82.0,Ok,1442
507026.515000,104.0,Ok,83.0,Ok,1443
507026.578000,96.0,Ok,83.0,Ok,1444
507026.625000,103.0,Ok,84.0,Ok,1445
507026.671000,97.0,Ok,86.0,Ok,1446
507026.734000,97.0,Ok,89.0,Ok,1447
507026.781000,101.0,Ok,88.0,Ok,1448
507026.828000,100.0,Ok,91.0,Ok,1449
507026.875000,105.0,Ok,94.0,Ok,1450
507026.937000,100.0,Ok,93.0,Ok,1451
507026.984000,101.0,Ok,92.0,Ok,1452
507027.031000,98.0,Ok,94.0,Ok,1453
507027.078000,98.0,Ok,95.0,Ok,1454
507027.125000,88.0,Ok,94.0,Ok,1455
507027.171000,90.0,Ok,90.0,Ok,1456
507027.234000,92.0,Ok,91.0,Ok,1457
507027.281000,90.0,Ok,90.0,Ok,1458
507027.328000,93.0,Ok,96.0,Ok,1459
507027.375000,92.0,Ok,92.0,Ok,1460
507027.437000,97.0,Ok,84.0,Ok,1461
507027.484000,100.0,Ok,80.0,Ok,1462
507027.531000,94.0,Ok,68.0,Ok,1463
507027.578000,100.0,Ok,62.0,Ok,1464
507027.625000,95.0,Ok,61.0,Ok,1465
507027.687000,95.0,Ok,54.0,Ok,1466
507027.734000,100.0,Ok,54.0,Ok,1467
507027.812000,102.0,Ok,54.0,Ok,1468
507027.828000,99.0,Ok,53.0,Ok,1469
507027.875000,92.0,Ok,54.0,Ok,1470
507027.937000,98.0,Ok,52.0,Ok,1471
507027.984000,96.0,Ok,52.0,Ok,1472
507028.031000,95.0,Ok,51.0,Ok,1473
507028.078000,94.0,Ok,52.0,Ok,1474
507028.125000,98.0,Ok,52.0,Ok,1475
507028.187000,97.0,Ok,54.0,Ok,1476
507028.234000,96.0,Ok,55.0,Ok,1477
507028.281000,98.0,Ok,53.0,Ok,1478
507028.328000,95.0,Ok,49.0,Ok,1479
507028.375000,97.0,Ok,57.0,Ok,1480
507028.437000,98.0,Ok,49.0,Ok,1481
507028.484000,96.0,Ok,54.0,Ok,1482
507028.531000,98.0,Ok,52.0,Ok,1483
507028.578000,103.0,Ok,55.0,Ok,1484
507028.625000,100.0,Ok,53.0,Ok,1485
507028.687000,98.0,Ok,56.0,Ok,1486
507028.734000,99.0,Ok,52.0,Ok,1487
507028.781000,96.0,Ok,53.0,Ok,1488
507028.828000,97.0,Ok,55.0,Ok,1489
507028.875000,101.0,Ok,54.0,Ok,1490
507028.937000,97.0,Ok,54.0,Ok,1491
507028.984000,101.0,Ok,54.0,Ok,1492
507029.031000,97.0,Ok,54.0,Ok,1493
507029.078000,99.0,Ok,54.0,Ok,1494
507029.125000,98.0,Ok,54.0,Ok,1495
507029.171000,105.0,Ok,57.0,Ok,1496
507029.234000,100.0,Ok,60.0,Ok,1497
507029.265000,101.0,Ok,54.0,Ok,1498
507029.328000,96.0,Ok,55.0,Ok,1499
507029.375000,102.0,Ok,53.0,Ok,1500
507029.437000,99.0,Ok,57.0,Ok,1501
507029.484000,102.0,Ok,55.0,Ok,1502
507029.531000,100.0,Ok,54.0,Ok,1503
507029.578000,101.0,Ok,54.0,Ok,1504
507029.625000,98.0,Ok,56.0,Ok,1505
507029.671000,106.0,Ok,53.0,Ok,1506
507029.718000,99.0,Ok,58.0,Ok,1507
507029.781000,98.0,Ok,54.0,Ok,1508
507029.828000,101.0,Ok,60.0,Ok,1509
507029.875000,99.0,Ok,56.0,Ok,1510
507029.937000,100.0,Ok,56.0,Ok,1511
507029.984000,107.0,Ok,55.0,Ok,1512
507030.031000,102.0,Ok,56.0,Ok,1513
507030.078000,101.0,Ok,54.0,Ok,1514
507030.125000,97.0,Ok,57.0,Ok,1515
507030.171000,97.0,Ok,56.0,Ok,1516
507030.218000,101.0,Ok,56.0,Ok,1517
507030.281000,99.0,Ok,57.0,Ok,1518
507030.328000,104.0,Ok,56.0,Ok,1519
507030.375000,107.0,Ok,55.0,Ok,1520
507030.437000,96.0,Ok,56.0,Ok,1521
507030.468000,99.0,Ok,56.0,Ok,1522
507030.515000,99.0,Ok,54.0,Ok,1523
507030.562000,99.0,Ok,57.0,Ok,1524
507030.625000,103.0,Ok,56.0,Ok,1525
507030.671000,99.0,Ok,55.0,Ok,1526
507030.734000,106.0,Ok,56.0,Ok,1527
507030.765000,103.0,Ok,59.0,Ok,1528
507030.828000,99.0,Ok,58.0,Ok,1529
507030.875000,109.0,Ok,58.0,Ok,1530
507030.937000,100.0,Ok,55.0,Ok,1531
507030.984000,105.0,Ok,55.0,Ok,1532
507031.031000,102.0,Ok,56.0,Ok,1533
507031.078000,98.0,Ok,55.0,Ok,1534
507031.125000,97.0,Ok,54.0,Ok,1535
507031.187000,92.0,Ok,51.0,Ok,1536
507031.234000,96.0,Ok,52.0,Ok,1537
507031.281000,101.0,Ok,57.0,Ok,1538
507031.328000,98.0,Ok,61.0,Ok,1539
507031.375000,95.0,Ok,50.0,Ok,1540
507031.421000,98.0,Ok,53.0,Ok,1541
507031.468000,96.0,Ok,52.0,Ok,1542
507031.531000,97.0,Ok,55.0,Ok,1543
507031.578000,98.0,Ok,59.0,Ok,1544
507031.640000,99.0,Ok,58.0,Ok,1545
507031.687000,98.0,Ok,54.0,Ok,1546
507031.734000,97.0,Ok,60.0,Ok,1547
507031.781000,99.0,Ok,53.0,Ok,1548
507031.828000,99.0,Ok,59.0,Ok,1549
507031.906000,98.0,Ok,58.0,Ok,1550
507031.921000,97.0,Ok,58.0,Ok,1551
507031.968000,99.0,Ok,54.0,Ok,1552
507032.031000,99.0,Ok,58.0,Ok,1553
507032.078000,93.0,Ok,59.0,Ok,1554
507032.125000,99.0,Ok,54.0,Ok,1555
507032.187000,93.0,Ok,54.0,Ok,1556
507032.234000,96.0,Ok,54.0,Ok,1557
507032.281000,98.0,Ok,57.0,Ok,1558
507032.328000,99.0,Ok,54.0,Ok,1559
507032.375000,99.0,Ok,57.0,Ok,1560
507032.421000,99.0,Ok,55.0,Ok,1561
507032.468000,98.0,Ok,56.0,Ok,1562
507032.531000,101.0,Ok,55.0,Ok,1563
507032.578000,100.0,Ok,54.0,Ok,1564
507032.625000,99.0,Ok,55.0,Ok,1565
507032.687000,101.0,Ok,53.0,Ok,1566
507032.734000,100.0,Ok,57.0,Ok,1567
507032.781000,102.0,Ok,55.0,Ok,1568
507032.828000,98.0,Ok,52.0,Ok,1569
507032.875000,106.0,Ok,58.0,Ok,1570
507032.921000,101.0,Ok,56.0,Ok,1571
507032.984000,101.0,Ok,57.0,Ok,1572
507033.031000,101.0,Ok,56.0,Ok,1573
507033.078000,100.0,Ok,58.0,Ok,1574
507033.125000,100.0,Ok,54.0,Ok,1575
507033.171000,105.0,Ok,58.0,Ok,1576
507033.218000,106.0,Ok,59.0,Ok,1577
507033.281000,104.0,Ok,56.0,Ok,1578
507033.328000,106.0,Ok,53.0,Ok,1579
507033.375000,105.0,Ok,59.0,Ok,1580
507033.421000,100.0,Ok,56.0,Ok,1581
507033.484000,100.0,Ok,55.0,Ok,1582
507033.531000,103.0,Ok,56.0,Ok,1583
507033.578000,99.0,Ok,57.0,Ok,1584
507033.625000,99.0,Ok,55.0,Ok,1585
507033.671000,96.0,Ok,52.0,Ok,1586
507033.718000,98.0,Ok,55.0,Ok,1587
507033.781000,96.0,Ok,52.0,Ok,1588
507033.828000,98.0,Ok,55.0,Ok,1589
507033.875000,97.0,Ok,54.0,Ok,1590
507033.921000,97.0,Ok,57.0,Ok,1591
507033.968000,105.0,Ok,49.0,Ok,1592
507034.031000,99.0,Ok,49.0,Ok,1593
507034.062000,97.0,Ok,57.0,Ok,1594
507034.125000,104.0,Ok,51.0,Ok,1595
507034.171000,99.0,Ok,58.0,Ok,1596
507034.234000,97.0,Ok,53.0,Ok,1597
507034.281000,98.0,Ok,57.0,Ok,1598
507034.328000,97.0,Ok,59.0,Ok,1599
507034.375000,98.0,Ok,58.0,Ok,1600
507034.437000,95.0,Ok,60.0,Ok,1601
507034.484000,100.0,Ok,61.0,Ok,1602
507034.515000,99.0,Ok,53.0,Ok,1603
507034.578000,100.0,Ok,49.0,Ok,1604
507034.625000,98.0,Ok,56.0,Ok,1605
507034.687000,104.0,Ok,55.0,Ok,1606
507034.734000,101.0,Ok,52.0,Ok,1607
507034.781000,99.0,Ok,52.0,Ok,1608
507034.828000,102.0,Ok,57.0,Ok,1609
507034.875000,99.0,Ok,55.0,Ok,1610
507034.937000,105.0,Ok,68.0,Ok,1611
507034.984000,102.0,Ok,74.0,Ok,1612
507035.031000,98.0,Ok,75.0,Ok,1613
507035.078000,97.0,Ok,85.0,Ok,1614
507035.125000,99.0,Ok,89.0,Ok,1615
507035.187000,101.0,Ok,90.0,Ok,1616
507035.234000,102.0,Ok,98.0,Ok,1617
507035.281000,94.0,Ok,103.0,Ok,1618
507035.328000,89.0,Ok,99.0,Ok,1619
507035.375000,93.0,Ok,103.0,Ok,1620
507035.437000,98.0,Ok,98.0,Ok,1621
507035.468000,103.0,Ok,92.0,Ok,1622
507035.531000,99.0,Ok,102.0,Ok,1623
507035.578000,93.0,Ok,102.0,Ok,1624
507035.625000,99.0,Ok,103.0,Ok,1625
507035.687000,97.0,Ok,100.0,Ok,1626
507035.734000,94.0,Ok,102.0,Ok,1627
507035.781000,92.0,Ok,97.0,Ok,1628
507035.828000,99.0,Ok,100.0,Ok,1629
507035.875000,97.0,Ok,101.0,Ok,1630
507035.937000,93.0,Ok,96.0,Ok,1631
507035.984000,99.0,Ok,100.0,Ok,1632
507036.031000,98.0,Ok,96.0,Ok,1633
507036.078000,100.0,Ok,96.0,Ok,1634
507036.109000,100.0,Ok,104.0,Ok,1635
507036.187000,102.0,Ok,95.0,Ok,1636
507036.234000,101.0,Ok,102.0,Ok,1637
507036.281000,99.0,Ok,102.0,Ok,1638
507036.328000,103.0,Ok,102.0,Ok,1639
507036.375000,99.0,Ok,93.0,Ok,1640
507036.437000,99.0,Ok,103.0,Ok,1641
507036.484000,97.0,Ok,101.0,Ok,1642
507036.531000,97.0,Ok,99.0,Ok,1643
507036.578000,94.0,Ok,99.0,Ok,1644
507036.625000,98.0,Ok,99.0,Ok,1645
507036.671000,97.0,Ok,98.0,Ok,1646
507036.734000,102.0,Ok,95.0,Ok,1647
507036.781000,96.0,Ok,95.0,Ok,1648
507036.828000,96.0,Ok,94.0,Ok,1649
507036.875000,101.0,Ok,97.0,Ok,1650
507036.921000,95.0,Ok,103.0,Ok,1651
507036.984000,101.0,Ok,95.0,Ok,1652
507037.031000,101.0,Ok,105.0,Ok,1653
507037.078000,100.0,Ok,99.0,Ok,1654
507037.125000,95.0,Ok,104.0,Ok,1655
507037.187000,103.0,Ok,101.0,Ok,1656
507037.234000,96.0,Ok,102.0,Ok,1657
507037.281000,97.0,Ok,103.0,Ok,1658
507037.328000,97.0,Ok,97.0,Ok,1659
507037.375000,102.0,Ok,101.0,Ok,1660
507037.421000,102.0,Ok,99.0,Ok,1661
507037.484000,107.0,Ok,96.0,Ok,1662
507037.531000,102.0,Ok,94.0,Ok,1663
507037.578000,101.0,Ok,97.0,Ok,1664
507037.625000,102.0,Ok,94.0,Ok,1665
507037.687000,102.0,Ok,103.0,Ok,1666
507037.734000,103.0,Ok,99.0,Ok,1667
507037.781000,96.0,Ok,99.0,Ok,1668
507037.828000,100.0,Ok,98.0,Ok,1669
507037.875000,101.0,Ok,101.0,Ok,1670
507037.937000,99.0,Ok,103.0,Ok,1671
507037.984000,117.0,Ok,92.0,Ok,1672
507038.031000,89.0,Ok,85.0,Ok,1673
507038.078000,95.0,Ok,95.0,Ok,1674
507038.125000,100.0,Ok,89.0,Ok,1675
507038.187000,89.0,Ok,87.0,Ok,1676
507038.234000,78.0,Ok,81.0,Ok,1677
507038.281000,97.0,Ok,77.0,Ok,1678
507038.328000,91.0,Ok,72.0,Ok,1679
507038.375000,98.0,Ok,74.0,Ok,1680
507038.421000,97.0,Ok,68.0,Ok,1681
507038.484000,109.0,Ok,66.0,Ok,1682
507038.531000,120.0,Ok,60.0,Ok,1683
507038.578000,131.0,Ok,57.0,Ok,1684
507038.625000,130.0,Ok,53.0,Ok,1685
507038.671000,152.0,Ok,54.0,Ok,1686
507038.734000,82.0,Ok,53.0,Ok,1687
507038.781000,97.0,Ok,56.0,Ok,1688
507038.828000,112.0,Ok,53.0,Ok,1689
507038.875000,114.0,Ok,53.0,Ok,1690
507038.921000,96.0,Ok,54.0,Ok,1691
507038.984000,111.0,Ok,55.0,Ok,1692
507039.031000,99.0,Ok,54.0,Ok,1693
507039.078000,113.0,Ok,57.0,Ok,1694
507039.125000,106.0,Ok,61.0,Ok,1695
507039.171000,101.0,Ok,54.0,Ok,1696
507039.218000,23.0,RangingNegativeDistance,60.0,Ok,1697
507039.281000,94.0,Ok,51.0,Ok,1698
507039.328000,96.0,Ok,57.0,Ok,1699
507039.375000,104.0,Ok,51.0,Ok,1700
507039.421000,109.0,Ok,56.0,Ok,1701
507039.468000,107.0,Ok,52.0,Ok,1702
507039.515000,107.0,Ok,55.0,Ok,1703
507039.578000,104.0,Ok,51.0,Ok,1704
507039.625000,106.0,Ok,51.0,Ok,1705
507039.671000,104.0,Ok,52.0,Ok,1706
507039.734000,104.0,Ok,52.0,Ok,1707
507039.781000,103.0,Ok,48.0,Ok,1708
507039.828000,104.0,Ok,50.0,Ok,1709
507039.875000,104.0,Ok,55.0,Ok,1710
507039.937000,106.0,Ok,53.0,Ok,1711
507039.984000,103.0,Ok,47.0,Ok,1712
507040.031000,105.0,Ok,55.0,Ok,1713
507040.078000,105.0,Ok,59.0,Ok,1714
507040.125000,104.0,Ok,61.0,Ok,1715
507040.171000,106.0,Ok,72.0,Ok,1716
507040.234000,104.0,Ok,77.0,Ok,1717
507040.281000,105.0,Ok,76.0,Ok,1718
507040.328000,107.0,Ok,85.0,Ok,1719
507040.375000,106.0,Ok,90.0,Ok,1720
507040.437000,103.0,Ok,97.0,Ok,1721
507040.484000,107.0,Ok,98.0,Ok,1722
507040.531000,105.0,Ok,96.0,Ok,1723
507040.578000,106.0,Ok,94.0,Ok,1724
507040.625000,106.0,Ok,102.0,Ok,1725
507040.671000,101.0,Ok,103.0,Ok,1726
507040.734000,105.0,Ok,98.0,Ok,1727
507040.781000,100.0,Ok,102.0,Ok,1728
507040.828000,97.0,Ok,102.0,Ok,1729
507040.875000,100.0,Ok,98.0,Ok,1730
507040.937000,100.0,Ok,101.0,Ok,1731
507040.984000,107.0,Ok,101.0,Ok,1732
507041.031000,100.0,Ok,92.0,Ok,1733
507041.078000,103.0,Ok,100.0,Ok,1734
507041.140000,107.0,Ok,103.0,Ok,1735
507041.187000,108.0,Ok,103.0,Ok,1736
507041.234000,111.0,Ok,93.0,Ok,1737
507041.281000,108.0,Ok,101.0,Ok,1738
507041.328000,108.0,Ok,92.0,Ok,1739
507041.375000,108.0,Ok,98.0,Ok,1740
507041.453000,109.0,Ok,93.0,Ok,1741
507041.484000,110.0,Ok,96.0,Ok,1742
507041.531000,106.0,Ok,97.0,Ok,1743
507041.578000,103.0,Ok,96.0,Ok,1744
507041.625000,108.0,Ok,97.0,Ok,1745
507041.687000,100.0,Ok,103.0,Ok,1746
507041.734000,100.0,Ok,100.0,Ok,1747
507041.781000,110.0,Ok,95.0,Ok,1748
507041.828000,100.0,Ok,96.0,Ok,1749
507041.875000,100.0,Ok,101.0,Ok,1750
507041.921000,110.0,Ok,99.0,Ok,1751
507041.984000,110.0,Ok,92.0,Ok,1752
507042.031000,109.0,Ok,94.0,Ok,1753
507042.078000,107.0,Ok,99.0,Ok,1754
507042.125000,104.0,Ok,96.0,Ok,1755
507042.171000,108.0,Ok,93.0,Ok,1756
507042.218000,103.0,Ok,99.0,Ok,1757
507042.281000,101.0,Ok,100.0,Ok,1758
507042.328000,104.0,Ok,97.0,Ok,1759
507042.375000,101.0,Ok,99.0,Ok,1760
507042.437000,101.0,Ok,101.0,Ok,1761
507042.484000,106.0,Ok,100.0,Ok,1762
507042.531000,107.0,Ok,93.0,Ok,1763
507042.578000,107.0,Ok,93.0,Ok,1764
507042.625000,108.0,Ok,94.0,Ok,1765
507042.671000,101.0,Ok,96.0,Ok,1766
507042.734000,108.0,Ok,98.0,Ok,1767
507042.812000,102.0,Ok,91.0,Ok,1768
507042.828000,107.0,Ok,96.0,Ok,1769
507042.875000,109.0,Ok,97.0,Ok,1770
507042.937000,104.0,Ok,99.0,Ok,1771
507042.968000,101.0,Ok,96.0,Ok,1772
507043.031000,108.0,Ok,96.0,Ok,1773
507043.078000,104.0,Ok,100.0,Ok,1774
507043.125000,107.0,Ok,95.0,Ok,1775
507043.171000,100.0,Ok,90.0,Ok,1776
507043.218000,107.0,Ok,92.0,Ok,1777
507043.265000,99.0,Ok,99.0,Ok,1778
507043.328000,101.0,Ok,101.0,Ok,1779
507043.375000,105.0,Ok,99.0,Ok,1780
507043.421000,109.0,Ok,94.0,Ok,1781
507043.468000,110.0,Ok,92.0,Ok,1782
507043.531000,102.0,Ok,94.0,Ok,1783
507043.578000,102.0,Ok,92.0,Ok,1784
507043.625000,101.0,Ok,93.0,Ok,1785
507043.687000,100.0,Ok,92.0,Ok,1786
507043.718000,109.0,Ok,90.0,Ok,1787
507043.781000,104.0,Ok,91.0,Ok,1788
507043.828000,109.0,Ok,92.0,Ok,1789
507043.875000,104.0,Ok,92.0,Ok,1790
507043.921000,107.0,Ok,87.0,Ok,1791
507043.984000,104.0,Ok,80.0,Ok,1792
507044.031000,103.0,Ok,78.0,Ok,1793
507044.078000,103.0,Ok,71.0,Ok,1794
507044.125000,104.0,Ok,61.0,Ok,1795
507044.187000,105.0,Ok,56.0,Ok,1796
507044.234000,95.0,Ok,51.0,Ok,1797
507044.281000,107.0,Ok,43.0,Ok,1798
507044.328000,100.0,Ok,50.0,Ok,1799
507044.375000,108.0,Ok,52.0,Ok,1800
507044.437000,102.0,Ok,52.0,Ok,1801
507044.468000,107.0,Ok,55.0,Ok,1802
507044.531000,111.0,Ok,54.0,Ok,1803
507044.578000,108.0,Ok,52.0,Ok,1804
507044.625000,109.0,Ok,51.0,Ok,1805
507044.687000,111.0,Ok,52.0,Ok,1806
507044.734000,109.0,Ok,52.0,Ok,1807
507044.781000,110.0,Ok,51.0,Ok,1808
507044.828000,111.0,Ok,50.0,Ok,1809
507044.875000,105.0,Ok,48.0,Ok,1810
507044.921000,102.0,Ok,50.0,Ok,1811
507044.984000,105.0,Ok,48.0,Ok,1812
507045.031000,107.0,Ok,46.0,Ok,1813
507045.078000,106.0,Ok,46.0,Ok,1814
507045.125000,105.0,Ok,49.0,Ok,1815
507045.187000,102.0,Ok,45.0,Ok,1816
507045.234000,108.0,Ok,52.0,Ok,1817
507045.281000,106.0,Ok,54.0,Ok,1818
507045.328000,105.0,Ok,66.0,Ok,1819
507045.375000,111.0,Ok,65.0,Ok,1820
507045.437000,103.0,Ok,75.0,Ok,1821
507045.468000,100.0,Ok,82.0,Ok,1822
507045.531000,100.0,Ok,87.0,Ok,1823
507045.578000,97.0,Ok,96.0,Ok,1824
507045.625000,97.0,Ok,99.0,Ok,1825
507045.671000,96.0,Ok,94.0,Ok,1826
507045.734000,104.0,Ok,89.0,Ok,1827
507045.781000,103.0,Ok,85.0,Ok,1828
507045.828000,100.0,Ok,100.0,Ok,1829
507045.875000,101.0,Ok,97.0,Ok,1830
507045.937000,99.0,Ok,94.0,Ok,1831
507045.968000,98.0,Ok,91.0,Ok,1832
507046.031000,100.0,Ok,90.0,Ok,1833
507046.078000,99.0,Ok,91.0,Ok,1834
507046.125000,98.0,Ok,91.0,Ok,1835
507046.171000,99.0,Ok,96.0,Ok,1836
507046.218000,101.0,Ok,94.0,Ok,1837
507046.281000,99.0,Ok,90.0,Ok,1838
507046.328000,100.0,Ok,95.0,Ok,1839
507046.375000,101.0,Ok,97.0,Ok,1840
507046.437000,95.0,Ok,93.0,Ok,1841
507046.484000,100.0,Ok,93.0,Ok,1842
507046.531000,100.0,Ok,98.0,Ok,1843
507046.578000,101.0,Ok,96.0,Ok,1844
507046.625000,103.0,Ok,95.0,Ok,1845
507046.687000,96.0,Ok,90.0,Ok,1846
507046.734000,100.0,Ok,93.0,Ok,1847
507046.781000,102.0,Ok,89.0,Ok,1848
507046.828000,103.0,Ok,88.0,Ok,1849
507046.906000,97.0,Ok,88.0,Ok,1850
507046.921000,100.0,Ok,88.0,Ok,1851
507046.984000,101.0,Ok,90.0,Ok,1852
507047.015000,100.0,Ok,89.0,Ok,1853
507047.078000,101.0,Ok,92.0,Ok,1854
507047.140000,105.0,Ok,91.0,Ok,1855
507047.187000,103.0,Ok,92.0,Ok,1856
507047.234000,102.0,Ok,89.0,Ok,1857
507047.281000,102.0,Ok,88.0,Ok,1858
507047.328000,101.0,Ok,90.0,Ok,1859
507047.375000,104.0,Ok,92.0,Ok,1860
507047.437000,102.0,Ok,83.0,Ok,1861
507047.484000,101.0,Ok,91.0,Ok,1862
507047.531000,103.0,Ok,84.0,Ok,1863
507047.578000,101.0,Ok,88.0,Ok,1864
507047.625000,102.0,Ok,84.0,Ok,1865
507047.671000,103.0,Ok,89.0,Ok,1866
507047.718000,101.0,Ok,82.0,Ok,1867
507047.781000,95.0,Ok,87.0,Ok,1868
507047.828000,101.0,Ok,90.0,Ok,1869
507047.875000,103.0,Ok,88.0,Ok,1870
507047.921000,102.0,Ok,86.0,Ok,1871
507047.984000,102.0,Ok,88.0,Ok,1872
507048.015000,96.0,Ok,88.0,Ok,1873
507048.078000,103.0,Ok,88.0,Ok,1874
507048.125000,95.0,Ok,91.0,Ok,1875
507048.187000,102.0,Ok,89.0,Ok,1876
507048.250000,101.0,Ok,90.0,Ok,1877
507048.281000,102.0,Ok,90.0,Ok,1878
507048.328000,102.0,Ok,98.0,Ok,1879
507048.375000,102.0,Ok,84.0,Ok,1880
507048.421000,101.0,Ok,89.0,Ok,1881
507048.484000,99.0,Ok,85.0,Ok,1882
507048.531000,100.0,Ok,70.0,Ok,1883
507048.578000,99.0,Ok,74.0,Ok,1884
507048.625000,99.0,Ok,59.0,Ok,1885
507048.671000,103.0,Ok,62.0,Ok,1886
507048.734000,104.0,Ok,53.0,Ok,1887
507048.781000,96.0,Ok,53.0,Ok,1888
507048.828000,99.0,Ok,51.0,Ok,1889
507048.875000,107.0,Ok,51.0,Ok,1890
507048.921000,104.0,Ok,51.0,Ok,1891
507048.984000,103.0,Ok,55.0,Ok,1892
507049.031000,103.0,Ok,54.0,Ok,1893
507049.078000,103.0,Ok,55.0,Ok,1894
507049.125000,102.0,Ok,53.0,Ok,1895
507049.171000,104.0,Ok,50.0,Ok,1896
507049.234000,102.0,Ok,50.0,Ok,1897
507049.281000,105.0,Ok,51.0,Ok,1898
507049.328000,103.0,Ok,49.0,Ok,1899
507049.375000,108.0,Ok,48.0,Ok,1900
507049.421000,104.0,Ok,49.0,Ok,1901
507049.484000,105.0,Ok,49.0,Ok,1902
507049.531000,102.0,Ok,52.0,Ok,1903
507049.578000,101.0,Ok,49.0,Ok,1904
507049.656000,100.0,Ok,46.0,Ok,1905
507049.687000,100.0,Ok,46.0,Ok,1906
507049.734000,101.0,Ok,50.0,Ok,1907
507049.781000,106.0,Ok,44.0,Ok,1908
507049.828000,103.0,Ok,50.0,Ok,1909
507049.875000,102.0,Ok,49.0,Ok,1910
507049.921000,99.0,Ok,50.0,Ok,1911
507049.984000,106.0,Ok,51.0,Ok,1912
507050.031000,108.0,Ok,50.0,Ok,1913
507050.078000,106.0,Ok,48.0,Ok,1914
507050.125000,107.0,Ok,48.0,Ok,1915
507050.187000,105.0,Ok,48.0,Ok,1916
507050.234000,104.0,Ok,48.0,Ok,1917
507050.265000,106.0,Ok,47.0,Ok,1918
507050.328000,102.0,Ok,47.0,Ok,1919
507050.375000,103.0,Ok,52.0,Ok,1920
507050.437000,101.0,Ok,61.0,Ok,1921
507050.484000,98.0,Ok,69.0,Ok,1922
507050.531000,95.0,Ok,78.0,Ok,1923
507050.578000,97.0,Ok,79.0,Ok,1924
507050.625000,97.0,Ok,85.0,Ok,1925
507050.671000,102.0,Ok,90.0,Ok,1926
507050.734000,101.0,Ok,100.0,Ok,1927
507050.781000,95.0,Ok,99.0,Ok,1928
507050.828000,95.0,Ok,102.0,Ok,1929
507050.875000,92.0,Ok,105.0,Ok,1930
507050.937000,95.0,Ok,100.0,Ok,1931
507050.984000,95.0,Ok,108.0,Ok,1932
507051.031000,93.0,Ok,100.0,Ok,1933
507051.078000,95.0,Ok,105.0,Ok,1934
507051.125000,95.0,Ok,108.0,Ok,1935
507051.187000,95.0,Ok,100.0,Ok,1936
507051.218000,96.0,Ok,104.0,Ok,1937
507051.281000,96.0,Ok,98.0,Ok,1938
507051.328000,96.0,Ok,99.0,Ok,1939
507051.375000,97.0,Ok,101.0,Ok,1940
507051.437000,96.0,Ok,103.0,Ok,1941
507051.484000,96.0,Ok,99.0,Ok,1942
507051.531000,95.0,Ok,100.0,Ok,1943
507051.578000,96.0,Ok,99.0,Ok,1944
507051.625000,94.0,Ok,103.0,Ok,1945
507051.687000,97.0,Ok,99.0,Ok,1946
507051.734000,99.0,Ok,105.0,Ok,1947
507051.781000,96.0,Ok,98.0,Ok,1948
507051.828000,98.0,Ok,104.0,Ok,1949
507051.875000,99.0,Ok,100.0,Ok,1950
507051.937000,96.0,Ok,99.0,Ok,1951
507051.984000,98.0,Ok,97.0,Ok,1952
507052.031000,99.0,Ok,106.0,Ok,1953
507052.078000,99.0,Ok,99.0,Ok,1954
507052.125000,97.0,Ok,102.0,Ok,1955
507052.187000,97.0,Ok,100.0,Ok,1956
507052.234000,99.0,Ok,98.0,Ok,1957
507052.281000,96.0,Ok,99.0,Ok,1958
507052.328000,96.0,Ok,100.0,Ok,1959
507052.375000,97.0,Ok,99.0,Ok,1960
507052.437000,96.0,Ok,101.0,Ok,1961
507052.484000,100.0,Ok,101.0,Ok,1962
507052.531000,97.0,Ok,98.0,Ok,1963
507052.578000,96.0,Ok,99.0,Ok,1964
507052.625000,97.0,Ok,106.0,Ok,1965
507052.687000,97.0,Ok,98.0,Ok,1966
507052.734000,98.0,Ok,99.0,Ok,1967
507052.781000,97.0,Ok,101.0,Ok,1968
507052.828000,99.0,Ok,101.0,Ok,1969
507052.875000,97.0,Ok,99.0,Ok,1970
507052.937000,103.0,Ok,98.0,Ok,1971
507052.984000,98.0,Ok,99.0,Ok,1972
507053.031000,99.0,Ok,98.0,Ok,1973
507053.078000,100.0,Ok,99.0,Ok,1974
507053.125000,101.0,Ok,100.0,Ok,1975
507053.171000,99.0,Ok,99.0,Ok,1976
507053.218000,99.0,Ok,98.0,Ok,1977
507053.265000,98.0,Ok,98.0,Ok,1978
507053.328000,99.0,Ok,101.0,Ok,1979
507053.375000,100.0,Ok,98.0,Ok,1980
507053.421000,99.0,Ok,97.0,Ok,1981
507053.484000,99.0,Ok,98.0,Ok,1982
507053.531000,101.0,Ok,97.0,Ok,1983
507053.578000,101.0,Ok,99.0,Ok,1984
507053.625000,102.0,Ok,98.0,Ok,1985
507053.671000,101.0,Ok,95.0,Ok,1986
507053.734000,100.0,Ok,92.0,Ok,1987
507053.781000,96.0,Ok,84.0,Ok,1988
507053.828000,98.0,Ok,82.0,Ok,1989
507053.875000,94.0,Ok,78.0,Ok,1990
507053.937000,102.0,Ok,65.0,Ok,1991
507053.984000,100.0,Ok,63.0,Ok,1992
507054.031000,101.0,Ok,61.0,Ok,1993
507054.078000,111.0,Ok,54.0,Ok,1994
507054.125000,102.0,Ok,59.0,Ok,1995
507054.187000,102.0,Ok,52.0,Ok,1996
507054.234000,109.0,Ok,47.0,Ok,1997
507054.281000,107.0,Ok,46.0,Ok,1998
507054.328000,106.0,Ok,45.0,Ok,1999
507054.375000,97.0,Ok,41.0,Ok,2000
507054.437000,105.0,Ok,42.0,Ok,2001
507054.468000,102.0,Ok,46.0,Ok,2002
507054.531000,106.0,Ok,43.0,Ok,2003
507054.578000,96.0,Ok,40.0,Ok,2004
507054.625000,106.0,Ok,39.0,Ok,2005
507054.671000,107.0,Ok,40.0,Ok,2006
507054.718000,104.0,Ok,38.0,Ok,2007
507054.781000,102.0,Ok,40.0,Ok,2008
507054.812000,98.0,Ok,39.0,Ok,2009
507054.875000,104.0,Ok,40.0,Ok,2010
507054.937000,103.0,Ok,43.0,Ok,2011
507054.984000,104.0,Ok,44.0,Ok,2012
507055.031000,104.0,Ok,39.0,Ok,2013
507055.109000,104.0,Ok,39.0,Ok,2014
507055.125000,105.0,Ok,41.0,Ok,2015
507055.187000,99.0,Ok,39.0,Ok,2016
507055.234000,99.0,Ok,44.0,Ok,2017
507055.281000,100.0,Ok,41.0,Ok,2018
507055.328000,99.0,Ok,46.0,Ok,2019
507055.375000,105.0,Ok,40.0,Ok,2020
507055.421000,100.0,Ok,41.0,Ok,2021
507055.484000,99.0,Ok,41.0,Ok,2022
507055.515000,95.0,Ok,46.0,Ok,2023
507055.578000,99.0,Ok,49.0,Ok,2024
507055.625000,101.0,Ok,57.0,Ok,2025
507055.687000,105.0,Ok,62.0,Ok,2026
507055.718000,97.0,Ok,69.0,Ok,2027
507055.781000,96.0,Ok,73.0,Ok,2028
507055.828000,95.0,Ok,79.0,Ok,2029
507055.875000,93.0,Ok,85.0,Ok,2030
507055.937000,93.0,Ok,89.0,Ok,2031
507055.968000,93.0,Ok,99.0,Ok,2032
507056.031000,92.0,Ok,96.0,Ok,2033
507056.078000,94.0,Ok,92.0,Ok,2034
507056.125000,100.0,Ok,97.0,Ok,2035
507056.187000,96.0,Ok,102.0,Ok,2036
507056.234000,98.0,Ok,98.0,Ok,2037
507056.281000,97.0,Ok,96.0,Ok,2038
507056.328000,91.0,Ok,99.0,Ok,2039
507056.375000,91.0,Ok,98.0,Ok,2040
507056.437000,92.0,Ok,100.0,Ok,2041
507056.484000,97.0,Ok,96.0,Ok,2042
507056.531000,106.0,Ok,96.0,Ok,2043
507056.578000,99.0,Ok,102.0,Ok,2044
507056.625000,93.0,Ok,99.0,Ok,2045
507056.687000,96.0,Ok,103.0,Ok,2046
507056.734000,95.0,Ok,103.0,Ok,2047
507056.781000,93.0,Ok,93.0,Ok,2048
507056.828000,93.0,Ok,100.0,Ok,2049
507056.875000,94.0,Ok,93.0,Ok,2050
507056.937000,98.0,Ok,96.0,Ok,2051
507056.984000,93.0,Ok,93.0,Ok,2052
507057.031000,98.0,Ok,100.0,Ok,2053
507057.078000,96.0,Ok,99.0,Ok,2054
507057.125000,96.0,Ok,93.0,Ok,2055
507057.187000,96.0,Ok,101.0,Ok,2056
507057.234000,99.0,Ok,102.0,Ok,2057
507057.281000,98.0,Ok,98.0,Ok,2058
507057.328000,99.0,Ok,101.0,Ok,2059
507057.375000,94.0,Ok,104.0,Ok,2060
507057.437000,95.0,Ok,94.0,Ok,2061
507057.468000,92.0,Ok,92.0,Ok,2062
507057.531000,87.0,Ok,91.0,Ok,2063
507057.578000,94.0,Ok,96.0,Ok,2064
507057.625000,98.0,Ok,101.0,Ok,2065
507057.687000,92.0,Ok,98.0,Ok,2066
507057.734000,92.0,Ok,99.0,Ok,2067
507057.781000,95.0,Ok,97.0,Ok,2068
507057.828000,100.0,Ok,95.0,Ok,2069
507057.875000,96.0,Ok,91.0,Ok,2070
507057.921000,95.0,Ok,95.0,Ok,2071
507057.984000,98.0,Ok,91.0,Ok,2072
507058.031000,99.0,Ok,91.0,Ok,2073
507058.078000,99.0,Ok,99.0,Ok,2074
507058.125000,99.0,Ok,99.0,Ok,2075
507058.171000,99.0,Ok,94.0,Ok,2076
507058.218000,99.0,Ok,101.0,Ok,2077
507058.281000,99.0,Ok,97.0,Ok,2078
507058.328000,90.0,Ok,100.0,Ok,2079
507058.375000,90.0,Ok,95.0,Ok,2080
507058.437000,90.0,Ok,92.0,Ok,2081
507058.468000,92.0,Ok,93.0,Ok,2082
507058.531000,97.0,Ok,101.0,Ok,2083
507058.578000,93.0,Ok,98.0,Ok,2084
507058.625000,101.0,Ok,99.0,Ok,2085
507058.687000,102.0,Ok,99.0,Ok,2086
507058.734000,103.0,Ok,92.0,Ok,2087
507058.781000,96.0,Ok,97.0,Ok,2088
507058.828000,98.0,Ok,99.0,Ok,2089
507058.875000,100.0,Ok,100.0,Ok,2090
507058.921000,100.0,Ok,99.0,Ok,2091
507058.984000,94.0,Ok,96.0,Ok,2092
507059.031000,99.0,Ok,91.0,Ok,2093
507059.078000,99.0,Ok,99.0,Ok,2094
507059.125000,100.0,Ok,97.0,Ok,2095
507059.171000,97.0,Ok,89.0,Ok,2096
507059.234000,97.0,Ok,98.0,Ok,2097
507059.281000,100.0,Ok,92.0,Ok,2098
507059.328000,99.0,Ok,95.0,Ok,2099
507059.375000,99.0,Ok,99.0,Ok,2100
507059.437000,99.0,Ok,95.0,Ok,2101
507059.484000,97.0,Ok,95.0,Ok,2102
507059.531000,100.0,Ok,99.0,Ok,2103
507059.578000,100.0,Ok,98.0,Ok,2104
507059.625000,97.0,Ok,97.0,Ok,2105
507059.671000,98.0,Ok,99.0,Ok,2106
507059.734000,97.0,Ok,97.0,Ok,2107
507059.781000,99.0,Ok,97.0,Ok,2108
507059.828000,97.0,Ok,93.0,Ok,2109
507059.875000,99.0,Ok,98.0,Ok,2110
507059.937000,92.0,Ok,98.0,Ok,2111
507059.968000,91.0,Ok,98.0,Ok,2112
507060.031000,96.0,Ok,92.0,Ok,2113
507060.062000,97.0,Ok,88.0,Ok,2114
507060.125000,95.0,Ok,98.0,Ok,2115
507060.187000,96.0,Ok,92.0,Ok,2116
507060.234000,96.0,Ok,88.0,Ok,2117
507060.281000,97.0,Ok,83.0,Ok,2118
507060.328000,100.0,Ok,78.0,Ok,2119
507060.375000,106.0,Ok,70.0,Ok,2120
507060.421000,98.0,Ok,64.0,Ok,2121
507060.468000,87.0,Ok,56.0,Ok,2122
507060.531000,97.0,Ok,54.0,Ok,2123
507060.578000,100.0,Ok,52.0,Ok,2124
507060.625000,99.0,Ok,55.0,Ok,2125
507060.671000,102.0,Ok,51.0,Ok,2126
507060.734000,108.0,Ok,46.0,Ok,2127
507060.781000,99.0,Ok,50.0,Ok,2128
507060.828000,100.0,Ok,48.0,Ok,2129
507060.875000,100.0,Ok,48.0,Ok,2130
507060.921000,100.0,Ok,50.0,Ok,2131
507060.984000,103.0,Ok,54.0,Ok,2132
507061.031000,99.0,Ok,52.0,Ok,2133
507061.078000,102.0,Ok,54.0,Ok,2134
507061.125000,100.0,Ok,53.0,Ok,2135
507061.171000,105.0,Ok,53.0,Ok,2136
507061.234000,107.0,Ok,50.0,Ok,2137
507061.281000,105.0,Ok,49.0,Ok,2138
507061.328000,103.0,Ok,45.0,Ok,2139
507061.375000,102.0,Ok,50.0,Ok,2140
507061.421000,102.0,Ok,51.0,Ok,2141
507061.468000,104.0,Ok,50.0,Ok,2142
507061.531000,102.0,Ok,54.0,Ok,2143
507061.562000,105.0,Ok,49.0,Ok,2144
507061.625000,113.0,Ok,51.0,Ok,2145
507061.671000,108.0,Ok,50.0,Ok,2146
507061.734000,107.0,Ok,53.0,Ok,2147
507061.781000,104.0,Ok,53.0,Ok,2148
507061.828000,107.0,Ok,51.0,Ok,2149
507061.875000,107.0,Ok,53.0,Ok,2150
507061.937000,108.0,Ok,54.0,Ok,2151
507061.984000,101.0,Ok,55.0,Ok,2152
507062.031000,104.0,Ok,50.0,Ok,2153
507062.078000,103.0,Ok,47.0,Ok,2154
507062.125000,102.0,Ok,48.0,Ok,2155
507062.171000,106.0,Ok,50.0,Ok,2156
507062.218000,102.0,Ok,48.0,Ok,2157
507062.265000,111.0,Ok,49.0,Ok,2158
507062.328000,103.0,Ok,53.0,Ok,2159
507062.375000,105.0,Ok,54.0,Ok,2160
507062.421000,105.0,Ok,60.0,Ok,2161
507062.468000,106.0,Ok,52.0,Ok,2162
507062.531000,99.0,Ok,51.0,Ok,2163
507062.578000,99.0,Ok,47.0,Ok,2164
507062.625000,106.0,Ok,53.0,Ok,2165
507062.671000,99.0,Ok,48.0,Ok,2166
507062.734000,98.0,Ok,52.0,Ok,2167
507062.781000,99.0,Ok,58.0,Ok,2168
507062.828000,106.0,Ok,49.0,Ok,2169
507062.875000,102.0,Ok,52.0,Ok,2170
507062.937000,105.0,Ok,46.0,Ok,2171
507062.984000,101.0,Ok,47.0,Ok,2172
507063.031000,102.0,Ok,51.0,Ok,2173
507063.078000,104.0,Ok,45.0,Ok,2174
507063.125000,106.0,Ok,52.0,Ok,2175
507063.187000,105.0,Ok,54.0,Ok,2176
507063.234000,102.0,Ok,59.0,Ok,2177
507063.281000,101.0,Ok,62.0,Ok,2178
507063.328000,100.0,Ok,65.0,Ok,2179
507063.375000,100.0,Ok,78.0,Ok,2180
507063.437000,97.0,Ok,81.0,Ok,2181
507063.484000,93.0,Ok,92.0,Ok,2182
507063.531000,99.0,Ok,95.0,Ok,2183
507063.578000,93.0,Ok,103.0,Ok,2184
507063.625000,96.0,Ok,102.0,Ok,2185
507063.671000,97.0,Ok,104.0,Ok,2186
507063.734000,94.0,Ok,106.0,Ok,2187
507063.781000,93.0,Ok,105.0,Ok,2188
507063.828000,91.0,Ok,99.0,Ok,2189
507063.875000,97.0,Ok,99.0,Ok,2190
507063.937000,92.0,Ok,100.0,Ok,2191
507063.984000,93.0,Ok,104.0,Ok,2192
507064.031000,98.0,Ok,103.0,Ok,2193
507064.078000,93.0,Ok,103.0,Ok,2194
507064.125000,95.0,Ok,101.0,Ok,2195
507064.171000,95.0,Ok,101.0,Ok,2196
507064.234000,91.0,Ok,100.0,Ok,2197
507064.281000,92.0,Ok,94.0,Ok,2198
507064.328000,97.0,Ok,94.0,Ok,2199
507064.375000,102.0,Ok,92.0,Ok,2200
507064.437000,98.0,Ok,92.0,Ok,2201
507064.484000,93.0,Ok,92.0,Ok,2202
507064.531000,94.0,Ok,92.0,Ok,2203
507064.578000,89.0,Ok,93.0,Ok,2204
507064.625000,94.0,Ok,97.0,Ok,2205
507064.687000,98.0,Ok,93.0,Ok,2206
507064.734000,96.0,Ok,93.0,Ok,2207
507064.781000,87.0,Ok,90.0,Ok,2208
507064.828000,95.0,Ok,92.0,Ok,2209
507064.875000,95.0,Ok,93.0,Ok,2210
507064.921000,93.0,Ok,92.0,Ok,2211
507064.984000,94.0,Ok,92.0,Ok,2212
507065.031000,97.0,Ok,92.0,Ok,2213
507065.078000,91.0,Ok,94.0,Ok,2214
507065.125000,94.0,Ok,93.0,Ok,2215
507065.187000,99.0,Ok,92.0,Ok,2216
507065.234000,94.0,Ok,93.0,Ok,2217
507065.281000,95.0,Ok,92.0,Ok,2218
507065.328000,94.0,Ok,95.0,Ok,2219
507065.375000,94.0,Ok,92.0,Ok,2220
507065.437000,95.0,Ok,92.0,Ok,2221
507065.484000,93.0,Ok,93.0,Ok,2222
507065.531000,91.0,Ok,92.0,Ok,2223
507065.578000,92.0,Ok,94.0,Ok,2224
507065.625000,94.0,Ok,90.0,Ok,2225
507065.671000,90.0,Ok,92.0,Ok,2226
507065.734000,94.0,Ok,96.0,Ok,2227
507065.781000,97.0,Ok,92.0,Ok,2228
507065.828000,98.0,Ok,92.0,Ok,2229
507065.875000,93.0,Ok,92.0,Ok,2230
507065.921000,94.0,Ok,90.0,Ok,2231
507065.968000,96.0,Ok,93.0,Ok,2232
507066.031000,91.0,Ok,96.0,Ok,2233
507066.078000,86.0,Ok,92.0,Ok,2234
507066.125000,91.0,Ok,97.0,Ok,2235
507066.187000,93.0,Ok,95.0,Ok,2236
507066.234000,96.0,Ok,98.0,Ok,2237
507066.281000,94.0,Ok,92.0,Ok,2238
507066.328000,93.0,Ok,88.0,Ok,2239
507066.375000,88.0,Ok,85.0,Ok,2240
507066.421000,92.0,Ok,87.0,Ok,2241
507066.484000,99.0,Ok,68.0,Ok,2242
507066.515000,95.0,Ok,73.0,Ok,2243
507066.562000,96.0,Ok,69.0,Ok,2244
507066.625000,101.0,Ok,61.0,Ok,2245
507066.671000,93.0,Ok,61.0,Ok,2246
507066.734000,109.0,Ok,53.0,Ok,2247
507066.781000,106.0,Ok,52.0,Ok,2248
507066.828000,97.0,Ok,51.0,Ok,2249
507066.875000,97.0,Ok,49.0,Ok,2250
507066.921000,99.0,Ok,51.0,Ok,2251
507066.984000,99.0,Ok,51.0,Ok,2252
507067.031000,98.0,Ok,50.0,Ok,2253
507067.078000,101.0,Ok,45.0,Ok,2254
507067.125000,99.0,Ok,49.0,Ok,2255
507067.187000,101.0,Ok,53.0,Ok,2256
507067.234000,104.0,Ok,47.0,Ok,2257
507067.281000,105.0,Ok,46.0,Ok,2258
507067.328000,102.0,Ok,47.0,Ok,2259
507067.375000,96.0,Ok,46.0,Ok,2260
507067.421000,99.0,Ok,40.0,Ok,2261
507067.484000,100.0,Ok,45.0,Ok,2262
507067.515000,103.0,Ok,50.0,Ok,2263
507067.578000,99.0,Ok,51.0,Ok,2264
507067.625000,98.0,Ok,47.0,Ok,2265
507067.671000,100.0,Ok,45.0,Ok,2266
507067.734000,100.0,Ok,55.0,Ok,2267
507067.781000,100.0,Ok,53.0,Ok,2268
507067.828000,100.0,Ok,48.0,Ok,2269
507067.875000,99.0,Ok,46.0,Ok,2270
507067.937000,100.0,Ok,47.0,Ok,2271
507067.968000,99.0,Ok,48.0,Ok,2272
507068.015000,99.0,Ok,46.0,Ok,2273
507068.062000,95.0,Ok,46.0,Ok,2274
507068.125000,99.0,Ok,50.0,Ok,2275
507068.171000,99.0,Ok,49.0,Ok,2276
507068.234000,101.0,Ok,45.0,Ok,2277
507068.281000,102.0,Ok,50.0,Ok,2278
507068.328000,100.0,Ok,46.0,Ok,2279
507068.375000,99.0,Ok,50.0,Ok,2280
507068.437000,102.0,Ok,46.0,Ok,2281
507068.484000,103.0,Ok,45.0,Ok,2282
507068.531000,101.0,Ok,48.0,Ok,2283
507068.578000,100.0,Ok,48.0,Ok,2284
507068.625000,101.0,Ok,49.0,Ok,2285
507068.687000,95.0,Ok,56.0,Ok,2286
507068.734000,96.0,Ok,60.0,Ok,2287
507068.781000,95.0,Ok,64.0,Ok,2288
507068.828000,95.0,Ok,72.0,Ok,2289
507068.875000,95.0,Ok,80.0,Ok,2290
507068.937000,95.0,Ok,88.0,Ok,2291
507068.984000,93.0,Ok,95.0,Ok,2292
507069.031000,95.0,Ok,91.0,Ok,2293
507069.078000,92.0,Ok,100.0,Ok,2294
507069.125000,95.0,Ok,101.0,Ok,2295
507069.171000,93.0,Ok,101.0,Ok,2296
507069.234000,92.0,Ok,100.0,Ok,2297
507069.281000,94.0,Ok,96.0,Ok,2298
507069.328000,95.0,Ok,94.0,Ok,2299
507069.375000,98.0,Ok,101.0,Ok,2300
507069.437000,97.0,Ok,99.0,Ok,2301
507069.484000,95.0,Ok,96.0,Ok,2302
507069.531000,89.0,Ok,96.0,Ok,2303
507069.578000,95.0,Ok,95.0,Ok,2304
507069.625000,95.0,Ok,94.0,Ok,2305
507069.671000,92.0,Ok,94.0,Ok,2306
507069.734000,88.0,Ok,92.0,Ok,2307
507069.781000,92.0,Ok,92.0,Ok,2308
507069.828000,88.0,Ok,93.0,Ok,2309
507069.875000,95.0,Ok,96.0,Ok,2310
507069.937000,92.0,Ok,102.0,Ok,2311
507069.984000,89.0,Ok,100.0,Ok,2312
507070.031000,93.0,Ok,92.0,Ok,2313
507070.093000,94.0,Ok,100.0,Ok,2314
507070.125000,87.0,Ok,99.0,Ok,2315
507070.187000,97.0,Ok,99.0,Ok,2316
507070.234000,96.0,Ok,98.0,Ok,2317
507070.281000,94.0,Ok,100.0,Ok,2318
507070.328000,93.0,Ok,97.0,Ok,2319
507070.375000,92.0,Ok,89.0,Ok,2320
507070.421000,90.0,Ok,99.0,Ok,2321
507070.484000,95.0,Ok,94.0,Ok,2322
507070.531000,94.0,Ok,99.0,Ok,2323
507070.578000,100.0,Ok,99.0,Ok,2324
507070.625000,98.0,Ok,99.0,Ok,2325
507070.671000,96.0,Ok,99.0,Ok,2326
507070.734000,95.0,Ok,96.0,Ok,2327
507070.781000,98.0,Ok,95.0,Ok,2328
507070.828000,94.0,Ok,99.0,Ok,2329
507070.875000,98.0,Ok,98.0,Ok,2330
507070.921000,96.0,Ok,97.0,Ok,2331
507070.968000,96.0,Ok,95.0,Ok,2332
507071.031000,98.0,Ok,98.0,Ok,2333
507071.078000,99.0,Ok,97.0,Ok,2334
507071.125000,92.0,Ok,97.0,Ok,2335
507071.187000,95.0,Ok,98.0,Ok,2336
507071.234000,93.0,Ok,98.0,Ok,2337
507071.281000,93.0,Ok,95.0,Ok,2338
507071.328000,96.0,Ok,97.0,Ok,2339
507071.375000,97.0,Ok,96.0,Ok,2340
507071.421000,95.0,Ok,91.0,Ok,2341
507071.468000,93.0,Ok,97.0,Ok,2342
507071.515000,96.0,Ok,96.0,Ok,2343
507071.578000,96.0,Ok,95.0,Ok,2344
507071.625000,99.0,Ok,96.0,Ok,2345
507071.671000,96.0,Ok,87.0,Ok,2346
507071.734000,96.0,Ok,99.0,Ok,2347
507071.781000,98.0,Ok,99.0,Ok,2348
507071.828000,94.0,Ok,95.0,Ok,2349
507071.875000,98.0,Ok,96.0,Ok,2350
507071.921000,99.0,Ok,96.0,Ok,2351
507071.968000,92.0,Ok,90.0,Ok,2352
507072.015000,93.0,Ok,86.0,Ok,2353
507072.078000,94.0,Ok,84.0,Ok,2354
507072.125000,93.0,Ok,82.0,Ok,2355
507072.171000,93.0,Ok,81.0,Ok,2356
507072.218000,93.0,Ok,79.0,Ok,2357
507072.281000,101.0,Ok,75.0,Ok,2358
507072.328000,94.0,Ok,69.0,Ok,2359
507072.375000,101.0,Ok,65.0,Ok,2360
507072.437000,98.0,Ok,57.0,Ok,2361
507072.468000,98.0,Ok,55.0,Ok,2362
507072.531000,97.0,Ok,54.0,Ok,2363
507072.578000,101.0,Ok,51.0,Ok,2364
507072.625000,99.0,Ok,48.0,Ok,2365
507072.671000,99.0,Ok,45.0,Ok,2366
507072.734000,102.0,Ok,48.0,Ok,2367
507072.781000,105.0,Ok,50.0,Ok,2368
507072.828000,102.0,Ok,42.0,Ok,2369
507072.875000,97.0,Ok,45.0,Ok,2370
507072.921000,97.0,Ok,49.0,Ok,2371
507072.984000,99.0,Ok,46.0,Ok,2372
507073.015000,107.0,Ok,44.0,Ok,2373
507073.078000,109.0,Ok,39.0,Ok,2374
507073.125000,107.0,Ok,47.0,Ok,2375
507073.171000,100.0,Ok,48.0,Ok,2376
507073.234000,108.0,Ok,52.0,Ok,2377
507073.281000,106.0,Ok,48.0,Ok,2378
507073.328000,106.0,Ok,47.0,Ok,2379
507073.375000,107.0,Ok,53.0,Ok,2380
507073.437000,102.0,Ok,52.0,Ok,2381
507073.468000,101.0,Ok,47.0,Ok,2382
507073.515000,109.0,Ok,51.0,Ok,2383
507073.578000,106.0,Ok,52.0,Ok,2384
507073.625000,107.0,Ok,48.0,Ok,2385
507073.687000,101.0,Ok,48.0,Ok,2386
507073.718000,107.0,Ok,50.0,Ok,2387
507073.781000,108.0,Ok,53.0,Ok,2388
507073.828000,101.0,Ok,47.0,Ok,2389
507073.875000,107.0,Ok,48.0,Ok,2390
507073.921000,107.0,Ok,46.0,Ok,2391
507073.984000,108.0,Ok,50.0,Ok,2392
507074.031000,100.0,Ok,52.0,Ok,2393
507074.078000,100.0,Ok,51.0,Ok,2394
507074.125000,107.0,Ok,48.0,Ok,2395
507074.171000,107.0,Ok,49.0,Ok,2396
507074.234000,107.0,Ok,48.0,Ok,2397
507074.265000,101.0,Ok,49.0,Ok,2398
507074.328000,108.0,Ok,49.0,Ok,2399
507074.375000,107.0,Ok,49.0,Ok,2400
507074.437000,105.0,Ok,44.0,Ok,2401
507074.484000,99.0,Ok,45.0,Ok,2402
507074.531000,104.0,Ok,53.0,Ok,2403
507074.578000,100.0,Ok,61.0,Ok,2404
507074.625000,97.0,Ok,66.0,Ok,2405
507074.671000,97.0,Ok,74.0,Ok,2406
507074.734000,96.0,Ok,77.0,Ok,2407
507074.781000,96.0,Ok,86.0,Ok,2408
507074.828000,98.0,Ok,86.0,Ok,2409
507074.875000,93.0,Ok,91.0,Ok,2410
507074.937000,94.0,Ok,84.0,Ok,2411
507074.984000,97.0,Ok,98.0,Ok,2412
507075.015000,96.0,Ok,96.0,Ok,2413
507075.078000,96.0,Ok,94.0,Ok,2414
507075.125000,93.0,Ok,98.0,Ok,2415
507075.187000,94.0,Ok,96.0,Ok,2416
507075.234000,92.0,Ok,97.0,Ok,2417
507075.281000,92.0,Ok,91.0,Ok,2418
507075.328000,92.0,Ok,89.0,Ok,2419
507075.390000,93.0,Ok,89.0,Ok,2420
507075.437000,98.0,Ok,86.0,Ok,2421
507075.484000,97.0,Ok,86.0,Ok,2422
507075.531000,96.0,Ok,86.0,Ok,2423
507075.578000,95.0,Ok,89.0,Ok,2424
507075.625000,94.0,Ok,89.0,Ok,2425
507075.671000,94.0,Ok,91.0,Ok,2426
507075.734000,96.0,Ok,92.0,Ok,2427
507075.781000,97.0,Ok,98.0,Ok,2428
507075.828000,95.0,Ok,100.0,Ok,2429
507075.875000,93.0,Ok,101.0,Ok,2430
507075.937000,94.0,Ok,100.0,Ok,2431
507075.984000,96.0,Ok,98.0,Ok,2432
507076.031000,96.0,Ok,95.0,Ok,2433
507076.078000,93.0,Ok,99.0,Ok,2434
507076.125000,95.0,Ok,91.0,Ok,2435
507076.171000,93.0,Ok,89.0,Ok,2436
507076.218000,87.0,Ok,85.0,Ok,2437
507076.281000,91.0,Ok,86.0,Ok,2438
507076.328000,93.0,Ok,84.0,Ok,2439
507076.375000,97.0,Ok,84.0,Ok,2440
507076.421000,97.0,Ok,86.0,Ok,2441
507076.484000,95.0,Ok,78.0,Ok,2442
507076.531000,98.0,Ok,77.0,Ok,2443
507076.578000,98.0,Ok,79.0,Ok,2444
507076.625000,97.0,Ok,83.0,Ok,2445
507076.671000,94.0,Ok,87.0,Ok,2446
507076.718000,100.0,Ok,86.0,Ok,2447
507076.781000,98.0,Ok,89.0,Ok,2448
507076.812000,100.0,Ok,86.0,Ok,2449
507076.875000,94.0,Ok,91.0,Ok,2450
507076.921000,96.0,Ok,93.0,Ok,2451
507076.984000,98.0,Ok,100.0,Ok,2452
507077.031000,102.0,Ok,98.0,Ok,2453
507077.078000,97.0,Ok,97.0,Ok,2454
507077.125000,95.0,Ok,95.0,Ok,2455
507077.171000,99.0,Ok,97.0,Ok,2456
507077.218000,103.0,Ok,99.0,Ok,2457
507077.281000,99.0,Ok,99.0,Ok,2458
507077.312000,104.0,Ok,94.0,Ok,2459
507077.375000,96.0,Ok,97.0,Ok,2460
507077.437000,98.0,Ok,94.0,Ok,2461
507077.484000,97.0,Ok,97.0,Ok,2462
507077.531000,99.0,Ok,96.0,Ok,2463
507077.578000,97.0,Ok,92.0,Ok,2464
507077.625000,97.0,Ok,98.0,Ok,2465
507077.671000,99.0,Ok,101.0,Ok,2466
507077.734000,98.0,Ok,95.0,Ok,2467
507077.781000,96.0,Ok,96.0,Ok,2468
507077.828000,99.0,Ok,89.0,Ok,2469
507077.875000,99.0,Ok,86.0,Ok,2470
507077.937000,99.0,Ok,89.0,Ok,2471
507077.968000,95.0,Ok,81.0,Ok,2472
507078.031000,97.0,Ok,79.0,Ok,2473
507078.078000,94.0,Ok,70.0,Ok,2474
507078.125000,98.0,Ok,54.0,Ok,2475
507078.187000,90.0,Ok,54.0,Ok,2476
507078.234000,101.0,Ok,51.0,Ok,2477
507078.281000,99.0,Ok,57.0,Ok,2478
507078.328000,98.0,Ok,54.0,Ok,2479
507078.375000,100.0,Ok,48.0,Ok,2480
507078.421000,104.0,Ok,50.0,Ok,2481
507078.484000,97.0,Ok,48.0,Ok,2482
507078.531000,96.0,Ok,48.0,Ok,2483
507078.578000,97.0,Ok,52.0,Ok,2484
507078.625000,100.0,Ok,55.0,Ok,2485
507078.671000,99.0,Ok,57.0,Ok,2486
507078.734000,102.0,Ok,54.0,Ok,2487
507078.781000,110.0,Ok,54.0,Ok,2488
507078.828000,103.0,Ok,52.0,Ok,2489
507078.875000,106.0,Ok,57.0,Ok,2490
507078.921000,105.0,Ok,47.0,Ok,2491
507078.984000,102.0,Ok,54.0,Ok,2492
507079.031000,107.0,Ok,46.0,Ok,2493
507079.078000,102.0,Ok,59.0,Ok,2494
507079.125000,107.0,Ok,47.0,Ok,2495
507079.171000,102.0,Ok,52.0,Ok,2496
507079.218000,103.0,Ok,48.0,Ok,2497
507079.281000,107.0,Ok,48.0,Ok,2498
507079.328000,110.0,Ok,54.0,Ok,2499
507079.375000,102.0,Ok,51.0,Ok,2500
507079.437000,109.0,Ok,52.0,Ok,2501
507079.484000,102.0,Ok,49.0,Ok,2502
507079.531000,102.0,Ok,52.0,Ok,2503
507079.578000,109.0,Ok,50.0,Ok,2504
507079.625000,103.0,Ok,52.0,Ok,2505
507079.671000,103.0,Ok,55.0,Ok,2506
507079.734000,105.0,Ok,51.0,Ok,2507
507079.781000,100.0,Ok,54.0,Ok,2508
507079.828000,100.0,Ok,57.0,Ok,2509
507079.875000,103.0,Ok,51.0,Ok,2510
507079.937000,102.0,Ok,51.0,Ok,2511
507079.984000,108.0,Ok,48.0,Ok,2512
507080.015000,108.0,Ok,44.0,Ok,2513
507080.078000,106.0,Ok,48.0,Ok,2514
507080.125000,106.0,Ok,44.0,Ok,2515
507080.171000,107.0,Ok,46.0,Ok,2516
507080.218000,104.0,Ok,45.0,Ok,2517
507080.281000,105.0,Ok,58.0,Ok,2518
507080.328000,99.0,Ok,67.0,Ok,2519
507080.375000,102.0,Ok,71.0,Ok,2520
507080.437000,100.0,Ok,81.0,Ok,2521
507080.484000,97.0,Ok,89.0,Ok,2522
507080.531000,93.0,Ok,89.0,Ok,2523
507080.578000,97.0,Ok,99.0,Ok,2524
507080.625000,97.0,Ok,101.0,Ok,2525
507080.687000,99.0,Ok,105.0,Ok,2526
507080.734000,94.0,Ok,98.0,Ok,2527
507080.781000,97.0,Ok,98.0,Ok,2528
507080.828000,92.0,Ok,99.0,Ok,2529
507080.875000,92.0,Ok,105.0,Ok,2530
507080.921000,92.0,Ok,105.0,Ok,2531
507081.015000,92.0,Ok,99.0,Ok,2532
507081.031000,91.0,Ok,103.0,Ok,2533
507081.078000,94.0,Ok,100.0,Ok,2534
507081.125000,92.0,Ok,103.0,Ok,2535
507081.187000,92.0,Ok,105.0,Ok,2536
507081.234000,95.0,Ok,106.0,Ok,2537
507081.281000,93.0,Ok,103.0,Ok,2538
507081.328000,93.0,Ok,104.0,Ok,2539
507081.375000,93.0,Ok,104.0,Ok,2540
507081.421000,97.0,Ok,103.0,Ok,2541
507081.484000,94.0,Ok,99.0,Ok,2542
507081.531000,86.0,Ok,97.0,Ok,2543
507081.578000,92.0,Ok,107.0,Ok,2544
507081.625000,94.0,Ok,99.0,Ok,2545
507081.687000,96.0,Ok,105.0,Ok,2546
507081.734000,93.0,Ok,98.0,Ok,2547
507081.781000,92.0,Ok,100.0,Ok,2548
507081.828000,94.0,Ok,101.0,Ok,2549
507081.875000,96.0,Ok,107.0,Ok,2550
507081.937000,96.0,Ok,101.0,Ok,2551
507081.984000,92.0,Ok,99.0,Ok,2552
507082.031000,94.0,Ok,97.0,Ok,2553
507082.078000,94.0,Ok,101.0,Ok,2554
507082.125000,96.0,Ok,99.0,Ok,2555
507082.171000,95.0,Ok,99.0,Ok,2556
507082.234000,95.0,Ok,106.0,Ok,2557
507082.281000,97.0,Ok,100.0,Ok,2558
507082.328000,93.0,Ok,99.0,Ok,2559
507082.375000,93.0,Ok,99.0,Ok,2560
507082.421000,92.0,Ok,99.0,Ok,2561
507082.484000,92.0,Ok,99.0,Ok,2562
507082.531000,94.0,Ok,100.0,Ok,2563
507082.578000,94.0,Ok,100.0,Ok,2564
507082.625000,94.0,Ok,99.0,Ok,2565
507082.671000,93.0,Ok,100.0,Ok,2566
507082.734000,97.0,Ok,99.0,Ok,2567
507082.781000,94.0,Ok,99.0,Ok,2568
507082.828000,97.0,Ok,100.0,Ok,2569
507082.875000,96.0,Ok,98.0,Ok,2570
507082.937000,101.0,Ok,101.0,Ok,2571
507082.984000,95.0,Ok,100.0,Ok,2572
507083.031000,94.0,Ok,99.0,Ok,2573
507083.078000,95.0,Ok,99.0,Ok,2574
507083.125000,96.0,Ok,99.0,Ok,2575
507083.187000,95.0,Ok,99.0,Ok,2576
507083.234000,95.0,Ok,99.0,Ok,2577
507083.281000,96.0,Ok,100.0,Ok,2578
507083.328000,97.0,Ok,92.0,Ok,2579
507083.375000,95.0,Ok,95.0,Ok,2580
507083.421000,96.0,Ok,85.0,Ok,2581
507083.484000,99.0,Ok,90.0,Ok,2582
507083.515000,95.0,Ok,87.0,Ok,2583
507083.562000,94.0,Ok,76.0,Ok,2584
507083.625000,98.0,Ok,68.0,Ok,2585
507083.671000,96.0,Ok,66.0,Ok,2586
507083.718000,95.0,Ok,60.0,Ok,2587
507083.781000,99.0,Ok,61.0,Ok,2588
507083.828000,94.0,Ok,60.0,Ok,2589
507083.875000,107.0,Ok,54.0,Ok,2590
507083.921000,111.0,Ok,54.0,Ok,2591
507083.984000,111.0,Ok,51.0,Ok,2592
507084.031000,104.0,Ok,48.0,Ok,2593
507084.078000,103.0,Ok,48.0,Ok,2594
507084.109000,105.0,Ok,49.0,Ok,2595
507084.171000,97.0,Ok,42.0,Ok,2596
507084.234000,107.0,Ok,43.0,Ok,2597
507084.281000,100.0,Ok,43.0,Ok,2598
507084.328000,107.0,Ok,42.0,Ok,2599
507084.375000,107.0,Ok,45.0,Ok,2600
507084.421000,110.0,Ok,44.0,Ok,2601
507084.468000,106.0,Ok,45.0,Ok,2602
507084.531000,107.0,Ok,46.0,Ok,2603
507084.578000,107.0,Ok,43.0,Ok,2604
507084.625000,111.0,Ok,45.0,Ok,2605
507084.671000,109.0,Ok,48.0,Ok,2606
507084.734000,106.0,Ok,46.0,Ok,2607
507084.781000,103.0,Ok,46.0,Ok,2608
507084.828000,102.0,Ok,49.0,Ok,2609
507084.875000,103.0,Ok,48.0,Ok,2610
507084.921000,102.0,Ok,49.0,Ok,2611
507084.984000,102.0,Ok,45.0,Ok,2612
507085.031000,107.0,Ok,49.0,Ok,2613
507085.093000,109.0,Ok,51.0,Ok,2614
507085.125000,107.0,Ok,50.0,Ok,2615
507085.171000,104.0,Ok,47.0,Ok,2616
507085.234000,108.0,Ok,45.0,Ok,2617
507085.281000,107.0,Ok,42.0,Ok,2618
507085.328000,109.0,Ok,46.0,Ok,2619
507085.375000,109.0,Ok,46.0,Ok,2620
507085.421000,103.0,Ok,49.0,Ok,2621
507085.468000,106.0,Ok,55.0,Ok,2622
507085.531000,102.0,Ok,59.0,Ok,2623
507085.578000,104.0,Ok,67.0,Ok,2624
507085.625000,110.0,Ok,70.0,Ok,2625
507085.671000,103.0,Ok,78.0,Ok,2626
507085.734000,107.0,Ok,86.0,Ok,2627
507085.781000,96.0,Ok,85.0,Ok,2628
507085.828000,98.0,Ok,92.0,Ok,2629
507085.875000,96.0,Ok,94.0,Ok,2630
507085.937000,95.0,Ok,94.0,Ok,2631
507085.984000,93.0,Ok,103.0,Ok,2632
507086.031000,90.0,Ok,99.0,Ok,2633
507086.078000,89.0,Ok,98.0,Ok,2634
507086.125000,91.0,Ok,99.0,Ok,2635
507086.187000,85.0,Ok,103.0,Ok,2636
507086.218000,94.0,Ok,101.0,Ok,2637
507086.281000,95.0,Ok,106.0,Ok,2638
507086.328000,93.0,Ok,105.0,Ok,2639
507086.375000,95.0,Ok,100.0,Ok,2640
507086.453000,95.0,Ok,95.0,Ok,2641
507086.484000,89.0,Ok,94.0,Ok,2642
507086.531000,88.0,Ok,99.0,Ok,2643
507086.578000,90.0,Ok,105.0,Ok,2644
507086.625000,92.0,Ok,103.0,Ok,2645
507086.671000,91.0,Ok,101.0,Ok,2646
507086.734000,89.0,Ok,99.0,Ok,2647
507086.765000,87.0,Ok,104.0,Ok,2648
507086.828000,88.0,Ok,99.0,Ok,2649
507086.875000,92.0,Ok,104.0,Ok,2650
507086.937000,91.0,Ok,103.0,Ok,2651
507086.984000,85.0,Ok,101.0,Ok,2652
507087.031000,99.0,Ok,103.0,Ok,2653
507087.078000,99.0,Ok,104.0,Ok,2654
507087.125000,93.0,Ok,103.0,Ok,2655
507087.171000,89.0,Ok,105.0,Ok,2656
507087.218000,87.0,Ok,104.0,Ok,2657
507087.281000,84.0,Ok,103.0,Ok,2658
507087.328000,92.0,Ok,103.0,Ok,2659
507087.375000,96.0,Ok,100.0,Ok,2660
507087.421000,92.0,Ok,99.0,Ok,2661
507087.468000,89.0,Ok,96.0,Ok,2662
507087.531000,90.0,Ok,100.0,Ok,2663
507087.578000,90.0,Ok,103.0,Ok,2664
507087.625000,85.0,Ok,103.0,Ok,2665
507087.671000,87.0,Ok,103.0,Ok,2666
507087.718000,95.0,Ok,102.0,Ok,2667
507087.765000,94.0,Ok,101.0,Ok,2668
507087.812000,98.0,Ok,104.0,Ok,2669
507087.875000,99.0,Ok,104.0,Ok,2670
507087.921000,94.0,Ok,102.0,Ok,2671
507087.984000,93.0,Ok,98.0,Ok,2672
507088.031000,93.0,Ok,101.0,Ok,2673
507088.078000,92.0,Ok,106.0,Ok,2674
507088.125000,92.0,Ok,105.0,Ok,2675
507088.171000,94.0,Ok,104.0,Ok,2676
507088.218000,91.0,Ok,104.0,Ok,2677
507088.281000,88.0,Ok,99.0,Ok,2678
507088.328000,90.0,Ok,103.0,Ok,2679
507088.375000,94.0,Ok,105.0,Ok,2680
507088.437000,94.0,Ok,102.0,Ok,2681
507088.484000,97.0,Ok,96.0,Ok,2682
507088.531000,93.0,Ok,99.0,Ok,2683
507088.578000,97.0,Ok,101.0,Ok,2684
507088.625000,97.0,Ok,100.0,Ok,2685
507088.671000,100.0,Ok,104.0,Ok,2686
507088.734000,100.0,Ok,99.0,Ok,2687
507088.781000,98.0,Ok,99.0,Ok,2688
507088.828000,99.0,Ok,98.0,Ok,2689
507088.875000,98.0,Ok,99.0,Ok,2690
507088.921000,98.0,Ok,99.0,Ok,2691
507088.984000,101.0,Ok,100.0,Ok,2692
507089.031000,98.0,Ok,100.0,Ok,2693
507089.078000,99.0,Ok,98.0,Ok,2694
507089.125000,99.0,Ok,103.0,Ok,2695
507089.171000,99.0,Ok,98.0,Ok,2696
507089.234000,99.0,Ok,99.0,Ok,2697
507089.265000,98.0,Ok,98.0,Ok,2698
507089.328000,98.0,Ok,102.0,Ok,2699
507089.375000,98.0,Ok,103.0,Ok,2700
507089.437000,98.0,Ok,103.0,Ok,2701
507089.484000,98.0,Ok,105.0,Ok,2702
507089.531000,93.0,Ok,99.0,Ok,2703
507089.578000,96.0,Ok,106.0,Ok,2704
507089.625000,99.0,Ok,99.0,Ok,2705
507089.671000,94.0,Ok,100.0,Ok,2706
507089.718000,98.0,Ok,99.0,Ok,2707
507089.765000,99.0,Ok,102.0,Ok,2708
507089.828000,98.0,Ok,99.0,Ok,2709
507089.875000,100.0,Ok,99.0,Ok,2710
507089.937000,97.0,Ok,99.0,Ok,2711
507089.984000,97.0,Ok,98.0,Ok,2712
507090.031000,99.0,Ok,99.0,Ok,2713
507090.078000,97.0,Ok,100.0,Ok,2714
507090.125000,92.0,Ok,98.0,Ok,2715
507090.171000,99.0,Ok,92.0,Ok,2716
507090.218000,100.0,Ok,96.0,Ok,2717
507090.281000,96.0,Ok,94.0,Ok,2718
507090.328000,100.0,Ok,95.0,Ok,2719
507090.375000,98.0,Ok,94.0,Ok,2720
507090.421000,99.0,Ok,84.0,Ok,2721
507090.484000,99.0,Ok,83.0,Ok,2722
507090.546000,99.0,Ok,70.0,Ok,2723
507090.578000,101.0,Ok,69.0,Ok,2724
507090.625000,102.0,Ok,65.0,Ok,2725
507090.687000,105.0,Ok,58.0,Ok,2726
507090.734000,100.0,Ok,60.0,Ok,2727
507090.781000,102.0,Ok,72.0,Ok,2728
507090.828000,101.0,Ok,72.0,Ok,2729
507090.875000,101.0,Ok,77.0,Ok,2730
507090.921000,103.0,Ok,88.0,Ok,2731
507090.968000,103.0,Ok,85.0,Ok,2732
507091.031000,103.0,Ok,87.0,Ok,2733
507091.078000,104.0,Ok,88.0,Ok,2734
507091.125000,104.0,Ok,92.0,Ok,2735
507091.171000,102.0,Ok,92.0,Ok,2736
507091.234000,105.0,Ok,88.0,Ok,2737
507091.281000,107.0,Ok,89.0,Ok,2738
507091.328000,104.0,Ok,89.0,Ok,2739
507091.375000,102.0,Ok,84.0,Ok,2740
507091.421000,105.0,Ok,87.0,Ok,2741
507091.484000,101.0,Ok,91.0,Ok,2742
507091.531000,103.0,Ok,89.0,Ok,2743
507091.578000,103.0,Ok,89.0,Ok,2744
507091.625000,100.0,Ok,85.0,Ok,2745
507091.671000,101.0,Ok,87.0,Ok,2746
507091.718000,102.0,Ok,88.0,Ok,2747
507091.781000,102.0,Ok,86.0,Ok,2748
507091.828000,99.0,Ok,84.0,Ok,2749
507091.875000,94.0,Ok,86.0,Ok,2750
507091.921000,100.0,Ok,87.0,Ok,2751
507091.984000,96.0,Ok,84.0,Ok,2752
507092.031000,95.0,Ok,83.0,Ok,2753
507092.078000,95.0,Ok,83.0,Ok,2754
507092.125000,100.0,Ok,83.0,Ok,2755
507092.171000,103.0,Ok,85.0,Ok,2756
507092.234000,107.0,Ok,86.0,Ok,2757
507092.265000,106.0,Ok,84.0,Ok,2758
507092.312000,97.0,Ok,84.0,Ok,2759
507092.375000,96.0,Ok,83.0,Ok,2760
507092.421000,96.0,Ok,85.0,Ok,2761
507092.484000,100.0,Ok,84.0,Ok,2762
507092.531000,100.0,Ok,85.0,Ok,2763
507092.578000,100.0,Ok,86.0,Ok,2764
507092.625000,97.0,Ok,85.0,Ok,2765
507092.687000,96.0,Ok,85.0,Ok,2766
507092.734000,98.0,Ok,85.0,Ok,2767
507092.781000,92.0,Ok,84.0,Ok,2768
507092.828000,92.0,Ok,87.0,Ok,2769
507092.875000,98.0,Ok,84.0,Ok,2770
507092.937000,108.0,Ok,82.0,Ok,2771
507092.984000,102.0,Ok,91.0,Ok,2772
507093.031000,99.0,Ok,92.0,Ok,2773
507093.078000,97.0,Ok,96.0,Ok,2774
507093.125000,99.0,Ok,100.0,Ok,2775
507093.187000,97.0,Ok,108.0,Ok,2776
507093.234000,105.0,Ok,112.0,Ok,2777
507093.328000,98.0,Ok,118.0,Ok,2778
507093.328000,105.0,Ok,127.0,Ok,2779
507093.375000,100.0,Ok,127.0,Ok,2780
507093.437000,98.0,Ok,128.0,Ok,2781
507093.484000,98.0,Ok,118.0,Ok,2782
507093.531000,102.0,Ok,121.0,Ok,2783
507093.578000,98.0,Ok,112.0,Ok,2784
507093.625000,100.0,Ok,104.0,Ok,2785
507093.687000,107.0,Ok,102.0,Ok,2786
507093.734000,100.0,Ok,96.0,Ok,2787
507093.781000,108.0,Ok,86.0,Ok,2788
507093.828000,104.0,Ok,90.0,Ok,2789
507093.875000,108.0,Ok,97.0,Ok,2790
507093.937000,102.0,Ok,88.0,Ok,2791
507093.984000,104.0,Ok,75.0,Ok,2792
507094.031000,111.0,Ok,69.0,Ok,2793
507094.078000,106.0,Ok,88.0,Ok,2794
507094.125000,106.0,Ok,65.0,Ok,2795
507094.171000,105.0,Ok,64.0,Ok,2796
507094.234000,112.0,Ok,70.0,Ok,2797
507094.281000,110.0,Ok,66.0,Ok,2798
507094.328000,107.0,Ok,72.0,Ok,2799
507094.375000,106.0,Ok,76.0,Ok,2800
507094.421000,109.0,Ok,75.0,Ok,2801
507094.484000,104.0,Ok,82.0,Ok,2802
507094.531000,107.0,Ok,84.0,Ok,2803
507094.578000,102.0,Ok,89.0,Ok,2804
507094.625000,99.0,Ok,93.0,Ok,2805
507094.671000,103.0,Ok,94.0,Ok,2806
507094.734000,104.0,Ok,94.0,Ok,2807
507094.781000,102.0,Ok,90.0,Ok,2808
507094.828000,102.0,Ok,86.0,Ok,2809
507094.875000,94.0,Ok,93.0,Ok,2810
507094.921000,97.0,Ok,91.0,Ok,2811
507094.984000,99.0,Ok,86.0,Ok,2812
507095.031000,101.0,Ok,88.0,Ok,2813
507095.078000,99.0,Ok,85.0,Ok,2814
507095.125000,99.0,Ok,89.0,Ok,2815
507095.171000,99.0,Ok,89.0,Ok,2816
507095.234000,102.0,Ok,86.0,Ok,2817
507095.281000,100.0,Ok,87.0,Ok,2818
507095.328000,99.0,Ok,85.0,Ok,2819
507095.375000,99.0,Ok,87.0,Ok,2820
507095.421000,98.0,Ok,86.0,Ok,2821
507095.484000,99.0,Ok,86.0,Ok,2822
507095.515000,100.0,Ok,86.0,Ok,2823
507095.562000,101.0,Ok,89.0,Ok,2824
507095.625000,93.0,Ok,90.0,Ok,2825
507095.671000,98.0,Ok,84.0,Ok,2826
507095.718000,100.0,Ok,85.0,Ok,2827
507095.765000,100.0,Ok,84.0,Ok,2828
507095.812000,99.0,Ok,83.0,Ok,2829
507095.875000,101.0,Ok,83.0,Ok,2830
507095.921000,100.0,Ok,88.0,Ok,2831
507096.000000,100.0,Ok,85.0,Ok,2832
507096.015000,99.0,Ok,88.0,Ok,2833
507096.078000,99.0,Ok,90.0,Ok,2834
507096.125000,96.0,Ok,84.0,Ok,2835
507096.187000,100.0,Ok,85.0,Ok,2836
507096.234000,94.0,Ok,85.0,Ok,2837
507096.281000,100.0,Ok,85.0,Ok,2838
507096.328000,99.0,Ok,89.0,Ok,2839
507096.375000,101.0,Ok,85.0,Ok,2840
507096.421000,99.0,Ok,83.0,Ok,2841
507096.484000,101.0,Ok,84.0,Ok,2842
507096.531000,101.0,Ok,87.0,Ok,2843
507096.578000,99.0,Ok,82.0,Ok,2844
507096.625000,100.0,Ok,89.0,Ok,2845
507096.671000,99.0,Ok,87.0,Ok,2846
507096.734000,101.0,Ok,86.0,Ok,2847
507096.781000,99.0,Ok,87.0,Ok,2848
507096.828000,100.0,Ok,84.0,Ok,2849
507096.875000,99.0,Ok,86.0,Ok,2850
507096.937000,101.0,Ok,87.0,Ok,2851
507096.984000,100.0,Ok,87.0,Ok,2852
507097.031000,100.0,Ok,84.0,Ok,2853
507097.078000,99.0,Ok,84.0,Ok,2854
507097.125000,100.0,Ok,88.0,Ok,2855
507097.171000,99.0,Ok,83.0,Ok,2856
507097.234000,99.0,Ok,85.0,Ok,2857
507097.281000,99.0,Ok,84.0,Ok,2858
507097.359000,100.0,Ok,85.0,Ok,2859
507097.375000,101.0,Ok,86.0,Ok,2860
507097.437000,100.0,Ok,83.0,Ok,2861
507097.468000,101.0,Ok,87.0,Ok,2862
507097.531000,98.0,Ok,84.0,Ok,2863
507097.562000,99.0,Ok,86.0,Ok,2864
507097.625000,99.0,Ok,82.0,Ok,2865
507097.671000,99.0,Ok,84.0,Ok,2866
507097.718000,101.0,Ok,89.0,Ok,2867
507097.765000,104.0,Ok,84.0,Ok,2868
507097.828000,99.0,Ok,83.0,Ok,2869
507097.875000,99.0,Ok,84.0,Ok,2870
507097.921000,99.0,Ok,83.0,Ok,2871
507097.984000,97.0,Ok,85.0,Ok,2872
507098.031000,104.0,Ok,84.0,Ok,2873
507098.078000,98.0,Ok,87.0,Ok,2874
507098.125000,98.0,Ok,82.0,Ok,2875
507098.171000,99.0,Ok,84.0,Ok,2876
507098.218000,99.0,Ok,84.0,Ok,2877
507098.281000,99.0,Ok,86.0,Ok,2878
507098.328000,98.0,Ok,85.0,Ok,2879
507098.375000,98.0,Ok,84.0,Ok,2880
507098.421000,97.0,Ok,85.0,Ok,2881
507098.484000,99.0,Ok,84.0,Ok,2882
507098.531000,104.0,Ok,85.0,Ok,2883
507098.578000,99.0,Ok,87.0,Ok,2884
507098.625000,98.0,Ok,84.0,Ok,2885
507098.671000,99.0,Ok,82.0,Ok,2886
507098.734000,100.0,Ok,83.0,Ok,2887
507098.765000,99.0,Ok,84.0,Ok,2888
507098.828000,98.0,Ok,86.0,Ok,2889
507098.875000,100.0,Ok,85.0,Ok,2890
507098.937000,97.0,Ok,84.0,Ok,2891
507098.984000,99.0,Ok,85.0,Ok,2892
507099.031000,97.0,Ok,88.0,Ok,2893
507099.078000,104.0,Ok,82.0,Ok,2894
507099.125000,99.0,Ok,84.0,Ok,2895
507099.187000,98.0,Ok,84.0,Ok,2896
507099.218000,99.0,Ok,85.0,Ok,2897
507099.265000,99.0,Ok,85.0,Ok,2898
507099.328000,95.0,Ok,85.0,Ok,2899
507099.375000,94.0,Ok,85.0,Ok,2900
507099.421000,101.0,Ok,85.0,Ok,2901
507099.468000,102.0,Ok,84.0,Ok,2902
507099.531000,102.0,Ok,84.0,Ok,2903
507099.578000,102.0,Ok,85.0,Ok,2904
507099.625000,101.0,Ok,85.0,Ok,2905
507099.671000,94.0,Ok,83.0,Ok,2906
507099.734000,95.0,Ok,85.0,Ok,2907
507099.781000,96.0,Ok,83.0,Ok,2908
507099.828000,94.0,Ok,85.0,Ok,2909
507099.875000,99.0,Ok,85.0,Ok,2910
507099.921000,103.0,Ok,84.0,Ok,2911
507099.984000,110.0,Ok,86.0,Ok,2912
507100.031000,100.0,Ok,89.0,Ok,2913
507100.093000,103.0,Ok,85.0,Ok,2914
507100.125000,99.0,Ok,86.0,Ok,2915
507100.171000,103.0,Ok,80.0,Ok,2916
507100.234000,102.0,Ok,85.0,Ok,2917
507100.281000,101.0,Ok,86.0,Ok,2918
507100.328000,100.0,Ok,88.0,Ok,2919
507100.375000,99.0,Ok,85.0,Ok,2920
507100.421000,93.0,Ok,89.0,Ok,2921
507100.484000,93.0,Ok,85.0,Ok,2922
507100.531000,100.0,Ok,88.0,Ok,2923
507100.578000,98.0,Ok,87.0,Ok,2924
507100.625000,99.0,Ok,87.0,Ok,2925
507100.671000,100.0,Ok,88.0,Ok,2926
507100.734000,101.0,Ok,88.0,Ok,2927
507100.781000,111.0,Ok,88.0,Ok,2928
507100.828000,105.0,Ok,88.0,Ok,2929
507100.875000,111.0,Ok,89.0,Ok,2930
507100.921000,98.0,Ok,88.0,Ok,2931
507100.984000,101.0,Ok,89.0,Ok,2932
507101.031000,99.0,Ok,90.0,Ok,2933
507101.078000,99.0,Ok,90.0,Ok,2934
507101.125000,97.0,Ok,89.0,Ok,2935
507101.187000,98.0,Ok,90.0,Ok,2936
507101.234000,100.0,Ok,88.0,Ok,2937
507101.281000,101.0,Ok,89.0,Ok,2938
507101.328000,98.0,Ok,91.0,Ok,2939
507101.375000,100.0,Ok,90.0,Ok,2940
507101.484000,95.0,Ok,90.0,Ok,2941
507101.484000,98.0,Ok,92.0,Ok,2942
507101.531000,99.0,Ok,90.0,Ok,2943
507101.578000,94.0,Ok,94.0,Ok,2944
507101.625000,102.0,Ok,92.0,Ok,2945
507101.687000,102.0,Ok,91.0,Ok,2946
507101.734000,103.0,Ok,90.0,Ok,2947
507101.781000,102.0,Ok,90.0,Ok,2948
507101.828000,103.0,Ok,91.0,Ok,2949
507101.875000,104.0,Ok,90.0,Ok,2950
507101.921000,97.0,Ok,85.0,Ok,2951
507101.968000,96.0,Ok,91.0,Ok,2952
507102.031000,100.0,Ok,89.0,Ok,2953
507102.078000,96.0,Ok,91.0,Ok,2954
507102.125000,99.0,Ok,93.0,Ok,2955
507102.171000,95.0,Ok,88.0,Ok,2956
507102.234000,101.0,Ok,91.0,Ok,2957
507102.281000,99.0,Ok,91.0,Ok,2958
507102.328000,95.0,Ok,92.0,Ok,2959
507102.375000,98.0,Ok,87.0,Ok,2960
507102.437000,98.0,Ok,90.0,Ok,2961
507102.484000,102.0,Ok,86.0,Ok,2962
507102.531000,100.0,Ok,89.0,Ok,2963
507102.578000,97.0,Ok,91.0,Ok,2964
507102.625000,102.0,Ok,91.0,Ok,2965
507102.671000,93.0,Ok,86.0,Ok,2966
507102.734000,101.0,Ok,85.0,Ok,2967
507102.812000,93.0,Ok,89.0,Ok,2968
507102.828000,101.0,Ok,89.0,Ok,2969
507102.875000,103.0,Ok,92.0,Ok,2970
507102.921000,95.0,Ok,90.0,Ok,2971
507102.984000,102.0,Ok,89.0,Ok,2972
507103.015000,99.0,Ok,89.0,Ok,2973
507103.078000,101.0,Ok,88.0,Ok,2974
507103.125000,102.0,Ok,87.0,Ok,2975
507103.171000,100.0,Ok,85.0,Ok,2976
507103.218000,102.0,Ok,82.0,Ok,2977
507103.281000,102.0,Ok,85.0,Ok,2978
507103.328000,100.0,Ok,92.0,Ok,2979
507103.375000,93.0,Ok,91.0,Ok,2980
507103.421000,101.0,Ok,84.0,Ok,2981
507103.484000,102.0,Ok,85.0,Ok,2982
507103.531000,105.0,Ok,88.0,Ok,2983
507103.578000,106.0,Ok,88.0,Ok,2984
507103.625000,105.0,Ok,87.0,Ok,2985
507103.671000,105.0,Ok,87.0,Ok,2986
507103.734000,104.0,Ok,87.0,Ok,2987
507103.781000,104.0,Ok,87.0,Ok,2988
507103.828000,103.0,Ok,87.0,Ok,2989
507103.875000,97.0,Ok,86.0,Ok,2990
507103.921000,99.0,Ok,84.0,Ok,2991
507103.968000,94.0,Ok,84.0,Ok,2992
507104.031000,101.0,Ok,82.0,Ok,2993
507104.078000,99.0,Ok,84.0,Ok,2994
507104.125000,101.0,Ok,89.0,Ok,2995
507104.187000,97.0,Ok,85.0,Ok,2996
507104.218000,99.0,Ok,86.0,Ok,2997
507104.281000,100.0,Ok,82.0,Ok,2998
507104.328000,99.0,Ok,84.0,Ok,2999
507104.375000,100.0,Ok,86.0,Ok,3000
507104.421000,99.0,Ok,85.0,Ok,3001
507104.468000,94.0,Ok,88.0,Ok,3002
507104.531000,103.0,Ok,87.0,Ok,3003
507104.578000,98.0,Ok,88.0,Ok,3004
507104.625000,100.0,Ok,86.0,Ok,3005
507104.671000,97.0,Ok,88.0,Ok,3006
507104.734000,101.0,Ok,88.0,Ok,3007
507104.781000,101.0,Ok,87.0,Ok,3008
507104.828000,101.0,Ok,87.0,Ok,3009
507104.875000,99.0,Ok,89.0,Ok,3010
507104.921000,101.0,Ok,86.0,Ok,3011
507104.968000,96.0,Ok,89.0,Ok,3012
507105.015000,105.0,Ok,89.0,Ok,3013
507105.062000,95.0,Ok,92.0,Ok,3014
507105.125000,95.0,Ok,92.0,Ok,3015
507105.171000,92.0,Ok,91.0,Ok,3016
507105.234000,107.0,Ok,91.0,Ok,3017
507105.281000,103.0,Ok,90.0,Ok,3018
507105.328000,99.0,Ok,92.0,Ok,3019
507105.375000,94.0,Ok,91.0,Ok,3020
507105.437000,103.0,Ok,90.0,Ok,3021
507105.484000,109.0,Ok,92.0,Ok,3022
507105.531000,101.0,Ok,91.0,Ok,3023
507105.578000,102.0,Ok,91.0,Ok,3024
507105.625000,103.0,Ok,91.0,Ok,3025
507105.687000,107.0,Ok,89.0,Ok,3026
507105.718000,93.0,Ok,92.0,Ok,3027
507105.765000,106.0,Ok,92.0,Ok,3028
507105.828000,103.0,Ok,96.0,Ok,3029
507105.875000,100.0,Ok,91.0,Ok,3030
507105.921000,102.0,Ok,93.0,Ok,3031
507105.984000,103.0,Ok,87.0,Ok,3032
507106.015000,99.0,Ok,93.0,Ok,3033
507106.078000,106.0,Ok,93.0,Ok,3034
507106.125000,103.0,Ok,91.0,Ok,3035
507106.171000,106.0,Ok,92.0,Ok,3036
507106.234000,105.0,Ok,93.0,Ok,3037
507106.281000,97.0,Ok,92.0,Ok,3038
507106.328000,102.0,Ok,92.0,Ok,3039
507106.375000,98.0,Ok,92.0,Ok,3040
507106.421000,100.0,Ok,87.0,Ok,3041
507106.484000,101.0,Ok,82.0,Ok,3042
507106.531000,101.0,Ok,92.0,Ok,3043
507106.578000,97.0,Ok,90.0,Ok,3044
507106.625000,106.0,Ok,90.0,Ok,3045
507106.671000,130.0,Ok,90.0,Ok,3046
507106.718000,99.0,Ok,87.0,Ok,3047
507106.781000,100.0,Ok,85.0,Ok,3048
507106.828000,104.0,Ok,88.0,Ok,3049
507106.906000,96.0,Ok,87.0,Ok,3050
507106.921000,93.0,Ok,84.0,Ok,3051
507106.984000,92.0,Ok,85.0,Ok,3052
507107.031000,93.0,Ok,82.0,Ok,3053
507107.078000,95.0,Ok,86.0,Ok,3054
507107.125000,101.0,Ok,83.0,Ok,3055
507107.171000,107.0,Ok,84.0,Ok,3056
507107.234000,107.0,Ok,86.0,Ok,3057
507107.281000,106.0,Ok,86.0,Ok,3058
507107.312000,108.0,Ok,84.0,Ok,3059
507107.375000,112.0,Ok,82.0,Ok,3060
507107.437000,115.0,Ok,84.0,Ok,3061
507107.484000,128.0,Ok,86.0,Ok,3062
507107.531000,129.0,Ok,86.0,Ok,3063
507107.578000,123.0,Ok,82.0,Ok,3064
507107.625000,114.0,Ok,86.0,Ok,3065
507107.687000,105.0,Ok,87.0,Ok,3066
507107.718000,108.0,Ok,86.0,Ok,3067
507107.765000,107.0,Ok,83.0,Ok,3068
507107.812000,101.0,Ok,85.0,Ok,3069
507107.875000,112.0,Ok,84.0,Ok,3070
507107.937000,107.0,Ok,85.0,Ok,3071
507107.984000,109.0,Ok,79.0,Ok,3072
507108.031000,114.0,Ok,85.0,Ok,3073
507108.078000,134.0,Ok,84.0,Ok,3074
507108.125000,140.0,Ok,86.0,Ok,3075
507108.171000,111.0,Ok,85.0,Ok,3076
507108.218000,112.0,Ok,84.0,Ok,3077
507108.265000,104.0,Ok,84.0,Ok,3078
507108.328000,107.0,Ok,84.0,Ok,3079
507108.375000,114.0,Ok,82.0,Ok,3080
507108.437000,137.0,Ok,80.0,Ok,3081
507108.484000,124.0,Ok,78.0,Ok,3082
507108.531000,96.0,Ok,73.0,Ok,3083
507108.578000,97.0,Ok,79.0,Ok,3084
507108.625000,105.0,Ok,79.0,Ok,3085
507108.671000,100.0,Ok,77.0,Ok,3086
507108.718000,97.0,Ok,75.0,Ok,3087
507108.781000,103.0,Ok,80.0,Ok,3088
507108.828000,77.0,Ok,81.0,Ok,3089
507108.875000,93.0,Ok,74.0,Ok,3090
507108.921000,102.0,Ok,83.0,Ok,3091
507108.984000,106.0,Ok,81.0,Ok,3092
507109.031000,116.0,Ok,84.0,Ok,3093
507109.078000,88.0,Ok,83.0,Ok,3094
507109.125000,98.0,Ok,86.0,Ok,3095
507109.187000,103.0,Ok,86.0,Ok,3096
507109.218000,99.0,Ok,91.0,Ok,3097
507109.265000,106.0,Ok,87.0,Ok,3098
507109.312000,103.0,Ok,89.0,Ok,3099
507109.375000,102.0,Ok,87.0,Ok,3100
507109.437000,108.0,Ok,91.0,Ok,3101
507109.484000,107.0,Ok,93.0,Ok,3102
507109.531000,109.0,Ok,100.0,Ok,3103
507109.578000,105.0,Ok,104.0,Ok,3104
507109.625000,99.0,Ok,106.0,Ok,3105
507109.671000,98.0,Ok,94.0,Ok,3106
507109.734000,96.0,Ok,101.0,Ok,3107
507109.765000,87.0,Ok,110.0,Ok,3108
507109.812000,90.0,Ok,127.0,Ok,3109
507109.859000,90.0,Ok,123.0,Ok,3110
507109.921000,74.0,Ok,110.0,Ok,3111
507109.984000,83.0,Ok,149.0,Ok,3112
507110.031000,76.0,Ok,103.0,Ok,3113
507110.078000,73.0,Ok,111.0,Ok,3114
507110.125000,94.0,Ok,105.0,Ok,3115
507110.171000,84.0,Ok,89.0,Ok,3116
507110.234000,82.0,Ok,108.0,Ok,3117
507110.281000,92.0,Ok,107.0,Ok,3118
507110.328000,88.0,Ok,107.0,Ok,3119
507110.375000,100.0,Ok,106.0,Ok,3120
507110.437000,102.0,Ok,97.0,Ok,3121
507110.468000,103.0,Ok,99.0,Ok,3122
507110.531000,111.0,Ok,106.0,Ok,3123
507110.578000,109.0,Ok,95.0,Ok,3124
507110.625000,109.0,Ok,91.0,Ok,3125
507110.687000,116.0,Ok,89.0,Ok,3126
507110.734000,113.0,Ok,97.0,Ok,3127
507110.765000,112.0,Ok,103.0,Ok,3128
507110.828000,112.0,Ok,96.0,Ok,3129
507110.875000,111.0,Ok,97.0,Ok,3130
507110.921000,109.0,Ok,97.0,Ok,3131
507110.984000,108.0,Ok,97.0,Ok,3132
507111.031000,111.0,Ok,98.0,Ok,3133
507111.078000,109.0,Ok,103.0,Ok,3134
507111.125000,111.0,Ok,103.0,Ok,3135
507111.171000,106.0,Ok,104.0,Ok,3136
507111.234000,109.0,Ok,106.0,Ok,3137
507111.281000,109.0,Ok,108.0,Ok,3138
507111.328000,109.0,Ok,100.0,Ok,3139
507111.375000,107.0,Ok,108.0,Ok,3140
507111.421000,102.0,Ok,107.0,Ok,3141
507111.484000,101.0,Ok,106.0,Ok,3142
507111.515000,104.0,Ok,113.0,Ok,3143
507111.578000,97.0,Ok,107.0,Ok,3144
507111.625000,94.0,Ok,107.0,Ok,3145
507111.671000,99.0,Ok,106.0,Ok,3146
507111.734000,95.0,Ok,107.0,Ok,3147
507111.781000,97.0,Ok,96.0,Ok,3148
507111.828000,94.0,Ok,127.0,Ok,3149
507111.875000,87.0,Ok,98.0,Ok,3150
507111.921000,87.0,Ok,86.0,Ok,3151
507111.968000,84.0,Ok,80.0,Ok,3152
507112.031000,91.0,Ok,82.0,Ok,3153
507112.078000,95.0,Ok,78.0,Ok,3154
507112.125000,94.0,Ok,84.0,Ok,3155
507112.171000,94.0,Ok,85.0,Ok,3156
507112.218000,98.0,Ok,87.0,Ok,3157
507112.281000,102.0,Ok,88.0,Ok,3158
507112.328000,103.0,Ok,96.0,Ok,3159
507112.375000,100.0,Ok,97.0,Ok,3160
507112.437000,100.0,Ok,94.0,Ok,3161
507112.484000,128.0,Ok,89.0,Ok,3162
507112.531000,111.0,Ok,92.0,Ok,3163
507112.562000,110.0,Ok,86.0,Ok,3164
507112.625000,109.0,Ok,91.0,Ok,3165
507112.671000,107.0,Ok,92.0,Ok,3166
507112.718000,97.0,Ok,89.0,Ok,3167
507112.781000,100.0,Ok,86.0,Ok,3168
507112.828000,98.0,Ok,93.0,Ok,3169
507112.875000,105.0,Ok,92.0,Ok,3170
507112.921000,102.0,Ok,98.0,Ok,3171
507112.984000,102.0,Ok,96.0,Ok,3172
507113.031000,103.0,Ok,92.0,Ok,3173
507113.062000,100.0,Ok,92.0,Ok,3174
507113.125000,95.0,Ok,94.0,Ok,3175
507113.187000,99.0,Ok,92.0,Ok,3176
507113.234000,99.0,Ok,88.0,Ok,3177
507113.281000,94.0,Ok,93.0,Ok,3178
507113.328000,97.0,Ok,91.0,Ok,3179
507113.375000,96.0,Ok,90.0,Ok,3180
507113.421000,99.0,Ok,90.0,Ok,3181
507113.484000,99.0,Ok,92.0,Ok,3182
507113.531000,97.0,Ok,91.0,Ok,3183
507113.578000,97.0,Ok,91.0,Ok,3184
507113.625000,97.0,Ok,91.0,Ok,3185
507113.671000,101.0,Ok,87.0,Ok,3186
507113.734000,102.0,Ok,89.0,Ok,3187
507113.781000,101.0,Ok,88.0,Ok,3188
507113.828000,99.0,Ok,88.0,Ok,3189
507113.875000,99.0,Ok,87.0,Ok,3190
507113.921000,96.0,Ok,88.0,Ok,3191
507113.968000,86.0,Ok,85.0,Ok,3192
507114.031000,104.0,Ok,87.0,Ok,3193
507114.062000,96.0,Ok,91.0,Ok,3194
507114.109000,93.0,Ok,88.0,Ok,3195
507114.187000,99.0,Ok,87.0,Ok,3196
507114.234000,100.0,Ok,87.0,Ok,3197
507114.281000,107.0,Ok,90.0,Ok,3198
507114.328000,105.0,Ok,87.0,Ok,3199
507114.375000,99.0,Ok,84.0,Ok,3200
507114.421000,100.0,Ok,91.0,Ok,3201
507114.484000,99.0,Ok,86.0,Ok,3202
507114.531000,102.0,Ok,88.0,Ok,3203
507114.578000,99.0,Ok,88.0,Ok,3204
507114.625000,98.0,Ok,87.0,Ok,3205
507114.671000,92.0,Ok,81.0,Ok,3206
507114.734000,97.0,Ok,85.0,Ok,3207
507114.781000,92.0,Ok,88.0,Ok,3208
507114.828000,95.0,Ok,86.0,Ok,3209
507114.875000,101.0,Ok,88.0,Ok,3210
507114.937000,104.0,Ok,86.0,Ok,3211
507114.984000,91.0,Ok,89.0,Ok,3212
507115.015000,93.0,Ok,89.0,Ok,3213
507115.109000,99.0,Ok,95.0,Ok,3214
507115.125000,99.0,Ok,97.0,Ok,3215
507115.171000,97.0,Ok,103.0,Ok,3216
507115.234000,100.0,Ok,110.0,Ok,3217
507115.281000,97.0,Ok,115.0,Ok,3218
507115.328000,101.0,Ok,123.0,Ok,3219
507115.375000,86.0,Ok,131.0,Ok,3220
507115.421000,93.0,Ok,131.0,Ok,3221
507115.484000,96.0,Ok,105.0,Ok,3222
507115.531000,93.0,Ok,121.0,Ok,3223
507115.562000,93.0,Ok,106.0,Ok,3224
507115.625000,92.0,Ok,108.0,Ok,3225
507115.687000,93.0,Ok,101.0,Ok,3226
507115.734000,103.0,Ok,94.0,Ok,3227
507115.781000,109.0,Ok,99.0,Ok,3228
507115.828000,100.0,Ok,93.0,Ok,3229
507115.875000,97.0,Ok,86.0,Ok,3230
507115.937000,136.0,Ok,72.0,Ok,3231
507115.984000,114.0,Ok,71.0,Ok,3232
507116.031000,110.0,Ok,93.0,Ok,3233
507116.078000,112.0,Ok,77.0,Ok,3234
507116.125000,112.0,Ok,61.0,Ok,3235
507116.187000,110.0,Ok,55.0,Ok,3236
507116.234000,109.0,Ok,54.0,Ok,3237
507116.281000,106.0,Ok,67.0,Ok,3238
507116.328000,105.0,Ok,65.0,Ok,3239
507116.375000,106.0,Ok,69.0,Ok,3240
507116.421000,107.0,Ok,65.0,Ok,3241
507116.484000,106.0,Ok,76.0,Ok,3242
507116.531000,105.0,Ok,77.0,Ok,3243
507116.578000,102.0,Ok,88.0,Ok,3244
507116.625000,114.0,Ok,82.0,Ok,3245
507116.687000,109.0,Ok,91.0,Ok,3246
507116.734000,108.0,Ok,92.0,Ok,3247
507116.781000,99.0,Ok,93.0,Ok,3248
507116.828000,102.0,Ok,91.0,Ok,3249
507116.875000,101.0,Ok,88.0,Ok,3250
507116.921000,97.0,Ok,91.0,Ok,3251
507116.984000,97.0,Ok,92.0,Ok,3252
507117.031000,102.0,Ok,92.0,Ok,3253
507117.078000,105.0,Ok,92.0,Ok,3254
507117.125000,103.0,Ok,86.0,Ok,3255
507117.171000,101.0,Ok,82.0,Ok,3256
507117.234000,101.0,Ok,84.0,Ok,3257
507117.265000,100.0,Ok,84.0,Ok,3258
507117.312000,105.0,Ok,86.0,Ok,3259
507117.375000,101.0,Ok,84.0,Ok,3260
507117.437000,102.0,Ok,84.0,Ok,3261
507117.484000,112.0,Ok,85.0,Ok,3262
507117.531000,110.0,Ok,85.0,Ok,3263
507117.578000,113.0,Ok,85.0,Ok,3264
507117.625000,112.0,Ok,85.0,Ok,3265
507117.687000,113.0,Ok,85.0,Ok,3266
507117.718000,114.0,Ok,85.0,Ok,3267
507117.765000,119.0,Ok,99.0,Ok,3268
507117.828000,121.0,Ok,134.0,Ok,3269
507117.875000,120.0,Ok,98.0,Ok,3270
507117.921000,121.0,Ok,93.0,Ok,3271
507117.968000,124.0,Ok,101.0,Ok,3272
507118.031000,113.0,Ok,101.0,Ok,3273
507118.078000,109.0,Ok,104.0,Ok,3274
507118.125000,113.0,Ok,111.0,Ok,3275
507118.187000,107.0,Ok,107.0,Ok,3276
507118.234000,107.0,Ok,112.0,Ok,3277
507118.281000,106.0,Ok,124.0,Ok,3278
507118.328000,108.0,Ok,122.0,Ok,3279
507118.375000,108.0,Ok,107.0,Ok,3280
507118.421000,109.0,Ok,111.0,Ok,3281
507118.484000,107.0,Ok,108.0,Ok,3282
507118.531000,104.0,Ok,100.0,Ok,3283
507118.578000,96.0,Ok,103.0,Ok,3284
507118.625000,104.0,Ok,103.0,Ok,3285
507118.671000,105.0,Ok,98.0,Ok,3286
507118.718000,105.0,Ok,98.0,Ok,3287
507118.765000,100.0,Ok,97.0,Ok,3288
507118.828000,95.0,Ok,97.0,Ok,3289
507118.875000,102.0,Ok,104.0,Ok,3290
507118.921000,99.0,Ok,93.0,Ok,3291
507118.984000,94.0,Ok,93.0,Ok,3292
507119.031000,100.0,Ok,101.0,Ok,3293
507119.078000,100.0,Ok,95.0,Ok,3294
507119.125000,102.0,Ok,98.0,Ok,3295
507119.203000,96.0,Ok,90.0,Ok,3296
507119.218000,103.0,Ok,91.0,Ok,3297
507119.281000,102.0,Ok,92.0,Ok,3298
507119.328000,99.0,Ok,89.0,Ok,3299
507119.375000,96.0,Ok,86.0,Ok,3300
507119.421000,101.0,Ok,85.0,Ok,3301
507119.484000,100.0,Ok,86.0,Ok,3302
507119.515000,102.0,Ok,86.0,Ok,3303
507119.578000,95.0,Ok,95.0,Ok,3304
507119.625000,100.0,Ok,92.0,Ok,3305
507119.687000,100.0,Ok,87.0,Ok,3306
507119.734000,100.0,Ok,89.0,Ok,3307
507119.781000,99.0,Ok,94.0,Ok,3308
507119.828000,101.0,Ok,90.0,Ok,3309
507119.875000,99.0,Ok,92.0,Ok,3310
507119.921000,101.0,Ok,88.0,Ok,3311
507119.984000,96.0,Ok,91.0,Ok,3312
507120.015000,102.0,Ok,90.0,Ok,3313
507120.078000,97.0,Ok,87.0,Ok,3314
507120.125000,101.0,Ok,88.0,Ok,3315
507120.171000,93.0,Ok,87.0,Ok,3316
507120.234000,94.0,Ok,86.0,Ok,3317
507120.281000,101.0,Ok,90.0,Ok,3318
507120.328000,99.0,Ok,89.0,Ok,3319
507120.375000,100.0,Ok,88.0,Ok,3320
507120.421000,99.0,Ok,87.0,Ok,3321
507120.484000,99.0,Ok,92.0,Ok,3322
507120.515000,103.0,Ok,90.0,Ok,3323
507120.578000,74.0,Ok,92.0,Ok,3324
507120.625000,106.0,Ok,86.0,Ok,3325
507120.671000,98.0,Ok,89.0,Ok,3326
507120.718000,105.0,Ok,92.0,Ok,3327
507120.781000,106.0,Ok,93.0,Ok,3328
507120.828000,103.0,Ok,90.0,Ok,3329
507120.875000,103.0,Ok,93.0,Ok,3330
507120.937000,104.0,Ok,94.0,Ok,3331
507120.984000,92.0,Ok,89.0,Ok,3332
507121.031000,103.0,Ok,89.0,Ok,3333
507121.078000,104.0,Ok,89.0,Ok,3334
507121.125000,101.0,Ok,91.0,Ok,3335
507121.171000,89.0,Ok,89.0,Ok,3336
507121.234000,104.0,Ok,94.0,Ok,3337
507121.281000,106.0,Ok,89.0,Ok,3338
507121.328000,101.0,Ok,88.0,Ok,3339
507121.375000,90.0,Ok,81.0,Ok,3340
507121.437000,96.0,Ok,90.0,Ok,3341
507121.468000,99.0,Ok,86.0,Ok,3342
507121.531000,101.0,Ok,91.0,Ok,3343
507121.578000,94.0,Ok,88.0,Ok,3344
507121.625000,103.0,Ok,86.0,Ok,3345
507121.671000,108.0,Ok,84.0,Ok,3346
507121.734000,109.0,Ok,88.0,Ok,3347
507121.781000,100.0,Ok,77.0,Ok,3348
507121.828000,99.0,Ok,84.0,Ok,3349
507121.875000,93.0,Ok,84.0,Ok,3350
507121.937000,100.0,Ok,85.0,Ok,3351
507121.984000,99.0,Ok,83.0,Ok,3352
507122.015000,102.0,Ok,91.0,Ok,3353
507122.078000,99.0,Ok,87.0,Ok,3354
507122.125000,101.0,Ok,87.0,Ok,3355
507122.171000,91.0,Ok,95.0,Ok,3356
507122.234000,104.0,Ok,88.0,Ok,3357
507122.281000,99.0,Ok,92.0,Ok,3358
507122.328000,99.0,Ok,86.0,Ok,3359
507122.375000,99.0,Ok,93.0,Ok,3360
507122.421000,96.0,Ok,91.0,Ok,3361
507122.484000,98.0,Ok,92.0,Ok,3362
507122.515000,96.0,Ok,89.0,Ok,3363
507122.578000,93.0,Ok,90.0,Ok,3364
507122.609000,99.0,Ok,90.0,Ok,3365
507122.671000,96.0,Ok,85.0,Ok,3366
507122.734000,103.0,Ok,93.0,Ok,3367
507122.781000,101.0,Ok,88.0,Ok,3368
507122.828000,105.0,Ok,94.0,Ok,3369
507122.875000,109.0,Ok,93.0,Ok,3370
507122.921000,103.0,Ok,88.0,Ok,3371
507122.984000,96.0,Ok,91.0,Ok,3372
507123.031000,89.0,Ok,83.0,Ok,3373
507123.078000,101.0,Ok,87.0,Ok,3374
507123.125000,104.0,Ok,91.0,Ok,3375
507123.187000,95.0,Ok,94.0,Ok,3376
507123.234000,85.0,Ok,95.0,Ok,3377
507123.281000,89.0,Ok,84.0,Ok,3378
507123.328000,85.0,Ok,88.0,Ok,3379
507123.375000,100.0,Ok,88.0,Ok,3380
507123.437000,100.0,Ok,92.0,Ok,3381
507123.484000,103.0,Ok,84.0,Ok,3382
507123.515000,100.0,Ok,91.0,Ok,3383
507123.578000,93.0,Ok,93.0,Ok,3384
507123.625000,95.0,Ok,93.0,Ok,3385
507123.671000,94.0,Ok,89.0,Ok,3386
507123.734000,93.0,Ok,88.0,Ok,3387
507123.781000,94.0,Ok,86.0,Ok,3388
507123.828000,100.0,Ok,85.0,Ok,3389
507123.875000,98.0,Ok,87.0,Ok,3390
507123.937000,104.0,Ok,89.0,Ok,3391
507123.984000,98.0,Ok,90.0,Ok,3392
507124.031000,94.0,Ok,85.0,Ok,3393
507124.078000,99.0,Ok,91.0,Ok,3394
507124.125000,102.0,Ok,89.0,Ok,3395
507124.187000,103.0,Ok,95.0,Ok,3396
507124.234000,100.0,Ok,95.0,Ok,3397
507124.281000,96.0,Ok,97.0,Ok,3398
507124.328000,101.0,Ok,97.0,Ok,3399
507124.375000,99.0,Ok,100.0,Ok,3400
507124.437000,99.0,Ok,101.0,Ok,3401
507124.468000,101.0,Ok,108.0,Ok,3402
507124.531000,101.0,Ok,114.0,Ok,3403
507124.578000,94.0,Ok,118.0,Ok,3404
507124.625000,94.0,Ok,120.0,Ok,3405
507124.671000,103.0,Ok,172.0,Ok,3406
507124.734000,99.0,Ok,121.0,Ok,3407
507124.781000,102.0,Ok,122.0,Ok,3408
507124.828000,99.0,Ok,119.0,Ok,3409
507124.875000,98.0,Ok,95.0,Ok,3410
507124.937000,98.0,Ok,99.0,Ok,3411
507124.984000,109.0,Ok,107.0,Ok,3412
507125.031000,109.0,Ok,103.0,Ok,3413
507125.078000,99.0,Ok,93.0,Ok,3414
507125.125000,101.0,Ok,92.0,Ok,3415
507125.171000,109.0,Ok,73.0,Ok,3416
507125.234000,105.0,Ok,66.0,Ok,3417
507125.265000,102.0,Ok,71.0,Ok,3418
507125.328000,107.0,Ok,61.0,Ok,3419
507125.375000,107.0,Ok,63.0,Ok,3420
507125.437000,103.0,Ok,67.0,Ok,3421
507125.484000,104.0,Ok,69.0,Ok,3422
507125.531000,107.0,Ok,68.0,Ok,3423
507125.578000,102.0,Ok,76.0,Ok,3424
507125.625000,109.0,Ok,77.0,Ok,3425
507125.671000,110.0,Ok,78.0,Ok,3426
507125.734000,105.0,Ok,83.0,Ok,3427
507125.781000,102.0,Ok,94.0,Ok,3428
507125.828000,102.0,Ok,96.0,Ok,3429
507125.875000,98.0,Ok,96.0,Ok,3430
507125.921000,105.0,Ok,99.0,Ok,3431
507125.984000,102.0,Ok,95.0,Ok,3432
507126.031000,105.0,Ok,96.0,Ok,3433
507126.078000,103.0,Ok,98.0,Ok,3434
507126.125000,99.0,Ok,92.0,Ok,3435
507126.171000,100.0,Ok,93.0,Ok,3436
507126.218000,96.0,Ok,92.0,Ok,3437
507126.265000,98.0,Ok,92.0,Ok,3438
507126.312000,101.0,Ok,94.0,Ok,3439
507126.375000,98.0,Ok,93.0,Ok,3440
507126.421000,100.0,Ok,92.0,Ok,3441
507126.484000,101.0,Ok,90.0,Ok,3442
507126.531000,97.0,Ok,91.0,Ok,3443
507126.578000,97.0,Ok,92.0,Ok,3444
507126.625000,94.0,Ok,90.0,Ok,3445
507126.671000,100.0,Ok,90.0,Ok,3446
507126.718000,100.0,Ok,91.0,Ok,3447
507126.781000,101.0,Ok,97.0,Ok,3448
507126.828000,100.0,Ok,94.0,Ok,3449
507126.875000,99.0,Ok,95.0,Ok,3450
507126.937000,99.0,Ok,94.0,Ok,3451
507126.968000,105.0,Ok,94.0,Ok,3452
507127.031000,102.0,Ok,92.0,Ok,3453
507127.062000,99.0,Ok,94.0,Ok,3454
507127.125000,96.0,Ok,96.0,Ok,3455
507127.171000,104.0,Ok,92.0,Ok,3456
507127.234000,102.0,Ok,91.0,Ok,3457
507127.281000,102.0,Ok,91.0,Ok,3458
507127.328000,100.0,Ok,89.0,Ok,3459
507127.406000,99.0,Ok,91.0,Ok,3460
507127.421000,101.0,Ok,90.0,Ok,3461
507127.484000,100.0,Ok,85.0,Ok,3462
507127.531000,99.0,Ok,92.0,Ok,3463
507127.578000,100.0,Ok,89.0,Ok,3464
507127.625000,100.0,Ok,90.0,Ok,3465
507127.671000,101.0,Ok,91.0,Ok,3466
507127.734000,102.0,Ok,89.0,Ok,3467
507127.765000,99.0,Ok,91.0,Ok,3468
507127.828000,100.0,Ok,90.0,Ok,3469
507127.875000,98.0,Ok,92.0,Ok,3470
507127.921000,103.0,Ok,93.0,Ok,3471
507127.984000,101.0,Ok,92.0,Ok,3472
507128.015000,101.0,Ok,91.0,Ok,3473
507128.078000,100.0,Ok,88.0,Ok,3474
507128.125000,95.0,Ok,89.0,Ok,3475
507128.171000,101.0,Ok,92.0,Ok,3476
507128.234000,102.0,Ok,91.0,Ok,3477
507128.281000,101.0,Ok,91.0,Ok,3478
507128.328000,97.0,Ok,86.0,Ok,3479
507128.375000,101.0,Ok,86.0,Ok,3480
507128.437000,102.0,Ok,85.0,Ok,3481
507128.484000,100.0,Ok,85.0,Ok,3482
507128.531000,99.0,Ok,89.0,Ok,3483
507128.578000,95.0,Ok,89.0,Ok,3484
507128.625000,100.0,Ok,89.0,Ok,3485
507128.687000,104.0,Ok,85.0,Ok,3486
507128.718000,100.0,Ok,91.0,Ok,3487
507128.781000,102.0,Ok,96.0,Ok,3488
507128.812000,102.0,Ok,99.0,Ok,3489
507128.875000,97.0,Ok,106.0,Ok,3490
507128.921000,96.0,Ok,108.0,Ok,3491
507128.984000,99.0,Ok,115.0,Ok,3492
507129.031000,98.0,Ok,124.0,Ok,3493
507129.078000,98.0,Ok,121.0,Ok,3494
507129.125000,92.0,Ok,217.0,Ok,3495
507129.171000,98.0,Ok,131.0,Ok,3496
507129.234000,98.0,Ok,120.0,Ok,3497
507129.281000,99.0,Ok,99.0,Ok,3498
507129.328000,96.0,Ok,101.0,Ok,3499
507129.375000,100.0,Ok,88.0,Ok,3500
507129.437000,101.0,Ok,107.0,Ok,3501
507129.484000,97.0,Ok,94.0,Ok,3502
507129.531000,98.0,Ok,87.0,Ok,3503
507129.578000,104.0,Ok,73.0,Ok,3504
507129.625000,106.0,Ok,70.0,Ok,3505
507129.687000,107.0,Ok,61.0,Ok,3506
507129.718000,112.0,Ok,54.0,Ok,3507
507129.781000,117.0,Ok,58.0,Ok,3508
507129.828000,106.0,Ok,53.0,Ok,3509
507129.890000,106.0,Ok,61.0,Ok,3510
507129.921000,106.0,Ok,65.0,Ok,3511
507129.984000,106.0,Ok,79.0,Ok,3512
507130.031000,106.0,Ok,72.0,Ok,3513
507130.078000,105.0,Ok,82.0,Ok,3514
507130.156000,99.0,Ok,88.0,Ok,3515
507130.171000,112.0,Ok,92.0,Ok,3516
507130.234000,112.0,Ok,92.0,Ok,3517
507130.281000,112.0,Ok,94.0,Ok,3518
507130.328000,106.0,Ok,95.0,Ok,3519
507130.375000,105.0,Ok,95.0,Ok,3520
507130.437000,103.0,Ok,98.0,Ok,3521
507130.484000,104.0,Ok,100.0,Ok,3522
507130.531000,101.0,Ok,98.0,Ok,3523
507130.578000,100.0,Ok,96.0,Ok,3524
507130.625000,99.0,Ok,99.0,Ok,3525
507130.671000,99.0,Ok,95.0,Ok,3526
507130.734000,97.0,Ok,96.0,Ok,3527
507130.781000,98.0,Ok,100.0,Ok,3528
507130.828000,103.0,Ok,93.0,Ok,3529
507130.875000,99.0,Ok,91.0,Ok,3530
507130.921000,97.0,Ok,93.0,Ok,3531
507130.984000,93.0,Ok,91.0,Ok,3532
507131.031000,96.0,Ok,90.0,Ok,3533
507131.078000,96.0,Ok,88.0,Ok,3534
507131.125000,96.0,Ok,81.0,Ok,3535
507131.187000,98.0,Ok,84.0,Ok,3536
507131.234000,97.0,Ok,85.0,Ok,3537
507131.281000,100.0,Ok,84.0,Ok,3538
507131.328000,102.0,Ok,87.0,Ok,3539
507131.375000,99.0,Ok,88.0,Ok,3540
507131.421000,99.0,Ok,86.0,Ok,3541
507131.484000,100.0,Ok,87.0,Ok,3542
507131.531000,102.0,Ok,86.0,Ok,3543
507131.578000,101.0,Ok,85.0,Ok,3544
507131.625000,103.0,Ok,83.0,Ok,3545
507131.671000,103.0,Ok,83.0,Ok,3546
507131.718000,103.0,Ok,78.0,Ok,3547
507131.781000,101.0,Ok,84.0,Ok,3548
507131.828000,96.0,Ok,92.0,Ok,3549
507131.875000,104.0,Ok,77.0,Ok,3550
507131.937000,103.0,Ok,83.0,Ok,3551
507131.984000,103.0,Ok,83.0,Ok,3552
507132.031000,104.0,Ok,83.0,Ok,3553
507132.078000,96.0,Ok,84.0,Ok,3554
507132.125000,99.0,Ok,88.0,Ok,3555
507132.171000,97.0,Ok,84.0,Ok,3556
507132.234000,97.0,Ok,89.0,Ok,3557
507132.281000,101.0,Ok,84.0,Ok,3558
507132.328000,103.0,Ok,83.0,Ok,3559
507132.375000,101.0,Ok,89.0,Ok,3560
507132.421000,100.0,Ok,83.0,Ok,3561
507132.484000,101.0,Ok,87.0,Ok,3562
507132.515000,103.0,Ok,90.0,Ok,3563
507132.578000,100.0,Ok,90.0,Ok,3564
507132.625000,100.0,Ok,89.0,Ok,3565
507132.671000,102.0,Ok,86.0,Ok,3566
507132.734000,104.0,Ok,87.0,Ok,3567
507132.781000,107.0,Ok,85.0,Ok,3568
507132.859000,111.0,Ok,85.0,Ok,3569
507132.875000,106.0,Ok,86.0,Ok,3570
507132.921000,108.0,Ok,86.0,Ok,3571
507132.984000,102.0,Ok,88.0,Ok,3572
507133.031000,105.0,Ok,93.0,Ok,3573
507133.078000,101.0,Ok,92.0,Ok,3574
507133.140000,101.0,Ok,93.0,Ok,3575
507133.187000,104.0,Ok,93.0,Ok,3576
507133.234000,102.0,Ok,97.0,Ok,3577
507133.281000,111.0,Ok,95.0,Ok,3578
507133.328000,114.0,Ok,104.0,Ok,3579
507133.375000,108.0,Ok,108.0,Ok,3580
507133.437000,107.0,Ok,104.0,Ok,3581
507133.484000,104.0,Ok,109.0,Ok,3582
507133.515000,106.0,Ok,114.0,Ok,3583
507133.578000,106.0,Ok,116.0,Ok,3584
507133.625000,101.0,Ok,112.0,Ok,3585
507133.671000,113.0,Ok,121.0,Ok,3586
507133.734000,105.0,Ok,102.0,Ok,3587
507133.781000,113.0,Ok,115.0,Ok,3588
507133.828000,112.0,Ok,100.0,Ok,3589
507133.875000,108.0,Ok,110.0,Ok,3590
507133.937000,106.0,Ok,112.0,Ok,3591
507133.984000,107.0,Ok,101.0,Ok,3592
507134.031000,102.0,Ok,87.0,Ok,3593
507134.062000,114.0,Ok,77.0,Ok,3594
507134.125000,119.0,Ok,67.0,Ok,3595
507134.171000,107.0,Ok,88.0,Ok,3596
507134.218000,111.0,Ok,75.0,Ok,3597
507134.265000,113.0,Ok,70.0,Ok,3598
507134.328000,113.0,Ok,69.0,Ok,3599
507134.375000,114.0,Ok,63.0,Ok,3600
507134.437000,112.0,Ok,70.0,Ok,3601
507134.484000,113.0,Ok,74.0,Ok,3602
507134.531000,107.0,Ok,75.0,Ok,3603
507134.578000,106.0,Ok,78.0,Ok,3604
507134.625000,104.0,Ok,77.0,Ok,3605
507134.671000,99.0,Ok,81.0,Ok,3606
507134.718000,85.0,Ok,84.0,Ok,3607
507134.781000,106.0,Ok,81.0,Ok,3608
507134.828000,105.0,Ok,82.0,Ok,3609
507134.875000,105.0,Ok,80.0,Ok,3610
507134.921000,107.0,Ok,85.0,Ok,3611
507134.984000,101.0,Ok,83.0,Ok,3612
507135.031000,99.0,Ok,83.0,Ok,3613
507135.078000,96.0,Ok,87.0,Ok,3614
507135.125000,100.0,Ok,89.0,Ok,3615
507135.171000,97.0,Ok,81.0,Ok,3616
507135.234000,102.0,Ok,87.0,Ok,3617
507135.281000,103.0,Ok,78.0,Ok,3618
507135.328000,102.0,Ok,87.0,Ok,3619
507135.375000,104.0,Ok,84.0,Ok,3620
507135.421000,105.0,Ok,89.0,Ok,3621
507135.484000,104.0,Ok,80.0,Ok,3622
507135.531000,103.0,Ok,84.0,Ok,3623
507135.578000,99.0,Ok,82.0,Ok,3624
507135.625000,98.0,Ok,84.0,Ok,3625
507135.671000,98.0,Ok,84.0,Ok,3626
507135.734000,104.0,Ok,88.0,Ok,3627
507135.781000,103.0,Ok,84.0,Ok,3628
507135.828000,93.0,Ok,76.0,Ok,3629
507135.875000,105.0,Ok,85.0,Ok,3630
507135.921000,98.0,Ok,82.0,Ok,3631
507135.968000,97.0,Ok,82.0,Ok,3632
507136.015000,102.0,Ok,85.0,Ok,3633
507136.062000,103.0,Ok,82.0,Ok,3634
507136.125000,98.0,Ok,80.0,Ok,3635
507136.171000,104.0,Ok,78.0,Ok,3636
507136.218000,96.0,Ok,84.0,Ok,3637
507136.281000,99.0,Ok,82.0,Ok,3638
507136.328000,102.0,Ok,84.0,Ok,3639
507136.375000,102.0,Ok,83.0,Ok,3640
507136.421000,103.0,Ok,84.0,Ok,3641
507136.484000,104.0,Ok,86.0,Ok,3642
507136.531000,104.0,Ok,88.0,Ok,3643
507136.578000,96.0,Ok,85.0,Ok,3644
507136.625000,100.0,Ok,87.0,Ok,3645
507136.687000,100.0,Ok,88.0,Ok,3646
507136.734000,102.0,Ok,92.0,Ok,3647
507136.781000,103.0,Ok,95.0,Ok,3648
507136.828000,102.0,Ok,95.0,Ok,3649
507136.875000,93.0,Ok,95.0,Ok,3650
507136.921000,101.0,Ok,102.0,Ok,3651
507136.984000,103.0,Ok,102.0,Ok,3652
507137.031000,101.0,Ok,99.0,Ok,3653
507137.078000,102.0,Ok,107.0,Ok,3654
507137.125000,96.0,Ok,101.0,Ok,3655
507137.171000,104.0,Ok,99.0,Ok,3656
507137.218000,102.0,Ok,104.0,Ok,3657
507137.281000,102.0,Ok,102.0,Ok,3658
507137.328000,101.0,Ok,99.0,Ok,3659
507137.375000,103.0,Ok,105.0,Ok,3660
507137.421000,101.0,Ok,100.0,Ok,3661
507137.468000,111.0,Ok,101.0,Ok,3662
507137.531000,105.0,Ok,100.0,Ok,3663
507137.578000,106.0,Ok,99.0,Ok,3664
507137.625000,99.0,Ok,103.0,Ok,3665
507137.687000,100.0,Ok,99.0,Ok,3666
507137.734000,103.0,Ok,99.0,Ok,3667
507137.781000,102.0,Ok,100.0,Ok,3668
507137.828000,102.0,Ok,99.0,Ok,3669
507137.875000,102.0,Ok,100.0,Ok,3670
507137.921000,102.0,Ok,102.0,Ok,3671
507137.968000,102.0,Ok,98.0,Ok,3672
507138.031000,102.0,Ok,100.0,Ok,3673
507138.078000,101.0,Ok,102.0,Ok,3674
507138.125000,100.0,Ok,104.0,Ok,3675
507138.187000,103.0,Ok,111.0,Ok,3676
507138.218000,103.0,Ok,110.0,Ok,3677
507138.343000,102.0,Ok,110.0,Ok,3678
507138.343000,101.0,Ok,118.0,Ok,3679
507138.390000,103.0,Ok,122.0,Ok,3680
507138.437000,102.0,Ok,123.0,Ok,3681
507138.484000,102.0,Ok,130.0,Ok,3682
507138.531000,97.0,Ok,134.0,Ok,3683
507138.578000,99.0,Ok,150.0,Ok,3684
507138.625000,97.0,Ok,130.0,Ok,3685
507138.687000,99.0,Ok,139.0,Ok,3686
507138.734000,100.0,Ok,127.0,Ok,3687
507138.781000,100.0,Ok,115.0,Ok,3688
507138.828000,99.0,Ok,105.0,Ok,3689
507138.875000,109.0,Ok,107.0,Ok,3690
507138.921000,101.0,Ok,83.0,Ok,3691
507138.968000,108.0,Ok,94.0,Ok,3692
507139.031000,96.0,Ok,77.0,Ok,3693
507139.078000,105.0,Ok,66.0,Ok,3694
507139.125000,104.0,Ok,93.0,Ok,3695
507139.171000,103.0,Ok,69.0,Ok,3696
507139.234000,107.0,Ok,61.0,Ok,3697
507139.281000,109.0,Ok,68.0,Ok,3698
507139.328000,108.0,Ok,67.0,Ok,3699
507139.375000,105.0,Ok,78.0,Ok,3700
507139.421000,106.0,Ok,79.0,Ok,3701
507139.468000,107.0,Ok,88.0,Ok,3702
507139.531000,105.0,Ok,95.0,Ok,3703
507139.578000,104.0,Ok,92.0,Ok,3704
507139.625000,105.0,Ok,99.0,Ok,3705
507139.687000,104.0,Ok,101.0,Ok,3706
507139.734000,103.0,Ok,101.0,Ok,3707
507139.781000,106.0,Ok,102.0,Ok,3708
507139.828000,107.0,Ok,104.0,Ok,3709
507139.875000,113.0,Ok,103.0,Ok,3710
507139.921000,113.0,Ok,107.0,Ok,3711
507139.984000,107.0,Ok,106.0,Ok,3712
507140.031000,106.0,Ok,100.0,Ok,3713
507140.078000,106.0,Ok,103.0,Ok,3714
507140.125000,102.0,Ok,105.0,Ok,3715
507140.171000,100.0,Ok,99.0,Ok,3716
507140.234000,105.0,Ok,100.0,Ok,3717
507140.265000,104.0,Ok,99.0,Ok,3718
507140.328000,105.0,Ok,100.0,Ok,3719
507140.375000,100.0,Ok,99.0,Ok,3720
507140.421000,99.0,Ok,99.0,Ok,3721
507140.484000,103.0,Ok,100.0,Ok,3722
507140.531000,103.0,Ok,98.0,Ok,3723
507140.578000,99.0,Ok,100.0,Ok,3724
507140.625000,100.0,Ok,102.0,Ok,3725
507140.671000,99.0,Ok,100.0,Ok,3726
507140.718000,98.0,Ok,99.0,Ok,3727
507140.781000,101.0,Ok,96.0,Ok,3728
507140.828000,99.0,Ok,97.0,Ok,3729
507140.875000,102.0,Ok,100.0,Ok,3730
507140.937000,99.0,Ok,98.0,Ok,3731
507140.984000,99.0,Ok,100.0,Ok,3732
507141.046000,103.0,Ok,105.0,Ok,3733
507141.078000,102.0,Ok,102.0,Ok,3734
507141.125000,99.0,Ok,101.0,Ok,3735
507141.171000,107.0,Ok,99.0,Ok,3736
507141.234000,104.0,Ok,97.0,Ok,3737
507141.281000,98.0,Ok,97.0,Ok,3738
507141.328000,103.0,Ok,98.0,Ok,3739
507141.375000,100.0,Ok,97.0,Ok,3740
507141.421000,100.0,Ok,98.0,Ok,3741
507141.484000,100.0,Ok,96.0,Ok,3742
507141.531000,101.0,Ok,97.0,Ok,3743
507141.578000,100.0,Ok,99.0,Ok,3744
507141.625000,105.0,Ok,98.0,Ok,3745
507141.687000,105.0,Ok,98.0,Ok,3746
507141.734000,107.0,Ok,97.0,Ok,3747
507141.781000,104.0,Ok,99.0,Ok,3748
507141.828000,102.0,Ok,97.0,Ok,3749
507141.875000,104.0,Ok,95.0,Ok,3750
507141.921000,105.0,Ok,96.0,Ok,3751
507141.984000,100.0,Ok,99.0,Ok,3752
507142.031000,106.0,Ok,94.0,Ok,3753
507142.078000,101.0,Ok,94.0,Ok,3754
507142.125000,105.0,Ok,96.0,Ok,3755
507142.171000,102.0,Ok,99.0,Ok,3756
507142.218000,108.0,Ok,95.0,Ok,3757
507142.281000,106.0,Ok,95.0,Ok,3758
507142.328000,103.0,Ok,95.0,Ok,3759
507142.390000,104.0,Ok,96.0,Ok,3760
507142.437000,109.0,Ok,95.0,Ok,3761
507142.484000,102.0,Ok,99.0,Ok,3762
507142.531000,108.0,Ok,98.0,Ok,3763
507142.578000,100.0,Ok,100.0,Ok,3764
507142.625000,102.0,Ok,93.0,Ok,3765
507142.671000,101.0,Ok,95.0,Ok,3766
507142.718000,103.0,Ok,97.0,Ok,3767
507142.765000,101.0,Ok,95.0,Ok,3768
507142.828000,99.0,Ok,94.0,Ok,3769
507142.875000,102.0,Ok,94.0,Ok,3770
507142.921000,107.0,Ok,93.0,Ok,3771
507142.968000,103.0,Ok,101.0,Ok,3772
507143.031000,99.0,Ok,94.0,Ok,3773
507143.078000,102.0,Ok,95.0,Ok,3774
507143.125000,102.0,Ok,94.0,Ok,3775
507143.171000,101.0,Ok,91.0,Ok,3776
507143.234000,101.0,Ok,95.0,Ok,3777
507143.265000,106.0,Ok,103.0,Ok,3778
507143.328000,103.0,Ok,102.0,Ok,3779
507143.375000,103.0,Ok,106.0,Ok,3780
507143.437000,101.0,Ok,108.0,Ok,3781
507143.468000,106.0,Ok,114.0,Ok,3782
507143.531000,105.0,Ok,119.0,Ok,3783
507143.578000,100.0,Ok,125.0,Ok,3784
507143.625000,101.0,Ok,130.0,Ok,3785
507143.687000,99.0,Ok,126.0,Ok,3786
507143.734000,101.0,Ok,129.0,Ok,3787
507143.781000,99.0,Ok,127.0,Ok,3788
507143.828000,95.0,Ok,114.0,Ok,3789
507143.875000,102.0,Ok,112.0,Ok,3790
507143.921000,99.0,Ok,106.0,Ok,3791
507143.984000,99.0,Ok,104.0,Ok,3792
507144.031000,104.0,Ok,101.0,Ok,3793
507144.078000,102.0,Ok,81.0,Ok,3794
507144.125000,102.0,Ok,101.0,Ok,3795
507144.171000,104.0,Ok,106.0,Ok,3796
507144.234000,108.0,Ok,111.0,Ok,3797
507144.281000,110.0,Ok,80.0,Ok,3798
507144.328000,108.0,Ok,59.0,Ok,3799
507144.375000,112.0,Ok,65.0,Ok,3800
507144.421000,124.0,Ok,56.0,Ok,3801
507144.484000,106.0,Ok,54.0,Ok,3802
507144.531000,109.0,Ok,60.0,Ok,3803
507144.578000,104.0,Ok,63.0,Ok,3804
507144.640000,104.0,Ok,70.0,Ok,3805
507144.687000,107.0,Ok,77.0,Ok,3806
507144.734000,107.0,Ok,78.0,Ok,3807
507144.781000,106.0,Ok,84.0,Ok,3808
507144.828000,105.0,Ok,95.0,Ok,3809
507144.875000,103.0,Ok,94.0,Ok,3810
507144.937000,107.0,Ok,102.0,Ok,3811
507144.984000,106.0,Ok,102.0,Ok,3812
507145.031000,110.0,Ok,105.0,Ok,3813
507145.078000,110.0,Ok,110.0,Ok,3814
507145.125000,109.0,Ok,106.0,Ok,3815
507145.171000,109.0,Ok,104.0,Ok,3816
507145.234000,107.0,Ok,104.0,Ok,3817
507145.281000,106.0,Ok,102.0,Ok,3818
507145.328000,107.0,Ok,107.0,Ok,3819
507145.375000,106.0,Ok,98.0,Ok,3820
507145.421000,108.0,Ok,103.0,Ok,3821
507145.468000,114.0,Ok,100.0,Ok,3822
507145.531000,116.0,Ok,98.0,Ok,3823
507145.578000,109.0,Ok,99.0,Ok,3824
507145.625000,107.0,Ok,96.0,Ok,3825
507145.671000,110.0,Ok,102.0,Ok,3826
507145.734000,114.0,Ok,97.0,Ok,3827
507145.781000,107.0,Ok,99.0,Ok,3828
507145.828000,113.0,Ok,100.0,Ok,3829
507145.875000,109.0,Ok,100.0,Ok,3830
507145.937000,104.0,Ok,101.0,Ok,3831
507145.984000,107.0,Ok,94.0,Ok,3832
507146.031000,106.0,Ok,98.0,Ok,3833
507146.062000,107.0,Ok,102.0,Ok,3834
507146.125000,108.0,Ok,106.0,Ok,3835
507146.171000,104.0,Ok,96.0,Ok,3836
507146.234000,105.0,Ok,95.0,Ok,3837
507146.281000,103.0,Ok,92.0,Ok,3838
507146.328000,103.0,Ok,94.0,Ok,3839
507146.375000,108.0,Ok,97.0,Ok,3840
507146.437000,104.0,Ok,99.0,Ok,3841
507146.484000,106.0,Ok,94.0,Ok,3842
507146.531000,104.0,Ok,98.0,Ok,3843
507146.562000,103.0,Ok,102.0,Ok,3844
507146.625000,102.0,Ok,98.0,Ok,3845
507146.671000,103.0,Ok,97.0,Ok,3846
507146.734000,103.0,Ok,98.0,Ok,3847
507146.781000,101.0,Ok,92.0,Ok,3848
507146.828000,100.0,Ok,93.0,Ok,3849
507146.875000,99.0,Ok,93.0,Ok,3850
507146.921000,103.0,Ok,96.0,Ok,3851
507146.984000,103.0,Ok,93.0,Ok,3852
507147.015000,105.0,Ok,93.0,Ok,3853
507147.078000,106.0,Ok,96.0,Ok,3854
507147.125000,109.0,Ok,90.0,Ok,3855
507147.171000,108.0,Ok,94.0,Ok,3856
507147.234000,103.0,Ok,94.0,Ok,3857
507147.281000,103.0,Ok,90.0,Ok,3858
507147.328000,105.0,Ok,95.0,Ok,3859
507147.375000,100.0,Ok,90.0,Ok,3860
507147.421000,99.0,Ok,90.0,Ok,3861
507147.468000,107.0,Ok,91.0,Ok,3862
507147.531000,101.0,Ok,90.0,Ok,3863
507147.578000,104.0,Ok,92.0,Ok,3864
507147.625000,107.0,Ok,91.0,Ok,3865
507147.671000,104.0,Ok,96.0,Ok,3866
507147.718000,106.0,Ok,95.0,Ok,3867
507147.781000,105.0,Ok,94.0,Ok,3868
507147.828000,104.0,Ok,93.0,Ok,3869
507147.875000,102.0,Ok,89.0,Ok,3870
507147.921000,104.0,Ok,91.0,Ok,3871
507147.968000,107.0,Ok,92.0,Ok,3872
507148.031000,107.0,Ok,89.0,Ok,3873
507148.078000,107.0,Ok,90.0,Ok,3874
507148.125000,107.0,Ok,90.0,Ok,3875
507148.171000,111.0,Ok,92.0,Ok,3876
507148.234000,112.0,Ok,88.0,Ok,3877
507148.281000,108.0,Ok,87.0,Ok,3878
507148.328000,110.0,Ok,93.0,Ok,3879
507148.375000,106.0,Ok,89.0,Ok,3880
507148.421000,105.0,Ok,88.0,Ok,3881
507148.484000,105.0,Ok,90.0,Ok,3882
507148.531000,110.0,Ok,96.0,Ok,3883
507148.578000,111.0,Ok,94.0,Ok,3884
507148.625000,113.0,Ok,105.0,Ok,3885
507148.671000,109.0,Ok,102.0,Ok,3886
507148.734000,104.0,Ok,105.0,Ok,3887
507148.765000,104.0,Ok,108.0,Ok,3888
507148.828000,105.0,Ok,119.0,Ok,3889
507148.875000,102.0,Ok,126.0,Ok,3890
507148.937000,100.0,Ok,122.0,Ok,3891
507148.984000,99.0,Ok,121.0,Ok,3892
507149.015000,100.0,Ok,118.0,Ok,3893
507149.078000,99.0,Ok,107.0,Ok,3894
507149.125000,98.0,Ok,118.0,Ok,3895
507149.203000,102.0,Ok,111.0,Ok,3896
507149.218000,110.0,Ok,103.0,Ok,3897
507149.281000,113.0,Ok,96.0,Ok,3898
507149.328000,115.0,Ok,97.0,Ok,3899
507149.390000,114.0,Ok,109.0,Ok,3900
507149.421000,117.0,Ok,109.0,Ok,3901
507149.484000,108.0,Ok,73.0,Ok,3902
507149.531000,114.0,Ok,70.0,Ok,3903
507149.578000,102.0,Ok,63.0,Ok,3904
507149.625000,108.0,Ok,45.0,Ok,3905
507149.671000,105.0,Ok,60.0,Ok,3906
507149.734000,100.0,Ok,58.0,Ok,3907
507149.781000,106.0,Ok,55.0,Ok,3908
507149.828000,107.0,Ok,56.0,Ok,3909
507149.875000,105.0,Ok,62.0,Ok,3910
507149.937000,101.0,Ok,61.0,Ok,3911
507149.984000,104.0,Ok,72.0,Ok,3912
507150.031000,103.0,Ok,80.0,Ok,3913
507150.078000,105.0,Ok,85.0,Ok,3914
507150.125000,105.0,Ok,90.0,Ok,3915
507150.171000,104.0,Ok,95.0,Ok,3916
507150.234000,114.0,Ok,99.0,Ok,3917
507150.281000,104.0,Ok,94.0,Ok,3918
507150.312000,101.0,Ok,92.0,Ok,3919
507150.359000,106.0,Ok,99.0,Ok,3920
507150.421000,106.0,Ok,99.0,Ok,3921
507150.468000,109.0,Ok,97.0,Ok,3922
507150.531000,113.0,Ok,98.0,Ok,3923
507150.609000,108.0,Ok,98.0,Ok,3924
507150.625000,108.0,Ok,98.0,Ok,3925
507150.687000,105.0,Ok,98.0,Ok,3926
507150.734000,112.0,Ok,99.0,Ok,3927
507150.781000,112.0,Ok,98.0,Ok,3928
507150.828000,112.0,Ok,99.0,Ok,3929
507150.875000,112.0,Ok,97.0,Ok,3930
507150.921000,103.0,Ok,98.0,Ok,3931
507150.984000,105.0,Ok,98.0,Ok,3932
507151.031000,102.0,Ok,100.0,Ok,3933
507151.078000,108.0,Ok,100.0,Ok,3934
507151.125000,107.0,Ok,99.0,Ok,3935
507151.187000,100.0,Ok,99.0,Ok,3936
507151.234000,105.0,Ok,97.0,Ok,3937
507151.281000,106.0,Ok,97.0,Ok,3938
507151.328000,107.0,Ok,96.0,Ok,3939
507151.375000,108.0,Ok,99.0,Ok,3940
507151.421000,111.0,Ok,97.0,Ok,3941
507151.468000,110.0,Ok,97.0,Ok,3942
507151.531000,107.0,Ok,95.0,Ok,3943
507151.578000,109.0,Ok,97.0,Ok,3944
507151.625000,103.0,Ok,96.0,Ok,3945
507151.687000,103.0,Ok,99.0,Ok,3946
507151.734000,103.0,Ok,99.0,Ok,3947
507151.781000,107.0,Ok,96.0,Ok,3948
507151.828000,99.0,Ok,98.0,Ok,3949
507151.875000,106.0,Ok,95.0,Ok,3950
507151.937000,106.0,Ok,92.0,Ok,3951
507151.968000,104.0,Ok,96.0,Ok,3952
507152.031000,110.0,Ok,95.0,Ok,3953
507152.078000,107.0,Ok,93.0,Ok,3954
507152.125000,109.0,Ok,91.0,Ok,3955
507152.171000,108.0,Ok,92.0,Ok,3956
507152.234000,109.0,Ok,90.0,Ok,3957
507152.265000,110.0,Ok,93.0,Ok,3958
507152.328000,111.0,Ok,90.0,Ok,3959
507152.375000,109.0,Ok,87.0,Ok,3960
507152.421000,109.0,Ok,92.0,Ok,3961
507152.484000,109.0,Ok,90.0,Ok,3962
507152.531000,104.0,Ok,88.0,Ok,3963
507152.578000,109.0,Ok,85.0,Ok,3964
507152.625000,110.0,Ok,86.0,Ok,3965
507152.687000,104.0,Ok,85.0,Ok,3966
507152.718000,107.0,Ok,89.0,Ok,3967
507152.781000,106.0,Ok,90.0,Ok,3968
507152.828000,102.0,Ok,83.0,Ok,3969
507152.875000,104.0,Ok,88.0,Ok,3970
507152.921000,105.0,Ok,90.0,Ok,3971
507152.968000,103.0,Ok,88.0,Ok,3972
507153.031000,105.0,Ok,89.0,Ok,3973
507153.078000,105.0,Ok,93.0,Ok,3974
507153.125000,107.0,Ok,88.0,Ok,3975
507153.171000,111.0,Ok,91.0,Ok,3976
507153.218000,107.0,Ok,90.0,Ok,3977
507153.296000,104.0,Ok,92.0,Ok,3978
507153.328000,106.0,Ok,91.0,Ok,3979
507153.375000,106.0,Ok,87.0,Ok,3980
507153.421000,107.0,Ok,85.0,Ok,3981
507153.468000,105.0,Ok,85.0,Ok,3982
507153.531000,104.0,Ok,88.0,Ok,3983
507153.578000,105.0,Ok,88.0,Ok,3984
507153.625000,102.0,Ok,87.0,Ok,3985
507153.687000,107.0,Ok,89.0,Ok,3986
507153.718000,104.0,Ok,84.0,Ok,3987
507153.781000,104.0,Ok,90.0,Ok,3988
507153.828000,105.0,Ok,87.0,Ok,3989
507153.875000,103.0,Ok,91.0,Ok,3990
507153.921000,105.0,Ok,92.0,Ok,3991
507153.984000,109.0,Ok,86.0,Ok,3992
507154.031000,106.0,Ok,85.0,Ok,3993
507154.078000,103.0,Ok,90.0,Ok,3994
507154.125000,103.0,Ok,93.0,Ok,3995
507154.187000,102.0,Ok,92.0,Ok,3996
507154.234000,101.0,Ok,91.0,Ok,3997
507154.281000,103.0,Ok,101.0,Ok,3998
507154.328000,108.0,Ok,97.0,Ok,3999
507154.375000,104.0,Ok,99.0,Ok,4000
507154.421000,107.0,Ok,104.0,Ok,4001
507154.484000,105.0,Ok,103.0,Ok,4002
507154.531000,104.0,Ok,111.0,Ok,4003
507154.578000,103.0,Ok,121.0,Ok,4004
507154.609000,104.0,Ok,114.0,Ok,4005
507154.671000,101.0,Ok,152.0,Ok,4006
507154.734000,96.0,Ok,99.0,Ok,4007
507154.781000,96.0,Ok,112.0,Ok,4008
507154.828000,101.0,Ok,98.0,Ok,4009
507154.859000,99.0,Ok,101.0,Ok,4010
507154.921000,103.0,Ok,105.0,Ok,4011
507154.968000,104.0,Ok,93.0,Ok,4012
507155.031000,102.0,Ok,72.0,Ok,4013
507155.078000,109.0,Ok,72.0,Ok,4014
507155.125000,103.0,Ok,71.0,Ok,4015
507155.171000,115.0,Ok,59.0,Ok,4016
507155.234000,117.0,Ok,67.0,Ok,4017
507155.281000,110.0,Ok,65.0,Ok,4018
507155.328000,108.0,Ok,67.0,Ok,4019
507155.375000,105.0,Ok,71.0,Ok,4020
507155.421000,105.0,Ok,74.0,Ok,4021
507155.484000,106.0,Ok,78.0,Ok,4022
507155.531000,107.0,Ok,84.0,Ok,4023
507155.578000,104.0,Ok,84.0,Ok,4024
507155.625000,111.0,Ok,86.0,Ok,4025
507155.687000,107.0,Ok,86.0,Ok,4026
507155.734000,114.0,Ok,93.0,Ok,4027
507155.781000,115.0,Ok,96.0,Ok,4028
507155.828000,106.0,Ok,94.0,Ok,4029
507155.875000,105.0,Ok,92.0,Ok,4030
507155.937000,102.0,Ok,95.0,Ok,4031
507155.984000,100.0,Ok,95.0,Ok,4032
507156.031000,101.0,Ok,92.0,Ok,4033
507156.078000,99.0,Ok,93.0,Ok,4034
507156.125000,96.0,Ok,92.0,Ok,4035
507156.171000,100.0,Ok,90.0,Ok,4036
507156.218000,100.0,Ok,91.0,Ok,4037
507156.265000,96.0,Ok,90.0,Ok,4038
507156.328000,97.0,Ok,89.0,Ok,4039
507156.375000,102.0,Ok,89.0,Ok,4040
507156.421000,101.0,Ok,92.0,Ok,4041
507156.484000,104.0,Ok,89.0,Ok,4042
507156.531000,97.0,Ok,90.0,Ok,4043
507156.593000,99.0,Ok,89.0,Ok,4044
507156.625000,99.0,Ok,89.0,Ok,4045
507156.687000,104.0,Ok,88.0,Ok,4046
507156.734000,102.0,Ok,90.0,Ok,4047
507156.781000,101.0,Ok,90.0,Ok,4048
507156.828000,97.0,Ok,84.0,Ok,4049
507156.875000,99.0,Ok,89.0,Ok,4050
507156.921000,99.0,Ok,86.0,Ok,4051
507156.968000,99.0,Ok,83.0,Ok,4052
507157.015000,93.0,Ok,88.0,Ok,4053
507157.078000,100.0,Ok,88.0,Ok,4054
507157.125000,99.0,Ok,84.0,Ok,4055
507157.171000,103.0,Ok,89.0,Ok,4056
507157.218000,104.0,Ok,85.0,Ok,4057
507157.265000,106.0,Ok,87.0,Ok,4058
507157.312000,106.0,Ok,87.0,Ok,4059
507157.390000,109.0,Ok,87.0,Ok,4060
507157.421000,101.0,Ok,88.0,Ok,4061
507157.468000,106.0,Ok,87.0,Ok,4062
507157.531000,104.0,Ok,87.0,Ok,4063
507157.578000,105.0,Ok,89.0,Ok,4064
507157.625000,105.0,Ok,89.0,Ok,4065
507157.671000,105.0,Ok,87.0,Ok,4066
507157.734000,99.0,Ok,88.0,Ok,4067
507157.765000,103.0,Ok,88.0,Ok,4068
507157.828000,99.0,Ok,89.0,Ok,4069
507157.875000,99.0,Ok,87.0,Ok,4070
507157.921000,93.0,Ok,88.0,Ok,4071
507157.984000,99.0,Ok,89.0,Ok,4072
507158.031000,105.0,Ok,88.0,Ok,4073
507158.078000,105.0,Ok,81.0,Ok,4074
507158.125000,103.0,Ok,84.0,Ok,4075
507158.171000,99.0,Ok,87.0,Ok,4076
507158.234000,97.0,Ok,85.0,Ok,4077
507158.281000,100.0,Ok,85.0,Ok,4078
507158.328000,101.0,Ok,88.0,Ok,4079
507158.375000,99.0,Ok,87.0,Ok,4080
507158.421000,107.0,Ok,87.0,Ok,4081
507158.468000,100.0,Ok,88.0,Ok,4082
507158.531000,105.0,Ok,84.0,Ok,4083
507158.578000,104.0,Ok,87.0,Ok,4084
507158.625000,100.0,Ok,86.0,Ok,4085
507158.671000,102.0,Ok,86.0,Ok,4086
507158.796000,103.0,Ok,91.0,Ok,4087
507158.796000,99.0,Ok,87.0,Ok,4088
507158.828000,101.0,Ok,86.0,Ok,4089
507158.875000,99.0,Ok,86.0,Ok,4090
507158.921000,101.0,Ok,86.0,Ok,4091
507158.984000,95.0,Ok,86.0,Ok,4092
507159.015000,100.0,Ok,88.0,Ok,4093
507159.078000,98.0,Ok,87.0,Ok,4094
507159.125000,99.0,Ok,88.0,Ok,4095
507159.187000,102.0,Ok,92.0,Ok,4096
507159.234000,96.0,Ok,96.0,Ok,4097
507159.281000,100.0,Ok,99.0,Ok,4098
507159.328000,98.0,Ok,98.0,Ok,4099
507159.375000,100.0,Ok,105.0,Ok,4100
507159.421000,93.0,Ok,107.0,Ok,4101
507159.484000,100.0,Ok,112.0,Ok,4102
507159.515000,103.0,Ok,122.0,Ok,4103
507159.562000,99.0,Ok,120.0,Ok,4104
507159.625000,106.0,Ok,102.0,Ok,4105
507159.671000,98.0,Ok,95.0,Ok,4106
507159.734000,99.0,Ok,110.0,Ok,4107
507159.781000,103.0,Ok,109.0,Ok,4108
507159.828000,102.0,Ok,107.0,Ok,4109
507159.859000,105.0,Ok,61.0,Ok,4110
507159.937000,99.0,Ok,110.0,Ok,4111
507159.984000,111.0,Ok,106.0,Ok,4112
507160.031000,105.0,Ok,79.0,Ok,4113
507160.125000,111.0,Ok,70.0,Ok,4114
507160.140000,127.0,Ok,77.0,Ok,4115
507160.187000,105.0,Ok,75.0,Ok,4116
507160.234000,107.0,Ok,63.0,Ok,4117
507160.281000,96.0,Ok,58.0,Ok,4118
507160.328000,99.0,Ok,66.0,Ok,4119
507160.375000,99.0,Ok,64.0,Ok,4120
507160.421000,101.0,Ok,62.0,Ok,4121
507160.484000,104.0,Ok,72.0,Ok,4122
507160.531000,104.0,Ok,70.0,Ok,4123
507160.578000,106.0,Ok,77.0,Ok,4124
507160.625000,107.0,Ok,74.0,Ok,4125
507160.671000,107.0,Ok,79.0,Ok,4126
507160.718000,105.0,Ok,82.0,Ok,4127
507160.765000,110.0,Ok,94.0,Ok,4128
507160.828000,104.0,Ok,97.0,Ok,4129
507160.875000,104.0,Ok,93.0,Ok,4130
507160.921000,103.0,Ok,93.0,Ok,4131
507160.968000,103.0,Ok,90.0,Ok,4132
507161.031000,100.0,Ok,86.0,Ok,4133
507161.078000,99.0,Ok,87.0,Ok,4134
507161.125000,99.0,Ok,96.0,Ok,4135
507161.171000,103.0,Ok,92.0,Ok,4136
507161.234000,106.0,Ok,89.0,Ok,4137
507161.281000,99.0,Ok,94.0,Ok,4138
507161.328000,104.0,Ok,90.0,Ok,4139
507161.375000,104.0,Ok,90.0,Ok,4140
507161.421000,105.0,Ok,89.0,Ok,4141
507161.484000,106.0,Ok,88.0,Ok,4142
507161.515000,106.0,Ok,90.0,Ok,4143
507161.578000,101.0,Ok,89.0,Ok,4144
507161.625000,106.0,Ok,88.0,Ok,4145
507161.671000,99.0,Ok,87.0,Ok,4146
507161.734000,102.0,Ok,87.0,Ok,4147
507161.781000,102.0,Ok,89.0,Ok,4148
507161.828000,107.0,Ok,87.0,Ok,4149
507161.875000,107.0,Ok,85.0,Ok,4150
507161.921000,99.0,Ok,86.0,Ok,4151
507161.984000,104.0,Ok,85.0,Ok,4152
507162.031000,105.0,Ok,84.0,Ok,4153
507162.078000,102.0,Ok,84.0,Ok,4154
507162.125000,95.0,Ok,85.0,Ok,4155
507162.171000,101.0,Ok,86.0,Ok,4156
507162.234000,104.0,Ok,88.0,Ok,4157
507162.281000,101.0,Ok,85.0,Ok,4158
507162.328000,105.0,Ok,86.0,Ok,4159
507162.375000,102.0,Ok,86.0,Ok,4160
507162.421000,103.0,Ok,84.0,Ok,4161
507162.468000,106.0,Ok,86.0,Ok,4162
507162.515000,104.0,Ok,85.0,Ok,4163
507162.578000,105.0,Ok,84.0,Ok,4164
507162.625000,101.0,Ok,86.0,Ok,4165
507162.687000,103.0,Ok,85.0,Ok,4166
507162.734000,100.0,Ok,85.0,Ok,4167
507162.781000,103.0,Ok,86.0,Ok,4168
507162.843000,106.0,Ok,89.0,Ok,4169
507162.875000,107.0,Ok,85.0,Ok,4170
507162.937000,106.0,Ok,86.0,Ok,4171
507162.968000,102.0,Ok,86.0,Ok,4172
507163.015000,103.0,Ok,86.0,Ok,4173
507163.078000,100.0,Ok,86.0,Ok,4174
507163.125000,100.0,Ok,85.0,Ok,4175
507163.171000,103.0,Ok,88.0,Ok,4176
507163.234000,103.0,Ok,85.0,Ok,4177
507163.281000,104.0,Ok,86.0,Ok,4178
507163.328000,104.0,Ok,85.0,Ok,4179
507163.375000,104.0,Ok,86.0,Ok,4180
507163.421000,102.0,Ok,79.0,Ok,4181
507163.484000,104.0,Ok,85.0,Ok,4182
507163.531000,103.0,Ok,86.0,Ok,4183
507163.578000,103.0,Ok,86.0,Ok,4184
507163.609000,103.0,Ok,92.0,Ok,4185
507163.671000,103.0,Ok,87.0,Ok,4186
507163.734000,104.0,Ok,85.0,Ok,4187
507163.781000,102.0,Ok,79.0,Ok,4188
507163.828000,104.0,Ok,83.0,Ok,4189
507163.875000,104.0,Ok,85.0,Ok,4190
507163.921000,105.0,Ok,88.0,Ok,4191
507163.984000,107.0,Ok,87.0,Ok,4192
507164.031000,107.0,Ok,87.0,Ok,4193
507164.078000,102.0,Ok,86.0,Ok,4194
507164.125000,107.0,Ok,87.0,Ok,4195
507164.203000,99.0,Ok,85.0,Ok,4196
507164.218000,104.0,Ok,88.0,Ok,4197
507164.281000,100.0,Ok,90.0,Ok,4198
507164.328000,107.0,Ok,88.0,Ok,4199
507164.375000,107.0,Ok,89.0,Ok,4200
507164.421000,100.0,Ok,88.0,Ok,4201
507164.484000,103.0,Ok,87.0,Ok,4202
507164.531000,100.0,Ok,96.0,Ok,4203
507164.578000,99.0,Ok,91.0,Ok,4204
507164.625000,99.0,Ok,92.0,Ok,4205
507164.671000,103.0,Ok,91.0,Ok,4206
507164.718000,98.0,Ok,96.0,Ok,4207
507164.781000,101.0,Ok,99.0,Ok,4208
507164.828000,100.0,Ok,103.0,Ok,4209
507164.875000,100.0,Ok,109.0,Ok,4210
507164.937000,99.0,Ok,113.0,Ok,4211
507164.984000,99.0,Ok,119.0,Ok,4212
507165.031000,100.0,Ok,119.0,Ok,4213
507165.078000,98.0,Ok,120.0,Ok,4214
507165.125000,99.0,Ok,130.0,Ok,4215
507165.171000,100.0,Ok,134.0,Ok,4216
507165.234000,96.0,Ok,117.0,Ok,4217
507165.281000,103.0,Ok,102.0,Ok,4218
507165.328000,97.0,Ok,103.0,Ok,4219
507165.375000,107.0,Ok,122.0,Ok,4220
507165.421000,102.0,Ok,103.0,Ok,4221
507165.484000,107.0,Ok,104.0,Ok,4222
507165.531000,101.0,Ok,75.0,Ok,4223
507165.578000,99.0,Ok,63.0,Ok,4224
507165.609000,108.0,Ok,61.0,Ok,4225
507165.671000,105.0,Ok,68.0,Ok,4226
507165.734000,106.0,Ok,61.0,Ok,4227
507165.781000,109.0,Ok,58.0,Ok,4228
507165.828000,106.0,Ok,60.0,Ok,4229
507165.875000,115.0,Ok,63.0,Ok,4230
507165.921000,115.0,Ok,65.0,Ok,4231
507165.984000,116.0,Ok,66.0,Ok,4232
507166.031000,120.0,Ok,80.0,Ok,4233
507166.078000,115.0,Ok,83.0,Ok,4234
507166.125000,110.0,Ok,81.0,Ok,4235
507166.187000,107.0,Ok,82.0,Ok,4236
507166.218000,106.0,Ok,87.0,Ok,4237
507166.281000,106.0,Ok,89.0,Ok,4238
507166.328000,106.0,Ok,100.0,Ok,4239
507166.375000,104.0,Ok,96.0,Ok,4240
507166.421000,111.0,Ok,95.0,Ok,4241
507166.468000,102.0,Ok,97.0,Ok,4242
507166.531000,94.0,Ok,98.0,Ok,4243
507166.578000,94.0,Ok,98.0,Ok,4244
507166.625000,124.0,Ok,96.0,Ok,4245
507166.687000,101.0,Ok,95.0,Ok,4246
507166.734000,99.0,Ok,93.0,Ok,4247
507166.781000,94.0,Ok,96.0,Ok,4248
507166.828000,89.0,Ok,98.0,Ok,4249
507166.875000,97.0,Ok,96.0,Ok,4250
507166.937000,97.0,Ok,97.0,Ok,4251
507166.984000,94.0,Ok,91.0,Ok,4252
507167.031000,97.0,Ok,94.0,Ok,4253
507167.078000,105.0,Ok,97.0,Ok,4254
507167.125000,101.0,Ok,92.0,Ok,4255
507167.187000,104.0,Ok,95.0,Ok,4256
507167.234000,95.0,Ok,96.0,Ok,4257
507167.281000,92.0,Ok,92.0,Ok,4258
507167.328000,92.0,Ok,95.0,Ok,4259
507167.375000,89.0,Ok,92.0,Ok,4260
507167.421000,97.0,Ok,91.0,Ok,4261
507167.468000,96.0,Ok,93.0,Ok,4262
507167.531000,117.0,Ok,95.0,Ok,4263
507167.578000,119.0,Ok,90.0,Ok,4264
507167.625000,112.0,Ok,94.0,Ok,4265
507167.687000,109.0,Ok,92.0,Ok,4266
507167.734000,115.0,Ok,91.0,Ok,4267
507167.781000,87.0,Ok,94.0,Ok,4268
507167.828000,89.0,Ok,94.0,Ok,4269
507167.875000,99.0,Ok,91.0,Ok,4270
507167.921000,98.0,Ok,96.0,Ok,4271
507167.984000,95.0,Ok,94.0,Ok,4272
507168.031000,102.0,Ok,91.0,Ok,4273
507168.062000,101.0,Ok,91.0,Ok,4274
507168.109000,103.0,Ok,92.0,Ok,4275
507168.187000,103.0,Ok,92.0,Ok,4276
507168.234000,101.0,Ok,94.0,Ok,4277
507168.281000,69.0,Ok,92.0,Ok,4278
507168.328000,110.0,Ok,91.0,Ok,4279
507168.375000,106.0,Ok,92.0,Ok,4280
507168.421000,94.0,Ok,94.0,Ok,4281
507168.468000,105.0,Ok,90.0,Ok,4282
507168.531000,102.0,Ok,90.0,Ok,4283
507168.578000,96.0,Ok,97.0,Ok,4284
507168.625000,101.0,Ok,89.0,Ok,4285
507168.671000,104.0,Ok,90.0,Ok,4286
507168.734000,95.0,Ok,90.0,Ok,4287
507168.781000,101.0,Ok,89.0,Ok,4288
507168.828000,109.0,Ok,88.0,Ok,4289
507168.875000,108.0,Ok,84.0,Ok,4290
507168.937000,103.0,Ok,89.0,Ok,4291
507168.984000,95.0,Ok,95.0,Ok,4292
507169.031000,93.0,Ok,96.0,Ok,4293
507169.078000,93.0,Ok,93.0,Ok,4294
507169.125000,92.0,Ok,96.0,Ok,4295
507169.171000,86.0,Ok,92.0,Ok,4296
507169.218000,111.0,Ok,96.0,Ok,4297
507169.265000,92.0,Ok,92.0,Ok,4298
507169.312000,79.0,Ok,91.0,Ok,4299
507169.375000,80.0,Ok,93.0,Ok,4300
507169.437000,85.0,Ok,89.0,Ok,4301
507169.468000,89.0,Ok,86.0,Ok,4302
507169.531000,92.0,Ok,86.0,Ok,4303
507169.578000,75.0,Ok,85.0,Ok,4304
507169.625000,87.0,Ok,90.0,Ok,4305
507169.671000,92.0,Ok,86.0,Ok,4306
507169.718000,88.0,Ok,82.0,Ok,4307
507169.781000,84.0,Ok,83.0,Ok,4308
507169.828000,96.0,Ok,83.0,Ok,4309
507169.875000,100.0,Ok,77.0,Ok,4310
507169.921000,104.0,Ok,86.0,Ok,4311
507169.968000,93.0,Ok,84.0,Ok,4312
507170.031000,95.0,Ok,83.0,Ok,4313
507170.078000,101.0,Ok,83.0,Ok,4314
507170.125000,94.0,Ok,80.0,Ok,4315
507170.171000,99.0,Ok,79.0,Ok,4316
507170.234000,98.0,Ok,81.0,Ok,4317
507170.265000,101.0,Ok,78.0,Ok,4318
507170.312000,105.0,Ok,76.0,Ok,4319
507170.375000,93.0,Ok,76.0,Ok,4320
507170.421000,92.0,Ok,82.0,Ok,4321
507170.468000,86.0,Ok,83.0,Ok,4322
507170.531000,82.0,Ok,78.0,Ok,4323
507170.578000,91.0,Ok,79.0,Ok,4324
507170.625000,76.0,Ok,86.0,Ok,4325
507170.671000,52.0,Ok,82.0,Ok,4326
507170.734000,99.0,Ok,80.0,Ok,4327
507170.781000,91.0,Ok,76.0,Ok,4328
507170.828000,91.0,Ok,76.0,Ok,4329
507170.875000,94.0,Ok,76.0,Ok,4330
507170.921000,76.0,Ok,71.0,Ok,4331
507170.968000,80.0,Ok,69.0,Ok,4332
507171.062000,78.0,Ok,70.0,Ok,4333
507171.078000,75.0,Ok,69.0,Ok,4334
507171.125000,80.0,Ok,68.0,Ok,4335
507171.171000,77.0,Ok,68.0,Ok,4336
507171.218000,78.0,Ok,66.0,Ok,4337
507171.265000,76.0,Ok,62.0,Ok,4338
507171.328000,72.0,Ok,64.0,Ok,4339
507171.375000,75.0,Ok,61.0,Ok,4340
507171.437000,70.0,Ok,69.0,Ok,4341
507171.484000,73.0,Ok,63.0,Ok,4342
507171.531000,74.0,Ok,64.0,Ok,4343
507171.578000,76.0,Ok,72.0,Ok,4344
507171.625000,75.0,Ok,76.0,Ok,4345
507171.687000,75.0,Ok,70.0,Ok,4346
507171.718000,75.0,Ok,76.0,Ok,4347
507171.765000,81.0,Ok,79.0,Ok,4348
507171.828000,82.0,Ok,78.0,Ok,4349
507171.875000,87.0,Ok,81.0,Ok,4350
507171.921000,87.0,Ok,78.0,Ok,4351
507171.984000,88.0,Ok,82.0,Ok,4352
507172.031000,86.0,Ok,82.0,Ok,4353
507172.078000,89.0,Ok,89.0,Ok,4354
507172.125000,89.0,Ok,87.0,Ok,4355
507172.171000,93.0,Ok,89.0,Ok,4356
507172.234000,95.0,Ok,83.0,Ok,4357
507172.281000,92.0,Ok,90.0,Ok,4358
507172.328000,96.0,Ok,81.0,Ok,4359
507172.375000,97.0,Ok,83.0,Ok,4360
507172.421000,97.0,Ok,87.0,Ok,4361
507172.484000,92.0,Ok,87.0,Ok,4362
507172.531000,95.0,Ok,77.0,Ok,4363
507172.578000,90.0,Ok,84.0,Ok,4364
507172.625000,91.0,Ok,80.0,Ok,4365
507172.671000,92.0,Ok,75.0,Ok,4366
507172.718000,91.0,Ok,69.0,Ok,4367
507172.781000,90.0,Ok,74.0,Ok,4368
507172.828000,88.0,Ok,72.0,Ok,4369
507172.875000,87.0,Ok,73.0,Ok,4370
507172.921000,90.0,Ok,76.0,Ok,4371
507172.984000,86.0,Ok,71.0,Ok,4372
507173.031000,86.0,Ok,75.0,Ok,4373
507173.078000,84.0,Ok,70.0,Ok,4374
507173.125000,85.0,Ok,76.0,Ok,4375
507173.171000,85.0,Ok,72.0,Ok,4376
507173.234000,88.0,Ok,70.0,Ok,4377
507173.281000,86.0,Ok,78.0,Ok,4378
507173.328000,89.0,Ok,71.0,Ok,4379
507173.375000,91.0,Ok,79.0,Ok,4380
507173.421000,87.0,Ok,74.0,Ok,4381
507173.468000,88.0,Ok,77.0,Ok,4382
507173.531000,87.0,Ok,83.0,Ok,4383
507173.578000,96.0,Ok,82.0,Ok,4384
507173.625000,89.0,Ok,78.0,Ok,4385
507173.671000,92.0,Ok,84.0,Ok,4386
507173.781000,92.0,Ok,78.0,Ok,4387
507173.781000,88.0,Ok,78.0,Ok,4388
507173.828000,86.0,Ok,79.0,Ok,4389
507173.875000,88.0,Ok,75.0,Ok,4390
507173.921000,89.0,Ok,80.0,Ok,4391
507173.984000,90.0,Ok,80.0,Ok,4392
507174.015000,87.0,Ok,87.0,Ok,4393
507174.078000,88.0,Ok,77.0,Ok,4394
507174.125000,86.0,Ok,81.0,Ok,4395
507174.171000,90.0,Ok,87.0,Ok,4396
507174.218000,89.0,Ok,79.0,Ok,4397
507174.265000,89.0,Ok,84.0,Ok,4398
507174.328000,87.0,Ok,88.0,Ok,4399
507174.375000,89.0,Ok,81.0,Ok,4400
507174.421000,90.0,Ok,87.0,Ok,4401
507174.468000,88.0,Ok,84.0,Ok,4402
507174.531000,88.0,Ok,84.0,Ok,4403
507174.578000,90.0,Ok,81.0,Ok,4404
507174.625000,90.0,Ok,75.0,Ok,4405
507174.671000,92.0,Ok,83.0,Ok,4406
507174.734000,92.0,Ok,81.0,Ok,4407
507174.781000,92.0,Ok,94.0,Ok,4408
507174.828000,88.0,Ok,87.0,Ok,4409
507174.875000,94.0,Ok,105.0,Ok,4410
507174.937000,91.0,Ok,104.0,Ok,4411
507174.984000,90.0,Ok,94.0,Ok,4412
507175.031000,90.0,Ok,95.0,Ok,4413
507175.078000,90.0,Ok,98.0,Ok,4414
507175.125000,89.0,Ok,98.0,Ok,4415
507175.171000,88.0,Ok,99.0,Ok,4416
507175.218000,94.0,Ok,95.0,Ok,4417
507175.281000,86.0,Ok,95.0,Ok,4418
507175.328000,93.0,Ok,94.0,Ok,4419
507175.375000,90.0,Ok,96.0,Ok,4420
507175.437000,92.0,Ok,96.0,Ok,4421
507175.484000,92.0,Ok,86.0,Ok,4422
507175.531000,92.0,Ok,88.0,Ok,4423
507175.578000,92.0,Ok,93.0,Ok,4424
507175.625000,90.0,Ok,97.0,Ok,4425
507175.671000,94.0,Ok,95.0,Ok,4426
507175.718000,91.0,Ok,97.0,Ok,4427
507175.765000,90.0,Ok,87.0,Ok,4428
507175.828000,94.0,Ok,88.0,Ok,4429
507175.875000,92.0,Ok,94.0,Ok,4430
507175.921000,90.0,Ok,96.0,Ok,4431
507175.968000,91.0,Ok,90.0,Ok,4432
507176.031000,92.0,Ok,88.0,Ok,4433
507176.078000,90.0,Ok,89.0,Ok,4434
507176.125000,90.0,Ok,88.0,Ok,4435
507176.171000,93.0,Ok,99.0,Ok,4436
507176.234000,92.0,Ok,98.0,Ok,4437
507176.281000,91.0,Ok,98.0,Ok,4438
507176.328000,92.0,Ok,94.0,Ok,4439
507176.375000,91.0,Ok,90.0,Ok,4440
507176.421000,94.0,Ok,88.0,Ok,4441
507176.484000,84.0,Ok,91.0,Ok,4442
507176.531000,92.0,Ok,93.0,Ok,4443
507176.578000,88.0,Ok,92.0,Ok,4444
507176.625000,92.0,Ok,91.0,Ok,4445
507176.671000,93.0,Ok,87.0,Ok,4446
507176.734000,92.0,Ok,98.0,Ok,4447
507176.781000,92.0,Ok,87.0,Ok,4448
507176.828000,90.0,Ok,92.0,Ok,4449
507176.875000,92.0,Ok,88.0,Ok,4450
507176.921000,89.0,Ok,88.0,Ok,4451
507176.984000,91.0,Ok,89.0,Ok,4452
507177.031000,94.0,Ok,98.0,Ok,4453
507177.078000,92.0,Ok,99.0,Ok,4454
507177.125000,91.0,Ok,96.0,Ok,4455
507177.171000,92.0,Ok,91.0,Ok,4456
507177.218000,95.0,Ok,97.0,Ok,4457
507177.265000,92.0,Ok,98.0,Ok,4458
507177.328000,90.0,Ok,94.0,Ok,4459
507177.375000,94.0,Ok,96.0,Ok,4460
507177.421000,91.0,Ok,92.0,Ok,4461
507177.484000,90.0,Ok,93.0,Ok,4462
507177.531000,92.0,Ok,96.0,Ok,4463
507177.578000,93.0,Ok,95.0,Ok,4464
507177.625000,97.0,Ok,97.0,Ok,4465
507177.671000,91.0,Ok,98.0,Ok,4466
507177.718000,94.0,Ok,97.0,Ok,4467
507177.765000,92.0,Ok,94.0,Ok,4468
507177.843000,92.0,Ok,97.0,Ok,4469
507177.875000,91.0,Ok,97.0,Ok,4470
507177.937000,92.0,Ok,97.0,Ok,4471
507177.984000,94.0,Ok,97.0,Ok,4472
507178.031000,93.0,Ok,95.0,Ok,4473
507178.078000,92.0,Ok,97.0,Ok,4474
507178.125000,93.0,Ok,99.0,Ok,4475
507178.171000,92.0,Ok,99.0,Ok,4476
507178.218000,96.0,Ok,99.0,Ok,4477
507178.265000,92.0,Ok,96.0,Ok,4478
507178.312000,92.0,Ok,97.0,Ok,4479
507178.375000,91.0,Ok,96.0,Ok,4480
507178.421000,97.0,Ok,98.0,Ok,4481
507178.468000,92.0,Ok,96.0,Ok,4482
507178.515000,91.0,Ok,97.0,Ok,4483
507178.578000,93.0,Ok,97.0,Ok,4484
507178.625000,92.0,Ok,96.0,Ok,4485
507178.671000,96.0,Ok,94.0,Ok,4486
507178.718000,91.0,Ok,97.0,Ok,4487
507178.781000,94.0,Ok,96.0,Ok,4488
507178.828000,96.0,Ok,98.0,Ok,4489
507178.875000,94.0,Ok,97.0,Ok,4490
507178.921000,94.0,Ok,98.0,Ok,4491
507178.968000,93.0,Ok,96.0,Ok,4492
507179.031000,93.0,Ok,98.0,Ok,4493
507179.078000,96.0,Ok,97.0,Ok,4494
507179.125000,92.0,Ok,97.0,Ok,4495
507179.203000,88.0,Ok,98.0,Ok,4496
507179.218000,92.0,Ok,98.0,Ok,4497
507179.281000,94.0,Ok,99.0,Ok,4498
507179.328000,92.0,Ok,98.0,Ok,4499
507179.375000,92.0,Ok,98.0,Ok,4500
507179.421000,92.0,Ok,97.0,Ok,4501
507179.484000,95.0,Ok,96.0,Ok,4502
507179.531000,93.0,Ok,96.0,Ok,4503
507179.578000,92.0,Ok,97.0,Ok,4504
507179.625000,92.0,Ok,98.0,Ok,4505
507179.671000,92.0,Ok,98.0,Ok,4506
507179.734000,95.0,Ok,98.0,Ok,4507
507179.781000,93.0,Ok,98.0,Ok,4508
507179.828000,92.0,Ok,97.0,Ok,4509
507179.875000,92.0,Ok,98.0,Ok,4510
507179.921000,93.0,Ok,98.0,Ok,4511
507179.984000,91.0,Ok,98.0,Ok,4512
507180.031000,92.0,Ok,97.0,Ok,4513
507180.078000,94.0,Ok,98.0,Ok,4514
507180.125000,94.0,Ok,98.0,Ok,4515
507180.187000,92.0,Ok,98.0,Ok,4516
507180.218000,92.0,Ok,100.0,Ok,4517
507180.281000,92.0,Ok,98.0,Ok,4518
507180.312000,92.0,Ok,91.0,Ok,4519
507180.375000,91.0,Ok,92.0,Ok,4520
507180.421000,92.0,Ok,98.0,Ok,4521
507180.468000,92.0,Ok,90.0,Ok,4522
507180.515000,92.0,Ok,96.0,Ok,4523
507180.562000,92.0,Ok,95.0,Ok,4524
507180.625000,93.0,Ok,91.0,Ok,4525
507180.671000,86.0,Ok,94.0,Ok,4526
507180.734000,92.0,Ok,95.0,Ok,4527
507180.765000,91.0,Ok,95.0,Ok,4528
507180.828000,93.0,Ok,96.0,Ok,4529
507180.875000,92.0,Ok,95.0,Ok,4530
507180.921000,89.0,Ok,96.0,Ok,4531
507180.968000,89.0,Ok,93.0,Ok,4532
507181.015000,90.0,Ok,100.0,Ok,4533
507181.078000,92.0,Ok,100.0,Ok,4534
507181.125000,90.0,Ok,96.0,Ok,4535
507181.171000,90.0,Ok,99.0,Ok,4536
507181.234000,91.0,Ok,99.0,Ok,4537
507181.281000,92.0,Ok,85.0,Ok,4538
507181.328000,91.0,Ok,86.0,Ok,4539
507181.375000,92.0,Ok,93.0,Ok,4540
507181.421000,92.0,Ok,94.0,Ok,4541
507181.468000,94.0,Ok,95.0,Ok,4542
507181.531000,91.0,Ok,97.0,Ok,4543
507181.578000,90.0,Ok,95.0,Ok,4544
507181.625000,95.0,Ok,92.0,Ok,4545
507181.671000,94.0,Ok,94.0,Ok,4546
507181.718000,91.0,Ok,94.0,Ok,4547
507181.781000,90.0,Ok,91.0,Ok,4548
507181.828000,92.0,Ok,84.0,Ok,4549
507181.875000,90.0,Ok,87.0,Ok,4550
507181.921000,95.0,Ok,89.0,Ok,4551
507181.984000,91.0,Ok,94.0,Ok,4552
507182.031000,91.0,Ok,88.0,Ok,4553
507182.078000,91.0,Ok,94.0,Ok,4554
507182.125000,93.0,Ok,96.0,Ok,4555
507182.171000,91.0,Ok,96.0,Ok,4556
507182.218000,92.0,Ok,95.0,Ok,4557
507182.281000,91.0,Ok,93.0,Ok,4558
507182.328000,94.0,Ok,97.0,Ok,4559
507182.375000,92.0,Ok,92.0,Ok,4560
507182.421000,93.0,Ok,96.0,Ok,4561
507182.468000,92.0,Ok,95.0,Ok,4562
507182.531000,92.0,Ok,95.0,Ok,4563
507182.578000,91.0,Ok,97.0,Ok,4564
507182.625000,93.0,Ok,95.0,Ok,4565
507182.671000,90.0,Ok,100.0,Ok,4566
507182.734000,92.0,Ok,99.0,Ok,4567
507182.781000,92.0,Ok,93.0,Ok,4568
507182.828000,93.0,Ok,98.0,Ok,4569
507182.875000,96.0,Ok,97.0,Ok,4570
507182.921000,94.0,Ok,96.0,Ok,4571
507182.984000,93.0,Ok,95.0,Ok,4572
507183.031000,92.0,Ok,97.0,Ok,4573
507183.078000,92.0,Ok,98.0,Ok,4574
507183.125000,91.0,Ok,97.0,Ok,4575
507183.171000,92.0,Ok,98.0,Ok,4576
507183.218000,90.0,Ok,100.0,Ok,4577
507183.328000,92.0,Ok,94.0,Ok,4578
507183.328000,95.0,Ok,100.0,Ok,4579
507183.375000,91.0,Ok,98.0,Ok,4580
507183.437000,95.0,Ok,93.0,Ok,4581
507183.484000,93.0,Ok,97.0,Ok,4582
507183.531000,94.0,Ok,97.0,Ok,4583
507183.578000,95.0,Ok,94.0,Ok,4584
507183.625000,92.0,Ok,99.0,Ok,4585
507183.671000,92.0,Ok,94.0,Ok,4586
507183.718000,91.0,Ok,94.0,Ok,4587
507183.781000,95.0,Ok,98.0,Ok,4588
507183.828000,90.0,Ok,94.0,Ok,4589
507183.875000,91.0,Ok,98.0,Ok,4590
507183.921000,92.0,Ok,99.0,Ok,4591
507183.984000,92.0,Ok,92.0,Ok,4592
507184.031000,90.0,Ok,92.0,Ok,4593
507184.078000,92.0,Ok,102.0,Ok,4594
507184.125000,92.0,Ok,104.0,Ok,4595
507184.171000,94.0,Ok,97.0,Ok,4596
507184.234000,92.0,Ok,96.0,Ok,4597
507184.265000,91.0,Ok,84.0,Ok,4598
507184.328000,92.0,Ok,100.0,Ok,4599
507184.375000,92.0,Ok,101.0,Ok,4600
507184.421000,93.0,Ok,97.0,Ok,4601
507184.484000,91.0,Ok,92.0,Ok,4602
507184.531000,91.0,Ok,100.0,Ok,4603
507184.578000,92.0,Ok,96.0,Ok,4604
507184.656000,90.0,Ok,100.0,Ok,4605
507184.671000,92.0,Ok,96.0,Ok,4606
507184.718000,90.0,Ok,95.0,Ok,4607
507184.781000,91.0,Ok,91.0,Ok,4608
507184.828000,93.0,Ok,97.0,Ok,4609
507184.875000,96.0,Ok,92.0,Ok,4610
507184.921000,91.0,Ok,93.0,Ok,4611
507184.968000,90.0,Ok,97.0,Ok,4612
507185.031000,92.0,Ok,96.0,Ok,4613
507185.078000,91.0,Ok,91.0,Ok,4614
507185.125000,91.0,Ok,94.0,Ok,4615
507185.171000,90.0,Ok,89.0,Ok,4616
507185.218000,89.0,Ok,90.0,Ok,4617
507185.281000,90.0,Ok,88.0,Ok,4618
507185.328000,93.0,Ok,86.0,Ok,4619
507185.375000,87.0,Ok,89.0,Ok,4620
507185.421000,88.0,Ok,94.0,Ok,4621
507185.484000,95.0,Ok,85.0,Ok,4622
507185.531000,91.0,Ok,85.0,Ok,4623
507185.578000,90.0,Ok,91.0,Ok,4624
507185.625000,88.0,Ok,88.0,Ok,4625
507185.671000,84.0,Ok,97.0,Ok,4626
507185.718000,89.0,Ok,87.0,Ok,4627
507185.781000,79.0,Ok,86.0,Ok,4628
507185.828000,85.0,Ok,86.0,Ok,4629
507185.875000,85.0,Ok,89.0,Ok,4630
507185.921000,92.0,Ok,98.0,Ok,4631
507185.984000,84.0,Ok,95.0,Ok,4632
507186.031000,89.0,Ok,92.0,Ok,4633
507186.078000,90.0,Ok,93.0,Ok,4634
507186.125000,91.0,Ok,96.0,Ok,4635
507186.171000,89.0,Ok,92.0,Ok,4636
507186.218000,90.0,Ok,100.0,Ok,4637
507186.281000,89.0,Ok,99.0,Ok,4638
507186.328000,88.0,Ok,94.0,Ok,4639
507186.375000,91.0,Ok,93.0,Ok,4640
507186.421000,92.0,Ok,98.0,Ok,4641
507186.468000,89.0,Ok,99.0,Ok,4642
507186.531000,90.0,Ok,98.0,Ok,4643
507186.578000,85.0,Ok,90.0,Ok,4644
507186.625000,90.0,Ok,93.0,Ok,4645
507186.671000,90.0,Ok,90.0,Ok,4646
507186.734000,92.0,Ok,91.0,Ok,4647
507186.765000,91.0,Ok,98.0,Ok,4648
507186.828000,88.0,Ok,93.0,Ok,4649
507186.875000,88.0,Ok,90.0,Ok,4650
507186.921000,87.0,Ok,87.0,Ok,4651
507186.984000,89.0,Ok,86.0,Ok,4652
507187.031000,89.0,Ok,90.0,Ok,4653
507187.078000,87.0,Ok,86.0,Ok,4654
507187.125000,87.0,Ok,89.0,Ok,4655
507187.187000,91.0,Ok,92.0,Ok,4656
507187.234000,89.0,Ok,95.0,Ok,4657
507187.281000,86.0,Ok,94.0,Ok,4658
507187.328000,90.0,Ok,92.0,Ok,4659
507187.375000,91.0,Ok,87.0,Ok,4660
507187.437000,88.0,Ok,98.0,Ok,4661
507187.468000,89.0,Ok,99.0,Ok,4662
507187.531000,89.0,Ok,97.0,Ok,4663
507187.578000,93.0,Ok,100.0,Ok,4664
507187.625000,89.0,Ok,99.0,Ok,4665
507187.671000,88.0,Ok,101.0,Ok,4666
507187.734000,92.0,Ok,101.0,Ok,4667
507187.781000,84.0,Ok,102.0,Ok,4668
507187.828000,89.0,Ok,99.0,Ok,4669
507187.875000,94.0,Ok,102.0,Ok,4670
507187.921000,92.0,Ok,100.0,Ok,4671
507187.968000,89.0,Ok,93.0,Ok,4672
507188.031000,89.0,Ok,99.0,Ok,4673
507188.062000,87.0,Ok,97.0,Ok,4674
507188.125000,88.0,Ok,99.0,Ok,4675
507188.171000,90.0,Ok,98.0,Ok,4676
507188.218000,89.0,Ok,93.0,Ok,4677
507188.265000,90.0,Ok,94.0,Ok,4678
507188.328000,93.0,Ok,93.0,Ok,4679
507188.375000,87.0,Ok,88.0,Ok,4680
507188.421000,91.0,Ok,94.0,Ok,4681
507188.468000,89.0,Ok,90.0,Ok,4682
507188.531000,81.0,Ok,96.0,Ok,4683
507188.578000,90.0,Ok,95.0,Ok,4684
507188.609000,88.0,Ok,95.0,Ok,4685
507188.656000,88.0,Ok,97.0,Ok,4686
507188.734000,88.0,Ok,97.0,Ok,4687
507188.781000,88.0,Ok,98.0,Ok,4688
507188.828000,88.0,Ok,96.0,Ok,4689
507188.875000,91.0,Ok,99.0,Ok,4690
507188.937000,87.0,Ok,97.0,Ok,4691
507188.968000,92.0,Ok,99.0,Ok,4692
507189.015000,92.0,Ok,97.0,Ok,4693
507189.078000,88.0,Ok,97.0,Ok,4694
507189.125000,91.0,Ok,98.0,Ok,4695
507189.171000,91.0,Ok,99.0,Ok,4696
507189.218000,90.0,Ok,96.0,Ok,4697
507189.265000,88.0,Ok,90.0,Ok,4698
507189.328000,93.0,Ok,94.0,Ok,4699
507189.375000,89.0,Ok,96.0,Ok,4700
507189.421000,91.0,Ok,89.0,Ok,4701
507189.484000,92.0,Ok,85.0,Ok,4702
507189.531000,88.0,Ok,87.0,Ok,4703
507189.578000,93.0,Ok,94.0,Ok,4704
507189.625000,91.0,Ok,89.0,Ok,4705
507189.671000,92.0,Ok,93.0,Ok,4706
507189.734000,89.0,Ok,92.0,Ok,4707
507189.765000,90.0,Ok,92.0,Ok,4708
507189.828000,89.0,Ok,94.0,Ok,4709
507189.875000,90.0,Ok,91.0,Ok,4710
507189.921000,90.0,Ok,95.0,Ok,4711
507189.968000,92.0,Ok,87.0,Ok,4712
507190.031000,89.0,Ok,92.0,Ok,4713
507190.109000,94.0,Ok,86.0,Ok,4714
507190.125000,90.0,Ok,89.0,Ok,4715
507190.171000,92.0,Ok,94.0,Ok,4716
507190.234000,91.0,Ok,86.0,Ok,4717
507190.281000,92.0,Ok,87.0,Ok,4718
507190.328000,90.0,Ok,85.0,Ok,4719
507190.375000,92.0,Ok,84.0,Ok,4720
507190.421000,92.0,Ok,86.0,Ok,4721
507190.484000,89.0,Ok,82.0,Ok,4722
507190.515000,94.0,Ok,94.0,Ok,4723
507190.578000,92.0,Ok,96.0,Ok,4724
507190.625000,89.0,Ok,95.0,Ok,4725
507190.671000,91.0,Ok,95.0,Ok,4726
507190.734000,92.0,Ok,96.0,Ok,4727
507190.781000,93.0,Ok,95.0,Ok,4728
507190.828000,90.0,Ok,97.0,Ok,4729
507190.875000,92.0,Ok,96.0,Ok,4730
507190.937000,93.0,Ok,95.0,Ok,4731
507190.984000,87.0,Ok,95.0,Ok,4732
507191.031000,93.0,Ok,96.0,Ok,4733
507191.078000,89.0,Ok,95.0,Ok,4734
507191.125000,91.0,Ok,95.0,Ok,4735
507191.171000,92.0,Ok,96.0,Ok,4736
507191.234000,88.0,Ok,94.0,Ok,4737
507191.281000,90.0,Ok,95.0,Ok,4738
507191.328000,92.0,Ok,95.0,Ok,4739
507191.375000,88.0,Ok,97.0,Ok,4740
507191.421000,88.0,Ok,95.0,Ok,4741
507191.484000,88.0,Ok,96.0,Ok,4742
507191.515000,90.0,Ok,97.0,Ok,4743
507191.578000,90.0,Ok,96.0,Ok,4744
507191.625000,91.0,Ok,95.0,Ok,4745
507191.671000,91.0,Ok,95.0,Ok,4746
507191.734000,92.0,Ok,96.0,Ok,4747
507191.781000,92.0,Ok,96.0,Ok,4748
507191.828000,91.0,Ok,97.0,Ok,4749
507191.875000,91.0,Ok,95.0,Ok,4750
507191.921000,90.0,Ok,96.0,Ok,4751
507191.968000,94.0,Ok,95.0,Ok,4752
507192.031000,88.0,Ok,95.0,Ok,4753
507192.078000,93.0,Ok,94.0,Ok,4754
507192.125000,94.0,Ok,95.0,Ok,4755
507192.171000,89.0,Ok,96.0,Ok,4756
507192.234000,89.0,Ok,94.0,Ok,4757
507192.281000,91.0,Ok,95.0,Ok,4758
507192.328000,90.0,Ok,95.0,Ok,4759
507192.375000,87.0,Ok,92.0,Ok,4760
507192.421000,89.0,Ok,94.0,Ok,4761
507192.484000,91.0,Ok,96.0,Ok,4762
507192.515000,96.0,Ok,92.0,Ok,4763
507192.562000,90.0,Ok,94.0,Ok,4764
507192.625000,92.0,Ok,95.0,Ok,4765
507192.671000,91.0,Ok,93.0,Ok,4766
507192.718000,92.0,Ok,97.0,Ok,4767
507192.781000,92.0,Ok,95.0,Ok,4768
507192.843000,93.0,Ok,96.0,Ok,4769
507192.875000,88.0,Ok,96.0,Ok,4770
507192.921000,92.0,Ok,95.0,Ok,4771
507192.968000,92.0,Ok,93.0,Ok,4772
507193.015000,93.0,Ok,89.0,Ok,4773
507193.078000,90.0,Ok,95.0,Ok,4774
507193.125000,93.0,Ok,95.0,Ok,4775
507193.171000,92.0,Ok,94.0,Ok,4776
507193.234000,89.0,Ok,95.0,Ok,4777
507193.281000,89.0,Ok,94.0,Ok,4778
507193.328000,92.0,Ok,95.0,Ok,4779
507193.375000,90.0,Ok,93.0,Ok,4780
507193.421000,92.0,Ok,97.0,Ok,4781
507193.468000,88.0,Ok,96.0,Ok,4782
507193.531000,92.0,Ok,98.0,Ok,4783
507193.578000,89.0,Ok,91.0,Ok,4784
507193.625000,87.0,Ok,97.0,Ok,4785
507193.671000,91.0,Ok,98.0,Ok,4786
507193.718000,93.0,Ok,99.0,Ok,4787
507193.765000,92.0,Ok,99.0,Ok,4788
507193.828000,94.0,Ok,100.0,Ok,4789
507193.875000,91.0,Ok,99.0,Ok,4790
507193.921000,90.0,Ok,97.0,Ok,4791
507193.968000,89.0,Ok,98.0,Ok,4792
507194.031000,90.0,Ok,99.0,Ok,4793
507194.078000,86.0,Ok,96.0,Ok,4794
507194.125000,87.0,Ok,98.0,Ok,4795
507194.187000,88.0,Ok,91.0,Ok,4796
507194.234000,92.0,Ok,96.0,Ok,4797
507194.281000,86.0,Ok,88.0,Ok,4798
507194.328000,86.0,Ok,95.0,Ok,4799
507194.375000,87.0,Ok,97.0,Ok,4800
507194.421000,86.0,Ok,98.0,Ok,4801
507194.484000,88.0,Ok,97.0,Ok,4802
507194.531000,89.0,Ok,90.0,Ok,4803
507194.578000,91.0,Ok,97.0,Ok,4804
507194.625000,91.0,Ok,98.0,Ok,4805
507194.671000,87.0,Ok,86.0,Ok,4806
507194.734000,93.0,Ok,92.0,Ok,4807
507194.765000,86.0,Ok,91.0,Ok,4808
507194.828000,86.0,Ok,92.0,Ok,4809
507194.875000,87.0,Ok,98.0,Ok,4810
507194.921000,90.0,Ok,99.0,Ok,4811
507194.984000,86.0,Ok,97.0,Ok,4812
507195.031000,92.0,Ok,95.0,Ok,4813
507195.078000,87.0,Ok,96.0,Ok,4814
507195.125000,89.0,Ok,99.0,Ok,4815
507195.171000,89.0,Ok,95.0,Ok,4816
507195.218000,90.0,Ok,92.0,Ok,4817
507195.265000,89.0,Ok,99.0,Ok,4818
507195.328000,87.0,Ok,99.0,Ok,4819
507195.375000,90.0,Ok,96.0,Ok,4820
507195.421000,84.0,Ok,92.0,Ok,4821
507195.484000,89.0,Ok,94.0,Ok,4822
507195.531000,89.0,Ok,96.0,Ok,4823
507195.578000,83.0,Ok,95.0,Ok,4824
507195.625000,92.0,Ok,96.0,Ok,4825
507195.671000,88.0,Ok,97.0,Ok,4826
507195.734000,88.0,Ok,99.0,Ok,4827
507195.781000,88.0,Ok,104.0,Ok,4828
507195.828000,92.0,Ok,98.0,Ok,4829
507195.875000,88.0,Ok,90.0,Ok,4830
507195.921000,88.0,Ok,96.0,Ok,4831
507195.984000,93.0,Ok,94.0,Ok,4832
507196.031000,91.0,Ok,93.0,Ok,4833
507196.078000,88.0,Ok,87.0,Ok,4834
507196.125000,89.0,Ok,93.0,Ok,4835
507196.171000,90.0,Ok,88.0,Ok,4836
507196.234000,92.0,Ok,93.0,Ok,4837
507196.281000,93.0,Ok,111.0,Ok,4838
507196.328000,86.0,Ok,77.0,Ok,4839
507196.375000,89.0,Ok,87.0,Ok,4840
507196.421000,102.0,Ok,92.0,Ok,4841
507196.468000,137.0,Ok,83.0,Ok,4842
507196.531000,92.0,Ok,83.0,Ok,4843
507196.578000,92.0,Ok,81.0,Ok,4844
507196.625000,102.0,Ok,82.0,Ok,4845
507196.671000,89.0,Ok,85.0,Ok,4846
507196.718000,101.0,Ok,89.0,Ok,4847
507196.781000,97.0,Ok,91.0,Ok,4848
507196.828000,99.0,Ok,88.0,Ok,4849
507196.875000,109.0,Ok,91.0,Ok,4850
507196.921000,104.0,Ok,92.0,Ok,4851
507196.984000,107.0,Ok,93.0,Ok,4852
507197.031000,116.0,Ok,92.0,Ok,4853
507197.078000,108.0,Ok,93.0,Ok,4854
507197.125000,105.0,Ok,92.0,Ok,4855
507197.171000,112.0,Ok,92.0,Ok,4856
507197.234000,112.0,Ok,91.0,Ok,4857
507197.281000,111.0,Ok,90.0,Ok,4858
507197.328000,111.0,Ok,90.0,Ok,4859
507197.375000,108.0,Ok,86.0,Ok,4860
507197.421000,92.0,Ok,84.0,Ok,4861
507197.468000,107.0,Ok,89.0,Ok,4862
507197.531000,106.0,Ok,88.0,Ok,4863
507197.578000,111.0,Ok,88.0,Ok,4864
507197.625000,107.0,Ok,89.0,Ok,4865
507197.671000,81.0,Ok,89.0,Ok,4866
507197.734000,101.0,Ok,91.0,Ok,4867
507197.765000,100.0,Ok,87.0,Ok,4868
507197.828000,102.0,Ok,92.0,Ok,4869
507197.859000,96.0,Ok,93.0,Ok,4870
507197.921000,103.0,Ok,91.0,Ok,4871
507197.984000,101.0,Ok,95.0,Ok,4872
507198.031000,95.0,Ok,92.0,Ok,4873
507198.078000,107.0,Ok,92.0,Ok,4874
507198.125000,101.0,Ok,91.0,Ok,4875
507198.171000,106.0,Ok,91.0,Ok,4876
507198.234000,101.0,Ok,92.0,Ok,4877
507198.281000,104.0,Ok,96.0,Ok,4878
507198.328000,100.0,Ok,93.0,Ok,4879
507198.375000,95.0,Ok,96.0,Ok,4880
507198.421000,98.0,Ok,91.0,Ok,4881
507198.484000,98.0,Ok,90.0,Ok,4882
507198.531000,107.0,Ok,91.0,Ok,4883
507198.578000,105.0,Ok,90.0,Ok,4884
507198.625000,113.0,Ok,89.0,Ok,4885
507198.671000,108.0,Ok,94.0,Ok,4886
507198.734000,106.0,Ok,91.0,Ok,4887
507198.781000,109.0,Ok,88.0,Ok,4888
507198.828000,100.0,Ok,87.0,Ok,4889
507198.859000,100.0,Ok,84.0,Ok,4890
507198.921000,116.0,Ok,84.0,Ok,4891
507198.984000,109.0,Ok,84.0,Ok,4892
507199.031000,103.0,Ok,85.0,Ok,4893
507199.078000,102.0,Ok,89.0,Ok,4894
507199.125000,104.0,Ok,85.0,Ok,4895
507199.171000,97.0,Ok,86.0,Ok,4896
507199.218000,92.0,Ok,87.0,Ok,4897
507199.265000,101.0,Ok,88.0,Ok,4898
507199.328000,97.0,Ok,88.0,Ok,4899
507199.375000,98.0,Ok,90.0,Ok,4900
507199.437000,101.0,Ok,92.0,Ok,4901
507199.484000,95.0,Ok,82.0,Ok,4902
507199.531000,90.0,Ok,85.0,Ok,4903
507199.578000,97.0,Ok,87.0,Ok,4904
507199.625000,97.0,Ok,89.0,Ok,4905
507199.671000,96.0,Ok,89.0,Ok,4906
507199.718000,96.0,Ok,88.0,Ok,4907
507199.781000,101.0,Ok,88.0,Ok,4908
507199.828000,102.0,Ok,89.0,Ok,4909
507199.859000,97.0,Ok,87.0,Ok,4910
507199.921000,95.0,Ok,91.0,Ok,4911
507199.984000,99.0,Ok,91.0,Ok,4912
507200.031000,100.0,Ok,91.0,Ok,4913
507200.078000,105.0,Ok,92.0,Ok,4914
507200.125000,107.0,Ok,88.0,Ok,4915
507200.171000,104.0,Ok,91.0,Ok,4916
507200.234000,105.0,Ok,92.0,Ok,4917
507200.281000,121.0,Ok,95.0,Ok,4918
507200.328000,101.0,Ok,92.0,Ok,4919
507200.375000,96.0,Ok,98.0,Ok,4920
507200.421000,105.0,Ok,93.0,Ok,4921
507200.484000,94.0,Ok,92.0,Ok,4922
507200.531000,96.0,Ok,91.0,Ok,4923
507200.578000,99.0,Ok,92.0,Ok,4924
507200.625000,99.0,Ok,98.0,Ok,4925
507200.671000,99.0,Ok,98.0,Ok,4926
507200.718000,103.0,Ok,91.0,Ok,4927
507200.781000,106.0,Ok,91.0,Ok,4928
507200.828000,105.0,Ok,95.0,Ok,4929
507200.875000,99.0,Ok,92.0,Ok,4930
507200.921000,101.0,Ok,93.0,Ok,4931
507200.968000,106.0,Ok,92.0,Ok,4932
507201.031000,102.0,Ok,94.0,Ok,4933
507201.078000,97.0,Ok,89.0,Ok,4934
507201.125000,102.0,Ok,99.0,Ok,4935
507201.171000,92.0,Ok,92.0,Ok,4936
507201.234000,107.0,Ok,96.0,Ok,4937
507201.281000,100.0,Ok,93.0,Ok,4938
507201.328000,100.0,Ok,93.0,Ok,4939
507201.375000,102.0,Ok,93.0,Ok,4940
507201.421000,103.0,Ok,96.0,Ok,4941
507201.484000,101.0,Ok,96.0,Ok,4942
507201.531000,101.0,Ok,95.0,Ok,4943
507201.578000,101.0,Ok,96.0,Ok,4944
507201.609000,101.0,Ok,95.0,Ok,4945
507201.671000,98.0,Ok,96.0,Ok,4946
507201.734000,105.0,Ok,93.0,Ok,4947
507201.765000,99.0,Ok,89.0,Ok,4948
507201.828000,87.0,Ok,94.0,Ok,4949
507201.875000,103.0,Ok,92.0,Ok,4950
507201.921000,110.0,Ok,96.0,Ok,4951
507201.968000,100.0,Ok,95.0,Ok,4952
507202.031000,102.0,Ok,92.0,Ok,4953
507202.078000,105.0,Ok,87.0,Ok,4954
507202.125000,80.0,Ok,86.0,Ok,4955
507202.187000,99.0,Ok,84.0,Ok,4956
507202.234000,99.0,Ok,81.0,Ok,4957
507202.281000,101.0,Ok,80.0,Ok,4958
507202.328000,105.0,Ok,76.0,Ok,4959
507202.375000,109.0,Ok,76.0,Ok,4960
507202.421000,114.0,Ok,77.0,Ok,4961
507202.484000,113.0,Ok,75.0,Ok,4962
507202.531000,112.0,Ok,84.0,Ok,4963
507202.578000,116.0,Ok,81.0,Ok,4964
507202.625000,108.0,Ok,86.0,Ok,4965
507202.671000,108.0,Ok,91.0,Ok,4966
507202.718000,110.0,Ok,103.0,Ok,4967
507202.781000,106.0,Ok,97.0,Ok,4968
507202.828000,105.0,Ok,94.0,Ok,4969
507202.875000,105.0,Ok,98.0,Ok,4970
507202.921000,110.0,Ok,108.0,Ok,4971
507202.968000,108.0,Ok,130.0,Ok,4972
507203.031000,114.0,Ok,123.0,Ok,4973
507203.078000,109.0,Ok,109.0,Ok,4974
507203.125000,104.0,Ok,114.0,Ok,4975
507203.171000,113.0,Ok,106.0,Ok,4976
507203.234000,113.0,Ok,100.0,Ok,4977
507203.281000,112.0,Ok,100.0,Ok,4978
507203.328000,111.0,Ok,102.0,Ok,4979
507203.375000,114.0,Ok,103.0,Ok,4980
507203.437000,116.0,Ok,101.0,Ok,4981
507203.484000,114.0,Ok,99.0,Ok,4982
507203.531000,112.0,Ok,97.0,Ok,4983
507203.578000,109.0,Ok,94.0,Ok,4984
507203.625000,108.0,Ok,91.0,Ok,4985
507203.671000,112.0,Ok,89.0,Ok,4986
507203.734000,109.0,Ok,88.0,Ok,4987
507203.781000,103.0,Ok,85.0,Ok,4988
507203.828000,112.0,Ok,92.0,Ok,4989
507203.875000,112.0,Ok,89.0,Ok,4990
507203.921000,114.0,Ok,94.0,Ok,4991
507203.968000,109.0,Ok,94.0,Ok,4992
507204.031000,110.0,Ok,86.0,Ok,4993
507204.078000,114.0,Ok,87.0,Ok,4994
507204.125000,112.0,Ok,94.0,Ok,4995
507204.171000,109.0,Ok,90.0,Ok,4996
507204.218000,107.0,Ok,93.0,Ok,4997
507204.281000,107.0,Ok,89.0,Ok,4998
507204.312000,107.0,Ok,93.0,Ok,4999
507204.375000,104.0,Ok,93.0,Ok,5000
507204.421000,106.0,Ok,84.0,Ok,5001
507204.468000,108.0,Ok,90.0,Ok,5002
507204.531000,98.0,Ok,88.0,Ok,5003
507204.578000,106.0,Ok,87.0,Ok,5004
507204.625000,103.0,Ok,87.0,Ok,5005
507204.671000,110.0,Ok,88.0,Ok,5006
507204.734000,102.0,Ok,92.0,Ok,5007
507204.781000,98.0,Ok,86.0,Ok,5008
507204.812000,132.0,Ok,95.0,Ok,5009
507204.875000,99.0,Ok,88.0,Ok,5010
507204.937000,80.0,Ok,93.0,Ok,5011
507204.984000,122.0,Ok,85.0,Ok,5012
507205.031000,88.0,Ok,89.0,Ok,5013
507205.171000,118.0,Ok,90.0,Ok,5014
507205.171000,111.0,Ok,90.0,Ok,5015
507205.171000,109.0,Ok,89.0,Ok,5016
507205.218000,101.0,Ok,96.0,Ok,5017
507205.281000,102.0,Ok,92.0,Ok,5018
507205.328000,109.0,Ok,99.0,Ok,5019
507205.375000,108.0,Ok,93.0,Ok,5020
507205.421000,106.0,Ok,92.0,Ok,5021
507205.484000,111.0,Ok,93.0,Ok,5022
507205.531000,113.0,Ok,91.0,Ok,5023
507205.578000,107.0,Ok,92.0,Ok,5024
507205.625000,111.0,Ok,93.0,Ok,5025
507205.671000,100.0,Ok,94.0,Ok,5026
507205.718000,102.0,Ok,94.0,Ok,5027
507205.765000,105.0,Ok,91.0,Ok,5028
507205.828000,103.0,Ok,88.0,Ok,5029
507205.875000,105.0,Ok,86.0,Ok,5030
507205.921000,107.0,Ok,86.0,Ok,5031
507205.984000,105.0,Ok,87.0,Ok,5032
507206.031000,105.0,Ok,87.0,Ok,5033
507206.078000,99.0,Ok,86.0,Ok,5034
507206.125000,107.0,Ok,86.0,Ok,5035
507206.171000,100.0,Ok,86.0,Ok,5036
507206.234000,100.0,Ok,89.0,Ok,5037
507206.265000,104.0,Ok,88.0,Ok,5038
507206.328000,104.0,Ok,91.0,Ok,5039
507206.375000,105.0,Ok,86.0,Ok,5040
507206.453000,107.0,Ok,88.0,Ok,5041
507206.484000,110.0,Ok,92.0,Ok,5042
507206.531000,107.0,Ok,83.0,Ok,5043
507206.578000,103.0,Ok,84.0,Ok,5044
507206.625000,107.0,Ok,86.0,Ok,5045
507206.671000,109.0,Ok,70.0,Ok,5046
507206.734000,109.0,Ok,79.0,Ok,5047
507206.781000,107.0,Ok,69.0,Ok,5048
507206.828000,105.0,Ok,76.0,Ok,5049
507206.875000,106.0,Ok,74.0,Ok,5050
507206.921000,107.0,Ok,100.0,Ok,5051
507206.968000,102.0,Ok,82.0,Ok,5052
507207.031000,104.0,Ok,80.0,Ok,5053
507207.078000,104.0,Ok,89.0,Ok,5054
507207.125000,113.0,Ok,99.0,Ok,5055
507207.171000,111.0,Ok,108.0,Ok,5056
507207.234000,109.0,Ok,100.0,Ok,5057
507207.281000,112.0,Ok,107.0,Ok,5058
507207.328000,108.0,Ok,110.0,Ok,5059
507207.375000,108.0,Ok,91.0,Ok,5060
507207.421000,108.0,Ok,113.0,Ok,5061
507207.484000,111.0,Ok,110.0,Ok,5062
507207.531000,113.0,Ok,112.0,Ok,5063
507207.578000,115.0,Ok,102.0,Ok,5064
507207.625000,104.0,Ok,100.0,Ok,5065
507207.671000,100.0,Ok,96.0,Ok,5066
507207.734000,105.0,Ok,96.0,Ok,5067
507207.781000,105.0,Ok,94.0,Ok,5068
507207.828000,97.0,Ok,89.0,Ok,5069
507207.875000,98.0,Ok,94.0,Ok,5070
507207.921000,97.0,Ok,94.0,Ok,5071
507207.984000,104.0,Ok,85.0,Ok,5072
507208.031000,103.0,Ok,84.0,Ok,5073
507208.078000,107.0,Ok,91.0,Ok,5074
507208.125000,106.0,Ok,81.0,Ok,5075
507208.171000,102.0,Ok,90.0,Ok,5076
507208.218000,105.0,Ok,89.0,Ok,5077
507208.265000,104.0,Ok,87.0,Ok,5078
507208.312000,106.0,Ok,78.0,Ok,5079
507208.375000,95.0,Ok,88.0,Ok,5080
507208.421000,105.0,Ok,81.0,Ok,5081
507208.484000,98.0,Ok,86.0,Ok,5082
507208.531000,99.0,Ok,84.0,Ok,5083
507208.578000,101.0,Ok,85.0,Ok,5084
507208.625000,102.0,Ok,90.0,Ok,5085
507208.687000,99.0,Ok,88.0,Ok,5086
507208.734000,96.0,Ok,89.0,Ok,5087
507208.781000,106.0,Ok,85.0,Ok,5088
507208.828000,102.0,Ok,85.0,Ok,5089
507208.875000,102.0,Ok,85.0,Ok,5090
507208.921000,108.0,Ok,81.0,Ok,5091
507208.968000,103.0,Ok,83.0,Ok,5092
507209.031000,102.0,Ok,80.0,Ok,5093
507209.078000,102.0,Ok,79.0,Ok,5094
507209.125000,97.0,Ok,85.0,Ok,5095
507209.171000,103.0,Ok,88.0,Ok,5096
507209.234000,108.0,Ok,82.0,Ok,5097
507209.281000,110.0,Ok,80.0,Ok,5098
507209.328000,100.0,Ok,88.0,Ok,5099
507209.375000,107.0,Ok,84.0,Ok,5100
507209.421000,108.0,Ok,89.0,Ok,5101
507209.468000,107.0,Ok,89.0,Ok,5102
507209.515000,108.0,Ok,86.0,Ok,5103
507209.578000,107.0,Ok,84.0,Ok,5104
507209.625000,96.0,Ok,82.0,Ok,5105
507209.671000,105.0,Ok,84.0,Ok,5106
507209.734000,103.0,Ok,85.0,Ok,5107
507209.781000,101.0,Ok,87.0,Ok,5108
507209.828000,104.0,Ok,83.0,Ok,5109
507209.875000,107.0,Ok,87.0,Ok,5110
507209.921000,106.0,Ok,87.0,Ok,5111
507209.984000,103.0,Ok,83.0,Ok,5112
507210.031000,100.0,Ok,82.0,Ok,5113
507210.078000,90.0,Ok,89.0,Ok,5114
507210.125000,102.0,Ok,81.0,Ok,5115
507210.171000,109.0,Ok,86.0,Ok,5116
507210.234000,98.0,Ok,85.0,Ok,5117
507210.281000,95.0,Ok,84.0,Ok,5118
507210.328000,96.0,Ok,84.0,Ok,5119
507210.375000,109.0,Ok,84.0,Ok,5120
507210.421000,108.0,Ok,90.0,Ok,5121
507210.484000,103.0,Ok,92.0,Ok,5122
507210.531000,101.0,Ok,84.0,Ok,5123
507210.578000,101.0,Ok,86.0,Ok,5124
507210.625000,104.0,Ok,86.0,Ok,5125
507210.671000,104.0,Ok,85.0,Ok,5126
507210.718000,129.0,Ok,85.0,Ok,5127
507210.765000,135.0,Ok,84.0,Ok,5128
507210.828000,70.0,Ok,85.0,Ok,5129
507210.875000,82.0,Ok,87.0,Ok,5130
507210.921000,94.0,Ok,86.0,Ok,5131
507210.984000,92.0,Ok,80.0,Ok,5132
507211.031000,102.0,Ok,70.0,Ok,5133
507211.078000,102.0,Ok,80.0,Ok,5134
507211.125000,100.0,Ok,64.0,Ok,5135
507211.187000,100.0,Ok,74.0,Ok,5136
507211.218000,99.0,Ok,66.0,Ok,5137
507211.281000,107.0,Ok,69.0,Ok,5138
507211.328000,106.0,Ok,73.0,Ok,5139
507211.375000,107.0,Ok,67.0,Ok,5140
507211.437000,105.0,Ok,73.0,Ok,5141
507211.484000,105.0,Ok,88.0,Ok,5142
507211.531000,110.0,Ok,98.0,Ok,5143
507211.578000,109.0,Ok,99.0,Ok,5144
507211.625000,103.0,Ok,104.0,Ok,5145
507211.671000,103.0,Ok,94.0,Ok,5146
507211.734000,102.0,Ok,105.0,Ok,5147
507211.765000,107.0,Ok,88.0,Ok,5148
507211.828000,104.0,Ok,130.0,Ok,5149
507211.875000,107.0,Ok,108.0,Ok,5150
507211.921000,97.0,Ok,110.0,Ok,5151
507211.968000,101.0,Ok,107.0,Ok,5152
507212.031000,98.0,Ok,109.0,Ok,5153
507212.078000,100.0,Ok,104.0,Ok,5154
507212.125000,102.0,Ok,102.0,Ok,5155
507212.171000,102.0,Ok,103.0,Ok,5156
507212.234000,99.0,Ok,101.0,Ok,5157
507212.281000,97.0,Ok,107.0,Ok,5158
507212.312000,101.0,Ok,104.0,Ok,5159
507212.375000,100.0,Ok,104.0,Ok,5160
507212.421000,104.0,Ok,100.0,Ok,5161
507212.468000,102.0,Ok,94.0,Ok,5162
507212.531000,105.0,Ok,89.0,Ok,5163
507212.578000,99.0,Ok,93.0,Ok,5164
507212.625000,104.0,Ok,87.0,Ok,5165
507212.671000,110.0,Ok,91.0,Ok,5166
507212.718000,106.0,Ok,87.0,Ok,5167
507212.781000,106.0,Ok,88.0,Ok,5168
507212.812000,105.0,Ok,83.0,Ok,5169
507212.875000,106.0,Ok,85.0,Ok,5170
507212.921000,107.0,Ok,86.0,Ok,5171
507212.968000,105.0,Ok,92.0,Ok,5172
507213.031000,104.0,Ok,90.0,Ok,5173
507213.078000,102.0,Ok,85.0,Ok,5174
507213.125000,107.0,Ok,84.0,Ok,5175
507213.171000,96.0,Ok,91.0,Ok,5176
507213.234000,103.0,Ok,87.0,Ok,5177
507213.281000,102.0,Ok,85.0,Ok,5178
507213.328000,99.0,Ok,85.0,Ok,5179
507213.375000,108.0,Ok,89.0,Ok,5180
507213.421000,105.0,Ok,86.0,Ok,5181
507213.484000,108.0,Ok,93.0,Ok,5182
507213.531000,101.0,Ok,91.0,Ok,5183
507213.562000,95.0,Ok,88.0,Ok,5184
507213.625000,96.0,Ok,88.0,Ok,5185
507213.671000,105.0,Ok,92.0,Ok,5186
507213.718000,143.0,Ok,83.0,Ok,5187
507213.781000,103.0,Ok,86.0,Ok,5188
507213.828000,102.0,Ok,83.0,Ok,5189
507213.875000,113.0,Ok,90.0,Ok,5190
507213.921000,98.0,Ok,87.0,Ok,5191
507213.984000,99.0,Ok,85.0,Ok,5192
507214.031000,101.0,Ok,88.0,Ok,5193
507214.078000,102.0,Ok,86.0,Ok,5194
507214.125000,110.0,Ok,90.0,Ok,5195
507214.171000,111.0,Ok,89.0,Ok,5196
507214.218000,101.0,Ok,92.0,Ok,5197
507214.265000,106.0,Ok,85.0,Ok,5198
507214.312000,102.0,Ok,89.0,Ok,5199
507214.375000,110.0,Ok,88.0,Ok,5200
507214.421000,92.0,Ok,84.0,Ok,5201
507214.484000,64.0,Ok,85.0,Ok,5202
507214.531000,69.0,Ok,84.0,Ok,5203
507214.578000,81.0,Ok,83.0,Ok,5204
507214.640000,89.0,Ok,84.0,Ok,5205
507214.671000,99.0,Ok,90.0,Ok,5206
507214.718000,104.0,Ok,85.0,Ok,5207
507214.781000,103.0,Ok,85.0,Ok,5208
507214.828000,101.0,Ok,87.0,Ok,5209
507214.875000,107.0,Ok,89.0,Ok,5210
507214.921000,104.0,Ok,84.0,Ok,5211
507214.984000,101.0,Ok,89.0,Ok,5212
507215.031000,100.0,Ok,90.0,Ok,5213
507215.078000,100.0,Ok,91.0,Ok,5214
507215.125000,105.0,Ok,86.0,Ok,5215
507215.171000,103.0,Ok,87.0,Ok,5216
507215.234000,101.0,Ok,77.0,Ok,5217
507215.281000,99.0,Ok,83.0,Ok,5218
507215.328000,98.0,Ok,78.0,Ok,5219
507215.375000,95.0,Ok,73.0,Ok,5220
507215.421000,99.0,Ok,77.0,Ok,5221
507215.484000,109.0,Ok,75.0,Ok,5222
507215.531000,107.0,Ok,75.0,Ok,5223
507215.578000,113.0,Ok,70.0,Ok,5224
507215.625000,106.0,Ok,82.0,Ok,5225
507215.671000,114.0,Ok,84.0,Ok,5226
507215.718000,113.0,Ok,75.0,Ok,5227
507215.765000,109.0,Ok,78.0,Ok,5228
507215.828000,107.0,Ok,99.0,Ok,5229
507215.875000,107.0,Ok,94.0,Ok,5230
507215.921000,108.0,Ok,88.0,Ok,5231
507215.984000,106.0,Ok,99.0,Ok,5232
507216.031000,105.0,Ok,99.0,Ok,5233
507216.078000,106.0,Ok,126.0,Ok,5234
507216.125000,111.0,Ok,106.0,Ok,5235
507216.171000,114.0,Ok,112.0,Ok,5236
507216.234000,106.0,Ok,107.0,Ok,5237
507216.281000,104.0,Ok,105.0,Ok,5238
507216.328000,105.0,Ok,103.0,Ok,5239
507216.375000,104.0,Ok,104.0,Ok,5240
507216.421000,103.0,Ok,101.0,Ok,5241
507216.468000,102.0,Ok,98.0,Ok,5242
507216.515000,106.0,Ok,100.0,Ok,5243
507216.578000,104.0,Ok,99.0,Ok,5244
507216.625000,104.0,Ok,105.0,Ok,5245
507216.671000,102.0,Ok,99.0,Ok,5246
507216.734000,104.0,Ok,102.0,Ok,5247
507216.781000,107.0,Ok,100.0,Ok,5248
507216.828000,99.0,Ok,99.0,Ok,5249
507216.875000,104.0,Ok,92.0,Ok,5250
507216.921000,101.0,Ok,95.0,Ok,5251
507216.984000,107.0,Ok,95.0,Ok,5252
507217.031000,107.0,Ok,92.0,Ok,5253
507217.078000,107.0,Ok,93.0,Ok,5254
507217.125000,108.0,Ok,88.0,Ok,5255
507217.171000,106.0,Ok,89.0,Ok,5256
507217.218000,109.0,Ok,94.0,Ok,5257
507217.265000,105.0,Ok,94.0,Ok,5258
507217.312000,99.0,Ok,88.0,Ok,5259
507217.359000,107.0,Ok,93.0,Ok,5260
507217.421000,107.0,Ok,88.0,Ok,5261
507217.484000,103.0,Ok,93.0,Ok,5262
507217.531000,101.0,Ok,94.0,Ok,5263
507217.578000,102.0,Ok,94.0,Ok,5264
507217.625000,104.0,Ok,94.0,Ok,5265
507217.671000,102.0,Ok,92.0,Ok,5266
507217.734000,102.0,Ok,89.0,Ok,5267
507217.781000,104.0,Ok,91.0,Ok,5268
507217.812000,105.0,Ok,89.0,Ok,5269
507217.875000,105.0,Ok,92.0,Ok,5270
507217.921000,105.0,Ok,89.0,Ok,5271
507217.968000,104.0,Ok,91.0,Ok,5272
507218.031000,102.0,Ok,95.0,Ok,5273
507218.078000,104.0,Ok,95.0,Ok,5274
507218.125000,102.0,Ok,89.0,Ok,5275
507218.171000,102.0,Ok,93.0,Ok,5276
507218.234000,103.0,Ok,85.0,Ok,5277
507218.281000,100.0,Ok,87.0,Ok,5278
507218.328000,102.0,Ok,94.0,Ok,5279
507218.375000,104.0,Ok,95.0,Ok,5280
507218.421000,103.0,Ok,92.0,Ok,5281
507218.484000,104.0,Ok,85.0,Ok,5282
507218.531000,104.0,Ok,85.0,Ok,5283
507218.578000,100.0,Ok,86.0,Ok,5284
507218.625000,102.0,Ok,92.0,Ok,5285
507218.671000,97.0,Ok,85.0,Ok,5286
507218.812000,104.0,Ok,84.0,Ok,5287
507218.812000,103.0,Ok,87.0,Ok,5288
507218.828000,99.0,Ok,93.0,Ok,5289
507218.875000,95.0,Ok,94.0,Ok,5290
507218.921000,102.0,Ok,91.0,Ok,5291
507218.968000,105.0,Ok,87.0,Ok,5292
507219.015000,106.0,Ok,86.0,Ok,5293
507219.062000,101.0,Ok,86.0,Ok,5294
507219.109000,100.0,Ok,90.0,Ok,5295
507219.171000,101.0,Ok,86.0,Ok,5296
507219.234000,99.0,Ok,91.0,Ok,5297
507219.265000,94.0,Ok,89.0,Ok,5298
507219.328000,102.0,Ok,94.0,Ok,5299
507219.375000,109.0,Ok,85.0,Ok,5300
507219.421000,99.0,Ok,88.0,Ok,5301
507219.468000,109.0,Ok,77.0,Ok,5302
507219.515000,104.0,Ok,82.0,Ok,5303
507219.578000,104.0,Ok,79.0,Ok,5304
507219.625000,99.0,Ok,73.0,Ok,5305
507219.671000,107.0,Ok,74.0,Ok,5306
507219.718000,108.0,Ok,69.0,Ok,5307
507219.781000,103.0,Ok,66.0,Ok,5308
507219.828000,110.0,Ok,68.0,Ok,5309
507219.875000,111.0,Ok,82.0,Ok,5310
507219.937000,102.0,Ok,70.0,Ok,5311
507219.984000,112.0,Ok,72.0,Ok,5312
507220.031000,105.0,Ok,100.0,Ok,5313
507220.156000,107.0,Ok,117.0,Ok,5314
507220.156000,105.0,Ok,97.0,Ok,5315
507220.171000,108.0,Ok,100.0,Ok,5316
507220.218000,111.0,Ok,112.0,Ok,5317
507220.281000,107.0,Ok,137.0,Ok,5318
507220.328000,107.0,Ok,120.0,Ok,5319
507220.375000,107.0,Ok,118.0,Ok,5320
507220.421000,100.0,Ok,117.0,Ok,5321
507220.484000,103.0,Ok,116.0,Ok,5322
507220.515000,105.0,Ok,112.0,Ok,5323
507220.578000,99.0,Ok,109.0,Ok,5324
507220.609000,105.0,Ok,112.0,Ok,5325
507220.671000,84.0,Ok,109.0,Ok,5326
507220.734000,95.0,Ok,104.0,Ok,5327
507220.781000,102.0,Ok,103.0,Ok,5328
507220.828000,91.0,Ok,101.0,Ok,5329
507220.875000,127.0,Ok,103.0,Ok,5330
507220.937000,113.0,Ok,94.0,Ok,5331
507220.984000,104.0,Ok,92.0,Ok,5332
507221.031000,104.0,Ok,93.0,Ok,5333
507221.078000,97.0,Ok,87.0,Ok,5334
507221.125000,99.0,Ok,86.0,Ok,5335
507221.171000,99.0,Ok,93.0,Ok,5336
507221.234000,100.0,Ok,83.0,Ok,5337
507221.265000,100.0,Ok,83.0,Ok,5338
507221.328000,93.0,Ok,83.0,Ok,5339
507221.375000,102.0,Ok,84.0,Ok,5340
507221.421000,109.0,Ok,84.0,Ok,5341
507221.468000,102.0,Ok,85.0,Ok,5342
507221.515000,99.0,Ok,84.0,Ok,5343
507221.578000,101.0,Ok,84.0,Ok,5344
507221.625000,102.0,Ok,84.0,Ok,5345
507221.671000,98.0,Ok,88.0,Ok,5346
507221.718000,101.0,Ok,83.0,Ok,5347
507221.765000,103.0,Ok,85.0,Ok,5348
507221.812000,93.0,Ok,84.0,Ok,5349
507221.859000,109.0,Ok,85.0,Ok,5350
507221.921000,101.0,Ok,84.0,Ok,5351
507221.984000,100.0,Ok,83.0,Ok,5352
507222.031000,94.0,Ok,82.0,Ok,5353
507222.078000,100.0,Ok,83.0,Ok,5354
507222.125000,100.0,Ok,84.0,Ok,5355
507222.171000,101.0,Ok,92.0,Ok,5356
507222.218000,107.0,Ok,85.0,Ok,5357
507222.281000,95.0,Ok,87.0,Ok,5358
507222.328000,104.0,Ok,91.0,Ok,5359
507222.375000,101.0,Ok,84.0,Ok,5360
507222.421000,99.0,Ok,87.0,Ok,5361
507222.484000,104.0,Ok,85.0,Ok,5362
507222.515000,100.0,Ok,84.0,Ok,5363
507222.578000,99.0,Ok,83.0,Ok,5364
507222.609000,98.0,Ok,91.0,Ok,5365
507222.671000,100.0,Ok,90.0,Ok,5366
507222.734000,97.0,Ok,92.0,Ok,5367
507222.781000,101.0,Ok,88.0,Ok,5368
507222.828000,103.0,Ok,92.0,Ok,5369
507222.875000,104.0,Ok,88.0,Ok,5370
507222.921000,100.0,Ok,88.0,Ok,5371
507222.968000,101.0,Ok,86.0,Ok,5372
507223.015000,100.0,Ok,84.0,Ok,5373
507223.062000,98.0,Ok,84.0,Ok,5374
507223.125000,103.0,Ok,85.0,Ok,5375
507223.171000,104.0,Ok,84.0,Ok,5376
507223.234000,103.0,Ok,84.0,Ok,5377
507223.281000,101.0,Ok,86.0,Ok,5378
507223.328000,107.0,Ok,88.0,Ok,5379
507223.375000,102.0,Ok,88.0,Ok,5380
507223.421000,103.0,Ok,87.0,Ok,5381
507223.484000,101.0,Ok,86.0,Ok,5382
507223.531000,102.0,Ok,89.0,Ok,5383
507223.578000,104.0,Ok,93.0,Ok,5384
507223.625000,106.0,Ok,92.0,Ok,5385
507223.671000,100.0,Ok,83.0,Ok,5386
507223.734000,92.0,Ok,84.0,Ok,5387
507223.781000,98.0,Ok,84.0,Ok,5388
507223.828000,99.0,Ok,84.0,Ok,5389
507223.875000,101.0,Ok,85.0,Ok,5390
507223.921000,95.0,Ok,89.0,Ok,5391
507223.984000,97.0,Ok,83.0,Ok,5392
507224.031000,99.0,Ok,84.0,Ok,5393
507224.078000,106.0,Ok,87.0,Ok,5394
507224.125000,106.0,Ok,83.0,Ok,5395
507224.187000,99.0,Ok,70.0,Ok,5396
507224.234000,103.0,Ok,80.0,Ok,5397
507224.281000,99.0,Ok,70.0,Ok,5398
507224.328000,101.0,Ok,77.0,Ok,5399
507224.375000,100.0,Ok,64.0,Ok,5400
507224.421000,102.0,Ok,67.0,Ok,5401
507224.468000,105.0,Ok,68.0,Ok,5402
507224.531000,102.0,Ok,104.0,Ok,5403
507224.578000,110.0,Ok,72.0,Ok,5404
507224.625000,107.0,Ok,77.0,Ok,5405
507224.671000,108.0,Ok,97.0,Ok,5406
507224.734000,110.0,Ok,90.0,Ok,5407
507224.781000,101.0,Ok,96.0,Ok,5408
507224.828000,98.0,Ok,92.0,Ok,5409
507224.875000,101.0,Ok,102.0,Ok,5410
507224.921000,102.0,Ok,111.0,Ok,5411
507224.984000,107.0,Ok,106.0,Ok,5412
507225.015000,113.0,Ok,109.0,Ok,5413
507225.078000,108.0,Ok,106.0,Ok,5414
507225.125000,102.0,Ok,110.0,Ok,5415
507225.171000,103.0,Ok,109.0,Ok,5416
507225.218000,99.0,Ok,108.0,Ok,5417
507225.281000,96.0,Ok,105.0,Ok,5418
507225.328000,106.0,Ok,111.0,Ok,5419
507225.375000,103.0,Ok,109.0,Ok,5420
507225.421000,105.0,Ok,106.0,Ok,5421
507225.484000,101.0,Ok,104.0,Ok,5422
507225.546000,100.0,Ok,99.0,Ok,5423
507225.562000,104.0,Ok,103.0,Ok,5424
507225.625000,107.0,Ok,99.0,Ok,5425
507225.671000,104.0,Ok,95.0,Ok,5426
507225.734000,99.0,Ok,99.0,Ok,5427
507225.781000,109.0,Ok,92.0,Ok,5428
507225.828000,105.0,Ok,91.0,Ok,5429
507225.875000,106.0,Ok,95.0,Ok,5430
507225.921000,105.0,Ok,96.0,Ok,5431
507225.968000,102.0,Ok,94.0,Ok,5432
507226.031000,106.0,Ok,84.0,Ok,5433
507226.062000,100.0,Ok,84.0,Ok,5434
507226.125000,100.0,Ok,88.0,Ok,5435
507226.171000,102.0,Ok,91.0,Ok,5436
507226.234000,104.0,Ok,90.0,Ok,5437
507226.281000,106.0,Ok,90.0,Ok,5438
507226.328000,113.0,Ok,88.0,Ok,5439
507226.375000,101.0,Ok,87.0,Ok,5440
507226.421000,100.0,Ok,89.0,Ok,5441
507226.468000,96.0,Ok,92.0,Ok,5442
507226.531000,96.0,Ok,89.0,Ok,5443
507226.562000,99.0,Ok,90.0,Ok,5444
507226.625000,114.0,Ok,89.0,Ok,5445
507226.671000,102.0,Ok,87.0,Ok,5446
507226.734000,97.0,Ok,94.0,Ok,5447
507226.781000,101.0,Ok,87.0,Ok,5448
507226.828000,106.0,Ok,88.0,Ok,5449
507226.875000,98.0,Ok,90.0,Ok,5450
507226.921000,99.0,Ok,90.0,Ok,5451
507226.984000,75.0,Ok,88.0,Ok,5452
507227.031000,85.0,Ok,87.0,Ok,5453
507227.078000,98.0,Ok,86.0,Ok,5454
507227.125000,99.0,Ok,87.0,Ok,5455
507227.171000,97.0,Ok,88.0,Ok,5456
507227.218000,94.0,Ok,89.0,Ok,5457
507227.281000,98.0,Ok,87.0,Ok,5458
507227.328000,94.0,Ok,92.0,Ok,5459
507227.375000,109.0,Ok,88.0,Ok,5460
507227.406000,98.0,Ok,87.0,Ok,5461
507227.468000,110.0,Ok,89.0,Ok,5462
507227.515000,104.0,Ok,86.0,Ok,5463
507227.578000,103.0,Ok,86.0,Ok,5464
507227.625000,102.0,Ok,87.0,Ok,5465
507227.671000,114.0,Ok,87.0,Ok,5466
507227.718000,119.0,Ok,86.0,Ok,5467
507227.781000,94.0,Ok,90.0,Ok,5468
507227.812000,106.0,Ok,87.0,Ok,5469
507227.875000,95.0,Ok,87.0,Ok,5470
507227.921000,95.0,Ok,89.0,Ok,5471
507227.984000,101.0,Ok,86.0,Ok,5472
507228.031000,103.0,Ok,85.0,Ok,5473
507228.078000,101.0,Ok,85.0,Ok,5474
507228.125000,104.0,Ok,79.0,Ok,5475
507228.171000,105.0,Ok,85.0,Ok,5476
507228.218000,100.0,Ok,82.0,Ok,5477
507228.281000,99.0,Ok,87.0,Ok,5478
507228.328000,98.0,Ok,84.0,Ok,5479
507228.375000,98.0,Ok,84.0,Ok,5480
507228.421000,140.0,Ok,84.0,Ok,5481
507228.484000,138.0,Ok,84.0,Ok,5482
507228.531000,127.0,Ok,83.0,Ok,5483
507228.578000,107.0,Ok,83.0,Ok,5484
507228.625000,103.0,Ok,84.0,Ok,5485
507228.671000,102.0,Ok,87.0,Ok,5486
507228.718000,98.0,Ok,90.0,Ok,5487
507228.765000,87.0,Ok,85.0,Ok,5488
507228.828000,87.0,Ok,85.0,Ok,5489
507228.875000,87.0,Ok,84.0,Ok,5490
507228.921000,97.0,Ok,84.0,Ok,5491
507228.984000,98.0,Ok,85.0,Ok,5492
507229.031000,98.0,Ok,92.0,Ok,5493
507229.078000,103.0,Ok,85.0,Ok,5494
507229.125000,95.0,Ok,90.0,Ok,5495
507229.171000,102.0,Ok,86.0,Ok,5496
507229.218000,104.0,Ok,89.0,Ok,5497
507229.281000,105.0,Ok,84.0,Ok,5498
507229.328000,105.0,Ok,94.0,Ok,5499
507229.375000,104.0,Ok,92.0,Ok,5500
507229.421000,103.0,Ok,94.0,Ok,5501
507229.484000,100.0,Ok,89.0,Ok,5502
507229.531000,108.0,Ok,83.0,Ok,5503
507229.562000,105.0,Ok,82.0,Ok,5504
507229.640000,99.0,Ok,87.0,Ok,5505
507229.687000,102.0,Ok,77.0,Ok,5506
507229.734000,102.0,Ok,73.0,Ok,5507
507229.781000,102.0,Ok,73.0,Ok,5508
507229.828000,104.0,Ok,76.0,Ok,5509
507229.875000,106.0,Ok,73.0,Ok,5510
507229.921000,106.0,Ok,83.0,Ok,5511
507229.984000,99.0,Ok,88.0,Ok,5512
507230.031000,106.0,Ok,91.0,Ok,5513
507230.078000,107.0,Ok,86.0,Ok,5514
507230.125000,105.0,Ok,94.0,Ok,5515
507230.171000,100.0,Ok,98.0,Ok,5516
507230.218000,108.0,Ok,102.0,Ok,5517
507230.281000,109.0,Ok,111.0,Ok,5518
507230.328000,109.0,Ok,83.0,Ok,5519
507230.375000,105.0,Ok,128.0,Ok,5520
507230.421000,105.0,Ok,117.0,Ok,5521
507230.484000,105.0,Ok,118.0,Ok,5522
507230.515000,106.0,Ok,119.0,Ok,5523
507230.578000,99.0,Ok,115.0,Ok,5524
507230.625000,101.0,Ok,110.0,Ok,5525
507230.671000,109.0,Ok,108.0,Ok,5526
507230.734000,101.0,Ok,110.0,Ok,5527
507230.781000,105.0,Ok,109.0,Ok,5528
507230.828000,105.0,Ok,105.0,Ok,5529
507230.859000,107.0,Ok,103.0,Ok,5530
507230.921000,102.0,Ok,102.0,Ok,5531
507230.984000,97.0,Ok,97.0,Ok,5532
507231.031000,102.0,Ok,93.0,Ok,5533
507231.078000,99.0,Ok,94.0,Ok,5534
507231.125000,103.0,Ok,91.0,Ok,5535
507231.171000,106.0,Ok,94.0,Ok,5536
507231.234000,103.0,Ok,97.0,Ok,5537
507231.281000,104.0,Ok,87.0,Ok,5538
507231.328000,101.0,Ok,89.0,Ok,5539
507231.375000,103.0,Ok,88.0,Ok,5540
507231.421000,102.0,Ok,86.0,Ok,5541
507231.484000,101.0,Ok,87.0,Ok,5542
507231.531000,112.0,Ok,88.0,Ok,5543
507231.578000,108.0,Ok,86.0,Ok,5544
507231.625000,101.0,Ok,90.0,Ok,5545
507231.671000,100.0,Ok,96.0,Ok,5546
507231.718000,98.0,Ok,91.0,Ok,5547
507231.765000,100.0,Ok,87.0,Ok,5548
507231.828000,106.0,Ok,91.0,Ok,5549
507231.875000,101.0,Ok,91.0,Ok,5550
507231.921000,103.0,Ok,88.0,Ok,5551
507231.968000,98.0,Ok,90.0,Ok,5552
507232.031000,102.0,Ok,88.0,Ok,5553
507232.078000,107.0,Ok,86.0,Ok,5554
507232.125000,99.0,Ok,87.0,Ok,5555
507232.171000,100.0,Ok,86.0,Ok,5556
507232.218000,107.0,Ok,88.0,Ok,5557
507232.265000,102.0,Ok,89.0,Ok,5558
507232.328000,105.0,Ok,87.0,Ok,5559
507232.375000,104.0,Ok,88.0,Ok,5560
507232.421000,104.0,Ok,90.0,Ok,5561
507232.468000,99.0,Ok,91.0,Ok,5562
507232.515000,106.0,Ok,93.0,Ok,5563
507232.562000,103.0,Ok,87.0,Ok,5564
507232.625000,104.0,Ok,90.0,Ok,5565
507232.671000,100.0,Ok,86.0,Ok,5566
507232.734000,105.0,Ok,87.0,Ok,5567
507232.781000,105.0,Ok,86.0,Ok,5568
507232.828000,98.0,Ok,89.0,Ok,5569
507232.875000,106.0,Ok,85.0,Ok,5570
507232.921000,104.0,Ok,89.0,Ok,5571
507232.984000,103.0,Ok,86.0,Ok,5572
507233.031000,105.0,Ok,86.0,Ok,5573
507233.078000,104.0,Ok,85.0,Ok,5574
507233.125000,103.0,Ok,85.0,Ok,5575
507233.171000,97.0,Ok,83.0,Ok,5576
507233.218000,98.0,Ok,85.0,Ok,5577
507233.265000,95.0,Ok,86.0,Ok,5578
507233.328000,100.0,Ok,88.0,Ok,5579
507233.375000,96.0,Ok,91.0,Ok,5580
507233.421000,100.0,Ok,87.0,Ok,5581
507233.484000,100.0,Ok,86.0,Ok,5582
507233.531000,99.0,Ok,86.0,Ok,5583
507233.578000,94.0,Ok,87.0,Ok,5584
507233.625000,100.0,Ok,87.0,Ok,5585
507233.671000,99.0,Ok,90.0,Ok,5586
507233.734000,101.0,Ok,87.0,Ok,5587
507233.781000,100.0,Ok,88.0,Ok,5588
507233.812000,99.0,Ok,94.0,Ok,5589
507233.875000,100.0,Ok,90.0,Ok,5590
507233.921000,97.0,Ok,89.0,Ok,5591
507233.984000,101.0,Ok,87.0,Ok,5592
507234.031000,99.0,Ok,92.0,Ok,5593
507234.078000,92.0,Ok,87.0,Ok,5594
507234.125000,98.0,Ok,93.0,Ok,5595
507234.171000,94.0,Ok,89.0,Ok,5596
507234.234000,92.0,Ok,88.0,Ok,5597
507234.281000,96.0,Ok,82.0,Ok,5598
507234.328000,105.0,Ok,85.0,Ok,5599
507234.375000,98.0,Ok,78.0,Ok,5600
507234.421000,100.0,Ok,76.0,Ok,5601
507234.484000,100.0,Ok,77.0,Ok,5602
507234.531000,106.0,Ok,73.0,Ok,5603
507234.578000,103.0,Ok,74.0,Ok,5604
507234.625000,106.0,Ok,70.0,Ok,5605
507234.671000,109.0,Ok,84.0,Ok,5606
507234.734000,90.0,Ok,71.0,Ok,5607
507234.781000,100.0,Ok,75.0,Ok,5608
507234.828000,105.0,Ok,77.0,Ok,5609
507234.875000,104.0,Ok,99.0,Ok,5610
507234.921000,107.0,Ok,94.0,Ok,5611
507234.984000,109.0,Ok,91.0,Ok,5612
507235.031000,113.0,Ok,105.0,Ok,5613
507235.093000,109.0,Ok,161.0,Ok,5614
507235.125000,103.0,Ok,106.0,Ok,5615
507235.171000,108.0,Ok,106.0,Ok,5616
507235.234000,104.0,Ok,114.0,Ok,5617
507235.265000,107.0,Ok,115.0,Ok,5618
507235.328000,101.0,Ok,114.0,Ok,5619
507235.375000,102.0,Ok,115.0,Ok,5620
507235.437000,96.0,Ok,109.0,Ok,5621
507235.468000,98.0,Ok,108.0,Ok,5622
507235.531000,102.0,Ok,107.0,Ok,5623
507235.578000,99.0,Ok,103.0,Ok,5624
507235.625000,94.0,Ok,104.0,Ok,5625
507235.671000,99.0,Ok,101.0,Ok,5626
507235.734000,99.0,Ok,103.0,Ok,5627
507235.781000,96.0,Ok,100.0,Ok,5628
507235.828000,110.0,Ok,99.0,Ok,5629
507235.875000,102.0,Ok,89.0,Ok,5630
507235.921000,111.0,Ok,85.0,Ok,5631
507235.968000,102.0,Ok,90.0,Ok,5632
507236.015000,100.0,Ok,91.0,Ok,5633
507236.078000,104.0,Ok,88.0,Ok,5634
507236.125000,106.0,Ok,89.0,Ok,5635
507236.171000,100.0,Ok,92.0,Ok,5636
507236.218000,104.0,Ok,84.0,Ok,5637
507236.281000,103.0,Ok,88.0,Ok,5638
507236.328000,103.0,Ok,86.0,Ok,5639
507236.375000,105.0,Ok,84.0,Ok,5640
507236.421000,103.0,Ok,86.0,Ok,5641
507236.468000,106.0,Ok,84.0,Ok,5642
507236.531000,103.0,Ok,85.0,Ok,5643
507236.578000,104.0,Ok,84.0,Ok,5644
507236.625000,100.0,Ok,84.0,Ok,5645
507236.671000,103.0,Ok,91.0,Ok,5646
507236.718000,100.0,Ok,94.0,Ok,5647
507236.781000,100.0,Ok,94.0,Ok,5648
507236.828000,107.0,Ok,84.0,Ok,5649
507236.875000,100.0,Ok,88.0,Ok,5650
507236.921000,101.0,Ok,85.0,Ok,5651
507236.984000,105.0,Ok,87.0,Ok,5652
507237.031000,104.0,Ok,85.0,Ok,5653
507237.078000,101.0,Ok,85.0,Ok,5654
507237.125000,101.0,Ok,86.0,Ok,5655
507237.171000,98.0,Ok,85.0,Ok,5656
507237.234000,109.0,Ok,86.0,Ok,5657
507237.281000,102.0,Ok,84.0,Ok,5658
507237.328000,100.0,Ok,90.0,Ok,5659
507237.375000,98.0,Ok,84.0,Ok,5660
507237.421000,98.0,Ok,85.0,Ok,5661
507237.468000,104.0,Ok,86.0,Ok,5662
507237.531000,101.0,Ok,86.0,Ok,5663
507237.578000,100.0,Ok,93.0,Ok,5664
507237.625000,102.0,Ok,86.0,Ok,5665
507237.671000,102.0,Ok,84.0,Ok,5666
507237.734000,99.0,Ok,88.0,Ok,5667
507237.781000,104.0,Ok,85.0,Ok,5668
507237.828000,107.0,Ok,85.0,Ok,5669
507237.875000,103.0,Ok,85.0,Ok,5670
507237.921000,99.0,Ok,87.0,Ok,5671
507237.968000,99.0,Ok,87.0,Ok,5672
507238.031000,107.0,Ok,92.0,Ok,5673
507238.078000,103.0,Ok,86.0,Ok,5674
507238.125000,97.0,Ok,91.0,Ok,5675
507238.171000,96.0,Ok,86.0,Ok,5676
507238.234000,94.0,Ok,90.0,Ok,5677
507238.281000,94.0,Ok,84.0,Ok,5678
507238.312000,92.0,Ok,85.0,Ok,5679
507238.375000,95.0,Ok,85.0,Ok,5680
507238.421000,96.0,Ok,85.0,Ok,5681
507238.484000,99.0,Ok,87.0,Ok,5682
507238.531000,97.0,Ok,84.0,Ok,5683
507238.578000,98.0,Ok,91.0,Ok,5684
507238.625000,103.0,Ok,88.0,Ok,5685
507238.671000,103.0,Ok,86.0,Ok,5686
507238.718000,103.0,Ok,83.0,Ok,5687
507238.781000,107.0,Ok,91.0,Ok,5688
507238.828000,101.0,Ok,87.0,Ok,5689
507238.875000,101.0,Ok,82.0,Ok,5690
507238.921000,104.0,Ok,82.0,Ok,5691
507238.984000,102.0,Ok,83.0,Ok,5692
507239.031000,100.0,Ok,83.0,Ok,5693
507239.062000,100.0,Ok,77.0,Ok,5694
507239.125000,100.0,Ok,74.0,Ok,5695
507239.171000,97.0,Ok,78.0,Ok,5696
507239.218000,99.0,Ok,70.0,Ok,5697
507239.265000,99.0,Ok,77.0,Ok,5698
507239.312000,99.0,Ok,84.0,Ok,5699
507239.375000,103.0,Ok,75.0,Ok,5700
507239.421000,101.0,Ok,84.0,Ok,5701
507239.468000,105.0,Ok,89.0,Ok,5702
507239.531000,108.0,Ok,97.0,Ok,5703
507239.578000,105.0,Ok,94.0,Ok,5704
507239.625000,101.0,Ok,87.0,Ok,5705
507239.671000,100.0,Ok,87.0,Ok,5706
507239.718000,111.0,Ok,127.0,Ok,5707
507239.781000,110.0,Ok,102.0,Ok,5708
507239.828000,110.0,Ok,102.0,Ok,5709
507239.875000,106.0,Ok,105.0,Ok,5710
507239.921000,105.0,Ok,106.0,Ok,5711
507239.984000,104.0,Ok,102.0,Ok,5712
507240.031000,102.0,Ok,102.0,Ok,5713
507240.062000,104.0,Ok,105.0,Ok,5714
507240.125000,102.0,Ok,101.0,Ok,5715
507240.171000,99.0,Ok,98.0,Ok,5716
507240.234000,99.0,Ok,103.0,Ok,5717
507240.281000,95.0,Ok,103.0,Ok,5718
507240.328000,101.0,Ok,95.0,Ok,5719
507240.375000,97.0,Ok,99.0,Ok,5720
507240.421000,109.0,Ok,94.0,Ok,5721
507240.468000,105.0,Ok,92.0,Ok,5722
507240.546000,111.0,Ok,92.0,Ok,5723
507240.578000,105.0,Ok,92.0,Ok,5724
507240.625000,104.0,Ok,87.0,Ok,5725
507240.671000,109.0,Ok,84.0,Ok,5726
507240.718000,107.0,Ok,84.0,Ok,5727
507240.781000,110.0,Ok,83.0,Ok,5728
507240.828000,105.0,Ok,85.0,Ok,5729
507240.875000,104.0,Ok,90.0,Ok,5730
507240.921000,114.0,Ok,87.0,Ok,5731
507240.968000,104.0,Ok,84.0,Ok,5732
507241.031000,109.0,Ok,83.0,Ok,5733
507241.078000,109.0,Ok,87.0,Ok,5734
507241.125000,106.0,Ok,84.0,Ok,5735
507241.171000,106.0,Ok,83.0,Ok,5736
507241.218000,109.0,Ok,90.0,Ok,5737
507241.281000,107.0,Ok,83.0,Ok,5738
507241.328000,109.0,Ok,85.0,Ok,5739
507241.375000,105.0,Ok,87.0,Ok,5740
507241.421000,107.0,Ok,87.0,Ok,5741
507241.484000,107.0,Ok,84.0,Ok,5742
507241.531000,104.0,Ok,85.0,Ok,5743
507241.578000,105.0,Ok,84.0,Ok,5744
507241.625000,105.0,Ok,84.0,Ok,5745
507241.671000,103.0,Ok,83.0,Ok,5746
507241.734000,104.0,Ok,85.0,Ok,5747
507241.781000,101.0,Ok,90.0,Ok,5748
507241.828000,105.0,Ok,87.0,Ok,5749
507241.875000,104.0,Ok,91.0,Ok,5750
507241.921000,101.0,Ok,83.0,Ok,5751
507241.968000,100.0,Ok,83.0,Ok,5752
507242.015000,102.0,Ok,91.0,Ok,5753
507242.078000,103.0,Ok,83.0,Ok,5754
507242.125000,103.0,Ok,91.0,Ok,5755
507242.171000,101.0,Ok,93.0,Ok,5756
507242.218000,105.0,Ok,92.0,Ok,5757
507242.265000,99.0,Ok,91.0,Ok,5758
507242.328000,102.0,Ok,91.0,Ok,5759
507242.375000,99.0,Ok,89.0,Ok,5760
507242.421000,101.0,Ok,84.0,Ok,5761
507242.484000,101.0,Ok,85.0,Ok,5762
507242.531000,100.0,Ok,83.0,Ok,5763
507242.578000,100.0,Ok,83.0,Ok,5764
507242.625000,99.0,Ok,92.0,Ok,5765
507242.671000,100.0,Ok,85.0,Ok,5766
507242.734000,100.0,Ok,87.0,Ok,5767
507242.781000,98.0,Ok,86.0,Ok,5768
507242.828000,100.0,Ok,93.0,Ok,5769
507242.875000,99.0,Ok,84.0,Ok,5770
507242.921000,96.0,Ok,92.0,Ok,5771
507242.984000,97.0,Ok,84.0,Ok,5772
507243.031000,99.0,Ok,91.0,Ok,5773
507243.078000,101.0,Ok,86.0,Ok,5774
507243.125000,103.0,Ok,82.0,Ok,5775
507243.171000,105.0,Ok,83.0,Ok,5776
507243.218000,102.0,Ok,82.0,Ok,5777
507243.281000,96.0,Ok,84.0,Ok,5778
507243.328000,109.0,Ok,83.0,Ok,5779
507243.375000,107.0,Ok,77.0,Ok,5780
507243.421000,105.0,Ok,76.0,Ok,5781
507243.468000,103.0,Ok,70.0,Ok,5782
507243.531000,101.0,Ok,76.0,Ok,5783
507243.578000,106.0,Ok,70.0,Ok,5784
507243.625000,122.0,Ok,80.0,Ok,5785
507243.671000,108.0,Ok,117.0,Ok,5786
507243.734000,112.0,Ok,77.0,Ok,5787
507243.781000,105.0,Ok,68.0,Ok,5788
507243.828000,108.0,Ok,91.0,Ok,5789
507243.875000,108.0,Ok,101.0,Ok,5790
507243.921000,103.0,Ok,92.0,Ok,5791
507243.984000,106.0,Ok,86.0,Ok,5792
507244.031000,102.0,Ok,98.0,Ok,5793
507244.078000,101.0,Ok,103.0,Ok,5794
507244.125000,106.0,Ok,102.0,Ok,5795
507244.171000,106.0,Ok,94.0,Ok,5796
507244.234000,104.0,Ok,105.0,Ok,5797
507244.281000,104.0,Ok,103.0,Ok,5798
507244.328000,99.0,Ok,99.0,Ok,5799
507244.375000,97.0,Ok,95.0,Ok,5800
507244.421000,103.0,Ok,100.0,Ok,5801
507244.484000,103.0,Ok,98.0,Ok,5802
507244.531000,98.0,Ok,92.0,Ok,5803
507244.578000,102.0,Ok,98.0,Ok,5804
507244.640000,98.0,Ok,97.0,Ok,5805
507244.687000,99.0,Ok,92.0,Ok,5806
507244.718000,98.0,Ok,95.0,Ok,5807
507244.765000,99.0,Ok,92.0,Ok,5808
507244.828000,104.0,Ok,96.0,Ok,5809
507244.875000,104.0,Ok,96.0,Ok,5810
507244.921000,101.0,Ok,89.0,Ok,5811
507244.984000,107.0,Ok,84.0,Ok,5812
507245.031000,105.0,Ok,89.0,Ok,5813
507245.078000,106.0,Ok,86.0,Ok,5814
507245.125000,106.0,Ok,86.0,Ok,5815
507245.171000,107.0,Ok,84.0,Ok,5816
507245.234000,110.0,Ok,85.0,Ok,5817
507245.265000,103.0,Ok,92.0,Ok,5818
507245.312000,103.0,Ok,92.0,Ok,5819
507245.375000,106.0,Ok,91.0,Ok,5820
507245.421000,103.0,Ok,90.0,Ok,5821
507245.468000,107.0,Ok,85.0,Ok,5822
507245.531000,115.0,Ok,95.0,Ok,5823
507245.578000,101.0,Ok,85.0,Ok,5824
507245.625000,114.0,Ok,88.0,Ok,5825
507245.671000,107.0,Ok,85.0,Ok,5826
507245.718000,112.0,Ok,88.0,Ok,5827
507245.765000,113.0,Ok,90.0,Ok,5828
507245.812000,113.0,Ok,84.0,Ok,5829
507245.875000,107.0,Ok,87.0,Ok,5830
507245.921000,105.0,Ok,91.0,Ok,5831
507246.000000,101.0,Ok,86.0,Ok,5832
507246.031000,106.0,Ok,82.0,Ok,5833
507246.078000,100.0,Ok,82.0,Ok,5834
507246.125000,101.0,Ok,82.0,Ok,5835
507246.171000,111.0,Ok,86.0,Ok,5836
507246.234000,100.0,Ok,91.0,Ok,5837
507246.281000,107.0,Ok,91.0,Ok,5838
507246.328000,101.0,Ok,82.0,Ok,5839
507246.375000,104.0,Ok,86.0,Ok,5840
507246.421000,103.0,Ok,92.0,Ok,5841
507246.484000,107.0,Ok,92.0,Ok,5842
507246.531000,105.0,Ok,89.0,Ok,5843
507246.578000,108.0,Ok,89.0,Ok,5844
507246.625000,107.0,Ok,88.0,Ok,5845
507246.671000,107.0,Ok,84.0,Ok,5846
507246.718000,103.0,Ok,92.0,Ok,5847
507246.781000,105.0,Ok,89.0,Ok,5848
507246.828000,107.0,Ok,92.0,Ok,5849
507246.875000,106.0,Ok,87.0,Ok,5850
507246.921000,104.0,Ok,87.0,Ok,5851
507246.968000,105.0,Ok,86.0,Ok,5852
507247.031000,107.0,Ok,86.0,Ok,5853
507247.078000,108.0,Ok,87.0,Ok,5854
507247.125000,98.0,Ok,86.0,Ok,5855
507247.171000,98.0,Ok,87.0,Ok,5856
507247.218000,99.0,Ok,83.0,Ok,5857
507247.281000,98.0,Ok,87.0,Ok,5858
507247.328000,97.0,Ok,84.0,Ok,5859
507247.375000,105.0,Ok,92.0,Ok,5860
507247.421000,106.0,Ok,90.0,Ok,5861
507247.468000,105.0,Ok,90.0,Ok,5862
507247.515000,106.0,Ok,83.0,Ok,5863
507247.578000,108.0,Ok,87.0,Ok,5864
507247.625000,107.0,Ok,88.0,Ok,5865
507247.671000,107.0,Ok,84.0,Ok,5866
507247.718000,108.0,Ok,83.0,Ok,5867
507247.781000,106.0,Ok,86.0,Ok,5868
507247.828000,109.0,Ok,88.0,Ok,5869
507247.875000,107.0,Ok,83.0,Ok,5870
507247.921000,106.0,Ok,92.0,Ok,5871
507247.984000,105.0,Ok,90.0,Ok,5872
507248.031000,105.0,Ok,84.0,Ok,5873
507248.078000,106.0,Ok,83.0,Ok,5874
507248.125000,106.0,Ok,82.0,Ok,5875
507248.171000,107.0,Ok,84.0,Ok,5876
507248.218000,105.0,Ok,83.0,Ok,5877
507248.281000,107.0,Ok,82.0,Ok,5878
507248.328000,107.0,Ok,82.0,Ok,5879
507248.375000,108.0,Ok,91.0,Ok,5880
507248.421000,107.0,Ok,82.0,Ok,5881
507248.484000,106.0,Ok,79.0,Ok,5882
507248.531000,100.0,Ok,80.0,Ok,5883
507248.578000,108.0,Ok,81.0,Ok,5884
507248.625000,109.0,Ok,71.0,Ok,5885
507248.671000,109.0,Ok,78.0,Ok,5886
507248.734000,110.0,Ok,76.0,Ok,5887
507248.781000,104.0,Ok,82.0,Ok,5888
507248.828000,104.0,Ok,81.0,Ok,5889
507248.875000,109.0,Ok,93.0,Ok,5890
507248.921000,110.0,Ok,95.0,Ok,5891
507248.984000,105.0,Ok,91.0,Ok,5892
507249.031000,108.0,Ok,102.0,Ok,5893
507249.078000,107.0,Ok,96.0,Ok,5894
507249.125000,110.0,Ok,117.0,Ok,5895
507249.171000,105.0,Ok,102.0,Ok,5896
507249.234000,112.0,Ok,101.0,Ok,5897
507249.281000,98.0,Ok,98.0,Ok,5898
507249.328000,98.0,Ok,107.0,Ok,5899
507249.375000,97.0,Ok,89.0,Ok,5900
507249.421000,88.0,Ok,96.0,Ok,5901
507249.484000,88.0,Ok,99.0,Ok,5902
507249.515000,98.0,Ok,91.0,Ok,5903
507249.562000,97.0,Ok,95.0,Ok,5904
507249.625000,101.0,Ok,96.0,Ok,5905
507249.671000,92.0,Ok,93.0,Ok,5906
507249.734000,98.0,Ok,112.0,Ok,5907
507249.781000,90.0,Ok,98.0,Ok,5908
507249.828000,92.0,Ok,109.0,Ok,5909
507249.875000,95.0,Ok,119.0,Ok,5910
507249.921000,92.0,Ok,93.0,Ok,5911
507249.984000,93.0,Ok,98.0,Ok,5912
507250.031000,98.0,Ok,88.0,Ok,5913
507250.078000,92.0,Ok,94.0,Ok,5914
507250.125000,98.0,Ok,98.0,Ok,5915
507250.171000,99.0,Ok,82.0,Ok,5916
507250.218000,100.0,Ok,79.0,Ok,5917
507250.265000,92.0,Ok,97.0,Ok,5918
507250.328000,92.0,Ok,89.0,Ok,5919
507250.375000,89.0,Ok,90.0,Ok,5920
507250.421000,96.0,Ok,77.0,Ok,5921
507250.484000,99.0,Ok,83.0,Ok,5922
507250.531000,99.0,Ok,91.0,Ok,5923
507250.578000,97.0,Ok,96.0,Ok,5924
507250.625000,98.0,Ok,96.0,Ok,5925
507250.671000,105.0,Ok,94.0,Ok,5926
507250.734000,103.0,Ok,106.0,Ok,5927
507250.781000,105.0,Ok,96.0,Ok,5928
507250.828000,109.0,Ok,89.0,Ok,5929
507250.875000,108.0,Ok,80.0,Ok,5930
507250.921000,98.0,Ok,87.0,Ok,5931
507250.984000,101.0,Ok,80.0,Ok,5932
507251.031000,109.0,Ok,78.0,Ok,5933
507251.078000,111.0,Ok,72.0,Ok,5934
507251.125000,109.0,Ok,71.0,Ok,5935
507251.171000,113.0,Ok,73.0,Ok,5936
507251.218000,106.0,Ok,73.0,Ok,5937
507251.281000,111.0,Ok,74.0,Ok,5938
507251.312000,108.0,Ok,71.0,Ok,5939
507251.375000,114.0,Ok,74.0,Ok,5940
507251.453000,115.0,Ok,73.0,Ok,5941
507251.484000,112.0,Ok,76.0,Ok,5942
507251.531000,107.0,Ok,74.0,Ok,5943
507251.578000,111.0,Ok,77.0,Ok,5944
507251.625000,104.0,Ok,73.0,Ok,5945
507251.671000,109.0,Ok,76.0,Ok,5946
507251.718000,101.0,Ok,73.0,Ok,5947
507251.781000,107.0,Ok,70.0,Ok,5948
507251.828000,107.0,Ok,74.0,Ok,5949
507251.875000,105.0,Ok,74.0,Ok,5950
507251.921000,106.0,Ok,69.0,Ok,5951
507251.984000,108.0,Ok,70.0,Ok,5952
507252.031000,107.0,Ok,63.0,Ok,5953
507252.078000,113.0,Ok,70.0,Ok,5954
507252.125000,116.0,Ok,63.0,Ok,5955
507252.171000,114.0,Ok,66.0,Ok,5956
507252.218000,119.0,Ok,68.0,Ok,5957
507252.281000,115.0,Ok,70.0,Ok,5958
507252.328000,112.0,Ok,67.0,Ok,5959
507252.375000,112.0,Ok,67.0,Ok,5960
507252.421000,113.0,Ok,65.0,Ok,5961
507252.468000,118.0,Ok,59.0,Ok,5962
507252.531000,114.0,Ok,65.0,Ok,5963
507252.578000,116.0,Ok,63.0,Ok,5964
507252.625000,116.0,Ok,63.0,Ok,5965
507252.671000,115.0,Ok,67.0,Ok,5966
507252.734000,117.0,Ok,70.0,Ok,5967
507252.781000,118.0,Ok,68.0,Ok,5968
507252.828000,111.0,Ok,64.0,Ok,5969
507252.875000,113.0,Ok,66.0,Ok,5970
507252.921000,109.0,Ok,66.0,Ok,5971
507252.968000,112.0,Ok,68.0,Ok,5972
507253.031000,109.0,Ok,68.0,Ok,5973
507253.078000,115.0,Ok,68.0,Ok,5974
507253.125000,117.0,Ok,72.0,Ok,5975
507253.171000,112.0,Ok,76.0,Ok,5976
507253.218000,108.0,Ok,73.0,Ok,5977
507253.281000,116.0,Ok,67.0,Ok,5978
507253.328000,115.0,Ok,71.0,Ok,5979
507253.375000,115.0,Ok,76.0,Ok,5980
507253.421000,113.0,Ok,72.0,Ok,5981
507253.484000,108.0,Ok,73.0,Ok,5982
507253.531000,105.0,Ok,71.0,Ok,5983
507253.578000,111.0,Ok,71.0,Ok,5984
507253.625000,104.0,Ok,71.0,Ok,5985
507253.671000,104.0,Ok,68.0,Ok,5986
507253.734000,109.0,Ok,64.0,Ok,5987
507253.781000,110.0,Ok,64.0,Ok,5988
507253.812000,104.0,Ok,66.0,Ok,5989
507253.875000,107.0,Ok,72.0,Ok,5990
507253.921000,99.0,Ok,71.0,Ok,5991
507253.984000,110.0,Ok,77.0,Ok,5992
507254.031000,102.0,Ok,72.0,Ok,5993
507254.078000,112.0,Ok,73.0,Ok,5994
507254.125000,112.0,Ok,73.0,Ok,5995
507254.171000,107.0,Ok,73.0,Ok,5996
507254.234000,101.0,Ok,74.0,Ok,5997
507254.281000,105.0,Ok,75.0,Ok,5998
507254.328000,107.0,Ok,77.0,Ok,5999
507254.375000,108.0,Ok,77.0,Ok,6000
507254.421000,107.0,Ok,73.0,Ok,6001
507254.484000,101.0,Ok,77.0,Ok,6002
507254.531000,108.0,Ok,77.0,Ok,6003
507254.578000,112.0,Ok,80.0,Ok,6004
507254.625000,112.0,Ok,78.0,Ok,6005
507254.671000,114.0,Ok,77.0,Ok,6006
507254.734000,110.0,Ok,78.0,Ok,6007
507254.781000,111.0,Ok,83.0,Ok,6008
507254.828000,110.0,Ok,82.0,Ok,6009
507254.875000,105.0,Ok,79.0,Ok,6010
507254.921000,102.0,Ok,82.0,Ok,6011
507254.984000,105.0,Ok,80.0,Ok,6012
507255.031000,111.0,Ok,82.0,Ok,6013
507255.078000,108.0,Ok,77.0,Ok,6014
507255.125000,111.0,Ok,84.0,Ok,6015
507255.171000,103.0,Ok,81.0,Ok,6016
507255.234000,104.0,Ok,74.0,Ok,6017
507255.281000,101.0,Ok,79.0,Ok,6018
507255.328000,103.0,Ok,79.0,Ok,6019
507255.375000,105.0,Ok,78.0,Ok,6020
507255.421000,101.0,Ok,80.0,Ok,6021
507255.484000,107.0,Ok,74.0,Ok,6022
507255.531000,107.0,Ok,78.0,Ok,6023
507255.578000,107.0,Ok,75.0,Ok,6024
507255.609000,104.0,Ok,74.0,Ok,6025
507255.671000,102.0,Ok,78.0,Ok,6026
507255.734000,112.0,Ok,80.0,Ok,6027
507255.781000,103.0,Ok,71.0,Ok,6028
507255.828000,113.0,Ok,75.0,Ok,6029
507255.875000,116.0,Ok,63.0,Ok,6030
507255.921000,110.0,Ok,61.0,Ok,6031
507255.984000,109.0,Ok,58.0,Ok,6032
507256.031000,113.0,Ok,58.0,Ok,6033
507256.078000,104.0,Ok,60.0,Ok,6034
507256.125000,101.0,Ok,61.0,Ok,6035
507256.171000,98.0,Ok,71.0,Ok,6036
507256.234000,98.0,Ok,83.0,Ok,6037
507256.281000,98.0,Ok,104.0,Ok,6038
507256.328000,95.0,Ok,110.0,Ok,6039
507256.375000,98.0,Ok,107.0,Ok,6040
507256.421000,98.0,Ok,130.0,Ok,6041
507256.484000,98.0,Ok,126.0,Ok,6042
507256.531000,95.0,Ok,135.0,Ok,6043
507256.578000,89.0,Ok,128.0,Ok,6044
507256.625000,96.0,Ok,138.0,Ok,6045
507256.671000,90.0,Ok,123.0,Ok,6046
507256.734000,97.0,Ok,125.0,Ok,6047
507256.781000,96.0,Ok,154.0,Ok,6048
507256.812000,92.0,Ok,140.0,Ok,6049
507256.875000,95.0,Ok,129.0,Ok,6050
507256.921000,94.0,Ok,140.0,Ok,6051
507256.984000,91.0,Ok,150.0,Ok,6052
507257.031000,91.0,Ok,139.0,Ok,6053
507257.078000,91.0,Ok,129.0,Ok,6054
507257.125000,90.0,Ok,130.0,Ok,6055
507257.171000,94.0,Ok,140.0,Ok,6056
507257.234000,94.0,Ok,129.0,Ok,6057
507257.265000,91.0,Ok,126.0,Ok,6058
507257.328000,92.0,Ok,126.0,Ok,6059
507257.375000,98.0,Ok,127.0,Ok,6060
507257.421000,94.0,Ok,132.0,Ok,6061
507257.484000,96.0,Ok,135.0,Ok,6062
507257.531000,98.0,Ok,138.0,Ok,6063
507257.578000,92.0,Ok,141.0,Ok,6064
507257.625000,90.0,Ok,137.0,Ok,6065
507257.671000,92.0,Ok,131.0,Ok,6066
507257.718000,92.0,Ok,128.0,Ok,6067
507257.781000,95.0,Ok,125.0,Ok,6068
507257.828000,91.0,Ok,130.0,Ok,6069
507257.875000,92.0,Ok,131.0,Ok,6070
507257.921000,95.0,Ok,133.0,Ok,6071
507257.968000,94.0,Ok,135.0,Ok,6072
507258.031000,97.0,Ok,135.0,Ok,6073
507258.062000,92.0,Ok,137.0,Ok,6074
507258.125000,93.0,Ok,135.0,Ok,6075
507258.171000,94.0,Ok,134.0,Ok,6076
507258.234000,98.0,Ok,134.0,Ok,6077
507258.265000,89.0,Ok,132.0,Ok,6078
507258.328000,93.0,Ok,131.0,Ok,6079
507258.375000,93.0,Ok,133.0,Ok,6080
507258.421000,97.0,Ok,138.0,Ok,6081
507258.484000,99.0,Ok,133.0,Ok,6082
507258.531000,94.0,Ok,139.0,Ok,6083
507258.578000,101.0,Ok,133.0,Ok,6084
507258.625000,100.0,Ok,137.0,Ok,6085
507258.671000,98.0,Ok,131.0,Ok,6086
507258.718000,98.0,Ok,126.0,Ok,6087
507258.781000,94.0,Ok,129.0,Ok,6088
507258.828000,98.0,Ok,130.0,Ok,6089
507258.875000,92.0,Ok,123.0,Ok,6090
507258.921000,93.0,Ok,126.0,Ok,6091
507258.968000,96.0,Ok,128.0,Ok,6092
507259.031000,97.0,Ok,130.0,Ok,6093
507259.078000,98.0,Ok,127.0,Ok,6094
507259.125000,96.0,Ok,130.0,Ok,6095
507259.171000,93.0,Ok,129.0,Ok,6096
507259.218000,93.0,Ok,132.0,Ok,6097
507259.281000,94.0,Ok,137.0,Ok,6098
507259.328000,94.0,Ok,138.0,Ok,6099
507259.375000,93.0,Ok,139.0,Ok,6100
507259.421000,96.0,Ok,140.0,Ok,6101
507259.484000,93.0,Ok,137.0,Ok,6102
507259.531000,91.0,Ok,149.0,Ok,6103
507259.578000,92.0,Ok,143.0,Ok,6104
507259.640000,91.0,Ok,144.0,Ok,6105
507259.671000,90.0,Ok,147.0,Ok,6106
507259.718000,91.0,Ok,146.0,Ok,6107
507259.765000,92.0,Ok,140.0,Ok,6108
507259.828000,92.0,Ok,134.0,Ok,6109
507259.875000,92.0,Ok,148.0,Ok,6110
507259.921000,90.0,Ok,146.0,Ok,6111
507259.984000,93.0,Ok,143.0,Ok,6112
507260.031000,92.0,Ok,139.0,Ok,6113
507260.078000,88.0,Ok,143.0,Ok,6114
507260.125000,91.0,Ok,145.0,Ok,6115
507260.171000,93.0,Ok,132.0,Ok,6116
507260.234000,96.0,Ok,136.0,Ok,6117
507260.281000,94.0,Ok,131.0,Ok,6118
507260.328000,85.0,Ok,126.0,Ok,6119
507260.375000,85.0,Ok,123.0,Ok,6120
507260.421000,85.0,Ok,121.0,Ok,6121
507260.468000,88.0,Ok,121.0,Ok,6122
507260.531000,86.0,Ok,117.0,Ok,6123
507260.578000,89.0,Ok,119.0,Ok,6124
507260.625000,90.0,Ok,115.0,Ok,6125
507260.671000,89.0,Ok,118.0,Ok,6126
507260.718000,86.0,Ok,117.0,Ok,6127
507260.781000,87.0,Ok,120.0,Ok,6128
507260.828000,87.0,Ok,125.0,Ok,6129
507260.875000,96.0,Ok,130.0,Ok,6130
507260.921000,95.0,Ok,133.0,Ok,6131
507261.000000,92.0,Ok,133.0,Ok,6132
507261.015000,80.0,Ok,125.0,Ok,6133
507261.062000,89.0,Ok,122.0,Ok,6134
507261.125000,91.0,Ok,131.0,Ok,6135
507261.171000,89.0,Ok,131.0,Ok,6136
507261.234000,89.0,Ok,127.0,Ok,6137
507261.265000,89.0,Ok,127.0,Ok,6138
507261.328000,86.0,Ok,126.0,Ok,6139
507261.375000,85.0,Ok,123.0,Ok,6140
507261.421000,81.0,Ok,122.0,Ok,6141
507261.468000,79.0,Ok,123.0,Ok,6142
507261.515000,84.0,Ok,122.0,Ok,6143
507261.562000,88.0,Ok,117.0,Ok,6144
507261.625000,90.0,Ok,121.0,Ok,6145
507261.656000,89.0,Ok,122.0,Ok,6146
507261.734000,86.0,Ok,130.0,Ok,6147
507261.781000,81.0,Ok,137.0,Ok,6148
507261.828000,81.0,Ok,135.0,Ok,6149
507261.875000,90.0,Ok,135.0,Ok,6150
507261.921000,112.0,Ok,143.0,Ok,6151
507261.984000,107.0,Ok,128.0,Ok,6152
507262.015000,97.0,Ok,128.0,Ok,6153
507262.078000,103.0,Ok,123.0,Ok,6154
507262.125000,100.0,Ok,114.0,Ok,6155
507262.171000,99.0,Ok,100.0,Ok,6156
507262.218000,100.0,Ok,99.0,Ok,6157
507262.265000,102.0,Ok,86.0,Ok,6158
507262.343000,112.0,Ok,83.0,Ok,6159
507262.375000,111.0,Ok,92.0,Ok,6160
507262.421000,116.0,Ok,69.0,Ok,6161
507262.468000,110.0,Ok,97.0,Ok,6162
507262.515000,114.0,Ok,68.0,Ok,6163
507262.578000,114.0,Ok,65.0,Ok,6164
507262.625000,114.0,Ok,71.0,Ok,6165
507262.671000,116.0,Ok,74.0,Ok,6166
507262.718000,107.0,Ok,75.0,Ok,6167
507262.781000,114.0,Ok,78.0,Ok,6168
507262.828000,115.0,Ok,78.0,Ok,6169
507262.875000,111.0,Ok,84.0,Ok,6170
507262.921000,109.0,Ok,85.0,Ok,6171
507262.968000,111.0,Ok,83.0,Ok,6172
507263.031000,110.0,Ok,84.0,Ok,6173
507263.078000,112.0,Ok,77.0,Ok,6174
507263.125000,111.0,Ok,79.0,Ok,6175
507263.171000,120.0,Ok,84.0,Ok,6176
507263.218000,107.0,Ok,83.0,Ok,6177
507263.281000,113.0,Ok,79.0,Ok,6178
507263.328000,106.0,Ok,94.0,Ok,6179
507263.375000,111.0,Ok,97.0,Ok,6180
507263.421000,109.0,Ok,90.0,Ok,6181
507263.468000,113.0,Ok,90.0,Ok,6182
507263.531000,101.0,Ok,89.0,Ok,6183
507263.578000,100.0,Ok,88.0,Ok,6184
507263.625000,103.0,Ok,97.0,Ok,6185
507263.671000,99.0,Ok,92.0,Ok,6186
507263.718000,92.0,Ok,96.0,Ok,6187
507263.781000,97.0,Ok,89.0,Ok,6188
507263.828000,97.0,Ok,86.0,Ok,6189
507263.875000,93.0,Ok,87.0,Ok,6190
507263.921000,99.0,Ok,88.0,Ok,6191
507263.968000,92.0,Ok,98.0,Ok,6192
507264.015000,95.0,Ok,95.0,Ok,6193
507264.062000,94.0,Ok,99.0,Ok,6194
507264.125000,95.0,Ok,94.0,Ok,6195
507264.171000,94.0,Ok,94.0,Ok,6196
507264.218000,100.0,Ok,88.0,Ok,6197
507264.265000,97.0,Ok,85.0,Ok,6198
507264.328000,101.0,Ok,75.0,Ok,6199
507264.375000,101.0,Ok,77.0,Ok,6200
507264.421000,101.0,Ok,77.0,Ok,6201
507264.484000,102.0,Ok,77.0,Ok,6202
507264.531000,106.0,Ok,72.0,Ok,6203
507264.578000,111.0,Ok,75.0,Ok,6204
507264.625000,105.0,Ok,76.0,Ok,6205
507264.671000,113.0,Ok,75.0,Ok,6206
507264.718000,106.0,Ok,82.0,Ok,6207
507264.781000,113.0,Ok,89.0,Ok,6208
507264.828000,110.0,Ok,85.0,Ok,6209
507264.875000,115.0,Ok,84.0,Ok,6210
507264.921000,107.0,Ok,83.0,Ok,6211
507264.968000,105.0,Ok,82.0,Ok,6212
507265.031000,107.0,Ok,82.0,Ok,6213
507265.062000,109.0,Ok,81.0,Ok,6214
507265.125000,107.0,Ok,79.0,Ok,6215
507265.171000,109.0,Ok,75.0,Ok,6216
507265.234000,116.0,Ok,79.0,Ok,6217
507265.281000,114.0,Ok,74.0,Ok,6218
507265.328000,108.0,Ok,72.0,Ok,6219
507265.375000,108.0,Ok,80.0,Ok,6220
507265.421000,107.0,Ok,71.0,Ok,6221
507265.468000,113.0,Ok,74.0,Ok,6222
507265.531000,103.0,Ok,80.0,Ok,6223
507265.578000,107.0,Ok,77.0,Ok,6224
507265.625000,114.0,Ok,79.0,Ok,6225
507265.671000,105.0,Ok,78.0,Ok,6226
507265.718000,107.0,Ok,74.0,Ok,6227
507265.765000,109.0,Ok,75.0,Ok,6228
507265.812000,111.0,Ok,78.0,Ok,6229
507265.875000,109.0,Ok,77.0,Ok,6230
507265.921000,111.0,Ok,77.0,Ok,6231
507265.968000,110.0,Ok,73.0,Ok,6232
507266.031000,104.0,Ok,74.0,Ok,6233
507266.078000,114.0,Ok,77.0,Ok,6234
507266.125000,108.0,Ok,75.0,Ok,6235
507266.171000,107.0,Ok,76.0,Ok,6236
507266.234000,111.0,Ok,77.0,Ok,6237
507266.281000,105.0,Ok,79.0,Ok,6238
507266.328000,103.0,Ok,76.0,Ok,6239
507266.375000,108.0,Ok,78.0,Ok,6240
507266.453000,103.0,Ok,77.0,Ok,6241
507266.468000,109.0,Ok,71.0,Ok,6242
507266.515000,108.0,Ok,71.0,Ok,6243
507266.578000,103.0,Ok,72.0,Ok,6244
507266.625000,101.0,Ok,73.0,Ok,6245
507266.671000,101.0,Ok,78.0,Ok,6246
507266.718000,103.0,Ok,73.0,Ok,6247
507266.781000,105.0,Ok,80.0,Ok,6248
507266.828000,102.0,Ok,79.0,Ok,6249
507266.859000,101.0,Ok,77.0,Ok,6250
507266.921000,99.0,Ok,84.0,Ok,6251
507266.968000,100.0,Ok,92.0,Ok,6252
507267.015000,104.0,Ok,89.0,Ok,6253
507267.078000,105.0,Ok,87.0,Ok,6254
507267.125000,102.0,Ok,95.0,Ok,6255
507267.171000,96.0,Ok,87.0,Ok,6256
507267.218000,100.0,Ok,87.0,Ok,6257
507267.265000,100.0,Ok,84.0,Ok,6258
507267.328000,97.0,Ok,77.0,Ok,6259
507267.375000,96.0,Ok,89.0,Ok,6260
507267.421000,94.0,Ok,87.0,Ok,6261
507267.484000,99.0,Ok,87.0,Ok,6262
507267.531000,99.0,Ok,85.0,Ok,6263
507267.578000,98.0,Ok,87.0,Ok,6264
507267.625000,97.0,Ok,88.0,Ok,6265
507267.671000,95.0,Ok,86.0,Ok,6266
507267.718000,98.0,Ok,88.0,Ok,6267
507267.796000,98.0,Ok,88.0,Ok,6268
507267.828000,93.0,Ok,92.0,Ok,6269
507267.859000,96.0,Ok,89.0,Ok,6270
507267.921000,96.0,Ok,85.0,Ok,6271
507267.984000,95.0,Ok,85.0,Ok,6272
507268.031000,95.0,Ok,85.0,Ok,6273
507268.078000,94.0,Ok,89.0,Ok,6274
507268.125000,97.0,Ok,88.0,Ok,6275
507268.171000,97.0,Ok,83.0,Ok,6276
507268.234000,94.0,Ok,85.0,Ok,6277
507268.281000,95.0,Ok,83.0,Ok,6278
507268.328000,97.0,Ok,84.0,Ok,6279
507268.375000,97.0,Ok,84.0,Ok,6280
507268.421000,95.0,Ok,83.0,Ok,6281
507268.468000,98.0,Ok,85.0,Ok,6282
507268.515000,97.0,Ok,84.0,Ok,6283
507268.562000,96.0,Ok,88.0,Ok,6284
507268.625000,98.0,Ok,84.0,Ok,6285
507268.671000,97.0,Ok,84.0,Ok,6286
507268.734000,97.0,Ok,82.0,Ok,6287
507268.781000,96.0,Ok,88.0,Ok,6288
507268.828000,98.0,Ok,82.0,Ok,6289
507268.875000,95.0,Ok,87.0,Ok,6290
507268.921000,97.0,Ok,87.0,Ok,6291
507268.968000,97.0,Ok,85.0,Ok,6292
507269.031000,97.0,Ok,85.0,Ok,6293
507269.062000,96.0,Ok,83.0,Ok,6294
507269.125000,98.0,Ok,87.0,Ok,6295
507269.171000,97.0,Ok,84.0,Ok,6296
507269.234000,96.0,Ok,83.0,Ok,6297
507269.281000,97.0,Ok,83.0,Ok,6298
507269.328000,95.0,Ok,83.0,Ok,6299
507269.375000,96.0,Ok,84.0,Ok,6300
507269.421000,95.0,Ok,84.0,Ok,6301
507269.484000,94.0,Ok,84.0,Ok,6302
507269.531000,95.0,Ok,84.0,Ok,6303
507269.562000,96.0,Ok,86.0,Ok,6304
507269.625000,99.0,Ok,84.0,Ok,6305
507269.671000,97.0,Ok,85.0,Ok,6306
507269.734000,98.0,Ok,84.0,Ok,6307
507269.781000,95.0,Ok,86.0,Ok,6308
507269.828000,95.0,Ok,92.0,Ok,6309
507269.875000,98.0,Ok,86.0,Ok,6310
507269.921000,96.0,Ok,88.0,Ok,6311
507269.984000,99.0,Ok,90.0,Ok,6312
507270.031000,99.0,Ok,87.0,Ok,6313
507270.078000,100.0,Ok,87.0,Ok,6314
507270.125000,95.0,Ok,88.0,Ok,6315
507270.171000,99.0,Ok,93.0,Ok,6316
507270.218000,95.0,Ok,90.0,Ok,6317
507270.265000,95.0,Ok,86.0,Ok,6318
507270.328000,97.0,Ok,95.0,Ok,6319
507270.375000,95.0,Ok,91.0,Ok,6320
507270.421000,98.0,Ok,89.0,Ok,6321
507270.484000,96.0,Ok,91.0,Ok,6322
507270.531000,99.0,Ok,84.0,Ok,6323
507270.578000,97.0,Ok,86.0,Ok,6324
507270.625000,97.0,Ok,89.0,Ok,6325
507270.671000,96.0,Ok,86.0,Ok,6326
507270.734000,96.0,Ok,86.0,Ok,6327
507270.781000,98.0,Ok,86.0,Ok,6328
507270.828000,95.0,Ok,93.0,Ok,6329
507270.875000,99.0,Ok,84.0,Ok,6330
507270.921000,98.0,Ok,85.0,Ok,6331
507270.984000,98.0,Ok,92.0,Ok,6332
507271.031000,98.0,Ok,86.0,Ok,6333
507271.078000,96.0,Ok,92.0,Ok,6334
507271.125000,100.0,Ok,88.0,Ok,6335
507271.171000,98.0,Ok,86.0,Ok,6336
507271.234000,102.0,Ok,86.0,Ok,6337
507271.281000,101.0,Ok,86.0,Ok,6338
507271.328000,101.0,Ok,85.0,Ok,6339
507271.375000,100.0,Ok,86.0,Ok,6340
507271.421000,99.0,Ok,85.0,Ok,6341
507271.468000,96.0,Ok,86.0,Ok,6342
507271.531000,96.0,Ok,86.0,Ok,6343
507271.562000,96.0,Ok,85.0,Ok,6344
507271.625000,96.0,Ok,85.0,Ok,6345
507271.671000,98.0,Ok,85.0,Ok,6346
507271.734000,99.0,Ok,86.0,Ok,6347
507271.781000,96.0,Ok,87.0,Ok,6348
507271.828000,99.0,Ok,87.0,Ok,6349
507271.875000,96.0,Ok,87.0,Ok,6350
507271.921000,103.0,Ok,85.0,Ok,6351
507271.968000,97.0,Ok,87.0,Ok,6352
507272.015000,97.0,Ok,88.0,Ok,6353
507272.062000,96.0,Ok,87.0,Ok,6354
507272.125000,96.0,Ok,89.0,Ok,6355
507272.171000,99.0,Ok,87.0,Ok,6356
507272.234000,98.0,Ok,85.0,Ok,6357
507272.281000,98.0,Ok,86.0,Ok,6358
507272.328000,96.0,Ok,85.0,Ok,6359
507272.375000,99.0,Ok,92.0,Ok,6360
507272.421000,97.0,Ok,86.0,Ok,6361
507272.468000,96.0,Ok,86.0,Ok,6362
507272.515000,97.0,Ok,91.0,Ok,6363
507272.578000,99.0,Ok,87.0,Ok,6364
507272.625000,101.0,Ok,95.0,Ok,6365
507272.671000,99.0,Ok,86.0,Ok,6366
507272.718000,100.0,Ok,85.0,Ok,6367
507272.781000,95.0,Ok,85.0,Ok,6368
507272.828000,98.0,Ok,84.0,Ok,6369
507272.875000,98.0,Ok,89.0,Ok,6370
507272.921000,99.0,Ok,85.0,Ok,6371
507272.968000,100.0,Ok,86.0,Ok,6372
507273.015000,99.0,Ok,84.0,Ok,6373
507273.078000,98.0,Ok,86.0,Ok,6374
507273.125000,99.0,Ok,86.0,Ok,6375
507273.171000,98.0,Ok,87.0,Ok,6376
507273.218000,97.0,Ok,90.0,Ok,6377
507273.281000,96.0,Ok,90.0,Ok,6378
507273.328000,99.0,Ok,88.0,Ok,6379
507273.375000,101.0,Ok,85.0,Ok,6380
507273.421000,97.0,Ok,86.0,Ok,6381
507273.484000,96.0,Ok,86.0,Ok,6382
507273.531000,95.0,Ok,86.0,Ok,6383
507273.578000,98.0,Ok,90.0,Ok,6384
507273.625000,97.0,Ok,86.0,Ok,6385
507273.671000,95.0,Ok,87.0,Ok,6386
507273.718000,102.0,Ok,85.0,Ok,6387
507273.765000,94.0,Ok,85.0,Ok,6388
507273.812000,93.0,Ok,79.0,Ok,6389
507273.859000,99.0,Ok,75.0,Ok,6390
507273.921000,99.0,Ok,77.0,Ok,6391
507273.968000,103.0,Ok,77.0,Ok,6392
507274.031000,105.0,Ok,77.0,Ok,6393
507274.078000,102.0,Ok,79.0,Ok,6394
507274.125000,98.0,Ok,75.0,Ok,6395
507274.171000,99.0,Ok,72.0,Ok,6396
507274.218000,102.0,Ok,73.0,Ok,6397
507274.312000,113.0,Ok,75.0,Ok,6398
507274.328000,107.0,Ok,73.0,Ok,6399
507274.375000,109.0,Ok,72.0,Ok,6400
507274.421000,115.0,Ok,70.0,Ok,6401
507274.468000,116.0,Ok,73.0,Ok,6402
507274.531000,109.0,Ok,74.0,Ok,6403
507274.578000,108.0,Ok,70.0,Ok,6404
507274.625000,108.0,Ok,71.0,Ok,6405
507274.671000,108.0,Ok,69.0,Ok,6406
507274.734000,108.0,Ok,69.0,Ok,6407
507274.781000,110.0,Ok,70.0,Ok,6408
507274.828000,110.0,Ok,71.0,Ok,6409
507274.875000,104.0,Ok,74.0,Ok,6410
507274.921000,106.0,Ok,72.0,Ok,6411
507274.968000,101.0,Ok,71.0,Ok,6412
507275.031000,103.0,Ok,66.0,Ok,6413
507275.078000,101.0,Ok,66.0,Ok,6414
507275.125000,101.0,Ok,73.0,Ok,6415
507275.171000,102.0,Ok,76.0,Ok,6416
507275.234000,101.0,Ok,69.0,Ok,6417
507275.281000,101.0,Ok,75.0,Ok,6418
507275.328000,106.0,Ok,74.0,Ok,6419
507275.359000,107.0,Ok,69.0,Ok,6420
507275.421000,105.0,Ok,70.0,Ok,6421
507275.468000,102.0,Ok,73.0,Ok,6422
507275.531000,103.0,Ok,73.0,Ok,6423
507275.578000,107.0,Ok,75.0,Ok,6424
507275.625000,109.0,Ok,72.0,Ok,6425
507275.671000,102.0,Ok,72.0,Ok,6426
507275.734000,109.0,Ok,74.0,Ok,6427
507275.765000,102.0,Ok,75.0,Ok,6428
507275.828000,104.0,Ok,74.0,Ok,6429
507275.875000,104.0,Ok,74.0,Ok,6430
507275.921000,102.0,Ok,74.0,Ok,6431
507275.968000,108.0,Ok,73.0,Ok,6432
507276.015000,108.0,Ok,75.0,Ok,6433
507276.078000,110.0,Ok,73.0,Ok,6434
507276.125000,103.0,Ok,75.0,Ok,6435
507276.171000,108.0,Ok,74.0,Ok,6436
507276.218000,102.0,Ok,73.0,Ok,6437
507276.281000,107.0,Ok,72.0,Ok,6438
507276.312000,109.0,Ok,73.0,Ok,6439
507276.375000,107.0,Ok,73.0,Ok,6440
507276.421000,109.0,Ok,72.0,Ok,6441
507276.484000,100.0,Ok,66.0,Ok,6442
507276.531000,110.0,Ok,73.0,Ok,6443
507276.578000,109.0,Ok,69.0,Ok,6444
507276.625000,111.0,Ok,73.0,Ok,6445
507276.671000,111.0,Ok,71.0,Ok,6446
507276.734000,109.0,Ok,68.0,Ok,6447
507276.781000,108.0,Ok,64.0,Ok,6448
507276.828000,107.0,Ok,62.0,Ok,6449
507276.875000,104.0,Ok,61.0,Ok,6450
507276.921000,101.0,Ok,54.0,Ok,6451
507276.968000,107.0,Ok,58.0,Ok,6452
507277.031000,102.0,Ok,56.0,Ok,6453
507277.078000,101.0,Ok,57.0,Ok,6454
507277.125000,105.0,Ok,60.0,Ok,6455
507277.171000,101.0,Ok,65.0,Ok,6456
507277.234000,102.0,Ok,66.0,Ok,6457
507277.281000,103.0,Ok,71.0,Ok,6458
507277.343000,100.0,Ok,89.0,Ok,6459
507277.375000,97.0,Ok,102.0,Ok,6460
507277.421000,102.0,Ok,101.0,Ok,6461
507277.484000,102.0,Ok,112.0,Ok,6462
507277.531000,100.0,Ok,124.0,Ok,6463
507277.578000,96.0,Ok,116.0,Ok,6464
507277.625000,97.0,Ok,122.0,Ok,6465
507277.671000,99.0,Ok,124.0,Ok,6466
507277.734000,97.0,Ok,148.0,Ok,6467
507277.781000,91.0,Ok,133.0,Ok,6468
507277.828000,96.0,Ok,148.0,Ok,6469
507277.875000,95.0,Ok,131.0,Ok,6470
507277.921000,96.0,Ok,137.0,Ok,6471
507277.968000,95.0,Ok,139.0,Ok,6472
507278.015000,95.0,Ok,137.0,Ok,6473
507278.078000,93.0,Ok,128.0,Ok,6474
507278.125000,93.0,Ok,132.0,Ok,6475
507278.171000,94.0,Ok,146.0,Ok,6476
507278.218000,94.0,Ok,147.0,Ok,6477
507278.281000,95.0,Ok,135.0,Ok,6478
507278.328000,98.0,Ok,130.0,Ok,6479
507278.359000,99.0,Ok,129.0,Ok,6480
507278.421000,95.0,Ok,136.0,Ok,6481
507278.468000,96.0,Ok,138.0,Ok,6482
507278.531000,95.0,Ok,138.0,Ok,6483
507278.578000,95.0,Ok,139.0,Ok,6484
507278.625000,95.0,Ok,137.0,Ok,6485
507278.671000,97.0,Ok,140.0,Ok,6486
507278.718000,96.0,Ok,140.0,Ok,6487
507278.781000,95.0,Ok,138.0,Ok,6488
507278.828000,96.0,Ok,138.0,Ok,6489
507278.875000,95.0,Ok,139.0,Ok,6490
507278.921000,94.0,Ok,138.0,Ok,6491
507278.984000,96.0,Ok,137.0,Ok,6492
507279.015000,96.0,Ok,139.0,Ok,6493
507279.078000,97.0,Ok,139.0,Ok,6494
507279.125000,95.0,Ok,139.0,Ok,6495
507279.171000,96.0,Ok,140.0,Ok,6496
507279.234000,98.0,Ok,141.0,Ok,6497
507279.281000,96.0,Ok,140.0,Ok,6498
507279.328000,95.0,Ok,139.0,Ok,6499
507279.375000,96.0,Ok,140.0,Ok,6500
507279.421000,94.0,Ok,137.0,Ok,6501
507279.468000,94.0,Ok,139.0,Ok,6502
507279.515000,98.0,Ok,141.0,Ok,6503
507279.578000,96.0,Ok,140.0,Ok,6504
507279.625000,97.0,Ok,138.0,Ok,6505
507279.671000,96.0,Ok,139.0,Ok,6506
507279.718000,95.0,Ok,140.0,Ok,6507
507279.781000,99.0,Ok,137.0,Ok,6508
507279.828000,96.0,Ok,140.0,Ok,6509
507279.875000,95.0,Ok,138.0,Ok,6510
507279.921000,90.0,Ok,139.0,Ok,6511
507279.968000,97.0,Ok,137.0,Ok,6512
507280.031000,95.0,Ok,139.0,Ok,6513
507280.078000,97.0,Ok,138.0,Ok,6514
507280.125000,97.0,Ok,140.0,Ok,6515
507280.171000,95.0,Ok,141.0,Ok,6516
507280.234000,95.0,Ok,140.0,Ok,6517
507280.281000,96.0,Ok,142.0,Ok,6518
507280.328000,97.0,Ok,138.0,Ok,6519
507280.375000,96.0,Ok,141.0,Ok,6520
507280.421000,95.0,Ok,143.0,Ok,6521
507280.468000,96.0,Ok,139.0,Ok,6522
507280.515000,97.0,Ok,141.0,Ok,6523
507280.562000,95.0,Ok,138.0,Ok,6524
507280.625000,98.0,Ok,124.0,Ok,6525
507280.671000,94.0,Ok,140.0,Ok,6526
507280.734000,97.0,Ok,175.0,Ok,6527
507280.781000,90.0,Ok,125.0,Ok,6528
507280.828000,94.0,Ok,115.0,Ok,6529
507280.875000,96.0,Ok,104.0,Ok,6530
507280.921000,94.0,Ok,90.0,Ok,6531
507280.968000,96.0,Ok,86.0,Ok,6532
507281.015000,97.0,Ok,79.0,Ok,6533
507281.062000,102.0,Ok,71.0,Ok,6534
507281.125000,103.0,Ok,83.0,Ok,6535
507281.171000,107.0,Ok,74.0,Ok,6536
507281.234000,100.0,Ok,79.0,Ok,6537
507281.281000,104.0,Ok,84.0,Ok,6538
507281.328000,111.0,Ok,78.0,Ok,6539
507281.375000,115.0,Ok,80.0,Ok,6540
507281.437000,109.0,Ok,77.0,Ok,6541
507281.484000,112.0,Ok,78.0,Ok,6542
507281.531000,111.0,Ok,80.0,Ok,6543
507281.578000,109.0,Ok,78.0,Ok,6544
507281.625000,113.0,Ok,77.0,Ok,6545
507281.671000,110.0,Ok,82.0,Ok,6546
507281.718000,110.0,Ok,80.0,Ok,6547
507281.781000,111.0,Ok,78.0,Ok,6548
507281.828000,107.0,Ok,77.0,Ok,6549
507281.875000,113.0,Ok,73.0,Ok,6550
507281.921000,114.0,Ok,75.0,Ok,6551
507281.984000,113.0,Ok,75.0,Ok,6552
507282.031000,110.0,Ok,75.0,Ok,6553
507282.078000,114.0,Ok,76.0,Ok,6554
507282.125000,115.0,Ok,75.0,Ok,6555
507282.171000,110.0,Ok,77.0,Ok,6556
507282.218000,109.0,Ok,77.0,Ok,6557
507282.281000,116.0,Ok,79.0,Ok,6558
507282.328000,112.0,Ok,76.0,Ok,6559
507282.375000,110.0,Ok,77.0,Ok,6560
507282.421000,108.0,Ok,66.0,Ok,6561
507282.484000,107.0,Ok,64.0,Ok,6562
507282.515000,107.0,Ok,56.0,Ok,6563
507282.578000,103.0,Ok,51.0,Ok,6564
507282.625000,103.0,Ok,48.0,Ok,6565
507282.671000,108.0,Ok,50.0,Ok,6566
507282.718000,110.0,Ok,54.0,Ok,6567
507282.781000,110.0,Ok,62.0,Ok,6568
507282.828000,107.0,Ok,68.0,Ok,6569
507282.875000,102.0,Ok,85.0,Ok,6570
507282.921000,99.0,Ok,107.0,Ok,6571
507282.968000,100.0,Ok,108.0,Ok,6572
507283.031000,98.0,Ok,119.0,Ok,6573
507283.078000,99.0,Ok,110.0,Ok,6574
507283.125000,96.0,Ok,128.0,Ok,6575
507283.171000,100.0,Ok,133.0,Ok,6576
507283.234000,99.0,Ok,138.0,Ok,6577
507283.281000,97.0,Ok,142.0,Ok,6578
507283.328000,96.0,Ok,145.0,Ok,6579
507283.375000,97.0,Ok,129.0,Ok,6580
507283.421000,97.0,Ok,127.0,Ok,6581
507283.484000,100.0,Ok,132.0,Ok,6582
507283.531000,95.0,Ok,139.0,Ok,6583
507283.578000,100.0,Ok,134.0,Ok,6584
507283.625000,94.0,Ok,136.0,Ok,6585
507283.671000,96.0,Ok,131.0,Ok,6586
507283.734000,98.0,Ok,130.0,Ok,6587
507283.781000,98.0,Ok,126.0,Ok,6588
507283.828000,97.0,Ok,125.0,Ok,6589
507283.875000,97.0,Ok,135.0,Ok,6590
507283.921000,102.0,Ok,132.0,Ok,6591
507283.968000,96.0,Ok,130.0,Ok,6592
507284.015000,96.0,Ok,130.0,Ok,6593
507284.078000,100.0,Ok,130.0,Ok,6594
507284.125000,97.0,Ok,129.0,Ok,6595
507284.171000,97.0,Ok,130.0,Ok,6596
507284.218000,97.0,Ok,127.0,Ok,6597
507284.281000,97.0,Ok,130.0,Ok,6598
507284.328000,98.0,Ok,131.0,Ok,6599
507284.375000,97.0,Ok,129.0,Ok,6600
507284.421000,100.0,Ok,128.0,Ok,6601
507284.484000,100.0,Ok,130.0,Ok,6602
507284.531000,97.0,Ok,129.0,Ok,6603
507284.578000,98.0,Ok,126.0,Ok,6604
507284.625000,99.0,Ok,129.0,Ok,6605
507284.671000,99.0,Ok,135.0,Ok,6606
507284.718000,99.0,Ok,133.0,Ok,6607
507284.765000,97.0,Ok,135.0,Ok,6608
507284.812000,98.0,Ok,137.0,Ok,6609
507284.875000,99.0,Ok,137.0,Ok,6610
507284.921000,98.0,Ok,138.0,Ok,6611
507284.968000,97.0,Ok,136.0,Ok,6612
507285.031000,92.0,Ok,138.0,Ok,6613
507285.078000,98.0,Ok,135.0,Ok,6614
507285.125000,100.0,Ok,135.0,Ok,6615
507285.171000,99.0,Ok,136.0,Ok,6616
507285.234000,97.0,Ok,137.0,Ok,6617
507285.281000,97.0,Ok,129.0,Ok,6618
507285.328000,98.0,Ok,139.0,Ok,6619
507285.375000,98.0,Ok,134.0,Ok,6620
507285.421000,99.0,Ok,137.0,Ok,6621
507285.468000,99.0,Ok,132.0,Ok,6622
507285.531000,98.0,Ok,130.0,Ok,6623
507285.578000,97.0,Ok,128.0,Ok,6624
507285.625000,98.0,Ok,130.0,Ok,6625
507285.671000,97.0,Ok,129.0,Ok,6626
507285.718000,99.0,Ok,129.0,Ok,6627
507285.781000,99.0,Ok,138.0,Ok,6628
507285.828000,97.0,Ok,124.0,Ok,6629
507285.875000,98.0,Ok,120.0,Ok,6630
507285.921000,97.0,Ok,111.0,Ok,6631
507285.968000,100.0,Ok,98.0,Ok,6632
507286.031000,102.0,Ok,85.0,Ok,6633
507286.078000,103.0,Ok,83.0,Ok,6634
507286.125000,100.0,Ok,77.0,Ok,6635
507286.171000,107.0,Ok,78.0,Ok,6636
507286.234000,107.0,Ok,76.0,Ok,6637
507286.281000,104.0,Ok,74.0,Ok,6638
507286.328000,108.0,Ok,77.0,Ok,6639
507286.375000,101.0,Ok,78.0,Ok,6640
507286.421000,110.0,Ok,79.0,Ok,6641
507286.468000,108.0,Ok,72.0,Ok,6642
507286.515000,105.0,Ok,71.0,Ok,6643
507286.578000,108.0,Ok,74.0,Ok,6644
507286.625000,106.0,Ok,81.0,Ok,6645
507286.671000,106.0,Ok,81.0,Ok,6646
507286.734000,106.0,Ok,77.0,Ok,6647
507286.781000,105.0,Ok,77.0,Ok,6648
507286.828000,107.0,Ok,73.0,Ok,6649
507286.890000,104.0,Ok,74.0,Ok,6650
507286.921000,103.0,Ok,72.0,Ok,6651
507286.968000,103.0,Ok,79.0,Ok,6652
507287.031000,105.0,Ok,71.0,Ok,6653
507287.078000,103.0,Ok,72.0,Ok,6654
507287.125000,104.0,Ok,70.0,Ok,6655
507287.171000,105.0,Ok,74.0,Ok,6656
507287.234000,104.0,Ok,73.0,Ok,6657
507287.281000,103.0,Ok,77.0,Ok,6658
507287.328000,105.0,Ok,77.0,Ok,6659
507287.375000,105.0,Ok,76.0,Ok,6660
507287.421000,107.0,Ok,72.0,Ok,6661
507287.468000,105.0,Ok,67.0,Ok,6662
507287.531000,110.0,Ok,66.0,Ok,6663
507287.578000,104.0,Ok,60.0,Ok,6664
507287.625000,111.0,Ok,51.0,Ok,6665
507287.671000,107.0,Ok,49.0,Ok,6666
507287.734000,105.0,Ok,49.0,Ok,6667
507287.781000,102.0,Ok,58.0,Ok,6668
507287.828000,105.0,Ok,70.0,Ok,6669
507287.875000,109.0,Ok,79.0,Ok,6670
507287.921000,104.0,Ok,120.0,Ok,6671
507287.984000,101.0,Ok,118.0,Ok,6672
507288.031000,98.0,Ok,116.0,Ok,6673
507288.078000,103.0,Ok,115.0,Ok,6674
507288.125000,102.0,Ok,127.0,Ok,6675
507288.171000,101.0,Ok,139.0,Ok,6676
507288.250000,99.0,Ok,133.0,Ok,6677
507288.281000,99.0,Ok,137.0,Ok,6678
507288.312000,99.0,Ok,142.0,Ok,6679
507288.375000,99.0,Ok,132.0,Ok,6680
507288.421000,99.0,Ok,142.0,Ok,6681
507288.484000,99.0,Ok,146.0,Ok,6682
507288.531000,98.0,Ok,130.0,Ok,6683
507288.578000,99.0,Ok,135.0,Ok,6684
507288.625000,98.0,Ok,139.0,Ok,6685
507288.671000,99.0,Ok,129.0,Ok,6686
507288.734000,99.0,Ok,127.0,Ok,6687
507288.781000,99.0,Ok,129.0,Ok,6688
507288.828000,99.0,Ok,125.0,Ok,6689
507288.875000,100.0,Ok,124.0,Ok,6690
507288.921000,99.0,Ok,122.0,Ok,6691
507288.968000,102.0,Ok,125.0,Ok,6692
507289.031000,100.0,Ok,126.0,Ok,6693
507289.078000,99.0,Ok,129.0,Ok,6694
507289.125000,101.0,Ok,127.0,Ok,6695
507289.171000,99.0,Ok,128.0,Ok,6696
507289.218000,99.0,Ok,127.0,Ok,6697
507289.281000,104.0,Ok,130.0,Ok,6698
507289.328000,97.0,Ok,126.0,Ok,6699
507289.375000,101.0,Ok,128.0,Ok,6700
507289.421000,100.0,Ok,127.0,Ok,6701
507289.468000,99.0,Ok,128.0,Ok,6702
507289.515000,99.0,Ok,131.0,Ok,6703
507289.578000,99.0,Ok,123.0,Ok,6704
507289.625000,97.0,Ok,126.0,Ok,6705
507289.671000,99.0,Ok,124.0,Ok,6706
507289.734000,98.0,Ok,126.0,Ok,6707
507289.781000,101.0,Ok,134.0,Ok,6708
507289.828000,101.0,Ok,141.0,Ok,6709
507289.875000,100.0,Ok,130.0,Ok,6710
507289.921000,101.0,Ok,124.0,Ok,6711
507289.984000,98.0,Ok,128.0,Ok,6712
507290.031000,98.0,Ok,122.0,Ok,6713
507290.078000,103.0,Ok,124.0,Ok,6714
507290.125000,96.0,Ok,124.0,Ok,6715
507290.171000,93.0,Ok,122.0,Ok,6716
507290.218000,99.0,Ok,125.0,Ok,6717
507290.265000,93.0,Ok,124.0,Ok,6718
507290.328000,100.0,Ok,131.0,Ok,6719
507290.375000,92.0,Ok,122.0,Ok,6720
507290.421000,101.0,Ok,128.0,Ok,6721
507290.468000,98.0,Ok,124.0,Ok,6722
507290.531000,98.0,Ok,128.0,Ok,6723
507290.562000,95.0,Ok,127.0,Ok,6724
507290.625000,98.0,Ok,127.0,Ok,6725
507290.671000,90.0,Ok,125.0,Ok,6726
507290.734000,98.0,Ok,124.0,Ok,6727
507290.781000,95.0,Ok,123.0,Ok,6728
507290.828000,96.0,Ok,126.0,Ok,6729
507290.875000,94.0,Ok,123.0,Ok,6730
507290.921000,100.0,Ok,123.0,Ok,6731
507290.984000,99.0,Ok,124.0,Ok,6732
507291.015000,96.0,Ok,124.0,Ok,6733
507291.062000,98.0,Ok,122.0,Ok,6734
507291.125000,98.0,Ok,137.0,Ok,6735
507291.171000,97.0,Ok,123.0,Ok,6736
507291.234000,100.0,Ok,125.0,Ok,6737
507291.265000,97.0,Ok,113.0,Ok,6738
507291.328000,93.0,Ok,113.0,Ok,6739
507291.375000,98.0,Ok,110.0,Ok,6740
507291.421000,97.0,Ok,106.0,Ok,6741
507291.468000,96.0,Ok,98.0,Ok,6742
507291.531000,97.0,Ok,91.0,Ok,6743
507291.578000,99.0,Ok,86.0,Ok,6744
507291.625000,97.0,Ok,82.0,Ok,6745
507291.671000,100.0,Ok,78.0,Ok,6746
507291.734000,102.0,Ok,81.0,Ok,6747
507291.781000,99.0,Ok,75.0,Ok,6748
507291.812000,104.0,Ok,74.0,Ok,6749
507291.875000,109.0,Ok,74.0,Ok,6750
507291.921000,105.0,Ok,73.0,Ok,6751
507291.968000,107.0,Ok,74.0,Ok,6752
507292.031000,113.0,Ok,75.0,Ok,6753
507292.078000,104.0,Ok,69.0,Ok,6754
507292.125000,116.0,Ok,67.0,Ok,6755
507292.171000,120.0,Ok,69.0,Ok,6756
507292.218000,115.0,Ok,71.0,Ok,6757
507292.265000,119.0,Ok,69.0,Ok,6758
507292.328000,115.0,Ok,71.0,Ok,6759
507292.375000,115.0,Ok,65.0,Ok,6760
507292.421000,114.0,Ok,68.0,Ok,6761
507292.484000,122.0,Ok,69.0,Ok,6762
507292.515000,120.0,Ok,72.0,Ok,6763
507292.562000,113.0,Ok,67.0,Ok,6764
507292.625000,117.0,Ok,72.0,Ok,6765
507292.671000,118.0,Ok,67.0,Ok,6766
507292.734000,118.0,Ok,68.0,Ok,6767
507292.781000,118.0,Ok,66.0,Ok,6768
507292.828000,116.0,Ok,68.0,Ok,6769
507292.875000,117.0,Ok,68.0,Ok,6770
507292.921000,114.0,Ok,68.0,Ok,6771
507292.984000,115.0,Ok,67.0,Ok,6772
507293.031000,115.0,Ok,68.0,Ok,6773
507293.078000,114.0,Ok,69.0,Ok,6774
507293.125000,115.0,Ok,66.0,Ok,6775
507293.171000,117.0,Ok,64.0,Ok,6776
507293.234000,117.0,Ok,66.0,Ok,6777
507293.281000,115.0,Ok,69.0,Ok,6778
507293.328000,114.0,Ok,57.0,Ok,6779
507293.359000,107.0,Ok,54.0,Ok,6780
507293.421000,104.0,Ok,46.0,Ok,6781
507293.484000,103.0,Ok,50.0,Ok,6782
507293.531000,108.0,Ok,45.0,Ok,6783
507293.562000,106.0,Ok,54.0,Ok,6784
507293.625000,104.0,Ok,63.0,Ok,6785
507293.703000,101.0,Ok,77.0,Ok,6786
507293.718000,104.0,Ok,84.0,Ok,6787
507293.781000,99.0,Ok,109.0,Ok,6788
507293.828000,101.0,Ok,106.0,Ok,6789
507293.875000,99.0,Ok,118.0,Ok,6790
507293.921000,99.0,Ok,128.0,Ok,6791
507293.984000,102.0,Ok,123.0,Ok,6792
507294.031000,96.0,Ok,124.0,Ok,6793
507294.062000,94.0,Ok,128.0,Ok,6794
507294.125000,104.0,Ok,149.0,Ok,6795
507294.171000,100.0,Ok,139.0,Ok,6796
507294.234000,97.0,Ok,148.0,Ok,6797
507294.281000,94.0,Ok,152.0,Ok,6798
507294.312000,96.0,Ok,151.0,Ok,6799
507294.359000,94.0,Ok,131.0,Ok,6800
507294.421000,92.0,Ok,140.0,Ok,6801
507294.484000,96.0,Ok,131.0,Ok,6802
507294.515000,96.0,Ok,143.0,Ok,6803
507294.562000,96.0,Ok,128.0,Ok,6804
507294.625000,94.0,Ok,132.0,Ok,6805
507294.671000,97.0,Ok,129.0,Ok,6806
507294.718000,100.0,Ok,125.0,Ok,6807
507294.781000,93.0,Ok,132.0,Ok,6808
507294.812000,97.0,Ok,131.0,Ok,6809
507294.875000,97.0,Ok,127.0,Ok,6810
507294.921000,94.0,Ok,128.0,Ok,6811
507294.968000,92.0,Ok,126.0,Ok,6812
507295.015000,94.0,Ok,131.0,Ok,6813
507295.078000,93.0,Ok,130.0,Ok,6814
507295.109000,99.0,Ok,133.0,Ok,6815
507295.171000,93.0,Ok,134.0,Ok,6816
507295.218000,97.0,Ok,134.0,Ok,6817
507295.281000,97.0,Ok,140.0,Ok,6818
507295.328000,98.0,Ok,135.0,Ok,6819
507295.375000,94.0,Ok,136.0,Ok,6820
507295.421000,100.0,Ok,137.0,Ok,6821
507295.468000,94.0,Ok,134.0,Ok,6822
507295.531000,93.0,Ok,132.0,Ok,6823
507295.562000,92.0,Ok,129.0,Ok,6824
507295.625000,97.0,Ok,129.0,Ok,6825
507295.671000,94.0,Ok,127.0,Ok,6826
507295.718000,97.0,Ok,125.0,Ok,6827
507295.781000,96.0,Ok,123.0,Ok,6828
507295.828000,97.0,Ok,127.0,Ok,6829
507295.875000,94.0,Ok,123.0,Ok,6830
507295.921000,103.0,Ok,124.0,Ok,6831
507295.968000,95.0,Ok,123.0,Ok,6832
507296.031000,100.0,Ok,123.0,Ok,6833
507296.078000,103.0,Ok,120.0,Ok,6834
507296.125000,96.0,Ok,123.0,Ok,6835
507296.171000,97.0,Ok,122.0,Ok,6836
507296.218000,99.0,Ok,123.0,Ok,6837
507296.265000,100.0,Ok,123.0,Ok,6838
507296.328000,102.0,Ok,126.0,Ok,6839
507296.375000,101.0,Ok,128.0,Ok,6840
507296.437000,95.0,Ok,129.0,Ok,6841
507296.484000,96.0,Ok,126.0,Ok,6842
507296.531000,99.0,Ok,120.0,Ok,6843
507296.578000,98.0,Ok,124.0,Ok,6844
507296.625000,98.0,Ok,116.0,Ok,6845
507296.671000,96.0,Ok,108.0,Ok,6846
507296.734000,98.0,Ok,99.0,Ok,6847
507296.781000,97.0,Ok,90.0,Ok,6848
507296.828000,97.0,Ok,87.0,Ok,6849
507296.875000,99.0,Ok,87.0,Ok,6850
507296.921000,100.0,Ok,80.0,Ok,6851
507296.968000,103.0,Ok,79.0,Ok,6852
507297.031000,104.0,Ok,74.0,Ok,6853
507297.062000,108.0,Ok,78.0,Ok,6854
507297.125000,101.0,Ok,77.0,Ok,6855
507297.171000,108.0,Ok,80.0,Ok,6856
507297.234000,105.0,Ok,85.0,Ok,6857
507297.281000,104.0,Ok,77.0,Ok,6858
507297.328000,107.0,Ok,80.0,Ok,6859
507297.375000,112.0,Ok,82.0,Ok,6860
507297.421000,106.0,Ok,75.0,Ok,6861
507297.484000,108.0,Ok,84.0,Ok,6862
507297.531000,108.0,Ok,83.0,Ok,6863
507297.562000,111.0,Ok,77.0,Ok,6864
507297.625000,110.0,Ok,76.0,Ok,6865
507297.671000,114.0,Ok,77.0,Ok,6866
507297.718000,109.0,Ok,77.0,Ok,6867
507297.796000,108.0,Ok,75.0,Ok,6868
507297.828000,106.0,Ok,76.0,Ok,6869
507297.875000,114.0,Ok,75.0,Ok,6870
507297.921000,108.0,Ok,74.0,Ok,6871
507297.968000,102.0,Ok,73.0,Ok,6872
507298.015000,107.0,Ok,74.0,Ok,6873
507298.062000,106.0,Ok,73.0,Ok,6874
507298.125000,108.0,Ok,78.0,Ok,6875
507298.171000,107.0,Ok,75.0,Ok,6876
507298.218000,105.0,Ok,76.0,Ok,6877
507298.265000,104.0,Ok,77.0,Ok,6878
507298.328000,108.0,Ok,80.0,Ok,6879
507298.375000,108.0,Ok,74.0,Ok,6880
507298.421000,109.0,Ok,71.0,Ok,6881
507298.484000,109.0,Ok,74.0,Ok,6882
507298.531000,108.0,Ok,75.0,Ok,6883
507298.578000,114.0,Ok,69.0,Ok,6884
507298.625000,116.0,Ok,71.0,Ok,6885
507298.671000,114.0,Ok,70.0,Ok,6886
507298.718000,112.0,Ok,72.0,Ok,6887
507298.765000,109.0,Ok,73.0,Ok,6888
507298.828000,109.0,Ok,71.0,Ok,6889
507298.875000,107.0,Ok,74.0,Ok,6890
507298.921000,108.0,Ok,71.0,Ok,6891
507298.984000,108.0,Ok,72.0,Ok,6892
507299.031000,105.0,Ok,74.0,Ok,6893
507299.078000,107.0,Ok,76.0,Ok,6894
507299.125000,110.0,Ok,74.0,Ok,6895
507299.171000,111.0,Ok,73.0,Ok,6896
507299.218000,115.0,Ok,74.0,Ok,6897
507299.281000,106.0,Ok,73.0,Ok,6898
507299.328000,111.0,Ok,72.0,Ok,6899
507299.375000,110.0,Ok,69.0,Ok,6900
507299.421000,110.0,Ok,74.0,Ok,6901
507299.484000,105.0,Ok,67.0,Ok,6902
507299.531000,110.0,Ok,65.0,Ok,6903
507299.562000,108.0,Ok,60.0,Ok,6904
507299.625000,105.0,Ok,54.0,Ok,6905
507299.671000,103.0,Ok,54.0,Ok,6906
507299.734000,106.0,Ok,46.0,Ok,6907
507299.781000,107.0,Ok,47.0,Ok,6908
507299.828000,105.0,Ok,46.0,Ok,6909
507299.875000,105.0,Ok,51.0,Ok,6910
507299.921000,110.0,Ok,57.0,Ok,6911
507299.968000,104.0,Ok,63.0,Ok,6912
507300.031000,102.0,Ok,64.0,Ok,6913
507300.078000,101.0,Ok,77.0,Ok,6914
507300.125000,106.0,Ok,83.0,Ok,6915
507300.171000,103.0,Ok,104.0,Ok,6916
507300.234000,100.0,Ok,102.0,Ok,6917
507300.265000,99.0,Ok,102.0,Ok,6918
507300.312000,99.0,Ok,121.0,Ok,6919
507300.375000,98.0,Ok,120.0,Ok,6920
507300.421000,101.0,Ok,121.0,Ok,6921
507300.484000,100.0,Ok,121.0,Ok,6922
507300.515000,94.0,Ok,131.0,Ok,6923
507300.578000,96.0,Ok,125.0,Ok,6924
507300.625000,89.0,Ok,126.0,Ok,6925
507300.671000,93.0,Ok,141.0,Ok,6926
507300.734000,93.0,Ok,127.0,Ok,6927
507300.781000,92.0,Ok,141.0,Ok,6928
507300.828000,86.0,Ok,149.0,Ok,6929
507300.875000,88.0,Ok,150.0,Ok,6930
507300.921000,90.0,Ok,146.0,Ok,6931
507300.968000,84.0,Ok,137.0,Ok,6932
507301.031000,91.0,Ok,131.0,Ok,6933
507301.078000,92.0,Ok,128.0,Ok,6934
507301.125000,86.0,Ok,127.0,Ok,6935
507301.171000,93.0,Ok,132.0,Ok,6936
507301.218000,96.0,Ok,137.0,Ok,6937
507301.281000,98.0,Ok,129.0,Ok,6938
507301.312000,98.0,Ok,124.0,Ok,6939
507301.375000,97.0,Ok,124.0,Ok,6940
507301.421000,98.0,Ok,128.0,Ok,6941
507301.468000,93.0,Ok,135.0,Ok,6942
507301.515000,95.0,Ok,131.0,Ok,6943
507301.578000,98.0,Ok,128.0,Ok,6944
507301.625000,97.0,Ok,129.0,Ok,6945
507301.671000,96.0,Ok,137.0,Ok,6946
507301.718000,98.0,Ok,132.0,Ok,6947
507301.765000,102.0,Ok,126.0,Ok,6948
507301.812000,96.0,Ok,118.0,Ok,6949
507301.875000,97.0,Ok,120.0,Ok,6950
507301.921000,99.0,Ok,122.0,Ok,6951
507301.968000,97.0,Ok,122.0,Ok,6952
507302.015000,101.0,Ok,126.0,Ok,6953
507302.062000,105.0,Ok,128.0,Ok,6954
507302.125000,106.0,Ok,127.0,Ok,6955
507302.171000,100.0,Ok,130.0,Ok,6956
507302.234000,101.0,Ok,123.0,Ok,6957
507302.281000,100.0,Ok,116.0,Ok,6958
507302.328000,100.0,Ok,116.0,Ok,6959
507302.375000,95.0,Ok,106.0,Ok,6960
507302.421000,98.0,Ok,99.0,Ok,6961
507302.484000,100.0,Ok,90.0,Ok,6962
507302.515000,99.0,Ok,97.0,Ok,6963
507302.578000,99.0,Ok,89.0,Ok,6964
507302.625000,98.0,Ok,81.0,Ok,6965
507302.671000,99.0,Ok,84.0,Ok,6966
507302.718000,99.0,Ok,84.0,Ok,6967
507302.765000,100.0,Ok,77.0,Ok,6968
507302.812000,105.0,Ok,82.0,Ok,6969
507302.859000,94.0,Ok,75.0,Ok,6970
507302.921000,99.0,Ok,75.0,Ok,6971
507302.984000,95.0,Ok,71.0,Ok,6972
507303.031000,104.0,Ok,69.0,Ok,6973
507303.078000,101.0,Ok,68.0,Ok,6974
507303.125000,112.0,Ok,61.0,Ok,6975
507303.171000,112.0,Ok,66.0,Ok,6976
507303.218000,109.0,Ok,66.0,Ok,6977
507303.281000,110.0,Ok,67.0,Ok,6978
507303.312000,114.0,Ok,65.0,Ok,6979
507303.375000,113.0,Ok,68.0,Ok,6980
507303.421000,118.0,Ok,66.0,Ok,6981
507303.484000,120.0,Ok,69.0,Ok,6982
507303.531000,119.0,Ok,68.0,Ok,6983
507303.578000,121.0,Ok,68.0,Ok,6984
507303.625000,122.0,Ok,75.0,Ok,6985
507303.671000,121.0,Ok,75.0,Ok,6986
507303.718000,114.0,Ok,70.0,Ok,6987
507303.765000,111.0,Ok,70.0,Ok,6988
507303.828000,111.0,Ok,73.0,Ok,6989
507303.875000,112.0,Ok,76.0,Ok,6990
507303.921000,110.0,Ok,72.0,Ok,6991
507303.968000,113.0,Ok,72.0,Ok,6992
507304.031000,112.0,Ok,78.0,Ok,6993
507304.078000,116.0,Ok,75.0,Ok,6994
507304.125000,116.0,Ok,77.0,Ok,6995
507304.171000,115.0,Ok,73.0,Ok,6996
507304.218000,115.0,Ok,72.0,Ok,6997
507304.281000,108.0,Ok,68.0,Ok,6998
507304.328000,103.0,Ok,72.0,Ok,6999
507304.375000,110.0,Ok,68.0,Ok,7000
507304.421000,109.0,Ok,76.0,Ok,7001
507304.468000,103.0,Ok,70.0,Ok,7002
507304.531000,107.0,Ok,69.0,Ok,7003
507304.578000,109.0,Ok,72.0,Ok,7004
507304.625000,106.0,Ok,71.0,Ok,7005
507304.671000,104.0,Ok,73.0,Ok,7006
507304.718000,108.0,Ok,69.0,Ok,7007
507304.781000,110.0,Ok,73.0,Ok,7008
507304.828000,107.0,Ok,71.0,Ok,7009
507304.875000,113.0,Ok,74.0,Ok,7010
507304.921000,108.0,Ok,74.0,Ok,7011
507304.968000,109.0,Ok,68.0,Ok,7012
507305.015000,109.0,Ok,77.0,Ok,7013
507305.078000,106.0,Ok,68.0,Ok,7014
507305.125000,107.0,Ok,72.0,Ok,7015
507305.171000,104.0,Ok,75.0,Ok,7016
507305.218000,105.0,Ok,73.0,Ok,7017
507305.281000,105.0,Ok,73.0,Ok,7018
507305.328000,103.0,Ok,78.0,Ok,7019
507305.375000,105.0,Ok,76.0,Ok,7020
507305.421000,106.0,Ok,77.0,Ok,7021
507305.468000,103.0,Ok,69.0,Ok,7022
507305.531000,107.0,Ok,74.0,Ok,7023
507305.578000,106.0,Ok,74.0,Ok,7024
507305.625000,107.0,Ok,70.0,Ok,7025
507305.671000,114.0,Ok,71.0,Ok,7026
507305.718000,113.0,Ok,71.0,Ok,7027
507305.781000,114.0,Ok,67.0,Ok,7028
507305.828000,107.0,Ok,67.0,Ok,7029
507305.875000,110.0,Ok,71.0,Ok,7030
507305.921000,106.0,Ok,65.0,Ok,7031
507305.984000,111.0,Ok,61.0,Ok,7032
507306.031000,107.0,Ok,67.0,Ok,7033
507306.078000,108.0,Ok,58.0,Ok,7034
507306.125000,106.0,Ok,54.0,Ok,7035
507306.171000,113.0,Ok,45.0,Ok,7036
507306.234000,107.0,Ok,52.0,Ok,7037
507306.265000,108.0,Ok,55.0,Ok,7038
507306.312000,108.0,Ok,55.0,Ok,7039
507306.375000,103.0,Ok,63.0,Ok,7040
507306.421000,107.0,Ok,65.0,Ok,7041
507306.468000,104.0,Ok,70.0,Ok,7042
507306.531000,98.0,Ok,89.0,Ok,7043
507306.578000,95.0,Ok,92.0,Ok,7044
507306.625000,95.0,Ok,110.0,Ok,7045
507306.671000,97.0,Ok,105.0,Ok,7046
507306.718000,98.0,Ok,124.0,Ok,7047
507306.781000,99.0,Ok,134.0,Ok,7048
507306.828000,99.0,Ok,128.0,Ok,7049
507306.875000,95.0,Ok,129.0,Ok,7050
507306.921000,100.0,Ok,136.0,Ok,7051
507306.984000,98.0,Ok,134.0,Ok,7052
507307.015000,95.0,Ok,129.0,Ok,7053
507307.078000,99.0,Ok,137.0,Ok,7054
507307.109000,94.0,Ok,139.0,Ok,7055
507307.171000,90.0,Ok,139.0,Ok,7056
507307.234000,89.0,Ok,132.0,Ok,7057
507307.281000,89.0,Ok,125.0,Ok,7058
507307.343000,94.0,Ok,133.0,Ok,7059
507307.375000,89.0,Ok,141.0,Ok,7060
507307.421000,90.0,Ok,145.0,Ok,7061
507307.468000,88.0,Ok,136.0,Ok,7062
507307.531000,85.0,Ok,129.0,Ok,7063
507307.578000,91.0,Ok,133.0,Ok,7064
507307.625000,93.0,Ok,151.0,Ok,7065
507307.671000,87.0,Ok,140.0,Ok,7066
507307.718000,84.0,Ok,132.0,Ok,7067
507307.781000,95.0,Ok,127.0,Ok,7068
507307.828000,95.0,Ok,122.0,Ok,7069
507307.875000,91.0,Ok,124.0,Ok,7070
507307.921000,95.0,Ok,128.0,Ok,7071
507307.968000,92.0,Ok,125.0,Ok,7072
507308.015000,92.0,Ok,125.0,Ok,7073
507308.062000,93.0,Ok,128.0,Ok,7074
507308.125000,98.0,Ok,137.0,Ok,7075
507308.171000,88.0,Ok,139.0,Ok,7076
507308.234000,93.0,Ok,139.0,Ok,7077
507308.281000,93.0,Ok,142.0,Ok,7078
507308.328000,95.0,Ok,140.0,Ok,7079
507308.375000,94.0,Ok,134.0,Ok,7080
507308.421000,96.0,Ok,127.0,Ok,7081
507308.468000,88.0,Ok,123.0,Ok,7082
507308.515000,97.0,Ok,122.0,Ok,7083
507308.562000,94.0,Ok,133.0,Ok,7084
507308.609000,88.0,Ok,127.0,Ok,7085
507308.703000,93.0,Ok,137.0,Ok,7086
507308.718000,93.0,Ok,121.0,Ok,7087
507308.781000,94.0,Ok,121.0,Ok,7088
507308.812000,92.0,Ok,116.0,Ok,7089
507308.875000,89.0,Ok,104.0,Ok,7090
507308.921000,88.0,Ok,95.0,Ok,7091
507308.968000,96.0,Ok,88.0,Ok,7092
507309.015000,98.0,Ok,86.0,Ok,7093
507309.062000,100.0,Ok,78.0,Ok,7094
507309.109000,96.0,Ok,74.0,Ok,7095
507309.171000,91.0,Ok,75.0,Ok,7096
507309.234000,92.0,Ok,66.0,Ok,7097
507309.281000,96.0,Ok,70.0,Ok,7098
507309.328000,101.0,Ok,67.0,Ok,7099
507309.375000,98.0,Ok,72.0,Ok,7100
507309.421000,102.0,Ok,76.0,Ok,7101
507309.468000,103.0,Ok,75.0,Ok,7102
507309.531000,107.0,Ok,76.0,Ok,7103
507309.578000,109.0,Ok,79.0,Ok,7104
507309.625000,107.0,Ok,82.0,Ok,7105
507309.671000,107.0,Ok,84.0,Ok,7106
507309.718000,109.0,Ok,79.0,Ok,7107
507309.781000,107.0,Ok,80.0,Ok,7108
507309.828000,106.0,Ok,79.0,Ok,7109
507309.875000,108.0,Ok,75.0,Ok,7110
507309.921000,106.0,Ok,77.0,Ok,7111
507309.984000,102.0,Ok,75.0,Ok,7112
507310.031000,101.0,Ok,73.0,Ok,7113
507310.078000,107.0,Ok,78.0,Ok,7114
507310.125000,106.0,Ok,75.0,Ok,7115
507310.171000,106.0,Ok,72.0,Ok,7116
507310.218000,107.0,Ok,74.0,Ok,7117
507310.265000,107.0,Ok,76.0,Ok,7118
507310.328000,109.0,Ok,77.0,Ok,7119
507310.375000,107.0,Ok,69.0,Ok,7120
507310.421000,108.0,Ok,75.0,Ok,7121
507310.468000,113.0,Ok,69.0,Ok,7122
507310.515000,109.0,Ok,70.0,Ok,7123
507310.578000,109.0,Ok,75.0,Ok,7124
507310.625000,109.0,Ok,70.0,Ok,7125
507310.671000,108.0,Ok,69.0,Ok,7126
507310.718000,109.0,Ok,75.0,Ok,7127
507310.765000,109.0,Ok,71.0,Ok,7128
507310.812000,111.0,Ok,74.0,Ok,7129
507310.875000,107.0,Ok,76.0,Ok,7130
507310.921000,111.0,Ok,76.0,Ok,7131
507310.984000,106.0,Ok,74.0,Ok,7132
507311.031000,107.0,Ok,77.0,Ok,7133
507311.078000,106.0,Ok,74.0,Ok,7134
507311.125000,108.0,Ok,77.0,Ok,7135
507311.171000,109.0,Ok,71.0,Ok,7136
507311.218000,110.0,Ok,75.0,Ok,7137
507311.281000,110.0,Ok,74.0,Ok,7138
507311.328000,109.0,Ok,74.0,Ok,7139
507311.375000,112.0,Ok,74.0,Ok,7140
507311.437000,110.0,Ok,74.0,Ok,7141
507311.468000,110.0,Ok,77.0,Ok,7142
507311.531000,106.0,Ok,76.0,Ok,7143
507311.578000,108.0,Ok,75.0,Ok,7144
507311.625000,106.0,Ok,68.0,Ok,7145
507311.671000,104.0,Ok,64.0,Ok,7146
507311.734000,108.0,Ok,57.0,Ok,7147
507311.781000,101.0,Ok,49.0,Ok,7148
507311.828000,107.0,Ok,50.0,Ok,7149
507311.875000,110.0,Ok,53.0,Ok,7150
507311.921000,100.0,Ok,59.0,Ok,7151
507311.984000,103.0,Ok,60.0,Ok,7152
507312.015000,101.0,Ok,73.0,Ok,7153
507312.078000,105.0,Ok,90.0,Ok,7154
507312.125000,108.0,Ok,94.0,Ok,7155
507312.171000,104.0,Ok,106.0,Ok,7156
507312.218000,101.0,Ok,114.0,Ok,7157
507312.265000,95.0,Ok,123.0,Ok,7158
507312.328000,99.0,Ok,123.0,Ok,7159
507312.375000,97.0,Ok,133.0,Ok,7160
507312.421000,96.0,Ok,130.0,Ok,7161
507312.468000,96.0,Ok,138.0,Ok,7162
507312.531000,96.0,Ok,147.0,Ok,7163
507312.562000,97.0,Ok,128.0,Ok,7164
507312.625000,95.0,Ok,131.0,Ok,7165
507312.671000,99.0,Ok,131.0,Ok,7166
507312.734000,94.0,Ok,127.0,Ok,7167
507312.781000,95.0,Ok,124.0,Ok,7168
507312.828000,95.0,Ok,125.0,Ok,7169
507312.875000,92.0,Ok,143.0,Ok,7170
507312.921000,98.0,Ok,137.0,Ok,7171
507312.984000,99.0,Ok,134.0,Ok,7172
507313.031000,97.0,Ok,129.0,Ok,7173
507313.078000,96.0,Ok,125.0,Ok,7174
507313.125000,96.0,Ok,130.0,Ok,7175
507313.171000,97.0,Ok,130.0,Ok,7176
507313.234000,99.0,Ok,132.0,Ok,7177
507313.265000,100.0,Ok,135.0,Ok,7178
507313.312000,96.0,Ok,140.0,Ok,7179
507313.375000,97.0,Ok,137.0,Ok,7180
507313.421000,89.0,Ok,141.0,Ok,7181
507313.468000,92.0,Ok,139.0,Ok,7182
507313.531000,96.0,Ok,140.0,Ok,7183
507313.578000,95.0,Ok,130.0,Ok,7184
507313.625000,95.0,Ok,130.0,Ok,7185
507313.671000,96.0,Ok,124.0,Ok,7186
507313.718000,97.0,Ok,121.0,Ok,7187
507313.765000,91.0,Ok,122.0,Ok,7188
507313.828000,91.0,Ok,124.0,Ok,7189
507313.875000,95.0,Ok,125.0,Ok,7190
507313.921000,95.0,Ok,125.0,Ok,7191
507313.968000,95.0,Ok,124.0,Ok,7192
507314.015000,88.0,Ok,124.0,Ok,7193
507314.062000,96.0,Ok,125.0,Ok,7194
507314.156000,91.0,Ok,129.0,Ok,7195
507314.171000,97.0,Ok,130.0,Ok,7196
507314.234000,98.0,Ok,139.0,Ok,7197
507314.281000,97.0,Ok,130.0,Ok,7198
507314.328000,97.0,Ok,131.0,Ok,7199
507314.375000,98.0,Ok,126.0,Ok,7200
507314.421000,97.0,Ok,114.0,Ok,7201
507314.468000,98.0,Ok,116.0,Ok,7202
507314.531000,92.0,Ok,106.0,Ok,7203
507314.578000,91.0,Ok,98.0,Ok,7204
507314.625000,97.0,Ok,88.0,Ok,7205
507314.671000,100.0,Ok,81.0,Ok,7206
507314.718000,100.0,Ok,77.0,Ok,7207
507314.765000,105.0,Ok,78.0,Ok,7208
507314.812000,100.0,Ok,76.0,Ok,7209
507314.875000,104.0,Ok,69.0,Ok,7210
507314.921000,101.0,Ok,71.0,Ok,7211
507314.968000,107.0,Ok,70.0,Ok,7212
507315.031000,100.0,Ok,67.0,Ok,7213
507315.078000,106.0,Ok,74.0,Ok,7214
507315.125000,103.0,Ok,78.0,Ok,7215
507315.171000,113.0,Ok,79.0,Ok,7216
507315.218000,114.0,Ok,75.0,Ok,7217
507315.265000,110.0,Ok,84.0,Ok,7218
507315.328000,114.0,Ok,75.0,Ok,7219
507315.375000,114.0,Ok,84.0,Ok,7220
507315.421000,117.0,Ok,81.0,Ok,7221
507315.468000,115.0,Ok,82.0,Ok,7222
507315.531000,122.0,Ok,81.0,Ok,7223
507315.578000,119.0,Ok,80.0,Ok,7224
507315.625000,116.0,Ok,78.0,Ok,7225
507315.671000,120.0,Ok,76.0,Ok,7226
507315.718000,117.0,Ok,75.0,Ok,7227
507315.765000,119.0,Ok,75.0,Ok,7228
507315.828000,116.0,Ok,75.0,Ok,7229
507315.875000,114.0,Ok,74.0,Ok,7230
507315.921000,114.0,Ok,74.0,Ok,7231
507315.984000,110.0,Ok,74.0,Ok,7232
507316.031000,110.0,Ok,74.0,Ok,7233
507316.062000,111.0,Ok,77.0,Ok,7234
507316.125000,116.0,Ok,78.0,Ok,7235
507316.171000,111.0,Ok,77.0,Ok,7236
507316.234000,113.0,Ok,78.0,Ok,7237
507316.265000,112.0,Ok,75.0,Ok,7238
507316.312000,113.0,Ok,82.0,Ok,7239
507316.375000,111.0,Ok,74.0,Ok,7240
507316.421000,112.0,Ok,76.0,Ok,7241
507316.468000,110.0,Ok,75.0,Ok,7242
507316.531000,114.0,Ok,76.0,Ok,7243
507316.578000,113.0,Ok,75.0,Ok,7244
507316.625000,114.0,Ok,76.0,Ok,7245
507316.671000,113.0,Ok,74.0,Ok,7246
507316.718000,112.0,Ok,80.0,Ok,7247
507316.781000,114.0,Ok,75.0,Ok,7248
507316.828000,114.0,Ok,80.0,Ok,7249
507316.875000,112.0,Ok,77.0,Ok,7250
507316.921000,112.0,Ok,75.0,Ok,7251
507316.984000,111.0,Ok,75.0,Ok,7252
507317.015000,111.0,Ok,76.0,Ok,7253
507317.078000,112.0,Ok,77.0,Ok,7254
507317.125000,110.0,Ok,77.0,Ok,7255
507317.171000,112.0,Ok,77.0,Ok,7256
507317.218000,108.0,Ok,76.0,Ok,7257
507317.265000,108.0,Ok,74.0,Ok,7258
507317.328000,108.0,Ok,81.0,Ok,7259
507317.375000,107.0,Ok,69.0,Ok,7260
507317.421000,111.0,Ok,62.0,Ok,7261
507317.484000,108.0,Ok,59.0,Ok,7262
507317.531000,107.0,Ok,58.0,Ok,7263
507317.578000,106.0,Ok,49.0,Ok,7264
507317.625000,104.0,Ok,50.0,Ok,7265
507317.671000,102.0,Ok,58.0,Ok,7266
507317.718000,102.0,Ok,63.0,Ok,7267
507317.781000,104.0,Ok,66.0,Ok,7268
507317.812000,105.0,Ok,81.0,Ok,7269
507317.875000,107.0,Ok,97.0,Ok,7270
507317.921000,103.0,Ok,105.0,Ok,7271
507317.984000,103.0,Ok,108.0,Ok,7272
507318.031000,103.0,Ok,119.0,Ok,7273
507318.078000,103.0,Ok,123.0,Ok,7274
507318.125000,99.0,Ok,132.0,Ok,7275
507318.171000,98.0,Ok,129.0,Ok,7276
507318.234000,96.0,Ok,138.0,Ok,7277
507318.265000,98.0,Ok,130.0,Ok,7278
507318.328000,96.0,Ok,130.0,Ok,7279
507318.375000,95.0,Ok,146.0,Ok,7280
507318.421000,94.0,Ok,147.0,Ok,7281
507318.468000,97.0,Ok,145.0,Ok,7282
507318.531000,97.0,Ok,132.0,Ok,7283
507318.578000,96.0,Ok,143.0,Ok,7284
507318.625000,97.0,Ok,132.0,Ok,7285
507318.671000,96.0,Ok,138.0,Ok,7286
507318.734000,97.0,Ok,133.0,Ok,7287
507318.781000,99.0,Ok,129.0,Ok,7288
507318.828000,98.0,Ok,136.0,Ok,7289
507318.875000,99.0,Ok,126.0,Ok,7290
507318.921000,98.0,Ok,131.0,Ok,7291
507318.968000,101.0,Ok,135.0,Ok,7292
507319.031000,94.0,Ok,131.0,Ok,7293
507319.078000,99.0,Ok,127.0,Ok,7294
507319.125000,99.0,Ok,124.0,Ok,7295
507319.171000,96.0,Ok,124.0,Ok,7296
507319.218000,99.0,Ok,125.0,Ok,7297
507319.281000,100.0,Ok,126.0,Ok,7298
507319.312000,100.0,Ok,127.0,Ok,7299
507319.375000,99.0,Ok,130.0,Ok,7300
507319.421000,99.0,Ok,127.0,Ok,7301
507319.484000,99.0,Ok,127.0,Ok,7302
507319.531000,99.0,Ok,127.0,Ok,7303
507319.578000,99.0,Ok,126.0,Ok,7304
507319.625000,99.0,Ok,126.0,Ok,7305
507319.671000,99.0,Ok,127.0,Ok,7306
507319.734000,96.0,Ok,129.0,Ok,7307
507319.781000,98.0,Ok,125.0,Ok,7308
507319.828000,100.0,Ok,124.0,Ok,7309
507319.875000,100.0,Ok,126.0,Ok,7310
507319.921000,99.0,Ok,126.0,Ok,7311
507319.968000,99.0,Ok,124.0,Ok,7312
507320.031000,100.0,Ok,127.0,Ok,7313
507320.078000,100.0,Ok,128.0,Ok,7314
507320.125000,93.0,Ok,133.0,Ok,7315
507320.171000,99.0,Ok,130.0,Ok,7316
507320.218000,100.0,Ok,131.0,Ok,7317
507320.265000,99.0,Ok,131.0,Ok,7318
507320.312000,93.0,Ok,129.0,Ok,7319
507320.375000,95.0,Ok,127.0,Ok,7320
507320.421000,99.0,Ok,126.0,Ok,7321
507320.468000,99.0,Ok,130.0,Ok,7322
507320.531000,101.0,Ok,130.0,Ok,7323
507320.578000,100.0,Ok,130.0,Ok,7324
507320.625000,93.0,Ok,123.0,Ok,7325
507320.671000,99.0,Ok,119.0,Ok,7326
507320.718000,99.0,Ok,117.0,Ok,7327
507320.765000,101.0,Ok,113.0,Ok,7328
507320.828000,100.0,Ok,115.0,Ok,7329
507320.875000,102.0,Ok,109.0,Ok,7330
507320.921000,102.0,Ok,99.0,Ok,7331
507320.968000,95.0,Ok,105.0,Ok,7332
507321.031000,102.0,Ok,106.0,Ok,7333
507321.062000,102.0,Ok,107.0,Ok,7334
507321.125000,99.0,Ok,106.0,Ok,7335
507321.171000,101.0,Ok,98.0,Ok,7336
507321.218000,98.0,Ok,90.0,Ok,7337
507321.265000,92.0,Ok,91.0,Ok,7338
507321.312000,98.0,Ok,88.0,Ok,7339
507321.375000,101.0,Ok,92.0,Ok,7340
507321.421000,96.0,Ok,90.0,Ok,7341
507321.484000,101.0,Ok,85.0,Ok,7342
507321.515000,103.0,Ok,75.0,Ok,7343
507321.578000,107.0,Ok,66.0,Ok,7344
507321.625000,102.0,Ok,84.0,Ok,7345
507321.671000,103.0,Ok,93.0,Ok,7346
507321.718000,110.0,Ok,85.0,Ok,7347
507321.781000,107.0,Ok,83.0,Ok,7348
507321.828000,104.0,Ok,74.0,Ok,7349
507321.875000,103.0,Ok,87.0,Ok,7350
507321.921000,107.0,Ok,84.0,Ok,7351
507321.968000,105.0,Ok,84.0,Ok,7352
507322.015000,107.0,Ok,81.0,Ok,7353
507322.078000,106.0,Ok,80.0,Ok,7354
507322.125000,107.0,Ok,77.0,Ok,7355
507322.171000,105.0,Ok,77.0,Ok,7356
507322.218000,107.0,Ok,74.0,Ok,7357
507322.281000,106.0,Ok,75.0,Ok,7358
507322.328000,107.0,Ok,75.0,Ok,7359
507322.375000,111.0,Ok,79.0,Ok,7360
507322.406000,108.0,Ok,75.0,Ok,7361
507322.468000,103.0,Ok,73.0,Ok,7362
507322.531000,109.0,Ok,75.0,Ok,7363
507322.578000,100.0,Ok,74.0,Ok,7364
507322.625000,108.0,Ok,75.0,Ok,7365
507322.671000,110.0,Ok,75.0,Ok,7366
507322.734000,114.0,Ok,75.0,Ok,7367
507322.781000,113.0,Ok,73.0,Ok,7368
507322.828000,106.0,Ok,72.0,Ok,7369
507322.875000,105.0,Ok,73.0,Ok,7370
507322.921000,107.0,Ok,72.0,Ok,7371
507322.968000,106.0,Ok,73.0,Ok,7372
507323.015000,107.0,Ok,73.0,Ok,7373
507323.078000,113.0,Ok,70.0,Ok,7374
507323.125000,111.0,Ok,72.0,Ok,7375
507323.171000,116.0,Ok,71.0,Ok,7376
507323.234000,114.0,Ok,70.0,Ok,7377
507323.281000,115.0,Ok,73.0,Ok,7378
507323.328000,114.0,Ok,72.0,Ok,7379
507323.375000,107.0,Ok,70.0,Ok,7380
507323.421000,109.0,Ok,70.0,Ok,7381
507323.468000,107.0,Ok,72.0,Ok,7382
507323.515000,104.0,Ok,72.0,Ok,7383
507323.578000,105.0,Ok,72.0,Ok,7384
507323.625000,104.0,Ok,77.0,Ok,7385
507323.687000,105.0,Ok,79.0,Ok,7386
507323.718000,104.0,Ok,77.0,Ok,7387
507323.765000,112.0,Ok,80.0,Ok,7388
507323.812000,103.0,Ok,78.0,Ok,7389
507323.875000,115.0,Ok,73.0,Ok,7390
507323.921000,112.0,Ok,75.0,Ok,7391
507323.984000,107.0,Ok,71.0,Ok,7392
507324.031000,105.0,Ok,69.0,Ok,7393
507324.078000,111.0,Ok,60.0,Ok,7394
507324.125000,110.0,Ok,52.0,Ok,7395
507324.187000,107.0,Ok,52.0,Ok,7396
507324.234000,104.0,Ok,50.0,Ok,7397
507324.265000,111.0,Ok,52.0,Ok,7398
507324.328000,109.0,Ok,58.0,Ok,7399
507324.375000,112.0,Ok,61.0,Ok,7400
507324.421000,108.0,Ok,78.0,Ok,7401
507324.484000,104.0,Ok,84.0,Ok,7402
507324.531000,103.0,Ok,111.0,Ok,7403
507324.578000,102.0,Ok,111.0,Ok,7404
507324.609000,100.0,Ok,112.0,Ok,7405
507324.671000,100.0,Ok,122.0,Ok,7406
507324.734000,99.0,Ok,123.0,Ok,7407
507324.781000,99.0,Ok,126.0,Ok,7408
507324.812000,96.0,Ok,130.0,Ok,7409
507324.875000,99.0,Ok,130.0,Ok,7410
507324.921000,93.0,Ok,136.0,Ok,7411
507324.968000,95.0,Ok,130.0,Ok,7412
507325.015000,95.0,Ok,129.0,Ok,7413
507325.078000,96.0,Ok,128.0,Ok,7414
507325.125000,97.0,Ok,136.0,Ok,7415
507325.171000,95.0,Ok,149.0,Ok,7416
507325.218000,104.0,Ok,129.0,Ok,7417
507325.281000,95.0,Ok,141.0,Ok,7418
507325.328000,94.0,Ok,136.0,Ok,7419
507325.375000,101.0,Ok,123.0,Ok,7420
507325.421000,97.0,Ok,137.0,Ok,7421
507325.484000,97.0,Ok,136.0,Ok,7422
507325.515000,97.0,Ok,126.0,Ok,7423
507325.578000,99.0,Ok,128.0,Ok,7424
507325.609000,99.0,Ok,131.0,Ok,7425
507325.671000,102.0,Ok,131.0,Ok,7426
507325.734000,100.0,Ok,130.0,Ok,7427
507325.781000,99.0,Ok,136.0,Ok,7428
507325.812000,99.0,Ok,132.0,Ok,7429
507325.875000,98.0,Ok,136.0,Ok,7430
507325.921000,98.0,Ok,130.0,Ok,7431
507325.968000,99.0,Ok,129.0,Ok,7432
507326.031000,97.0,Ok,125.0,Ok,7433
507326.078000,99.0,Ok,124.0,Ok,7434
507326.125000,92.0,Ok,126.0,Ok,7435
507326.171000,99.0,Ok,125.0,Ok,7436
507326.218000,97.0,Ok,131.0,Ok,7437
507326.281000,100.0,Ok,128.0,Ok,7438
507326.328000,95.0,Ok,130.0,Ok,7439
507326.375000,91.0,Ok,127.0,Ok,7440
507326.421000,94.0,Ok,125.0,Ok,7441
507326.484000,96.0,Ok,125.0,Ok,7442
507326.515000,96.0,Ok,123.0,Ok,7443
507326.562000,102.0,Ok,122.0,Ok,7444
507326.609000,101.0,Ok,123.0,Ok,7445
507326.671000,99.0,Ok,121.0,Ok,7446
507326.718000,100.0,Ok,122.0,Ok,7447
507326.781000,101.0,Ok,130.0,Ok,7448
507326.828000,102.0,Ok,130.0,Ok,7449
507326.875000,100.0,Ok,139.0,Ok,7450
507326.921000,99.0,Ok,127.0,Ok,7451
507326.968000,99.0,Ok,118.0,Ok,7452
507327.015000,100.0,Ok,116.0,Ok,7453
507327.062000,99.0,Ok,113.0,Ok,7454
507327.125000,98.0,Ok,112.0,Ok,7455
507327.171000,93.0,Ok,108.0,Ok,7456
507327.218000,98.0,Ok,103.0,Ok,7457
507327.281000,99.0,Ok,101.0,Ok,7458
507327.312000,100.0,Ok,108.0,Ok,7459
507327.375000,91.0,Ok,104.0,Ok,7460
507327.421000,102.0,Ok,98.0,Ok,7461
507327.484000,98.0,Ok,105.0,Ok,7462
507327.531000,98.0,Ok,110.0,Ok,7463
507327.578000,98.0,Ok,105.0,Ok,7464
507327.625000,99.0,Ok,103.0,Ok,7465
507327.671000,99.0,Ok,100.0,Ok,7466
507327.718000,103.0,Ok,106.0,Ok,7467
507327.781000,92.0,Ok,100.0,Ok,7468
507327.828000,97.0,Ok,102.0,Ok,7469
507327.875000,97.0,Ok,99.0,Ok,7470
507327.921000,97.0,Ok,96.0,Ok,7471
507327.968000,97.0,Ok,103.0,Ok,7472
507328.031000,98.0,Ok,95.0,Ok,7473
507328.078000,98.0,Ok,95.0,Ok,7474
507328.125000,99.0,Ok,99.0,Ok,7475
507328.171000,99.0,Ok,99.0,Ok,7476
507328.218000,101.0,Ok,99.0,Ok,7477
507328.265000,98.0,Ok,99.0,Ok,7478
507328.312000,103.0,Ok,98.0,Ok,7479
507328.375000,92.0,Ok,99.0,Ok,7480
507328.421000,100.0,Ok,98.0,Ok,7481
507328.468000,107.0,Ok,102.0,Ok,7482
507328.515000,101.0,Ok,102.0,Ok,7483
507328.578000,98.0,Ok,96.0,Ok,7484
507328.625000,100.0,Ok,97.0,Ok,7485
507328.671000,102.0,Ok,102.0,Ok,7486
507328.718000,102.0,Ok,107.0,Ok,7487
507328.765000,102.0,Ok,106.0,Ok,7488
507328.812000,101.0,Ok,107.0,Ok,7489
507328.875000,101.0,Ok,105.0,Ok,7490
507328.921000,96.0,Ok,105.0,Ok,7491
507328.984000,101.0,Ok,102.0,Ok,7492
507329.031000,102.0,Ok,100.0,Ok,7493
507329.078000,104.0,Ok,97.0,Ok,7494
507329.125000,106.0,Ok,98.0,Ok,7495
507329.171000,99.0,Ok,103.0,Ok,7496
507329.218000,101.0,Ok,93.0,Ok,7497
507329.281000,97.0,Ok,93.0,Ok,7498
507329.312000,105.0,Ok,102.0,Ok,7499
507329.375000,106.0,Ok,118.0,Ok,7500
507329.421000,99.0,Ok,96.0,Ok,7501
507329.484000,102.0,Ok,112.0,Ok,7502
507329.531000,102.0,Ok,107.0,Ok,7503
507329.578000,100.0,Ok,108.0,Ok,7504
507329.625000,99.0,Ok,114.0,Ok,7505
507329.671000,99.0,Ok,117.0,Ok,7506
507329.734000,103.0,Ok,112.0,Ok,7507
507329.781000,97.0,Ok,111.0,Ok,7508
507329.828000,101.0,Ok,111.0,Ok,7509
507329.875000,95.0,Ok,113.0,Ok,7510
507329.921000,101.0,Ok,115.0,Ok,7511
507329.984000,95.0,Ok,117.0,Ok,7512
507330.015000,95.0,Ok,121.0,Ok,7513
507330.078000,97.0,Ok,122.0,Ok,7514
507330.125000,92.0,Ok,122.0,Ok,7515
507330.187000,93.0,Ok,120.0,Ok,7516
507330.234000,99.0,Ok,119.0,Ok,7517
507330.281000,102.0,Ok,115.0,Ok,7518
507330.328000,99.0,Ok,113.0,Ok,7519
507330.375000,102.0,Ok,114.0,Ok,7520
507330.421000,101.0,Ok,117.0,Ok,7521
507330.484000,96.0,Ok,119.0,Ok,7522
507330.531000,100.0,Ok,120.0,Ok,7523
507330.578000,99.0,Ok,120.0,Ok,7524
507330.625000,104.0,Ok,122.0,Ok,7525
507330.671000,97.0,Ok,122.0,Ok,7526
507330.718000,97.0,Ok,120.0,Ok,7527
507330.781000,98.0,Ok,119.0,Ok,7528
507330.812000,102.0,Ok,115.0,Ok,7529
507330.875000,101.0,Ok,118.0,Ok,7530
507330.921000,101.0,Ok,124.0,Ok,7531
507330.968000,99.0,Ok,125.0,Ok,7532
507331.031000,101.0,Ok,130.0,Ok,7533
507331.078000,98.0,Ok,129.0,Ok,7534
507331.125000,98.0,Ok,128.0,Ok,7535
507331.171000,98.0,Ok,127.0,Ok,7536
507331.234000,98.0,Ok,123.0,Ok,7537
507331.281000,98.0,Ok,121.0,Ok,7538
507331.328000,100.0,Ok,115.0,Ok,7539
507331.375000,100.0,Ok,119.0,Ok,7540
507331.421000,94.0,Ok,120.0,Ok,7541
507331.468000,98.0,Ok,123.0,Ok,7542
507331.515000,100.0,Ok,122.0,Ok,7543
507331.578000,93.0,Ok,124.0,Ok,7544
507331.625000,101.0,Ok,125.0,Ok,7545
507331.671000,94.0,Ok,127.0,Ok,7546
507331.718000,97.0,Ok,130.0,Ok,7547
507331.765000,98.0,Ok,129.0,Ok,7548
507331.828000,92.0,Ok,129.0,Ok,7549
507331.875000,101.0,Ok,131.0,Ok,7550
507331.906000,102.0,Ok,134.0,Ok,7551
507331.968000,103.0,Ok,111.0,Ok,7552
507332.015000,98.0,Ok,125.0,Ok,7553
507332.078000,107.0,Ok,109.0,Ok,7554
507332.125000,102.0,Ok,102.0,Ok,7555
507332.171000,103.0,Ok,127.0,Ok,7556
507332.218000,103.0,Ok,87.0,Ok,7557
507332.265000,107.0,Ok,74.0,Ok,7558
507332.328000,108.0,Ok,61.0,Ok,7559
507332.375000,108.0,Ok,58.0,Ok,7560
507332.421000,109.0,Ok,46.0,Ok,7561
507332.484000,109.0,Ok,44.0,Ok,7562
507332.531000,116.0,Ok,58.0,Ok,7563
507332.578000,114.0,Ok,62.0,Ok,7564
507332.625000,106.0,Ok,69.0,Ok,7565
507332.671000,115.0,Ok,72.0,Ok,7566
507332.734000,117.0,Ok,81.0,Ok,7567
507332.765000,115.0,Ok,84.0,Ok,7568
507332.828000,111.0,Ok,87.0,Ok,7569
507332.875000,116.0,Ok,85.0,Ok,7570
507332.921000,114.0,Ok,88.0,Ok,7571
507332.984000,111.0,Ok,89.0,Ok,7572
507333.015000,114.0,Ok,87.0,Ok,7573
507333.078000,110.0,Ok,85.0,Ok,7574
507333.109000,108.0,Ok,89.0,Ok,7575
507333.171000,108.0,Ok,85.0,Ok,7576
507333.234000,109.0,Ok,82.0,Ok,7577
507333.281000,110.0,Ok,83.0,Ok,7578
507333.328000,105.0,Ok,91.0,Ok,7579
507333.375000,105.0,Ok,84.0,Ok,7580
507333.421000,106.0,Ok,82.0,Ok,7581
507333.484000,109.0,Ok,83.0,Ok,7582
507333.531000,105.0,Ok,85.0,Ok,7583
507333.578000,107.0,Ok,83.0,Ok,7584
507333.625000,106.0,Ok,90.0,Ok,7585
507333.671000,109.0,Ok,86.0,Ok,7586
507333.734000,107.0,Ok,84.0,Ok,7587
507333.781000,107.0,Ok,85.0,Ok,7588
507333.812000,106.0,Ok,85.0,Ok,7589
507333.875000,104.0,Ok,80.0,Ok,7590
507333.921000,109.0,Ok,84.0,Ok,7591
507333.968000,107.0,Ok,85.0,Ok,7592
507334.015000,107.0,Ok,82.0,Ok,7593
507334.062000,106.0,Ok,78.0,Ok,7594
507334.109000,107.0,Ok,84.0,Ok,7595
507334.171000,109.0,Ok,85.0,Ok,7596
507334.218000,115.0,Ok,82.0,Ok,7597
507334.265000,110.0,Ok,82.0,Ok,7598
507334.312000,109.0,Ok,74.0,Ok,7599
507334.375000,111.0,Ok,83.0,Ok,7600
507334.421000,110.0,Ok,78.0,Ok,7601
507334.468000,113.0,Ok,75.0,Ok,7602
507334.515000,113.0,Ok,77.0,Ok,7603
507334.578000,109.0,Ok,74.0,Ok,7604
507334.625000,113.0,Ok,75.0,Ok,7605
507334.671000,113.0,Ok,77.0,Ok,7606
507334.718000,107.0,Ok,79.0,Ok,7607
507334.765000,104.0,Ok,76.0,Ok,7608
507334.812000,109.0,Ok,80.0,Ok,7609
507334.875000,107.0,Ok,77.0,Ok,7610
507334.921000,109.0,Ok,80.0,Ok,7611
507334.984000,106.0,Ok,76.0,Ok,7612
507335.015000,107.0,Ok,81.0,Ok,7613
507335.078000,108.0,Ok,81.0,Ok,7614
507335.125000,108.0,Ok,79.0,Ok,7615
507335.171000,105.0,Ok,76.0,Ok,7616
507335.218000,108.0,Ok,70.0,Ok,7617
507335.281000,107.0,Ok,71.0,Ok,7618
507335.328000,107.0,Ok,70.0,Ok,7619
507335.375000,108.0,Ok,72.0,Ok,7620
507335.421000,110.0,Ok,69.0,Ok,7621
507335.468000,103.0,Ok,71.0,Ok,7622
507335.515000,105.0,Ok,77.0,Ok,7623
507335.578000,109.0,Ok,69.0,Ok,7624
507335.625000,109.0,Ok,72.0,Ok,7625
507335.671000,108.0,Ok,74.0,Ok,7626
507335.718000,105.0,Ok,72.0,Ok,7627
507335.781000,106.0,Ok,78.0,Ok,7628
507335.828000,107.0,Ok,75.0,Ok,7629
507335.875000,105.0,Ok,69.0,Ok,7630
507335.921000,104.0,Ok,72.0,Ok,7631
507335.968000,110.0,Ok,66.0,Ok,7632
507336.031000,107.0,Ok,70.0,Ok,7633
507336.078000,103.0,Ok,67.0,Ok,7634
507336.125000,106.0,Ok,66.0,Ok,7635
507336.171000,105.0,Ok,62.0,Ok,7636
507336.234000,105.0,Ok,63.0,Ok,7637
507336.281000,106.0,Ok,69.0,Ok,7638
507336.328000,106.0,Ok,69.0,Ok,7639
507336.375000,105.0,Ok,79.0,Ok,7640
507336.421000,111.0,Ok,82.0,Ok,7641
507336.484000,103.0,Ok,86.0,Ok,7642
507336.515000,106.0,Ok,105.0,Ok,7643
507336.562000,108.0,Ok,107.0,Ok,7644
507336.609000,98.0,Ok,109.0,Ok,7645
507336.671000,98.0,Ok,119.0,Ok,7646
507336.718000,103.0,Ok,122.0,Ok,7647
507336.781000,101.0,Ok,117.0,Ok,7648
507336.828000,103.0,Ok,126.0,Ok,7649
507336.875000,100.0,Ok,126.0,Ok,7650
507336.921000,100.0,Ok,119.0,Ok,7651
507336.968000,105.0,Ok,120.0,Ok,7652
507337.015000,99.0,Ok,123.0,Ok,7653
507337.078000,99.0,Ok,119.0,Ok,7654
507337.125000,97.0,Ok,122.0,Ok,7655
507337.171000,101.0,Ok,123.0,Ok,7656
507337.234000,97.0,Ok,117.0,Ok,7657
507337.281000,99.0,Ok,120.0,Ok,7658
507337.359000,98.0,Ok,119.0,Ok,7659
507337.375000,100.0,Ok,121.0,Ok,7660
507337.421000,102.0,Ok,122.0,Ok,7661
507337.468000,100.0,Ok,127.0,Ok,7662
507337.515000,99.0,Ok,127.0,Ok,7663
507337.578000,98.0,Ok,129.0,Ok,7664
507337.625000,100.0,Ok,126.0,Ok,7665
507337.671000,97.0,Ok,124.0,Ok,7666
507337.718000,97.0,Ok,122.0,Ok,7667
507337.765000,99.0,Ok,125.0,Ok,7668
507337.828000,97.0,Ok,123.0,Ok,7669
507337.875000,100.0,Ok,127.0,Ok,7670
507337.921000,100.0,Ok,121.0,Ok,7671
507337.968000,100.0,Ok,123.0,Ok,7672
507338.031000,100.0,Ok,123.0,Ok,7673
507338.078000,103.0,Ok,122.0,Ok,7674
507338.125000,100.0,Ok,115.0,Ok,7675
507338.171000,97.0,Ok,120.0,Ok,7676
507338.234000,97.0,Ok,114.0,Ok,7677
507338.265000,99.0,Ok,114.0,Ok,7678
507338.328000,96.0,Ok,115.0,Ok,7679
507338.375000,97.0,Ok,112.0,Ok,7680
507338.421000,98.0,Ok,112.0,Ok,7681
507338.468000,100.0,Ok,113.0,Ok,7682
507338.531000,102.0,Ok,116.0,Ok,7683
507338.578000,98.0,Ok,118.0,Ok,7684
507338.625000,100.0,Ok,122.0,Ok,7685
507338.671000,101.0,Ok,122.0,Ok,7686
507338.734000,98.0,Ok,125.0,Ok,7687
507338.781000,99.0,Ok,125.0,Ok,7688
507338.828000,98.0,Ok,128.0,Ok,7689
507338.875000,97.0,Ok,127.0,Ok,7690
507338.921000,99.0,Ok,129.0,Ok,7691
507338.968000,97.0,Ok,122.0,Ok,7692
507339.015000,98.0,Ok,122.0,Ok,7693
507339.062000,98.0,Ok,124.0,Ok,7694
507339.125000,96.0,Ok,124.0,Ok,7695
507339.171000,104.0,Ok,124.0,Ok,7696
507339.218000,96.0,Ok,124.0,Ok,7697
507339.281000,98.0,Ok,124.0,Ok,7698
507339.328000,97.0,Ok,120.0,Ok,7699
507339.375000,102.0,Ok,121.0,Ok,7700
507339.421000,99.0,Ok,120.0,Ok,7701
507339.484000,102.0,Ok,117.0,Ok,7702
507339.531000,103.0,Ok,120.0,Ok,7703
507339.578000,100.0,Ok,120.0,Ok,7704
507339.625000,96.0,Ok,123.0,Ok,7705
507339.671000,99.0,Ok,120.0,Ok,7706
507339.734000,101.0,Ok,124.0,Ok,7707
507339.781000,103.0,Ok,124.0,Ok,7708
507339.828000,99.0,Ok,125.0,Ok,7709
507339.875000,98.0,Ok,125.0,Ok,7710
507339.921000,99.0,Ok,128.0,Ok,7711
507339.984000,99.0,Ok,130.0,Ok,7712
507340.015000,100.0,Ok,129.0,Ok,7713
507340.078000,102.0,Ok,126.0,Ok,7714
507340.109000,98.0,Ok,130.0,Ok,7715
507340.171000,99.0,Ok,129.0,Ok,7716
507340.218000,99.0,Ok,125.0,Ok,7717
507340.281000,100.0,Ok,132.0,Ok,7718
507340.328000,99.0,Ok,132.0,Ok,7719
507340.375000,98.0,Ok,132.0,Ok,7720
507340.421000,101.0,Ok,128.0,Ok,7721
507340.468000,100.0,Ok,141.0,Ok,7722
507340.531000,101.0,Ok,120.0,Ok,7723
507340.562000,105.0,Ok,104.0,Ok,7724
507340.625000,103.0,Ok,115.0,Ok,7725
507340.671000,105.0,Ok,82.0,Ok,7726
507340.734000,102.0,Ok,78.0,Ok,7727
507340.765000,109.0,Ok,62.0,Ok,7728
507340.828000,113.0,Ok,58.0,Ok,7729
507340.875000,107.0,Ok,53.0,Ok,7730
507340.921000,100.0,Ok,50.0,Ok,7731
507340.984000,105.0,Ok,51.0,Ok,7732
507341.031000,102.0,Ok,54.0,Ok,7733
507341.078000,103.0,Ok,60.0,Ok,7734
507341.125000,101.0,Ok,71.0,Ok,7735
507341.171000,107.0,Ok,72.0,Ok,7736
507341.218000,103.0,Ok,81.0,Ok,7737
507341.281000,103.0,Ok,78.0,Ok,7738
507341.328000,104.0,Ok,84.0,Ok,7739
507341.375000,104.0,Ok,86.0,Ok,7740
507341.437000,103.0,Ok,84.0,Ok,7741
507341.468000,107.0,Ok,89.0,Ok,7742
507341.531000,103.0,Ok,84.0,Ok,7743
507341.578000,101.0,Ok,83.0,Ok,7744
507341.625000,105.0,Ok,81.0,Ok,7745
507341.671000,106.0,Ok,85.0,Ok,7746
507341.734000,114.0,Ok,82.0,Ok,7747
507341.765000,107.0,Ok,84.0,Ok,7748
507341.828000,104.0,Ok,86.0,Ok,7749
507341.875000,104.0,Ok,82.0,Ok,7750
507341.921000,106.0,Ok,81.0,Ok,7751
507341.968000,103.0,Ok,82.0,Ok,7752
507342.031000,115.0,Ok,84.0,Ok,7753
507342.078000,107.0,Ok,83.0,Ok,7754
507342.125000,108.0,Ok,81.0,Ok,7755
507342.171000,115.0,Ok,86.0,Ok,7756
507342.218000,104.0,Ok,83.0,Ok,7757
507342.265000,109.0,Ok,81.0,Ok,7758
507342.312000,107.0,Ok,80.0,Ok,7759
507342.359000,110.0,Ok,82.0,Ok,7760
507342.421000,110.0,Ok,82.0,Ok,7761
507342.468000,111.0,Ok,85.0,Ok,7762
507342.531000,114.0,Ok,82.0,Ok,7763
507342.578000,110.0,Ok,83.0,Ok,7764
507342.625000,105.0,Ok,83.0,Ok,7765
507342.671000,107.0,Ok,83.0,Ok,7766
507342.718000,109.0,Ok,81.0,Ok,7767
507342.796000,107.0,Ok,83.0,Ok,7768
507342.828000,108.0,Ok,78.0,Ok,7769
507342.875000,111.0,Ok,83.0,Ok,7770
507342.921000,114.0,Ok,82.0,Ok,7771
507342.984000,105.0,Ok,81.0,Ok,7772
507343.031000,111.0,Ok,86.0,Ok,7773
507343.078000,113.0,Ok,84.0,Ok,7774
507343.125000,104.0,Ok,86.0,Ok,7775
507343.171000,107.0,Ok,83.0,Ok,7776
507343.218000,105.0,Ok,85.0,Ok,7777
507343.281000,110.0,Ok,79.0,Ok,7778
507343.328000,110.0,Ok,77.0,Ok,7779
507343.375000,106.0,Ok,76.0,Ok,7780
507343.421000,107.0,Ok,78.0,Ok,7781
507343.468000,107.0,Ok,77.0,Ok,7782
507343.531000,105.0,Ok,74.0,Ok,7783
507343.578000,107.0,Ok,70.0,Ok,7784
507343.625000,108.0,Ok,60.0,Ok,7785
507343.671000,107.0,Ok,61.0,Ok,7786
507343.718000,107.0,Ok,61.0,Ok,7787
507343.781000,108.0,Ok,63.0,Ok,7788
507343.828000,109.0,Ok,67.0,Ok,7789
507343.875000,106.0,Ok,62.0,Ok,7790
507343.921000,107.0,Ok,71.0,Ok,7791
507343.968000,106.0,Ok,76.0,Ok,7792
507344.015000,100.0,Ok,86.0,Ok,7793
507344.078000,99.0,Ok,96.0,Ok,7794
507344.125000,103.0,Ok,99.0,Ok,7795
507344.171000,98.0,Ok,99.0,Ok,7796
507344.218000,99.0,Ok,104.0,Ok,7797
507344.281000,101.0,Ok,106.0,Ok,7798
507344.312000,91.0,Ok,107.0,Ok,7799
507344.375000,99.0,Ok,110.0,Ok,7800
507344.421000,107.0,Ok,110.0,Ok,7801
507344.468000,90.0,Ok,111.0,Ok,7802
507344.515000,99.0,Ok,115.0,Ok,7803
507344.578000,95.0,Ok,117.0,Ok,7804
507344.609000,96.0,Ok,105.0,Ok,7805
507344.671000,109.0,Ok,108.0,Ok,7806
507344.734000,88.0,Ok,105.0,Ok,7807
507344.781000,96.0,Ok,98.0,Ok,7808
507344.828000,107.0,Ok,91.0,Ok,7809
507344.875000,85.0,Ok,87.0,Ok,7810
507344.921000,98.0,Ok,76.0,Ok,7811
507344.968000,100.0,Ok,79.0,Ok,7812
507345.015000,102.0,Ok,77.0,Ok,7813
507345.078000,104.0,Ok,87.0,Ok,7814
507345.125000,90.0,Ok,81.0,Ok,7815
507345.171000,96.0,Ok,77.0,Ok,7816
507345.218000,93.0,Ok,87.0,Ok,7817
507345.281000,72.0,Ok,85.0,Ok,7818
507345.328000,117.0,Ok,90.0,Ok,7819
507345.375000,119.0,Ok,102.0,Ok,7820
507345.421000,115.0,Ok,104.0,Ok,7821
507345.468000,108.0,Ok,105.0,Ok,7822
507345.531000,112.0,Ok,105.0,Ok,7823
507345.562000,135.0,Ok,96.0,Ok,7824
507345.625000,90.0,Ok,102.0,Ok,7825
507345.671000,107.0,Ok,102.0,Ok,7826
507345.718000,123.0,Ok,90.0,Ok,7827
507345.765000,132.0,Ok,96.0,Ok,7828
507345.828000,122.0,Ok,83.0,Ok,7829
507345.875000,118.0,Ok,84.0,Ok,7830
507345.921000,113.0,Ok,76.0,Ok,7831
507345.968000,123.0,Ok,74.0,Ok,7832
507346.015000,116.0,Ok,74.0,Ok,7833
507346.078000,107.0,Ok,73.0,Ok,7834
507346.125000,106.0,Ok,77.0,Ok,7835
507346.171000,107.0,Ok,84.0,Ok,7836
507346.234000,103.0,Ok,93.0,Ok,7837
507346.281000,105.0,Ok,92.0,Ok,7838
507346.328000,111.0,Ok,103.0,Ok,7839
507346.375000,136.0,Ok,103.0,Ok,7840
507346.421000,124.0,Ok,105.0,Ok,7841
507346.468000,126.0,Ok,109.0,Ok,7842
507346.515000,124.0,Ok,102.0,Ok,7843
507346.578000,122.0,Ok,105.0,Ok,7844
507346.625000,121.0,Ok,88.0,Ok,7845
507346.671000,108.0,Ok,88.0,Ok,7846
507346.718000,118.0,Ok,89.0,Ok,7847
507346.765000,79.0,Ok,90.0,Ok,7848
507346.828000,121.0,Ok,93.0,Ok,7849
507346.890000,108.0,Ok,87.0,Ok,7850
507346.921000,111.0,Ok,106.0,Ok,7851
507346.968000,113.0,Ok,99.0,Ok,7852
507347.031000,121.0,Ok,103.0,Ok,7853
507347.078000,125.0,Ok,107.0,Ok,7854
507347.125000,92.0,Ok,88.0,Ok,7855
507347.171000,94.0,Ok,114.0,Ok,7856
507347.218000,93.0,Ok,94.0,Ok,7857
507347.265000,96.0,Ok,94.0,Ok,7858
507347.328000,99.0,Ok,105.0,Ok,7859
507347.375000,91.0,Ok,100.0,Ok,7860
507347.421000,97.0,Ok,109.0,Ok,7861
507347.468000,108.0,Ok,98.0,Ok,7862
507347.531000,98.0,Ok,103.0,Ok,7863
507347.578000,106.0,Ok,102.0,Ok,7864
507347.625000,101.0,Ok,109.0,Ok,7865
507347.671000,101.0,Ok,106.0,Ok,7866
507347.734000,101.0,Ok,109.0,Ok,7867
507347.781000,99.0,Ok,102.0,Ok,7868
507347.828000,95.0,Ok,104.0,Ok,7869
507347.859000,94.0,Ok,121.0,Ok,7870
507347.921000,99.0,Ok,97.0,Ok,7871
507347.984000,91.0,Ok,87.0,Ok,7872
507348.015000,86.0,Ok,83.0,Ok,7873
507348.078000,89.0,Ok,96.0,Ok,7874
507348.125000,101.0,Ok,82.0,Ok,7875
507348.171000,97.0,Ok,68.0,Ok,7876
507348.234000,97.0,Ok,117.0,Ok,7877
507348.281000,93.0,Ok,85.0,Ok,7878
507348.328000,97.0,Ok,91.0,Ok,7879
507348.375000,89.0,Ok,92.0,Ok,7880
507348.421000,92.0,Ok,81.0,Ok,7881
507348.484000,93.0,Ok,82.0,Ok,7882
507348.531000,95.0,Ok,78.0,Ok,7883
507348.578000,96.0,Ok,78.0,Ok,7884
507348.625000,97.0,Ok,78.0,Ok,7885
507348.671000,95.0,Ok,82.0,Ok,7886
507348.734000,96.0,Ok,91.0,Ok,7887
507348.765000,91.0,Ok,91.0,Ok,7888
507348.828000,97.0,Ok,78.0,Ok,7889
507348.875000,96.0,Ok,84.0,Ok,7890
507348.921000,98.0,Ok,77.0,Ok,7891
507348.968000,96.0,Ok,95.0,Ok,7892
507349.031000,90.0,Ok,92.0,Ok,7893
507349.078000,87.0,Ok,83.0,Ok,7894
507349.125000,92.0,Ok,90.0,Ok,7895
507349.171000,100.0,Ok,94.0,Ok,7896
507349.218000,100.0,Ok,96.0,Ok,7897
507349.281000,100.0,Ok,93.0,Ok,7898
507349.312000,97.0,Ok,103.0,Ok,7899
507349.359000,101.0,Ok,107.0,Ok,7900
507349.406000,98.0,Ok,137.0,Ok,7901
507349.468000,98.0,Ok,139.0,Ok,7902
507349.531000,102.0,Ok,129.0,Ok,7903
507349.578000,101.0,Ok,114.0,Ok,7904
507349.625000,99.0,Ok,107.0,Ok,7905
507349.671000,92.0,Ok,103.0,Ok,7906
507349.718000,94.0,Ok,101.0,Ok,7907
507349.765000,98.0,Ok,101.0,Ok,7908
507349.828000,92.0,Ok,97.0,Ok,7909
507349.875000,92.0,Ok,99.0,Ok,7910
507349.921000,99.0,Ok,100.0,Ok,7911
507349.984000,101.0,Ok,98.0,Ok,7912
507350.031000,99.0,Ok,93.0,Ok,7913
507350.078000,102.0,Ok,95.0,Ok,7914
507350.125000,105.0,Ok,96.0,Ok,7915
507350.171000,106.0,Ok,92.0,Ok,7916
507350.218000,101.0,Ok,97.0,Ok,7917
507350.281000,97.0,Ok,100.0,Ok,7918
507350.328000,102.0,Ok,95.0,Ok,7919
507350.375000,99.0,Ok,99.0,Ok,7920
507350.421000,99.0,Ok,101.0,Ok,7921
507350.484000,102.0,Ok,95.0,Ok,7922
507350.531000,99.0,Ok,102.0,Ok,7923
507350.578000,94.0,Ok,108.0,Ok,7924
507350.625000,90.0,Ok,102.0,Ok,7925
507350.671000,97.0,Ok,92.0,Ok,7926
507350.718000,99.0,Ok,79.0,Ok,7927
507350.781000,98.0,Ok,82.0,Ok,7928
507350.828000,91.0,Ok,76.0,Ok,7929
507350.875000,92.0,Ok,77.0,Ok,7930
507350.921000,100.0,Ok,74.0,Ok,7931
507350.968000,96.0,Ok,79.0,Ok,7932
507351.031000,98.0,Ok,86.0,Ok,7933
507351.078000,93.0,Ok,86.0,Ok,7934
507351.125000,96.0,Ok,86.0,Ok,7935
507351.171000,96.0,Ok,77.0,Ok,7936
507351.234000,95.0,Ok,75.0,Ok,7937
507351.281000,98.0,Ok,68.0,Ok,7938
507351.328000,98.0,Ok,73.0,Ok,7939
507351.375000,98.0,Ok,74.0,Ok,7940
507351.421000,97.0,Ok,71.0,Ok,7941
507351.468000,96.0,Ok,76.0,Ok,7942
507351.531000,102.0,Ok,77.0,Ok,7943
507351.578000,100.0,Ok,77.0,Ok,7944
507351.625000,106.0,Ok,73.0,Ok,7945
507351.671000,103.0,Ok,76.0,Ok,7946
507351.718000,103.0,Ok,78.0,Ok,7947
507351.765000,101.0,Ok,80.0,Ok,7948
507351.828000,103.0,Ok,72.0,Ok,7949
507351.875000,101.0,Ok,94.0,Ok,7950
507351.921000,96.0,Ok,79.0,Ok,7951
507351.968000,98.0,Ok,70.0,Ok,7952
507352.015000,89.0,Ok,94.0,Ok,7953
507352.078000,89.0,Ok,107.0,Ok,7954
507352.109000,93.0,Ok,82.0,Ok,7955
507352.171000,95.0,Ok,82.0,Ok,7956
507352.234000,103.0,Ok,79.0,Ok,7957
507352.281000,101.0,Ok,83.0,Ok,7958
507352.328000,101.0,Ok,91.0,Ok,7959
507352.375000,101.0,Ok,104.0,Ok,7960
507352.421000,104.0,Ok,103.0,Ok,7961
507352.468000,102.0,Ok,112.0,Ok,7962
507352.515000,99.0,Ok,112.0,Ok,7963
507352.578000,104.0,Ok,114.0,Ok,7964
507352.625000,103.0,Ok,114.0,Ok,7965
507352.671000,99.0,Ok,113.0,Ok,7966
507352.734000,96.0,Ok,115.0,Ok,7967
507352.781000,102.0,Ok,120.0,Ok,7968
507352.828000,98.0,Ok,121.0,Ok,7969
507352.875000,99.0,Ok,120.0,Ok,7970
507352.921000,89.0,Ok,121.0,Ok,7971
507352.968000,94.0,Ok,122.0,Ok,7972
507353.015000,98.0,Ok,121.0,Ok,7973
507353.078000,96.0,Ok,117.0,Ok,7974
507353.125000,102.0,Ok,117.0,Ok,7975
507353.171000,97.0,Ok,119.0,Ok,7976
507353.234000,95.0,Ok,119.0,Ok,7977
507353.281000,96.0,Ok,117.0,Ok,7978
507353.328000,92.0,Ok,117.0,Ok,7979
507353.375000,94.0,Ok,115.0,Ok,7980
507353.421000,100.0,Ok,112.0,Ok,7981
507353.468000,99.0,Ok,111.0,Ok,7982
507353.531000,99.0,Ok,112.0,Ok,7983
507353.578000,102.0,Ok,115.0,Ok,7984
507353.625000,103.0,Ok,114.0,Ok,7985
507353.671000,104.0,Ok,113.0,Ok,7986
507353.718000,103.0,Ok,114.0,Ok,7987
507353.765000,102.0,Ok,114.0,Ok,7988
507353.828000,100.0,Ok,114.0,Ok,7989
507353.875000,104.0,Ok,114.0,Ok,7990
507353.921000,99.0,Ok,113.0,Ok,7991
507353.968000,93.0,Ok,113.0,Ok,7992
507354.031000,92.0,Ok,114.0,Ok,7993
507354.078000,99.0,Ok,115.0,Ok,7994
507354.125000,97.0,Ok,114.0,Ok,7995
507354.171000,99.0,Ok,112.0,Ok,7996
507354.218000,95.0,Ok,114.0,Ok,7997
507354.265000,95.0,Ok,111.0,Ok,7998
507354.328000,94.0,Ok,112.0,Ok,7999
507354.375000,90.0,Ok,112.0,Ok,8000
507354.421000,92.0,Ok,111.0,Ok,8001
507354.468000,88.0,Ok,113.0,Ok,8002
507354.515000,89.0,Ok,112.0,Ok,8003
507354.562000,90.0,Ok,113.0,Ok,8004
507354.609000,92.0,Ok,113.0,Ok,8005
507354.671000,97.0,Ok,112.0,Ok,8006
507354.734000,101.0,Ok,112.0,Ok,8007
507354.781000,92.0,Ok,109.0,Ok,8008
507354.828000,99.0,Ok,108.0,Ok,8009
507354.875000,93.0,Ok,106.0,Ok,8010
507354.921000,94.0,Ok,107.0,Ok,8011
507354.968000,94.0,Ok,108.0,Ok,8012
507355.015000,90.0,Ok,106.0,Ok,8013
507355.078000,94.0,Ok,107.0,Ok,8014
507355.125000,99.0,Ok,106.0,Ok,8015
507355.171000,95.0,Ok,109.0,Ok,8016
507355.218000,99.0,Ok,107.0,Ok,8017
507355.281000,91.0,Ok,105.0,Ok,8018
507355.328000,97.0,Ok,104.0,Ok,8019
507355.375000,96.0,Ok,102.0,Ok,8020
507355.421000,94.0,Ok,107.0,Ok,8021
507355.468000,96.0,Ok,105.0,Ok,8022
507355.531000,101.0,Ok,104.0,Ok,8023
507355.578000,99.0,Ok,107.0,Ok,8024
507355.625000,100.0,Ok,106.0,Ok,8025
507355.671000,99.0,Ok,103.0,Ok,8026
507355.718000,99.0,Ok,100.0,Ok,8027
507355.765000,96.0,Ok,101.0,Ok,8028
507355.828000,98.0,Ok,99.0,Ok,8029
507355.875000,94.0,Ok,93.0,Ok,8030
507355.921000,96.0,Ok,95.0,Ok,8031
507355.968000,93.0,Ok,97.0,Ok,8032
507356.031000,93.0,Ok,99.0,Ok,8033
507356.078000,97.0,Ok,103.0,Ok,8034
507356.125000,97.0,Ok,100.0,Ok,8035
507356.171000,101.0,Ok,99.0,Ok,8036
507356.218000,106.0,Ok,100.0,Ok,8037
507356.265000,100.0,Ok,100.0,Ok,8038
507356.328000,94.0,Ok,97.0,Ok,8039
507356.375000,94.0,Ok,103.0,Ok,8040
507356.437000,99.0,Ok,107.0,Ok,8041
507356.468000,90.0,Ok,107.0,Ok,8042
507356.531000,90.0,Ok,112.0,Ok,8043
507356.578000,96.0,Ok,115.0,Ok,8044
507356.625000,96.0,Ok,117.0,Ok,8045
507356.671000,96.0,Ok,115.0,Ok,8046
507356.718000,96.0,Ok,116.0,Ok,8047
507356.781000,93.0,Ok,116.0,Ok,8048
507356.828000,99.0,Ok,115.0,Ok,8049
507356.875000,101.0,Ok,116.0,Ok,8050
507356.921000,97.0,Ok,113.0,Ok,8051
507356.968000,97.0,Ok,111.0,Ok,8052
507357.031000,98.0,Ok,111.0,Ok,8053
507357.078000,90.0,Ok,115.0,Ok,8054
507357.125000,86.0,Ok,114.0,Ok,8055
507357.171000,95.0,Ok,115.0,Ok,8056
507357.218000,93.0,Ok,114.0,Ok,8057
507357.265000,93.0,Ok,112.0,Ok,8058
507357.328000,95.0,Ok,114.0,Ok,8059
507357.375000,93.0,Ok,112.0,Ok,8060
507357.421000,92.0,Ok,112.0,Ok,8061
507357.468000,89.0,Ok,109.0,Ok,8062
507357.531000,95.0,Ok,115.0,Ok,8063
507357.578000,92.0,Ok,113.0,Ok,8064
507357.609000,91.0,Ok,114.0,Ok,8065
507357.671000,100.0,Ok,112.0,Ok,8066
507357.734000,95.0,Ok,112.0,Ok,8067
507357.812000,94.0,Ok,109.0,Ok,8068
507357.828000,92.0,Ok,112.0,Ok,8069
507357.875000,93.0,Ok,113.0,Ok,8070
507357.921000,88.0,Ok,114.0,Ok,8071
507357.984000,88.0,Ok,112.0,Ok,8072
507358.031000,96.0,Ok,118.0,Ok,8073
507358.078000,96.0,Ok,122.0,Ok,8074
507358.125000,95.0,Ok,122.0,Ok,8075
507358.171000,95.0,Ok,117.0,Ok,8076
507358.234000,94.0,Ok,115.0,Ok,8077
507358.281000,92.0,Ok,117.0,Ok,8078
507358.312000,97.0,Ok,118.0,Ok,8079
507358.375000,100.0,Ok,118.0,Ok,8080
507358.421000,101.0,Ok,116.0,Ok,8081
507358.468000,102.0,Ok,114.0,Ok,8082
507358.515000,97.0,Ok,116.0,Ok,8083
507358.562000,95.0,Ok,114.0,Ok,8084
507358.625000,91.0,Ok,116.0,Ok,8085
507358.671000,93.0,Ok,115.0,Ok,8086
507358.718000,91.0,Ok,116.0,Ok,8087
507358.781000,89.0,Ok,118.0,Ok,8088
507358.828000,92.0,Ok,114.0,Ok,8089
507358.875000,93.0,Ok,121.0,Ok,8090
507358.921000,92.0,Ok,118.0,Ok,8091
507358.968000,89.0,Ok,117.0,Ok,8092
507359.031000,89.0,Ok,114.0,Ok,8093
507359.078000,98.0,Ok,116.0,Ok,8094
507359.125000,98.0,Ok,114.0,Ok,8095
507359.171000,99.0,Ok,115.0,Ok,8096
507359.218000,96.0,Ok,115.0,Ok,8097
507359.265000,101.0,Ok,115.0,Ok,8098
507359.328000,98.0,Ok,113.0,Ok,8099
507359.375000,99.0,Ok,119.0,Ok,8100
507359.421000,99.0,Ok,117.0,Ok,8101
507359.468000,102.0,Ok,122.0,Ok,8102
507359.531000,97.0,Ok,125.0,Ok,8103
507359.578000,98.0,Ok,122.0,Ok,8104
507359.625000,99.0,Ok,123.0,Ok,8105
507359.671000,98.0,Ok,122.0,Ok,8106
507359.718000,98.0,Ok,115.0,Ok,8107
507359.765000,100.0,Ok,114.0,Ok,8108
507359.828000,96.0,Ok,111.0,Ok,8109
507359.875000,97.0,Ok,115.0,Ok,8110
507359.921000,102.0,Ok,119.0,Ok,8111
507359.968000,94.0,Ok,115.0,Ok,8112
507360.031000,102.0,Ok,119.0,Ok,8113
507360.078000,96.0,Ok,112.0,Ok,8114
507360.125000,98.0,Ok,93.0,Ok,8115
507360.171000,101.0,Ok,86.0,Ok,8116
507360.234000,101.0,Ok,79.0,Ok,8117
507360.265000,99.0,Ok,63.0,Ok,8118
507360.312000,84.0,Ok,60.0,Ok,8119
507360.375000,96.0,Ok,53.0,Ok,8120
507360.421000,99.0,Ok,48.0,Ok,8121
507360.484000,100.0,Ok,48.0,Ok,8122
507360.531000,105.0,Ok,49.0,Ok,8123
507360.578000,102.0,Ok,59.0,Ok,8124
507360.625000,113.0,Ok,67.0,Ok,8125
507360.671000,102.0,Ok,70.0,Ok,8126
507360.734000,104.0,Ok,77.0,Ok,8127
507360.781000,103.0,Ok,84.0,Ok,8128
507360.828000,102.0,Ok,89.0,Ok,8129
507360.875000,100.0,Ok,95.0,Ok,8130
507360.921000,100.0,Ok,90.0,Ok,8131
507360.968000,104.0,Ok,82.0,Ok,8132
507361.031000,105.0,Ok,87.0,Ok,8133
507361.078000,103.0,Ok,87.0,Ok,8134
507361.125000,104.0,Ok,88.0,Ok,8135
507361.171000,113.0,Ok,86.0,Ok,8136
507361.218000,107.0,Ok,85.0,Ok,8137
507361.281000,109.0,Ok,87.0,Ok,8138
507361.328000,106.0,Ok,88.0,Ok,8139
507361.375000,108.0,Ok,88.0,Ok,8140
507361.421000,114.0,Ok,85.0,Ok,8141
507361.468000,103.0,Ok,86.0,Ok,8142
507361.531000,104.0,Ok,86.0,Ok,8143
507361.578000,105.0,Ok,90.0,Ok,8144
507361.625000,104.0,Ok,86.0,Ok,8145
507361.671000,105.0,Ok,84.0,Ok,8146
507361.718000,107.0,Ok,83.0,Ok,8147
507361.765000,103.0,Ok,82.0,Ok,8148
507361.828000,104.0,Ok,83.0,Ok,8149
507361.890000,107.0,Ok,85.0,Ok,8150
507361.921000,109.0,Ok,85.0,Ok,8151
507361.968000,102.0,Ok,81.0,Ok,8152
507362.031000,107.0,Ok,84.0,Ok,8153
507362.078000,104.0,Ok,83.0,Ok,8154
507362.125000,107.0,Ok,80.0,Ok,8155
507362.171000,108.0,Ok,85.0,Ok,8156
507362.218000,113.0,Ok,84.0,Ok,8157
507362.265000,107.0,Ok,79.0,Ok,8158
507362.328000,111.0,Ok,83.0,Ok,8159
507362.375000,110.0,Ok,87.0,Ok,8160
507362.421000,100.0,Ok,84.0,Ok,8161
507362.468000,107.0,Ok,81.0,Ok,8162
507362.531000,102.0,Ok,85.0,Ok,8163
507362.578000,110.0,Ok,86.0,Ok,8164
507362.625000,102.0,Ok,82.0,Ok,8165
507362.671000,111.0,Ok,80.0,Ok,8166
507362.734000,106.0,Ok,82.0,Ok,8167
507362.765000,111.0,Ok,77.0,Ok,8168
507362.812000,106.0,Ok,77.0,Ok,8169
507362.875000,112.0,Ok,82.0,Ok,8170
507362.921000,101.0,Ok,77.0,Ok,8171
507362.968000,104.0,Ok,77.0,Ok,8172
507363.031000,106.0,Ok,83.0,Ok,8173
507363.078000,104.0,Ok,80.0,Ok,8174
507363.125000,105.0,Ok,77.0,Ok,8175
507363.171000,105.0,Ok,80.0,Ok,8176
507363.250000,104.0,Ok,81.0,Ok,8177
507363.281000,103.0,Ok,80.0,Ok,8178
507363.328000,102.0,Ok,76.0,Ok,8179
507363.375000,107.0,Ok,83.0,Ok,8180
507363.421000,101.0,Ok,71.0,Ok,8181
507363.468000,105.0,Ok,76.0,Ok,8182
507363.531000,111.0,Ok,78.0,Ok,8183
507363.578000,104.0,Ok,77.0,Ok,8184
507363.625000,110.0,Ok,76.0,Ok,8185
507363.671000,109.0,Ok,77.0,Ok,8186
507363.718000,107.0,Ok,75.0,Ok,8187
507363.781000,112.0,Ok,69.0,Ok,8188
507363.828000,106.0,Ok,70.0,Ok,8189
507363.875000,106.0,Ok,69.0,Ok,8190
507363.921000,109.0,Ok,75.0,Ok,8191
507363.968000,107.0,Ok,81.0,Ok,8192
507364.015000,105.0,Ok,84.0,Ok,8193
507364.078000,105.0,Ok,89.0,Ok,8194
507364.125000,102.0,Ok,91.0,Ok,8195
507364.171000,95.0,Ok,107.0,Ok,8196
507364.218000,102.0,Ok,110.0,Ok,8197
507364.265000,104.0,Ok,116.0,Ok,8198
507364.328000,105.0,Ok,120.0,Ok,8199
507364.375000,103.0,Ok,123.0,Ok,8200
507364.421000,100.0,Ok,121.0,Ok,8201
507364.468000,102.0,Ok,123.0,Ok,8202
507364.515000,104.0,Ok,120.0,Ok,8203
507364.578000,99.0,Ok,120.0,Ok,8204
507364.625000,101.0,Ok,119.0,Ok,8205
507364.671000,97.0,Ok,121.0,Ok,8206
507364.734000,100.0,Ok,122.0,Ok,8207
507364.765000,103.0,Ok,126.0,Ok,8208
507364.828000,100.0,Ok,126.0,Ok,8209
507364.875000,95.0,Ok,122.0,Ok,8210
507364.921000,96.0,Ok,122.0,Ok,8211
507364.968000,99.0,Ok,123.0,Ok,8212
507365.015000,96.0,Ok,128.0,Ok,8213
507365.062000,99.0,Ok,126.0,Ok,8214
507365.125000,96.0,Ok,122.0,Ok,8215
507365.171000,96.0,Ok,123.0,Ok,8216
507365.218000,95.0,Ok,126.0,Ok,8217
507365.265000,96.0,Ok,127.0,Ok,8218
507365.328000,95.0,Ok,128.0,Ok,8219
507365.359000,98.0,Ok,132.0,Ok,8220
507365.421000,98.0,Ok,117.0,Ok,8221
507365.484000,97.0,Ok,113.0,Ok,8222
507365.531000,99.0,Ok,113.0,Ok,8223
507365.578000,97.0,Ok,118.0,Ok,8224
507365.625000,97.0,Ok,115.0,Ok,8225
507365.671000,101.0,Ok,121.0,Ok,8226
507365.734000,93.0,Ok,127.0,Ok,8227
507365.781000,100.0,Ok,123.0,Ok,8228
507365.812000,102.0,Ok,109.0,Ok,8229
507365.875000,105.0,Ok,109.0,Ok,8230
507365.921000,112.0,Ok,141.0,Ok,8231
507365.968000,104.0,Ok,77.0,Ok,8232
507366.015000,105.0,Ok,74.0,Ok,8233
507366.078000,107.0,Ok,63.0,Ok,8234
507366.125000,105.0,Ok,54.0,Ok,8235
507366.171000,110.0,Ok,49.0,Ok,8236
507366.218000,104.0,Ok,51.0,Ok,8237
507366.281000,108.0,Ok,48.0,Ok,8238
507366.328000,105.0,Ok,54.0,Ok,8239
507366.375000,103.0,Ok,65.0,Ok,8240
507366.421000,107.0,Ok,68.0,Ok,8241
507366.468000,107.0,Ok,80.0,Ok,8242
507366.531000,104.0,Ok,77.0,Ok,8243
507366.578000,104.0,Ok,84.0,Ok,8244
507366.625000,101.0,Ok,86.0,Ok,8245
507366.671000,103.0,Ok,89.0,Ok,8246
507366.734000,107.0,Ok,89.0,Ok,8247
507366.781000,106.0,Ok,86.0,Ok,8248
507366.828000,113.0,Ok,83.0,Ok,8249
507366.875000,103.0,Ok,83.0,Ok,8250
507366.921000,108.0,Ok,84.0,Ok,8251
507366.984000,114.0,Ok,83.0,Ok,8252
507367.031000,109.0,Ok,84.0,Ok,8253
507367.078000,106.0,Ok,84.0,Ok,8254
507367.125000,109.0,Ok,82.0,Ok,8255
507367.171000,107.0,Ok,84.0,Ok,8256
507367.218000,108.0,Ok,85.0,Ok,8257
507367.265000,110.0,Ok,83.0,Ok,8258
507367.328000,107.0,Ok,83.0,Ok,8259
507367.375000,105.0,Ok,87.0,Ok,8260
507367.406000,104.0,Ok,85.0,Ok,8261
507367.468000,106.0,Ok,77.0,Ok,8262
507367.515000,103.0,Ok,84.0,Ok,8263
507367.578000,103.0,Ok,79.0,Ok,8264
507367.625000,106.0,Ok,83.0,Ok,8265
507367.671000,103.0,Ok,80.0,Ok,8266
507367.718000,104.0,Ok,80.0,Ok,8267
507367.781000,106.0,Ok,83.0,Ok,8268
507367.828000,105.0,Ok,83.0,Ok,8269
507367.875000,103.0,Ok,81.0,Ok,8270
507367.921000,106.0,Ok,84.0,Ok,8271
507367.968000,103.0,Ok,82.0,Ok,8272
507368.015000,103.0,Ok,84.0,Ok,8273
507368.078000,99.0,Ok,83.0,Ok,8274
507368.109000,102.0,Ok,80.0,Ok,8275
507368.171000,100.0,Ok,81.0,Ok,8276
507368.218000,102.0,Ok,82.0,Ok,8277
507368.281000,100.0,Ok,86.0,Ok,8278
507368.328000,101.0,Ok,81.0,Ok,8279
507368.375000,102.0,Ok,82.0,Ok,8280
507368.421000,100.0,Ok,80.0,Ok,8281
507368.468000,99.0,Ok,84.0,Ok,8282
507368.515000,101.0,Ok,79.0,Ok,8283
507368.578000,102.0,Ok,80.0,Ok,8284
507368.625000,100.0,Ok,83.0,Ok,8285
507368.671000,99.0,Ok,79.0,Ok,8286
507368.718000,102.0,Ok,78.0,Ok,8287
507368.781000,104.0,Ok,78.0,Ok,8288
507368.828000,101.0,Ok,82.0,Ok,8289
507368.875000,101.0,Ok,79.0,Ok,8290
507368.921000,102.0,Ok,80.0,Ok,8291
507368.984000,104.0,Ok,77.0,Ok,8292
507369.031000,103.0,Ok,76.0,Ok,8293
507369.078000,107.0,Ok,78.0,Ok,8294
507369.125000,105.0,Ok,71.0,Ok,8295
507369.171000,105.0,Ok,69.0,Ok,8296
507369.218000,108.0,Ok,74.0,Ok,8297
507369.281000,107.0,Ok,72.0,Ok,8298
507369.312000,108.0,Ok,72.0,Ok,8299
507369.375000,106.0,Ok,70.0,Ok,8300
507369.421000,109.0,Ok,76.0,Ok,8301
507369.468000,107.0,Ok,81.0,Ok,8302
507369.531000,108.0,Ok,77.0,Ok,8303
507369.578000,108.0,Ok,84.0,Ok,8304
507369.625000,109.0,Ok,96.0,Ok,8305
507369.671000,99.0,Ok,93.0,Ok,8306
507369.718000,100.0,Ok,100.0,Ok,8307
507369.781000,101.0,Ok,108.0,Ok,8308
507369.828000,98.0,Ok,113.0,Ok,8309
507369.875000,92.0,Ok,119.0,Ok,8310
507369.921000,94.0,Ok,119.0,Ok,8311
507369.984000,100.0,Ok,120.0,Ok,8312
507370.015000,91.0,Ok,121.0,Ok,8313
507370.078000,99.0,Ok,129.0,Ok,8314
507370.109000,99.0,Ok,130.0,Ok,8315
507370.171000,101.0,Ok,127.0,Ok,8316
507370.234000,98.0,Ok,118.0,Ok,8317
507370.281000,94.0,Ok,118.0,Ok,8318
507370.328000,101.0,Ok,129.0,Ok,8319
507370.375000,96.0,Ok,134.0,Ok,8320
507370.421000,99.0,Ok,135.0,Ok,8321
507370.468000,101.0,Ok,127.0,Ok,8322
507370.515000,101.0,Ok,122.0,Ok,8323
507370.578000,101.0,Ok,115.0,Ok,8324
507370.625000,94.0,Ok,121.0,Ok,8325
507370.671000,99.0,Ok,117.0,Ok,8326
507370.718000,98.0,Ok,119.0,Ok,8327
507370.781000,98.0,Ok,125.0,Ok,8328
507370.812000,99.0,Ok,125.0,Ok,8329
507370.875000,95.0,Ok,122.0,Ok,8330
507370.921000,99.0,Ok,117.0,Ok,8331
507370.968000,101.0,Ok,116.0,Ok,8332
507371.015000,96.0,Ok,121.0,Ok,8333
507371.062000,93.0,Ok,122.0,Ok,8334
507371.125000,95.0,Ok,115.0,Ok,8335
507371.171000,101.0,Ok,134.0,Ok,8336
507371.218000,98.0,Ok,118.0,Ok,8337
507371.281000,100.0,Ok,114.0,Ok,8338
507371.328000,103.0,Ok,113.0,Ok,8339
507371.375000,99.0,Ok,115.0,Ok,8340
507371.421000,100.0,Ok,128.0,Ok,8341
507371.468000,100.0,Ok,97.0,Ok,8342
507371.515000,106.0,Ok,79.0,Ok,8343
507371.578000,107.0,Ok,61.0,Ok,8344
507371.625000,107.0,Ok,59.0,Ok,8345
507371.671000,106.0,Ok,50.0,Ok,8346
507371.734000,104.0,Ok,46.0,Ok,8347
507371.765000,104.0,Ok,47.0,Ok,8348
507371.828000,106.0,Ok,52.0,Ok,8349
507371.875000,107.0,Ok,53.0,Ok,8350
507371.921000,101.0,Ok,66.0,Ok,8351
507371.984000,107.0,Ok,64.0,Ok,8352
507372.031000,107.0,Ok,75.0,Ok,8353
507372.078000,112.0,Ok,78.0,Ok,8354
507372.125000,109.0,Ok,79.0,Ok,8355
507372.171000,107.0,Ok,84.0,Ok,8356
507372.218000,106.0,Ok,87.0,Ok,8357
507372.265000,105.0,Ok,81.0,Ok,8358
507372.328000,104.0,Ok,87.0,Ok,8359
507372.375000,105.0,Ok,86.0,Ok,8360
507372.406000,106.0,Ok,89.0,Ok,8361
507372.468000,109.0,Ok,87.0,Ok,8362
507372.515000,108.0,Ok,88.0,Ok,8363
507372.578000,105.0,Ok,85.0,Ok,8364
507372.625000,106.0,Ok,80.0,Ok,8365
507372.671000,106.0,Ok,86.0,Ok,8366
507372.718000,107.0,Ok,86.0,Ok,8367
507372.796000,109.0,Ok,89.0,Ok,8368
507372.828000,108.0,Ok,84.0,Ok,8369
507372.875000,107.0,Ok,82.0,Ok,8370
507372.921000,108.0,Ok,79.0,Ok,8371
507372.968000,106.0,Ok,80.0,Ok,8372
507373.031000,107.0,Ok,80.0,Ok,8373
507373.078000,111.0,Ok,83.0,Ok,8374
507373.125000,107.0,Ok,80.0,Ok,8375
507373.171000,111.0,Ok,81.0,Ok,8376
507373.218000,114.0,Ok,81.0,Ok,8377
507373.281000,116.0,Ok,78.0,Ok,8378
507373.328000,111.0,Ok,79.0,Ok,8379
507373.375000,110.0,Ok,81.0,Ok,8380
507373.421000,114.0,Ok,78.0,Ok,8381
507373.468000,110.0,Ok,80.0,Ok,8382
507373.515000,112.0,Ok,82.0,Ok,8383
507373.562000,109.0,Ok,83.0,Ok,8384
507373.625000,105.0,Ok,82.0,Ok,8385
507373.671000,107.0,Ok,78.0,Ok,8386
507373.718000,107.0,Ok,78.0,Ok,8387
507373.781000,107.0,Ok,79.0,Ok,8388
507373.828000,113.0,Ok,77.0,Ok,8389
507373.875000,107.0,Ok,78.0,Ok,8390
507373.921000,111.0,Ok,78.0,Ok,8391
507373.968000,107.0,Ok,81.0,Ok,8392
507374.031000,111.0,Ok,78.0,Ok,8393
507374.078000,116.0,Ok,77.0,Ok,8394
507374.156000,108.0,Ok,79.0,Ok,8395
507374.171000,106.0,Ok,82.0,Ok,8396
507374.218000,111.0,Ok,86.0,Ok,8397
507374.281000,117.0,Ok,83.0,Ok,8398
507374.328000,110.0,Ok,78.0,Ok,8399
507374.359000,112.0,Ok,81.0,Ok,8400
507374.421000,112.0,Ok,79.0,Ok,8401
507374.484000,110.0,Ok,78.0,Ok,8402
507374.515000,110.0,Ok,77.0,Ok,8403
507374.578000,108.0,Ok,82.0,Ok,8404
507374.625000,107.0,Ok,78.0,Ok,8405
507374.671000,108.0,Ok,78.0,Ok,8406
507374.718000,107.0,Ok,79.0,Ok,8407
507374.765000,108.0,Ok,77.0,Ok,8408
507374.828000,109.0,Ok,80.0,Ok,8409
507374.875000,108.0,Ok,77.0,Ok,8410
507374.921000,105.0,Ok,73.0,Ok,8411
507374.968000,105.0,Ok,76.0,Ok,8412
507375.031000,103.0,Ok,72.0,Ok,8413
507375.078000,102.0,Ok,73.0,Ok,8414
507375.125000,102.0,Ok,71.0,Ok,8415
507375.171000,103.0,Ok,74.0,Ok,8416
507375.218000,103.0,Ok,73.0,Ok,8417
507375.281000,103.0,Ok,80.0,Ok,8418
507375.312000,102.0,Ok,70.0,Ok,8419
507375.375000,100.0,Ok,72.0,Ok,8420
507375.421000,101.0,Ok,71.0,Ok,8421
507375.468000,103.0,Ok,70.0,Ok,8422
507375.531000,104.0,Ok,79.0,Ok,8423
507375.578000,107.0,Ok,79.0,Ok,8424
507375.625000,104.0,Ok,73.0,Ok,8425
507375.671000,101.0,Ok,77.0,Ok,8426
507375.718000,104.0,Ok,75.0,Ok,8427
507375.781000,107.0,Ok,67.0,Ok,8428
507375.828000,106.0,Ok,75.0,Ok,8429
507375.875000,107.0,Ok,77.0,Ok,8430
507375.921000,111.0,Ok,72.0,Ok,8431
507375.968000,105.0,Ok,77.0,Ok,8432
507376.031000,105.0,Ok,79.0,Ok,8433
507376.078000,103.0,Ok,82.0,Ok,8434
507376.125000,100.0,Ok,84.0,Ok,8435
507376.171000,103.0,Ok,86.0,Ok,8436
507376.218000,103.0,Ok,89.0,Ok,8437
507376.265000,98.0,Ok,101.0,Ok,8438
507376.312000,99.0,Ok,96.0,Ok,8439
507376.375000,95.0,Ok,107.0,Ok,8440
507376.421000,97.0,Ok,109.0,Ok,8441
507376.468000,96.0,Ok,107.0,Ok,8442
507376.515000,98.0,Ok,115.0,Ok,8443
507376.578000,94.0,Ok,125.0,Ok,8444
507376.625000,96.0,Ok,122.0,Ok,8445
507376.671000,94.0,Ok,143.0,Ok,8446
507376.718000,99.0,Ok,123.0,Ok,8447
507376.781000,96.0,Ok,122.0,Ok,8448
507376.828000,95.0,Ok,123.0,Ok,8449
507376.890000,93.0,Ok,127.0,Ok,8450
507376.921000,94.0,Ok,126.0,Ok,8451
507376.968000,100.0,Ok,135.0,Ok,8452
507377.015000,95.0,Ok,133.0,Ok,8453
507377.078000,93.0,Ok,124.0,Ok,8454
507377.125000,84.0,Ok,136.0,Ok,8455
507377.171000,92.0,Ok,120.0,Ok,8456
507377.234000,93.0,Ok,116.0,Ok,8457
507377.281000,94.0,Ok,113.0,Ok,8458
507377.312000,96.0,Ok,105.0,Ok,8459
507377.359000,99.0,Ok,114.0,Ok,8460
507377.406000,101.0,Ok,103.0,Ok,8461
507377.468000,98.0,Ok,97.0,Ok,8462
507377.515000,97.0,Ok,96.0,Ok,8463
507377.578000,96.0,Ok,100.0,Ok,8464
507377.625000,93.0,Ok,101.0,Ok,8465
507377.671000,89.0,Ok,96.0,Ok,8466
507377.718000,95.0,Ok,100.0,Ok,8467
507377.781000,91.0,Ok,101.0,Ok,8468
507377.828000,97.0,Ok,101.0,Ok,8469
507377.875000,89.0,Ok,102.0,Ok,8470
507377.921000,90.0,Ok,103.0,Ok,8471
507377.984000,96.0,Ok,102.0,Ok,8472
507378.031000,93.0,Ok,100.0,Ok,8473
507378.078000,94.0,Ok,101.0,Ok,8474
507378.125000,94.0,Ok,98.0,Ok,8475
507378.171000,92.0,Ok,97.0,Ok,8476
507378.218000,95.0,Ok,100.0,Ok,8477
507378.265000,95.0,Ok,99.0,Ok,8478
507378.328000,94.0,Ok,99.0,Ok,8479
507378.375000,94.0,Ok,101.0,Ok,8480
507378.421000,95.0,Ok,103.0,Ok,8481
507378.468000,96.0,Ok,103.0,Ok,8482
507378.531000,92.0,Ok,101.0,Ok,8483
507378.578000,90.0,Ok,102.0,Ok,8484
507378.625000,95.0,Ok,102.0,Ok,8485
507378.671000,94.0,Ok,112.0,Ok,8486
507378.718000,94.0,Ok,113.0,Ok,8487
507378.765000,94.0,Ok,119.0,Ok,8488
507378.828000,93.0,Ok,122.0,Ok,8489
507378.875000,95.0,Ok,126.0,Ok,8490
507378.921000,91.0,Ok,125.0,Ok,8491
507378.984000,95.0,Ok,132.0,Ok,8492
507379.015000,94.0,Ok,129.0,Ok,8493
507379.078000,95.0,Ok,132.0,Ok,8494
507379.125000,100.0,Ok,130.0,Ok,8495
507379.171000,91.0,Ok,131.0,Ok,8496
507379.218000,92.0,Ok,126.0,Ok,8497
507379.281000,91.0,Ok,126.0,Ok,8498
507379.328000,95.0,Ok,126.0,Ok,8499
507379.375000,93.0,Ok,128.0,Ok,8500
507379.421000,98.0,Ok,128.0,Ok,8501
507379.468000,88.0,Ok,134.0,Ok,8502
507379.531000,89.0,Ok,134.0,Ok,8503
507379.562000,83.0,Ok,133.0,Ok,8504
507379.625000,88.0,Ok,133.0,Ok,8505
507379.671000,83.0,Ok,130.0,Ok,8506
507379.718000,83.0,Ok,129.0,Ok,8507
507379.781000,86.0,Ok,130.0,Ok,8508
507379.828000,90.0,Ok,128.0,Ok,8509
507379.875000,90.0,Ok,128.0,Ok,8510
507379.921000,94.0,Ok,129.0,Ok,8511
507379.968000,100.0,Ok,127.0,Ok,8512
507380.015000,99.0,Ok,128.0,Ok,8513
507380.078000,98.0,Ok,127.0,Ok,8514
507380.125000,92.0,Ok,127.0,Ok,8515
507380.171000,94.0,Ok,128.0,Ok,8516
507380.218000,90.0,Ok,131.0,Ok,8517
507380.281000,90.0,Ok,131.0,Ok,8518
507380.312000,85.0,Ok,128.0,Ok,8519
507380.375000,90.0,Ok,131.0,Ok,8520
507380.421000,92.0,Ok,132.0,Ok,8521
507380.468000,91.0,Ok,133.0,Ok,8522
507380.531000,92.0,Ok,134.0,Ok,8523
507380.578000,92.0,Ok,135.0,Ok,8524
507380.625000,93.0,Ok,135.0,Ok,8525
507380.671000,90.0,Ok,132.0,Ok,8526
507380.718000,92.0,Ok,130.0,Ok,8527
507380.781000,93.0,Ok,134.0,Ok,8528
507380.828000,95.0,Ok,134.0,Ok,8529
507380.875000,95.0,Ok,130.0,Ok,8530
507380.921000,93.0,Ok,129.0,Ok,8531
507380.968000,95.0,Ok,122.0,Ok,8532
507381.031000,100.0,Ok,129.0,Ok,8533
507381.062000,95.0,Ok,124.0,Ok,8534
507381.125000,95.0,Ok,115.0,Ok,8535
507381.171000,98.0,Ok,105.0,Ok,8536
507381.234000,96.0,Ok,97.0,Ok,8537
507381.281000,101.0,Ok,91.0,Ok,8538
507381.312000,102.0,Ok,83.0,Ok,8539
507381.375000,103.0,Ok,71.0,Ok,8540
507381.421000,99.0,Ok,61.0,Ok,8541
507381.468000,109.0,Ok,60.0,Ok,8542
507381.515000,103.0,Ok,53.0,Ok,8543
507381.578000,106.0,Ok,52.0,Ok,8544
507381.625000,103.0,Ok,54.0,Ok,8545
507381.671000,104.0,Ok,55.0,Ok,8546
507381.718000,105.0,Ok,58.0,Ok,8547
507381.765000,109.0,Ok,67.0,Ok,8548
507381.828000,107.0,Ok,70.0,Ok,8549
507381.875000,105.0,Ok,66.0,Ok,8550
507381.921000,109.0,Ok,79.0,Ok,8551
507381.968000,104.0,Ok,77.0,Ok,8552
507382.015000,104.0,Ok,85.0,Ok,8553
507382.062000,113.0,Ok,84.0,Ok,8554
507382.125000,107.0,Ok,85.0,Ok,8555
507382.171000,105.0,Ok,87.0,Ok,8556
507382.218000,110.0,Ok,88.0,Ok,8557
507382.265000,105.0,Ok,92.0,Ok,8558
507382.343000,104.0,Ok,89.0,Ok,8559
507382.375000,111.0,Ok,88.0,Ok,8560
507382.421000,107.0,Ok,85.0,Ok,8561
507382.468000,107.0,Ok,80.0,Ok,8562
507382.531000,107.0,Ok,86.0,Ok,8563
507382.562000,107.0,Ok,86.0,Ok,8564
507382.625000,107.0,Ok,83.0,Ok,8565
507382.671000,102.0,Ok,84.0,Ok,8566
507382.718000,105.0,Ok,78.0,Ok,8567
507382.765000,106.0,Ok,77.0,Ok,8568
507382.812000,109.0,Ok,78.0,Ok,8569
507382.859000,106.0,Ok,84.0,Ok,8570
507382.921000,111.0,Ok,82.0,Ok,8571
507382.968000,103.0,Ok,85.0,Ok,8572
507383.031000,102.0,Ok,83.0,Ok,8573
507383.078000,105.0,Ok,84.0,Ok,8574
507383.125000,104.0,Ok,81.0,Ok,8575
507383.171000,106.0,Ok,80.0,Ok,8576
507383.218000,100.0,Ok,82.0,Ok,8577
507383.281000,103.0,Ok,83.0,Ok,8578
507383.328000,103.0,Ok,87.0,Ok,8579
507383.375000,103.0,Ok,85.0,Ok,8580
507383.421000,106.0,Ok,86.0,Ok,8581
507383.468000,101.0,Ok,82.0,Ok,8582
507383.531000,101.0,Ok,81.0,Ok,8583
507383.562000,104.0,Ok,84.0,Ok,8584
507383.625000,105.0,Ok,83.0,Ok,8585
507383.671000,105.0,Ok,79.0,Ok,8586
507383.718000,109.0,Ok,80.0,Ok,8587
507383.765000,104.0,Ok,81.0,Ok,8588
507383.828000,104.0,Ok,84.0,Ok,8589
507383.875000,104.0,Ok,81.0,Ok,8590
507383.921000,104.0,Ok,73.0,Ok,8591
507383.968000,102.0,Ok,83.0,Ok,8592
507384.031000,101.0,Ok,81.0,Ok,8593
507384.078000,102.0,Ok,86.0,Ok,8594
507384.125000,102.0,Ok,81.0,Ok,8595
507384.171000,107.0,Ok,81.0,Ok,8596
507384.218000,110.0,Ok,80.0,Ok,8597
507384.265000,107.0,Ok,76.0,Ok,8598
507384.312000,107.0,Ok,84.0,Ok,8599
507384.375000,109.0,Ok,80.0,Ok,8600
507384.421000,104.0,Ok,76.0,Ok,8601
507384.468000,102.0,Ok,84.0,Ok,8602
507384.531000,107.0,Ok,82.0,Ok,8603
507384.562000,110.0,Ok,81.0,Ok,8604
507384.625000,104.0,Ok,85.0,Ok,8605
507384.671000,102.0,Ok,81.0,Ok,8606
507384.718000,107.0,Ok,81.0,Ok,8607
507384.765000,110.0,Ok,82.0,Ok,8608
507384.812000,106.0,Ok,75.0,Ok,8609
507384.875000,110.0,Ok,84.0,Ok,8610
507384.921000,111.0,Ok,84.0,Ok,8611
507384.968000,105.0,Ok,76.0,Ok,8612
507385.031000,105.0,Ok,76.0,Ok,8613
507385.078000,104.0,Ok,81.0,Ok,8614
507385.125000,102.0,Ok,78.0,Ok,8615
507385.171000,109.0,Ok,81.0,Ok,8616
507385.218000,105.0,Ok,77.0,Ok,8617
507385.265000,104.0,Ok,75.0,Ok,8618
507385.328000,102.0,Ok,76.0,Ok,8619
507385.375000,110.0,Ok,78.0,Ok,8620
507385.421000,99.0,Ok,78.0,Ok,8621
507385.468000,101.0,Ok,72.0,Ok,8622
507385.531000,100.0,Ok,75.0,Ok,8623
507385.562000,103.0,Ok,74.0,Ok,8624
507385.609000,107.0,Ok,81.0,Ok,8625
507385.656000,108.0,Ok,77.0,Ok,8626
507385.718000,105.0,Ok,91.0,Ok,8627
507385.781000,100.0,Ok,95.0,Ok,8628
507385.828000,97.0,Ok,99.0,Ok,8629
507385.875000,92.0,Ok,99.0,Ok,8630
507385.921000,91.0,Ok,105.0,Ok,8631
507385.968000,93.0,Ok,107.0,Ok,8632
507386.031000,100.0,Ok,113.0,Ok,8633
507386.078000,99.0,Ok,113.0,Ok,8634
507386.125000,94.0,Ok,117.0,Ok,8635
507386.171000,97.0,Ok,114.0,Ok,8636
507386.218000,99.0,Ok,117.0,Ok,8637
507386.281000,95.0,Ok,120.0,Ok,8638
507386.328000,92.0,Ok,119.0,Ok,8639
507386.375000,94.0,Ok,122.0,Ok,8640
507386.421000,82.0,Ok,126.0,Ok,8641
507386.468000,88.0,Ok,125.0,Ok,8642
507386.531000,91.0,Ok,126.0,Ok,8643
507386.578000,90.0,Ok,128.0,Ok,8644
507386.625000,92.0,Ok,130.0,Ok,8645
507386.671000,92.0,Ok,127.0,Ok,8646
507386.718000,92.0,Ok,129.0,Ok,8647
507386.765000,92.0,Ok,129.0,Ok,8648
507386.828000,88.0,Ok,127.0,Ok,8649
507386.875000,92.0,Ok,126.0,Ok,8650
507386.921000,84.0,Ok,126.0,Ok,8651
507386.968000,90.0,Ok,125.0,Ok,8652
507387.031000,89.0,Ok,127.0,Ok,8653
507387.078000,89.0,Ok,127.0,Ok,8654
507387.125000,90.0,Ok,129.0,Ok,8655
507387.171000,91.0,Ok,128.0,Ok,8656
507387.218000,91.0,Ok,130.0,Ok,8657
507387.265000,89.0,Ok,132.0,Ok,8658
507387.328000,91.0,Ok,128.0,Ok,8659
507387.375000,91.0,Ok,122.0,Ok,8660
507387.421000,88.0,Ok,124.0,Ok,8661
507387.484000,92.0,Ok,124.0,Ok,8662
507387.531000,90.0,Ok,129.0,Ok,8663
507387.578000,92.0,Ok,130.0,Ok,8664
507387.625000,91.0,Ok,133.0,Ok,8665
507387.671000,92.0,Ok,134.0,Ok,8666
507387.734000,91.0,Ok,133.0,Ok,8667
507387.796000,94.0,Ok,131.0,Ok,8668
507387.812000,92.0,Ok,129.0,Ok,8669
507387.875000,93.0,Ok,125.0,Ok,8670
507387.921000,93.0,Ok,122.0,Ok,8671
507387.968000,94.0,Ok,128.0,Ok,8672
507388.031000,97.0,Ok,124.0,Ok,8673
507388.078000,94.0,Ok,127.0,Ok,8674
507388.125000,97.0,Ok,128.0,Ok,8675
507388.171000,99.0,Ok,121.0,Ok,8676
507388.234000,98.0,Ok,114.0,Ok,8677
507388.281000,99.0,Ok,115.0,Ok,8678
507388.328000,100.0,Ok,88.0,Ok,8679
507388.359000,97.0,Ok,93.0,Ok,8680
507388.421000,102.0,Ok,83.0,Ok,8681
507388.468000,100.0,Ok,72.0,Ok,8682
507388.531000,106.0,Ok,60.0,Ok,8683
507388.578000,111.0,Ok,59.0,Ok,8684
507388.625000,107.0,Ok,51.0,Ok,8685
507388.671000,101.0,Ok,53.0,Ok,8686
507388.718000,100.0,Ok,50.0,Ok,8687
507388.765000,103.0,Ok,52.0,Ok,8688
507388.828000,103.0,Ok,53.0,Ok,8689
507388.875000,112.0,Ok,61.0,Ok,8690
507388.921000,107.0,Ok,65.0,Ok,8691
507388.968000,109.0,Ok,66.0,Ok,8692
507389.031000,112.0,Ok,74.0,Ok,8693
507389.078000,106.0,Ok,80.0,Ok,8694
507389.125000,109.0,Ok,82.0,Ok,8695
507389.171000,108.0,Ok,89.0,Ok,8696
507389.218000,106.0,Ok,92.0,Ok,8697
507389.281000,107.0,Ok,89.0,Ok,8698
507389.328000,109.0,Ok,83.0,Ok,8699
507389.375000,107.0,Ok,86.0,Ok,8700
507389.421000,114.0,Ok,87.0,Ok,8701
507389.468000,114.0,Ok,86.0,Ok,8702
507389.531000,111.0,Ok,89.0,Ok,8703
507389.578000,106.0,Ok,83.0,Ok,8704
507389.625000,106.0,Ok,80.0,Ok,8705
507389.671000,106.0,Ok,80.0,Ok,8706
507389.734000,107.0,Ok,81.0,Ok,8707
507389.765000,109.0,Ok,82.0,Ok,8708
507389.828000,108.0,Ok,76.0,Ok,8709
507389.875000,107.0,Ok,78.0,Ok,8710
507389.921000,107.0,Ok,77.0,Ok,8711
507389.968000,109.0,Ok,78.0,Ok,8712
507390.031000,109.0,Ok,77.0,Ok,8713
507390.062000,106.0,Ok,78.0,Ok,8714
507390.125000,105.0,Ok,78.0,Ok,8715
507390.171000,112.0,Ok,79.0,Ok,8716
507390.218000,107.0,Ok,75.0,Ok,8717
507390.281000,110.0,Ok,80.0,Ok,8718
507390.328000,105.0,Ok,82.0,Ok,8719
507390.375000,106.0,Ok,80.0,Ok,8720
507390.421000,106.0,Ok,84.0,Ok,8721
507390.484000,107.0,Ok,79.0,Ok,8722
507390.531000,107.0,Ok,78.0,Ok,8723
507390.562000,107.0,Ok,78.0,Ok,8724
507390.625000,106.0,Ok,79.0,Ok,8725
507390.671000,106.0,Ok,79.0,Ok,8726
507390.734000,104.0,Ok,78.0,Ok,8727
507390.765000,108.0,Ok,78.0,Ok,8728
507390.812000,108.0,Ok,79.0,Ok,8729
507390.875000,105.0,Ok,74.0,Ok,8730
507390.921000,107.0,Ok,75.0,Ok,8731
507390.968000,107.0,Ok,77.0,Ok,8732
507391.031000,107.0,Ok,79.0,Ok,8733
507391.078000,109.0,Ok,82.0,Ok,8734
507391.125000,104.0,Ok,82.0,Ok,8735
507391.171000,104.0,Ok,81.0,Ok,8736
507391.234000,103.0,Ok,78.0,Ok,8737
507391.265000,105.0,Ok,76.0,Ok,8738
507391.328000,107.0,Ok,82.0,Ok,8739
507391.375000,107.0,Ok,81.0,Ok,8740
507391.421000,106.0,Ok,82.0,Ok,8741
507391.468000,107.0,Ok,82.0,Ok,8742
507391.515000,102.0,Ok,76.0,Ok,8743
507391.578000,106.0,Ok,78.0,Ok,8744
507391.609000,102.0,Ok,77.0,Ok,8745
507391.671000,103.0,Ok,79.0,Ok,8746
507391.718000,108.0,Ok,82.0,Ok,8747
507391.781000,104.0,Ok,82.0,Ok,8748
507391.828000,102.0,Ok,73.0,Ok,8749
507391.890000,102.0,Ok,72.0,Ok,8750
507391.921000,105.0,Ok,77.0,Ok,8751
507391.968000,108.0,Ok,75.0,Ok,8752
507392.031000,106.0,Ok,78.0,Ok,8753
507392.078000,107.0,Ok,75.0,Ok,8754
507392.125000,108.0,Ok,80.0,Ok,8755
507392.171000,107.0,Ok,76.0,Ok,8756
507392.218000,112.0,Ok,76.0,Ok,8757
507392.281000,107.0,Ok,71.0,Ok,8758
507392.328000,106.0,Ok,69.0,Ok,8759
507392.375000,106.0,Ok,70.0,Ok,8760
507392.421000,113.0,Ok,79.0,Ok,8761
507392.468000,106.0,Ok,81.0,Ok,8762
507392.531000,109.0,Ok,78.0,Ok,8763
507392.578000,105.0,Ok,68.0,Ok,8764
507392.625000,110.0,Ok,75.0,Ok,8765
507392.671000,106.0,Ok,73.0,Ok,8766
507392.718000,109.0,Ok,69.0,Ok,8767
507392.781000,102.0,Ok,70.0,Ok,8768
507392.828000,110.0,Ok,75.0,Ok,8769
507392.875000,105.0,Ok,69.0,Ok,8770
507392.921000,111.0,Ok,71.0,Ok,8771
507392.984000,109.0,Ok,70.0,Ok,8772
507393.015000,105.0,Ok,73.0,Ok,8773
507393.078000,105.0,Ok,69.0,Ok,8774
507393.125000,111.0,Ok,74.0,Ok,8775
507393.171000,111.0,Ok,69.0,Ok,8776
507393.218000,110.0,Ok,72.0,Ok,8777
507393.281000,109.0,Ok,69.0,Ok,8778
507393.328000,110.0,Ok,77.0,Ok,8779
507393.375000,101.0,Ok,72.0,Ok,8780
507393.421000,105.0,Ok,77.0,Ok,8781
507393.468000,105.0,Ok,69.0,Ok,8782
507393.515000,102.0,Ok,73.0,Ok,8783
507393.578000,110.0,Ok,69.0,Ok,8784
507393.625000,103.0,Ok,71.0,Ok,8785
507393.671000,108.0,Ok,67.0,Ok,8786
507393.718000,111.0,Ok,71.0,Ok,8787
507393.765000,105.0,Ok,75.0,Ok,8788
507393.828000,104.0,Ok,76.0,Ok,8789
507393.875000,101.0,Ok,78.0,Ok,8790
507393.921000,105.0,Ok,87.0,Ok,8791
507393.968000,102.0,Ok,86.0,Ok,8792
507394.031000,99.0,Ok,89.0,Ok,8793
507394.078000,97.0,Ok,95.0,Ok,8794
507394.125000,96.0,Ok,91.0,Ok,8795
507394.171000,96.0,Ok,101.0,Ok,8796
507394.218000,98.0,Ok,100.0,Ok,8797
507394.265000,94.0,Ok,103.0,Ok,8798
507394.312000,96.0,Ok,100.0,Ok,8799
507394.375000,87.0,Ok,101.0,Ok,8800
507394.421000,95.0,Ok,101.0,Ok,8801
507394.484000,100.0,Ok,99.0,Ok,8802
507394.531000,100.0,Ok,99.0,Ok,8803
507394.609000,94.0,Ok,97.0,Ok,8804
507394.625000,97.0,Ok,99.0,Ok,8805
507394.671000,99.0,Ok,100.0,Ok,8806
507394.718000,95.0,Ok,99.0,Ok,8807
507394.781000,96.0,Ok,101.0,Ok,8808
507394.828000,92.0,Ok,99.0,Ok,8809
507394.875000,100.0,Ok,100.0,Ok,8810
507394.921000,99.0,Ok,102.0,Ok,8811
507394.968000,100.0,Ok,97.0,Ok,8812
507395.031000,97.0,Ok,100.0,Ok,8813
507395.078000,92.0,Ok,100.0,Ok,8814
507395.125000,92.0,Ok,102.0,Ok,8815
507395.171000,96.0,Ok,100.0,Ok,8816
507395.218000,92.0,Ok,100.0,Ok,8817
507395.265000,95.0,Ok,101.0,Ok,8818
507395.328000,94.0,Ok,99.0,Ok,8819
507395.375000,99.0,Ok,102.0,Ok,8820
507395.421000,99.0,Ok,103.0,Ok,8821
507395.468000,97.0,Ok,103.0,Ok,8822
507395.515000,95.0,Ok,102.0,Ok,8823
507395.562000,96.0,Ok,102.0,Ok,8824
507395.625000,98.0,Ok,101.0,Ok,8825
507395.656000,95.0,Ok,100.0,Ok,8826
507395.718000,93.0,Ok,100.0,Ok,8827
507395.781000,93.0,Ok,101.0,Ok,8828
507395.828000,100.0,Ok,92.0,Ok,8829
507395.875000,97.0,Ok,97.0,Ok,8830
507395.921000,99.0,Ok,98.0,Ok,8831
507395.968000,95.0,Ok,96.0,Ok,8832
507396.015000,95.0,Ok,103.0,Ok,8833
507396.078000,93.0,Ok,100.0,Ok,8834
507396.125000,93.0,Ok,99.0,Ok,8835
507396.171000,93.0,Ok,100.0,Ok,8836
507396.218000,94.0,Ok,104.0,Ok,8837
507396.281000,97.0,Ok,102.0,Ok,8838
507396.328000,99.0,Ok,99.0,Ok,8839
507396.375000,97.0,Ok,100.0,Ok,8840
507396.421000,95.0,Ok,104.0,Ok,8841
507396.468000,96.0,Ok,101.0,Ok,8842
507396.531000,95.0,Ok,99.0,Ok,8843
507396.578000,94.0,Ok,103.0,Ok,8844
507396.625000,96.0,Ok,99.0,Ok,8845
507396.671000,99.0,Ok,99.0,Ok,8846
507396.718000,93.0,Ok,98.0,Ok,8847
507396.765000,93.0,Ok,102.0,Ok,8848
507396.828000,96.0,Ok,102.0,Ok,8849
507396.875000,94.0,Ok,101.0,Ok,8850
507396.921000,95.0,Ok,103.0,Ok,8851
507396.968000,92.0,Ok,103.0,Ok,8852
507397.015000,95.0,Ok,99.0,Ok,8853
507397.062000,96.0,Ok,107.0,Ok,8854
507397.125000,96.0,Ok,118.0,Ok,8855
507397.171000,91.0,Ok,129.0,Ok,8856
507397.218000,98.0,Ok,135.0,Ok,8857
507397.281000,98.0,Ok,140.0,Ok,8858
507397.343000,91.0,Ok,137.0,Ok,8859
507397.375000,97.0,Ok,139.0,Ok,8860
507397.421000,96.0,Ok,139.0,Ok,8861
507397.468000,95.0,Ok,140.0,Ok,8862
507397.531000,97.0,Ok,141.0,Ok,8863
507397.578000,98.0,Ok,136.0,Ok,8864
507397.625000,97.0,Ok,133.0,Ok,8865
507397.671000,98.0,Ok,134.0,Ok,8866
507397.718000,100.0,Ok,133.0,Ok,8867
507397.765000,98.0,Ok,134.0,Ok,8868
507397.828000,100.0,Ok,134.0,Ok,8869
507397.875000,97.0,Ok,137.0,Ok,8870
507397.921000,93.0,Ok,138.0,Ok,8871
507397.968000,97.0,Ok,130.0,Ok,8872
507398.031000,97.0,Ok,133.0,Ok,8873
507398.078000,101.0,Ok,135.0,Ok,8874
507398.125000,99.0,Ok,130.0,Ok,8875
507398.171000,96.0,Ok,131.0,Ok,8876
507398.218000,98.0,Ok,128.0,Ok,8877
507398.265000,98.0,Ok,125.0,Ok,8878
507398.328000,101.0,Ok,127.0,Ok,8879
507398.375000,93.0,Ok,125.0,Ok,8880
507398.421000,99.0,Ok,126.0,Ok,8881
507398.484000,100.0,Ok,127.0,Ok,8882
507398.515000,97.0,Ok,128.0,Ok,8883
507398.562000,92.0,Ok,130.0,Ok,8884
507398.625000,99.0,Ok,130.0,Ok,8885
507398.671000,97.0,Ok,129.0,Ok,8886
507398.718000,99.0,Ok,130.0,Ok,8887
507398.765000,99.0,Ok,129.0,Ok,8888
507398.828000,98.0,Ok,129.0,Ok,8889
507398.875000,97.0,Ok,131.0,Ok,8890
507398.921000,95.0,Ok,129.0,Ok,8891
507398.968000,98.0,Ok,128.0,Ok,8892
507399.015000,98.0,Ok,128.0,Ok,8893
507399.062000,96.0,Ok,127.0,Ok,8894
507399.125000,93.0,Ok,128.0,Ok,8895
507399.171000,96.0,Ok,129.0,Ok,8896
507399.234000,100.0,Ok,124.0,Ok,8897
507399.281000,97.0,Ok,128.0,Ok,8898
507399.328000,98.0,Ok,122.0,Ok,8899
507399.375000,95.0,Ok,124.0,Ok,8900
507399.421000,103.0,Ok,129.0,Ok,8901
507399.484000,102.0,Ok,114.0,Ok,8902
507399.515000,100.0,Ok,116.0,Ok,8903
507399.578000,105.0,Ok,88.0,Ok,8904
507399.625000,108.0,Ok,112.0,Ok,8905
507399.671000,107.0,Ok,84.0,Ok,8906
507399.734000,106.0,Ok,75.0,Ok,8907
507399.781000,103.0,Ok,60.0,Ok,8908
507399.828000,108.0,Ok,58.0,Ok,8909
507399.875000,107.0,Ok,47.0,Ok,8910
507399.921000,107.0,Ok,51.0,Ok,8911
507399.968000,107.0,Ok,47.0,Ok,8912
507400.015000,107.0,Ok,52.0,Ok,8913
507400.062000,107.0,Ok,55.0,Ok,8914
507400.125000,111.0,Ok,61.0,Ok,8915
507400.171000,112.0,Ok,66.0,Ok,8916
507400.218000,105.0,Ok,66.0,Ok,8917
507400.281000,111.0,Ok,77.0,Ok,8918
507400.328000,112.0,Ok,77.0,Ok,8919
507400.375000,113.0,Ok,82.0,Ok,8920
507400.421000,110.0,Ok,85.0,Ok,8921
507400.468000,109.0,Ok,88.0,Ok,8922
507400.531000,108.0,Ok,85.0,Ok,8923
507400.578000,108.0,Ok,83.0,Ok,8924
507400.625000,111.0,Ok,84.0,Ok,8925
507400.671000,110.0,Ok,86.0,Ok,8926
507400.718000,110.0,Ok,84.0,Ok,8927
507400.781000,106.0,Ok,83.0,Ok,8928
507400.828000,109.0,Ok,83.0,Ok,8929
507400.875000,109.0,Ok,84.0,Ok,8930
507400.921000,109.0,Ok,84.0,Ok,8931
507400.984000,108.0,Ok,84.0,Ok,8932
507401.031000,109.0,Ok,85.0,Ok,8933
507401.078000,109.0,Ok,83.0,Ok,8934
507401.125000,110.0,Ok,85.0,Ok,8935
507401.171000,109.0,Ok,83.0,Ok,8936
507401.234000,111.0,Ok,82.0,Ok,8937
507401.281000,109.0,Ok,80.0,Ok,8938
507401.328000,110.0,Ok,82.0,Ok,8939
507401.375000,111.0,Ok,82.0,Ok,8940
507401.421000,109.0,Ok,81.0,Ok,8941
507401.468000,110.0,Ok,83.0,Ok,8942
507401.515000,112.0,Ok,83.0,Ok,8943
507401.578000,114.0,Ok,82.0,Ok,8944
507401.625000,110.0,Ok,86.0,Ok,8945
507401.671000,109.0,Ok,87.0,Ok,8946
507401.734000,110.0,Ok,81.0,Ok,8947
507401.765000,111.0,Ok,82.0,Ok,8948
507401.828000,113.0,Ok,87.0,Ok,8949
507401.875000,109.0,Ok,84.0,Ok,8950
507401.921000,115.0,Ok,85.0,Ok,8951
507401.968000,112.0,Ok,83.0,Ok,8952
507402.015000,107.0,Ok,80.0,Ok,8953
507402.062000,113.0,Ok,81.0,Ok,8954
507402.125000,111.0,Ok,78.0,Ok,8955
507402.171000,108.0,Ok,80.0,Ok,8956
507402.218000,114.0,Ok,78.0,Ok,8957
507402.265000,111.0,Ok,77.0,Ok,8958
507402.328000,106.0,Ok,77.0,Ok,8959
507402.375000,110.0,Ok,69.0,Ok,8960
507402.421000,108.0,Ok,75.0,Ok,8961
507402.468000,108.0,Ok,77.0,Ok,8962
507402.515000,107.0,Ok,78.0,Ok,8963
507402.578000,106.0,Ok,80.0,Ok,8964
507402.625000,105.0,Ok,82.0,Ok,8965
507402.671000,105.0,Ok,74.0,Ok,8966
507402.718000,106.0,Ok,80.0,Ok,8967
507402.781000,106.0,Ok,74.0,Ok,8968
507402.828000,104.0,Ok,79.0,Ok,8969
507402.875000,109.0,Ok,77.0,Ok,8970
507402.921000,105.0,Ok,69.0,Ok,8971
507402.984000,106.0,Ok,65.0,Ok,8972
507403.031000,102.0,Ok,67.0,Ok,8973
507403.078000,104.0,Ok,71.0,Ok,8974
507403.125000,103.0,Ok,71.0,Ok,8975
507403.171000,104.0,Ok,64.0,Ok,8976
507403.218000,106.0,Ok,69.0,Ok,8977
507403.265000,111.0,Ok,71.0,Ok,8978
507403.312000,107.0,Ok,71.0,Ok,8979
507403.375000,104.0,Ok,74.0,Ok,8980
507403.421000,106.0,Ok,73.0,Ok,8981
507403.484000,107.0,Ok,75.0,Ok,8982
507403.531000,108.0,Ok,83.0,Ok,8983
507403.578000,108.0,Ok,85.0,Ok,8984
507403.625000,109.0,Ok,88.0,Ok,8985
507403.671000,99.0,Ok,98.0,Ok,8986
507403.718000,104.0,Ok,100.0,Ok,8987
507403.781000,100.0,Ok,101.0,Ok,8988
507403.828000,103.0,Ok,105.0,Ok,8989
507403.875000,99.0,Ok,109.0,Ok,8990
507403.921000,97.0,Ok,98.0,Ok,8991
507403.968000,97.0,Ok,101.0,Ok,8992
507404.015000,89.0,Ok,109.0,Ok,8993
507404.062000,86.0,Ok,110.0,Ok,8994
507404.156000,94.0,Ok,110.0,Ok,8995
507404.171000,91.0,Ok,117.0,Ok,8996
507404.218000,92.0,Ok,126.0,Ok,8997
507404.281000,92.0,Ok,136.0,Ok,8998
507404.328000,90.0,Ok,128.0,Ok,8999
507404.375000,91.0,Ok,131.0,Ok,9000
507404.421000,93.0,Ok,133.0,Ok,9001
507404.468000,99.0,Ok,134.0,Ok,9002
507404.515000,93.0,Ok,132.0,Ok,9003
507404.578000,93.0,Ok,133.0,Ok,9004
507404.625000,93.0,Ok,136.0,Ok,9005
507404.671000,96.0,Ok,134.0,Ok,9006
507404.718000,92.0,Ok,134.0,Ok,9007
507404.781000,93.0,Ok,132.0,Ok,9008
507404.828000,92.0,Ok,132.0,Ok,9009
507404.875000,95.0,Ok,136.0,Ok,9010
507404.921000,102.0,Ok,134.0,Ok,9011
507404.968000,99.0,Ok,134.0,Ok,9012
507405.031000,91.0,Ok,134.0,Ok,9013
507405.078000,86.0,Ok,132.0,Ok,9014
507405.125000,81.0,Ok,135.0,Ok,9015
507405.171000,82.0,Ok,134.0,Ok,9016
507405.218000,84.0,Ok,133.0,Ok,9017
507405.281000,86.0,Ok,131.0,Ok,9018
507405.328000,85.0,Ok,134.0,Ok,9019
507405.359000,86.0,Ok,132.0,Ok,9020
507405.421000,88.0,Ok,133.0,Ok,9021
507405.468000,88.0,Ok,131.0,Ok,9022
507405.515000,88.0,Ok,130.0,Ok,9023
507405.578000,88.0,Ok,131.0,Ok,9024
507405.625000,88.0,Ok,130.0,Ok,9025
507405.671000,89.0,Ok,126.0,Ok,9026
507405.718000,86.0,Ok,124.0,Ok,9027
507405.781000,94.0,Ok,133.0,Ok,9028
507405.828000,96.0,Ok,132.0,Ok,9029
507405.875000,99.0,Ok,122.0,Ok,9030
507405.921000,96.0,Ok,125.0,Ok,9031
507405.968000,95.0,Ok,139.0,Ok,9032
507406.031000,94.0,Ok,110.0,Ok,9033
507406.078000,96.0,Ok,113.0,Ok,9034
507406.125000,95.0,Ok,116.0,Ok,9035
507406.171000,97.0,Ok,121.0,Ok,9036
507406.218000,100.0,Ok,81.0,Ok,9037
507406.281000,98.0,Ok,74.0,Ok,9038
507406.328000,106.0,Ok,60.0,Ok,9039
507406.375000,104.0,Ok,58.0,Ok,9040
507406.421000,106.0,Ok,55.0,Ok,9041
507406.468000,105.0,Ok,49.0,Ok,9042
507406.531000,104.0,Ok,48.0,Ok,9043
507406.578000,106.0,Ok,49.0,Ok,9044
507406.625000,110.0,Ok,51.0,Ok,9045
507406.671000,102.0,Ok,61.0,Ok,9046
507406.734000,114.0,Ok,65.0,Ok,9047
507406.765000,104.0,Ok,70.0,Ok,9048
507406.828000,107.0,Ok,70.0,Ok,9049
507406.875000,111.0,Ok,78.0,Ok,9050
507406.921000,116.0,Ok,84.0,Ok,9051
507406.984000,112.0,Ok,86.0,Ok,9052
507407.015000,111.0,Ok,90.0,Ok,9053
507407.078000,116.0,Ok,88.0,Ok,9054
507407.125000,116.0,Ok,87.0,Ok,9055
507407.171000,114.0,Ok,89.0,Ok,9056
507407.218000,112.0,Ok,89.0,Ok,9057
507407.281000,111.0,Ok,91.0,Ok,9058
507407.328000,112.0,Ok,88.0,Ok,9059
507407.375000,114.0,Ok,84.0,Ok,9060
507407.421000,112.0,Ok,83.0,Ok,9061
507407.468000,115.0,Ok,84.0,Ok,9062
507407.531000,114.0,Ok,84.0,Ok,9063
507407.562000,111.0,Ok,81.0,Ok,9064
507407.609000,110.0,Ok,81.0,Ok,9065
507407.671000,110.0,Ok,82.0,Ok,9066
507407.734000,109.0,Ok,83.0,Ok,9067
507407.781000,111.0,Ok,83.0,Ok,9068
507407.828000,109.0,Ok,78.0,Ok,9069
507407.875000,111.0,Ok,77.0,Ok,9070
507407.921000,109.0,Ok,78.0,Ok,9071
507407.968000,105.0,Ok,79.0,Ok,9072
507408.015000,108.0,Ok,81.0,Ok,9073
507408.078000,111.0,Ok,83.0,Ok,9074
507408.125000,109.0,Ok,85.0,Ok,9075
507408.171000,110.0,Ok,84.0,Ok,9076
507408.234000,111.0,Ok,85.0,Ok,9077
507408.281000,107.0,Ok,80.0,Ok,9078
507408.328000,107.0,Ok,79.0,Ok,9079
507408.375000,106.0,Ok,77.0,Ok,9080
507408.421000,106.0,Ok,81.0,Ok,9081
507408.468000,106.0,Ok,75.0,Ok,9082
507408.531000,106.0,Ok,75.0,Ok,9083
507408.578000,106.0,Ok,77.0,Ok,9084
507408.609000,108.0,Ok,76.0,Ok,9085
507408.671000,108.0,Ok,75.0,Ok,9086
507408.718000,113.0,Ok,77.0,Ok,9087
507408.781000,114.0,Ok,76.0,Ok,9088
507408.828000,107.0,Ok,77.0,Ok,9089
507408.875000,109.0,Ok,74.0,Ok,9090
507408.906000,107.0,Ok,76.0,Ok,9091
507408.984000,106.0,Ok,76.0,Ok,9092
507409.031000,105.0,Ok,76.0,Ok,9093
507409.078000,105.0,Ok,79.0,Ok,9094
507409.125000,105.0,Ok,73.0,Ok,9095
507409.171000,108.0,Ok,76.0,Ok,9096
507409.218000,109.0,Ok,82.0,Ok,9097
507409.281000,109.0,Ok,82.0,Ok,9098
507409.312000,106.0,Ok,74.0,Ok,9099
507409.375000,106.0,Ok,76.0,Ok,9100
507409.421000,103.0,Ok,74.0,Ok,9101
507409.484000,105.0,Ok,78.0,Ok,9102
507409.531000,107.0,Ok,81.0,Ok,9103
507409.578000,106.0,Ok,83.0,Ok,9104
507409.625000,108.0,Ok,81.0,Ok,9105
507409.671000,111.0,Ok,82.0,Ok,9106
507409.718000,109.0,Ok,80.0,Ok,9107
507409.781000,116.0,Ok,75.0,Ok,9108
507409.828000,110.0,Ok,79.0,Ok,9109
507409.875000,114.0,Ok,70.0,Ok,9110
507409.921000,109.0,Ok,70.0,Ok,9111
507409.968000,109.0,Ok,78.0,Ok,9112
507410.031000,109.0,Ok,70.0,Ok,9113
507410.078000,106.0,Ok,73.0,Ok,9114
507410.125000,108.0,Ok,73.0,Ok,9115
507410.171000,104.0,Ok,74.0,Ok,9116
507410.234000,107.0,Ok,77.0,Ok,9117
507410.281000,108.0,Ok,73.0,Ok,9118
507410.328000,105.0,Ok,77.0,Ok,9119
507410.375000,105.0,Ok,77.0,Ok,9120
507410.421000,104.0,Ok,73.0,Ok,9121
507410.468000,102.0,Ok,69.0,Ok,9122
507410.515000,105.0,Ok,75.0,Ok,9123
507410.578000,104.0,Ok,75.0,Ok,9124
507410.625000,106.0,Ok,66.0,Ok,9125
507410.671000,101.0,Ok,69.0,Ok,9126
507410.718000,101.0,Ok,70.0,Ok,9127
507410.781000,101.0,Ok,67.0,Ok,9128
507410.828000,101.0,Ok,72.0,Ok,9129
507410.875000,107.0,Ok,68.0,Ok,9130
507410.921000,103.0,Ok,65.0,Ok,9131
507410.968000,103.0,Ok,68.0,Ok,9132
507411.015000,109.0,Ok,68.0,Ok,9133
507411.078000,102.0,Ok,72.0,Ok,9134
507411.125000,106.0,Ok,72.0,Ok,9135
507411.171000,106.0,Ok,81.0,Ok,9136
507411.234000,107.0,Ok,85.0,Ok,9137
507411.281000,108.0,Ok,86.0,Ok,9138
507411.312000,112.0,Ok,98.0,Ok,9139
507411.375000,106.0,Ok,99.0,Ok,9140
507411.421000,105.0,Ok,107.0,Ok,9141
507411.468000,96.0,Ok,113.0,Ok,9142
507411.531000,95.0,Ok,111.0,Ok,9143
507411.578000,95.0,Ok,121.0,Ok,9144
507411.625000,98.0,Ok,122.0,Ok,9145
507411.671000,92.0,Ok,130.0,Ok,9146
507411.718000,100.0,Ok,134.0,Ok,9147
507411.781000,98.0,Ok,135.0,Ok,9148
507411.828000,93.0,Ok,137.0,Ok,9149
507411.875000,94.0,Ok,138.0,Ok,9150
507411.921000,94.0,Ok,139.0,Ok,9151
507411.984000,95.0,Ok,138.0,Ok,9152
507412.015000,92.0,Ok,134.0,Ok,9153
507412.078000,92.0,Ok,134.0,Ok,9154
507412.125000,97.0,Ok,136.0,Ok,9155
507412.171000,95.0,Ok,135.0,Ok,9156
507412.218000,93.0,Ok,139.0,Ok,9157
507412.281000,95.0,Ok,140.0,Ok,9158
507412.328000,96.0,Ok,137.0,Ok,9159
507412.375000,96.0,Ok,133.0,Ok,9160
507412.421000,95.0,Ok,129.0,Ok,9161
507412.468000,93.0,Ok,126.0,Ok,9162
507412.515000,95.0,Ok,127.0,Ok,9163
507412.578000,94.0,Ok,127.0,Ok,9164
507412.625000,93.0,Ok,127.0,Ok,9165
507412.671000,93.0,Ok,127.0,Ok,9166
507412.718000,92.0,Ok,128.0,Ok,9167
507412.781000,96.0,Ok,127.0,Ok,9168
507412.828000,91.0,Ok,131.0,Ok,9169
507412.859000,99.0,Ok,128.0,Ok,9170
507412.921000,97.0,Ok,130.0,Ok,9171
507412.968000,97.0,Ok,133.0,Ok,9172
507413.015000,97.0,Ok,131.0,Ok,9173
507413.078000,97.0,Ok,113.0,Ok,9174
507413.125000,97.0,Ok,115.0,Ok,9175
507413.171000,97.0,Ok,112.0,Ok,9176
507413.218000,98.0,Ok,107.0,Ok,9177
507413.281000,100.0,Ok,79.0,Ok,9178
507413.328000,98.0,Ok,69.0,Ok,9179
507413.375000,103.0,Ok,61.0,Ok,9180
507413.421000,107.0,Ok,54.0,Ok,9181
507413.468000,104.0,Ok,50.0,Ok,9182
507413.515000,104.0,Ok,51.0,Ok,9183
507413.562000,104.0,Ok,54.0,Ok,9184
507413.625000,109.0,Ok,67.0,Ok,9185
507413.671000,107.0,Ok,62.0,Ok,9186
507413.718000,108.0,Ok,78.0,Ok,9187
507413.781000,111.0,Ok,80.0,Ok,9188
507413.828000,111.0,Ok,86.0,Ok,9189
507413.875000,112.0,Ok,89.0,Ok,9190
507413.921000,110.0,Ok,85.0,Ok,9191
507413.968000,113.0,Ok,95.0,Ok,9192
507414.031000,113.0,Ok,88.0,Ok,9193
507414.078000,114.0,Ok,90.0,Ok,9194
507414.125000,114.0,Ok,86.0,Ok,9195
507414.171000,113.0,Ok,88.0,Ok,9196
507414.218000,114.0,Ok,88.0,Ok,9197
507414.281000,111.0,Ok,83.0,Ok,9198
507414.312000,109.0,Ok,87.0,Ok,9199
507414.375000,110.0,Ok,90.0,Ok,9200
507414.421000,112.0,Ok,90.0,Ok,9201
507414.484000,111.0,Ok,89.0,Ok,9202
507414.531000,112.0,Ok,84.0,Ok,9203
507414.562000,110.0,Ok,85.0,Ok,9204
507414.625000,113.0,Ok,90.0,Ok,9205
507414.671000,114.0,Ok,86.0,Ok,9206
507414.718000,113.0,Ok,81.0,Ok,9207
507414.781000,112.0,Ok,86.0,Ok,9208
507414.828000,111.0,Ok,84.0,Ok,9209
507414.875000,112.0,Ok,82.0,Ok,9210
507414.921000,110.0,Ok,84.0,Ok,9211
507414.968000,112.0,Ok,81.0,Ok,9212
507415.046000,111.0,Ok,81.0,Ok,9213
507415.078000,114.0,Ok,82.0,Ok,9214
507415.109000,114.0,Ok,83.0,Ok,9215
507415.171000,112.0,Ok,82.0,Ok,9216
507415.234000,109.0,Ok,84.0,Ok,9217
507415.281000,111.0,Ok,83.0,Ok,9218
507415.328000,112.0,Ok,86.0,Ok,9219
507415.375000,111.0,Ok,83.0,Ok,9220
507415.421000,110.0,Ok,85.0,Ok,9221
507415.468000,109.0,Ok,84.0,Ok,9222
507415.531000,110.0,Ok,85.0,Ok,9223
507415.578000,109.0,Ok,85.0,Ok,9224
507415.625000,109.0,Ok,84.0,Ok,9225
507415.671000,112.0,Ok,84.0,Ok,9226
507415.718000,110.0,Ok,83.0,Ok,9227
507415.781000,112.0,Ok,84.0,Ok,9228
507415.828000,112.0,Ok,83.0,Ok,9229
507415.875000,110.0,Ok,82.0,Ok,9230
507415.921000,112.0,Ok,82.0,Ok,9231
507415.968000,109.0,Ok,83.0,Ok,9232
507416.015000,113.0,Ok,84.0,Ok,9233
507416.078000,110.0,Ok,82.0,Ok,9234
507416.125000,112.0,Ok,81.0,Ok,9235
507416.171000,113.0,Ok,82.0,Ok,9236
507416.218000,115.0,Ok,82.0,Ok,9237
507416.265000,110.0,Ok,81.0,Ok,9238
507416.312000,112.0,Ok,83.0,Ok,9239
507416.375000,111.0,Ok,77.0,Ok,9240
507416.421000,114.0,Ok,78.0,Ok,9241
507416.468000,111.0,Ok,76.0,Ok,9242
507416.531000,109.0,Ok,72.0,Ok,9243
507416.562000,112.0,Ok,75.0,Ok,9244
507416.609000,113.0,Ok,72.0,Ok,9245
507416.656000,111.0,Ok,84.0,Ok,9246
507416.718000,113.0,Ok,90.0,Ok,9247
507416.765000,104.0,Ok,91.0,Ok,9248
507416.812000,103.0,Ok,95.0,Ok,9249
507416.875000,104.0,Ok,100.0,Ok,9250
507416.921000,106.0,Ok,110.0,Ok,9251
507416.968000,101.0,Ok,74.0,Ok,9252
507417.031000,96.0,Ok,93.0,Ok,9253
507417.078000,99.0,Ok,92.0,Ok,9254
507417.125000,98.0,Ok,87.0,Ok,9255
507417.171000,89.0,Ok,87.0,Ok,9256
507417.234000,88.0,Ok,87.0,Ok,9257
507417.281000,84.0,Ok,84.0,Ok,9258
507417.328000,88.0,Ok,90.0,Ok,9259
507417.375000,82.0,Ok,91.0,Ok,9260
507417.421000,122.0,Ok,86.0,Ok,9261
507417.468000,83.0,Ok,92.0,Ok,9262
507417.531000,106.0,Ok,95.0,Ok,9263
507417.562000,112.0,Ok,92.0,Ok,9264
507417.625000,95.0,Ok,93.0,Ok,9265
507417.671000,117.0,Ok,89.0,Ok,9266
507417.718000,111.0,Ok,89.0,Ok,9267
507417.781000,96.0,Ok,90.0,Ok,9268
507417.828000,107.0,Ok,95.0,Ok,9269
507417.875000,103.0,Ok,90.0,Ok,9270
507417.921000,108.0,Ok,92.0,Ok,9271
507417.968000,108.0,Ok,92.0,Ok,9272
507418.031000,99.0,Ok,92.0,Ok,9273
507418.078000,99.0,Ok,92.0,Ok,9274
507418.125000,84.0,Ok,92.0,Ok,9275
507418.171000,89.0,Ok,92.0,Ok,9276
507418.218000,94.0,Ok,90.0,Ok,9277
507418.281000,92.0,Ok,93.0,Ok,9278
507418.312000,87.0,Ok,92.0,Ok,9279
507418.359000,92.0,Ok,92.0,Ok,9280
507418.406000,88.0,Ok,93.0,Ok,9281
507418.484000,104.0,Ok,93.0,Ok,9282
507418.531000,82.0,Ok,95.0,Ok,9283
507418.578000,83.0,Ok,96.0,Ok,9284
507418.625000,107.0,Ok,98.0,Ok,9285
507418.671000,110.0,Ok,89.0,Ok,9286
507418.718000,109.0,Ok,84.0,Ok,9287
507418.765000,96.0,Ok,86.0,Ok,9288
507418.828000,95.0,Ok,81.0,Ok,9289
507418.859000,100.0,Ok,84.0,Ok,9290
507418.921000,95.0,Ok,77.0,Ok,9291
507418.968000,102.0,Ok,79.0,Ok,9292
507419.015000,102.0,Ok,81.0,Ok,9293
507419.062000,107.0,Ok,82.0,Ok,9294
507419.140000,105.0,Ok,91.0,Ok,9295
507419.171000,105.0,Ok,88.0,Ok,9296
507419.218000,105.0,Ok,83.0,Ok,9297
507419.281000,107.0,Ok,81.0,Ok,9298
507419.328000,99.0,Ok,76.0,Ok,9299
507419.375000,96.0,Ok,84.0,Ok,9300
507419.421000,104.0,Ok,80.0,Ok,9301
507419.468000,102.0,Ok,84.0,Ok,9302
507419.515000,101.0,Ok,79.0,Ok,9303
507419.578000,99.0,Ok,77.0,Ok,9304
507419.625000,98.0,Ok,77.0,Ok,9305
507419.671000,99.0,Ok,82.0,Ok,9306
507419.718000,101.0,Ok,82.0,Ok,9307
507419.765000,90.0,Ok,84.0,Ok,9308
507419.828000,97.0,Ok,88.0,Ok,9309
507419.859000,98.0,Ok,81.0,Ok,9310
507419.921000,103.0,Ok,75.0,Ok,9311
507419.968000,107.0,Ok,81.0,Ok,9312
507420.031000,94.0,Ok,84.0,Ok,9313
507420.078000,97.0,Ok,90.0,Ok,9314
507420.125000,96.0,Ok,89.0,Ok,9315
507420.171000,98.0,Ok,79.0,Ok,9316
507420.218000,93.0,Ok,80.0,Ok,9317
507420.281000,97.0,Ok,81.0,Ok,9318
507420.312000,101.0,Ok,86.0,Ok,9319
507420.375000,114.0,Ok,90.0,Ok,9320
507420.421000,93.0,Ok,83.0,Ok,9321
507420.484000,95.0,Ok,85.0,Ok,9322
507420.531000,99.0,Ok,81.0,Ok,9323
507420.578000,102.0,Ok,85.0,Ok,9324
507420.625000,107.0,Ok,78.0,Ok,9325
507420.671000,110.0,Ok,80.0,Ok,9326
507420.718000,98.0,Ok,88.0,Ok,9327
507420.781000,102.0,Ok,81.0,Ok,9328
507420.828000,102.0,Ok,84.0,Ok,9329
507420.875000,99.0,Ok,87.0,Ok,9330
507420.921000,94.0,Ok,86.0,Ok,9331
507420.968000,100.0,Ok,81.0,Ok,9332
507421.015000,102.0,Ok,84.0,Ok,9333
507421.078000,100.0,Ok,85.0,Ok,9334
507421.125000,108.0,Ok,82.0,Ok,9335
507421.171000,104.0,Ok,84.0,Ok,9336
507421.218000,99.0,Ok,86.0,Ok,9337
507421.281000,99.0,Ok,86.0,Ok,9338
507421.312000,104.0,Ok,87.0,Ok,9339
507421.375000,91.0,Ok,75.0,Ok,9340
507421.421000,95.0,Ok,83.0,Ok,9341
507421.468000,86.0,Ok,84.0,Ok,9342
507421.515000,92.0,Ok,82.0,Ok,9343
507421.578000,92.0,Ok,84.0,Ok,9344
507421.625000,85.0,Ok,88.0,Ok,9345
507421.671000,77.0,Ok,88.0,Ok,9346
507421.718000,74.0,Ok,84.0,Ok,9347
507421.781000,79.0,Ok,83.0,Ok,9348
507421.828000,81.0,Ok,89.0,Ok,9349
507421.859000,102.0,Ok,82.0,Ok,9350
507421.921000,98.0,Ok,81.0,Ok,9351
507421.968000,100.0,Ok,80.0,Ok,9352
507422.015000,84.0,Ok,88.0,Ok,9353
507422.062000,106.0,Ok,87.0,Ok,9354
507422.125000,106.0,Ok,88.0,Ok,9355
507422.171000,105.0,Ok,77.0,Ok,9356
507422.218000,86.0,Ok,85.0,Ok,9357
507422.281000,93.0,Ok,83.0,Ok,9358
507422.328000,92.0,Ok,86.0,Ok,9359
507422.375000,75.0,Ok,84.0,Ok,9360
507422.421000,110.0,Ok,84.0,Ok,9361
507422.468000,95.0,Ok,80.0,Ok,9362
507422.531000,92.0,Ok,77.0,Ok,9363
507422.578000,95.0,Ok,89.0,Ok,9364
507422.625000,98.0,Ok,84.0,Ok,9365
507422.671000,100.0,Ok,84.0,Ok,9366
507422.718000,95.0,Ok,82.0,Ok,9367
507422.765000,89.0,Ok,81.0,Ok,9368
507422.812000,92.0,Ok,81.0,Ok,9369
507422.875000,91.0,Ok,74.0,Ok,9370
507422.921000,92.0,Ok,81.0,Ok,9371
507422.968000,87.0,Ok,78.0,Ok,9372
507423.015000,87.0,Ok,80.0,Ok,9373
507423.078000,97.0,Ok,89.0,Ok,9374
507423.125000,97.0,Ok,86.0,Ok,9375
507423.171000,97.0,Ok,89.0,Ok,9376
507423.218000,94.0,Ok,74.0,Ok,9377
507423.281000,93.0,Ok,84.0,Ok,9378
507423.328000,90.0,Ok,76.0,Ok,9379
507423.375000,96.0,Ok,71.0,Ok,9380
507423.421000,98.0,Ok,77.0,Ok,9381
507423.468000,97.0,Ok,80.0,Ok,9382
507423.531000,92.0,Ok,80.0,Ok,9383
507423.578000,94.0,Ok,87.0,Ok,9384
507423.625000,101.0,Ok,73.0,Ok,9385
507423.671000,99.0,Ok,85.0,Ok,9386
507423.718000,96.0,Ok,84.0,Ok,9387
507423.781000,92.0,Ok,77.0,Ok,9388
507423.828000,98.0,Ok,75.0,Ok,9389
507423.875000,91.0,Ok,85.0,Ok,9390
507423.921000,93.0,Ok,84.0,Ok,9391
507423.968000,99.0,Ok,80.0,Ok,9392
507424.031000,102.0,Ok,71.0,Ok,9393
507424.078000,103.0,Ok,77.0,Ok,9394
507424.125000,96.0,Ok,84.0,Ok,9395
507424.171000,92.0,Ok,72.0,Ok,9396
507424.234000,93.0,Ok,84.0,Ok,9397
507424.281000,93.0,Ok,81.0,Ok,9398
507424.328000,102.0,Ok,83.0,Ok,9399
507424.375000,97.0,Ok,86.0,Ok,9400
507424.406000,97.0,Ok,82.0,Ok,9401
507424.468000,102.0,Ok,69.0,Ok,9402
507424.515000,99.0,Ok,77.0,Ok,9403
507424.593000,89.0,Ok,85.0,Ok,9404
507424.625000,98.0,Ok,82.0,Ok,9405
507424.656000,105.0,Ok,84.0,Ok,9406
507424.718000,97.0,Ok,82.0,Ok,9407
507424.781000,91.0,Ok,81.0,Ok,9408
507424.828000,101.0,Ok,70.0,Ok,9409
507424.875000,99.0,Ok,72.0,Ok,9410
507424.921000,88.0,Ok,80.0,Ok,9411
507424.968000,91.0,Ok,83.0,Ok,9412
507425.015000,104.0,Ok,74.0,Ok,9413
507425.078000,100.0,Ok,82.0,Ok,9414
507425.125000,90.0,Ok,84.0,Ok,9415
507425.171000,91.0,Ok,70.0,Ok,9416
507425.218000,94.0,Ok,68.0,Ok,9417
507425.281000,94.0,Ok,83.0,Ok,9418
507425.328000,92.0,Ok,80.0,Ok,9419
507425.375000,93.0,Ok,78.0,Ok,9420
507425.421000,103.0,Ok,77.0,Ok,9421
507425.468000,101.0,Ok,79.0,Ok,9422
507425.515000,93.0,Ok,82.0,Ok,9423
507425.578000,96.0,Ok,77.0,Ok,9424
507425.625000,99.0,Ok,73.0,Ok,9425
507425.671000,110.0,Ok,75.0,Ok,9426
507425.718000,120.0,Ok,76.0,Ok,9427
507425.765000,110.0,Ok,78.0,Ok,9428
507425.812000,110.0,Ok,77.0,Ok,9429
507425.875000,104.0,Ok,77.0,Ok,9430
507425.921000,100.0,Ok,84.0,Ok,9431
507425.968000,103.0,Ok,72.0,Ok,9432
507426.015000,96.0,Ok,61.0,Ok,9433
507426.078000,120.0,Ok,79.0,Ok,9434
507426.125000,122.0,Ok,81.0,Ok,9435
507426.171000,108.0,Ok,83.0,Ok,9436
507426.218000,106.0,Ok,88.0,Ok,9437
507426.265000,110.0,Ok,84.0,Ok,9438
507426.328000,100.0,Ok,80.0,Ok,9439
507426.375000,105.0,Ok,69.0,Ok,9440
507426.421000,100.0,Ok,72.0,Ok,9441
507426.484000,99.0,Ok,76.0,Ok,9442
507426.531000,98.0,Ok,87.0,Ok,9443
507426.578000,97.0,Ok,88.0,Ok,9444
507426.625000,101.0,Ok,86.0,Ok,9445
507426.671000,98.0,Ok,88.0,Ok,9446
507426.734000,111.0,Ok,84.0,Ok,9447
507426.781000,113.0,Ok,78.0,Ok,9448
507426.828000,97.0,Ok,92.0,Ok,9449
507426.875000,95.0,Ok,79.0,Ok,9450
507426.921000,99.0,Ok,88.0,Ok,9451
507426.968000,101.0,Ok,86.0,Ok,9452
507427.015000,95.0,Ok,86.0,Ok,9453
507427.062000,104.0,Ok,80.0,Ok,9454
507427.125000,94.0,Ok,75.0,Ok,9455
507427.156000,84.0,Ok,88.0,Ok,9456
507427.234000,98.0,Ok,81.0,Ok,9457
507427.281000,93.0,Ok,85.0,Ok,9458
507427.328000,98.0,Ok,81.0,Ok,9459
507427.375000,97.0,Ok,81.0,Ok,9460
507427.421000,95.0,Ok,88.0,Ok,9461
507427.468000,94.0,Ok,88.0,Ok,9462
507427.515000,95.0,Ok,76.0,Ok,9463
507427.578000,92.0,Ok,83.0,Ok,9464
507427.625000,97.0,Ok,77.0,Ok,9465
507427.671000,93.0,Ok,78.0,Ok,9466
507427.718000,91.0,Ok,87.0,Ok,9467
507427.781000,90.0,Ok,82.0,Ok,9468
507427.828000,93.0,Ok,89.0,Ok,9469
507427.875000,92.0,Ok,89.0,Ok,9470
507427.921000,96.0,Ok,81.0,Ok,9471
507427.968000,94.0,Ok,81.0,Ok,9472
507428.015000,95.0,Ok,84.0,Ok,9473
507428.078000,90.0,Ok,82.0,Ok,9474
507428.125000,100.0,Ok,82.0,Ok,9475
507428.171000,91.0,Ok,83.0,Ok,9476
507428.218000,97.0,Ok,87.0,Ok,9477
507428.281000,95.0,Ok,83.0,Ok,9478
507428.328000,95.0,Ok,84.0,Ok,9479
507428.375000,92.0,Ok,80.0,Ok,9480
507428.421000,95.0,Ok,81.0,Ok,9481
507428.468000,101.0,Ok,83.0,Ok,9482
507428.515000,106.0,Ok,81.0,Ok,9483
507428.578000,106.0,Ok,85.0,Ok,9484
507428.625000,95.0,Ok,84.0,Ok,9485
507428.671000,100.0,Ok,76.0,Ok,9486
507428.718000,102.0,Ok,73.0,Ok,9487
507428.765000,99.0,Ok,86.0,Ok,9488
507428.828000,96.0,Ok,72.0,Ok,9489
507428.875000,108.0,Ok,78.0,Ok,9490
507428.921000,109.0,Ok,80.0,Ok,9491
507428.968000,100.0,Ok,78.0,Ok,9492
507429.031000,99.0,Ok,88.0,Ok,9493
507429.078000,99.0,Ok,80.0,Ok,9494
507429.125000,94.0,Ok,82.0,Ok,9495
507429.171000,101.0,Ok,86.0,Ok,9496
507429.218000,109.0,Ok,81.0,Ok,9497
507429.281000,102.0,Ok,79.0,Ok,9498
507429.328000,94.0,Ok,83.0,Ok,9499
507429.375000,105.0,Ok,74.0,Ok,9500
507429.421000,98.0,Ok,84.0,Ok,9501
507429.468000,94.0,Ok,77.0,Ok,9502
507429.531000,102.0,Ok,86.0,Ok,9503
507429.578000,98.0,Ok,85.0,Ok,9504
507429.625000,103.0,Ok,81.0,Ok,9505
507429.671000,108.0,Ok,83.0,Ok,9506
507429.718000,97.0,Ok,85.0,Ok,9507
507429.781000,99.0,Ok,85.0,Ok,9508
507429.828000,101.0,Ok,86.0,Ok,9509
507429.875000,94.0,Ok,86.0,Ok,9510
507429.921000,106.0,Ok,80.0,Ok,9511
507429.968000,95.0,Ok,84.0,Ok,9512
507430.046000,102.0,Ok,89.0,Ok,9513
507430.078000,98.0,Ok,88.0,Ok,9514
507430.125000,85.0,Ok,80.0,Ok,9515
507430.171000,77.0,Ok,78.0,Ok,9516
507430.218000,92.0,Ok,84.0,Ok,9517
507430.265000,84.0,Ok,83.0,Ok,9518
507430.328000,103.0,Ok,84.0,Ok,9519
507430.375000,100.0,Ok,87.0,Ok,9520
507430.421000,100.0,Ok,81.0,Ok,9521
507430.468000,106.0,Ok,87.0,Ok,9522
507430.531000,95.0,Ok,83.0,Ok,9523
507430.562000,97.0,Ok,76.0,Ok,9524
507430.625000,105.0,Ok,86.0,Ok,9525
507430.671000,104.0,Ok,85.0,Ok,9526
507430.718000,97.0,Ok,84.0,Ok,9527
507430.765000,104.0,Ok,75.0,Ok,9528
507430.828000,105.0,Ok,83.0,Ok,9529
507430.875000,99.0,Ok,83.0,Ok,9530
507430.921000,100.0,Ok,84.0,Ok,9531
507430.968000,103.0,Ok,84.0,Ok,9532
507431.031000,104.0,Ok,84.0,Ok,9533
507431.062000,103.0,Ok,84.0,Ok,9534
507431.125000,101.0,Ok,78.0,Ok,9535
507431.171000,98.0,Ok,81.0,Ok,9536
507431.218000,99.0,Ok,80.0,Ok,9537
507431.265000,97.0,Ok,77.0,Ok,9538
507431.328000,98.0,Ok,71.0,Ok,9539
507431.375000,94.0,Ok,78.0,Ok,9540
507431.421000,104.0,Ok,78.0,Ok,9541
507431.468000,95.0,Ok,82.0,Ok,9542
507431.531000,99.0,Ok,84.0,Ok,9543
507431.578000,103.0,Ok,84.0,Ok,9544
507431.625000,102.0,Ok,80.0,Ok,9545
507431.671000,102.0,Ok,81.0,Ok,9546
507431.718000,93.0,Ok,79.0,Ok,9547
507431.765000,97.0,Ok,81.0,Ok,9548
507431.812000,96.0,Ok,80.0,Ok,9549
507431.859000,98.0,Ok,81.0,Ok,9550
507431.921000,98.0,Ok,69.0,Ok,9551
507431.968000,97.0,Ok,77.0,Ok,9552
507432.015000,97.0,Ok,80.0,Ok,9553
507432.062000,97.0,Ok,81.0,Ok,9554
507432.125000,101.0,Ok,81.0,Ok,9555
507432.171000,100.0,Ok,83.0,Ok,9556
507432.218000,101.0,Ok,83.0,Ok,9557
507432.281000,102.0,Ok,77.0,Ok,9558
507432.328000,93.0,Ok,78.0,Ok,9559
507432.375000,103.0,Ok,76.0,Ok,9560
507432.421000,100.0,Ok,84.0,Ok,9561
507432.484000,99.0,Ok,73.0,Ok,9562
507432.531000,102.0,Ok,72.0,Ok,9563
507432.578000,101.0,Ok,75.0,Ok,9564
507432.625000,99.0,Ok,69.0,Ok,9565
507432.671000,98.0,Ok,79.0,Ok,9566
507432.718000,99.0,Ok,73.0,Ok,9567
507432.812000,100.0,Ok,69.0,Ok,9568
507432.828000,99.0,Ok,76.0,Ok,9569
507432.875000,89.0,Ok,81.0,Ok,9570
507432.921000,97.0,Ok,81.0,Ok,9571
507432.968000,100.0,Ok,77.0,Ok,9572
507433.031000,99.0,Ok,83.0,Ok,9573
507433.078000,102.0,Ok,79.0,Ok,9574
507433.125000,100.0,Ok,88.0,Ok,9575
507433.171000,100.0,Ok,80.0,Ok,9576
507433.218000,99.0,Ok,80.0,Ok,9577
507433.281000,89.0,Ok,77.0,Ok,9578
507433.328000,92.0,Ok,76.0,Ok,9579
507433.375000,101.0,Ok,79.0,Ok,9580
507433.421000,95.0,Ok,70.0,Ok,9581
507433.468000,99.0,Ok,75.0,Ok,9582
507433.515000,99.0,Ok,80.0,Ok,9583
507433.578000,95.0,Ok,84.0,Ok,9584
507433.609000,100.0,Ok,80.0,Ok,9585
507433.671000,94.0,Ok,84.0,Ok,9586
507433.718000,98.0,Ok,76.0,Ok,9587
507433.781000,101.0,Ok,78.0,Ok,9588
507433.812000,101.0,Ok,79.0,Ok,9589
507433.875000,99.0,Ok,83.0,Ok,9590
507433.921000,99.0,Ok,83.0,Ok,9591
507433.968000,102.0,Ok,81.0,Ok,9592
507434.031000,99.0,Ok,66.0,Ok,9593
507434.078000,99.0,Ok,72.0,Ok,9594
507434.140000,98.0,Ok,73.0,Ok,9595
507434.171000,91.0,Ok,77.0,Ok,9596
507434.218000,91.0,Ok,76.0,Ok,9597
507434.281000,99.0,Ok,84.0,Ok,9598
507434.328000,103.0,Ok,72.0,Ok,9599
507434.375000,98.0,Ok,73.0,Ok,9600
507434.421000,98.0,Ok,78.0,Ok,9601
507434.468000,99.0,Ok,79.0,Ok,9602
507434.515000,97.0,Ok,80.0,Ok,9603
507434.578000,100.0,Ok,83.0,Ok,9604
507434.609000,99.0,Ok,73.0,Ok,9605
507434.671000,102.0,Ok,71.0,Ok,9606
507434.718000,98.0,Ok,77.0,Ok,9607
507434.781000,98.0,Ok,77.0,Ok,9608
507434.828000,98.0,Ok,68.0,Ok,9609
507434.875000,100.0,Ok,82.0,Ok,9610
507434.921000,99.0,Ok,70.0,Ok,9611
507434.968000,99.0,Ok,70.0,Ok,9612
507435.031000,98.0,Ok,78.0,Ok,9613
507435.062000,97.0,Ok,79.0,Ok,9614
507435.125000,98.0,Ok,79.0,Ok,9615
507435.171000,100.0,Ok,84.0,Ok,9616
507435.218000,99.0,Ok,76.0,Ok,9617
507435.265000,98.0,Ok,75.0,Ok,9618
507435.328000,98.0,Ok,79.0,Ok,9619
507435.375000,98.0,Ok,76.0,Ok,9620
507435.421000,102.0,Ok,76.0,Ok,9621
507435.500000,101.0,Ok,77.0,Ok,9622
507435.531000,96.0,Ok,83.0,Ok,9623
507435.578000,101.0,Ok,73.0,Ok,9624
507435.609000,99.0,Ok,79.0,Ok,9625
507435.671000,99.0,Ok,79.0,Ok,9626
507435.718000,99.0,Ok,82.0,Ok,9627
507435.781000,98.0,Ok,80.0,Ok,9628
507435.828000,99.0,Ok,83.0,Ok,9629
507435.875000,99.0,Ok,81.0,Ok,9630
507435.921000,102.0,Ok,55.0,Ok,9631
507435.968000,95.0,Ok,77.0,Ok,9632
507436.031000,98.0,Ok,82.0,Ok,9633
507436.078000,99.0,Ok,84.0,Ok,9634
507436.125000,102.0,Ok,84.0,Ok,9635
507436.171000,101.0,Ok,84.0,Ok,9636
507436.218000,99.0,Ok,85.0,Ok,9637
507436.281000,97.0,Ok,84.0,Ok,9638
507436.312000,100.0,Ok,77.0,Ok,9639
507436.375000,102.0,Ok,77.0,Ok,9640
507436.421000,100.0,Ok,83.0,Ok,9641
507436.468000,95.0,Ok,83.0,Ok,9642
507436.531000,99.0,Ok,85.0,Ok,9643
507436.578000,94.0,Ok,81.0,Ok,9644
507436.625000,94.0,Ok,73.0,Ok,9645
507436.671000,96.0,Ok,80.0,Ok,9646
507436.718000,94.0,Ok,88.0,Ok,9647
507436.781000,103.0,Ok,85.0,Ok,9648
507436.828000,105.0,Ok,83.0,Ok,9649
507436.875000,102.0,Ok,86.0,Ok,9650
507436.921000,99.0,Ok,88.0,Ok,9651
507436.968000,98.0,Ok,84.0,Ok,9652
507437.031000,98.0,Ok,82.0,Ok,9653
507437.062000,98.0,Ok,80.0,Ok,9654
507437.125000,100.0,Ok,77.0,Ok,9655
507437.171000,92.0,Ok,81.0,Ok,9656
507437.218000,97.0,Ok,83.0,Ok,9657
507437.265000,102.0,Ok,80.0,Ok,9658
507437.312000,101.0,Ok,87.0,Ok,9659
507437.375000,101.0,Ok,84.0,Ok,9660
507437.421000,101.0,Ok,84.0,Ok,9661
507437.468000,101.0,Ok,84.0,Ok,9662
507437.515000,99.0,Ok,86.0,Ok,9663
507437.578000,104.0,Ok,83.0,Ok,9664
507437.625000,99.0,Ok,82.0,Ok,9665
507437.656000,99.0,Ok,84.0,Ok,9666
507437.734000,100.0,Ok,82.0,Ok,9667
507437.781000,100.0,Ok,78.0,Ok,9668
507437.828000,99.0,Ok,76.0,Ok,9669
507437.859000,94.0,Ok,76.0,Ok,9670
507437.921000,102.0,Ok,80.0,Ok,9671
507437.968000,98.0,Ok,87.0,Ok,9672
507438.031000,100.0,Ok,86.0,Ok,9673
507438.062000,99.0,Ok,85.0,Ok,9674
507438.125000,98.0,Ok,85.0,Ok,9675
507438.171000,96.0,Ok,85.0,Ok,9676
507438.218000,95.0,Ok,83.0,Ok,9677
507438.281000,89.0,Ok,82.0,Ok,9678
507438.312000,96.0,Ok,83.0,Ok,9679
507438.375000,96.0,Ok,85.0,Ok,9680
507438.421000,94.0,Ok,72.0,Ok,9681
507438.468000,94.0,Ok,80.0,Ok,9682
507438.515000,93.0,Ok,84.0,Ok,9683
507438.578000,104.0,Ok,87.0,Ok,9684
507438.625000,99.0,Ok,87.0,Ok,9685
507438.671000,99.0,Ok,86.0,Ok,9686
507438.718000,101.0,Ok,86.0,Ok,9687
507438.765000,102.0,Ok,86.0,Ok,9688
507438.828000,97.0,Ok,80.0,Ok,9689
507438.875000,92.0,Ok,83.0,Ok,9690
507438.921000,94.0,Ok,79.0,Ok,9691
507438.984000,104.0,Ok,82.0,Ok,9692
507439.031000,97.0,Ok,82.0,Ok,9693
507439.062000,98.0,Ok,78.0,Ok,9694
507439.125000,97.0,Ok,87.0,Ok,9695
507439.171000,96.0,Ok,79.0,Ok,9696
507439.218000,99.0,Ok,85.0,Ok,9697
507439.281000,95.0,Ok,85.0,Ok,9698
507439.328000,101.0,Ok,84.0,Ok,9699
507439.375000,100.0,Ok,84.0,Ok,9700
507439.421000,91.0,Ok,85.0,Ok,9701
507439.468000,98.0,Ok,72.0,Ok,9702
507439.515000,91.0,Ok,86.0,Ok,9703
507439.593000,95.0,Ok,79.0,Ok,9704
507439.625000,92.0,Ok,87.0,Ok,9705
507439.671000,97.0,Ok,83.0,Ok,9706
507439.718000,96.0,Ok,78.0,Ok,9707
507439.781000,93.0,Ok,81.0,Ok,9708
507439.828000,94.0,Ok,76.0,Ok,9709
507439.875000,95.0,Ok,77.0,Ok,9710
507439.921000,104.0,Ok,83.0,Ok,9711
507439.968000,101.0,Ok,84.0,Ok,9712
507440.015000,98.0,Ok,90.0,Ok,9713
507440.062000,100.0,Ok,61.0,Ok,9714
507440.125000,92.0,Ok,84.0,Ok,9715
507440.171000,99.0,Ok,75.0,Ok,9716
507440.218000,103.0,Ok,79.0,Ok,9717
507440.265000,99.0,Ok,81.0,Ok,9718
507440.328000,98.0,Ok,79.0,Ok,9719
507440.375000,99.0,Ok,77.0,Ok,9720
507440.421000,98.0,Ok,71.0,Ok,9721
507440.468000,98.0,Ok,80.0,Ok,9722
507440.531000,101.0,Ok,75.0,Ok,9723
507440.578000,109.0,Ok,80.0,Ok,9724
507440.625000,107.0,Ok,77.0,Ok,9725
507440.671000,99.0,Ok,75.0,Ok,9726
507440.718000,100.0,Ok,79.0,Ok,9727
507440.781000,101.0,Ok,76.0,Ok,9728
507440.828000,100.0,Ok,75.0,Ok,9729
507440.875000,100.0,Ok,78.0,Ok,9730
507440.937000,95.0,Ok,77.0,Ok,9731
507440.968000,97.0,Ok,69.0,Ok,9732
507441.015000,100.0,Ok,77.0,Ok,9733
507441.078000,96.0,Ok,76.0,Ok,9734
507441.125000,96.0,Ok,84.0,Ok,9735
507441.171000,96.0,Ok,83.0,Ok,9736
507441.218000,97.0,Ok,82.0,Ok,9737
507441.281000,105.0,Ok,80.0,Ok,9738
507441.328000,98.0,Ok,73.0,Ok,9739
507441.375000,106.0,Ok,76.0,Ok,9740
507441.421000,95.0,Ok,77.0,Ok,9741
507441.468000,97.0,Ok,69.0,Ok,9742
507441.515000,98.0,Ok,75.0,Ok,9743
507441.578000,105.0,Ok,80.0,Ok,9744
507441.625000,98.0,Ok,84.0,Ok,9745
507441.671000,108.0,Ok,81.0,Ok,9746
507441.718000,99.0,Ok,82.0,Ok,9747
507441.781000,108.0,Ok,82.0,Ok,9748
507441.828000,102.0,Ok,80.0,Ok,9749
507441.875000,105.0,Ok,82.0,Ok,9750
507441.921000,105.0,Ok,79.0,Ok,9751
507441.968000,108.0,Ok,81.0,Ok,9752
507442.031000,95.0,Ok,79.0,Ok,9753
507442.078000,93.0,Ok,79.0,Ok,9754
507442.109000,94.0,Ok,75.0,Ok,9755
507442.156000,99.0,Ok,88.0,Ok,9756
507442.218000,95.0,Ok,84.0,Ok,9757
507442.281000,94.0,Ok,81.0,Ok,9758
507442.328000,90.0,Ok,86.0,Ok,9759
507442.375000,91.0,Ok,81.0,Ok,9760
507442.421000,98.0,Ok,73.0,Ok,9761
507442.468000,98.0,Ok,72.0,Ok,9762
507442.515000,97.0,Ok,77.0,Ok,9763
507442.562000,99.0,Ok,81.0,Ok,9764
507442.625000,90.0,Ok,77.0,Ok,9765
507442.671000,89.0,Ok,78.0,Ok,9766
507442.718000,88.0,Ok,79.0,Ok,9767
507442.781000,97.0,Ok,83.0,Ok,9768
507442.828000,99.0,Ok,80.0,Ok,9769
507442.875000,96.0,Ok,80.0,Ok,9770
507442.921000,96.0,Ok,81.0,Ok,9771
507442.968000,100.0,Ok,81.0,Ok,9772
507443.031000,92.0,Ok,81.0,Ok,9773
507443.078000,102.0,Ok,82.0,Ok,9774
507443.125000,99.0,Ok,73.0,Ok,9775
507443.171000,102.0,Ok,81.0,Ok,9776
507443.218000,93.0,Ok,78.0,Ok,9777
507443.281000,99.0,Ok,77.0,Ok,9778
507443.328000,101.0,Ok,89.0,Ok,9779
507443.375000,97.0,Ok,82.0,Ok,9780
507443.421000,94.0,Ok,80.0,Ok,9781
507443.468000,96.0,Ok,82.0,Ok,9782
507443.531000,114.0,Ok,79.0,Ok,9783
507443.578000,112.0,Ok,78.0,Ok,9784
507443.609000,84.0,Ok,72.0,Ok,9785
507443.671000,105.0,Ok,75.0,Ok,9786
507443.718000,92.0,Ok,80.0,Ok,9787
507443.765000,94.0,Ok,76.0,Ok,9788
507443.812000,100.0,Ok,78.0,Ok,9789
507443.875000,95.0,Ok,76.0,Ok,9790
507443.921000,94.0,Ok,74.0,Ok,9791
507443.968000,97.0,Ok,74.0,Ok,9792
507444.015000,90.0,Ok,73.0,Ok,9793
507444.078000,94.0,Ok,76.0,Ok,9794
507444.125000,92.0,Ok,81.0,Ok,9795
507444.171000,106.0,Ok,78.0,Ok,9796
507444.218000,95.0,Ok,79.0,Ok,9797
507444.281000,96.0,Ok,82.0,Ok,9798
507444.328000,95.0,Ok,76.0,Ok,9799
507444.375000,101.0,Ok,76.0,Ok,9800
507444.421000,96.0,Ok,90.0,Ok,9801
507444.468000,97.0,Ok,82.0,Ok,9802
507444.531000,97.0,Ok,85.0,Ok,9803
507444.578000,105.0,Ok,81.0,Ok,9804
507444.625000,94.0,Ok,79.0,Ok,9805
507444.671000,99.0,Ok,83.0,Ok,9806
507444.718000,92.0,Ok,77.0,Ok,9807
507444.781000,97.0,Ok,88.0,Ok,9808
507444.828000,100.0,Ok,83.0,Ok,9809
507444.875000,105.0,Ok,79.0,Ok,9810
507444.921000,97.0,Ok,82.0,Ok,9811
507444.968000,104.0,Ok,76.0,Ok,9812
507445.031000,96.0,Ok,79.0,Ok,9813
507445.062000,93.0,Ok,78.0,Ok,9814
507445.109000,98.0,Ok,79.0,Ok,9815
507445.171000,96.0,Ok,80.0,Ok,9816
507445.234000,103.0,Ok,77.0,Ok,9817
507445.281000,96.0,Ok,76.0,Ok,9818
507445.328000,100.0,Ok,81.0,Ok,9819
507445.375000,99.0,Ok,80.0,Ok,9820
507445.421000,106.0,Ok,78.0,Ok,9821
507445.484000,97.0,Ok,77.0,Ok,9822
507445.531000,98.0,Ok,78.0,Ok,9823
507445.578000,92.0,Ok,77.0,Ok,9824
507445.625000,92.0,Ok,81.0,Ok,9825
507445.671000,98.0,Ok,77.0,Ok,9826
507445.718000,95.0,Ok,75.0,Ok,9827
507445.765000,95.0,Ok,82.0,Ok,9828
507445.828000,102.0,Ok,80.0,Ok,9829
507445.875000,95.0,Ok,87.0,Ok,9830
507445.921000,100.0,Ok,89.0,Ok,9831
507445.984000,99.0,Ok,83.0,Ok,9832
507446.031000,100.0,Ok,80.0,Ok,9833
507446.078000,97.0,Ok,82.0,Ok,9834
507446.125000,95.0,Ok,79.0,Ok,9835
507446.171000,102.0,Ok,80.0,Ok,9836
507446.218000,98.0,Ok,84.0,Ok,9837
507446.281000,95.0,Ok,85.0,Ok,9838
507446.312000,98.0,Ok,86.0,Ok,9839
507446.359000,104.0,Ok,81.0,Ok,9840
507446.421000,94.0,Ok,78.0,Ok,9841
507446.468000,94.0,Ok,73.0,Ok,9842
507446.531000,100.0,Ok,90.0,Ok,9843
507446.562000,102.0,Ok,93.0,Ok,9844
507446.625000,109.0,Ok,77.0,Ok,9845
507446.671000,102.0,Ok,76.0,Ok,9846
507446.718000,114.0,Ok,73.0,Ok,9847
507446.781000,100.0,Ok,77.0,Ok,9848
507446.828000,99.0,Ok,80.0,Ok,9849
507446.875000,97.0,Ok,84.0,Ok,9850
507446.921000,96.0,Ok,77.0,Ok,9851
507446.968000,100.0,Ok,87.0,Ok,9852
507447.031000,96.0,Ok,77.0,Ok,9853
507447.062000,94.0,Ok,78.0,Ok,9854
507447.125000,95.0,Ok,79.0,Ok,9855
507447.171000,101.0,Ok,75.0,Ok,9856
507447.218000,100.0,Ok,83.0,Ok,9857
507447.265000,94.0,Ok,83.0,Ok,9858
507447.328000,91.0,Ok,81.0,Ok,9859
507447.375000,94.0,Ok,81.0,Ok,9860
507447.421000,95.0,Ok,81.0,Ok,9861
507447.468000,95.0,Ok,79.0,Ok,9862
507447.531000,99.0,Ok,78.0,Ok,9863
507447.578000,95.0,Ok,77.0,Ok,9864
507447.625000,99.0,Ok,77.0,Ok,9865
507447.671000,95.0,Ok,78.0,Ok,9866
507447.718000,95.0,Ok,79.0,Ok,9867
507447.781000,99.0,Ok,84.0,Ok,9868
507447.828000,96.0,Ok,89.0,Ok,9869
507447.875000,93.0,Ok,75.0,Ok,9870
507447.921000,103.0,Ok,95.0,Ok,9871
507447.968000,117.0,Ok,91.0,Ok,9872
507448.031000,97.0,Ok,93.0,Ok,9873
507448.078000,109.0,Ok,94.0,Ok,9874
507448.125000,108.0,Ok,84.0,Ok,9875
507448.171000,86.0,Ok,78.0,Ok,9876
507448.218000,98.0,Ok,85.0,Ok,9877
507448.265000,98.0,Ok,89.0,Ok,9878
507448.328000,100.0,Ok,94.0,Ok,9879
507448.375000,97.0,Ok,94.0,Ok,9880
507448.421000,99.0,Ok,88.0,Ok,9881
507448.468000,96.0,Ok,79.0,Ok,9882
507448.515000,99.0,Ok,82.0,Ok,9883
507448.578000,99.0,Ok,92.0,Ok,9884
507448.625000,98.0,Ok,92.0,Ok,9885
507448.671000,96.0,Ok,86.0,Ok,9886
507448.718000,98.0,Ok,84.0,Ok,9887
507448.781000,96.0,Ok,81.0,Ok,9888
507448.812000,93.0,Ok,89.0,Ok,9889
507448.875000,93.0,Ok,87.0,Ok,9890
507448.921000,93.0,Ok,85.0,Ok,9891
507448.968000,106.0,Ok,91.0,Ok,9892
507449.015000,97.0,Ok,88.0,Ok,9893
507449.062000,97.0,Ok,87.0,Ok,9894
507449.125000,100.0,Ok,82.0,Ok,9895
507449.171000,97.0,Ok,86.0,Ok,9896
507449.218000,94.0,Ok,90.0,Ok,9897
507449.281000,99.0,Ok,90.0,Ok,9898
507449.328000,98.0,Ok,93.0,Ok,9899
507449.375000,97.0,Ok,91.0,Ok,9900
507449.421000,99.0,Ok,86.0,Ok,9901
507449.468000,98.0,Ok,86.0,Ok,9902
507449.531000,97.0,Ok,89.0,Ok,9903
507449.578000,96.0,Ok,86.0,Ok,9904
507449.625000,102.0,Ok,85.0,Ok,9905
507449.671000,103.0,Ok,83.0,Ok,9906
507449.718000,93.0,Ok,90.0,Ok,9907
507449.765000,92.0,Ok,83.0,Ok,9908
507449.812000,103.0,Ok,81.0,Ok,9909
507449.875000,105.0,Ok,86.0,Ok,9910
507449.921000,95.0,Ok,81.0,Ok,9911
507449.968000,102.0,Ok,81.0,Ok,9912
507450.031000,99.0,Ok,86.0,Ok,9913
507450.078000,96.0,Ok,88.0,Ok,9914
507450.125000,95.0,Ok,86.0,Ok,9915
507450.171000,93.0,Ok,86.0,Ok,9916
507450.218000,95.0,Ok,83.0,Ok,9917
507450.265000,101.0,Ok,85.0,Ok,9918
507450.328000,104.0,Ok,85.0,Ok,9919
507450.375000,101.0,Ok,86.0,Ok,9920
507450.421000,93.0,Ok,85.0,Ok,9921
507450.500000,96.0,Ok,91.0,Ok,9922
507450.531000,99.0,Ok,87.0,Ok,9923
507450.578000,94.0,Ok,84.0,Ok,9924
507450.625000,103.0,Ok,87.0,Ok,9925
507450.671000,97.0,Ok,87.0,Ok,9926
507450.718000,96.0,Ok,89.0,Ok,9927
507450.781000,99.0,Ok,85.0,Ok,9928
507450.828000,96.0,Ok,83.0,Ok,9929
507450.875000,98.0,Ok,88.0,Ok,9930
507450.921000,99.0,Ok,87.0,Ok,9931
507450.968000,92.0,Ok,81.0,Ok,9932
507451.015000,98.0,Ok,78.0,Ok,9933
507451.078000,97.0,Ok,87.0,Ok,9934
507451.125000,95.0,Ok,84.0,Ok,9935
507451.171000,98.0,Ok,84.0,Ok,9936
507451.218000,104.0,Ok,79.0,Ok,9937
507451.281000,103.0,Ok,89.0,Ok,9938
507451.328000,100.0,Ok,85.0,Ok,9939
507451.375000,102.0,Ok,82.0,Ok,9940
507451.421000,105.0,Ok,88.0,Ok,9941
507451.468000,93.0,Ok,84.0,Ok,9942
507451.531000,99.0,Ok,89.0,Ok,9943
507451.578000,97.0,Ok,86.0,Ok,9944
507451.625000,94.0,Ok,84.0,Ok,9945
507451.671000,98.0,Ok,83.0,Ok,9946
507451.718000,97.0,Ok,77.0,Ok,9947
507451.781000,95.0,Ok,75.0,Ok,9948
507451.828000,97.0,Ok,87.0,Ok,9949
507451.875000,102.0,Ok,80.0,Ok,9950
507451.921000,100.0,Ok,83.0,Ok,9951
507451.968000,101.0,Ok,83.0,Ok,9952
507452.031000,99.0,Ok,85.0,Ok,9953
507452.078000,103.0,Ok,80.0,Ok,9954
507452.125000,99.0,Ok,86.0,Ok,9955
507452.171000,97.0,Ok,87.0,Ok,9956
507452.218000,95.0,Ok,89.0,Ok,9957
507452.281000,94.0,Ok,84.0,Ok,9958
507452.328000,80.0,Ok,89.0,Ok,9959
507452.375000,88.0,Ok,88.0,Ok,9960
507452.421000,90.0,Ok,84.0,Ok,9961
507452.468000,101.0,Ok,82.0,Ok,9962
507452.531000,104.0,Ok,87.0,Ok,9963
507452.578000,102.0,Ok,88.0,Ok,9964
507452.625000,99.0,Ok,88.0,Ok,9965
507452.671000,97.0,Ok,86.0,Ok,9966
507452.718000,90.0,Ok,89.0,Ok,9967
507452.781000,102.0,Ok,77.0,Ok,9968
507452.828000,97.0,Ok,77.0,Ok,9969
507452.875000,94.0,Ok,77.0,Ok,9970
507452.921000,98.0,Ok,78.0,Ok,9971
507452.968000,99.0,Ok,84.0,Ok,9972
507453.031000,101.0,Ok,78.0,Ok,9973
507453.078000,104.0,Ok,79.0,Ok,9974
507453.125000,82.0,Ok,87.0,Ok,9975
507453.171000,105.0,Ok,90.0,Ok,9976
507453.234000,84.0,Ok,87.0,Ok,9977
507453.265000,94.0,Ok,87.0,Ok,9978
507453.328000,99.0,Ok,87.0,Ok,9979
507453.375000,101.0,Ok,89.0,Ok,9980
507453.421000,95.0,Ok,76.0,Ok,9981
507453.468000,100.0,Ok,85.0,Ok,9982
507453.531000,102.0,Ok,90.0,Ok,9983
507453.578000,101.0,Ok,82.0,Ok,9984
507453.625000,95.0,Ok,84.0,Ok,9985
507453.671000,102.0,Ok,77.0,Ok,9986
507453.718000,99.0,Ok,86.0,Ok,9987
507453.781000,97.0,Ok,89.0,Ok,9988
507453.812000,99.0,Ok,87.0,Ok,9989
507453.875000,97.0,Ok,88.0,Ok,9990
507453.921000,102.0,Ok,90.0,Ok,9991
507453.968000,95.0,Ok,81.0,Ok,9992
507454.031000,98.0,Ok,86.0,Ok,9993
507454.078000,93.0,Ok,86.0,Ok,9994
507454.125000,93.0,Ok,86.0,Ok,9995
507454.171000,95.0,Ok,75.0,Ok,9996
507454.218000,95.0,Ok,80.0,Ok,9997
507454.281000,93.0,Ok,80.0,Ok,9998
507454.328000,100.0,Ok,88.0,Ok,9999
507454.375000,94.0,Ok,88.0,Ok,10000
507454.421000,95.0,Ok,85.0,Ok,10001
507454.468000,93.0,Ok,86.0,Ok,10002
507454.515000,99.0,Ok,82.0,Ok,10003
507454.578000,94.0,Ok,83.0,Ok,10004
507454.625000,95.0,Ok,77.0,Ok,10005
507454.671000,95.0,Ok,89.0,Ok,10006
507454.718000,97.0,Ok,75.0,Ok,10007
507454.765000,99.0,Ok,88.0,Ok,10008
507454.812000,97.0,Ok,81.0,Ok,10009
507454.875000,94.0,Ok,76.0,Ok,10010
507454.921000,96.0,Ok,80.0,Ok,10011
507454.968000,95.0,Ok,84.0,Ok,10012
507455.031000,100.0,Ok,85.0,Ok,10013
507455.078000,101.0,Ok,88.0,Ok,10014
507455.125000,102.0,Ok,88.0,Ok,10015
507455.171000,103.0,Ok,84.0,Ok,10016
507455.218000,91.0,Ok,82.0,Ok,10017
507455.281000,100.0,Ok,84.0,Ok,10018
507455.328000,95.0,Ok,74.0,Ok,10019
507455.375000,89.0,Ok,69.0,Ok,10020
507455.421000,99.0,Ok,86.0,Ok,10021
507455.468000,99.0,Ok,72.0,Ok,10022
507455.515000,100.0,Ok,84.0,Ok,10023
507455.562000,101.0,Ok,74.0,Ok,10024
507455.609000,101.0,Ok,83.0,Ok,10025
507455.671000,93.0,Ok,87.0,Ok,10026
507455.718000,100.0,Ok,88.0,Ok,10027
507455.765000,101.0,Ok,88.0,Ok,10028
507455.828000,104.0,Ok,89.0,Ok,10029
507455.859000,94.0,Ok,82.0,Ok,10030
507455.937000,95.0,Ok,82.0,Ok,10031
507455.968000,100.0,Ok,87.0,Ok,10032
507456.031000,101.0,Ok,73.0,Ok,10033
507456.078000,92.0,Ok,77.0,Ok,10034
507456.109000,99.0,Ok,71.0,Ok,10035
507456.171000,100.0,Ok,81.0,Ok,10036
507456.218000,102.0,Ok,71.0,Ok,10037
507456.265000,93.0,Ok,80.0,Ok,10038
507456.312000,102.0,Ok,80.0,Ok,10039
507456.375000,100.0,Ok,86.0,Ok,10040
507456.406000,100.0,Ok,81.0,Ok,10041
507456.468000,100.0,Ok,87.0,Ok,10042
507456.515000,99.0,Ok,79.0,Ok,10043
507456.578000,102.0,Ok,79.0,Ok,10044
507456.625000,94.0,Ok,81.0,Ok,10045
507456.671000,101.0,Ok,82.0,Ok,10046
507456.718000,101.0,Ok,83.0,Ok,10047
507456.781000,100.0,Ok,83.0,Ok,10048
507456.812000,99.0,Ok,73.0,Ok,10049
507456.875000,99.0,Ok,88.0,Ok,10050
507456.921000,98.0,Ok,78.0,Ok,10051
507456.968000,100.0,Ok,79.0,Ok,10052
507457.031000,100.0,Ok,81.0,Ok,10053
507457.078000,98.0,Ok,85.0,Ok,10054
507457.125000,91.0,Ok,86.0,Ok,10055
507457.171000,99.0,Ok,87.0,Ok,10056
507457.218000,99.0,Ok,89.0,Ok,10057
507457.265000,99.0,Ok,85.0,Ok,10058
507457.328000,99.0,Ok,77.0,Ok,10059
507457.359000,99.0,Ok,74.0,Ok,10060
507457.421000,101.0,Ok,86.0,Ok,10061
507457.468000,92.0,Ok,79.0,Ok,10062
507457.531000,96.0,Ok,78.0,Ok,10063
507457.562000,94.0,Ok,78.0,Ok,10064
507457.625000,90.0,Ok,78.0,Ok,10065
507457.671000,93.0,Ok,82.0,Ok,10066
507457.718000,93.0,Ok,84.0,Ok,10067
507457.765000,100.0,Ok,87.0,Ok,10068
507457.828000,94.0,Ok,89.0,Ok,10069
507457.875000,95.0,Ok,85.0,Ok,10070
507457.921000,94.0,Ok,82.0,Ok,10071
507457.968000,95.0,Ok,74.0,Ok,10072
507458.031000,98.0,Ok,88.0,Ok,10073
507458.062000,96.0,Ok,74.0,Ok,10074
507458.109000,83.0,Ok,84.0,Ok,10075
507458.171000,96.0,Ok,81.0,Ok,10076
507458.218000,97.0,Ok,79.0,Ok,10077
507458.281000,90.0,Ok,81.0,Ok,10078
507458.328000,99.0,Ok,91.0,Ok,10079
507458.375000,100.0,Ok,90.0,Ok,10080
507458.421000,96.0,Ok,89.0,Ok,10081
507458.468000,98.0,Ok,92.0,Ok,10082
507458.515000,96.0,Ok,84.0,Ok,10083
507458.562000,96.0,Ok,83.0,Ok,10084
507458.625000,92.0,Ok,79.0,Ok,10085
507458.671000,97.0,Ok,83.0,Ok,10086
507458.718000,90.0,Ok,84.0,Ok,10087
507458.765000,100.0,Ok,84.0,Ok,10088
507458.812000,81.0,Ok,84.0,Ok,10089
507458.859000,96.0,Ok,80.0,Ok,10090
507458.921000,98.0,Ok,86.0,Ok,10091
507458.968000,95.0,Ok,91.0,Ok,10092
507459.015000,99.0,Ok,90.0,Ok,10093
507459.078000,96.0,Ok,87.0,Ok,10094
507459.125000,99.0,Ok,84.0,Ok,10095
507459.171000,93.0,Ok,85.0,Ok,10096
507459.218000,99.0,Ok,83.0,Ok,10097
507459.281000,99.0,Ok,86.0,Ok,10098
507459.328000,92.0,Ok,83.0,Ok,10099
507459.375000,94.0,Ok,88.0,Ok,10100
507459.421000,98.0,Ok,77.0,Ok,10101
507459.453000,93.0,Ok,85.0,Ok,10102
507459.531000,102.0,Ok,84.0,Ok,10103
507459.578000,95.0,Ok,93.0,Ok,10104
507459.625000,98.0,Ok,86.0,Ok,10105
507459.671000,99.0,Ok,88.0,Ok,10106
507459.718000,98.0,Ok,88.0,Ok,10107
507459.781000,99.0,Ok,88.0,Ok,10108
507459.828000,100.0,Ok,85.0,Ok,10109
507459.875000,93.0,Ok,79.0,Ok,10110
507459.921000,95.0,Ok,84.0,Ok,10111
507459.968000,99.0,Ok,72.0,Ok,10112
507460.031000,94.0,Ok,87.0,Ok,10113
507460.078000,95.0,Ok,78.0,Ok,10114
507460.125000,96.0,Ok,91.0,Ok,10115
507460.171000,100.0,Ok,85.0,Ok,10116
507460.218000,101.0,Ok,84.0,Ok,10117
507460.281000,90.0,Ok,82.0,Ok,10118
507460.328000,96.0,Ok,89.0,Ok,10119
507460.375000,100.0,Ok,86.0,Ok,10120
507460.421000,98.0,Ok,88.0,Ok,10121
507460.484000,98.0,Ok,87.0,Ok,10122
507460.531000,102.0,Ok,89.0,Ok,10123
507460.578000,100.0,Ok,72.0,Ok,10124
507460.625000,99.0,Ok,81.0,Ok,10125
507460.671000,101.0,Ok,89.0,Ok,10126
507460.718000,88.0,Ok,82.0,Ok,10127
507460.765000,84.0,Ok,82.0,Ok,10128
507460.828000,95.0,Ok,84.0,Ok,10129
507460.875000,105.0,Ok,81.0,Ok,10130
507460.921000,97.0,Ok,84.0,Ok,10131
507460.968000,99.0,Ok,86.0,Ok,10132
507461.015000,96.0,Ok,87.0,Ok,10133
507461.078000,92.0,Ok,84.0,Ok,10134
507461.125000,95.0,Ok,79.0,Ok,10135
507461.171000,96.0,Ok,84.0,Ok,10136
507461.218000,92.0,Ok,79.0,Ok,10137
507461.265000,95.0,Ok,80.0,Ok,10138
507461.328000,94.0,Ok,79.0,Ok,10139
507461.375000,97.0,Ok,81.0,Ok,10140
507461.421000,105.0,Ok,79.0,Ok,10141
507461.468000,102.0,Ok,84.0,Ok,10142
507461.531000,97.0,Ok,85.0,Ok,10143
507461.578000,98.0,Ok,86.0,Ok,10144
507461.625000,97.0,Ok,83.0,Ok,10145
507461.671000,97.0,Ok,80.0,Ok,10146
507461.718000,99.0,Ok,84.0,Ok,10147
507461.781000,103.0,Ok,84.0,Ok,10148
507461.828000,100.0,Ok,82.0,Ok,10149
507461.875000,94.0,Ok,81.0,Ok,10150
507461.921000,90.0,Ok,84.0,Ok,10151
507461.968000,96.0,Ok,80.0,Ok,10152
507462.015000,93.0,Ok,80.0,Ok,10153
507462.062000,95.0,Ok,85.0,Ok,10154
507462.109000,96.0,Ok,86.0,Ok,10155
507462.156000,89.0,Ok,92.0,Ok,10156
507462.218000,91.0,Ok,91.0,Ok,10157
507462.281000,92.0,Ok,74.0,Ok,10158
507462.328000,98.0,Ok,84.0,Ok,10159
507462.375000,100.0,Ok,81.0,Ok,10160
507462.421000,92.0,Ok,72.0,Ok,10161
507462.468000,103.0,Ok,80.0,Ok,10162
507462.515000,98.0,Ok,78.0,Ok,10163
507462.578000,97.0,Ok,79.0,Ok,10164
507462.625000,96.0,Ok,84.0,Ok,10165
507462.671000,94.0,Ok,81.0,Ok,10166
507462.718000,99.0,Ok,75.0,Ok,10167
507462.765000,97.0,Ok,83.0,Ok,10168
507462.812000,99.0,Ok,78.0,Ok,10169
507462.859000,96.0,Ok,82.0,Ok,10170
507462.921000,95.0,Ok,76.0,Ok,10171
507462.968000,91.0,Ok,79.0,Ok,10172
507463.031000,92.0,Ok,78.0,Ok,10173
507463.078000,99.0,Ok,82.0,Ok,10174
507463.125000,99.0,Ok,77.0,Ok,10175
507463.171000,92.0,Ok,77.0,Ok,10176
507463.218000,94.0,Ok,82.0,Ok,10177
507463.281000,101.0,Ok,81.0,Ok,10178
507463.328000,96.0,Ok,81.0,Ok,10179
507463.375000,95.0,Ok,82.0,Ok,10180
507463.421000,98.0,Ok,82.0,Ok,10181
507463.468000,93.0,Ok,80.0,Ok,10182
507463.531000,98.0,Ok,77.0,Ok,10183
507463.578000,100.0,Ok,78.0,Ok,10184
507463.625000,95.0,Ok,77.0,Ok,10185
507463.671000,98.0,Ok,79.0,Ok,10186
507463.734000,103.0,Ok,77.0,Ok,10187
507463.781000,94.0,Ok,77.0,Ok,10188
507463.828000,95.0,Ok,81.0,Ok,10189
507463.875000,99.0,Ok,84.0,Ok,10190
507463.921000,99.0,Ok,81.0,Ok,10191
507463.968000,97.0,Ok,81.0,Ok,10192
507464.015000,99.0,Ok,78.0,Ok,10193
507464.078000,98.0,Ok,81.0,Ok,10194
507464.125000,99.0,Ok,77.0,Ok,10195
507464.171000,99.0,Ok,79.0,Ok,10196
507464.218000,100.0,Ok,77.0,Ok,10197
507464.281000,97.0,Ok,86.0,Ok,10198
507464.328000,99.0,Ok,79.0,Ok,10199
507464.375000,98.0,Ok,81.0,Ok,10200
507464.421000,96.0,Ok,79.0,Ok,10201
507464.468000,99.0,Ok,81.0,Ok,10202
507464.515000,101.0,Ok,87.0,Ok,10203
507464.578000,98.0,Ok,81.0,Ok,10204
507464.625000,98.0,Ok,82.0,Ok,10205
507464.671000,98.0,Ok,89.0,Ok,10206
507464.718000,102.0,Ok,81.0,Ok,10207
507464.781000,96.0,Ok,78.0,Ok,10208
507464.828000,101.0,Ok,77.0,Ok,10209
507464.859000,99.0,Ok,79.0,Ok,10210
507464.906000,99.0,Ok,84.0,Ok,10211
507464.968000,99.0,Ok,81.0,Ok,10212
507465.015000,97.0,Ok,81.0,Ok,10213
507465.078000,98.0,Ok,83.0,Ok,10214
507465.125000,97.0,Ok,81.0,Ok,10215
507465.171000,99.0,Ok,92.0,Ok,10216
507465.218000,96.0,Ok,87.0,Ok,10217
507465.265000,91.0,Ok,90.0,Ok,10218
507465.328000,102.0,Ok,88.0,Ok,10219
507465.375000,99.0,Ok,92.0,Ok,10220
507465.421000,95.0,Ok,94.0,Ok,10221
507465.468000,100.0,Ok,99.0,Ok,10222
507465.515000,96.0,Ok,93.0,Ok,10223
507465.562000,99.0,Ok,90.0,Ok,10224
507465.625000,93.0,Ok,97.0,Ok,10225
507465.671000,104.0,Ok,95.0,Ok,10226
507465.718000,93.0,Ok,103.0,Ok,10227
507465.765000,91.0,Ok,102.0,Ok,10228
507465.828000,91.0,Ok,101.0,Ok,10229
507465.875000,93.0,Ok,99.0,Ok,10230
507465.921000,101.0,Ok,101.0,Ok,10231
507465.968000,99.0,Ok,96.0,Ok,10232
507466.031000,96.0,Ok,95.0,Ok,10233
507466.062000,103.0,Ok,98.0,Ok,10234
507466.125000,99.0,Ok,101.0,Ok,10235
507466.171000,101.0,Ok,102.0,Ok,10236
507466.218000,109.0,Ok,104.0,Ok,10237
507466.281000,104.0,Ok,94.0,Ok,10238
507466.328000,101.0,Ok,98.0,Ok,10239
507466.375000,102.0,Ok,99.0,Ok,10240
507466.421000,104.0,Ok,92.0,Ok,10241
507466.468000,108.0,Ok,98.0,Ok,10242
507466.515000,99.0,Ok,99.0,Ok,10243
507466.562000,101.0,Ok,96.0,Ok,10244
507466.609000,97.0,Ok,97.0,Ok,10245
507466.671000,99.0,Ok,92.0,Ok,10246
507466.734000,99.0,Ok,80.0,Ok,10247
507466.781000,100.0,Ok,75.0,Ok,10248
507466.828000,99.0,Ok,74.0,Ok,10249
507466.875000,102.0,Ok,65.0,Ok,10250
507466.921000,111.0,Ok,105.0,Ok,10251
507466.968000,105.0,Ok,68.0,Ok,10252
507467.015000,107.0,Ok,67.0,Ok,10253
507467.062000,107.0,Ok,71.0,Ok,10254
507467.109000,108.0,Ok,56.0,Ok,10255
507467.171000,106.0,Ok,58.0,Ok,10256
507467.218000,105.0,Ok,67.0,Ok,10257
507467.281000,106.0,Ok,70.0,Ok,10258
507467.328000,105.0,Ok,71.0,Ok,10259
507467.375000,101.0,Ok,82.0,Ok,10260
507467.421000,107.0,Ok,84.0,Ok,10261
507467.468000,106.0,Ok,95.0,Ok,10262
507467.515000,104.0,Ok,98.0,Ok,10263
507467.562000,105.0,Ok,98.0,Ok,10264
507467.625000,100.0,Ok,107.0,Ok,10265
507467.671000,104.0,Ok,108.0,Ok,10266
507467.718000,100.0,Ok,105.0,Ok,10267
507467.781000,102.0,Ok,107.0,Ok,10268
507467.812000,95.0,Ok,107.0,Ok,10269
507467.875000,98.0,Ok,107.0,Ok,10270
507467.921000,98.0,Ok,105.0,Ok,10271
507467.968000,96.0,Ok,108.0,Ok,10272
507468.015000,97.0,Ok,107.0,Ok,10273
507468.078000,97.0,Ok,106.0,Ok,10274
507468.125000,95.0,Ok,105.0,Ok,10275
507468.171000,96.0,Ok,105.0,Ok,10276
507468.218000,101.0,Ok,104.0,Ok,10277
507468.281000,105.0,Ok,104.0,Ok,10278
507468.312000,100.0,Ok,103.0,Ok,10279
507468.375000,97.0,Ok,101.0,Ok,10280
507468.421000,99.0,Ok,104.0,Ok,10281
507468.468000,96.0,Ok,99.0,Ok,10282
507468.515000,98.0,Ok,101.0,Ok,10283
507468.562000,97.0,Ok,99.0,Ok,10284
507468.625000,99.0,Ok,101.0,Ok,10285
507468.671000,99.0,Ok,101.0,Ok,10286
507468.718000,100.0,Ok,103.0,Ok,10287
507468.781000,102.0,Ok,101.0,Ok,10288
507468.828000,98.0,Ok,97.0,Ok,10289
507468.875000,97.0,Ok,98.0,Ok,10290
507468.921000,95.0,Ok,101.0,Ok,10291
507468.968000,95.0,Ok,105.0,Ok,10292
507469.031000,97.0,Ok,104.0,Ok,10293
507469.078000,91.0,Ok,103.0,Ok,10294
507469.125000,96.0,Ok,103.0,Ok,10295
507469.171000,96.0,Ok,106.0,Ok,10296
507469.218000,96.0,Ok,103.0,Ok,10297
507469.281000,96.0,Ok,104.0,Ok,10298
507469.328000,93.0,Ok,104.0,Ok,10299
507469.375000,97.0,Ok,103.0,Ok,10300
507469.421000,97.0,Ok,104.0,Ok,10301
507469.468000,98.0,Ok,105.0,Ok,10302
507469.515000,98.0,Ok,104.0,Ok,10303
507469.578000,97.0,Ok,102.0,Ok,10304
507469.609000,97.0,Ok,103.0,Ok,10305
507469.671000,96.0,Ok,103.0,Ok,10306
507469.718000,97.0,Ok,104.0,Ok,10307
507469.781000,99.0,Ok,104.0,Ok,10308
507469.828000,97.0,Ok,102.0,Ok,10309
507469.875000,96.0,Ok,103.0,Ok,10310
507469.921000,97.0,Ok,103.0,Ok,10311
507469.968000,100.0,Ok,104.0,Ok,10312
507470.031000,97.0,Ok,104.0,Ok,10313
507470.078000,100.0,Ok,105.0,Ok,10314
507470.125000,99.0,Ok,107.0,Ok,10315
507470.171000,99.0,Ok,106.0,Ok,10316
507470.218000,98.0,Ok,105.0,Ok,10317
507470.281000,97.0,Ok,105.0,Ok,10318
507470.312000,96.0,Ok,102.0,Ok,10319
507470.375000,97.0,Ok,108.0,Ok,10320
507470.421000,96.0,Ok,106.0,Ok,10321
507470.468000,93.0,Ok,99.0,Ok,10322
507470.531000,99.0,Ok,100.0,Ok,10323
507470.578000,95.0,Ok,101.0,Ok,10324
507470.625000,95.0,Ok,99.0,Ok,10325
507470.671000,97.0,Ok,100.0,Ok,10326
507470.718000,93.0,Ok,94.0,Ok,10327
507470.781000,98.0,Ok,97.0,Ok,10328
507470.828000,100.0,Ok,94.0,Ok,10329
507470.875000,98.0,Ok,100.0,Ok,10330
507470.953000,98.0,Ok,100.0,Ok,10331
507470.968000,99.0,Ok,107.0,Ok,10332
507471.031000,97.0,Ok,108.0,Ok,10333
507471.062000,98.0,Ok,99.0,Ok,10334
507471.125000,102.0,Ok,107.0,Ok,10335
507471.171000,92.0,Ok,106.0,Ok,10336
507471.218000,95.0,Ok,107.0,Ok,10337
507471.281000,99.0,Ok,105.0,Ok,10338
507471.328000,96.0,Ok,108.0,Ok,10339
507471.375000,96.0,Ok,107.0,Ok,10340
507471.421000,98.0,Ok,106.0,Ok,10341
507471.468000,98.0,Ok,107.0,Ok,10342
507471.515000,94.0,Ok,107.0,Ok,10343
507471.578000,101.0,Ok,102.0,Ok,10344
507471.625000,132.0,Ok,105.0,Ok,10345
507471.671000,83.0,Ok,105.0,Ok,10346
507471.718000,90.0,Ok,101.0,Ok,10347
507471.765000,99.0,Ok,99.0,Ok,10348
507471.828000,79.0,Ok,98.0,Ok,10349
507471.875000,106.0,Ok,105.0,Ok,10350
507471.921000,90.0,Ok,106.0,Ok,10351
507471.968000,86.0,Ok,101.0,Ok,10352
507472.031000,97.0,Ok,105.0,Ok,10353
507472.078000,97.0,Ok,107.0,Ok,10354
507472.125000,96.0,Ok,99.0,Ok,10355
507472.171000,102.0,Ok,107.0,Ok,10356
507472.218000,114.0,Ok,99.0,Ok,10357
507472.281000,116.0,Ok,105.0,Ok,10358
507472.328000,100.0,Ok,101.0,Ok,10359
507472.375000,77.0,Ok,102.0,Ok,10360
507472.421000,64.0,Ok,101.0,Ok,10361
507472.468000,89.0,Ok,98.0,Ok,10362
507472.515000,100.0,Ok,97.0,Ok,10363
507472.578000,96.0,Ok,99.0,Ok,10364
507472.625000,103.0,Ok,102.0,Ok,10365
507472.671000,101.0,Ok,105.0,Ok,10366
507472.718000,99.0,Ok,106.0,Ok,10367
507472.765000,100.0,Ok,101.0,Ok,10368
507472.828000,99.0,Ok,105.0,Ok,10369
507472.875000,101.0,Ok,105.0,Ok,10370
507472.921000,103.0,Ok,102.0,Ok,10371
507472.968000,105.0,Ok,104.0,Ok,10372
507473.031000,100.0,Ok,108.0,Ok,10373
507473.062000,107.0,Ok,106.0,Ok,10374
507473.125000,108.0,Ok,105.0,Ok,10375
507473.171000,102.0,Ok,104.0,Ok,10376
507473.218000,99.0,Ok,97.0,Ok,10377
507473.281000,101.0,Ok,99.0,Ok,10378
507473.328000,99.0,Ok,100.0,Ok,10379
507473.375000,102.0,Ok,98.0,Ok,10380
507473.421000,97.0,Ok,103.0,Ok,10381
507473.468000,122.0,Ok,107.0,Ok,10382
507473.531000,118.0,Ok,106.0,Ok,10383
507473.578000,107.0,Ok,99.0,Ok,10384
507473.625000,92.0,Ok,109.0,Ok,10385
507473.671000,90.0,Ok,105.0,Ok,10386
507473.718000,88.0,Ok,102.0,Ok,10387
507473.781000,93.0,Ok,102.0,Ok,10388
507473.828000,99.0,Ok,107.0,Ok,10389
507473.875000,99.0,Ok,107.0,Ok,10390
507473.921000,96.0,Ok,107.0,Ok,10391
507473.968000,98.0,Ok,100.0,Ok,10392
507474.015000,98.0,Ok,105.0,Ok,10393
507474.078000,107.0,Ok,107.0,Ok,10394
507474.125000,115.0,Ok,104.0,Ok,10395
507474.171000,69.0,Ok,103.0,Ok,10396
507474.218000,71.0,Ok,105.0,Ok,10397
507474.265000,92.0,Ok,98.0,Ok,10398
507474.328000,104.0,Ok,98.0,Ok,10399
507474.375000,69.0,Ok,100.0,Ok,10400
507474.421000,73.0,Ok,104.0,Ok,10401
507474.468000,83.0,Ok,104.0,Ok,10402
507474.531000,86.0,Ok,98.0,Ok,10403
507474.578000,86.0,Ok,99.0,Ok,10404
507474.625000,86.0,Ok,99.0,Ok,10405
507474.671000,86.0,Ok,105.0,Ok,10406
507474.718000,84.0,Ok,107.0,Ok,10407
507474.765000,85.0,Ok,104.0,Ok,10408
507474.828000,90.0,Ok,102.0,Ok,10409
507474.875000,91.0,Ok,105.0,Ok,10410
507474.921000,89.0,Ok,100.0,Ok,10411
507474.968000,94.0,Ok,103.0,Ok,10412
507475.031000,97.0,Ok,101.0,Ok,10413
507475.062000,95.0,Ok,101.0,Ok,10414
507475.109000,96.0,Ok,101.0,Ok,10415
507475.171000,94.0,Ok,101.0,Ok,10416
507475.218000,94.0,Ok,99.0,Ok,10417
507475.265000,94.0,Ok,99.0,Ok,10418
507475.328000,98.0,Ok,97.0,Ok,10419
507475.375000,99.0,Ok,96.0,Ok,10420
507475.421000,97.0,Ok,94.0,Ok,10421
507475.468000,99.0,Ok,96.0,Ok,10422
507475.515000,97.0,Ok,96.0,Ok,10423
507475.578000,97.0,Ok,96.0,Ok,10424
507475.609000,98.0,Ok,92.0,Ok,10425
507475.671000,98.0,Ok,93.0,Ok,10426
507475.718000,97.0,Ok,96.0,Ok,10427
507475.781000,97.0,Ok,95.0,Ok,10428
507475.828000,97.0,Ok,98.0,Ok,10429
507475.875000,99.0,Ok,98.0,Ok,10430
507475.921000,99.0,Ok,94.0,Ok,10431
507475.968000,104.0,Ok,92.0,Ok,10432
507476.015000,106.0,Ok,92.0,Ok,10433
507476.062000,115.0,Ok,87.0,Ok,10434
507476.109000,125.0,Ok,95.0,Ok,10435
507476.171000,133.0,Ok,91.0,Ok,10436
507476.234000,142.0,Ok,96.0,Ok,10437
507476.281000,133.0,Ok,97.0,Ok,10438
507476.328000,140.0,Ok,94.0,Ok,10439
507476.406000,101.0,Ok,88.0,Ok,10440
507476.421000,92.0,Ok,88.0,Ok,10441
507476.468000,98.0,Ok,100.0,Ok,10442
507476.515000,94.0,Ok,95.0,Ok,10443
507476.578000,98.0,Ok,102.0,Ok,10444
507476.625000,95.0,Ok,101.0,Ok,10445
507476.671000,96.0,Ok,104.0,Ok,10446
507476.718000,89.0,Ok,101.0,Ok,10447
507476.765000,85.0,Ok,90.0,Ok,10448
507476.828000,85.0,Ok,88.0,Ok,10449
507476.875000,87.0,Ok,88.0,Ok,10450
507476.921000,88.0,Ok,91.0,Ok,10451
507476.968000,89.0,Ok,97.0,Ok,10452
507477.031000,92.0,Ok,102.0,Ok,10453
507477.078000,94.0,Ok,101.0,Ok,10454
507477.125000,94.0,Ok,99.0,Ok,10455
507477.171000,98.0,Ok,98.0,Ok,10456
507477.218000,95.0,Ok,101.0,Ok,10457
507477.281000,94.0,Ok,99.0,Ok,10458
507477.312000,91.0,Ok,99.0,Ok,10459
507477.375000,92.0,Ok,98.0,Ok,10460
507477.421000,93.0,Ok,100.0,Ok,10461
507477.468000,94.0,Ok,99.0,Ok,10462
507477.515000,89.0,Ok,99.0,Ok,10463
507477.562000,86.0,Ok,100.0,Ok,10464
507477.609000,86.0,Ok,103.0,Ok,10465
507477.671000,84.0,Ok,99.0,Ok,10466
507477.718000,87.0,Ok,107.0,Ok,10467
507477.765000,87.0,Ok,106.0,Ok,10468
507477.828000,86.0,Ok,106.0,Ok,10469
507477.875000,88.0,Ok,104.0,Ok,10470
507477.921000,88.0,Ok,111.0,Ok,10471
507477.968000,95.0,Ok,99.0,Ok,10472
507478.031000,101.0,Ok,101.0,Ok,10473
507478.078000,98.0,Ok,84.0,Ok,10474
507478.125000,95.0,Ok,88.0,Ok,10475
507478.156000,105.0,Ok,77.0,Ok,10476
507478.218000,102.0,Ok,67.0,Ok,10477
507478.281000,114.0,Ok,66.0,Ok,10478
507478.328000,113.0,Ok,80.0,Ok,10479
507478.375000,97.0,Ok,46.0,Ok,10480
507478.421000,100.0,Ok,63.0,Ok,10481
507478.468000,80.0,Ok,71.0,Ok,10482
507478.531000,103.0,Ok,62.0,Ok,10483
507478.578000,77.0,Ok,61.0,Ok,10484
507478.625000,137.0,Ok,65.0,Ok,10485
507478.671000,111.0,Ok,72.0,Ok,10486
507478.718000,97.0,Ok,78.0,Ok,10487
507478.781000,95.0,Ok,80.0,Ok,10488
507478.828000,94.0,Ok,98.0,Ok,10489
507478.875000,95.0,Ok,98.0,Ok,10490
507478.921000,93.0,Ok,101.0,Ok,10491
507478.968000,95.0,Ok,100.0,Ok,10492
507479.015000,96.0,Ok,99.0,Ok,10493
507479.078000,91.0,Ok,104.0,Ok,10494
507479.125000,97.0,Ok,99.0,Ok,10495
507479.171000,93.0,Ok,97.0,Ok,10496
507479.234000,93.0,Ok,103.0,Ok,10497
507479.281000,98.0,Ok,102.0,Ok,10498
507479.312000,93.0,Ok,99.0,Ok,10499
507479.375000,92.0,Ok,92.0,Ok,10500
507479.421000,87.0,Ok,91.0,Ok,10501
507479.468000,94.0,Ok,99.0,Ok,10502
507479.531000,92.0,Ok,99.0,Ok,10503
507479.562000,93.0,Ok,100.0,Ok,10504
507479.625000,96.0,Ok,99.0,Ok,10505
507479.671000,97.0,Ok,101.0,Ok,10506
507479.718000,95.0,Ok,96.0,Ok,10507
507479.765000,96.0,Ok,102.0,Ok,10508
507479.812000,99.0,Ok,101.0,Ok,10509
507479.859000,96.0,Ok,95.0,Ok,10510
507479.921000,92.0,Ok,96.0,Ok,10511
507479.968000,89.0,Ok,99.0,Ok,10512
507480.015000,95.0,Ok,101.0,Ok,10513
507480.062000,93.0,Ok,96.0,Ok,10514
507480.125000,93.0,Ok,98.0,Ok,10515
507480.171000,94.0,Ok,96.0,Ok,10516
507480.218000,95.0,Ok,101.0,Ok,10517
507480.265000,99.0,Ok,99.0,Ok,10518
507480.328000,103.0,Ok,102.0,Ok,10519
507480.359000,103.0,Ok,99.0,Ok,10520
507480.406000,100.0,Ok,100.0,Ok,10521
507480.484000,102.0,Ok,100.0,Ok,10522
507480.531000,101.0,Ok,99.0,Ok,10523
507480.578000,104.0,Ok,102.0,Ok,10524
507480.625000,101.0,Ok,99.0,Ok,10525
507480.671000,100.0,Ok,99.0,Ok,10526
507480.718000,103.0,Ok,99.0,Ok,10527
507480.781000,103.0,Ok,98.0,Ok,10528
507480.812000,103.0,Ok,100.0,Ok,10529
507480.859000,100.0,Ok,99.0,Ok,10530
507480.906000,103.0,Ok,99.0,Ok,10531
507480.968000,106.0,Ok,99.0,Ok,10532
507481.015000,104.0,Ok,99.0,Ok,10533
507481.078000,107.0,Ok,98.0,Ok,10534
507481.125000,102.0,Ok,99.0,Ok,10535
507481.171000,105.0,Ok,99.0,Ok,10536
507481.218000,103.0,Ok,97.0,Ok,10537
507481.281000,107.0,Ok,99.0,Ok,10538
507481.328000,107.0,Ok,100.0,Ok,10539
507481.375000,107.0,Ok,99.0,Ok,10540
507481.421000,109.0,Ok,99.0,Ok,10541
507481.468000,112.0,Ok,99.0,Ok,10542
507481.531000,107.0,Ok,100.0,Ok,10543
507481.578000,108.0,Ok,98.0,Ok,10544
507481.625000,107.0,Ok,100.0,Ok,10545
507481.671000,110.0,Ok,102.0,Ok,10546
507481.718000,109.0,Ok,97.0,Ok,10547
507481.765000,112.0,Ok,98.0,Ok,10548
507481.828000,109.0,Ok,102.0,Ok,10549
507481.875000,110.0,Ok,98.0,Ok,10550
507481.921000,105.0,Ok,98.0,Ok,10551
507481.968000,111.0,Ok,97.0,Ok,10552
507482.015000,113.0,Ok,101.0,Ok,10553
507482.078000,113.0,Ok,98.0,Ok,10554
507482.125000,116.0,Ok,98.0,Ok,10555
507482.171000,99.0,Ok,98.0,Ok,10556
507482.218000,120.0,Ok,99.0,Ok,10557
507482.281000,120.0,Ok,98.0,Ok,10558
507482.328000,119.0,Ok,99.0,Ok,10559
507482.375000,108.0,Ok,100.0,Ok,10560
507482.421000,119.0,Ok,100.0,Ok,10561
507482.468000,121.0,Ok,98.0,Ok,10562
507482.515000,119.0,Ok,99.0,Ok,10563
507482.578000,119.0,Ok,98.0,Ok,10564
507482.625000,108.0,Ok,99.0,Ok,10565
507482.671000,120.0,Ok,99.0,Ok,10566
507482.734000,110.0,Ok,100.0,Ok,10567
507482.781000,112.0,Ok,98.0,Ok,10568
507482.828000,125.0,Ok,99.0,Ok,10569
507482.875000,58.0,Ok,100.0,Ok,10570
507482.921000,89.0,Ok,99.0,Ok,10571
507482.968000,100.0,Ok,99.0,Ok,10572
507483.031000,78.0,Ok,99.0,Ok,10573
507483.078000,89.0,Ok,99.0,Ok,10574
507483.125000,122.0,Ok,100.0,Ok,10575
507483.171000,81.0,Ok,101.0,Ok,10576
507483.218000,69.0,Ok,99.0,Ok,10577
507483.265000,97.0,Ok,96.0,Ok,10578
507483.328000,66.0,Ok,99.0,Ok,10579
507483.375000,81.0,Ok,99.0,Ok,10580
507483.421000,91.0,Ok,100.0,Ok,10581
507483.468000,117.0,Ok,99.0,Ok,10582
507483.531000,77.0,Ok,97.0,Ok,10583
507483.578000,71.0,Ok,99.0,Ok,10584
507483.625000,53.0,Ok,99.0,Ok,10585
507483.671000,87.0,Ok,98.0,Ok,10586
507483.718000,95.0,Ok,101.0,Ok,10587
507483.781000,91.0,Ok,100.0,Ok,10588
507483.828000,63.0,Ok,100.0,Ok,10589
507483.875000,124.0,Ok,98.0,Ok,10590
507483.921000,115.0,Ok,99.0,Ok,10591
507483.968000,115.0,Ok,100.0,Ok,10592
507484.015000,109.0,Ok,100.0,Ok,10593
507484.078000,111.0,Ok,100.0,Ok,10594
507484.125000,90.0,Ok,99.0,Ok,10595
507484.171000,107.0,Ok,103.0,Ok,10596
507484.218000,104.0,Ok,104.0,Ok,10597
507484.281000,95.0,Ok,100.0,Ok,10598
507484.312000,96.0,Ok,105.0,Ok,10599
507484.375000,97.0,Ok,102.0,Ok,10600
507484.421000,95.0,Ok,104.0,Ok,10601
507484.468000,96.0,Ok,102.0,Ok,10602
507484.531000,97.0,Ok,98.0,Ok,10603
507484.625000,105.0,Ok,98.0,Ok,10604
507484.640000,104.0,Ok,97.0,Ok,10605
507484.671000,100.0,Ok,91.0,Ok,10606
507484.718000,86.0,Ok,90.0,Ok,10607
507484.781000,100.0,Ok,68.0,Ok,10608
507484.828000,133.0,Ok,68.0,Ok,10609
507484.875000,104.0,Ok,57.0,Ok,10610
507484.921000,128.0,Ok,51.0,Ok,10611
507484.968000,107.0,Ok,27.0,Ok,10612
507485.015000,109.0,Ok,55.0,Ok,10613
507485.078000,64.0,Ok,54.0,Ok,10614
507485.125000,104.0,Ok,56.0,Ok,10615
507485.171000,114.0,Ok,59.0,Ok,10616
507485.234000,118.0,Ok,64.0,Ok,10617
507485.281000,101.0,Ok,76.0,Ok,10618
507485.328000,93.0,Ok,81.0,Ok,10619
507485.375000,99.0,Ok,93.0,Ok,10620
507485.421000,95.0,Ok,92.0,Ok,10621
507485.484000,101.0,Ok,100.0,Ok,10622
507485.515000,103.0,Ok,94.0,Ok,10623
507485.578000,105.0,Ok,92.0,Ok,10624
507485.625000,104.0,Ok,91.0,Ok,10625
507485.671000,104.0,Ok,96.0,Ok,10626
507485.718000,114.0,Ok,101.0,Ok,10627
507485.781000,114.0,Ok,94.0,Ok,10628
507485.812000,108.0,Ok,101.0,Ok,10629
507485.875000,107.0,Ok,102.0,Ok,10630
507485.937000,100.0,Ok,102.0,Ok,10631
507485.968000,105.0,Ok,98.0,Ok,10632
507486.015000,103.0,Ok,99.0,Ok,10633
507486.078000,107.0,Ok,98.0,Ok,10634
507486.109000,106.0,Ok,98.0,Ok,10635
507486.171000,103.0,Ok,99.0,Ok,10636
507486.234000,100.0,Ok,100.0,Ok,10637
507486.265000,102.0,Ok,98.0,Ok,10638
507486.328000,103.0,Ok,98.0,Ok,10639
507486.375000,100.0,Ok,97.0,Ok,10640
507486.421000,107.0,Ok,102.0,Ok,10641
507486.468000,102.0,Ok,101.0,Ok,10642
507486.531000,103.0,Ok,98.0,Ok,10643
507486.578000,101.0,Ok,99.0,Ok,10644
507486.625000,101.0,Ok,93.0,Ok,10645
507486.656000,105.0,Ok,98.0,Ok,10646
507486.718000,102.0,Ok,100.0,Ok,10647
507486.781000,105.0,Ok,99.0,Ok,10648
507486.828000,102.0,Ok,98.0,Ok,10649
507486.875000,101.0,Ok,100.0,Ok,10650
507486.921000,102.0,Ok,99.0,Ok,10651
507486.968000,104.0,Ok,99.0,Ok,10652
507487.031000,105.0,Ok,94.0,Ok,10653
507487.078000,107.0,Ok,103.0,Ok,10654
507487.109000,104.0,Ok,102.0,Ok,10655
507487.171000,108.0,Ok,94.0,Ok,10656
507487.218000,107.0,Ok,99.0,Ok,10657
507487.296000,107.0,Ok,99.0,Ok,10658
507487.328000,107.0,Ok,98.0,Ok,10659
507487.375000,105.0,Ok,101.0,Ok,10660
507487.421000,104.0,Ok,101.0,Ok,10661
507487.468000,104.0,Ok,99.0,Ok,10662
507487.531000,105.0,Ok,98.0,Ok,10663
507487.578000,111.0,Ok,96.0,Ok,10664
507487.625000,91.0,Ok,99.0,Ok,10665
507487.671000,96.0,Ok,97.0,Ok,10666
507487.718000,96.0,Ok,91.0,Ok,10667
507487.765000,93.0,Ok,94.0,Ok,10668
507487.828000,90.0,Ok,100.0,Ok,10669
507487.875000,95.0,Ok,104.0,Ok,10670
507487.921000,91.0,Ok,100.0,Ok,10671
507487.968000,93.0,Ok,97.0,Ok,10672
507488.031000,91.0,Ok,103.0,Ok,10673
507488.078000,90.0,Ok,106.0,Ok,10674
507488.125000,94.0,Ok,102.0,Ok,10675
507488.171000,100.0,Ok,95.0,Ok,10676
507488.218000,99.0,Ok,87.0,Ok,10677
507488.281000,88.0,Ok,97.0,Ok,10678
507488.312000,78.0,Ok,98.0,Ok,10679
507488.375000,127.0,Ok,95.0,Ok,10680
507488.421000,99.0,Ok,95.0,Ok,10681
507488.484000,61.0,Ok,94.0,Ok,10682
507488.531000,134.0,Ok,94.0,Ok,10683
507488.578000,122.0,Ok,97.0,Ok,10684
507488.625000,116.0,Ok,103.0,Ok,10685
507488.671000,100.0,Ok,99.0,Ok,10686
507488.718000,107.0,Ok,101.0,Ok,10687
507488.781000,101.0,Ok,102.0,Ok,10688
507488.828000,118.0,Ok,103.0,Ok,10689
507488.875000,112.0,Ok,104.0,Ok,10690
507488.921000,108.0,Ok,107.0,Ok,10691
507488.968000,108.0,Ok,106.0,Ok,10692
507489.015000,112.0,Ok,103.0,Ok,10693
507489.062000,117.0,Ok,106.0,Ok,10694
507489.125000,116.0,Ok,104.0,Ok,10695
507489.171000,116.0,Ok,105.0,Ok,10696
507489.218000,115.0,Ok,105.0,Ok,10697
507489.281000,114.0,Ok,109.0,Ok,10698
507489.328000,114.0,Ok,103.0,Ok,10699
507489.375000,95.0,Ok,103.0,Ok,10700
507489.421000,101.0,Ok,107.0,Ok,10701
507489.468000,95.0,Ok,99.0,Ok,10702
507489.531000,93.0,Ok,85.0,Ok,10703
507489.562000,96.0,Ok,78.0,Ok,10704
507489.625000,102.0,Ok,70.0,Ok,10705
507489.671000,104.0,Ok,59.0,Ok,10706
507489.718000,108.0,Ok,63.0,Ok,10707
507489.781000,104.0,Ok,48.0,Ok,10708
507489.828000,102.0,Ok,60.0,Ok,10709
507489.875000,107.0,Ok,56.0,Ok,10710
507489.921000,99.0,Ok,54.0,Ok,10711
507489.968000,107.0,Ok,60.0,Ok,10712
507490.031000,99.0,Ok,58.0,Ok,10713
507490.078000,106.0,Ok,72.0,Ok,10714
507490.125000,96.0,Ok,81.0,Ok,10715
507490.171000,96.0,Ok,81.0,Ok,10716
507490.218000,101.0,Ok,94.0,Ok,10717
507490.281000,94.0,Ok,99.0,Ok,10718
507490.328000,92.0,Ok,92.0,Ok,10719
507490.375000,95.0,Ok,96.0,Ok,10720
507490.421000,90.0,Ok,96.0,Ok,10721
507490.468000,95.0,Ok,99.0,Ok,10722
507490.531000,97.0,Ok,97.0,Ok,10723
507490.578000,98.0,Ok,97.0,Ok,10724
507490.625000,100.0,Ok,96.0,Ok,10725
507490.671000,101.0,Ok,97.0,Ok,10726
507490.718000,101.0,Ok,96.0,Ok,10727
507490.781000,103.0,Ok,97.0,Ok,10728
507490.828000,107.0,Ok,95.0,Ok,10729
507490.875000,101.0,Ok,93.0,Ok,10730
507490.921000,104.0,Ok,97.0,Ok,10731
507490.968000,95.0,Ok,97.0,Ok,10732
507491.031000,105.0,Ok,94.0,Ok,10733
507491.078000,99.0,Ok,96.0,Ok,10734
507491.125000,91.0,Ok,97.0,Ok,10735
507491.171000,89.0,Ok,95.0,Ok,10736
507491.218000,85.0,Ok,91.0,Ok,10737
507491.265000,77.0,Ok,92.0,Ok,10738
507491.328000,72.0,Ok,87.0,Ok,10739
507491.390000,77.0,Ok,87.0,Ok,10740
507491.421000,80.0,Ok,92.0,Ok,10741
507491.468000,83.0,Ok,97.0,Ok,10742
507491.515000,82.0,Ok,92.0,Ok,10743
507491.578000,81.0,Ok,90.0,Ok,10744
507491.625000,88.0,Ok,94.0,Ok,10745
507491.671000,88.0,Ok,96.0,Ok,10746
507491.718000,93.0,Ok,94.0,Ok,10747
507491.781000,106.0,Ok,84.0,Ok,10748
507491.828000,123.0,Ok,95.0,Ok,10749
507491.875000,123.0,Ok,96.0,Ok,10750
507491.921000,127.0,Ok,93.0,Ok,10751
507491.968000,123.0,Ok,95.0,Ok,10752
507492.015000,128.0,Ok,98.0,Ok,10753
507492.078000,132.0,Ok,98.0,Ok,10754
507492.125000,136.0,Ok,95.0,Ok,10755
507492.171000,140.0,Ok,100.0,Ok,10756
507492.218000,142.0,Ok,98.0,Ok,10757
507492.281000,143.0,Ok,93.0,Ok,10758
507492.312000,142.0,Ok,96.0,Ok,10759
507492.375000,142.0,Ok,98.0,Ok,10760
507492.421000,139.0,Ok,99.0,Ok,10761
507492.484000,143.0,Ok,97.0,Ok,10762
507492.515000,137.0,Ok,92.0,Ok,10763
507492.578000,137.0,Ok,103.0,Ok,10764
507492.609000,138.0,Ok,99.0,Ok,10765
507492.671000,137.0,Ok,94.0,Ok,10766
507492.718000,138.0,Ok,99.0,Ok,10767
507492.781000,139.0,Ok,95.0,Ok,10768
507492.828000,142.0,Ok,93.0,Ok,10769
507492.875000,138.0,Ok,97.0,Ok,10770
507492.921000,137.0,Ok,92.0,Ok,10771
507492.968000,139.0,Ok,96.0,Ok,10772
507493.015000,140.0,Ok,100.0,Ok,10773
507493.078000,144.0,Ok,98.0,Ok,10774
507493.125000,147.0,Ok,102.0,Ok,10775
507493.171000,151.0,Ok,98.0,Ok,10776
507493.218000,116.0,Ok,96.0,Ok,10777
507493.281000,146.0,Ok,94.0,Ok,10778
507493.312000,143.0,Ok,95.0,Ok,10779
507493.375000,141.0,Ok,97.0,Ok,10780
507493.421000,142.0,Ok,94.0,Ok,10781
507493.468000,144.0,Ok,97.0,Ok,10782
507493.531000,147.0,Ok,96.0,Ok,10783
507493.578000,140.0,Ok,97.0,Ok,10784
507493.625000,143.0,Ok,103.0,Ok,10785
507493.671000,144.0,Ok,100.0,Ok,10786
507493.718000,139.0,Ok,95.0,Ok,10787
507493.781000,136.0,Ok,97.0,Ok,10788
507493.828000,133.0,Ok,92.0,Ok,10789
507493.875000,127.0,Ok,92.0,Ok,10790
507493.921000,123.0,Ok,94.0,Ok,10791
507493.968000,126.0,Ok,95.0,Ok,10792
507494.031000,126.0,Ok,96.0,Ok,10793
507494.062000,126.0,Ok,97.0,Ok,10794
507494.125000,125.0,Ok,98.0,Ok,10795
507494.171000,138.0,Ok,95.0,Ok,10796
507494.218000,133.0,Ok,89.0,Ok,10797
507494.281000,130.0,Ok,93.0,Ok,10798
507494.312000,132.0,Ok,96.0,Ok,10799
507494.375000,130.0,Ok,94.0,Ok,10800
507494.421000,138.0,Ok,100.0,Ok,10801
507494.468000,109.0,Ok,93.0,Ok,10802
507494.515000,85.0,Ok,91.0,Ok,10803
507494.578000,132.0,Ok,80.0,Ok,10804
507494.625000,93.0,Ok,67.0,Ok,10805
507494.671000,99.0,Ok,58.0,Ok,10806
507494.718000,98.0,Ok,53.0,Ok,10807
507494.781000,107.0,Ok,51.0,Ok,10808
507494.828000,114.0,Ok,51.0,Ok,10809
507494.875000,106.0,Ok,43.0,Ok,10810
507494.921000,108.0,Ok,49.0,Ok,10811
507494.968000,106.0,Ok,48.0,Ok,10812
507495.031000,130.0,Ok,54.0,Ok,10813
507495.062000,114.0,Ok,58.0,Ok,10814
507495.125000,108.0,Ok,65.0,Ok,10815
507495.171000,104.0,Ok,65.0,Ok,10816
507495.218000,102.0,Ok,76.0,Ok,10817
507495.265000,103.0,Ok,80.0,Ok,10818
507495.312000,110.0,Ok,84.0,Ok,10819
507495.375000,75.0,Ok,90.0,Ok,10820
507495.421000,107.0,Ok,88.0,Ok,10821
507495.515000,99.0,Ok,85.0,Ok,10822
507495.531000,105.0,Ok,92.0,Ok,10823
507495.578000,102.0,Ok,87.0,Ok,10824
507495.625000,106.0,Ok,89.0,Ok,10825
507495.671000,108.0,Ok,91.0,Ok,10826
507495.718000,109.0,Ok,86.0,Ok,10827
507495.781000,117.0,Ok,86.0,Ok,10828
507495.828000,106.0,Ok,91.0,Ok,10829
507495.859000,102.0,Ok,89.0,Ok,10830
507495.921000,106.0,Ok,96.0,Ok,10831
507495.968000,101.0,Ok,93.0,Ok,10832
507496.031000,97.0,Ok,97.0,Ok,10833
507496.078000,98.0,Ok,92.0,Ok,10834
507496.125000,96.0,Ok,97.0,Ok,10835
507496.171000,95.0,Ok,92.0,Ok,10836
507496.218000,97.0,Ok,87.0,Ok,10837
507496.265000,95.0,Ok,87.0,Ok,10838
507496.328000,98.0,Ok,87.0,Ok,10839
507496.375000,99.0,Ok,86.0,Ok,10840
507496.421000,99.0,Ok,85.0,Ok,10841
507496.468000,100.0,Ok,79.0,Ok,10842
507496.515000,101.0,Ok,81.0,Ok,10843
507496.578000,99.0,Ok,81.0,Ok,10844
507496.625000,96.0,Ok,81.0,Ok,10845
507496.671000,98.0,Ok,80.0,Ok,10846
507496.718000,98.0,Ok,77.0,Ok,10847
507496.765000,101.0,Ok,74.0,Ok,10848
507496.843000,101.0,Ok,77.0,Ok,10849
507496.875000,99.0,Ok,75.0,Ok,10850
507496.921000,99.0,Ok,78.0,Ok,10851
507496.968000,99.0,Ok,76.0,Ok,10852
507497.031000,99.0,Ok,75.0,Ok,10853
507497.062000,96.0,Ok,79.0,Ok,10854
507497.125000,98.0,Ok,77.0,Ok,10855
507497.171000,99.0,Ok,73.0,Ok,10856
507497.218000,97.0,Ok,79.0,Ok,10857
507497.281000,96.0,Ok,75.0,Ok,10858
507497.312000,98.0,Ok,76.0,Ok,10859
507497.375000,95.0,Ok,83.0,Ok,10860
507497.421000,99.0,Ok,74.0,Ok,10861
507497.515000,96.0,Ok,76.0,Ok,10862
507497.531000,97.0,Ok,79.0,Ok,10863
507497.578000,97.0,Ok,83.0,Ok,10864
507497.625000,97.0,Ok,80.0,Ok,10865
507497.671000,96.0,Ok,84.0,Ok,10866
507497.718000,99.0,Ok,85.0,Ok,10867
507497.765000,97.0,Ok,87.0,Ok,10868
507497.812000,97.0,Ok,87.0,Ok,10869
507497.875000,99.0,Ok,86.0,Ok,10870
507497.906000,99.0,Ok,87.0,Ok,10871
507497.968000,96.0,Ok,90.0,Ok,10872
507498.031000,95.0,Ok,90.0,Ok,10873
507498.062000,97.0,Ok,88.0,Ok,10874
507498.109000,95.0,Ok,88.0,Ok,10875
507498.171000,98.0,Ok,87.0,Ok,10876
507498.218000,94.0,Ok,89.0,Ok,10877
507498.281000,97.0,Ok,89.0,Ok,10878
507498.328000,94.0,Ok,96.0,Ok,10879
507498.375000,96.0,Ok,92.0,Ok,10880
507498.421000,99.0,Ok,92.0,Ok,10881
507498.468000,99.0,Ok,89.0,Ok,10882
507498.515000,100.0,Ok,93.0,Ok,10883
507498.578000,100.0,Ok,86.0,Ok,10884
507498.609000,103.0,Ok,95.0,Ok,10885
507498.671000,101.0,Ok,89.0,Ok,10886
507498.718000,104.0,Ok,91.0,Ok,10887
507498.765000,99.0,Ok,94.0,Ok,10888
507498.812000,97.0,Ok,87.0,Ok,10889
507498.859000,94.0,Ok,88.0,Ok,10890
507498.921000,98.0,Ok,94.0,Ok,10891
507498.968000,99.0,Ok,91.0,Ok,10892
507499.015000,103.0,Ok,94.0,Ok,10893
507499.078000,105.0,Ok,96.0,Ok,10894
507499.125000,105.0,Ok,92.0,Ok,10895
507499.171000,104.0,Ok,89.0,Ok,10896
507499.218000,105.0,Ok,93.0,Ok,10897
507499.281000,99.0,Ok,98.0,Ok,10898
507499.312000,97.0,Ok,86.0,Ok,10899
507499.375000,94.0,Ok,80.0,Ok,10900
507499.421000,97.0,Ok,74.0,Ok,10901
507499.484000,98.0,Ok,72.0,Ok,10902
507499.531000,107.0,Ok,54.0,Ok,10903
507499.578000,105.0,Ok,47.0,Ok,10904
507499.625000,111.0,Ok,63.0,Ok,10905
507499.656000,103.0,Ok,46.0,Ok,10906
507499.734000,105.0,Ok,46.0,Ok,10907
507499.765000,106.0,Ok,51.0,Ok,10908
507499.828000,110.0,Ok,54.0,Ok,10909
507499.859000,109.0,Ok,55.0,Ok,10910
507499.921000,109.0,Ok,61.0,Ok,10911
507499.968000,117.0,Ok,67.0,Ok,10912
507500.031000,111.0,Ok,72.0,Ok,10913
507500.078000,113.0,Ok,79.0,Ok,10914
507500.125000,126.0,Ok,83.0,Ok,10915
507500.171000,92.0,Ok,79.0,Ok,10916
507500.218000,96.0,Ok,95.0,Ok,10917
507500.265000,97.0,Ok,89.0,Ok,10918
507500.328000,101.0,Ok,95.0,Ok,10919
507500.375000,105.0,Ok,96.0,Ok,10920
507500.421000,116.0,Ok,93.0,Ok,10921
507500.468000,132.0,Ok,92.0,Ok,10922
507500.531000,133.0,Ok,93.0,Ok,10923
507500.578000,72.0,Ok,97.0,Ok,10924
507500.625000,111.0,Ok,94.0,Ok,10925
507500.671000,107.0,Ok,95.0,Ok,10926
507500.718000,101.0,Ok,87.0,Ok,10927
507500.765000,98.0,Ok,95.0,Ok,10928
507500.812000,96.0,Ok,96.0,Ok,10929
507500.875000,97.0,Ok,98.0,Ok,10930
507500.937000,95.0,Ok,97.0,Ok,10931
507500.968000,98.0,Ok,96.0,Ok,10932
507501.031000,98.0,Ok,97.0,Ok,10933
507501.078000,103.0,Ok,100.0,Ok,10934
507501.125000,97.0,Ok,93.0,Ok,10935
507501.171000,101.0,Ok,91.0,Ok,10936
507501.218000,99.0,Ok,90.0,Ok,10937
507501.281000,103.0,Ok,90.0,Ok,10938
507501.328000,97.0,Ok,90.0,Ok,10939
507501.375000,96.0,Ok,88.0,Ok,10940
507501.421000,100.0,Ok,88.0,Ok,10941
507501.468000,104.0,Ok,91.0,Ok,10942
507501.531000,100.0,Ok,90.0,Ok,10943
507501.578000,99.0,Ok,88.0,Ok,10944
507501.625000,99.0,Ok,92.0,Ok,10945
507501.671000,97.0,Ok,90.0,Ok,10946
507501.718000,96.0,Ok,91.0,Ok,10947
507501.765000,93.0,Ok,91.0,Ok,10948
507501.812000,99.0,Ok,90.0,Ok,10949
507501.875000,98.0,Ok,93.0,Ok,10950
507501.906000,97.0,Ok,89.0,Ok,10951
507501.968000,95.0,Ok,94.0,Ok,10952
507502.031000,98.0,Ok,91.0,Ok,10953
507502.078000,98.0,Ok,93.0,Ok,10954
507502.125000,99.0,Ok,89.0,Ok,10955
507502.171000,98.0,Ok,91.0,Ok,10956
507502.218000,99.0,Ok,90.0,Ok,10957
507502.296000,101.0,Ok,94.0,Ok,10958
507502.312000,102.0,Ok,92.0,Ok,10959
507502.375000,103.0,Ok,95.0,Ok,10960
507502.421000,101.0,Ok,90.0,Ok,10961
507502.468000,97.0,Ok,90.0,Ok,10962
507502.531000,102.0,Ok,90.0,Ok,10963
507502.578000,98.0,Ok,92.0,Ok,10964
507502.625000,106.0,Ok,93.0,Ok,10965
507502.671000,107.0,Ok,90.0,Ok,10966
507502.718000,107.0,Ok,93.0,Ok,10967
507502.765000,106.0,Ok,90.0,Ok,10968
507502.812000,108.0,Ok,91.0,Ok,10969
507502.875000,110.0,Ok,91.0,Ok,10970
507502.921000,111.0,Ok,92.0,Ok,10971
507502.968000,110.0,Ok,91.0,Ok,10972
507503.015000,111.0,Ok,90.0,Ok,10973
507503.078000,113.0,Ok,93.0,Ok,10974
507503.125000,114.0,Ok,92.0,Ok,10975
507503.171000,114.0,Ok,90.0,Ok,10976
507503.218000,113.0,Ok,93.0,Ok,10977
507503.265000,111.0,Ok,90.0,Ok,10978
507503.312000,118.0,Ok,93.0,Ok,10979
507503.375000,108.0,Ok,91.0,Ok,10980
507503.421000,83.0,Ok,92.0,Ok,10981
507503.468000,72.0,Ok,93.0,Ok,10982
507503.515000,85.0,Ok,92.0,Ok,10983
507503.578000,122.0,Ok,91.0,Ok,10984
507503.625000,130.0,Ok,96.0,Ok,10985
507503.671000,131.0,Ok,96.0,Ok,10986
507503.718000,133.0,Ok,94.0,Ok,10987
507503.781000,131.0,Ok,95.0,Ok,10988
507503.828000,126.0,Ok,95.0,Ok,10989
507503.875000,131.0,Ok,98.0,Ok,10990
507503.921000,135.0,Ok,99.0,Ok,10991
507503.968000,139.0,Ok,98.0,Ok,10992
507504.015000,133.0,Ok,98.0,Ok,10993
507504.078000,61.0,Ok,99.0,Ok,10994
507504.125000,70.0,Ok,96.0,Ok,10995
507504.171000,69.0,Ok,94.0,Ok,10996
507504.218000,139.0,Ok,98.0,Ok,10997
507504.265000,130.0,Ok,93.0,Ok,10998
507504.328000,126.0,Ok,88.0,Ok,10999
507504.375000,112.0,Ok,78.0,Ok,11000
507504.421000,108.0,Ok,76.0,Ok,11001
507504.468000,91.0,Ok,62.0,Ok,11002
507504.531000,76.0,Ok,50.0,Ok,11003
507504.578000,105.0,Ok,52.0,Ok,11004
507504.625000,127.0,Ok,54.0,Ok,11005
507504.671000,104.0,Ok,49.0,Ok,11006
507504.718000,105.0,Ok,49.0,Ok,11007
507504.781000,110.0,Ok,54.0,Ok,11008
507504.812000,107.0,Ok,60.0,Ok,11009
507504.875000,105.0,Ok,62.0,Ok,11010
507504.921000,102.0,Ok,67.0,Ok,11011
507504.968000,105.0,Ok,78.0,Ok,11012
507505.031000,100.0,Ok,77.0,Ok,11013
507505.078000,93.0,Ok,81.0,Ok,11014
507505.125000,94.0,Ok,86.0,Ok,11015
507505.171000,98.0,Ok,92.0,Ok,11016
507505.218000,102.0,Ok,95.0,Ok,11017
507505.265000,106.0,Ok,93.0,Ok,11018
507505.328000,105.0,Ok,99.0,Ok,11019
507505.375000,107.0,Ok,100.0,Ok,11020
507505.421000,107.0,Ok,99.0,Ok,11021
507505.468000,115.0,Ok,99.0,Ok,11022
507505.515000,114.0,Ok,85.0,Ok,11023
507505.578000,108.0,Ok,92.0,Ok,11024
507505.625000,101.0,Ok,92.0,Ok,11025
507505.671000,102.0,Ok,90.0,Ok,11026
507505.734000,109.0,Ok,89.0,Ok,11027
507505.781000,108.0,Ok,90.0,Ok,11028
507505.828000,109.0,Ok,94.0,Ok,11029
507505.875000,107.0,Ok,93.0,Ok,11030
507505.921000,105.0,Ok,89.0,Ok,11031
507505.968000,105.0,Ok,90.0,Ok,11032
507506.031000,108.0,Ok,88.0,Ok,11033
507506.078000,109.0,Ok,91.0,Ok,11034
507506.125000,112.0,Ok,89.0,Ok,11035
507506.171000,111.0,Ok,93.0,Ok,11036
507506.218000,113.0,Ok,96.0,Ok,11037
507506.265000,110.0,Ok,95.0,Ok,11038
507506.328000,111.0,Ok,92.0,Ok,11039
507506.406000,121.0,Ok,93.0,Ok,11040
507506.421000,107.0,Ok,99.0,Ok,11041
507506.453000,91.0,Ok,93.0,Ok,11042
507506.531000,85.0,Ok,91.0,Ok,11043
507506.578000,84.0,Ok,94.0,Ok,11044
507506.625000,78.0,Ok,90.0,Ok,11045
507506.671000,86.0,Ok,94.0,Ok,11046
507506.718000,79.0,Ok,90.0,Ok,11047
507506.765000,89.0,Ok,94.0,Ok,11048
507506.828000,93.0,Ok,94.0,Ok,11049
507506.875000,95.0,Ok,92.0,Ok,11050
507506.921000,98.0,Ok,94.0,Ok,11051
507506.968000,95.0,Ok,90.0,Ok,11052
507507.031000,99.0,Ok,92.0,Ok,11053
507507.078000,101.0,Ok,92.0,Ok,11054
507507.125000,98.0,Ok,90.0,Ok,11055
507507.171000,100.0,Ok,90.0,Ok,11056
507507.218000,99.0,Ok,94.0,Ok,11057
507507.281000,94.0,Ok,91.0,Ok,11058
507507.312000,155.0,Ok,92.0,Ok,11059
507507.375000,148.0,Ok,92.0,Ok,11060
507507.421000,132.0,Ok,94.0,Ok,11061
507507.468000,100.0,Ok,91.0,Ok,11062
507507.515000,94.0,Ok,92.0,Ok,11063
507507.562000,97.0,Ok,95.0,Ok,11064
507507.625000,92.0,Ok,94.0,Ok,11065
507507.671000,89.0,Ok,93.0,Ok,11066
507507.718000,88.0,Ok,91.0,Ok,11067
507507.765000,89.0,Ok,90.0,Ok,11068
507507.828000,97.0,Ok,92.0,Ok,11069
507507.875000,96.0,Ok,91.0,Ok,11070
507507.921000,96.0,Ok,92.0,Ok,11071
507507.968000,99.0,Ok,91.0,Ok,11072
507508.031000,104.0,Ok,90.0,Ok,11073
507508.078000,102.0,Ok,92.0,Ok,11074
507508.125000,101.0,Ok,93.0,Ok,11075
507508.171000,103.0,Ok,91.0,Ok,11076
507508.218000,107.0,Ok,92.0,Ok,11077
507508.281000,107.0,Ok,92.0,Ok,11078
507508.328000,108.0,Ok,91.0,Ok,11079
507508.375000,108.0,Ok,92.0,Ok,11080
507508.421000,111.0,Ok,92.0,Ok,11081
507508.468000,106.0,Ok,92.0,Ok,11082
507508.531000,103.0,Ok,92.0,Ok,11083
507508.578000,102.0,Ok,85.0,Ok,11084
507508.625000,102.0,Ok,92.0,Ok,11085
507508.671000,105.0,Ok,93.0,Ok,11086
507508.718000,110.0,Ok,91.0,Ok,11087
507508.781000,113.0,Ok,90.0,Ok,11088
507508.828000,121.0,Ok,99.0,Ok,11089
507508.875000,125.0,Ok,94.0,Ok,11090
507508.921000,114.0,Ok,91.0,Ok,11091
507508.968000,91.0,Ok,92.0,Ok,11092
507509.015000,95.0,Ok,91.0,Ok,11093
507509.078000,101.0,Ok,90.0,Ok,11094
507509.125000,101.0,Ok,92.0,Ok,11095
507509.171000,107.0,Ok,94.0,Ok,11096
507509.218000,109.0,Ok,93.0,Ok,11097
507509.265000,106.0,Ok,94.0,Ok,11098
507509.312000,97.0,Ok,97.0,Ok,11099
507509.375000,94.0,Ok,96.0,Ok,11100
507509.421000,95.0,Ok,97.0,Ok,11101
507509.484000,106.0,Ok,92.0,Ok,11102
507509.515000,147.0,Ok,90.0,Ok,11103
507509.562000,56.0,Ok,93.0,Ok,11104
507509.625000,92.0,Ok,92.0,Ok,11105
507509.671000,135.0,Ok,93.0,Ok,11106
507509.718000,125.0,Ok,100.0,Ok,11107
507509.765000,135.0,Ok,92.0,Ok,11108
507509.828000,143.0,Ok,90.0,Ok,11109
507509.875000,101.0,Ok,77.0,Ok,11110
507509.921000,107.0,Ok,73.0,Ok,11111
507509.968000,75.0,Ok,63.0,Ok,11112
507510.031000,99.0,Ok,47.0,Ok,11113
507510.078000,97.0,Ok,46.0,Ok,11114
507510.125000,97.0,Ok,57.0,Ok,11115
507510.171000,100.0,Ok,54.0,Ok,11116
507510.218000,109.0,Ok,53.0,Ok,11117
507510.281000,102.0,Ok,52.0,Ok,11118
507510.328000,102.0,Ok,54.0,Ok,11119
507510.375000,98.0,Ok,56.0,Ok,11120
507510.421000,108.0,Ok,61.0,Ok,11121
507510.468000,90.0,Ok,70.0,Ok,11122
507510.531000,102.0,Ok,79.0,Ok,11123
507510.562000,90.0,Ok,77.0,Ok,11124
507510.625000,122.0,Ok,80.0,Ok,11125
507510.671000,93.0,Ok,82.0,Ok,11126
507510.718000,97.0,Ok,93.0,Ok,11127
507510.765000,98.0,Ok,83.0,Ok,11128
507510.828000,103.0,Ok,92.0,Ok,11129
507510.875000,103.0,Ok,91.0,Ok,11130
507510.921000,99.0,Ok,90.0,Ok,11131
507510.968000,98.0,Ok,94.0,Ok,11132
507511.031000,99.0,Ok,94.0,Ok,11133
507511.078000,96.0,Ok,92.0,Ok,11134
507511.125000,98.0,Ok,97.0,Ok,11135
507511.171000,93.0,Ok,95.0,Ok,11136
507511.218000,97.0,Ok,93.0,Ok,11137
507511.281000,109.0,Ok,92.0,Ok,11138
507511.312000,116.0,Ok,93.0,Ok,11139
507511.375000,133.0,Ok,95.0,Ok,11140
507511.421000,82.0,Ok,92.0,Ok,11141
507511.468000,81.0,Ok,93.0,Ok,11142
507511.531000,61.0,Ok,89.0,Ok,11143
507511.578000,66.0,Ok,87.0,Ok,11144
507511.625000,64.0,Ok,93.0,Ok,11145
507511.671000,121.0,Ok,95.0,Ok,11146
507511.718000,77.0,Ok,93.0,Ok,11147
507511.781000,114.0,Ok,92.0,Ok,11148
507511.843000,79.0,Ok,91.0,Ok,11149
507511.875000,82.0,Ok,91.0,Ok,11150
507511.921000,76.0,Ok,95.0,Ok,11151
507511.968000,138.0,Ok,93.0,Ok,11152
507512.031000,103.0,Ok,92.0,Ok,11153
507512.062000,103.0,Ok,90.0,Ok,11154
507512.125000,99.0,Ok,85.0,Ok,11155
507512.171000,105.0,Ok,83.0,Ok,11156
507512.234000,104.0,Ok,94.0,Ok,11157
507512.265000,97.0,Ok,94.0,Ok,11158
507512.328000,103.0,Ok,88.0,Ok,11159
507512.375000,106.0,Ok,94.0,Ok,11160
507512.421000,108.0,Ok,93.0,Ok,11161
507512.468000,111.0,Ok,90.0,Ok,11162
507512.531000,100.0,Ok,86.0,Ok,11163
507512.578000,96.0,Ok,92.0,Ok,11164
507512.625000,84.0,Ok,91.0,Ok,11165
507512.671000,68.0,Ok,92.0,Ok,11166
507512.718000,61.0,Ok,89.0,Ok,11167
507512.765000,61.0,Ok,93.0,Ok,11168
507512.828000,61.0,Ok,94.0,Ok,11169
507512.875000,61.0,Ok,90.0,Ok,11170
507512.921000,67.0,Ok,85.0,Ok,11171
507512.968000,121.0,Ok,84.0,Ok,11172
507513.015000,112.0,Ok,88.0,Ok,11173
507513.078000,107.0,Ok,92.0,Ok,11174
507513.109000,103.0,Ok,84.0,Ok,11175
507513.171000,107.0,Ok,92.0,Ok,11176
507513.203000,107.0,Ok,92.0,Ok,11177
507513.265000,105.0,Ok,88.0,Ok,11178
507513.328000,101.0,Ok,92.0,Ok,11179
507513.375000,104.0,Ok,85.0,Ok,11180
507513.421000,104.0,Ok,93.0,Ok,11181
507513.468000,101.0,Ok,91.0,Ok,11182
507513.515000,105.0,Ok,88.0,Ok,11183
507513.578000,104.0,Ok,93.0,Ok,11184
507513.625000,103.0,Ok,90.0,Ok,11185
507513.656000,101.0,Ok,89.0,Ok,11186
507513.718000,99.0,Ok,91.0,Ok,11187
507513.765000,103.0,Ok,93.0,Ok,11188
507513.828000,103.0,Ok,93.0,Ok,11189
507513.875000,100.0,Ok,93.0,Ok,11190
507513.921000,98.0,Ok,92.0,Ok,11191
507513.968000,100.0,Ok,91.0,Ok,11192
507514.015000,99.0,Ok,93.0,Ok,11193
507514.078000,104.0,Ok,88.0,Ok,11194
507514.125000,99.0,Ok,89.0,Ok,11195
507514.171000,102.0,Ok,85.0,Ok,11196
507514.218000,104.0,Ok,84.0,Ok,11197
507514.281000,102.0,Ok,88.0,Ok,11198
507514.328000,109.0,Ok,86.0,Ok,11199
507514.375000,125.0,Ok,86.0,Ok,11200
507514.406000,135.0,Ok,85.0,Ok,11201
507514.468000,84.0,Ok,92.0,Ok,11202
507514.531000,55.0,Ok,90.0,Ok,11203
507514.578000,97.0,Ok,93.0,Ok,11204
507514.625000,100.0,Ok,98.0,Ok,11205
507514.671000,135.0,Ok,94.0,Ok,11206
507514.718000,119.0,Ok,92.0,Ok,11207
507514.781000,114.0,Ok,90.0,Ok,11208
507514.812000,120.0,Ok,94.0,Ok,11209
507514.875000,113.0,Ok,92.0,Ok,11210
507514.921000,108.0,Ok,93.0,Ok,11211
507514.968000,114.0,Ok,93.0,Ok,11212
507515.031000,107.0,Ok,93.0,Ok,11213
507515.078000,107.0,Ok,96.0,Ok,11214
507515.125000,104.0,Ok,95.0,Ok,11215
507515.171000,101.0,Ok,95.0,Ok,11216
507515.218000,101.0,Ok,96.0,Ok,11217
507515.281000,103.0,Ok,96.0,Ok,11218
507515.312000,97.0,Ok,91.0,Ok,11219
507515.375000,96.0,Ok,84.0,Ok,11220
507515.421000,96.0,Ok,89.0,Ok,11221
507515.468000,96.0,Ok,95.0,Ok,11222
507515.531000,95.0,Ok,92.0,Ok,11223
507515.578000,97.0,Ok,92.0,Ok,11224
507515.625000,104.0,Ok,97.0,Ok,11225
507515.671000,110.0,Ok,85.0,Ok,11226
507515.718000,99.0,Ok,85.0,Ok,11227
507515.765000,107.0,Ok,77.0,Ok,11228
507515.828000,114.0,Ok,65.0,Ok,11229
507515.875000,116.0,Ok,59.0,Ok,11230
507515.937000,103.0,Ok,30.0,Ok,11231
507515.968000,128.0,Ok,52.0,Ok,11232
507516.031000,103.0,Ok,56.0,Ok,11233
507516.078000,107.0,Ok,52.0,Ok,11234
507516.125000,106.0,Ok,53.0,Ok,11235
507516.171000,113.0,Ok,49.0,Ok,11236
507516.218000,106.0,Ok,58.0,Ok,11237
507516.265000,104.0,Ok,59.0,Ok,11238
507516.328000,106.0,Ok,65.0,Ok,11239
507516.375000,95.0,Ok,69.0,Ok,11240
507516.421000,111.0,Ok,71.0,Ok,11241
507516.468000,118.0,Ok,80.0,Ok,11242
507516.515000,71.0,Ok,81.0,Ok,11243
507516.578000,138.0,Ok,83.0,Ok,11244
507516.625000,115.0,Ok,88.0,Ok,11245
507516.671000,108.0,Ok,78.0,Ok,11246
507516.718000,104.0,Ok,86.0,Ok,11247
507516.765000,97.0,Ok,90.0,Ok,11248
507516.828000,97.0,Ok,91.0,Ok,11249
507516.875000,98.0,Ok,87.0,Ok,11250
507516.921000,100.0,Ok,85.0,Ok,11251
507516.968000,94.0,Ok,87.0,Ok,11252
507517.015000,101.0,Ok,86.0,Ok,11253
507517.078000,94.0,Ok,84.0,Ok,11254
507517.125000,92.0,Ok,92.0,Ok,11255
507517.171000,101.0,Ok,87.0,Ok,11256
507517.218000,98.0,Ok,92.0,Ok,11257
507517.281000,98.0,Ok,91.0,Ok,11258
507517.312000,94.0,Ok,93.0,Ok,11259
507517.375000,92.0,Ok,85.0,Ok,11260
507517.421000,95.0,Ok,92.0,Ok,11261
507517.468000,99.0,Ok,92.0,Ok,11262
507517.531000,100.0,Ok,91.0,Ok,11263
507517.562000,96.0,Ok,85.0,Ok,11264
507517.625000,99.0,Ok,91.0,Ok,11265
507517.671000,97.0,Ok,90.0,Ok,11266
507517.734000,99.0,Ok,92.0,Ok,11267
507517.765000,99.0,Ok,92.0,Ok,11268
507517.828000,100.0,Ok,90.0,Ok,11269
507517.875000,109.0,Ok,92.0,Ok,11270
507517.921000,110.0,Ok,90.0,Ok,11271
507517.968000,117.0,Ok,85.0,Ok,11272
507518.031000,125.0,Ok,82.0,Ok,11273
507518.078000,125.0,Ok,84.0,Ok,11274
507518.125000,125.0,Ok,85.0,Ok,11275
507518.171000,123.0,Ok,84.0,Ok,11276
507518.218000,123.0,Ok,91.0,Ok,11277
507518.265000,123.0,Ok,91.0,Ok,11278
507518.312000,121.0,Ok,91.0,Ok,11279
507518.375000,112.0,Ok,87.0,Ok,11280
507518.421000,112.0,Ok,91.0,Ok,11281
507518.468000,118.0,Ok,92.0,Ok,11282
507518.531000,121.0,Ok,90.0,Ok,11283
507518.578000,119.0,Ok,92.0,Ok,11284
507518.656000,122.0,Ok,87.0,Ok,11285
507518.671000,119.0,Ok,91.0,Ok,11286
507518.718000,122.0,Ok,89.0,Ok,11287
507518.781000,122.0,Ok,83.0,Ok,11288
507518.828000,96.0,Ok,89.0,Ok,11289
507518.875000,72.0,Ok,91.0,Ok,11290
507518.921000,65.0,Ok,91.0,Ok,11291
507518.968000,52.0,Ok,92.0,Ok,11292
507519.015000,52.0,Ok,90.0,Ok,11293
507519.062000,84.0,Ok,85.0,Ok,11294
507519.109000,65.0,Ok,90.0,Ok,11295
507519.156000,60.0,Ok,90.0,Ok,11296
507519.218000,56.0,Ok,91.0,Ok,11297
507519.281000,50.0,Ok,83.0,Ok,11298
507519.312000,76.0,Ok,89.0,Ok,11299
507519.359000,106.0,Ok,86.0,Ok,11300
507519.406000,69.0,Ok,89.0,Ok,11301
507519.468000,81.0,Ok,92.0,Ok,11302
507519.515000,106.0,Ok,86.0,Ok,11303
507519.562000,92.0,Ok,92.0,Ok,11304
507519.625000,122.0,Ok,94.0,Ok,11305
507519.671000,116.0,Ok,93.0,Ok,11306
507519.718000,113.0,Ok,93.0,Ok,11307
507519.781000,113.0,Ok,88.0,Ok,11308
507519.828000,111.0,Ok,85.0,Ok,11309
507519.875000,114.0,Ok,93.0,Ok,11310
507519.921000,113.0,Ok,86.0,Ok,11311
507519.968000,108.0,Ok,95.0,Ok,11312
507520.015000,109.0,Ok,88.0,Ok,11313
507520.062000,110.0,Ok,88.0,Ok,11314
507520.109000,108.0,Ok,88.0,Ok,11315
507520.171000,108.0,Ok,89.0,Ok,11316
507520.218000,104.0,Ok,90.0,Ok,11317
507520.281000,102.0,Ok,88.0,Ok,11318
507520.328000,99.0,Ok,91.0,Ok,11319
507520.375000,101.0,Ok,92.0,Ok,11320
507520.421000,100.0,Ok,88.0,Ok,11321
507520.468000,99.0,Ok,89.0,Ok,11322
507520.515000,98.0,Ok,90.0,Ok,11323
507520.578000,95.0,Ok,87.0,Ok,11324
507520.625000,94.0,Ok,91.0,Ok,11325
507520.671000,96.0,Ok,90.0,Ok,11326
507520.718000,92.0,Ok,88.0,Ok,11327
507520.765000,94.0,Ok,90.0,Ok,11328
507520.812000,93.0,Ok,88.0,Ok,11329
507520.875000,100.0,Ok,94.0,Ok,11330
507520.921000,97.0,Ok,90.0,Ok,11331
507520.984000,99.0,Ok,91.0,Ok,11332
507521.015000,97.0,Ok,87.0,Ok,11333
507521.078000,102.0,Ok,88.0,Ok,11334
507521.125000,103.0,Ok,91.0,Ok,11335
507521.171000,109.0,Ok,89.0,Ok,11336
507521.218000,122.0,Ok,84.0,Ok,11337
507521.265000,71.0,Ok,78.0,Ok,11338
507521.328000,121.0,Ok,74.0,Ok,11339
507521.375000,107.0,Ok,63.0,Ok,11340
507521.421000,102.0,Ok,57.0,Ok,11341
507521.468000,76.0,Ok,55.0,Ok,11342
507521.515000,105.0,Ok,56.0,Ok,11343
507521.578000,109.0,Ok,44.0,Ok,11344
507521.625000,105.0,Ok,51.0,Ok,11345
507521.656000,102.0,Ok,52.0,Ok,11346
507521.750000,114.0,Ok,47.0,Ok,11347
507521.781000,100.0,Ok,56.0,Ok,11348
507521.812000,103.0,Ok,66.0,Ok,11349
507521.875000,109.0,Ok,70.0,Ok,11350
507521.921000,93.0,Ok,72.0,Ok,11351
507521.968000,88.0,Ok,83.0,Ok,11352
507522.031000,99.0,Ok,81.0,Ok,11353
507522.078000,101.0,Ok,93.0,Ok,11354
507522.109000,104.0,Ok,89.0,Ok,11355
507522.171000,102.0,Ok,92.0,Ok,11356
507522.218000,99.0,Ok,97.0,Ok,11357
507522.281000,91.0,Ok,95.0,Ok,11358
507522.328000,93.0,Ok,97.0,Ok,11359
507522.375000,89.0,Ok,90.0,Ok,11360
507522.421000,88.0,Ok,89.0,Ok,11361
507522.468000,95.0,Ok,85.0,Ok,11362
507522.531000,95.0,Ok,79.0,Ok,11363
507522.578000,104.0,Ok,82.0,Ok,11364
507522.625000,104.0,Ok,76.0,Ok,11365
507522.671000,111.0,Ok,78.0,Ok,11366
507522.750000,62.0,Ok,77.0,Ok,11367
507522.781000,132.0,Ok,82.0,Ok,11368
507522.828000,118.0,Ok,83.0,Ok,11369
507522.875000,116.0,Ok,82.0,Ok,11370
507522.921000,107.0,Ok,72.0,Ok,11371
507522.968000,110.0,Ok,79.0,Ok,11372
507523.015000,109.0,Ok,83.0,Ok,11373
507523.078000,111.0,Ok,89.0,Ok,11374
507523.125000,106.0,Ok,86.0,Ok,11375
507523.171000,104.0,Ok,82.0,Ok,11376
507523.218000,105.0,Ok,82.0,Ok,11377
507523.281000,104.0,Ok,91.0,Ok,11378
507523.312000,105.0,Ok,85.0,Ok,11379
507523.375000,108.0,Ok,84.0,Ok,11380
507523.421000,107.0,Ok,88.0,Ok,11381
507523.468000,108.0,Ok,83.0,Ok,11382
507523.531000,109.0,Ok,91.0,Ok,11383
507523.562000,108.0,Ok,85.0,Ok,11384
507523.625000,108.0,Ok,84.0,Ok,11385
507523.671000,107.0,Ok,89.0,Ok,11386
507523.718000,106.0,Ok,90.0,Ok,11387
507523.781000,108.0,Ok,89.0,Ok,11388
507523.828000,110.0,Ok,92.0,Ok,11389
507523.875000,107.0,Ok,90.0,Ok,11390
507523.921000,105.0,Ok,90.0,Ok,11391
507523.968000,106.0,Ok,86.0,Ok,11392
507524.031000,105.0,Ok,92.0,Ok,11393
507524.062000,103.0,Ok,92.0,Ok,11394
507524.125000,105.0,Ok,91.0,Ok,11395
507524.171000,110.0,Ok,93.0,Ok,11396
507524.218000,110.0,Ok,89.0,Ok,11397
507524.281000,114.0,Ok,94.0,Ok,11398
507524.328000,113.0,Ok,92.0,Ok,11399
507524.375000,111.0,Ok,92.0,Ok,11400
507524.421000,114.0,Ok,91.0,Ok,11401
507524.468000,116.0,Ok,94.0,Ok,11402
507524.515000,122.0,Ok,92.0,Ok,11403
507524.562000,132.0,Ok,94.0,Ok,11404
507524.609000,130.0,Ok,90.0,Ok,11405
507524.671000,137.0,Ok,87.0,Ok,11406
507524.718000,71.0,Ok,94.0,Ok,11407
507524.781000,92.0,Ok,96.0,Ok,11408
507524.828000,100.0,Ok,95.0,Ok,11409
507524.875000,99.0,Ok,97.0,Ok,11410
507524.921000,109.0,Ok,91.0,Ok,11411
507524.968000,121.0,Ok,91.0,Ok,11412
507525.031000,127.0,Ok,84.0,Ok,11413
507525.078000,76.0,Ok,81.0,Ok,11414
507525.125000,89.0,Ok,89.0,Ok,11415
507525.171000,99.0,Ok,92.0,Ok,11416
507525.218000,107.0,Ok,89.0,Ok,11417
507525.265000,108.0,Ok,94.0,Ok,11418
507525.328000,107.0,Ok,92.0,Ok,11419
507525.375000,96.0,Ok,92.0,Ok,11420
507525.421000,94.0,Ok,92.0,Ok,11421
507525.468000,91.0,Ok,97.0,Ok,11422
507525.531000,86.0,Ok,94.0,Ok,11423
507525.578000,89.0,Ok,92.0,Ok,11424
507525.625000,94.0,Ok,91.0,Ok,11425
507525.671000,95.0,Ok,98.0,Ok,11426
507525.718000,99.0,Ok,92.0,Ok,11427
507525.781000,94.0,Ok,96.0,Ok,11428
507525.812000,93.0,Ok,94.0,Ok,11429
507525.875000,95.0,Ok,93.0,Ok,11430
507525.921000,104.0,Ok,95.0,Ok,11431
507525.968000,94.0,Ok,98.0,Ok,11432
507526.015000,104.0,Ok,99.0,Ok,11433
507526.078000,99.0,Ok,84.0,Ok,11434
507526.125000,111.0,Ok,88.0,Ok,11435
507526.171000,83.0,Ok,78.0,Ok,11436
507526.218000,103.0,Ok,74.0,Ok,11437
507526.265000,103.0,Ok,64.0,Ok,11438
507526.312000,75.0,Ok,56.0,Ok,11439
507526.375000,101.0,Ok,54.0,Ok,11440
507526.421000,120.0,Ok,55.0,Ok,11441
507526.468000,100.0,Ok,46.0,Ok,11442
507526.515000,96.0,Ok,40.0,Ok,11443
507526.562000,105.0,Ok,47.0,Ok,11444
507526.625000,107.0,Ok,54.0,Ok,11445
507526.671000,97.0,Ok,59.0,Ok,11446
507526.718000,99.0,Ok,68.0,Ok,11447
507526.765000,103.0,Ok,63.0,Ok,11448
507526.828000,101.0,Ok,75.0,Ok,11449
507526.875000,92.0,Ok,85.0,Ok,11450
507526.921000,129.0,Ok,83.0,Ok,11451
507526.968000,108.0,Ok,85.0,Ok,11452
507527.015000,98.0,Ok,97.0,Ok,11453
507527.078000,96.0,Ok,92.0,Ok,11454
507527.125000,91.0,Ok,89.0,Ok,11455
507527.171000,95.0,Ok,101.0,Ok,11456
507527.218000,101.0,Ok,96.0,Ok,11457
507527.265000,97.0,Ok,97.0,Ok,11458
507527.328000,95.0,Ok,91.0,Ok,11459
507527.375000,95.0,Ok,94.0,Ok,11460
507527.421000,98.0,Ok,90.0,Ok,11461
507527.484000,108.0,Ok,94.0,Ok,11462
507527.531000,100.0,Ok,97.0,Ok,11463
507527.578000,96.0,Ok,95.0,Ok,11464
507527.625000,102.0,Ok,99.0,Ok,11465
507527.671000,105.0,Ok,100.0,Ok,11466
507527.718000,101.0,Ok,94.0,Ok,11467
507527.781000,101.0,Ok,87.0,Ok,11468
507527.828000,97.0,Ok,89.0,Ok,11469
507527.875000,101.0,Ok,89.0,Ok,11470
507527.921000,99.0,Ok,97.0,Ok,11471
507527.968000,102.0,Ok,93.0,Ok,11472
507528.015000,111.0,Ok,92.0,Ok,11473
507528.078000,114.0,Ok,91.0,Ok,11474
507528.125000,109.0,Ok,85.0,Ok,11475
507528.171000,105.0,Ok,90.0,Ok,11476
507528.218000,107.0,Ok,92.0,Ok,11477
507528.281000,110.0,Ok,91.0,Ok,11478
507528.328000,67.0,Ok,89.0,Ok,11479
507528.375000,70.0,Ok,91.0,Ok,11480
507528.421000,120.0,Ok,92.0,Ok,11481
507528.468000,125.0,Ok,90.0,Ok,11482
507528.515000,119.0,Ok,90.0,Ok,11483
507528.578000,108.0,Ok,90.0,Ok,11484
507528.625000,103.0,Ok,95.0,Ok,11485
507528.671000,104.0,Ok,95.0,Ok,11486
507528.718000,105.0,Ok,93.0,Ok,11487
507528.781000,108.0,Ok,92.0,Ok,11488
507528.828000,120.0,Ok,94.0,Ok,11489
507528.875000,112.0,Ok,88.0,Ok,11490
507528.921000,113.0,Ok,89.0,Ok,11491
507528.968000,115.0,Ok,86.0,Ok,11492
507529.015000,109.0,Ok,86.0,Ok,11493
507529.078000,102.0,Ok,87.0,Ok,11494
507529.125000,101.0,Ok,88.0,Ok,11495
507529.171000,106.0,Ok,89.0,Ok,11496
507529.218000,102.0,Ok,90.0,Ok,11497
507529.281000,103.0,Ok,88.0,Ok,11498
507529.328000,103.0,Ok,89.0,Ok,11499
507529.375000,99.0,Ok,91.0,Ok,11500
507529.421000,99.0,Ok,91.0,Ok,11501
507529.468000,93.0,Ok,89.0,Ok,11502
507529.562000,91.0,Ok,88.0,Ok,11503
507529.578000,92.0,Ok,91.0,Ok,11504
507529.625000,94.0,Ok,88.0,Ok,11505
507529.671000,96.0,Ok,88.0,Ok,11506
507529.718000,101.0,Ok,91.0,Ok,11507
507529.765000,102.0,Ok,90.0,Ok,11508
507529.828000,98.0,Ok,93.0,Ok,11509
507529.875000,96.0,Ok,94.0,Ok,11510
507529.921000,95.0,Ok,89.0,Ok,11511
507529.968000,101.0,Ok,95.0,Ok,11512
507530.031000,106.0,Ok,94.0,Ok,11513
507530.078000,99.0,Ok,95.0,Ok,11514
507530.125000,98.0,Ok,93.0,Ok,11515
507530.171000,100.0,Ok,95.0,Ok,11516
507530.218000,99.0,Ok,94.0,Ok,11517
507530.265000,97.0,Ok,90.0,Ok,11518
507530.328000,106.0,Ok,99.0,Ok,11519
507530.375000,97.0,Ok,92.0,Ok,11520
507530.421000,103.0,Ok,95.0,Ok,11521
507530.468000,96.0,Ok,93.0,Ok,11522
507530.531000,107.0,Ok,98.0,Ok,11523
507530.578000,107.0,Ok,97.0,Ok,11524
507530.625000,103.0,Ok,90.0,Ok,11525
507530.671000,106.0,Ok,96.0,Ok,11526
507530.718000,102.0,Ok,99.0,Ok,11527
507530.781000,106.0,Ok,96.0,Ok,11528
507530.828000,105.0,Ok,97.0,Ok,11529
507530.859000,91.0,Ok,99.0,Ok,11530
507530.921000,78.0,Ok,96.0,Ok,11531
507530.968000,77.0,Ok,99.0,Ok,11532
507531.031000,85.0,Ok,97.0,Ok,11533
507531.078000,88.0,Ok,99.0,Ok,11534
507531.125000,87.0,Ok,96.0,Ok,11535
507531.171000,86.0,Ok,98.0,Ok,11536
507531.218000,91.0,Ok,93.0,Ok,11537
507531.265000,88.0,Ok,100.0,Ok,11538
507531.328000,87.0,Ok,101.0,Ok,11539
507531.375000,89.0,Ok,100.0,Ok,11540
507531.421000,65535.0,RangingRxTimeout,96.0,Ok,11541
507531.468000,87.0,Ok,98.0,Ok,11542
507531.515000,90.0,Ok,100.0,Ok,11543
507531.578000,93.0,Ok,97.0,Ok,11544
507531.625000,92.0,Ok,96.0,Ok,11545
507531.671000,98.0,Ok,99.0,Ok,11546
507531.718000,94.0,Ok,99.0,Ok,11547
507531.781000,89.0,Ok,99.0,Ok,11548
507531.828000,107.0,Ok,88.0,Ok,11549
507531.875000,100.0,Ok,93.0,Ok,11550
507531.921000,93.0,Ok,88.0,Ok,11551
507531.968000,92.0,Ok,87.0,Ok,11552
507532.031000,139.0,Ok,87.0,Ok,11553
507532.078000,58.0,Ok,84.0,Ok,11554
507532.125000,129.0,Ok,93.0,Ok,11555
507532.171000,134.0,Ok,92.0,Ok,11556
507532.218000,76.0,Ok,92.0,Ok,11557
507532.281000,109.0,Ok,83.0,Ok,11558
507532.328000,109.0,Ok,81.0,Ok,11559
507532.375000,103.0,Ok,80.0,Ok,11560
507532.421000,85.0,Ok,82.0,Ok,11561
507532.468000,86.0,Ok,86.0,Ok,11562
507532.531000,80.0,Ok,86.0,Ok,11563
507532.578000,92.0,Ok,77.0,Ok,11564
507532.609000,94.0,Ok,76.0,Ok,11565
507532.671000,94.0,Ok,80.0,Ok,11566
507532.718000,80.0,Ok,84.0,Ok,11567
507532.781000,89.0,Ok,79.0,Ok,11568
507532.828000,91.0,Ok,82.0,Ok,11569
507532.875000,90.0,Ok,80.0,Ok,11570
507532.921000,88.0,Ok,78.0,Ok,11571
507532.968000,84.0,Ok,74.0,Ok,11572
507533.031000,90.0,Ok,79.0,Ok,11573
507533.078000,90.0,Ok,77.0,Ok,11574
507533.125000,106.0,Ok,78.0,Ok,11575
507533.171000,98.0,Ok,77.0,Ok,11576
507533.218000,99.0,Ok,76.0,Ok,11577
507533.281000,78.0,Ok,80.0,Ok,11578
507533.328000,84.0,Ok,77.0,Ok,11579
507533.375000,92.0,Ok,82.0,Ok,11580
507533.421000,80.0,Ok,77.0,Ok,11581
507533.468000,88.0,Ok,85.0,Ok,11582
507533.515000,95.0,Ok,77.0,Ok,11583
507533.578000,95.0,Ok,79.0,Ok,11584
507533.640000,103.0,Ok,80.0,Ok,11585
507533.671000,101.0,Ok,80.0,Ok,11586
507533.718000,92.0,Ok,84.0,Ok,11587
507533.781000,94.0,Ok,81.0,Ok,11588
507533.828000,85.0,Ok,84.0,Ok,11589
507533.875000,96.0,Ok,80.0,Ok,11590
507533.921000,99.0,Ok,90.0,Ok,11591
507533.968000,98.0,Ok,78.0,Ok,11592
507534.031000,98.0,Ok,81.0,Ok,11593
507534.078000,95.0,Ok,82.0,Ok,11594
507534.109000,90.0,Ok,80.0,Ok,11595
507534.171000,92.0,Ok,78.0,Ok,11596
507534.218000,83.0,Ok,85.0,Ok,11597
507534.281000,87.0,Ok,84.0,Ok,11598
507534.312000,92.0,Ok,78.0,Ok,11599
507534.375000,93.0,Ok,80.0,Ok,11600
507534.421000,91.0,Ok,80.0,Ok,11601
507534.468000,92.0,Ok,84.0,Ok,11602
507534.515000,88.0,Ok,88.0,Ok,11603
507534.562000,94.0,Ok,88.0,Ok,11604
507534.625000,90.0,Ok,82.0,Ok,11605
507534.656000,92.0,Ok,91.0,Ok,11606
507534.718000,91.0,Ok,80.0,Ok,11607
507534.765000,91.0,Ok,87.0,Ok,11608
507534.828000,92.0,Ok,87.0,Ok,11609
507534.875000,93.0,Ok,90.0,Ok,11610
507534.921000,84.0,Ok,82.0,Ok,11611
507534.968000,94.0,Ok,77.0,Ok,11612
507535.031000,92.0,Ok,79.0,Ok,11613
507535.078000,81.0,Ok,78.0,Ok,11614
507535.109000,92.0,Ok,82.0,Ok,11615
507535.171000,93.0,Ok,77.0,Ok,11616
507535.218000,96.0,Ok,92.0,Ok,11617
507535.265000,91.0,Ok,92.0,Ok,11618
507535.328000,96.0,Ok,85.0,Ok,11619
507535.375000,92.0,Ok,79.0,Ok,11620
507535.421000,94.0,Ok,82.0,Ok,11621
507535.468000,92.0,Ok,77.0,Ok,11622
507535.531000,94.0,Ok,90.0,Ok,11623
507535.578000,88.0,Ok,83.0,Ok,11624
507535.625000,88.0,Ok,82.0,Ok,11625
507535.671000,116.0,Ok,85.0,Ok,11626
507535.718000,135.0,Ok,83.0,Ok,11627
507535.765000,122.0,Ok,94.0,Ok,11628
507535.828000,94.0,Ok,81.0,Ok,11629
507535.875000,96.0,Ok,84.0,Ok,11630
507535.921000,115.0,Ok,79.0,Ok,11631
507535.968000,92.0,Ok,73.0,Ok,11632
507536.031000,87.0,Ok,90.0,Ok,11633
507536.078000,96.0,Ok,82.0,Ok,11634
507536.109000,92.0,Ok,88.0,Ok,11635
507536.171000,68.0,Ok,80.0,Ok,11636
507536.218000,98.0,Ok,84.0,Ok,11637
507536.265000,88.0,Ok,84.0,Ok,11638
507536.328000,101.0,Ok,91.0,Ok,11639
507536.375000,102.0,Ok,85.0,Ok,11640
507536.421000,87.0,Ok,91.0,Ok,11641
507536.468000,88.0,Ok,80.0,Ok,11642
507536.531000,94.0,Ok,81.0,Ok,11643
507536.578000,94.0,Ok,79.0,Ok,11644
507536.625000,87.0,Ok,84.0,Ok,11645
507536.671000,95.0,Ok,84.0,Ok,11646
507536.718000,86.0,Ok,77.0,Ok,11647
507536.765000,84.0,Ok,80.0,Ok,11648
507536.812000,104.0,Ok,86.0,Ok,11649
507536.859000,94.0,Ok,88.0,Ok,11650
507536.921000,83.0,Ok,86.0,Ok,11651
507536.968000,91.0,Ok,79.0,Ok,11652
507537.031000,108.0,Ok,82.0,Ok,11653
507537.078000,106.0,Ok,79.0,Ok,11654
507537.125000,89.0,Ok,84.0,Ok,11655
507537.171000,80.0,Ok,78.0,Ok,11656
507537.218000,82.0,Ok,89.0,Ok,11657
507537.265000,82.0,Ok,86.0,Ok,11658
507537.312000,80.0,Ok,80.0,Ok,11659
507537.359000,80.0,Ok,84.0,Ok,11660
507537.421000,89.0,Ok,83.0,Ok,11661
507537.468000,77.0,Ok,78.0,Ok,11662
507537.515000,89.0,Ok,80.0,Ok,11663
507537.578000,88.0,Ok,83.0,Ok,11664
507537.625000,89.0,Ok,81.0,Ok,11665
507537.671000,98.0,Ok,89.0,Ok,11666
507537.718000,95.0,Ok,84.0,Ok,11667
507537.765000,91.0,Ok,83.0,Ok,11668
507537.828000,86.0,Ok,84.0,Ok,11669
507537.875000,96.0,Ok,85.0,Ok,11670
507537.921000,93.0,Ok,83.0,Ok,11671
507537.968000,85.0,Ok,85.0,Ok,11672
507538.015000,86.0,Ok,79.0,Ok,11673
507538.078000,87.0,Ok,84.0,Ok,11674
507538.125000,71.0,Ok,80.0,Ok,11675
507538.171000,86.0,Ok,78.0,Ok,11676
507538.218000,89.0,Ok,94.0,Ok,11677
507538.265000,84.0,Ok,86.0,Ok,11678
507538.328000,90.0,Ok,81.0,Ok,11679
507538.375000,84.0,Ok,77.0,Ok,11680
507538.421000,89.0,Ok,93.0,Ok,11681
507538.468000,94.0,Ok,78.0,Ok,11682
507538.531000,84.0,Ok,84.0,Ok,11683
507538.578000,90.0,Ok,81.0,Ok,11684
507538.625000,105.0,Ok,73.0,Ok,11685
507538.671000,90.0,Ok,70.0,Ok,11686
507538.718000,77.0,Ok,81.0,Ok,11687
507538.765000,88.0,Ok,80.0,Ok,11688
507538.828000,91.0,Ok,84.0,Ok,11689
507538.875000,97.0,Ok,85.0,Ok,11690
507538.921000,94.0,Ok,85.0,Ok,11691
507538.968000,96.0,Ok,80.0,Ok,11692
507539.015000,81.0,Ok,84.0,Ok,11693
507539.078000,105.0,Ok,77.0,Ok,11694
507539.125000,90.0,Ok,84.0,Ok,11695
507539.187000,90.0,Ok,83.0,Ok,11696
507539.218000,98.0,Ok,84.0,Ok,11697
507539.281000,93.0,Ok,75.0,Ok,11698
507539.328000,92.0,Ok,90.0,Ok,11699
507539.375000,85.0,Ok,81.0,Ok,11700
507539.421000,95.0,Ok,82.0,Ok,11701
507539.468000,88.0,Ok,87.0,Ok,11702
507539.531000,85.0,Ok,80.0,Ok,11703
507539.578000,82.0,Ok,85.0,Ok,11704
507539.625000,89.0,Ok,89.0,Ok,11705
507539.671000,88.0,Ok,80.0,Ok,11706
507539.734000,90.0,Ok,86.0,Ok,11707
507539.765000,83.0,Ok,86.0,Ok,11708
507539.828000,85.0,Ok,78.0,Ok,11709
507539.875000,84.0,Ok,88.0,Ok,11710
507539.921000,88.0,Ok,88.0,Ok,11711
507539.968000,90.0,Ok,80.0,Ok,11712
507540.015000,92.0,Ok,83.0,Ok,11713
507540.078000,91.0,Ok,82.0,Ok,11714
507540.125000,89.0,Ok,88.0,Ok,11715
507540.171000,85.0,Ok,81.0,Ok,11716
507540.218000,87.0,Ok,85.0,Ok,11717
507540.265000,85.0,Ok,79.0,Ok,11718
507540.328000,84.0,Ok,81.0,Ok,11719
507540.375000,93.0,Ok,91.0,Ok,11720
507540.421000,88.0,Ok,83.0,Ok,11721
507540.468000,85.0,Ok,77.0,Ok,11722
507540.515000,78.0,Ok,83.0,Ok,11723
507540.562000,85.0,Ok,82.0,Ok,11724
507540.625000,94.0,Ok,81.0,Ok,11725
507540.671000,91.0,Ok,77.0,Ok,11726
507540.718000,85.0,Ok,86.0,Ok,11727
507540.765000,83.0,Ok,79.0,Ok,11728
507540.828000,91.0,Ok,80.0,Ok,11729
507540.875000,83.0,Ok,87.0,Ok,11730
507540.921000,77.0,Ok,77.0,Ok,11731
507540.968000,91.0,Ok,81.0,Ok,11732
507541.015000,85.0,Ok,78.0,Ok,11733
507541.062000,85.0,Ok,76.0,Ok,11734
507541.125000,87.0,Ok,81.0,Ok,11735
507541.171000,117.0,Ok,85.0,Ok,11736
507541.218000,121.0,Ok,84.0,Ok,11737
507541.265000,92.0,Ok,80.0,Ok,11738
507541.312000,92.0,Ok,78.0,Ok,11739
507541.375000,91.0,Ok,78.0,Ok,11740
507541.421000,76.0,Ok,78.0,Ok,11741
507541.468000,106.0,Ok,77.0,Ok,11742
507541.515000,96.0,Ok,77.0,Ok,11743
507541.578000,91.0,Ok,80.0,Ok,11744
507541.625000,92.0,Ok,81.0,Ok,11745
507541.656000,86.0,Ok,83.0,Ok,11746
507541.718000,102.0,Ok,81.0,Ok,11747
507541.765000,100.0,Ok,78.0,Ok,11748
507541.828000,77.0,Ok,78.0,Ok,11749
507541.859000,85.0,Ok,83.0,Ok,11750
507541.921000,86.0,Ok,71.0,Ok,11751
507541.968000,84.0,Ok,77.0,Ok,11752
507542.031000,77.0,Ok,90.0,Ok,11753
507542.078000,114.0,Ok,79.0,Ok,11754
507542.125000,92.0,Ok,80.0,Ok,11755
507542.171000,86.0,Ok,87.0,Ok,11756
507542.218000,89.0,Ok,86.0,Ok,11757
507542.281000,99.0,Ok,83.0,Ok,11758
507542.328000,88.0,Ok,86.0,Ok,11759
507542.375000,103.0,Ok,81.0,Ok,11760
507542.421000,105.0,Ok,92.0,Ok,11761
507542.468000,96.0,Ok,78.0,Ok,11762
507542.515000,85.0,Ok,80.0,Ok,11763
507542.578000,84.0,Ok,90.0,Ok,11764
507542.609000,90.0,Ok,93.0,Ok,11765
507542.671000,90.0,Ok,80.0,Ok,11766
507542.718000,96.0,Ok,87.0,Ok,11767
507542.765000,92.0,Ok,82.0,Ok,11768
507542.828000,75.0,Ok,86.0,Ok,11769
507542.859000,84.0,Ok,81.0,Ok,11770
507542.921000,89.0,Ok,73.0,Ok,11771
507542.968000,92.0,Ok,91.0,Ok,11772
507543.015000,86.0,Ok,77.0,Ok,11773
507543.078000,86.0,Ok,84.0,Ok,11774
507543.125000,91.0,Ok,81.0,Ok,11775
507543.187000,94.0,Ok,88.0,Ok,11776
507543.218000,96.0,Ok,73.0,Ok,11777
507543.281000,85.0,Ok,77.0,Ok,11778
507543.328000,95.0,Ok,77.0,Ok,11779
507543.375000,88.0,Ok,87.0,Ok,11780
507543.421000,90.0,Ok,76.0,Ok,11781
507543.468000,81.0,Ok,84.0,Ok,11782
507543.515000,88.0,Ok,78.0,Ok,11783
507543.578000,91.0,Ok,79.0,Ok,11784
507543.625000,90.0,Ok,84.0,Ok,11785
507543.671000,88.0,Ok,77.0,Ok,11786
507543.718000,82.0,Ok,80.0,Ok,11787
507543.765000,86.0,Ok,89.0,Ok,11788
507543.828000,89.0,Ok,79.0,Ok,11789
507543.875000,90.0,Ok,83.0,Ok,11790
507543.921000,101.0,Ok,88.0,Ok,11791
507543.968000,91.0,Ok,79.0,Ok,11792
507544.015000,85.0,Ok,77.0,Ok,11793
507544.078000,93.0,Ok,80.0,Ok,11794
507544.125000,85.0,Ok,79.0,Ok,11795
507544.171000,82.0,Ok,82.0,Ok,11796
507544.218000,76.0,Ok,79.0,Ok,11797
507544.281000,88.0,Ok,76.0,Ok,11798
507544.328000,86.0,Ok,82.0,Ok,11799
507544.375000,92.0,Ok,81.0,Ok,11800
507544.421000,84.0,Ok,80.0,Ok,11801
507544.468000,94.0,Ok,78.0,Ok,11802
507544.515000,91.0,Ok,82.0,Ok,11803
507544.578000,89.0,Ok,75.0,Ok,11804
507544.625000,84.0,Ok,84.0,Ok,11805
507544.671000,77.0,Ok,86.0,Ok,11806
507544.718000,90.0,Ok,78.0,Ok,11807
507544.781000,101.0,Ok,80.0,Ok,11808
507544.828000,94.0,Ok,82.0,Ok,11809
507544.875000,90.0,Ok,82.0,Ok,11810
507544.921000,82.0,Ok,81.0,Ok,11811
507544.968000,89.0,Ok,77.0,Ok,11812
507545.015000,91.0,Ok,79.0,Ok,11813
507545.078000,89.0,Ok,79.0,Ok,11814
507545.125000,84.0,Ok,78.0,Ok,11815
507545.171000,88.0,Ok,86.0,Ok,11816
507545.218000,98.0,Ok,78.0,Ok,11817
507545.265000,101.0,Ok,77.0,Ok,11818
507545.328000,89.0,Ok,77.0,Ok,11819
507545.375000,89.0,Ok,87.0,Ok,11820
507545.421000,84.0,Ok,72.0,Ok,11821
507545.468000,83.0,Ok,76.0,Ok,11822
507545.515000,84.0,Ok,81.0,Ok,11823
507545.578000,88.0,Ok,80.0,Ok,11824
507545.625000,91.0,Ok,78.0,Ok,11825
507545.671000,97.0,Ok,78.0,Ok,11826
507545.734000,100.0,Ok,79.0,Ok,11827
507545.781000,82.0,Ok,79.0,Ok,11828
507545.828000,83.0,Ok,85.0,Ok,11829
507545.859000,84.0,Ok,77.0,Ok,11830
507545.921000,86.0,Ok,91.0,Ok,11831
507545.968000,84.0,Ok,73.0,Ok,11832
507546.031000,84.0,Ok,87.0,Ok,11833
507546.078000,94.0,Ok,83.0,Ok,11834
507546.125000,96.0,Ok,79.0,Ok,11835
507546.171000,99.0,Ok,78.0,Ok,11836
507546.234000,97.0,Ok,79.0,Ok,11837
507546.281000,90.0,Ok,84.0,Ok,11838
507546.328000,94.0,Ok,88.0,Ok,11839
507546.375000,93.0,Ok,88.0,Ok,11840
507546.421000,87.0,Ok,78.0,Ok,11841
507546.468000,74.0,Ok,83.0,Ok,11842
507546.531000,94.0,Ok,79.0,Ok,11843
507546.578000,95.0,Ok,87.0,Ok,11844
507546.609000,86.0,Ok,88.0,Ok,11845
507546.671000,90.0,Ok,81.0,Ok,11846
507546.718000,85.0,Ok,80.0,Ok,11847
507546.781000,94.0,Ok,78.0,Ok,11848
507546.828000,85.0,Ok,77.0,Ok,11849
507546.875000,75.0,Ok,88.0,Ok,11850
507546.921000,88.0,Ok,75.0,Ok,11851
507546.968000,86.0,Ok,75.0,Ok,11852
507547.015000,71.0,Ok,81.0,Ok,11853
507547.078000,85.0,Ok,86.0,Ok,11854
507547.125000,94.0,Ok,75.0,Ok,11855
507547.171000,88.0,Ok,78.0,Ok,11856
507547.218000,77.0,Ok,85.0,Ok,11857
507547.281000,88.0,Ok,83.0,Ok,11858
507547.328000,85.0,Ok,81.0,Ok,11859
507547.375000,95.0,Ok,82.0,Ok,11860
507547.421000,87.0,Ok,88.0,Ok,11861
507547.468000,86.0,Ok,93.0,Ok,11862
507547.515000,83.0,Ok,75.0,Ok,11863
507547.562000,80.0,Ok,84.0,Ok,11864
507547.609000,76.0,Ok,78.0,Ok,11865
507547.656000,89.0,Ok,85.0,Ok,11866
507547.718000,75.0,Ok,84.0,Ok,11867
507547.765000,91.0,Ok,80.0,Ok,11868
507547.828000,80.0,Ok,88.0,Ok,11869
507547.875000,96.0,Ok,81.0,Ok,11870
507547.921000,83.0,Ok,82.0,Ok,11871
507547.968000,92.0,Ok,82.0,Ok,11872
507548.015000,85.0,Ok,85.0,Ok,11873
507548.078000,98.0,Ok,86.0,Ok,11874
507548.125000,109.0,Ok,73.0,Ok,11875
507548.171000,94.0,Ok,78.0,Ok,11876
507548.218000,87.0,Ok,79.0,Ok,11877
507548.281000,96.0,Ok,84.0,Ok,11878
507548.328000,76.0,Ok,74.0,Ok,11879
507548.375000,100.0,Ok,79.0,Ok,11880
507548.421000,98.0,Ok,73.0,Ok,11881
507548.468000,74.0,Ok,80.0,Ok,11882
507548.531000,89.0,Ok,88.0,Ok,11883
507548.578000,79.0,Ok,77.0,Ok,11884
507548.640000,91.0,Ok,80.0,Ok,11885
507548.671000,114.0,Ok,89.0,Ok,11886
507548.718000,78.0,Ok,77.0,Ok,11887
507548.781000,84.0,Ok,96.0,Ok,11888
507548.828000,85.0,Ok,92.0,Ok,11889
507548.859000,81.0,Ok,76.0,Ok,11890
507548.921000,97.0,Ok,87.0,Ok,11891
507548.968000,96.0,Ok,87.0,Ok,11892
507549.015000,83.0,Ok,76.0,Ok,11893
507549.078000,83.0,Ok,110.0,Ok,11894
507549.125000,75.0,Ok,85.0,Ok,11895
507549.171000,92.0,Ok,81.0,Ok,11896
507549.218000,114.0,Ok,90.0,Ok,11897
507549.265000,77.0,Ok,87.0,Ok,11898
507549.312000,65535.0,RangingRxTimeout,79.0,Ok,11899
507549.375000,82.0,Ok,73.0,Ok,11900
507549.421000,81.0,Ok,77.0,Ok,11901
507549.468000,87.0,Ok,84.0,Ok,11902
507549.515000,100.0,Ok,84.0,Ok,11903
507549.578000,102.0,Ok,89.0,Ok,11904
507549.625000,80.0,Ok,83.0,Ok,11905
507549.671000,83.0,Ok,84.0,Ok,11906
507549.718000,91.0,Ok,84.0,Ok,11907
507549.781000,84.0,Ok,84.0,Ok,11908
507549.828000,86.0,Ok,79.0,Ok,11909
507549.875000,75.0,Ok,91.0,Ok,11910
507549.921000,91.0,Ok,81.0,Ok,11911
507549.968000,87.0,Ok,85.0,Ok,11912
507550.031000,81.0,Ok,73.0,Ok,11913
507550.078000,80.0,Ok,92.0,Ok,11914
507550.125000,104.0,Ok,84.0,Ok,11915
507550.171000,104.0,Ok,73.0,Ok,11916
507550.218000,82.0,Ok,90.0,Ok,11917
507550.281000,98.0,Ok,89.0,Ok,11918
507550.328000,105.0,Ok,71.0,Ok,11919
507550.375000,86.0,Ok,90.0,Ok,11920
507550.421000,79.0,Ok,93.0,Ok,11921
507550.468000,81.0,Ok,81.0,Ok,11922
507550.515000,89.0,Ok,84.0,Ok,11923
507550.578000,84.0,Ok,90.0,Ok,11924
507550.625000,93.0,Ok,78.0,Ok,11925
507550.671000,89.0,Ok,97.0,Ok,11926
507550.718000,91.0,Ok,78.0,Ok,11927
507550.765000,95.0,Ok,84.0,Ok,11928
507550.828000,105.0,Ok,78.0,Ok,11929
507550.875000,82.0,Ok,95.0,Ok,11930
507550.921000,91.0,Ok,69.0,Ok,11931
507550.968000,101.0,Ok,93.0,Ok,11932
507551.015000,98.0,Ok,99.0,Ok,11933
507551.062000,102.0,Ok,86.0,Ok,11934
507551.125000,77.0,Ok,81.0,Ok,11935
507551.156000,83.0,Ok,88.0,Ok,11936
507551.218000,89.0,Ok,89.0,Ok,11937
507551.281000,90.0,Ok,92.0,Ok,11938
507551.328000,99.0,Ok,93.0,Ok,11939
507551.375000,94.0,Ok,85.0,Ok,11940
507551.421000,97.0,Ok,91.0,Ok,11941
507551.468000,91.0,Ok,87.0,Ok,11942
507551.515000,102.0,Ok,81.0,Ok,11943
507551.578000,96.0,Ok,80.0,Ok,11944
507551.625000,90.0,Ok,82.0,Ok,11945
507551.671000,83.0,Ok,75.0,Ok,11946
507551.718000,100.0,Ok,92.0,Ok,11947
507551.765000,82.0,Ok,75.0,Ok,11948
507551.828000,103.0,Ok,84.0,Ok,11949
507551.875000,94.0,Ok,84.0,Ok,11950
507551.921000,90.0,Ok,90.0,Ok,11951
507551.968000,89.0,Ok,77.0,Ok,11952
507552.015000,102.0,Ok,94.0,Ok,11953
507552.078000,81.0,Ok,77.0,Ok,11954
507552.125000,101.0,Ok,87.0,Ok,11955
507552.171000,92.0,Ok,81.0,Ok,11956
507552.218000,91.0,Ok,92.0,Ok,11957
507552.265000,99.0,Ok,89.0,Ok,11958
507552.328000,126.0,Ok,90.0,Ok,11959
507552.375000,92.0,Ok,77.0,Ok,11960
507552.421000,105.0,Ok,84.0,Ok,11961
507552.468000,89.0,Ok,86.0,Ok,11962
507552.531000,90.0,Ok,86.0,Ok,11963
507552.578000,95.0,Ok,89.0,Ok,11964
507552.625000,74.0,Ok,86.0,Ok,11965
507552.656000,89.0,Ok,79.0,Ok,11966
507552.718000,86.0,Ok,93.0,Ok,11967
507552.765000,84.0,Ok,79.0,Ok,11968
507552.828000,84.0,Ok,84.0,Ok,11969
507552.859000,81.0,Ok,95.0,Ok,11970
507552.921000,77.0,Ok,94.0,Ok,11971
507552.968000,82.0,Ok,88.0,Ok,11972
507553.015000,73.0,Ok,88.0,Ok,11973
507553.062000,89.0,Ok,112.0,Ok,11974
507553.125000,90.0,Ok,120.0,Ok,11975
507553.171000,86.0,Ok,100.0,Ok,11976
507553.218000,78.0,Ok,89.0,Ok,11977
507553.281000,75.0,Ok,84.0,Ok,11978
507553.328000,85.0,Ok,88.0,Ok,11979
507553.375000,95.0,Ok,109.0,Ok,11980
507553.421000,90.0,Ok,98.0,Ok,11981
507553.468000,81.0,Ok,97.0,Ok,11982
507553.531000,81.0,Ok,92.0,Ok,11983
507553.578000,82.0,Ok,92.0,Ok,11984
507553.625000,87.0,Ok,107.0,Ok,11985
507553.671000,65.0,Ok,97.0,Ok,11986
507553.718000,87.0,Ok,119.0,Ok,11987
507553.781000,79.0,Ok,93.0,Ok,11988
507553.828000,80.0,Ok,78.0,Ok,11989
507553.875000,80.0,Ok,87.0,Ok,11990
507553.921000,79.0,Ok,103.0,Ok,11991
507553.968000,84.0,Ok,55.0,Ok,11992
507554.031000,89.0,Ok,107.0,Ok,11993
507554.093000,81.0,Ok,89.0,Ok,11994
507554.125000,82.0,Ok,78.0,Ok,11995
507554.171000,75.0,Ok,78.0,Ok,11996
507554.218000,87.0,Ok,83.0,Ok,11997
507554.265000,77.0,Ok,118.0,Ok,11998
507554.328000,73.0,Ok,100.0,Ok,11999
507554.375000,91.0,Ok,85.0,Ok,12000
507554.421000,75.0,Ok,92.0,Ok,12001
507554.468000,90.0,Ok,77.0,Ok,12002
507554.531000,74.0,Ok,105.0,Ok,12003
507554.578000,87.0,Ok,99.0,Ok,12004
507554.625000,83.0,Ok,90.0,Ok,12005
507554.671000,93.0,Ok,89.0,Ok,12006
507554.718000,87.0,Ok,95.0,Ok,12007
507554.765000,77.0,Ok,99.0,Ok,12008
507554.812000,95.0,Ok,98.0,Ok,12009
507554.875000,75.0,Ok,98.0,Ok,12010
507554.921000,77.0,Ok,73.0,Ok,12011
507554.968000,69.0,Ok,94.0,Ok,12012
507555.015000,84.0,Ok,91.0,Ok,12013
507555.078000,91.0,Ok,108.0,Ok,12014
507555.109000,77.0,Ok,113.0,Ok,12015
507555.156000,93.0,Ok,90.0,Ok,12016
507555.218000,97.0,Ok,80.0,Ok,12017
507555.281000,76.0,Ok,92.0,Ok,12018
507555.328000,89.0,Ok,110.0,Ok,12019
507555.375000,77.0,Ok,108.0,Ok,12020
507555.421000,92.0,Ok,82.0,Ok,12021
507555.468000,56.0,Ok,91.0,Ok,12022
507555.531000,87.0,Ok,80.0,Ok,12023
507555.562000,92.0,Ok,100.0,Ok,12024
507555.625000,75.0,Ok,107.0,Ok,12025
507555.671000,84.0,Ok,89.0,Ok,12026
507555.718000,80.0,Ok,87.0,Ok,12027
507555.765000,80.0,Ok,89.0,Ok,12028
507555.828000,74.0,Ok,81.0,Ok,12029
507555.875000,71.0,Ok,103.0,Ok,12030
507555.921000,75.0,Ok,84.0,Ok,12031
507555.968000,85.0,Ok,77.0,Ok,12032
507556.015000,59.0,Ok,86.0,Ok,12033
507556.078000,90.0,Ok,82.0,Ok,12034
507556.125000,104.0,Ok,70.0,Ok,12035
507556.171000,85.0,Ok,86.0,Ok,12036
507556.218000,73.0,Ok,96.0,Ok,12037
507556.281000,71.0,Ok,84.0,Ok,12038
507556.312000,93.0,Ok,79.0,Ok,12039
507556.375000,88.0,Ok,104.0,Ok,12040
507556.421000,87.0,Ok,87.0,Ok,12041
507556.468000,86.0,Ok,72.0,Ok,12042
507556.531000,92.0,Ok,99.0,Ok,12043
507556.578000,107.0,Ok,73.0,Ok,12044
507556.609000,117.0,Ok,82.0,Ok,12045
507556.671000,98.0,Ok,96.0,Ok,12046
507556.718000,98.0,Ok,90.0,Ok,12047
507556.781000,93.0,Ok,84.0,Ok,12048
507556.828000,92.0,Ok,76.0,Ok,12049
507556.875000,94.0,Ok,99.0,Ok,12050
507556.921000,117.0,Ok,88.0,Ok,12051
507556.968000,79.0,Ok,92.0,Ok,12052
507557.031000,114.0,Ok,93.0,Ok,12053
507557.078000,124.0,Ok,83.0,Ok,12054
507557.125000,91.0,Ok,85.0,Ok,12055
507557.171000,92.0,Ok,92.0,Ok,12056
507557.218000,103.0,Ok,87.0,Ok,12057
507557.281000,117.0,Ok,95.0,Ok,12058
507557.312000,103.0,Ok,76.0,Ok,12059
507557.375000,103.0,Ok,85.0,Ok,12060
507557.421000,79.0,Ok,78.0,Ok,12061
507557.468000,105.0,Ok,89.0,Ok,12062
507557.531000,91.0,Ok,92.0,Ok,12063
507557.578000,92.0,Ok,87.0,Ok,12064
507557.625000,81.0,Ok,95.0,Ok,12065
507557.671000,128.0,Ok,79.0,Ok,12066
507557.718000,102.0,Ok,89.0,Ok,12067
507557.781000,95.0,Ok,77.0,Ok,12068
507557.828000,106.0,Ok,85.0,Ok,12069
507557.875000,102.0,Ok,78.0,Ok,12070
507557.921000,86.0,Ok,73.0,Ok,12071
507557.984000,88.0,Ok,73.0,Ok,12072
507558.015000,92.0,Ok,94.0,Ok,12073
507558.078000,104.0,Ok,85.0,Ok,12074
507558.125000,100.0,Ok,84.0,Ok,12075
507558.187000,103.0,Ok,85.0,Ok,12076
507558.218000,105.0,Ok,82.0,Ok,12077
507558.281000,95.0,Ok,82.0,Ok,12078
507558.328000,92.0,Ok,75.0,Ok,12079
507558.375000,102.0,Ok,86.0,Ok,12080
507558.421000,87.0,Ok,86.0,Ok,12081
507558.468000,76.0,Ok,92.0,Ok,12082
507558.515000,104.0,Ok,83.0,Ok,12083
507558.562000,121.0,Ok,82.0,Ok,12084
507558.625000,100.0,Ok,77.0,Ok,12085
507558.671000,89.0,Ok,81.0,Ok,12086
507558.718000,94.0,Ok,78.0,Ok,12087
507558.765000,89.0,Ok,100.0,Ok,12088
507558.828000,88.0,Ok,92.0,Ok,12089
507558.859000,90.0,Ok,90.0,Ok,12090
507558.921000,89.0,Ok,96.0,Ok,12091
507558.968000,76.0,Ok,81.0,Ok,12092
507559.031000,99.0,Ok,91.0,Ok,12093
507559.078000,98.0,Ok,86.0,Ok,12094
507559.125000,93.0,Ok,86.0,Ok,12095
507559.171000,94.0,Ok,88.0,Ok,12096
507559.218000,90.0,Ok,85.0,Ok,12097
507559.265000,88.0,Ok,97.0,Ok,12098
507559.328000,99.0,Ok,83.0,Ok,12099
507559.375000,92.0,Ok,90.0,Ok,12100
507559.421000,97.0,Ok,89.0,Ok,12101
507559.468000,129.0,Ok,86.0,Ok,12102
507559.546000,102.0,Ok,85.0,Ok,12103
507559.578000,124.0,Ok,85.0,Ok,12104
507559.625000,83.0,Ok,92.0,Ok,12105
507559.671000,89.0,Ok,92.0,Ok,12106
507559.718000,91.0,Ok,96.0,Ok,12107
507559.781000,94.0,Ok,90.0,Ok,12108
507559.812000,96.0,Ok,78.0,Ok,12109
507559.875000,86.0,Ok,95.0,Ok,12110
507559.921000,94.0,Ok,84.0,Ok,12111
507559.968000,114.0,Ok,80.0,Ok,12112
507560.015000,104.0,Ok,93.0,Ok,12113
507560.078000,79.0,Ok,86.0,Ok,12114
507560.125000,73.0,Ok,83.0,Ok,12115
507560.171000,88.0,Ok,68.0,Ok,12116
507560.218000,92.0,Ok,94.0,Ok,12117
507560.265000,91.0,Ok,69.0,Ok,12118
507560.328000,100.0,Ok,89.0,Ok,12119
507560.375000,123.0,Ok,75.0,Ok,12120
507560.421000,99.0,Ok,84.0,Ok,12121
507560.468000,121.0,Ok,86.0,Ok,12122
507560.515000,86.0,Ok,85.0,Ok,12123
507560.578000,92.0,Ok,86.0,Ok,12124
507560.609000,86.0,Ok,91.0,Ok,12125
507560.671000,84.0,Ok,90.0,Ok,12126
507560.718000,84.0,Ok,88.0,Ok,12127
507560.781000,90.0,Ok,82.0,Ok,12128
507560.828000,88.0,Ok,87.0,Ok,12129
507560.875000,87.0,Ok,88.0,Ok,12130
507560.921000,84.0,Ok,83.0,Ok,12131
507560.968000,81.0,Ok,87.0,Ok,12132
507561.015000,90.0,Ok,80.0,Ok,12133
507561.062000,87.0,Ok,84.0,Ok,12134
507561.125000,83.0,Ok,92.0,Ok,12135
507561.156000,87.0,Ok,88.0,Ok,12136
507561.218000,90.0,Ok,91.0,Ok,12137
507561.265000,87.0,Ok,80.0,Ok,12138
507561.328000,92.0,Ok,82.0,Ok,12139
507561.375000,88.0,Ok,81.0,Ok,12140
507561.421000,88.0,Ok,84.0,Ok,12141
507561.468000,85.0,Ok,84.0,Ok,12142
507561.515000,87.0,Ok,82.0,Ok,12143
507561.578000,90.0,Ok,80.0,Ok,12144
507561.625000,78.0,Ok,75.0,Ok,12145
507561.671000,90.0,Ok,79.0,Ok,12146
507561.718000,80.0,Ok,84.0,Ok,12147
507561.781000,86.0,Ok,79.0,Ok,12148
507561.828000,89.0,Ok,77.0,Ok,12149
507561.875000,77.0,Ok,87.0,Ok,12150
507561.921000,86.0,Ok,88.0,Ok,12151
507561.968000,86.0,Ok,84.0,Ok,12152
507562.015000,85.0,Ok,78.0,Ok,12153
507562.062000,89.0,Ok,76.0,Ok,12154
507562.125000,84.0,Ok,87.0,Ok,12155
507562.171000,81.0,Ok,80.0,Ok,12156
507562.218000,84.0,Ok,82.0,Ok,12157
507562.265000,87.0,Ok,74.0,Ok,12158
507562.328000,86.0,Ok,80.0,Ok,12159
507562.375000,84.0,Ok,77.0,Ok,12160
507562.421000,77.0,Ok,84.0,Ok,12161
507562.468000,83.0,Ok,91.0,Ok,12162
507562.515000,83.0,Ok,82.0,Ok,12163
507562.578000,89.0,Ok,87.0,Ok,12164
507562.625000,83.0,Ok,82.0,Ok,12165
507562.671000,78.0,Ok,86.0,Ok,12166
507562.718000,75.0,Ok,79.0,Ok,12167
507562.765000,77.0,Ok,80.0,Ok,12168
507562.828000,90.0,Ok,81.0,Ok,12169
507562.875000,84.0,Ok,82.0,Ok,12170
507562.921000,90.0,Ok,80.0,Ok,12171
507562.968000,82.0,Ok,79.0,Ok,12172
507563.015000,90.0,Ok,83.0,Ok,12173
507563.078000,92.0,Ok,82.0,Ok,12174
507563.125000,91.0,Ok,84.0,Ok,12175
507563.171000,84.0,Ok,90.0,Ok,12176
507563.218000,90.0,Ok,77.0,Ok,12177
507563.265000,84.0,Ok,78.0,Ok,12178
507563.328000,78.0,Ok,86.0,Ok,12179
507563.375000,98.0,Ok,88.0,Ok,12180
507563.421000,83.0,Ok,93.0,Ok,12181
507563.468000,85.0,Ok,92.0,Ok,12182
507563.531000,86.0,Ok,81.0,Ok,12183
507563.578000,93.0,Ok,83.0,Ok,12184
507563.625000,84.0,Ok,88.0,Ok,12185
507563.718000,87.0,Ok,86.0,Ok,12186
507563.718000,88.0,Ok,87.0,Ok,12187
507563.781000,82.0,Ok,89.0,Ok,12188
507563.828000,80.0,Ok,82.0,Ok,12189
507563.875000,84.0,Ok,84.0,Ok,12190
507563.921000,75.0,Ok,89.0,Ok,12191
507563.968000,91.0,Ok,76.0,Ok,12192
507564.015000,83.0,Ok,86.0,Ok,12193
507564.078000,81.0,Ok,79.0,Ok,12194
507564.125000,72.0,Ok,76.0,Ok,12195
507564.171000,81.0,Ok,72.0,Ok,12196
507564.218000,72.0,Ok,71.0,Ok,12197
507564.281000,85.0,Ok,79.0,Ok,12198
507564.328000,77.0,Ok,81.0,Ok,12199
507564.375000,75.0,Ok,80.0,Ok,12200
507564.421000,80.0,Ok,79.0,Ok,12201
507564.484000,69.0,Ok,106.0,Ok,12202
507564.515000,73.0,Ok,90.0,Ok,12203
507564.578000,79.0,Ok,115.0,Ok,12204
507564.625000,78.0,Ok,82.0,Ok,12205
507564.671000,76.0,Ok,83.0,Ok,12206
507564.718000,73.0,Ok,93.0,Ok,12207
507564.781000,81.0,Ok,98.0,Ok,12208
507564.812000,70.0,Ok,126.0,Ok,12209
507564.875000,82.0,Ok,78.0,Ok,12210
507564.921000,84.0,Ok,79.0,Ok,12211
507565.000000,80.0,Ok,77.0,Ok,12212
507565.015000,72.0,Ok,104.0,Ok,12213
507565.062000,75.0,Ok,103.0,Ok,12214
507565.125000,74.0,Ok,92.0,Ok,12215
507565.171000,84.0,Ok,79.0,Ok,12216
507565.218000,79.0,Ok,95.0,Ok,12217
507565.265000,77.0,Ok,79.0,Ok,12218
507565.328000,84.0,Ok,107.0,Ok,12219
507565.375000,77.0,Ok,99.0,Ok,12220
507565.421000,71.0,Ok,93.0,Ok,12221
507565.468000,78.0,Ok,72.0,Ok,12222
507565.515000,76.0,Ok,65.0,Ok,12223
507565.562000,72.0,Ok,76.0,Ok,12224
507565.625000,82.0,Ok,77.0,Ok,12225
507565.671000,78.0,Ok,69.0,Ok,12226
507565.718000,71.0,Ok,91.0,Ok,12227
507565.765000,76.0,Ok,77.0,Ok,12228
507565.828000,75.0,Ok,73.0,Ok,12229
507565.875000,72.0,Ok,81.0,Ok,12230
507565.921000,77.0,Ok,80.0,Ok,12231
507565.968000,78.0,Ok,86.0,Ok,12232
507566.031000,71.0,Ok,76.0,Ok,12233
507566.062000,86.0,Ok,73.0,Ok,12234
507566.109000,75.0,Ok,73.0,Ok,12235
507566.171000,84.0,Ok,88.0,Ok,12236
507566.218000,76.0,Ok,96.0,Ok,12237
507566.265000,73.0,Ok,82.0,Ok,12238
507566.328000,77.0,Ok,74.0,Ok,12239
507566.359000,83.0,Ok,81.0,Ok,12240
507566.421000,74.0,Ok,77.0,Ok,12241
507566.468000,81.0,Ok,81.0,Ok,12242
507566.515000,78.0,Ok,85.0,Ok,12243
507566.578000,77.0,Ok,76.0,Ok,12244
507566.625000,81.0,Ok,76.0,Ok,12245
507566.671000,86.0,Ok,82.0,Ok,12246
507566.718000,73.0,Ok,78.0,Ok,12247
507566.765000,76.0,Ok,83.0,Ok,12248
507566.812000,74.0,Ok,91.0,Ok,12249
507566.875000,88.0,Ok,90.0,Ok,12250
507566.921000,70.0,Ok,78.0,Ok,12251
507566.968000,75.0,Ok,77.0,Ok,12252
507567.015000,81.0,Ok,80.0,Ok,12253
507567.078000,69.0,Ok,83.0,Ok,12254
507567.125000,85.0,Ok,70.0,Ok,12255
507567.171000,83.0,Ok,92.0,Ok,12256
507567.218000,77.0,Ok,80.0,Ok,12257
507567.265000,85.0,Ok,85.0,Ok,12258
507567.328000,79.0,Ok,85.0,Ok,12259
507567.375000,73.0,Ok,81.0,Ok,12260
507567.421000,81.0,Ok,87.0,Ok,12261
507567.468000,78.0,Ok,74.0,Ok,12262
507567.531000,68.0,Ok,79.0,Ok,12263
507567.578000,75.0,Ok,86.0,Ok,12264
507567.625000,65535.0,RangingRxTimeout,79.0,Ok,12265
507567.671000,77.0,Ok,82.0,Ok,12266
507567.734000,82.0,Ok,77.0,Ok,12267
507567.781000,73.0,Ok,69.0,Ok,12268
507567.828000,83.0,Ok,69.0,Ok,12269
507567.875000,72.0,Ok,80.0,Ok,12270
507567.921000,78.0,Ok,79.0,Ok,12271
507567.968000,78.0,Ok,74.0,Ok,12272
507568.015000,79.0,Ok,74.0,Ok,12273
507568.062000,76.0,Ok,74.0,Ok,12274
507568.125000,86.0,Ok,80.0,Ok,12275
507568.171000,72.0,Ok,77.0,Ok,12276
507568.218000,81.0,Ok,78.0,Ok,12277
507568.265000,74.0,Ok,78.0,Ok,12278
507568.328000,78.0,Ok,71.0,Ok,12279
507568.375000,79.0,Ok,83.0,Ok,12280
507568.421000,76.0,Ok,76.0,Ok,12281
507568.468000,81.0,Ok,77.0,Ok,12282
507568.531000,84.0,Ok,77.0,Ok,12283
507568.578000,75.0,Ok,77.0,Ok,12284
507568.625000,81.0,Ok,69.0,Ok,12285
507568.671000,79.0,Ok,74.0,Ok,12286
507568.718000,85.0,Ok,75.0,Ok,12287
507568.765000,79.0,Ok,82.0,Ok,12288
507568.812000,86.0,Ok,86.0,Ok,12289
507568.875000,75.0,Ok,80.0,Ok,12290
507568.921000,76.0,Ok,77.0,Ok,12291
507568.968000,81.0,Ok,79.0,Ok,12292
507569.031000,75.0,Ok,71.0,Ok,12293
507569.078000,84.0,Ok,73.0,Ok,12294
507569.125000,85.0,Ok,85.0,Ok,12295
507569.171000,72.0,Ok,81.0,Ok,12296
507569.218000,81.0,Ok,77.0,Ok,12297
507569.281000,80.0,Ok,79.0,Ok,12298
507569.328000,82.0,Ok,75.0,Ok,12299
507569.375000,76.0,Ok,76.0,Ok,12300
507569.406000,81.0,Ok,80.0,Ok,12301
507569.468000,78.0,Ok,79.0,Ok,12302
507569.531000,76.0,Ok,83.0,Ok,12303
507569.578000,80.0,Ok,79.0,Ok,12304
507569.625000,77.0,Ok,71.0,Ok,12305
507569.671000,76.0,Ok,85.0,Ok,12306
507569.718000,78.0,Ok,81.0,Ok,12307
507569.765000,76.0,Ok,81.0,Ok,12308
507569.812000,77.0,Ok,75.0,Ok,12309
507569.859000,79.0,Ok,72.0,Ok,12310
507569.921000,75.0,Ok,75.0,Ok,12311
507569.968000,81.0,Ok,74.0,Ok,12312
507570.015000,81.0,Ok,78.0,Ok,12313
507570.078000,75.0,Ok,85.0,Ok,12314
507570.125000,74.0,Ok,82.0,Ok,12315
507570.171000,83.0,Ok,83.0,Ok,12316
507570.218000,77.0,Ok,79.0,Ok,12317
507570.281000,76.0,Ok,74.0,Ok,12318
507570.328000,79.0,Ok,82.0,Ok,12319
507570.375000,73.0,Ok,79.0,Ok,12320
507570.453000,83.0,Ok,83.0,Ok,12321
507570.468000,81.0,Ok,88.0,Ok,12322
507570.515000,83.0,Ok,84.0,Ok,12323
507570.562000,76.0,Ok,75.0,Ok,12324
507570.609000,83.0,Ok,81.0,Ok,12325
507570.671000,84.0,Ok,79.0,Ok,12326
507570.718000,75.0,Ok,77.0,Ok,12327
507570.765000,79.0,Ok,84.0,Ok,12328
507570.812000,75.0,Ok,78.0,Ok,12329
507570.875000,79.0,Ok,77.0,Ok,12330
507570.921000,79.0,Ok,78.0,Ok,12331
507570.968000,83.0,Ok,79.0,Ok,12332
507571.015000,75.0,Ok,77.0,Ok,12333
507571.078000,81.0,Ok,94.0,Ok,12334
507571.125000,78.0,Ok,102.0,Ok,12335
507571.171000,79.0,Ok,81.0,Ok,12336
507571.218000,82.0,Ok,75.0,Ok,12337
507571.265000,92.0,Ok,75.0,Ok,12338
507571.328000,122.0,Ok,88.0,Ok,12339
507571.375000,104.0,Ok,83.0,Ok,12340
507571.421000,109.0,Ok,91.0,Ok,12341
507571.468000,145.0,Ok,99.0,Ok,12342
507571.515000,111.0,Ok,98.0,Ok,12343
507571.578000,109.0,Ok,101.0,Ok,12344
507571.625000,96.0,Ok,104.0,Ok,12345
507571.671000,119.0,Ok,104.0,Ok,12346
507571.718000,101.0,Ok,92.0,Ok,12347
507571.765000,116.0,Ok,83.0,Ok,12348
507571.875000,114.0,Ok,104.0,Ok,12349
507571.875000,107.0,Ok,102.0,Ok,12350
507571.921000,149.0,Ok,97.0,Ok,12351
507571.968000,88.0,Ok,90.0,Ok,12352
507572.015000,92.0,Ok,93.0,Ok,12353
507572.078000,116.0,Ok,100.0,Ok,12354
507572.125000,104.0,Ok,90.0,Ok,12355
507572.171000,112.0,Ok,118.0,Ok,12356
507572.218000,126.0,Ok,100.0,Ok,12357
507572.265000,132.0,Ok,81.0,Ok,12358
507572.328000,106.0,Ok,87.0,Ok,12359
507572.375000,90.0,Ok,75.0,Ok,12360
507572.421000,119.0,Ok,123.0,Ok,12361
507572.468000,114.0,Ok,92.0,Ok,12362
507572.531000,64.0,Ok,58.0,Ok,12363
507572.578000,108.0,Ok,82.0,Ok,12364
507572.625000,77.0,Ok,83.0,Ok,12365
507572.671000,63.0,Ok,88.0,Ok,12366
507572.718000,117.0,Ok,99.0,Ok,12367
507572.765000,112.0,Ok,91.0,Ok,12368
507572.828000,132.0,Ok,92.0,Ok,12369
507572.875000,107.0,Ok,89.0,Ok,12370
507572.921000,95.0,Ok,99.0,Ok,12371
507572.968000,125.0,Ok,77.0,Ok,12372
507573.015000,87.0,Ok,99.0,Ok,12373
507573.078000,144.0,Ok,101.0,Ok,12374
507573.109000,128.0,Ok,86.0,Ok,12375
507573.171000,102.0,Ok,74.0,Ok,12376
507573.218000,82.0,Ok,99.0,Ok,12377
507573.281000,119.0,Ok,91.0,Ok,12378
507573.328000,122.0,Ok,90.0,Ok,12379
507573.375000,97.0,Ok,100.0,Ok,12380
507573.421000,112.0,Ok,80.0,Ok,12381
507573.468000,103.0,Ok,99.0,Ok,12382
507573.515000,130.0,Ok,84.0,Ok,12383
507573.578000,104.0,Ok,90.0,Ok,12384
507573.625000,123.0,Ok,91.0,Ok,12385
507573.671000,105.0,Ok,84.0,Ok,12386
507573.718000,109.0,Ok,94.0,Ok,12387
507573.781000,92.0,Ok,67.0,Ok,12388
507573.828000,110.0,Ok,85.0,Ok,12389
507573.875000,103.0,Ok,85.0,Ok,12390
507573.921000,120.0,Ok,85.0,Ok,12391
507573.968000,101.0,Ok,101.0,Ok,12392
507574.015000,107.0,Ok,94.0,Ok,12393
507574.078000,100.0,Ok,73.0,Ok,12394
507574.125000,91.0,Ok,84.0,Ok,12395
507574.171000,122.0,Ok,86.0,Ok,12396
507574.218000,109.0,Ok,89.0,Ok,12397
507574.281000,110.0,Ok,86.0,Ok,12398
507574.328000,137.0,Ok,78.0,Ok,12399
507574.375000,117.0,Ok,92.0,Ok,12400
507574.421000,101.0,Ok,80.0,Ok,12401
507574.468000,110.0,Ok,84.0,Ok,12402
507574.531000,113.0,Ok,74.0,Ok,12403
507574.578000,93.0,Ok,104.0,Ok,12404
507574.625000,94.0,Ok,89.0,Ok,12405
507574.671000,103.0,Ok,96.0,Ok,12406
507574.718000,105.0,Ok,85.0,Ok,12407
507574.765000,70.0,Ok,77.0,Ok,12408
507574.812000,116.0,Ok,81.0,Ok,12409
507574.859000,116.0,Ok,95.0,Ok,12410
507574.906000,97.0,Ok,120.0,Ok,12411
507574.968000,98.0,Ok,94.0,Ok,12412
507575.015000,111.0,Ok,89.0,Ok,12413
507575.078000,106.0,Ok,84.0,Ok,12414
507575.125000,99.0,Ok,78.0,Ok,12415
507575.171000,103.0,Ok,85.0,Ok,12416
507575.218000,94.0,Ok,83.0,Ok,12417
507575.265000,90.0,Ok,77.0,Ok,12418
507575.312000,107.0,Ok,90.0,Ok,12419
507575.359000,99.0,Ok,90.0,Ok,12420
507575.421000,103.0,Ok,80.0,Ok,12421
507575.453000,105.0,Ok,88.0,Ok,12422
507575.531000,100.0,Ok,84.0,Ok,12423
507575.578000,92.0,Ok,87.0,Ok,12424
507575.625000,90.0,Ok,63.0,Ok,12425
507575.671000,99.0,Ok,88.0,Ok,12426
507575.718000,100.0,Ok,89.0,Ok,12427
507575.765000,81.0,Ok,93.0,Ok,12428
507575.828000,99.0,Ok,88.0,Ok,12429
507575.875000,109.0,Ok,86.0,Ok,12430
507575.921000,104.0,Ok,90.0,Ok,12431
507575.968000,105.0,Ok,87.0,Ok,12432
507576.031000,106.0,Ok,85.0,Ok,12433
507576.062000,135.0,Ok,88.0,Ok,12434
507576.125000,98.0,Ok,89.0,Ok,12435
507576.171000,104.0,Ok,87.0,Ok,12436
507576.218000,106.0,Ok,84.0,Ok,12437
507576.281000,97.0,Ok,85.0,Ok,12438
507576.328000,93.0,Ok,84.0,Ok,12439
507576.375000,92.0,Ok,84.0,Ok,12440
507576.421000,99.0,Ok,79.0,Ok,12441
507576.468000,91.0,Ok,88.0,Ok,12442
507576.531000,88.0,Ok,91.0,Ok,12443
507576.562000,89.0,Ok,77.0,Ok,12444
507576.625000,91.0,Ok,75.0,Ok,12445
507576.671000,92.0,Ok,76.0,Ok,12446
507576.718000,95.0,Ok,77.0,Ok,12447
507576.765000,112.0,Ok,90.0,Ok,12448
507576.812000,86.0,Ok,82.0,Ok,12449
507576.875000,92.0,Ok,82.0,Ok,12450
507576.921000,96.0,Ok,93.0,Ok,12451
507576.968000,96.0,Ok,82.0,Ok,12452
507577.031000,98.0,Ok,78.0,Ok,12453
507577.062000,91.0,Ok,84.0,Ok,12454
507577.125000,85.0,Ok,86.0,Ok,12455
507577.171000,96.0,Ok,84.0,Ok,12456
507577.218000,99.0,Ok,81.0,Ok,12457
507577.281000,99.0,Ok,76.0,Ok,12458
507577.312000,90.0,Ok,83.0,Ok,12459
507577.375000,89.0,Ok,87.0,Ok,12460
507577.421000,90.0,Ok,87.0,Ok,12461
507577.468000,89.0,Ok,87.0,Ok,12462
507577.515000,91.0,Ok,77.0,Ok,12463
507577.578000,72.0,Ok,78.0,Ok,12464
507577.625000,87.0,Ok,90.0,Ok,12465
507577.671000,77.0,Ok,92.0,Ok,12466
507577.718000,90.0,Ok,93.0,Ok,12467
507577.765000,77.0,Ok,89.0,Ok,12468
507577.828000,90.0,Ok,92.0,Ok,12469
507577.875000,90.0,Ok,91.0,Ok,12470
507577.921000,91.0,Ok,93.0,Ok,12471
507577.968000,73.0,Ok,92.0,Ok,12472
507578.015000,89.0,Ok,92.0,Ok,12473
507578.062000,90.0,Ok,97.0,Ok,12474
507578.125000,90.0,Ok,96.0,Ok,12475
507578.171000,83.0,Ok,88.0,Ok,12476
507578.218000,79.0,Ok,92.0,Ok,12477
507578.265000,77.0,Ok,85.0,Ok,12478
507578.312000,96.0,Ok,85.0,Ok,12479
507578.359000,94.0,Ok,96.0,Ok,12480
507578.421000,93.0,Ok,84.0,Ok,12481
507578.468000,112.0,Ok,98.0,Ok,12482
507578.515000,107.0,Ok,102.0,Ok,12483
507578.562000,117.0,Ok,98.0,Ok,12484
507578.625000,89.0,Ok,91.0,Ok,12485
507578.671000,88.0,Ok,92.0,Ok,12486
507578.718000,110.0,Ok,100.0,Ok,12487
507578.765000,109.0,Ok,99.0,Ok,12488
507578.828000,133.0,Ok,92.0,Ok,12489
507578.875000,114.0,Ok,98.0,Ok,12490
507578.921000,111.0,Ok,92.0,Ok,12491
507578.968000,109.0,Ok,90.0,Ok,12492
507579.015000,108.0,Ok,94.0,Ok,12493
507579.062000,102.0,Ok,93.0,Ok,12494
507579.109000,93.0,Ok,93.0,Ok,12495
507579.171000,100.0,Ok,96.0,Ok,12496
507579.218000,96.0,Ok,92.0,Ok,12497
507579.265000,98.0,Ok,95.0,Ok,12498
507579.312000,98.0,Ok,98.0,Ok,12499
507579.359000,99.0,Ok,88.0,Ok,12500
507579.421000,99.0,Ok,87.0,Ok,12501
507579.468000,95.0,Ok,85.0,Ok,12502
507579.531000,94.0,Ok,86.0,Ok,12503
507579.578000,98.0,Ok,92.0,Ok,12504
507579.625000,102.0,Ok,95.0,Ok,12505
507579.671000,102.0,Ok,95.0,Ok,12506
507579.718000,103.0,Ok,98.0,Ok,12507
507579.765000,99.0,Ok,91.0,Ok,12508
507579.812000,99.0,Ok,95.0,Ok,12509
507579.875000,96.0,Ok,92.0,Ok,12510
507579.921000,94.0,Ok,92.0,Ok,12511
507579.968000,97.0,Ok,92.0,Ok,12512
507580.031000,94.0,Ok,96.0,Ok,12513
507580.078000,95.0,Ok,92.0,Ok,12514
507580.125000,97.0,Ok,97.0,Ok,12515
507580.171000,96.0,Ok,99.0,Ok,12516
507580.218000,97.0,Ok,93.0,Ok,12517
507580.265000,98.0,Ok,99.0,Ok,12518
507580.312000,95.0,Ok,93.0,Ok,12519
507580.375000,100.0,Ok,98.0,Ok,12520
507580.421000,96.0,Ok,92.0,Ok,12521
507580.468000,94.0,Ok,93.0,Ok,12522
507580.531000,93.0,Ok,96.0,Ok,12523
507580.562000,94.0,Ok,92.0,Ok,12524
507580.625000,94.0,Ok,97.0,Ok,12525
507580.671000,95.0,Ok,95.0,Ok,12526
507580.718000,94.0,Ok,90.0,Ok,12527
507580.765000,95.0,Ok,90.0,Ok,12528
507580.828000,97.0,Ok,90.0,Ok,12529
507580.875000,98.0,Ok,89.0,Ok,12530
507580.921000,95.0,Ok,88.0,Ok,12531
507580.968000,95.0,Ok,89.0,Ok,12532
507581.031000,94.0,Ok,86.0,Ok,12533
507581.062000,92.0,Ok,92.0,Ok,12534
507581.125000,106.0,Ok,94.0,Ok,12535
507581.171000,96.0,Ok,83.0,Ok,12536
507581.218000,91.0,Ok,73.0,Ok,12537
507581.265000,104.0,Ok,61.0,Ok,12538
507581.312000,102.0,Ok,92.0,Ok,12539
507581.375000,102.0,Ok,53.0,Ok,12540
507581.421000,110.0,Ok,69.0,Ok,12541
507581.468000,105.0,Ok,61.0,Ok,12542
507581.531000,129.0,Ok,64.0,Ok,12543
507581.578000,91.0,Ok,69.0,Ok,12544
507581.609000,112.0,Ok,78.0,Ok,12545
507581.671000,96.0,Ok,81.0,Ok,12546
507581.718000,92.0,Ok,89.0,Ok,12547
507581.781000,74.0,Ok,92.0,Ok,12548
507581.828000,66.0,Ok,95.0,Ok,12549
507581.875000,78.0,Ok,100.0,Ok,12550
507581.921000,57.0,Ok,98.0,Ok,12551
507581.968000,72.0,Ok,94.0,Ok,12552
507582.015000,63.0,Ok,101.0,Ok,12553
507582.062000,66.0,Ok,98.0,Ok,12554
507582.125000,79.0,Ok,94.0,Ok,12555
507582.171000,112.0,Ok,97.0,Ok,12556
507582.234000,84.0,Ok,88.0,Ok,12557
507582.281000,118.0,Ok,95.0,Ok,12558
507582.328000,119.0,Ok,81.0,Ok,12559
507582.375000,133.0,Ok,80.0,Ok,12560
507582.421000,125.0,Ok,87.0,Ok,12561
507582.468000,137.0,Ok,87.0,Ok,12562
507582.515000,120.0,Ok,83.0,Ok,12563
507582.578000,119.0,Ok,88.0,Ok,12564
507582.609000,131.0,Ok,79.0,Ok,12565
507582.671000,122.0,Ok,92.0,Ok,12566
507582.734000,117.0,Ok,91.0,Ok,12567
507582.765000,110.0,Ok,86.0,Ok,12568
507582.812000,102.0,Ok,83.0,Ok,12569
507582.875000,104.0,Ok,84.0,Ok,12570
507582.921000,106.0,Ok,83.0,Ok,12571
507582.968000,111.0,Ok,78.0,Ok,12572
507583.031000,110.0,Ok,84.0,Ok,12573
507583.062000,116.0,Ok,77.0,Ok,12574
507583.125000,119.0,Ok,79.0,Ok,12575
507583.171000,120.0,Ok,78.0,Ok,12576
507583.218000,122.0,Ok,79.0,Ok,12577
507583.281000,117.0,Ok,79.0,Ok,12578
507583.328000,119.0,Ok,79.0,Ok,12579
507583.375000,118.0,Ok,81.0,Ok,12580
507583.421000,116.0,Ok,84.0,Ok,12581
507583.468000,118.0,Ok,83.0,Ok,12582
507583.515000,119.0,Ok,82.0,Ok,12583
507583.578000,117.0,Ok,78.0,Ok,12584
507583.625000,118.0,Ok,77.0,Ok,12585
507583.671000,122.0,Ok,83.0,Ok,12586
507583.718000,126.0,Ok,84.0,Ok,12587
507583.765000,125.0,Ok,86.0,Ok,12588
507583.828000,132.0,Ok,84.0,Ok,12589
507583.875000,129.0,Ok,85.0,Ok,12590
507583.921000,136.0,Ok,87.0,Ok,12591
507583.968000,133.0,Ok,100.0,Ok,12592
507584.015000,135.0,Ok,92.0,Ok,12593
507584.078000,129.0,Ok,97.0,Ok,12594
507584.125000,122.0,Ok,97.0,Ok,12595
507584.171000,117.0,Ok,93.0,Ok,12596
507584.218000,111.0,Ok,92.0,Ok,12597
507584.265000,103.0,Ok,92.0,Ok,12598
507584.328000,111.0,Ok,95.0,Ok,12599
507584.375000,108.0,Ok,93.0,Ok,12600
507584.421000,112.0,Ok,91.0,Ok,12601
507584.468000,108.0,Ok,92.0,Ok,12602
507584.515000,106.0,Ok,89.0,Ok,12603
507584.562000,107.0,Ok,97.0,Ok,12604
507584.609000,110.0,Ok,92.0,Ok,12605
507584.671000,107.0,Ok,91.0,Ok,12606
507584.718000,121.0,Ok,91.0,Ok,12607
507584.765000,124.0,Ok,95.0,Ok,12608
507584.812000,120.0,Ok,90.0,Ok,12609
507584.875000,114.0,Ok,95.0,Ok,12610
507584.921000,115.0,Ok,96.0,Ok,12611
507584.968000,120.0,Ok,93.0,Ok,12612
507585.015000,128.0,Ok,89.0,Ok,12613
507585.078000,122.0,Ok,97.0,Ok,12614
507585.125000,127.0,Ok,93.0,Ok,12615
507585.171000,129.0,Ok,97.0,Ok,12616
507585.218000,128.0,Ok,97.0,Ok,12617
507585.265000,132.0,Ok,99.0,Ok,12618
507585.312000,132.0,Ok,97.0,Ok,12619
507585.359000,136.0,Ok,98.0,Ok,12620
507585.453000,139.0,Ok,98.0,Ok,12621
507585.453000,139.0,Ok,99.0,Ok,12622
507585.531000,145.0,Ok,99.0,Ok,12623
507585.578000,134.0,Ok,92.0,Ok,12624
507585.625000,118.0,Ok,99.0,Ok,12625
507585.671000,104.0,Ok,101.0,Ok,12626
507585.718000,106.0,Ok,95.0,Ok,12627
507585.765000,103.0,Ok,94.0,Ok,12628
507585.812000,103.0,Ok,93.0,Ok,12629
507585.859000,108.0,Ok,92.0,Ok,12630
507585.921000,109.0,Ok,96.0,Ok,12631
507585.968000,105.0,Ok,91.0,Ok,12632
507586.015000,103.0,Ok,94.0,Ok,12633
507586.078000,107.0,Ok,92.0,Ok,12634
507586.125000,105.0,Ok,95.0,Ok,12635
507586.171000,102.0,Ok,97.0,Ok,12636
507586.218000,102.0,Ok,92.0,Ok,12637
507586.265000,102.0,Ok,92.0,Ok,12638
507586.328000,104.0,Ok,92.0,Ok,12639
507586.375000,103.0,Ok,94.0,Ok,12640
507586.421000,103.0,Ok,93.0,Ok,12641
507586.468000,100.0,Ok,92.0,Ok,12642
507586.531000,104.0,Ok,94.0,Ok,12643
507586.578000,101.0,Ok,94.0,Ok,12644
507586.625000,99.0,Ok,95.0,Ok,12645
507586.671000,100.0,Ok,95.0,Ok,12646
507586.703000,99.0,Ok,94.0,Ok,12647
507586.796000,97.0,Ok,93.0,Ok,12648
507586.828000,102.0,Ok,92.0,Ok,12649
507586.875000,101.0,Ok,89.0,Ok,12650
507586.921000,101.0,Ok,95.0,Ok,12651
507586.968000,107.0,Ok,96.0,Ok,12652
507587.015000,99.0,Ok,93.0,Ok,12653
507587.078000,131.0,Ok,92.0,Ok,12654
507587.125000,120.0,Ok,90.0,Ok,12655
507587.171000,103.0,Ok,89.0,Ok,12656
507587.218000,109.0,Ok,95.0,Ok,12657
507587.265000,107.0,Ok,88.0,Ok,12658
507587.328000,107.0,Ok,94.0,Ok,12659
507587.375000,102.0,Ok,86.0,Ok,12660
507587.421000,106.0,Ok,85.0,Ok,12661
507587.468000,102.0,Ok,85.0,Ok,12662
507587.515000,102.0,Ok,90.0,Ok,12663
507587.578000,104.0,Ok,90.0,Ok,12664
507587.625000,102.0,Ok,88.0,Ok,12665
507587.671000,98.0,Ok,85.0,Ok,12666
507587.718000,100.0,Ok,86.0,Ok,12667
507587.781000,105.0,Ok,85.0,Ok,12668
507587.828000,112.0,Ok,84.0,Ok,12669
507587.875000,111.0,Ok,84.0,Ok,12670
507587.921000,108.0,Ok,84.0,Ok,12671
507587.968000,108.0,Ok,85.0,Ok,12672
507588.015000,114.0,Ok,93.0,Ok,12673
507588.062000,86.0,Ok,91.0,Ok,12674
507588.125000,94.0,Ok,90.0,Ok,12675
507588.171000,96.0,Ok,84.0,Ok,12676
507588.218000,107.0,Ok,87.0,Ok,12677
507588.265000,99.0,Ok,86.0,Ok,12678
507588.312000,92.0,Ok,85.0,Ok,12679
507588.375000,95.0,Ok,85.0,Ok,12680
507588.421000,97.0,Ok,90.0,Ok,12681
507588.468000,92.0,Ok,90.0,Ok,12682
507588.515000,109.0,Ok,92.0,Ok,12683
507588.562000,109.0,Ok,93.0,Ok,12684
507588.625000,111.0,Ok,92.0,Ok,12685
507588.671000,116.0,Ok,92.0,Ok,12686
507588.718000,138.0,Ok,83.0,Ok,12687
507588.781000,130.0,Ok,89.0,Ok,12688
507588.828000,134.0,Ok,96.0,Ok,12689
507588.875000,115.0,Ok,86.0,Ok,12690
507588.921000,122.0,Ok,88.0,Ok,12691
507588.968000,115.0,Ok,98.0,Ok,12692
507589.015000,122.0,Ok,99.0,Ok,12693
507589.078000,111.0,Ok,98.0,Ok,12694
507589.125000,113.0,Ok,89.0,Ok,12695
507589.171000,92.0,Ok,88.0,Ok,12696
507589.218000,145.0,Ok,101.0,Ok,12697
507589.265000,110.0,Ok,102.0,Ok,12698
507589.328000,109.0,Ok,101.0,Ok,12699
507589.375000,100.0,Ok,87.0,Ok,12700
507589.421000,100.0,Ok,94.0,Ok,12701
507589.468000,96.0,Ok,94.0,Ok,12702
507589.546000,106.0,Ok,102.0,Ok,12703
507589.578000,103.0,Ok,108.0,Ok,12704
507589.625000,104.0,Ok,98.0,Ok,12705
507589.671000,108.0,Ok,96.0,Ok,12706
507589.718000,104.0,Ok,103.0,Ok,12707
507589.765000,91.0,Ok,93.0,Ok,12708
507589.828000,83.0,Ok,92.0,Ok,12709
507589.875000,99.0,Ok,93.0,Ok,12710
507589.921000,77.0,Ok,94.0,Ok,12711
507589.968000,88.0,Ok,92.0,Ok,12712
507590.015000,102.0,Ok,94.0,Ok,12713
507590.078000,109.0,Ok,93.0,Ok,12714
507590.125000,110.0,Ok,92.0,Ok,12715
507590.171000,108.0,Ok,93.0,Ok,12716
507590.218000,96.0,Ok,102.0,Ok,12717
507590.281000,93.0,Ok,99.0,Ok,12718
507590.328000,96.0,Ok,102.0,Ok,12719
507590.375000,83.0,Ok,102.0,Ok,12720
507590.421000,72.0,Ok,99.0,Ok,12721
507590.468000,83.0,Ok,97.0,Ok,12722
507590.515000,90.0,Ok,94.0,Ok,12723
507590.562000,96.0,Ok,94.0,Ok,12724
507590.609000,96.0,Ok,99.0,Ok,12725
507590.656000,99.0,Ok,97.0,Ok,12726
507590.718000,100.0,Ok,92.0,Ok,12727
507590.765000,130.0,Ok,91.0,Ok,12728
507590.828000,101.0,Ok,91.0,Ok,12729
507590.875000,91.0,Ok,101.0,Ok,12730
507590.921000,107.0,Ok,96.0,Ok,12731
507590.968000,85.0,Ok,93.0,Ok,12732
507591.031000,79.0,Ok,85.0,Ok,12733
507591.078000,88.0,Ok,90.0,Ok,12734
507591.125000,91.0,Ok,93.0,Ok,12735
507591.171000,89.0,Ok,83.0,Ok,12736
507591.218000,101.0,Ok,85.0,Ok,12737
507591.265000,111.0,Ok,93.0,Ok,12738
507591.328000,140.0,Ok,83.0,Ok,12739
507591.375000,121.0,Ok,95.0,Ok,12740
507591.421000,116.0,Ok,98.0,Ok,12741
507591.468000,112.0,Ok,103.0,Ok,12742
507591.515000,106.0,Ok,95.0,Ok,12743
507591.578000,97.0,Ok,99.0,Ok,12744
507591.625000,99.0,Ok,98.0,Ok,12745
507591.671000,99.0,Ok,93.0,Ok,12746
507591.718000,103.0,Ok,93.0,Ok,12747
507591.781000,113.0,Ok,92.0,Ok,12748
507591.828000,112.0,Ok,99.0,Ok,12749
507591.875000,112.0,Ok,99.0,Ok,12750
507591.921000,108.0,Ok,95.0,Ok,12751
507591.968000,105.0,Ok,99.0,Ok,12752
507592.031000,103.0,Ok,94.0,Ok,12753
507592.078000,104.0,Ok,90.0,Ok,12754
507592.125000,108.0,Ok,98.0,Ok,12755
507592.171000,101.0,Ok,90.0,Ok,12756
507592.218000,105.0,Ok,92.0,Ok,12757
507592.265000,100.0,Ok,93.0,Ok,12758
507592.328000,101.0,Ok,89.0,Ok,12759
507592.375000,99.0,Ok,93.0,Ok,12760
507592.421000,97.0,Ok,89.0,Ok,12761
507592.468000,95.0,Ok,83.0,Ok,12762
507592.515000,99.0,Ok,92.0,Ok,12763
507592.562000,95.0,Ok,91.0,Ok,12764
507592.625000,96.0,Ok,87.0,Ok,12765
507592.671000,95.0,Ok,91.0,Ok,12766
507592.718000,92.0,Ok,87.0,Ok,12767
507592.781000,92.0,Ok,91.0,Ok,12768
507592.812000,93.0,Ok,86.0,Ok,12769
507592.875000,89.0,Ok,88.0,Ok,12770
507592.921000,91.0,Ok,92.0,Ok,12771
507592.968000,90.0,Ok,82.0,Ok,12772
507593.015000,94.0,Ok,89.0,Ok,12773
507593.078000,92.0,Ok,89.0,Ok,12774
507593.125000,92.0,Ok,90.0,Ok,12775
507593.171000,91.0,Ok,86.0,Ok,12776
507593.218000,92.0,Ok,87.0,Ok,12777
507593.265000,93.0,Ok,91.0,Ok,12778
507593.312000,93.0,Ok,94.0,Ok,12779
507593.375000,94.0,Ok,96.0,Ok,12780
507593.421000,95.0,Ok,101.0,Ok,12781
507593.468000,93.0,Ok,99.0,Ok,12782
507593.515000,92.0,Ok,99.0,Ok,12783
507593.578000,93.0,Ok,86.0,Ok,12784
507593.640000,95.0,Ok,91.0,Ok,12785
507593.671000,93.0,Ok,86.0,Ok,12786
507593.718000,95.0,Ok,87.0,Ok,12787
507593.765000,98.0,Ok,92.0,Ok,12788
507593.812000,100.0,Ok,89.0,Ok,12789
507593.875000,102.0,Ok,88.0,Ok,12790
507593.921000,102.0,Ok,89.0,Ok,12791
507593.968000,101.0,Ok,95.0,Ok,12792
507594.015000,102.0,Ok,95.0,Ok,12793
507594.062000,101.0,Ok,99.0,Ok,12794
507594.125000,97.0,Ok,91.0,Ok,12795
507594.171000,94.0,Ok,89.0,Ok,12796
507594.218000,100.0,Ok,89.0,Ok,12797
507594.265000,99.0,Ok,88.0,Ok,12798
507594.328000,106.0,Ok,86.0,Ok,12799
507594.375000,101.0,Ok,87.0,Ok,12800
507594.421000,108.0,Ok,71.0,Ok,12801
507594.468000,106.0,Ok,68.0,Ok,12802
507594.515000,103.0,Ok,63.0,Ok,12803
507594.578000,106.0,Ok,81.0,Ok,12804
507594.625000,108.0,Ok,82.0,Ok,12805
507594.671000,107.0,Ok,60.0,Ok,12806
507594.718000,108.0,Ok,58.0,Ok,12807
507594.781000,103.0,Ok,61.0,Ok,12808
507594.828000,100.0,Ok,54.0,Ok,12809
507594.875000,99.0,Ok,53.0,Ok,12810
507594.921000,100.0,Ok,55.0,Ok,12811
507594.968000,102.0,Ok,57.0,Ok,12812
507595.031000,108.0,Ok,64.0,Ok,12813
507595.078000,58.0,Ok,63.0,Ok,12814
507595.125000,107.0,Ok,63.0,Ok,12815
507595.171000,104.0,Ok,64.0,Ok,12816
507595.218000,102.0,Ok,68.0,Ok,12817
507595.265000,98.0,Ok,76.0,Ok,12818
507595.328000,125.0,Ok,78.0,Ok,12819
507595.375000,105.0,Ok,80.0,Ok,12820
507595.421000,105.0,Ok,84.0,Ok,12821
507595.468000,97.0,Ok,84.0,Ok,12822
507595.515000,97.0,Ok,81.0,Ok,12823
507595.578000,94.0,Ok,93.0,Ok,12824
507595.625000,106.0,Ok,88.0,Ok,12825
507595.671000,108.0,Ok,87.0,Ok,12826
507595.718000,80.0,Ok,89.0,Ok,12827
507595.765000,110.0,Ok,86.0,Ok,12828
507595.828000,63.0,Ok,83.0,Ok,12829
507595.875000,127.0,Ok,83.0,Ok,12830
507595.906000,104.0,Ok,85.0,Ok,12831
507595.968000,86.0,Ok,91.0,Ok,12832
507596.015000,77.0,Ok,80.0,Ok,12833
507596.062000,81.0,Ok,81.0,Ok,12834
507596.125000,80.0,Ok,83.0,Ok,12835
507596.171000,92.0,Ok,90.0,Ok,12836
507596.203000,88.0,Ok,90.0,Ok,12837
507596.281000,86.0,Ok,89.0,Ok,12838
507596.328000,91.0,Ok,88.0,Ok,12839
507596.375000,84.0,Ok,85.0,Ok,12840
507596.421000,75.0,Ok,86.0,Ok,12841
507596.468000,84.0,Ok,77.0,Ok,12842
507596.531000,84.0,Ok,83.0,Ok,12843
507596.578000,69.0,Ok,78.0,Ok,12844
507596.625000,77.0,Ok,72.0,Ok,12845
507596.671000,80.0,Ok,71.0,Ok,12846
507596.718000,78.0,Ok,69.0,Ok,12847
507596.765000,65.0,Ok,79.0,Ok,12848
507596.828000,100.0,Ok,79.0,Ok,12849
507596.875000,92.0,Ok,86.0,Ok,12850
507596.921000,64.0,Ok,85.0,Ok,12851
507596.968000,101.0,Ok,82.0,Ok,12852
507597.015000,92.0,Ok,80.0,Ok,12853
507597.078000,73.0,Ok,74.0,Ok,12854
507597.125000,71.0,Ok,75.0,Ok,12855
507597.171000,88.0,Ok,84.0,Ok,12856
507597.218000,84.0,Ok,87.0,Ok,12857
507597.281000,101.0,Ok,89.0,Ok,12858
507597.328000,92.0,Ok,89.0,Ok,12859
507597.375000,92.0,Ok,92.0,Ok,12860
507597.421000,86.0,Ok,93.0,Ok,12861
507597.468000,92.0,Ok,88.0,Ok,12862
507597.515000,91.0,Ok,88.0,Ok,12863
507597.562000,99.0,Ok,82.0,Ok,12864
507597.625000,99.0,Ok,82.0,Ok,12865
507597.656000,97.0,Ok,86.0,Ok,12866
507597.734000,76.0,Ok,87.0,Ok,12867
507597.781000,112.0,Ok,85.0,Ok,12868
507597.828000,92.0,Ok,89.0,Ok,12869
507597.875000,101.0,Ok,84.0,Ok,12870
507597.921000,90.0,Ok,83.0,Ok,12871
507597.968000,98.0,Ok,87.0,Ok,12872
507598.015000,100.0,Ok,95.0,Ok,12873
507598.062000,99.0,Ok,95.0,Ok,12874
507598.125000,96.0,Ok,87.0,Ok,12875
507598.171000,94.0,Ok,86.0,Ok,12876
507598.218000,104.0,Ok,89.0,Ok,12877
507598.265000,98.0,Ok,91.0,Ok,12878
507598.328000,107.0,Ok,95.0,Ok,12879
507598.375000,131.0,Ok,87.0,Ok,12880
507598.421000,123.0,Ok,86.0,Ok,12881
507598.453000,131.0,Ok,93.0,Ok,12882
507598.531000,130.0,Ok,95.0,Ok,12883
507598.578000,128.0,Ok,97.0,Ok,12884
507598.625000,132.0,Ok,86.0,Ok,12885
507598.671000,118.0,Ok,95.0,Ok,12886
507598.718000,110.0,Ok,94.0,Ok,12887
507598.781000,115.0,Ok,95.0,Ok,12888
507598.828000,128.0,Ok,92.0,Ok,12889
507598.875000,129.0,Ok,87.0,Ok,12890
507598.921000,122.0,Ok,94.0,Ok,12891
507598.968000,111.0,Ok,87.0,Ok,12892
507599.015000,102.0,Ok,85.0,Ok,12893
507599.062000,97.0,Ok,93.0,Ok,12894
507599.109000,100.0,Ok,91.0,Ok,12895
507599.171000,108.0,Ok,78.0,Ok,12896
507599.218000,98.0,Ok,93.0,Ok,12897
507599.265000,91.0,Ok,92.0,Ok,12898
507599.328000,105.0,Ok,95.0,Ok,12899
507599.375000,109.0,Ok,90.0,Ok,12900
507599.421000,95.0,Ok,84.0,Ok,12901
507599.468000,105.0,Ok,72.0,Ok,12902
507599.531000,113.0,Ok,71.0,Ok,12903
507599.578000,94.0,Ok,72.0,Ok,12904
507599.609000,103.0,Ok,54.0,Ok,12905
507599.671000,99.0,Ok,67.0,Ok,12906
507599.718000,107.0,Ok,61.0,Ok,12907
507599.765000,111.0,Ok,55.0,Ok,12908
507599.828000,110.0,Ok,70.0,Ok,12909
507599.859000,92.0,Ok,83.0,Ok,12910
507599.921000,81.0,Ok,91.0,Ok,12911
507599.968000,67.0,Ok,98.0,Ok,12912
507600.031000,104.0,Ok,99.0,Ok,12913
507600.062000,68.0,Ok,117.0,Ok,12914
507600.125000,64.0,Ok,94.0,Ok,12915
507600.171000,68.0,Ok,96.0,Ok,12916
507600.218000,84.0,Ok,84.0,Ok,12917
507600.281000,102.0,Ok,84.0,Ok,12918
507600.312000,104.0,Ok,80.0,Ok,12919
507600.375000,109.0,Ok,67.0,Ok,12920
507600.421000,108.0,Ok,56.0,Ok,12921
507600.531000,114.0,Ok,76.0,Ok,12922
507600.531000,107.0,Ok,77.0,Ok,12923
507600.578000,126.0,Ok,63.0,Ok,12924
507600.625000,110.0,Ok,52.0,Ok,12925
507600.656000,115.0,Ok,65.0,Ok,12926
507600.718000,124.0,Ok,70.0,Ok,12927
507600.765000,110.0,Ok,76.0,Ok,12928
507600.828000,79.0,Ok,86.0,Ok,12929
507600.859000,78.0,Ok,89.0,Ok,12930
507600.921000,71.0,Ok,99.0,Ok,12931
507600.968000,76.0,Ok,99.0,Ok,12932
507601.031000,91.0,Ok,92.0,Ok,12933
507601.062000,75.0,Ok,98.0,Ok,12934
507601.125000,65.0,Ok,94.0,Ok,12935
507601.171000,72.0,Ok,91.0,Ok,12936
507601.218000,80.0,Ok,84.0,Ok,12937
507601.265000,83.0,Ok,80.0,Ok,12938
507601.312000,112.0,Ok,71.0,Ok,12939
507601.375000,99.0,Ok,62.0,Ok,12940
507601.421000,112.0,Ok,51.0,Ok,12941
507601.468000,110.0,Ok,68.0,Ok,12942
507601.515000,117.0,Ok,72.0,Ok,12943
507601.578000,116.0,Ok,64.0,Ok,12944
507601.625000,119.0,Ok,58.0,Ok,12945
507601.671000,105.0,Ok,60.0,Ok,12946
507601.718000,105.0,Ok,69.0,Ok,12947
507601.765000,95.0,Ok,78.0,Ok,12948
507601.843000,81.0,Ok,76.0,Ok,12949
507601.875000,74.0,Ok,88.0,Ok,12950
507601.921000,80.0,Ok,90.0,Ok,12951
507601.968000,63.0,Ok,98.0,Ok,12952
507602.031000,65.0,Ok,88.0,Ok,12953
507602.062000,89.0,Ok,94.0,Ok,12954
507602.125000,72.0,Ok,99.0,Ok,12955
507602.171000,69.0,Ok,95.0,Ok,12956
507602.218000,94.0,Ok,94.0,Ok,12957
507602.265000,133.0,Ok,92.0,Ok,12958
507602.328000,115.0,Ok,79.0,Ok,12959
507602.375000,110.0,Ok,87.0,Ok,12960
507602.421000,109.0,Ok,77.0,Ok,12961
507602.468000,109.0,Ok,78.0,Ok,12962
507602.531000,100.0,Ok,82.0,Ok,12963
507602.578000,105.0,Ok,76.0,Ok,12964
507602.625000,107.0,Ok,85.0,Ok,12965
507602.671000,106.0,Ok,76.0,Ok,12966
507602.718000,102.0,Ok,88.0,Ok,12967
507602.765000,109.0,Ok,85.0,Ok,12968
507602.828000,117.0,Ok,83.0,Ok,12969
507602.875000,133.0,Ok,80.0,Ok,12970
507602.921000,100.0,Ok,89.0,Ok,12971
507602.968000,106.0,Ok,92.0,Ok,12972
507603.031000,148.0,Ok,91.0,Ok,12973
507603.078000,91.0,Ok,88.0,Ok,12974
507603.125000,105.0,Ok,84.0,Ok,12975
507603.187000,122.0,Ok,92.0,Ok,12976
507603.218000,110.0,Ok,87.0,Ok,12977
507603.265000,113.0,Ok,81.0,Ok,12978
507603.312000,112.0,Ok,86.0,Ok,12979
507603.375000,109.0,Ok,88.0,Ok,12980
507603.421000,106.0,Ok,84.0,Ok,12981
507603.468000,102.0,Ok,87.0,Ok,12982
507603.515000,108.0,Ok,84.0,Ok,12983
507603.578000,107.0,Ok,85.0,Ok,12984
507603.609000,102.0,Ok,83.0,Ok,12985
507603.671000,105.0,Ok,83.0,Ok,12986
507603.718000,103.0,Ok,88.0,Ok,12987
507603.781000,102.0,Ok,87.0,Ok,12988
507603.828000,98.0,Ok,84.0,Ok,12989
507603.875000,92.0,Ok,87.0,Ok,12990
507603.921000,114.0,Ok,86.0,Ok,12991
507603.968000,114.0,Ok,87.0,Ok,12992
507604.015000,108.0,Ok,92.0,Ok,12993
507604.078000,105.0,Ok,92.0,Ok,12994
507604.125000,105.0,Ok,90.0,Ok,12995
507604.171000,105.0,Ok,89.0,Ok,12996
507604.218000,103.0,Ok,91.0,Ok,12997
507604.265000,107.0,Ok,91.0,Ok,12998
507604.328000,117.0,Ok,88.0,Ok,12999
507604.375000,108.0,Ok,94.0,Ok,13000
507604.421000,96.0,Ok,96.0,Ok,13001
507604.468000,109.0,Ok,97.0,Ok,13002
507604.562000,107.0,Ok,86.0,Ok,13003
507604.578000,84.0,Ok,97.0,Ok,13004
507604.625000,83.0,Ok,95.0,Ok,13005
507604.671000,85.0,Ok,89.0,Ok,13006
507604.718000,85.0,Ok,90.0,Ok,13007
507604.765000,86.0,Ok,95.0,Ok,13008
507604.828000,87.0,Ok,92.0,Ok,13009
507604.875000,93.0,Ok,98.0,Ok,13010
507604.921000,109.0,Ok,96.0,Ok,13011
507604.968000,96.0,Ok,97.0,Ok,13012
507605.015000,80.0,Ok,86.0,Ok,13013
507605.062000,115.0,Ok,93.0,Ok,13014
507605.125000,102.0,Ok,101.0,Ok,13015
507605.171000,98.0,Ok,97.0,Ok,13016
507605.218000,98.0,Ok,99.0,Ok,13017
507605.265000,94.0,Ok,97.0,Ok,13018
507605.328000,96.0,Ok,93.0,Ok,13019
507605.375000,99.0,Ok,92.0,Ok,13020
507605.421000,101.0,Ok,92.0,Ok,13021
507605.468000,120.0,Ok,95.0,Ok,13022
507605.531000,113.0,Ok,93.0,Ok,13023
507605.578000,108.0,Ok,98.0,Ok,13024
507605.625000,102.0,Ok,95.0,Ok,13025
507605.671000,104.0,Ok,97.0,Ok,13026
507605.718000,99.0,Ok,97.0,Ok,13027
507605.765000,98.0,Ok,94.0,Ok,13028
507605.828000,96.0,Ok,95.0,Ok,13029
507605.875000,94.0,Ok,93.0,Ok,13030
507605.921000,94.0,Ok,90.0,Ok,13031
507605.968000,99.0,Ok,92.0,Ok,13032
507606.015000,105.0,Ok,77.0,Ok,13033
507606.078000,100.0,Ok,70.0,Ok,13034
507606.125000,107.0,Ok,74.0,Ok,13035
507606.156000,103.0,Ok,53.0,Ok,13036
507606.218000,93.0,Ok,61.0,Ok,13037
507606.281000,92.0,Ok,67.0,Ok,13038
507606.328000,107.0,Ok,63.0,Ok,13039
507606.375000,118.0,Ok,59.0,Ok,13040
507606.421000,87.0,Ok,66.0,Ok,13041
507606.453000,87.0,Ok,81.0,Ok,13042
507606.515000,81.0,Ok,83.0,Ok,13043
507606.562000,74.0,Ok,94.0,Ok,13044
507606.625000,61.0,Ok,102.0,Ok,13045
507606.671000,101.0,Ok,99.0,Ok,13046
507606.718000,69.0,Ok,99.0,Ok,13047
507606.765000,53.0,Ok,101.0,Ok,13048
507606.828000,60.0,Ok,100.0,Ok,13049
507606.875000,65.0,Ok,95.0,Ok,13050
507606.921000,82.0,Ok,93.0,Ok,13051
507606.968000,80.0,Ok,89.0,Ok,13052
507607.015000,123.0,Ok,90.0,Ok,13053
507607.078000,115.0,Ok,82.0,Ok,13054
507607.125000,126.0,Ok,91.0,Ok,13055
507607.171000,118.0,Ok,87.0,Ok,13056
507607.218000,122.0,Ok,84.0,Ok,13057
507607.265000,114.0,Ok,77.0,Ok,13058
507607.328000,126.0,Ok,66.0,Ok,13059
507607.375000,100.0,Ok,67.0,Ok,13060
507607.421000,103.0,Ok,76.0,Ok,13061
507607.468000,110.0,Ok,51.0,Ok,13062
507607.515000,108.0,Ok,65535.0,RangingRxTimeout,13063
507607.578000,109.0,Ok,56.0,Ok,13064
507607.625000,141.0,Ok,60.0,Ok,13065
507607.671000,118.0,Ok,57.0,Ok,13066
507607.718000,134.0,Ok,62.0,Ok,13067
507607.781000,132.0,Ok,76.0,Ok,13068
507607.828000,114.0,Ok,84.0,Ok,13069
507607.875000,90.0,Ok,90.0,Ok,13070
507607.921000,98.0,Ok,96.0,Ok,13071
507607.968000,69.0,Ok,103.0,Ok,13072
507608.015000,77.0,Ok,93.0,Ok,13073
507608.062000,54.0,Ok,99.0,Ok,13074
507608.109000,61.0,Ok,97.0,Ok,13075
507608.171000,59.0,Ok,98.0,Ok,13076
507608.218000,62.0,Ok,92.0,Ok,13077
507608.265000,68.0,Ok,93.0,Ok,13078
507608.312000,82.0,Ok,84.0,Ok,13079
507608.375000,86.0,Ok,82.0,Ok,13080
507608.421000,85.0,Ok,79.0,Ok,13081
507608.468000,102.0,Ok,68.0,Ok,13082
507608.515000,100.0,Ok,56.0,Ok,13083
507608.578000,125.0,Ok,71.0,Ok,13084
507608.640000,113.0,Ok,59.0,Ok,13085
507608.656000,110.0,Ok,68.0,Ok,13086
507608.718000,110.0,Ok,54.0,Ok,13087
507608.765000,115.0,Ok,57.0,Ok,13088
507608.812000,127.0,Ok,52.0,Ok,13089
507608.859000,114.0,Ok,61.0,Ok,13090
507608.921000,117.0,Ok,65.0,Ok,13091
507608.968000,106.0,Ok,75.0,Ok,13092
507609.015000,75.0,Ok,79.0,Ok,13093
507609.062000,84.0,Ok,79.0,Ok,13094
507609.125000,72.0,Ok,86.0,Ok,13095
507609.171000,43.0,Ok,92.0,Ok,13096
507609.218000,73.0,Ok,93.0,Ok,13097
507609.265000,67.0,Ok,93.0,Ok,13098
507609.328000,70.0,Ok,97.0,Ok,13099
507609.375000,70.0,Ok,91.0,Ok,13100
507609.421000,109.0,Ok,89.0,Ok,13101
507609.453000,123.0,Ok,89.0,Ok,13102
507609.531000,126.0,Ok,91.0,Ok,13103
507609.578000,120.0,Ok,91.0,Ok,13104
507609.625000,140.0,Ok,82.0,Ok,13105
507609.671000,144.0,Ok,84.0,Ok,13106
507609.718000,122.0,Ok,84.0,Ok,13107
507609.781000,113.0,Ok,90.0,Ok,13108
507609.828000,121.0,Ok,92.0,Ok,13109
507609.875000,129.0,Ok,85.0,Ok,13110
507609.906000,129.0,Ok,84.0,Ok,13111
507609.968000,130.0,Ok,84.0,Ok,13112
507610.015000,122.0,Ok,86.0,Ok,13113
507610.078000,126.0,Ok,83.0,Ok,13114
507610.125000,124.0,Ok,83.0,Ok,13115
507610.171000,118.0,Ok,89.0,Ok,13116
507610.218000,93.0,Ok,87.0,Ok,13117
507610.281000,100.0,Ok,89.0,Ok,13118
507610.328000,105.0,Ok,85.0,Ok,13119
507610.375000,99.0,Ok,92.0,Ok,13120
507610.421000,85.0,Ok,84.0,Ok,13121
507610.468000,81.0,Ok,89.0,Ok,13122
507610.515000,88.0,Ok,84.0,Ok,13123
507610.578000,92.0,Ok,87.0,Ok,13124
507610.625000,96.0,Ok,95.0,Ok,13125
507610.671000,102.0,Ok,98.0,Ok,13126
507610.718000,109.0,Ok,93.0,Ok,13127
507610.765000,107.0,Ok,84.0,Ok,13128
507610.828000,91.0,Ok,70.0,Ok,13129
507610.875000,112.0,Ok,68.0,Ok,13130
507610.921000,112.0,Ok,61.0,Ok,13131
507610.968000,122.0,Ok,59.0,Ok,13132
507611.015000,136.0,Ok,67.0,Ok,13133
507611.078000,121.0,Ok,57.0,Ok,13134
507611.125000,119.0,Ok,61.0,Ok,13135
507611.171000,130.0,Ok,71.0,Ok,13136
507611.218000,94.0,Ok,77.0,Ok,13137
507611.281000,79.0,Ok,82.0,Ok,13138
507611.328000,70.0,Ok,90.0,Ok,13139
507611.375000,66.0,Ok,102.0,Ok,13140
507611.421000,66.0,Ok,99.0,Ok,13141
507611.468000,79.0,Ok,102.0,Ok,13142
507611.531000,121.0,Ok,99.0,Ok,13143
507611.562000,54.0,Ok,102.0,Ok,13144
507611.625000,87.0,Ok,85.0,Ok,13145
507611.671000,127.0,Ok,79.0,Ok,13146
507611.718000,120.0,Ok,75.0,Ok,13147
507611.765000,132.0,Ok,67.0,Ok,13148
507611.828000,126.0,Ok,69.0,Ok,13149
507611.859000,136.0,Ok,95.0,Ok,13150
507611.921000,114.0,Ok,44.0,Ok,13151
507611.968000,110.0,Ok,57.0,Ok,13152
507612.015000,113.0,Ok,62.0,Ok,13153
507612.078000,113.0,Ok,65.0,Ok,13154
507612.109000,114.0,Ok,63.0,Ok,13155
507612.171000,127.0,Ok,75.0,Ok,13156
507612.218000,90.0,Ok,77.0,Ok,13157
507612.265000,96.0,Ok,79.0,Ok,13158
507612.312000,74.0,Ok,96.0,Ok,13159
507612.375000,66.0,Ok,102.0,Ok,13160
507612.421000,77.0,Ok,99.0,Ok,13161
507612.468000,61.0,Ok,99.0,Ok,13162
507612.515000,68.0,Ok,102.0,Ok,13163
507612.578000,68.0,Ok,97.0,Ok,13164
507612.609000,70.0,Ok,100.0,Ok,13165
507612.671000,103.0,Ok,90.0,Ok,13166
507612.718000,98.0,Ok,75.0,Ok,13167
507612.765000,79.0,Ok,72.0,Ok,13168
507612.828000,113.0,Ok,61.0,Ok,13169
507612.875000,93.0,Ok,85.0,Ok,13170
507612.921000,113.0,Ok,66.0,Ok,13171
507612.968000,107.0,Ok,73.0,Ok,13172
507613.015000,117.0,Ok,77.0,Ok,13173
507613.078000,77.0,Ok,69.0,Ok,13174
507613.125000,130.0,Ok,69.0,Ok,13175
507613.171000,123.0,Ok,73.0,Ok,13176
507613.218000,89.0,Ok,83.0,Ok,13177
507613.265000,92.0,Ok,89.0,Ok,13178
507613.328000,85.0,Ok,101.0,Ok,13179
507613.375000,76.0,Ok,97.0,Ok,13180
507613.421000,95.0,Ok,99.0,Ok,13181
507613.468000,67.0,Ok,100.0,Ok,13182
507613.515000,66.0,Ok,92.0,Ok,13183
507613.578000,69.0,Ok,98.0,Ok,13184
507613.625000,84.0,Ok,95.0,Ok,13185
507613.671000,68.0,Ok,99.0,Ok,13186
507613.718000,130.0,Ok,95.0,Ok,13187
507613.781000,109.0,Ok,89.0,Ok,13188
507613.828000,140.0,Ok,87.0,Ok,13189
507613.875000,124.0,Ok,94.0,Ok,13190
507613.921000,115.0,Ok,87.0,Ok,13191
507613.968000,120.0,Ok,88.0,Ok,13192
507614.015000,111.0,Ok,85.0,Ok,13193
507614.093000,128.0,Ok,86.0,Ok,13194
507614.125000,107.0,Ok,90.0,Ok,13195
507614.171000,144.0,Ok,87.0,Ok,13196
507614.218000,101.0,Ok,87.0,Ok,13197
507614.281000,97.0,Ok,88.0,Ok,13198
507614.312000,105.0,Ok,90.0,Ok,13199
507614.375000,100.0,Ok,89.0,Ok,13200
507614.421000,100.0,Ok,92.0,Ok,13201
507614.468000,105.0,Ok,92.0,Ok,13202
507614.531000,108.0,Ok,92.0,Ok,13203
507614.578000,108.0,Ok,96.0,Ok,13204
507614.625000,106.0,Ok,98.0,Ok,13205
507614.671000,112.0,Ok,97.0,Ok,13206
507614.718000,105.0,Ok,98.0,Ok,13207
507614.765000,107.0,Ok,99.0,Ok,13208
507614.812000,109.0,Ok,100.0,Ok,13209
507614.875000,110.0,Ok,98.0,Ok,13210
507614.921000,109.0,Ok,99.0,Ok,13211
507614.968000,118.0,Ok,99.0,Ok,13212
507615.031000,125.0,Ok,99.0,Ok,13213
507615.078000,139.0,Ok,99.0,Ok,13214
507615.125000,107.0,Ok,99.0,Ok,13215
507615.171000,63.0,Ok,96.0,Ok,13216
507615.218000,74.0,Ok,96.0,Ok,13217
507615.265000,106.0,Ok,92.0,Ok,13218
507615.328000,103.0,Ok,94.0,Ok,13219
507615.375000,120.0,Ok,100.0,Ok,13220
507615.421000,127.0,Ok,93.0,Ok,13221
507615.546000,121.0,Ok,93.0,Ok,13222
507615.546000,105.0,Ok,83.0,Ok,13223
507615.578000,105.0,Ok,71.0,Ok,13224
507615.609000,109.0,Ok,61.0,Ok,13225
507615.671000,118.0,Ok,66.0,Ok,13226
507615.718000,108.0,Ok,52.0,Ok,13227
507615.781000,112.0,Ok,72.0,Ok,13228
507615.812000,94.0,Ok,61.0,Ok,13229
507615.875000,111.0,Ok,64.0,Ok,13230
507615.921000,104.0,Ok,77.0,Ok,13231
507615.968000,99.0,Ok,78.0,Ok,13232
507616.015000,82.0,Ok,95.0,Ok,13233
507616.078000,63.0,Ok,97.0,Ok,13234
507616.109000,75.0,Ok,106.0,Ok,13235
507616.171000,69.0,Ok,92.0,Ok,13236
507616.218000,61.0,Ok,96.0,Ok,13237
507616.265000,66.0,Ok,94.0,Ok,13238
507616.328000,86.0,Ok,90.0,Ok,13239
507616.359000,98.0,Ok,80.0,Ok,13240
507616.421000,107.0,Ok,66.0,Ok,13241
507616.468000,101.0,Ok,54.0,Ok,13242
507616.515000,107.0,Ok,80.0,Ok,13243
507616.562000,114.0,Ok,62.0,Ok,13244
507616.625000,107.0,Ok,69.0,Ok,13245
507616.671000,100.0,Ok,60.0,Ok,13246
507616.718000,117.0,Ok,66.0,Ok,13247
507616.781000,86.0,Ok,72.0,Ok,13248
507616.828000,87.0,Ok,91.0,Ok,13249
507616.875000,70.0,Ok,95.0,Ok,13250
507616.921000,64.0,Ok,102.0,Ok,13251
507616.968000,79.0,Ok,101.0,Ok,13252
507617.031000,59.0,Ok,102.0,Ok,13253
507617.078000,65.0,Ok,104.0,Ok,13254
507617.125000,69.0,Ok,99.0,Ok,13255
507617.171000,77.0,Ok,79.0,Ok,13256
507617.218000,81.0,Ok,79.0,Ok,13257
507617.265000,86.0,Ok,73.0,Ok,13258
507617.312000,115.0,Ok,58.0,Ok,13259
507617.375000,109.0,Ok,56.0,Ok,13260
507617.421000,109.0,Ok,68.0,Ok,13261
507617.468000,113.0,Ok,66.0,Ok,13262
507617.531000,114.0,Ok,59.0,Ok,13263
507617.578000,112.0,Ok,61.0,Ok,13264
507617.625000,96.0,Ok,64.0,Ok,13265
507617.671000,108.0,Ok,70.0,Ok,13266
507617.718000,119.0,Ok,77.0,Ok,13267
507617.781000,99.0,Ok,85.0,Ok,13268
507617.812000,91.0,Ok,92.0,Ok,13269
507617.875000,70.0,Ok,97.0,Ok,13270
507617.921000,62.0,Ok,96.0,Ok,13271
507617.968000,48.0,Ok,103.0,Ok,13272
507618.015000,62.0,Ok,96.0,Ok,13273
507618.078000,55.0,Ok,96.0,Ok,13274
507618.125000,64.0,Ok,93.0,Ok,13275
507618.187000,83.0,Ok,88.0,Ok,13276
507618.218000,105.0,Ok,83.0,Ok,13277
507618.265000,102.0,Ok,77.0,Ok,13278
507618.312000,107.0,Ok,67.0,Ok,13279
507618.375000,125.0,Ok,58.0,Ok,13280
507618.406000,111.0,Ok,63.0,Ok,13281
507618.468000,115.0,Ok,61.0,Ok,13282
507618.531000,107.0,Ok,64.0,Ok,13283
507618.578000,114.0,Ok,54.0,Ok,13284
507618.625000,104.0,Ok,60.0,Ok,13285
507618.656000,108.0,Ok,69.0,Ok,13286
507618.718000,114.0,Ok,69.0,Ok,13287
507618.765000,108.0,Ok,83.0,Ok,13288
507618.828000,103.0,Ok,77.0,Ok,13289
507618.875000,95.0,Ok,91.0,Ok,13290
507618.921000,104.0,Ok,99.0,Ok,13291
507618.968000,88.0,Ok,95.0,Ok,13292
507619.031000,95.0,Ok,101.0,Ok,13293
507619.078000,101.0,Ok,102.0,Ok,13294
507619.125000,99.0,Ok,101.0,Ok,13295
507619.171000,101.0,Ok,95.0,Ok,13296
507619.218000,96.0,Ok,94.0,Ok,13297
507619.265000,101.0,Ok,96.0,Ok,13298
507619.328000,102.0,Ok,96.0,Ok,13299
507619.375000,93.0,Ok,96.0,Ok,13300
507619.421000,102.0,Ok,97.0,Ok,13301
507619.468000,103.0,Ok,96.0,Ok,13302
507619.531000,100.0,Ok,96.0,Ok,13303
507619.562000,93.0,Ok,97.0,Ok,13304
507619.625000,100.0,Ok,96.0,Ok,13305
507619.671000,98.0,Ok,98.0,Ok,13306
507619.718000,93.0,Ok,92.0,Ok,13307
507619.781000,94.0,Ok,92.0,Ok,13308
507619.828000,98.0,Ok,96.0,Ok,13309
507619.875000,97.0,Ok,97.0,Ok,13310
507619.921000,91.0,Ok,97.0,Ok,13311
507619.968000,92.0,Ok,97.0,Ok,13312
507620.015000,97.0,Ok,97.0,Ok,13313
507620.062000,101.0,Ok,95.0,Ok,13314
507620.109000,101.0,Ok,96.0,Ok,13315
507620.171000,99.0,Ok,96.0,Ok,13316
507620.218000,99.0,Ok,99.0,Ok,13317
507620.265000,107.0,Ok,97.0,Ok,13318
507620.312000,107.0,Ok,98.0,Ok,13319
507620.359000,102.0,Ok,95.0,Ok,13320
507620.421000,99.0,Ok,103.0,Ok,13321
507620.468000,101.0,Ok,99.0,Ok,13322
507620.531000,90.0,Ok,99.0,Ok,13323
507620.578000,119.0,Ok,97.0,Ok,13324
507620.609000,121.0,Ok,101.0,Ok,13325
507620.671000,89.0,Ok,92.0,Ok,13326
507620.718000,104.0,Ok,79.0,Ok,13327
507620.765000,96.0,Ok,66.0,Ok,13328
507620.828000,108.0,Ok,74.0,Ok,13329
507620.875000,109.0,Ok,56.0,Ok,13330
507620.921000,112.0,Ok,67.0,Ok,13331
507620.968000,117.0,Ok,65.0,Ok,13332
507621.031000,113.0,Ok,71.0,Ok,13333
507621.062000,111.0,Ok,77.0,Ok,13334
507621.125000,107.0,Ok,84.0,Ok,13335
507621.171000,88.0,Ok,96.0,Ok,13336
507621.218000,104.0,Ok,93.0,Ok,13337
507621.265000,91.0,Ok,97.0,Ok,13338
507621.328000,78.0,Ok,99.0,Ok,13339
507621.375000,34.0,Ok,99.0,Ok,13340
507621.421000,79.0,Ok,100.0,Ok,13341
507621.468000,78.0,Ok,98.0,Ok,13342
507621.531000,76.0,Ok,99.0,Ok,13343
507621.578000,77.0,Ok,90.0,Ok,13344
507621.625000,90.0,Ok,93.0,Ok,13345
507621.671000,74.0,Ok,94.0,Ok,13346
507621.718000,90.0,Ok,96.0,Ok,13347
507621.765000,118.0,Ok,102.0,Ok,13348
507621.812000,123.0,Ok,99.0,Ok,13349
507621.875000,116.0,Ok,87.0,Ok,13350
507621.906000,111.0,Ok,79.0,Ok,13351
507621.968000,118.0,Ok,71.0,Ok,13352
507622.015000,114.0,Ok,53.0,Ok,13353
507622.078000,119.0,Ok,78.0,Ok,13354
507622.125000,115.0,Ok,67.0,Ok,13355
507622.171000,120.0,Ok,56.0,Ok,13356
507622.218000,130.0,Ok,61.0,Ok,13357
507622.281000,133.0,Ok,66.0,Ok,13358
507622.328000,111.0,Ok,74.0,Ok,13359
507622.375000,97.0,Ok,74.0,Ok,13360
507622.421000,114.0,Ok,90.0,Ok,13361
507622.468000,102.0,Ok,96.0,Ok,13362
507622.515000,91.0,Ok,96.0,Ok,13363
507622.562000,83.0,Ok,96.0,Ok,13364
507622.609000,83.0,Ok,98.0,Ok,13365
507622.656000,69.0,Ok,99.0,Ok,13366
507622.718000,62.0,Ok,102.0,Ok,13367
507622.781000,64.0,Ok,99.0,Ok,13368
507622.828000,73.0,Ok,101.0,Ok,13369
507622.875000,72.0,Ok,100.0,Ok,13370
507622.921000,78.0,Ok,86.0,Ok,13371
507622.968000,75.0,Ok,96.0,Ok,13372
507623.031000,108.0,Ok,97.0,Ok,13373
507623.078000,99.0,Ok,91.0,Ok,13374
507623.125000,82.0,Ok,79.0,Ok,13375
507623.171000,107.0,Ok,92.0,Ok,13376
507623.218000,146.0,Ok,91.0,Ok,13377
507623.265000,118.0,Ok,93.0,Ok,13378
507623.328000,115.0,Ok,91.0,Ok,13379
507623.375000,117.0,Ok,92.0,Ok,13380
507623.421000,89.0,Ok,89.0,Ok,13381
507623.468000,101.0,Ok,91.0,Ok,13382
507623.515000,105.0,Ok,91.0,Ok,13383
507623.562000,104.0,Ok,90.0,Ok,13384
507623.625000,103.0,Ok,90.0,Ok,13385
507623.671000,103.0,Ok,90.0,Ok,13386
507623.718000,111.0,Ok,94.0,Ok,13387
507623.765000,114.0,Ok,90.0,Ok,13388
507623.812000,120.0,Ok,91.0,Ok,13389
507623.875000,117.0,Ok,89.0,Ok,13390
507623.906000,113.0,Ok,91.0,Ok,13391
507623.968000,107.0,Ok,92.0,Ok,13392
507624.015000,108.0,Ok,92.0,Ok,13393
507624.062000,109.0,Ok,92.0,Ok,13394
507624.125000,107.0,Ok,88.0,Ok,13395
507624.171000,109.0,Ok,89.0,Ok,13396
507624.218000,102.0,Ok,91.0,Ok,13397
507624.281000,108.0,Ok,92.0,Ok,13398
507624.328000,101.0,Ok,85.0,Ok,13399
507624.375000,111.0,Ok,84.0,Ok,13400
507624.421000,111.0,Ok,92.0,Ok,13401
507624.468000,109.0,Ok,91.0,Ok,13402
507624.515000,113.0,Ok,90.0,Ok,13403
507624.562000,115.0,Ok,91.0,Ok,13404
507624.609000,119.0,Ok,87.0,Ok,13405
507624.656000,122.0,Ok,88.0,Ok,13406
507624.703000,125.0,Ok,88.0,Ok,13407
507624.781000,117.0,Ok,89.0,Ok,13408
507624.828000,113.0,Ok,92.0,Ok,13409
507624.875000,114.0,Ok,91.0,Ok,13410
507624.921000,116.0,Ok,87.0,Ok,13411
507624.968000,120.0,Ok,92.0,Ok,13412
507625.015000,119.0,Ok,92.0,Ok,13413
507625.062000,118.0,Ok,83.0,Ok,13414
507625.125000,114.0,Ok,87.0,Ok,13415
507625.171000,109.0,Ok,93.0,Ok,13416
507625.218000,109.0,Ok,91.0,Ok,13417
507625.265000,107.0,Ok,90.0,Ok,13418
507625.328000,107.0,Ok,84.0,Ok,13419
507625.359000,105.0,Ok,93.0,Ok,13420
507625.421000,88.0,Ok,96.0,Ok,13421
507625.468000,94.0,Ok,92.0,Ok,13422
507625.515000,106.0,Ok,92.0,Ok,13423
507625.578000,101.0,Ok,92.0,Ok,13424
507625.625000,108.0,Ok,92.0,Ok,13425
507625.671000,102.0,Ok,85.0,Ok,13426
507625.718000,129.0,Ok,68.0,Ok,13427
507625.765000,138.0,Ok,63.0,Ok,13428
507625.812000,108.0,Ok,91.0,Ok,13429
507625.875000,111.0,Ok,54.0,Ok,13430
507625.921000,104.0,Ok,53.0,Ok,13431
507625.953000,126.0,Ok,60.0,Ok,13432
507626.031000,113.0,Ok,69.0,Ok,13433
507626.062000,118.0,Ok,73.0,Ok,13434
507626.109000,81.0,Ok,80.0,Ok,13435
507626.171000,74.0,Ok,98.0,Ok,13436
507626.218000,64.0,Ok,95.0,Ok,13437
507626.265000,72.0,Ok,104.0,Ok,13438
507626.328000,60.0,Ok,106.0,Ok,13439
507626.375000,76.0,Ok,94.0,Ok,13440
507626.421000,67.0,Ok,100.0,Ok,13441
507626.468000,84.0,Ok,93.0,Ok,13442
507626.515000,91.0,Ok,89.0,Ok,13443
507626.562000,120.0,Ok,81.0,Ok,13444
507626.625000,99.0,Ok,71.0,Ok,13445
507626.671000,110.0,Ok,61.0,Ok,13446
507626.718000,123.0,Ok,51.0,Ok,13447
507626.765000,118.0,Ok,46.0,Ok,13448
507626.828000,114.0,Ok,46.0,Ok,13449
507626.875000,109.0,Ok,53.0,Ok,13450
507626.921000,110.0,Ok,57.0,Ok,13451
507626.968000,114.0,Ok,62.0,Ok,13452
507627.015000,93.0,Ok,69.0,Ok,13453
507627.078000,83.0,Ok,74.0,Ok,13454
507627.125000,108.0,Ok,86.0,Ok,13455
507627.171000,92.0,Ok,89.0,Ok,13456
507627.218000,68.0,Ok,84.0,Ok,13457
507627.281000,60.0,Ok,94.0,Ok,13458
507627.328000,74.0,Ok,96.0,Ok,13459
507627.375000,66.0,Ok,95.0,Ok,13460
507627.421000,66.0,Ok,96.0,Ok,13461
507627.468000,67.0,Ok,87.0,Ok,13462
507627.531000,55.0,Ok,94.0,Ok,13463
507627.562000,78.0,Ok,84.0,Ok,13464
507627.609000,95.0,Ok,80.0,Ok,13465
507627.656000,117.0,Ok,80.0,Ok,13466
507627.718000,87.0,Ok,69.0,Ok,13467
507627.765000,123.0,Ok,60.0,Ok,13468
507627.828000,128.0,Ok,47.0,Ok,13469
507627.875000,122.0,Ok,56.0,Ok,13470
507627.921000,116.0,Ok,54.0,Ok,13471
507627.968000,116.0,Ok,54.0,Ok,13472
507628.031000,121.0,Ok,57.0,Ok,13473
507628.078000,130.0,Ok,58.0,Ok,13474
507628.125000,138.0,Ok,72.0,Ok,13475
507628.171000,84.0,Ok,79.0,Ok,13476
507628.218000,77.0,Ok,86.0,Ok,13477
507628.265000,76.0,Ok,86.0,Ok,13478
507628.328000,71.0,Ok,93.0,Ok,13479
507628.375000,66.0,Ok,99.0,Ok,13480
507628.421000,69.0,Ok,101.0,Ok,13481
507628.468000,77.0,Ok,91.0,Ok,13482
507628.515000,66.0,Ok,93.0,Ok,13483
507628.578000,70.0,Ok,100.0,Ok,13484
507628.625000,80.0,Ok,94.0,Ok,13485
507628.671000,79.0,Ok,84.0,Ok,13486
507628.718000,86.0,Ok,81.0,Ok,13487
507628.765000,102.0,Ok,81.0,Ok,13488
507628.828000,120.0,Ok,82.0,Ok,13489
507628.875000,137.0,Ok,90.0,Ok,13490
507628.921000,103.0,Ok,87.0,Ok,13491
507628.968000,138.0,Ok,89.0,Ok,13492
507629.031000,105.0,Ok,83.0,Ok,13493
507629.078000,102.0,Ok,82.0,Ok,13494
507629.140000,110.0,Ok,92.0,Ok,13495
507629.171000,107.0,Ok,88.0,Ok,13496
507629.218000,106.0,Ok,81.0,Ok,13497
507629.265000,113.0,Ok,84.0,Ok,13498
507629.328000,120.0,Ok,88.0,Ok,13499
507629.375000,122.0,Ok,88.0,Ok,13500
507629.421000,124.0,Ok,81.0,Ok,13501
507629.468000,117.0,Ok,78.0,Ok,13502
507629.515000,121.0,Ok,90.0,Ok,13503
507629.578000,116.0,Ok,89.0,Ok,13504
507629.609000,114.0,Ok,88.0,Ok,13505
507629.671000,108.0,Ok,87.0,Ok,13506
507629.718000,105.0,Ok,90.0,Ok,13507
507629.765000,102.0,Ok,92.0,Ok,13508
507629.828000,98.0,Ok,92.0,Ok,13509
507629.875000,96.0,Ok,93.0,Ok,13510
507629.921000,98.0,Ok,92.0,Ok,13511
507629.968000,96.0,Ok,89.0,Ok,13512
507630.015000,97.0,Ok,89.0,Ok,13513
507630.078000,97.0,Ok,91.0,Ok,13514
507630.125000,96.0,Ok,96.0,Ok,13515
507630.171000,93.0,Ok,94.0,Ok,13516
507630.218000,96.0,Ok,93.0,Ok,13517
507630.265000,91.0,Ok,95.0,Ok,13518
507630.312000,96.0,Ok,95.0,Ok,13519
507630.375000,99.0,Ok,95.0,Ok,13520
507630.421000,98.0,Ok,94.0,Ok,13521
507630.468000,102.0,Ok,92.0,Ok,13522
507630.515000,102.0,Ok,97.0,Ok,13523
507630.578000,104.0,Ok,92.0,Ok,13524
507630.625000,99.0,Ok,93.0,Ok,13525
507630.671000,102.0,Ok,90.0,Ok,13526
507630.718000,99.0,Ok,95.0,Ok,13527
507630.765000,94.0,Ok,97.0,Ok,13528
507630.828000,97.0,Ok,93.0,Ok,13529
507630.875000,102.0,Ok,95.0,Ok,13530
507630.921000,110.0,Ok,91.0,Ok,13531
507630.968000,89.0,Ok,78.0,Ok,13532
507631.031000,102.0,Ok,68.0,Ok,13533
507631.062000,114.0,Ok,55.0,Ok,13534
507631.125000,112.0,Ok,58.0,Ok,13535
507631.171000,118.0,Ok,58.0,Ok,13536
507631.218000,107.0,Ok,65.0,Ok,13537
507631.265000,112.0,Ok,69.0,Ok,13538
507631.312000,112.0,Ok,77.0,Ok,13539
507631.375000,92.0,Ok,83.0,Ok,13540
507631.406000,69.0,Ok,92.0,Ok,13541
507631.468000,65.0,Ok,91.0,Ok,13542
507631.515000,68.0,Ok,99.0,Ok,13543
507631.578000,65.0,Ok,103.0,Ok,13544
507631.625000,76.0,Ok,101.0,Ok,13545
507631.671000,86.0,Ok,92.0,Ok,13546
507631.718000,77.0,Ok,101.0,Ok,13547
507631.765000,101.0,Ok,79.0,Ok,13548
507631.828000,109.0,Ok,74.0,Ok,13549
507631.875000,107.0,Ok,65.0,Ok,13550
507631.921000,113.0,Ok,61.0,Ok,13551
507631.968000,107.0,Ok,53.0,Ok,13552
507632.015000,107.0,Ok,55.0,Ok,13553
507632.062000,112.0,Ok,58.0,Ok,13554
507632.125000,106.0,Ok,67.0,Ok,13555
507632.171000,133.0,Ok,77.0,Ok,13556
507632.218000,101.0,Ok,80.0,Ok,13557
507632.265000,82.0,Ok,87.0,Ok,13558
507632.328000,75.0,Ok,98.0,Ok,13559
507632.375000,77.0,Ok,96.0,Ok,13560
507632.421000,65.0,Ok,106.0,Ok,13561
507632.468000,69.0,Ok,100.0,Ok,13562
507632.515000,80.0,Ok,101.0,Ok,13563
507632.578000,81.0,Ok,97.0,Ok,13564
507632.609000,94.0,Ok,88.0,Ok,13565
507632.671000,92.0,Ok,76.0,Ok,13566
507632.718000,92.0,Ok,69.0,Ok,13567
507632.765000,108.0,Ok,58.0,Ok,13568
507632.812000,133.0,Ok,58.0,Ok,13569
507632.875000,113.0,Ok,63.0,Ok,13570
507632.921000,110.0,Ok,61.0,Ok,13571
507632.968000,110.0,Ok,66.0,Ok,13572
507633.015000,113.0,Ok,71.0,Ok,13573
507633.078000,115.0,Ok,80.0,Ok,13574
507633.125000,115.0,Ok,92.0,Ok,13575
507633.171000,100.0,Ok,93.0,Ok,13576
507633.218000,91.0,Ok,113.0,Ok,13577
507633.265000,74.0,Ok,119.0,Ok,13578
507633.328000,61.0,Ok,111.0,Ok,13579
507633.375000,62.0,Ok,115.0,Ok,13580
507633.421000,66.0,Ok,107.0,Ok,13581
507633.468000,72.0,Ok,101.0,Ok,13582
507633.515000,71.0,Ok,92.0,Ok,13583
507633.578000,91.0,Ok,84.0,Ok,13584
507633.625000,100.0,Ok,79.0,Ok,13585
507633.671000,109.0,Ok,68.0,Ok,13586
507633.718000,119.0,Ok,54.0,Ok,13587
507633.765000,114.0,Ok,55.0,Ok,13588
507633.828000,137.0,Ok,63.0,Ok,13589
507633.875000,118.0,Ok,62.0,Ok,13590
507633.921000,115.0,Ok,70.0,Ok,13591
507633.968000,118.0,Ok,83.0,Ok,13592
507634.015000,129.0,Ok,91.0,Ok,13593
507634.062000,81.0,Ok,94.0,Ok,13594
507634.125000,74.0,Ok,103.0,Ok,13595
507634.171000,87.0,Ok,97.0,Ok,13596
507634.218000,61.0,Ok,104.0,Ok,13597
507634.281000,57.0,Ok,105.0,Ok,13598
507634.328000,77.0,Ok,104.0,Ok,13599
507634.375000,62.0,Ok,104.0,Ok,13600
507634.421000,76.0,Ok,102.0,Ok,13601
507634.468000,73.0,Ok,96.0,Ok,13602
507634.546000,84.0,Ok,103.0,Ok,13603
507634.578000,83.0,Ok,105.0,Ok,13604
507634.625000,92.0,Ok,99.0,Ok,13605
507634.671000,100.0,Ok,94.0,Ok,13606
507634.718000,105.0,Ok,92.0,Ok,13607
507634.765000,114.0,Ok,91.0,Ok,13608
507634.812000,104.0,Ok,95.0,Ok,13609
507634.859000,106.0,Ok,91.0,Ok,13610
507634.921000,106.0,Ok,92.0,Ok,13611
507634.968000,114.0,Ok,93.0,Ok,13612
507635.031000,103.0,Ok,96.0,Ok,13613
507635.078000,99.0,Ok,96.0,Ok,13614
507635.125000,87.0,Ok,95.0,Ok,13615
507635.171000,99.0,Ok,99.0,Ok,13616
507635.218000,95.0,Ok,92.0,Ok,13617
507635.265000,100.0,Ok,97.0,Ok,13618
507635.312000,98.0,Ok,91.0,Ok,13619
507635.359000,100.0,Ok,96.0,Ok,13620
507635.421000,96.0,Ok,94.0,Ok,13621
507635.468000,92.0,Ok,99.0,Ok,13622
507635.515000,102.0,Ok,98.0,Ok,13623
507635.562000,91.0,Ok,101.0,Ok,13624
507635.625000,92.0,Ok,98.0,Ok,13625
507635.671000,91.0,Ok,100.0,Ok,13626
507635.718000,97.0,Ok,98.0,Ok,13627
507635.765000,99.0,Ok,99.0,Ok,13628
507635.828000,94.0,Ok,101.0,Ok,13629
507635.875000,91.0,Ok,98.0,Ok,13630
507635.921000,98.0,Ok,97.0,Ok,13631
507635.968000,96.0,Ok,106.0,Ok,13632
507636.015000,95.0,Ok,103.0,Ok,13633
507636.078000,95.0,Ok,97.0,Ok,13634
507636.125000,98.0,Ok,97.0,Ok,13635
507636.171000,96.0,Ok,95.0,Ok,13636
507636.218000,95.0,Ok,96.0,Ok,13637
507636.265000,95.0,Ok,98.0,Ok,13638
507636.328000,98.0,Ok,98.0,Ok,13639
507636.375000,96.0,Ok,97.0,Ok,13640
507636.421000,98.0,Ok,98.0,Ok,13641
507636.468000,99.0,Ok,99.0,Ok,13642
507636.515000,100.0,Ok,99.0,Ok,13643
507636.562000,100.0,Ok,101.0,Ok,13644
507636.625000,104.0,Ok,100.0,Ok,13645
507636.656000,103.0,Ok,99.0,Ok,13646
507636.718000,102.0,Ok,97.0,Ok,13647
507636.765000,101.0,Ok,100.0,Ok,13648
507636.828000,104.0,Ok,99.0,Ok,13649
507636.875000,102.0,Ok,99.0,Ok,13650
507636.921000,98.0,Ok,103.0,Ok,13651
507636.968000,99.0,Ok,103.0,Ok,13652
507637.015000,101.0,Ok,98.0,Ok,13653
507637.062000,99.0,Ok,99.0,Ok,13654
507637.125000,96.0,Ok,100.0,Ok,13655
507637.171000,97.0,Ok,98.0,Ok,13656
507637.218000,95.0,Ok,100.0,Ok,13657
507637.281000,112.0,Ok,101.0,Ok,13658
507637.328000,84.0,Ok,97.0,Ok,13659
507637.375000,92.0,Ok,91.0,Ok,13660
507637.421000,99.0,Ok,89.0,Ok,13661
507637.468000,101.0,Ok,71.0,Ok,13662
507637.531000,104.0,Ok,97.0,Ok,13663
507637.578000,104.0,Ok,56.0,Ok,13664
507637.625000,138.0,Ok,60.0,Ok,13665
507637.671000,110.0,Ok,70.0,Ok,13666
507637.718000,122.0,Ok,71.0,Ok,13667
507637.765000,113.0,Ok,70.0,Ok,13668
507637.828000,83.0,Ok,75.0,Ok,13669
507637.875000,82.0,Ok,95.0,Ok,13670
507637.921000,65.0,Ok,101.0,Ok,13671
507637.968000,67.0,Ok,116.0,Ok,13672
507638.015000,70.0,Ok,117.0,Ok,13673
507638.062000,65.0,Ok,118.0,Ok,13674
507638.125000,64.0,Ok,104.0,Ok,13675
507638.171000,78.0,Ok,99.0,Ok,13676
507638.218000,86.0,Ok,79.0,Ok,13677
507638.281000,101.0,Ok,73.0,Ok,13678
507638.312000,113.0,Ok,61.0,Ok,13679
507638.375000,114.0,Ok,55.0,Ok,13680
507638.421000,126.0,Ok,55.0,Ok,13681
507638.468000,134.0,Ok,53.0,Ok,13682
507638.515000,131.0,Ok,56.0,Ok,13683
507638.562000,124.0,Ok,71.0,Ok,13684
507638.640000,105.0,Ok,75.0,Ok,13685
507638.671000,117.0,Ok,84.0,Ok,13686
507638.718000,74.0,Ok,83.0,Ok,13687
507638.765000,75.0,Ok,96.0,Ok,13688
507638.812000,63.0,Ok,98.0,Ok,13689
507638.875000,77.0,Ok,129.0,Ok,13690
507638.921000,68.0,Ok,112.0,Ok,13691
507638.968000,63.0,Ok,112.0,Ok,13692
507639.015000,130.0,Ok,100.0,Ok,13693
507639.078000,127.0,Ok,83.0,Ok,13694
507639.125000,116.0,Ok,84.0,Ok,13695
507639.171000,111.0,Ok,78.0,Ok,13696
507639.218000,131.0,Ok,65.0,Ok,13697
507639.265000,115.0,Ok,58.0,Ok,13698
507639.312000,122.0,Ok,56.0,Ok,13699
507639.359000,114.0,Ok,52.0,Ok,13700
507639.421000,115.0,Ok,55.0,Ok,13701
507639.468000,112.0,Ok,56.0,Ok,13702
507639.515000,110.0,Ok,69.0,Ok,13703
507639.578000,103.0,Ok,73.0,Ok,13704
507639.625000,117.0,Ok,84.0,Ok,13705
507639.671000,96.0,Ok,103.0,Ok,13706
507639.718000,82.0,Ok,110.0,Ok,13707
507639.765000,71.0,Ok,112.0,Ok,13708
507639.828000,65.0,Ok,113.0,Ok,13709
507639.859000,54.0,Ok,111.0,Ok,13710
507639.906000,63.0,Ok,108.0,Ok,13711
507639.968000,68.0,Ok,99.0,Ok,13712
507640.031000,84.0,Ok,102.0,Ok,13713
507640.078000,85.0,Ok,100.0,Ok,13714
507640.109000,96.0,Ok,80.0,Ok,13715
507640.171000,99.0,Ok,82.0,Ok,13716
507640.218000,111.0,Ok,73.0,Ok,13717
507640.265000,129.0,Ok,58.0,Ok,13718
507640.328000,116.0,Ok,58.0,Ok,13719
507640.375000,118.0,Ok,54.0,Ok,13720
507640.421000,114.0,Ok,55.0,Ok,13721
507640.468000,124.0,Ok,60.0,Ok,13722
507640.515000,93.0,Ok,62.0,Ok,13723
507640.562000,116.0,Ok,74.0,Ok,13724
507640.625000,104.0,Ok,79.0,Ok,13725
507640.671000,108.0,Ok,81.0,Ok,13726
507640.718000,110.0,Ok,88.0,Ok,13727
507640.765000,111.0,Ok,92.0,Ok,13728
507640.828000,133.0,Ok,100.0,Ok,13729
507640.875000,94.0,Ok,107.0,Ok,13730
507640.921000,105.0,Ok,105.0,Ok,13731
507640.968000,110.0,Ok,111.0,Ok,13732
507641.015000,85.0,Ok,107.0,Ok,13733
507641.078000,93.0,Ok,106.0,Ok,13734
507641.125000,77.0,Ok,96.0,Ok,13735
507641.171000,74.0,Ok,99.0,Ok,13736
507641.218000,66.0,Ok,99.0,Ok,13737
507641.265000,101.0,Ok,104.0,Ok,13738
507641.312000,96.0,Ok,97.0,Ok,13739
507641.375000,127.0,Ok,95.0,Ok,13740
507641.421000,110.0,Ok,90.0,Ok,13741
507641.468000,99.0,Ok,91.0,Ok,13742
507641.515000,103.0,Ok,95.0,Ok,13743
507641.562000,100.0,Ok,102.0,Ok,13744
507641.625000,99.0,Ok,93.0,Ok,13745
507641.671000,95.0,Ok,92.0,Ok,13746
507641.718000,94.0,Ok,94.0,Ok,13747
507641.765000,99.0,Ok,95.0,Ok,13748
507641.828000,103.0,Ok,96.0,Ok,13749
507641.875000,101.0,Ok,100.0,Ok,13750
507641.921000,107.0,Ok,92.0,Ok,13751
507641.968000,107.0,Ok,92.0,Ok,13752
507642.015000,109.0,Ok,90.0,Ok,13753
507642.078000,109.0,Ok,94.0,Ok,13754
507642.125000,111.0,Ok,94.0,Ok,13755
507642.171000,107.0,Ok,93.0,Ok,13756
507642.218000,99.0,Ok,83.0,Ok,13757
507642.281000,97.0,Ok,95.0,Ok,13758
507642.312000,99.0,Ok,93.0,Ok,13759
507642.375000,98.0,Ok,90.0,Ok,13760
507642.421000,95.0,Ok,92.0,Ok,13761
507642.468000,95.0,Ok,92.0,Ok,13762
507642.515000,96.0,Ok,93.0,Ok,13763
507642.562000,93.0,Ok,90.0,Ok,13764
507642.609000,95.0,Ok,89.0,Ok,13765
507642.671000,95.0,Ok,84.0,Ok,13766
507642.718000,95.0,Ok,93.0,Ok,13767
507642.781000,99.0,Ok,92.0,Ok,13768
507642.828000,94.0,Ok,91.0,Ok,13769
507642.875000,95.0,Ok,91.0,Ok,13770
507642.921000,94.0,Ok,94.0,Ok,13771
507642.968000,96.0,Ok,92.0,Ok,13772
507643.015000,98.0,Ok,88.0,Ok,13773
507643.062000,98.0,Ok,97.0,Ok,13774
507643.109000,98.0,Ok,97.0,Ok,13775
507643.171000,100.0,Ok,97.0,Ok,13776
507643.218000,102.0,Ok,92.0,Ok,13777
507643.281000,109.0,Ok,90.0,Ok,13778
507643.328000,93.0,Ok,92.0,Ok,13779
507643.375000,95.0,Ok,86.0,Ok,13780
507643.421000,101.0,Ok,82.0,Ok,13781
507643.468000,100.0,Ok,75.0,Ok,13782
507643.515000,117.0,Ok,65.0,Ok,13783
507643.562000,110.0,Ok,57.0,Ok,13784
507643.625000,108.0,Ok,68.0,Ok,13785
507643.671000,105.0,Ok,54.0,Ok,13786
507643.718000,111.0,Ok,61.0,Ok,13787
507643.781000,105.0,Ok,57.0,Ok,13788
507643.828000,109.0,Ok,68.0,Ok,13789
507643.875000,123.0,Ok,72.0,Ok,13790
507643.921000,121.0,Ok,77.0,Ok,13791
507643.968000,97.0,Ok,84.0,Ok,13792
507644.015000,87.0,Ok,92.0,Ok,13793
507644.062000,84.0,Ok,97.0,Ok,13794
507644.125000,63.0,Ok,103.0,Ok,13795
507644.171000,58.0,Ok,108.0,Ok,13796
507644.218000,83.0,Ok,98.0,Ok,13797
507644.281000,71.0,Ok,96.0,Ok,13798
507644.328000,80.0,Ok,98.0,Ok,13799
507644.375000,106.0,Ok,105.0,Ok,13800
507644.421000,80.0,Ok,106.0,Ok,13801
507644.468000,90.0,Ok,98.0,Ok,13802
507644.515000,92.0,Ok,80.0,Ok,13803
507644.562000,114.0,Ok,96.0,Ok,13804
507644.609000,124.0,Ok,82.0,Ok,13805
507644.671000,82.0,Ok,77.0,Ok,13806
507644.718000,122.0,Ok,59.0,Ok,13807
507644.765000,114.0,Ok,59.0,Ok,13808
507644.812000,115.0,Ok,60.0,Ok,13809
507644.875000,108.0,Ok,58.0,Ok,13810
507644.921000,112.0,Ok,62.0,Ok,13811
507644.968000,118.0,Ok,53.0,Ok,13812
507645.015000,109.0,Ok,57.0,Ok,13813
507645.078000,107.0,Ok,61.0,Ok,13814
507645.125000,109.0,Ok,75.0,Ok,13815
507645.171000,117.0,Ok,72.0,Ok,13816
507645.218000,130.0,Ok,78.0,Ok,13817
507645.265000,93.0,Ok,89.0,Ok,13818
507645.328000,73.0,Ok,95.0,Ok,13819
507645.375000,82.0,Ok,101.0,Ok,13820
507645.421000,75.0,Ok,87.0,Ok,13821
507645.468000,70.0,Ok,99.0,Ok,13822
507645.515000,63.0,Ok,98.0,Ok,13823
507645.578000,63.0,Ok,99.0,Ok,13824
507645.609000,66.0,Ok,98.0,Ok,13825
507645.656000,70.0,Ok,98.0,Ok,13826
507645.718000,73.0,Ok,102.0,Ok,13827
507645.781000,95.0,Ok,106.0,Ok,13828
507645.812000,103.0,Ok,85.0,Ok,13829
507645.875000,98.0,Ok,81.0,Ok,13830
507645.921000,112.0,Ok,84.0,Ok,13831
507645.968000,138.0,Ok,74.0,Ok,13832
507646.015000,116.0,Ok,57.0,Ok,13833
507646.078000,130.0,Ok,56.0,Ok,13834
507646.125000,112.0,Ok,56.0,Ok,13835
507646.156000,114.0,Ok,57.0,Ok,13836
507646.218000,114.0,Ok,57.0,Ok,13837
507646.265000,113.0,Ok,65.0,Ok,13838
507646.312000,113.0,Ok,70.0,Ok,13839
507646.375000,130.0,Ok,78.0,Ok,13840
507646.421000,128.0,Ok,83.0,Ok,13841
507646.468000,112.0,Ok,87.0,Ok,13842
507646.515000,107.0,Ok,90.0,Ok,13843
507646.562000,99.0,Ok,95.0,Ok,13844
507646.625000,95.0,Ok,96.0,Ok,13845
507646.671000,93.0,Ok,103.0,Ok,13846
507646.718000,104.0,Ok,101.0,Ok,13847
507646.765000,102.0,Ok,94.0,Ok,13848
507646.812000,100.0,Ok,94.0,Ok,13849
507646.859000,75.0,Ok,97.0,Ok,13850
507646.921000,113.0,Ok,96.0,Ok,13851
507646.968000,121.0,Ok,97.0,Ok,13852
507647.015000,111.0,Ok,99.0,Ok,13853
507647.062000,97.0,Ok,104.0,Ok,13854
507647.125000,96.0,Ok,99.0,Ok,13855
507647.171000,87.0,Ok,98.0,Ok,13856
507647.218000,94.0,Ok,90.0,Ok,13857
507647.265000,92.0,Ok,96.0,Ok,13858
507647.312000,90.0,Ok,99.0,Ok,13859
507647.375000,92.0,Ok,101.0,Ok,13860
507647.421000,96.0,Ok,95.0,Ok,13861
507647.468000,96.0,Ok,94.0,Ok,13862
507647.515000,95.0,Ok,89.0,Ok,13863
507647.578000,92.0,Ok,93.0,Ok,13864
507647.625000,96.0,Ok,88.0,Ok,13865
507647.671000,100.0,Ok,91.0,Ok,13866
507647.718000,101.0,Ok,80.0,Ok,13867
507647.781000,100.0,Ok,91.0,Ok,13868
507647.828000,100.0,Ok,92.0,Ok,13869
507647.875000,96.0,Ok,94.0,Ok,13870
507647.921000,96.0,Ok,95.0,Ok,13871
507647.968000,97.0,Ok,96.0,Ok,13872
507648.015000,104.0,Ok,100.0,Ok,13873
507648.078000,104.0,Ok,97.0,Ok,13874
507648.125000,104.0,Ok,92.0,Ok,13875
507648.187000,103.0,Ok,89.0,Ok,13876
507648.218000,95.0,Ok,90.0,Ok,13877
507648.281000,92.0,Ok,91.0,Ok,13878
507648.328000,99.0,Ok,90.0,Ok,13879
507648.375000,101.0,Ok,98.0,Ok,13880
507648.421000,107.0,Ok,97.0,Ok,13881
507648.468000,107.0,Ok,99.0,Ok,13882
507648.515000,105.0,Ok,96.0,Ok,13883
507648.578000,105.0,Ok,93.0,Ok,13884
507648.609000,104.0,Ok,90.0,Ok,13885
507648.656000,96.0,Ok,87.0,Ok,13886
507648.718000,90.0,Ok,88.0,Ok,13887
507648.765000,93.0,Ok,89.0,Ok,13888
507648.828000,98.0,Ok,92.0,Ok,13889
507648.875000,99.0,Ok,99.0,Ok,13890
507648.921000,96.0,Ok,98.0,Ok,13891
507648.968000,119.0,Ok,95.0,Ok,13892
507649.015000,106.0,Ok,94.0,Ok,13893
507649.062000,106.0,Ok,95.0,Ok,13894
507649.109000,104.0,Ok,87.0,Ok,13895
507649.156000,98.0,Ok,92.0,Ok,13896
507649.218000,104.0,Ok,92.0,Ok,13897
507649.281000,105.0,Ok,95.0,Ok,13898
507649.328000,102.0,Ok,92.0,Ok,13899
507649.375000,110.0,Ok,93.0,Ok,13900
507649.421000,98.0,Ok,106.0,Ok,13901
507649.468000,95.0,Ok,104.0,Ok,13902
507649.515000,107.0,Ok,102.0,Ok,13903
507649.562000,95.0,Ok,107.0,Ok,13904
507649.609000,99.0,Ok,111.0,Ok,13905
507649.671000,100.0,Ok,113.0,Ok,13906
507649.718000,104.0,Ok,113.0,Ok,13907
507649.781000,108.0,Ok,110.0,Ok,13908
507649.828000,106.0,Ok,113.0,Ok,13909
507649.875000,107.0,Ok,114.0,Ok,13910
507649.921000,104.0,Ok,112.0,Ok,13911
507649.968000,105.0,Ok,111.0,Ok,13912
507650.015000,113.0,Ok,112.0,Ok,13913
507650.078000,110.0,Ok,112.0,Ok,13914
507650.125000,104.0,Ok,104.0,Ok,13915
507650.171000,101.0,Ok,108.0,Ok,13916
507650.218000,104.0,Ok,105.0,Ok,13917
507650.265000,114.0,Ok,106.0,Ok,13918
507650.328000,106.0,Ok,110.0,Ok,13919
507650.375000,107.0,Ok,99.0,Ok,13920
507650.421000,111.0,Ok,108.0,Ok,13921
507650.468000,107.0,Ok,102.0,Ok,13922
507650.515000,108.0,Ok,106.0,Ok,13923
507650.562000,103.0,Ok,95.0,Ok,13924
507650.609000,104.0,Ok,105.0,Ok,13925
507650.671000,113.0,Ok,101.0,Ok,13926
507650.718000,109.0,Ok,103.0,Ok,13927
507650.765000,102.0,Ok,103.0,Ok,13928
507650.812000,107.0,Ok,102.0,Ok,13929
507650.875000,103.0,Ok,110.0,Ok,13930
507650.921000,115.0,Ok,107.0,Ok,13931
507650.968000,101.0,Ok,109.0,Ok,13932
507651.015000,104.0,Ok,112.0,Ok,13933
507651.062000,101.0,Ok,105.0,Ok,13934
507651.125000,109.0,Ok,109.0,Ok,13935
507651.171000,109.0,Ok,106.0,Ok,13936
507651.218000,103.0,Ok,109.0,Ok,13937
507651.281000,101.0,Ok,110.0,Ok,13938
507651.328000,104.0,Ok,111.0,Ok,13939
507651.375000,102.0,Ok,106.0,Ok,13940
507651.421000,102.0,Ok,108.0,Ok,13941
507651.468000,101.0,Ok,108.0,Ok,13942
507651.515000,104.0,Ok,107.0,Ok,13943
507651.578000,100.0,Ok,107.0,Ok,13944
507651.625000,101.0,Ok,107.0,Ok,13945
507651.671000,102.0,Ok,107.0,Ok,13946
507651.718000,107.0,Ok,110.0,Ok,13947
507651.765000,110.0,Ok,108.0,Ok,13948
507651.828000,113.0,Ok,112.0,Ok,13949
507651.875000,65535.0,RangingRxTimeout,110.0,Ok,13950
507651.921000,114.0,Ok,114.0,Ok,13951
507651.968000,112.0,Ok,116.0,Ok,13952
507652.015000,114.0,Ok,112.0,Ok,13953
507652.078000,117.0,Ok,114.0,Ok,13954
507652.109000,117.0,Ok,114.0,Ok,13955
507652.171000,117.0,Ok,111.0,Ok,13956
507652.218000,117.0,Ok,114.0,Ok,13957
507652.265000,117.0,Ok,113.0,Ok,13958
507652.328000,117.0,Ok,115.0,Ok,13959
507652.375000,114.0,Ok,119.0,Ok,13960
507652.421000,117.0,Ok,114.0,Ok,13961
507652.468000,111.0,Ok,115.0,Ok,13962
507652.515000,114.0,Ok,119.0,Ok,13963
507652.562000,115.0,Ok,115.0,Ok,13964
507652.625000,118.0,Ok,116.0,Ok,13965
507652.671000,116.0,Ok,114.0,Ok,13966
507652.718000,115.0,Ok,118.0,Ok,13967
507652.765000,117.0,Ok,115.0,Ok,13968
507652.812000,117.0,Ok,116.0,Ok,13969
507652.875000,118.0,Ok,120.0,Ok,13970
507652.921000,116.0,Ok,116.0,Ok,13971
507652.968000,116.0,Ok,116.0,Ok,13972
507653.031000,116.0,Ok,116.0,Ok,13973
507653.078000,114.0,Ok,116.0,Ok,13974
507653.125000,115.0,Ok,117.0,Ok,13975
507653.156000,117.0,Ok,117.0,Ok,13976
507653.218000,116.0,Ok,117.0,Ok,13977
507653.265000,117.0,Ok,120.0,Ok,13978
507653.312000,120.0,Ok,117.0,Ok,13979
507653.375000,116.0,Ok,116.0,Ok,13980
507653.421000,119.0,Ok,116.0,Ok,13981
507653.468000,115.0,Ok,115.0,Ok,13982
507653.515000,116.0,Ok,116.0,Ok,13983
507653.578000,115.0,Ok,116.0,Ok,13984
507653.640000,114.0,Ok,115.0,Ok,13985
507653.656000,114.0,Ok,118.0,Ok,13986
507653.718000,120.0,Ok,116.0,Ok,13987
507653.765000,120.0,Ok,117.0,Ok,13988
507653.812000,120.0,Ok,115.0,Ok,13989
507653.875000,122.0,Ok,118.0,Ok,13990
507653.921000,118.0,Ok,117.0,Ok,13991
507653.968000,112.0,Ok,117.0,Ok,13992
507654.015000,115.0,Ok,114.0,Ok,13993
507654.078000,116.0,Ok,119.0,Ok,13994
507654.125000,117.0,Ok,110.0,Ok,13995
507654.171000,117.0,Ok,117.0,Ok,13996
507654.218000,114.0,Ok,110.0,Ok,13997
507654.281000,106.0,Ok,112.0,Ok,13998
507654.312000,111.0,Ok,107.0,Ok,13999
507654.375000,110.0,Ok,102.0,Ok,14000
507654.421000,114.0,Ok,99.0,Ok,14001
507654.468000,112.0,Ok,100.0,Ok,14002
507654.515000,114.0,Ok,99.0,Ok,14003
507654.562000,103.0,Ok,103.0,Ok,14004
507654.609000,111.0,Ok,107.0,Ok,14005
507654.671000,113.0,Ok,109.0,Ok,14006
507654.718000,113.0,Ok,111.0,Ok,14007
507654.781000,110.0,Ok,105.0,Ok,14008
507654.828000,108.0,Ok,103.0,Ok,14009
507654.859000,105.0,Ok,106.0,Ok,14010
507654.921000,107.0,Ok,101.0,Ok,14011
507655.000000,111.0,Ok,105.0,Ok,14012
507655.015000,110.0,Ok,99.0,Ok,14013
507655.078000,111.0,Ok,99.0,Ok,14014
507655.125000,111.0,Ok,101.0,Ok,14015
507655.171000,111.0,Ok,99.0,Ok,14016
507655.218000,110.0,Ok,101.0,Ok,14017
507655.265000,107.0,Ok,103.0,Ok,14018
507655.328000,111.0,Ok,102.0,Ok,14019
507655.375000,110.0,Ok,99.0,Ok,14020
507655.421000,110.0,Ok,99.0,Ok,14021
507655.468000,109.0,Ok,99.0,Ok,14022
507655.515000,108.0,Ok,103.0,Ok,14023
507655.578000,110.0,Ok,99.0,Ok,14024
507655.625000,112.0,Ok,99.0,Ok,14025
507655.671000,110.0,Ok,101.0,Ok,14026
507655.718000,107.0,Ok,99.0,Ok,14027
507655.781000,107.0,Ok,101.0,Ok,14028
507655.828000,108.0,Ok,99.0,Ok,14029
507655.875000,106.0,Ok,100.0,Ok,14030
507655.921000,106.0,Ok,103.0,Ok,14031
507655.968000,109.0,Ok,97.0,Ok,14032
507656.015000,108.0,Ok,100.0,Ok,14033
507656.062000,108.0,Ok,99.0,Ok,14034
507656.125000,106.0,Ok,98.0,Ok,14035
507656.171000,112.0,Ok,99.0,Ok,14036
507656.218000,111.0,Ok,99.0,Ok,14037
507656.281000,106.0,Ok,100.0,Ok,14038
507656.312000,102.0,Ok,99.0,Ok,14039
507656.375000,103.0,Ok,98.0,Ok,14040
507656.421000,110.0,Ok,100.0,Ok,14041
507656.468000,104.0,Ok,99.0,Ok,14042
507656.515000,110.0,Ok,100.0,Ok,14043
507656.578000,109.0,Ok,101.0,Ok,14044
507656.625000,106.0,Ok,99.0,Ok,14045
507656.671000,109.0,Ok,99.0,Ok,14046
507656.718000,109.0,Ok,98.0,Ok,14047
507656.765000,111.0,Ok,97.0,Ok,14048
507656.812000,111.0,Ok,98.0,Ok,14049
507656.875000,111.0,Ok,99.0,Ok,14050
507656.921000,110.0,Ok,98.0,Ok,14051
507656.968000,109.0,Ok,97.0,Ok,14052
507657.015000,107.0,Ok,98.0,Ok,14053
507657.078000,109.0,Ok,98.0,Ok,14054
507657.125000,108.0,Ok,98.0,Ok,14055
507657.171000,111.0,Ok,97.0,Ok,14056
507657.218000,108.0,Ok,98.0,Ok,14057
507657.265000,107.0,Ok,97.0,Ok,14058
507657.312000,111.0,Ok,101.0,Ok,14059
507657.359000,114.0,Ok,99.0,Ok,14060
507657.421000,114.0,Ok,101.0,Ok,14061
507657.468000,104.0,Ok,106.0,Ok,14062
507657.515000,115.0,Ok,103.0,Ok,14063
507657.578000,105.0,Ok,112.0,Ok,14064
507657.625000,109.0,Ok,109.0,Ok,14065
507657.671000,112.0,Ok,115.0,Ok,14066
507657.734000,115.0,Ok,112.0,Ok,14067
507657.765000,117.0,Ok,114.0,Ok,14068
507657.828000,119.0,Ok,116.0,Ok,14069
507657.875000,120.0,Ok,120.0,Ok,14070
507657.921000,121.0,Ok,121.0,Ok,14071
507657.968000,121.0,Ok,117.0,Ok,14072
507658.031000,124.0,Ok,115.0,Ok,14073
507658.062000,125.0,Ok,121.0,Ok,14074
507658.109000,126.0,Ok,130.0,Ok,14075
507658.171000,127.0,Ok,119.0,Ok,14076
507658.218000,126.0,Ok,132.0,Ok,14077
507658.265000,127.0,Ok,136.0,Ok,14078
507658.328000,131.0,Ok,132.0,Ok,14079
507658.375000,132.0,Ok,132.0,Ok,14080
507658.421000,132.0,Ok,134.0,Ok,14081
507658.468000,128.0,Ok,127.0,Ok,14082
507658.515000,127.0,Ok,126.0,Ok,14083
507658.578000,124.0,Ok,125.0,Ok,14084
507658.609000,124.0,Ok,124.0,Ok,14085
507658.671000,126.0,Ok,124.0,Ok,14086
507658.718000,127.0,Ok,126.0,Ok,14087
507658.765000,128.0,Ok,125.0,Ok,14088
507658.812000,128.0,Ok,129.0,Ok,14089
507658.875000,127.0,Ok,130.0,Ok,14090
507658.921000,132.0,Ok,131.0,Ok,14091
507658.968000,137.0,Ok,128.0,Ok,14092
507659.015000,130.0,Ok,128.0,Ok,14093
507659.078000,129.0,Ok,120.0,Ok,14094
507659.125000,127.0,Ok,123.0,Ok,14095
507659.171000,124.0,Ok,122.0,Ok,14096
507659.218000,122.0,Ok,118.0,Ok,14097
507659.265000,119.0,Ok,118.0,Ok,14098
507659.328000,123.0,Ok,115.0,Ok,14099
507659.375000,124.0,Ok,115.0,Ok,14100
507659.421000,115.0,Ok,117.0,Ok,14101
507659.468000,121.0,Ok,113.0,Ok,14102
507659.515000,110.0,Ok,105.0,Ok,14103
507659.578000,117.0,Ok,108.0,Ok,14104
507659.625000,108.0,Ok,113.0,Ok,14105
507659.671000,105.0,Ok,110.0,Ok,14106
507659.703000,113.0,Ok,112.0,Ok,14107
507659.781000,112.0,Ok,113.0,Ok,14108
507659.812000,114.0,Ok,113.0,Ok,14109
507659.875000,115.0,Ok,113.0,Ok,14110
507659.921000,119.0,Ok,110.0,Ok,14111
507659.968000,114.0,Ok,113.0,Ok,14112
507660.015000,117.0,Ok,111.0,Ok,14113
507660.078000,115.0,Ok,114.0,Ok,14114
507660.125000,116.0,Ok,105.0,Ok,14115
507660.171000,116.0,Ok,110.0,Ok,14116
507660.218000,118.0,Ok,112.0,Ok,14117
507660.265000,114.0,Ok,111.0,Ok,14118
507660.328000,113.0,Ok,111.0,Ok,14119
507660.375000,114.0,Ok,112.0,Ok,14120
507660.421000,114.0,Ok,115.0,Ok,14121
507660.468000,115.0,Ok,116.0,Ok,14122
507660.515000,113.0,Ok,111.0,Ok,14123
507660.562000,114.0,Ok,113.0,Ok,14124
507660.625000,113.0,Ok,112.0,Ok,14125
507660.671000,114.0,Ok,111.0,Ok,14126
507660.718000,115.0,Ok,112.0,Ok,14127
507660.765000,114.0,Ok,114.0,Ok,14128
507660.812000,112.0,Ok,112.0,Ok,14129
507660.875000,112.0,Ok,111.0,Ok,14130
507660.921000,104.0,Ok,108.0,Ok,14131
507660.968000,113.0,Ok,113.0,Ok,14132
507661.015000,114.0,Ok,112.0,Ok,14133
507661.062000,114.0,Ok,110.0,Ok,14134
507661.125000,113.0,Ok,114.0,Ok,14135
507661.171000,112.0,Ok,115.0,Ok,14136
507661.218000,113.0,Ok,112.0,Ok,14137
507661.265000,113.0,Ok,111.0,Ok,14138
507661.328000,114.0,Ok,110.0,Ok,14139
507661.375000,112.0,Ok,113.0,Ok,14140
507661.421000,111.0,Ok,111.0,Ok,14141
507661.468000,112.0,Ok,111.0,Ok,14142
507661.515000,112.0,Ok,112.0,Ok,14143
507661.562000,115.0,Ok,110.0,Ok,14144
507661.609000,107.0,Ok,115.0,Ok,14145
507661.671000,114.0,Ok,112.0,Ok,14146
507661.718000,113.0,Ok,111.0,Ok,14147
507661.765000,113.0,Ok,111.0,Ok,14148
507661.906000,113.0,Ok,115.0,Ok,14149
507661.921000,112.0,Ok,112.0,Ok,14150
507661.921000,113.0,Ok,114.0,Ok,14151
507661.953000,110.0,Ok,109.0,Ok,14152
507662.015000,112.0,Ok,109.0,Ok,14153
507662.078000,113.0,Ok,112.0,Ok,14154
507662.125000,111.0,Ok,114.0,Ok,14155
507662.171000,112.0,Ok,109.0,Ok,14156
507662.218000,112.0,Ok,114.0,Ok,14157
507662.265000,112.0,Ok,115.0,Ok,14158
507662.312000,113.0,Ok,110.0,Ok,14159
507662.375000,110.0,Ok,113.0,Ok,14160
507662.421000,112.0,Ok,110.0,Ok,14161
507662.468000,111.0,Ok,113.0,Ok,14162
507662.515000,111.0,Ok,109.0,Ok,14163
507662.562000,111.0,Ok,112.0,Ok,14164
507662.609000,111.0,Ok,111.0,Ok,14165
507662.671000,105.0,Ok,107.0,Ok,14166
507662.718000,109.0,Ok,109.0,Ok,14167
507662.765000,107.0,Ok,109.0,Ok,14168
507662.812000,109.0,Ok,110.0,Ok,14169
507662.875000,111.0,Ok,114.0,Ok,14170
507662.921000,110.0,Ok,113.0,Ok,14171
507662.968000,106.0,Ok,114.0,Ok,14172
507663.031000,112.0,Ok,114.0,Ok,14173
507663.062000,107.0,Ok,109.0,Ok,14174
507663.125000,106.0,Ok,110.0,Ok,14175
507663.171000,112.0,Ok,109.0,Ok,14176
507663.218000,105.0,Ok,110.0,Ok,14177
507663.281000,102.0,Ok,110.0,Ok,14178
507663.328000,109.0,Ok,112.0,Ok,14179
507663.375000,111.0,Ok,110.0,Ok,14180
507663.421000,111.0,Ok,108.0,Ok,14181
507663.468000,104.0,Ok,106.0,Ok,14182
507663.515000,104.0,Ok,111.0,Ok,14183
507663.562000,104.0,Ok,110.0,Ok,14184
507663.609000,98.0,Ok,108.0,Ok,14185
507663.656000,109.0,Ok,103.0,Ok,14186
507663.703000,111.0,Ok,107.0,Ok,14187
507663.781000,108.0,Ok,115.0,Ok,14188
507663.828000,114.0,Ok,110.0,Ok,14189
507663.875000,115.0,Ok,107.0,Ok,14190
507663.921000,109.0,Ok,116.0,Ok,14191
507663.968000,115.0,Ok,116.0,Ok,14192
507664.015000,117.0,Ok,115.0,Ok,14193
507664.062000,116.0,Ok,114.0,Ok,14194
507664.109000,121.0,Ok,116.0,Ok,14195
507664.171000,117.0,Ok,119.0,Ok,14196
507664.218000,114.0,Ok,120.0,Ok,14197
507664.265000,119.0,Ok,119.0,Ok,14198
507664.312000,121.0,Ok,129.0,Ok,14199
507664.375000,119.0,Ok,114.0,Ok,14200
507664.421000,121.0,Ok,123.0,Ok,14201
507664.468000,122.0,Ok,123.0,Ok,14202
507664.515000,120.0,Ok,130.0,Ok,14203
507664.578000,123.0,Ok,126.0,Ok,14204
507664.625000,123.0,Ok,125.0,Ok,14205
507664.656000,122.0,Ok,126.0,Ok,14206
507664.718000,124.0,Ok,128.0,Ok,14207
507664.765000,129.0,Ok,124.0,Ok,14208
507664.828000,125.0,Ok,124.0,Ok,14209
507664.875000,125.0,Ok,125.0,Ok,14210
507664.921000,124.0,Ok,122.0,Ok,14211
507664.953000,125.0,Ok,121.0,Ok,14212
507665.015000,126.0,Ok,124.0,Ok,14213
507665.062000,124.0,Ok,125.0,Ok,14214
507665.125000,122.0,Ok,121.0,Ok,14215
507665.156000,125.0,Ok,116.0,Ok,14216
507665.218000,126.0,Ok,120.0,Ok,14217
507665.265000,124.0,Ok,118.0,Ok,14218
507665.328000,124.0,Ok,116.0,Ok,14219
507665.375000,128.0,Ok,124.0,Ok,14220
507665.421000,124.0,Ok,114.0,Ok,14221
507665.468000,124.0,Ok,117.0,Ok,14222
507665.515000,120.0,Ok,111.0,Ok,14223
507665.578000,116.0,Ok,115.0,Ok,14224
507665.625000,116.0,Ok,111.0,Ok,14225
507665.671000,115.0,Ok,109.0,Ok,14226
507665.718000,114.0,Ok,110.0,Ok,14227
507665.765000,114.0,Ok,107.0,Ok,14228
507665.828000,114.0,Ok,112.0,Ok,14229
507665.875000,112.0,Ok,101.0,Ok,14230
507665.921000,113.0,Ok,109.0,Ok,14231
507665.968000,112.0,Ok,110.0,Ok,14232
507666.031000,112.0,Ok,114.0,Ok,14233
507666.078000,106.0,Ok,113.0,Ok,14234
507666.125000,109.0,Ok,106.0,Ok,14235
507666.156000,114.0,Ok,108.0,Ok,14236
507666.218000,111.0,Ok,107.0,Ok,14237
507666.281000,106.0,Ok,104.0,Ok,14238
507666.328000,114.0,Ok,111.0,Ok,14239
507666.375000,108.0,Ok,109.0,Ok,14240
507666.421000,105.0,Ok,104.0,Ok,14241
507666.468000,107.0,Ok,107.0,Ok,14242
507666.515000,107.0,Ok,104.0,Ok,14243
507666.562000,103.0,Ok,101.0,Ok,14244
507666.625000,105.0,Ok,103.0,Ok,14245
507666.671000,107.0,Ok,100.0,Ok,14246
507666.718000,106.0,Ok,98.0,Ok,14247
507666.765000,105.0,Ok,99.0,Ok,14248
507666.828000,107.0,Ok,97.0,Ok,14249
507666.859000,107.0,Ok,98.0,Ok,14250
507666.906000,102.0,Ok,96.0,Ok,14251
507666.968000,105.0,Ok,98.0,Ok,14252
507667.015000,102.0,Ok,100.0,Ok,14253
507667.062000,105.0,Ok,99.0,Ok,14254
507667.109000,109.0,Ok,101.0,Ok,14255
507667.156000,109.0,Ok,98.0,Ok,14256
507667.218000,104.0,Ok,105.0,Ok,14257
507667.265000,103.0,Ok,105.0,Ok,14258
507667.312000,104.0,Ok,106.0,Ok,14259
507667.375000,103.0,Ok,106.0,Ok,14260
507667.421000,102.0,Ok,104.0,Ok,14261
507667.468000,101.0,Ok,106.0,Ok,14262
507667.515000,103.0,Ok,106.0,Ok,14263
507667.578000,109.0,Ok,104.0,Ok,14264
507667.609000,113.0,Ok,103.0,Ok,14265
507667.671000,112.0,Ok,103.0,Ok,14266
507667.718000,109.0,Ok,104.0,Ok,14267
507667.765000,111.0,Ok,103.0,Ok,14268
507667.812000,109.0,Ok,103.0,Ok,14269
507667.875000,109.0,Ok,101.0,Ok,14270
507667.921000,113.0,Ok,108.0,Ok,14271
507667.968000,113.0,Ok,98.0,Ok,14272
507668.031000,108.0,Ok,102.0,Ok,14273
507668.062000,109.0,Ok,99.0,Ok,14274
507668.109000,113.0,Ok,99.0,Ok,14275
507668.156000,114.0,Ok,102.0,Ok,14276
507668.218000,111.0,Ok,99.0,Ok,14277
507668.265000,108.0,Ok,96.0,Ok,14278
507668.312000,103.0,Ok,101.0,Ok,14279
507668.359000,104.0,Ok,101.0,Ok,14280
507668.421000,111.0,Ok,102.0,Ok,14281
507668.468000,105.0,Ok,100.0,Ok,14282
507668.515000,112.0,Ok,104.0,Ok,14283
507668.562000,107.0,Ok,105.0,Ok,14284
507668.625000,109.0,Ok,104.0,Ok,14285
507668.656000,109.0,Ok,96.0,Ok,14286
507668.718000,107.0,Ok,98.0,Ok,14287
507668.765000,108.0,Ok,93.0,Ok,14288
507668.828000,105.0,Ok,102.0,Ok,14289
507668.875000,107.0,Ok,106.0,Ok,14290
507668.921000,116.0,Ok,110.0,Ok,14291
507668.968000,110.0,Ok,108.0,Ok,14292
507669.031000,114.0,Ok,111.0,Ok,14293
507669.062000,113.0,Ok,114.0,Ok,14294
507669.109000,115.0,Ok,116.0,Ok,14295
507669.171000,121.0,Ok,119.0,Ok,14296
507669.218000,123.0,Ok,117.0,Ok,14297
507669.281000,116.0,Ok,122.0,Ok,14298
507669.328000,121.0,Ok,125.0,Ok,14299
507669.375000,126.0,Ok,127.0,Ok,14300
507669.421000,125.0,Ok,122.0,Ok,14301
507669.468000,125.0,Ok,127.0,Ok,14302
507669.515000,124.0,Ok,122.0,Ok,14303
507669.562000,126.0,Ok,123.0,Ok,14304
507669.625000,124.0,Ok,122.0,Ok,14305
507669.656000,125.0,Ok,122.0,Ok,14306
507669.718000,125.0,Ok,122.0,Ok,14307
507669.765000,125.0,Ok,121.0,Ok,14308
507669.828000,119.0,Ok,122.0,Ok,14309
507669.875000,120.0,Ok,122.0,Ok,14310
507669.921000,119.0,Ok,124.0,Ok,14311
507669.984000,124.0,Ok,123.0,Ok,14312
507670.015000,125.0,Ok,123.0,Ok,14313
507670.078000,124.0,Ok,122.0,Ok,14314
507670.125000,125.0,Ok,119.0,Ok,14315
507670.171000,121.0,Ok,121.0,Ok,14316
507670.218000,120.0,Ok,117.0,Ok,14317
507670.281000,122.0,Ok,119.0,Ok,14318
507670.328000,119.0,Ok,122.0,Ok,14319
507670.375000,111.0,Ok,119.0,Ok,14320
507670.421000,117.0,Ok,117.0,Ok,14321
507670.468000,115.0,Ok,110.0,Ok,14322
507670.515000,114.0,Ok,114.0,Ok,14323
507670.578000,112.0,Ok,106.0,Ok,14324
507670.609000,104.0,Ok,101.0,Ok,14325
507670.671000,106.0,Ok,101.0,Ok,14326
507670.718000,108.0,Ok,103.0,Ok,14327
507670.781000,110.0,Ok,109.0,Ok,14328
507670.812000,107.0,Ok,109.0,Ok,14329
507670.875000,107.0,Ok,104.0,Ok,14330
507670.906000,110.0,Ok,107.0,Ok,14331
507670.968000,111.0,Ok,106.0,Ok,14332
507671.015000,107.0,Ok,98.0,Ok,14333
507671.078000,107.0,Ok,104.0,Ok,14334
507671.125000,110.0,Ok,99.0,Ok,14335
507671.171000,107.0,Ok,94.0,Ok,14336
507671.218000,107.0,Ok,96.0,Ok,14337
507671.265000,110.0,Ok,101.0,Ok,14338
507671.312000,111.0,Ok,96.0,Ok,14339
507671.375000,108.0,Ok,100.0,Ok,14340
507671.406000,109.0,Ok,107.0,Ok,14341
507671.468000,109.0,Ok,104.0,Ok,14342
507671.515000,109.0,Ok,105.0,Ok,14343
507671.562000,107.0,Ok,107.0,Ok,14344
507671.625000,109.0,Ok,105.0,Ok,14345
507671.671000,107.0,Ok,105.0,Ok,14346
507671.718000,108.0,Ok,106.0,Ok,14347
507671.765000,109.0,Ok,104.0,Ok,14348
507671.812000,111.0,Ok,99.0,Ok,14349
507671.875000,110.0,Ok,104.0,Ok,14350
507671.921000,109.0,Ok,103.0,Ok,14351
507671.968000,110.0,Ok,100.0,Ok,14352
507672.015000,109.0,Ok,104.0,Ok,14353
507672.062000,109.0,Ok,103.0,Ok,14354
507672.125000,106.0,Ok,105.0,Ok,14355
507672.171000,108.0,Ok,106.0,Ok,14356
507672.218000,107.0,Ok,105.0,Ok,14357
507672.265000,105.0,Ok,103.0,Ok,14358
507672.328000,103.0,Ok,106.0,Ok,14359
507672.359000,110.0,Ok,106.0,Ok,14360
507672.421000,112.0,Ok,107.0,Ok,14361
507672.468000,110.0,Ok,105.0,Ok,14362
507672.515000,110.0,Ok,106.0,Ok,14363
507672.578000,104.0,Ok,105.0,Ok,14364
507672.625000,109.0,Ok,103.0,Ok,14365
507672.671000,108.0,Ok,94.0,Ok,14366
507672.718000,108.0,Ok,105.0,Ok,14367
507672.765000,107.0,Ok,105.0,Ok,14368
507672.812000,108.0,Ok,104.0,Ok,14369
507672.875000,111.0,Ok,108.0,Ok,14370
507672.921000,104.0,Ok,107.0,Ok,14371
507672.968000,110.0,Ok,110.0,Ok,14372
507673.015000,110.0,Ok,107.0,Ok,14373
507673.078000,109.0,Ok,101.0,Ok,14374
507673.125000,110.0,Ok,105.0,Ok,14375
507673.171000,107.0,Ok,108.0,Ok,14376
507673.218000,108.0,Ok,108.0,Ok,14377
507673.265000,110.0,Ok,103.0,Ok,14378
507673.328000,108.0,Ok,108.0,Ok,14379
507673.375000,110.0,Ok,107.0,Ok,14380
507673.421000,109.0,Ok,108.0,Ok,14381
507673.468000,104.0,Ok,110.0,Ok,14382
507673.515000,108.0,Ok,107.0,Ok,14383
507673.562000,107.0,Ok,107.0,Ok,14384
507673.609000,107.0,Ok,106.0,Ok,14385
507673.671000,111.0,Ok,113.0,Ok,14386
507673.718000,109.0,Ok,106.0,Ok,14387
507673.765000,107.0,Ok,103.0,Ok,14388
507673.812000,108.0,Ok,108.0,Ok,14389
507673.859000,113.0,Ok,108.0,Ok,14390
507673.921000,111.0,Ok,107.0,Ok,14391
507673.968000,109.0,Ok,107.0,Ok,14392
507674.015000,111.0,Ok,106.0,Ok,14393
507674.078000,111.0,Ok,105.0,Ok,14394
507674.125000,111.0,Ok,109.0,Ok,14395
507674.171000,107.0,Ok,109.0,Ok,14396
507674.218000,110.0,Ok,106.0,Ok,14397
507674.265000,107.0,Ok,108.0,Ok,14398
507674.328000,112.0,Ok,109.0,Ok,14399
507674.375000,109.0,Ok,106.0,Ok,14400
507674.421000,112.0,Ok,107.0,Ok,14401
507674.468000,114.0,Ok,119.0,Ok,14402
507674.531000,113.0,Ok,118.0,Ok,14403
507674.578000,114.0,Ok,119.0,Ok,14404
507674.625000,116.0,Ok,116.0,Ok,14405
507674.671000,110.0,Ok,121.0,Ok,14406
507674.718000,118.0,Ok,119.0,Ok,14407
507674.765000,119.0,Ok,114.0,Ok,14408
507674.828000,121.0,Ok,118.0,Ok,14409
507674.859000,120.0,Ok,118.0,Ok,14410
507674.921000,122.0,Ok,120.0,Ok,14411
507674.968000,120.0,Ok,122.0,Ok,14412
507675.015000,120.0,Ok,117.0,Ok,14413
507675.062000,120.0,Ok,119.0,Ok,14414
507675.109000,122.0,Ok,125.0,Ok,14415
507675.171000,122.0,Ok,119.0,Ok,14416
507675.218000,122.0,Ok,121.0,Ok,14417
507675.265000,119.0,Ok,120.0,Ok,14418
507675.328000,118.0,Ok,115.0,Ok,14419
507675.375000,120.0,Ok,118.0,Ok,14420
507675.437000,121.0,Ok,116.0,Ok,14421
507675.468000,115.0,Ok,111.0,Ok,14422
507675.531000,109.0,Ok,110.0,Ok,14423
507675.578000,108.0,Ok,112.0,Ok,14424
507675.625000,115.0,Ok,111.0,Ok,14425
507675.671000,108.0,Ok,111.0,Ok,14426
507675.718000,107.0,Ok,112.0,Ok,14427
507675.781000,109.0,Ok,109.0,Ok,14428
507675.812000,104.0,Ok,107.0,Ok,14429
507675.875000,109.0,Ok,98.0,Ok,14430
507675.921000,116.0,Ok,97.0,Ok,14431
507675.968000,109.0,Ok,105.0,Ok,14432
507676.015000,108.0,Ok,108.0,Ok,14433
507676.078000,109.0,Ok,105.0,Ok,14434
507676.125000,105.0,Ok,107.0,Ok,14435
507676.171000,114.0,Ok,109.0,Ok,14436
507676.218000,109.0,Ok,104.0,Ok,14437
507676.265000,107.0,Ok,108.0,Ok,14438
507676.328000,106.0,Ok,108.0,Ok,14439
507676.375000,104.0,Ok,107.0,Ok,14440
507676.421000,106.0,Ok,106.0,Ok,14441
507676.468000,105.0,Ok,102.0,Ok,14442
507676.515000,107.0,Ok,109.0,Ok,14443
507676.578000,107.0,Ok,99.0,Ok,14444
507676.625000,107.0,Ok,107.0,Ok,14445
507676.671000,108.0,Ok,102.0,Ok,14446
507676.718000,104.0,Ok,102.0,Ok,14447
507676.781000,105.0,Ok,106.0,Ok,14448
507676.828000,105.0,Ok,107.0,Ok,14449
507676.875000,109.0,Ok,108.0,Ok,14450
507676.921000,109.0,Ok,107.0,Ok,14451
507676.968000,110.0,Ok,105.0,Ok,14452
507677.015000,111.0,Ok,106.0,Ok,14453
507677.078000,109.0,Ok,106.0,Ok,14454
507677.125000,110.0,Ok,107.0,Ok,14455
507677.171000,109.0,Ok,105.0,Ok,14456
507677.218000,110.0,Ok,102.0,Ok,14457
507677.265000,109.0,Ok,105.0,Ok,14458
507677.312000,109.0,Ok,107.0,Ok,14459
507677.375000,110.0,Ok,107.0,Ok,14460
507677.421000,107.0,Ok,107.0,Ok,14461
507677.468000,111.0,Ok,106.0,Ok,14462
507677.515000,110.0,Ok,104.0,Ok,14463
507677.578000,110.0,Ok,107.0,Ok,14464
507677.625000,109.0,Ok,99.0,Ok,14465
507677.671000,108.0,Ok,103.0,Ok,14466
507677.718000,111.0,Ok,105.0,Ok,14467
507677.765000,111.0,Ok,107.0,Ok,14468
507677.828000,113.0,Ok,107.0,Ok,14469
507677.875000,111.0,Ok,110.0,Ok,14470
507677.921000,109.0,Ok,108.0,Ok,14471
507677.968000,109.0,Ok,108.0,Ok,14472
507678.015000,109.0,Ok,109.0,Ok,14473
507678.062000,107.0,Ok,111.0,Ok,14474
507678.125000,111.0,Ok,110.0,Ok,14475
507678.171000,111.0,Ok,108.0,Ok,14476
507678.218000,103.0,Ok,109.0,Ok,14477
507678.265000,108.0,Ok,110.0,Ok,14478
507678.328000,108.0,Ok,108.0,Ok,14479
507678.375000,109.0,Ok,108.0,Ok,14480
507678.421000,110.0,Ok,107.0,Ok,14481
507678.468000,111.0,Ok,108.0,Ok,14482
507678.515000,111.0,Ok,107.0,Ok,14483
507678.562000,108.0,Ok,105.0,Ok,14484
507678.625000,109.0,Ok,107.0,Ok,14485
507678.671000,109.0,Ok,107.0,Ok,14486
507678.718000,109.0,Ok,105.0,Ok,14487
507678.781000,113.0,Ok,107.0,Ok,14488
507678.828000,111.0,Ok,108.0,Ok,14489
507678.859000,110.0,Ok,108.0,Ok,14490
507678.921000,110.0,Ok,108.0,Ok,14491
507678.968000,114.0,Ok,107.0,Ok,14492
507679.015000,111.0,Ok,106.0,Ok,14493
507679.078000,103.0,Ok,105.0,Ok,14494
507679.125000,105.0,Ok,107.0,Ok,14495
507679.171000,112.0,Ok,111.0,Ok,14496
507679.218000,108.0,Ok,113.0,Ok,14497
507679.265000,111.0,Ok,114.0,Ok,14498
507679.328000,113.0,Ok,113.0,Ok,14499
507679.375000,116.0,Ok,119.0,Ok,14500
507679.421000,118.0,Ok,117.0,Ok,14501
507679.468000,119.0,Ok,119.0,Ok,14502
507679.531000,121.0,Ok,113.0,Ok,14503
507679.562000,118.0,Ok,122.0,Ok,14504
507679.625000,120.0,Ok,122.0,Ok,14505
507679.671000,120.0,Ok,122.0,Ok,14506
507679.718000,116.0,Ok,122.0,Ok,14507
507679.765000,116.0,Ok,119.0,Ok,14508
507679.828000,117.0,Ok,119.0,Ok,14509
507679.875000,121.0,Ok,117.0,Ok,14510
507679.921000,122.0,Ok,119.0,Ok,14511
507679.968000,122.0,Ok,118.0,Ok,14512
507680.015000,120.0,Ok,115.0,Ok,14513
507680.062000,121.0,Ok,112.0,Ok,14514
507680.109000,121.0,Ok,114.0,Ok,14515
507680.171000,119.0,Ok,112.0,Ok,14516
507680.218000,120.0,Ok,113.0,Ok,14517
507680.265000,116.0,Ok,117.0,Ok,14518
507680.312000,120.0,Ok,117.0,Ok,14519
507680.359000,120.0,Ok,114.0,Ok,14520
507680.421000,118.0,Ok,115.0,Ok,14521
507680.453000,119.0,Ok,116.0,Ok,14522
507680.515000,120.0,Ok,115.0,Ok,14523
507680.562000,117.0,Ok,115.0,Ok,14524
507680.625000,114.0,Ok,114.0,Ok,14525
507680.671000,115.0,Ok,114.0,Ok,14526
507680.718000,116.0,Ok,117.0,Ok,14527
507680.765000,111.0,Ok,110.0,Ok,14528
507680.812000,117.0,Ok,114.0,Ok,14529
507680.859000,107.0,Ok,109.0,Ok,14530
507680.921000,105.0,Ok,110.0,Ok,14531
507680.968000,110.0,Ok,110.0,Ok,14532
507681.015000,111.0,Ok,105.0,Ok,14533
507681.062000,113.0,Ok,111.0,Ok,14534
507681.109000,113.0,Ok,99.0,Ok,14535
507681.171000,104.0,Ok,105.0,Ok,14536
507681.218000,111.0,Ok,106.0,Ok,14537
507681.265000,111.0,Ok,109.0,Ok,14538
507681.312000,111.0,Ok,101.0,Ok,14539
507681.375000,113.0,Ok,110.0,Ok,14540
507681.421000,118.0,Ok,110.0,Ok,14541
507681.468000,112.0,Ok,108.0,Ok,14542
507681.515000,112.0,Ok,104.0,Ok,14543
507681.578000,113.0,Ok,107.0,Ok,14544
507681.609000,113.0,Ok,104.0,Ok,14545
507681.671000,109.0,Ok,107.0,Ok,14546
507681.718000,106.0,Ok,105.0,Ok,14547
507681.765000,109.0,Ok,109.0,Ok,14548
507681.828000,111.0,Ok,105.0,Ok,14549
507681.859000,113.0,Ok,105.0,Ok,14550
507681.921000,112.0,Ok,107.0,Ok,14551
507681.968000,111.0,Ok,109.0,Ok,14552
507682.015000,112.0,Ok,109.0,Ok,14553
507682.078000,112.0,Ok,108.0,Ok,14554
507682.125000,111.0,Ok,108.0,Ok,14555
507682.171000,110.0,Ok,105.0,Ok,14556
507682.218000,107.0,Ok,112.0,Ok,14557
507682.265000,108.0,Ok,107.0,Ok,14558
507682.328000,111.0,Ok,107.0,Ok,14559
507682.375000,112.0,Ok,107.0,Ok,14560
507682.421000,112.0,Ok,109.0,Ok,14561
507682.468000,113.0,Ok,107.0,Ok,14562
507682.515000,112.0,Ok,107.0,Ok,14563
507682.562000,111.0,Ok,106.0,Ok,14564
507682.609000,108.0,Ok,106.0,Ok,14565
507682.671000,112.0,Ok,107.0,Ok,14566
507682.718000,108.0,Ok,102.0,Ok,14567
507682.765000,111.0,Ok,108.0,Ok,14568
507682.828000,108.0,Ok,107.0,Ok,14569
507682.875000,108.0,Ok,107.0,Ok,14570
507682.921000,104.0,Ok,105.0,Ok,14571
507682.984000,108.0,Ok,102.0,Ok,14572
507683.031000,105.0,Ok,100.0,Ok,14573
507683.062000,105.0,Ok,105.0,Ok,14574
507683.109000,110.0,Ok,107.0,Ok,14575
507683.171000,107.0,Ok,103.0,Ok,14576
507683.218000,106.0,Ok,106.0,Ok,14577
507683.265000,107.0,Ok,106.0,Ok,14578
507683.328000,112.0,Ok,107.0,Ok,14579
507683.375000,108.0,Ok,105.0,Ok,14580
507683.421000,111.0,Ok,105.0,Ok,14581
507683.468000,111.0,Ok,105.0,Ok,14582
507683.515000,108.0,Ok,105.0,Ok,14583
507683.562000,112.0,Ok,106.0,Ok,14584
507683.625000,112.0,Ok,100.0,Ok,14585
507683.671000,106.0,Ok,103.0,Ok,14586
507683.718000,107.0,Ok,106.0,Ok,14587
507683.765000,104.0,Ok,107.0,Ok,14588
507683.828000,104.0,Ok,95.0,Ok,14589
507683.875000,104.0,Ok,104.0,Ok,14590
507683.921000,101.0,Ok,105.0,Ok,14591
507683.968000,105.0,Ok,107.0,Ok,14592
507684.015000,104.0,Ok,95.0,Ok,14593
507684.078000,103.0,Ok,105.0,Ok,14594
507684.125000,103.0,Ok,104.0,Ok,14595
507684.171000,103.0,Ok,106.0,Ok,14596
507684.218000,109.0,Ok,99.0,Ok,14597
507684.265000,104.0,Ok,101.0,Ok,14598
507684.312000,105.0,Ok,100.0,Ok,14599
507684.375000,109.0,Ok,111.0,Ok,14600
507684.406000,107.0,Ok,108.0,Ok,14601
507684.468000,108.0,Ok,105.0,Ok,14602
507684.515000,104.0,Ok,106.0,Ok,14603
507684.578000,112.0,Ok,115.0,Ok,14604
507684.625000,112.0,Ok,110.0,Ok,14605
507684.671000,109.0,Ok,114.0,Ok,14606
507684.718000,112.0,Ok,107.0,Ok,14607
507684.765000,114.0,Ok,114.0,Ok,14608
507684.812000,120.0,Ok,117.0,Ok,14609
507684.859000,118.0,Ok,121.0,Ok,14610
507684.921000,120.0,Ok,119.0,Ok,14611
507684.968000,115.0,Ok,118.0,Ok,14612
507685.015000,118.0,Ok,118.0,Ok,14613
507685.078000,119.0,Ok,120.0,Ok,14614
507685.125000,121.0,Ok,119.0,Ok,14615
507685.171000,120.0,Ok,116.0,Ok,14616
507685.218000,119.0,Ok,119.0,Ok,14617
507685.265000,117.0,Ok,117.0,Ok,14618
507685.328000,115.0,Ok,114.0,Ok,14619
507685.375000,122.0,Ok,115.0,Ok,14620
507685.421000,123.0,Ok,112.0,Ok,14621
507685.468000,127.0,Ok,114.0,Ok,14622
507685.531000,121.0,Ok,120.0,Ok,14623
507685.578000,121.0,Ok,117.0,Ok,14624
507685.625000,118.0,Ok,116.0,Ok,14625
507685.671000,116.0,Ok,115.0,Ok,14626
507685.718000,116.0,Ok,105.0,Ok,14627
507685.765000,110.0,Ok,104.0,Ok,14628
507685.828000,102.0,Ok,102.0,Ok,14629
507685.875000,108.0,Ok,102.0,Ok,14630
507685.906000,112.0,Ok,106.0,Ok,14631
507685.968000,111.0,Ok,97.0,Ok,14632
507686.015000,103.0,Ok,105.0,Ok,14633
507686.078000,99.0,Ok,107.0,Ok,14634
507686.125000,107.0,Ok,102.0,Ok,14635
507686.171000,108.0,Ok,101.0,Ok,14636
507686.218000,107.0,Ok,105.0,Ok,14637
507686.265000,103.0,Ok,106.0,Ok,14638
507686.328000,107.0,Ok,109.0,Ok,14639
507686.375000,109.0,Ok,112.0,Ok,14640
507686.421000,108.0,Ok,105.0,Ok,14641
507686.468000,110.0,Ok,108.0,Ok,14642
507686.515000,108.0,Ok,104.0,Ok,14643
507686.578000,107.0,Ok,106.0,Ok,14644
507686.625000,107.0,Ok,106.0,Ok,14645
507686.671000,109.0,Ok,107.0,Ok,14646
507686.718000,110.0,Ok,105.0,Ok,14647
507686.765000,109.0,Ok,107.0,Ok,14648
507686.828000,110.0,Ok,105.0,Ok,14649
507686.875000,109.0,Ok,105.0,Ok,14650
507686.921000,109.0,Ok,108.0,Ok,14651
507686.968000,109.0,Ok,108.0,Ok,14652
507687.015000,109.0,Ok,105.0,Ok,14653
507687.062000,108.0,Ok,107.0,Ok,14654
507687.125000,107.0,Ok,107.0,Ok,14655
507687.156000,104.0,Ok,107.0,Ok,14656
507687.218000,101.0,Ok,105.0,Ok,14657
507687.265000,103.0,Ok,106.0,Ok,14658
507687.312000,104.0,Ok,110.0,Ok,14659
507687.375000,102.0,Ok,107.0,Ok,14660
507687.421000,102.0,Ok,110.0,Ok,14661
507687.468000,102.0,Ok,105.0,Ok,14662
507687.515000,105.0,Ok,107.0,Ok,14663
507687.578000,103.0,Ok,103.0,Ok,14664
507687.625000,102.0,Ok,107.0,Ok,14665
507687.671000,103.0,Ok,106.0,Ok,14666
507687.718000,109.0,Ok,108.0,Ok,14667
507687.765000,105.0,Ok,105.0,Ok,14668
507687.828000,107.0,Ok,106.0,Ok,14669
507687.875000,110.0,Ok,106.0,Ok,14670
507687.921000,107.0,Ok,102.0,Ok,14671
507687.968000,107.0,Ok,103.0,Ok,14672
507688.015000,106.0,Ok,102.0,Ok,14673
507688.078000,103.0,Ok,107.0,Ok,14674
507688.125000,107.0,Ok,107.0,Ok,14675
507688.171000,106.0,Ok,104.0,Ok,14676
507688.218000,105.0,Ok,100.0,Ok,14677
507688.265000,108.0,Ok,105.0,Ok,14678
507688.328000,108.0,Ok,105.0,Ok,14679
507688.375000,107.0,Ok,100.0,Ok,14680
507688.421000,106.0,Ok,105.0,Ok,14681
507688.468000,111.0,Ok,93.0,Ok,14682
507688.515000,108.0,Ok,104.0,Ok,14683
507688.578000,107.0,Ok,99.0,Ok,14684
507688.609000,106.0,Ok,92.0,Ok,14685
507688.671000,106.0,Ok,102.0,Ok,14686
507688.718000,107.0,Ok,99.0,Ok,14687
507688.781000,107.0,Ok,99.0,Ok,14688
507688.828000,104.0,Ok,94.0,Ok,14689
507688.875000,106.0,Ok,104.0,Ok,14690
507688.921000,107.0,Ok,99.0,Ok,14691
507688.968000,105.0,Ok,97.0,Ok,14692
507689.015000,107.0,Ok,98.0,Ok,14693
507689.078000,107.0,Ok,95.0,Ok,14694
507689.109000,110.0,Ok,103.0,Ok,14695
507689.171000,110.0,Ok,107.0,Ok,14696
507689.218000,102.0,Ok,105.0,Ok,14697
507689.265000,106.0,Ok,101.0,Ok,14698
507689.328000,106.0,Ok,109.0,Ok,14699
507689.359000,106.0,Ok,114.0,Ok,14700
507689.421000,109.0,Ok,104.0,Ok,14701
507689.468000,118.0,Ok,110.0,Ok,14702
507689.515000,114.0,Ok,120.0,Ok,14703
507689.562000,114.0,Ok,117.0,Ok,14704
507689.625000,116.0,Ok,117.0,Ok,14705
507689.671000,121.0,Ok,118.0,Ok,14706
507689.718000,116.0,Ok,122.0,Ok,14707
507689.781000,122.0,Ok,120.0,Ok,14708
507689.812000,116.0,Ok,120.0,Ok,14709
507689.875000,123.0,Ok,116.0,Ok,14710
507689.921000,125.0,Ok,116.0,Ok,14711
507689.968000,120.0,Ok,116.0,Ok,14712
507690.015000,124.0,Ok,117.0,Ok,14713
507690.078000,121.0,Ok,114.0,Ok,14714
507690.125000,121.0,Ok,113.0,Ok,14715
507690.156000,117.0,Ok,116.0,Ok,14716
507690.218000,117.0,Ok,114.0,Ok,14717
507690.265000,122.0,Ok,113.0,Ok,14718
507690.328000,124.0,Ok,116.0,Ok,14719
507690.359000,114.0,Ok,112.0,Ok,14720
507690.437000,118.0,Ok,113.0,Ok,14721
507690.468000,115.0,Ok,112.0,Ok,14722
507690.515000,115.0,Ok,109.0,Ok,14723
507690.562000,121.0,Ok,110.0,Ok,14724
507690.609000,109.0,Ok,106.0,Ok,14725
507690.671000,112.0,Ok,105.0,Ok,14726
507690.718000,114.0,Ok,107.0,Ok,14727
507690.765000,111.0,Ok,109.0,Ok,14728
507690.812000,111.0,Ok,107.0,Ok,14729
507690.875000,111.0,Ok,107.0,Ok,14730
507690.921000,103.0,Ok,98.0,Ok,14731
507690.984000,103.0,Ok,100.0,Ok,14732
507691.031000,107.0,Ok,111.0,Ok,14733
507691.078000,111.0,Ok,101.0,Ok,14734
507691.125000,105.0,Ok,100.0,Ok,14735
507691.171000,105.0,Ok,104.0,Ok,14736
507691.218000,109.0,Ok,102.0,Ok,14737
507691.265000,108.0,Ok,100.0,Ok,14738
507691.328000,98.0,Ok,107.0,Ok,14739
507691.375000,96.0,Ok,101.0,Ok,14740
507691.421000,99.0,Ok,105.0,Ok,14741
507691.468000,112.0,Ok,102.0,Ok,14742
507691.531000,108.0,Ok,99.0,Ok,14743
507691.562000,109.0,Ok,100.0,Ok,14744
507691.625000,105.0,Ok,99.0,Ok,14745
507691.671000,104.0,Ok,100.0,Ok,14746
507691.718000,105.0,Ok,99.0,Ok,14747
507691.765000,103.0,Ok,101.0,Ok,14748
507691.828000,105.0,Ok,100.0,Ok,14749
507691.859000,100.0,Ok,99.0,Ok,14750
507691.921000,99.0,Ok,100.0,Ok,14751
507691.968000,102.0,Ok,99.0,Ok,14752
507692.015000,103.0,Ok,104.0,Ok,14753
507692.078000,104.0,Ok,103.0,Ok,14754
507692.125000,103.0,Ok,99.0,Ok,14755
507692.171000,109.0,Ok,96.0,Ok,14756
507692.218000,110.0,Ok,96.0,Ok,14757
507692.265000,108.0,Ok,99.0,Ok,14758
507692.312000,106.0,Ok,98.0,Ok,14759
507692.375000,109.0,Ok,96.0,Ok,14760
507692.421000,108.0,Ok,94.0,Ok,14761
507692.468000,103.0,Ok,95.0,Ok,14762
507692.515000,103.0,Ok,95.0,Ok,14763
507692.562000,103.0,Ok,94.0,Ok,14764
507692.625000,105.0,Ok,95.0,Ok,14765
507692.671000,105.0,Ok,96.0,Ok,14766
507692.718000,103.0,Ok,97.0,Ok,14767
507692.781000,101.0,Ok,95.0,Ok,14768
507692.812000,101.0,Ok,101.0,Ok,14769
507692.875000,103.0,Ok,99.0,Ok,14770
507692.921000,98.0,Ok,99.0,Ok,14771
507692.968000,103.0,Ok,99.0,Ok,14772
507693.015000,103.0,Ok,97.0,Ok,14773
507693.078000,100.0,Ok,97.0,Ok,14774
507693.125000,104.0,Ok,99.0,Ok,14775
507693.171000,101.0,Ok,103.0,Ok,14776
507693.218000,102.0,Ok,99.0,Ok,14777
507693.265000,104.0,Ok,101.0,Ok,14778
507693.312000,100.0,Ok,100.0,Ok,14779
507693.375000,100.0,Ok,98.0,Ok,14780
507693.421000,103.0,Ok,97.0,Ok,14781
507693.453000,105.0,Ok,95.0,Ok,14782
507693.515000,101.0,Ok,95.0,Ok,14783
507693.578000,101.0,Ok,97.0,Ok,14784
507693.625000,98.0,Ok,97.0,Ok,14785
507693.671000,100.0,Ok,97.0,Ok,14786
507693.718000,102.0,Ok,95.0,Ok,14787
507693.765000,103.0,Ok,98.0,Ok,14788
507693.812000,108.0,Ok,97.0,Ok,14789
507693.875000,106.0,Ok,95.0,Ok,14790
507693.921000,111.0,Ok,105.0,Ok,14791
507693.968000,100.0,Ok,104.0,Ok,14792
507694.015000,102.0,Ok,102.0,Ok,14793
507694.078000,107.0,Ok,99.0,Ok,14794
507694.125000,106.0,Ok,104.0,Ok,14795
507694.171000,107.0,Ok,108.0,Ok,14796
507694.218000,113.0,Ok,107.0,Ok,14797
507694.265000,108.0,Ok,109.0,Ok,14798
507694.312000,114.0,Ok,107.0,Ok,14799
507694.375000,110.0,Ok,115.0,Ok,14800
507694.421000,114.0,Ok,118.0,Ok,14801
507694.468000,118.0,Ok,124.0,Ok,14802
507694.531000,121.0,Ok,123.0,Ok,14803
507694.578000,123.0,Ok,118.0,Ok,14804
507694.625000,122.0,Ok,121.0,Ok,14805
507694.671000,124.0,Ok,119.0,Ok,14806
507694.718000,122.0,Ok,121.0,Ok,14807
507694.765000,122.0,Ok,124.0,Ok,14808
507694.812000,123.0,Ok,122.0,Ok,14809
507694.859000,123.0,Ok,123.0,Ok,14810
507694.921000,126.0,Ok,121.0,Ok,14811
507694.968000,125.0,Ok,122.0,Ok,14812
507695.015000,128.0,Ok,122.0,Ok,14813
507695.062000,126.0,Ok,121.0,Ok,14814
507695.125000,125.0,Ok,123.0,Ok,14815
507695.171000,125.0,Ok,116.0,Ok,14816
507695.218000,122.0,Ok,121.0,Ok,14817
507695.265000,121.0,Ok,118.0,Ok,14818
507695.312000,124.0,Ok,115.0,Ok,14819
507695.375000,118.0,Ok,114.0,Ok,14820
507695.421000,124.0,Ok,117.0,Ok,14821
507695.468000,114.0,Ok,109.0,Ok,14822
507695.515000,118.0,Ok,114.0,Ok,14823
507695.578000,114.0,Ok,108.0,Ok,14824
507695.625000,114.0,Ok,107.0,Ok,14825
507695.671000,111.0,Ok,106.0,Ok,14826
507695.703000,109.0,Ok,108.0,Ok,14827
507695.765000,108.0,Ok,110.0,Ok,14828
507695.812000,100.0,Ok,110.0,Ok,14829
507695.890000,107.0,Ok,94.0,Ok,14830
507695.906000,108.0,Ok,99.0,Ok,14831
507695.968000,112.0,Ok,103.0,Ok,14832
507696.015000,107.0,Ok,101.0,Ok,14833
507696.078000,107.0,Ok,104.0,Ok,14834
507696.125000,106.0,Ok,101.0,Ok,14835
507696.171000,105.0,Ok,99.0,Ok,14836
507696.218000,101.0,Ok,97.0,Ok,14837
507696.265000,99.0,Ok,98.0,Ok,14838
507696.328000,104.0,Ok,98.0,Ok,14839
507696.375000,104.0,Ok,99.0,Ok,14840
507696.421000,99.0,Ok,99.0,Ok,14841
507696.468000,110.0,Ok,95.0,Ok,14842
507696.515000,106.0,Ok,96.0,Ok,14843
507696.562000,111.0,Ok,98.0,Ok,14844
507696.625000,108.0,Ok,99.0,Ok,14845
507696.671000,107.0,Ok,98.0,Ok,14846
507696.718000,103.0,Ok,101.0,Ok,14847
507696.781000,106.0,Ok,101.0,Ok,14848
507696.812000,104.0,Ok,99.0,Ok,14849
507696.875000,111.0,Ok,100.0,Ok,14850
507696.921000,109.0,Ok,100.0,Ok,14851
507696.968000,105.0,Ok,103.0,Ok,14852
507697.031000,107.0,Ok,100.0,Ok,14853
507697.078000,108.0,Ok,105.0,Ok,14854
507697.125000,107.0,Ok,100.0,Ok,14855
507697.171000,107.0,Ok,98.0,Ok,14856
507697.250000,107.0,Ok,100.0,Ok,14857
507697.265000,107.0,Ok,103.0,Ok,14858
507697.312000,104.0,Ok,101.0,Ok,14859
507697.375000,103.0,Ok,102.0,Ok,14860
507697.421000,104.0,Ok,101.0,Ok,14861
507697.468000,103.0,Ok,101.0,Ok,14862
507697.515000,102.0,Ok,100.0,Ok,14863
507697.578000,105.0,Ok,106.0,Ok,14864
507697.625000,108.0,Ok,100.0,Ok,14865
507697.671000,109.0,Ok,104.0,Ok,14866
507697.718000,110.0,Ok,99.0,Ok,14867
507697.765000,110.0,Ok,100.0,Ok,14868
507697.812000,107.0,Ok,101.0,Ok,14869
507697.875000,110.0,Ok,101.0,Ok,14870
507697.921000,109.0,Ok,102.0,Ok,14871
507697.968000,112.0,Ok,100.0,Ok,14872
507698.015000,108.0,Ok,100.0,Ok,14873
507698.062000,110.0,Ok,99.0,Ok,14874
507698.125000,107.0,Ok,99.0,Ok,14875
507698.171000,106.0,Ok,100.0,Ok,14876
507698.218000,111.0,Ok,101.0,Ok,14877
507698.265000,109.0,Ok,105.0,Ok,14878
507698.312000,111.0,Ok,105.0,Ok,14879
507698.375000,109.0,Ok,100.0,Ok,14880
507698.421000,108.0,Ok,104.0,Ok,14881
507698.468000,109.0,Ok,112.0,Ok,14882
507698.531000,112.0,Ok,105.0,Ok,14883
507698.578000,112.0,Ok,110.0,Ok,14884
507698.609000,120.0,Ok,115.0,Ok,14885
507698.671000,113.0,Ok,117.0,Ok,14886
507698.718000,114.0,Ok,112.0,Ok,14887
507698.765000,115.0,Ok,114.0,Ok,14888
507698.828000,118.0,Ok,119.0,Ok,14889
507698.875000,119.0,Ok,118.0,Ok,14890
507698.921000,118.0,Ok,115.0,Ok,14891
507698.968000,120.0,Ok,114.0,Ok,14892
507699.015000,117.0,Ok,118.0,Ok,14893
507699.078000,119.0,Ok,114.0,Ok,14894
507699.125000,122.0,Ok,114.0,Ok,14895
507699.171000,120.0,Ok,113.0,Ok,14896
507699.218000,119.0,Ok,112.0,Ok,14897
507699.265000,120.0,Ok,114.0,Ok,14898
507699.328000,123.0,Ok,108.0,Ok,14899
507699.375000,121.0,Ok,112.0,Ok,14900
507699.421000,122.0,Ok,114.0,Ok,14901
507699.468000,120.0,Ok,114.0,Ok,14902
507699.515000,121.0,Ok,114.0,Ok,14903
507699.578000,120.0,Ok,115.0,Ok,14904
507699.625000,121.0,Ok,117.0,Ok,14905
507699.671000,117.0,Ok,118.0,Ok,14906
507699.718000,120.0,Ok,114.0,Ok,14907
507699.765000,121.0,Ok,115.0,Ok,14908
507699.812000,121.0,Ok,114.0,Ok,14909
507699.875000,121.0,Ok,115.0,Ok,14910
507699.921000,120.0,Ok,117.0,Ok,14911
507699.968000,120.0,Ok,114.0,Ok,14912
507700.015000,118.0,Ok,121.0,Ok,14913
507700.078000,118.0,Ok,116.0,Ok,14914
507700.125000,118.0,Ok,121.0,Ok,14915
507700.171000,117.0,Ok,118.0,Ok,14916
507700.218000,118.0,Ok,120.0,Ok,14917
507700.265000,119.0,Ok,124.0,Ok,14918
507700.328000,119.0,Ok,120.0,Ok,14919
507700.375000,121.0,Ok,117.0,Ok,14920
507700.421000,117.0,Ok,117.0,Ok,14921
507700.468000,122.0,Ok,116.0,Ok,14922
507700.515000,120.0,Ok,118.0,Ok,14923
507700.562000,119.0,Ok,117.0,Ok,14924
507700.625000,119.0,Ok,114.0,Ok,14925
507700.671000,122.0,Ok,120.0,Ok,14926
507700.718000,119.0,Ok,111.0,Ok,14927
507700.765000,121.0,Ok,116.0,Ok,14928
507700.828000,119.0,Ok,115.0,Ok,14929
507700.875000,116.0,Ok,107.0,Ok,14930
507700.921000,109.0,Ok,113.0,Ok,14931
507700.968000,117.0,Ok,110.0,Ok,14932
507701.015000,107.0,Ok,104.0,Ok,14933
507701.078000,112.0,Ok,106.0,Ok,14934
507701.125000,112.0,Ok,105.0,Ok,14935
507701.171000,111.0,Ok,105.0,Ok,14936
507701.218000,103.0,Ok,108.0,Ok,14937
507701.265000,107.0,Ok,105.0,Ok,14938
507701.343000,106.0,Ok,103.0,Ok,14939
507701.375000,110.0,Ok,103.0,Ok,14940
507701.421000,106.0,Ok,109.0,Ok,14941
507701.468000,111.0,Ok,107.0,Ok,14942
507701.515000,111.0,Ok,100.0,Ok,14943
507701.578000,107.0,Ok,101.0,Ok,14944
507701.625000,111.0,Ok,101.0,Ok,14945
507701.671000,111.0,Ok,101.0,Ok,14946
507701.718000,106.0,Ok,103.0,Ok,14947
507701.765000,113.0,Ok,102.0,Ok,14948
507701.828000,113.0,Ok,103.0,Ok,14949
507701.875000,105.0,Ok,106.0,Ok,14950
507701.921000,110.0,Ok,100.0,Ok,14951
507701.968000,112.0,Ok,101.0,Ok,14952
507702.031000,114.0,Ok,102.0,Ok,14953
507702.062000,108.0,Ok,106.0,Ok,14954
507702.125000,106.0,Ok,102.0,Ok,14955
507702.171000,107.0,Ok,104.0,Ok,14956
507702.218000,111.0,Ok,103.0,Ok,14957
507702.265000,111.0,Ok,103.0,Ok,14958
507702.328000,112.0,Ok,101.0,Ok,14959
507702.359000,111.0,Ok,102.0,Ok,14960
507702.421000,110.0,Ok,101.0,Ok,14961
507702.468000,109.0,Ok,102.0,Ok,14962
507702.515000,108.0,Ok,101.0,Ok,14963
507702.562000,113.0,Ok,99.0,Ok,14964
507702.609000,112.0,Ok,100.0,Ok,14965
507702.656000,112.0,Ok,103.0,Ok,14966
507702.718000,110.0,Ok,101.0,Ok,14967
507702.765000,109.0,Ok,100.0,Ok,14968
507702.828000,105.0,Ok,103.0,Ok,14969
507702.875000,110.0,Ok,102.0,Ok,14970
507702.921000,107.0,Ok,102.0,Ok,14971
507702.968000,110.0,Ok,102.0,Ok,14972
507703.015000,114.0,Ok,100.0,Ok,14973
507703.078000,113.0,Ok,99.0,Ok,14974
507703.125000,114.0,Ok,102.0,Ok,14975
507703.171000,113.0,Ok,105.0,Ok,14976
507703.218000,114.0,Ok,106.0,Ok,14977
507703.265000,111.0,Ok,107.0,Ok,14978
507703.328000,110.0,Ok,109.0,Ok,14979
507703.375000,113.0,Ok,102.0,Ok,14980
507703.421000,111.0,Ok,110.0,Ok,14981
507703.468000,112.0,Ok,107.0,Ok,14982
507703.515000,114.0,Ok,104.0,Ok,14983
507703.562000,111.0,Ok,107.0,Ok,14984
507703.609000,113.0,Ok,99.0,Ok,14985
507703.671000,112.0,Ok,100.0,Ok,14986
507703.734000,114.0,Ok,101.0,Ok,14987
507703.765000,111.0,Ok,100.0,Ok,14988
507703.828000,112.0,Ok,101.0,Ok,14989
507703.859000,105.0,Ok,104.0,Ok,14990
507703.906000,109.0,Ok,106.0,Ok,14991
507703.968000,110.0,Ok,102.0,Ok,14992
507704.031000,112.0,Ok,102.0,Ok,14993
507704.078000,111.0,Ok,102.0,Ok,14994
507704.109000,111.0,Ok,100.0,Ok,14995
507704.156000,109.0,Ok,101.0,Ok,14996
507704.218000,110.0,Ok,100.0,Ok,14997
507704.265000,109.0,Ok,104.0,Ok,14998
507704.312000,111.0,Ok,104.0,Ok,14999
507704.375000,110.0,Ok,104.0,Ok,15000
507704.421000,112.0,Ok,106.0,Ok,15001
507704.468000,105.0,Ok,104.0,Ok,15002
507704.515000,111.0,Ok,105.0,Ok,15003
507704.578000,111.0,Ok,105.0,Ok,15004
507704.625000,110.0,Ok,102.0,Ok,15005
507704.671000,111.0,Ok,101.0,Ok,15006
507704.718000,111.0,Ok,100.0,Ok,15007
507704.765000,108.0,Ok,104.0,Ok,15008
507704.828000,111.0,Ok,103.0,Ok,15009
507704.859000,106.0,Ok,100.0,Ok,15010
507704.921000,105.0,Ok,103.0,Ok,15011
507704.968000,113.0,Ok,101.0,Ok,15012
507705.015000,111.0,Ok,100.0,Ok,15013
507705.078000,111.0,Ok,101.0,Ok,15014
507705.125000,114.0,Ok,101.0,Ok,15015
507705.171000,112.0,Ok,100.0,Ok,15016
507705.218000,111.0,Ok,109.0,Ok,15017
507705.265000,112.0,Ok,101.0,Ok,15018
507705.312000,110.0,Ok,101.0,Ok,15019
507705.375000,113.0,Ok,103.0,Ok,15020
507705.421000,111.0,Ok,101.0,Ok,15021
507705.468000,112.0,Ok,106.0,Ok,15022
507705.515000,112.0,Ok,100.0,Ok,15023
507705.562000,107.0,Ok,99.0,Ok,15024
507705.609000,111.0,Ok,103.0,Ok,15025
507705.671000,102.0,Ok,93.0,Ok,15026
507705.718000,101.0,Ok,92.0,Ok,15027
507705.765000,109.0,Ok,100.0,Ok,15028
507705.812000,104.0,Ok,107.0,Ok,15029
507705.875000,98.0,Ok,102.0,Ok,15030
507705.906000,92.0,Ok,95.0,Ok,15031
507705.968000,84.0,Ok,91.0,Ok,15032
507706.015000,82.0,Ok,92.0,Ok,15033
507706.078000,83.0,Ok,91.0,Ok,15034
507706.125000,94.0,Ok,94.0,Ok,15035
507706.171000,95.0,Ok,91.0,Ok,15036
507706.218000,91.0,Ok,93.0,Ok,15037
507706.281000,92.0,Ok,96.0,Ok,15038
507706.312000,92.0,Ok,93.0,Ok,15039
507706.359000,90.0,Ok,96.0,Ok,15040
507706.421000,94.0,Ok,96.0,Ok,15041
507706.468000,101.0,Ok,99.0,Ok,15042
507706.515000,103.0,Ok,98.0,Ok,15043
507706.562000,102.0,Ok,94.0,Ok,15044
507706.625000,98.0,Ok,98.0,Ok,15045
507706.671000,96.0,Ok,100.0,Ok,15046
507706.718000,100.0,Ok,97.0,Ok,15047
507706.781000,91.0,Ok,99.0,Ok,15048
507706.828000,86.0,Ok,104.0,Ok,15049
507706.875000,88.0,Ok,99.0,Ok,15050
507706.921000,94.0,Ok,99.0,Ok,15051
507706.953000,93.0,Ok,92.0,Ok,15052
507707.015000,94.0,Ok,96.0,Ok,15053
507707.078000,96.0,Ok,95.0,Ok,15054
507707.125000,90.0,Ok,97.0,Ok,15055
507707.171000,89.0,Ok,100.0,Ok,15056
507707.218000,92.0,Ok,100.0,Ok,15057
507707.265000,111.0,Ok,98.0,Ok,15058
507707.312000,106.0,Ok,99.0,Ok,15059
507707.359000,129.0,Ok,93.0,Ok,15060
507707.421000,109.0,Ok,95.0,Ok,15061
507707.468000,97.0,Ok,101.0,Ok,15062
507707.515000,110.0,Ok,99.0,Ok,15063
507707.562000,98.0,Ok,117.0,Ok,15064
507707.609000,91.0,Ok,92.0,Ok,15065
507707.656000,80.0,Ok,93.0,Ok,15066
507707.703000,85.0,Ok,95.0,Ok,15067
507707.765000,94.0,Ok,97.0,Ok,15068
507707.828000,88.0,Ok,89.0,Ok,15069
507707.875000,92.0,Ok,91.0,Ok,15070
507707.921000,96.0,Ok,91.0,Ok,15071
507707.968000,90.0,Ok,89.0,Ok,15072
507708.015000,90.0,Ok,95.0,Ok,15073
507708.078000,91.0,Ok,99.0,Ok,15074
507708.156000,93.0,Ok,89.0,Ok,15075
507708.171000,88.0,Ok,92.0,Ok,15076
507708.218000,83.0,Ok,75.0,Ok,15077
507708.265000,88.0,Ok,79.0,Ok,15078
507708.312000,83.0,Ok,79.0,Ok,15079
507708.359000,83.0,Ok,80.0,Ok,15080
507708.421000,81.0,Ok,77.0,Ok,15081
507708.468000,82.0,Ok,80.0,Ok,15082
507708.515000,84.0,Ok,87.0,Ok,15083
507708.562000,81.0,Ok,93.0,Ok,15084
507708.625000,85.0,Ok,86.0,Ok,15085
507708.671000,86.0,Ok,93.0,Ok,15086
507708.718000,97.0,Ok,88.0,Ok,15087
507708.765000,96.0,Ok,102.0,Ok,15088
507708.828000,83.0,Ok,96.0,Ok,15089
507708.875000,98.0,Ok,89.0,Ok,15090
507708.921000,95.0,Ok,98.0,Ok,15091
507708.968000,104.0,Ok,100.0,Ok,15092
507709.015000,91.0,Ok,106.0,Ok,15093
507709.078000,108.0,Ok,78.0,Ok,15094
507709.125000,106.0,Ok,76.0,Ok,15095
507709.171000,102.0,Ok,128.0,Ok,15096
507709.218000,93.0,Ok,116.0,Ok,15097
507709.265000,99.0,Ok,113.0,Ok,15098
507709.328000,102.0,Ok,109.0,Ok,15099
507709.375000,84.0,Ok,106.0,Ok,15100
507709.421000,99.0,Ok,113.0,Ok,15101
507709.468000,105.0,Ok,112.0,Ok,15102
507709.531000,98.0,Ok,116.0,Ok,15103
507709.562000,104.0,Ok,111.0,Ok,15104
507709.625000,99.0,Ok,107.0,Ok,15105
507709.671000,104.0,Ok,107.0,Ok,15106
507709.718000,107.0,Ok,106.0,Ok,15107
507709.765000,107.0,Ok,91.0,Ok,15108
507709.828000,105.0,Ok,130.0,Ok,15109
507709.875000,110.0,Ok,129.0,Ok,15110
507709.921000,105.0,Ok,128.0,Ok,15111
507709.968000,102.0,Ok,130.0,Ok,15112
507710.031000,91.0,Ok,118.0,Ok,15113
507710.078000,95.0,Ok,119.0,Ok,15114
507710.125000,103.0,Ok,116.0,Ok,15115
507710.171000,104.0,Ok,119.0,Ok,15116
507710.218000,101.0,Ok,112.0,Ok,15117
507710.265000,96.0,Ok,107.0,Ok,15118
507710.328000,98.0,Ok,111.0,Ok,15119
507710.375000,96.0,Ok,113.0,Ok,15120
507710.421000,98.0,Ok,114.0,Ok,15121
507710.468000,100.0,Ok,111.0,Ok,15122
507710.515000,105.0,Ok,111.0,Ok,15123
507710.578000,102.0,Ok,112.0,Ok,15124
507710.625000,102.0,Ok,118.0,Ok,15125
507710.671000,105.0,Ok,115.0,Ok,15126
507710.718000,105.0,Ok,119.0,Ok,15127
507710.765000,96.0,Ok,117.0,Ok,15128
507710.812000,98.0,Ok,109.0,Ok,15129
507710.875000,103.0,Ok,113.0,Ok,15130
507710.921000,105.0,Ok,112.0,Ok,15131
507710.968000,103.0,Ok,112.0,Ok,15132
507711.015000,103.0,Ok,104.0,Ok,15133
507711.062000,105.0,Ok,113.0,Ok,15134
507711.125000,103.0,Ok,106.0,Ok,15135
507711.171000,108.0,Ok,108.0,Ok,15136
507711.218000,87.0,Ok,110.0,Ok,15137
507711.265000,84.0,Ok,99.0,Ok,15138
507711.312000,78.0,Ok,92.0,Ok,15139
507711.375000,73.0,Ok,93.0,Ok,15140
507711.421000,78.0,Ok,103.0,Ok,15141
507711.468000,81.0,Ok,82.0,Ok,15142
507711.515000,67.0,Ok,93.0,Ok,15143
507711.578000,66.0,Ok,71.0,Ok,15144
507711.609000,75.0,Ok,67.0,Ok,15145
507711.656000,74.0,Ok,71.0,Ok,15146
507711.718000,79.0,Ok,75.0,Ok,15147
507711.765000,83.0,Ok,77.0,Ok,15148
507711.828000,85.0,Ok,85.0,Ok,15149
507711.875000,95.0,Ok,89.0,Ok,15150
507711.921000,92.0,Ok,88.0,Ok,15151
507711.968000,97.0,Ok,90.0,Ok,15152
507712.015000,99.0,Ok,85.0,Ok,15153
507712.078000,102.0,Ok,91.0,Ok,15154
507712.125000,100.0,Ok,99.0,Ok,15155
507712.171000,98.0,Ok,91.0,Ok,15156
507712.218000,102.0,Ok,95.0,Ok,15157
507712.265000,99.0,Ok,88.0,Ok,15158
507712.328000,95.0,Ok,90.0,Ok,15159
507712.375000,96.0,Ok,86.0,Ok,15160
507712.421000,98.0,Ok,85.0,Ok,15161
507712.468000,83.0,Ok,80.0,Ok,15162
507712.515000,81.0,Ok,75.0,Ok,15163
507712.562000,80.0,Ok,66.0,Ok,15164
507712.609000,74.0,Ok,64.0,Ok,15165
507712.671000,67.0,Ok,72.0,Ok,15166
507712.718000,62.0,Ok,71.0,Ok,15167
507712.765000,57.0,Ok,77.0,Ok,15168
507712.828000,67.0,Ok,88.0,Ok,15169
507712.859000,74.0,Ok,86.0,Ok,15170
507712.921000,72.0,Ok,85.0,Ok,15171
507712.968000,70.0,Ok,120.0,Ok,15172
507713.031000,78.0,Ok,86.0,Ok,15173
507713.062000,93.0,Ok,95.0,Ok,15174
507713.109000,85.0,Ok,100.0,Ok,15175
507713.156000,82.0,Ok,107.0,Ok,15176
507713.203000,92.0,Ok,104.0,Ok,15177
507713.281000,96.0,Ok,102.0,Ok,15178
507713.328000,98.0,Ok,99.0,Ok,15179
507713.375000,102.0,Ok,106.0,Ok,15180
507713.421000,102.0,Ok,101.0,Ok,15181
507713.468000,96.0,Ok,99.0,Ok,15182
507713.515000,101.0,Ok,100.0,Ok,15183
507713.562000,99.0,Ok,95.0,Ok,15184
507713.609000,94.0,Ok,109.0,Ok,15185
507713.671000,95.0,Ok,106.0,Ok,15186
507713.718000,94.0,Ok,101.0,Ok,15187
507713.765000,99.0,Ok,104.0,Ok,15188
507713.828000,94.0,Ok,102.0,Ok,15189
507713.875000,95.0,Ok,100.0,Ok,15190
507713.921000,99.0,Ok,103.0,Ok,15191
507713.968000,99.0,Ok,103.0,Ok,15192
507714.015000,97.0,Ok,106.0,Ok,15193
507714.062000,97.0,Ok,101.0,Ok,15194
507714.109000,94.0,Ok,104.0,Ok,15195
507714.171000,96.0,Ok,104.0,Ok,15196
507714.218000,99.0,Ok,105.0,Ok,15197
507714.265000,97.0,Ok,105.0,Ok,15198
507714.328000,97.0,Ok,106.0,Ok,15199
507714.375000,96.0,Ok,105.0,Ok,15200
507714.421000,95.0,Ok,105.0,Ok,15201
507714.468000,97.0,Ok,105.0,Ok,15202
507714.515000,102.0,Ok,103.0,Ok,15203
507714.562000,97.0,Ok,103.0,Ok,15204
507714.609000,95.0,Ok,104.0,Ok,15205
507714.671000,97.0,Ok,102.0,Ok,15206
507714.718000,98.0,Ok,100.0,Ok,15207
507714.765000,96.0,Ok,104.0,Ok,15208
507714.812000,96.0,Ok,103.0,Ok,15209
507714.875000,99.0,Ok,99.0,Ok,15210
507714.921000,97.0,Ok,105.0,Ok,15211
507714.968000,101.0,Ok,102.0,Ok,15212
507715.015000,101.0,Ok,103.0,Ok,15213
507715.062000,104.0,Ok,101.0,Ok,15214
507715.125000,99.0,Ok,99.0,Ok,15215
507715.171000,103.0,Ok,102.0,Ok,15216
507715.218000,99.0,Ok,103.0,Ok,15217
507715.265000,103.0,Ok,101.0,Ok,15218
507715.312000,102.0,Ok,101.0,Ok,15219
507715.375000,96.0,Ok,103.0,Ok,15220
507715.421000,100.0,Ok,100.0,Ok,15221
507715.468000,100.0,Ok,106.0,Ok,15222
507715.515000,97.0,Ok,102.0,Ok,15223
507715.578000,96.0,Ok,103.0,Ok,15224
507715.625000,96.0,Ok,102.0,Ok,15225
507715.671000,92.0,Ok,102.0,Ok,15226
507715.718000,96.0,Ok,102.0,Ok,15227
507715.765000,95.0,Ok,105.0,Ok,15228
507715.828000,96.0,Ok,104.0,Ok,15229
507715.875000,95.0,Ok,105.0,Ok,15230
507715.921000,98.0,Ok,103.0,Ok,15231
507715.968000,97.0,Ok,100.0,Ok,15232
507716.015000,100.0,Ok,107.0,Ok,15233
507716.062000,99.0,Ok,105.0,Ok,15234
507716.109000,99.0,Ok,104.0,Ok,15235
507716.171000,102.0,Ok,105.0,Ok,15236
507716.218000,96.0,Ok,105.0,Ok,15237
507716.281000,95.0,Ok,108.0,Ok,15238
507716.328000,96.0,Ok,107.0,Ok,15239
507716.375000,98.0,Ok,102.0,Ok,15240
507716.421000,98.0,Ok,101.0,Ok,15241
507716.468000,98.0,Ok,107.0,Ok,15242
507716.515000,99.0,Ok,112.0,Ok,15243
507716.562000,93.0,Ok,110.0,Ok,15244
507716.625000,81.0,Ok,100.0,Ok,15245
507716.656000,108.0,Ok,102.0,Ok,15246
507716.718000,98.0,Ok,98.0,Ok,15247
507716.765000,97.0,Ok,102.0,Ok,15248
507716.828000,96.0,Ok,96.0,Ok,15249
507716.875000,99.0,Ok,98.0,Ok,15250
507716.921000,97.0,Ok,103.0,Ok,15251
507716.968000,102.0,Ok,107.0,Ok,15252
507717.015000,100.0,Ok,130.0,Ok,15253
507717.062000,103.0,Ok,137.0,Ok,15254
507717.109000,104.0,Ok,117.0,Ok,15255
507717.171000,107.0,Ok,112.0,Ok,15256
507717.218000,108.0,Ok,116.0,Ok,15257
507717.265000,98.0,Ok,114.0,Ok,15258
507717.312000,106.0,Ok,113.0,Ok,15259
507717.375000,104.0,Ok,113.0,Ok,15260
507717.421000,104.0,Ok,112.0,Ok,15261
507717.468000,105.0,Ok,118.0,Ok,15262
507717.515000,102.0,Ok,128.0,Ok,15263
507717.562000,105.0,Ok,114.0,Ok,15264
507717.625000,93.0,Ok,109.0,Ok,15265
507717.703000,89.0,Ok,107.0,Ok,15266
507717.718000,85.0,Ok,92.0,Ok,15267
507717.765000,69.0,Ok,92.0,Ok,15268
507717.812000,68.0,Ok,81.0,Ok,15269
507717.875000,63.0,Ok,74.0,Ok,15270
507717.921000,73.0,Ok,69.0,Ok,15271
507717.968000,73.0,Ok,72.0,Ok,15272
507718.015000,88.0,Ok,79.0,Ok,15273
507718.078000,95.0,Ok,95.0,Ok,15274
507718.125000,105.0,Ok,97.0,Ok,15275
507718.171000,122.0,Ok,103.0,Ok,15276
507718.218000,122.0,Ok,111.0,Ok,15277
507718.281000,125.0,Ok,113.0,Ok,15278
507718.328000,122.0,Ok,111.0,Ok,15279
507718.375000,118.0,Ok,110.0,Ok,15280
507718.421000,109.0,Ok,111.0,Ok,15281
507718.468000,120.0,Ok,107.0,Ok,15282
507718.515000,116.0,Ok,99.0,Ok,15283
507718.562000,112.0,Ok,95.0,Ok,15284
507718.625000,104.0,Ok,97.0,Ok,15285
507718.671000,97.0,Ok,92.0,Ok,15286
507718.718000,91.0,Ok,86.0,Ok,15287
507718.765000,83.0,Ok,78.0,Ok,15288
507718.812000,77.0,Ok,75.0,Ok,15289
507718.859000,79.0,Ok,75.0,Ok,15290
507718.921000,72.0,Ok,76.0,Ok,15291
507718.968000,73.0,Ok,77.0,Ok,15292
507719.015000,69.0,Ok,103.0,Ok,15293
507719.078000,80.0,Ok,95.0,Ok,15294
507719.125000,83.0,Ok,118.0,Ok,15295
507719.171000,109.0,Ok,97.0,Ok,15296
507719.218000,104.0,Ok,105.0,Ok,15297
507719.265000,103.0,Ok,101.0,Ok,15298
507719.312000,115.0,Ok,104.0,Ok,15299
507719.375000,116.0,Ok,110.0,Ok,15300
507719.421000,122.0,Ok,110.0,Ok,15301
507719.468000,118.0,Ok,116.0,Ok,15302
507719.515000,117.0,Ok,116.0,Ok,15303
507719.578000,119.0,Ok,116.0,Ok,15304
507719.625000,116.0,Ok,112.0,Ok,15305
507719.671000,108.0,Ok,110.0,Ok,15306
507719.718000,104.0,Ok,99.0,Ok,15307
507719.781000,91.0,Ok,102.0,Ok,15308
507719.812000,83.0,Ok,106.0,Ok,15309
507719.859000,78.0,Ok,90.0,Ok,15310
507719.921000,73.0,Ok,93.0,Ok,15311
507719.968000,72.0,Ok,93.0,Ok,15312
507720.015000,67.0,Ok,88.0,Ok,15313
507720.078000,69.0,Ok,85.0,Ok,15314
507720.109000,69.0,Ok,61.0,Ok,15315
507720.171000,69.0,Ok,89.0,Ok,15316
507720.218000,70.0,Ok,66.0,Ok,15317
507720.265000,73.0,Ok,67.0,Ok,15318
507720.328000,76.0,Ok,76.0,Ok,15319
507720.375000,77.0,Ok,79.0,Ok,15320
507720.406000,80.0,Ok,83.0,Ok,15321
507720.468000,90.0,Ok,79.0,Ok,15322
507720.515000,96.0,Ok,88.0,Ok,15323
507720.578000,92.0,Ok,87.0,Ok,15324
507720.625000,104.0,Ok,86.0,Ok,15325
507720.671000,98.0,Ok,95.0,Ok,15326
507720.718000,94.0,Ok,86.0,Ok,15327
507720.765000,97.0,Ok,86.0,Ok,15328
507720.828000,91.0,Ok,86.0,Ok,15329
507720.875000,101.0,Ok,93.0,Ok,15330
507720.921000,94.0,Ok,93.0,Ok,15331
507720.968000,95.0,Ok,92.0,Ok,15332
507721.015000,95.0,Ok,85.0,Ok,15333
507721.062000,97.0,Ok,93.0,Ok,15334
507721.125000,98.0,Ok,92.0,Ok,15335
507721.171000,102.0,Ok,85.0,Ok,15336
507721.218000,102.0,Ok,88.0,Ok,15337
507721.265000,99.0,Ok,93.0,Ok,15338
507721.312000,97.0,Ok,84.0,Ok,15339
507721.359000,100.0,Ok,89.0,Ok,15340
507721.421000,93.0,Ok,91.0,Ok,15341
507721.468000,98.0,Ok,96.0,Ok,15342
507721.515000,97.0,Ok,91.0,Ok,15343
507721.578000,98.0,Ok,91.0,Ok,15344
507721.625000,97.0,Ok,92.0,Ok,15345
507721.671000,95.0,Ok,89.0,Ok,15346
507721.718000,98.0,Ok,90.0,Ok,15347
507721.781000,102.0,Ok,89.0,Ok,15348
507721.828000,97.0,Ok,91.0,Ok,15349
507721.875000,94.0,Ok,88.0,Ok,15350
507721.921000,92.0,Ok,91.0,Ok,15351
507721.968000,91.0,Ok,83.0,Ok,15352
507722.015000,86.0,Ok,87.0,Ok,15353
507722.062000,80.0,Ok,82.0,Ok,15354
507722.125000,78.0,Ok,76.0,Ok,15355
507722.171000,77.0,Ok,73.0,Ok,15356
507722.218000,70.0,Ok,67.0,Ok,15357
507722.265000,66.0,Ok,81.0,Ok,15358
507722.328000,74.0,Ok,95.0,Ok,15359
507722.375000,72.0,Ok,85.0,Ok,15360
507722.421000,80.0,Ok,88.0,Ok,15361
507722.468000,86.0,Ok,96.0,Ok,15362
507722.515000,105.0,Ok,104.0,Ok,15363
507722.562000,101.0,Ok,108.0,Ok,15364
507722.625000,113.0,Ok,113.0,Ok,15365
507722.671000,116.0,Ok,110.0,Ok,15366
507722.718000,114.0,Ok,114.0,Ok,15367
507722.781000,120.0,Ok,112.0,Ok,15368
507722.812000,114.0,Ok,116.0,Ok,15369
507722.859000,106.0,Ok,117.0,Ok,15370
507722.921000,106.0,Ok,115.0,Ok,15371
507722.968000,104.0,Ok,108.0,Ok,15372
507723.015000,100.0,Ok,109.0,Ok,15373
507723.062000,93.0,Ok,107.0,Ok,15374
507723.125000,92.0,Ok,102.0,Ok,15375
507723.156000,103.0,Ok,100.0,Ok,15376
507723.218000,100.0,Ok,96.0,Ok,15377
507723.265000,88.0,Ok,100.0,Ok,15378
507723.312000,101.0,Ok,97.0,Ok,15379
507723.375000,92.0,Ok,104.0,Ok,15380
507723.421000,98.0,Ok,100.0,Ok,15381
507723.468000,99.0,Ok,110.0,Ok,15382
507723.515000,97.0,Ok,96.0,Ok,15383
507723.578000,91.0,Ok,107.0,Ok,15384
507723.625000,88.0,Ok,96.0,Ok,15385
507723.671000,94.0,Ok,105.0,Ok,15386
507723.718000,100.0,Ok,105.0,Ok,15387
507723.765000,99.0,Ok,111.0,Ok,15388
507723.828000,105.0,Ok,111.0,Ok,15389
507723.875000,101.0,Ok,102.0,Ok,15390
507723.921000,93.0,Ok,100.0,Ok,15391
507723.968000,105.0,Ok,101.0,Ok,15392
507724.015000,99.0,Ok,99.0,Ok,15393
507724.062000,96.0,Ok,99.0,Ok,15394
507724.125000,94.0,Ok,102.0,Ok,15395
507724.171000,88.0,Ok,101.0,Ok,15396
507724.218000,97.0,Ok,98.0,Ok,15397
507724.265000,99.0,Ok,98.0,Ok,15398
507724.312000,110.0,Ok,101.0,Ok,15399
507724.375000,103.0,Ok,100.0,Ok,15400
507724.421000,107.0,Ok,101.0,Ok,15401
507724.468000,98.0,Ok,102.0,Ok,15402
507724.515000,86.0,Ok,105.0,Ok,15403
507724.578000,94.0,Ok,109.0,Ok,15404
507724.609000,101.0,Ok,102.0,Ok,15405
507724.671000,104.0,Ok,102.0,Ok,15406
507724.718000,100.0,Ok,103.0,Ok,15407
507724.765000,101.0,Ok,104.0,Ok,15408
507724.812000,96.0,Ok,105.0,Ok,15409
507724.875000,92.0,Ok,103.0,Ok,15410
507724.921000,92.0,Ok,102.0,Ok,15411
507724.968000,95.0,Ok,102.0,Ok,15412
507725.015000,92.0,Ok,104.0,Ok,15413
507725.062000,94.0,Ok,106.0,Ok,15414
507725.125000,93.0,Ok,107.0,Ok,15415
507725.171000,92.0,Ok,105.0,Ok,15416
507725.218000,92.0,Ok,101.0,Ok,15417
507725.265000,90.0,Ok,104.0,Ok,15418
507725.312000,90.0,Ok,101.0,Ok,15419
507725.375000,92.0,Ok,102.0,Ok,15420
507725.421000,97.0,Ok,109.0,Ok,15421
507725.484000,96.0,Ok,109.0,Ok,15422
507725.515000,95.0,Ok,107.0,Ok,15423
507725.578000,92.0,Ok,109.0,Ok,15424
507725.625000,91.0,Ok,109.0,Ok,15425
507725.671000,92.0,Ok,106.0,Ok,15426
507725.718000,92.0,Ok,108.0,Ok,15427
507725.765000,93.0,Ok,110.0,Ok,15428
507725.828000,95.0,Ok,108.0,Ok,15429
507725.875000,92.0,Ok,108.0,Ok,15430
507725.921000,87.0,Ok,110.0,Ok,15431
507725.968000,85.0,Ok,111.0,Ok,15432
507726.015000,84.0,Ok,108.0,Ok,15433
507726.078000,85.0,Ok,107.0,Ok,15434
507726.125000,96.0,Ok,107.0,Ok,15435
507726.171000,97.0,Ok,111.0,Ok,15436
507726.218000,103.0,Ok,108.0,Ok,15437
507726.265000,103.0,Ok,112.0,Ok,15438
507726.312000,102.0,Ok,108.0,Ok,15439
507726.375000,101.0,Ok,110.0,Ok,15440
507726.421000,94.0,Ok,104.0,Ok,15441
507726.468000,90.0,Ok,105.0,Ok,15442
507726.515000,84.0,Ok,107.0,Ok,15443
507726.562000,85.0,Ok,106.0,Ok,15444
507726.625000,89.0,Ok,107.0,Ok,15445
507726.671000,89.0,Ok,110.0,Ok,15446
507726.718000,93.0,Ok,106.0,Ok,15447
507726.765000,90.0,Ok,110.0,Ok,15448
507726.812000,98.0,Ok,111.0,Ok,15449
507726.875000,88.0,Ok,111.0,Ok,15450
507726.921000,89.0,Ok,108.0,Ok,15451
507726.968000,81.0,Ok,102.0,Ok,15452
507727.015000,75.0,Ok,102.0,Ok,15453
507727.062000,79.0,Ok,106.0,Ok,15454
507727.109000,69.0,Ok,109.0,Ok,15455
507727.171000,63.0,Ok,104.0,Ok,15456
507727.218000,63.0,Ok,105.0,Ok,15457
507727.265000,65.0,Ok,107.0,Ok,15458
507727.328000,61.0,Ok,108.0,Ok,15459
507727.359000,55.0,Ok,103.0,Ok,15460
507727.406000,63.0,Ok,100.0,Ok,15461
507727.468000,63.0,Ok,108.0,Ok,15462
507727.515000,57.0,Ok,110.0,Ok,15463
507727.578000,61.0,Ok,106.0,Ok,15464
507727.625000,71.0,Ok,105.0,Ok,15465
507727.671000,80.0,Ok,103.0,Ok,15466
507727.718000,81.0,Ok,104.0,Ok,15467
507727.765000,88.0,Ok,105.0,Ok,15468
507727.812000,103.0,Ok,101.0,Ok,15469
507727.859000,112.0,Ok,112.0,Ok,15470
507727.921000,105.0,Ok,108.0,Ok,15471
507727.968000,107.0,Ok,107.0,Ok,15472
507728.015000,123.0,Ok,108.0,Ok,15473
507728.062000,118.0,Ok,105.0,Ok,15474
507728.125000,92.0,Ok,111.0,Ok,15475
507728.171000,75.0,Ok,109.0,Ok,15476
507728.218000,85.0,Ok,110.0,Ok,15477
507728.265000,84.0,Ok,109.0,Ok,15478
507728.312000,75.0,Ok,110.0,Ok,15479
507728.359000,76.0,Ok,109.0,Ok,15480
507728.406000,88.0,Ok,111.0,Ok,15481
507728.468000,94.0,Ok,110.0,Ok,15482
507728.531000,107.0,Ok,109.0,Ok,15483
507728.609000,117.0,Ok,104.0,Ok,15484
507728.625000,111.0,Ok,116.0,Ok,15485
507728.671000,118.0,Ok,111.0,Ok,15486
507728.718000,117.0,Ok,110.0,Ok,15487
507728.765000,107.0,Ok,111.0,Ok,15488
507728.812000,107.0,Ok,107.0,Ok,15489
507728.875000,100.0,Ok,100.0,Ok,15490
507728.921000,95.0,Ok,98.0,Ok,15491
507728.968000,86.0,Ok,101.0,Ok,15492
507729.015000,94.0,Ok,95.0,Ok,15493
507729.062000,73.0,Ok,91.0,Ok,15494
507729.109000,87.0,Ok,92.0,Ok,15495
507729.171000,87.0,Ok,85.0,Ok,15496
507729.218000,84.0,Ok,84.0,Ok,15497
507729.265000,82.0,Ok,83.0,Ok,15498
507729.328000,87.0,Ok,86.0,Ok,15499
507729.375000,92.0,Ok,85.0,Ok,15500
507729.421000,84.0,Ok,89.0,Ok,15501
507729.468000,83.0,Ok,95.0,Ok,15502
507729.515000,96.0,Ok,99.0,Ok,15503
507729.578000,109.0,Ok,101.0,Ok,15504
507729.625000,97.0,Ok,105.0,Ok,15505
507729.671000,100.0,Ok,104.0,Ok,15506
507729.718000,99.0,Ok,102.0,Ok,15507
507729.765000,99.0,Ok,110.0,Ok,15508
507729.828000,107.0,Ok,102.0,Ok,15509
507729.875000,104.0,Ok,105.0,Ok,15510
507729.921000,102.0,Ok,110.0,Ok,15511
507729.968000,100.0,Ok,99.0,Ok,15512
507730.015000,83.0,Ok,105.0,Ok,15513
507730.062000,95.0,Ok,97.0,Ok,15514
507730.125000,84.0,Ok,95.0,Ok,15515
507730.171000,86.0,Ok,90.0,Ok,15516
507730.218000,83.0,Ok,94.0,Ok,15517
507730.265000,89.0,Ok,84.0,Ok,15518
507730.312000,83.0,Ok,94.0,Ok,15519
507730.359000,80.0,Ok,94.0,Ok,15520
507730.406000,84.0,Ok,93.0,Ok,15521
507730.468000,88.0,Ok,85.0,Ok,15522
507730.515000,80.0,Ok,92.0,Ok,15523
507730.578000,92.0,Ok,94.0,Ok,15524
507730.625000,94.0,Ok,95.0,Ok,15525
507730.671000,86.0,Ok,102.0,Ok,15526
507730.718000,86.0,Ok,100.0,Ok,15527
507730.765000,88.0,Ok,105.0,Ok,15528
507730.812000,84.0,Ok,108.0,Ok,15529
507730.859000,85.0,Ok,100.0,Ok,15530
507730.906000,95.0,Ok,100.0,Ok,15531
507730.968000,91.0,Ok,104.0,Ok,15532
507731.015000,87.0,Ok,104.0,Ok,15533
507731.062000,93.0,Ok,109.0,Ok,15534
507731.125000,111.0,Ok,112.0,Ok,15535
507731.171000,84.0,Ok,105.0,Ok,15536
507731.218000,96.0,Ok,109.0,Ok,15537
507731.265000,95.0,Ok,108.0,Ok,15538
507731.328000,96.0,Ok,112.0,Ok,15539
507731.375000,99.0,Ok,108.0,Ok,15540
507731.421000,99.0,Ok,107.0,Ok,15541
507731.468000,107.0,Ok,109.0,Ok,15542
507731.515000,108.0,Ok,110.0,Ok,15543
507731.578000,107.0,Ok,113.0,Ok,15544
507731.625000,108.0,Ok,117.0,Ok,15545
507731.671000,107.0,Ok,117.0,Ok,15546
507731.718000,110.0,Ok,119.0,Ok,15547
507731.765000,111.0,Ok,118.0,Ok,15548
507731.812000,106.0,Ok,112.0,Ok,15549
507731.875000,112.0,Ok,114.0,Ok,15550
507731.921000,104.0,Ok,112.0,Ok,15551
507731.968000,103.0,Ok,124.0,Ok,15552
507732.015000,99.0,Ok,119.0,Ok,15553
507732.062000,101.0,Ok,106.0,Ok,15554
507732.125000,91.0,Ok,101.0,Ok,15555
507732.156000,80.0,Ok,80.0,Ok,15556
507732.218000,71.0,Ok,93.0,Ok,15557
507732.265000,64.0,Ok,82.0,Ok,15558
507732.312000,68.0,Ok,70.0,Ok,15559
507732.375000,73.0,Ok,69.0,Ok,15560
507732.421000,80.0,Ok,73.0,Ok,15561
507732.468000,84.0,Ok,83.0,Ok,15562
507732.515000,86.0,Ok,91.0,Ok,15563
507732.578000,102.0,Ok,99.0,Ok,15564
507732.625000,99.0,Ok,104.0,Ok,15565
507732.687000,112.0,Ok,107.0,Ok,15566
507732.718000,118.0,Ok,111.0,Ok,15567
507732.765000,110.0,Ok,104.0,Ok,15568
507732.812000,108.0,Ok,111.0,Ok,15569
507732.875000,114.0,Ok,105.0,Ok,15570
507732.921000,115.0,Ok,108.0,Ok,15571
507732.968000,113.0,Ok,107.0,Ok,15572
507733.015000,110.0,Ok,105.0,Ok,15573
507733.078000,110.0,Ok,108.0,Ok,15574
507733.109000,107.0,Ok,101.0,Ok,15575
507733.171000,103.0,Ok,103.0,Ok,15576
507733.218000,105.0,Ok,105.0,Ok,15577
507733.265000,105.0,Ok,101.0,Ok,15578
507733.328000,110.0,Ok,106.0,Ok,15579
507733.359000,110.0,Ok,98.0,Ok,15580
507733.421000,112.0,Ok,100.0,Ok,15581
507733.468000,111.0,Ok,104.0,Ok,15582
507733.515000,110.0,Ok,104.0,Ok,15583
507733.562000,111.0,Ok,100.0,Ok,15584
507733.625000,110.0,Ok,104.0,Ok,15585
507733.671000,111.0,Ok,99.0,Ok,15586
507733.718000,109.0,Ok,106.0,Ok,15587
507733.765000,109.0,Ok,97.0,Ok,15588
507733.812000,107.0,Ok,100.0,Ok,15589
507733.859000,106.0,Ok,98.0,Ok,15590
507733.921000,105.0,Ok,98.0,Ok,15591
507733.968000,97.0,Ok,99.0,Ok,15592
507734.031000,99.0,Ok,104.0,Ok,15593
507734.062000,105.0,Ok,101.0,Ok,15594
507734.125000,98.0,Ok,97.0,Ok,15595
507734.171000,100.0,Ok,98.0,Ok,15596
507734.218000,99.0,Ok,92.0,Ok,15597
507734.265000,103.0,Ok,92.0,Ok,15598
507734.312000,103.0,Ok,100.0,Ok,15599
507734.359000,106.0,Ok,96.0,Ok,15600
507734.421000,102.0,Ok,94.0,Ok,15601
507734.468000,103.0,Ok,99.0,Ok,15602
507734.515000,104.0,Ok,100.0,Ok,15603
507734.578000,104.0,Ok,97.0,Ok,15604
507734.625000,105.0,Ok,97.0,Ok,15605
507734.671000,103.0,Ok,95.0,Ok,15606
507734.718000,104.0,Ok,98.0,Ok,15607
507734.765000,93.0,Ok,95.0,Ok,15608
507734.828000,100.0,Ok,95.0,Ok,15609
507734.875000,97.0,Ok,99.0,Ok,15610
507734.921000,94.0,Ok,101.0,Ok,15611
507734.968000,98.0,Ok,95.0,Ok,15612
507735.015000,104.0,Ok,99.0,Ok,15613
507735.078000,97.0,Ok,99.0,Ok,15614
507735.125000,98.0,Ok,95.0,Ok,15615
507735.171000,102.0,Ok,97.0,Ok,15616
507735.218000,104.0,Ok,99.0,Ok,15617
507735.265000,106.0,Ok,99.0,Ok,15618
507735.328000,102.0,Ok,97.0,Ok,15619
507735.375000,105.0,Ok,95.0,Ok,15620
507735.421000,106.0,Ok,98.0,Ok,15621
507735.468000,103.0,Ok,96.0,Ok,15622
507735.515000,106.0,Ok,99.0,Ok,15623
507735.562000,106.0,Ok,104.0,Ok,15624
507735.625000,105.0,Ok,102.0,Ok,15625
507735.671000,105.0,Ok,101.0,Ok,15626
507735.718000,104.0,Ok,97.0,Ok,15627
507735.765000,106.0,Ok,97.0,Ok,15628
507735.812000,105.0,Ok,98.0,Ok,15629
507735.875000,105.0,Ok,91.0,Ok,15630
507735.921000,105.0,Ok,102.0,Ok,15631
507735.968000,108.0,Ok,98.0,Ok,15632
507736.031000,103.0,Ok,96.0,Ok,15633
507736.062000,104.0,Ok,103.0,Ok,15634
507736.109000,99.0,Ok,99.0,Ok,15635
507736.171000,106.0,Ok,99.0,Ok,15636
507736.218000,104.0,Ok,98.0,Ok,15637
507736.265000,106.0,Ok,93.0,Ok,15638
507736.312000,110.0,Ok,96.0,Ok,15639
507736.359000,97.0,Ok,93.0,Ok,15640
507736.421000,96.0,Ok,90.0,Ok,15641
507736.468000,88.0,Ok,81.0,Ok,15642
507736.531000,103.0,Ok,83.0,Ok,15643
507736.578000,126.0,Ok,84.0,Ok,15644
507736.625000,106.0,Ok,90.0,Ok,15645
507736.671000,107.0,Ok,94.0,Ok,15646
507736.718000,98.0,Ok,115.0,Ok,15647
507736.781000,87.0,Ok,94.0,Ok,15648
507736.812000,99.0,Ok,104.0,Ok,15649
507736.859000,105.0,Ok,111.0,Ok,15650
507736.921000,108.0,Ok,99.0,Ok,15651
507736.968000,110.0,Ok,109.0,Ok,15652
507737.015000,105.0,Ok,107.0,Ok,15653
507737.078000,111.0,Ok,110.0,Ok,15654
507737.109000,107.0,Ok,111.0,Ok,15655
507737.171000,107.0,Ok,108.0,Ok,15656
507737.218000,109.0,Ok,104.0,Ok,15657
507737.265000,110.0,Ok,105.0,Ok,15658
507737.328000,110.0,Ok,105.0,Ok,15659
507737.375000,109.0,Ok,105.0,Ok,15660
507737.421000,111.0,Ok,103.0,Ok,15661
507737.468000,107.0,Ok,98.0,Ok,15662
507737.515000,105.0,Ok,107.0,Ok,15663
507737.562000,107.0,Ok,104.0,Ok,15664
507737.625000,102.0,Ok,110.0,Ok,15665
507737.671000,98.0,Ok,107.0,Ok,15666
507737.718000,100.0,Ok,103.0,Ok,15667
507737.765000,102.0,Ok,116.0,Ok,15668
507737.812000,89.0,Ok,89.0,Ok,15669
507737.875000,70.0,Ok,91.0,Ok,15670
507737.921000,71.0,Ok,73.0,Ok,15671
507737.968000,62.0,Ok,87.0,Ok,15672
507738.015000,72.0,Ok,68.0,Ok,15673
507738.062000,73.0,Ok,67.0,Ok,15674
507738.125000,77.0,Ok,66.0,Ok,15675
507738.171000,78.0,Ok,78.0,Ok,15676
507738.218000,91.0,Ok,81.0,Ok,15677
507738.265000,101.0,Ok,84.0,Ok,15678
507738.312000,104.0,Ok,91.0,Ok,15679
507738.375000,107.0,Ok,93.0,Ok,15680
507738.421000,108.0,Ok,99.0,Ok,15681
507738.468000,115.0,Ok,102.0,Ok,15682
507738.515000,112.0,Ok,106.0,Ok,15683
507738.578000,114.0,Ok,104.0,Ok,15684
507738.625000,115.0,Ok,103.0,Ok,15685
507738.671000,116.0,Ok,106.0,Ok,15686
507738.718000,115.0,Ok,103.0,Ok,15687
507738.765000,117.0,Ok,109.0,Ok,15688
507738.828000,113.0,Ok,108.0,Ok,15689
507738.875000,112.0,Ok,105.0,Ok,15690
507738.921000,115.0,Ok,106.0,Ok,15691
507738.968000,113.0,Ok,105.0,Ok,15692
507739.031000,112.0,Ok,105.0,Ok,15693
507739.062000,110.0,Ok,105.0,Ok,15694
507739.109000,119.0,Ok,105.0,Ok,15695
507739.171000,112.0,Ok,109.0,Ok,15696
507739.218000,112.0,Ok,106.0,Ok,15697
507739.265000,111.0,Ok,105.0,Ok,15698
507739.312000,110.0,Ok,109.0,Ok,15699
507739.375000,111.0,Ok,102.0,Ok,15700
507739.421000,109.0,Ok,104.0,Ok,15701
507739.468000,111.0,Ok,108.0,Ok,15702
507739.515000,109.0,Ok,102.0,Ok,15703
507739.578000,107.0,Ok,98.0,Ok,15704
507739.625000,108.0,Ok,103.0,Ok,15705
507739.671000,109.0,Ok,99.0,Ok,15706
507739.718000,113.0,Ok,107.0,Ok,15707
507739.765000,111.0,Ok,99.0,Ok,15708
507739.828000,111.0,Ok,107.0,Ok,15709
507739.875000,110.0,Ok,107.0,Ok,15710
507739.921000,111.0,Ok,98.0,Ok,15711
507739.968000,110.0,Ok,110.0,Ok,15712
507740.015000,110.0,Ok,107.0,Ok,15713
507740.078000,114.0,Ok,103.0,Ok,15714
507740.125000,114.0,Ok,105.0,Ok,15715
507740.171000,110.0,Ok,103.0,Ok,15716
507740.218000,111.0,Ok,108.0,Ok,15717
507740.265000,111.0,Ok,107.0,Ok,15718
507740.312000,110.0,Ok,99.0,Ok,15719
507740.375000,114.0,Ok,104.0,Ok,15720
507740.421000,111.0,Ok,99.0,Ok,15721
507740.468000,112.0,Ok,103.0,Ok,15722
507740.515000,111.0,Ok,110.0,Ok,15723
507740.578000,111.0,Ok,101.0,Ok,15724
507740.609000,111.0,Ok,106.0,Ok,15725
507740.671000,109.0,Ok,103.0,Ok,15726
507740.718000,109.0,Ok,105.0,Ok,15727
507740.765000,109.0,Ok,104.0,Ok,15728
507740.812000,108.0,Ok,102.0,Ok,15729
507740.875000,108.0,Ok,98.0,Ok,15730
507740.906000,103.0,Ok,105.0,Ok,15731
507740.968000,108.0,Ok,98.0,Ok,15732
507741.015000,108.0,Ok,98.0,Ok,15733
507741.078000,108.0,Ok,99.0,Ok,15734
507741.125000,107.0,Ok,99.0,Ok,15735
507741.171000,108.0,Ok,99.0,Ok,15736
507741.203000,107.0,Ok,98.0,Ok,15737
507741.281000,106.0,Ok,101.0,Ok,15738
507741.328000,109.0,Ok,100.0,Ok,15739
507741.375000,108.0,Ok,107.0,Ok,15740
507741.421000,107.0,Ok,96.0,Ok,15741
507741.468000,105.0,Ok,100.0,Ok,15742
507741.515000,105.0,Ok,105.0,Ok,15743
507741.562000,105.0,Ok,95.0,Ok,15744
507741.625000,103.0,Ok,84.0,Ok,15745
507741.671000,89.0,Ok,84.0,Ok,15746
507741.718000,88.0,Ok,79.0,Ok,15747
507741.765000,97.0,Ok,79.0,Ok,15748
507741.812000,119.0,Ok,72.0,Ok,15749
507741.859000,111.0,Ok,79.0,Ok,15750
507741.921000,100.0,Ok,96.0,Ok,15751
507741.968000,82.0,Ok,113.0,Ok,15752
507742.015000,98.0,Ok,94.0,Ok,15753
507742.078000,105.0,Ok,102.0,Ok,15754
507742.109000,102.0,Ok,92.0,Ok,15755
507742.156000,105.0,Ok,101.0,Ok,15756
507742.203000,99.0,Ok,104.0,Ok,15757
507742.265000,103.0,Ok,106.0,Ok,15758
507742.328000,105.0,Ok,108.0,Ok,15759
507742.375000,108.0,Ok,106.0,Ok,15760
507742.421000,107.0,Ok,108.0,Ok,15761
507742.453000,102.0,Ok,106.0,Ok,15762
507742.515000,106.0,Ok,112.0,Ok,15763
507742.578000,107.0,Ok,112.0,Ok,15764
507742.625000,104.0,Ok,119.0,Ok,15765
507742.671000,107.0,Ok,110.0,Ok,15766
507742.718000,106.0,Ok,107.0,Ok,15767
507742.765000,105.0,Ok,107.0,Ok,15768
507742.828000,104.0,Ok,105.0,Ok,15769
507742.875000,105.0,Ok,107.0,Ok,15770
507742.921000,103.0,Ok,145.0,Ok,15771
507742.968000,104.0,Ok,101.0,Ok,15772
507743.015000,101.0,Ok,106.0,Ok,15773
507743.062000,92.0,Ok,114.0,Ok,15774
507743.125000,81.0,Ok,90.0,Ok,15775
507743.171000,80.0,Ok,86.0,Ok,15776
507743.218000,77.0,Ok,83.0,Ok,15777
507743.265000,71.0,Ok,77.0,Ok,15778
507743.328000,74.0,Ok,96.0,Ok,15779
507743.375000,60.0,Ok,60.0,Ok,15780
507743.421000,66.0,Ok,61.0,Ok,15781
507743.468000,72.0,Ok,59.0,Ok,15782
507743.515000,71.0,Ok,65.0,Ok,15783
507743.593000,82.0,Ok,71.0,Ok,15784
507743.625000,84.0,Ok,77.0,Ok,15785
507743.671000,91.0,Ok,84.0,Ok,15786
507743.718000,95.0,Ok,92.0,Ok,15787
507743.765000,99.0,Ok,97.0,Ok,15788
507743.812000,101.0,Ok,92.0,Ok,15789
507743.875000,99.0,Ok,106.0,Ok,15790
507743.921000,101.0,Ok,100.0,Ok,15791
507743.968000,108.0,Ok,97.0,Ok,15792
507744.015000,106.0,Ok,106.0,Ok,15793
507744.078000,113.0,Ok,104.0,Ok,15794
507744.125000,114.0,Ok,104.0,Ok,15795
507744.171000,111.0,Ok,107.0,Ok,15796
507744.218000,113.0,Ok,103.0,Ok,15797
507744.265000,115.0,Ok,105.0,Ok,15798
507744.328000,114.0,Ok,102.0,Ok,15799
507744.375000,110.0,Ok,102.0,Ok,15800
507744.421000,116.0,Ok,104.0,Ok,15801
507744.468000,111.0,Ok,101.0,Ok,15802
507744.515000,114.0,Ok,101.0,Ok,15803
507744.578000,107.0,Ok,103.0,Ok,15804
507744.609000,107.0,Ok,105.0,Ok,15805
507744.656000,108.0,Ok,107.0,Ok,15806
507744.718000,107.0,Ok,110.0,Ok,15807
507744.765000,107.0,Ok,110.0,Ok,15808
507744.812000,107.0,Ok,105.0,Ok,15809
507744.875000,105.0,Ok,105.0,Ok,15810
507744.921000,108.0,Ok,104.0,Ok,15811
507744.968000,108.0,Ok,104.0,Ok,15812
507745.015000,109.0,Ok,109.0,Ok,15813
507745.078000,107.0,Ok,103.0,Ok,15814
507745.125000,106.0,Ok,108.0,Ok,15815
507745.171000,100.0,Ok,99.0,Ok,15816
507745.218000,107.0,Ok,100.0,Ok,15817
507745.265000,108.0,Ok,107.0,Ok,15818
507745.328000,105.0,Ok,101.0,Ok,15819
507745.375000,106.0,Ok,102.0,Ok,15820
507745.421000,107.0,Ok,104.0,Ok,15821
507745.468000,107.0,Ok,99.0,Ok,15822
507745.515000,104.0,Ok,106.0,Ok,15823
507745.562000,105.0,Ok,101.0,Ok,15824
507745.625000,106.0,Ok,99.0,Ok,15825
507745.671000,105.0,Ok,99.0,Ok,15826
507745.718000,104.0,Ok,98.0,Ok,15827
507745.765000,101.0,Ok,102.0,Ok,15828
507745.828000,96.0,Ok,99.0,Ok,15829
507745.875000,103.0,Ok,99.0,Ok,15830
507745.921000,104.0,Ok,98.0,Ok,15831
507745.968000,103.0,Ok,100.0,Ok,15832
507746.031000,105.0,Ok,99.0,Ok,15833
507746.078000,102.0,Ok,96.0,Ok,15834
507746.125000,104.0,Ok,100.0,Ok,15835
507746.171000,104.0,Ok,100.0,Ok,15836
507746.218000,106.0,Ok,102.0,Ok,15837
507746.265000,105.0,Ok,102.0,Ok,15838
507746.328000,107.0,Ok,99.0,Ok,15839
507746.375000,104.0,Ok,100.0,Ok,15840
507746.421000,104.0,Ok,100.0,Ok,15841
507746.468000,104.0,Ok,102.0,Ok,15842
507746.515000,102.0,Ok,93.0,Ok,15843
507746.562000,98.0,Ok,89.0,Ok,15844
507746.625000,99.0,Ok,85.0,Ok,15845
507746.671000,94.0,Ok,80.0,Ok,15846
507746.718000,103.0,Ok,86.0,Ok,15847
507746.765000,109.0,Ok,89.0,Ok,15848
507746.812000,113.0,Ok,87.0,Ok,15849
507746.859000,99.0,Ok,91.0,Ok,15850
507746.921000,98.0,Ok,104.0,Ok,15851
507746.968000,105.0,Ok,104.0,Ok,15852
507747.015000,107.0,Ok,108.0,Ok,15853
507747.078000,107.0,Ok,108.0,Ok,15854
507747.109000,107.0,Ok,110.0,Ok,15855
507747.171000,108.0,Ok,108.0,Ok,15856
507747.218000,104.0,Ok,109.0,Ok,15857
507747.265000,103.0,Ok,111.0,Ok,15858
507747.328000,98.0,Ok,110.0,Ok,15859
507747.375000,104.0,Ok,112.0,Ok,15860
507747.421000,105.0,Ok,108.0,Ok,15861
507747.468000,100.0,Ok,107.0,Ok,15862
507747.515000,105.0,Ok,105.0,Ok,15863
507747.578000,97.0,Ok,105.0,Ok,15864
507747.625000,100.0,Ok,99.0,Ok,15865
507747.671000,98.0,Ok,103.0,Ok,15866
507747.718000,109.0,Ok,99.0,Ok,15867
507747.765000,108.0,Ok,103.0,Ok,15868
507747.812000,106.0,Ok,104.0,Ok,15869
507747.875000,105.0,Ok,100.0,Ok,15870
507747.921000,106.0,Ok,101.0,Ok,15871
507747.968000,103.0,Ok,101.0,Ok,15872
507748.015000,100.0,Ok,104.0,Ok,15873
507748.062000,104.0,Ok,99.0,Ok,15874
507748.125000,111.0,Ok,101.0,Ok,15875
507748.171000,105.0,Ok,102.0,Ok,15876
507748.218000,100.0,Ok,101.0,Ok,15877
507748.265000,101.0,Ok,107.0,Ok,15878
507748.328000,108.0,Ok,103.0,Ok,15879
507748.375000,106.0,Ok,101.0,Ok,15880
507748.421000,103.0,Ok,102.0,Ok,15881
507748.468000,103.0,Ok,102.0,Ok,15882
507748.515000,99.0,Ok,121.0,Ok,15883
507748.578000,93.0,Ok,103.0,Ok,15884
507748.625000,92.0,Ok,106.0,Ok,15885
507748.671000,75.0,Ok,84.0,Ok,15886
507748.718000,69.0,Ok,94.0,Ok,15887
507748.765000,66.0,Ok,86.0,Ok,15888
507748.812000,67.0,Ok,58.0,Ok,15889
507748.875000,69.0,Ok,65.0,Ok,15890
507748.921000,69.0,Ok,72.0,Ok,15891
507748.968000,90.0,Ok,79.0,Ok,15892
507749.015000,94.0,Ok,89.0,Ok,15893
507749.078000,103.0,Ok,94.0,Ok,15894
507749.109000,110.0,Ok,97.0,Ok,15895
507749.171000,111.0,Ok,103.0,Ok,15896
507749.218000,112.0,Ok,113.0,Ok,15897
507749.265000,107.0,Ok,107.0,Ok,15898
507749.328000,113.0,Ok,107.0,Ok,15899
507749.375000,114.0,Ok,108.0,Ok,15900
507749.421000,113.0,Ok,107.0,Ok,15901
507749.468000,112.0,Ok,108.0,Ok,15902
507749.515000,117.0,Ok,102.0,Ok,15903
507749.578000,113.0,Ok,102.0,Ok,15904
507749.609000,111.0,Ok,101.0,Ok,15905
507749.671000,114.0,Ok,103.0,Ok,15906
507749.718000,113.0,Ok,104.0,Ok,15907
507749.765000,108.0,Ok,105.0,Ok,15908
507749.828000,109.0,Ok,108.0,Ok,15909
507749.875000,112.0,Ok,103.0,Ok,15910
507749.921000,109.0,Ok,105.0,Ok,15911
507749.968000,109.0,Ok,101.0,Ok,15912
507750.015000,110.0,Ok,104.0,Ok,15913
507750.062000,111.0,Ok,107.0,Ok,15914
507750.109000,112.0,Ok,101.0,Ok,15915
507750.171000,114.0,Ok,99.0,Ok,15916
507750.218000,109.0,Ok,103.0,Ok,15917
507750.265000,111.0,Ok,100.0,Ok,15918
507750.328000,111.0,Ok,104.0,Ok,15919
507750.375000,112.0,Ok,98.0,Ok,15920
507750.421000,115.0,Ok,100.0,Ok,15921
507750.468000,110.0,Ok,100.0,Ok,15922
507750.515000,108.0,Ok,99.0,Ok,15923
507750.578000,108.0,Ok,99.0,Ok,15924
507750.625000,110.0,Ok,99.0,Ok,15925
507750.671000,111.0,Ok,99.0,Ok,15926
507750.718000,110.0,Ok,99.0,Ok,15927
507750.765000,110.0,Ok,99.0,Ok,15928
507750.828000,108.0,Ok,99.0,Ok,15929
507750.875000,107.0,Ok,100.0,Ok,15930
507750.921000,109.0,Ok,100.0,Ok,15931
507750.968000,114.0,Ok,97.0,Ok,15932
507751.015000,109.0,Ok,100.0,Ok,15933
507751.078000,108.0,Ok,99.0,Ok,15934
507751.125000,106.0,Ok,106.0,Ok,15935
507751.156000,107.0,Ok,99.0,Ok,15936
507751.218000,106.0,Ok,102.0,Ok,15937
507751.265000,105.0,Ok,99.0,Ok,15938
507751.328000,105.0,Ok,102.0,Ok,15939
507751.375000,99.0,Ok,99.0,Ok,15940
507751.421000,97.0,Ok,99.0,Ok,15941
507751.468000,104.0,Ok,99.0,Ok,15942
507751.515000,105.0,Ok,102.0,Ok,15943
507751.562000,105.0,Ok,102.0,Ok,15944
507751.609000,103.0,Ok,99.0,Ok,15945
507751.656000,105.0,Ok,99.0,Ok,15946
507751.718000,106.0,Ok,102.0,Ok,15947
507751.765000,106.0,Ok,102.0,Ok,15948
507751.828000,106.0,Ok,103.0,Ok,15949
507751.859000,104.0,Ok,105.0,Ok,15950
507751.921000,106.0,Ok,105.0,Ok,15951
507751.968000,106.0,Ok,97.0,Ok,15952
507752.015000,104.0,Ok,96.0,Ok,15953
507752.062000,101.0,Ok,100.0,Ok,15954
507752.109000,104.0,Ok,101.0,Ok,15955
507752.156000,97.0,Ok,103.0,Ok,15956
507752.218000,105.0,Ok,103.0,Ok,15957
507752.265000,104.0,Ok,97.0,Ok,15958
507752.328000,103.0,Ok,97.0,Ok,15959
507752.375000,106.0,Ok,104.0,Ok,15960
507752.421000,105.0,Ok,96.0,Ok,15961
507752.468000,97.0,Ok,102.0,Ok,15962
507752.515000,99.0,Ok,98.0,Ok,15963
507752.578000,103.0,Ok,99.0,Ok,15964
507752.625000,99.0,Ok,96.0,Ok,15965
507752.671000,98.0,Ok,89.0,Ok,15966
507752.718000,97.0,Ok,123.0,Ok,15967
507752.765000,89.0,Ok,93.0,Ok,15968
507752.812000,87.0,Ok,80.0,Ok,15969
507752.859000,96.0,Ok,88.0,Ok,15970
507752.906000,109.0,Ok,87.0,Ok,15971
507752.968000,107.0,Ok,90.0,Ok,15972
507753.015000,100.0,Ok,103.0,Ok,15973
507753.062000,91.0,Ok,101.0,Ok,15974
507753.125000,96.0,Ok,103.0,Ok,15975
507753.171000,100.0,Ok,106.0,Ok,15976
507753.218000,103.0,Ok,107.0,Ok,15977
507753.265000,108.0,Ok,107.0,Ok,15978
507753.312000,107.0,Ok,104.0,Ok,15979
507753.359000,103.0,Ok,107.0,Ok,15980
507753.421000,103.0,Ok,95.0,Ok,15981
507753.468000,99.0,Ok,96.0,Ok,15982
507753.515000,100.0,Ok,105.0,Ok,15983
507753.578000,97.0,Ok,107.0,Ok,15984
507753.609000,103.0,Ok,105.0,Ok,15985
507753.671000,105.0,Ok,107.0,Ok,15986
507753.718000,105.0,Ok,112.0,Ok,15987
507753.765000,107.0,Ok,107.0,Ok,15988
507753.828000,107.0,Ok,110.0,Ok,15989
507753.875000,106.0,Ok,112.0,Ok,15990
507753.921000,105.0,Ok,112.0,Ok,15991
507753.968000,105.0,Ok,103.0,Ok,15992
507754.015000,99.0,Ok,106.0,Ok,15993
507754.078000,104.0,Ok,105.0,Ok,15994
507754.125000,98.0,Ok,96.0,Ok,15995
507754.171000,91.0,Ok,91.0,Ok,15996
507754.218000,82.0,Ok,79.0,Ok,15997
507754.265000,72.0,Ok,77.0,Ok,15998
507754.328000,59.0,Ok,70.0,Ok,15999
507754.359000,60.0,Ok,66.0,Ok,16000
507754.421000,74.0,Ok,69.0,Ok,16001
507754.468000,80.0,Ok,72.0,Ok,16002
507754.515000,94.0,Ok,89.0,Ok,16003
507754.562000,99.0,Ok,87.0,Ok,16004
507754.625000,96.0,Ok,99.0,Ok,16005
507754.671000,107.0,Ok,105.0,Ok,16006
507754.718000,115.0,Ok,108.0,Ok,16007
507754.765000,115.0,Ok,110.0,Ok,16008
507754.812000,113.0,Ok,108.0,Ok,16009
507754.859000,111.0,Ok,103.0,Ok,16010
507754.921000,114.0,Ok,107.0,Ok,16011
507754.968000,112.0,Ok,102.0,Ok,16012
507755.015000,110.0,Ok,110.0,Ok,16013
507755.078000,108.0,Ok,105.0,Ok,16014
507755.125000,108.0,Ok,103.0,Ok,16015
507755.171000,110.0,Ok,101.0,Ok,16016
507755.218000,110.0,Ok,105.0,Ok,16017
507755.265000,108.0,Ok,104.0,Ok,16018
507755.312000,108.0,Ok,107.0,Ok,16019
507755.359000,105.0,Ok,106.0,Ok,16020
507755.421000,107.0,Ok,106.0,Ok,16021
507755.468000,112.0,Ok,105.0,Ok,16022
507755.515000,107.0,Ok,101.0,Ok,16023
507755.578000,106.0,Ok,103.0,Ok,16024
507755.625000,107.0,Ok,101.0,Ok,16025
507755.671000,106.0,Ok,99.0,Ok,16026
507755.718000,113.0,Ok,93.0,Ok,16027
507755.765000,104.0,Ok,93.0,Ok,16028
507755.812000,107.0,Ok,93.0,Ok,16029
507755.859000,109.0,Ok,99.0,Ok,16030
507755.921000,111.0,Ok,100.0,Ok,16031
507755.968000,110.0,Ok,98.0,Ok,16032
507756.015000,108.0,Ok,105.0,Ok,16033
507756.062000,104.0,Ok,104.0,Ok,16034
507756.109000,107.0,Ok,100.0,Ok,16035
507756.156000,106.0,Ok,95.0,Ok,16036
507756.218000,105.0,Ok,94.0,Ok,16037
507756.265000,103.0,Ok,100.0,Ok,16038
507756.328000,102.0,Ok,100.0,Ok,16039
507756.375000,102.0,Ok,97.0,Ok,16040
507756.421000,100.0,Ok,98.0,Ok,16041
507756.468000,94.0,Ok,100.0,Ok,16042
507756.515000,95.0,Ok,97.0,Ok,16043
507756.562000,97.0,Ok,97.0,Ok,16044
507756.609000,97.0,Ok,101.0,Ok,16045
507756.671000,101.0,Ok,99.0,Ok,16046
507756.718000,103.0,Ok,97.0,Ok,16047
507756.765000,102.0,Ok,100.0,Ok,16048
507756.812000,100.0,Ok,97.0,Ok,16049
507756.875000,103.0,Ok,100.0,Ok,16050
507756.921000,102.0,Ok,100.0,Ok,16051
507756.968000,94.0,Ok,101.0,Ok,16052
507757.015000,101.0,Ok,96.0,Ok,16053
507757.078000,100.0,Ok,100.0,Ok,16054
507757.125000,103.0,Ok,99.0,Ok,16055
507757.171000,102.0,Ok,97.0,Ok,16056
507757.234000,103.0,Ok,99.0,Ok,16057
507757.265000,104.0,Ok,95.0,Ok,16058
507757.328000,104.0,Ok,97.0,Ok,16059
507757.375000,105.0,Ok,96.0,Ok,16060
507757.421000,105.0,Ok,99.0,Ok,16061
507757.468000,102.0,Ok,96.0,Ok,16062
507757.515000,101.0,Ok,99.0,Ok,16063
507757.562000,103.0,Ok,97.0,Ok,16064
507757.609000,104.0,Ok,96.0,Ok,16065
507757.656000,106.0,Ok,97.0,Ok,16066
507757.703000,105.0,Ok,94.0,Ok,16067
507757.781000,108.0,Ok,99.0,Ok,16068
507757.828000,97.0,Ok,95.0,Ok,16069
507757.875000,99.0,Ok,87.0,Ok,16070
507757.921000,98.0,Ok,95.0,Ok,16071
507757.968000,98.0,Ok,78.0,Ok,16072
507758.015000,107.0,Ok,88.0,Ok,16073
507758.062000,110.0,Ok,95.0,Ok,16074
507758.109000,115.0,Ok,92.0,Ok,16075
507758.156000,102.0,Ok,109.0,Ok,16076
507758.218000,99.0,Ok,110.0,Ok,16077
507758.281000,110.0,Ok,103.0,Ok,16078
507758.328000,108.0,Ok,112.0,Ok,16079
507758.375000,116.0,Ok,114.0,Ok,16080
507758.421000,111.0,Ok,111.0,Ok,16081
507758.468000,110.0,Ok,110.0,Ok,16082
507758.515000,109.0,Ok,112.0,Ok,16083
507758.593000,109.0,Ok,115.0,Ok,16084
507758.609000,108.0,Ok,107.0,Ok,16085
507758.671000,106.0,Ok,113.0,Ok,16086
507758.718000,108.0,Ok,114.0,Ok,16087
507758.781000,108.0,Ok,115.0,Ok,16088
507758.828000,106.0,Ok,117.0,Ok,16089
507758.875000,109.0,Ok,116.0,Ok,16090
507758.921000,110.0,Ok,112.0,Ok,16091
507758.968000,110.0,Ok,115.0,Ok,16092
507759.015000,116.0,Ok,114.0,Ok,16093
507759.062000,110.0,Ok,118.0,Ok,16094
507759.109000,112.0,Ok,117.0,Ok,16095
507759.171000,112.0,Ok,112.0,Ok,16096
507759.218000,109.0,Ok,117.0,Ok,16097
507759.265000,111.0,Ok,119.0,Ok,16098
507759.328000,114.0,Ok,116.0,Ok,16099
507759.375000,115.0,Ok,121.0,Ok,16100
507759.421000,115.0,Ok,116.0,Ok,16101
507759.468000,113.0,Ok,120.0,Ok,16102
507759.515000,113.0,Ok,111.0,Ok,16103
507759.562000,98.0,Ok,104.0,Ok,16104
507759.609000,98.0,Ok,99.0,Ok,16105
507759.671000,89.0,Ok,90.0,Ok,16106
507759.718000,68.0,Ok,88.0,Ok,16107
507759.765000,68.0,Ok,94.0,Ok,16108
507759.812000,61.0,Ok,71.0,Ok,16109
507759.875000,70.0,Ok,67.0,Ok,16110
507759.921000,70.0,Ok,68.0,Ok,16111
507759.968000,83.0,Ok,77.0,Ok,16112
507760.015000,94.0,Ok,88.0,Ok,16113
507760.078000,96.0,Ok,97.0,Ok,16114
507760.109000,100.0,Ok,102.0,Ok,16115
507760.171000,105.0,Ok,106.0,Ok,16116
507760.218000,114.0,Ok,104.0,Ok,16117
507760.265000,114.0,Ok,104.0,Ok,16118
507760.328000,115.0,Ok,105.0,Ok,16119
507760.375000,107.0,Ok,103.0,Ok,16120
507760.421000,112.0,Ok,101.0,Ok,16121
507760.468000,113.0,Ok,100.0,Ok,16122
507760.515000,116.0,Ok,101.0,Ok,16123
507760.578000,109.0,Ok,104.0,Ok,16124
507760.625000,99.0,Ok,106.0,Ok,16125
507760.671000,104.0,Ok,106.0,Ok,16126
507760.718000,112.0,Ok,102.0,Ok,16127
507760.765000,107.0,Ok,107.0,Ok,16128
507760.828000,105.0,Ok,103.0,Ok,16129
507760.875000,104.0,Ok,105.0,Ok,16130
507760.921000,106.0,Ok,99.0,Ok,16131
507760.968000,105.0,Ok,98.0,Ok,16132
507761.015000,104.0,Ok,98.0,Ok,16133
507761.078000,101.0,Ok,97.0,Ok,16134
507761.125000,98.0,Ok,98.0,Ok,16135
507761.171000,102.0,Ok,98.0,Ok,16136
507761.218000,101.0,Ok,96.0,Ok,16137
507761.265000,107.0,Ok,99.0,Ok,16138
507761.328000,100.0,Ok,101.0,Ok,16139
507761.375000,98.0,Ok,104.0,Ok,16140
507761.421000,96.0,Ok,95.0,Ok,16141
507761.468000,95.0,Ok,98.0,Ok,16142
507761.515000,99.0,Ok,101.0,Ok,16143
507761.562000,93.0,Ok,101.0,Ok,16144
507761.625000,104.0,Ok,97.0,Ok,16145
507761.671000,103.0,Ok,102.0,Ok,16146
507761.718000,103.0,Ok,101.0,Ok,16147
507761.765000,106.0,Ok,93.0,Ok,16148
507761.828000,105.0,Ok,65535.0,RangingRxTimeout,16149
507761.875000,101.0,Ok,102.0,Ok,16150
507761.921000,102.0,Ok,102.0,Ok,16151
507761.968000,102.0,Ok,100.0,Ok,16152
507762.015000,105.0,Ok,99.0,Ok,16153
507762.062000,102.0,Ok,96.0,Ok,16154
507762.125000,99.0,Ok,95.0,Ok,16155
507762.156000,102.0,Ok,101.0,Ok,16156
507762.218000,101.0,Ok,101.0,Ok,16157
507762.281000,101.0,Ok,98.0,Ok,16158
507762.328000,98.0,Ok,103.0,Ok,16159
507762.375000,101.0,Ok,94.0,Ok,16160
507762.421000,99.0,Ok,94.0,Ok,16161
507762.468000,102.0,Ok,104.0,Ok,16162
507762.515000,105.0,Ok,97.0,Ok,16163
507762.578000,99.0,Ok,99.0,Ok,16164
507762.625000,99.0,Ok,99.0,Ok,16165
507762.671000,102.0,Ok,94.0,Ok,16166
507762.718000,101.0,Ok,102.0,Ok,16167
507762.765000,103.0,Ok,98.0,Ok,16168
507762.828000,102.0,Ok,99.0,Ok,16169
507762.875000,101.0,Ok,97.0,Ok,16170
507762.921000,99.0,Ok,99.0,Ok,16171
507762.968000,99.0,Ok,100.0,Ok,16172
507763.015000,98.0,Ok,96.0,Ok,16173
507763.062000,99.0,Ok,92.0,Ok,16174
507763.125000,103.0,Ok,92.0,Ok,16175
507763.171000,99.0,Ok,95.0,Ok,16176
507763.218000,92.0,Ok,95.0,Ok,16177
507763.265000,98.0,Ok,94.0,Ok,16178
507763.328000,98.0,Ok,77.0,Ok,16179
507763.359000,88.0,Ok,83.0,Ok,16180
507763.406000,91.0,Ok,86.0,Ok,16181
507763.468000,102.0,Ok,84.0,Ok,16182
507763.515000,114.0,Ok,85.0,Ok,16183
507763.562000,118.0,Ok,94.0,Ok,16184
507763.609000,106.0,Ok,65535.0,RangingRxTimeout,16185
507763.656000,101.0,Ok,106.0,Ok,16186
507763.718000,99.0,Ok,102.0,Ok,16187
507763.765000,101.0,Ok,107.0,Ok,16188
507763.828000,114.0,Ok,107.0,Ok,16189
507763.875000,108.0,Ok,108.0,Ok,16190
507763.921000,108.0,Ok,110.0,Ok,16191
507763.968000,106.0,Ok,118.0,Ok,16192
507764.015000,105.0,Ok,113.0,Ok,16193
507764.062000,107.0,Ok,112.0,Ok,16194
507764.125000,104.0,Ok,111.0,Ok,16195
507764.171000,106.0,Ok,114.0,Ok,16196
507764.218000,108.0,Ok,115.0,Ok,16197
507764.265000,104.0,Ok,109.0,Ok,16198
507764.328000,100.0,Ok,111.0,Ok,16199
507764.375000,101.0,Ok,114.0,Ok,16200
507764.421000,102.0,Ok,114.0,Ok,16201
507764.468000,102.0,Ok,113.0,Ok,16202
507764.515000,103.0,Ok,112.0,Ok,16203
507764.578000,107.0,Ok,116.0,Ok,16204
507764.609000,104.0,Ok,113.0,Ok,16205
507764.671000,104.0,Ok,113.0,Ok,16206
507764.750000,106.0,Ok,114.0,Ok,16207
507764.765000,105.0,Ok,110.0,Ok,16208
507764.812000,105.0,Ok,109.0,Ok,16209
507764.875000,107.0,Ok,108.0,Ok,16210
507764.906000,101.0,Ok,106.0,Ok,16211
507764.968000,97.0,Ok,100.0,Ok,16212
507765.015000,85.0,Ok,100.0,Ok,16213
507765.078000,84.0,Ok,107.0,Ok,16214
507765.109000,67.0,Ok,81.0,Ok,16215
507765.156000,64.0,Ok,94.0,Ok,16216
507765.218000,64.0,Ok,81.0,Ok,16217
507765.265000,64.0,Ok,65.0,Ok,16218
507765.312000,65.0,Ok,61.0,Ok,16219
507765.375000,77.0,Ok,72.0,Ok,16220
507765.421000,90.0,Ok,75.0,Ok,16221
507765.468000,93.0,Ok,87.0,Ok,16222
507765.515000,99.0,Ok,98.0,Ok,16223
507765.578000,106.0,Ok,103.0,Ok,16224
507765.625000,109.0,Ok,105.0,Ok,16225
507765.671000,107.0,Ok,103.0,Ok,16226
507765.703000,107.0,Ok,101.0,Ok,16227
507765.765000,106.0,Ok,103.0,Ok,16228
507765.828000,107.0,Ok,112.0,Ok,16229
507765.859000,107.0,Ok,106.0,Ok,16230
507765.921000,107.0,Ok,102.0,Ok,16231
507765.968000,100.0,Ok,99.0,Ok,16232
507766.015000,110.0,Ok,99.0,Ok,16233
507766.062000,107.0,Ok,101.0,Ok,16234
507766.125000,112.0,Ok,98.0,Ok,16235
507766.171000,106.0,Ok,101.0,Ok,16236
507766.218000,106.0,Ok,101.0,Ok,16237
507766.265000,102.0,Ok,102.0,Ok,16238
507766.328000,101.0,Ok,101.0,Ok,16239
507766.375000,102.0,Ok,97.0,Ok,16240
507766.421000,103.0,Ok,95.0,Ok,16241
507766.468000,102.0,Ok,100.0,Ok,16242
507766.515000,95.0,Ok,97.0,Ok,16243
507766.562000,103.0,Ok,98.0,Ok,16244
507766.609000,100.0,Ok,100.0,Ok,16245
507766.671000,100.0,Ok,102.0,Ok,16246
507766.718000,102.0,Ok,98.0,Ok,16247
507766.765000,100.0,Ok,102.0,Ok,16248
507766.828000,101.0,Ok,99.0,Ok,16249
507766.859000,100.0,Ok,97.0,Ok,16250
507766.906000,102.0,Ok,95.0,Ok,16251
507766.953000,101.0,Ok,99.0,Ok,16252
507767.015000,106.0,Ok,97.0,Ok,16253
507767.078000,102.0,Ok,96.0,Ok,16254
507767.125000,100.0,Ok,97.0,Ok,16255
507767.171000,107.0,Ok,95.0,Ok,16256
507767.218000,108.0,Ok,97.0,Ok,16257
507767.265000,105.0,Ok,99.0,Ok,16258
507767.312000,105.0,Ok,96.0,Ok,16259
507767.359000,103.0,Ok,98.0,Ok,16260
507767.421000,102.0,Ok,97.0,Ok,16261
507767.468000,107.0,Ok,97.0,Ok,16262
507767.515000,104.0,Ok,100.0,Ok,16263
507767.578000,105.0,Ok,98.0,Ok,16264
507767.625000,103.0,Ok,100.0,Ok,16265
507767.671000,102.0,Ok,102.0,Ok,16266
507767.718000,103.0,Ok,98.0,Ok,16267
507767.765000,102.0,Ok,99.0,Ok,16268
507767.812000,94.0,Ok,99.0,Ok,16269
507767.875000,105.0,Ok,86.0,Ok,16270
507767.921000,96.0,Ok,85.0,Ok,16271
507767.968000,90.0,Ok,97.0,Ok,16272
507768.015000,104.0,Ok,81.0,Ok,16273
507768.078000,88.0,Ok,88.0,Ok,16274
507768.125000,114.0,Ok,92.0,Ok,16275
507768.156000,92.0,Ok,97.0,Ok,16276
507768.218000,99.0,Ok,101.0,Ok,16277
507768.265000,102.0,Ok,113.0,Ok,16278
507768.312000,105.0,Ok,107.0,Ok,16279
507768.375000,111.0,Ok,110.0,Ok,16280
507768.406000,110.0,Ok,113.0,Ok,16281
507768.468000,111.0,Ok,115.0,Ok,16282
507768.515000,115.0,Ok,117.0,Ok,16283
507768.578000,112.0,Ok,114.0,Ok,16284
507768.625000,108.0,Ok,117.0,Ok,16285
507768.671000,110.0,Ok,113.0,Ok,16286
507768.718000,110.0,Ok,111.0,Ok,16287
507768.765000,108.0,Ok,117.0,Ok,16288
507768.812000,108.0,Ok,115.0,Ok,16289
507768.859000,107.0,Ok,108.0,Ok,16290
507768.921000,109.0,Ok,114.0,Ok,16291
507768.968000,103.0,Ok,120.0,Ok,16292
507769.015000,105.0,Ok,116.0,Ok,16293
507769.062000,105.0,Ok,122.0,Ok,16294
507769.109000,107.0,Ok,120.0,Ok,16295
507769.171000,105.0,Ok,113.0,Ok,16296
507769.218000,105.0,Ok,117.0,Ok,16297
507769.265000,104.0,Ok,113.0,Ok,16298
507769.312000,104.0,Ok,112.0,Ok,16299
507769.359000,104.0,Ok,112.0,Ok,16300
507769.421000,104.0,Ok,112.0,Ok,16301
507769.468000,106.0,Ok,105.0,Ok,16302
507769.515000,106.0,Ok,100.0,Ok,16303
507769.562000,105.0,Ok,105.0,Ok,16304
507769.625000,105.0,Ok,104.0,Ok,16305
507769.671000,105.0,Ok,101.0,Ok,16306
507769.718000,106.0,Ok,99.0,Ok,16307
507769.765000,105.0,Ok,107.0,Ok,16308
507769.828000,106.0,Ok,99.0,Ok,16309
507769.875000,105.0,Ok,96.0,Ok,16310
507769.921000,105.0,Ok,106.0,Ok,16311
507769.968000,105.0,Ok,108.0,Ok,16312
507770.015000,106.0,Ok,107.0,Ok,16313
507770.078000,104.0,Ok,121.0,Ok,16314
507770.125000,103.0,Ok,130.0,Ok,16315
507770.156000,106.0,Ok,112.0,Ok,16316
507770.218000,104.0,Ok,114.0,Ok,16317
507770.265000,105.0,Ok,107.0,Ok,16318
507770.312000,106.0,Ok,114.0,Ok,16319
507770.375000,106.0,Ok,121.0,Ok,16320
507770.421000,105.0,Ok,115.0,Ok,16321
507770.468000,106.0,Ok,121.0,Ok,16322
507770.515000,106.0,Ok,116.0,Ok,16323
507770.578000,106.0,Ok,115.0,Ok,16324
507770.625000,106.0,Ok,122.0,Ok,16325
507770.671000,105.0,Ok,114.0,Ok,16326
507770.718000,105.0,Ok,121.0,Ok,16327
507770.765000,105.0,Ok,108.0,Ok,16328
507770.812000,104.0,Ok,114.0,Ok,16329
507770.875000,104.0,Ok,113.0,Ok,16330
507770.906000,104.0,Ok,110.0,Ok,16331
507770.968000,106.0,Ok,112.0,Ok,16332
507771.015000,105.0,Ok,115.0,Ok,16333
507771.078000,104.0,Ok,114.0,Ok,16334
507771.109000,104.0,Ok,110.0,Ok,16335
507771.171000,104.0,Ok,112.0,Ok,16336
507771.218000,109.0,Ok,109.0,Ok,16337
507771.265000,108.0,Ok,108.0,Ok,16338
507771.328000,104.0,Ok,110.0,Ok,16339
507771.375000,105.0,Ok,112.0,Ok,16340
507771.421000,105.0,Ok,114.0,Ok,16341
507771.468000,105.0,Ok,112.0,Ok,16342
507771.515000,106.0,Ok,117.0,Ok,16343
507771.562000,105.0,Ok,121.0,Ok,16344
507771.609000,104.0,Ok,116.0,Ok,16345
507771.671000,110.0,Ok,114.0,Ok,16346
507771.718000,108.0,Ok,114.0,Ok,16347
507771.765000,110.0,Ok,119.0,Ok,16348
507771.828000,111.0,Ok,121.0,Ok,16349
507771.859000,109.0,Ok,116.0,Ok,16350
507771.921000,112.0,Ok,117.0,Ok,16351
507771.968000,111.0,Ok,121.0,Ok,16352
507772.015000,108.0,Ok,116.0,Ok,16353
507772.078000,113.0,Ok,114.0,Ok,16354
507772.109000,102.0,Ok,110.0,Ok,16355
507772.171000,100.0,Ok,99.0,Ok,16356
507772.218000,94.0,Ok,90.0,Ok,16357
507772.265000,74.0,Ok,83.0,Ok,16358
507772.328000,66.0,Ok,76.0,Ok,16359
507772.375000,60.0,Ok,56.0,Ok,16360
507772.406000,62.0,Ok,56.0,Ok,16361
507772.468000,66.0,Ok,60.0,Ok,16362
507772.515000,87.0,Ok,76.0,Ok,16363
507772.578000,95.0,Ok,80.0,Ok,16364
507772.656000,94.0,Ok,92.0,Ok,16365
507772.671000,101.0,Ok,92.0,Ok,16366
507772.718000,106.0,Ok,100.0,Ok,16367
507772.765000,104.0,Ok,106.0,Ok,16368
507772.828000,111.0,Ok,108.0,Ok,16369
507772.875000,106.0,Ok,101.0,Ok,16370
507772.921000,112.0,Ok,103.0,Ok,16371
507772.968000,115.0,Ok,108.0,Ok,16372
507773.015000,113.0,Ok,111.0,Ok,16373
507773.062000,111.0,Ok,106.0,Ok,16374
507773.109000,109.0,Ok,106.0,Ok,16375
507773.171000,109.0,Ok,109.0,Ok,16376
507773.218000,109.0,Ok,107.0,Ok,16377
507773.265000,109.0,Ok,105.0,Ok,16378
507773.312000,110.0,Ok,100.0,Ok,16379
507773.375000,114.0,Ok,103.0,Ok,16380
507773.421000,113.0,Ok,98.0,Ok,16381
507773.468000,112.0,Ok,100.0,Ok,16382
507773.515000,109.0,Ok,105.0,Ok,16383
507773.593000,107.0,Ok,104.0,Ok,16384
507773.609000,107.0,Ok,104.0,Ok,16385
507773.671000,107.0,Ok,100.0,Ok,16386
507773.718000,107.0,Ok,102.0,Ok,16387
507773.765000,107.0,Ok,105.0,Ok,16388
507773.812000,114.0,Ok,101.0,Ok,16389
507773.875000,107.0,Ok,101.0,Ok,16390
507773.921000,108.0,Ok,98.0,Ok,16391
507773.968000,107.0,Ok,91.0,Ok,16392
507774.015000,104.0,Ok,92.0,Ok,16393
507774.078000,112.0,Ok,96.0,Ok,16394
507774.125000,107.0,Ok,99.0,Ok,16395
507774.171000,108.0,Ok,96.0,Ok,16396
507774.218000,106.0,Ok,99.0,Ok,16397
507774.265000,96.0,Ok,95.0,Ok,16398
507774.328000,102.0,Ok,98.0,Ok,16399
507774.375000,101.0,Ok,100.0,Ok,16400
507774.421000,105.0,Ok,100.0,Ok,16401
507774.468000,105.0,Ok,100.0,Ok,16402
507774.515000,103.0,Ok,94.0,Ok,16403
507774.562000,104.0,Ok,97.0,Ok,16404
507774.625000,101.0,Ok,99.0,Ok,16405
507774.671000,101.0,Ok,93.0,Ok,16406
507774.718000,102.0,Ok,97.0,Ok,16407
507774.765000,101.0,Ok,96.0,Ok,16408
507774.828000,105.0,Ok,93.0,Ok,16409
507774.875000,107.0,Ok,95.0,Ok,16410
507774.921000,104.0,Ok,95.0,Ok,16411
507774.968000,107.0,Ok,92.0,Ok,16412
507775.015000,101.0,Ok,94.0,Ok,16413
507775.062000,101.0,Ok,99.0,Ok,16414
507775.109000,100.0,Ok,94.0,Ok,16415
507775.171000,102.0,Ok,95.0,Ok,16416
507775.203000,102.0,Ok,94.0,Ok,16417
507775.265000,108.0,Ok,94.0,Ok,16418
507775.328000,104.0,Ok,95.0,Ok,16419
507775.375000,103.0,Ok,96.0,Ok,16420
507775.421000,105.0,Ok,96.0,Ok,16421
507775.468000,102.0,Ok,94.0,Ok,16422
507775.515000,102.0,Ok,95.0,Ok,16423
507775.562000,105.0,Ok,95.0,Ok,16424
507775.609000,107.0,Ok,100.0,Ok,16425
507775.671000,104.0,Ok,96.0,Ok,16426
507775.718000,105.0,Ok,95.0,Ok,16427
507775.765000,102.0,Ok,96.0,Ok,16428
507775.828000,102.0,Ok,97.0,Ok,16429
507775.875000,102.0,Ok,98.0,Ok,16430
507775.921000,99.0,Ok,92.0,Ok,16431
507775.968000,106.0,Ok,92.0,Ok,16432
507776.015000,95.0,Ok,98.0,Ok,16433
507776.062000,105.0,Ok,91.0,Ok,16434
507776.125000,99.0,Ok,94.0,Ok,16435
507776.171000,92.0,Ok,93.0,Ok,16436
507776.218000,95.0,Ok,98.0,Ok,16437
507776.265000,96.0,Ok,94.0,Ok,16438
507776.312000,97.0,Ok,102.0,Ok,16439
507776.375000,106.0,Ok,102.0,Ok,16440
507776.421000,116.0,Ok,109.0,Ok,16441
507776.468000,103.0,Ok,107.0,Ok,16442
507776.515000,101.0,Ok,106.0,Ok,16443
507776.578000,107.0,Ok,108.0,Ok,16444
507776.625000,103.0,Ok,109.0,Ok,16445
507776.671000,109.0,Ok,109.0,Ok,16446
507776.718000,107.0,Ok,107.0,Ok,16447
507776.765000,107.0,Ok,108.0,Ok,16448
507776.828000,100.0,Ok,102.0,Ok,16449
507776.859000,102.0,Ok,107.0,Ok,16450
507776.921000,105.0,Ok,102.0,Ok,16451
507776.968000,107.0,Ok,103.0,Ok,16452
507777.015000,103.0,Ok,106.0,Ok,16453
507777.062000,108.0,Ok,110.0,Ok,16454
507777.125000,107.0,Ok,113.0,Ok,16455
507777.171000,109.0,Ok,109.0,Ok,16456
507777.218000,105.0,Ok,114.0,Ok,16457
507777.265000,104.0,Ok,104.0,Ok,16458
507777.312000,108.0,Ok,113.0,Ok,16459
507777.375000,114.0,Ok,110.0,Ok,16460
507777.421000,115.0,Ok,110.0,Ok,16461
507777.468000,116.0,Ok,114.0,Ok,16462
507777.515000,108.0,Ok,119.0,Ok,16463
507777.578000,111.0,Ok,114.0,Ok,16464
507777.609000,112.0,Ok,114.0,Ok,16465
507777.671000,114.0,Ok,116.0,Ok,16466
507777.718000,111.0,Ok,111.0,Ok,16467
507777.765000,112.0,Ok,112.0,Ok,16468
507777.812000,103.0,Ok,105.0,Ok,16469
507777.859000,97.0,Ok,98.0,Ok,16470
507777.921000,89.0,Ok,117.0,Ok,16471
507777.968000,89.0,Ok,92.0,Ok,16472
507778.015000,71.0,Ok,84.0,Ok,16473
507778.062000,68.0,Ok,57.0,Ok,16474
507778.125000,62.0,Ok,70.0,Ok,16475
507778.171000,61.0,Ok,67.0,Ok,16476
507778.218000,74.0,Ok,68.0,Ok,16477
507778.265000,85.0,Ok,77.0,Ok,16478
507778.328000,85.0,Ok,82.0,Ok,16479
507778.359000,98.0,Ok,92.0,Ok,16480
507778.421000,103.0,Ok,95.0,Ok,16481
507778.468000,106.0,Ok,99.0,Ok,16482
507778.515000,105.0,Ok,105.0,Ok,16483
507778.562000,108.0,Ok,107.0,Ok,16484
507778.625000,107.0,Ok,105.0,Ok,16485
507778.671000,107.0,Ok,104.0,Ok,16486
507778.703000,109.0,Ok,111.0,Ok,16487
507778.781000,107.0,Ok,105.0,Ok,16488
507778.828000,99.0,Ok,102.0,Ok,16489
507778.875000,110.0,Ok,99.0,Ok,16490
507778.921000,107.0,Ok,106.0,Ok,16491
507778.968000,106.0,Ok,105.0,Ok,16492
507779.015000,96.0,Ok,107.0,Ok,16493
507779.062000,102.0,Ok,107.0,Ok,16494
507779.125000,105.0,Ok,96.0,Ok,16495
507779.171000,106.0,Ok,105.0,Ok,16496
507779.218000,104.0,Ok,105.0,Ok,16497
507779.265000,102.0,Ok,100.0,Ok,16498
507779.328000,101.0,Ok,97.0,Ok,16499
507779.375000,96.0,Ok,103.0,Ok,16500
507779.421000,100.0,Ok,97.0,Ok,16501
507779.468000,102.0,Ok,101.0,Ok,16502
507779.515000,100.0,Ok,96.0,Ok,16503
507779.578000,98.0,Ok,92.0,Ok,16504
507779.625000,101.0,Ok,98.0,Ok,16505
507779.671000,102.0,Ok,97.0,Ok,16506
507779.718000,104.0,Ok,97.0,Ok,16507
507779.765000,102.0,Ok,98.0,Ok,16508
507779.812000,102.0,Ok,92.0,Ok,16509
507779.875000,102.0,Ok,98.0,Ok,16510
507779.921000,102.0,Ok,97.0,Ok,16511
507779.968000,97.0,Ok,98.0,Ok,16512
507780.015000,105.0,Ok,98.0,Ok,16513
507780.062000,102.0,Ok,99.0,Ok,16514
507780.109000,104.0,Ok,102.0,Ok,16515
507780.156000,97.0,Ok,99.0,Ok,16516
507780.218000,99.0,Ok,100.0,Ok,16517
507780.265000,95.0,Ok,99.0,Ok,16518
507780.312000,101.0,Ok,99.0,Ok,16519
507780.406000,93.0,Ok,106.0,Ok,16520
507780.421000,102.0,Ok,99.0,Ok,16521
507780.468000,103.0,Ok,99.0,Ok,16522
507780.515000,103.0,Ok,99.0,Ok,16523
507780.578000,102.0,Ok,98.0,Ok,16524
507780.625000,103.0,Ok,105.0,Ok,16525
507780.671000,103.0,Ok,100.0,Ok,16526
507780.718000,103.0,Ok,101.0,Ok,16527
507780.765000,102.0,Ok,100.0,Ok,16528
507780.828000,102.0,Ok,102.0,Ok,16529
507780.875000,103.0,Ok,98.0,Ok,16530
507780.921000,104.0,Ok,100.0,Ok,16531
507780.968000,103.0,Ok,99.0,Ok,16532
507781.015000,102.0,Ok,99.0,Ok,16533
507781.062000,106.0,Ok,98.0,Ok,16534
507781.109000,104.0,Ok,99.0,Ok,16535
507781.171000,103.0,Ok,99.0,Ok,16536
507781.218000,106.0,Ok,99.0,Ok,16537
507781.265000,105.0,Ok,100.0,Ok,16538
507781.312000,102.0,Ok,99.0,Ok,16539
507781.375000,104.0,Ok,99.0,Ok,16540
507781.421000,103.0,Ok,103.0,Ok,16541
507781.468000,105.0,Ok,101.0,Ok,16542
507781.515000,103.0,Ok,102.0,Ok,16543
507781.562000,105.0,Ok,98.0,Ok,16544
507781.625000,106.0,Ok,102.0,Ok,16545
507781.671000,111.0,Ok,98.0,Ok,16546
507781.718000,109.0,Ok,99.0,Ok,16547
507781.765000,110.0,Ok,97.0,Ok,16548
507781.812000,107.0,Ok,100.0,Ok,16549
507781.875000,107.0,Ok,94.0,Ok,16550
507781.921000,106.0,Ok,99.0,Ok,16551
507781.968000,108.0,Ok,99.0,Ok,16552
507782.015000,112.0,Ok,101.0,Ok,16553
507782.062000,113.0,Ok,97.0,Ok,16554
507782.109000,106.0,Ok,102.0,Ok,16555
507782.156000,108.0,Ok,98.0,Ok,16556
507782.218000,111.0,Ok,98.0,Ok,16557
507782.265000,109.0,Ok,98.0,Ok,16558
507782.328000,112.0,Ok,92.0,Ok,16559
507782.375000,112.0,Ok,97.0,Ok,16560
507782.421000,109.0,Ok,97.0,Ok,16561
507782.468000,110.0,Ok,98.0,Ok,16562
507782.515000,106.0,Ok,99.0,Ok,16563
507782.578000,103.0,Ok,98.0,Ok,16564
507782.609000,104.0,Ok,98.0,Ok,16565
507782.671000,102.0,Ok,97.0,Ok,16566
507782.718000,104.0,Ok,99.0,Ok,16567
507782.765000,102.0,Ok,98.0,Ok,16568
507782.812000,101.0,Ok,96.0,Ok,16569
507782.875000,100.0,Ok,98.0,Ok,16570
507782.921000,101.0,Ok,98.0,Ok,16571
507782.968000,101.0,Ok,99.0,Ok,16572
507783.015000,97.0,Ok,97.0,Ok,16573
507783.078000,100.0,Ok,98.0,Ok,16574
507783.140000,99.0,Ok,98.0,Ok,16575
507783.171000,99.0,Ok,95.0,Ok,16576
507783.218000,98.0,Ok,95.0,Ok,16577
507783.265000,98.0,Ok,92.0,Ok,16578
507783.312000,93.0,Ok,98.0,Ok,16579
507783.375000,99.0,Ok,92.0,Ok,16580
507783.421000,93.0,Ok,95.0,Ok,16581
507783.468000,99.0,Ok,97.0,Ok,16582
507783.515000,100.0,Ok,96.0,Ok,16583
507783.578000,101.0,Ok,99.0,Ok,16584
507783.625000,99.0,Ok,96.0,Ok,16585
507783.671000,99.0,Ok,96.0,Ok,16586
507783.718000,100.0,Ok,94.0,Ok,16587
507783.765000,101.0,Ok,96.0,Ok,16588
507783.828000,100.0,Ok,99.0,Ok,16589
507783.875000,97.0,Ok,100.0,Ok,16590
507783.921000,102.0,Ok,97.0,Ok,16591
507783.968000,105.0,Ok,100.0,Ok,16592
507784.015000,104.0,Ok,101.0,Ok,16593
507784.078000,102.0,Ok,104.0,Ok,16594
507784.125000,102.0,Ok,107.0,Ok,16595
507784.171000,99.0,Ok,109.0,Ok,16596
507784.218000,90.0,Ok,116.0,Ok,16597
507784.265000,88.0,Ok,126.0,Ok,16598
507784.312000,93.0,Ok,196.0,Ok,16599
507784.375000,104.0,Ok,107.0,Ok,16600
507784.421000,105.0,Ok,120.0,Ok,16601
507784.468000,112.0,Ok,114.0,Ok,16602
507784.515000,111.0,Ok,118.0,Ok,16603
507784.562000,111.0,Ok,113.0,Ok,16604
507784.609000,114.0,Ok,122.0,Ok,16605
507784.671000,114.0,Ok,130.0,Ok,16606
507784.718000,118.0,Ok,136.0,Ok,16607
507784.765000,114.0,Ok,129.0,Ok,16608
507784.812000,117.0,Ok,124.0,Ok,16609
507784.875000,116.0,Ok,123.0,Ok,16610
507784.921000,113.0,Ok,123.0,Ok,16611
507784.968000,112.0,Ok,122.0,Ok,16612
507785.015000,114.0,Ok,121.0,Ok,16613
507785.062000,115.0,Ok,126.0,Ok,16614
507785.125000,116.0,Ok,124.0,Ok,16615
507785.171000,118.0,Ok,122.0,Ok,16616
507785.218000,116.0,Ok,126.0,Ok,16617
507785.265000,118.0,Ok,131.0,Ok,16618
507785.312000,112.0,Ok,127.0,Ok,16619
507785.375000,111.0,Ok,127.0,Ok,16620
507785.421000,108.0,Ok,108.0,Ok,16621
507785.468000,104.0,Ok,106.0,Ok,16622
507785.515000,104.0,Ok,107.0,Ok,16623
507785.578000,101.0,Ok,110.0,Ok,16624
507785.609000,92.0,Ok,92.0,Ok,16625
507785.671000,70.0,Ok,82.0,Ok,16626
507785.718000,82.0,Ok,85.0,Ok,16627
507785.765000,62.0,Ok,70.0,Ok,16628
507785.812000,68.0,Ok,69.0,Ok,16629
507785.875000,78.0,Ok,71.0,Ok,16630
507785.921000,77.0,Ok,77.0,Ok,16631
507785.968000,85.0,Ok,82.0,Ok,16632
507786.015000,93.0,Ok,92.0,Ok,16633
507786.078000,91.0,Ok,92.0,Ok,16634
507786.125000,98.0,Ok,102.0,Ok,16635
507786.171000,103.0,Ok,106.0,Ok,16636
507786.218000,110.0,Ok,100.0,Ok,16637
507786.265000,107.0,Ok,108.0,Ok,16638
507786.312000,114.0,Ok,105.0,Ok,16639
507786.375000,116.0,Ok,105.0,Ok,16640
507786.421000,114.0,Ok,104.0,Ok,16641
507786.468000,117.0,Ok,108.0,Ok,16642
507786.515000,113.0,Ok,102.0,Ok,16643
507786.578000,112.0,Ok,103.0,Ok,16644
507786.625000,109.0,Ok,104.0,Ok,16645
507786.671000,107.0,Ok,101.0,Ok,16646
507786.718000,107.0,Ok,107.0,Ok,16647
507786.765000,107.0,Ok,99.0,Ok,16648
507786.812000,107.0,Ok,101.0,Ok,16649
507786.875000,107.0,Ok,102.0,Ok,16650
507786.921000,107.0,Ok,101.0,Ok,16651
507786.968000,108.0,Ok,102.0,Ok,16652
507787.015000,109.0,Ok,102.0,Ok,16653
507787.062000,106.0,Ok,102.0,Ok,16654
507787.109000,105.0,Ok,101.0,Ok,16655
507787.156000,106.0,Ok,102.0,Ok,16656
507787.218000,108.0,Ok,102.0,Ok,16657
507787.265000,111.0,Ok,107.0,Ok,16658
507787.328000,107.0,Ok,107.0,Ok,16659
507787.375000,110.0,Ok,106.0,Ok,16660
507787.421000,109.0,Ok,109.0,Ok,16661
507787.468000,107.0,Ok,111.0,Ok,16662
507787.515000,107.0,Ok,101.0,Ok,16663
507787.562000,109.0,Ok,104.0,Ok,16664
507787.625000,111.0,Ok,105.0,Ok,16665
507787.671000,107.0,Ok,105.0,Ok,16666
507787.718000,102.0,Ok,100.0,Ok,16667
507787.765000,103.0,Ok,101.0,Ok,16668
507787.812000,105.0,Ok,106.0,Ok,16669
507787.875000,103.0,Ok,99.0,Ok,16670
507787.921000,101.0,Ok,98.0,Ok,16671
507787.968000,101.0,Ok,99.0,Ok,16672
507788.015000,102.0,Ok,102.0,Ok,16673
507788.062000,101.0,Ok,98.0,Ok,16674
507788.109000,101.0,Ok,102.0,Ok,16675
507788.171000,101.0,Ok,99.0,Ok,16676
507788.218000,101.0,Ok,102.0,Ok,16677
507788.265000,102.0,Ok,101.0,Ok,16678
507788.328000,102.0,Ok,93.0,Ok,16679
507788.375000,102.0,Ok,101.0,Ok,16680
507788.421000,103.0,Ok,99.0,Ok,16681
507788.468000,101.0,Ok,98.0,Ok,16682
507788.515000,104.0,Ok,98.0,Ok,16683
507788.578000,104.0,Ok,98.0,Ok,16684
507788.625000,108.0,Ok,98.0,Ok,16685
507788.671000,103.0,Ok,99.0,Ok,16686
507788.718000,104.0,Ok,102.0,Ok,16687
507788.765000,106.0,Ok,98.0,Ok,16688
507788.812000,106.0,Ok,98.0,Ok,16689
507788.859000,112.0,Ok,98.0,Ok,16690
507788.921000,104.0,Ok,98.0,Ok,16691
507788.953000,111.0,Ok,96.0,Ok,16692
507789.015000,110.0,Ok,98.0,Ok,16693
507789.078000,110.0,Ok,98.0,Ok,16694
507789.125000,105.0,Ok,98.0,Ok,16695
507789.171000,109.0,Ok,101.0,Ok,16696
507789.218000,104.0,Ok,100.0,Ok,16697
507789.265000,112.0,Ok,97.0,Ok,16698
507789.312000,112.0,Ok,96.0,Ok,16699
507789.375000,106.0,Ok,100.0,Ok,16700
507789.421000,109.0,Ok,97.0,Ok,16701
507789.468000,108.0,Ok,96.0,Ok,16702
507789.515000,106.0,Ok,98.0,Ok,16703
507789.578000,104.0,Ok,96.0,Ok,16704
507789.625000,102.0,Ok,98.0,Ok,16705
507789.671000,106.0,Ok,97.0,Ok,16706
507789.718000,104.0,Ok,96.0,Ok,16707
507789.765000,106.0,Ok,97.0,Ok,16708
507789.812000,105.0,Ok,101.0,Ok,16709
507789.875000,110.0,Ok,98.0,Ok,16710
507789.921000,103.0,Ok,97.0,Ok,16711
507789.968000,102.0,Ok,99.0,Ok,16712
507790.015000,104.0,Ok,97.0,Ok,16713
507790.078000,103.0,Ok,96.0,Ok,16714
507790.125000,106.0,Ok,97.0,Ok,16715
507790.171000,108.0,Ok,97.0,Ok,16716
507790.218000,100.0,Ok,95.0,Ok,16717
507790.265000,98.0,Ok,97.0,Ok,16718
507790.312000,101.0,Ok,100.0,Ok,16719
507790.375000,99.0,Ok,97.0,Ok,16720
507790.421000,95.0,Ok,93.0,Ok,16721
507790.468000,95.0,Ok,91.0,Ok,16722
507790.515000,91.0,Ok,91.0,Ok,16723
507790.578000,87.0,Ok,89.0,Ok,16724
507790.625000,92.0,Ok,91.0,Ok,16725
507790.671000,84.0,Ok,83.0,Ok,16726
507790.718000,85.0,Ok,77.0,Ok,16727
507790.765000,76.0,Ok,77.0,Ok,16728
507790.812000,66.0,Ok,76.0,Ok,16729
507790.859000,124.0,Ok,76.0,Ok,16730
507790.921000,82.0,Ok,79.0,Ok,16731
507790.968000,83.0,Ok,89.0,Ok,16732
507791.015000,98.0,Ok,128.0,Ok,16733
507791.078000,95.0,Ok,115.0,Ok,16734
507791.125000,108.0,Ok,90.0,Ok,16735
507791.171000,106.0,Ok,97.0,Ok,16736
507791.218000,110.0,Ok,94.0,Ok,16737
507791.265000,114.0,Ok,93.0,Ok,16738
507791.312000,113.0,Ok,87.0,Ok,16739
507791.359000,110.0,Ok,89.0,Ok,16740
507791.406000,108.0,Ok,76.0,Ok,16741
507791.468000,110.0,Ok,90.0,Ok,16742
507791.515000,97.0,Ok,106.0,Ok,16743
507791.562000,102.0,Ok,112.0,Ok,16744
507791.625000,93.0,Ok,94.0,Ok,16745
507791.656000,101.0,Ok,95.0,Ok,16746
507791.718000,101.0,Ok,87.0,Ok,16747
507791.765000,103.0,Ok,90.0,Ok,16748
507791.812000,103.0,Ok,99.0,Ok,16749
507791.875000,80.0,Ok,101.0,Ok,16750
507791.921000,97.0,Ok,107.0,Ok,16751
507791.968000,98.0,Ok,120.0,Ok,16752
507792.015000,75.0,Ok,104.0,Ok,16753
507792.062000,84.0,Ok,91.0,Ok,16754
507792.125000,73.0,Ok,90.0,Ok,16755
507792.156000,142.0,Ok,79.0,Ok,16756
507792.218000,91.0,Ok,70.0,Ok,16757
507792.265000,84.0,Ok,71.0,Ok,16758
507792.328000,91.0,Ok,72.0,Ok,16759
507792.375000,84.0,Ok,75.0,Ok,16760
507792.421000,91.0,Ok,84.0,Ok,16761
507792.468000,91.0,Ok,84.0,Ok,16762
507792.515000,87.0,Ok,85.0,Ok,16763
507792.562000,99.0,Ok,91.0,Ok,16764
507792.625000,104.0,Ok,89.0,Ok,16765
507792.656000,106.0,Ok,94.0,Ok,16766
507792.718000,90.0,Ok,92.0,Ok,16767
507792.765000,93.0,Ok,91.0,Ok,16768
507792.812000,98.0,Ok,87.0,Ok,16769
507792.875000,94.0,Ok,89.0,Ok,16770
507792.921000,136.0,Ok,91.0,Ok,16771
507792.968000,114.0,Ok,91.0,Ok,16772
507793.015000,111.0,Ok,100.0,Ok,16773
507793.062000,113.0,Ok,88.0,Ok,16774
507793.125000,104.0,Ok,77.0,Ok,16775
507793.171000,98.0,Ok,80.0,Ok,16776
507793.218000,99.0,Ok,75.0,Ok,16777
507793.265000,105.0,Ok,84.0,Ok,16778
507793.312000,105.0,Ok,72.0,Ok,16779
507793.375000,119.0,Ok,66.0,Ok,16780
507793.421000,110.0,Ok,72.0,Ok,16781
507793.468000,96.0,Ok,59.0,Ok,16782
507793.515000,102.0,Ok,53.0,Ok,16783
507793.578000,100.0,Ok,48.0,Ok,16784
507793.625000,99.0,Ok,49.0,Ok,16785
507793.671000,96.0,Ok,47.0,Ok,16786
507793.703000,99.0,Ok,54.0,Ok,16787
507793.765000,99.0,Ok,51.0,Ok,16788
507793.828000,99.0,Ok,55.0,Ok,16789
507793.875000,91.0,Ok,54.0,Ok,16790
507793.921000,94.0,Ok,50.0,Ok,16791
507793.968000,97.0,Ok,41.0,Ok,16792
507794.046000,95.0,Ok,35.0,Ok,16793
507794.078000,92.0,Ok,39.0,Ok,16794
507794.125000,89.0,Ok,43.0,Ok,16795
507794.171000,92.0,Ok,45.0,Ok,16796
507794.218000,91.0,Ok,46.0,Ok,16797
507794.265000,97.0,Ok,44.0,Ok,16798
507794.328000,89.0,Ok,40.0,Ok,16799
507794.359000,96.0,Ok,40.0,Ok,16800
507794.406000,97.0,Ok,41.0,Ok,16801
507794.453000,97.0,Ok,36.0,Ok,16802
507794.515000,91.0,Ok,34.0,Ok,16803
507794.562000,93.0,Ok,30.0,Ok,16804
507794.625000,94.0,Ok,22.0,Ok,16805
507794.671000,98.0,Ok,34.0,Ok,16806
507794.718000,98.0,Ok,37.0,Ok,16807
507794.765000,99.0,Ok,50.0,Ok,16808
507794.828000,97.0,Ok,60.0,Ok,16809
507794.875000,98.0,Ok,58.0,Ok,16810
507794.921000,99.0,Ok,52.0,Ok,16811
507794.968000,97.0,Ok,50.0,Ok,16812
507795.015000,97.0,Ok,48.0,Ok,16813
507795.062000,96.0,Ok,47.0,Ok,16814
507795.109000,96.0,Ok,48.0,Ok,16815
507795.156000,97.0,Ok,48.0,Ok,16816
507795.218000,101.0,Ok,46.0,Ok,16817
507795.265000,101.0,Ok,46.0,Ok,16818
507795.328000,96.0,Ok,46.0,Ok,16819
507795.375000,98.0,Ok,47.0,Ok,16820
507795.421000,99.0,Ok,47.0,Ok,16821
507795.468000,110.0,Ok,49.0,Ok,16822
507795.515000,104.0,Ok,60.0,Ok,16823
507795.562000,99.0,Ok,60.0,Ok,16824
507795.609000,100.0,Ok,56.0,Ok,16825
507795.671000,83.0,Ok,60.0,Ok,16826
507795.718000,105.0,Ok,56.0,Ok,16827
507795.765000,109.0,Ok,56.0,Ok,16828
507795.812000,107.0,Ok,62.0,Ok,16829
507795.875000,114.0,Ok,60.0,Ok,16830
507795.906000,63.0,Ok,64.0,Ok,16831
507795.968000,63.0,Ok,59.0,Ok,16832
507796.015000,108.0,Ok,57.0,Ok,16833
507796.078000,99.0,Ok,57.0,Ok,16834
507796.125000,99.0,Ok,60.0,Ok,16835
507796.171000,96.0,Ok,60.0,Ok,16836
507796.218000,97.0,Ok,57.0,Ok,16837
507796.265000,94.0,Ok,61.0,Ok,16838
507796.312000,96.0,Ok,64.0,Ok,16839
507796.359000,98.0,Ok,71.0,Ok,16840
507796.421000,105.0,Ok,65.0,Ok,16841
507796.468000,103.0,Ok,64.0,Ok,16842
507796.515000,102.0,Ok,61.0,Ok,16843
507796.578000,94.0,Ok,57.0,Ok,16844
507796.625000,92.0,Ok,56.0,Ok,16845
507796.671000,96.0,Ok,57.0,Ok,16846
507796.718000,98.0,Ok,54.0,Ok,16847
507796.765000,97.0,Ok,62.0,Ok,16848
507796.812000,96.0,Ok,60.0,Ok,16849
507796.875000,96.0,Ok,62.0,Ok,16850
507796.921000,94.0,Ok,65.0,Ok,16851
507796.968000,95.0,Ok,69.0,Ok,16852
507797.015000,94.0,Ok,69.0,Ok,16853
507797.062000,97.0,Ok,59.0,Ok,16854
507797.125000,95.0,Ok,58.0,Ok,16855
507797.171000,90.0,Ok,63.0,Ok,16856
507797.218000,91.0,Ok,53.0,Ok,16857
507797.265000,91.0,Ok,54.0,Ok,16858
507797.328000,90.0,Ok,53.0,Ok,16859
507797.375000,94.0,Ok,55.0,Ok,16860
507797.421000,97.0,Ok,54.0,Ok,16861
507797.468000,89.0,Ok,52.0,Ok,16862
507797.515000,92.0,Ok,52.0,Ok,16863
507797.578000,91.0,Ok,49.0,Ok,16864
507797.609000,96.0,Ok,49.0,Ok,16865
507797.671000,92.0,Ok,43.0,Ok,16866
507797.718000,92.0,Ok,44.0,Ok,16867
507797.765000,96.0,Ok,49.0,Ok,16868
507797.812000,99.0,Ok,50.0,Ok,16869
507797.875000,101.0,Ok,55.0,Ok,16870
507797.921000,94.0,Ok,57.0,Ok,16871
507797.968000,94.0,Ok,51.0,Ok,16872
507798.031000,99.0,Ok,48.0,Ok,16873
507798.078000,102.0,Ok,49.0,Ok,16874
507798.125000,102.0,Ok,50.0,Ok,16875
507798.171000,99.0,Ok,51.0,Ok,16876
507798.218000,99.0,Ok,51.0,Ok,16877
507798.265000,98.0,Ok,54.0,Ok,16878
507798.328000,96.0,Ok,68.0,Ok,16879
507798.359000,89.0,Ok,53.0,Ok,16880
507798.406000,85.0,Ok,67.0,Ok,16881
507798.453000,91.0,Ok,60.0,Ok,16882
507798.515000,94.0,Ok,57.0,Ok,16883
507798.562000,92.0,Ok,58.0,Ok,16884
507798.625000,96.0,Ok,64.0,Ok,16885
507798.656000,96.0,Ok,99.0,Ok,16886
507798.718000,98.0,Ok,77.0,Ok,16887
507798.765000,91.0,Ok,46.0,Ok,16888
507798.828000,92.0,Ok,72.0,Ok,16889
507798.875000,89.0,Ok,77.0,Ok,16890
507798.921000,89.0,Ok,74.0,Ok,16891
507798.968000,89.0,Ok,69.0,Ok,16892
507799.015000,90.0,Ok,66.0,Ok,16893
507799.078000,94.0,Ok,63.0,Ok,16894
507799.125000,90.0,Ok,61.0,Ok,16895
507799.171000,93.0,Ok,66.0,Ok,16896
507799.218000,89.0,Ok,67.0,Ok,16897
507799.265000,89.0,Ok,65.0,Ok,16898
507799.312000,87.0,Ok,59.0,Ok,16899
507799.375000,83.0,Ok,57.0,Ok,16900
507799.421000,89.0,Ok,50.0,Ok,16901
507799.484000,87.0,Ok,56.0,Ok,16902
507799.515000,85.0,Ok,46.0,Ok,16903
507799.578000,88.0,Ok,37.0,Ok,16904
507799.625000,84.0,Ok,37.0,Ok,16905
507799.671000,86.0,Ok,31.0,Ok,16906
507799.718000,85.0,Ok,47.0,Ok,16907
507799.765000,84.0,Ok,45.0,Ok,16908
507799.812000,88.0,Ok,46.0,Ok,16909
507799.875000,86.0,Ok,48.0,Ok,16910
507799.921000,82.0,Ok,51.0,Ok,16911
507799.968000,87.0,Ok,46.0,Ok,16912
507800.015000,96.0,Ok,45.0,Ok,16913
507800.062000,97.0,Ok,55.0,Ok,16914
507800.125000,98.0,Ok,44.0,Ok,16915
507800.171000,100.0,Ok,42.0,Ok,16916
507800.218000,103.0,Ok,45.0,Ok,16917
507800.265000,102.0,Ok,38.0,Ok,16918
507800.328000,113.0,Ok,42.0,Ok,16919
507800.359000,112.0,Ok,60.0,Ok,16920
507800.421000,112.0,Ok,69.0,Ok,16921
507800.468000,108.0,Ok,79.0,Ok,16922
507800.515000,107.0,Ok,75.0,Ok,16923
507800.578000,104.0,Ok,72.0,Ok,16924
507800.609000,104.0,Ok,69.0,Ok,16925
507800.671000,103.0,Ok,117.0,Ok,16926
507800.718000,101.0,Ok,89.0,Ok,16927
507800.765000,100.0,Ok,33.0,Ok,16928
507800.859000,99.0,Ok,35.0,Ok,16929
507800.875000,100.0,Ok,40.0,Ok,16930
507800.921000,91.0,Ok,46.0,Ok,16931
507800.968000,88.0,Ok,47.0,Ok,16932
507801.015000,92.0,Ok,46.0,Ok,16933
507801.062000,99.0,Ok,43.0,Ok,16934
507801.109000,92.0,Ok,40.0,Ok,16935
507801.171000,92.0,Ok,43.0,Ok,16936
507801.218000,93.0,Ok,49.0,Ok,16937
507801.265000,85.0,Ok,42.0,Ok,16938
507801.312000,86.0,Ok,34.0,Ok,16939
507801.375000,99.0,Ok,42.0,Ok,16940
507801.406000,101.0,Ok,47.0,Ok,16941
507801.468000,107.0,Ok,14.0,Ok,16942
507801.515000,101.0,Ok,22.0,Ok,16943
507801.562000,101.0,Ok,25.0,Ok,16944
507801.625000,104.0,Ok,31.0,Ok,16945
507801.671000,102.0,Ok,27.0,Ok,16946
507801.718000,102.0,Ok,22.0,Ok,16947
507801.765000,99.0,Ok,31.0,Ok,16948
507801.828000,102.0,Ok,29.0,Ok,16949
507801.859000,96.0,Ok,69.0,Ok,16950
507801.921000,97.0,Ok,84.0,Ok,16951
507801.968000,97.0,Ok,79.0,Ok,16952
507802.015000,101.0,Ok,69.0,Ok,16953
507802.078000,101.0,Ok,62.0,Ok,16954
507802.125000,96.0,Ok,56.0,Ok,16955
507802.171000,96.0,Ok,77.0,Ok,16956
507802.218000,93.0,Ok,81.0,Ok,16957
507802.265000,96.0,Ok,8.0,RangingNegativeDistance,16958
507802.312000,94.0,Ok,5.0,Ok,16959
507802.375000,95.0,Ok,24.0,Ok,16960
507802.421000,97.0,Ok,75.0,Ok,16961
507802.468000,101.0,Ok,73.0,Ok,16962
507802.515000,103.0,Ok,76.0,Ok,16963
507802.562000,97.0,Ok,72.0,Ok,16964
507802.609000,101.0,Ok,72.0,Ok,16965
507802.671000,102.0,Ok,72.0,Ok,16966
507802.718000,99.0,Ok,74.0,Ok,16967
507802.765000,97.0,Ok,44.0,Ok,16968
507802.828000,101.0,Ok,73.0,Ok,16969
507802.875000,97.0,Ok,70.0,Ok,16970
507802.921000,98.0,Ok,70.0,Ok,16971
507802.968000,97.0,Ok,70.0,Ok,16972
507803.015000,101.0,Ok,70.0,Ok,16973
507803.062000,93.0,Ok,73.0,Ok,16974
507803.125000,92.0,Ok,72.0,Ok,16975
507803.171000,96.0,Ok,73.0,Ok,16976
507803.218000,103.0,Ok,57.0,Ok,16977
507803.265000,100.0,Ok,50.0,Ok,16978
507803.312000,103.0,Ok,35.0,Ok,16979
507803.375000,91.0,Ok,35.0,Ok,16980
507803.421000,90.0,Ok,60.0,Ok,16981
507803.468000,87.0,Ok,26.0,Ok,16982
507803.515000,85.0,Ok,53.0,Ok,16983
507803.578000,96.0,Ok,82.0,Ok,16984
507803.625000,93.0,Ok,80.0,Ok,16985
507803.671000,92.0,Ok,85.0,Ok,16986
507803.718000,69.0,Ok,10.0,Ok,16987
507803.765000,82.0,Ok,16.0,Ok,16988
507803.812000,90.0,Ok,25.0,Ok,16989
507803.859000,92.0,Ok,36.0,Ok,16990
507803.921000,114.0,Ok,43.0,Ok,16991
507803.953000,95.0,Ok,39.0,Ok,16992
507804.015000,92.0,Ok,45.0,Ok,16993
507804.078000,90.0,Ok,41.0,Ok,16994
507804.125000,97.0,Ok,33.0,Ok,16995
507804.171000,97.0,Ok,24.0,Ok,16996
507804.218000,100.0,Ok,18.0,Ok,16997
507804.265000,105.0,Ok,80.0,Ok,16998
507804.312000,100.0,Ok,82.0,Ok,16999
507804.359000,106.0,Ok,73.0,Ok,17000
507804.421000,107.0,Ok,46.0,Ok,17001
507804.468000,98.0,Ok,10.0,Ok,17002
507804.515000,107.0,Ok,28.0,Ok,17003
507804.562000,95.0,Ok,32.0,Ok,17004
507804.625000,97.0,Ok,35.0,Ok,17005
507804.671000,98.0,Ok,41.0,Ok,17006
507804.718000,95.0,Ok,43.0,Ok,17007
507804.765000,104.0,Ok,46.0,Ok,17008
507804.828000,96.0,Ok,47.0,Ok,17009
507804.875000,96.0,Ok,50.0,Ok,17010
507804.921000,87.0,Ok,44.0,Ok,17011
507804.968000,88.0,Ok,46.0,Ok,17012
507805.015000,91.0,Ok,44.0,Ok,17013
507805.078000,96.0,Ok,42.0,Ok,17014
507805.125000,88.0,Ok,46.0,Ok,17015
507805.171000,85.0,Ok,50.0,Ok,17016
507805.218000,95.0,Ok,47.0,Ok,17017
507805.265000,98.0,Ok,47.0,Ok,17018
507805.328000,102.0,Ok,46.0,Ok,17019
507805.359000,100.0,Ok,46.0,Ok,17020
507805.421000,95.0,Ok,46.0,Ok,17021
507805.468000,85.0,Ok,44.0,Ok,17022
507805.515000,99.0,Ok,48.0,Ok,17023
507805.578000,91.0,Ok,46.0,Ok,17024
507805.625000,88.0,Ok,46.0,Ok,17025
507805.671000,70.0,Ok,42.0,Ok,17026
507805.718000,74.0,Ok,47.0,Ok,17027
507805.765000,69.0,Ok,48.0,Ok,17028
507805.828000,89.0,Ok,46.0,Ok,17029
507805.859000,94.0,Ok,47.0,Ok,17030
507805.921000,96.0,Ok,45.0,Ok,17031
507805.968000,87.0,Ok,38.0,Ok,17032
507806.015000,87.0,Ok,39.0,Ok,17033
507806.078000,88.0,Ok,39.0,Ok,17034
507806.125000,95.0,Ok,45.0,Ok,17035
507806.171000,98.0,Ok,53.0,Ok,17036
507806.218000,93.0,Ok,52.0,Ok,17037
507806.265000,93.0,Ok,48.0,Ok,17038
507806.328000,94.0,Ok,53.0,Ok,17039
507806.375000,94.0,Ok,54.0,Ok,17040
507806.421000,95.0,Ok,49.0,Ok,17041
507806.468000,100.0,Ok,53.0,Ok,17042
507806.515000,94.0,Ok,51.0,Ok,17043
507806.562000,94.0,Ok,52.0,Ok,17044
507806.609000,90.0,Ok,50.0,Ok,17045
507806.656000,88.0,Ok,49.0,Ok,17046
507806.718000,90.0,Ok,45.0,Ok,17047
507806.765000,93.0,Ok,52.0,Ok,17048
507806.828000,95.0,Ok,49.0,Ok,17049
507806.875000,86.0,Ok,50.0,Ok,17050
507806.921000,85.0,Ok,53.0,Ok,17051
507806.953000,83.0,Ok,50.0,Ok,17052
507807.015000,89.0,Ok,32.0,Ok,17053
507807.078000,92.0,Ok,85.0,Ok,17054
507807.125000,95.0,Ok,61.0,Ok,17055
507807.171000,94.0,Ok,48.0,Ok,17056
507807.218000,99.0,Ok,51.0,Ok,17057
507807.265000,93.0,Ok,48.0,Ok,17058
507807.312000,93.0,Ok,48.0,Ok,17059
507807.375000,95.0,Ok,52.0,Ok,17060
507807.421000,95.0,Ok,53.0,Ok,17061
507807.468000,94.0,Ok,57.0,Ok,17062
507807.515000,98.0,Ok,54.0,Ok,17063
507807.562000,101.0,Ok,56.0,Ok,17064
507807.609000,96.0,Ok,53.0,Ok,17065
507807.671000,96.0,Ok,52.0,Ok,17066
507807.703000,91.0,Ok,46.0,Ok,17067
507807.765000,96.0,Ok,46.0,Ok,17068
507807.828000,99.0,Ok,45.0,Ok,17069
507807.875000,97.0,Ok,49.0,Ok,17070
507807.921000,97.0,Ok,42.0,Ok,17071
507807.968000,98.0,Ok,39.0,Ok,17072
507808.015000,95.0,Ok,48.0,Ok,17073
507808.078000,96.0,Ok,50.0,Ok,17074
507808.125000,93.0,Ok,53.0,Ok,17075
507808.171000,96.0,Ok,50.0,Ok,17076
507808.218000,96.0,Ok,51.0,Ok,17077
507808.265000,96.0,Ok,47.0,Ok,17078
507808.312000,95.0,Ok,42.0,Ok,17079
507808.359000,97.0,Ok,48.0,Ok,17080
507808.421000,99.0,Ok,46.0,Ok,17081
507808.468000,95.0,Ok,39.0,Ok,17082
507808.515000,99.0,Ok,40.0,Ok,17083
507808.562000,99.0,Ok,40.0,Ok,17084
507808.609000,102.0,Ok,42.0,Ok,17085
507808.671000,96.0,Ok,45.0,Ok,17086
507808.718000,102.0,Ok,40.0,Ok,17087
507808.765000,95.0,Ok,44.0,Ok,17088
507808.812000,100.0,Ok,43.0,Ok,17089
507808.859000,94.0,Ok,44.0,Ok,17090
507808.921000,97.0,Ok,40.0,Ok,17091
507808.968000,100.0,Ok,43.0,Ok,17092
507809.015000,96.0,Ok,45.0,Ok,17093
507809.062000,98.0,Ok,48.0,Ok,17094
507809.125000,94.0,Ok,50.0,Ok,17095
507809.171000,96.0,Ok,48.0,Ok,17096
507809.218000,95.0,Ok,52.0,Ok,17097
507809.265000,97.0,Ok,48.0,Ok,17098
507809.312000,99.0,Ok,47.0,Ok,17099
507809.359000,95.0,Ok,44.0,Ok,17100
507809.406000,100.0,Ok,46.0,Ok,17101
507809.468000,100.0,Ok,44.0,Ok,17102
507809.515000,104.0,Ok,43.0,Ok,17103
507809.562000,105.0,Ok,40.0,Ok,17104
507809.625000,104.0,Ok,51.0,Ok,17105
507809.671000,104.0,Ok,41.0,Ok,17106
507809.718000,98.0,Ok,43.0,Ok,17107
507809.765000,99.0,Ok,44.0,Ok,17108
507809.812000,95.0,Ok,47.0,Ok,17109
507809.875000,99.0,Ok,50.0,Ok,17110
507809.921000,96.0,Ok,53.0,Ok,17111
507809.968000,101.0,Ok,52.0,Ok,17112
507810.015000,99.0,Ok,52.0,Ok,17113
507810.078000,96.0,Ok,56.0,Ok,17114
507810.125000,98.0,Ok,58.0,Ok,17115
507810.171000,94.0,Ok,56.0,Ok,17116
507810.218000,93.0,Ok,58.0,Ok,17117
507810.265000,94.0,Ok,54.0,Ok,17118
507810.312000,101.0,Ok,55.0,Ok,17119
507810.406000,97.0,Ok,58.0,Ok,17120
507810.421000,94.0,Ok,49.0,Ok,17121
507810.468000,95.0,Ok,52.0,Ok,17122
507810.515000,95.0,Ok,46.0,Ok,17123
507810.562000,97.0,Ok,53.0,Ok,17124
507810.609000,98.0,Ok,48.0,Ok,17125
507810.671000,97.0,Ok,49.0,Ok,17126
507810.703000,98.0,Ok,49.0,Ok,17127
507810.765000,98.0,Ok,53.0,Ok,17128
507810.812000,95.0,Ok,48.0,Ok,17129
507810.875000,98.0,Ok,52.0,Ok,17130
507810.921000,92.0,Ok,50.0,Ok,17131
507810.953000,93.0,Ok,46.0,Ok,17132
507811.015000,99.0,Ok,48.0,Ok,17133
507811.078000,105.0,Ok,50.0,Ok,17134
507811.125000,103.0,Ok,51.0,Ok,17135
507811.171000,103.0,Ok,62.0,Ok,17136
507811.218000,105.0,Ok,60.0,Ok,17137
507811.265000,105.0,Ok,50.0,Ok,17138
507811.328000,104.0,Ok,46.0,Ok,17139
507811.359000,103.0,Ok,47.0,Ok,17140
507811.421000,104.0,Ok,42.0,Ok,17141
507811.468000,100.0,Ok,44.0,Ok,17142
507811.515000,107.0,Ok,57.0,Ok,17143
507811.562000,106.0,Ok,63.0,Ok,17144
507811.609000,107.0,Ok,74.0,Ok,17145
507811.656000,100.0,Ok,8.0,Ok,17146
507811.718000,107.0,Ok,64.0,Ok,17147
507811.765000,98.0,Ok,61.0,Ok,17148
507811.828000,99.0,Ok,51.0,Ok,17149
507811.875000,98.0,Ok,47.0,Ok,17150
507811.921000,95.0,Ok,39.0,Ok,17151
507811.968000,99.0,Ok,29.0,Ok,17152
507812.015000,104.0,Ok,20.0,Ok,17153
507812.062000,102.0,Ok,42.0,Ok,17154
507812.109000,100.0,Ok,69.0,Ok,17155
507812.156000,102.0,Ok,22.0,Ok,17156
507812.218000,101.0,Ok,32.0,Ok,17157
507812.265000,102.0,Ok,31.0,Ok,17158
507812.312000,100.0,Ok,27.0,Ok,17159
507812.375000,101.0,Ok,71.0,Ok,17160
507812.421000,99.0,Ok,47.0,Ok,17161
507812.468000,100.0,Ok,35.0,Ok,17162
507812.515000,100.0,Ok,31.0,Ok,17163
507812.562000,101.0,Ok,77.0,Ok,17164
507812.625000,99.0,Ok,57.0,Ok,17165
507812.671000,94.0,Ok,20.0,Ok,17166
507812.718000,92.0,Ok,19.0,Ok,17167
507812.765000,92.0,Ok,49.0,Ok,17168
507812.812000,92.0,Ok,81.0,Ok,17169
507812.859000,102.0,Ok,82.0,Ok,17170
507812.921000,101.0,Ok,62.0,Ok,17171
507812.968000,100.0,Ok,82.0,Ok,17172
507813.015000,89.0,Ok,68.0,Ok,17173
507813.078000,94.0,Ok,33.0,Ok,17174
507813.125000,94.0,Ok,24.0,Ok,17175
507813.171000,93.0,Ok,30.0,Ok,17176
507813.218000,92.0,Ok,36.0,Ok,17177
507813.265000,93.0,Ok,24.0,Ok,17178
507813.328000,96.0,Ok,28.0,Ok,17179
507813.359000,100.0,Ok,57.0,Ok,17180
507813.406000,101.0,Ok,42.0,Ok,17181
507813.453000,95.0,Ok,37.0,Ok,17182
507813.515000,95.0,Ok,36.0,Ok,17183
507813.578000,99.0,Ok,43.0,Ok,17184
507813.625000,96.0,Ok,37.0,Ok,17185
507813.671000,95.0,Ok,48.0,Ok,17186
507813.718000,99.0,Ok,34.0,Ok,17187
507813.765000,104.0,Ok,43.0,Ok,17188
507813.828000,104.0,Ok,43.0,Ok,17189
507813.875000,97.0,Ok,27.0,Ok,17190
507813.921000,102.0,Ok,22.0,Ok,17191
507813.968000,101.0,Ok,30.0,Ok,17192
507814.015000,98.0,Ok,24.0,Ok,17193
507814.062000,100.0,Ok,24.0,Ok,17194
507814.109000,103.0,Ok,23.0,Ok,17195
507814.171000,104.0,Ok,22.0,Ok,17196
507814.218000,100.0,Ok,28.0,Ok,17197
507814.265000,101.0,Ok,27.0,Ok,17198
507814.312000,102.0,Ok,29.0,Ok,17199
507814.375000,102.0,Ok,35.0,Ok,17200
507814.421000,105.0,Ok,61.0,Ok,17201
507814.484000,100.0,Ok,19.0,Ok,17202
507814.515000,98.0,Ok,25.0,Ok,17203
507814.578000,101.0,Ok,22.0,Ok,17204
507814.625000,101.0,Ok,21.0,Ok,17205
507814.671000,102.0,Ok,18.0,Ok,17206
507814.718000,101.0,Ok,21.0,Ok,17207
507814.765000,106.0,Ok,18.0,Ok,17208
507814.812000,98.0,Ok,16.0,Ok,17209
507814.875000,94.0,Ok,13.0,Ok,17210
507814.921000,94.0,Ok,16.0,Ok,17211
507814.968000,97.0,Ok,24.0,Ok,17212
507815.015000,97.0,Ok,26.0,Ok,17213
507815.062000,98.0,Ok,24.0,Ok,17214
507815.125000,96.0,Ok,28.0,Ok,17215
507815.156000,96.0,Ok,26.0,Ok,17216
507815.218000,99.0,Ok,31.0,Ok,17217
507815.265000,98.0,Ok,30.0,Ok,17218
507815.312000,95.0,Ok,31.0,Ok,17219
507815.375000,95.0,Ok,30.0,Ok,17220
507815.421000,95.0,Ok,29.0,Ok,17221
507815.468000,94.0,Ok,29.0,Ok,17222
507815.515000,97.0,Ok,30.0,Ok,17223
507815.562000,98.0,Ok,34.0,Ok,17224
507815.609000,96.0,Ok,38.0,Ok,17225
507815.671000,95.0,Ok,35.0,Ok,17226
507815.703000,99.0,Ok,44.0,Ok,17227
507815.765000,99.0,Ok,58.0,Ok,17228
507815.859000,98.0,Ok,59.0,Ok,17229
507815.859000,102.0,Ok,46.0,Ok,17230
507815.921000,99.0,Ok,37.0,Ok,17231
507815.968000,98.0,Ok,29.0,Ok,17232
507816.015000,97.0,Ok,25.0,Ok,17233
507816.062000,98.0,Ok,32.0,Ok,17234
507816.125000,97.0,Ok,28.0,Ok,17235
507816.171000,98.0,Ok,27.0,Ok,17236
507816.218000,96.0,Ok,31.0,Ok,17237
507816.265000,98.0,Ok,29.0,Ok,17238
507816.328000,96.0,Ok,36.0,Ok,17239
507816.375000,97.0,Ok,39.0,Ok,17240
507816.421000,98.0,Ok,37.0,Ok,17241
507816.468000,99.0,Ok,43.0,Ok,17242
507816.515000,100.0,Ok,37.0,Ok,17243
507816.578000,96.0,Ok,36.0,Ok,17244
507816.609000,96.0,Ok,31.0,Ok,17245
507816.671000,94.0,Ok,29.0,Ok,17246
507816.718000,96.0,Ok,27.0,Ok,17247
507816.765000,98.0,Ok,24.0,Ok,17248
507816.812000,95.0,Ok,35.0,Ok,17249
507816.875000,99.0,Ok,32.0,Ok,17250
507816.921000,100.0,Ok,33.0,Ok,17251
507816.968000,96.0,Ok,28.0,Ok,17252
507817.015000,96.0,Ok,35.0,Ok,17253
507817.062000,98.0,Ok,33.0,Ok,17254
507817.125000,97.0,Ok,34.0,Ok,17255
507817.156000,98.0,Ok,39.0,Ok,17256
507817.218000,102.0,Ok,39.0,Ok,17257
507817.265000,97.0,Ok,37.0,Ok,17258
507817.312000,97.0,Ok,35.0,Ok,17259
507817.359000,96.0,Ok,33.0,Ok,17260
507817.421000,100.0,Ok,36.0,Ok,17261
507817.468000,103.0,Ok,39.0,Ok,17262
507817.515000,99.0,Ok,34.0,Ok,17263
507817.578000,98.0,Ok,34.0,Ok,17264
507817.609000,99.0,Ok,32.0,Ok,17265
507817.671000,98.0,Ok,33.0,Ok,17266
507817.718000,97.0,Ok,35.0,Ok,17267
507817.765000,99.0,Ok,33.0,Ok,17268
507817.812000,98.0,Ok,34.0,Ok,17269
507817.875000,102.0,Ok,37.0,Ok,17270
507817.921000,98.0,Ok,38.0,Ok,17271
507817.968000,98.0,Ok,37.0,Ok,17272
507818.015000,99.0,Ok,35.0,Ok,17273
507818.078000,95.0,Ok,31.0,Ok,17274
507818.109000,97.0,Ok,33.0,Ok,17275
507818.171000,98.0,Ok,31.0,Ok,17276
507818.218000,96.0,Ok,33.0,Ok,17277
507818.265000,100.0,Ok,34.0,Ok,17278
507818.328000,98.0,Ok,26.0,Ok,17279
507818.375000,98.0,Ok,31.0,Ok,17280
507818.421000,97.0,Ok,34.0,Ok,17281
507818.468000,95.0,Ok,33.0,Ok,17282
507818.515000,98.0,Ok,38.0,Ok,17283
507818.578000,97.0,Ok,39.0,Ok,17284
507818.609000,97.0,Ok,41.0,Ok,17285
507818.671000,94.0,Ok,38.0,Ok,17286
507818.718000,96.0,Ok,37.0,Ok,17287
507818.765000,96.0,Ok,38.0,Ok,17288
507818.828000,98.0,Ok,35.0,Ok,17289
507818.875000,97.0,Ok,31.0,Ok,17290
507818.921000,98.0,Ok,34.0,Ok,17291
507818.968000,97.0,Ok,34.0,Ok,17292
507819.015000,95.0,Ok,32.0,Ok,17293
507819.062000,99.0,Ok,34.0,Ok,17294
507819.125000,100.0,Ok,32.0,Ok,17295
507819.156000,99.0,Ok,33.0,Ok,17296
507819.218000,98.0,Ok,29.0,Ok,17297
507819.265000,100.0,Ok,34.0,Ok,17298
507819.312000,99.0,Ok,32.0,Ok,17299
507819.375000,99.0,Ok,31.0,Ok,17300
507819.421000,98.0,Ok,32.0,Ok,17301
507819.468000,97.0,Ok,31.0,Ok,17302
507819.515000,99.0,Ok,30.0,Ok,17303
507819.562000,99.0,Ok,31.0,Ok,17304
507819.625000,99.0,Ok,30.0,Ok,17305
507819.671000,97.0,Ok,30.0,Ok,17306
507819.718000,99.0,Ok,33.0,Ok,17307
507819.765000,98.0,Ok,34.0,Ok,17308
507819.812000,98.0,Ok,31.0,Ok,17309
507819.859000,97.0,Ok,29.0,Ok,17310
507819.937000,99.0,Ok,34.0,Ok,17311
507819.968000,98.0,Ok,29.0,Ok,17312
507820.015000,97.0,Ok,30.0,Ok,17313
507820.062000,95.0,Ok,37.0,Ok,17314
507820.125000,99.0,Ok,31.0,Ok,17315
507820.171000,97.0,Ok,32.0,Ok,17316
507820.218000,97.0,Ok,31.0,Ok,17317
507820.265000,97.0,Ok,32.0,Ok,17318
507820.328000,98.0,Ok,31.0,Ok,17319
507820.375000,98.0,Ok,29.0,Ok,17320
507820.421000,97.0,Ok,32.0,Ok,17321
507820.468000,98.0,Ok,33.0,Ok,17322
507820.515000,101.0,Ok,31.0,Ok,17323
507820.562000,98.0,Ok,29.0,Ok,17324
507820.625000,97.0,Ok,28.0,Ok,17325
507820.671000,99.0,Ok,30.0,Ok,17326
507820.718000,99.0,Ok,29.0,Ok,17327
507820.765000,98.0,Ok,32.0,Ok,17328
507820.812000,98.0,Ok,33.0,Ok,17329
507820.859000,97.0,Ok,32.0,Ok,17330
507820.921000,98.0,Ok,32.0,Ok,17331
507820.968000,98.0,Ok,41.0,Ok,17332
507821.015000,98.0,Ok,41.0,Ok,17333
507821.078000,98.0,Ok,39.0,Ok,17334
507821.125000,97.0,Ok,38.0,Ok,17335
507821.171000,99.0,Ok,43.0,Ok,17336
507821.218000,99.0,Ok,41.0,Ok,17337
507821.265000,98.0,Ok,39.0,Ok,17338
507821.328000,101.0,Ok,39.0,Ok,17339
507821.375000,99.0,Ok,40.0,Ok,17340
507821.421000,98.0,Ok,40.0,Ok,17341
507821.468000,99.0,Ok,38.0,Ok,17342
507821.515000,99.0,Ok,37.0,Ok,17343
507821.578000,99.0,Ok,32.0,Ok,17344
507821.625000,99.0,Ok,45.0,Ok,17345
507821.671000,98.0,Ok,40.0,Ok,17346
507821.703000,99.0,Ok,40.0,Ok,17347
507821.765000,100.0,Ok,41.0,Ok,17348
507821.828000,101.0,Ok,37.0,Ok,17349
507821.875000,100.0,Ok,40.0,Ok,17350
507821.921000,98.0,Ok,42.0,Ok,17351
507821.968000,100.0,Ok,41.0,Ok,17352
507822.015000,99.0,Ok,41.0,Ok,17353
507822.062000,100.0,Ok,41.0,Ok,17354
507822.125000,101.0,Ok,39.0,Ok,17355
507822.171000,101.0,Ok,39.0,Ok,17356
507822.218000,100.0,Ok,42.0,Ok,17357
507822.265000,102.0,Ok,39.0,Ok,17358
507822.328000,99.0,Ok,41.0,Ok,17359
507822.359000,99.0,Ok,40.0,Ok,17360
507822.421000,100.0,Ok,40.0,Ok,17361
507822.453000,99.0,Ok,45.0,Ok,17362
507822.515000,99.0,Ok,41.0,Ok,17363
507822.578000,100.0,Ok,41.0,Ok,17364
507822.625000,99.0,Ok,41.0,Ok,17365
507822.671000,99.0,Ok,41.0,Ok,17366
507822.718000,100.0,Ok,43.0,Ok,17367
507822.765000,100.0,Ok,39.0,Ok,17368
507822.812000,99.0,Ok,37.0,Ok,17369
507822.875000,99.0,Ok,40.0,Ok,17370
507822.921000,100.0,Ok,36.0,Ok,17371
507822.968000,99.0,Ok,41.0,Ok,17372
507823.015000,99.0,Ok,36.0,Ok,17373
507823.078000,101.0,Ok,43.0,Ok,17374
507823.109000,99.0,Ok,47.0,Ok,17375
507823.171000,101.0,Ok,45.0,Ok,17376
507823.218000,99.0,Ok,44.0,Ok,17377
507823.265000,102.0,Ok,46.0,Ok,17378
507823.328000,102.0,Ok,48.0,Ok,17379
507823.359000,99.0,Ok,41.0,Ok,17380
507823.421000,103.0,Ok,41.0,Ok,17381
507823.468000,98.0,Ok,46.0,Ok,17382
507823.515000,100.0,Ok,45.0,Ok,17383
507823.562000,101.0,Ok,42.0,Ok,17384
507823.625000,99.0,Ok,46.0,Ok,17385
507823.671000,103.0,Ok,42.0,Ok,17386
507823.718000,100.0,Ok,40.0,Ok,17387
507823.765000,101.0,Ok,43.0,Ok,17388
507823.812000,101.0,Ok,49.0,Ok,17389
507823.859000,101.0,Ok,48.0,Ok,17390
507823.906000,101.0,Ok,49.0,Ok,17391
507823.968000,103.0,Ok,51.0,Ok,17392
507824.015000,99.0,Ok,43.0,Ok,17393
507824.062000,99.0,Ok,49.0,Ok,17394
507824.109000,100.0,Ok,43.0,Ok,17395
507824.171000,106.0,Ok,43.0,Ok,17396
507824.218000,101.0,Ok,44.0,Ok,17397
507824.265000,102.0,Ok,42.0,Ok,17398
507824.328000,99.0,Ok,41.0,Ok,17399
507824.375000,100.0,Ok,42.0,Ok,17400
507824.421000,103.0,Ok,51.0,Ok,17401
507824.468000,100.0,Ok,43.0,Ok,17402
507824.515000,102.0,Ok,44.0,Ok,17403
507824.578000,100.0,Ok,46.0,Ok,17404
507824.625000,99.0,Ok,44.0,Ok,17405
507824.656000,101.0,Ok,38.0,Ok,17406
507824.718000,100.0,Ok,42.0,Ok,17407
507824.765000,101.0,Ok,41.0,Ok,17408
507824.828000,100.0,Ok,37.0,Ok,17409
507824.875000,99.0,Ok,37.0,Ok,17410
507824.921000,99.0,Ok,44.0,Ok,17411
507824.968000,101.0,Ok,41.0,Ok,17412
507825.015000,102.0,Ok,40.0,Ok,17413
507825.078000,102.0,Ok,41.0,Ok,17414
507825.109000,101.0,Ok,41.0,Ok,17415
507825.171000,100.0,Ok,42.0,Ok,17416
507825.218000,101.0,Ok,38.0,Ok,17417
507825.265000,104.0,Ok,42.0,Ok,17418
507825.328000,105.0,Ok,40.0,Ok,17419
507825.375000,100.0,Ok,42.0,Ok,17420
507825.406000,99.0,Ok,38.0,Ok,17421
507825.468000,99.0,Ok,39.0,Ok,17422
507825.515000,98.0,Ok,41.0,Ok,17423
507825.562000,99.0,Ok,41.0,Ok,17424
507825.625000,98.0,Ok,38.0,Ok,17425
507825.671000,98.0,Ok,37.0,Ok,17426
507825.718000,98.0,Ok,36.0,Ok,17427
507825.765000,99.0,Ok,35.0,Ok,17428
507825.812000,95.0,Ok,39.0,Ok,17429
507825.875000,96.0,Ok,35.0,Ok,17430
507825.921000,99.0,Ok,32.0,Ok,17431
507825.968000,100.0,Ok,30.0,Ok,17432
507826.015000,98.0,Ok,34.0,Ok,17433
507826.062000,107.0,Ok,31.0,Ok,17434
507826.109000,101.0,Ok,35.0,Ok,17435
507826.171000,101.0,Ok,33.0,Ok,17436
507826.218000,98.0,Ok,31.0,Ok,17437
507826.265000,96.0,Ok,34.0,Ok,17438
507826.328000,99.0,Ok,31.0,Ok,17439
507826.375000,98.0,Ok,31.0,Ok,17440
507826.421000,102.0,Ok,39.0,Ok,17441
507826.468000,101.0,Ok,36.0,Ok,17442
507826.515000,98.0,Ok,38.0,Ok,17443
507826.562000,98.0,Ok,38.0,Ok,17444
507826.625000,99.0,Ok,37.0,Ok,17445
507826.671000,99.0,Ok,40.0,Ok,17446
507826.750000,99.0,Ok,35.0,Ok,17447
507826.765000,102.0,Ok,39.0,Ok,17448
507826.812000,102.0,Ok,39.0,Ok,17449
507826.875000,99.0,Ok,34.0,Ok,17450
507826.921000,95.0,Ok,36.0,Ok,17451
507826.968000,100.0,Ok,35.0,Ok,17452
507827.015000,99.0,Ok,37.0,Ok,17453
507827.062000,99.0,Ok,38.0,Ok,17454
507827.125000,100.0,Ok,38.0,Ok,17455
507827.171000,100.0,Ok,39.0,Ok,17456
507827.218000,100.0,Ok,40.0,Ok,17457
507827.265000,100.0,Ok,37.0,Ok,17458
507827.312000,100.0,Ok,38.0,Ok,17459
507827.375000,101.0,Ok,31.0,Ok,17460
507827.421000,100.0,Ok,36.0,Ok,17461
507827.468000,100.0,Ok,39.0,Ok,17462
507827.515000,99.0,Ok,36.0,Ok,17463
507827.578000,100.0,Ok,38.0,Ok,17464
507827.609000,100.0,Ok,38.0,Ok,17465
507827.671000,100.0,Ok,43.0,Ok,17466
507827.718000,100.0,Ok,35.0,Ok,17467
507827.765000,100.0,Ok,36.0,Ok,17468
507827.812000,100.0,Ok,40.0,Ok,17469
507827.875000,100.0,Ok,33.0,Ok,17470
507827.921000,100.0,Ok,37.0,Ok,17471
507827.968000,99.0,Ok,35.0,Ok,17472
507828.015000,100.0,Ok,36.0,Ok,17473
507828.078000,100.0,Ok,37.0,Ok,17474
507828.109000,101.0,Ok,41.0,Ok,17475
507828.171000,99.0,Ok,43.0,Ok,17476
507828.218000,100.0,Ok,40.0,Ok,17477
507828.265000,99.0,Ok,38.0,Ok,17478
507828.312000,102.0,Ok,39.0,Ok,17479
507828.375000,100.0,Ok,42.0,Ok,17480
507828.421000,100.0,Ok,37.0,Ok,17481
507828.468000,100.0,Ok,41.0,Ok,17482
507828.515000,99.0,Ok,38.0,Ok,17483
507828.578000,99.0,Ok,41.0,Ok,17484
507828.609000,99.0,Ok,39.0,Ok,17485
507828.671000,100.0,Ok,43.0,Ok,17486
507828.703000,98.0,Ok,39.0,Ok,17487
507828.765000,99.0,Ok,39.0,Ok,17488
507828.828000,105.0,Ok,38.0,Ok,17489
507828.875000,98.0,Ok,37.0,Ok,17490
507828.921000,101.0,Ok,34.0,Ok,17491
507828.968000,100.0,Ok,39.0,Ok,17492
507829.015000,99.0,Ok,33.0,Ok,17493
507829.062000,100.0,Ok,40.0,Ok,17494
507829.125000,99.0,Ok,38.0,Ok,17495
507829.171000,101.0,Ok,41.0,Ok,17496
507829.218000,97.0,Ok,44.0,Ok,17497
507829.265000,100.0,Ok,43.0,Ok,17498
507829.312000,101.0,Ok,41.0,Ok,17499
507829.375000,100.0,Ok,38.0,Ok,17500
507829.421000,98.0,Ok,34.0,Ok,17501
507829.468000,106.0,Ok,39.0,Ok,17502
507829.515000,101.0,Ok,38.0,Ok,17503
507829.578000,102.0,Ok,41.0,Ok,17504
507829.625000,100.0,Ok,41.0,Ok,17505
507829.671000,99.0,Ok,45.0,Ok,17506
507829.718000,99.0,Ok,43.0,Ok,17507
507829.765000,106.0,Ok,44.0,Ok,17508
507829.812000,101.0,Ok,43.0,Ok,17509
507829.875000,102.0,Ok,44.0,Ok,17510
507829.921000,100.0,Ok,41.0,Ok,17511
507829.968000,100.0,Ok,41.0,Ok,17512
507830.015000,101.0,Ok,40.0,Ok,17513
507830.062000,105.0,Ok,39.0,Ok,17514
507830.125000,106.0,Ok,42.0,Ok,17515
507830.156000,106.0,Ok,39.0,Ok,17516
507830.218000,99.0,Ok,41.0,Ok,17517
507830.265000,98.0,Ok,32.0,Ok,17518
507830.312000,99.0,Ok,40.0,Ok,17519
507830.375000,103.0,Ok,35.0,Ok,17520
507830.421000,98.0,Ok,38.0,Ok,17521
507830.453000,99.0,Ok,39.0,Ok,17522
507830.515000,104.0,Ok,36.0,Ok,17523
507830.578000,95.0,Ok,36.0,Ok,17524
507830.625000,100.0,Ok,32.0,Ok,17525
507830.656000,106.0,Ok,37.0,Ok,17526
507830.718000,98.0,Ok,41.0,Ok,17527
507830.765000,105.0,Ok,41.0,Ok,17528
507830.828000,104.0,Ok,41.0,Ok,17529
507830.875000,106.0,Ok,37.0,Ok,17530
507830.921000,100.0,Ok,41.0,Ok,17531
507830.968000,98.0,Ok,42.0,Ok,17532
507831.015000,99.0,Ok,43.0,Ok,17533
507831.062000,100.0,Ok,41.0,Ok,17534
507831.109000,97.0,Ok,39.0,Ok,17535
507831.171000,101.0,Ok,36.0,Ok,17536
507831.218000,96.0,Ok,42.0,Ok,17537
507831.265000,98.0,Ok,40.0,Ok,17538
507831.312000,99.0,Ok,37.0,Ok,17539
507831.375000,99.0,Ok,41.0,Ok,17540
507831.421000,105.0,Ok,40.0,Ok,17541
507831.468000,101.0,Ok,37.0,Ok,17542
507831.515000,107.0,Ok,43.0,Ok,17543
507831.578000,106.0,Ok,33.0,Ok,17544
507831.625000,103.0,Ok,39.0,Ok,17545
507831.671000,101.0,Ok,42.0,Ok,17546
507831.718000,105.0,Ok,41.0,Ok,17547
507831.765000,107.0,Ok,39.0,Ok,17548
507831.812000,101.0,Ok,41.0,Ok,17549
507831.875000,97.0,Ok,40.0,Ok,17550
507831.921000,104.0,Ok,39.0,Ok,17551
507831.968000,103.0,Ok,42.0,Ok,17552
507832.015000,107.0,Ok,43.0,Ok,17553
507832.062000,102.0,Ok,39.0,Ok,17554
507832.125000,106.0,Ok,41.0,Ok,17555
507832.171000,101.0,Ok,41.0,Ok,17556
507832.218000,103.0,Ok,40.0,Ok,17557
507832.265000,99.0,Ok,37.0,Ok,17558
507832.328000,99.0,Ok,37.0,Ok,17559
507832.375000,100.0,Ok,39.0,Ok,17560
507832.421000,96.0,Ok,41.0,Ok,17561
507832.468000,100.0,Ok,39.0,Ok,17562
507832.515000,100.0,Ok,42.0,Ok,17563
507832.562000,103.0,Ok,35.0,Ok,17564
507832.609000,99.0,Ok,40.0,Ok,17565
507832.656000,100.0,Ok,37.0,Ok,17566
507832.718000,101.0,Ok,42.0,Ok,17567
507832.765000,106.0,Ok,40.0,Ok,17568
507832.812000,103.0,Ok,40.0,Ok,17569
507832.875000,99.0,Ok,39.0,Ok,17570
507832.921000,103.0,Ok,39.0,Ok,17571
507832.968000,103.0,Ok,41.0,Ok,17572
507833.015000,103.0,Ok,39.0,Ok,17573
507833.062000,99.0,Ok,40.0,Ok,17574
507833.125000,102.0,Ok,38.0,Ok,17575
507833.171000,105.0,Ok,35.0,Ok,17576
507833.218000,107.0,Ok,39.0,Ok,17577
507833.265000,105.0,Ok,41.0,Ok,17578
507833.312000,107.0,Ok,48.0,Ok,17579
507833.359000,108.0,Ok,45.0,Ok,17580
507833.406000,101.0,Ok,46.0,Ok,17581
507833.468000,107.0,Ok,45.0,Ok,17582
507833.515000,106.0,Ok,43.0,Ok,17583
507833.593000,103.0,Ok,43.0,Ok,17584
507833.609000,103.0,Ok,42.0,Ok,17585
507833.671000,107.0,Ok,43.0,Ok,17586
507833.718000,107.0,Ok,43.0,Ok,17587
507833.765000,106.0,Ok,43.0,Ok,17588
507833.812000,101.0,Ok,42.0,Ok,17589
507833.859000,103.0,Ok,39.0,Ok,17590
507833.906000,107.0,Ok,39.0,Ok,17591
507833.953000,108.0,Ok,45.0,Ok,17592
507834.015000,104.0,Ok,35.0,Ok,17593
507834.078000,107.0,Ok,39.0,Ok,17594
507834.125000,102.0,Ok,44.0,Ok,17595
507834.171000,103.0,Ok,40.0,Ok,17596
507834.218000,107.0,Ok,40.0,Ok,17597
507834.265000,106.0,Ok,39.0,Ok,17598
507834.312000,102.0,Ok,37.0,Ok,17599
507834.359000,99.0,Ok,39.0,Ok,17600
507834.406000,98.0,Ok,39.0,Ok,17601
507834.468000,98.0,Ok,39.0,Ok,17602
507834.515000,100.0,Ok,35.0,Ok,17603
507834.578000,99.0,Ok,41.0,Ok,17604
507834.609000,97.0,Ok,36.0,Ok,17605
507834.671000,97.0,Ok,39.0,Ok,17606
507834.718000,105.0,Ok,39.0,Ok,17607
507834.765000,104.0,Ok,33.0,Ok,17608
507834.812000,99.0,Ok,39.0,Ok,17609
507834.859000,100.0,Ok,43.0,Ok,17610
507834.937000,101.0,Ok,45.0,Ok,17611
507834.968000,106.0,Ok,40.0,Ok,17612
507835.015000,105.0,Ok,38.0,Ok,17613
507835.062000,100.0,Ok,39.0,Ok,17614
507835.125000,101.0,Ok,45.0,Ok,17615
507835.171000,106.0,Ok,39.0,Ok,17616
507835.218000,99.0,Ok,43.0,Ok,17617
507835.265000,104.0,Ok,38.0,Ok,17618
507835.312000,103.0,Ok,35.0,Ok,17619
507835.375000,99.0,Ok,45.0,Ok,17620
507835.421000,106.0,Ok,33.0,Ok,17621
507835.468000,98.0,Ok,39.0,Ok,17622
507835.500000,96.0,Ok,40.0,Ok,17623
507835.578000,97.0,Ok,39.0,Ok,17624
507835.625000,97.0,Ok,43.0,Ok,17625
507835.671000,106.0,Ok,39.0,Ok,17626
507835.718000,101.0,Ok,38.0,Ok,17627
507835.765000,105.0,Ok,34.0,Ok,17628
507835.812000,99.0,Ok,42.0,Ok,17629
507835.875000,98.0,Ok,41.0,Ok,17630
507835.921000,99.0,Ok,37.0,Ok,17631
507835.968000,101.0,Ok,40.0,Ok,17632
507836.015000,103.0,Ok,39.0,Ok,17633
507836.062000,100.0,Ok,43.0,Ok,17634
507836.109000,100.0,Ok,41.0,Ok,17635
507836.171000,101.0,Ok,40.0,Ok,17636
507836.203000,100.0,Ok,38.0,Ok,17637
507836.281000,102.0,Ok,40.0,Ok,17638
507836.328000,105.0,Ok,42.0,Ok,17639
507836.375000,101.0,Ok,42.0,Ok,17640
507836.421000,102.0,Ok,42.0,Ok,17641
507836.468000,99.0,Ok,41.0,Ok,17642
507836.515000,101.0,Ok,43.0,Ok,17643
507836.578000,99.0,Ok,44.0,Ok,17644
507836.609000,98.0,Ok,42.0,Ok,17645
507836.671000,105.0,Ok,41.0,Ok,17646
507836.718000,100.0,Ok,46.0,Ok,17647
507836.765000,103.0,Ok,43.0,Ok,17648
507836.828000,95.0,Ok,43.0,Ok,17649
507836.875000,97.0,Ok,40.0,Ok,17650
507836.921000,99.0,Ok,43.0,Ok,17651
507836.968000,99.0,Ok,42.0,Ok,17652
507837.015000,95.0,Ok,41.0,Ok,17653
507837.078000,97.0,Ok,43.0,Ok,17654
507837.125000,97.0,Ok,42.0,Ok,17655
507837.171000,95.0,Ok,41.0,Ok,17656
507837.218000,99.0,Ok,42.0,Ok,17657
507837.265000,99.0,Ok,42.0,Ok,17658
507837.312000,105.0,Ok,41.0,Ok,17659
507837.375000,104.0,Ok,40.0,Ok,17660
507837.421000,103.0,Ok,40.0,Ok,17661
507837.468000,103.0,Ok,41.0,Ok,17662
507837.515000,98.0,Ok,39.0,Ok,17663
507837.562000,107.0,Ok,32.0,Ok,17664
507837.625000,105.0,Ok,39.0,Ok,17665
507837.671000,98.0,Ok,41.0,Ok,17666
507837.718000,100.0,Ok,39.0,Ok,17667
507837.765000,96.0,Ok,34.0,Ok,17668
507837.828000,99.0,Ok,43.0,Ok,17669
507837.875000,98.0,Ok,40.0,Ok,17670
507837.906000,99.0,Ok,38.0,Ok,17671
507837.953000,96.0,Ok,42.0,Ok,17672
507838.015000,102.0,Ok,39.0,Ok,17673
507838.062000,104.0,Ok,38.0,Ok,17674
507838.125000,97.0,Ok,41.0,Ok,17675
507838.171000,97.0,Ok,39.0,Ok,17676
507838.218000,104.0,Ok,39.0,Ok,17677
507838.265000,100.0,Ok,38.0,Ok,17678
507838.328000,97.0,Ok,28.0,Ok,17679
507838.375000,96.0,Ok,37.0,Ok,17680
507838.421000,97.0,Ok,29.0,Ok,17681
507838.468000,99.0,Ok,34.0,Ok,17682
507838.515000,98.0,Ok,39.0,Ok,17683
507838.562000,96.0,Ok,37.0,Ok,17684
507838.625000,95.0,Ok,40.0,Ok,17685
507838.671000,95.0,Ok,39.0,Ok,17686
507838.718000,100.0,Ok,40.0,Ok,17687
507838.750000,97.0,Ok,39.0,Ok,17688
507838.812000,97.0,Ok,41.0,Ok,17689
507838.875000,98.0,Ok,41.0,Ok,17690
507838.921000,99.0,Ok,37.0,Ok,17691
507838.968000,96.0,Ok,41.0,Ok,17692
507839.015000,97.0,Ok,41.0,Ok,17693
507839.062000,98.0,Ok,42.0,Ok,17694
507839.109000,98.0,Ok,41.0,Ok,17695
507839.171000,100.0,Ok,41.0,Ok,17696
507839.218000,101.0,Ok,44.0,Ok,17697
507839.265000,98.0,Ok,41.0,Ok,17698
507839.312000,101.0,Ok,42.0,Ok,17699
507839.375000,98.0,Ok,42.0,Ok,17700
507839.406000,101.0,Ok,42.0,Ok,17701
507839.468000,100.0,Ok,43.0,Ok,17702
507839.515000,95.0,Ok,42.0,Ok,17703
507839.578000,98.0,Ok,45.0,Ok,17704
507839.625000,104.0,Ok,43.0,Ok,17705
507839.671000,102.0,Ok,39.0,Ok,17706
507839.718000,94.0,Ok,41.0,Ok,17707
507839.765000,100.0,Ok,41.0,Ok,17708
507839.812000,97.0,Ok,40.0,Ok,17709
507839.875000,99.0,Ok,42.0,Ok,17710
507839.921000,99.0,Ok,41.0,Ok,17711
507839.968000,99.0,Ok,44.0,Ok,17712
507840.015000,101.0,Ok,44.0,Ok,17713
507840.062000,100.0,Ok,41.0,Ok,17714
507840.109000,99.0,Ok,39.0,Ok,17715
507840.156000,101.0,Ok,40.0,Ok,17716
507840.203000,101.0,Ok,39.0,Ok,17717
507840.265000,103.0,Ok,44.0,Ok,17718
507840.312000,99.0,Ok,43.0,Ok,17719
507840.375000,100.0,Ok,42.0,Ok,17720
507840.421000,100.0,Ok,44.0,Ok,17721
507840.468000,103.0,Ok,39.0,Ok,17722
507840.515000,101.0,Ok,44.0,Ok,17723
507840.562000,101.0,Ok,44.0,Ok,17724
507840.625000,100.0,Ok,44.0,Ok,17725
507840.656000,103.0,Ok,44.0,Ok,17726
507840.718000,102.0,Ok,46.0,Ok,17727
507840.750000,99.0,Ok,41.0,Ok,17728
507840.828000,100.0,Ok,40.0,Ok,17729
507840.875000,104.0,Ok,37.0,Ok,17730
507840.921000,99.0,Ok,40.0,Ok,17731
507840.968000,107.0,Ok,36.0,Ok,17732
507841.015000,99.0,Ok,40.0,Ok,17733
507841.078000,103.0,Ok,43.0,Ok,17734
507841.125000,99.0,Ok,43.0,Ok,17735
507841.171000,102.0,Ok,43.0,Ok,17736
507841.218000,101.0,Ok,43.0,Ok,17737
507841.265000,106.0,Ok,41.0,Ok,17738
507841.328000,99.0,Ok,43.0,Ok,17739
507841.359000,103.0,Ok,42.0,Ok,17740
507841.421000,106.0,Ok,41.0,Ok,17741
507841.468000,97.0,Ok,45.0,Ok,17742
507841.515000,100.0,Ok,37.0,Ok,17743
507841.578000,103.0,Ok,43.0,Ok,17744
507841.609000,103.0,Ok,41.0,Ok,17745
507841.671000,104.0,Ok,43.0,Ok,17746
507841.750000,106.0,Ok,44.0,Ok,17747
507841.765000,103.0,Ok,43.0,Ok,17748
507841.812000,105.0,Ok,43.0,Ok,17749
507841.859000,100.0,Ok,44.0,Ok,17750
507841.921000,102.0,Ok,46.0,Ok,17751
507841.968000,102.0,Ok,46.0,Ok,17752
507842.015000,99.0,Ok,43.0,Ok,17753
507842.062000,101.0,Ok,41.0,Ok,17754
507842.125000,104.0,Ok,43.0,Ok,17755
507842.171000,107.0,Ok,44.0,Ok,17756
507842.218000,107.0,Ok,44.0,Ok,17757
507842.265000,103.0,Ok,45.0,Ok,17758
507842.328000,102.0,Ok,45.0,Ok,17759
507842.359000,101.0,Ok,43.0,Ok,17760
507842.421000,100.0,Ok,47.0,Ok,17761
507842.468000,99.0,Ok,47.0,Ok,17762
507842.515000,100.0,Ok,47.0,Ok,17763
507842.562000,101.0,Ok,45.0,Ok,17764
507842.625000,104.0,Ok,44.0,Ok,17765
507842.671000,102.0,Ok,44.0,Ok,17766
507842.718000,101.0,Ok,46.0,Ok,17767
507842.765000,101.0,Ok,46.0,Ok,17768
507842.812000,98.0,Ok,42.0,Ok,17769
507842.875000,102.0,Ok,45.0,Ok,17770
507842.921000,102.0,Ok,43.0,Ok,17771
507842.968000,100.0,Ok,45.0,Ok,17772
507843.015000,98.0,Ok,46.0,Ok,17773
507843.062000,102.0,Ok,46.0,Ok,17774
507843.125000,107.0,Ok,45.0,Ok,17775
507843.171000,103.0,Ok,46.0,Ok,17776
507843.218000,100.0,Ok,45.0,Ok,17777
507843.265000,101.0,Ok,45.0,Ok,17778
507843.328000,108.0,Ok,40.0,Ok,17779
507843.375000,100.0,Ok,44.0,Ok,17780
507843.421000,98.0,Ok,43.0,Ok,17781
507843.468000,103.0,Ok,39.0,Ok,17782
507843.515000,99.0,Ok,39.0,Ok,17783
507843.562000,98.0,Ok,41.0,Ok,17784
507843.625000,98.0,Ok,41.0,Ok,17785
507843.671000,103.0,Ok,41.0,Ok,17786
507843.718000,99.0,Ok,46.0,Ok,17787
507843.765000,103.0,Ok,40.0,Ok,17788
507843.812000,101.0,Ok,42.0,Ok,17789
507843.859000,99.0,Ok,40.0,Ok,17790
507843.921000,98.0,Ok,40.0,Ok,17791
507843.968000,101.0,Ok,39.0,Ok,17792
507844.015000,99.0,Ok,42.0,Ok,17793
507844.078000,104.0,Ok,42.0,Ok,17794
507844.109000,102.0,Ok,42.0,Ok,17795
507844.171000,99.0,Ok,39.0,Ok,17796
507844.218000,98.0,Ok,42.0,Ok,17797
507844.265000,103.0,Ok,41.0,Ok,17798
507844.312000,101.0,Ok,41.0,Ok,17799
507844.375000,104.0,Ok,42.0,Ok,17800
507844.406000,101.0,Ok,45.0,Ok,17801
507844.468000,102.0,Ok,45.0,Ok,17802
507844.515000,106.0,Ok,41.0,Ok,17803
507844.562000,102.0,Ok,51.0,Ok,17804
507844.609000,99.0,Ok,46.0,Ok,17805
507844.671000,102.0,Ok,48.0,Ok,17806
507844.718000,102.0,Ok,46.0,Ok,17807
507844.765000,98.0,Ok,47.0,Ok,17808
507844.828000,98.0,Ok,42.0,Ok,17809
507844.859000,102.0,Ok,42.0,Ok,17810
507844.921000,102.0,Ok,47.0,Ok,17811
507844.968000,101.0,Ok,41.0,Ok,17812
507845.015000,109.0,Ok,43.0,Ok,17813
507845.078000,102.0,Ok,45.0,Ok,17814
507845.109000,102.0,Ok,40.0,Ok,17815
507845.156000,103.0,Ok,39.0,Ok,17816
507845.218000,99.0,Ok,40.0,Ok,17817
507845.265000,103.0,Ok,41.0,Ok,17818
507845.328000,101.0,Ok,39.0,Ok,17819
507845.375000,102.0,Ok,41.0,Ok,17820
507845.421000,106.0,Ok,40.0,Ok,17821
507845.468000,102.0,Ok,39.0,Ok,17822
507845.515000,101.0,Ok,38.0,Ok,17823
507845.562000,100.0,Ok,38.0,Ok,17824
507845.625000,107.0,Ok,38.0,Ok,17825
507845.671000,101.0,Ok,37.0,Ok,17826
507845.718000,106.0,Ok,35.0,Ok,17827
507845.765000,100.0,Ok,38.0,Ok,17828
507845.875000,99.0,Ok,35.0,Ok,17829
507845.875000,103.0,Ok,36.0,Ok,17830
507845.921000,104.0,Ok,39.0,Ok,17831
507845.968000,100.0,Ok,39.0,Ok,17832
507846.015000,102.0,Ok,41.0,Ok,17833
507846.078000,107.0,Ok,40.0,Ok,17834
507846.109000,101.0,Ok,40.0,Ok,17835
507846.156000,102.0,Ok,37.0,Ok,17836
507846.218000,99.0,Ok,39.0,Ok,17837
507846.265000,101.0,Ok,38.0,Ok,17838
507846.312000,98.0,Ok,38.0,Ok,17839
507846.359000,99.0,Ok,38.0,Ok,17840
507846.421000,104.0,Ok,38.0,Ok,17841
507846.468000,102.0,Ok,37.0,Ok,17842
507846.515000,99.0,Ok,35.0,Ok,17843
507846.562000,101.0,Ok,35.0,Ok,17844
507846.625000,102.0,Ok,44.0,Ok,17845
507846.671000,102.0,Ok,39.0,Ok,17846
507846.703000,98.0,Ok,39.0,Ok,17847
507846.781000,101.0,Ok,42.0,Ok,17848
507846.828000,102.0,Ok,40.0,Ok,17849
507846.859000,102.0,Ok,42.0,Ok,17850
507846.921000,99.0,Ok,44.0,Ok,17851
507846.968000,100.0,Ok,39.0,Ok,17852
507847.015000,105.0,Ok,46.0,Ok,17853
507847.062000,102.0,Ok,44.0,Ok,17854
507847.109000,104.0,Ok,43.0,Ok,17855
507847.203000,100.0,Ok,38.0,Ok,17856
507847.218000,106.0,Ok,40.0,Ok,17857
507847.265000,109.0,Ok,37.0,Ok,17858
507847.312000,101.0,Ok,37.0,Ok,17859
507847.359000,102.0,Ok,41.0,Ok,17860
507847.421000,106.0,Ok,39.0,Ok,17861
507847.468000,100.0,Ok,39.0,Ok,17862
507847.515000,102.0,Ok,41.0,Ok,17863
507847.578000,102.0,Ok,39.0,Ok,17864
507847.625000,97.0,Ok,41.0,Ok,17865
507847.671000,100.0,Ok,38.0,Ok,17866
507847.718000,101.0,Ok,38.0,Ok,17867
507847.765000,100.0,Ok,37.0,Ok,17868
507847.812000,100.0,Ok,45.0,Ok,17869
507847.875000,100.0,Ok,40.0,Ok,17870
507847.921000,102.0,Ok,42.0,Ok,17871
507847.968000,101.0,Ok,39.0,Ok,17872
507848.015000,104.0,Ok,38.0,Ok,17873
507848.062000,102.0,Ok,42.0,Ok,17874
507848.109000,101.0,Ok,39.0,Ok,17875
507848.171000,100.0,Ok,37.0,Ok,17876
507848.203000,100.0,Ok,37.0,Ok,17877
507848.265000,99.0,Ok,38.0,Ok,17878
507848.312000,101.0,Ok,43.0,Ok,17879
507848.359000,104.0,Ok,39.0,Ok,17880
507848.406000,102.0,Ok,43.0,Ok,17881
507848.468000,102.0,Ok,39.0,Ok,17882
507848.515000,99.0,Ok,39.0,Ok,17883
507848.562000,104.0,Ok,38.0,Ok,17884
507848.609000,102.0,Ok,38.0,Ok,17885
507848.671000,102.0,Ok,37.0,Ok,17886
507848.718000,99.0,Ok,43.0,Ok,17887
507848.765000,103.0,Ok,39.0,Ok,17888
507848.828000,102.0,Ok,39.0,Ok,17889
507848.859000,104.0,Ok,39.0,Ok,17890
507848.921000,103.0,Ok,41.0,Ok,17891
507848.968000,101.0,Ok,37.0,Ok,17892
507849.015000,102.0,Ok,37.0,Ok,17893
507849.062000,102.0,Ok,40.0,Ok,17894
507849.125000,100.0,Ok,41.0,Ok,17895
507849.171000,99.0,Ok,41.0,Ok,17896
507849.218000,105.0,Ok,41.0,Ok,17897
507849.265000,103.0,Ok,41.0,Ok,17898
507849.328000,103.0,Ok,44.0,Ok,17899
507849.359000,104.0,Ok,42.0,Ok,17900
507849.421000,100.0,Ok,42.0,Ok,17901
507849.453000,104.0,Ok,40.0,Ok,17902
507849.515000,102.0,Ok,40.0,Ok,17903
507849.562000,100.0,Ok,39.0,Ok,17904
507849.625000,102.0,Ok,41.0,Ok,17905
507849.671000,104.0,Ok,46.0,Ok,17906
507849.718000,104.0,Ok,43.0,Ok,17907
507849.765000,101.0,Ok,41.0,Ok,17908
507849.812000,100.0,Ok,40.0,Ok,17909
507849.859000,98.0,Ok,37.0,Ok,17910
507849.921000,101.0,Ok,38.0,Ok,17911
507849.968000,99.0,Ok,41.0,Ok,17912
507850.015000,99.0,Ok,41.0,Ok,17913
507850.078000,102.0,Ok,41.0,Ok,17914
507850.125000,101.0,Ok,44.0,Ok,17915
507850.156000,99.0,Ok,43.0,Ok,17916
507850.218000,102.0,Ok,44.0,Ok,17917
507850.265000,104.0,Ok,42.0,Ok,17918
507850.328000,100.0,Ok,44.0,Ok,17919
507850.375000,99.0,Ok,43.0,Ok,17920
507850.421000,102.0,Ok,44.0,Ok,17921
507850.468000,101.0,Ok,46.0,Ok,17922
507850.515000,99.0,Ok,51.0,Ok,17923
507850.562000,98.0,Ok,46.0,Ok,17924
507850.609000,100.0,Ok,45.0,Ok,17925
507850.656000,100.0,Ok,46.0,Ok,17926
507850.718000,96.0,Ok,44.0,Ok,17927
507850.765000,102.0,Ok,41.0,Ok,17928
507850.812000,104.0,Ok,41.0,Ok,17929
507850.875000,103.0,Ok,42.0,Ok,17930
507850.921000,99.0,Ok,44.0,Ok,17931
507850.968000,99.0,Ok,46.0,Ok,17932
507851.015000,99.0,Ok,42.0,Ok,17933
507851.062000,102.0,Ok,46.0,Ok,17934
507851.125000,100.0,Ok,42.0,Ok,17935
507851.171000,105.0,Ok,45.0,Ok,17936
507851.218000,99.0,Ok,47.0,Ok,17937
507851.296000,104.0,Ok,49.0,Ok,17938
507851.312000,101.0,Ok,49.0,Ok,17939
507851.359000,101.0,Ok,50.0,Ok,17940
507851.421000,100.0,Ok,42.0,Ok,17941
507851.468000,100.0,Ok,43.0,Ok,17942
507851.515000,99.0,Ok,46.0,Ok,17943
507851.578000,99.0,Ok,48.0,Ok,17944
507851.625000,101.0,Ok,45.0,Ok,17945
507851.671000,105.0,Ok,46.0,Ok,17946
507851.718000,99.0,Ok,42.0,Ok,17947
507851.765000,107.0,Ok,46.0,Ok,17948
507851.812000,98.0,Ok,45.0,Ok,17949
507851.875000,101.0,Ok,46.0,Ok,17950
507851.921000,100.0,Ok,36.0,Ok,17951
507851.968000,102.0,Ok,39.0,Ok,17952
507852.015000,103.0,Ok,41.0,Ok,17953
507852.062000,102.0,Ok,44.0,Ok,17954
507852.109000,104.0,Ok,47.0,Ok,17955
507852.156000,109.0,Ok,47.0,Ok,17956
507852.218000,104.0,Ok,48.0,Ok,17957
507852.265000,104.0,Ok,45.0,Ok,17958
507852.328000,109.0,Ok,43.0,Ok,17959
507852.375000,103.0,Ok,42.0,Ok,17960
507852.421000,99.0,Ok,46.0,Ok,17961
507852.468000,104.0,Ok,43.0,Ok,17962
507852.515000,102.0,Ok,51.0,Ok,17963
507852.578000,102.0,Ok,42.0,Ok,17964
507852.625000,107.0,Ok,41.0,Ok,17965
507852.671000,104.0,Ok,43.0,Ok,17966
507852.718000,99.0,Ok,47.0,Ok,17967
507852.765000,107.0,Ok,48.0,Ok,17968
507852.812000,106.0,Ok,41.0,Ok,17969
507852.875000,101.0,Ok,45.0,Ok,17970
507852.921000,108.0,Ok,46.0,Ok,17971
507852.953000,102.0,Ok,51.0,Ok,17972
507853.015000,104.0,Ok,51.0,Ok,17973
507853.062000,101.0,Ok,56.0,Ok,17974
507853.125000,104.0,Ok,53.0,Ok,17975
507853.171000,102.0,Ok,52.0,Ok,17976
507853.218000,104.0,Ok,49.0,Ok,17977
507853.265000,101.0,Ok,51.0,Ok,17978
507853.328000,107.0,Ok,49.0,Ok,17979
507853.375000,101.0,Ok,52.0,Ok,17980
507853.421000,99.0,Ok,49.0,Ok,17981
507853.468000,103.0,Ok,48.0,Ok,17982
507853.515000,105.0,Ok,51.0,Ok,17983
507853.562000,101.0,Ok,50.0,Ok,17984
507853.609000,101.0,Ok,48.0,Ok,17985
507853.656000,102.0,Ok,46.0,Ok,17986
507853.718000,100.0,Ok,44.0,Ok,17987
507853.765000,106.0,Ok,43.0,Ok,17988
507853.828000,104.0,Ok,45.0,Ok,17989
507853.859000,105.0,Ok,47.0,Ok,17990
507853.921000,107.0,Ok,50.0,Ok,17991
507853.968000,105.0,Ok,48.0,Ok,17992
507854.031000,104.0,Ok,46.0,Ok,17993
507854.062000,105.0,Ok,41.0,Ok,17994
507854.125000,107.0,Ok,49.0,Ok,17995
507854.171000,107.0,Ok,47.0,Ok,17996
507854.218000,105.0,Ok,40.0,Ok,17997
507854.265000,102.0,Ok,41.0,Ok,17998
507854.312000,103.0,Ok,46.0,Ok,17999
507854.375000,106.0,Ok,51.0,Ok,18000
507854.421000,102.0,Ok,46.0,Ok,18001
507854.468000,105.0,Ok,46.0,Ok,18002
507854.515000,103.0,Ok,49.0,Ok,18003
507854.578000,100.0,Ok,44.0,Ok,18004
507854.625000,102.0,Ok,40.0,Ok,18005
507854.671000,102.0,Ok,42.0,Ok,18006
507854.718000,100.0,Ok,46.0,Ok,18007
507854.765000,106.0,Ok,42.0,Ok,18008
507854.812000,108.0,Ok,41.0,Ok,18009
507854.859000,101.0,Ok,41.0,Ok,18010
507854.921000,100.0,Ok,45.0,Ok,18011
507854.968000,102.0,Ok,48.0,Ok,18012
507855.015000,105.0,Ok,48.0,Ok,18013
507855.078000,100.0,Ok,41.0,Ok,18014
507855.125000,102.0,Ok,43.0,Ok,18015
507855.171000,102.0,Ok,39.0,Ok,18016
507855.218000,101.0,Ok,47.0,Ok,18017
507855.265000,104.0,Ok,42.0,Ok,18018
507855.328000,100.0,Ok,41.0,Ok,18019
507855.375000,103.0,Ok,42.0,Ok,18020
507855.421000,97.0,Ok,44.0,Ok,18021
507855.468000,104.0,Ok,42.0,Ok,18022
507855.515000,101.0,Ok,47.0,Ok,18023
507855.578000,102.0,Ok,43.0,Ok,18024
507855.625000,102.0,Ok,42.0,Ok,18025
507855.671000,99.0,Ok,46.0,Ok,18026
507855.718000,103.0,Ok,48.0,Ok,18027
507855.781000,103.0,Ok,44.0,Ok,18028
507855.812000,103.0,Ok,47.0,Ok,18029
507855.875000,101.0,Ok,46.0,Ok,18030
507855.921000,105.0,Ok,49.0,Ok,18031
507855.968000,102.0,Ok,47.0,Ok,18032
507856.015000,100.0,Ok,43.0,Ok,18033
507856.062000,102.0,Ok,44.0,Ok,18034
507856.125000,99.0,Ok,46.0,Ok,18035
507856.171000,103.0,Ok,50.0,Ok,18036
507856.218000,98.0,Ok,44.0,Ok,18037
507856.250000,103.0,Ok,41.0,Ok,18038
507856.312000,101.0,Ok,40.0,Ok,18039
507856.375000,99.0,Ok,46.0,Ok,18040
507856.421000,102.0,Ok,41.0,Ok,18041
507856.468000,99.0,Ok,48.0,Ok,18042
507856.515000,101.0,Ok,41.0,Ok,18043
507856.578000,101.0,Ok,42.0,Ok,18044
507856.625000,107.0,Ok,41.0,Ok,18045
507856.671000,99.0,Ok,42.0,Ok,18046
507856.718000,100.0,Ok,44.0,Ok,18047
507856.765000,101.0,Ok,49.0,Ok,18048
507856.812000,104.0,Ok,48.0,Ok,18049
507856.875000,98.0,Ok,47.0,Ok,18050
507856.921000,102.0,Ok,45.0,Ok,18051
507856.968000,103.0,Ok,43.0,Ok,18052
507857.015000,99.0,Ok,41.0,Ok,18053
507857.078000,98.0,Ok,46.0,Ok,18054
507857.125000,100.0,Ok,45.0,Ok,18055
507857.171000,104.0,Ok,39.0,Ok,18056
507857.218000,102.0,Ok,44.0,Ok,18057
507857.265000,107.0,Ok,40.0,Ok,18058
507857.312000,109.0,Ok,39.0,Ok,18059
507857.375000,106.0,Ok,44.0,Ok,18060
507857.421000,101.0,Ok,49.0,Ok,18061
507857.468000,105.0,Ok,43.0,Ok,18062
507857.515000,109.0,Ok,42.0,Ok,18063
507857.578000,108.0,Ok,45.0,Ok,18064
507857.625000,102.0,Ok,46.0,Ok,18065
507857.671000,106.0,Ok,48.0,Ok,18066
507857.718000,102.0,Ok,46.0,Ok,18067
507857.765000,97.0,Ok,46.0,Ok,18068
507857.828000,101.0,Ok,43.0,Ok,18069
507857.875000,98.0,Ok,43.0,Ok,18070
507857.921000,105.0,Ok,41.0,Ok,18071
507857.968000,99.0,Ok,39.0,Ok,18072
507858.015000,101.0,Ok,47.0,Ok,18073
507858.078000,100.0,Ok,46.0,Ok,18074
507858.125000,99.0,Ok,43.0,Ok,18075
507858.171000,101.0,Ok,47.0,Ok,18076
507858.218000,101.0,Ok,48.0,Ok,18077
507858.265000,104.0,Ok,51.0,Ok,18078
507858.328000,106.0,Ok,48.0,Ok,18079
507858.359000,101.0,Ok,47.0,Ok,18080
507858.421000,104.0,Ok,49.0,Ok,18081
507858.468000,107.0,Ok,49.0,Ok,18082
507858.515000,101.0,Ok,50.0,Ok,18083
507858.578000,102.0,Ok,44.0,Ok,18084
507858.625000,102.0,Ok,41.0,Ok,18085
507858.656000,99.0,Ok,46.0,Ok,18086
507858.718000,102.0,Ok,46.0,Ok,18087
507858.765000,98.0,Ok,51.0,Ok,18088
507858.828000,101.0,Ok,47.0,Ok,18089
507858.875000,101.0,Ok,49.0,Ok,18090
507858.921000,101.0,Ok,50.0,Ok,18091
507858.968000,102.0,Ok,45.0,Ok,18092
507859.015000,103.0,Ok,46.0,Ok,18093
507859.062000,100.0,Ok,44.0,Ok,18094
507859.109000,102.0,Ok,46.0,Ok,18095
507859.171000,100.0,Ok,45.0,Ok,18096
507859.218000,105.0,Ok,44.0,Ok,18097
507859.265000,100.0,Ok,52.0,Ok,18098
507859.328000,102.0,Ok,46.0,Ok,18099
507859.359000,100.0,Ok,46.0,Ok,18100
507859.421000,105.0,Ok,47.0,Ok,18101
507859.468000,101.0,Ok,45.0,Ok,18102
507859.515000,102.0,Ok,47.0,Ok,18103
507859.578000,101.0,Ok,46.0,Ok,18104
507859.609000,101.0,Ok,41.0,Ok,18105
507859.671000,98.0,Ok,42.0,Ok,18106
507859.718000,102.0,Ok,47.0,Ok,18107
507859.765000,103.0,Ok,46.0,Ok,18108
507859.812000,99.0,Ok,51.0,Ok,18109
507859.859000,107.0,Ok,49.0,Ok,18110
507859.921000,102.0,Ok,46.0,Ok,18111
507859.968000,101.0,Ok,45.0,Ok,18112
507860.015000,101.0,Ok,52.0,Ok,18113
507860.062000,101.0,Ok,41.0,Ok,18114
507860.125000,104.0,Ok,42.0,Ok,18115
507860.171000,98.0,Ok,39.0,Ok,18116
507860.218000,99.0,Ok,39.0,Ok,18117
507860.250000,103.0,Ok,46.0,Ok,18118
507860.328000,107.0,Ok,46.0,Ok,18119
507860.375000,103.0,Ok,46.0,Ok,18120
507860.421000,106.0,Ok,44.0,Ok,18121
507860.468000,98.0,Ok,43.0,Ok,18122
507860.515000,100.0,Ok,42.0,Ok,18123
507860.562000,108.0,Ok,45.0,Ok,18124
507860.625000,100.0,Ok,43.0,Ok,18125
507860.656000,103.0,Ok,40.0,Ok,18126
507860.703000,108.0,Ok,43.0,Ok,18127
507860.765000,97.0,Ok,41.0,Ok,18128
507860.812000,102.0,Ok,41.0,Ok,18129
507860.875000,107.0,Ok,36.0,Ok,18130
507860.921000,104.0,Ok,39.0,Ok,18131
507860.968000,102.0,Ok,38.0,Ok,18132
507861.015000,101.0,Ok,39.0,Ok,18133
507861.062000,103.0,Ok,41.0,Ok,18134
507861.109000,102.0,Ok,39.0,Ok,18135
507861.171000,100.0,Ok,38.0,Ok,18136
507861.218000,99.0,Ok,39.0,Ok,18137
507861.265000,104.0,Ok,40.0,Ok,18138
507861.312000,98.0,Ok,40.0,Ok,18139
507861.375000,97.0,Ok,39.0,Ok,18140
507861.421000,96.0,Ok,39.0,Ok,18141
507861.468000,101.0,Ok,39.0,Ok,18142
507861.500000,106.0,Ok,39.0,Ok,18143
507861.578000,105.0,Ok,43.0,Ok,18144
507861.625000,100.0,Ok,39.0,Ok,18145
507861.671000,102.0,Ok,39.0,Ok,18146
507861.718000,98.0,Ok,42.0,Ok,18147
507861.765000,101.0,Ok,39.0,Ok,18148
507861.812000,104.0,Ok,38.0,Ok,18149
507861.875000,107.0,Ok,37.0,Ok,18150
507861.921000,101.0,Ok,42.0,Ok,18151
507861.953000,107.0,Ok,40.0,Ok,18152
507862.015000,106.0,Ok,42.0,Ok,18153
507862.062000,105.0,Ok,40.0,Ok,18154
507862.125000,102.0,Ok,39.0,Ok,18155
507862.203000,101.0,Ok,42.0,Ok,18156
507862.218000,105.0,Ok,41.0,Ok,18157
507862.265000,102.0,Ok,36.0,Ok,18158
507862.328000,101.0,Ok,40.0,Ok,18159
507862.375000,107.0,Ok,39.0,Ok,18160
507862.421000,106.0,Ok,41.0,Ok,18161
507862.468000,100.0,Ok,40.0,Ok,18162
507862.515000,105.0,Ok,41.0,Ok,18163
507862.562000,101.0,Ok,39.0,Ok,18164
507862.625000,103.0,Ok,40.0,Ok,18165
507862.671000,102.0,Ok,39.0,Ok,18166
507862.718000,102.0,Ok,42.0,Ok,18167
507862.765000,103.0,Ok,42.0,Ok,18168
507862.828000,103.0,Ok,41.0,Ok,18169
507862.875000,103.0,Ok,41.0,Ok,18170
507862.906000,99.0,Ok,42.0,Ok,18171
507862.968000,102.0,Ok,40.0,Ok,18172
507863.015000,103.0,Ok,39.0,Ok,18173
507863.062000,99.0,Ok,39.0,Ok,18174
507863.125000,107.0,Ok,40.0,Ok,18175
507863.171000,107.0,Ok,39.0,Ok,18176
507863.218000,109.0,Ok,33.0,Ok,18177
507863.265000,104.0,Ok,37.0,Ok,18178
507863.328000,102.0,Ok,42.0,Ok,18179
507863.375000,104.0,Ok,29.0,Ok,18180
507863.421000,106.0,Ok,29.0,Ok,18181
507863.468000,103.0,Ok,37.0,Ok,18182
507863.515000,99.0,Ok,35.0,Ok,18183
507863.578000,101.0,Ok,40.0,Ok,18184
507863.609000,101.0,Ok,42.0,Ok,18185
507863.671000,100.0,Ok,39.0,Ok,18186
507863.718000,102.0,Ok,37.0,Ok,18187
507863.765000,102.0,Ok,35.0,Ok,18188
507863.828000,100.0,Ok,42.0,Ok,18189
507863.875000,104.0,Ok,40.0,Ok,18190
507863.921000,105.0,Ok,38.0,Ok,18191
507863.968000,101.0,Ok,42.0,Ok,18192
507864.015000,102.0,Ok,39.0,Ok,18193
507864.062000,101.0,Ok,42.0,Ok,18194
507864.125000,99.0,Ok,40.0,Ok,18195
507864.171000,101.0,Ok,41.0,Ok,18196
507864.218000,102.0,Ok,40.0,Ok,18197
507864.265000,105.0,Ok,40.0,Ok,18198
507864.312000,104.0,Ok,36.0,Ok,18199
507864.375000,103.0,Ok,39.0,Ok,18200
507864.421000,103.0,Ok,42.0,Ok,18201
507864.468000,104.0,Ok,44.0,Ok,18202
507864.515000,105.0,Ok,35.0,Ok,18203
507864.578000,102.0,Ok,36.0,Ok,18204
507864.625000,105.0,Ok,44.0,Ok,18205
507864.671000,101.0,Ok,40.0,Ok,18206
507864.718000,102.0,Ok,44.0,Ok,18207
507864.765000,102.0,Ok,43.0,Ok,18208
507864.812000,104.0,Ok,46.0,Ok,18209
507864.875000,101.0,Ok,55.0,Ok,18210
507864.921000,101.0,Ok,56.0,Ok,18211
507864.968000,102.0,Ok,54.0,Ok,18212
507865.015000,101.0,Ok,58.0,Ok,18213
507865.062000,99.0,Ok,58.0,Ok,18214
507865.125000,103.0,Ok,61.0,Ok,18215
507865.171000,102.0,Ok,58.0,Ok,18216
507865.218000,98.0,Ok,62.0,Ok,18217
507865.265000,96.0,Ok,56.0,Ok,18218
507865.328000,97.0,Ok,59.0,Ok,18219
507865.375000,97.0,Ok,55.0,Ok,18220
507865.421000,96.0,Ok,53.0,Ok,18221
507865.468000,99.0,Ok,53.0,Ok,18222
507865.515000,96.0,Ok,46.0,Ok,18223
507865.578000,100.0,Ok,38.0,Ok,18224
507865.625000,97.0,Ok,36.0,Ok,18225
507865.671000,97.0,Ok,46.0,Ok,18226
507865.718000,104.0,Ok,47.0,Ok,18227
507865.765000,101.0,Ok,39.0,Ok,18228
507865.812000,100.0,Ok,47.0,Ok,18229
507865.859000,98.0,Ok,42.0,Ok,18230
507865.921000,95.0,Ok,43.0,Ok,18231
507865.968000,99.0,Ok,45.0,Ok,18232
507866.015000,96.0,Ok,48.0,Ok,18233
507866.062000,99.0,Ok,50.0,Ok,18234
507866.109000,99.0,Ok,36.0,Ok,18235
507866.171000,97.0,Ok,42.0,Ok,18236
507866.218000,103.0,Ok,38.0,Ok,18237
507866.281000,97.0,Ok,42.0,Ok,18238
507866.312000,97.0,Ok,38.0,Ok,18239
507866.375000,99.0,Ok,39.0,Ok,18240
507866.421000,100.0,Ok,46.0,Ok,18241
507866.453000,103.0,Ok,35.0,Ok,18242
507866.515000,102.0,Ok,38.0,Ok,18243
507866.578000,96.0,Ok,36.0,Ok,18244
507866.625000,97.0,Ok,41.0,Ok,18245
507866.671000,97.0,Ok,35.0,Ok,18246
507866.718000,99.0,Ok,40.0,Ok,18247
507866.765000,95.0,Ok,39.0,Ok,18248
507866.828000,102.0,Ok,42.0,Ok,18249
507866.875000,97.0,Ok,40.0,Ok,18250
507866.921000,95.0,Ok,40.0,Ok,18251
507866.968000,98.0,Ok,39.0,Ok,18252
507867.015000,99.0,Ok,38.0,Ok,18253
507867.062000,100.0,Ok,40.0,Ok,18254
507867.109000,97.0,Ok,39.0,Ok,18255
507867.156000,97.0,Ok,42.0,Ok,18256
507867.218000,97.0,Ok,39.0,Ok,18257
507867.265000,96.0,Ok,43.0,Ok,18258
507867.312000,96.0,Ok,41.0,Ok,18259
507867.375000,98.0,Ok,46.0,Ok,18260
507867.421000,97.0,Ok,42.0,Ok,18261
507867.468000,95.0,Ok,43.0,Ok,18262
507867.515000,94.0,Ok,46.0,Ok,18263
507867.562000,100.0,Ok,40.0,Ok,18264
507867.609000,99.0,Ok,43.0,Ok,18265
507867.671000,96.0,Ok,41.0,Ok,18266
507867.718000,96.0,Ok,41.0,Ok,18267
507867.765000,99.0,Ok,43.0,Ok,18268
507867.828000,98.0,Ok,44.0,Ok,18269
507867.875000,95.0,Ok,40.0,Ok,18270
507867.921000,97.0,Ok,40.0,Ok,18271
507867.968000,98.0,Ok,40.0,Ok,18272
507868.015000,97.0,Ok,39.0,Ok,18273
507868.062000,96.0,Ok,41.0,Ok,18274
507868.109000,95.0,Ok,46.0,Ok,18275
507868.171000,98.0,Ok,38.0,Ok,18276
507868.218000,96.0,Ok,41.0,Ok,18277
507868.265000,97.0,Ok,41.0,Ok,18278
507868.328000,95.0,Ok,42.0,Ok,18279
507868.375000,97.0,Ok,38.0,Ok,18280
507868.421000,95.0,Ok,40.0,Ok,18281
507868.468000,97.0,Ok,35.0,Ok,18282
507868.515000,96.0,Ok,41.0,Ok,18283
507868.578000,99.0,Ok,41.0,Ok,18284
507868.609000,96.0,Ok,45.0,Ok,18285
507868.671000,97.0,Ok,45.0,Ok,18286
507868.718000,93.0,Ok,43.0,Ok,18287
507868.765000,97.0,Ok,42.0,Ok,18288
507868.812000,98.0,Ok,42.0,Ok,18289
507868.875000,98.0,Ok,38.0,Ok,18290
507868.921000,98.0,Ok,45.0,Ok,18291
507868.968000,96.0,Ok,47.0,Ok,18292
507869.015000,97.0,Ok,48.0,Ok,18293
507869.062000,96.0,Ok,47.0,Ok,18294
507869.125000,95.0,Ok,46.0,Ok,18295
507869.171000,95.0,Ok,40.0,Ok,18296
507869.218000,96.0,Ok,38.0,Ok,18297
507869.265000,95.0,Ok,43.0,Ok,18298
507869.328000,93.0,Ok,35.0,Ok,18299
507869.375000,96.0,Ok,49.0,Ok,18300
507869.421000,97.0,Ok,45.0,Ok,18301
507869.468000,94.0,Ok,42.0,Ok,18302
507869.515000,96.0,Ok,40.0,Ok,18303
507869.562000,93.0,Ok,42.0,Ok,18304
507869.625000,94.0,Ok,46.0,Ok,18305
507869.671000,99.0,Ok,45.0,Ok,18306
507869.718000,97.0,Ok,42.0,Ok,18307
507869.765000,94.0,Ok,39.0,Ok,18308
507869.812000,98.0,Ok,44.0,Ok,18309
507869.859000,98.0,Ok,48.0,Ok,18310
507869.921000,95.0,Ok,43.0,Ok,18311
507869.968000,99.0,Ok,39.0,Ok,18312
507870.000000,96.0,Ok,46.0,Ok,18313
507870.078000,98.0,Ok,48.0,Ok,18314
507870.125000,94.0,Ok,46.0,Ok,18315
507870.156000,96.0,Ok,42.0,Ok,18316
507870.218000,96.0,Ok,46.0,Ok,18317
507870.265000,98.0,Ok,46.0,Ok,18318
507870.312000,94.0,Ok,47.0,Ok,18319
507870.375000,96.0,Ok,43.0,Ok,18320
507870.421000,95.0,Ok,39.0,Ok,18321
507870.468000,97.0,Ok,45.0,Ok,18322
507870.515000,94.0,Ok,42.0,Ok,18323
507870.578000,96.0,Ok,46.0,Ok,18324
507870.609000,102.0,Ok,47.0,Ok,18325
507870.671000,97.0,Ok,47.0,Ok,18326
507870.718000,96.0,Ok,47.0,Ok,18327
507870.765000,95.0,Ok,46.0,Ok,18328
507870.828000,98.0,Ok,44.0,Ok,18329
507870.875000,97.0,Ok,47.0,Ok,18330
507870.921000,96.0,Ok,44.0,Ok,18331
507870.968000,97.0,Ok,48.0,Ok,18332
507871.015000,96.0,Ok,47.0,Ok,18333
507871.078000,94.0,Ok,47.0,Ok,18334
507871.125000,97.0,Ok,42.0,Ok,18335
507871.171000,93.0,Ok,47.0,Ok,18336
507871.218000,97.0,Ok,45.0,Ok,18337
507871.265000,95.0,Ok,42.0,Ok,18338
507871.312000,103.0,Ok,46.0,Ok,18339
507871.359000,100.0,Ok,41.0,Ok,18340
507871.421000,98.0,Ok,47.0,Ok,18341
507871.468000,97.0,Ok,48.0,Ok,18342
507871.515000,100.0,Ok,49.0,Ok,18343
507871.562000,97.0,Ok,47.0,Ok,18344
507871.609000,97.0,Ok,47.0,Ok,18345
507871.671000,98.0,Ok,45.0,Ok,18346
507871.734000,97.0,Ok,47.0,Ok,18347
507871.765000,99.0,Ok,48.0,Ok,18348
507871.828000,98.0,Ok,50.0,Ok,18349
507871.859000,99.0,Ok,49.0,Ok,18350
507871.921000,95.0,Ok,46.0,Ok,18351
507871.968000,97.0,Ok,48.0,Ok,18352
507872.015000,99.0,Ok,48.0,Ok,18353
507872.062000,98.0,Ok,48.0,Ok,18354
507872.125000,98.0,Ok,45.0,Ok,18355
507872.171000,92.0,Ok,43.0,Ok,18356
507872.218000,96.0,Ok,38.0,Ok,18357
507872.265000,92.0,Ok,44.0,Ok,18358
507872.312000,99.0,Ok,49.0,Ok,18359
507872.375000,95.0,Ok,46.0,Ok,18360
507872.406000,93.0,Ok,48.0,Ok,18361
507872.468000,105.0,Ok,51.0,Ok,18362
507872.515000,103.0,Ok,46.0,Ok,18363
507872.562000,127.0,Ok,43.0,Ok,18364
507872.625000,131.0,Ok,48.0,Ok,18365
507872.671000,113.0,Ok,45.0,Ok,18366
507872.718000,99.0,Ok,45.0,Ok,18367
507872.765000,107.0,Ok,47.0,Ok,18368
507872.812000,98.0,Ok,43.0,Ok,18369
507872.875000,91.0,Ok,41.0,Ok,18370
507872.921000,99.0,Ok,47.0,Ok,18371
507872.968000,101.0,Ok,47.0,Ok,18372
507873.015000,101.0,Ok,42.0,Ok,18373
507873.078000,102.0,Ok,43.0,Ok,18374
507873.125000,99.0,Ok,47.0,Ok,18375
507873.171000,103.0,Ok,45.0,Ok,18376
507873.218000,105.0,Ok,46.0,Ok,18377
507873.265000,101.0,Ok,46.0,Ok,18378
507873.312000,100.0,Ok,48.0,Ok,18379
507873.359000,122.0,Ok,49.0,Ok,18380
507873.421000,100.0,Ok,48.0,Ok,18381
507873.468000,87.0,Ok,44.0,Ok,18382
507873.515000,82.0,Ok,40.0,Ok,18383
507873.562000,99.0,Ok,46.0,Ok,18384
507873.625000,97.0,Ok,43.0,Ok,18385
507873.671000,82.0,Ok,40.0,Ok,18386
507873.718000,92.0,Ok,46.0,Ok,18387
507873.765000,96.0,Ok,46.0,Ok,18388
507873.828000,93.0,Ok,48.0,Ok,18389
507873.875000,100.0,Ok,45.0,Ok,18390
507873.921000,104.0,Ok,46.0,Ok,18391
507873.968000,106.0,Ok,49.0,Ok,18392
507874.015000,100.0,Ok,49.0,Ok,18393
507874.062000,99.0,Ok,50.0,Ok,18394
507874.109000,99.0,Ok,50.0,Ok,18395
507874.171000,98.0,Ok,47.0,Ok,18396
507874.218000,101.0,Ok,48.0,Ok,18397
507874.281000,99.0,Ok,48.0,Ok,18398
507874.328000,99.0,Ok,46.0,Ok,18399
507874.375000,96.0,Ok,46.0,Ok,18400
507874.421000,99.0,Ok,49.0,Ok,18401
507874.468000,96.0,Ok,46.0,Ok,18402
507874.515000,100.0,Ok,47.0,Ok,18403
507874.578000,99.0,Ok,49.0,Ok,18404
507874.625000,106.0,Ok,48.0,Ok,18405
507874.671000,102.0,Ok,44.0,Ok,18406
507874.718000,100.0,Ok,49.0,Ok,18407
507874.765000,99.0,Ok,50.0,Ok,18408
507874.828000,105.0,Ok,43.0,Ok,18409
507874.875000,99.0,Ok,49.0,Ok,18410
507874.921000,102.0,Ok,48.0,Ok,18411
507874.968000,101.0,Ok,50.0,Ok,18412
507875.015000,101.0,Ok,49.0,Ok,18413
507875.062000,99.0,Ok,44.0,Ok,18414
507875.125000,96.0,Ok,46.0,Ok,18415
507875.171000,97.0,Ok,46.0,Ok,18416
507875.218000,99.0,Ok,46.0,Ok,18417
507875.265000,96.0,Ok,45.0,Ok,18418
507875.312000,101.0,Ok,49.0,Ok,18419
507875.375000,97.0,Ok,45.0,Ok,18420
507875.406000,98.0,Ok,48.0,Ok,18421
507875.468000,98.0,Ok,43.0,Ok,18422
507875.515000,100.0,Ok,40.0,Ok,18423
507875.562000,100.0,Ok,46.0,Ok,18424
507875.609000,98.0,Ok,47.0,Ok,18425
507875.671000,100.0,Ok,47.0,Ok,18426
507875.718000,98.0,Ok,49.0,Ok,18427
507875.765000,101.0,Ok,52.0,Ok,18428
507875.828000,102.0,Ok,53.0,Ok,18429
507875.875000,102.0,Ok,50.0,Ok,18430
507875.921000,99.0,Ok,51.0,Ok,18431
507875.968000,98.0,Ok,49.0,Ok,18432
507876.015000,99.0,Ok,50.0,Ok,18433
507876.078000,100.0,Ok,56.0,Ok,18434
507876.125000,100.0,Ok,58.0,Ok,18435
507876.171000,99.0,Ok,54.0,Ok,18436
507876.218000,96.0,Ok,56.0,Ok,18437
507876.265000,97.0,Ok,58.0,Ok,18438
507876.312000,97.0,Ok,62.0,Ok,18439
507876.375000,101.0,Ok,63.0,Ok,18440
507876.421000,97.0,Ok,57.0,Ok,18441
507876.468000,99.0,Ok,67.0,Ok,18442
507876.515000,98.0,Ok,60.0,Ok,18443
507876.578000,102.0,Ok,59.0,Ok,18444
507876.625000,101.0,Ok,60.0,Ok,18445
507876.671000,99.0,Ok,62.0,Ok,18446
507876.718000,99.0,Ok,65.0,Ok,18447
507876.765000,99.0,Ok,69.0,Ok,18448
507876.828000,97.0,Ok,74.0,Ok,18449
507876.875000,96.0,Ok,68.0,Ok,18450
507876.921000,96.0,Ok,65.0,Ok,18451
507876.968000,101.0,Ok,65.0,Ok,18452
507877.015000,99.0,Ok,70.0,Ok,18453
507877.078000,98.0,Ok,71.0,Ok,18454
507877.109000,104.0,Ok,77.0,Ok,18455
507877.171000,98.0,Ok,69.0,Ok,18456
507877.218000,98.0,Ok,73.0,Ok,18457
507877.265000,92.0,Ok,72.0,Ok,18458
507877.312000,94.0,Ok,69.0,Ok,18459
507877.375000,99.0,Ok,72.0,Ok,18460
507877.421000,94.0,Ok,71.0,Ok,18461
507877.468000,99.0,Ok,70.0,Ok,18462
507877.515000,96.0,Ok,69.0,Ok,18463
507877.562000,102.0,Ok,68.0,Ok,18464
507877.625000,94.0,Ok,73.0,Ok,18465
507877.671000,95.0,Ok,74.0,Ok,18466
507877.718000,94.0,Ok,77.0,Ok,18467
507877.765000,96.0,Ok,72.0,Ok,18468
507877.828000,99.0,Ok,72.0,Ok,18469
507877.875000,97.0,Ok,68.0,Ok,18470
507877.921000,99.0,Ok,69.0,Ok,18471
507877.968000,103.0,Ok,68.0,Ok,18472
507878.015000,103.0,Ok,73.0,Ok,18473
507878.062000,101.0,Ok,66.0,Ok,18474
507878.125000,105.0,Ok,71.0,Ok,18475
507878.156000,100.0,Ok,69.0,Ok,18476
507878.218000,99.0,Ok,68.0,Ok,18477
507878.250000,101.0,Ok,67.0,Ok,18478
507878.312000,103.0,Ok,67.0,Ok,18479
507878.375000,98.0,Ok,69.0,Ok,18480
507878.421000,104.0,Ok,68.0,Ok,18481
507878.453000,103.0,Ok,75.0,Ok,18482
507878.515000,98.0,Ok,74.0,Ok,18483
507878.578000,108.0,Ok,72.0,Ok,18484
507878.625000,99.0,Ok,73.0,Ok,18485
507878.671000,98.0,Ok,71.0,Ok,18486
507878.718000,103.0,Ok,75.0,Ok,18487
507878.765000,106.0,Ok,75.0,Ok,18488
507878.828000,102.0,Ok,73.0,Ok,18489
507878.875000,107.0,Ok,73.0,Ok,18490
507878.921000,100.0,Ok,76.0,Ok,18491
507878.968000,99.0,Ok,72.0,Ok,18492
507879.015000,100.0,Ok,72.0,Ok,18493
507879.078000,96.0,Ok,72.0,Ok,18494
507879.125000,94.0,Ok,73.0,Ok,18495
507879.171000,92.0,Ok,70.0,Ok,18496
507879.218000,82.0,Ok,69.0,Ok,18497
507879.265000,94.0,Ok,69.0,Ok,18498
507879.312000,85.0,Ok,74.0,Ok,18499
507879.359000,97.0,Ok,73.0,Ok,18500
507879.421000,95.0,Ok,70.0,Ok,18501
507879.468000,84.0,Ok,70.0,Ok,18502
507879.515000,89.0,Ok,68.0,Ok,18503
507879.562000,82.0,Ok,70.0,Ok,18504
507879.625000,98.0,Ok,73.0,Ok,18505
507879.671000,87.0,Ok,71.0,Ok,18506
507879.703000,90.0,Ok,69.0,Ok,18507
507879.765000,82.0,Ok,79.0,Ok,18508
507879.828000,95.0,Ok,77.0,Ok,18509
507879.875000,99.0,Ok,75.0,Ok,18510
507879.921000,95.0,Ok,73.0,Ok,18511
507879.968000,99.0,Ok,66.0,Ok,18512
507880.015000,104.0,Ok,61.0,Ok,18513
507880.062000,101.0,Ok,57.0,Ok,18514
507880.109000,99.0,Ok,47.0,Ok,18515
507880.156000,98.0,Ok,46.0,Ok,18516
507880.218000,97.0,Ok,46.0,Ok,18517
507880.265000,96.0,Ok,54.0,Ok,18518
507880.312000,91.0,Ok,44.0,Ok,18519
507880.375000,93.0,Ok,46.0,Ok,18520
507880.421000,101.0,Ok,44.0,Ok,18521
507880.468000,98.0,Ok,46.0,Ok,18522
507880.515000,102.0,Ok,44.0,Ok,18523
507880.578000,105.0,Ok,40.0,Ok,18524
507880.625000,99.0,Ok,48.0,Ok,18525
507880.671000,99.0,Ok,48.0,Ok,18526
507880.718000,99.0,Ok,39.0,Ok,18527
507880.765000,100.0,Ok,40.0,Ok,18528
507880.828000,101.0,Ok,50.0,Ok,18529
507880.859000,100.0,Ok,48.0,Ok,18530
507880.921000,99.0,Ok,50.0,Ok,18531
507880.968000,94.0,Ok,66.0,Ok,18532
507881.015000,97.0,Ok,54.0,Ok,18533
507881.078000,88.0,Ok,48.0,Ok,18534
507881.109000,93.0,Ok,46.0,Ok,18535
507881.171000,95.0,Ok,42.0,Ok,18536
507881.218000,97.0,Ok,46.0,Ok,18537
507881.281000,105.0,Ok,52.0,Ok,18538
507881.312000,104.0,Ok,45.0,Ok,18539
507881.359000,103.0,Ok,44.0,Ok,18540
507881.421000,115.0,Ok,39.0,Ok,18541
507881.468000,120.0,Ok,44.0,Ok,18542
507881.515000,114.0,Ok,46.0,Ok,18543
507881.578000,116.0,Ok,51.0,Ok,18544
507881.609000,114.0,Ok,52.0,Ok,18545
507881.671000,117.0,Ok,49.0,Ok,18546
507881.718000,107.0,Ok,48.0,Ok,18547
507881.765000,112.0,Ok,49.0,Ok,18548
507881.812000,99.0,Ok,50.0,Ok,18549
507881.859000,102.0,Ok,42.0,Ok,18550
507881.921000,91.0,Ok,48.0,Ok,18551
507881.968000,101.0,Ok,45.0,Ok,18552
507882.015000,89.0,Ok,44.0,Ok,18553
507882.078000,94.0,Ok,43.0,Ok,18554
507882.125000,84.0,Ok,50.0,Ok,18555
507882.171000,100.0,Ok,52.0,Ok,18556
507882.218000,99.0,Ok,50.0,Ok,18557
507882.265000,101.0,Ok,50.0,Ok,18558
507882.312000,96.0,Ok,51.0,Ok,18559
507882.375000,108.0,Ok,49.0,Ok,18560
507882.421000,105.0,Ok,50.0,Ok,18561
507882.468000,107.0,Ok,48.0,Ok,18562
507882.515000,115.0,Ok,50.0,Ok,18563
507882.562000,104.0,Ok,44.0,Ok,18564
507882.609000,103.0,Ok,51.0,Ok,18565
507882.671000,103.0,Ok,49.0,Ok,18566
507882.718000,105.0,Ok,53.0,Ok,18567
507882.765000,107.0,Ok,53.0,Ok,18568
507882.828000,94.0,Ok,52.0,Ok,18569
507882.875000,104.0,Ok,39.0,Ok,18570
507882.921000,99.0,Ok,46.0,Ok,18571
507882.968000,88.0,Ok,46.0,Ok,18572
507883.015000,88.0,Ok,49.0,Ok,18573
507883.062000,87.0,Ok,52.0,Ok,18574
507883.125000,82.0,Ok,51.0,Ok,18575
507883.171000,87.0,Ok,52.0,Ok,18576
507883.218000,92.0,Ok,52.0,Ok,18577
507883.265000,79.0,Ok,53.0,Ok,18578
507883.312000,94.0,Ok,54.0,Ok,18579
507883.359000,95.0,Ok,51.0,Ok,18580
507883.421000,93.0,Ok,57.0,Ok,18581
507883.468000,101.0,Ok,52.0,Ok,18582
507883.515000,99.0,Ok,54.0,Ok,18583
507883.578000,102.0,Ok,51.0,Ok,18584
507883.625000,99.0,Ok,53.0,Ok,18585
507883.671000,100.0,Ok,49.0,Ok,18586
507883.718000,99.0,Ok,46.0,Ok,18587
507883.765000,97.0,Ok,54.0,Ok,18588
507883.812000,97.0,Ok,50.0,Ok,18589
507883.875000,95.0,Ok,48.0,Ok,18590
507883.921000,94.0,Ok,46.0,Ok,18591
507883.968000,102.0,Ok,46.0,Ok,18592
507884.015000,96.0,Ok,50.0,Ok,18593
507884.062000,99.0,Ok,48.0,Ok,18594
507884.109000,102.0,Ok,54.0,Ok,18595
507884.171000,100.0,Ok,54.0,Ok,18596
507884.218000,100.0,Ok,51.0,Ok,18597
507884.265000,99.0,Ok,51.0,Ok,18598
507884.328000,91.0,Ok,50.0,Ok,18599
507884.375000,94.0,Ok,54.0,Ok,18600
507884.421000,90.0,Ok,48.0,Ok,18601
507884.468000,101.0,Ok,48.0,Ok,18602
507884.515000,98.0,Ok,46.0,Ok,18603
507884.562000,99.0,Ok,47.0,Ok,18604
507884.625000,86.0,Ok,47.0,Ok,18605
507884.671000,99.0,Ok,46.0,Ok,18606
507884.718000,102.0,Ok,49.0,Ok,18607
507884.765000,99.0,Ok,49.0,Ok,18608
507884.812000,99.0,Ok,46.0,Ok,18609
507884.875000,99.0,Ok,49.0,Ok,18610
507884.906000,92.0,Ok,46.0,Ok,18611
507884.968000,94.0,Ok,45.0,Ok,18612
507885.015000,92.0,Ok,47.0,Ok,18613
507885.078000,99.0,Ok,51.0,Ok,18614
507885.125000,96.0,Ok,52.0,Ok,18615
507885.171000,97.0,Ok,59.0,Ok,18616
507885.218000,91.0,Ok,62.0,Ok,18617
507885.265000,87.0,Ok,55.0,Ok,18618
507885.312000,97.0,Ok,52.0,Ok,18619
507885.375000,95.0,Ok,53.0,Ok,18620
507885.421000,96.0,Ok,51.0,Ok,18621
507885.468000,95.0,Ok,44.0,Ok,18622
507885.515000,99.0,Ok,46.0,Ok,18623
507885.562000,96.0,Ok,51.0,Ok,18624
507885.625000,97.0,Ok,53.0,Ok,18625
507885.656000,98.0,Ok,52.0,Ok,18626
507885.718000,92.0,Ok,54.0,Ok,18627
507885.765000,101.0,Ok,50.0,Ok,18628
507885.828000,104.0,Ok,48.0,Ok,18629
507885.875000,107.0,Ok,45.0,Ok,18630
507885.921000,103.0,Ok,43.0,Ok,18631
507885.968000,107.0,Ok,46.0,Ok,18632
507886.015000,108.0,Ok,47.0,Ok,18633
507886.062000,108.0,Ok,48.0,Ok,18634
507886.125000,107.0,Ok,48.0,Ok,18635
507886.156000,99.0,Ok,51.0,Ok,18636
507886.218000,105.0,Ok,46.0,Ok,18637
507886.265000,104.0,Ok,48.0,Ok,18638
507886.328000,99.0,Ok,55.0,Ok,18639
507886.375000,103.0,Ok,57.0,Ok,18640
507886.421000,102.0,Ok,63.0,Ok,18641
507886.468000,99.0,Ok,71.0,Ok,18642
507886.515000,98.0,Ok,68.0,Ok,18643
507886.562000,99.0,Ok,71.0,Ok,18644
507886.609000,97.0,Ok,69.0,Ok,18645
507886.671000,95.0,Ok,90.0,Ok,18646
507886.718000,91.0,Ok,81.0,Ok,18647
507886.750000,95.0,Ok,92.0,Ok,18648
507886.812000,103.0,Ok,87.0,Ok,18649
507886.875000,99.0,Ok,94.0,Ok,18650
507886.921000,93.0,Ok,93.0,Ok,18651
507886.968000,83.0,Ok,94.0,Ok,18652
507887.015000,93.0,Ok,92.0,Ok,18653
507887.078000,93.0,Ok,95.0,Ok,18654
507887.125000,90.0,Ok,99.0,Ok,18655
507887.171000,88.0,Ok,94.0,Ok,18656
507887.218000,98.0,Ok,93.0,Ok,18657
507887.265000,98.0,Ok,93.0,Ok,18658
507887.312000,87.0,Ok,93.0,Ok,18659
507887.375000,94.0,Ok,85.0,Ok,18660
507887.421000,99.0,Ok,88.0,Ok,18661
507887.468000,96.0,Ok,77.0,Ok,18662
507887.515000,94.0,Ok,75.0,Ok,18663
507887.562000,94.0,Ok,70.0,Ok,18664
507887.625000,95.0,Ok,77.0,Ok,18665
507887.671000,95.0,Ok,60.0,Ok,18666
507887.718000,97.0,Ok,47.0,Ok,18667
507887.765000,99.0,Ok,47.0,Ok,18668
507887.812000,92.0,Ok,44.0,Ok,18669
507887.875000,98.0,Ok,42.0,Ok,18670
507887.921000,93.0,Ok,41.0,Ok,18671
507887.968000,91.0,Ok,41.0,Ok,18672
507888.015000,95.0,Ok,35.0,Ok,18673
507888.093000,93.0,Ok,43.0,Ok,18674
507888.125000,98.0,Ok,41.0,Ok,18675
507888.171000,96.0,Ok,41.0,Ok,18676
507888.218000,98.0,Ok,44.0,Ok,18677
507888.265000,107.0,Ok,47.0,Ok,18678
507888.328000,99.0,Ok,41.0,Ok,18679
507888.375000,101.0,Ok,49.0,Ok,18680
507888.421000,98.0,Ok,45.0,Ok,18681
507888.468000,93.0,Ok,40.0,Ok,18682
507888.515000,95.0,Ok,43.0,Ok,18683
507888.578000,94.0,Ok,42.0,Ok,18684
507888.625000,94.0,Ok,50.0,Ok,18685
507888.671000,99.0,Ok,45.0,Ok,18686
507888.718000,100.0,Ok,42.0,Ok,18687
507888.765000,96.0,Ok,43.0,Ok,18688
507888.812000,102.0,Ok,43.0,Ok,18689
507888.875000,98.0,Ok,44.0,Ok,18690
507888.921000,99.0,Ok,44.0,Ok,18691
507888.968000,100.0,Ok,44.0,Ok,18692
507889.015000,95.0,Ok,41.0,Ok,18693
507889.062000,92.0,Ok,36.0,Ok,18694
507889.125000,97.0,Ok,39.0,Ok,18695
507889.171000,95.0,Ok,36.0,Ok,18696
507889.218000,99.0,Ok,44.0,Ok,18697
507889.265000,97.0,Ok,47.0,Ok,18698
507889.312000,96.0,Ok,44.0,Ok,18699
507889.359000,99.0,Ok,45.0,Ok,18700
507889.421000,104.0,Ok,44.0,Ok,18701
507889.468000,107.0,Ok,48.0,Ok,18702
507889.531000,103.0,Ok,45.0,Ok,18703
507889.578000,102.0,Ok,46.0,Ok,18704
507889.625000,97.0,Ok,46.0,Ok,18705
507889.671000,106.0,Ok,43.0,Ok,18706
507889.718000,103.0,Ok,46.0,Ok,18707
507889.765000,97.0,Ok,44.0,Ok,18708
507889.812000,95.0,Ok,44.0,Ok,18709
507889.875000,100.0,Ok,45.0,Ok,18710
507889.921000,101.0,Ok,43.0,Ok,18711
507889.968000,94.0,Ok,45.0,Ok,18712
507890.015000,87.0,Ok,45.0,Ok,18713
507890.062000,92.0,Ok,47.0,Ok,18714
507890.125000,101.0,Ok,46.0,Ok,18715
507890.171000,98.0,Ok,46.0,Ok,18716
507890.218000,99.0,Ok,52.0,Ok,18717
507890.265000,98.0,Ok,50.0,Ok,18718
507890.328000,98.0,Ok,53.0,Ok,18719
507890.375000,91.0,Ok,51.0,Ok,18720
507890.421000,91.0,Ok,51.0,Ok,18721
507890.468000,99.0,Ok,52.0,Ok,18722
507890.515000,103.0,Ok,52.0,Ok,18723
507890.562000,102.0,Ok,51.0,Ok,18724
507890.625000,98.0,Ok,54.0,Ok,18725
507890.671000,99.0,Ok,57.0,Ok,18726
507890.718000,96.0,Ok,51.0,Ok,18727
507890.765000,101.0,Ok,46.0,Ok,18728
507890.812000,93.0,Ok,53.0,Ok,18729
507890.859000,94.0,Ok,49.0,Ok,18730
507890.906000,95.0,Ok,49.0,Ok,18731
507890.968000,97.0,Ok,51.0,Ok,18732
507891.015000,92.0,Ok,47.0,Ok,18733
507891.078000,97.0,Ok,50.0,Ok,18734
507891.125000,96.0,Ok,57.0,Ok,18735
507891.171000,92.0,Ok,55.0,Ok,18736
507891.218000,90.0,Ok,55.0,Ok,18737
507891.265000,92.0,Ok,54.0,Ok,18738
507891.328000,92.0,Ok,54.0,Ok,18739
507891.375000,90.0,Ok,50.0,Ok,18740
507891.406000,99.0,Ok,50.0,Ok,18741
507891.468000,99.0,Ok,48.0,Ok,18742
507891.515000,94.0,Ok,50.0,Ok,18743
507891.562000,102.0,Ok,46.0,Ok,18744
507891.609000,103.0,Ok,43.0,Ok,18745
507891.671000,103.0,Ok,46.0,Ok,18746
507891.703000,96.0,Ok,47.0,Ok,18747
507891.765000,104.0,Ok,41.0,Ok,18748
507891.828000,103.0,Ok,40.0,Ok,18749
507891.875000,102.0,Ok,36.0,Ok,18750
507891.921000,101.0,Ok,41.0,Ok,18751
507891.968000,99.0,Ok,41.0,Ok,18752
507892.015000,100.0,Ok,45.0,Ok,18753
507892.078000,103.0,Ok,47.0,Ok,18754
507892.125000,103.0,Ok,48.0,Ok,18755
507892.171000,102.0,Ok,47.0,Ok,18756
507892.218000,104.0,Ok,46.0,Ok,18757
507892.265000,103.0,Ok,45.0,Ok,18758
507892.312000,101.0,Ok,41.0,Ok,18759
507892.375000,103.0,Ok,40.0,Ok,18760
507892.421000,102.0,Ok,45.0,Ok,18761
507892.468000,102.0,Ok,46.0,Ok,18762
507892.515000,101.0,Ok,47.0,Ok,18763
507892.578000,103.0,Ok,46.0,Ok,18764
507892.609000,99.0,Ok,46.0,Ok,18765
507892.671000,98.0,Ok,44.0,Ok,18766
507892.718000,105.0,Ok,45.0,Ok,18767
507892.765000,107.0,Ok,41.0,Ok,18768
507892.812000,102.0,Ok,46.0,Ok,18769
507892.875000,108.0,Ok,45.0,Ok,18770
507892.921000,107.0,Ok,45.0,Ok,18771
507892.968000,110.0,Ok,46.0,Ok,18772
507893.015000,102.0,Ok,47.0,Ok,18773
507893.062000,99.0,Ok,46.0,Ok,18774
507893.125000,99.0,Ok,49.0,Ok,18775
507893.171000,103.0,Ok,46.0,Ok,18776
507893.218000,105.0,Ok,50.0,Ok,18777
507893.265000,107.0,Ok,43.0,Ok,18778
507893.312000,109.0,Ok,42.0,Ok,18779
507893.375000,103.0,Ok,42.0,Ok,18780
507893.406000,99.0,Ok,45.0,Ok,18781
507893.468000,95.0,Ok,41.0,Ok,18782
507893.578000,97.0,Ok,45.0,Ok,18783
507893.578000,104.0,Ok,45.0,Ok,18784
507893.625000,97.0,Ok,43.0,Ok,18785
507893.671000,101.0,Ok,45.0,Ok,18786
507893.718000,100.0,Ok,43.0,Ok,18787
507893.765000,98.0,Ok,44.0,Ok,18788
507893.812000,105.0,Ok,43.0,Ok,18789
507893.875000,103.0,Ok,42.0,Ok,18790
507893.921000,100.0,Ok,43.0,Ok,18791
507893.968000,95.0,Ok,41.0,Ok,18792
507894.015000,106.0,Ok,46.0,Ok,18793
507894.062000,107.0,Ok,43.0,Ok,18794
507894.109000,110.0,Ok,41.0,Ok,18795
507894.171000,104.0,Ok,42.0,Ok,18796
507894.218000,101.0,Ok,42.0,Ok,18797
507894.265000,107.0,Ok,47.0,Ok,18798
507894.312000,107.0,Ok,44.0,Ok,18799
507894.375000,105.0,Ok,40.0,Ok,18800
507894.421000,99.0,Ok,40.0,Ok,18801
507894.468000,94.0,Ok,41.0,Ok,18802
507894.515000,92.0,Ok,42.0,Ok,18803
507894.562000,95.0,Ok,41.0,Ok,18804
507894.625000,99.0,Ok,42.0,Ok,18805
507894.671000,96.0,Ok,43.0,Ok,18806
507894.718000,99.0,Ok,45.0,Ok,18807
507894.765000,102.0,Ok,41.0,Ok,18808
507894.812000,101.0,Ok,41.0,Ok,18809
507894.875000,96.0,Ok,42.0,Ok,18810
507894.921000,94.0,Ok,42.0,Ok,18811
507894.968000,97.0,Ok,40.0,Ok,18812
507895.015000,100.0,Ok,40.0,Ok,18813
507895.062000,99.0,Ok,42.0,Ok,18814
507895.109000,103.0,Ok,41.0,Ok,18815
507895.171000,99.0,Ok,41.0,Ok,18816
507895.218000,99.0,Ok,41.0,Ok,18817
507895.265000,94.0,Ok,43.0,Ok,18818
507895.312000,89.0,Ok,40.0,Ok,18819
507895.359000,95.0,Ok,43.0,Ok,18820
507895.421000,97.0,Ok,44.0,Ok,18821
507895.468000,96.0,Ok,43.0,Ok,18822
507895.515000,97.0,Ok,41.0,Ok,18823
507895.562000,96.0,Ok,40.0,Ok,18824
507895.609000,97.0,Ok,36.0,Ok,18825
507895.671000,94.0,Ok,37.0,Ok,18826
507895.718000,92.0,Ok,40.0,Ok,18827
507895.765000,98.0,Ok,41.0,Ok,18828
507895.812000,95.0,Ok,43.0,Ok,18829
507895.859000,97.0,Ok,46.0,Ok,18830
507895.921000,98.0,Ok,42.0,Ok,18831
507895.968000,98.0,Ok,42.0,Ok,18832
507896.015000,104.0,Ok,40.0,Ok,18833
507896.062000,103.0,Ok,40.0,Ok,18834
507896.125000,98.0,Ok,41.0,Ok,18835
507896.156000,103.0,Ok,39.0,Ok,18836
507896.218000,95.0,Ok,39.0,Ok,18837
507896.265000,105.0,Ok,37.0,Ok,18838
507896.312000,103.0,Ok,37.0,Ok,18839
507896.359000,104.0,Ok,39.0,Ok,18840
507896.421000,97.0,Ok,40.0,Ok,18841
507896.468000,105.0,Ok,42.0,Ok,18842
507896.515000,102.0,Ok,40.0,Ok,18843
507896.578000,102.0,Ok,41.0,Ok,18844
507896.609000,104.0,Ok,38.0,Ok,18845
507896.671000,101.0,Ok,35.0,Ok,18846
507896.718000,102.0,Ok,38.0,Ok,18847
507896.765000,104.0,Ok,40.0,Ok,18848
507896.812000,103.0,Ok,41.0,Ok,18849
507896.875000,102.0,Ok,39.0,Ok,18850
507896.921000,103.0,Ok,44.0,Ok,18851
507896.968000,103.0,Ok,42.0,Ok,18852
507897.015000,103.0,Ok,40.0,Ok,18853
507897.062000,103.0,Ok,42.0,Ok,18854
507897.125000,105.0,Ok,36.0,Ok,18855
507897.171000,105.0,Ok,38.0,Ok,18856
507897.218000,105.0,Ok,35.0,Ok,18857
507897.265000,104.0,Ok,37.0,Ok,18858
507897.312000,103.0,Ok,36.0,Ok,18859
507897.375000,99.0,Ok,42.0,Ok,18860
507897.421000,99.0,Ok,41.0,Ok,18861
507897.453000,99.0,Ok,45.0,Ok,18862
507897.515000,97.0,Ok,40.0,Ok,18863
507897.578000,96.0,Ok,32.0,Ok,18864
507897.625000,94.0,Ok,31.0,Ok,18865
507897.671000,95.0,Ok,42.0,Ok,18866
507897.718000,98.0,Ok,43.0,Ok,18867
507897.765000,101.0,Ok,42.0,Ok,18868
507897.812000,99.0,Ok,37.0,Ok,18869
507897.859000,103.0,Ok,40.0,Ok,18870
507897.921000,103.0,Ok,40.0,Ok,18871
507897.968000,106.0,Ok,39.0,Ok,18872
507898.015000,99.0,Ok,33.0,Ok,18873
507898.062000,96.0,Ok,35.0,Ok,18874
507898.109000,94.0,Ok,38.0,Ok,18875
507898.171000,94.0,Ok,38.0,Ok,18876
507898.218000,94.0,Ok,35.0,Ok,18877
507898.250000,96.0,Ok,33.0,Ok,18878
507898.312000,96.0,Ok,39.0,Ok,18879
507898.375000,98.0,Ok,34.0,Ok,18880
507898.421000,97.0,Ok,41.0,Ok,18881
507898.468000,98.0,Ok,41.0,Ok,18882
507898.515000,98.0,Ok,42.0,Ok,18883
507898.562000,102.0,Ok,45.0,Ok,18884
507898.625000,99.0,Ok,45.0,Ok,18885
507898.671000,99.0,Ok,43.0,Ok,18886
507898.718000,98.0,Ok,37.0,Ok,18887
507898.765000,95.0,Ok,41.0,Ok,18888
507898.828000,101.0,Ok,41.0,Ok,18889
507898.875000,96.0,Ok,39.0,Ok,18890
507898.921000,96.0,Ok,40.0,Ok,18891
507898.968000,97.0,Ok,46.0,Ok,18892
507899.015000,97.0,Ok,40.0,Ok,18893
507899.078000,98.0,Ok,40.0,Ok,18894
507899.125000,94.0,Ok,31.0,Ok,18895
507899.171000,98.0,Ok,38.0,Ok,18896
507899.218000,97.0,Ok,35.0,Ok,18897
507899.265000,99.0,Ok,36.0,Ok,18898
507899.312000,99.0,Ok,38.0,Ok,18899
507899.359000,101.0,Ok,46.0,Ok,18900
507899.406000,96.0,Ok,39.0,Ok,18901
507899.468000,98.0,Ok,46.0,Ok,18902
507899.515000,99.0,Ok,44.0,Ok,18903
507899.562000,101.0,Ok,33.0,Ok,18904
507899.609000,101.0,Ok,41.0,Ok,18905
507899.671000,101.0,Ok,43.0,Ok,18906
507899.718000,99.0,Ok,40.0,Ok,18907
507899.765000,97.0,Ok,43.0,Ok,18908
507899.828000,94.0,Ok,43.0,Ok,18909
507899.859000,93.0,Ok,43.0,Ok,18910
507899.906000,96.0,Ok,44.0,Ok,18911
507899.968000,92.0,Ok,36.0,Ok,18912
507900.015000,92.0,Ok,39.0,Ok,18913
507900.062000,94.0,Ok,39.0,Ok,18914
507900.125000,96.0,Ok,39.0,Ok,18915
507900.171000,95.0,Ok,41.0,Ok,18916
507900.218000,94.0,Ok,42.0,Ok,18917
507900.265000,93.0,Ok,41.0,Ok,18918
507900.328000,95.0,Ok,39.0,Ok,18919
507900.375000,103.0,Ok,39.0,Ok,18920
507900.421000,103.0,Ok,40.0,Ok,18921
507900.468000,105.0,Ok,41.0,Ok,18922
507900.515000,96.0,Ok,40.0,Ok,18923
507900.562000,105.0,Ok,39.0,Ok,18924
507900.625000,106.0,Ok,40.0,Ok,18925
507900.671000,106.0,Ok,37.0,Ok,18926
507900.718000,105.0,Ok,35.0,Ok,18927
507900.765000,99.0,Ok,34.0,Ok,18928
507900.812000,105.0,Ok,37.0,Ok,18929
507900.875000,98.0,Ok,40.0,Ok,18930
507900.921000,106.0,Ok,39.0,Ok,18931
507900.968000,103.0,Ok,36.0,Ok,18932
507901.015000,105.0,Ok,43.0,Ok,18933
507901.078000,105.0,Ok,37.0,Ok,18934
507901.125000,104.0,Ok,39.0,Ok,18935
507901.171000,104.0,Ok,42.0,Ok,18936
507901.218000,105.0,Ok,43.0,Ok,18937
507901.265000,105.0,Ok,37.0,Ok,18938
507901.312000,107.0,Ok,43.0,Ok,18939
507901.375000,107.0,Ok,38.0,Ok,18940
507901.421000,106.0,Ok,36.0,Ok,18941
507901.468000,102.0,Ok,42.0,Ok,18942
507901.515000,98.0,Ok,41.0,Ok,18943
507901.578000,100.0,Ok,35.0,Ok,18944
507901.625000,103.0,Ok,35.0,Ok,18945
507901.671000,106.0,Ok,40.0,Ok,18946
507901.718000,101.0,Ok,39.0,Ok,18947
507901.765000,106.0,Ok,44.0,Ok,18948
507901.812000,105.0,Ok,44.0,Ok,18949
507901.875000,107.0,Ok,44.0,Ok,18950
507901.906000,106.0,Ok,42.0,Ok,18951
507901.968000,108.0,Ok,38.0,Ok,18952
507902.015000,103.0,Ok,45.0,Ok,18953
507902.062000,98.0,Ok,44.0,Ok,18954
507902.125000,96.0,Ok,40.0,Ok,18955
507902.156000,97.0,Ok,39.0,Ok,18956
507902.218000,96.0,Ok,37.0,Ok,18957
507902.250000,96.0,Ok,36.0,Ok,18958
507902.312000,95.0,Ok,39.0,Ok,18959
507902.375000,96.0,Ok,37.0,Ok,18960
507902.421000,96.0,Ok,34.0,Ok,18961
507902.468000,97.0,Ok,43.0,Ok,18962
507902.515000,96.0,Ok,41.0,Ok,18963
507902.562000,93.0,Ok,38.0,Ok,18964
507902.625000,98.0,Ok,39.0,Ok,18965
507902.671000,97.0,Ok,38.0,Ok,18966
507902.718000,107.0,Ok,39.0,Ok,18967
507902.765000,102.0,Ok,45.0,Ok,18968
507902.828000,101.0,Ok,39.0,Ok,18969
507902.859000,100.0,Ok,37.0,Ok,18970
507902.921000,105.0,Ok,35.0,Ok,18971
507902.968000,101.0,Ok,38.0,Ok,18972
507903.015000,100.0,Ok,42.0,Ok,18973
507903.078000,97.0,Ok,40.0,Ok,18974
507903.109000,96.0,Ok,35.0,Ok,18975
507903.171000,98.0,Ok,41.0,Ok,18976
507903.203000,95.0,Ok,44.0,Ok,18977
507903.265000,103.0,Ok,45.0,Ok,18978
507903.312000,99.0,Ok,46.0,Ok,18979
507903.375000,105.0,Ok,42.0,Ok,18980
507903.421000,100.0,Ok,41.0,Ok,18981
507903.468000,106.0,Ok,39.0,Ok,18982
507903.515000,101.0,Ok,40.0,Ok,18983
507903.562000,102.0,Ok,33.0,Ok,18984
507903.609000,99.0,Ok,39.0,Ok,18985
507903.671000,100.0,Ok,39.0,Ok,18986
507903.718000,101.0,Ok,42.0,Ok,18987
507903.765000,104.0,Ok,46.0,Ok,18988
507903.812000,105.0,Ok,45.0,Ok,18989
507903.859000,98.0,Ok,45.0,Ok,18990
507903.906000,98.0,Ok,43.0,Ok,18991
507903.968000,98.0,Ok,41.0,Ok,18992
507904.015000,100.0,Ok,43.0,Ok,18993
507904.078000,99.0,Ok,46.0,Ok,18994
507904.125000,98.0,Ok,41.0,Ok,18995
507904.171000,99.0,Ok,43.0,Ok,18996
507904.218000,100.0,Ok,40.0,Ok,18997
507904.265000,96.0,Ok,50.0,Ok,18998
507904.312000,99.0,Ok,43.0,Ok,18999
507904.359000,100.0,Ok,43.0,Ok,19000
507904.453000,101.0,Ok,46.0,Ok,19001
507904.468000,98.0,Ok,43.0,Ok,19002
507904.515000,101.0,Ok,45.0,Ok,19003
507904.562000,99.0,Ok,43.0,Ok,19004
507904.609000,101.0,Ok,42.0,Ok,19005
507904.671000,101.0,Ok,42.0,Ok,19006
507904.718000,100.0,Ok,39.0,Ok,19007
507904.765000,96.0,Ok,34.0,Ok,19008
507904.828000,98.0,Ok,42.0,Ok,19009
507904.859000,97.0,Ok,44.0,Ok,19010
507904.921000,98.0,Ok,42.0,Ok,19011
507904.968000,98.0,Ok,39.0,Ok,19012
507905.015000,97.0,Ok,37.0,Ok,19013
507905.078000,99.0,Ok,43.0,Ok,19014
507905.125000,96.0,Ok,41.0,Ok,19015
507905.171000,98.0,Ok,41.0,Ok,19016
507905.218000,98.0,Ok,41.0,Ok,19017
507905.265000,99.0,Ok,38.0,Ok,19018
507905.328000,99.0,Ok,39.0,Ok,19019
507905.375000,101.0,Ok,42.0,Ok,19020
507905.421000,99.0,Ok,43.0,Ok,19021
507905.468000,106.0,Ok,38.0,Ok,19022
507905.515000,104.0,Ok,43.0,Ok,19023
507905.578000,109.0,Ok,36.0,Ok,19024
507905.625000,109.0,Ok,41.0,Ok,19025
507905.671000,102.0,Ok,41.0,Ok,19026
507905.718000,102.0,Ok,40.0,Ok,19027
507905.765000,100.0,Ok,39.0,Ok,19028
507905.828000,99.0,Ok,39.0,Ok,19029
507905.875000,99.0,Ok,37.0,Ok,19030
507905.921000,100.0,Ok,39.0,Ok,19031
507905.968000,101.0,Ok,40.0,Ok,19032
507906.015000,102.0,Ok,40.0,Ok,19033
507906.062000,102.0,Ok,35.0,Ok,19034
507906.109000,102.0,Ok,35.0,Ok,19035
507906.171000,101.0,Ok,37.0,Ok,19036
507906.218000,100.0,Ok,44.0,Ok,19037
507906.265000,101.0,Ok,43.0,Ok,19038
507906.312000,100.0,Ok,44.0,Ok,19039
507906.375000,101.0,Ok,41.0,Ok,19040
507906.421000,101.0,Ok,39.0,Ok,19041
507906.468000,101.0,Ok,38.0,Ok,19042
507906.515000,105.0,Ok,46.0,Ok,19043
507906.562000,102.0,Ok,45.0,Ok,19044
507906.609000,104.0,Ok,41.0,Ok,19045
507906.656000,104.0,Ok,40.0,Ok,19046
507906.718000,111.0,Ok,44.0,Ok,19047
507906.765000,106.0,Ok,45.0,Ok,19048
507906.812000,101.0,Ok,43.0,Ok,19049
507906.875000,99.0,Ok,47.0,Ok,19050
507906.921000,101.0,Ok,42.0,Ok,19051
507906.968000,99.0,Ok,42.0,Ok,19052
507907.015000,102.0,Ok,38.0,Ok,19053
507907.062000,97.0,Ok,39.0,Ok,19054
507907.109000,97.0,Ok,40.0,Ok,19055
507907.171000,102.0,Ok,36.0,Ok,19056
507907.218000,100.0,Ok,40.0,Ok,19057
507907.265000,97.0,Ok,44.0,Ok,19058
507907.312000,100.0,Ok,44.0,Ok,19059
507907.359000,102.0,Ok,40.0,Ok,19060
507907.406000,98.0,Ok,43.0,Ok,19061
507907.468000,102.0,Ok,45.0,Ok,19062
507907.515000,99.0,Ok,41.0,Ok,19063
507907.562000,100.0,Ok,43.0,Ok,19064
507907.625000,99.0,Ok,43.0,Ok,19065
507907.671000,103.0,Ok,39.0,Ok,19066
507907.718000,101.0,Ok,43.0,Ok,19067
507907.765000,103.0,Ok,40.0,Ok,19068
507907.812000,102.0,Ok,44.0,Ok,19069
507907.859000,100.0,Ok,43.0,Ok,19070
507907.921000,107.0,Ok,43.0,Ok,19071
507907.968000,101.0,Ok,37.0,Ok,19072
507908.015000,105.0,Ok,45.0,Ok,19073
507908.062000,104.0,Ok,48.0,Ok,19074
507908.125000,108.0,Ok,45.0,Ok,19075
507908.171000,101.0,Ok,48.0,Ok,19076
507908.218000,102.0,Ok,39.0,Ok,19077
507908.265000,100.0,Ok,43.0,Ok,19078
507908.328000,99.0,Ok,39.0,Ok,19079
507908.375000,99.0,Ok,40.0,Ok,19080
507908.421000,103.0,Ok,43.0,Ok,19081
507908.468000,99.0,Ok,45.0,Ok,19082
507908.515000,98.0,Ok,37.0,Ok,19083
507908.578000,102.0,Ok,46.0,Ok,19084
507908.625000,103.0,Ok,44.0,Ok,19085
507908.671000,99.0,Ok,46.0,Ok,19086
507908.718000,103.0,Ok,45.0,Ok,19087
507908.765000,99.0,Ok,42.0,Ok,19088
507908.812000,98.0,Ok,45.0,Ok,19089
507908.875000,99.0,Ok,40.0,Ok,19090
507908.921000,97.0,Ok,40.0,Ok,19091
507908.968000,96.0,Ok,43.0,Ok,19092
507909.015000,98.0,Ok,41.0,Ok,19093
507909.062000,99.0,Ok,43.0,Ok,19094
507909.125000,98.0,Ok,42.0,Ok,19095
507909.171000,100.0,Ok,41.0,Ok,19096
507909.218000,97.0,Ok,42.0,Ok,19097
507909.265000,96.0,Ok,47.0,Ok,19098
507909.328000,100.0,Ok,46.0,Ok,19099
507909.375000,103.0,Ok,40.0,Ok,19100
507909.421000,97.0,Ok,47.0,Ok,19101
507909.468000,98.0,Ok,42.0,Ok,19102
507909.500000,101.0,Ok,36.0,Ok,19103
507909.562000,96.0,Ok,45.0,Ok,19104
507909.609000,99.0,Ok,40.0,Ok,19105
507909.671000,104.0,Ok,40.0,Ok,19106
507909.718000,107.0,Ok,47.0,Ok,19107
507909.765000,104.0,Ok,41.0,Ok,19108
507909.812000,102.0,Ok,42.0,Ok,19109
507909.875000,102.0,Ok,44.0,Ok,19110
507909.921000,102.0,Ok,42.0,Ok,19111
507909.968000,106.0,Ok,45.0,Ok,19112
507910.015000,103.0,Ok,46.0,Ok,19113
507910.062000,98.0,Ok,42.0,Ok,19114
507910.125000,100.0,Ok,46.0,Ok,19115
507910.171000,107.0,Ok,43.0,Ok,19116
507910.218000,102.0,Ok,46.0,Ok,19117
507910.250000,103.0,Ok,43.0,Ok,19118
507910.328000,107.0,Ok,43.0,Ok,19119
507910.375000,101.0,Ok,41.0,Ok,19120
507910.421000,100.0,Ok,41.0,Ok,19121
507910.468000,105.0,Ok,41.0,Ok,19122
507910.515000,104.0,Ok,42.0,Ok,19123
507910.562000,107.0,Ok,44.0,Ok,19124
507910.609000,104.0,Ok,38.0,Ok,19125
507910.671000,107.0,Ok,45.0,Ok,19126
507910.718000,102.0,Ok,39.0,Ok,19127
507910.765000,101.0,Ok,40.0,Ok,19128
507910.812000,107.0,Ok,39.0,Ok,19129
507910.859000,100.0,Ok,38.0,Ok,19130
507910.921000,101.0,Ok,38.0,Ok,19131
507910.968000,98.0,Ok,42.0,Ok,19132
507911.015000,98.0,Ok,45.0,Ok,19133
507911.062000,97.0,Ok,43.0,Ok,19134
507911.125000,101.0,Ok,42.0,Ok,19135
507911.171000,100.0,Ok,42.0,Ok,19136
507911.218000,97.0,Ok,40.0,Ok,19137
507911.265000,98.0,Ok,41.0,Ok,19138
507911.312000,96.0,Ok,41.0,Ok,19139
507911.375000,100.0,Ok,39.0,Ok,19140
507911.421000,99.0,Ok,40.0,Ok,19141
507911.468000,98.0,Ok,38.0,Ok,19142
507911.515000,97.0,Ok,36.0,Ok,19143
507911.562000,102.0,Ok,37.0,Ok,19144
507911.625000,101.0,Ok,36.0,Ok,19145
507911.671000,98.0,Ok,42.0,Ok,19146
507911.703000,102.0,Ok,41.0,Ok,19147
507911.765000,96.0,Ok,39.0,Ok,19148
507911.812000,104.0,Ok,42.0,Ok,19149
507911.875000,107.0,Ok,40.0,Ok,19150
507911.921000,101.0,Ok,41.0,Ok,19151
507911.968000,98.0,Ok,42.0,Ok,19152
507912.015000,102.0,Ok,41.0,Ok,19153
507912.078000,103.0,Ok,37.0,Ok,19154
507912.125000,102.0,Ok,42.0,Ok,19155
507912.156000,105.0,Ok,41.0,Ok,19156
507912.218000,100.0,Ok,37.0,Ok,19157
507912.250000,100.0,Ok,33.0,Ok,19158
507912.312000,104.0,Ok,40.0,Ok,19159
507912.359000,107.0,Ok,39.0,Ok,19160
507912.421000,106.0,Ok,34.0,Ok,19161
507912.468000,107.0,Ok,45.0,Ok,19162
507912.515000,101.0,Ok,39.0,Ok,19163
507912.562000,106.0,Ok,37.0,Ok,19164
507912.625000,106.0,Ok,42.0,Ok,19165
507912.671000,101.0,Ok,43.0,Ok,19166
507912.718000,107.0,Ok,43.0,Ok,19167
507912.765000,103.0,Ok,45.0,Ok,19168
507912.812000,105.0,Ok,44.0,Ok,19169
507912.875000,100.0,Ok,45.0,Ok,19170
507912.921000,101.0,Ok,42.0,Ok,19171
507912.968000,101.0,Ok,40.0,Ok,19172
507913.000000,105.0,Ok,44.0,Ok,19173
507913.078000,100.0,Ok,40.0,Ok,19174
507913.125000,103.0,Ok,41.0,Ok,19175
507913.171000,101.0,Ok,42.0,Ok,19176
507913.218000,101.0,Ok,40.0,Ok,19177
507913.265000,95.0,Ok,43.0,Ok,19178
507913.328000,105.0,Ok,40.0,Ok,19179
507913.375000,103.0,Ok,42.0,Ok,19180
507913.421000,99.0,Ok,42.0,Ok,19181
507913.468000,107.0,Ok,43.0,Ok,19182
507913.515000,100.0,Ok,43.0,Ok,19183
507913.562000,104.0,Ok,42.0,Ok,19184
507913.625000,106.0,Ok,42.0,Ok,19185
507913.671000,102.0,Ok,42.0,Ok,19186
507913.718000,106.0,Ok,34.0,Ok,19187
507913.765000,107.0,Ok,43.0,Ok,19188
507913.828000,98.0,Ok,42.0,Ok,19189
507913.875000,105.0,Ok,45.0,Ok,19190
507913.921000,103.0,Ok,38.0,Ok,19191
507914.000000,102.0,Ok,41.0,Ok,19192
507914.015000,102.0,Ok,43.0,Ok,19193
507914.078000,101.0,Ok,41.0,Ok,19194
507914.125000,101.0,Ok,41.0,Ok,19195
507914.171000,102.0,Ok,43.0,Ok,19196
507914.218000,101.0,Ok,39.0,Ok,19197
507914.265000,99.0,Ok,43.0,Ok,19198
507914.312000,99.0,Ok,40.0,Ok,19199
507914.359000,96.0,Ok,43.0,Ok,19200
507914.421000,96.0,Ok,42.0,Ok,19201
507914.468000,97.0,Ok,43.0,Ok,19202
507914.515000,100.0,Ok,43.0,Ok,19203
507914.578000,101.0,Ok,43.0,Ok,19204
507914.625000,107.0,Ok,42.0,Ok,19205
507914.671000,99.0,Ok,44.0,Ok,19206
507914.718000,99.0,Ok,44.0,Ok,19207
507914.765000,98.0,Ok,42.0,Ok,19208
507914.812000,96.0,Ok,40.0,Ok,19209
507914.875000,102.0,Ok,34.0,Ok,19210
507914.921000,100.0,Ok,44.0,Ok,19211
507914.953000,99.0,Ok,44.0,Ok,19212
507915.015000,103.0,Ok,38.0,Ok,19213
507915.078000,101.0,Ok,40.0,Ok,19214
507915.125000,99.0,Ok,42.0,Ok,19215
507915.171000,97.0,Ok,42.0,Ok,19216
507915.218000,100.0,Ok,39.0,Ok,19217
507915.265000,101.0,Ok,44.0,Ok,19218
507915.390000,98.0,Ok,44.0,Ok,19219
507915.406000,104.0,Ok,45.0,Ok,19220
507915.421000,100.0,Ok,48.0,Ok,19221
507915.468000,99.0,Ok,46.0,Ok,19222
507915.515000,106.0,Ok,44.0,Ok,19223
507915.562000,104.0,Ok,44.0,Ok,19224
507915.625000,105.0,Ok,40.0,Ok,19225
507915.671000,104.0,Ok,42.0,Ok,19226
507915.703000,98.0,Ok,43.0,Ok,19227
507915.765000,99.0,Ok,43.0,Ok,19228
507915.812000,101.0,Ok,42.0,Ok,19229
507915.875000,106.0,Ok,39.0,Ok,19230
507915.921000,104.0,Ok,45.0,Ok,19231
507915.968000,96.0,Ok,45.0,Ok,19232
507916.015000,96.0,Ok,45.0,Ok,19233
507916.062000,99.0,Ok,40.0,Ok,19234
507916.125000,97.0,Ok,43.0,Ok,19235
507916.171000,100.0,Ok,40.0,Ok,19236
507916.218000,97.0,Ok,41.0,Ok,19237
507916.265000,98.0,Ok,37.0,Ok,19238
507916.312000,107.0,Ok,39.0,Ok,19239
507916.375000,102.0,Ok,38.0,Ok,19240
507916.421000,102.0,Ok,44.0,Ok,19241
507916.468000,95.0,Ok,42.0,Ok,19242
507916.515000,98.0,Ok,39.0,Ok,19243
507916.562000,101.0,Ok,39.0,Ok,19244
507916.625000,97.0,Ok,42.0,Ok,19245
507916.671000,99.0,Ok,43.0,Ok,19246
507916.734000,98.0,Ok,45.0,Ok,19247
507916.765000,99.0,Ok,41.0,Ok,19248
507916.828000,101.0,Ok,37.0,Ok,19249
507916.859000,99.0,Ok,41.0,Ok,19250
507916.921000,97.0,Ok,39.0,Ok,19251
507916.968000,96.0,Ok,46.0,Ok,19252
507917.015000,99.0,Ok,41.0,Ok,19253
507917.078000,101.0,Ok,40.0,Ok,19254
507917.125000,97.0,Ok,36.0,Ok,19255
507917.171000,99.0,Ok,45.0,Ok,19256
507917.234000,99.0,Ok,39.0,Ok,19257
507917.265000,98.0,Ok,44.0,Ok,19258
507917.312000,98.0,Ok,47.0,Ok,19259
507917.359000,98.0,Ok,39.0,Ok,19260
507917.421000,97.0,Ok,41.0,Ok,19261
507917.468000,98.0,Ok,40.0,Ok,19262
507917.515000,96.0,Ok,40.0,Ok,19263
507917.562000,96.0,Ok,42.0,Ok,19264
507917.625000,96.0,Ok,42.0,Ok,19265
507917.671000,97.0,Ok,41.0,Ok,19266
507917.703000,99.0,Ok,40.0,Ok,19267
507917.765000,96.0,Ok,42.0,Ok,19268
507917.812000,98.0,Ok,40.0,Ok,19269
507917.875000,95.0,Ok,40.0,Ok,19270
507917.921000,99.0,Ok,41.0,Ok,19271
507917.968000,99.0,Ok,41.0,Ok,19272
507918.015000,101.0,Ok,41.0,Ok,19273
507918.093000,99.0,Ok,40.0,Ok,19274
507918.125000,101.0,Ok,39.0,Ok,19275
507918.171000,98.0,Ok,40.0,Ok,19276
507918.218000,101.0,Ok,44.0,Ok,19277
507918.265000,104.0,Ok,43.0,Ok,19278
507918.328000,103.0,Ok,43.0,Ok,19279
507918.375000,101.0,Ok,41.0,Ok,19280
507918.421000,104.0,Ok,39.0,Ok,19281
507918.468000,98.0,Ok,41.0,Ok,19282
507918.515000,100.0,Ok,42.0,Ok,19283
507918.562000,105.0,Ok,43.0,Ok,19284
507918.625000,107.0,Ok,42.0,Ok,19285
507918.671000,99.0,Ok,40.0,Ok,19286
507918.718000,100.0,Ok,39.0,Ok,19287
507918.765000,100.0,Ok,41.0,Ok,19288
507918.812000,96.0,Ok,40.0,Ok,19289
507918.859000,106.0,Ok,37.0,Ok,19290
507918.921000,107.0,Ok,43.0,Ok,19291
507918.968000,99.0,Ok,43.0,Ok,19292
507919.015000,102.0,Ok,46.0,Ok,19293
507919.062000,98.0,Ok,39.0,Ok,19294
507919.125000,95.0,Ok,40.0,Ok,19295
507919.171000,100.0,Ok,43.0,Ok,19296
507919.218000,97.0,Ok,39.0,Ok,19297
507919.265000,100.0,Ok,39.0,Ok,19298
507919.312000,101.0,Ok,36.0,Ok,19299
507919.359000,101.0,Ok,40.0,Ok,19300
507919.437000,95.0,Ok,40.0,Ok,19301
507919.468000,97.0,Ok,38.0,Ok,19302
507919.515000,98.0,Ok,46.0,Ok,19303
507919.562000,97.0,Ok,45.0,Ok,19304
507919.625000,95.0,Ok,46.0,Ok,19305
507919.671000,97.0,Ok,44.0,Ok,19306
507919.718000,100.0,Ok,45.0,Ok,19307
507919.765000,98.0,Ok,46.0,Ok,19308
507919.812000,102.0,Ok,37.0,Ok,19309
507919.875000,105.0,Ok,43.0,Ok,19310
507919.906000,109.0,Ok,45.0,Ok,19311
507919.968000,108.0,Ok,40.0,Ok,19312
507920.015000,104.0,Ok,42.0,Ok,19313
507920.078000,105.0,Ok,46.0,Ok,19314
507920.125000,103.0,Ok,46.0,Ok,19315
507920.171000,104.0,Ok,45.0,Ok,19316
507920.218000,107.0,Ok,42.0,Ok,19317
507920.265000,107.0,Ok,37.0,Ok,19318
507920.312000,107.0,Ok,39.0,Ok,19319
507920.375000,106.0,Ok,40.0,Ok,19320
507920.421000,100.0,Ok,43.0,Ok,19321
507920.468000,108.0,Ok,45.0,Ok,19322
507920.515000,101.0,Ok,39.0,Ok,19323
507920.562000,104.0,Ok,43.0,Ok,19324
507920.625000,99.0,Ok,44.0,Ok,19325
507920.671000,100.0,Ok,42.0,Ok,19326
507920.718000,102.0,Ok,44.0,Ok,19327
507920.765000,102.0,Ok,46.0,Ok,19328
507920.812000,105.0,Ok,44.0,Ok,19329
507920.875000,100.0,Ok,43.0,Ok,19330
507920.921000,100.0,Ok,39.0,Ok,19331
507920.968000,99.0,Ok,40.0,Ok,19332
507921.015000,102.0,Ok,35.0,Ok,19333
507921.062000,103.0,Ok,40.0,Ok,19334
507921.125000,103.0,Ok,45.0,Ok,19335
507921.171000,97.0,Ok,43.0,Ok,19336
507921.218000,100.0,Ok,41.0,Ok,19337
507921.265000,97.0,Ok,38.0,Ok,19338
507921.328000,102.0,Ok,41.0,Ok,19339
507921.375000,102.0,Ok,42.0,Ok,19340
507921.421000,98.0,Ok,38.0,Ok,19341
507921.468000,102.0,Ok,40.0,Ok,19342
507921.515000,99.0,Ok,40.0,Ok,19343
507921.562000,100.0,Ok,39.0,Ok,19344
507921.625000,99.0,Ok,39.0,Ok,19345
507921.671000,101.0,Ok,40.0,Ok,19346
507921.703000,102.0,Ok,41.0,Ok,19347
507921.765000,103.0,Ok,43.0,Ok,19348
507921.812000,100.0,Ok,42.0,Ok,19349
507921.875000,101.0,Ok,41.0,Ok,19350
507921.921000,101.0,Ok,42.0,Ok,19351
507921.968000,97.0,Ok,41.0,Ok,19352
507922.015000,99.0,Ok,41.0,Ok,19353
507922.078000,99.0,Ok,40.0,Ok,19354
507922.125000,98.0,Ok,41.0,Ok,19355
507922.171000,101.0,Ok,39.0,Ok,19356
507922.203000,99.0,Ok,39.0,Ok,19357
507922.265000,98.0,Ok,39.0,Ok,19358
507922.312000,99.0,Ok,39.0,Ok,19359
507922.375000,100.0,Ok,39.0,Ok,19360
507922.421000,97.0,Ok,41.0,Ok,19361
507922.468000,99.0,Ok,41.0,Ok,19362
507922.515000,101.0,Ok,40.0,Ok,19363
507922.562000,100.0,Ok,41.0,Ok,19364
507922.625000,98.0,Ok,43.0,Ok,19365
507922.656000,97.0,Ok,41.0,Ok,19366
507922.718000,104.0,Ok,43.0,Ok,19367
507922.765000,102.0,Ok,41.0,Ok,19368
507922.812000,101.0,Ok,40.0,Ok,19369
507922.875000,100.0,Ok,42.0,Ok,19370
507922.921000,101.0,Ok,38.0,Ok,19371
507922.968000,101.0,Ok,40.0,Ok,19372
507923.015000,99.0,Ok,40.0,Ok,19373
507923.062000,96.0,Ok,40.0,Ok,19374
507923.125000,97.0,Ok,39.0,Ok,19375
507923.171000,99.0,Ok,39.0,Ok,19376
507923.218000,101.0,Ok,37.0,Ok,19377
507923.265000,101.0,Ok,44.0,Ok,19378
507923.312000,98.0,Ok,39.0,Ok,19379
507923.375000,107.0,Ok,38.0,Ok,19380
507923.421000,102.0,Ok,41.0,Ok,19381
507923.468000,101.0,Ok,38.0,Ok,19382
507923.515000,100.0,Ok,39.0,Ok,19383
507923.578000,103.0,Ok,40.0,Ok,19384
507923.609000,99.0,Ok,44.0,Ok,19385
507923.671000,96.0,Ok,41.0,Ok,19386
507923.703000,100.0,Ok,39.0,Ok,19387
507923.765000,100.0,Ok,41.0,Ok,19388
507923.812000,104.0,Ok,43.0,Ok,19389
507923.875000,100.0,Ok,47.0,Ok,19390
507923.921000,103.0,Ok,40.0,Ok,19391
507923.968000,100.0,Ok,44.0,Ok,19392
507924.015000,102.0,Ok,48.0,Ok,19393
507924.062000,103.0,Ok,45.0,Ok,19394
507924.109000,100.0,Ok,53.0,Ok,19395
507924.171000,100.0,Ok,44.0,Ok,19396
507924.218000,100.0,Ok,45.0,Ok,19397
507924.265000,99.0,Ok,44.0,Ok,19398
507924.312000,99.0,Ok,43.0,Ok,19399
507924.359000,105.0,Ok,44.0,Ok,19400
507924.406000,99.0,Ok,43.0,Ok,19401
507924.468000,104.0,Ok,52.0,Ok,19402
507924.515000,99.0,Ok,54.0,Ok,19403
507924.562000,100.0,Ok,54.0,Ok,19404
507924.625000,102.0,Ok,56.0,Ok,19405
507924.656000,100.0,Ok,58.0,Ok,19406
507924.718000,98.0,Ok,57.0,Ok,19407
507924.765000,99.0,Ok,60.0,Ok,19408
507924.812000,98.0,Ok,57.0,Ok,19409
507924.859000,101.0,Ok,61.0,Ok,19410
507924.906000,106.0,Ok,61.0,Ok,19411
507924.953000,98.0,Ok,65.0,Ok,19412
507925.015000,97.0,Ok,67.0,Ok,19413
507925.062000,104.0,Ok,60.0,Ok,19414
507925.125000,102.0,Ok,70.0,Ok,19415
507925.171000,101.0,Ok,69.0,Ok,19416
507925.218000,99.0,Ok,61.0,Ok,19417
507925.265000,98.0,Ok,71.0,Ok,19418
507925.312000,101.0,Ok,69.0,Ok,19419
507925.375000,97.0,Ok,70.0,Ok,19420
507925.406000,99.0,Ok,62.0,Ok,19421
507925.468000,98.0,Ok,71.0,Ok,19422
507925.515000,101.0,Ok,74.0,Ok,19423
507925.562000,99.0,Ok,80.0,Ok,19424
507925.625000,100.0,Ok,71.0,Ok,19425
507925.671000,103.0,Ok,77.0,Ok,19426
507925.718000,102.0,Ok,71.0,Ok,19427
507925.765000,104.0,Ok,73.0,Ok,19428
507925.812000,104.0,Ok,74.0,Ok,19429
507925.859000,99.0,Ok,72.0,Ok,19430
507925.921000,98.0,Ok,69.0,Ok,19431
507925.968000,101.0,Ok,70.0,Ok,19432
507926.015000,106.0,Ok,70.0,Ok,19433
507926.062000,98.0,Ok,77.0,Ok,19434
507926.125000,99.0,Ok,71.0,Ok,19435
507926.171000,109.0,Ok,69.0,Ok,19436
507926.218000,104.0,Ok,79.0,Ok,19437
507926.265000,101.0,Ok,78.0,Ok,19438
507926.328000,104.0,Ok,84.0,Ok,19439
507926.359000,97.0,Ok,77.0,Ok,19440
507926.421000,97.0,Ok,76.0,Ok,19441
507926.468000,104.0,Ok,85.0,Ok,19442
507926.515000,103.0,Ok,80.0,Ok,19443
507926.562000,97.0,Ok,83.0,Ok,19444
507926.625000,97.0,Ok,84.0,Ok,19445
507926.671000,98.0,Ok,91.0,Ok,19446
507926.718000,98.0,Ok,91.0,Ok,19447
507926.765000,102.0,Ok,88.0,Ok,19448
507926.812000,101.0,Ok,92.0,Ok,19449
507926.859000,95.0,Ok,89.0,Ok,19450
507926.921000,95.0,Ok,84.0,Ok,19451
507926.968000,87.0,Ok,90.0,Ok,19452
507927.015000,78.0,Ok,85.0,Ok,19453
507927.062000,68.0,Ok,92.0,Ok,19454
507927.109000,68.0,Ok,95.0,Ok,19455
507927.171000,65.0,Ok,91.0,Ok,19456
507927.218000,61.0,Ok,94.0,Ok,19457
507927.265000,60.0,Ok,95.0,Ok,19458
507927.328000,57.0,Ok,97.0,Ok,19459
507927.375000,53.0,Ok,92.0,Ok,19460
507927.421000,48.0,Ok,95.0,Ok,19461
507927.468000,40.0,Ok,94.0,Ok,19462
507927.515000,46.0,Ok,92.0,Ok,19463
507927.562000,37.0,Ok,91.0,Ok,19464
507927.625000,39.0,Ok,88.0,Ok,19465
507927.656000,38.0,Ok,73.0,Ok,19466
507927.718000,36.0,Ok,74.0,Ok,19467
507927.765000,39.0,Ok,63.0,Ok,19468
507927.812000,39.0,Ok,64.0,Ok,19469
507927.875000,35.0,Ok,54.0,Ok,19470
507927.921000,35.0,Ok,57.0,Ok,19471
507927.968000,36.0,Ok,57.0,Ok,19472
507928.015000,39.0,Ok,54.0,Ok,19473
507928.062000,36.0,Ok,51.0,Ok,19474
507928.109000,40.0,Ok,49.0,Ok,19475
507928.156000,41.0,Ok,46.0,Ok,19476
507928.203000,40.0,Ok,48.0,Ok,19477
507928.265000,42.0,Ok,45.0,Ok,19478
507928.312000,35.0,Ok,45.0,Ok,19479
507928.375000,36.0,Ok,45.0,Ok,19480
507928.421000,40.0,Ok,40.0,Ok,19481
507928.468000,46.0,Ok,44.0,Ok,19482
507928.515000,35.0,Ok,44.0,Ok,19483
507928.578000,34.0,Ok,46.0,Ok,19484
507928.625000,34.0,Ok,48.0,Ok,19485
507928.671000,38.0,Ok,41.0,Ok,19486
507928.718000,36.0,Ok,41.0,Ok,19487
507928.765000,39.0,Ok,42.0,Ok,19488
507928.828000,35.0,Ok,42.0,Ok,19489
507928.875000,39.0,Ok,47.0,Ok,19490
507928.921000,37.0,Ok,48.0,Ok,19491
507928.984000,41.0,Ok,61.0,Ok,19492
507929.015000,39.0,Ok,61.0,Ok,19493
507929.062000,39.0,Ok,57.0,Ok,19494
507929.109000,89.0,Ok,58.0,Ok,19495
507929.156000,71.0,Ok,30.0,Ok,19496
507929.218000,55.0,Ok,62.0,Ok,19497
507929.265000,69.0,Ok,55.0,Ok,19498
507929.328000,47.0,Ok,56.0,Ok,19499
507929.375000,60.0,Ok,37.0,Ok,19500
507929.421000,20.0,Ok,61.0,Ok,19501
507929.468000,24.0,Ok,41.0,Ok,19502
507929.515000,102.0,Ok,35.0,Ok,19503
507929.562000,91.0,Ok,45.0,Ok,19504
507929.609000,93.0,Ok,59.0,Ok,19505
507929.671000,75.0,Ok,46.0,Ok,19506
507929.718000,108.0,Ok,45.0,Ok,19507
507929.765000,66.0,Ok,54.0,Ok,19508
507929.812000,30.0,Ok,54.0,Ok,19509
507929.859000,30.0,Ok,65.0,Ok,19510
507929.906000,47.0,Ok,58.0,Ok,19511
507929.953000,42.0,Ok,74.0,Ok,19512
507930.015000,44.0,Ok,88.0,Ok,19513
507930.062000,45.0,Ok,68.0,Ok,19514
507930.109000,43.0,Ok,73.0,Ok,19515
507930.171000,51.0,Ok,20.0,Ok,19516
507930.218000,52.0,Ok,89.0,Ok,19517
507930.265000,44.0,Ok,75.0,Ok,19518
507930.312000,45.0,Ok,70.0,Ok,19519
507930.375000,56.0,Ok,61.0,Ok,19520
507930.421000,60.0,Ok,41.0,Ok,19521
507930.468000,64.0,Ok,53.0,Ok,19522
507930.515000,71.0,Ok,56.0,Ok,19523
507930.562000,55.0,Ok,44.0,Ok,19524
507930.625000,41.0,Ok,41.0,Ok,19525
507930.671000,42.0,Ok,41.0,Ok,19526
507930.718000,41.0,Ok,41.0,Ok,19527
507930.765000,59.0,Ok,54.0,Ok,19528
507930.812000,58.0,Ok,44.0,Ok,19529
507930.875000,58.0,Ok,60.0,Ok,19530
507930.921000,54.0,Ok,54.0,Ok,19531
507930.968000,49.0,Ok,52.0,Ok,19532
507931.015000,51.0,Ok,54.0,Ok,19533
507931.062000,46.0,Ok,52.0,Ok,19534
507931.125000,42.0,Ok,51.0,Ok,19535
507931.171000,56.0,Ok,49.0,Ok,19536
507931.218000,60.0,Ok,51.0,Ok,19537
507931.265000,47.0,Ok,56.0,Ok,19538
507931.312000,43.0,Ok,62.0,Ok,19539
507931.375000,48.0,Ok,43.0,Ok,19540
507931.421000,50.0,Ok,59.0,Ok,19541
507931.468000,55.0,Ok,65.0,Ok,19542
507931.515000,59.0,Ok,61.0,Ok,19543
507931.562000,56.0,Ok,61.0,Ok,19544
507931.609000,47.0,Ok,49.0,Ok,19545
507931.656000,53.0,Ok,53.0,Ok,19546
507931.796000,56.0,Ok,62.0,Ok,19547
507931.796000,59.0,Ok,59.0,Ok,19548
507931.812000,46.0,Ok,56.0,Ok,19549
507931.875000,48.0,Ok,51.0,Ok,19550
507931.906000,53.0,Ok,47.0,Ok,19551
507931.968000,59.0,Ok,59.0,Ok,19552
507932.015000,52.0,Ok,62.0,Ok,19553
507932.062000,49.0,Ok,62.0,Ok,19554
507932.125000,61.0,Ok,59.0,Ok,19555
507932.171000,58.0,Ok,47.0,Ok,19556
507932.218000,47.0,Ok,58.0,Ok,19557
507932.265000,52.0,Ok,58.0,Ok,19558
507932.312000,61.0,Ok,54.0,Ok,19559
507932.375000,64.0,Ok,53.0,Ok,19560
507932.421000,69.0,Ok,53.0,Ok,19561
507932.468000,68.0,Ok,49.0,Ok,19562
507932.515000,64.0,Ok,56.0,Ok,19563
507932.562000,59.0,Ok,53.0,Ok,19564
507932.609000,59.0,Ok,52.0,Ok,19565
507932.671000,58.0,Ok,45.0,Ok,19566
507932.718000,67.0,Ok,46.0,Ok,19567
507932.765000,64.0,Ok,40.0,Ok,19568
507932.812000,54.0,Ok,41.0,Ok,19569
507932.875000,54.0,Ok,41.0,Ok,19570
507932.921000,51.0,Ok,44.0,Ok,19571
507932.968000,48.0,Ok,53.0,Ok,19572
507933.015000,52.0,Ok,53.0,Ok,19573
507933.078000,48.0,Ok,52.0,Ok,19574
507933.125000,53.0,Ok,54.0,Ok,19575
507933.171000,55.0,Ok,52.0,Ok,19576
507933.218000,61.0,Ok,55.0,Ok,19577
507933.265000,66.0,Ok,54.0,Ok,19578
507933.312000,68.0,Ok,55.0,Ok,19579
507933.375000,77.0,Ok,54.0,Ok,19580
507933.421000,87.0,Ok,49.0,Ok,19581
507933.468000,76.0,Ok,52.0,Ok,19582
507933.515000,93.0,Ok,55.0,Ok,19583
507933.562000,75.0,Ok,55.0,Ok,19584
507933.609000,64.0,Ok,57.0,Ok,19585
507933.656000,61.0,Ok,54.0,Ok,19586
507933.718000,66.0,Ok,56.0,Ok,19587
507933.765000,64.0,Ok,58.0,Ok,19588
507933.812000,53.0,Ok,46.0,Ok,19589
507933.875000,42.0,Ok,45.0,Ok,19590
507933.921000,41.0,Ok,45.0,Ok,19591
507933.968000,39.0,Ok,48.0,Ok,19592
507934.015000,39.0,Ok,46.0,Ok,19593
507934.062000,40.0,Ok,57.0,Ok,19594
507934.125000,52.0,Ok,56.0,Ok,19595
507934.171000,58.0,Ok,55.0,Ok,19596
507934.203000,59.0,Ok,55.0,Ok,19597
507934.265000,56.0,Ok,49.0,Ok,19598
507934.312000,59.0,Ok,52.0,Ok,19599
507934.375000,66.0,Ok,59.0,Ok,19600
507934.437000,64.0,Ok,56.0,Ok,19601
507934.468000,64.0,Ok,56.0,Ok,19602
507934.515000,63.0,Ok,50.0,Ok,19603
507934.562000,63.0,Ok,57.0,Ok,19604
507934.609000,68.0,Ok,58.0,Ok,19605
507934.656000,69.0,Ok,60.0,Ok,19606
507934.718000,62.0,Ok,62.0,Ok,19607
507934.765000,61.0,Ok,57.0,Ok,19608
507934.812000,59.0,Ok,61.0,Ok,19609
507934.875000,64.0,Ok,60.0,Ok,19610
507934.906000,62.0,Ok,58.0,Ok,19611
507934.968000,63.0,Ok,56.0,Ok,19612
507935.015000,59.0,Ok,48.0,Ok,19613
507935.062000,65.0,Ok,43.0,Ok,19614
507935.109000,62.0,Ok,57.0,Ok,19615
507935.171000,62.0,Ok,56.0,Ok,19616
507935.218000,60.0,Ok,57.0,Ok,19617
507935.265000,63.0,Ok,60.0,Ok,19618
507935.312000,65.0,Ok,61.0,Ok,19619
507935.375000,67.0,Ok,60.0,Ok,19620
507935.406000,55.0,Ok,51.0,Ok,19621
507935.468000,53.0,Ok,51.0,Ok,19622
507935.515000,48.0,Ok,62.0,Ok,19623
507935.578000,46.0,Ok,60.0,Ok,19624
507935.625000,47.0,Ok,60.0,Ok,19625
507935.671000,51.0,Ok,64.0,Ok,19626
507935.718000,53.0,Ok,49.0,Ok,19627
507935.796000,53.0,Ok,61.0,Ok,19628
507935.812000,48.0,Ok,61.0,Ok,19629
507935.875000,61.0,Ok,65.0,Ok,19630
507935.921000,62.0,Ok,61.0,Ok,19631
507935.968000,59.0,Ok,64.0,Ok,19632
507936.015000,60.0,Ok,47.0,Ok,19633
507936.062000,68.0,Ok,55.0,Ok,19634
507936.109000,70.0,Ok,58.0,Ok,19635
507936.171000,71.0,Ok,58.0,Ok,19636
507936.218000,64.0,Ok,57.0,Ok,19637
507936.265000,69.0,Ok,58.0,Ok,19638
507936.312000,61.0,Ok,59.0,Ok,19639
507936.375000,63.0,Ok,61.0,Ok,19640
507936.421000,62.0,Ok,60.0,Ok,19641
507936.468000,61.0,Ok,61.0,Ok,19642
507936.515000,64.0,Ok,52.0,Ok,19643
507936.562000,71.0,Ok,54.0,Ok,19644
507936.609000,64.0,Ok,50.0,Ok,19645
507936.671000,64.0,Ok,58.0,Ok,19646
507936.718000,66.0,Ok,60.0,Ok,19647
507936.765000,72.0,Ok,59.0,Ok,19648
507936.812000,77.0,Ok,47.0,Ok,19649
507936.875000,64.0,Ok,61.0,Ok,19650
507936.921000,63.0,Ok,62.0,Ok,19651
507936.968000,54.0,Ok,63.0,Ok,19652
507937.015000,49.0,Ok,59.0,Ok,19653
507937.062000,48.0,Ok,53.0,Ok,19654
507937.125000,55.0,Ok,56.0,Ok,19655
507937.171000,59.0,Ok,47.0,Ok,19656
507937.218000,52.0,Ok,54.0,Ok,19657
507937.265000,53.0,Ok,65.0,Ok,19658
507937.312000,58.0,Ok,69.0,Ok,19659
507937.375000,55.0,Ok,67.0,Ok,19660
507937.421000,53.0,Ok,58.0,Ok,19661
507937.468000,54.0,Ok,71.0,Ok,19662
507937.515000,49.0,Ok,69.0,Ok,19663
507937.562000,53.0,Ok,54.0,Ok,19664
507937.609000,63.0,Ok,65.0,Ok,19665
507937.656000,61.0,Ok,61.0,Ok,19666
507937.718000,58.0,Ok,59.0,Ok,19667
507937.765000,64.0,Ok,55.0,Ok,19668
507937.812000,60.0,Ok,57.0,Ok,19669
507937.859000,59.0,Ok,54.0,Ok,19670
507937.921000,57.0,Ok,61.0,Ok,19671
507937.968000,60.0,Ok,67.0,Ok,19672
507938.015000,56.0,Ok,63.0,Ok,19673
507938.078000,60.0,Ok,64.0,Ok,19674
507938.125000,55.0,Ok,63.0,Ok,19675
507938.171000,65.0,Ok,61.0,Ok,19676
507938.218000,65.0,Ok,61.0,Ok,19677
507938.265000,63.0,Ok,60.0,Ok,19678
507938.312000,62.0,Ok,61.0,Ok,19679
507938.359000,58.0,Ok,60.0,Ok,19680
507938.421000,61.0,Ok,60.0,Ok,19681
507938.453000,68.0,Ok,60.0,Ok,19682
507938.515000,67.0,Ok,60.0,Ok,19683
507938.562000,64.0,Ok,61.0,Ok,19684
507938.625000,66.0,Ok,61.0,Ok,19685
507938.671000,76.0,Ok,66.0,Ok,19686
507938.718000,62.0,Ok,56.0,Ok,19687
507938.750000,62.0,Ok,64.0,Ok,19688
507938.812000,63.0,Ok,57.0,Ok,19689
507938.875000,59.0,Ok,57.0,Ok,19690
507938.921000,60.0,Ok,64.0,Ok,19691
507938.968000,62.0,Ok,68.0,Ok,19692
507939.015000,65.0,Ok,69.0,Ok,19693
507939.062000,64.0,Ok,65.0,Ok,19694
507939.109000,61.0,Ok,65.0,Ok,19695
507939.171000,65.0,Ok,61.0,Ok,19696
507939.218000,64.0,Ok,67.0,Ok,19697
507939.265000,63.0,Ok,68.0,Ok,19698
507939.312000,67.0,Ok,70.0,Ok,19699
507939.375000,68.0,Ok,69.0,Ok,19700
507939.421000,51.0,Ok,68.0,Ok,19701
507939.468000,55.0,Ok,57.0,Ok,19702
507939.515000,59.0,Ok,67.0,Ok,19703
507939.562000,54.0,Ok,70.0,Ok,19704
507939.609000,56.0,Ok,75.0,Ok,19705
507939.656000,59.0,Ok,63.0,Ok,19706
507939.718000,54.0,Ok,64.0,Ok,19707
507939.765000,52.0,Ok,60.0,Ok,19708
507939.812000,57.0,Ok,58.0,Ok,19709
507939.890000,53.0,Ok,70.0,Ok,19710
507939.921000,50.0,Ok,68.0,Ok,19711
507939.968000,49.0,Ok,56.0,Ok,19712
507940.015000,49.0,Ok,69.0,Ok,19713
507940.062000,50.0,Ok,61.0,Ok,19714
507940.125000,52.0,Ok,63.0,Ok,19715
507940.156000,49.0,Ok,73.0,Ok,19716
507940.218000,49.0,Ok,70.0,Ok,19717
507940.265000,55.0,Ok,69.0,Ok,19718
507940.312000,53.0,Ok,66.0,Ok,19719
507940.375000,55.0,Ok,68.0,Ok,19720
507940.421000,49.0,Ok,70.0,Ok,19721
507940.468000,52.0,Ok,70.0,Ok,19722
507940.515000,53.0,Ok,61.0,Ok,19723
507940.562000,52.0,Ok,62.0,Ok,19724
507940.625000,54.0,Ok,65.0,Ok,19725
507940.671000,55.0,Ok,61.0,Ok,19726
507940.718000,58.0,Ok,67.0,Ok,19727
507940.765000,61.0,Ok,65.0,Ok,19728
507940.812000,61.0,Ok,68.0,Ok,19729
507940.859000,63.0,Ok,68.0,Ok,19730
507940.921000,61.0,Ok,68.0,Ok,19731
507940.968000,56.0,Ok,70.0,Ok,19732
507941.015000,60.0,Ok,64.0,Ok,19733
507941.062000,60.0,Ok,62.0,Ok,19734
507941.125000,62.0,Ok,68.0,Ok,19735
507941.171000,62.0,Ok,65.0,Ok,19736
507941.218000,62.0,Ok,67.0,Ok,19737
507941.265000,57.0,Ok,70.0,Ok,19738
507941.312000,63.0,Ok,69.0,Ok,19739
507941.375000,64.0,Ok,72.0,Ok,19740
507941.421000,64.0,Ok,70.0,Ok,19741
507941.468000,57.0,Ok,69.0,Ok,19742
507941.515000,62.0,Ok,62.0,Ok,19743
507941.562000,63.0,Ok,68.0,Ok,19744
507941.625000,55.0,Ok,68.0,Ok,19745
507941.671000,61.0,Ok,69.0,Ok,19746
507941.718000,63.0,Ok,59.0,Ok,19747
507941.765000,71.0,Ok,67.0,Ok,19748
507941.828000,67.0,Ok,65.0,Ok,19749
507941.859000,66.0,Ok,68.0,Ok,19750
507941.921000,61.0,Ok,70.0,Ok,19751
507941.968000,59.0,Ok,68.0,Ok,19752
507942.015000,54.0,Ok,60.0,Ok,19753
507942.062000,61.0,Ok,57.0,Ok,19754
507942.109000,65.0,Ok,60.0,Ok,19755
507942.156000,70.0,Ok,69.0,Ok,19756
507942.218000,52.0,Ok,60.0,Ok,19757
507942.265000,54.0,Ok,59.0,Ok,19758
507942.312000,50.0,Ok,61.0,Ok,19759
507942.375000,51.0,Ok,62.0,Ok,19760
507942.421000,55.0,Ok,58.0,Ok,19761
507942.468000,54.0,Ok,61.0,Ok,19762
507942.500000,57.0,Ok,58.0,Ok,19763
507942.562000,55.0,Ok,62.0,Ok,19764
507942.625000,53.0,Ok,60.0,Ok,19765
507942.656000,55.0,Ok,57.0,Ok,19766
507942.718000,54.0,Ok,57.0,Ok,19767
507942.765000,49.0,Ok,62.0,Ok,19768
507942.812000,45.0,Ok,59.0,Ok,19769
507942.859000,47.0,Ok,58.0,Ok,19770
507942.906000,49.0,Ok,65.0,Ok,19771
507942.968000,45.0,Ok,60.0,Ok,19772
507943.000000,44.0,Ok,61.0,Ok,19773
507943.062000,46.0,Ok,57.0,Ok,19774
507943.125000,46.0,Ok,61.0,Ok,19775
507943.171000,47.0,Ok,58.0,Ok,19776
507943.218000,46.0,Ok,66.0,Ok,19777
507943.265000,43.0,Ok,59.0,Ok,19778
507943.312000,47.0,Ok,62.0,Ok,19779
507943.375000,51.0,Ok,58.0,Ok,19780
507943.421000,53.0,Ok,53.0,Ok,19781
507943.468000,59.0,Ok,56.0,Ok,19782
507943.515000,59.0,Ok,57.0,Ok,19783
507943.562000,52.0,Ok,52.0,Ok,19784
507943.625000,56.0,Ok,52.0,Ok,19785
507943.671000,51.0,Ok,50.0,Ok,19786
507943.718000,45.0,Ok,54.0,Ok,19787
507943.765000,46.0,Ok,59.0,Ok,19788
507943.812000,51.0,Ok,59.0,Ok,19789
507943.875000,52.0,Ok,56.0,Ok,19790
507943.921000,49.0,Ok,59.0,Ok,19791
507943.984000,66.0,Ok,58.0,Ok,19792
507944.015000,60.0,Ok,47.0,Ok,19793
507944.062000,62.0,Ok,47.0,Ok,19794
507944.109000,54.0,Ok,51.0,Ok,19795
507944.171000,46.0,Ok,52.0,Ok,19796
507944.218000,73.0,Ok,51.0,Ok,19797
507944.265000,64.0,Ok,51.0,Ok,19798
507944.312000,59.0,Ok,50.0,Ok,19799
507944.359000,63.0,Ok,51.0,Ok,19800
507944.406000,61.0,Ok,49.0,Ok,19801
507944.453000,68.0,Ok,45.0,Ok,19802
507944.515000,62.0,Ok,44.0,Ok,19803
507944.562000,68.0,Ok,46.0,Ok,19804
507944.625000,68.0,Ok,42.0,Ok,19805
507944.671000,61.0,Ok,41.0,Ok,19806
507944.718000,42.0,Ok,43.0,Ok,19807
507944.765000,39.0,Ok,38.0,Ok,19808
507944.812000,34.0,Ok,35.0,Ok,19809
507944.875000,37.0,Ok,32.0,Ok,19810
507944.906000,39.0,Ok,35.0,Ok,19811
507944.953000,43.0,Ok,32.0,Ok,19812
507945.015000,51.0,Ok,31.0,Ok,19813
507945.062000,51.0,Ok,34.0,Ok,19814
507945.125000,48.0,Ok,34.0,Ok,19815
507945.171000,30.0,Ok,36.0,Ok,19816
507945.218000,40.0,Ok,40.0,Ok,19817
507945.265000,40.0,Ok,38.0,Ok,19818
507945.343000,39.0,Ok,43.0,Ok,19819
507945.375000,52.0,Ok,39.0,Ok,19820
507945.421000,47.0,Ok,42.0,Ok,19821
507945.468000,46.0,Ok,49.0,Ok,19822
507945.515000,47.0,Ok,41.0,Ok,19823
507945.562000,48.0,Ok,46.0,Ok,19824
507945.609000,55.0,Ok,48.0,Ok,19825
507945.656000,55.0,Ok,53.0,Ok,19826
507945.703000,44.0,Ok,55.0,Ok,19827
507945.765000,40.0,Ok,54.0,Ok,19828
507945.812000,46.0,Ok,59.0,Ok,19829
507945.859000,48.0,Ok,62.0,Ok,19830
507945.906000,49.0,Ok,61.0,Ok,19831
507945.968000,52.0,Ok,62.0,Ok,19832
507946.015000,61.0,Ok,58.0,Ok,19833
507946.062000,63.0,Ok,54.0,Ok,19834
507946.125000,59.0,Ok,58.0,Ok,19835
507946.171000,36.0,Ok,60.0,Ok,19836
507946.218000,32.0,Ok,60.0,Ok,19837
507946.265000,41.0,Ok,61.0,Ok,19838
507946.312000,54.0,Ok,61.0,Ok,19839
507946.375000,60.0,Ok,62.0,Ok,19840
507946.406000,57.0,Ok,57.0,Ok,19841
507946.468000,55.0,Ok,60.0,Ok,19842
507946.515000,63.0,Ok,61.0,Ok,19843
507946.562000,63.0,Ok,66.0,Ok,19844
507946.609000,59.0,Ok,61.0,Ok,19845
507946.671000,55.0,Ok,57.0,Ok,19846
507946.718000,61.0,Ok,54.0,Ok,19847
507946.765000,64.0,Ok,51.0,Ok,19848
507946.812000,57.0,Ok,50.0,Ok,19849
507946.859000,63.0,Ok,54.0,Ok,19850
507946.906000,63.0,Ok,61.0,Ok,19851
507946.968000,67.0,Ok,62.0,Ok,19852
507947.015000,69.0,Ok,62.0,Ok,19853
507947.078000,66.0,Ok,59.0,Ok,19854
507947.125000,63.0,Ok,50.0,Ok,19855
507947.171000,63.0,Ok,51.0,Ok,19856
507947.218000,67.0,Ok,55.0,Ok,19857
507947.265000,58.0,Ok,57.0,Ok,19858
507947.328000,55.0,Ok,54.0,Ok,19859
507947.375000,66.0,Ok,51.0,Ok,19860
507947.421000,63.0,Ok,53.0,Ok,19861
507947.453000,68.0,Ok,48.0,Ok,19862
507947.515000,74.0,Ok,50.0,Ok,19863
507947.562000,74.0,Ok,53.0,Ok,19864
507947.625000,80.0,Ok,53.0,Ok,19865
507947.671000,65.0,Ok,62.0,Ok,19866
507947.718000,64.0,Ok,57.0,Ok,19867
507947.765000,71.0,Ok,60.0,Ok,19868
507947.812000,65.0,Ok,52.0,Ok,19869
507947.875000,57.0,Ok,58.0,Ok,19870
507947.921000,54.0,Ok,67.0,Ok,19871
507947.968000,52.0,Ok,67.0,Ok,19872
507948.015000,56.0,Ok,66.0,Ok,19873
507948.078000,61.0,Ok,44.0,Ok,19874
507948.109000,62.0,Ok,52.0,Ok,19875
507948.171000,61.0,Ok,48.0,Ok,19876
507948.203000,55.0,Ok,40.0,Ok,19877
507948.250000,56.0,Ok,69.0,Ok,19878
507948.328000,55.0,Ok,68.0,Ok,19879
507948.375000,61.0,Ok,67.0,Ok,19880
507948.421000,56.0,Ok,66.0,Ok,19881
507948.468000,58.0,Ok,51.0,Ok,19882
507948.515000,62.0,Ok,53.0,Ok,19883
507948.562000,61.0,Ok,53.0,Ok,19884
507948.625000,57.0,Ok,57.0,Ok,19885
507948.656000,61.0,Ok,68.0,Ok,19886
507948.718000,56.0,Ok,69.0,Ok,19887
507948.765000,65.0,Ok,68.0,Ok,19888
507948.812000,61.0,Ok,67.0,Ok,19889
507948.875000,59.0,Ok,57.0,Ok,19890
507948.921000,64.0,Ok,54.0,Ok,19891
507948.968000,57.0,Ok,62.0,Ok,19892
507949.015000,58.0,Ok,62.0,Ok,19893
507949.062000,61.0,Ok,67.0,Ok,19894
507949.109000,60.0,Ok,67.0,Ok,19895
507949.171000,55.0,Ok,66.0,Ok,19896
507949.218000,59.0,Ok,69.0,Ok,19897
507949.250000,60.0,Ok,68.0,Ok,19898
507949.312000,61.0,Ok,66.0,Ok,19899
507949.375000,61.0,Ok,68.0,Ok,19900
507949.421000,57.0,Ok,69.0,Ok,19901
507949.468000,53.0,Ok,65.0,Ok,19902
507949.515000,61.0,Ok,65.0,Ok,19903
507949.562000,62.0,Ok,63.0,Ok,19904
507949.609000,56.0,Ok,65.0,Ok,19905
507949.671000,61.0,Ok,71.0,Ok,19906
507949.718000,61.0,Ok,69.0,Ok,19907
507949.765000,64.0,Ok,72.0,Ok,19908
507949.828000,63.0,Ok,80.0,Ok,19909
507949.875000,67.0,Ok,77.0,Ok,19910
507949.921000,63.0,Ok,67.0,Ok,19911
507949.968000,55.0,Ok,68.0,Ok,19912
507950.015000,58.0,Ok,54.0,Ok,19913
507950.062000,58.0,Ok,56.0,Ok,19914
507950.109000,63.0,Ok,60.0,Ok,19915
507950.171000,63.0,Ok,65.0,Ok,19916
507950.218000,62.0,Ok,71.0,Ok,19917
507950.265000,58.0,Ok,67.0,Ok,19918
507950.312000,64.0,Ok,67.0,Ok,19919
507950.359000,62.0,Ok,56.0,Ok,19920
507950.406000,56.0,Ok,51.0,Ok,19921
507950.453000,59.0,Ok,54.0,Ok,19922
507950.500000,55.0,Ok,59.0,Ok,19923
507950.562000,56.0,Ok,61.0,Ok,19924
507950.625000,52.0,Ok,61.0,Ok,19925
507950.656000,54.0,Ok,66.0,Ok,19926
507950.703000,54.0,Ok,60.0,Ok,19927
507950.765000,55.0,Ok,56.0,Ok,19928
507950.812000,63.0,Ok,54.0,Ok,19929
507950.875000,55.0,Ok,55.0,Ok,19930
507950.921000,55.0,Ok,55.0,Ok,19931
507950.968000,54.0,Ok,51.0,Ok,19932
507951.015000,54.0,Ok,53.0,Ok,19933
507951.062000,54.0,Ok,58.0,Ok,19934
507951.109000,60.0,Ok,62.0,Ok,19935
507951.156000,55.0,Ok,69.0,Ok,19936
507951.218000,55.0,Ok,71.0,Ok,19937
507951.265000,54.0,Ok,67.0,Ok,19938
507951.312000,58.0,Ok,69.0,Ok,19939
507951.375000,61.0,Ok,59.0,Ok,19940
507951.406000,58.0,Ok,52.0,Ok,19941
507951.468000,60.0,Ok,57.0,Ok,19942
507951.500000,51.0,Ok,53.0,Ok,19943
507951.562000,52.0,Ok,50.0,Ok,19944
507951.609000,60.0,Ok,62.0,Ok,19945
507951.671000,55.0,Ok,68.0,Ok,19946
507951.703000,54.0,Ok,69.0,Ok,19947
507951.765000,59.0,Ok,63.0,Ok,19948
507951.812000,52.0,Ok,50.0,Ok,19949
507951.859000,60.0,Ok,59.0,Ok,19950
507951.921000,60.0,Ok,61.0,Ok,19951
507951.953000,54.0,Ok,61.0,Ok,19952
507952.015000,53.0,Ok,60.0,Ok,19953
507952.062000,52.0,Ok,57.0,Ok,19954
507952.125000,61.0,Ok,47.0,Ok,19955
507952.171000,53.0,Ok,65.0,Ok,19956
507952.218000,61.0,Ok,59.0,Ok,19957
507952.265000,54.0,Ok,46.0,Ok,19958
507952.312000,57.0,Ok,62.0,Ok,19959
507952.359000,62.0,Ok,63.0,Ok,19960
507952.406000,63.0,Ok,62.0,Ok,19961
507952.453000,66.0,Ok,55.0,Ok,19962
507952.515000,68.0,Ok,55.0,Ok,19963
507952.562000,62.0,Ok,54.0,Ok,19964
507952.625000,58.0,Ok,55.0,Ok,19965
507952.671000,52.0,Ok,52.0,Ok,19966
507952.718000,54.0,Ok,54.0,Ok,19967
507952.750000,59.0,Ok,47.0,Ok,19968
507952.812000,58.0,Ok,58.0,Ok,19969
507952.875000,64.0,Ok,60.0,Ok,19970
507952.921000,67.0,Ok,64.0,Ok,19971
507952.968000,66.0,Ok,63.0,Ok,19972
507953.015000,64.0,Ok,57.0,Ok,19973
507953.062000,59.0,Ok,56.0,Ok,19974
507953.125000,64.0,Ok,47.0,Ok,19975
507953.156000,63.0,Ok,53.0,Ok,19976
507953.218000,64.0,Ok,61.0,Ok,19977
507953.265000,61.0,Ok,60.0,Ok,19978
507953.328000,69.0,Ok,63.0,Ok,19979
507953.375000,69.0,Ok,66.0,Ok,19980
507953.421000,68.0,Ok,60.0,Ok,19981
507953.468000,60.0,Ok,53.0,Ok,19982
507953.531000,54.0,Ok,56.0,Ok,19983
507953.562000,65.0,Ok,62.0,Ok,19984
507953.609000,61.0,Ok,65.0,Ok,19985
507953.656000,51.0,Ok,59.0,Ok,19986
507953.718000,52.0,Ok,51.0,Ok,19987
507953.765000,50.0,Ok,51.0,Ok,19988
507953.812000,52.0,Ok,56.0,Ok,19989
507953.875000,52.0,Ok,56.0,Ok,19990
507953.921000,50.0,Ok,53.0,Ok,19991
507953.968000,48.0,Ok,51.0,Ok,19992
507954.015000,49.0,Ok,54.0,Ok,19993
507954.062000,48.0,Ok,53.0,Ok,19994
507954.109000,52.0,Ok,55.0,Ok,19995
507954.156000,54.0,Ok,65.0,Ok,19996
507954.218000,52.0,Ok,69.0,Ok,19997
507954.265000,51.0,Ok,61.0,Ok,19998
507954.312000,54.0,Ok,54.0,Ok,19999
507954.375000,53.0,Ok,55.0,Ok,20000
507954.421000,51.0,Ok,53.0,Ok,20001
507954.468000,52.0,Ok,54.0,Ok,20002
507954.515000,53.0,Ok,54.0,Ok,20003
507954.562000,50.0,Ok,63.0,Ok,20004
507954.609000,55.0,Ok,69.0,Ok,20005
507954.656000,51.0,Ok,61.0,Ok,20006
507954.703000,50.0,Ok,69.0,Ok,20007
507954.765000,51.0,Ok,75.0,Ok,20008
507954.812000,51.0,Ok,77.0,Ok,20009
507954.875000,51.0,Ok,74.0,Ok,20010
507954.921000,52.0,Ok,62.0,Ok,20011
507954.953000,54.0,Ok,69.0,Ok,20012
507955.015000,51.0,Ok,69.0,Ok,20013
507955.062000,48.0,Ok,66.0,Ok,20014
507955.125000,65535.0,RangingRxTimeout,74.0,Ok,20015
507955.171000,53.0,Ok,68.0,Ok,20016
507955.218000,55.0,Ok,72.0,Ok,20017
507955.265000,60.0,Ok,67.0,Ok,20018
507955.312000,61.0,Ok,68.0,Ok,20019
507955.375000,68.0,Ok,71.0,Ok,20020
507955.421000,69.0,Ok,67.0,Ok,20021
507955.468000,59.0,Ok,65.0,Ok,20022
507955.515000,58.0,Ok,66.0,Ok,20023
507955.562000,54.0,Ok,74.0,Ok,20024
507955.625000,60.0,Ok,67.0,Ok,20025
507955.671000,54.0,Ok,71.0,Ok,20026
507955.703000,57.0,Ok,79.0,Ok,20027
507955.750000,63.0,Ok,78.0,Ok,20028
507955.828000,56.0,Ok,72.0,Ok,20029
507955.875000,54.0,Ok,71.0,Ok,20030
507955.921000,56.0,Ok,72.0,Ok,20031
507955.968000,63.0,Ok,72.0,Ok,20032
507956.015000,63.0,Ok,70.0,Ok,20033
507956.078000,53.0,Ok,68.0,Ok,20034
507956.109000,55.0,Ok,61.0,Ok,20035
507956.156000,57.0,Ok,62.0,Ok,20036
507956.218000,52.0,Ok,60.0,Ok,20037
507956.281000,52.0,Ok,54.0,Ok,20038
507956.312000,51.0,Ok,54.0,Ok,20039
507956.375000,49.0,Ok,51.0,Ok,20040
507956.406000,52.0,Ok,46.0,Ok,20041
507956.468000,53.0,Ok,49.0,Ok,20042
507956.515000,55.0,Ok,60.0,Ok,20043
507956.562000,52.0,Ok,76.0,Ok,20044
507956.625000,56.0,Ok,76.0,Ok,20045
507956.671000,63.0,Ok,93.0,Ok,20046
507956.718000,57.0,Ok,39.0,Ok,20047
507956.765000,65.0,Ok,45.0,Ok,20048
507956.812000,61.0,Ok,54.0,Ok,20049
507956.859000,69.0,Ok,65.0,Ok,20050
507956.921000,70.0,Ok,65.0,Ok,20051
507956.968000,69.0,Ok,65.0,Ok,20052
507957.015000,69.0,Ok,69.0,Ok,20053
507957.062000,68.0,Ok,75.0,Ok,20054
507957.109000,67.0,Ok,75.0,Ok,20055
507957.171000,69.0,Ok,72.0,Ok,20056
507957.218000,64.0,Ok,75.0,Ok,20057
507957.265000,66.0,Ok,79.0,Ok,20058
507957.312000,61.0,Ok,87.0,Ok,20059
507957.375000,61.0,Ok,42.0,Ok,20060
507957.421000,69.0,Ok,109.0,Ok,20061
507957.468000,60.0,Ok,83.0,Ok,20062
507957.515000,65.0,Ok,89.0,Ok,20063
507957.562000,61.0,Ok,84.0,Ok,20064
507957.625000,59.0,Ok,87.0,Ok,20065
507957.671000,60.0,Ok,85.0,Ok,20066
507957.718000,62.0,Ok,88.0,Ok,20067
507957.765000,69.0,Ok,92.0,Ok,20068
507957.812000,64.0,Ok,87.0,Ok,20069
507957.859000,67.0,Ok,78.0,Ok,20070
507957.906000,68.0,Ok,60.0,Ok,20071
507957.968000,65.0,Ok,55.0,Ok,20072
507958.015000,64.0,Ok,58.0,Ok,20073
507958.062000,57.0,Ok,59.0,Ok,20074
507958.125000,51.0,Ok,66.0,Ok,20075
507958.171000,52.0,Ok,63.0,Ok,20076
507958.218000,48.0,Ok,68.0,Ok,20077
507958.265000,46.0,Ok,68.0,Ok,20078
507958.312000,40.0,Ok,63.0,Ok,20079
507958.359000,41.0,Ok,63.0,Ok,20080
507958.421000,39.0,Ok,70.0,Ok,20081
507958.468000,48.0,Ok,65.0,Ok,20082
507958.515000,39.0,Ok,67.0,Ok,20083
507958.562000,39.0,Ok,63.0,Ok,20084
507958.625000,51.0,Ok,62.0,Ok,20085
507958.671000,61.0,Ok,75.0,Ok,20086
507958.718000,60.0,Ok,61.0,Ok,20087
507958.765000,54.0,Ok,70.0,Ok,20088
507958.812000,51.0,Ok,70.0,Ok,20089
507958.859000,51.0,Ok,69.0,Ok,20090
507958.906000,62.0,Ok,73.0,Ok,20091
507958.968000,54.0,Ok,78.0,Ok,20092
507959.015000,58.0,Ok,72.0,Ok,20093
507959.062000,59.0,Ok,70.0,Ok,20094
507959.125000,59.0,Ok,70.0,Ok,20095
507959.171000,56.0,Ok,70.0,Ok,20096
507959.218000,52.0,Ok,74.0,Ok,20097
507959.265000,59.0,Ok,71.0,Ok,20098
507959.312000,42.0,Ok,75.0,Ok,20099
507959.375000,39.0,Ok,77.0,Ok,20100
507959.406000,41.0,Ok,74.0,Ok,20101
507959.468000,44.0,Ok,75.0,Ok,20102
507959.515000,44.0,Ok,70.0,Ok,20103
507959.578000,44.0,Ok,71.0,Ok,20104
507959.625000,46.0,Ok,68.0,Ok,20105
507959.671000,43.0,Ok,67.0,Ok,20106
507959.718000,43.0,Ok,67.0,Ok,20107
507959.765000,45.0,Ok,64.0,Ok,20108
507959.812000,56.0,Ok,76.0,Ok,20109
507959.859000,61.0,Ok,77.0,Ok,20110
507959.906000,65.0,Ok,72.0,Ok,20111
507959.968000,69.0,Ok,66.0,Ok,20112
507960.015000,70.0,Ok,63.0,Ok,20113
507960.062000,71.0,Ok,71.0,Ok,20114
507960.109000,67.0,Ok,75.0,Ok,20115
507960.156000,55.0,Ok,73.0,Ok,20116
507960.218000,49.0,Ok,73.0,Ok,20117
507960.265000,46.0,Ok,70.0,Ok,20118
507960.343000,46.0,Ok,64.0,Ok,20119
507960.359000,45.0,Ok,68.0,Ok,20120
507960.406000,47.0,Ok,68.0,Ok,20121
507960.468000,51.0,Ok,69.0,Ok,20122
507960.515000,52.0,Ok,67.0,Ok,20123
507960.578000,47.0,Ok,65.0,Ok,20124
507960.625000,46.0,Ok,58.0,Ok,20125
507960.671000,47.0,Ok,60.0,Ok,20126
507960.718000,46.0,Ok,69.0,Ok,20127
507960.765000,43.0,Ok,77.0,Ok,20128
507960.812000,43.0,Ok,74.0,Ok,20129
507960.859000,40.0,Ok,74.0,Ok,20130
507960.906000,43.0,Ok,66.0,Ok,20131
507960.968000,46.0,Ok,69.0,Ok,20132
507961.015000,49.0,Ok,71.0,Ok,20133
507961.062000,49.0,Ok,72.0,Ok,20134
507961.125000,49.0,Ok,77.0,Ok,20135
507961.171000,54.0,Ok,78.0,Ok,20136
507961.218000,57.0,Ok,77.0,Ok,20137
507961.265000,64.0,Ok,79.0,Ok,20138
507961.328000,57.0,Ok,77.0,Ok,20139
507961.375000,54.0,Ok,75.0,Ok,20140
507961.421000,49.0,Ok,77.0,Ok,20141
507961.468000,49.0,Ok,78.0,Ok,20142
507961.515000,50.0,Ok,77.0,Ok,20143
507961.562000,51.0,Ok,77.0,Ok,20144
507961.625000,50.0,Ok,77.0,Ok,20145
507961.671000,50.0,Ok,77.0,Ok,20146
507961.718000,52.0,Ok,78.0,Ok,20147
507961.765000,54.0,Ok,76.0,Ok,20148
507961.812000,47.0,Ok,77.0,Ok,20149
507961.875000,48.0,Ok,76.0,Ok,20150
507961.906000,51.0,Ok,77.0,Ok,20151
507961.968000,44.0,Ok,70.0,Ok,20152
507962.015000,46.0,Ok,76.0,Ok,20153
507962.062000,62.0,Ok,67.0,Ok,20154
507962.109000,48.0,Ok,54.0,Ok,20155
507962.171000,51.0,Ok,68.0,Ok,20156
507962.218000,60.0,Ok,66.0,Ok,20157
507962.265000,55.0,Ok,55.0,Ok,20158
507962.328000,49.0,Ok,55.0,Ok,20159
507962.375000,54.0,Ok,53.0,Ok,20160
507962.421000,58.0,Ok,51.0,Ok,20161
507962.468000,59.0,Ok,52.0,Ok,20162
507962.515000,62.0,Ok,52.0,Ok,20163
507962.562000,52.0,Ok,51.0,Ok,20164
507962.609000,54.0,Ok,52.0,Ok,20165
507962.671000,50.0,Ok,61.0,Ok,20166
507962.718000,46.0,Ok,57.0,Ok,20167
507962.765000,56.0,Ok,67.0,Ok,20168
507962.812000,59.0,Ok,67.0,Ok,20169
507962.875000,60.0,Ok,64.0,Ok,20170
507962.906000,59.0,Ok,64.0,Ok,20171
507962.968000,60.0,Ok,64.0,Ok,20172
507963.015000,60.0,Ok,64.0,Ok,20173
507963.062000,60.0,Ok,60.0,Ok,20174
507963.125000,58.0,Ok,45.0,Ok,20175
507963.171000,55.0,Ok,61.0,Ok,20176
507963.218000,53.0,Ok,67.0,Ok,20177
507963.265000,54.0,Ok,61.0,Ok,20178
507963.312000,46.0,Ok,52.0,Ok,20179
507963.375000,44.0,Ok,57.0,Ok,20180
507963.421000,44.0,Ok,50.0,Ok,20181
507963.468000,35.0,Ok,54.0,Ok,20182
507963.515000,41.0,Ok,60.0,Ok,20183
507963.562000,46.0,Ok,50.0,Ok,20184
507963.609000,40.0,Ok,62.0,Ok,20185
507963.671000,39.0,Ok,61.0,Ok,20186
507963.718000,38.0,Ok,62.0,Ok,20187
507963.765000,35.0,Ok,65.0,Ok,20188
507963.812000,71.0,Ok,63.0,Ok,20189
507963.875000,55.0,Ok,65.0,Ok,20190
507963.921000,54.0,Ok,78.0,Ok,20191
507963.968000,51.0,Ok,77.0,Ok,20192
507964.015000,54.0,Ok,71.0,Ok,20193
507964.062000,58.0,Ok,71.0,Ok,20194
507964.125000,69.0,Ok,72.0,Ok,20195
507964.156000,67.0,Ok,74.0,Ok,20196
507964.203000,87.0,Ok,79.0,Ok,20197
507964.265000,114.0,Ok,77.0,Ok,20198
507964.312000,75.0,Ok,78.0,Ok,20199
507964.375000,77.0,Ok,77.0,Ok,20200
507964.421000,80.0,Ok,79.0,Ok,20201
507964.468000,77.0,Ok,85.0,Ok,20202
507964.515000,63.0,Ok,88.0,Ok,20203
507964.562000,68.0,Ok,88.0,Ok,20204
507964.625000,89.0,Ok,86.0,Ok,20205
507964.671000,91.0,Ok,89.0,Ok,20206
507964.718000,95.0,Ok,92.0,Ok,20207
507964.765000,101.0,Ok,92.0,Ok,20208
507964.812000,103.0,Ok,90.0,Ok,20209
507964.859000,79.0,Ok,93.0,Ok,20210
507964.921000,95.0,Ok,91.0,Ok,20211
507964.968000,98.0,Ok,81.0,Ok,20212
507965.015000,98.0,Ok,92.0,Ok,20213
507965.062000,92.0,Ok,92.0,Ok,20214
507965.125000,91.0,Ok,91.0,Ok,20215
507965.156000,96.0,Ok,93.0,Ok,20216
507965.218000,106.0,Ok,90.0,Ok,20217
507965.265000,99.0,Ok,94.0,Ok,20218
507965.312000,87.0,Ok,97.0,Ok,20219
507965.375000,77.0,Ok,97.0,Ok,20220
507965.421000,86.0,Ok,99.0,Ok,20221
507965.468000,113.0,Ok,103.0,Ok,20222
507965.515000,118.0,Ok,112.0,Ok,20223
507965.562000,115.0,Ok,115.0,Ok,20224
507965.625000,102.0,Ok,110.0,Ok,20225
507965.671000,110.0,Ok,108.0,Ok,20226
507965.703000,105.0,Ok,108.0,Ok,20227
507965.796000,102.0,Ok,108.0,Ok,20228
507965.812000,106.0,Ok,113.0,Ok,20229
507965.875000,112.0,Ok,110.0,Ok,20230
507965.921000,114.0,Ok,100.0,Ok,20231
507965.968000,113.0,Ok,105.0,Ok,20232
507966.015000,114.0,Ok,102.0,Ok,20233
507966.062000,110.0,Ok,103.0,Ok,20234
507966.125000,108.0,Ok,104.0,Ok,20235
507966.156000,108.0,Ok,109.0,Ok,20236
507966.218000,113.0,Ok,115.0,Ok,20237
507966.265000,111.0,Ok,114.0,Ok,20238
507966.312000,111.0,Ok,113.0,Ok,20239
507966.359000,109.0,Ok,112.0,Ok,20240
507966.421000,104.0,Ok,117.0,Ok,20241
507966.468000,103.0,Ok,114.0,Ok,20242
507966.515000,104.0,Ok,112.0,Ok,20243
507966.562000,105.0,Ok,114.0,Ok,20244
507966.625000,107.0,Ok,113.0,Ok,20245
507966.656000,85.0,Ok,109.0,Ok,20246
507966.718000,107.0,Ok,107.0,Ok,20247
507966.765000,106.0,Ok,108.0,Ok,20248
507966.812000,105.0,Ok,109.0,Ok,20249
507966.875000,99.0,Ok,104.0,Ok,20250
507966.921000,107.0,Ok,105.0,Ok,20251
507966.968000,103.0,Ok,92.0,Ok,20252
507967.015000,100.0,Ok,97.0,Ok,20253
507967.062000,110.0,Ok,95.0,Ok,20254
507967.156000,112.0,Ok,93.0,Ok,20255
507967.171000,92.0,Ok,96.0,Ok,20256
507967.218000,88.0,Ok,98.0,Ok,20257
507967.265000,88.0,Ok,107.0,Ok,20258
507967.312000,97.0,Ok,112.0,Ok,20259
507967.359000,78.0,Ok,80.0,Ok,20260
507967.406000,123.0,Ok,101.0,Ok,20261
507967.468000,105.0,Ok,95.0,Ok,20262
507967.515000,88.0,Ok,91.0,Ok,20263
507967.562000,105.0,Ok,92.0,Ok,20264
507967.609000,100.0,Ok,98.0,Ok,20265
507967.671000,106.0,Ok,93.0,Ok,20266
507967.718000,112.0,Ok,88.0,Ok,20267
507967.765000,108.0,Ok,89.0,Ok,20268
507967.812000,106.0,Ok,92.0,Ok,20269
507967.875000,118.0,Ok,96.0,Ok,20270
507967.921000,92.0,Ok,97.0,Ok,20271
507967.968000,73.0,Ok,100.0,Ok,20272
507968.015000,155.0,Ok,98.0,Ok,20273
507968.062000,114.0,Ok,101.0,Ok,20274
507968.125000,114.0,Ok,101.0,Ok,20275
507968.156000,121.0,Ok,96.0,Ok,20276
507968.218000,113.0,Ok,98.0,Ok,20277
507968.265000,113.0,Ok,97.0,Ok,20278
507968.312000,104.0,Ok,102.0,Ok,20279
507968.359000,114.0,Ok,104.0,Ok,20280
507968.406000,110.0,Ok,109.0,Ok,20281
507968.468000,106.0,Ok,109.0,Ok,20282
507968.515000,110.0,Ok,116.0,Ok,20283
507968.578000,116.0,Ok,118.0,Ok,20284
507968.625000,104.0,Ok,117.0,Ok,20285
507968.671000,107.0,Ok,118.0,Ok,20286
507968.718000,105.0,Ok,117.0,Ok,20287
507968.765000,104.0,Ok,119.0,Ok,20288
507968.812000,100.0,Ok,114.0,Ok,20289
507968.859000,99.0,Ok,114.0,Ok,20290
507968.906000,109.0,Ok,95.0,Ok,20291
507968.968000,99.0,Ok,107.0,Ok,20292
507969.015000,101.0,Ok,101.0,Ok,20293
507969.062000,98.0,Ok,95.0,Ok,20294
507969.125000,92.0,Ok,103.0,Ok,20295
507969.171000,101.0,Ok,104.0,Ok,20296
507969.218000,51.0,Ok,105.0,Ok,20297
507969.265000,77.0,Ok,108.0,Ok,20298
507969.312000,89.0,Ok,113.0,Ok,20299
507969.359000,123.0,Ok,119.0,Ok,20300
507969.421000,57.0,Ok,112.0,Ok,20301
507969.468000,77.0,Ok,108.0,Ok,20302
507969.515000,79.0,Ok,101.0,Ok,20303
507969.562000,79.0,Ok,102.0,Ok,20304
507969.609000,78.0,Ok,97.0,Ok,20305
507969.671000,77.0,Ok,98.0,Ok,20306
507969.703000,69.0,Ok,101.0,Ok,20307
507969.765000,71.0,Ok,97.0,Ok,20308
507969.812000,76.0,Ok,104.0,Ok,20309
507969.875000,75.0,Ok,107.0,Ok,20310
507969.921000,76.0,Ok,99.0,Ok,20311
507969.968000,77.0,Ok,106.0,Ok,20312
507970.015000,77.0,Ok,110.0,Ok,20313
507970.062000,74.0,Ok,107.0,Ok,20314
507970.125000,74.0,Ok,108.0,Ok,20315
507970.171000,72.0,Ok,103.0,Ok,20316
507970.218000,74.0,Ok,107.0,Ok,20317
507970.265000,74.0,Ok,105.0,Ok,20318
507970.312000,74.0,Ok,108.0,Ok,20319
507970.375000,76.0,Ok,101.0,Ok,20320
507970.406000,74.0,Ok,101.0,Ok,20321
507970.468000,77.0,Ok,98.0,Ok,20322
507970.515000,74.0,Ok,104.0,Ok,20323
507970.578000,75.0,Ok,104.0,Ok,20324
507970.625000,72.0,Ok,102.0,Ok,20325
507970.671000,72.0,Ok,100.0,Ok,20326
507970.718000,71.0,Ok,100.0,Ok,20327
507970.765000,72.0,Ok,102.0,Ok,20328
507970.812000,75.0,Ok,102.0,Ok,20329
507970.875000,70.0,Ok,104.0,Ok,20330
507970.921000,73.0,Ok,99.0,Ok,20331
507970.968000,67.0,Ok,92.0,Ok,20332
507971.015000,69.0,Ok,90.0,Ok,20333
507971.062000,54.0,Ok,93.0,Ok,20334
507971.125000,69.0,Ok,86.0,Ok,20335
507971.171000,74.0,Ok,90.0,Ok,20336
507971.218000,86.0,Ok,93.0,Ok,20337
507971.265000,61.0,Ok,97.0,Ok,20338
507971.312000,72.0,Ok,99.0,Ok,20339
507971.375000,81.0,Ok,92.0,Ok,20340
507971.421000,81.0,Ok,97.0,Ok,20341
507971.468000,82.0,Ok,74.0,Ok,20342
507971.515000,81.0,Ok,106.0,Ok,20343
507971.562000,84.0,Ok,105.0,Ok,20344
507971.609000,85.0,Ok,104.0,Ok,20345
507971.656000,91.0,Ok,108.0,Ok,20346
507971.718000,92.0,Ok,106.0,Ok,20347
507971.765000,90.0,Ok,109.0,Ok,20348
507971.828000,95.0,Ok,112.0,Ok,20349
507971.875000,92.0,Ok,101.0,Ok,20350
507971.921000,91.0,Ok,97.0,Ok,20351
507971.953000,89.0,Ok,89.0,Ok,20352
507972.015000,75.0,Ok,97.0,Ok,20353
507972.062000,80.0,Ok,97.0,Ok,20354
507972.125000,107.0,Ok,88.0,Ok,20355
507972.171000,98.0,Ok,85.0,Ok,20356
507972.218000,108.0,Ok,89.0,Ok,20357
507972.265000,106.0,Ok,105.0,Ok,20358
507972.312000,100.0,Ok,84.0,Ok,20359
507972.359000,99.0,Ok,84.0,Ok,20360
507972.421000,99.0,Ok,109.0,Ok,20361
507972.468000,97.0,Ok,99.0,Ok,20362
507972.515000,93.0,Ok,78.0,Ok,20363
507972.562000,92.0,Ok,68.0,Ok,20364
507972.625000,92.0,Ok,69.0,Ok,20365
507972.671000,90.0,Ok,67.0,Ok,20366
507972.718000,85.0,Ok,75.0,Ok,20367
507972.765000,91.0,Ok,67.0,Ok,20368
507972.812000,92.0,Ok,76.0,Ok,20369
507972.859000,91.0,Ok,55.0,Ok,20370
507972.906000,94.0,Ok,86.0,Ok,20371
507972.968000,67.0,Ok,88.0,Ok,20372
507973.015000,64.0,Ok,53.0,Ok,20373
507973.062000,66.0,Ok,53.0,Ok,20374
507973.125000,61.0,Ok,53.0,Ok,20375
507973.171000,55.0,Ok,51.0,Ok,20376
507973.203000,51.0,Ok,41.0,Ok,20377
507973.265000,47.0,Ok,40.0,Ok,20378
507973.312000,47.0,Ok,37.0,Ok,20379
507973.375000,39.0,Ok,45.0,Ok,20380
507973.421000,36.0,Ok,39.0,Ok,20381
507973.468000,71.0,Ok,39.0,Ok,20382
507973.515000,75.0,Ok,37.0,Ok,20383
507973.562000,76.0,Ok,31.0,Ok,20384
507973.609000,62.0,Ok,34.0,Ok,20385
507973.671000,60.0,Ok,32.0,Ok,20386
507973.718000,69.0,Ok,24.0,Ok,20387
507973.765000,35.0,Ok,19.0,Ok,20388
507973.812000,43.0,Ok,22.0,Ok,20389
507973.875000,57.0,Ok,28.0,Ok,20390
507973.921000,66.0,Ok,31.0,Ok,20391
507974.062000,62.0,Ok,39.0,Ok,20392
507974.062000,68.0,Ok,42.0,Ok,20393
507974.078000,71.0,Ok,40.0,Ok,20394
507974.125000,45.0,Ok,43.0,Ok,20395
507974.171000,64.0,Ok,46.0,Ok,20396
507974.203000,75.0,Ok,45.0,Ok,20397
507974.265000,60.0,Ok,43.0,Ok,20398
507974.312000,53.0,Ok,42.0,Ok,20399
507974.375000,58.0,Ok,42.0,Ok,20400
507974.421000,50.0,Ok,36.0,Ok,20401
507974.468000,52.0,Ok,46.0,Ok,20402
507974.515000,57.0,Ok,39.0,Ok,20403
507974.562000,78.0,Ok,33.0,Ok,20404
507974.609000,60.0,Ok,31.0,Ok,20405
507974.671000,70.0,Ok,25.0,Ok,20406
507974.718000,68.0,Ok,35.0,Ok,20407
507974.765000,69.0,Ok,47.0,Ok,20408
507974.812000,58.0,Ok,46.0,Ok,20409
507974.859000,49.0,Ok,35.0,Ok,20410
507974.921000,60.0,Ok,32.0,Ok,20411
507974.968000,61.0,Ok,33.0,Ok,20412
507975.015000,61.0,Ok,25.0,Ok,20413
507975.062000,56.0,Ok,31.0,Ok,20414
507975.125000,61.0,Ok,27.0,Ok,20415
507975.156000,40.0,Ok,30.0,Ok,20416
507975.218000,39.0,Ok,19.0,Ok,20417
507975.265000,36.0,Ok,48.0,Ok,20418
507975.312000,36.0,Ok,44.0,Ok,20419
507975.359000,40.0,Ok,55.0,Ok,20420
507975.421000,37.0,Ok,59.0,Ok,20421
507975.453000,36.0,Ok,74.0,Ok,20422
507975.515000,41.0,Ok,13.0,Ok,20423
507975.562000,45.0,Ok,40.0,Ok,20424
507975.625000,42.0,Ok,58.0,Ok,20425
507975.656000,37.0,Ok,81.0,Ok,20426
507975.703000,37.0,Ok,47.0,Ok,20427
507975.765000,32.0,Ok,49.0,Ok,20428
507975.812000,41.0,Ok,54.0,Ok,20429
507975.875000,41.0,Ok,55.0,Ok,20430
507975.921000,14.0,Ok,57.0,Ok,20431
507975.968000,60.0,Ok,66.0,Ok,20432
507976.015000,51.0,Ok,68.0,Ok,20433
507976.062000,48.0,Ok,71.0,Ok,20434
507976.125000,46.0,Ok,74.0,Ok,20435
507976.171000,43.0,Ok,80.0,Ok,20436
507976.218000,47.0,Ok,78.0,Ok,20437
507976.265000,40.0,Ok,85.0,Ok,20438
507976.312000,47.0,Ok,84.0,Ok,20439
507976.359000,50.0,Ok,87.0,Ok,20440
507976.421000,52.0,Ok,90.0,Ok,20441
507976.453000,55.0,Ok,90.0,Ok,20442
507976.515000,54.0,Ok,90.0,Ok,20443
507976.562000,50.0,Ok,92.0,Ok,20444
507976.625000,52.0,Ok,92.0,Ok,20445
507976.671000,59.0,Ok,90.0,Ok,20446
507976.718000,61.0,Ok,94.0,Ok,20447
507976.765000,58.0,Ok,92.0,Ok,20448
507976.812000,59.0,Ok,93.0,Ok,20449
507976.859000,60.0,Ok,94.0,Ok,20450
507976.921000,64.0,Ok,95.0,Ok,20451
507976.968000,66.0,Ok,94.0,Ok,20452
507977.015000,64.0,Ok,96.0,Ok,20453
507977.062000,79.0,Ok,99.0,Ok,20454
507977.125000,68.0,Ok,98.0,Ok,20455
507977.171000,79.0,Ok,99.0,Ok,20456
507977.218000,94.0,Ok,92.0,Ok,20457
507977.265000,98.0,Ok,95.0,Ok,20458
507977.312000,97.0,Ok,97.0,Ok,20459
507977.359000,98.0,Ok,91.0,Ok,20460
507977.406000,98.0,Ok,94.0,Ok,20461
507977.468000,98.0,Ok,91.0,Ok,20462
507977.515000,98.0,Ok,84.0,Ok,20463
507977.562000,101.0,Ok,83.0,Ok,20464
507977.625000,99.0,Ok,91.0,Ok,20465
507977.671000,106.0,Ok,84.0,Ok,20466
507977.718000,94.0,Ok,75.0,Ok,20467
507977.765000,105.0,Ok,76.0,Ok,20468
507977.812000,100.0,Ok,69.0,Ok,20469
507977.875000,111.0,Ok,69.0,Ok,20470
507977.906000,106.0,Ok,66.0,Ok,20471
507977.968000,107.0,Ok,58.0,Ok,20472
507978.015000,104.0,Ok,61.0,Ok,20473
507978.062000,89.0,Ok,59.0,Ok,20474
507978.125000,99.0,Ok,56.0,Ok,20475
507978.171000,98.0,Ok,54.0,Ok,20476
507978.218000,92.0,Ok,56.0,Ok,20477
507978.265000,96.0,Ok,55.0,Ok,20478
507978.312000,93.0,Ok,57.0,Ok,20479
507978.375000,90.0,Ok,57.0,Ok,20480
507978.421000,95.0,Ok,55.0,Ok,20481
507978.453000,88.0,Ok,59.0,Ok,20482
507978.515000,103.0,Ok,56.0,Ok,20483
507978.562000,101.0,Ok,56.0,Ok,20484
507978.625000,106.0,Ok,56.0,Ok,20485
507978.671000,104.0,Ok,58.0,Ok,20486
507978.718000,107.0,Ok,59.0,Ok,20487
507978.765000,102.0,Ok,59.0,Ok,20488
507978.812000,108.0,Ok,58.0,Ok,20489
507978.875000,102.0,Ok,61.0,Ok,20490
507978.921000,106.0,Ok,56.0,Ok,20491
507978.968000,101.0,Ok,55.0,Ok,20492
507979.015000,99.0,Ok,59.0,Ok,20493
507979.062000,94.0,Ok,57.0,Ok,20494
507979.125000,98.0,Ok,54.0,Ok,20495
507979.171000,90.0,Ok,54.0,Ok,20496
507979.218000,96.0,Ok,57.0,Ok,20497
507979.265000,84.0,Ok,57.0,Ok,20498
507979.312000,87.0,Ok,61.0,Ok,20499
507979.375000,85.0,Ok,64.0,Ok,20500
507979.421000,84.0,Ok,62.0,Ok,20501
507979.453000,96.0,Ok,63.0,Ok,20502
507979.515000,97.0,Ok,62.0,Ok,20503
507979.562000,89.0,Ok,63.0,Ok,20504
507979.625000,96.0,Ok,66.0,Ok,20505
507979.671000,98.0,Ok,64.0,Ok,20506
507979.718000,99.0,Ok,68.0,Ok,20507
507979.750000,95.0,Ok,69.0,Ok,20508
507979.812000,91.0,Ok,68.0,Ok,20509
507979.875000,99.0,Ok,59.0,Ok,20510
507979.921000,90.0,Ok,68.0,Ok,20511
507979.968000,97.0,Ok,89.0,Ok,20512
507980.015000,103.0,Ok,78.0,Ok,20513
507980.062000,102.0,Ok,74.0,Ok,20514
507980.109000,102.0,Ok,72.0,Ok,20515
507980.171000,106.0,Ok,61.0,Ok,20516
507980.218000,100.0,Ok,85.0,Ok,20517
507980.265000,91.0,Ok,86.0,Ok,20518
507980.312000,99.0,Ok,97.0,Ok,20519
507980.359000,92.0,Ok,99.0,Ok,20520
507980.406000,96.0,Ok,101.0,Ok,20521
507980.468000,89.0,Ok,104.0,Ok,20522
507980.515000,92.0,Ok,108.0,Ok,20523
507980.546000,102.0,Ok,109.0,Ok,20524
507980.625000,101.0,Ok,106.0,Ok,20525
507980.671000,99.0,Ok,104.0,Ok,20526
507980.718000,91.0,Ok,93.0,Ok,20527
507980.765000,92.0,Ok,101.0,Ok,20528
507980.812000,99.0,Ok,97.0,Ok,20529
507980.875000,94.0,Ok,98.0,Ok,20530
507980.921000,98.0,Ok,96.0,Ok,20531
507980.968000,97.0,Ok,102.0,Ok,20532
507981.015000,98.0,Ok,99.0,Ok,20533
507981.062000,93.0,Ok,98.0,Ok,20534
507981.125000,92.0,Ok,97.0,Ok,20535
507981.171000,99.0,Ok,104.0,Ok,20536
507981.218000,82.0,Ok,97.0,Ok,20537
507981.265000,100.0,Ok,95.0,Ok,20538
507981.312000,96.0,Ok,88.0,Ok,20539
507981.359000,88.0,Ok,91.0,Ok,20540
507981.421000,98.0,Ok,92.0,Ok,20541
507981.468000,91.0,Ok,86.0,Ok,20542
507981.515000,94.0,Ok,98.0,Ok,20543
507981.562000,91.0,Ok,93.0,Ok,20544
507981.625000,90.0,Ok,82.0,Ok,20545
507981.671000,99.0,Ok,80.0,Ok,20546
507981.718000,91.0,Ok,91.0,Ok,20547
507981.765000,93.0,Ok,81.0,Ok,20548
507981.812000,92.0,Ok,84.0,Ok,20549
507981.859000,78.0,Ok,70.0,Ok,20550
507981.906000,92.0,Ok,84.0,Ok,20551
507981.968000,92.0,Ok,74.0,Ok,20552
507982.015000,98.0,Ok,75.0,Ok,20553
507982.078000,89.0,Ok,73.0,Ok,20554
507982.171000,107.0,Ok,67.0,Ok,20555
507982.171000,98.0,Ok,74.0,Ok,20556
507982.218000,77.0,Ok,74.0,Ok,20557
507982.265000,99.0,Ok,73.0,Ok,20558
507982.312000,83.0,Ok,82.0,Ok,20559
507982.375000,93.0,Ok,78.0,Ok,20560
507982.421000,100.0,Ok,69.0,Ok,20561
507982.468000,62.0,Ok,78.0,Ok,20562
507982.515000,131.0,Ok,84.0,Ok,20563
507982.562000,117.0,Ok,80.0,Ok,20564
507982.625000,114.0,Ok,71.0,Ok,20565
507982.671000,101.0,Ok,84.0,Ok,20566
507982.718000,92.0,Ok,78.0,Ok,20567
507982.765000,77.0,Ok,82.0,Ok,20568
507982.812000,73.0,Ok,85.0,Ok,20569
507982.875000,71.0,Ok,84.0,Ok,20570
507982.921000,75.0,Ok,86.0,Ok,20571
507982.968000,78.0,Ok,80.0,Ok,20572
507983.015000,75.0,Ok,83.0,Ok,20573
507983.062000,89.0,Ok,79.0,Ok,20574
507983.109000,94.0,Ok,77.0,Ok,20575
507983.171000,102.0,Ok,72.0,Ok,20576
507983.218000,108.0,Ok,67.0,Ok,20577
507983.265000,104.0,Ok,125.0,Ok,20578
507983.312000,106.0,Ok,100.0,Ok,20579
507983.375000,108.0,Ok,102.0,Ok,20580
507983.421000,97.0,Ok,99.0,Ok,20581
507983.468000,95.0,Ok,97.0,Ok,20582
507983.515000,96.0,Ok,96.0,Ok,20583
507983.562000,95.0,Ok,95.0,Ok,20584
507983.625000,92.0,Ok,97.0,Ok,20585
507983.671000,96.0,Ok,99.0,Ok,20586
507983.718000,91.0,Ok,95.0,Ok,20587
507983.765000,90.0,Ok,96.0,Ok,20588
507983.812000,91.0,Ok,90.0,Ok,20589
507983.859000,93.0,Ok,95.0,Ok,20590
507983.921000,88.0,Ok,103.0,Ok,20591
507983.953000,92.0,Ok,97.0,Ok,20592
507984.015000,81.0,Ok,92.0,Ok,20593
507984.062000,107.0,Ok,64.0,Ok,20594
507984.125000,86.0,Ok,88.0,Ok,20595
507984.171000,89.0,Ok,74.0,Ok,20596
507984.218000,92.0,Ok,82.0,Ok,20597
507984.265000,90.0,Ok,85.0,Ok,20598
507984.312000,96.0,Ok,76.0,Ok,20599
507984.359000,100.0,Ok,81.0,Ok,20600
507984.421000,97.0,Ok,81.0,Ok,20601
507984.468000,97.0,Ok,82.0,Ok,20602
507984.515000,99.0,Ok,79.0,Ok,20603
507984.562000,96.0,Ok,78.0,Ok,20604
507984.625000,91.0,Ok,85.0,Ok,20605
507984.656000,83.0,Ok,75.0,Ok,20606
507984.718000,88.0,Ok,73.0,Ok,20607
507984.765000,86.0,Ok,77.0,Ok,20608
507984.812000,78.0,Ok,74.0,Ok,20609
507984.875000,80.0,Ok,74.0,Ok,20610
507984.921000,79.0,Ok,65.0,Ok,20611
507984.968000,86.0,Ok,61.0,Ok,20612
507985.015000,86.0,Ok,64.0,Ok,20613
507985.062000,88.0,Ok,69.0,Ok,20614
507985.125000,91.0,Ok,77.0,Ok,20615
507985.171000,92.0,Ok,69.0,Ok,20616
507985.218000,97.0,Ok,73.0,Ok,20617
507985.265000,93.0,Ok,87.0,Ok,20618
507985.312000,93.0,Ok,73.0,Ok,20619
507985.359000,92.0,Ok,69.0,Ok,20620
507985.421000,84.0,Ok,68.0,Ok,20621
507985.468000,95.0,Ok,71.0,Ok,20622
507985.515000,94.0,Ok,69.0,Ok,20623
507985.562000,90.0,Ok,79.0,Ok,20624
507985.609000,99.0,Ok,53.0,Ok,20625
507985.656000,95.0,Ok,75.0,Ok,20626
507985.718000,92.0,Ok,52.0,Ok,20627
507985.765000,85.0,Ok,62.0,Ok,20628
507985.812000,92.0,Ok,60.0,Ok,20629
507985.859000,93.0,Ok,54.0,Ok,20630
507985.921000,96.0,Ok,53.0,Ok,20631
507985.968000,95.0,Ok,51.0,Ok,20632
507986.015000,101.0,Ok,57.0,Ok,20633
507986.062000,92.0,Ok,53.0,Ok,20634
507986.125000,89.0,Ok,54.0,Ok,20635
507986.156000,97.0,Ok,48.0,Ok,20636
507986.234000,102.0,Ok,48.0,Ok,20637
507986.265000,103.0,Ok,48.0,Ok,20638
507986.328000,97.0,Ok,51.0,Ok,20639
507986.375000,95.0,Ok,51.0,Ok,20640
507986.421000,98.0,Ok,46.0,Ok,20641
507986.468000,103.0,Ok,51.0,Ok,20642
507986.515000,99.0,Ok,47.0,Ok,20643
507986.562000,107.0,Ok,50.0,Ok,20644
507986.609000,107.0,Ok,54.0,Ok,20645
507986.671000,107.0,Ok,52.0,Ok,20646
507986.718000,94.0,Ok,48.0,Ok,20647
507986.765000,102.0,Ok,50.0,Ok,20648
507986.812000,101.0,Ok,49.0,Ok,20649
507986.875000,101.0,Ok,45.0,Ok,20650
507986.921000,103.0,Ok,43.0,Ok,20651
507986.968000,104.0,Ok,45.0,Ok,20652
507987.015000,104.0,Ok,48.0,Ok,20653
507987.062000,104.0,Ok,48.0,Ok,20654
507987.125000,99.0,Ok,45.0,Ok,20655
507987.171000,98.0,Ok,46.0,Ok,20656
507987.218000,98.0,Ok,47.0,Ok,20657
507987.265000,101.0,Ok,50.0,Ok,20658
507987.312000,99.0,Ok,51.0,Ok,20659
507987.375000,101.0,Ok,51.0,Ok,20660
507987.421000,102.0,Ok,49.0,Ok,20661
507987.468000,104.0,Ok,54.0,Ok,20662
507987.515000,100.0,Ok,48.0,Ok,20663
507987.593000,103.0,Ok,49.0,Ok,20664
507987.625000,100.0,Ok,52.0,Ok,20665
507987.656000,95.0,Ok,50.0,Ok,20666
507987.718000,99.0,Ok,45.0,Ok,20667
507987.765000,95.0,Ok,48.0,Ok,20668
507987.812000,94.0,Ok,48.0,Ok,20669
507987.875000,99.0,Ok,50.0,Ok,20670
507987.921000,99.0,Ok,48.0,Ok,20671
507987.968000,94.0,Ok,48.0,Ok,20672
507988.015000,99.0,Ok,48.0,Ok,20673
507988.062000,100.0,Ok,49.0,Ok,20674
507988.109000,100.0,Ok,51.0,Ok,20675
507988.156000,102.0,Ok,50.0,Ok,20676
507988.203000,99.0,Ok,47.0,Ok,20677
507988.265000,107.0,Ok,52.0,Ok,20678
507988.312000,107.0,Ok,51.0,Ok,20679
507988.359000,105.0,Ok,48.0,Ok,20680
507988.421000,105.0,Ok,50.0,Ok,20681
507988.468000,100.0,Ok,50.0,Ok,20682
507988.515000,101.0,Ok,49.0,Ok,20683
507988.578000,100.0,Ok,46.0,Ok,20684
507988.609000,98.0,Ok,46.0,Ok,20685
507988.671000,98.0,Ok,46.0,Ok,20686
507988.718000,98.0,Ok,48.0,Ok,20687
507988.765000,99.0,Ok,43.0,Ok,20688
507988.812000,100.0,Ok,40.0,Ok,20689
507988.875000,105.0,Ok,41.0,Ok,20690
507988.921000,105.0,Ok,46.0,Ok,20691
507988.968000,99.0,Ok,41.0,Ok,20692
507989.015000,104.0,Ok,46.0,Ok,20693
507989.062000,99.0,Ok,44.0,Ok,20694
507989.109000,95.0,Ok,51.0,Ok,20695
507989.156000,101.0,Ok,46.0,Ok,20696
507989.218000,94.0,Ok,47.0,Ok,20697
507989.265000,95.0,Ok,47.0,Ok,20698
507989.312000,100.0,Ok,47.0,Ok,20699
507989.359000,101.0,Ok,51.0,Ok,20700
507989.421000,103.0,Ok,51.0,Ok,20701
507989.468000,98.0,Ok,46.0,Ok,20702
507989.515000,98.0,Ok,45.0,Ok,20703
507989.562000,103.0,Ok,49.0,Ok,20704
507989.609000,104.0,Ok,49.0,Ok,20705
507989.671000,99.0,Ok,39.0,Ok,20706
507989.718000,98.0,Ok,47.0,Ok,20707
507989.765000,99.0,Ok,46.0,Ok,20708
507989.812000,102.0,Ok,48.0,Ok,20709
507989.875000,104.0,Ok,47.0,Ok,20710
507989.921000,97.0,Ok,44.0,Ok,20711
507989.968000,99.0,Ok,45.0,Ok,20712
507990.015000,97.0,Ok,46.0,Ok,20713
507990.062000,99.0,Ok,51.0,Ok,20714
507990.109000,97.0,Ok,45.0,Ok,20715
507990.171000,97.0,Ok,41.0,Ok,20716
507990.218000,103.0,Ok,43.0,Ok,20717
507990.265000,99.0,Ok,46.0,Ok,20718
507990.328000,97.0,Ok,43.0,Ok,20719
507990.375000,96.0,Ok,45.0,Ok,20720
507990.421000,96.0,Ok,45.0,Ok,20721
507990.468000,104.0,Ok,48.0,Ok,20722
507990.515000,99.0,Ok,46.0,Ok,20723
507990.562000,98.0,Ok,46.0,Ok,20724
507990.609000,99.0,Ok,48.0,Ok,20725
507990.671000,96.0,Ok,45.0,Ok,20726
507990.718000,103.0,Ok,43.0,Ok,20727
507990.765000,99.0,Ok,38.0,Ok,20728
507990.812000,98.0,Ok,46.0,Ok,20729
507990.875000,103.0,Ok,42.0,Ok,20730
507990.921000,96.0,Ok,46.0,Ok,20731
507990.968000,103.0,Ok,41.0,Ok,20732
507991.015000,99.0,Ok,40.0,Ok,20733
507991.062000,103.0,Ok,42.0,Ok,20734
507991.109000,98.0,Ok,46.0,Ok,20735
507991.171000,96.0,Ok,44.0,Ok,20736
507991.218000,96.0,Ok,45.0,Ok,20737
507991.265000,98.0,Ok,47.0,Ok,20738
507991.312000,99.0,Ok,48.0,Ok,20739
507991.375000,102.0,Ok,49.0,Ok,20740
507991.421000,99.0,Ok,51.0,Ok,20741
507991.468000,98.0,Ok,48.0,Ok,20742
507991.515000,98.0,Ok,49.0,Ok,20743
507991.562000,103.0,Ok,46.0,Ok,20744
507991.625000,104.0,Ok,43.0,Ok,20745
507991.656000,97.0,Ok,49.0,Ok,20746
507991.718000,99.0,Ok,44.0,Ok,20747
507991.765000,99.0,Ok,45.0,Ok,20748
507991.796000,102.0,Ok,49.0,Ok,20749
507991.875000,98.0,Ok,45.0,Ok,20750
507991.921000,99.0,Ok,42.0,Ok,20751
507991.968000,106.0,Ok,46.0,Ok,20752
507992.015000,104.0,Ok,48.0,Ok,20753
507992.062000,99.0,Ok,47.0,Ok,20754
507992.125000,98.0,Ok,47.0,Ok,20755
507992.171000,99.0,Ok,47.0,Ok,20756
507992.218000,98.0,Ok,49.0,Ok,20757
507992.265000,105.0,Ok,47.0,Ok,20758
507992.312000,100.0,Ok,43.0,Ok,20759
507992.375000,104.0,Ok,46.0,Ok,20760
507992.421000,96.0,Ok,50.0,Ok,20761
507992.468000,100.0,Ok,47.0,Ok,20762
507992.515000,97.0,Ok,40.0,Ok,20763
507992.562000,99.0,Ok,47.0,Ok,20764
507992.625000,96.0,Ok,41.0,Ok,20765
507992.671000,98.0,Ok,46.0,Ok,20766
507992.718000,103.0,Ok,51.0,Ok,20767
507992.765000,99.0,Ok,50.0,Ok,20768
507992.812000,99.0,Ok,46.0,Ok,20769
507992.875000,105.0,Ok,47.0,Ok,20770
507992.921000,104.0,Ok,47.0,Ok,20771
507992.968000,104.0,Ok,46.0,Ok,20772
507993.015000,103.0,Ok,50.0,Ok,20773
507993.078000,99.0,Ok,48.0,Ok,20774
507993.125000,104.0,Ok,46.0,Ok,20775
507993.171000,99.0,Ok,46.0,Ok,20776
507993.218000,100.0,Ok,46.0,Ok,20777
507993.265000,97.0,Ok,44.0,Ok,20778
507993.312000,104.0,Ok,49.0,Ok,20779
507993.359000,98.0,Ok,51.0,Ok,20780
507993.421000,100.0,Ok,47.0,Ok,20781
507993.468000,102.0,Ok,53.0,Ok,20782
507993.515000,103.0,Ok,50.0,Ok,20783
507993.562000,98.0,Ok,45.0,Ok,20784
507993.609000,104.0,Ok,49.0,Ok,20785
507993.671000,97.0,Ok,47.0,Ok,20786
507993.718000,102.0,Ok,44.0,Ok,20787
507993.765000,99.0,Ok,42.0,Ok,20788
507993.812000,103.0,Ok,47.0,Ok,20789
507993.875000,99.0,Ok,48.0,Ok,20790
507993.921000,96.0,Ok,46.0,Ok,20791
507993.968000,99.0,Ok,45.0,Ok,20792
507994.015000,99.0,Ok,47.0,Ok,20793
507994.062000,97.0,Ok,44.0,Ok,20794
507994.109000,99.0,Ok,48.0,Ok,20795
507994.171000,99.0,Ok,47.0,Ok,20796
507994.218000,98.0,Ok,49.0,Ok,20797
507994.265000,102.0,Ok,46.0,Ok,20798
507994.312000,98.0,Ok,49.0,Ok,20799
507994.375000,96.0,Ok,45.0,Ok,20800
507994.421000,96.0,Ok,46.0,Ok,20801
507994.468000,101.0,Ok,48.0,Ok,20802
507994.515000,98.0,Ok,46.0,Ok,20803
507994.562000,96.0,Ok,47.0,Ok,20804
507994.625000,99.0,Ok,46.0,Ok,20805
507994.671000,95.0,Ok,49.0,Ok,20806
507994.718000,102.0,Ok,47.0,Ok,20807
507994.765000,98.0,Ok,48.0,Ok,20808
507994.812000,99.0,Ok,48.0,Ok,20809
507994.875000,98.0,Ok,46.0,Ok,20810
507994.921000,104.0,Ok,46.0,Ok,20811
507994.968000,98.0,Ok,45.0,Ok,20812
507995.015000,99.0,Ok,46.0,Ok,20813
507995.062000,97.0,Ok,47.0,Ok,20814
507995.125000,94.0,Ok,45.0,Ok,20815
507995.171000,102.0,Ok,48.0,Ok,20816
507995.218000,103.0,Ok,49.0,Ok,20817
507995.265000,99.0,Ok,48.0,Ok,20818
507995.312000,102.0,Ok,49.0,Ok,20819
507995.359000,96.0,Ok,49.0,Ok,20820
507995.421000,96.0,Ok,49.0,Ok,20821
507995.468000,97.0,Ok,47.0,Ok,20822
507995.515000,97.0,Ok,49.0,Ok,20823
507995.562000,101.0,Ok,46.0,Ok,20824
507995.609000,97.0,Ok,46.0,Ok,20825
507995.671000,98.0,Ok,44.0,Ok,20826
507995.718000,96.0,Ok,47.0,Ok,20827
507995.781000,103.0,Ok,49.0,Ok,20828
507995.812000,99.0,Ok,46.0,Ok,20829
507995.859000,96.0,Ok,47.0,Ok,20830
507995.921000,99.0,Ok,45.0,Ok,20831
507995.968000,97.0,Ok,44.0,Ok,20832
507996.015000,99.0,Ok,44.0,Ok,20833
507996.062000,104.0,Ok,45.0,Ok,20834
507996.109000,98.0,Ok,41.0,Ok,20835
507996.171000,103.0,Ok,45.0,Ok,20836
507996.218000,98.0,Ok,48.0,Ok,20837
507996.265000,103.0,Ok,47.0,Ok,20838
507996.312000,102.0,Ok,46.0,Ok,20839
507996.375000,97.0,Ok,43.0,Ok,20840
507996.421000,99.0,Ok,47.0,Ok,20841
507996.468000,96.0,Ok,48.0,Ok,20842
507996.515000,98.0,Ok,49.0,Ok,20843
507996.562000,99.0,Ok,42.0,Ok,20844
507996.625000,103.0,Ok,49.0,Ok,20845
507996.671000,104.0,Ok,49.0,Ok,20846
507996.718000,99.0,Ok,48.0,Ok,20847
507996.765000,99.0,Ok,49.0,Ok,20848
507996.812000,96.0,Ok,48.0,Ok,20849
507996.875000,99.0,Ok,45.0,Ok,20850
507996.921000,95.0,Ok,45.0,Ok,20851
507996.968000,103.0,Ok,40.0,Ok,20852
507997.015000,105.0,Ok,46.0,Ok,20853
507997.062000,97.0,Ok,46.0,Ok,20854
507997.125000,97.0,Ok,40.0,Ok,20855
507997.171000,99.0,Ok,44.0,Ok,20856
507997.218000,99.0,Ok,50.0,Ok,20857
507997.265000,96.0,Ok,55.0,Ok,20858
507997.312000,94.0,Ok,52.0,Ok,20859
507997.375000,102.0,Ok,48.0,Ok,20860
507997.421000,96.0,Ok,49.0,Ok,20861
507997.468000,96.0,Ok,47.0,Ok,20862
507997.515000,96.0,Ok,42.0,Ok,20863
507997.562000,103.0,Ok,47.0,Ok,20864
507997.609000,100.0,Ok,46.0,Ok,20865
507997.671000,98.0,Ok,47.0,Ok,20866
507997.718000,95.0,Ok,46.0,Ok,20867
507997.765000,103.0,Ok,44.0,Ok,20868
507997.828000,104.0,Ok,41.0,Ok,20869
507997.875000,103.0,Ok,41.0,Ok,20870
507997.921000,98.0,Ok,46.0,Ok,20871
507997.968000,98.0,Ok,46.0,Ok,20872
507998.015000,99.0,Ok,51.0,Ok,20873
507998.062000,99.0,Ok,50.0,Ok,20874
507998.125000,96.0,Ok,52.0,Ok,20875
507998.171000,96.0,Ok,49.0,Ok,20876
507998.218000,102.0,Ok,51.0,Ok,20877
507998.265000,97.0,Ok,54.0,Ok,20878
507998.312000,98.0,Ok,51.0,Ok,20879
507998.359000,97.0,Ok,52.0,Ok,20880
507998.406000,98.0,Ok,50.0,Ok,20881
507998.468000,96.0,Ok,53.0,Ok,20882
507998.515000,103.0,Ok,51.0,Ok,20883
507998.562000,99.0,Ok,49.0,Ok,20884
507998.625000,96.0,Ok,51.0,Ok,20885
507998.656000,95.0,Ok,52.0,Ok,20886
507998.718000,96.0,Ok,48.0,Ok,20887
507998.765000,98.0,Ok,49.0,Ok,20888
507998.812000,98.0,Ok,50.0,Ok,20889
507998.859000,97.0,Ok,51.0,Ok,20890
507998.921000,94.0,Ok,51.0,Ok,20891
507998.968000,96.0,Ok,51.0,Ok,20892
507999.000000,98.0,Ok,50.0,Ok,20893
507999.062000,99.0,Ok,51.0,Ok,20894
507999.109000,95.0,Ok,53.0,Ok,20895
507999.171000,95.0,Ok,51.0,Ok,20896
507999.218000,98.0,Ok,54.0,Ok,20897
507999.265000,96.0,Ok,51.0,Ok,20898
507999.312000,99.0,Ok,53.0,Ok,20899
507999.375000,97.0,Ok,51.0,Ok,20900
507999.421000,99.0,Ok,54.0,Ok,20901
507999.468000,95.0,Ok,50.0,Ok,20902
507999.515000,95.0,Ok,48.0,Ok,20903
507999.562000,96.0,Ok,51.0,Ok,20904
507999.625000,95.0,Ok,52.0,Ok,20905
507999.671000,96.0,Ok,51.0,Ok,20906
507999.718000,92.0,Ok,49.0,Ok,20907
507999.765000,96.0,Ok,50.0,Ok,20908
507999.812000,97.0,Ok,49.0,Ok,20909
507999.875000,98.0,Ok,50.0,Ok,20910
507999.921000,91.0,Ok,50.0,Ok,20911
507999.968000,101.0,Ok,53.0,Ok,20912
508000.000000,96.0,Ok,50.0,Ok,20913
508000.062000,97.0,Ok,51.0,Ok,20914
508000.109000,98.0,Ok,53.0,Ok,20915
508000.171000,95.0,Ok,52.0,Ok,20916
508000.218000,97.0,Ok,51.0,Ok,20917
508000.265000,96.0,Ok,50.0,Ok,20918
508000.312000,96.0,Ok,50.0,Ok,20919
508000.375000,96.0,Ok,52.0,Ok,20920
508000.421000,96.0,Ok,51.0,Ok,20921
508000.468000,96.0,Ok,50.0,Ok,20922
508000.515000,96.0,Ok,51.0,Ok,20923
508000.562000,96.0,Ok,53.0,Ok,20924
508000.609000,97.0,Ok,52.0,Ok,20925
508000.671000,98.0,Ok,50.0,Ok,20926
508000.718000,98.0,Ok,47.0,Ok,20927
508000.765000,98.0,Ok,52.0,Ok,20928
508000.812000,90.0,Ok,47.0,Ok,20929
508000.875000,95.0,Ok,46.0,Ok,20930
508000.921000,98.0,Ok,50.0,Ok,20931
508000.968000,98.0,Ok,50.0,Ok,20932
508001.015000,96.0,Ok,48.0,Ok,20933
508001.062000,98.0,Ok,47.0,Ok,20934
508001.109000,96.0,Ok,46.0,Ok,20935
508001.171000,100.0,Ok,43.0,Ok,20936
508001.218000,95.0,Ok,46.0,Ok,20937
508001.265000,98.0,Ok,49.0,Ok,20938
508001.312000,96.0,Ok,50.0,Ok,20939
508001.375000,96.0,Ok,55.0,Ok,20940
508001.421000,99.0,Ok,52.0,Ok,20941
508001.468000,97.0,Ok,55.0,Ok,20942
508001.515000,98.0,Ok,50.0,Ok,20943
508001.562000,99.0,Ok,52.0,Ok,20944
508001.625000,97.0,Ok,53.0,Ok,20945
508001.671000,98.0,Ok,51.0,Ok,20946
508001.718000,91.0,Ok,53.0,Ok,20947
508001.765000,99.0,Ok,51.0,Ok,20948
508001.812000,98.0,Ok,50.0,Ok,20949
508001.875000,98.0,Ok,50.0,Ok,20950
508001.906000,97.0,Ok,48.0,Ok,20951
508001.968000,97.0,Ok,46.0,Ok,20952
508002.015000,100.0,Ok,47.0,Ok,20953
508002.062000,99.0,Ok,46.0,Ok,20954
508002.125000,101.0,Ok,46.0,Ok,20955
508002.171000,97.0,Ok,46.0,Ok,20956
508002.218000,99.0,Ok,47.0,Ok,20957
508002.265000,100.0,Ok,44.0,Ok,20958
508002.312000,100.0,Ok,49.0,Ok,20959
508002.359000,98.0,Ok,53.0,Ok,20960
508002.421000,95.0,Ok,53.0,Ok,20961
508002.468000,98.0,Ok,53.0,Ok,20962
508002.515000,99.0,Ok,52.0,Ok,20963
508002.593000,97.0,Ok,52.0,Ok,20964
508002.609000,104.0,Ok,52.0,Ok,20965
508002.671000,103.0,Ok,47.0,Ok,20966
508002.718000,100.0,Ok,50.0,Ok,20967
508002.765000,95.0,Ok,52.0,Ok,20968
508002.812000,97.0,Ok,54.0,Ok,20969
508002.859000,98.0,Ok,53.0,Ok,20970
508002.921000,102.0,Ok,53.0,Ok,20971
508002.968000,97.0,Ok,54.0,Ok,20972
508003.015000,102.0,Ok,50.0,Ok,20973
508003.078000,96.0,Ok,50.0,Ok,20974
508003.125000,98.0,Ok,52.0,Ok,20975
508003.156000,102.0,Ok,52.0,Ok,20976
508003.203000,98.0,Ok,52.0,Ok,20977
508003.265000,98.0,Ok,51.0,Ok,20978
508003.312000,97.0,Ok,49.0,Ok,20979
508003.359000,96.0,Ok,52.0,Ok,20980
508003.421000,101.0,Ok,51.0,Ok,20981
508003.468000,96.0,Ok,53.0,Ok,20982
508003.515000,101.0,Ok,50.0,Ok,20983
508003.562000,99.0,Ok,50.0,Ok,20984
508003.609000,103.0,Ok,50.0,Ok,20985
508003.656000,99.0,Ok,51.0,Ok,20986
508003.718000,101.0,Ok,50.0,Ok,20987
508003.765000,97.0,Ok,50.0,Ok,20988
508003.812000,99.0,Ok,50.0,Ok,20989
508003.859000,97.0,Ok,54.0,Ok,20990
508003.906000,98.0,Ok,52.0,Ok,20991
508003.968000,103.0,Ok,48.0,Ok,20992
508004.015000,99.0,Ok,50.0,Ok,20993
508004.062000,103.0,Ok,49.0,Ok,20994
508004.125000,98.0,Ok,46.0,Ok,20995
508004.171000,101.0,Ok,50.0,Ok,20996
508004.218000,102.0,Ok,45.0,Ok,20997
508004.265000,97.0,Ok,46.0,Ok,20998
508004.312000,103.0,Ok,47.0,Ok,20999
508004.375000,98.0,Ok,46.0,Ok,21000
508004.421000,104.0,Ok,49.0,Ok,21001
508004.468000,96.0,Ok,51.0,Ok,21002
508004.515000,96.0,Ok,52.0,Ok,21003
508004.562000,103.0,Ok,50.0,Ok,21004
508004.609000,96.0,Ok,50.0,Ok,21005
508004.671000,97.0,Ok,51.0,Ok,21006
508004.718000,102.0,Ok,49.0,Ok,21007
508004.765000,101.0,Ok,49.0,Ok,21008
508004.812000,101.0,Ok,49.0,Ok,21009
508004.859000,98.0,Ok,50.0,Ok,21010
508004.921000,103.0,Ok,48.0,Ok,21011
508004.968000,102.0,Ok,51.0,Ok,21012
508005.015000,103.0,Ok,50.0,Ok,21013
508005.062000,94.0,Ok,50.0,Ok,21014
508005.125000,98.0,Ok,47.0,Ok,21015
508005.156000,101.0,Ok,51.0,Ok,21016
508005.218000,99.0,Ok,50.0,Ok,21017
508005.265000,97.0,Ok,50.0,Ok,21018
508005.312000,98.0,Ok,50.0,Ok,21019
508005.375000,103.0,Ok,52.0,Ok,21020
508005.421000,103.0,Ok,48.0,Ok,21021
508005.468000,98.0,Ok,51.0,Ok,21022
508005.500000,102.0,Ok,50.0,Ok,21023
508005.562000,103.0,Ok,49.0,Ok,21024
508005.625000,97.0,Ok,49.0,Ok,21025
508005.671000,102.0,Ok,50.0,Ok,21026
508005.718000,96.0,Ok,50.0,Ok,21027
508005.765000,99.0,Ok,49.0,Ok,21028
508005.812000,103.0,Ok,51.0,Ok,21029
508005.859000,103.0,Ok,50.0,Ok,21030
508005.906000,99.0,Ok,51.0,Ok,21031
508005.968000,97.0,Ok,47.0,Ok,21032
508006.015000,99.0,Ok,49.0,Ok,21033
508006.062000,102.0,Ok,50.0,Ok,21034
508006.125000,103.0,Ok,50.0,Ok,21035
508006.171000,103.0,Ok,47.0,Ok,21036
508006.218000,103.0,Ok,48.0,Ok,21037
508006.265000,102.0,Ok,46.0,Ok,21038
508006.312000,102.0,Ok,48.0,Ok,21039
508006.375000,95.0,Ok,49.0,Ok,21040
508006.421000,102.0,Ok,47.0,Ok,21041
508006.468000,98.0,Ok,49.0,Ok,21042
508006.515000,98.0,Ok,48.0,Ok,21043
508006.562000,100.0,Ok,46.0,Ok,21044
508006.625000,96.0,Ok,51.0,Ok,21045
508006.687000,101.0,Ok,51.0,Ok,21046
508006.703000,99.0,Ok,48.0,Ok,21047
508006.750000,102.0,Ok,48.0,Ok,21048
508006.812000,103.0,Ok,46.0,Ok,21049
508006.875000,101.0,Ok,47.0,Ok,21050
508006.921000,95.0,Ok,49.0,Ok,21051
508006.968000,98.0,Ok,47.0,Ok,21052
508007.015000,98.0,Ok,46.0,Ok,21053
508007.062000,102.0,Ok,48.0,Ok,21054
508007.125000,99.0,Ok,51.0,Ok,21055
508007.171000,96.0,Ok,48.0,Ok,21056
508007.218000,96.0,Ok,48.0,Ok,21057
508007.265000,96.0,Ok,51.0,Ok,21058
508007.312000,92.0,Ok,52.0,Ok,21059
508007.375000,97.0,Ok,53.0,Ok,21060
508007.406000,95.0,Ok,52.0,Ok,21061
508007.453000,99.0,Ok,53.0,Ok,21062
508007.515000,98.0,Ok,51.0,Ok,21063
508007.562000,98.0,Ok,51.0,Ok,21064
508007.609000,95.0,Ok,52.0,Ok,21065
508007.671000,99.0,Ok,50.0,Ok,21066
508007.718000,99.0,Ok,54.0,Ok,21067
508007.765000,103.0,Ok,54.0,Ok,21068
508007.812000,99.0,Ok,54.0,Ok,21069
508007.859000,94.0,Ok,52.0,Ok,21070
508007.921000,96.0,Ok,51.0,Ok,21071
508007.968000,99.0,Ok,47.0,Ok,21072
508008.000000,98.0,Ok,46.0,Ok,21073
508008.062000,98.0,Ok,48.0,Ok,21074
508008.125000,103.0,Ok,48.0,Ok,21075
508008.171000,95.0,Ok,46.0,Ok,21076
508008.218000,98.0,Ok,52.0,Ok,21077
508008.265000,95.0,Ok,46.0,Ok,21078
508008.312000,98.0,Ok,48.0,Ok,21079
508008.359000,103.0,Ok,52.0,Ok,21080
508008.406000,97.0,Ok,47.0,Ok,21081
508008.468000,100.0,Ok,51.0,Ok,21082
508008.515000,96.0,Ok,55.0,Ok,21083
508008.562000,96.0,Ok,55.0,Ok,21084
508008.609000,96.0,Ok,51.0,Ok,21085
508008.671000,97.0,Ok,50.0,Ok,21086
508008.703000,99.0,Ok,56.0,Ok,21087
508008.765000,99.0,Ok,55.0,Ok,21088
508008.812000,102.0,Ok,53.0,Ok,21089
508008.875000,97.0,Ok,51.0,Ok,21090
508008.906000,96.0,Ok,46.0,Ok,21091
508008.953000,98.0,Ok,50.0,Ok,21092
508009.015000,95.0,Ok,45.0,Ok,21093
508009.062000,99.0,Ok,50.0,Ok,21094
508009.109000,99.0,Ok,51.0,Ok,21095
508009.171000,103.0,Ok,49.0,Ok,21096
508009.218000,97.0,Ok,48.0,Ok,21097
508009.265000,96.0,Ok,51.0,Ok,21098
508009.312000,95.0,Ok,53.0,Ok,21099
508009.359000,98.0,Ok,48.0,Ok,21100
508009.421000,97.0,Ok,51.0,Ok,21101
508009.468000,99.0,Ok,52.0,Ok,21102
508009.515000,94.0,Ok,49.0,Ok,21103
508009.562000,93.0,Ok,50.0,Ok,21104
508009.625000,98.0,Ok,49.0,Ok,21105
508009.671000,98.0,Ok,49.0,Ok,21106
508009.718000,103.0,Ok,43.0,Ok,21107
508009.765000,99.0,Ok,46.0,Ok,21108
508009.812000,102.0,Ok,50.0,Ok,21109
508009.859000,102.0,Ok,46.0,Ok,21110
508009.906000,99.0,Ok,45.0,Ok,21111
508009.968000,99.0,Ok,43.0,Ok,21112
508010.015000,96.0,Ok,39.0,Ok,21113
508010.062000,95.0,Ok,41.0,Ok,21114
508010.125000,94.0,Ok,43.0,Ok,21115
508010.156000,95.0,Ok,42.0,Ok,21116
508010.218000,96.0,Ok,42.0,Ok,21117
508010.265000,94.0,Ok,45.0,Ok,21118
508010.312000,101.0,Ok,41.0,Ok,21119
508010.375000,95.0,Ok,46.0,Ok,21120
508010.421000,97.0,Ok,44.0,Ok,21121
508010.468000,97.0,Ok,46.0,Ok,21122
508010.515000,92.0,Ok,44.0,Ok,21123
508010.562000,96.0,Ok,47.0,Ok,21124
508010.609000,97.0,Ok,47.0,Ok,21125
508010.671000,94.0,Ok,49.0,Ok,21126
508010.718000,98.0,Ok,45.0,Ok,21127
508010.781000,93.0,Ok,49.0,Ok,21128
508010.828000,100.0,Ok,44.0,Ok,21129
508010.859000,96.0,Ok,41.0,Ok,21130
508010.921000,101.0,Ok,44.0,Ok,21131
508010.968000,97.0,Ok,47.0,Ok,21132
508011.015000,100.0,Ok,47.0,Ok,21133
508011.062000,101.0,Ok,46.0,Ok,21134
508011.109000,92.0,Ok,47.0,Ok,21135
508011.171000,99.0,Ok,41.0,Ok,21136
508011.218000,97.0,Ok,44.0,Ok,21137
508011.265000,102.0,Ok,44.0,Ok,21138
508011.312000,96.0,Ok,45.0,Ok,21139
508011.375000,99.0,Ok,46.0,Ok,21140
508011.406000,95.0,Ok,50.0,Ok,21141
508011.468000,100.0,Ok,44.0,Ok,21142
508011.515000,97.0,Ok,44.0,Ok,21143
508011.562000,100.0,Ok,43.0,Ok,21144
508011.609000,101.0,Ok,45.0,Ok,21145
508011.656000,94.0,Ok,42.0,Ok,21146
508011.703000,102.0,Ok,43.0,Ok,21147
508011.750000,97.0,Ok,43.0,Ok,21148
508011.812000,94.0,Ok,46.0,Ok,21149
508011.875000,96.0,Ok,39.0,Ok,21150
508011.921000,95.0,Ok,40.0,Ok,21151
508011.968000,96.0,Ok,46.0,Ok,21152
508012.015000,95.0,Ok,56.0,Ok,21153
508012.062000,102.0,Ok,60.0,Ok,21154
508012.125000,96.0,Ok,36.0,Ok,21155
508012.156000,94.0,Ok,57.0,Ok,21156
508012.218000,94.0,Ok,57.0,Ok,21157
508012.265000,97.0,Ok,58.0,Ok,21158
508012.312000,94.0,Ok,56.0,Ok,21159
508012.375000,96.0,Ok,58.0,Ok,21160
508012.421000,101.0,Ok,62.0,Ok,21161
508012.468000,102.0,Ok,46.0,Ok,21162
508012.515000,95.0,Ok,41.0,Ok,21163
508012.562000,93.0,Ok,44.0,Ok,21164
508012.609000,103.0,Ok,46.0,Ok,21165
508012.656000,102.0,Ok,43.0,Ok,21166
508012.718000,95.0,Ok,46.0,Ok,21167
508012.765000,102.0,Ok,46.0,Ok,21168
508012.812000,97.0,Ok,47.0,Ok,21169
508012.875000,99.0,Ok,47.0,Ok,21170
508012.921000,96.0,Ok,47.0,Ok,21171
508012.968000,95.0,Ok,46.0,Ok,21172
508013.015000,101.0,Ok,53.0,Ok,21173
508013.062000,94.0,Ok,44.0,Ok,21174
508013.125000,100.0,Ok,53.0,Ok,21175
508013.171000,98.0,Ok,59.0,Ok,21176
508013.218000,95.0,Ok,57.0,Ok,21177
508013.265000,97.0,Ok,54.0,Ok,21178
508013.312000,99.0,Ok,63.0,Ok,21179
508013.359000,97.0,Ok,54.0,Ok,21180
508013.421000,97.0,Ok,48.0,Ok,21181
508013.468000,96.0,Ok,47.0,Ok,21182
508013.515000,95.0,Ok,44.0,Ok,21183
508013.562000,95.0,Ok,45.0,Ok,21184
508013.625000,96.0,Ok,46.0,Ok,21185
508013.671000,101.0,Ok,46.0,Ok,21186
508013.718000,93.0,Ok,46.0,Ok,21187
508013.765000,98.0,Ok,45.0,Ok,21188
508013.812000,96.0,Ok,46.0,Ok,21189
508013.859000,104.0,Ok,69.0,Ok,21190
508013.921000,96.0,Ok,67.0,Ok,21191
508013.968000,98.0,Ok,58.0,Ok,21192
508014.015000,95.0,Ok,18.0,Ok,21193
508014.062000,102.0,Ok,112.0,Ok,21194
508014.109000,95.0,Ok,18.0,Ok,21195
508014.171000,100.0,Ok,65535.0,RangingRxTimeout,21196
508014.218000,101.0,Ok,56.0,Ok,21197
508014.265000,96.0,Ok,53.0,Ok,21198
508014.312000,95.0,Ok,53.0,Ok,21199
508014.375000,96.0,Ok,42.0,Ok,21200
508014.406000,103.0,Ok,47.0,Ok,21201
508014.468000,99.0,Ok,40.0,Ok,21202
508014.515000,98.0,Ok,45.0,Ok,21203
508014.562000,102.0,Ok,42.0,Ok,21204
508014.609000,97.0,Ok,45.0,Ok,21205
508014.671000,101.0,Ok,43.0,Ok,21206
508014.703000,95.0,Ok,45.0,Ok,21207
508014.765000,99.0,Ok,45.0,Ok,21208
508014.812000,103.0,Ok,46.0,Ok,21209
508014.875000,93.0,Ok,39.0,Ok,21210
508014.921000,97.0,Ok,54.0,Ok,21211
508014.968000,97.0,Ok,46.0,Ok,21212
508015.015000,98.0,Ok,55.0,Ok,21213
508015.062000,98.0,Ok,55.0,Ok,21214
508015.125000,100.0,Ok,51.0,Ok,21215
508015.171000,102.0,Ok,53.0,Ok,21216
508015.218000,99.0,Ok,62.0,Ok,21217
508015.265000,92.0,Ok,46.0,Ok,21218
508015.312000,97.0,Ok,46.0,Ok,21219
508015.375000,102.0,Ok,45.0,Ok,21220
508015.406000,95.0,Ok,44.0,Ok,21221
508015.468000,102.0,Ok,48.0,Ok,21222
508015.515000,99.0,Ok,46.0,Ok,21223
508015.562000,104.0,Ok,46.0,Ok,21224
508015.625000,102.0,Ok,49.0,Ok,21225
508015.656000,103.0,Ok,43.0,Ok,21226
508015.718000,99.0,Ok,49.0,Ok,21227
508015.765000,98.0,Ok,54.0,Ok,21228
508015.812000,100.0,Ok,45.0,Ok,21229
508015.859000,96.0,Ok,51.0,Ok,21230
508015.921000,104.0,Ok,52.0,Ok,21231
508015.968000,98.0,Ok,53.0,Ok,21232
508016.015000,99.0,Ok,57.0,Ok,21233
508016.062000,103.0,Ok,56.0,Ok,21234
508016.109000,98.0,Ok,56.0,Ok,21235
508016.171000,103.0,Ok,58.0,Ok,21236
508016.218000,98.0,Ok,41.0,Ok,21237
508016.265000,103.0,Ok,40.0,Ok,21238
508016.328000,97.0,Ok,41.0,Ok,21239
508016.375000,98.0,Ok,43.0,Ok,21240
508016.421000,99.0,Ok,42.0,Ok,21241
508016.468000,103.0,Ok,45.0,Ok,21242
508016.515000,103.0,Ok,48.0,Ok,21243
508016.578000,97.0,Ok,46.0,Ok,21244
508016.625000,103.0,Ok,57.0,Ok,21245
508016.671000,97.0,Ok,47.0,Ok,21246
508016.718000,103.0,Ok,48.0,Ok,21247
508016.765000,99.0,Ok,52.0,Ok,21248
508016.828000,97.0,Ok,54.0,Ok,21249
508016.875000,103.0,Ok,58.0,Ok,21250
508016.921000,97.0,Ok,55.0,Ok,21251
508016.968000,98.0,Ok,56.0,Ok,21252
508017.015000,98.0,Ok,47.0,Ok,21253
508017.062000,102.0,Ok,40.0,Ok,21254
508017.109000,98.0,Ok,47.0,Ok,21255
508017.171000,98.0,Ok,46.0,Ok,21256
508017.218000,103.0,Ok,44.0,Ok,21257
508017.265000,102.0,Ok,41.0,Ok,21258
508017.312000,102.0,Ok,44.0,Ok,21259
508017.375000,96.0,Ok,46.0,Ok,21260
508017.421000,102.0,Ok,47.0,Ok,21261
508017.453000,96.0,Ok,56.0,Ok,21262
508017.515000,97.0,Ok,52.0,Ok,21263
508017.562000,98.0,Ok,49.0,Ok,21264
508017.625000,98.0,Ok,48.0,Ok,21265
508017.671000,103.0,Ok,50.0,Ok,21266
508017.718000,98.0,Ok,52.0,Ok,21267
508017.765000,101.0,Ok,48.0,Ok,21268
508017.812000,103.0,Ok,56.0,Ok,21269
508017.859000,93.0,Ok,57.0,Ok,21270
508017.921000,102.0,Ok,52.0,Ok,21271
508017.968000,103.0,Ok,40.0,Ok,21272
508018.015000,99.0,Ok,44.0,Ok,21273
508018.062000,99.0,Ok,45.0,Ok,21274
508018.125000,100.0,Ok,48.0,Ok,21275
508018.171000,98.0,Ok,51.0,Ok,21276
508018.218000,96.0,Ok,46.0,Ok,21277
508018.265000,102.0,Ok,46.0,Ok,21278
508018.312000,102.0,Ok,49.0,Ok,21279
508018.375000,99.0,Ok,47.0,Ok,21280
508018.421000,97.0,Ok,50.0,Ok,21281
508018.468000,99.0,Ok,46.0,Ok,21282
508018.515000,120.0,Ok,51.0,Ok,21283
508018.562000,96.0,Ok,47.0,Ok,21284
508018.625000,94.0,Ok,47.0,Ok,21285
508018.671000,91.0,Ok,48.0,Ok,21286
508018.718000,94.0,Ok,48.0,Ok,21287
508018.765000,96.0,Ok,46.0,Ok,21288
508018.812000,116.0,Ok,44.0,Ok,21289
508018.859000,131.0,Ok,50.0,Ok,21290
508018.921000,125.0,Ok,52.0,Ok,21291
508018.968000,134.0,Ok,52.0,Ok,21292
508019.015000,106.0,Ok,47.0,Ok,21293
508019.062000,113.0,Ok,48.0,Ok,21294
508019.125000,114.0,Ok,48.0,Ok,21295
508019.171000,125.0,Ok,48.0,Ok,21296
508019.218000,113.0,Ok,51.0,Ok,21297
508019.265000,111.0,Ok,49.0,Ok,21298
508019.312000,119.0,Ok,52.0,Ok,21299
508019.359000,126.0,Ok,49.0,Ok,21300
508019.421000,91.0,Ok,44.0,Ok,21301
508019.468000,94.0,Ok,44.0,Ok,21302
508019.515000,85.0,Ok,46.0,Ok,21303
508019.562000,103.0,Ok,46.0,Ok,21304
508019.625000,96.0,Ok,47.0,Ok,21305
508019.656000,110.0,Ok,51.0,Ok,21306
508019.718000,113.0,Ok,50.0,Ok,21307
508019.765000,118.0,Ok,49.0,Ok,21308
508019.812000,111.0,Ok,51.0,Ok,21309
508019.875000,82.0,Ok,50.0,Ok,21310
508019.921000,83.0,Ok,52.0,Ok,21311
508019.968000,109.0,Ok,54.0,Ok,21312
508020.015000,110.0,Ok,57.0,Ok,21313
508020.062000,106.0,Ok,62.0,Ok,21314
508020.125000,89.0,Ok,56.0,Ok,21315
508020.171000,88.0,Ok,64.0,Ok,21316
508020.218000,108.0,Ok,73.0,Ok,21317
508020.250000,99.0,Ok,68.0,Ok,21318
508020.328000,97.0,Ok,71.0,Ok,21319
508020.375000,105.0,Ok,69.0,Ok,21320
508020.421000,116.0,Ok,67.0,Ok,21321
508020.453000,54.0,Ok,67.0,Ok,21322
508020.500000,54.0,Ok,69.0,Ok,21323
508020.562000,93.0,Ok,67.0,Ok,21324
508020.625000,97.0,Ok,63.0,Ok,21325
508020.671000,87.0,Ok,65.0,Ok,21326
508020.718000,103.0,Ok,66.0,Ok,21327
508020.765000,56.0,Ok,67.0,Ok,21328
508020.812000,99.0,Ok,61.0,Ok,21329
508020.859000,62.0,Ok,68.0,Ok,21330
508020.921000,87.0,Ok,69.0,Ok,21331
508020.968000,76.0,Ok,72.0,Ok,21332
508021.015000,85.0,Ok,76.0,Ok,21333
508021.078000,86.0,Ok,71.0,Ok,21334
508021.125000,90.0,Ok,75.0,Ok,21335
508021.171000,100.0,Ok,70.0,Ok,21336
508021.218000,106.0,Ok,75.0,Ok,21337
508021.265000,101.0,Ok,71.0,Ok,21338
508021.312000,96.0,Ok,75.0,Ok,21339
508021.375000,111.0,Ok,70.0,Ok,21340
508021.421000,92.0,Ok,71.0,Ok,21341
508021.468000,73.0,Ok,65.0,Ok,21342
508021.515000,91.0,Ok,64.0,Ok,21343
508021.562000,92.0,Ok,71.0,Ok,21344
508021.609000,71.0,Ok,65.0,Ok,21345
508021.687000,84.0,Ok,61.0,Ok,21346
508021.718000,93.0,Ok,68.0,Ok,21347
508021.765000,86.0,Ok,58.0,Ok,21348
508021.812000,73.0,Ok,58.0,Ok,21349
508021.859000,71.0,Ok,69.0,Ok,21350
508021.921000,70.0,Ok,60.0,Ok,21351
508021.968000,85.0,Ok,69.0,Ok,21352
508022.015000,92.0,Ok,70.0,Ok,21353
508022.062000,83.0,Ok,58.0,Ok,21354
508022.125000,79.0,Ok,68.0,Ok,21355
508022.156000,78.0,Ok,73.0,Ok,21356
508022.203000,74.0,Ok,74.0,Ok,21357
508022.265000,79.0,Ok,77.0,Ok,21358
508022.312000,79.0,Ok,73.0,Ok,21359
508022.375000,79.0,Ok,49.0,Ok,21360
508022.421000,79.0,Ok,57.0,Ok,21361
508022.468000,76.0,Ok,63.0,Ok,21362
508022.515000,74.0,Ok,65.0,Ok,21363
508022.562000,74.0,Ok,69.0,Ok,21364
508022.625000,81.0,Ok,63.0,Ok,21365
508022.656000,77.0,Ok,64.0,Ok,21366
508022.703000,91.0,Ok,60.0,Ok,21367
508022.765000,87.0,Ok,56.0,Ok,21368
508022.812000,99.0,Ok,54.0,Ok,21369
508022.875000,115.0,Ok,53.0,Ok,21370
508022.921000,127.0,Ok,46.0,Ok,21371
508022.968000,93.0,Ok,55.0,Ok,21372
508023.046000,98.0,Ok,53.0,Ok,21373
508023.078000,101.0,Ok,50.0,Ok,21374
508023.109000,103.0,Ok,51.0,Ok,21375
508023.156000,107.0,Ok,47.0,Ok,21376
508023.218000,106.0,Ok,49.0,Ok,21377
508023.265000,108.0,Ok,46.0,Ok,21378
508023.312000,107.0,Ok,49.0,Ok,21379
508023.359000,108.0,Ok,51.0,Ok,21380
508023.421000,107.0,Ok,50.0,Ok,21381
508023.468000,105.0,Ok,52.0,Ok,21382
508023.515000,106.0,Ok,53.0,Ok,21383
508023.562000,103.0,Ok,52.0,Ok,21384
508023.609000,102.0,Ok,52.0,Ok,21385
508023.656000,99.0,Ok,51.0,Ok,21386
508023.718000,99.0,Ok,49.0,Ok,21387
508023.765000,101.0,Ok,54.0,Ok,21388
508023.828000,100.0,Ok,49.0,Ok,21389
508023.875000,99.0,Ok,49.0,Ok,21390
508023.921000,100.0,Ok,48.0,Ok,21391
508023.968000,103.0,Ok,55.0,Ok,21392
508024.015000,109.0,Ok,53.0,Ok,21393
508024.046000,107.0,Ok,61.0,Ok,21394
508024.125000,106.0,Ok,65.0,Ok,21395
508024.171000,103.0,Ok,69.0,Ok,21396
508024.218000,111.0,Ok,75.0,Ok,21397
508024.265000,104.0,Ok,73.0,Ok,21398
508024.312000,107.0,Ok,82.0,Ok,21399
508024.375000,101.0,Ok,91.0,Ok,21400
508024.421000,87.0,Ok,94.0,Ok,21401
508024.468000,88.0,Ok,82.0,Ok,21402
508024.515000,99.0,Ok,98.0,Ok,21403
508024.562000,97.0,Ok,96.0,Ok,21404
508024.625000,100.0,Ok,103.0,Ok,21405
508024.671000,97.0,Ok,77.0,Ok,21406
508024.718000,89.0,Ok,69.0,Ok,21407
508024.765000,82.0,Ok,72.0,Ok,21408
508024.812000,82.0,Ok,68.0,Ok,21409
508024.875000,86.0,Ok,74.0,Ok,21410
508024.906000,86.0,Ok,69.0,Ok,21411
508024.968000,93.0,Ok,84.0,Ok,21412
508025.015000,93.0,Ok,70.0,Ok,21413
508025.078000,87.0,Ok,73.0,Ok,21414
508025.125000,86.0,Ok,74.0,Ok,21415
508025.171000,82.0,Ok,77.0,Ok,21416
508025.218000,84.0,Ok,85.0,Ok,21417
508025.265000,95.0,Ok,87.0,Ok,21418
508025.312000,110.0,Ok,83.0,Ok,21419
508025.359000,108.0,Ok,84.0,Ok,21420
508025.421000,110.0,Ok,95.0,Ok,21421
508025.468000,126.0,Ok,83.0,Ok,21422
508025.515000,119.0,Ok,86.0,Ok,21423
508025.562000,130.0,Ok,83.0,Ok,21424
508025.625000,58.0,Ok,77.0,Ok,21425
508025.671000,63.0,Ok,68.0,Ok,21426
508025.718000,85.0,Ok,61.0,Ok,21427
508025.781000,65535.0,RangingRxTimeout,59.0,Ok,21428
508025.812000,74.0,Ok,61.0,Ok,21429
508025.859000,87.0,Ok,59.0,Ok,21430
508025.921000,78.0,Ok,61.0,Ok,21431
508025.968000,73.0,Ok,65.0,Ok,21432
508026.015000,79.0,Ok,61.0,Ok,21433
508026.062000,100.0,Ok,54.0,Ok,21434
508026.125000,80.0,Ok,53.0,Ok,21435
508026.171000,93.0,Ok,53.0,Ok,21436
508026.218000,96.0,Ok,51.0,Ok,21437
508026.265000,100.0,Ok,52.0,Ok,21438
508026.312000,108.0,Ok,53.0,Ok,21439
508026.359000,113.0,Ok,44.0,Ok,21440
508026.406000,117.0,Ok,52.0,Ok,21441
508026.468000,113.0,Ok,48.0,Ok,21442
508026.515000,120.0,Ok,47.0,Ok,21443
508026.562000,117.0,Ok,51.0,Ok,21444
508026.609000,118.0,Ok,45.0,Ok,21445
508026.671000,114.0,Ok,41.0,Ok,21446
508026.718000,114.0,Ok,49.0,Ok,21447
508026.765000,112.0,Ok,51.0,Ok,21448
508026.812000,113.0,Ok,49.0,Ok,21449
508026.859000,106.0,Ok,49.0,Ok,21450
508026.906000,105.0,Ok,45.0,Ok,21451
508026.968000,112.0,Ok,44.0,Ok,21452
508027.015000,110.0,Ok,45.0,Ok,21453
508027.078000,105.0,Ok,47.0,Ok,21454
508027.125000,104.0,Ok,51.0,Ok,21455
508027.171000,105.0,Ok,49.0,Ok,21456
508027.203000,104.0,Ok,54.0,Ok,21457
508027.265000,107.0,Ok,51.0,Ok,21458
508027.312000,101.0,Ok,50.0,Ok,21459
508027.359000,101.0,Ok,51.0,Ok,21460
508027.406000,94.0,Ok,49.0,Ok,21461
508027.453000,100.0,Ok,52.0,Ok,21462
508027.500000,103.0,Ok,44.0,Ok,21463
508027.562000,93.0,Ok,51.0,Ok,21464
508027.625000,100.0,Ok,50.0,Ok,21465
508027.671000,95.0,Ok,46.0,Ok,21466
508027.718000,96.0,Ok,51.0,Ok,21467
508027.750000,96.0,Ok,50.0,Ok,21468
508027.812000,93.0,Ok,50.0,Ok,21469
508027.875000,94.0,Ok,48.0,Ok,21470
508027.921000,93.0,Ok,47.0,Ok,21471
508027.968000,96.0,Ok,44.0,Ok,21472
508028.015000,104.0,Ok,49.0,Ok,21473
508028.062000,102.0,Ok,44.0,Ok,21474
508028.109000,97.0,Ok,43.0,Ok,21475
508028.171000,93.0,Ok,43.0,Ok,21476
508028.218000,101.0,Ok,42.0,Ok,21477
508028.265000,98.0,Ok,44.0,Ok,21478
508028.312000,100.0,Ok,49.0,Ok,21479
508028.375000,100.0,Ok,49.0,Ok,21480
508028.406000,98.0,Ok,46.0,Ok,21481
508028.468000,95.0,Ok,44.0,Ok,21482
508028.515000,96.0,Ok,52.0,Ok,21483
508028.562000,92.0,Ok,41.0,Ok,21484
508028.625000,99.0,Ok,50.0,Ok,21485
508028.656000,95.0,Ok,45.0,Ok,21486
508028.703000,97.0,Ok,47.0,Ok,21487
508028.765000,96.0,Ok,42.0,Ok,21488
508028.812000,93.0,Ok,43.0,Ok,21489
508028.875000,96.0,Ok,47.0,Ok,21490
508028.921000,101.0,Ok,46.0,Ok,21491
508028.968000,98.0,Ok,41.0,Ok,21492
508029.015000,95.0,Ok,43.0,Ok,21493
508029.062000,98.0,Ok,46.0,Ok,21494
508029.109000,99.0,Ok,46.0,Ok,21495
508029.171000,99.0,Ok,43.0,Ok,21496
508029.218000,99.0,Ok,49.0,Ok,21497
508029.265000,97.0,Ok,47.0,Ok,21498
508029.312000,99.0,Ok,50.0,Ok,21499
508029.375000,99.0,Ok,50.0,Ok,21500
508029.421000,100.0,Ok,52.0,Ok,21501
508029.468000,99.0,Ok,46.0,Ok,21502
508029.515000,95.0,Ok,41.0,Ok,21503
508029.562000,101.0,Ok,50.0,Ok,21504
508029.625000,101.0,Ok,49.0,Ok,21505
508029.671000,96.0,Ok,42.0,Ok,21506
508029.718000,101.0,Ok,51.0,Ok,21507
508029.765000,98.0,Ok,49.0,Ok,21508
508029.812000,96.0,Ok,44.0,Ok,21509
508029.859000,97.0,Ok,46.0,Ok,21510
508029.921000,95.0,Ok,50.0,Ok,21511
508029.968000,94.0,Ok,53.0,Ok,21512
508030.015000,102.0,Ok,91.0,Ok,21513
508030.062000,100.0,Ok,67.0,Ok,21514
508030.125000,102.0,Ok,65.0,Ok,21515
508030.156000,102.0,Ok,63.0,Ok,21516
508030.218000,99.0,Ok,59.0,Ok,21517
508030.265000,98.0,Ok,54.0,Ok,21518
508030.312000,103.0,Ok,44.0,Ok,21519
508030.359000,96.0,Ok,45.0,Ok,21520
508030.421000,101.0,Ok,38.0,Ok,21521
508030.468000,95.0,Ok,43.0,Ok,21522
508030.515000,102.0,Ok,46.0,Ok,21523
508030.562000,101.0,Ok,46.0,Ok,21524
508030.609000,101.0,Ok,44.0,Ok,21525
508030.656000,99.0,Ok,45.0,Ok,21526
508030.718000,101.0,Ok,51.0,Ok,21527
508030.765000,101.0,Ok,61.0,Ok,21528
508030.812000,102.0,Ok,47.0,Ok,21529
508030.859000,94.0,Ok,42.0,Ok,21530
508030.921000,96.0,Ok,34.0,Ok,21531
508030.953000,99.0,Ok,87.0,Ok,21532
508031.015000,99.0,Ok,44.0,Ok,21533
508031.062000,96.0,Ok,55.0,Ok,21534
508031.109000,99.0,Ok,39.0,Ok,21535
508031.171000,100.0,Ok,39.0,Ok,21536
508031.234000,102.0,Ok,41.0,Ok,21537
508031.265000,103.0,Ok,40.0,Ok,21538
508031.312000,99.0,Ok,40.0,Ok,21539
508031.359000,104.0,Ok,40.0,Ok,21540
508031.421000,98.0,Ok,45.0,Ok,21541
508031.468000,97.0,Ok,39.0,Ok,21542
508031.515000,101.0,Ok,61.0,Ok,21543
508031.562000,99.0,Ok,64.0,Ok,21544
508031.625000,98.0,Ok,54.0,Ok,21545
508031.671000,99.0,Ok,52.0,Ok,21546
508031.703000,96.0,Ok,55.0,Ok,21547
508031.765000,97.0,Ok,58.0,Ok,21548
508031.812000,100.0,Ok,67.0,Ok,21549
508031.875000,98.0,Ok,49.0,Ok,21550
508031.921000,107.0,Ok,49.0,Ok,21551
508031.968000,101.0,Ok,42.0,Ok,21552
508032.015000,104.0,Ok,45.0,Ok,21553
508032.062000,98.0,Ok,34.0,Ok,21554
508032.125000,99.0,Ok,41.0,Ok,21555
508032.171000,103.0,Ok,43.0,Ok,21556
508032.218000,100.0,Ok,46.0,Ok,21557
508032.265000,99.0,Ok,48.0,Ok,21558
508032.312000,103.0,Ok,51.0,Ok,21559
508032.375000,98.0,Ok,46.0,Ok,21560
508032.421000,97.0,Ok,38.0,Ok,21561
508032.453000,101.0,Ok,56.0,Ok,21562
508032.515000,96.0,Ok,49.0,Ok,21563
508032.578000,96.0,Ok,52.0,Ok,21564
508032.625000,98.0,Ok,54.0,Ok,21565
508032.671000,102.0,Ok,59.0,Ok,21566
508032.718000,101.0,Ok,54.0,Ok,21567
508032.765000,105.0,Ok,46.0,Ok,21568
508032.828000,105.0,Ok,45.0,Ok,21569
508032.859000,103.0,Ok,46.0,Ok,21570
508032.921000,109.0,Ok,41.0,Ok,21571
508032.968000,101.0,Ok,42.0,Ok,21572
508033.015000,101.0,Ok,47.0,Ok,21573
508033.062000,102.0,Ok,39.0,Ok,21574
508033.125000,99.0,Ok,49.0,Ok,21575
508033.171000,102.0,Ok,46.0,Ok,21576
508033.203000,99.0,Ok,44.0,Ok,21577
508033.265000,101.0,Ok,53.0,Ok,21578
508033.312000,101.0,Ok,67.0,Ok,21579
508033.375000,96.0,Ok,59.0,Ok,21580
508033.421000,100.0,Ok,64.0,Ok,21581
508033.468000,97.0,Ok,56.0,Ok,21582
508033.515000,99.0,Ok,61.0,Ok,21583
508033.562000,99.0,Ok,55.0,Ok,21584
508033.609000,99.0,Ok,41.0,Ok,21585
508033.656000,107.0,Ok,43.0,Ok,21586
508033.718000,99.0,Ok,42.0,Ok,21587
508033.765000,99.0,Ok,46.0,Ok,21588
508033.812000,98.0,Ok,45.0,Ok,21589
508033.875000,98.0,Ok,42.0,Ok,21590
508033.937000,99.0,Ok,50.0,Ok,21591
508033.968000,102.0,Ok,48.0,Ok,21592
508034.015000,106.0,Ok,53.0,Ok,21593
508034.062000,103.0,Ok,53.0,Ok,21594
508034.109000,103.0,Ok,44.0,Ok,21595
508034.156000,102.0,Ok,51.0,Ok,21596
508034.218000,101.0,Ok,45.0,Ok,21597
508034.265000,98.0,Ok,51.0,Ok,21598
508034.312000,102.0,Ok,52.0,Ok,21599
508034.359000,101.0,Ok,50.0,Ok,21600
508034.406000,101.0,Ok,47.0,Ok,21601
508034.468000,101.0,Ok,55.0,Ok,21602
508034.500000,104.0,Ok,54.0,Ok,21603
508034.562000,100.0,Ok,44.0,Ok,21604
508034.625000,101.0,Ok,46.0,Ok,21605
508034.671000,100.0,Ok,51.0,Ok,21606
508034.718000,100.0,Ok,51.0,Ok,21607
508034.765000,99.0,Ok,52.0,Ok,21608
508034.812000,101.0,Ok,55.0,Ok,21609
508034.859000,98.0,Ok,52.0,Ok,21610
508034.906000,99.0,Ok,46.0,Ok,21611
508034.968000,98.0,Ok,47.0,Ok,21612
508035.015000,99.0,Ok,49.0,Ok,21613
508035.062000,97.0,Ok,45.0,Ok,21614
508035.125000,100.0,Ok,49.0,Ok,21615
508035.171000,102.0,Ok,47.0,Ok,21616
508035.218000,97.0,Ok,49.0,Ok,21617
508035.265000,102.0,Ok,44.0,Ok,21618
508035.312000,102.0,Ok,46.0,Ok,21619
508035.375000,99.0,Ok,45.0,Ok,21620
508035.421000,103.0,Ok,46.0,Ok,21621
508035.468000,100.0,Ok,48.0,Ok,21622
508035.515000,98.0,Ok,49.0,Ok,21623
508035.562000,99.0,Ok,50.0,Ok,21624
508035.609000,99.0,Ok,48.0,Ok,21625
508035.671000,99.0,Ok,52.0,Ok,21626
508035.718000,101.0,Ok,49.0,Ok,21627
508035.765000,102.0,Ok,52.0,Ok,21628
508035.812000,99.0,Ok,46.0,Ok,21629
508035.875000,98.0,Ok,47.0,Ok,21630
508035.921000,99.0,Ok,46.0,Ok,21631
508035.968000,101.0,Ok,49.0,Ok,21632
508036.015000,104.0,Ok,50.0,Ok,21633
508036.062000,101.0,Ok,55.0,Ok,21634
508036.109000,101.0,Ok,54.0,Ok,21635
508036.156000,96.0,Ok,55.0,Ok,21636
508036.218000,104.0,Ok,54.0,Ok,21637
508036.265000,105.0,Ok,51.0,Ok,21638
508036.312000,101.0,Ok,51.0,Ok,21639
508036.375000,96.0,Ok,58.0,Ok,21640
508036.421000,96.0,Ok,55.0,Ok,21641
508036.468000,100.0,Ok,56.0,Ok,21642
508036.515000,101.0,Ok,48.0,Ok,21643
508036.562000,99.0,Ok,53.0,Ok,21644
508036.625000,102.0,Ok,50.0,Ok,21645
508036.687000,100.0,Ok,49.0,Ok,21646
508036.718000,100.0,Ok,52.0,Ok,21647
508036.765000,102.0,Ok,54.0,Ok,21648
508036.812000,106.0,Ok,49.0,Ok,21649
508036.859000,109.0,Ok,48.0,Ok,21650
508036.906000,108.0,Ok,54.0,Ok,21651
508036.968000,114.0,Ok,61.0,Ok,21652
508037.015000,117.0,Ok,55.0,Ok,21653
508037.062000,109.0,Ok,55.0,Ok,21654
508037.109000,110.0,Ok,54.0,Ok,21655
508037.171000,110.0,Ok,50.0,Ok,21656
508037.218000,107.0,Ok,56.0,Ok,21657
508037.265000,107.0,Ok,59.0,Ok,21658
508037.312000,105.0,Ok,60.0,Ok,21659
508037.375000,107.0,Ok,62.0,Ok,21660
508037.421000,104.0,Ok,60.0,Ok,21661
508037.468000,109.0,Ok,53.0,Ok,21662
508037.515000,111.0,Ok,60.0,Ok,21663
508037.562000,107.0,Ok,62.0,Ok,21664
508037.625000,107.0,Ok,61.0,Ok,21665
508037.656000,108.0,Ok,61.0,Ok,21666
508037.718000,113.0,Ok,59.0,Ok,21667
508037.765000,113.0,Ok,54.0,Ok,21668
508037.812000,103.0,Ok,56.0,Ok,21669
508037.875000,106.0,Ok,57.0,Ok,21670
508037.921000,108.0,Ok,49.0,Ok,21671
508037.968000,108.0,Ok,53.0,Ok,21672
508038.046000,106.0,Ok,57.0,Ok,21673
508038.062000,107.0,Ok,54.0,Ok,21674
508038.109000,115.0,Ok,50.0,Ok,21675
508038.156000,111.0,Ok,58.0,Ok,21676
508038.218000,107.0,Ok,54.0,Ok,21677
508038.265000,104.0,Ok,50.0,Ok,21678
508038.328000,105.0,Ok,54.0,Ok,21679
508038.359000,105.0,Ok,49.0,Ok,21680
508038.421000,104.0,Ok,51.0,Ok,21681
508038.468000,103.0,Ok,48.0,Ok,21682
508038.515000,104.0,Ok,47.0,Ok,21683
508038.562000,103.0,Ok,49.0,Ok,21684
508038.609000,105.0,Ok,47.0,Ok,21685
508038.656000,106.0,Ok,48.0,Ok,21686
508038.718000,110.0,Ok,47.0,Ok,21687
508038.765000,109.0,Ok,48.0,Ok,21688
508038.828000,101.0,Ok,49.0,Ok,21689
508038.875000,107.0,Ok,47.0,Ok,21690
508038.921000,100.0,Ok,47.0,Ok,21691
508038.968000,100.0,Ok,48.0,Ok,21692
508039.015000,101.0,Ok,45.0,Ok,21693
508039.062000,100.0,Ok,46.0,Ok,21694
508039.109000,97.0,Ok,53.0,Ok,21695
508039.171000,99.0,Ok,50.0,Ok,21696
508039.218000,98.0,Ok,51.0,Ok,21697
508039.265000,97.0,Ok,51.0,Ok,21698
508039.312000,100.0,Ok,50.0,Ok,21699
508039.359000,99.0,Ok,51.0,Ok,21700
508039.406000,99.0,Ok,46.0,Ok,21701
508039.468000,98.0,Ok,50.0,Ok,21702
508039.515000,99.0,Ok,47.0,Ok,21703
508039.562000,100.0,Ok,45.0,Ok,21704
508039.625000,100.0,Ok,54.0,Ok,21705
508039.656000,102.0,Ok,48.0,Ok,21706
508039.718000,99.0,Ok,44.0,Ok,21707
508039.765000,100.0,Ok,49.0,Ok,21708
508039.812000,100.0,Ok,45.0,Ok,21709
508039.875000,99.0,Ok,42.0,Ok,21710
508039.921000,102.0,Ok,43.0,Ok,21711
508039.968000,99.0,Ok,41.0,Ok,21712
508040.015000,99.0,Ok,46.0,Ok,21713
508040.062000,101.0,Ok,46.0,Ok,21714
508040.109000,102.0,Ok,45.0,Ok,21715
508040.156000,100.0,Ok,47.0,Ok,21716
508040.218000,105.0,Ok,50.0,Ok,21717
508040.265000,98.0,Ok,45.0,Ok,21718
508040.312000,99.0,Ok,29.0,Ok,21719
508040.375000,97.0,Ok,55.0,Ok,21720
508040.406000,102.0,Ok,69.0,Ok,21721
508040.468000,99.0,Ok,79.0,Ok,21722
508040.515000,99.0,Ok,72.0,Ok,21723
508040.562000,99.0,Ok,72.0,Ok,21724
508040.625000,107.0,Ok,51.0,Ok,21725
508040.656000,99.0,Ok,51.0,Ok,21726
508040.718000,98.0,Ok,41.0,Ok,21727
508040.781000,102.0,Ok,44.0,Ok,21728
508040.812000,105.0,Ok,46.0,Ok,21729
508040.875000,98.0,Ok,45.0,Ok,21730
508040.906000,98.0,Ok,44.0,Ok,21731
508040.968000,99.0,Ok,46.0,Ok,21732
508041.015000,99.0,Ok,44.0,Ok,21733
508041.062000,99.0,Ok,47.0,Ok,21734
508041.125000,98.0,Ok,36.0,Ok,21735
508041.171000,98.0,Ok,46.0,Ok,21736
508041.218000,101.0,Ok,52.0,Ok,21737
508041.265000,102.0,Ok,67.0,Ok,21738
508041.312000,101.0,Ok,84.0,Ok,21739
508041.375000,103.0,Ok,35.0,Ok,21740
508041.421000,100.0,Ok,68.0,Ok,21741
508041.453000,101.0,Ok,44.0,Ok,21742
508041.515000,101.0,Ok,45.0,Ok,21743
508041.562000,101.0,Ok,45.0,Ok,21744
508041.625000,97.0,Ok,47.0,Ok,21745
508041.671000,102.0,Ok,47.0,Ok,21746
508041.718000,105.0,Ok,45.0,Ok,21747
508041.765000,102.0,Ok,47.0,Ok,21748
508041.812000,100.0,Ok,50.0,Ok,21749
508041.859000,102.0,Ok,54.0,Ok,21750
508041.921000,106.0,Ok,51.0,Ok,21751
508041.968000,102.0,Ok,48.0,Ok,21752
508042.015000,97.0,Ok,61.0,Ok,21753
508042.062000,98.0,Ok,56.0,Ok,21754
508042.125000,97.0,Ok,56.0,Ok,21755
508042.156000,99.0,Ok,58.0,Ok,21756
508042.218000,99.0,Ok,46.0,Ok,21757
508042.265000,98.0,Ok,41.0,Ok,21758
508042.312000,99.0,Ok,50.0,Ok,21759
508042.375000,104.0,Ok,45.0,Ok,21760
508042.421000,99.0,Ok,45.0,Ok,21761
508042.468000,102.0,Ok,45.0,Ok,21762
508042.515000,101.0,Ok,45.0,Ok,21763
508042.562000,100.0,Ok,47.0,Ok,21764
508042.609000,97.0,Ok,50.0,Ok,21765
508042.671000,98.0,Ok,49.0,Ok,21766
508042.718000,99.0,Ok,63.0,Ok,21767
508042.765000,99.0,Ok,63.0,Ok,21768
508042.812000,100.0,Ok,59.0,Ok,21769
508042.859000,103.0,Ok,62.0,Ok,21770
508042.906000,103.0,Ok,60.0,Ok,21771
508042.953000,97.0,Ok,47.0,Ok,21772
508043.000000,98.0,Ok,44.0,Ok,21773
508043.062000,106.0,Ok,45.0,Ok,21774
508043.125000,102.0,Ok,47.0,Ok,21775
508043.171000,101.0,Ok,44.0,Ok,21776
508043.218000,103.0,Ok,48.0,Ok,21777
508043.265000,102.0,Ok,47.0,Ok,21778
508043.312000,106.0,Ok,46.0,Ok,21779
508043.375000,102.0,Ok,39.0,Ok,21780
508043.421000,103.0,Ok,46.0,Ok,21781
508043.468000,103.0,Ok,41.0,Ok,21782
508043.515000,103.0,Ok,50.0,Ok,21783
508043.562000,102.0,Ok,46.0,Ok,21784
508043.609000,104.0,Ok,61.0,Ok,21785
508043.671000,101.0,Ok,46.0,Ok,21786
508043.718000,100.0,Ok,83.0,Ok,21787
508043.765000,102.0,Ok,81.0,Ok,21788
508043.828000,101.0,Ok,51.0,Ok,21789
508043.859000,105.0,Ok,37.0,Ok,21790
508043.921000,103.0,Ok,75.0,Ok,21791
508043.968000,105.0,Ok,49.0,Ok,21792
508044.015000,105.0,Ok,46.0,Ok,21793
508044.062000,103.0,Ok,46.0,Ok,21794
508044.109000,106.0,Ok,46.0,Ok,21795
508044.171000,108.0,Ok,43.0,Ok,21796
508044.218000,111.0,Ok,47.0,Ok,21797
508044.265000,104.0,Ok,46.0,Ok,21798
508044.312000,106.0,Ok,41.0,Ok,21799
508044.375000,102.0,Ok,52.0,Ok,21800
508044.421000,103.0,Ok,51.0,Ok,21801
508044.468000,111.0,Ok,46.0,Ok,21802
508044.515000,105.0,Ok,47.0,Ok,21803
508044.562000,102.0,Ok,57.0,Ok,21804
508044.609000,108.0,Ok,58.0,Ok,21805
508044.671000,101.0,Ok,60.0,Ok,21806
508044.718000,103.0,Ok,61.0,Ok,21807
508044.765000,108.0,Ok,57.0,Ok,21808
508044.812000,106.0,Ok,50.0,Ok,21809
508044.875000,106.0,Ok,49.0,Ok,21810
508044.921000,102.0,Ok,45.0,Ok,21811
508044.968000,99.0,Ok,48.0,Ok,21812
508045.015000,102.0,Ok,48.0,Ok,21813
508045.062000,103.0,Ok,41.0,Ok,21814
508045.109000,102.0,Ok,49.0,Ok,21815
508045.171000,102.0,Ok,42.0,Ok,21816
508045.218000,103.0,Ok,46.0,Ok,21817
508045.265000,105.0,Ok,47.0,Ok,21818
508045.312000,104.0,Ok,51.0,Ok,21819
508045.359000,100.0,Ok,47.0,Ok,21820
508045.421000,99.0,Ok,51.0,Ok,21821
508045.468000,101.0,Ok,46.0,Ok,21822
508045.515000,102.0,Ok,48.0,Ok,21823
508045.562000,100.0,Ok,46.0,Ok,21824
508045.609000,99.0,Ok,45.0,Ok,21825
508045.671000,99.0,Ok,54.0,Ok,21826
508045.718000,100.0,Ok,49.0,Ok,21827
508045.765000,101.0,Ok,49.0,Ok,21828
508045.812000,99.0,Ok,48.0,Ok,21829
508045.875000,100.0,Ok,50.0,Ok,21830
508045.921000,100.0,Ok,50.0,Ok,21831
508045.968000,100.0,Ok,50.0,Ok,21832
508046.015000,102.0,Ok,51.0,Ok,21833
508046.062000,100.0,Ok,46.0,Ok,21834
508046.125000,102.0,Ok,47.0,Ok,21835
508046.171000,101.0,Ok,53.0,Ok,21836
508046.218000,102.0,Ok,49.0,Ok,21837
508046.265000,101.0,Ok,49.0,Ok,21838
508046.312000,102.0,Ok,48.0,Ok,21839
508046.375000,101.0,Ok,50.0,Ok,21840
508046.421000,101.0,Ok,46.0,Ok,21841
508046.468000,101.0,Ok,46.0,Ok,21842
508046.515000,101.0,Ok,45.0,Ok,21843
508046.562000,102.0,Ok,47.0,Ok,21844
508046.609000,103.0,Ok,46.0,Ok,21845
508046.671000,101.0,Ok,50.0,Ok,21846
508046.718000,103.0,Ok,48.0,Ok,21847
508046.765000,99.0,Ok,43.0,Ok,21848
508046.812000,103.0,Ok,41.0,Ok,21849
508046.859000,104.0,Ok,49.0,Ok,21850
508046.921000,101.0,Ok,46.0,Ok,21851
508046.968000,101.0,Ok,51.0,Ok,21852
508047.015000,101.0,Ok,57.0,Ok,21853
508047.062000,103.0,Ok,59.0,Ok,21854
508047.109000,102.0,Ok,60.0,Ok,21855
508047.171000,103.0,Ok,59.0,Ok,21856
508047.218000,102.0,Ok,55.0,Ok,21857
508047.265000,101.0,Ok,45.0,Ok,21858
508047.312000,106.0,Ok,42.0,Ok,21859
508047.375000,105.0,Ok,44.0,Ok,21860
508047.421000,104.0,Ok,46.0,Ok,21861
508047.453000,105.0,Ok,43.0,Ok,21862
508047.515000,106.0,Ok,47.0,Ok,21863
508047.562000,105.0,Ok,44.0,Ok,21864
508047.625000,103.0,Ok,46.0,Ok,21865
508047.671000,103.0,Ok,44.0,Ok,21866
508047.718000,101.0,Ok,33.0,Ok,21867
508047.765000,101.0,Ok,67.0,Ok,21868
508047.812000,99.0,Ok,55.0,Ok,21869
508047.875000,102.0,Ok,57.0,Ok,21870
508047.921000,105.0,Ok,55.0,Ok,21871
508047.968000,100.0,Ok,60.0,Ok,21872
508048.015000,102.0,Ok,45.0,Ok,21873
508048.062000,103.0,Ok,41.0,Ok,21874
508048.109000,105.0,Ok,46.0,Ok,21875
508048.171000,104.0,Ok,46.0,Ok,21876
508048.218000,106.0,Ok,43.0,Ok,21877
508048.265000,104.0,Ok,44.0,Ok,21878
508048.312000,105.0,Ok,41.0,Ok,21879
508048.359000,102.0,Ok,43.0,Ok,21880
508048.406000,102.0,Ok,82.0,Ok,21881
508048.468000,107.0,Ok,61.0,Ok,21882
508048.515000,103.0,Ok,56.0,Ok,21883
508048.562000,104.0,Ok,55.0,Ok,21884
508048.609000,102.0,Ok,58.0,Ok,21885
508048.671000,108.0,Ok,53.0,Ok,21886
508048.718000,101.0,Ok,54.0,Ok,21887
508048.765000,107.0,Ok,41.0,Ok,21888
508048.812000,107.0,Ok,37.0,Ok,21889
508048.859000,106.0,Ok,46.0,Ok,21890
508048.953000,106.0,Ok,43.0,Ok,21891
508048.968000,104.0,Ok,46.0,Ok,21892
508049.015000,108.0,Ok,48.0,Ok,21893
508049.062000,106.0,Ok,46.0,Ok,21894
508049.109000,102.0,Ok,42.0,Ok,21895
508049.171000,104.0,Ok,59.0,Ok,21896
508049.218000,104.0,Ok,56.0,Ok,21897
508049.265000,105.0,Ok,52.0,Ok,21898
508049.312000,103.0,Ok,49.0,Ok,21899
508049.359000,103.0,Ok,49.0,Ok,21900
508049.421000,112.0,Ok,50.0,Ok,21901
508049.468000,111.0,Ok,49.0,Ok,21902
508049.515000,106.0,Ok,46.0,Ok,21903
508049.562000,114.0,Ok,40.0,Ok,21904
508049.625000,104.0,Ok,40.0,Ok,21905
508049.671000,108.0,Ok,45.0,Ok,21906
508049.718000,107.0,Ok,46.0,Ok,21907
508049.765000,104.0,Ok,44.0,Ok,21908
508049.812000,108.0,Ok,43.0,Ok,21909
508049.859000,104.0,Ok,44.0,Ok,21910
508049.906000,101.0,Ok,42.0,Ok,21911
508049.968000,100.0,Ok,47.0,Ok,21912
508050.015000,100.0,Ok,46.0,Ok,21913
508050.062000,100.0,Ok,44.0,Ok,21914
508050.125000,98.0,Ok,41.0,Ok,21915
508050.171000,103.0,Ok,41.0,Ok,21916
508050.218000,98.0,Ok,43.0,Ok,21917
508050.265000,103.0,Ok,47.0,Ok,21918
508050.296000,104.0,Ok,42.0,Ok,21919
508050.375000,106.0,Ok,46.0,Ok,21920
508050.421000,106.0,Ok,45.0,Ok,21921
508050.468000,101.0,Ok,45.0,Ok,21922
508050.515000,105.0,Ok,47.0,Ok,21923
508050.562000,109.0,Ok,46.0,Ok,21924
508050.609000,104.0,Ok,47.0,Ok,21925
508050.671000,101.0,Ok,48.0,Ok,21926
508050.718000,107.0,Ok,51.0,Ok,21927
508050.765000,101.0,Ok,53.0,Ok,21928
508050.812000,100.0,Ok,52.0,Ok,21929
508050.859000,99.0,Ok,51.0,Ok,21930
508050.921000,104.0,Ok,49.0,Ok,21931
508050.968000,101.0,Ok,55.0,Ok,21932
508051.015000,104.0,Ok,59.0,Ok,21933
508051.062000,107.0,Ok,69.0,Ok,21934
508051.125000,104.0,Ok,62.0,Ok,21935
508051.171000,90.0,Ok,75.0,Ok,21936
508051.218000,103.0,Ok,73.0,Ok,21937
508051.265000,104.0,Ok,64.0,Ok,21938
508051.312000,99.0,Ok,74.0,Ok,21939
508051.359000,92.0,Ok,75.0,Ok,21940
508051.421000,65.0,Ok,77.0,Ok,21941
508051.468000,94.0,Ok,69.0,Ok,21942
508051.515000,95.0,Ok,71.0,Ok,21943
508051.562000,89.0,Ok,71.0,Ok,21944
508051.625000,82.0,Ok,76.0,Ok,21945
508051.671000,83.0,Ok,74.0,Ok,21946
508051.718000,71.0,Ok,74.0,Ok,21947
508051.765000,84.0,Ok,79.0,Ok,21948
508051.812000,83.0,Ok,83.0,Ok,21949
508051.859000,81.0,Ok,93.0,Ok,21950
508051.906000,75.0,Ok,90.0,Ok,21951
508051.968000,73.0,Ok,62.0,Ok,21952
508052.000000,85.0,Ok,55.0,Ok,21953
508052.062000,81.0,Ok,136.0,Ok,21954
508052.125000,79.0,Ok,93.0,Ok,21955
508052.171000,71.0,Ok,61.0,Ok,21956
508052.218000,63.0,Ok,117.0,Ok,21957
508052.265000,68.0,Ok,120.0,Ok,21958
508052.312000,75.0,Ok,127.0,Ok,21959
508052.375000,72.0,Ok,109.0,Ok,21960
508052.421000,69.0,Ok,94.0,Ok,21961
508052.468000,66.0,Ok,84.0,Ok,21962
508052.515000,61.0,Ok,88.0,Ok,21963
508052.562000,70.0,Ok,63.0,Ok,21964
508052.609000,75.0,Ok,105.0,Ok,21965
508052.671000,78.0,Ok,71.0,Ok,21966
508052.703000,81.0,Ok,72.0,Ok,21967
508052.765000,84.0,Ok,71.0,Ok,21968
508052.812000,76.0,Ok,61.0,Ok,21969
508052.875000,72.0,Ok,60.0,Ok,21970
508052.921000,73.0,Ok,65.0,Ok,21971
508052.968000,82.0,Ok,65.0,Ok,21972
508053.031000,84.0,Ok,69.0,Ok,21973
508053.062000,84.0,Ok,72.0,Ok,21974
508053.109000,76.0,Ok,69.0,Ok,21975
508053.171000,78.0,Ok,66.0,Ok,21976
508053.218000,82.0,Ok,66.0,Ok,21977
508053.265000,84.0,Ok,73.0,Ok,21978
508053.328000,73.0,Ok,71.0,Ok,21979
508053.375000,80.0,Ok,70.0,Ok,21980
508053.421000,81.0,Ok,72.0,Ok,21981
508053.468000,81.0,Ok,75.0,Ok,21982
508053.515000,77.0,Ok,72.0,Ok,21983
508053.562000,77.0,Ok,67.0,Ok,21984
508053.625000,76.0,Ok,83.0,Ok,21985
508053.671000,71.0,Ok,62.0,Ok,21986
508053.718000,72.0,Ok,71.0,Ok,21987
508053.765000,93.0,Ok,73.0,Ok,21988
508053.812000,85.0,Ok,71.0,Ok,21989
508053.859000,83.0,Ok,69.0,Ok,21990
508053.921000,84.0,Ok,65.0,Ok,21991
508053.968000,97.0,Ok,58.0,Ok,21992
508054.015000,82.0,Ok,59.0,Ok,21993
508054.062000,82.0,Ok,66.0,Ok,21994
508054.125000,75.0,Ok,70.0,Ok,21995
508054.156000,72.0,Ok,66.0,Ok,21996
508054.218000,80.0,Ok,72.0,Ok,21997
508054.265000,84.0,Ok,81.0,Ok,21998
508054.312000,88.0,Ok,77.0,Ok,21999
508054.390000,80.0,Ok,74.0,Ok,22000
508054.421000,59.0,Ok,73.0,Ok,22001
508054.468000,115.0,Ok,74.0,Ok,22002
508054.515000,107.0,Ok,64.0,Ok,22003
508054.562000,105.0,Ok,108.0,Ok,22004
508054.609000,110.0,Ok,80.0,Ok,22005
508054.671000,103.0,Ok,78.0,Ok,22006
508054.718000,54.0,Ok,69.0,Ok,22007
508054.765000,80.0,Ok,74.0,Ok,22008
508054.812000,87.0,Ok,77.0,Ok,22009
508054.875000,86.0,Ok,74.0,Ok,22010
508054.921000,85.0,Ok,73.0,Ok,22011
508054.953000,91.0,Ok,70.0,Ok,22012
508055.000000,87.0,Ok,69.0,Ok,22013
508055.062000,92.0,Ok,77.0,Ok,22014
508055.125000,84.0,Ok,97.0,Ok,22015
508055.171000,81.0,Ok,74.0,Ok,22016
508055.218000,89.0,Ok,73.0,Ok,22017
508055.265000,95.0,Ok,76.0,Ok,22018
508055.312000,87.0,Ok,73.0,Ok,22019
508055.375000,76.0,Ok,79.0,Ok,22020
508055.421000,65.0,Ok,79.0,Ok,22021
508055.468000,92.0,Ok,86.0,Ok,22022
508055.515000,97.0,Ok,74.0,Ok,22023
508055.562000,67.0,Ok,69.0,Ok,22024
508055.625000,92.0,Ok,73.0,Ok,22025
508055.671000,103.0,Ok,93.0,Ok,22026
508055.718000,120.0,Ok,80.0,Ok,22027
508055.750000,60.0,Ok,74.0,Ok,22028
508055.812000,92.0,Ok,71.0,Ok,22029
508055.875000,85.0,Ok,74.0,Ok,22030
508055.921000,86.0,Ok,84.0,Ok,22031
508055.968000,98.0,Ok,94.0,Ok,22032
508056.015000,94.0,Ok,69.0,Ok,22033
508056.062000,74.0,Ok,124.0,Ok,22034
508056.109000,85.0,Ok,72.0,Ok,22035
508056.171000,103.0,Ok,69.0,Ok,22036
508056.218000,122.0,Ok,72.0,Ok,22037
508056.265000,102.0,Ok,71.0,Ok,22038
508056.312000,121.0,Ok,67.0,Ok,22039
508056.359000,60.0,Ok,72.0,Ok,22040
508056.406000,133.0,Ok,75.0,Ok,22041
508056.453000,115.0,Ok,68.0,Ok,22042
508056.500000,98.0,Ok,75.0,Ok,22043
508056.562000,100.0,Ok,77.0,Ok,22044
508056.625000,101.0,Ok,56.0,Ok,22045
508056.671000,90.0,Ok,80.0,Ok,22046
508056.718000,90.0,Ok,80.0,Ok,22047
508056.765000,85.0,Ok,68.0,Ok,22048
508056.812000,116.0,Ok,62.0,Ok,22049
508056.859000,107.0,Ok,64.0,Ok,22050
508056.906000,107.0,Ok,61.0,Ok,22051
508056.953000,115.0,Ok,62.0,Ok,22052
508057.015000,135.0,Ok,65.0,Ok,22053
508057.062000,128.0,Ok,61.0,Ok,22054
508057.125000,117.0,Ok,60.0,Ok,22055
508057.171000,122.0,Ok,68.0,Ok,22056
508057.218000,96.0,Ok,60.0,Ok,22057
508057.265000,93.0,Ok,69.0,Ok,22058
508057.312000,113.0,Ok,81.0,Ok,22059
508057.359000,91.0,Ok,76.0,Ok,22060
508057.421000,95.0,Ok,79.0,Ok,22061
508057.468000,93.0,Ok,82.0,Ok,22062
508057.515000,90.0,Ok,78.0,Ok,22063
508057.562000,93.0,Ok,66.0,Ok,22064
508057.609000,91.0,Ok,54.0,Ok,22065
508057.656000,96.0,Ok,58.0,Ok,22066
508057.718000,95.0,Ok,63.0,Ok,22067
508057.765000,95.0,Ok,65.0,Ok,22068
508057.812000,93.0,Ok,69.0,Ok,22069
508057.859000,112.0,Ok,61.0,Ok,22070
508057.921000,87.0,Ok,73.0,Ok,22071
508057.968000,90.0,Ok,69.0,Ok,22072
508058.015000,64.0,Ok,71.0,Ok,22073
508058.062000,89.0,Ok,69.0,Ok,22074
508058.125000,113.0,Ok,72.0,Ok,22075
508058.156000,145.0,Ok,78.0,Ok,22076
508058.218000,102.0,Ok,76.0,Ok,22077
508058.250000,122.0,Ok,76.0,Ok,22078
508058.312000,103.0,Ok,75.0,Ok,22079
508058.359000,112.0,Ok,72.0,Ok,22080
508058.421000,134.0,Ok,67.0,Ok,22081
508058.500000,77.0,Ok,74.0,Ok,22082
508058.515000,97.0,Ok,69.0,Ok,22083
508058.562000,97.0,Ok,61.0,Ok,22084
508058.609000,122.0,Ok,61.0,Ok,22085
508058.656000,110.0,Ok,68.0,Ok,22086
508058.718000,102.0,Ok,64.0,Ok,22087
508058.765000,99.0,Ok,59.0,Ok,22088
508058.812000,112.0,Ok,60.0,Ok,22089
508058.859000,83.0,Ok,61.0,Ok,22090
508058.921000,61.0,Ok,62.0,Ok,22091
508058.953000,86.0,Ok,54.0,Ok,22092
508059.015000,76.0,Ok,63.0,Ok,22093
508059.078000,90.0,Ok,54.0,Ok,22094
508059.125000,98.0,Ok,51.0,Ok,22095
508059.171000,93.0,Ok,55.0,Ok,22096
508059.218000,99.0,Ok,48.0,Ok,22097
508059.265000,93.0,Ok,44.0,Ok,22098
508059.312000,93.0,Ok,46.0,Ok,22099
508059.359000,110.0,Ok,46.0,Ok,22100
508059.421000,66.0,Ok,43.0,Ok,22101
508059.468000,78.0,Ok,48.0,Ok,22102
508059.515000,86.0,Ok,46.0,Ok,22103
508059.562000,79.0,Ok,36.0,Ok,22104
508059.625000,46.0,Ok,46.0,Ok,22105
508059.671000,56.0,Ok,43.0,Ok,22106
508059.718000,61.0,Ok,33.0,Ok,22107
508059.765000,62.0,Ok,47.0,Ok,22108
508059.843000,63.0,Ok,99.0,Ok,22109
508059.859000,63.0,Ok,86.0,Ok,22110
508059.921000,64.0,Ok,90.0,Ok,22111
508059.968000,67.0,Ok,58.0,Ok,22112
508060.015000,74.0,Ok,56.0,Ok,22113
508060.062000,74.0,Ok,51.0,Ok,22114
508060.125000,82.0,Ok,57.0,Ok,22115
508060.171000,102.0,Ok,60.0,Ok,22116
508060.218000,99.0,Ok,61.0,Ok,22117
508060.265000,85.0,Ok,61.0,Ok,22118
508060.312000,92.0,Ok,62.0,Ok,22119
508060.359000,106.0,Ok,64.0,Ok,22120
508060.421000,99.0,Ok,63.0,Ok,22121
508060.468000,99.0,Ok,63.0,Ok,22122
508060.515000,124.0,Ok,66.0,Ok,22123
508060.562000,131.0,Ok,68.0,Ok,22124
508060.609000,78.0,Ok,66.0,Ok,22125
508060.656000,58.0,Ok,79.0,Ok,22126
508060.718000,96.0,Ok,69.0,Ok,22127
508060.765000,87.0,Ok,92.0,Ok,22128
508060.812000,84.0,Ok,90.0,Ok,22129
508060.859000,90.0,Ok,85.0,Ok,22130
508060.921000,98.0,Ok,80.0,Ok,22131
508060.968000,93.0,Ok,88.0,Ok,22132
508061.015000,89.0,Ok,94.0,Ok,22133
508061.062000,90.0,Ok,87.0,Ok,22134
508061.125000,94.0,Ok,84.0,Ok,22135
508061.171000,70.0,Ok,84.0,Ok,22136
508061.218000,89.0,Ok,88.0,Ok,22137
508061.265000,86.0,Ok,90.0,Ok,22138
508061.312000,90.0,Ok,85.0,Ok,22139
508061.375000,99.0,Ok,84.0,Ok,22140
508061.421000,86.0,Ok,89.0,Ok,22141
508061.468000,83.0,Ok,77.0,Ok,22142
508061.515000,73.0,Ok,73.0,Ok,22143
508061.562000,92.0,Ok,75.0,Ok,22144
508061.609000,79.0,Ok,78.0,Ok,22145
508061.656000,79.0,Ok,73.0,Ok,22146
508061.718000,84.0,Ok,75.0,Ok,22147
508061.765000,73.0,Ok,69.0,Ok,22148
508061.812000,94.0,Ok,72.0,Ok,22149
508061.859000,104.0,Ok,70.0,Ok,22150
508061.906000,97.0,Ok,63.0,Ok,22151
508061.953000,93.0,Ok,65.0,Ok,22152
508062.015000,115.0,Ok,62.0,Ok,22153
508062.062000,83.0,Ok,62.0,Ok,22154
508062.125000,85.0,Ok,59.0,Ok,22155
508062.171000,86.0,Ok,59.0,Ok,22156
508062.218000,78.0,Ok,61.0,Ok,22157
508062.265000,85.0,Ok,61.0,Ok,22158
508062.312000,64.0,Ok,58.0,Ok,22159
508062.359000,78.0,Ok,58.0,Ok,22160
508062.421000,89.0,Ok,46.0,Ok,22161
508062.468000,79.0,Ok,54.0,Ok,22162
508062.515000,74.0,Ok,57.0,Ok,22163
508062.562000,70.0,Ok,52.0,Ok,22164
508062.609000,77.0,Ok,54.0,Ok,22165
508062.656000,74.0,Ok,54.0,Ok,22166
508062.718000,73.0,Ok,50.0,Ok,22167
508062.765000,70.0,Ok,67.0,Ok,22168
508062.812000,71.0,Ok,43.0,Ok,22169
508062.859000,71.0,Ok,63.0,Ok,22170
508062.906000,71.0,Ok,50.0,Ok,22171
508062.968000,90.0,Ok,49.0,Ok,22172
508063.015000,82.0,Ok,62.0,Ok,22173
508063.062000,72.0,Ok,67.0,Ok,22174
508063.125000,72.0,Ok,59.0,Ok,22175
508063.171000,80.0,Ok,57.0,Ok,22176
508063.218000,62.0,Ok,44.0,Ok,22177
508063.265000,52.0,Ok,46.0,Ok,22178
508063.312000,52.0,Ok,58.0,Ok,22179
508063.359000,54.0,Ok,64.0,Ok,22180
508063.421000,48.0,Ok,33.0,Ok,22181
508063.468000,60.0,Ok,48.0,Ok,22182
508063.515000,102.0,Ok,51.0,Ok,22183
508063.562000,109.0,Ok,56.0,Ok,22184
508063.609000,88.0,Ok,52.0,Ok,22185
508063.671000,48.0,Ok,66.0,Ok,22186
508063.703000,87.0,Ok,75.0,Ok,22187
508063.765000,47.0,Ok,54.0,Ok,22188
508063.812000,48.0,Ok,56.0,Ok,22189
508063.875000,56.0,Ok,56.0,Ok,22190
508063.921000,69.0,Ok,67.0,Ok,22191
508063.968000,81.0,Ok,65.0,Ok,22192
508064.015000,116.0,Ok,63.0,Ok,22193
508064.062000,82.0,Ok,70.0,Ok,22194
508064.125000,86.0,Ok,66.0,Ok,22195
508064.171000,84.0,Ok,76.0,Ok,22196
508064.218000,97.0,Ok,76.0,Ok,22197
508064.265000,95.0,Ok,83.0,Ok,22198
508064.312000,89.0,Ok,78.0,Ok,22199
508064.375000,80.0,Ok,79.0,Ok,22200
508064.421000,83.0,Ok,72.0,Ok,22201
508064.468000,81.0,Ok,82.0,Ok,22202
508064.515000,86.0,Ok,99.0,Ok,22203
508064.562000,79.0,Ok,116.0,Ok,22204
508064.625000,88.0,Ok,85.0,Ok,22205
508064.671000,88.0,Ok,93.0,Ok,22206
508064.718000,89.0,Ok,92.0,Ok,22207
508064.765000,100.0,Ok,92.0,Ok,22208
508064.812000,96.0,Ok,93.0,Ok,22209
508064.859000,91.0,Ok,96.0,Ok,22210
508064.906000,84.0,Ok,122.0,Ok,22211
508064.968000,91.0,Ok,95.0,Ok,22212
508065.000000,95.0,Ok,76.0,Ok,22213
508065.062000,86.0,Ok,75.0,Ok,22214
508065.109000,83.0,Ok,58.0,Ok,22215
508065.171000,96.0,Ok,56.0,Ok,22216
508065.218000,95.0,Ok,48.0,Ok,22217
508065.265000,88.0,Ok,52.0,Ok,22218
508065.328000,97.0,Ok,59.0,Ok,22219
508065.359000,98.0,Ok,49.0,Ok,22220
508065.406000,101.0,Ok,46.0,Ok,22221
508065.453000,88.0,Ok,53.0,Ok,22222
508065.515000,99.0,Ok,49.0,Ok,22223
508065.562000,88.0,Ok,46.0,Ok,22224
508065.609000,91.0,Ok,51.0,Ok,22225
508065.671000,99.0,Ok,54.0,Ok,22226
508065.718000,99.0,Ok,50.0,Ok,22227
508065.765000,105.0,Ok,49.0,Ok,22228
508065.812000,103.0,Ok,47.0,Ok,22229
508065.875000,98.0,Ok,49.0,Ok,22230
508065.921000,108.0,Ok,47.0,Ok,22231
508065.968000,101.0,Ok,48.0,Ok,22232
508066.015000,104.0,Ok,41.0,Ok,22233
508066.062000,102.0,Ok,50.0,Ok,22234
508066.109000,102.0,Ok,47.0,Ok,22235
508066.156000,98.0,Ok,46.0,Ok,22236
508066.203000,92.0,Ok,51.0,Ok,22237
508066.265000,100.0,Ok,51.0,Ok,22238
508066.312000,92.0,Ok,46.0,Ok,22239
508066.375000,96.0,Ok,51.0,Ok,22240
508066.421000,94.0,Ok,43.0,Ok,22241
508066.468000,97.0,Ok,46.0,Ok,22242
508066.515000,97.0,Ok,46.0,Ok,22243
508066.562000,98.0,Ok,46.0,Ok,22244
508066.609000,97.0,Ok,44.0,Ok,22245
508066.656000,99.0,Ok,45.0,Ok,22246
508066.718000,99.0,Ok,57.0,Ok,22247
508066.765000,96.0,Ok,74.0,Ok,22248
508066.812000,98.0,Ok,76.0,Ok,22249
508066.875000,95.0,Ok,97.0,Ok,22250
508066.921000,96.0,Ok,95.0,Ok,22251
508066.968000,103.0,Ok,88.0,Ok,22252
508067.015000,105.0,Ok,47.0,Ok,22253
508067.062000,102.0,Ok,61.0,Ok,22254
508067.109000,97.0,Ok,43.0,Ok,22255
508067.171000,94.0,Ok,41.0,Ok,22256
508067.203000,92.0,Ok,46.0,Ok,22257
508067.265000,99.0,Ok,41.0,Ok,22258
508067.312000,98.0,Ok,46.0,Ok,22259
508067.375000,99.0,Ok,44.0,Ok,22260
508067.421000,100.0,Ok,48.0,Ok,22261
508067.468000,104.0,Ok,46.0,Ok,22262
508067.515000,101.0,Ok,47.0,Ok,22263
508067.562000,99.0,Ok,47.0,Ok,22264
508067.609000,100.0,Ok,59.0,Ok,22265
508067.671000,100.0,Ok,66.0,Ok,22266
508067.718000,100.0,Ok,60.0,Ok,22267
508067.765000,100.0,Ok,66.0,Ok,22268
508067.812000,93.0,Ok,67.0,Ok,22269
508067.875000,97.0,Ok,62.0,Ok,22270
508067.921000,98.0,Ok,67.0,Ok,22271
508067.968000,99.0,Ok,67.0,Ok,22272
508068.015000,97.0,Ok,77.0,Ok,22273
508068.062000,98.0,Ok,54.0,Ok,22274
508068.125000,100.0,Ok,43.0,Ok,22275
508068.171000,99.0,Ok,50.0,Ok,22276
508068.218000,100.0,Ok,46.0,Ok,22277
508068.265000,98.0,Ok,46.0,Ok,22278
508068.312000,97.0,Ok,46.0,Ok,22279
508068.375000,98.0,Ok,46.0,Ok,22280
508068.421000,97.0,Ok,53.0,Ok,22281
508068.468000,96.0,Ok,44.0,Ok,22282
508068.515000,105.0,Ok,45.0,Ok,22283
508068.562000,98.0,Ok,49.0,Ok,22284
508068.625000,105.0,Ok,50.0,Ok,22285
508068.671000,97.0,Ok,44.0,Ok,22286
508068.718000,98.0,Ok,46.0,Ok,22287
508068.765000,103.0,Ok,65.0,Ok,22288
508068.828000,100.0,Ok,64.0,Ok,22289
508068.875000,95.0,Ok,61.0,Ok,22290
508068.921000,100.0,Ok,44.0,Ok,22291
508068.968000,97.0,Ok,39.0,Ok,22292
508069.015000,96.0,Ok,62.0,Ok,22293
508069.062000,95.0,Ok,53.0,Ok,22294
508069.109000,95.0,Ok,48.0,Ok,22295
508069.171000,101.0,Ok,46.0,Ok,22296
508069.218000,100.0,Ok,50.0,Ok,22297
508069.265000,102.0,Ok,45.0,Ok,22298
508069.312000,105.0,Ok,46.0,Ok,22299
508069.375000,99.0,Ok,47.0,Ok,22300
508069.421000,96.0,Ok,48.0,Ok,22301
508069.468000,94.0,Ok,49.0,Ok,22302
508069.500000,97.0,Ok,61.0,Ok,22303
508069.562000,99.0,Ok,43.0,Ok,22304
508069.609000,103.0,Ok,69.0,Ok,22305
508069.656000,99.0,Ok,83.0,Ok,22306
508069.718000,96.0,Ok,81.0,Ok,22307
508069.765000,95.0,Ok,73.0,Ok,22308
508069.812000,98.0,Ok,61.0,Ok,22309
508069.859000,97.0,Ok,82.0,Ok,22310
508069.921000,97.0,Ok,55.0,Ok,22311
508069.968000,99.0,Ok,47.0,Ok,22312
508070.015000,98.0,Ok,46.0,Ok,22313
508070.062000,102.0,Ok,47.0,Ok,22314
508070.109000,100.0,Ok,46.0,Ok,22315
508070.171000,88.0,Ok,45.0,Ok,22316
508070.218000,92.0,Ok,45.0,Ok,22317
508070.265000,96.0,Ok,44.0,Ok,22318
508070.312000,94.0,Ok,46.0,Ok,22319
508070.359000,94.0,Ok,43.0,Ok,22320
508070.421000,91.0,Ok,56.0,Ok,22321
508070.468000,92.0,Ok,69.0,Ok,22322
508070.515000,89.0,Ok,65.0,Ok,22323
508070.562000,94.0,Ok,61.0,Ok,22324
508070.625000,94.0,Ok,59.0,Ok,22325
508070.671000,99.0,Ok,60.0,Ok,22326
508070.703000,99.0,Ok,67.0,Ok,22327
508070.781000,93.0,Ok,63.0,Ok,22328
508070.812000,98.0,Ok,52.0,Ok,22329
508070.859000,97.0,Ok,47.0,Ok,22330
508070.921000,92.0,Ok,50.0,Ok,22331
508070.968000,95.0,Ok,40.0,Ok,22332
508071.015000,103.0,Ok,49.0,Ok,22333
508071.062000,99.0,Ok,45.0,Ok,22334
508071.109000,99.0,Ok,46.0,Ok,22335
508071.171000,97.0,Ok,47.0,Ok,22336
508071.218000,97.0,Ok,46.0,Ok,22337
508071.265000,98.0,Ok,45.0,Ok,22338
508071.312000,101.0,Ok,45.0,Ok,22339
508071.359000,98.0,Ok,45.0,Ok,22340
508071.406000,98.0,Ok,46.0,Ok,22341
508071.468000,104.0,Ok,41.0,Ok,22342
508071.515000,101.0,Ok,46.0,Ok,22343
508071.562000,97.0,Ok,45.0,Ok,22344
508071.625000,90.0,Ok,47.0,Ok,22345
508071.671000,94.0,Ok,45.0,Ok,22346
508071.703000,88.0,Ok,44.0,Ok,22347
508071.765000,100.0,Ok,43.0,Ok,22348
508071.812000,97.0,Ok,44.0,Ok,22349
508071.875000,86.0,Ok,48.0,Ok,22350
508071.921000,87.0,Ok,45.0,Ok,22351
508071.968000,82.0,Ok,43.0,Ok,22352
508072.015000,86.0,Ok,46.0,Ok,22353
508072.062000,84.0,Ok,50.0,Ok,22354
508072.125000,91.0,Ok,46.0,Ok,22355
508072.171000,88.0,Ok,43.0,Ok,22356
508072.218000,103.0,Ok,49.0,Ok,22357
508072.265000,104.0,Ok,44.0,Ok,22358
508072.312000,94.0,Ok,50.0,Ok,22359
508072.375000,85.0,Ok,49.0,Ok,22360
508072.421000,97.0,Ok,41.0,Ok,22361
508072.468000,81.0,Ok,42.0,Ok,22362
508072.515000,78.0,Ok,49.0,Ok,22363
508072.562000,82.0,Ok,48.0,Ok,22364
508072.609000,80.0,Ok,44.0,Ok,22365
508072.656000,79.0,Ok,53.0,Ok,22366
508072.718000,83.0,Ok,51.0,Ok,22367
508072.765000,85.0,Ok,53.0,Ok,22368
508072.812000,84.0,Ok,46.0,Ok,22369
508072.859000,87.0,Ok,46.0,Ok,22370
508072.921000,86.0,Ok,52.0,Ok,22371
508072.968000,89.0,Ok,52.0,Ok,22372
508073.015000,89.0,Ok,54.0,Ok,22373
508073.062000,87.0,Ok,48.0,Ok,22374
508073.109000,92.0,Ok,46.0,Ok,22375
508073.171000,91.0,Ok,52.0,Ok,22376
508073.218000,90.0,Ok,48.0,Ok,22377
508073.265000,96.0,Ok,41.0,Ok,22378
508073.312000,87.0,Ok,46.0,Ok,22379
508073.375000,94.0,Ok,47.0,Ok,22380
508073.421000,81.0,Ok,38.0,Ok,22381
508073.468000,80.0,Ok,42.0,Ok,22382
508073.515000,92.0,Ok,44.0,Ok,22383
508073.562000,85.0,Ok,46.0,Ok,22384
508073.609000,92.0,Ok,45.0,Ok,22385
508073.656000,98.0,Ok,44.0,Ok,22386
508073.703000,92.0,Ok,44.0,Ok,22387
508073.765000,102.0,Ok,39.0,Ok,22388
508073.812000,95.0,Ok,43.0,Ok,22389
508073.859000,101.0,Ok,48.0,Ok,22390
508073.921000,99.0,Ok,41.0,Ok,22391
508073.968000,107.0,Ok,48.0,Ok,22392
508074.015000,103.0,Ok,45.0,Ok,22393
508074.062000,105.0,Ok,47.0,Ok,22394
508074.109000,101.0,Ok,51.0,Ok,22395
508074.156000,95.0,Ok,47.0,Ok,22396
508074.218000,101.0,Ok,51.0,Ok,22397
508074.265000,102.0,Ok,54.0,Ok,22398
508074.312000,103.0,Ok,51.0,Ok,22399
508074.375000,98.0,Ok,51.0,Ok,22400
508074.421000,100.0,Ok,52.0,Ok,22401
508074.453000,97.0,Ok,47.0,Ok,22402
508074.500000,99.0,Ok,51.0,Ok,22403
508074.546000,104.0,Ok,51.0,Ok,22404
508074.625000,98.0,Ok,54.0,Ok,22405
508074.671000,105.0,Ok,45.0,Ok,22406
508074.718000,106.0,Ok,50.0,Ok,22407
508074.765000,105.0,Ok,44.0,Ok,22408
508074.812000,104.0,Ok,45.0,Ok,22409
508074.890000,104.0,Ok,49.0,Ok,22410
508074.906000,106.0,Ok,47.0,Ok,22411
508074.968000,98.0,Ok,46.0,Ok,22412
508075.015000,103.0,Ok,48.0,Ok,22413
508075.062000,100.0,Ok,49.0,Ok,22414
508075.125000,100.0,Ok,48.0,Ok,22415
508075.171000,97.0,Ok,46.0,Ok,22416
508075.218000,102.0,Ok,46.0,Ok,22417
508075.265000,98.0,Ok,49.0,Ok,22418
508075.312000,101.0,Ok,52.0,Ok,22419
508075.359000,97.0,Ok,53.0,Ok,22420
508075.421000,106.0,Ok,50.0,Ok,22421
508075.468000,99.0,Ok,51.0,Ok,22422
508075.515000,101.0,Ok,59.0,Ok,22423
508075.562000,100.0,Ok,100.0,Ok,22424
508075.625000,97.0,Ok,50.0,Ok,22425
508075.671000,104.0,Ok,67.0,Ok,22426
508075.718000,109.0,Ok,60.0,Ok,22427
508075.765000,105.0,Ok,57.0,Ok,22428
508075.812000,105.0,Ok,57.0,Ok,22429
508075.875000,99.0,Ok,45.0,Ok,22430
508075.921000,105.0,Ok,45.0,Ok,22431
508075.968000,104.0,Ok,39.0,Ok,22432
508076.015000,99.0,Ok,46.0,Ok,22433
508076.062000,102.0,Ok,46.0,Ok,22434
508076.125000,97.0,Ok,47.0,Ok,22435
508076.171000,99.0,Ok,50.0,Ok,22436
508076.234000,103.0,Ok,49.0,Ok,22437
508076.265000,103.0,Ok,43.0,Ok,22438
508076.312000,107.0,Ok,50.0,Ok,22439
508076.375000,99.0,Ok,51.0,Ok,22440
508076.421000,99.0,Ok,54.0,Ok,22441
508076.468000,99.0,Ok,68.0,Ok,22442
508076.515000,98.0,Ok,61.0,Ok,22443
508076.562000,100.0,Ok,60.0,Ok,22444
508076.609000,103.0,Ok,67.0,Ok,22445
508076.656000,103.0,Ok,52.0,Ok,22446
508076.718000,102.0,Ok,60.0,Ok,22447
508076.765000,104.0,Ok,50.0,Ok,22448
508076.812000,99.0,Ok,46.0,Ok,22449
508076.875000,105.0,Ok,46.0,Ok,22450
508076.921000,100.0,Ok,44.0,Ok,22451
508076.968000,97.0,Ok,45.0,Ok,22452
508077.015000,96.0,Ok,47.0,Ok,22453
508077.062000,99.0,Ok,47.0,Ok,22454
508077.125000,102.0,Ok,49.0,Ok,22455
508077.156000,104.0,Ok,57.0,Ok,22456
508077.218000,97.0,Ok,72.0,Ok,22457
508077.265000,106.0,Ok,53.0,Ok,22458
508077.312000,102.0,Ok,54.0,Ok,22459
508077.375000,101.0,Ok,56.0,Ok,22460
508077.421000,101.0,Ok,56.0,Ok,22461
508077.468000,100.0,Ok,58.0,Ok,22462
508077.515000,103.0,Ok,54.0,Ok,22463
508077.593000,100.0,Ok,58.0,Ok,22464
508077.609000,101.0,Ok,49.0,Ok,22465
508077.656000,98.0,Ok,47.0,Ok,22466
508077.718000,103.0,Ok,41.0,Ok,22467
508077.765000,108.0,Ok,44.0,Ok,22468
508077.812000,101.0,Ok,42.0,Ok,22469
508077.859000,103.0,Ok,40.0,Ok,22470
508077.921000,98.0,Ok,42.0,Ok,22471
508077.968000,103.0,Ok,40.0,Ok,22472
508078.015000,99.0,Ok,42.0,Ok,22473
508078.062000,102.0,Ok,43.0,Ok,22474
508078.109000,105.0,Ok,48.0,Ok,22475
508078.171000,103.0,Ok,39.0,Ok,22476
508078.218000,103.0,Ok,46.0,Ok,22477
508078.265000,102.0,Ok,58.0,Ok,22478
508078.312000,107.0,Ok,51.0,Ok,22479
508078.375000,106.0,Ok,58.0,Ok,22480
508078.421000,102.0,Ok,78.0,Ok,22481
508078.468000,103.0,Ok,44.0,Ok,22482
508078.515000,104.0,Ok,50.0,Ok,22483
508078.562000,102.0,Ok,45.0,Ok,22484
508078.625000,103.0,Ok,49.0,Ok,22485
508078.656000,103.0,Ok,46.0,Ok,22486
508078.703000,102.0,Ok,43.0,Ok,22487
508078.765000,100.0,Ok,44.0,Ok,22488
508078.812000,103.0,Ok,43.0,Ok,22489
508078.875000,101.0,Ok,46.0,Ok,22490
508078.906000,100.0,Ok,40.0,Ok,22491
508078.968000,99.0,Ok,40.0,Ok,22492
508079.015000,102.0,Ok,51.0,Ok,22493
508079.062000,105.0,Ok,80.0,Ok,22494
508079.109000,99.0,Ok,33.0,Ok,22495
508079.171000,102.0,Ok,33.0,Ok,22496
508079.218000,99.0,Ok,54.0,Ok,22497
508079.265000,99.0,Ok,58.0,Ok,22498
508079.312000,99.0,Ok,57.0,Ok,22499
508079.359000,103.0,Ok,42.0,Ok,22500
508079.421000,102.0,Ok,69.0,Ok,22501
508079.468000,107.0,Ok,41.0,Ok,22502
508079.515000,99.0,Ok,44.0,Ok,22503
508079.562000,99.0,Ok,45.0,Ok,22504
508079.609000,100.0,Ok,43.0,Ok,22505
508079.671000,99.0,Ok,45.0,Ok,22506
508079.703000,99.0,Ok,52.0,Ok,22507
508079.765000,97.0,Ok,46.0,Ok,22508
508079.812000,98.0,Ok,53.0,Ok,22509
508079.875000,102.0,Ok,53.0,Ok,22510
508079.921000,99.0,Ok,51.0,Ok,22511
508079.968000,106.0,Ok,56.0,Ok,22512
508080.015000,103.0,Ok,57.0,Ok,22513
508080.062000,107.0,Ok,54.0,Ok,22514
508080.109000,109.0,Ok,56.0,Ok,22515
508080.171000,100.0,Ok,52.0,Ok,22516
508080.218000,97.0,Ok,52.0,Ok,22517
508080.265000,102.0,Ok,51.0,Ok,22518
508080.312000,83.0,Ok,59.0,Ok,22519
508080.375000,81.0,Ok,55.0,Ok,22520
508080.421000,69.0,Ok,53.0,Ok,22521
508080.468000,80.0,Ok,56.0,Ok,22522
508080.515000,84.0,Ok,54.0,Ok,22523
508080.562000,106.0,Ok,49.0,Ok,22524
508080.625000,87.0,Ok,58.0,Ok,22525
508080.671000,93.0,Ok,58.0,Ok,22526
508080.718000,82.0,Ok,56.0,Ok,22527
508080.765000,86.0,Ok,53.0,Ok,22528
508080.812000,84.0,Ok,57.0,Ok,22529
508080.875000,81.0,Ok,49.0,Ok,22530
508080.921000,83.0,Ok,45.0,Ok,22531
508080.968000,77.0,Ok,42.0,Ok,22532
508081.015000,80.0,Ok,46.0,Ok,22533
508081.062000,83.0,Ok,43.0,Ok,22534
508081.125000,91.0,Ok,39.0,Ok,22535
508081.171000,101.0,Ok,44.0,Ok,22536
508081.218000,44.0,Ok,40.0,Ok,22537
508081.265000,82.0,Ok,40.0,Ok,22538
508081.312000,78.0,Ok,43.0,Ok,22539
508081.375000,87.0,Ok,40.0,Ok,22540
508081.406000,64.0,Ok,43.0,Ok,22541
508081.468000,62.0,Ok,39.0,Ok,22542
508081.515000,70.0,Ok,37.0,Ok,22543
508081.562000,84.0,Ok,30.0,Ok,22544
508081.609000,85.0,Ok,34.0,Ok,22545
508081.671000,87.0,Ok,32.0,Ok,22546
508081.718000,88.0,Ok,31.0,Ok,22547
508081.765000,72.0,Ok,31.0,Ok,22548
508081.812000,82.0,Ok,31.0,Ok,22549
508081.875000,92.0,Ok,28.0,Ok,22550
508081.921000,89.0,Ok,29.0,Ok,22551
508081.968000,98.0,Ok,32.0,Ok,22552
508082.015000,122.0,Ok,36.0,Ok,22553
508082.062000,107.0,Ok,39.0,Ok,22554
508082.109000,111.0,Ok,34.0,Ok,22555
508082.171000,102.0,Ok,31.0,Ok,22556
508082.218000,110.0,Ok,32.0,Ok,22557
508082.265000,91.0,Ok,34.0,Ok,22558
508082.312000,106.0,Ok,39.0,Ok,22559
508082.359000,82.0,Ok,39.0,Ok,22560
508082.421000,99.0,Ok,39.0,Ok,22561
508082.468000,129.0,Ok,39.0,Ok,22562
508082.515000,138.0,Ok,43.0,Ok,22563
508082.562000,135.0,Ok,46.0,Ok,22564
508082.609000,145.0,Ok,47.0,Ok,22565
508082.671000,117.0,Ok,48.0,Ok,22566
508082.718000,111.0,Ok,46.0,Ok,22567
508082.765000,115.0,Ok,45.0,Ok,22568
508082.812000,140.0,Ok,54.0,Ok,22569
508082.875000,109.0,Ok,55.0,Ok,22570
508082.921000,122.0,Ok,57.0,Ok,22571
508082.968000,107.0,Ok,53.0,Ok,22572
508083.015000,146.0,Ok,49.0,Ok,22573
508083.062000,115.0,Ok,51.0,Ok,22574
508083.125000,109.0,Ok,50.0,Ok,22575
508083.171000,106.0,Ok,48.0,Ok,22576
508083.218000,105.0,Ok,42.0,Ok,22577
508083.265000,105.0,Ok,42.0,Ok,22578
508083.312000,108.0,Ok,40.0,Ok,22579
508083.359000,110.0,Ok,38.0,Ok,22580
508083.421000,106.0,Ok,36.0,Ok,22581
508083.468000,102.0,Ok,38.0,Ok,22582
508083.515000,106.0,Ok,33.0,Ok,22583
508083.562000,107.0,Ok,32.0,Ok,22584
508083.609000,97.0,Ok,26.0,Ok,22585
508083.671000,94.0,Ok,26.0,Ok,22586
508083.718000,99.0,Ok,26.0,Ok,22587
508083.765000,100.0,Ok,24.0,Ok,22588
508083.812000,99.0,Ok,29.0,Ok,22589
508083.875000,89.0,Ok,25.0,Ok,22590
508083.921000,97.0,Ok,18.0,Ok,22591
508083.968000,97.0,Ok,24.0,Ok,22592
508084.015000,96.0,Ok,21.0,Ok,22593
508084.062000,98.0,Ok,17.0,Ok,22594
508084.125000,95.0,Ok,17.0,Ok,22595
508084.156000,86.0,Ok,17.0,Ok,22596
508084.218000,88.0,Ok,20.0,Ok,22597
508084.265000,81.0,Ok,20.0,Ok,22598
508084.312000,78.0,Ok,16.0,Ok,22599
508084.375000,67.0,Ok,20.0,Ok,22600
508084.421000,66.0,Ok,22.0,Ok,22601
508084.468000,51.0,Ok,24.0,Ok,22602
508084.515000,57.0,Ok,26.0,Ok,22603
508084.562000,63.0,Ok,25.0,Ok,22604
508084.609000,54.0,Ok,24.0,Ok,22605
508084.656000,43.0,Ok,32.0,Ok,22606
508084.718000,63.0,Ok,30.0,Ok,22607
508084.765000,64.0,Ok,35.0,Ok,22608
508084.812000,27.0,Ok,35.0,Ok,22609
508084.875000,43.0,Ok,37.0,Ok,22610
508084.921000,29.0,Ok,37.0,Ok,22611
508084.968000,53.0,Ok,38.0,Ok,22612
508085.015000,47.0,Ok,35.0,Ok,22613
508085.062000,47.0,Ok,34.0,Ok,22614
508085.125000,61.0,Ok,38.0,Ok,22615
508085.171000,59.0,Ok,38.0,Ok,22616
508085.218000,61.0,Ok,35.0,Ok,22617
508085.265000,60.0,Ok,40.0,Ok,22618
508085.312000,55.0,Ok,44.0,Ok,22619
508085.359000,54.0,Ok,43.0,Ok,22620
508085.421000,59.0,Ok,42.0,Ok,22621
508085.468000,54.0,Ok,44.0,Ok,22622
508085.515000,54.0,Ok,43.0,Ok,22623
508085.562000,60.0,Ok,46.0,Ok,22624
508085.625000,67.0,Ok,48.0,Ok,22625
508085.671000,71.0,Ok,48.0,Ok,22626
508085.718000,58.0,Ok,47.0,Ok,22627
508085.765000,51.0,Ok,42.0,Ok,22628
508085.812000,59.0,Ok,49.0,Ok,22629
508085.875000,46.0,Ok,43.0,Ok,22630
508085.906000,39.0,Ok,43.0,Ok,22631
508085.968000,46.0,Ok,42.0,Ok,22632
508086.015000,39.0,Ok,37.0,Ok,22633
508086.062000,99.0,Ok,37.0,Ok,22634
508086.125000,86.0,Ok,42.0,Ok,22635
508086.156000,87.0,Ok,42.0,Ok,22636
508086.218000,81.0,Ok,39.0,Ok,22637
508086.265000,78.0,Ok,37.0,Ok,22638
508086.312000,68.0,Ok,33.0,Ok,22639
508086.375000,58.0,Ok,37.0,Ok,22640
508086.421000,45.0,Ok,31.0,Ok,22641
508086.468000,45.0,Ok,31.0,Ok,22642
508086.515000,50.0,Ok,31.0,Ok,22643
508086.562000,60.0,Ok,30.0,Ok,22644
508086.625000,62.0,Ok,32.0,Ok,22645
508086.671000,53.0,Ok,25.0,Ok,22646
508086.703000,45.0,Ok,24.0,Ok,22647
508086.765000,22.0,Ok,26.0,Ok,22648
508086.812000,12.0,Ok,22.0,Ok,22649
508086.859000,62.0,Ok,19.0,Ok,22650
508086.906000,56.0,Ok,23.0,Ok,22651
508086.968000,53.0,Ok,22.0,Ok,22652
508087.015000,52.0,Ok,23.0,Ok,22653
508087.062000,31.0,Ok,21.0,Ok,22654
508087.171000,43.0,Ok,22.0,Ok,22655
508087.187000,29.0,Ok,17.0,Ok,22656
508087.218000,39.0,Ok,24.0,Ok,22657
508087.265000,42.0,Ok,26.0,Ok,22658
508087.312000,36.0,Ok,29.0,Ok,22659
508087.359000,36.0,Ok,37.0,Ok,22660
508087.421000,34.0,Ok,38.0,Ok,22661
508087.468000,32.0,Ok,30.0,Ok,22662
508087.515000,36.0,Ok,71.0,Ok,22663
508087.562000,36.0,Ok,67.0,Ok,22664
508087.609000,37.0,Ok,39.0,Ok,22665
508087.671000,33.0,Ok,92.0,Ok,22666
508087.718000,32.0,Ok,36.0,Ok,22667
508087.765000,28.0,Ok,31.0,Ok,22668
508087.812000,26.0,Ok,33.0,Ok,22669
508087.859000,24.0,Ok,33.0,Ok,22670
508087.921000,24.0,Ok,36.0,Ok,22671
508087.968000,26.0,Ok,35.0,Ok,22672
508088.015000,27.0,Ok,36.0,Ok,22673
508088.062000,27.0,Ok,39.0,Ok,22674
508088.109000,27.0,Ok,38.0,Ok,22675
508088.156000,31.0,Ok,39.0,Ok,22676
508088.218000,29.0,Ok,39.0,Ok,22677
508088.265000,31.0,Ok,39.0,Ok,22678
508088.312000,31.0,Ok,37.0,Ok,22679
508088.359000,31.0,Ok,48.0,Ok,22680
508088.406000,31.0,Ok,38.0,Ok,22681
508088.500000,36.0,Ok,35.0,Ok,22682
508088.515000,34.0,Ok,28.0,Ok,22683
508088.562000,44.0,Ok,30.0,Ok,22684
508088.625000,43.0,Ok,36.0,Ok,22685
508088.656000,46.0,Ok,34.0,Ok,22686
508088.703000,42.0,Ok,36.0,Ok,22687
508088.765000,42.0,Ok,36.0,Ok,22688
508088.812000,41.0,Ok,39.0,Ok,22689
508088.859000,36.0,Ok,41.0,Ok,22690
508088.906000,41.0,Ok,45.0,Ok,22691
508088.968000,39.0,Ok,39.0,Ok,22692
508089.015000,42.0,Ok,36.0,Ok,22693
508089.062000,41.0,Ok,35.0,Ok,22694
508089.109000,42.0,Ok,32.0,Ok,22695
508089.156000,50.0,Ok,36.0,Ok,22696
508089.203000,41.0,Ok,28.0,Ok,22697
508089.265000,48.0,Ok,40.0,Ok,22698
508089.312000,39.0,Ok,34.0,Ok,22699
508089.375000,36.0,Ok,37.0,Ok,22700
508089.421000,33.0,Ok,39.0,Ok,22701
508089.453000,31.0,Ok,40.0,Ok,22702
508089.515000,24.0,Ok,39.0,Ok,22703
508089.546000,24.0,Ok,45.0,Ok,22704
508089.625000,26.0,Ok,50.0,Ok,22705
508089.671000,31.0,Ok,55.0,Ok,22706
508089.718000,34.0,Ok,82.0,Ok,22707
508089.765000,38.0,Ok,82.0,Ok,22708
508089.812000,42.0,Ok,45.0,Ok,22709
508089.859000,43.0,Ok,63.0,Ok,22710
508089.921000,47.0,Ok,66.0,Ok,22711
508089.968000,41.0,Ok,59.0,Ok,22712
508090.015000,48.0,Ok,65.0,Ok,22713
508090.062000,46.0,Ok,68.0,Ok,22714
508090.109000,52.0,Ok,97.0,Ok,22715
508090.171000,37.0,Ok,70.0,Ok,22716
508090.218000,64.0,Ok,70.0,Ok,22717
508090.265000,57.0,Ok,63.0,Ok,22718
508090.312000,53.0,Ok,68.0,Ok,22719
508090.359000,64.0,Ok,60.0,Ok,22720
508090.406000,58.0,Ok,58.0,Ok,22721
508090.468000,43.0,Ok,55.0,Ok,22722
508090.515000,46.0,Ok,60.0,Ok,22723
508090.562000,48.0,Ok,58.0,Ok,22724
508090.625000,54.0,Ok,58.0,Ok,22725
508090.671000,59.0,Ok,60.0,Ok,22726
508090.718000,59.0,Ok,58.0,Ok,22727
508090.765000,60.0,Ok,58.0,Ok,22728
508090.812000,62.0,Ok,60.0,Ok,22729
508090.875000,64.0,Ok,59.0,Ok,22730
508090.921000,60.0,Ok,60.0,Ok,22731
508090.968000,56.0,Ok,57.0,Ok,22732
508091.015000,61.0,Ok,59.0,Ok,22733
508091.062000,50.0,Ok,59.0,Ok,22734
508091.125000,53.0,Ok,63.0,Ok,22735
508091.171000,55.0,Ok,71.0,Ok,22736
508091.234000,54.0,Ok,67.0,Ok,22737
508091.265000,58.0,Ok,67.0,Ok,22738
508091.312000,55.0,Ok,66.0,Ok,22739
508091.359000,54.0,Ok,66.0,Ok,22740
508091.421000,55.0,Ok,68.0,Ok,22741
508091.468000,51.0,Ok,68.0,Ok,22742
508091.515000,57.0,Ok,71.0,Ok,22743
508091.562000,54.0,Ok,70.0,Ok,22744
508091.609000,59.0,Ok,67.0,Ok,22745
508091.656000,57.0,Ok,69.0,Ok,22746
508091.703000,58.0,Ok,70.0,Ok,22747
508091.765000,59.0,Ok,68.0,Ok,22748
508091.812000,60.0,Ok,67.0,Ok,22749
508091.875000,60.0,Ok,69.0,Ok,22750
508091.921000,54.0,Ok,65.0,Ok,22751
508091.968000,56.0,Ok,68.0,Ok,22752
508092.015000,57.0,Ok,72.0,Ok,22753
508092.062000,54.0,Ok,65.0,Ok,22754
508092.125000,57.0,Ok,70.0,Ok,22755
508092.171000,57.0,Ok,63.0,Ok,22756
508092.218000,51.0,Ok,60.0,Ok,22757
508092.265000,54.0,Ok,63.0,Ok,22758
508092.312000,49.0,Ok,65.0,Ok,22759
508092.375000,52.0,Ok,71.0,Ok,22760
508092.421000,54.0,Ok,66.0,Ok,22761
508092.468000,57.0,Ok,59.0,Ok,22762
508092.515000,53.0,Ok,56.0,Ok,22763
508092.562000,59.0,Ok,73.0,Ok,22764
508092.609000,56.0,Ok,59.0,Ok,22765
508092.671000,63.0,Ok,59.0,Ok,22766
508092.718000,59.0,Ok,58.0,Ok,22767
508092.765000,61.0,Ok,58.0,Ok,22768
508092.812000,57.0,Ok,57.0,Ok,22769
508092.859000,63.0,Ok,57.0,Ok,22770
508092.921000,61.0,Ok,54.0,Ok,22771
508092.968000,62.0,Ok,57.0,Ok,22772
508093.015000,50.0,Ok,59.0,Ok,22773
508093.062000,31.0,Ok,58.0,Ok,22774
508093.109000,50.0,Ok,61.0,Ok,22775
508093.171000,46.0,Ok,64.0,Ok,22776
508093.218000,33.0,Ok,66.0,Ok,22777
508093.265000,36.0,Ok,66.0,Ok,22778
508093.312000,35.0,Ok,66.0,Ok,22779
508093.359000,42.0,Ok,63.0,Ok,22780
508093.406000,40.0,Ok,57.0,Ok,22781
508093.468000,39.0,Ok,69.0,Ok,22782
508093.515000,42.0,Ok,65.0,Ok,22783
508093.562000,44.0,Ok,62.0,Ok,22784
508093.625000,33.0,Ok,60.0,Ok,22785
508093.671000,43.0,Ok,52.0,Ok,22786
508093.718000,45.0,Ok,55.0,Ok,22787
508093.765000,38.0,Ok,58.0,Ok,22788
508093.812000,38.0,Ok,50.0,Ok,22789
508093.875000,41.0,Ok,51.0,Ok,22790
508093.906000,44.0,Ok,55.0,Ok,22791
508093.968000,46.0,Ok,46.0,Ok,22792
508094.015000,42.0,Ok,52.0,Ok,22793
508094.062000,46.0,Ok,54.0,Ok,22794
508094.125000,43.0,Ok,53.0,Ok,22795
508094.156000,42.0,Ok,52.0,Ok,22796
508094.218000,40.0,Ok,42.0,Ok,22797
508094.265000,42.0,Ok,51.0,Ok,22798
508094.312000,40.0,Ok,51.0,Ok,22799
508094.359000,45.0,Ok,51.0,Ok,22800
508094.406000,43.0,Ok,51.0,Ok,22801
508094.453000,45.0,Ok,54.0,Ok,22802
508094.515000,44.0,Ok,53.0,Ok,22803
508094.562000,43.0,Ok,53.0,Ok,22804
508094.625000,42.0,Ok,52.0,Ok,22805
508094.671000,45.0,Ok,51.0,Ok,22806
508094.718000,42.0,Ok,53.0,Ok,22807
508094.765000,43.0,Ok,50.0,Ok,22808
508094.812000,44.0,Ok,49.0,Ok,22809
508094.875000,43.0,Ok,49.0,Ok,22810
508094.921000,40.0,Ok,49.0,Ok,22811
508094.968000,46.0,Ok,47.0,Ok,22812
508095.015000,47.0,Ok,49.0,Ok,22813
508095.062000,26.0,Ok,49.0,Ok,22814
508095.109000,31.0,Ok,49.0,Ok,22815
508095.171000,22.0,Ok,49.0,Ok,22816
508095.218000,29.0,Ok,47.0,Ok,22817
508095.265000,47.0,Ok,48.0,Ok,22818
508095.312000,50.0,Ok,52.0,Ok,22819
508095.375000,50.0,Ok,49.0,Ok,22820
508095.421000,42.0,Ok,50.0,Ok,22821
508095.468000,45.0,Ok,50.0,Ok,22822
508095.515000,43.0,Ok,48.0,Ok,22823
508095.562000,43.0,Ok,49.0,Ok,22824
508095.609000,46.0,Ok,52.0,Ok,22825
508095.656000,49.0,Ok,51.0,Ok,22826
508095.703000,50.0,Ok,51.0,Ok,22827
508095.765000,54.0,Ok,54.0,Ok,22828
508095.812000,54.0,Ok,57.0,Ok,22829
508095.875000,58.0,Ok,59.0,Ok,22830
508095.921000,57.0,Ok,61.0,Ok,22831
508095.968000,54.0,Ok,58.0,Ok,22832
508096.015000,55.0,Ok,58.0,Ok,22833
508096.062000,63.0,Ok,60.0,Ok,22834
508096.109000,67.0,Ok,59.0,Ok,22835
508096.171000,67.0,Ok,60.0,Ok,22836
508096.218000,65.0,Ok,68.0,Ok,22837
508096.265000,69.0,Ok,64.0,Ok,22838
508096.312000,64.0,Ok,53.0,Ok,22839
508096.375000,65.0,Ok,60.0,Ok,22840
508096.421000,71.0,Ok,58.0,Ok,22841
508096.468000,68.0,Ok,57.0,Ok,22842
508096.515000,68.0,Ok,55.0,Ok,22843
508096.562000,69.0,Ok,56.0,Ok,22844
508096.625000,70.0,Ok,54.0,Ok,22845
508096.687000,73.0,Ok,55.0,Ok,22846
508096.718000,65.0,Ok,55.0,Ok,22847
508096.765000,66.0,Ok,56.0,Ok,22848
508096.812000,66.0,Ok,67.0,Ok,22849
508096.875000,68.0,Ok,63.0,Ok,22850
508096.906000,63.0,Ok,67.0,Ok,22851
508096.953000,69.0,Ok,62.0,Ok,22852
508097.015000,70.0,Ok,65.0,Ok,22853
508097.062000,67.0,Ok,67.0,Ok,22854
508097.125000,71.0,Ok,62.0,Ok,22855
508097.171000,68.0,Ok,66.0,Ok,22856
508097.218000,70.0,Ok,61.0,Ok,22857
508097.265000,68.0,Ok,65.0,Ok,22858
508097.312000,66.0,Ok,63.0,Ok,22859
508097.359000,69.0,Ok,63.0,Ok,22860
508097.421000,72.0,Ok,66.0,Ok,22861
508097.468000,64.0,Ok,60.0,Ok,22862
508097.515000,70.0,Ok,61.0,Ok,22863
508097.562000,70.0,Ok,59.0,Ok,22864
508097.609000,72.0,Ok,58.0,Ok,22865
508097.671000,65.0,Ok,62.0,Ok,22866
508097.718000,62.0,Ok,63.0,Ok,22867
508097.765000,69.0,Ok,65.0,Ok,22868
508097.812000,69.0,Ok,63.0,Ok,22869
508097.859000,68.0,Ok,69.0,Ok,22870
508097.921000,68.0,Ok,65.0,Ok,22871
508097.968000,69.0,Ok,69.0,Ok,22872
508098.046000,68.0,Ok,64.0,Ok,22873
508098.062000,68.0,Ok,63.0,Ok,22874
508098.125000,69.0,Ok,68.0,Ok,22875
508098.171000,69.0,Ok,66.0,Ok,22876
508098.218000,68.0,Ok,67.0,Ok,22877
508098.265000,70.0,Ok,66.0,Ok,22878
508098.312000,70.0,Ok,64.0,Ok,22879
508098.359000,71.0,Ok,65.0,Ok,22880
508098.421000,68.0,Ok,76.0,Ok,22881
508098.468000,72.0,Ok,79.0,Ok,22882
508098.515000,71.0,Ok,75.0,Ok,22883
508098.578000,67.0,Ok,66.0,Ok,22884
508098.609000,71.0,Ok,63.0,Ok,22885
508098.671000,65.0,Ok,59.0,Ok,22886
508098.718000,69.0,Ok,53.0,Ok,22887
508098.765000,71.0,Ok,57.0,Ok,22888
508098.812000,74.0,Ok,68.0,Ok,22889
508098.859000,71.0,Ok,92.0,Ok,22890
508098.921000,72.0,Ok,73.0,Ok,22891
508098.968000,72.0,Ok,60.0,Ok,22892
508099.015000,73.0,Ok,50.0,Ok,22893
508099.062000,65.0,Ok,56.0,Ok,22894
508099.125000,71.0,Ok,53.0,Ok,22895
508099.171000,70.0,Ok,47.0,Ok,22896
508099.203000,70.0,Ok,53.0,Ok,22897
508099.265000,62.0,Ok,70.0,Ok,22898
508099.312000,68.0,Ok,61.0,Ok,22899
508099.375000,80.0,Ok,48.0,Ok,22900
508099.421000,82.0,Ok,51.0,Ok,22901
508099.468000,84.0,Ok,47.0,Ok,22902
508099.515000,74.0,Ok,47.0,Ok,22903
508099.562000,73.0,Ok,56.0,Ok,22904
508099.609000,89.0,Ok,54.0,Ok,22905
508099.671000,78.0,Ok,61.0,Ok,22906
508099.718000,73.0,Ok,69.0,Ok,22907
508099.765000,84.0,Ok,85.0,Ok,22908
508099.812000,84.0,Ok,73.0,Ok,22909
508099.859000,83.0,Ok,78.0,Ok,22910
508099.921000,87.0,Ok,77.0,Ok,22911
508099.968000,84.0,Ok,76.0,Ok,22912
508100.015000,84.0,Ok,65.0,Ok,22913
508100.062000,90.0,Ok,58.0,Ok,22914
508100.125000,91.0,Ok,51.0,Ok,22915
508100.171000,90.0,Ok,57.0,Ok,22916
508100.218000,90.0,Ok,56.0,Ok,22917
508100.265000,88.0,Ok,54.0,Ok,22918
508100.312000,93.0,Ok,55.0,Ok,22919
508100.359000,95.0,Ok,57.0,Ok,22920
508100.406000,94.0,Ok,46.0,Ok,22921
508100.468000,92.0,Ok,51.0,Ok,22922
508100.515000,93.0,Ok,117.0,Ok,22923
508100.562000,90.0,Ok,78.0,Ok,22924
508100.609000,86.0,Ok,73.0,Ok,22925
508100.671000,78.0,Ok,80.0,Ok,22926
508100.718000,83.0,Ok,72.0,Ok,22927
508100.765000,85.0,Ok,76.0,Ok,22928
508100.812000,88.0,Ok,77.0,Ok,22929
508100.875000,68.0,Ok,65.0,Ok,22930
508100.921000,94.0,Ok,61.0,Ok,22931
508100.968000,84.0,Ok,54.0,Ok,22932
508101.015000,94.0,Ok,59.0,Ok,22933
508101.062000,97.0,Ok,54.0,Ok,22934
508101.125000,85.0,Ok,57.0,Ok,22935
508101.171000,93.0,Ok,51.0,Ok,22936
508101.218000,87.0,Ok,59.0,Ok,22937
508101.265000,97.0,Ok,54.0,Ok,22938
508101.312000,105.0,Ok,57.0,Ok,22939
508101.359000,99.0,Ok,58.0,Ok,22940
508101.406000,90.0,Ok,61.0,Ok,22941
508101.453000,105.0,Ok,58.0,Ok,22942
508101.500000,102.0,Ok,57.0,Ok,22943
508101.562000,104.0,Ok,57.0,Ok,22944
508101.625000,97.0,Ok,57.0,Ok,22945
508101.671000,108.0,Ok,58.0,Ok,22946
508101.718000,104.0,Ok,54.0,Ok,22947
508101.765000,109.0,Ok,47.0,Ok,22948
508101.812000,113.0,Ok,47.0,Ok,22949
508101.859000,106.0,Ok,56.0,Ok,22950
508101.906000,108.0,Ok,51.0,Ok,22951
508101.968000,101.0,Ok,51.0,Ok,22952
508102.015000,113.0,Ok,56.0,Ok,22953
508102.062000,104.0,Ok,47.0,Ok,22954
508102.109000,101.0,Ok,58.0,Ok,22955
508102.171000,98.0,Ok,58.0,Ok,22956
508102.218000,90.0,Ok,53.0,Ok,22957
508102.265000,117.0,Ok,50.0,Ok,22958
508102.312000,137.0,Ok,52.0,Ok,22959
508102.375000,88.0,Ok,53.0,Ok,22960
508102.421000,103.0,Ok,49.0,Ok,22961
508102.468000,87.0,Ok,51.0,Ok,22962
508102.515000,90.0,Ok,56.0,Ok,22963
508102.562000,87.0,Ok,53.0,Ok,22964
508102.609000,75.0,Ok,54.0,Ok,22965
508102.671000,85.0,Ok,53.0,Ok,22966
508102.718000,92.0,Ok,56.0,Ok,22967
508102.765000,99.0,Ok,54.0,Ok,22968
508102.812000,86.0,Ok,56.0,Ok,22969
508102.875000,79.0,Ok,54.0,Ok,22970
508102.906000,82.0,Ok,57.0,Ok,22971
508102.968000,77.0,Ok,59.0,Ok,22972
508103.015000,85.0,Ok,64.0,Ok,22973
508103.062000,66.0,Ok,58.0,Ok,22974
508103.125000,71.0,Ok,63.0,Ok,22975
508103.171000,63.0,Ok,58.0,Ok,22976
508103.218000,84.0,Ok,60.0,Ok,22977
508103.265000,76.0,Ok,59.0,Ok,22978
508103.312000,110.0,Ok,58.0,Ok,22979
508103.359000,73.0,Ok,58.0,Ok,22980
508103.421000,78.0,Ok,62.0,Ok,22981
508103.468000,84.0,Ok,63.0,Ok,22982
508103.515000,114.0,Ok,54.0,Ok,22983
508103.562000,63.0,Ok,55.0,Ok,22984
508103.609000,65.0,Ok,59.0,Ok,22985
508103.671000,72.0,Ok,56.0,Ok,22986
508103.718000,73.0,Ok,55.0,Ok,22987
508103.765000,66.0,Ok,54.0,Ok,22988
508103.812000,81.0,Ok,54.0,Ok,22989
508103.875000,65535.0,RangingRxTimeout,52.0,Ok,22990
508103.921000,69.0,Ok,48.0,Ok,22991
508103.968000,77.0,Ok,52.0,Ok,22992
508104.015000,80.0,Ok,50.0,Ok,22993
508104.062000,85.0,Ok,43.0,Ok,22994
508104.109000,99.0,Ok,46.0,Ok,22995
508104.171000,98.0,Ok,48.0,Ok,22996
508104.218000,93.0,Ok,46.0,Ok,22997
508104.265000,105.0,Ok,45.0,Ok,22998
508104.312000,99.0,Ok,40.0,Ok,22999
508104.375000,108.0,Ok,39.0,Ok,23000
508104.421000,101.0,Ok,43.0,Ok,23001
508104.468000,103.0,Ok,43.0,Ok,23002
508104.515000,104.0,Ok,46.0,Ok,23003
508104.562000,101.0,Ok,44.0,Ok,23004
508104.609000,103.0,Ok,46.0,Ok,23005
508104.671000,102.0,Ok,43.0,Ok,23006
508104.718000,100.0,Ok,46.0,Ok,23007
508104.765000,100.0,Ok,49.0,Ok,23008
508104.812000,99.0,Ok,48.0,Ok,23009
508104.859000,97.0,Ok,50.0,Ok,23010
508104.921000,100.0,Ok,44.0,Ok,23011
508104.968000,99.0,Ok,47.0,Ok,23012
508105.015000,101.0,Ok,47.0,Ok,23013
508105.062000,99.0,Ok,46.0,Ok,23014
508105.109000,99.0,Ok,50.0,Ok,23015
508105.171000,97.0,Ok,50.0,Ok,23016
508105.218000,94.0,Ok,46.0,Ok,23017
508105.265000,96.0,Ok,47.0,Ok,23018
508105.312000,101.0,Ok,46.0,Ok,23019
508105.375000,95.0,Ok,47.0,Ok,23020
508105.421000,102.0,Ok,47.0,Ok,23021
508105.468000,97.0,Ok,53.0,Ok,23022
508105.515000,99.0,Ok,46.0,Ok,23023
508105.562000,103.0,Ok,49.0,Ok,23024
508105.625000,107.0,Ok,52.0,Ok,23025
508105.671000,107.0,Ok,52.0,Ok,23026
508105.718000,99.0,Ok,66.0,Ok,23027
508105.765000,98.0,Ok,62.0,Ok,23028
508105.812000,104.0,Ok,57.0,Ok,23029
508105.859000,99.0,Ok,62.0,Ok,23030
508105.921000,98.0,Ok,61.0,Ok,23031
508105.968000,99.0,Ok,61.0,Ok,23032
508106.015000,101.0,Ok,86.0,Ok,23033
508106.062000,99.0,Ok,54.0,Ok,23034
508106.125000,100.0,Ok,46.0,Ok,23035
508106.171000,100.0,Ok,47.0,Ok,23036
508106.218000,100.0,Ok,47.0,Ok,23037
508106.265000,102.0,Ok,46.0,Ok,23038
508106.312000,100.0,Ok,48.0,Ok,23039
508106.359000,99.0,Ok,46.0,Ok,23040
508106.406000,101.0,Ok,50.0,Ok,23041
508106.468000,98.0,Ok,54.0,Ok,23042
508106.515000,99.0,Ok,72.0,Ok,23043
508106.562000,99.0,Ok,85.0,Ok,23044
508106.625000,99.0,Ok,69.0,Ok,23045
508106.671000,104.0,Ok,70.0,Ok,23046
508106.703000,102.0,Ok,69.0,Ok,23047
508106.765000,102.0,Ok,76.0,Ok,23048
508106.812000,99.0,Ok,129.0,Ok,23049
508106.859000,99.0,Ok,61.0,Ok,23050
508106.921000,100.0,Ok,47.0,Ok,23051
508106.968000,102.0,Ok,47.0,Ok,23052
508107.015000,102.0,Ok,52.0,Ok,23053
508107.062000,99.0,Ok,47.0,Ok,23054
508107.125000,98.0,Ok,48.0,Ok,23055
508107.171000,100.0,Ok,48.0,Ok,23056
508107.218000,95.0,Ok,53.0,Ok,23057
508107.265000,99.0,Ok,53.0,Ok,23058
508107.312000,101.0,Ok,58.0,Ok,23059
508107.359000,101.0,Ok,121.0,Ok,23060
508107.421000,97.0,Ok,64.0,Ok,23061
508107.468000,97.0,Ok,57.0,Ok,23062
508107.515000,99.0,Ok,115.0,Ok,23063
508107.578000,98.0,Ok,70.0,Ok,23064
508107.625000,100.0,Ok,55.0,Ok,23065
508107.671000,99.0,Ok,96.0,Ok,23066
508107.718000,104.0,Ok,69.0,Ok,23067
508107.765000,99.0,Ok,53.0,Ok,23068
508107.812000,98.0,Ok,41.0,Ok,23069
508107.859000,99.0,Ok,48.0,Ok,23070
508107.921000,97.0,Ok,51.0,Ok,23071
508107.953000,100.0,Ok,45.0,Ok,23072
508108.015000,99.0,Ok,47.0,Ok,23073
508108.062000,99.0,Ok,51.0,Ok,23074
508108.125000,102.0,Ok,47.0,Ok,23075
508108.171000,101.0,Ok,41.0,Ok,23076
508108.218000,99.0,Ok,84.0,Ok,23077
508108.265000,99.0,Ok,59.0,Ok,23078
508108.312000,99.0,Ok,68.0,Ok,23079
508108.375000,99.0,Ok,65.0,Ok,23080
508108.421000,100.0,Ok,77.0,Ok,23081
508108.453000,100.0,Ok,44.0,Ok,23082
508108.515000,99.0,Ok,21.0,Ok,23083
508108.562000,99.0,Ok,40.0,Ok,23084
508108.609000,101.0,Ok,55.0,Ok,23085
508108.671000,100.0,Ok,45.0,Ok,23086
508108.718000,98.0,Ok,44.0,Ok,23087
508108.765000,102.0,Ok,46.0,Ok,23088
508108.812000,104.0,Ok,45.0,Ok,23089
508108.859000,100.0,Ok,44.0,Ok,23090
508108.921000,104.0,Ok,45.0,Ok,23091
508108.968000,103.0,Ok,47.0,Ok,23092
508109.015000,96.0,Ok,46.0,Ok,23093
508109.062000,98.0,Ok,49.0,Ok,23094
508109.109000,95.0,Ok,57.0,Ok,23095
508109.156000,101.0,Ok,53.0,Ok,23096
508109.203000,97.0,Ok,58.0,Ok,23097
508109.265000,101.0,Ok,57.0,Ok,23098
508109.312000,96.0,Ok,47.0,Ok,23099
508109.375000,97.0,Ok,53.0,Ok,23100
508109.421000,94.0,Ok,52.0,Ok,23101
508109.468000,96.0,Ok,41.0,Ok,23102
508109.500000,97.0,Ok,46.0,Ok,23103
508109.562000,104.0,Ok,44.0,Ok,23104
508109.625000,98.0,Ok,42.0,Ok,23105
508109.671000,98.0,Ok,43.0,Ok,23106
508109.718000,97.0,Ok,43.0,Ok,23107
508109.765000,98.0,Ok,47.0,Ok,23108
508109.812000,103.0,Ok,43.0,Ok,23109
508109.859000,98.0,Ok,42.0,Ok,23110
508109.921000,95.0,Ok,44.0,Ok,23111
508109.968000,102.0,Ok,45.0,Ok,23112
508110.015000,97.0,Ok,45.0,Ok,23113
508110.062000,101.0,Ok,42.0,Ok,23114
508110.109000,98.0,Ok,46.0,Ok,23115
508110.156000,107.0,Ok,45.0,Ok,23116
508110.218000,104.0,Ok,44.0,Ok,23117
508110.265000,98.0,Ok,48.0,Ok,23118
508110.312000,97.0,Ok,45.0,Ok,23119
508110.359000,96.0,Ok,45.0,Ok,23120
508110.421000,96.0,Ok,42.0,Ok,23121
508110.468000,95.0,Ok,44.0,Ok,23122
508110.515000,99.0,Ok,45.0,Ok,23123
508110.562000,99.0,Ok,43.0,Ok,23124
508110.625000,95.0,Ok,44.0,Ok,23125
508110.671000,98.0,Ok,45.0,Ok,23126
508110.718000,96.0,Ok,48.0,Ok,23127
508110.765000,99.0,Ok,48.0,Ok,23128
508110.812000,99.0,Ok,45.0,Ok,23129
508110.875000,99.0,Ok,45.0,Ok,23130
508110.906000,96.0,Ok,45.0,Ok,23131
508110.953000,90.0,Ok,47.0,Ok,23132
508111.015000,93.0,Ok,45.0,Ok,23133
508111.046000,99.0,Ok,47.0,Ok,23134
508111.125000,106.0,Ok,44.0,Ok,23135
508111.171000,95.0,Ok,51.0,Ok,23136
508111.218000,100.0,Ok,58.0,Ok,23137
508111.265000,111.0,Ok,53.0,Ok,23138
508111.312000,107.0,Ok,64.0,Ok,23139
508111.375000,106.0,Ok,58.0,Ok,23140
508111.406000,78.0,Ok,67.0,Ok,23141
508111.453000,88.0,Ok,68.0,Ok,23142
508111.515000,81.0,Ok,68.0,Ok,23143
508111.562000,99.0,Ok,70.0,Ok,23144
508111.625000,78.0,Ok,71.0,Ok,23145
508111.671000,83.0,Ok,73.0,Ok,23146
508111.718000,49.0,Ok,78.0,Ok,23147
508111.765000,114.0,Ok,78.0,Ok,23148
508111.812000,93.0,Ok,79.0,Ok,23149
508111.875000,93.0,Ok,81.0,Ok,23150
508111.921000,89.0,Ok,79.0,Ok,23151
508111.953000,82.0,Ok,77.0,Ok,23152
508112.000000,100.0,Ok,72.0,Ok,23153
508112.062000,114.0,Ok,73.0,Ok,23154
508112.109000,99.0,Ok,73.0,Ok,23155
508112.171000,99.0,Ok,75.0,Ok,23156
508112.218000,108.0,Ok,71.0,Ok,23157
508112.265000,123.0,Ok,72.0,Ok,23158
508112.312000,115.0,Ok,70.0,Ok,23159
508112.375000,71.0,Ok,71.0,Ok,23160
508112.421000,44.0,Ok,68.0,Ok,23161
508112.453000,46.0,Ok,69.0,Ok,23162
508112.515000,123.0,Ok,66.0,Ok,23163
508112.562000,52.0,Ok,67.0,Ok,23164
508112.609000,75.0,Ok,60.0,Ok,23165
508112.671000,120.0,Ok,61.0,Ok,23166
508112.718000,119.0,Ok,62.0,Ok,23167
508112.765000,87.0,Ok,63.0,Ok,23168
508112.812000,82.0,Ok,64.0,Ok,23169
508112.875000,80.0,Ok,62.0,Ok,23170
508112.921000,67.0,Ok,63.0,Ok,23171
508112.968000,60.0,Ok,66.0,Ok,23172
508113.046000,119.0,Ok,66.0,Ok,23173
508113.062000,66.0,Ok,68.0,Ok,23174
508113.125000,62.0,Ok,58.0,Ok,23175
508113.156000,70.0,Ok,65.0,Ok,23176
508113.218000,96.0,Ok,66.0,Ok,23177
508113.265000,94.0,Ok,61.0,Ok,23178
508113.312000,87.0,Ok,69.0,Ok,23179
508113.359000,83.0,Ok,61.0,Ok,23180
508113.421000,102.0,Ok,59.0,Ok,23181
508113.468000,78.0,Ok,58.0,Ok,23182
508113.515000,70.0,Ok,59.0,Ok,23183
508113.562000,91.0,Ok,57.0,Ok,23184
508113.609000,87.0,Ok,62.0,Ok,23185
508113.671000,86.0,Ok,64.0,Ok,23186
508113.718000,69.0,Ok,55.0,Ok,23187
508113.765000,83.0,Ok,56.0,Ok,23188
508113.796000,90.0,Ok,56.0,Ok,23189
508113.875000,120.0,Ok,56.0,Ok,23190
508113.921000,85.0,Ok,54.0,Ok,23191
508113.968000,85.0,Ok,59.0,Ok,23192
508114.015000,88.0,Ok,53.0,Ok,23193
508114.062000,95.0,Ok,58.0,Ok,23194
508114.125000,94.0,Ok,70.0,Ok,23195
508114.171000,92.0,Ok,66.0,Ok,23196
508114.218000,100.0,Ok,68.0,Ok,23197
508114.265000,102.0,Ok,94.0,Ok,23198
508114.312000,106.0,Ok,92.0,Ok,23199
508114.390000,110.0,Ok,113.0,Ok,23200
508114.406000,107.0,Ok,92.0,Ok,23201
508114.468000,99.0,Ok,107.0,Ok,23202
508114.515000,96.0,Ok,95.0,Ok,23203
508114.562000,93.0,Ok,82.0,Ok,23204
508114.609000,100.0,Ok,87.0,Ok,23205
508114.656000,100.0,Ok,98.0,Ok,23206
508114.718000,93.0,Ok,91.0,Ok,23207
508114.765000,93.0,Ok,88.0,Ok,23208
508114.812000,97.0,Ok,89.0,Ok,23209
508114.875000,98.0,Ok,88.0,Ok,23210
508114.906000,102.0,Ok,91.0,Ok,23211
508114.953000,99.0,Ok,87.0,Ok,23212
508115.015000,94.0,Ok,88.0,Ok,23213
508115.062000,94.0,Ok,89.0,Ok,23214
508115.109000,96.0,Ok,91.0,Ok,23215
508115.156000,96.0,Ok,87.0,Ok,23216
508115.203000,98.0,Ok,84.0,Ok,23217
508115.265000,98.0,Ok,84.0,Ok,23218
508115.312000,96.0,Ok,86.0,Ok,23219
508115.375000,92.0,Ok,84.0,Ok,23220
508115.421000,93.0,Ok,86.0,Ok,23221
508115.468000,94.0,Ok,85.0,Ok,23222
508115.500000,93.0,Ok,86.0,Ok,23223
508115.546000,92.0,Ok,86.0,Ok,23224
508115.625000,95.0,Ok,87.0,Ok,23225
508115.671000,95.0,Ok,85.0,Ok,23226
508115.718000,95.0,Ok,89.0,Ok,23227
508115.765000,100.0,Ok,86.0,Ok,23228
508115.812000,94.0,Ok,91.0,Ok,23229
508115.859000,99.0,Ok,86.0,Ok,23230
508115.921000,99.0,Ok,87.0,Ok,23231
508115.953000,94.0,Ok,88.0,Ok,23232
508116.000000,91.0,Ok,92.0,Ok,23233
508116.046000,88.0,Ok,95.0,Ok,23234
508116.125000,112.0,Ok,101.0,Ok,23235
508116.171000,112.0,Ok,87.0,Ok,23236
508116.218000,106.0,Ok,84.0,Ok,23237
508116.265000,101.0,Ok,84.0,Ok,23238
508116.312000,102.0,Ok,83.0,Ok,23239
508116.375000,103.0,Ok,87.0,Ok,23240
508116.421000,99.0,Ok,85.0,Ok,23241
508116.468000,92.0,Ok,87.0,Ok,23242
508116.515000,92.0,Ok,83.0,Ok,23243
508116.562000,101.0,Ok,99.0,Ok,23244
508116.609000,89.0,Ok,90.0,Ok,23245
508116.671000,92.0,Ok,91.0,Ok,23246
508116.718000,93.0,Ok,76.0,Ok,23247
508116.765000,82.0,Ok,52.0,Ok,23248
508116.812000,116.0,Ok,69.0,Ok,23249
508116.875000,89.0,Ok,62.0,Ok,23250
508116.921000,141.0,Ok,51.0,Ok,23251
508116.968000,122.0,Ok,47.0,Ok,23252
508117.015000,98.0,Ok,54.0,Ok,23253
508117.062000,95.0,Ok,50.0,Ok,23254
508117.125000,96.0,Ok,57.0,Ok,23255
508117.171000,93.0,Ok,59.0,Ok,23256
508117.218000,120.0,Ok,58.0,Ok,23257
508117.265000,106.0,Ok,52.0,Ok,23258
508117.312000,120.0,Ok,58.0,Ok,23259
508117.359000,100.0,Ok,61.0,Ok,23260
508117.421000,117.0,Ok,72.0,Ok,23261
508117.468000,130.0,Ok,68.0,Ok,23262
508117.515000,108.0,Ok,78.0,Ok,23263
508117.562000,78.0,Ok,79.0,Ok,23264
508117.609000,87.0,Ok,74.0,Ok,23265
508117.656000,90.0,Ok,77.0,Ok,23266
508117.703000,95.0,Ok,71.0,Ok,23267
508117.765000,90.0,Ok,79.0,Ok,23268
508117.812000,102.0,Ok,84.0,Ok,23269
508117.859000,96.0,Ok,74.0,Ok,23270
508117.921000,96.0,Ok,74.0,Ok,23271
508117.968000,95.0,Ok,70.0,Ok,23272
508118.000000,90.0,Ok,70.0,Ok,23273
508118.062000,86.0,Ok,71.0,Ok,23274
508118.125000,82.0,Ok,76.0,Ok,23275
508118.171000,77.0,Ok,77.0,Ok,23276
508118.218000,78.0,Ok,64.0,Ok,23277
508118.265000,90.0,Ok,62.0,Ok,23278
508118.312000,92.0,Ok,56.0,Ok,23279
508118.359000,106.0,Ok,49.0,Ok,23280
508118.421000,79.0,Ok,49.0,Ok,23281
508118.500000,91.0,Ok,46.0,Ok,23282
508118.515000,88.0,Ok,51.0,Ok,23283
508118.562000,99.0,Ok,53.0,Ok,23284
508118.625000,104.0,Ok,52.0,Ok,23285
508118.656000,103.0,Ok,50.0,Ok,23286
508118.718000,102.0,Ok,47.0,Ok,23287
508118.765000,106.0,Ok,51.0,Ok,23288
508118.812000,106.0,Ok,48.0,Ok,23289
508118.859000,104.0,Ok,46.0,Ok,23290
508118.921000,104.0,Ok,49.0,Ok,23291
508118.968000,103.0,Ok,46.0,Ok,23292
508119.015000,103.0,Ok,46.0,Ok,23293
508119.062000,102.0,Ok,46.0,Ok,23294
508119.109000,101.0,Ok,47.0,Ok,23295
508119.171000,99.0,Ok,47.0,Ok,23296
508119.218000,95.0,Ok,52.0,Ok,23297
508119.265000,98.0,Ok,50.0,Ok,23298
508119.312000,98.0,Ok,45.0,Ok,23299
508119.359000,95.0,Ok,47.0,Ok,23300
508119.421000,96.0,Ok,48.0,Ok,23301
508119.468000,95.0,Ok,50.0,Ok,23302
508119.515000,95.0,Ok,49.0,Ok,23303
508119.562000,96.0,Ok,47.0,Ok,23304
508119.609000,92.0,Ok,45.0,Ok,23305
508119.656000,93.0,Ok,48.0,Ok,23306
508119.718000,95.0,Ok,44.0,Ok,23307
508119.765000,92.0,Ok,50.0,Ok,23308
508119.812000,94.0,Ok,49.0,Ok,23309
508119.875000,98.0,Ok,38.0,Ok,23310
508119.921000,96.0,Ok,42.0,Ok,23311
508119.968000,98.0,Ok,44.0,Ok,23312
508120.015000,93.0,Ok,44.0,Ok,23313
508120.062000,93.0,Ok,48.0,Ok,23314
508120.125000,101.0,Ok,46.0,Ok,23315
508120.171000,98.0,Ok,44.0,Ok,23316
508120.203000,96.0,Ok,42.0,Ok,23317
508120.265000,98.0,Ok,43.0,Ok,23318
508120.312000,99.0,Ok,51.0,Ok,23319
508120.359000,99.0,Ok,49.0,Ok,23320
508120.421000,100.0,Ok,78.0,Ok,23321
508120.468000,98.0,Ok,101.0,Ok,23322
508120.515000,100.0,Ok,58.0,Ok,23323
508120.562000,98.0,Ok,56.0,Ok,23324
508120.609000,98.0,Ok,61.0,Ok,23325
508120.671000,93.0,Ok,48.0,Ok,23326
508120.718000,93.0,Ok,49.0,Ok,23327
508120.765000,99.0,Ok,64.0,Ok,23328
508120.812000,94.0,Ok,46.0,Ok,23329
508120.875000,92.0,Ok,43.0,Ok,23330
508120.921000,99.0,Ok,46.0,Ok,23331
508120.968000,101.0,Ok,43.0,Ok,23332
508121.015000,100.0,Ok,45.0,Ok,23333
508121.062000,94.0,Ok,44.0,Ok,23334
508121.125000,92.0,Ok,47.0,Ok,23335
508121.171000,91.0,Ok,49.0,Ok,23336
508121.218000,89.0,Ok,53.0,Ok,23337
508121.265000,91.0,Ok,63.0,Ok,23338
508121.312000,96.0,Ok,92.0,Ok,23339
508121.359000,97.0,Ok,58.0,Ok,23340
508121.421000,97.0,Ok,59.0,Ok,23341
508121.453000,93.0,Ok,80.0,Ok,23342
508121.515000,98.0,Ok,75.0,Ok,23343
508121.562000,102.0,Ok,61.0,Ok,23344
508121.625000,96.0,Ok,95.0,Ok,23345
508121.671000,97.0,Ok,45.0,Ok,23346
508121.703000,96.0,Ok,46.0,Ok,23347
508121.765000,96.0,Ok,47.0,Ok,23348
508121.812000,95.0,Ok,44.0,Ok,23349
508121.859000,95.0,Ok,47.0,Ok,23350
508121.921000,95.0,Ok,46.0,Ok,23351
508121.968000,98.0,Ok,47.0,Ok,23352
508122.015000,96.0,Ok,54.0,Ok,23353
508122.062000,92.0,Ok,46.0,Ok,23354
508122.109000,96.0,Ok,65.0,Ok,23355
508122.171000,93.0,Ok,71.0,Ok,23356
508122.203000,97.0,Ok,75.0,Ok,23357
508122.265000,94.0,Ok,71.0,Ok,23358
508122.312000,101.0,Ok,69.0,Ok,23359
508122.375000,96.0,Ok,39.0,Ok,23360
508122.421000,96.0,Ok,48.0,Ok,23361
508122.468000,98.0,Ok,41.0,Ok,23362
508122.515000,96.0,Ok,46.0,Ok,23363
508122.562000,100.0,Ok,44.0,Ok,23364
508122.625000,98.0,Ok,47.0,Ok,23365
508122.671000,99.0,Ok,44.0,Ok,23366
508122.718000,97.0,Ok,47.0,Ok,23367
508122.765000,95.0,Ok,59.0,Ok,23368
508122.812000,99.0,Ok,30.0,Ok,23369
508122.875000,92.0,Ok,57.0,Ok,23370
508122.906000,98.0,Ok,81.0,Ok,23371
508122.968000,94.0,Ok,63.0,Ok,23372
508123.015000,99.0,Ok,63.0,Ok,23373
508123.062000,97.0,Ok,83.0,Ok,23374
508123.109000,98.0,Ok,57.0,Ok,23375
508123.171000,99.0,Ok,44.0,Ok,23376
508123.203000,93.0,Ok,45.0,Ok,23377
508123.265000,104.0,Ok,49.0,Ok,23378
508123.312000,95.0,Ok,42.0,Ok,23379
508123.359000,91.0,Ok,43.0,Ok,23380
508123.406000,91.0,Ok,46.0,Ok,23381
508123.468000,95.0,Ok,41.0,Ok,23382
508123.515000,94.0,Ok,42.0,Ok,23383
508123.562000,102.0,Ok,54.0,Ok,23384
508123.609000,100.0,Ok,120.0,Ok,23385
508123.656000,97.0,Ok,53.0,Ok,23386
508123.718000,98.0,Ok,58.0,Ok,23387
508123.765000,96.0,Ok,68.0,Ok,23388
508123.812000,93.0,Ok,59.0,Ok,23389
508123.859000,96.0,Ok,53.0,Ok,23390
508123.937000,94.0,Ok,50.0,Ok,23391
508123.968000,97.0,Ok,44.0,Ok,23392
508124.015000,96.0,Ok,43.0,Ok,23393
508124.062000,97.0,Ok,46.0,Ok,23394
508124.109000,104.0,Ok,48.0,Ok,23395
508124.171000,93.0,Ok,42.0,Ok,23396
508124.218000,92.0,Ok,52.0,Ok,23397
508124.265000,92.0,Ok,46.0,Ok,23398
508124.312000,96.0,Ok,45.0,Ok,23399
508124.359000,101.0,Ok,46.0,Ok,23400
508124.421000,93.0,Ok,45.0,Ok,23401
508124.468000,101.0,Ok,45.0,Ok,23402
508124.515000,95.0,Ok,48.0,Ok,23403
508124.562000,95.0,Ok,48.0,Ok,23404
508124.625000,101.0,Ok,51.0,Ok,23405
508124.671000,99.0,Ok,46.0,Ok,23406
508124.703000,91.0,Ok,47.0,Ok,23407
508124.765000,96.0,Ok,50.0,Ok,23408
508124.812000,94.0,Ok,47.0,Ok,23409
508124.859000,95.0,Ok,48.0,Ok,23410
508124.906000,92.0,Ok,46.0,Ok,23411
508124.968000,98.0,Ok,46.0,Ok,23412
508125.015000,92.0,Ok,46.0,Ok,23413
508125.062000,98.0,Ok,46.0,Ok,23414
508125.109000,92.0,Ok,47.0,Ok,23415
508125.171000,92.0,Ok,42.0,Ok,23416
508125.218000,93.0,Ok,43.0,Ok,23417
508125.265000,99.0,Ok,43.0,Ok,23418
508125.312000,98.0,Ok,44.0,Ok,23419
508125.375000,95.0,Ok,46.0,Ok,23420
508125.406000,97.0,Ok,52.0,Ok,23421
508125.468000,98.0,Ok,54.0,Ok,23422
508125.515000,92.0,Ok,54.0,Ok,23423
508125.562000,96.0,Ok,54.0,Ok,23424
508125.625000,96.0,Ok,53.0,Ok,23425
508125.671000,94.0,Ok,54.0,Ok,23426
508125.718000,98.0,Ok,56.0,Ok,23427
508125.765000,98.0,Ok,58.0,Ok,23428
508125.812000,92.0,Ok,51.0,Ok,23429
508125.875000,94.0,Ok,46.0,Ok,23430
508125.921000,98.0,Ok,47.0,Ok,23431
508125.968000,99.0,Ok,41.0,Ok,23432
508126.015000,98.0,Ok,42.0,Ok,23433
508126.062000,97.0,Ok,42.0,Ok,23434
508126.109000,98.0,Ok,45.0,Ok,23435
508126.171000,97.0,Ok,46.0,Ok,23436
508126.218000,98.0,Ok,46.0,Ok,23437
508126.265000,97.0,Ok,49.0,Ok,23438
508126.312000,97.0,Ok,50.0,Ok,23439
508126.375000,98.0,Ok,47.0,Ok,23440
508126.421000,98.0,Ok,73.0,Ok,23441
508126.468000,100.0,Ok,77.0,Ok,23442
508126.515000,98.0,Ok,71.0,Ok,23443
508126.562000,99.0,Ok,60.0,Ok,23444
508126.609000,101.0,Ok,56.0,Ok,23445
508126.671000,102.0,Ok,61.0,Ok,23446
508126.718000,101.0,Ok,61.0,Ok,23447
508126.765000,94.0,Ok,66.0,Ok,23448
508126.812000,96.0,Ok,50.0,Ok,23449
508126.859000,98.0,Ok,50.0,Ok,23450
508126.906000,98.0,Ok,44.0,Ok,23451
508126.968000,96.0,Ok,46.0,Ok,23452
508127.015000,104.0,Ok,47.0,Ok,23453
508127.062000,98.0,Ok,50.0,Ok,23454
508127.109000,103.0,Ok,55.0,Ok,23455
508127.171000,102.0,Ok,98.0,Ok,23456
508127.203000,98.0,Ok,80.0,Ok,23457
508127.265000,96.0,Ok,67.0,Ok,23458
508127.312000,99.0,Ok,32.0,Ok,23459
508127.375000,95.0,Ok,44.0,Ok,23460
508127.421000,96.0,Ok,94.0,Ok,23461
508127.468000,97.0,Ok,65.0,Ok,23462
508127.515000,94.0,Ok,52.0,Ok,23463
508127.562000,94.0,Ok,56.0,Ok,23464
508127.609000,96.0,Ok,42.0,Ok,23465
508127.671000,95.0,Ok,45.0,Ok,23466
508127.718000,101.0,Ok,44.0,Ok,23467
508127.765000,101.0,Ok,45.0,Ok,23468
508127.812000,102.0,Ok,46.0,Ok,23469
508127.875000,100.0,Ok,44.0,Ok,23470
508127.921000,101.0,Ok,118.0,Ok,23471
508127.968000,94.0,Ok,105.0,Ok,23472
508128.031000,104.0,Ok,72.0,Ok,23473
508128.062000,103.0,Ok,38.0,Ok,23474
508128.109000,94.0,Ok,47.0,Ok,23475
508128.171000,104.0,Ok,50.0,Ok,23476
508128.218000,95.0,Ok,61.0,Ok,23477
508128.265000,92.0,Ok,47.0,Ok,23478
508128.312000,97.0,Ok,42.0,Ok,23479
508128.375000,96.0,Ok,44.0,Ok,23480
508128.421000,95.0,Ok,41.0,Ok,23481
508128.453000,95.0,Ok,44.0,Ok,23482
508128.515000,99.0,Ok,49.0,Ok,23483
508128.562000,96.0,Ok,47.0,Ok,23484
508128.609000,94.0,Ok,40.0,Ok,23485
508128.656000,95.0,Ok,46.0,Ok,23486
508128.703000,99.0,Ok,68.0,Ok,23487
508128.765000,96.0,Ok,39.0,Ok,23488
508128.812000,103.0,Ok,40.0,Ok,23489
508128.859000,98.0,Ok,62.0,Ok,23490
508128.921000,98.0,Ok,57.0,Ok,23491
508128.968000,95.0,Ok,59.0,Ok,23492
508129.015000,95.0,Ok,60.0,Ok,23493
508129.062000,92.0,Ok,54.0,Ok,23494
508129.109000,102.0,Ok,55.0,Ok,23495
508129.156000,96.0,Ok,44.0,Ok,23496
508129.218000,99.0,Ok,42.0,Ok,23497
508129.265000,93.0,Ok,41.0,Ok,23498
508129.312000,97.0,Ok,41.0,Ok,23499
508129.359000,96.0,Ok,45.0,Ok,23500
508129.421000,93.0,Ok,45.0,Ok,23501
508129.468000,96.0,Ok,46.0,Ok,23502
508129.515000,95.0,Ok,42.0,Ok,23503
508129.562000,96.0,Ok,44.0,Ok,23504
508129.609000,92.0,Ok,47.0,Ok,23505
508129.671000,100.0,Ok,43.0,Ok,23506
508129.718000,99.0,Ok,49.0,Ok,23507
508129.765000,100.0,Ok,44.0,Ok,23508
508129.812000,98.0,Ok,44.0,Ok,23509
508129.859000,97.0,Ok,46.0,Ok,23510
508129.906000,99.0,Ok,44.0,Ok,23511
508129.968000,97.0,Ok,40.0,Ok,23512
508130.015000,92.0,Ok,41.0,Ok,23513
508130.062000,87.0,Ok,43.0,Ok,23514
508130.125000,85.0,Ok,46.0,Ok,23515
508130.171000,85.0,Ok,45.0,Ok,23516
508130.218000,82.0,Ok,46.0,Ok,23517
508130.265000,87.0,Ok,46.0,Ok,23518
508130.312000,79.0,Ok,50.0,Ok,23519
508130.359000,84.0,Ok,50.0,Ok,23520
508130.421000,72.0,Ok,49.0,Ok,23521
508130.468000,73.0,Ok,53.0,Ok,23522
508130.500000,73.0,Ok,54.0,Ok,23523
508130.562000,64.0,Ok,52.0,Ok,23524
508130.625000,72.0,Ok,53.0,Ok,23525
508130.671000,69.0,Ok,53.0,Ok,23526
508130.718000,71.0,Ok,52.0,Ok,23527
508130.765000,75.0,Ok,53.0,Ok,23528
508130.812000,74.0,Ok,54.0,Ok,23529
508130.859000,73.0,Ok,55.0,Ok,23530
508130.921000,73.0,Ok,62.0,Ok,23531
508130.968000,73.0,Ok,56.0,Ok,23532
508131.015000,73.0,Ok,63.0,Ok,23533
508131.062000,79.0,Ok,67.0,Ok,23534
508131.109000,65.0,Ok,68.0,Ok,23535
508131.171000,86.0,Ok,64.0,Ok,23536
508131.218000,80.0,Ok,69.0,Ok,23537
508131.265000,76.0,Ok,63.0,Ok,23538
508131.312000,73.0,Ok,65.0,Ok,23539
508131.375000,77.0,Ok,57.0,Ok,23540
508131.421000,78.0,Ok,59.0,Ok,23541
508131.468000,69.0,Ok,61.0,Ok,23542
508131.515000,59.0,Ok,67.0,Ok,23543
508131.562000,59.0,Ok,63.0,Ok,23544
508131.609000,62.0,Ok,65.0,Ok,23545
508131.656000,68.0,Ok,73.0,Ok,23546
508131.703000,55.0,Ok,67.0,Ok,23547
508131.765000,100.0,Ok,62.0,Ok,23548
508131.812000,91.0,Ok,62.0,Ok,23549
508131.859000,90.0,Ok,61.0,Ok,23550
508131.921000,102.0,Ok,68.0,Ok,23551
508131.953000,96.0,Ok,65.0,Ok,23552
508132.015000,107.0,Ok,68.0,Ok,23553
508132.062000,99.0,Ok,67.0,Ok,23554
508132.125000,78.0,Ok,67.0,Ok,23555
508132.156000,102.0,Ok,67.0,Ok,23556
508132.218000,101.0,Ok,68.0,Ok,23557
508132.265000,94.0,Ok,69.0,Ok,23558
508132.312000,90.0,Ok,57.0,Ok,23559
508132.375000,88.0,Ok,64.0,Ok,23560
508132.406000,87.0,Ok,62.0,Ok,23561
508132.468000,86.0,Ok,57.0,Ok,23562
508132.515000,89.0,Ok,57.0,Ok,23563
508132.562000,81.0,Ok,62.0,Ok,23564
508132.609000,81.0,Ok,63.0,Ok,23565
508132.671000,84.0,Ok,59.0,Ok,23566
508132.703000,82.0,Ok,61.0,Ok,23567
508132.765000,84.0,Ok,61.0,Ok,23568
508132.812000,79.0,Ok,58.0,Ok,23569
508132.875000,81.0,Ok,59.0,Ok,23570
508132.921000,78.0,Ok,61.0,Ok,23571
508132.953000,79.0,Ok,63.0,Ok,23572
508133.015000,88.0,Ok,62.0,Ok,23573
508133.062000,92.0,Ok,61.0,Ok,23574
508133.109000,93.0,Ok,62.0,Ok,23575
508133.156000,92.0,Ok,59.0,Ok,23576
508133.218000,89.0,Ok,60.0,Ok,23577
508133.265000,96.0,Ok,58.0,Ok,23578
508133.312000,103.0,Ok,61.0,Ok,23579
508133.375000,105.0,Ok,60.0,Ok,23580
508133.421000,115.0,Ok,64.0,Ok,23581
508133.468000,72.0,Ok,67.0,Ok,23582
508133.515000,84.0,Ok,66.0,Ok,23583
508133.562000,95.0,Ok,70.0,Ok,23584
508133.625000,69.0,Ok,68.0,Ok,23585
508133.671000,83.0,Ok,69.0,Ok,23586
508133.718000,77.0,Ok,70.0,Ok,23587
508133.765000,71.0,Ok,73.0,Ok,23588
508133.812000,77.0,Ok,70.0,Ok,23589
508133.859000,79.0,Ok,68.0,Ok,23590
508133.921000,82.0,Ok,70.0,Ok,23591
508133.968000,76.0,Ok,71.0,Ok,23592
508134.015000,83.0,Ok,71.0,Ok,23593
508134.062000,77.0,Ok,72.0,Ok,23594
508134.109000,87.0,Ok,68.0,Ok,23595
508134.171000,81.0,Ok,72.0,Ok,23596
508134.218000,98.0,Ok,71.0,Ok,23597
508134.265000,108.0,Ok,70.0,Ok,23598
508134.312000,111.0,Ok,77.0,Ok,23599
508134.375000,114.0,Ok,67.0,Ok,23600
508134.421000,115.0,Ok,73.0,Ok,23601
508134.468000,124.0,Ok,74.0,Ok,23602
508134.515000,114.0,Ok,83.0,Ok,23603
508134.562000,113.0,Ok,79.0,Ok,23604
508134.609000,110.0,Ok,72.0,Ok,23605
508134.656000,101.0,Ok,80.0,Ok,23606
508134.718000,100.0,Ok,67.0,Ok,23607
508134.765000,100.0,Ok,80.0,Ok,23608
508134.812000,85.0,Ok,69.0,Ok,23609
508134.859000,64.0,Ok,74.0,Ok,23610
508134.906000,106.0,Ok,67.0,Ok,23611
508134.953000,111.0,Ok,71.0,Ok,23612
508135.015000,108.0,Ok,77.0,Ok,23613
508135.062000,142.0,Ok,82.0,Ok,23614
508135.109000,104.0,Ok,81.0,Ok,23615
508135.156000,104.0,Ok,81.0,Ok,23616
508135.203000,92.0,Ok,83.0,Ok,23617
508135.250000,91.0,Ok,83.0,Ok,23618
508135.312000,92.0,Ok,84.0,Ok,23619
508135.375000,94.0,Ok,84.0,Ok,23620
508135.421000,93.0,Ok,86.0,Ok,23621
508135.468000,92.0,Ok,85.0,Ok,23622
508135.515000,88.0,Ok,84.0,Ok,23623
508135.562000,73.0,Ok,86.0,Ok,23624
508135.625000,104.0,Ok,90.0,Ok,23625
508135.656000,120.0,Ok,84.0,Ok,23626
508135.718000,96.0,Ok,77.0,Ok,23627
508135.765000,97.0,Ok,84.0,Ok,23628
508135.812000,95.0,Ok,84.0,Ok,23629
508135.859000,61.0,Ok,84.0,Ok,23630
508135.921000,122.0,Ok,84.0,Ok,23631
508135.968000,124.0,Ok,88.0,Ok,23632
508136.015000,125.0,Ok,82.0,Ok,23633
508136.062000,115.0,Ok,83.0,Ok,23634
508136.125000,97.0,Ok,82.0,Ok,23635
508136.171000,91.0,Ok,82.0,Ok,23636
508136.218000,78.0,Ok,88.0,Ok,23637
508136.265000,126.0,Ok,89.0,Ok,23638
508136.312000,120.0,Ok,83.0,Ok,23639
508136.359000,116.0,Ok,87.0,Ok,23640
508136.421000,109.0,Ok,79.0,Ok,23641
508136.468000,123.0,Ok,88.0,Ok,23642
508136.515000,109.0,Ok,91.0,Ok,23643
508136.562000,110.0,Ok,90.0,Ok,23644
508136.609000,99.0,Ok,90.0,Ok,23645
508136.656000,61.0,Ok,93.0,Ok,23646
508136.718000,120.0,Ok,93.0,Ok,23647
508136.765000,107.0,Ok,95.0,Ok,23648
508136.812000,107.0,Ok,95.0,Ok,23649
508136.859000,94.0,Ok,85.0,Ok,23650
508136.921000,102.0,Ok,87.0,Ok,23651
508136.968000,92.0,Ok,92.0,Ok,23652
508137.015000,92.0,Ok,87.0,Ok,23653
508137.062000,92.0,Ok,89.0,Ok,23654
508137.109000,93.0,Ok,93.0,Ok,23655
508137.156000,99.0,Ok,84.0,Ok,23656
508137.218000,99.0,Ok,92.0,Ok,23657
508137.250000,104.0,Ok,80.0,Ok,23658
508137.312000,99.0,Ok,76.0,Ok,23659
508137.375000,98.0,Ok,85.0,Ok,23660
508137.421000,100.0,Ok,89.0,Ok,23661
508137.468000,96.0,Ok,84.0,Ok,23662
508137.515000,102.0,Ok,84.0,Ok,23663
508137.578000,103.0,Ok,92.0,Ok,23664
508137.609000,101.0,Ok,120.0,Ok,23665
508137.671000,107.0,Ok,105.0,Ok,23666
508137.703000,108.0,Ok,104.0,Ok,23667
508137.765000,107.0,Ok,100.0,Ok,23668
508137.812000,101.0,Ok,109.0,Ok,23669
508137.859000,106.0,Ok,103.0,Ok,23670
508137.921000,98.0,Ok,106.0,Ok,23671
508137.968000,104.0,Ok,114.0,Ok,23672
508138.015000,112.0,Ok,104.0,Ok,23673
508138.062000,93.0,Ok,65.0,Ok,23674
508138.109000,103.0,Ok,125.0,Ok,23675
508138.156000,108.0,Ok,115.0,Ok,23676
508138.203000,112.0,Ok,92.0,Ok,23677
508138.265000,104.0,Ok,96.0,Ok,23678
508138.312000,109.0,Ok,83.0,Ok,23679
508138.359000,94.0,Ok,86.0,Ok,23680
508138.421000,101.0,Ok,92.0,Ok,23681
508138.468000,102.0,Ok,85.0,Ok,23682
508138.515000,102.0,Ok,74.0,Ok,23683
508138.562000,110.0,Ok,100.0,Ok,23684
508138.609000,111.0,Ok,102.0,Ok,23685
508138.671000,98.0,Ok,98.0,Ok,23686
508138.703000,104.0,Ok,76.0,Ok,23687
508138.765000,104.0,Ok,81.0,Ok,23688
508138.812000,102.0,Ok,92.0,Ok,23689
508138.859000,101.0,Ok,88.0,Ok,23690
508138.937000,109.0,Ok,88.0,Ok,23691
508138.968000,122.0,Ok,92.0,Ok,23692
508139.015000,111.0,Ok,87.0,Ok,23693
508139.062000,116.0,Ok,83.0,Ok,23694
508139.109000,120.0,Ok,84.0,Ok,23695
508139.171000,119.0,Ok,85.0,Ok,23696
508139.218000,113.0,Ok,84.0,Ok,23697
508139.265000,114.0,Ok,83.0,Ok,23698
508139.312000,107.0,Ok,80.0,Ok,23699
508139.359000,103.0,Ok,78.0,Ok,23700
508139.406000,105.0,Ok,81.0,Ok,23701
508139.468000,103.0,Ok,78.0,Ok,23702
508139.515000,106.0,Ok,77.0,Ok,23703
508139.562000,100.0,Ok,75.0,Ok,23704
508139.609000,98.0,Ok,77.0,Ok,23705
508139.671000,96.0,Ok,77.0,Ok,23706
508139.703000,107.0,Ok,77.0,Ok,23707
508139.765000,110.0,Ok,74.0,Ok,23708
508139.812000,109.0,Ok,76.0,Ok,23709
508139.859000,109.0,Ok,77.0,Ok,23710
508139.906000,101.0,Ok,76.0,Ok,23711
508139.968000,100.0,Ok,79.0,Ok,23712
508140.015000,98.0,Ok,89.0,Ok,23713
508140.062000,98.0,Ok,91.0,Ok,23714
508140.109000,104.0,Ok,91.0,Ok,23715
508140.156000,112.0,Ok,89.0,Ok,23716
508140.203000,111.0,Ok,90.0,Ok,23717
508140.250000,112.0,Ok,115.0,Ok,23718
508140.312000,112.0,Ok,95.0,Ok,23719
508140.359000,109.0,Ok,93.0,Ok,23720
508140.421000,110.0,Ok,85.0,Ok,23721
508140.453000,115.0,Ok,80.0,Ok,23722
508140.515000,107.0,Ok,83.0,Ok,23723
508140.562000,111.0,Ok,87.0,Ok,23724
508140.609000,109.0,Ok,91.0,Ok,23725
508140.656000,110.0,Ok,93.0,Ok,23726
508140.718000,110.0,Ok,94.0,Ok,23727
508140.765000,112.0,Ok,93.0,Ok,23728
508140.812000,123.0,Ok,90.0,Ok,23729
508140.875000,88.0,Ok,84.0,Ok,23730
508140.921000,90.0,Ok,88.0,Ok,23731
508140.968000,102.0,Ok,90.0,Ok,23732
508141.000000,110.0,Ok,92.0,Ok,23733
508141.062000,107.0,Ok,77.0,Ok,23734
508141.109000,105.0,Ok,80.0,Ok,23735
508141.171000,100.0,Ok,81.0,Ok,23736
508141.218000,93.0,Ok,81.0,Ok,23737
508141.265000,103.0,Ok,82.0,Ok,23738
508141.312000,113.0,Ok,80.0,Ok,23739
508141.359000,123.0,Ok,84.0,Ok,23740
508141.406000,108.0,Ok,81.0,Ok,23741
508141.468000,116.0,Ok,89.0,Ok,23742
508141.515000,114.0,Ok,84.0,Ok,23743
508141.562000,128.0,Ok,77.0,Ok,23744
508141.625000,129.0,Ok,94.0,Ok,23745
508141.671000,109.0,Ok,92.0,Ok,23746
508141.718000,99.0,Ok,80.0,Ok,23747
508141.765000,75.0,Ok,99.0,Ok,23748
508141.812000,114.0,Ok,84.0,Ok,23749
508141.859000,113.0,Ok,85.0,Ok,23750
508141.906000,117.0,Ok,89.0,Ok,23751
508141.953000,122.0,Ok,89.0,Ok,23752
508142.015000,121.0,Ok,93.0,Ok,23753
508142.062000,113.0,Ok,86.0,Ok,23754
508142.109000,113.0,Ok,77.0,Ok,23755
508142.156000,111.0,Ok,80.0,Ok,23756
508142.218000,109.0,Ok,98.0,Ok,23757
508142.265000,108.0,Ok,99.0,Ok,23758
508142.312000,99.0,Ok,113.0,Ok,23759
508142.359000,89.0,Ok,95.0,Ok,23760
508142.421000,87.0,Ok,82.0,Ok,23761
508142.468000,115.0,Ok,82.0,Ok,23762
508142.515000,103.0,Ok,96.0,Ok,23763
508142.562000,113.0,Ok,99.0,Ok,23764
508142.609000,112.0,Ok,77.0,Ok,23765
508142.671000,106.0,Ok,90.0,Ok,23766
508142.718000,105.0,Ok,89.0,Ok,23767
508142.765000,107.0,Ok,85.0,Ok,23768
508142.812000,110.0,Ok,92.0,Ok,23769
508142.875000,107.0,Ok,92.0,Ok,23770
508142.906000,113.0,Ok,91.0,Ok,23771
508142.968000,119.0,Ok,81.0,Ok,23772
508143.031000,126.0,Ok,94.0,Ok,23773
508143.062000,90.0,Ok,87.0,Ok,23774
508143.109000,97.0,Ok,86.0,Ok,23775
508143.171000,93.0,Ok,106.0,Ok,23776
508143.203000,104.0,Ok,95.0,Ok,23777
508143.265000,117.0,Ok,107.0,Ok,23778
508143.312000,118.0,Ok,94.0,Ok,23779
508143.375000,108.0,Ok,100.0,Ok,23780
508143.421000,107.0,Ok,104.0,Ok,23781
508143.468000,112.0,Ok,97.0,Ok,23782
508143.515000,118.0,Ok,99.0,Ok,23783
508143.562000,116.0,Ok,92.0,Ok,23784
508143.625000,111.0,Ok,97.0,Ok,23785
508143.656000,112.0,Ok,95.0,Ok,23786
508143.718000,102.0,Ok,98.0,Ok,23787
508143.765000,105.0,Ok,96.0,Ok,23788
508143.812000,100.0,Ok,83.0,Ok,23789
508143.875000,106.0,Ok,94.0,Ok,23790
508143.921000,103.0,Ok,101.0,Ok,23791
508143.968000,101.0,Ok,100.0,Ok,23792
508144.015000,87.0,Ok,99.0,Ok,23793
508144.062000,102.0,Ok,98.0,Ok,23794
508144.109000,99.0,Ok,107.0,Ok,23795
508144.156000,105.0,Ok,105.0,Ok,23796
508144.203000,101.0,Ok,106.0,Ok,23797
508144.265000,84.0,Ok,103.0,Ok,23798
508144.312000,88.0,Ok,98.0,Ok,23799
508144.375000,92.0,Ok,97.0,Ok,23800
508144.406000,98.0,Ok,107.0,Ok,23801
508144.468000,96.0,Ok,99.0,Ok,23802
508144.515000,100.0,Ok,104.0,Ok,23803
508144.562000,107.0,Ok,99.0,Ok,23804
508144.609000,106.0,Ok,102.0,Ok,23805
508144.656000,108.0,Ok,102.0,Ok,23806
508144.718000,103.0,Ok,104.0,Ok,23807
508144.765000,107.0,Ok,97.0,Ok,23808
508144.812000,104.0,Ok,97.0,Ok,23809
508144.859000,104.0,Ok,102.0,Ok,23810
508144.906000,103.0,Ok,103.0,Ok,23811
508144.968000,99.0,Ok,99.0,Ok,23812
508145.015000,102.0,Ok,105.0,Ok,23813
508145.062000,109.0,Ok,104.0,Ok,23814
508145.109000,106.0,Ok,104.0,Ok,23815
508145.171000,110.0,Ok,105.0,Ok,23816
508145.218000,108.0,Ok,101.0,Ok,23817
508145.265000,104.0,Ok,105.0,Ok,23818
508145.312000,100.0,Ok,105.0,Ok,23819
508145.359000,102.0,Ok,101.0,Ok,23820
508145.421000,103.0,Ok,105.0,Ok,23821
508145.468000,102.0,Ok,103.0,Ok,23822
508145.515000,100.0,Ok,104.0,Ok,23823
508145.562000,101.0,Ok,105.0,Ok,23824
508145.609000,102.0,Ok,107.0,Ok,23825
508145.671000,101.0,Ok,106.0,Ok,23826
508145.718000,97.0,Ok,104.0,Ok,23827
508145.765000,104.0,Ok,107.0,Ok,23828
508145.812000,107.0,Ok,107.0,Ok,23829
508145.859000,101.0,Ok,101.0,Ok,23830
508145.921000,103.0,Ok,101.0,Ok,23831
508145.968000,99.0,Ok,93.0,Ok,23832
508146.015000,101.0,Ok,96.0,Ok,23833
508146.062000,100.0,Ok,94.0,Ok,23834
508146.125000,101.0,Ok,99.0,Ok,23835
508146.171000,100.0,Ok,99.0,Ok,23836
508146.218000,105.0,Ok,104.0,Ok,23837
508146.265000,94.0,Ok,103.0,Ok,23838
508146.312000,99.0,Ok,108.0,Ok,23839
508146.375000,103.0,Ok,107.0,Ok,23840
508146.421000,97.0,Ok,105.0,Ok,23841
508146.468000,97.0,Ok,96.0,Ok,23842
508146.515000,89.0,Ok,107.0,Ok,23843
508146.562000,91.0,Ok,107.0,Ok,23844
508146.625000,99.0,Ok,99.0,Ok,23845
508146.671000,99.0,Ok,101.0,Ok,23846
508146.718000,105.0,Ok,92.0,Ok,23847
508146.765000,106.0,Ok,88.0,Ok,23848
508146.812000,106.0,Ok,94.0,Ok,23849
508146.875000,108.0,Ok,95.0,Ok,23850
508146.921000,107.0,Ok,99.0,Ok,23851
508146.968000,105.0,Ok,87.0,Ok,23852
508147.015000,93.0,Ok,99.0,Ok,23853
508147.062000,101.0,Ok,102.0,Ok,23854
508147.125000,98.0,Ok,92.0,Ok,23855
508147.171000,99.0,Ok,120.0,Ok,23856
508147.218000,98.0,Ok,109.0,Ok,23857
508147.265000,101.0,Ok,100.0,Ok,23858
508147.312000,89.0,Ok,99.0,Ok,23859
508147.375000,106.0,Ok,102.0,Ok,23860
508147.421000,105.0,Ok,102.0,Ok,23861
508147.453000,105.0,Ok,111.0,Ok,23862
508147.515000,103.0,Ok,106.0,Ok,23863
508147.562000,108.0,Ok,105.0,Ok,23864
508147.625000,101.0,Ok,102.0,Ok,23865
508147.656000,101.0,Ok,97.0,Ok,23866
508147.703000,104.0,Ok,100.0,Ok,23867
508147.765000,96.0,Ok,103.0,Ok,23868
508147.812000,95.0,Ok,106.0,Ok,23869
508147.875000,100.0,Ok,111.0,Ok,23870
508147.921000,101.0,Ok,107.0,Ok,23871
508147.968000,98.0,Ok,113.0,Ok,23872
508148.015000,96.0,Ok,119.0,Ok,23873
508148.062000,98.0,Ok,120.0,Ok,23874
508148.109000,99.0,Ok,122.0,Ok,23875
508148.171000,95.0,Ok,120.0,Ok,23876
508148.203000,96.0,Ok,111.0,Ok,23877
508148.265000,98.0,Ok,106.0,Ok,23878
508148.312000,93.0,Ok,107.0,Ok,23879
508148.375000,93.0,Ok,100.0,Ok,23880
508148.421000,90.0,Ok,99.0,Ok,23881
508148.468000,91.0,Ok,90.0,Ok,23882
508148.515000,86.0,Ok,79.0,Ok,23883
508148.562000,105.0,Ok,98.0,Ok,23884
508148.609000,97.0,Ok,92.0,Ok,23885
508148.656000,98.0,Ok,82.0,Ok,23886
508148.718000,88.0,Ok,85.0,Ok,23887
508148.765000,90.0,Ok,89.0,Ok,23888
508148.812000,95.0,Ok,85.0,Ok,23889
508148.859000,107.0,Ok,82.0,Ok,23890
508148.921000,96.0,Ok,77.0,Ok,23891
508148.968000,89.0,Ok,92.0,Ok,23892
508149.000000,69.0,Ok,83.0,Ok,23893
508149.062000,86.0,Ok,94.0,Ok,23894
508149.109000,87.0,Ok,84.0,Ok,23895
508149.171000,84.0,Ok,86.0,Ok,23896
508149.203000,86.0,Ok,92.0,Ok,23897
508149.265000,95.0,Ok,88.0,Ok,23898
508149.312000,95.0,Ok,87.0,Ok,23899
508149.359000,93.0,Ok,86.0,Ok,23900
508149.421000,92.0,Ok,84.0,Ok,23901
508149.468000,88.0,Ok,86.0,Ok,23902
508149.515000,75.0,Ok,87.0,Ok,23903
508149.562000,77.0,Ok,90.0,Ok,23904
508149.625000,77.0,Ok,95.0,Ok,23905
508149.656000,81.0,Ok,90.0,Ok,23906
508149.718000,84.0,Ok,92.0,Ok,23907
508149.765000,80.0,Ok,90.0,Ok,23908
508149.812000,80.0,Ok,98.0,Ok,23909
508149.859000,79.0,Ok,92.0,Ok,23910
508149.921000,81.0,Ok,90.0,Ok,23911
508149.968000,79.0,Ok,96.0,Ok,23912
508150.015000,82.0,Ok,94.0,Ok,23913
508150.062000,84.0,Ok,94.0,Ok,23914
508150.109000,92.0,Ok,92.0,Ok,23915
508150.156000,90.0,Ok,95.0,Ok,23916
508150.218000,92.0,Ok,83.0,Ok,23917
508150.250000,92.0,Ok,84.0,Ok,23918
508150.312000,101.0,Ok,83.0,Ok,23919
508150.375000,119.0,Ok,96.0,Ok,23920
508150.421000,114.0,Ok,71.0,Ok,23921
508150.468000,110.0,Ok,85.0,Ok,23922
508150.500000,129.0,Ok,81.0,Ok,23923
508150.562000,111.0,Ok,83.0,Ok,23924
508150.625000,104.0,Ok,81.0,Ok,23925
508150.671000,100.0,Ok,87.0,Ok,23926
508150.718000,96.0,Ok,93.0,Ok,23927
508150.765000,101.0,Ok,90.0,Ok,23928
508150.812000,104.0,Ok,99.0,Ok,23929
508150.859000,106.0,Ok,100.0,Ok,23930
508150.921000,98.0,Ok,95.0,Ok,23931
508150.953000,97.0,Ok,96.0,Ok,23932
508151.015000,106.0,Ok,112.0,Ok,23933
508151.062000,110.0,Ok,100.0,Ok,23934
508151.109000,110.0,Ok,122.0,Ok,23935
508151.171000,100.0,Ok,111.0,Ok,23936
508151.218000,105.0,Ok,106.0,Ok,23937
508151.265000,106.0,Ok,115.0,Ok,23938
508151.312000,105.0,Ok,108.0,Ok,23939
508151.359000,106.0,Ok,103.0,Ok,23940
508151.406000,104.0,Ok,104.0,Ok,23941
508151.468000,103.0,Ok,98.0,Ok,23942
508151.515000,104.0,Ok,100.0,Ok,23943
508151.562000,102.0,Ok,104.0,Ok,23944
508151.625000,99.0,Ok,110.0,Ok,23945
508151.671000,100.0,Ok,50.0,Ok,23946
508151.703000,96.0,Ok,92.0,Ok,23947
508151.765000,83.0,Ok,92.0,Ok,23948
508151.812000,115.0,Ok,93.0,Ok,23949
508151.859000,113.0,Ok,89.0,Ok,23950
508151.921000,107.0,Ok,91.0,Ok,23951
508151.968000,89.0,Ok,92.0,Ok,23952
508152.015000,98.0,Ok,90.0,Ok,23953
508152.062000,93.0,Ok,93.0,Ok,23954
508152.109000,81.0,Ok,87.0,Ok,23955
508152.171000,72.0,Ok,93.0,Ok,23956
508152.218000,73.0,Ok,92.0,Ok,23957
508152.265000,74.0,Ok,92.0,Ok,23958
508152.312000,79.0,Ok,88.0,Ok,23959
508152.359000,77.0,Ok,91.0,Ok,23960
508152.421000,71.0,Ok,93.0,Ok,23961
508152.468000,72.0,Ok,87.0,Ok,23962
508152.515000,86.0,Ok,89.0,Ok,23963
508152.562000,78.0,Ok,88.0,Ok,23964
508152.625000,91.0,Ok,91.0,Ok,23965
508152.671000,91.0,Ok,91.0,Ok,23966
508152.718000,77.0,Ok,92.0,Ok,23967
508152.765000,80.0,Ok,92.0,Ok,23968
508152.812000,65.0,Ok,86.0,Ok,23969
508152.875000,103.0,Ok,84.0,Ok,23970
508152.921000,117.0,Ok,82.0,Ok,23971
508152.968000,109.0,Ok,80.0,Ok,23972
508153.015000,98.0,Ok,84.0,Ok,23973
508153.062000,77.0,Ok,89.0,Ok,23974
508153.109000,88.0,Ok,94.0,Ok,23975
508153.171000,99.0,Ok,94.0,Ok,23976
508153.218000,101.0,Ok,93.0,Ok,23977
508153.265000,98.0,Ok,91.0,Ok,23978
508153.312000,92.0,Ok,92.0,Ok,23979
508153.359000,90.0,Ok,92.0,Ok,23980
508153.406000,90.0,Ok,82.0,Ok,23981
508153.453000,87.0,Ok,82.0,Ok,23982
508153.515000,97.0,Ok,82.0,Ok,23983
508153.562000,100.0,Ok,89.0,Ok,23984
508153.625000,95.0,Ok,88.0,Ok,23985
508153.671000,101.0,Ok,90.0,Ok,23986
508153.718000,101.0,Ok,85.0,Ok,23987
508153.765000,100.0,Ok,91.0,Ok,23988
508153.812000,101.0,Ok,91.0,Ok,23989
508153.875000,94.0,Ok,86.0,Ok,23990
508153.937000,92.0,Ok,92.0,Ok,23991
508153.968000,89.0,Ok,82.0,Ok,23992
508154.015000,81.0,Ok,83.0,Ok,23993
508154.062000,94.0,Ok,91.0,Ok,23994
508154.125000,93.0,Ok,89.0,Ok,23995
508154.156000,81.0,Ok,90.0,Ok,23996
508154.218000,71.0,Ok,92.0,Ok,23997
508154.265000,75.0,Ok,83.0,Ok,23998
508154.312000,77.0,Ok,76.0,Ok,23999
508154.359000,80.0,Ok,91.0,Ok,24000
508154.421000,97.0,Ok,84.0,Ok,24001
508154.468000,102.0,Ok,81.0,Ok,24002
508154.515000,101.0,Ok,77.0,Ok,24003
508154.562000,102.0,Ok,76.0,Ok,24004
508154.609000,104.0,Ok,82.0,Ok,24005
508154.671000,102.0,Ok,85.0,Ok,24006
508154.718000,95.0,Ok,82.0,Ok,24007
508154.765000,99.0,Ok,83.0,Ok,24008
508154.812000,111.0,Ok,82.0,Ok,24009
508154.875000,99.0,Ok,78.0,Ok,24010
508154.921000,109.0,Ok,78.0,Ok,24011
508154.968000,106.0,Ok,82.0,Ok,24012
508155.015000,101.0,Ok,82.0,Ok,24013
508155.062000,98.0,Ok,84.0,Ok,24014
508155.109000,101.0,Ok,82.0,Ok,24015
508155.171000,100.0,Ok,79.0,Ok,24016
508155.203000,101.0,Ok,80.0,Ok,24017
508155.265000,99.0,Ok,79.0,Ok,24018
508155.312000,98.0,Ok,81.0,Ok,24019
508155.359000,97.0,Ok,85.0,Ok,24020
508155.421000,97.0,Ok,86.0,Ok,24021
508155.453000,96.0,Ok,86.0,Ok,24022
508155.515000,97.0,Ok,88.0,Ok,24023
508155.562000,97.0,Ok,83.0,Ok,24024
508155.609000,99.0,Ok,83.0,Ok,24025
508155.671000,103.0,Ok,79.0,Ok,24026
508155.718000,99.0,Ok,76.0,Ok,24027
508155.765000,108.0,Ok,86.0,Ok,24028
508155.796000,111.0,Ok,90.0,Ok,24029
508155.859000,99.0,Ok,85.0,Ok,24030
508155.921000,102.0,Ok,86.0,Ok,24031
508155.968000,103.0,Ok,89.0,Ok,24032
508156.015000,105.0,Ok,82.0,Ok,24033
508156.062000,105.0,Ok,90.0,Ok,24034
508156.109000,105.0,Ok,91.0,Ok,24035
508156.156000,101.0,Ok,91.0,Ok,24036
508156.203000,100.0,Ok,86.0,Ok,24037
508156.265000,104.0,Ok,87.0,Ok,24038
508156.312000,75.0,Ok,81.0,Ok,24039
508156.375000,106.0,Ok,83.0,Ok,24040
508156.421000,95.0,Ok,92.0,Ok,24041
508156.468000,98.0,Ok,105.0,Ok,24042
508156.515000,98.0,Ok,98.0,Ok,24043
508156.562000,92.0,Ok,97.0,Ok,24044
508156.625000,96.0,Ok,103.0,Ok,24045
508156.671000,94.0,Ok,102.0,Ok,24046
508156.718000,92.0,Ok,95.0,Ok,24047
508156.765000,95.0,Ok,87.0,Ok,24048
508156.812000,99.0,Ok,90.0,Ok,24049
508156.859000,103.0,Ok,95.0,Ok,24050
508156.906000,98.0,Ok,93.0,Ok,24051
508156.968000,98.0,Ok,93.0,Ok,24052
508157.000000,97.0,Ok,91.0,Ok,24053
508157.062000,98.0,Ok,90.0,Ok,24054
508157.125000,92.0,Ok,99.0,Ok,24055
508157.171000,93.0,Ok,99.0,Ok,24056
508157.218000,98.0,Ok,100.0,Ok,24057
508157.250000,95.0,Ok,100.0,Ok,24058
508157.312000,95.0,Ok,107.0,Ok,24059
508157.375000,97.0,Ok,107.0,Ok,24060
508157.421000,92.0,Ok,101.0,Ok,24061
508157.468000,98.0,Ok,92.0,Ok,24062
508157.515000,96.0,Ok,98.0,Ok,24063
508157.562000,95.0,Ok,103.0,Ok,24064
508157.609000,94.0,Ok,101.0,Ok,24065
508157.656000,91.0,Ok,92.0,Ok,24066
508157.718000,94.0,Ok,93.0,Ok,24067
508157.765000,99.0,Ok,93.0,Ok,24068
508157.812000,99.0,Ok,101.0,Ok,24069
508157.859000,91.0,Ok,98.0,Ok,24070
508157.921000,101.0,Ok,98.0,Ok,24071
508157.968000,100.0,Ok,99.0,Ok,24072
508158.015000,95.0,Ok,105.0,Ok,24073
508158.062000,99.0,Ok,104.0,Ok,24074
508158.109000,99.0,Ok,104.0,Ok,24075
508158.171000,87.0,Ok,96.0,Ok,24076
508158.218000,92.0,Ok,101.0,Ok,24077
508158.265000,78.0,Ok,88.0,Ok,24078
508158.312000,81.0,Ok,81.0,Ok,24079
508158.359000,76.0,Ok,79.0,Ok,24080
508158.421000,78.0,Ok,87.0,Ok,24081
508158.468000,78.0,Ok,74.0,Ok,24082
508158.500000,80.0,Ok,64.0,Ok,24083
508158.562000,82.0,Ok,64.0,Ok,24084
508158.625000,90.0,Ok,60.0,Ok,24085
508158.671000,100.0,Ok,57.0,Ok,24086
508158.718000,102.0,Ok,63.0,Ok,24087
508158.765000,113.0,Ok,60.0,Ok,24088
508158.812000,107.0,Ok,59.0,Ok,24089
508158.859000,113.0,Ok,57.0,Ok,24090
508158.906000,107.0,Ok,54.0,Ok,24091
508158.968000,106.0,Ok,52.0,Ok,24092
508159.015000,106.0,Ok,47.0,Ok,24093
508159.062000,109.0,Ok,45.0,Ok,24094
508159.125000,109.0,Ok,45.0,Ok,24095
508159.171000,104.0,Ok,43.0,Ok,24096
508159.218000,110.0,Ok,39.0,Ok,24097
508159.265000,103.0,Ok,38.0,Ok,24098
508159.312000,109.0,Ok,39.0,Ok,24099
508159.359000,108.0,Ok,39.0,Ok,24100
508159.406000,96.0,Ok,39.0,Ok,24101
508159.468000,102.0,Ok,34.0,Ok,24102
508159.515000,94.0,Ok,43.0,Ok,24103
508159.562000,93.0,Ok,42.0,Ok,24104
508159.609000,81.0,Ok,46.0,Ok,24105
508159.671000,73.0,Ok,44.0,Ok,24106
508159.718000,82.0,Ok,43.0,Ok,24107
508159.765000,83.0,Ok,48.0,Ok,24108
508159.812000,80.0,Ok,47.0,Ok,24109
508159.859000,80.0,Ok,47.0,Ok,24110
508159.906000,77.0,Ok,48.0,Ok,24111
508159.968000,89.0,Ok,50.0,Ok,24112
508160.015000,82.0,Ok,47.0,Ok,24113
508160.062000,89.0,Ok,45.0,Ok,24114
508160.109000,95.0,Ok,46.0,Ok,24115
508160.156000,97.0,Ok,47.0,Ok,24116
508160.203000,102.0,Ok,53.0,Ok,24117
508160.265000,95.0,Ok,48.0,Ok,24118
508160.312000,101.0,Ok,47.0,Ok,24119
508160.359000,97.0,Ok,47.0,Ok,24120
508160.421000,99.0,Ok,47.0,Ok,24121
508160.468000,89.0,Ok,46.0,Ok,24122
508160.515000,99.0,Ok,47.0,Ok,24123
508160.562000,92.0,Ok,46.0,Ok,24124
508160.609000,94.0,Ok,46.0,Ok,24125
508160.656000,98.0,Ok,47.0,Ok,24126
508160.718000,94.0,Ok,41.0,Ok,24127
508160.765000,94.0,Ok,46.0,Ok,24128
508160.812000,95.0,Ok,48.0,Ok,24129
508160.859000,93.0,Ok,42.0,Ok,24130
508160.921000,92.0,Ok,45.0,Ok,24131
508160.968000,88.0,Ok,46.0,Ok,24132
508161.015000,91.0,Ok,47.0,Ok,24133
508161.062000,103.0,Ok,46.0,Ok,24134
508161.125000,100.0,Ok,48.0,Ok,24135
508161.171000,101.0,Ok,50.0,Ok,24136
508161.218000,99.0,Ok,54.0,Ok,24137
508161.265000,102.0,Ok,54.0,Ok,24138
508161.312000,96.0,Ok,50.0,Ok,24139
508161.359000,103.0,Ok,48.0,Ok,24140
508161.406000,102.0,Ok,48.0,Ok,24141
508161.453000,95.0,Ok,46.0,Ok,24142
508161.515000,99.0,Ok,43.0,Ok,24143
508161.562000,98.0,Ok,47.0,Ok,24144
508161.609000,97.0,Ok,49.0,Ok,24145
508161.656000,99.0,Ok,48.0,Ok,24146
508161.718000,99.0,Ok,47.0,Ok,24147
508161.765000,99.0,Ok,47.0,Ok,24148
508161.812000,99.0,Ok,45.0,Ok,24149
508161.875000,94.0,Ok,45.0,Ok,24150
508161.906000,97.0,Ok,47.0,Ok,24151
508161.953000,99.0,Ok,49.0,Ok,24152
508162.015000,98.0,Ok,46.0,Ok,24153
508162.062000,99.0,Ok,46.0,Ok,24154
508162.109000,97.0,Ok,46.0,Ok,24155
508162.171000,100.0,Ok,46.0,Ok,24156
508162.203000,98.0,Ok,46.0,Ok,24157
508162.250000,93.0,Ok,49.0,Ok,24158
508162.312000,92.0,Ok,46.0,Ok,24159
508162.375000,98.0,Ok,45.0,Ok,24160
508162.421000,99.0,Ok,45.0,Ok,24161
508162.468000,99.0,Ok,56.0,Ok,24162
508162.515000,94.0,Ok,74.0,Ok,24163
508162.562000,97.0,Ok,61.0,Ok,24164
508162.609000,96.0,Ok,87.0,Ok,24165
508162.671000,98.0,Ok,33.0,Ok,24166
508162.718000,103.0,Ok,55.0,Ok,24167
508162.765000,101.0,Ok,36.0,Ok,24168
508162.812000,102.0,Ok,49.0,Ok,24169
508162.875000,101.0,Ok,46.0,Ok,24170
508162.921000,97.0,Ok,46.0,Ok,24171
508162.968000,104.0,Ok,48.0,Ok,24172
508163.015000,100.0,Ok,44.0,Ok,24173
508163.062000,100.0,Ok,45.0,Ok,24174
508163.109000,97.0,Ok,44.0,Ok,24175
508163.171000,96.0,Ok,47.0,Ok,24176
508163.218000,100.0,Ok,58.0,Ok,24177
508163.265000,95.0,Ok,55.0,Ok,24178
508163.312000,100.0,Ok,81.0,Ok,24179
508163.359000,105.0,Ok,124.0,Ok,24180
508163.406000,103.0,Ok,131.0,Ok,24181
508163.468000,104.0,Ok,71.0,Ok,24182
508163.500000,99.0,Ok,100.0,Ok,24183
508163.562000,103.0,Ok,96.0,Ok,24184
508163.609000,103.0,Ok,49.0,Ok,24185
508163.656000,98.0,Ok,91.0,Ok,24186
508163.703000,102.0,Ok,82.0,Ok,24187
508163.750000,103.0,Ok,61.0,Ok,24188
508163.812000,97.0,Ok,58.0,Ok,24189
508163.859000,101.0,Ok,68.0,Ok,24190
508163.921000,97.0,Ok,82.0,Ok,24191
508163.968000,94.0,Ok,79.0,Ok,24192
508164.015000,101.0,Ok,77.0,Ok,24193
508164.062000,99.0,Ok,80.0,Ok,24194
508164.125000,101.0,Ok,78.0,Ok,24195
508164.171000,99.0,Ok,79.0,Ok,24196
508164.218000,101.0,Ok,92.0,Ok,24197
508164.265000,104.0,Ok,85.0,Ok,24198
508164.312000,102.0,Ok,88.0,Ok,24199
508164.359000,100.0,Ok,92.0,Ok,24200
508164.421000,102.0,Ok,89.0,Ok,24201
508164.468000,92.0,Ok,92.0,Ok,24202
508164.515000,96.0,Ok,95.0,Ok,24203
508164.562000,96.0,Ok,92.0,Ok,24204
508164.609000,97.0,Ok,96.0,Ok,24205
508164.656000,101.0,Ok,89.0,Ok,24206
508164.718000,95.0,Ok,88.0,Ok,24207
508164.765000,98.0,Ok,81.0,Ok,24208
508164.812000,92.0,Ok,90.0,Ok,24209
508164.859000,97.0,Ok,76.0,Ok,24210
508164.921000,94.0,Ok,65.0,Ok,24211
508164.968000,97.0,Ok,54.0,Ok,24212
508165.015000,98.0,Ok,56.0,Ok,24213
508165.062000,97.0,Ok,53.0,Ok,24214
508165.125000,100.0,Ok,55.0,Ok,24215
508165.171000,101.0,Ok,52.0,Ok,24216
508165.218000,99.0,Ok,50.0,Ok,24217
508165.265000,98.0,Ok,54.0,Ok,24218
508165.312000,100.0,Ok,51.0,Ok,24219
508165.375000,99.0,Ok,52.0,Ok,24220
508165.421000,102.0,Ok,50.0,Ok,24221
508165.468000,100.0,Ok,46.0,Ok,24222
508165.515000,101.0,Ok,50.0,Ok,24223
508165.562000,95.0,Ok,50.0,Ok,24224
508165.609000,101.0,Ok,47.0,Ok,24225
508165.671000,102.0,Ok,45.0,Ok,24226
508165.703000,101.0,Ok,48.0,Ok,24227
508165.765000,99.0,Ok,49.0,Ok,24228
508165.812000,101.0,Ok,50.0,Ok,24229
508165.859000,100.0,Ok,51.0,Ok,24230
508165.921000,99.0,Ok,49.0,Ok,24231
508165.968000,99.0,Ok,49.0,Ok,24232
508166.015000,96.0,Ok,42.0,Ok,24233
508166.062000,100.0,Ok,48.0,Ok,24234
508166.109000,99.0,Ok,49.0,Ok,24235
508166.156000,94.0,Ok,47.0,Ok,24236
508166.218000,98.0,Ok,39.0,Ok,24237
508166.265000,97.0,Ok,68.0,Ok,24238
508166.312000,96.0,Ok,75.0,Ok,24239
508166.375000,96.0,Ok,92.0,Ok,24240
508166.421000,99.0,Ok,93.0,Ok,24241
508166.468000,95.0,Ok,31.0,Ok,24242
508166.515000,96.0,Ok,54.0,Ok,24243
508166.562000,100.0,Ok,50.0,Ok,24244
508166.625000,103.0,Ok,42.0,Ok,24245
508166.671000,105.0,Ok,45.0,Ok,24246
508166.718000,104.0,Ok,44.0,Ok,24247
508166.765000,103.0,Ok,43.0,Ok,24248
508166.812000,108.0,Ok,44.0,Ok,24249
508166.875000,104.0,Ok,44.0,Ok,24250
508166.906000,101.0,Ok,49.0,Ok,24251
508166.968000,94.0,Ok,46.0,Ok,24252
508167.015000,99.0,Ok,93.0,Ok,24253
508167.062000,98.0,Ok,111.0,Ok,24254
508167.109000,90.0,Ok,69.0,Ok,24255
508167.171000,98.0,Ok,67.0,Ok,24256
508167.218000,87.0,Ok,59.0,Ok,24257
508167.265000,103.0,Ok,52.0,Ok,24258
508167.312000,103.0,Ok,44.0,Ok,24259
508167.375000,102.0,Ok,43.0,Ok,24260
508167.421000,101.0,Ok,43.0,Ok,24261
508167.468000,103.0,Ok,46.0,Ok,24262
508167.515000,105.0,Ok,46.0,Ok,24263
508167.562000,107.0,Ok,44.0,Ok,24264
508167.625000,102.0,Ok,43.0,Ok,24265
508167.671000,99.0,Ok,46.0,Ok,24266
508167.703000,105.0,Ok,58.0,Ok,24267
508167.765000,103.0,Ok,59.0,Ok,24268
508167.812000,101.0,Ok,62.0,Ok,24269
508167.859000,99.0,Ok,64.0,Ok,24270
508167.906000,97.0,Ok,59.0,Ok,24271
508167.968000,101.0,Ok,53.0,Ok,24272
508168.015000,104.0,Ok,51.0,Ok,24273
508168.062000,106.0,Ok,43.0,Ok,24274
508168.125000,102.0,Ok,47.0,Ok,24275
508168.171000,103.0,Ok,44.0,Ok,24276
508168.218000,107.0,Ok,44.0,Ok,24277
508168.265000,101.0,Ok,45.0,Ok,24278
508168.312000,106.0,Ok,46.0,Ok,24279
508168.359000,97.0,Ok,47.0,Ok,24280
508168.406000,101.0,Ok,49.0,Ok,24281
508168.468000,105.0,Ok,71.0,Ok,24282
508168.515000,105.0,Ok,36.0,Ok,24283
508168.562000,102.0,Ok,70.0,Ok,24284
508168.625000,103.0,Ok,57.0,Ok,24285
508168.671000,102.0,Ok,61.0,Ok,24286
508168.718000,100.0,Ok,63.0,Ok,24287
508168.765000,102.0,Ok,50.0,Ok,24288
508168.812000,101.0,Ok,46.0,Ok,24289
508168.859000,101.0,Ok,50.0,Ok,24290
508168.921000,104.0,Ok,47.0,Ok,24291
508168.968000,107.0,Ok,46.0,Ok,24292
508169.015000,109.0,Ok,47.0,Ok,24293
508169.062000,108.0,Ok,47.0,Ok,24294
508169.125000,106.0,Ok,47.0,Ok,24295
508169.171000,104.0,Ok,44.0,Ok,24296
508169.218000,103.0,Ok,46.0,Ok,24297
508169.265000,100.0,Ok,48.0,Ok,24298
508169.312000,104.0,Ok,90.0,Ok,24299
508169.375000,105.0,Ok,56.0,Ok,24300
508169.406000,100.0,Ok,119.0,Ok,24301
508169.468000,102.0,Ok,130.0,Ok,24302
508169.515000,103.0,Ok,119.0,Ok,24303
508169.562000,101.0,Ok,29.0,Ok,24304
508169.625000,104.0,Ok,50.0,Ok,24305
508169.671000,102.0,Ok,51.0,Ok,24306
508169.718000,109.0,Ok,44.0,Ok,24307
508169.765000,105.0,Ok,44.0,Ok,24308
508169.812000,110.0,Ok,45.0,Ok,24309
508169.859000,108.0,Ok,49.0,Ok,24310
508169.906000,105.0,Ok,48.0,Ok,24311
508169.968000,103.0,Ok,45.0,Ok,24312
508170.015000,109.0,Ok,41.0,Ok,24313
508170.062000,104.0,Ok,47.0,Ok,24314
508170.109000,110.0,Ok,46.0,Ok,24315
508170.171000,101.0,Ok,44.0,Ok,24316
508170.218000,109.0,Ok,49.0,Ok,24317
508170.296000,103.0,Ok,49.0,Ok,24318
508170.312000,107.0,Ok,49.0,Ok,24319
508170.359000,103.0,Ok,52.0,Ok,24320
508170.406000,108.0,Ok,48.0,Ok,24321
508170.468000,110.0,Ok,39.0,Ok,24322
508170.515000,105.0,Ok,48.0,Ok,24323
508170.562000,105.0,Ok,50.0,Ok,24324
508170.609000,108.0,Ok,49.0,Ok,24325
508170.656000,109.0,Ok,47.0,Ok,24326
508170.718000,105.0,Ok,45.0,Ok,24327
508170.750000,104.0,Ok,50.0,Ok,24328
508170.812000,101.0,Ok,44.0,Ok,24329
508170.859000,109.0,Ok,46.0,Ok,24330
508170.921000,107.0,Ok,49.0,Ok,24331
508170.968000,104.0,Ok,52.0,Ok,24332
508171.015000,109.0,Ok,51.0,Ok,24333
508171.046000,111.0,Ok,47.0,Ok,24334
508171.125000,104.0,Ok,46.0,Ok,24335
508171.171000,110.0,Ok,50.0,Ok,24336
508171.218000,105.0,Ok,50.0,Ok,24337
508171.265000,109.0,Ok,50.0,Ok,24338
508171.312000,110.0,Ok,48.0,Ok,24339
508171.375000,111.0,Ok,53.0,Ok,24340
508171.421000,111.0,Ok,55.0,Ok,24341
508171.468000,109.0,Ok,52.0,Ok,24342
508171.515000,111.0,Ok,52.0,Ok,24343
508171.562000,111.0,Ok,54.0,Ok,24344
508171.609000,103.0,Ok,50.0,Ok,24345
508171.656000,106.0,Ok,54.0,Ok,24346
508171.718000,106.0,Ok,49.0,Ok,24347
508171.765000,102.0,Ok,51.0,Ok,24348
508171.812000,107.0,Ok,49.0,Ok,24349
508171.859000,103.0,Ok,48.0,Ok,24350
508171.906000,103.0,Ok,37.0,Ok,24351
508171.968000,103.0,Ok,44.0,Ok,24352
508172.015000,106.0,Ok,54.0,Ok,24353
508172.062000,102.0,Ok,63.0,Ok,24354
508172.125000,105.0,Ok,98.0,Ok,24355
508172.171000,103.0,Ok,89.0,Ok,24356
508172.218000,103.0,Ok,86.0,Ok,24357
508172.265000,102.0,Ok,57.0,Ok,24358
508172.312000,102.0,Ok,43.0,Ok,24359
508172.359000,105.0,Ok,51.0,Ok,24360
508172.421000,105.0,Ok,44.0,Ok,24361
508172.468000,109.0,Ok,44.0,Ok,24362
508172.515000,105.0,Ok,46.0,Ok,24363
508172.562000,102.0,Ok,43.0,Ok,24364
508172.609000,106.0,Ok,43.0,Ok,24365
508172.671000,107.0,Ok,46.0,Ok,24366
508172.718000,102.0,Ok,45.0,Ok,24367
508172.765000,108.0,Ok,53.0,Ok,24368
508172.812000,106.0,Ok,108.0,Ok,24369
508172.859000,101.0,Ok,92.0,Ok,24370
508172.921000,103.0,Ok,59.0,Ok,24371
508172.953000,107.0,Ok,50.0,Ok,24372
508173.015000,105.0,Ok,50.0,Ok,24373
508173.062000,101.0,Ok,57.0,Ok,24374
508173.109000,104.0,Ok,37.0,Ok,24375
508173.156000,105.0,Ok,51.0,Ok,24376
508173.218000,107.0,Ok,39.0,Ok,24377
508173.265000,103.0,Ok,45.0,Ok,24378
508173.312000,103.0,Ok,41.0,Ok,24379
508173.359000,101.0,Ok,42.0,Ok,24380
508173.421000,103.0,Ok,43.0,Ok,24381
508173.468000,103.0,Ok,44.0,Ok,24382
508173.515000,104.0,Ok,42.0,Ok,24383
508173.562000,103.0,Ok,43.0,Ok,24384
508173.609000,102.0,Ok,70.0,Ok,24385
508173.656000,103.0,Ok,65.0,Ok,24386
508173.718000,101.0,Ok,57.0,Ok,24387
508173.765000,102.0,Ok,56.0,Ok,24388
508173.812000,100.0,Ok,58.0,Ok,24389
508173.859000,103.0,Ok,53.0,Ok,24390
508173.906000,104.0,Ok,56.0,Ok,24391
508173.968000,102.0,Ok,78.0,Ok,24392
508174.015000,102.0,Ok,59.0,Ok,24393
508174.062000,102.0,Ok,49.0,Ok,24394
508174.109000,104.0,Ok,39.0,Ok,24395
508174.171000,106.0,Ok,43.0,Ok,24396
508174.203000,106.0,Ok,42.0,Ok,24397
508174.265000,103.0,Ok,42.0,Ok,24398
508174.312000,104.0,Ok,43.0,Ok,24399
508174.359000,109.0,Ok,41.0,Ok,24400
508174.421000,102.0,Ok,43.0,Ok,24401
508174.468000,105.0,Ok,44.0,Ok,24402
508174.515000,104.0,Ok,51.0,Ok,24403
508174.562000,107.0,Ok,104.0,Ok,24404
508174.609000,105.0,Ok,76.0,Ok,24405
508174.656000,108.0,Ok,70.0,Ok,24406
508174.703000,101.0,Ok,72.0,Ok,24407
508174.765000,105.0,Ok,70.0,Ok,24408
508174.812000,102.0,Ok,67.0,Ok,24409
508174.859000,105.0,Ok,62.0,Ok,24410
508174.906000,103.0,Ok,53.0,Ok,24411
508174.968000,108.0,Ok,52.0,Ok,24412
508175.015000,106.0,Ok,44.0,Ok,24413
508175.062000,104.0,Ok,40.0,Ok,24414
508175.109000,102.0,Ok,47.0,Ok,24415
508175.156000,107.0,Ok,46.0,Ok,24416
508175.218000,107.0,Ok,45.0,Ok,24417
508175.265000,102.0,Ok,43.0,Ok,24418
508175.312000,107.0,Ok,46.0,Ok,24419
508175.359000,104.0,Ok,43.0,Ok,24420
508175.406000,112.0,Ok,46.0,Ok,24421
508175.453000,106.0,Ok,56.0,Ok,24422
508175.500000,104.0,Ok,47.0,Ok,24423
508175.562000,106.0,Ok,45.0,Ok,24424
508175.625000,103.0,Ok,106.0,Ok,24425
508175.671000,105.0,Ok,77.0,Ok,24426
508175.718000,101.0,Ok,71.0,Ok,24427
508175.765000,103.0,Ok,76.0,Ok,24428
508175.812000,105.0,Ok,57.0,Ok,24429
508175.859000,104.0,Ok,42.0,Ok,24430
508175.906000,102.0,Ok,46.0,Ok,24431
508175.968000,105.0,Ok,49.0,Ok,24432
508176.015000,106.0,Ok,42.0,Ok,24433
508176.062000,102.0,Ok,45.0,Ok,24434
508176.109000,102.0,Ok,48.0,Ok,24435
508176.156000,104.0,Ok,49.0,Ok,24436
508176.218000,104.0,Ok,49.0,Ok,24437
508176.250000,106.0,Ok,39.0,Ok,24438
508176.312000,107.0,Ok,44.0,Ok,24439
508176.359000,104.0,Ok,47.0,Ok,24440
