t_monotonic,ax,ay,az,gx,gy,gz
508464.000000,0.03,-0.921,0.537,2.2,-8.88,16.94
508464.046000,0.003,-0.911,0.51,0.58,-13.73,13.03
508464.093000,0.0,-0.897,0.451,-0.98,-17.88,12.02
508464.140000,0.022,-0.894,0.428,7.72,-11.51,14.37
508464.187000,0.005,-0.904,0.481,7.69,-12.36,16.94
508464.234000,-0.014,-0.938,0.484,6.29,-11.54,17.37
508464.281000,-0.055,-0.961,0.508,4.76,-13.98,12.51
508464.328000,-0.068,-0.961,0.473,0.82,-18.71,8.33
508464.375000,-0.054,-0.935,0.427,3.6,-16.82,3.39
508464.421000,-0.042,-0.942,0.379,2.62,-11.02,0.52
508464.468000,-0.032,-0.91,0.352,6.68,-0.12,-3.05
508464.515000,-0.036,-0.896,0.405,6.65,5.74,-4.21
508464.562000,-0.022,-0.866,0.416,6.5,13.4,-7.39
508464.609000,-0.027,-0.882,0.491,8.64,19.35,-2.96
508464.656000,-0.021,-0.883,0.527,8.18,14.37,-0.82
508464.703000,-0.006,-0.878,0.541,10.62,11.6,-2.96
508464.750000,0.004,-0.863,0.522,-3.85,9.8,-4.46
508464.796000,0.024,-0.854,0.526,1.13,7.32,0.76
508464.843000,0.02,-0.871,0.522,-0.7,6.62,1.92
508464.890000,-0.009,-0.88,0.548,3.42,5.13,3.11
508464.937000,-0.022,-0.876,0.543,2.96,1.83,2.04
508464.984000,-0.038,-0.873,0.53,4.03,-2.53,0.67
508465.031000,-0.034,-0.881,0.483,5.8,-5.01,0.85
508465.078000,-0.053,-0.892,0.444,-3.3,-0.89,-2.04
508465.125000,-0.034,-0.862,0.413,-2.47,3.05,-1.83
508465.171000,-0.025,-0.882,0.421,-3.91,14.98,3.51
508465.218000,-0.031,-0.852,0.466,-0.64,19.87,5.8
508465.265000,-0.039,-0.845,0.519,3.66,22.71,9.64
508465.312000,-0.07,-0.845,0.585,8.33,23.56,13.4
508465.359000,-0.068,-0.818,0.597,0.92,18.19,11.02
508465.406000,-0.069,-0.826,0.615,3.23,14.95,15.26
508465.453000,-0.072,-0.847,0.595,4.46,4.27,18.89
508465.500000,-0.093,-0.907,0.561,-1.59,-2.78,18.77
508465.546000,-0.105,-0.92,0.521,0.55,-7.93,19.56
508465.593000,-0.171,-0.975,0.526,-6.87,-10.5,12.63
508465.640000,-0.163,-0.94,0.464,-8.91,-16.82,2.35
508465.687000,-0.167,-0.91,0.463,-7.29,-11.51,-3.94
508465.734000,-0.18,-0.829,0.478,2.38,-7.35,-7.48
508465.781000,-0.172,-0.782,0.476,1.13,-7.63,-2.23
508465.828000,-0.176,-0.79,0.49,4.46,-3.94,3.36
508465.875000,-0.157,-0.797,0.498,2.14,-5.49,10.13
508465.921000,-0.17,-0.798,0.49,-0.37,-3.51,17.49
508465.968000,-0.154,-0.902,0.445,-8.48,-1.65,15.23
508466.015000,-0.137,-0.921,0.443,-3.88,6.44,10.35
508466.062000,-0.158,-0.876,0.466,11.96,11.75,13.92
508466.109000,-0.177,-0.84,0.53,8.82,14.65,12.54
508466.156000,-0.191,-0.865,0.521,-0.37,7.54,18.56
508466.203000,-0.181,-0.901,0.513,5.43,7.6,14.16
508466.250000,-0.192,-0.862,0.538,6.96,10.01,9.34
508466.296000,-0.218,-0.823,0.544,6.99,4.97,10.65
508466.343000,-0.177,-0.848,0.492,-4.82,3.69,6.23
508466.390000,-0.217,-0.858,0.554,6.07,6.71,8.39
508466.453000,-0.211,-0.861,0.551,2.84,3.88,5.77
508466.500000,-0.24,-0.883,0.575,8.21,0.67,7.29
508466.546000,-0.265,-0.933,0.563,-1.62,-6.65,-0.95
508466.593000,-0.244,-0.904,0.502,-1.04,-7.87,-8.76
508466.640000,-0.251,-0.881,0.499,-1.19,-3.94,-11.81
508466.687000,-0.239,-0.845,0.483,-3.94,0.12,-16.51
508466.734000,-0.219,-0.873,0.481,-5.71,7.32,-18.31
508466.781000,-0.215,-0.901,0.487,-6.5,10.9,-21.61
508466.828000,-0.156,-0.909,0.474,-7.48,13.09,-26.18
508466.875000,-0.118,-0.919,0.501,-10.59,21.82,-33.3
508466.921000,-0.132,-0.923,0.546,-7.45,22.25,-34.91
508466.968000,-0.136,-0.961,0.556,-13.28,15.05,-40.68
508467.015000,-0.116,-0.97,0.512,-22.37,10.28,-50.87
508467.062000,-0.072,-0.966,0.498,-15.96,3.97,-56.58
508467.109000,-0.042,-0.9,0.458,-7.97,3.36,-52.67
508467.156000,-0.03,-0.878,0.482,-12.54,-1.25,-51.39
508467.203000,-0.003,-0.876,0.432,-17.06,-1.83,-48.22
508467.250000,0.023,-0.868,0.447,-20.05,-4.24,-47.82
508467.296000,0.105,-0.882,0.375,-23.83,-3.72,-45.87
508467.343000,0.104,-0.905,0.377,-26.34,1.28,-43.52
508467.390000,0.169,-0.931,0.332,-21.61,-2.47,-40.68
508467.437000,0.214,-0.898,0.286,-18.46,5.13,-37.87
508467.484000,0.233,-0.913,0.304,-12.79,13.43,-32.84
508467.531000,0.234,-0.915,0.308,-16.75,17.52,-31.74
508467.578000,0.184,-0.939,0.391,-5.83,8.85,-29.18
508467.625000,0.285,-0.883,0.262,-12.48,6.78,-31.19
508467.671000,0.325,-0.919,0.282,-25.33,16.69,-36.9
508467.718000,0.379,-0.943,0.254,-34.79,16.57,-40.93
508467.765000,0.413,-0.986,0.263,-47.49,35.65,-39.43
508467.812000,0.485,-1.002,0.281,-28.02,29.76,-51.64
508467.859000,0.607,-1.003,0.23,-36.77,45.78,-58.81
508467.906000,0.602,-1.042,0.398,-54.63,44.22,-67.69
508467.953000,0.609,-1.053,0.335,-43.49,32.01,-59.39
508468.000000,0.698,-0.965,0.361,-85.6,29.76,-105.9
508468.046000,0.669,-0.965,0.306,-31.37,18.46,-87.86
508468.093000,0.706,-0.802,0.185,-47.55,12.88,-96.44
508468.140000,0.605,-0.706,0.229,-23.07,13.67,-76.91
508468.187000,0.592,-0.651,0.158,30.06,15.26,-36.44
508468.234000,0.556,-0.582,0.147,9.06,5.25,-8.58
508468.281000,0.564,-0.637,0.122,-18.13,5.55,-19.23
508468.328000,0.545,-0.6,0.143,-30.52,-8.39,-33.81
508468.375000,0.546,-0.586,0.065,-13.67,-17.18,-22.98
508468.421000,0.604,-0.587,-0.018,-37.75,-10.56,-50.48
508468.468000,0.688,-0.569,0.004,-37.84,-16.33,-66.13
508468.515000,0.745,-0.477,-0.118,-23.35,-9.31,-64.85
508468.562000,0.74,-0.424,-0.053,14.65,-17.15,-43.58
508468.609000,0.698,-0.375,-0.124,25.79,-16.14,-41.93
508468.656000,0.586,-0.294,-0.058,45.38,-20.08,-44.89
508468.703000,0.483,-0.169,-0.032,42.63,-39.61,-49.5
508468.750000,0.325,-0.085,-0.054,61.53,-59.69,-43.52
508468.796000,0.317,-0.059,-0.095,55.88,-83.8,-38.39
508468.843000,0.232,-0.031,-0.053,71.23,-98.91,-16.79
508468.890000,0.413,-0.169,-0.201,45.2,-154.09,26.22
508468.937000,0.78,-0.311,-0.573,29.11,-126.41,32.41
508468.984000,1.188,-0.567,-0.75,7.97,-105.04,87.83
508469.031000,1.157,-0.542,-0.828,-8.67,-83.29,83.56
508469.078000,1.008,-0.807,-0.633,113.38,10.96,210.91
508469.125000,0.974,-1.033,-0.838,-41.29,-2.66,128.82
508469.171000,0.751,-1.156,-0.529,30.64,98.09,142.7
508469.218000,0.874,-1.063,-0.691,-53.25,-0.7,54.29
508469.265000,0.697,-1.02,-0.306,5.58,52.61,73.03
508469.328000,0.688,-0.903,-0.426,-13.61,31.25,17.46
508469.375000,0.532,-0.822,-0.235,-9.09,35.58,-3.72
508469.421000,0.504,-0.815,-0.287,13.73,28.29,11.75
508469.468000,0.616,-0.765,-0.426,-8.03,30.98,-16.66
508469.515000,0.532,-0.782,-0.306,-16.17,41.54,-10.16
508469.562000,0.621,-0.809,-0.427,-12.24,44.28,-14.53
508469.609000,0.54,-0.824,-0.219,-35.4,46.39,-36.26
508469.656000,0.625,-0.808,-0.311,3.81,28.02,-27.31
508469.703000,0.668,-0.733,-0.207,-32.69,38.42,-68.67
508469.750000,0.684,-0.684,-0.357,-31.68,36.99,-56.15
508469.796000,0.677,-0.516,-0.169,-33.14,57.99,-59.05
508469.843000,0.77,-0.462,-0.177,-11.14,35.62,-28.72
508469.890000,0.788,-0.435,-0.132,-0.37,8.06,-9.16
508469.937000,0.779,-0.442,-0.179,-0.12,1.01,5.8
508469.984000,0.821,-0.531,-0.123,-17.82,-1.04,-5.13
508470.031000,0.703,-0.516,-0.028,-8.91,-19.38,0.7
508470.078000,0.718,-0.611,-0.253,5.16,-39.22,26.49
508470.125000,0.719,-0.886,-0.436,-8.09,-44.83,-8.91
508470.171000,0.773,-0.83,-0.582,-2.87,-9.19,-41.66
508470.218000,0.739,-0.644,-0.43,4.85,15.72,-58.75
508470.265000,0.801,-0.406,-0.329,24.11,13.18,-55.21
508470.312000,0.824,-0.25,-0.189,6.07,11.38,-58.53
508470.359000,0.828,-0.245,-0.281,-13.52,-24.54,-36.16
508470.406000,0.732,-0.549,-0.411,-15.99,-40.62,0.52
508470.453000,0.804,-0.586,-0.585,5.4,-17.06,-19.23
508470.500000,0.779,-0.486,-0.593,-26.06,14.5,-46.54
508470.562000,0.771,-0.447,-0.586,-12.51,33.57,-30.67
508470.609000,0.696,-0.462,-0.501,-5.65,47.91,-20.11
508470.656000,0.726,-0.174,-0.35,-29.54,48.83,-56.86
508470.703000,0.805,-0.01,-0.216,-43.86,32.56,-42.57
508470.750000,0.801,-0.027,-0.13,-45.53,21.55,-8.67
508470.796000,0.805,-0.198,-0.086,-38.91,14.07,21.7
508470.843000,0.881,-0.221,-0.257,-56.64,25.48,8.97
508470.890000,0.978,-0.294,-0.227,-21.85,26.06,20.97
508470.937000,1.019,-0.299,-0.239,-40.07,47.61,1.74
508470.984000,1.006,-0.257,-0.146,-13.92,25.91,12.12
508471.031000,0.91,-0.313,-0.048,-21.49,13.28,13.82
508471.078000,1.053,-0.12,-0.199,-28.9,-4.18,-18.01
508471.125000,0.988,-0.156,-0.21,-25.36,-7.42,11.78
508471.171000,1.007,-0.2,-0.277,-21.06,-5.01,23.96
508471.218000,0.969,-0.227,-0.331,-47.82,-2.01,2.14
508471.265000,0.923,-0.194,-0.287,-48.86,7.66,0.34
508471.312000,0.926,-0.213,-0.252,-69.8,6.59,-1.1
508471.359000,0.866,-0.133,-0.274,-73.46,9.28,-10.77
508471.406000,0.843,-0.183,-0.118,-86.12,-1.65,5.77
508471.453000,0.816,-0.158,-0.07,-80.81,6.9,2.17
508471.500000,0.916,-0.287,-0.147,-47.18,-51.06,2.81
508471.546000,0.975,-0.166,-0.32,-22.83,-34.15,-19.71
508471.593000,1.003,-0.171,-0.422,-26.76,-49.29,-5.52
508471.640000,1.015,-0.143,-0.57,4.55,-17.0,-1.37
508471.687000,0.963,-0.084,-0.492,17.37,10.35,-12.76
508471.734000,0.929,-0.029,-0.475,21.06,31.53,-4.76
508471.781000,0.914,-0.031,-0.317,20.51,26.46,-1.8
508471.828000,0.888,-0.08,-0.27,9.13,23.1,5.83
508471.875000,0.91,-0.06,-0.298,4.67,22.64,2.29
508471.921000,0.874,-0.07,-0.223,6.07,16.6,4.61
508471.968000,0.93,-0.075,-0.237,9.52,4.15,1.01
508472.015000,0.939,-0.134,-0.22,-4.73,-7.02,2.04
508472.062000,0.949,-0.124,-0.29,-1.1,-5.37,-2.01
508472.109000,0.9,-0.136,-0.241,5.83,-7.75,0.4
508472.156000,0.904,-0.089,-0.222,10.04,-4.58,-1.46
508472.203000,0.872,-0.088,-0.201,13.46,-13.86,1.77
508472.250000,0.911,-0.079,-0.312,6.99,-28.63,5.55
508472.296000,0.91,-0.135,-0.353,8.18,-22.61,7.75
508472.343000,0.952,-0.15,-0.42,8.73,-17.76,4.91
508472.390000,0.95,-0.17,-0.407,13.76,1.74,1.16
508472.437000,0.94,-0.164,-0.379,9.98,1.1,-4.85
508472.484000,0.934,-0.129,-0.334,16.05,7.84,-6.04
508472.531000,0.921,-0.119,-0.296,13.0,8.61,-5.04
508472.578000,0.91,-0.171,-0.299,15.38,3.33,-3.36
508472.625000,0.87,-0.158,-0.251,16.66,-3.08,-3.27
508472.671000,0.893,-0.176,-0.323,22.25,-10.04,-0.76
508472.718000,0.889,-0.186,-0.338,25.91,-7.97,0.76
508472.765000,0.893,-0.166,-0.337,23.35,-11.35,-1.62
508472.812000,0.919,-0.181,-0.391,21.76,-11.17,-0.55
508472.859000,0.917,-0.174,-0.376,20.45,-10.13,-2.78
508472.906000,0.908,-0.184,-0.364,15.5,-3.17,1.46
508472.953000,0.892,-0.194,-0.359,16.14,-6.29,-1.16
508473.000000,0.871,-0.194,-0.32,14.01,-7.11,-0.43
508473.046000,0.9,-0.211,-0.348,15.14,-10.04,-0.15
508473.093000,0.902,-0.227,-0.361,11.72,-9.8,-0.67
508473.140000,0.896,-0.26,-0.387,10.86,-4.36,-2.23
508473.187000,0.876,-0.27,-0.392,16.24,0.98,-3.14
508473.234000,0.876,-0.229,-0.356,11.02,6.87,-6.78
508473.281000,0.866,-0.222,-0.352,8.48,5.58,-3.94
508473.328000,0.874,-0.201,-0.318,10.71,7.97,-4.3
508473.375000,0.901,-0.23,-0.394,2.84,-3.75,6.07
508473.421000,0.897,-0.245,-0.421,-0.52,0.73,-0.52
508473.468000,0.891,-0.196,-0.411,-4.0,2.23,-3.91
508473.515000,0.873,-0.177,-0.396,-9.0,4.36,-0.34
508473.562000,0.866,-0.165,-0.369,-17.4,3.91,1.89
508473.609000,0.862,-0.193,-0.345,-18.95,-1.5,7.45
508473.656000,0.875,-0.187,-0.362,-21.21,0.85,6.23
508473.703000,0.881,-0.207,-0.339,-20.69,-1.43,11.87
508473.750000,0.893,-0.197,-0.358,-22.77,0.09,11.87
508473.796000,0.887,-0.237,-0.359,-20.91,-3.45,16.51
508473.843000,0.903,-0.234,-0.357,-18.89,-0.18,10.47
508473.890000,0.894,-0.239,-0.359,-14.89,-0.03,9.03
508473.937000,0.897,-0.213,-0.346,-12.67,3.42,5.92
508473.984000,0.871,-0.216,-0.33,-8.61,0.27,9.58
508474.031000,0.882,-0.214,-0.379,-7.2,-0.67,8.18
508474.078000,0.88,-0.205,-0.366,-9.16,0.15,5.37
508474.125000,0.892,-0.203,-0.375,-7.66,1.07,5.34
508474.171000,0.895,-0.197,-0.367,-9.09,0.7,7.39
508474.218000,0.912,-0.212,-0.378,-6.65,4.36,6.26
508474.265000,0.904,-0.203,-0.362,-4.06,2.93,3.33
508474.312000,0.893,-0.19,-0.36,-3.08,2.99,1.25
508474.359000,0.904,-0.195,-0.354,0.4,4.3,-1.74
508474.406000,0.889,-0.163,-0.327,2.5,-1.43,-6.2
508474.453000,0.914,-0.148,-0.312,5.92,-1.56,-3.14
508474.500000,0.923,-0.219,-0.421,0.98,-17.49,3.05
508474.546000,0.901,-0.215,-0.404,5.49,-3.17,-10.93
508474.593000,0.907,-0.195,-0.374,8.45,-3.33,-8.61
508474.640000,0.891,-0.192,-0.338,13.12,5.49,-9.0
508474.687000,0.898,-0.187,-0.372,8.21,-2.44,-9.7
508474.734000,0.9,-0.206,-0.375,13.46,3.91,-11.38
508474.781000,0.891,-0.207,-0.378,17.33,9.06,-11.81
508474.828000,0.871,-0.212,-0.338,22.74,10.65,-11.02
508474.875000,0.86,-0.212,-0.32,20.08,-1.37,-12.79
508474.921000,0.844,-0.218,-0.277,13.76,-14.07,-16.3
508474.968000,0.863,-0.212,-0.374,19.32,-18.68,-17.43
508475.015000,0.87,-0.232,-0.378,19.01,-17.67,-14.34
508475.062000,0.87,-0.218,-0.421,19.59,-19.32,-15.87
508475.109000,0.881,-0.219,-0.436,21.45,-8.88,-15.17
508475.156000,0.877,-0.19,-0.438,18.25,-9.55,-16.33
508475.203000,0.874,-0.174,-0.393,16.75,-5.68,-11.57
508475.250000,0.881,-0.183,-0.431,13.86,-7.84,-12.48
508475.296000,0.866,-0.196,-0.429,14.65,-4.09,-9.74
508475.343000,0.858,-0.184,-0.463,13.06,-1.59,-9.98
508475.390000,0.859,-0.166,-0.44,13.82,3.66,-6.62
508475.437000,0.854,-0.175,-0.447,14.4,6.2,-1.31
508475.484000,0.845,-0.161,-0.436,9.55,9.86,-1.1
508475.531000,0.864,-0.162,-0.357,3.3,13.58,5.55
508475.578000,0.87,-0.187,-0.39,1.1,4.52,13.7
508475.625000,0.868,-0.183,-0.42,1.86,7.69,11.84
508475.671000,0.861,-0.185,-0.366,-1.46,7.54,10.93
508475.718000,0.868,-0.196,-0.396,-5.43,4.64,13.03
508475.765000,0.866,-0.2,-0.387,-8.42,5.77,14.37
508475.812000,0.887,-0.209,-0.442,-11.57,2.87,14.22
508475.859000,0.884,-0.196,-0.389,-15.63,10.74,13.09
508475.906000,0.888,-0.21,-0.389,-21.58,6.87,13.15
508475.953000,0.888,-0.225,-0.381,-23.38,5.83,13.34
508476.000000,0.891,-0.224,-0.365,-22.49,6.5,10.35
508476.046000,0.892,-0.231,-0.365,-22.64,6.04,8.21
508476.093000,0.899,-0.21,-0.366,-18.16,8.0,4.03
508476.140000,0.888,-0.192,-0.363,-16.51,9.34,3.54
508476.187000,0.882,-0.185,-0.362,-17.12,8.12,5.07
508476.234000,0.887,-0.191,-0.35,-17.76,7.17,6.1
508476.281000,0.893,-0.205,-0.336,-15.56,5.62,7.08
508476.328000,0.902,-0.206,-0.345,-14.5,6.81,3.27
508476.375000,0.903,-0.211,-0.33,-12.15,6.68,4.85
508476.421000,0.902,-0.212,-0.318,-7.84,8.45,2.84
508476.468000,0.907,-0.203,-0.316,-7.11,7.51,3.91
508476.515000,0.896,-0.216,-0.309,-1.8,4.09,4.43
508476.562000,0.899,-0.201,-0.315,-3.2,3.14,-0.03
508476.609000,0.905,-0.205,-0.326,-2.78,0.46,2.44
508476.656000,0.912,-0.213,-0.345,0.67,2.66,-0.18
508476.703000,0.91,-0.21,-0.341,0.24,4.55,0.06
508476.750000,0.905,-0.213,-0.33,1.4,1.34,-1.68
508476.796000,0.91,-0.211,-0.328,2.35,7.2,-2.44
508476.843000,0.893,-0.209,-0.289,2.69,1.86,-2.59
508476.890000,0.898,-0.227,-0.329,2.66,2.99,-2.11
508476.937000,0.903,-0.203,-0.306,3.81,0.79,-4.94
508476.984000,0.902,-0.198,-0.313,2.14,1.28,-2.01
508477.031000,0.905,-0.206,-0.328,4.18,0.61,-2.62
508477.078000,0.906,-0.189,-0.305,0.64,-1.77,-3.69
508477.125000,0.906,-0.21,-0.327,1.62,-2.62,-0.98
508477.171000,0.904,-0.209,-0.339,-0.49,-0.67,-2.01
508477.218000,0.895,-0.203,-0.315,2.99,0.76,-1.83
508477.265000,0.901,-0.195,-0.308,-0.15,-1.16,-0.79
508477.312000,0.923,-0.217,-0.354,-0.09,-0.34,0.24
508477.359000,0.915,-0.199,-0.331,2.32,3.39,-0.12
508477.406000,0.91,-0.208,-0.32,2.08,4.24,-0.73
508477.453000,0.885,-0.239,-0.353,-0.73,1.59,-5.34
508477.500000,0.862,-0.176,-0.301,5.71,10.13,-7.17
508477.546000,0.903,-0.124,-0.192,1.98,-3.63,4.18
508477.593000,0.944,-0.201,-0.32,-8.48,-12.79,3.75
508477.640000,0.916,-0.263,-0.396,-3.17,-4.39,7.69
508477.687000,0.916,-0.269,-0.387,1.89,2.56,1.98
508477.734000,0.891,-0.188,-0.315,4.61,5.1,-2.84
508477.781000,0.901,-0.173,-0.301,1.77,-0.43,-0.98
508477.828000,0.907,-0.169,-0.316,-3.48,-4.94,-1.62
508477.875000,0.912,-0.214,-0.338,-3.54,0.89,-0.34
508477.921000,0.902,-0.186,-0.312,2.38,1.31,0.21
508477.968000,0.915,-0.165,-0.289,0.37,1.83,1.13
508478.015000,0.932,-0.208,-0.352,-0.09,-0.15,2.04
508478.062000,0.905,-0.201,-0.335,1.98,4.36,-2.35
508478.109000,0.89,-0.165,-0.276,11.99,1.83,-0.09
508478.156000,0.933,-0.137,-0.261,9.49,-8.21,-0.09
508478.218000,0.958,-0.196,-0.377,5.04,-7.78,-4.3
508478.265000,0.873,-0.235,-0.43,15.96,5.16,-5.22
508478.312000,0.868,-0.109,-0.177,20.66,11.14,-6.32
508478.359000,0.915,-0.17,-0.251,16.85,-12.79,2.87
508478.406000,0.869,-0.189,-0.384,17.67,-7.57,-2.87
508478.453000,0.891,-0.186,-0.235,25.15,-6.93,2.44
508478.500000,0.92,-0.233,-0.357,20.26,-16.45,0.12
508478.546000,0.842,-0.247,-0.38,23.74,-9.06,0.49
508478.593000,0.845,-0.25,-0.31,27.31,-2.41,-0.24
508478.640000,0.873,-0.313,-0.284,8.58,-9.0,-3.3
508478.703000,0.937,-0.475,-0.526,-9.31,-18.71,10.41
508478.750000,0.915,-0.433,-0.59,1.83,9.89,1.86
508478.796000,0.902,-0.185,-0.358,0.52,40.83,-13.76
508478.843000,0.838,-0.159,-0.174,-15.93,21.64,2.35
508478.890000,0.857,-0.192,-0.131,-11.47,6.41,14.44
508478.937000,0.889,-0.297,-0.188,-25.3,-11.87,5.58
508478.984000,0.927,-0.326,-0.284,-8.94,-5.28,0.49
508479.031000,0.938,-0.299,-0.343,0.09,0.21,-0.34
508479.078000,0.945,-0.253,-0.406,6.81,6.23,-3.33
508479.125000,0.894,-0.216,-0.349,10.77,9.46,-6.47
508479.171000,0.872,-0.165,-0.315,6.23,5.07,-7.87
508479.218000,0.841,-0.196,-0.312,5.04,-2.5,-6.2
508479.265000,0.835,-0.215,-0.307,-4.27,-11.14,-9.67
508479.312000,0.909,-0.176,-0.441,-31.31,-27.41,-20.54
508479.359000,0.905,-0.198,-0.397,-18.56,0.37,-12.73
508479.406000,0.949,-0.139,-0.383,-21.03,8.33,-10.77
508479.453000,0.915,-0.161,-0.342,-2.47,22.25,-1.31
508479.500000,0.909,-0.137,-0.36,-12.51,15.78,0.34
508479.546000,0.901,-0.086,-0.339,-2.14,19.81,-3.36
508479.593000,0.884,-0.11,-0.271,-7.97,11.14,-2.78
508479.640000,0.96,-0.05,-0.295,-13.55,15.78,-0.34
508479.687000,0.926,-0.161,-0.293,-18.43,0.43,4.82
508479.734000,0.935,-0.184,-0.284,-11.69,8.73,-0.55
508479.781000,0.906,-0.174,-0.274,-2.81,3.63,2.35
508479.828000,0.941,-0.136,-0.272,-1.04,5.13,-6.87
508479.890000,0.938,-0.118,-0.228,-4.52,1.8,2.14
508479.937000,0.968,-0.125,-0.293,-4.03,1.13,-0.27
508479.984000,0.915,-0.17,-0.236,2.17,0.43,1.4
508480.031000,0.928,-0.143,-0.274,5.37,4.33,-4.39
508480.078000,0.935,-0.174,-0.22,9.09,-1.83,-2.29
508480.125000,0.961,-0.156,-0.265,12.45,-7.2,-3.88
508480.171000,0.966,-0.135,-0.234,18.4,0.06,-8.06
508480.218000,0.955,-0.129,-0.181,23.47,1.31,-7.66
508480.265000,0.976,-0.161,-0.157,34.18,-4.88,-1.34
508480.328000,0.966,-0.147,-0.002,35.77,14.53,-20.2
508480.375000,0.956,-0.14,0.074,27.1,4.55,-24.41
508480.421000,0.993,-0.079,0.206,45.56,25.36,-31.07
508480.468000,0.902,0.082,0.492,11.75,24.29,-55.94
508480.515000,0.895,-0.009,0.263,0.95,-53.59,-2.5
508480.562000,0.885,-0.125,-0.08,-24.26,-58.26,-5.8
508480.609000,0.895,-0.177,-0.405,-19.87,-85.3,0.73
508480.656000,0.859,-0.152,-0.632,-19.65,-46.88,-13.49
508480.703000,0.923,-0.138,-0.78,-24.96,-47.85,-10.47
508480.750000,0.835,0.074,-0.73,-21.27,-25.51,-16.11
508480.796000,0.679,0.177,-0.702,-41.14,-32.38,11.57
508480.843000,0.694,0.184,-0.798,-44.28,-47.55,22.71
508480.890000,0.523,0.29,-0.853,-44.74,-19.93,25.73
508480.937000,0.764,0.015,-1.006,-58.14,-52.4,20.17
508480.984000,0.828,-0.111,-0.878,-1.98,-4.27,55.57
508481.031000,0.72,-0.049,-0.652,13.43,11.29,26.0
508481.078000,0.691,-0.018,-0.571,7.78,-8.7,28.44
508481.125000,0.742,-0.068,-0.607,11.54,3.36,5.98
508481.171000,0.768,0.053,-0.523,-5.92,-2.9,-18.1
508481.218000,0.827,0.002,-0.613,4.67,-7.17,15.75
508481.265000,0.799,-0.103,-0.596,-8.39,-8.67,-4.24
508481.312000,0.821,-0.023,-0.528,3.81,3.3,1.74
508481.359000,0.774,-0.025,-0.553,-6.87,-6.68,-1.04
508481.406000,0.806,-0.059,-0.542,1.98,-6.62,17.73
508481.453000,0.783,-0.109,-0.609,-1.95,-9.4,6.44
508481.500000,0.794,-0.104,-0.577,4.18,-0.21,10.68
508481.546000,0.781,-0.074,-0.577,-2.23,-6.56,4.27
508481.593000,0.764,-0.101,-0.571,0.55,0.18,10.35
508481.640000,0.772,-0.105,-0.617,-3.39,-4.97,0.58
508481.687000,0.782,-0.074,-0.575,1.98,3.23,-0.03
508481.750000,0.768,-0.098,-0.583,2.62,-1.16,6.32
508481.796000,0.769,-0.077,-0.58,-1.8,-3.78,0.09
508481.843000,0.757,-0.104,-0.616,-2.01,-4.18,5.98
508481.890000,0.776,-0.097,-0.608,-0.4,-2.01,-0.55
508481.937000,0.784,-0.099,-0.617,0.03,-2.78,1.59
508481.984000,0.787,-0.094,-0.597,0.95,-1.98,2.47
508482.031000,0.781,-0.095,-0.615,0.43,-4.36,4.94
508482.078000,0.771,-0.129,-0.606,0.92,-1.13,5.83
508482.140000,0.771,-0.085,-0.612,2.08,3.05,-2.99
508482.187000,0.757,-0.12,-0.606,0.61,-0.43,1.4
508482.234000,0.754,-0.09,-0.591,2.35,0.79,0.98
508482.281000,0.763,-0.106,-0.601,1.22,-0.58,2.38
508482.328000,0.759,-0.12,-0.601,1.74,-0.46,2.59
508482.375000,0.749,-0.105,-0.593,-3.54,-0.52,-3.36
508482.421000,0.779,-0.103,-0.642,-2.84,-2.14,-1.13
508482.468000,0.78,-0.131,-0.6,0.37,-0.89,1.37
508482.515000,0.763,-0.108,-0.611,0.79,3.81,-0.85
508482.562000,0.755,-0.118,-0.618,0.09,0.95,-0.58
508482.609000,0.765,-0.103,-0.596,1.53,2.99,-1.1
508482.656000,0.753,-0.122,-0.634,2.75,-3.02,4.21
508482.703000,0.752,-0.142,-0.576,-0.43,0.89,-3.45
508482.750000,0.768,-0.073,-0.593,0.03,-0.09,-1.19
508482.796000,0.757,-0.125,-0.6,-0.31,-3.14,2.04
508482.843000,0.768,-0.101,-0.612,-0.12,2.5,-3.51
508482.890000,0.764,-0.1,-0.61,2.08,-1.16,1.95
508482.937000,0.755,-0.095,-0.607,0.7,1.37,1.31
508482.984000,0.775,-0.128,-0.626,5.01,-2.96,9.31
508483.031000,0.754,-0.126,-0.598,1.22,1.53,-2.56
508483.078000,0.772,-0.132,-0.616,3.75,4.43,1.65
508483.125000,0.771,-0.097,-0.639,6.13,-0.82,4.09
508483.171000,0.752,-0.148,-0.597,4.82,4.33,1.25
508483.218000,0.774,-0.136,-0.652,12.54,-5.83,8.88
508483.265000,0.798,-0.263,-0.794,41.87,-0.24,22.77
508483.312000,0.761,-0.225,-0.885,127.84,9.28,81.67
508483.359000,0.675,-0.335,-0.962,127.57,-1.65,62.11
508483.406000,0.658,-0.417,-0.952,144.84,17.46,38.61
508483.453000,0.613,-0.533,-0.814,136.94,27.77,23.71
508483.500000,0.674,-0.341,-0.767,120.4,22.77,-18.1
508483.546000,0.574,-0.508,-0.298,74.16,52.58,-28.08
508483.593000,0.665,-0.412,-0.305,79.84,10.53,-21.27
508483.640000,0.615,-0.562,-0.049,33.85,44.8,-16.48
508483.687000,0.701,-0.528,-0.071,37.69,26.49,-19.84
508483.734000,0.771,-0.565,-0.044,-32.59,44.56,-54.48
508483.781000,0.761,-0.615,0.066,-30.06,78.04,-55.15
508483.828000,0.977,-0.558,0.04,-82.67,74.43,-99.61
508483.875000,0.903,-0.418,0.182,-65.92,95.95,-89.39
508483.921000,0.768,-0.32,0.3,-64.18,70.53,-71.57
508483.968000,0.827,-0.214,0.226,-54.93,44.19,-53.96
508484.015000,0.852,-0.11,0.337,-39.7,27.5,-53.32
508484.062000,0.916,-0.067,0.319,-48.55,19.32,-33.45
508484.109000,1.001,-0.083,0.147,-39.03,-5.37,-20.36
508484.156000,0.967,-0.287,0.173,-11.63,-3.91,-1.5
508484.203000,1.033,-0.159,0.057,8.82,-8.09,-6.44
508484.250000,0.945,-0.171,0.118,3.11,5.19,-12.79
508484.296000,0.995,-0.136,0.041,21.94,-14.71,-0.61
508484.343000,1.005,-0.053,0.037,10.68,-4.12,-13.06
508484.390000,1.002,-0.091,0.008,14.13,-0.61,0.95
508484.437000,0.978,-0.07,0.033,8.91,1.28,1.04
508484.500000,0.944,-0.103,0.101,6.59,-3.88,6.35
508484.562000,0.991,-0.108,0.045,-3.42,-6.68,-2.04
508484.609000,0.963,-0.121,0.027,4.27,-10.71,7.11
508484.656000,1.008,-0.111,-0.065,4.52,-5.62,-0.4
508484.703000,0.947,-0.124,0.09,2.32,-1.1,6.29
508484.750000,0.973,-0.118,-0.014,-0.67,-5.16,0.49
508484.796000,0.938,-0.168,0.057,-2.26,-11.11,4.97
508484.843000,0.98,-0.135,-0.042,-7.51,-2.69,-5.86
508484.890000,0.976,-0.141,-0.021,-5.19,-8.03,-0.92
508484.937000,0.959,-0.115,-0.028,-18.28,-9.92,-4.36
508484.984000,1.0,-0.096,-0.047,-27.62,-22.37,-6.2
508485.031000,0.976,-0.107,-0.058,-32.2,-11.35,-5.71
508485.078000,1.01,-0.147,-0.152,-18.07,-12.57,-0.21
508485.125000,0.952,-0.129,-0.036,-23.1,-0.92,-9.03
508485.171000,0.972,-0.099,-0.076,-12.94,-4.12,2.99
508485.218000,0.953,-0.118,-0.056,-23.5,-9.03,1.62
508485.265000,0.95,-0.143,-0.083,-14.37,-12.05,4.24
508485.312000,1.002,-0.088,-0.151,-19.87,-14.56,0.61
508485.359000,0.967,-0.111,-0.125,-15.63,-12.73,8.27
508485.406000,0.984,-0.134,-0.152,-14.5,-15.87,4.52
508485.453000,0.949,-0.139,-0.132,-9.09,-5.74,4.64
508485.500000,0.953,-0.142,-0.137,-8.36,-9.8,3.57
508485.546000,0.972,-0.09,-0.163,-8.79,0.67,-3.2
508485.593000,0.971,-0.11,-0.172,-8.18,-10.13,5.4
508485.640000,0.972,-0.11,-0.149,-5.86,-0.49,3.39
508485.687000,0.949,-0.138,-0.143,-7.57,-4.64,3.23
508485.734000,0.97,-0.136,-0.183,0.61,-3.05,1.46
508485.781000,0.961,-0.112,-0.17,-2.11,-2.23,-2.75
508485.828000,0.969,-0.104,-0.201,2.62,-5.22,3.14
508485.875000,0.963,-0.111,-0.192,0.21,-1.19,-1.34
508485.921000,0.946,-0.093,-0.147,4.76,-2.72,1.4
508485.968000,0.952,-0.11,-0.203,0.73,-5.1,3.75
508486.015000,0.954,-0.139,-0.177,3.72,-4.58,4.58
508486.062000,0.963,-0.138,-0.215,2.81,-0.76,0.03
508486.109000,0.968,-0.135,-0.209,5.01,1.8,0.03
508486.156000,0.965,-0.107,-0.195,2.01,4.15,-3.17
508486.203000,0.947,-0.126,-0.187,5.77,2.75,2.04
508486.250000,0.938,-0.126,-0.167,3.3,4.21,-2.32
508486.296000,0.939,-0.123,-0.183,3.02,0.27,-0.15
508486.343000,0.953,-0.13,-0.193,0.55,2.35,-1.19
508486.390000,0.954,-0.115,-0.18,2.5,1.89,1.01
508486.437000,0.953,-0.129,-0.198,1.65,0.79,2.56
508486.484000,0.945,-0.118,-0.166,0.58,-0.24,0.15
508486.531000,0.953,-0.138,-0.197,2.17,-3.78,3.97
508486.578000,0.953,-0.107,-0.17,-4.15,0.27,-0.15
508486.625000,0.95,-0.137,-0.184,0.92,-3.3,6.71
508486.671000,0.954,-0.156,-0.189,-2.29,-0.4,1.98
508486.718000,0.951,-0.143,-0.183,-0.67,-2.72,3.42
508486.765000,0.958,-0.16,-0.186,1.16,-4.12,4.82
508486.812000,0.954,-0.145,-0.182,-1.43,-1.01,0.85
508486.859000,0.964,-0.162,-0.215,1.95,-3.69,2.2
508486.906000,0.958,-0.142,-0.186,-0.34,2.44,-1.31
508486.953000,0.952,-0.15,-0.188,0.61,0.43,0.0
508487.000000,0.955,-0.16,-0.206,0.98,-0.27,0.79
508487.046000,0.94,-0.139,-0.162,0.98,-0.34,-1.53
508487.093000,0.957,-0.14,-0.204,-2.29,-0.92,-0.49
508487.140000,0.95,-0.166,-0.202,1.28,-1.59,0.61
508487.187000,0.954,-0.126,-0.194,1.22,3.14,-2.14
508487.234000,0.942,-0.144,-0.202,2.2,0.67,1.74
508487.281000,0.952,-0.143,-0.206,-0.52,2.11,-0.73
508487.328000,0.942,-0.14,-0.174,0.27,2.17,0.31
508487.375000,0.948,-0.159,-0.198,-0.67,0.79,0.79
508487.421000,0.95,-0.15,-0.194,1.83,1.46,-0.34
508487.468000,0.955,-0.136,-0.197,-0.46,1.86,-0.4
508487.515000,0.942,-0.143,-0.192,-1.4,-1.16,1.04
508487.562000,0.948,-0.127,-0.188,-0.34,1.01,1.22
508487.609000,0.935,-0.153,-0.189,-3.3,-3.05,2.87
508487.656000,0.953,-0.146,-0.198,-1.62,-2.41,1.19
508487.703000,0.959,-0.155,-0.2,-3.33,-4.03,2.59
508487.750000,0.946,-0.164,-0.203,0.58,-2.38,2.9
508487.796000,0.948,-0.16,-0.206,-2.17,-2.01,0.06
508487.843000,0.954,-0.162,-0.218,0.12,-1.65,0.03
508487.890000,0.96,-0.151,-0.214,1.98,2.29,0.24
508487.937000,0.947,-0.165,-0.209,-1.37,2.29,0.18
508487.984000,0.948,-0.173,-0.203,-0.09,3.57,-1.25
508488.031000,0.939,-0.148,-0.193,1.13,4.24,0.06
508488.078000,0.946,-0.145,-0.188,0.27,2.56,0.43
508488.125000,0.939,-0.152,-0.188,-1.92,-1.37,0.7
508488.171000,0.95,-0.148,-0.208,0.52,0.4,1.71
508488.218000,0.956,-0.161,-0.194,-2.99,-2.69,0.92
508488.265000,0.955,-0.146,-0.223,-0.06,1.74,0.34
508488.312000,0.954,-0.142,-0.177,-2.14,1.74,1.46
508488.359000,0.954,-0.178,-0.169,0.76,1.53,5.01
508488.406000,0.955,-0.183,-0.202,-3.02,0.82,0.79
508488.453000,0.938,-0.167,-0.229,2.23,0.18,-0.21
508488.500000,0.941,-0.13,-0.161,-0.27,1.68,-0.85
508488.546000,0.947,-0.173,-0.158,-0.76,-1.98,5.13
508488.609000,0.95,-0.168,-0.224,-1.31,-1.71,-0.76
508488.656000,0.946,-0.159,-0.172,3.3,2.47,1.46
508488.703000,0.963,-0.175,-0.183,0.21,-1.74,2.2
508488.750000,0.944,-0.178,-0.214,2.59,-0.27,0.34
508488.796000,0.95,-0.149,-0.221,1.68,-0.46,-2.53
508488.843000,0.948,-0.15,-0.191,1.68,3.05,3.23
508488.890000,0.941,-0.191,-0.2,0.98,-0.12,0.85
508488.937000,0.956,-0.159,-0.196,2.29,3.6,-0.55
508488.984000,0.945,-0.174,-0.2,2.08,0.37,1.8
508489.031000,0.933,-0.177,-0.175,0.95,3.88,0.4
508489.078000,0.954,-0.164,-0.215,-0.27,-0.73,-1.34
508489.125000,0.944,-0.157,-0.201,0.67,1.43,0.67
508489.171000,0.953,-0.145,-0.195,-0.34,2.53,0.64
508489.218000,0.943,-0.171,-0.184,-0.67,0.27,3.23
508489.265000,0.941,-0.171,-0.17,-3.27,-0.82,2.04
508489.312000,0.965,-0.188,-0.21,-2.66,-2.04,2.38
508489.359000,0.956,-0.154,-0.185,-2.32,5.43,0.03
508489.406000,0.955,-0.181,-0.173,-1.5,-0.4,3.36
508489.453000,0.954,-0.183,-0.2,-1.56,4.12,0.76
508489.500000,0.95,-0.189,-0.175,1.22,0.76,0.64
508489.546000,0.952,-0.16,-0.181,0.37,2.59,-2.04
508489.593000,0.944,-0.174,-0.187,1.04,-0.55,0.15
508489.640000,0.951,-0.178,-0.194,-0.52,1.07,-0.27
508489.687000,0.94,-0.182,-0.163,1.46,0.79,1.22
508489.734000,0.947,-0.173,-0.181,1.65,0.0,0.15
508489.781000,0.946,-0.17,-0.169,1.16,-1.71,1.31
508489.828000,0.961,-0.17,-0.202,-0.58,-3.57,-0.43
508489.875000,0.955,-0.172,-0.194,0.46,2.47,-0.61
508489.921000,0.948,-0.17,-0.175,0.67,2.44,0.82
508489.968000,0.94,-0.191,-0.192,-0.7,0.46,0.31
508490.015000,0.947,-0.168,-0.171,0.7,-1.71,-0.24
508490.062000,0.952,-0.186,-0.192,-1.43,-1.83,-0.64
508490.109000,0.954,-0.175,-0.19,1.83,-0.92,0.27
508490.156000,0.962,-0.175,-0.186,-2.35,1.13,-2.84
508490.203000,0.951,-0.176,-0.203,3.45,2.53,-0.89
508490.250000,0.936,-0.162,-0.174,-0.73,2.47,-2.62
508490.296000,0.94,-0.155,-0.171,1.1,-1.74,-0.89
508490.343000,0.958,-0.146,-0.196,1.92,0.82,1.83
508490.406000,0.935,-0.165,-0.175,1.77,0.24,4.7
508490.453000,0.947,-0.189,-0.211,2.2,-2.72,2.44
508490.500000,0.947,-0.176,-0.188,-1.5,-1.77,-1.46
508490.546000,0.957,-0.173,-0.199,-2.04,-0.98,-0.92
508490.593000,0.962,-0.163,-0.188,0.09,0.52,-0.49
508490.640000,0.947,-0.164,-0.185,0.85,-0.67,3.75
508490.687000,0.943,-0.193,-0.194,-0.89,2.53,4.09
508490.734000,0.938,-0.188,-0.18,2.75,0.49,1.74
508490.781000,0.947,-0.182,-0.189,-1.04,1.31,1.53
508490.828000,0.947,-0.193,-0.188,0.92,-0.43,-0.31
508490.890000,0.958,-0.158,-0.179,-0.64,2.78,-0.79
508490.937000,0.946,-0.193,-0.198,-2.11,-1.98,3.27
508490.984000,0.945,-0.2,-0.187,-0.55,4.76,-0.21
508491.031000,0.941,-0.196,-0.188,0.46,1.98,-0.55
508491.078000,0.943,-0.195,-0.177,2.62,0.31,0.64
508491.125000,0.947,-0.192,-0.196,2.26,1.92,-0.67
508491.171000,0.952,-0.171,-0.169,2.96,1.62,-2.5
508491.218000,0.952,-0.174,-0.157,2.08,0.18,0.06
508491.265000,0.956,-0.203,-0.168,7.17,0.85,0.98
508491.312000,0.957,-0.213,-0.099,10.38,-0.55,-1.59
508491.359000,0.978,-0.193,-0.065,13.09,-3.54,-4.61
508491.406000,0.972,-0.186,0.047,22.37,2.81,-5.04
508491.453000,0.94,-0.159,0.11,26.15,3.57,-11.63
508491.500000,0.934,-0.233,0.086,28.05,-23.16,-3.02
508491.546000,1.032,-0.175,0.135,34.36,-8.18,-10.56
508491.593000,0.903,-0.059,0.225,17.21,7.6,-12.51
508491.640000,0.982,-0.303,0.008,36.99,-45.81,35.86
508491.687000,0.932,-0.122,0.09,-20.29,1.13,-20.42
508491.734000,0.964,-0.206,-0.131,-6.32,-28.81,16.48
508491.781000,0.816,-0.069,-0.095,-40.25,-3.85,-29.45
508491.828000,0.826,-0.158,-0.235,-35.07,-62.81,19.56
508491.875000,0.779,-0.252,-0.721,-52.22,-67.54,3.78
508491.921000,0.862,-0.134,-0.64,-32.96,-58.69,-6.41
508491.968000,0.714,0.031,-0.611,-58.6,-44.53,-26.98
508492.015000,0.815,0.002,-0.88,-49.75,-65.43,-9.92
508492.062000,0.666,-0.066,-0.757,-39.03,-54.84,16.33
508492.109000,0.845,-0.066,-0.935,-44.13,-42.73,1.5
508492.171000,0.7,-0.16,-0.645,-8.18,-28.47,7.05
508492.218000,0.761,-0.078,-0.734,-7.51,-12.63,-5.19
508492.265000,0.822,-0.061,-0.702,1.65,-22.89,18.22
508492.312000,0.806,-0.197,-0.707,16.88,0.67,23.22
508492.359000,0.776,-0.089,-0.612,4.67,1.65,-4.67
508492.406000,0.788,-0.104,-0.69,13.61,4.88,7.42
508492.453000,0.734,-0.113,-0.558,4.39,5.58,-9.98
508492.500000,0.76,-0.001,-0.594,4.27,5.92,-8.79
508492.546000,0.754,-0.068,-0.545,3.36,-7.84,5.31
508492.593000,0.763,-0.094,-0.641,-2.72,0.15,-4.43
508492.640000,0.76,-0.13,-0.552,6.23,0.15,5.37
508492.687000,0.767,-0.106,-0.615,-3.6,-5.74,-3.33
508492.734000,0.747,-0.121,-0.57,2.32,-2.75,4.85
508492.781000,0.766,-0.097,-0.592,7.51,1.68,-1.65
508492.828000,0.773,-0.082,-0.578,-7.35,-3.94,-8.21
508492.875000,0.796,-0.118,-0.637,-2.35,1.16,1.1
508492.921000,0.777,-0.117,-0.641,-3.63,-3.63,2.9
508492.968000,0.789,-0.123,-0.632,-1.22,1.4,4.21
508493.015000,0.762,-0.103,-0.571,-0.76,-0.98,4.15
508493.062000,0.753,-0.074,-0.566,-9.61,1.13,0.7
508493.109000,0.767,-0.12,-0.597,-8.51,-5.65,7.78
508493.171000,0.761,-0.141,-0.617,-5.98,-0.06,2.04
508493.218000,0.767,-0.139,-0.601,0.21,-5.07,6.53
508493.265000,0.754,-0.146,-0.603,0.85,-1.8,0.34
508493.312000,0.77,-0.113,-0.615,1.71,-4.0,1.34
508493.359000,0.763,-0.123,-0.617,1.4,3.63,-2.62
508493.406000,0.767,-0.104,-0.61,-0.82,-3.3,-0.64
508493.453000,0.746,-0.159,-0.624,4.09,1.13,4.79
508493.500000,0.762,-0.155,-0.626,3.11,-1.25,-0.76
508493.546000,0.754,-0.14,-0.611,6.32,3.2,1.98
508493.593000,0.757,-0.153,-0.626,2.59,-2.35,-2.99
508493.640000,0.761,-0.128,-0.602,4.46,5.28,-4.09
508493.687000,0.753,-0.106,-0.603,0.43,-1.56,-2.84
508493.734000,0.756,-0.151,-0.61,6.9,3.02,2.26
508493.781000,0.738,-0.129,-0.578,4.61,1.74,-3.11
508493.828000,0.752,-0.116,-0.586,4.12,2.5,-1.34
508493.875000,0.774,-0.142,-0.617,3.39,-3.08,1.53
508493.921000,0.753,-0.132,-0.58,1.8,0.18,0.18
508493.968000,0.793,-0.164,-0.626,2.87,0.21,3.57
508494.015000,0.768,-0.13,-0.608,2.17,3.23,-4.0
508494.062000,0.764,-0.124,-0.585,-1.34,0.58,-3.02
508494.109000,0.76,-0.113,-0.599,-1.77,0.31,-1.62
508494.156000,0.747,-0.144,-0.606,-3.57,0.09,-1.1
508494.203000,0.757,-0.142,-0.614,-1.19,1.89,0.43
508494.250000,0.758,-0.16,-0.616,0.31,0.37,-0.37
508494.296000,0.734,-0.125,-0.593,0.24,3.57,-0.64
508494.343000,0.754,-0.138,-0.605,-0.95,1.04,-2.04
508494.406000,0.753,-0.111,-0.594,-1.62,-1.28,-1.04
508494.453000,0.753,-0.131,-0.595,-0.73,-2.99,0.03
508494.500000,0.763,-0.091,-0.604,-3.39,-1.74,-1.34
508494.546000,0.769,-0.157,-0.624,-1.43,-4.73,3.14
508494.593000,0.762,-0.125,-0.617,-0.64,0.43,1.22
508494.640000,0.756,-0.139,-0.587,-0.76,-3.6,3.23
508494.687000,0.735,-0.125,-0.63,-1.1,-1.04,2.93
508494.734000,0.755,-0.117,-0.636,-0.31,-4.67,2.32
508494.781000,0.751,-0.132,-0.691,4.94,0.27,6.23
508494.828000,0.717,-0.236,-0.759,8.85,0.4,3.02
508494.875000,0.752,-0.192,-0.802,28.93,20.26,-10.41
508494.921000,0.715,-0.182,-0.789,32.78,14.34,-0.03
508494.968000,0.659,-0.154,-0.758,49.81,46.24,-19.47
508495.015000,0.7,-0.184,-0.643,54.32,35.83,-22.64
508495.062000,0.708,-0.101,-0.735,49.38,50.45,-22.34
508495.109000,0.719,-0.284,-0.52,52.92,25.76,-7.57
508495.156000,0.809,-0.166,-0.541,39.64,22.8,-6.41
508495.203000,0.785,-0.291,-0.476,30.79,-6.2,0.24
508495.250000,0.92,-0.176,-0.518,21.27,14.16,-18.95
508495.296000,0.797,-0.256,-0.32,18.52,10.07,3.69
508495.343000,0.966,-0.234,-0.415,14.4,8.61,-17.88
508495.406000,0.924,-0.135,-0.32,3.54,33.78,-12.05
508495.453000,0.967,-0.12,-0.313,-3.48,39.25,-4.61
508495.500000,0.901,-0.144,-0.297,-18.46,41.57,-5.52
508495.546000,0.867,-0.219,-0.234,-12.21,33.97,9.31
508495.593000,0.824,-0.297,-0.199,-31.89,27.44,4.21
508495.640000,0.968,-0.216,-0.227,-24.72,24.87,-1.07
508495.687000,0.953,-0.208,-0.232,-26.98,35.55,-4.61
508495.734000,0.9,-0.184,-0.115,-24.45,45.99,6.38
508495.781000,0.912,-0.177,-0.078,-17.15,37.17,5.89
508495.828000,0.94,-0.219,-0.027,-17.58,25.85,7.17
508495.875000,0.966,-0.196,-0.034,-34.79,22.74,-1.01
508495.921000,0.931,-0.134,0.014,-32.29,24.6,-8.91
508495.968000,0.923,-0.16,-0.016,-40.38,1.77,-1.31
508496.015000,0.933,-0.174,-0.051,-32.44,-2.26,1.59
508496.062000,0.949,-0.19,-0.1,-31.46,-6.41,-2.44
508496.109000,0.959,-0.177,-0.099,-11.08,1.95,5.13
508496.156000,0.954,-0.122,-0.091,-16.88,-0.79,2.96
508496.203000,0.963,-0.191,-0.144,-7.45,-5.19,6.84
508496.265000,0.937,-0.175,-0.108,-3.36,-2.93,8.48
508496.312000,0.993,-0.234,-0.21,2.53,-1.53,1.37
508496.359000,0.947,-0.179,-0.153,7.9,7.78,-3.39
508496.406000,0.965,-0.215,-0.184,5.01,2.11,-1.71
508496.453000,0.944,-0.172,-0.17,9.0,4.52,-6.41
508496.500000,0.972,-0.199,-0.181,7.05,3.97,-2.11
508496.546000,0.949,-0.193,-0.158,12.02,2.26,-4.0
508496.593000,0.943,-0.16,-0.174,6.99,6.2,-8.39
508496.640000,0.943,-0.15,-0.189,3.6,-1.74,-2.5
508496.687000,0.922,-0.159,-0.17,2.38,0.21,-2.17
508496.734000,0.944,-0.184,-0.167,1.77,2.04,-1.86
508496.781000,0.965,-0.158,-0.163,-0.18,2.5,-2.9
508496.828000,0.975,-0.151,-0.177,0.67,3.08,-1.04
508496.875000,0.959,-0.17,-0.14,-0.18,2.04,-1.19
508496.921000,0.957,-0.167,-0.143,-0.18,5.83,-1.5
508496.968000,0.961,-0.169,-0.142,-3.51,6.16,-1.71
508497.015000,0.951,-0.15,-0.122,-1.62,7.54,-2.08
508497.062000,0.96,-0.17,-0.156,-3.63,3.08,-1.43
508497.109000,0.954,-0.148,-0.104,-1.16,4.73,-2.11
508497.156000,1.012,-0.162,-0.088,-0.15,2.23,0.98
508497.203000,0.993,-0.18,-0.101,4.88,7.78,0.61
508497.250000,0.929,-0.172,-0.033,8.58,10.9,-6.07
508497.312000,0.94,-0.128,-0.052,13.18,1.68,-3.48
508497.359000,0.943,-0.2,0.009,20.63,-8.51,6.62
508497.406000,0.959,-0.196,0.049,29.18,-12.36,2.11
508497.453000,0.957,-0.254,0.121,39.16,-10.53,-7.57
508497.500000,0.985,-0.067,0.284,43.89,7.23,-27.5
508497.546000,0.987,-0.089,0.397,25.51,-5.58,-20.6
508497.593000,0.918,-0.253,0.274,22.06,-20.36,-6.62
508497.640000,1.021,-0.096,0.323,24.84,0.58,-33.75
508497.703000,0.819,-0.045,0.171,-25.3,-35.52,-5.62
508497.750000,0.943,-0.141,-0.281,-3.57,-2.53,-14.31
508497.796000,0.694,-0.211,-0.374,-33.75,-103.98,34.91
508497.843000,0.931,-0.16,-0.79,-21.67,-36.71,-14.71
508497.890000,0.72,0.05,-0.469,-48.68,-61.77,-23.35
508497.937000,0.66,0.2,-0.731,-40.01,-69.77,-5.01
508497.984000,0.642,0.136,-0.842,-64.33,-97.23,4.46
508498.031000,0.651,0.014,-0.917,-60.85,-70.47,21.52
508498.078000,0.963,-0.118,-1.128,-40.89,-48.25,-0.76
508498.125000,0.978,-0.227,-0.819,25.64,-0.79,42.54
508498.171000,0.818,0.04,-0.648,8.55,6.99,-7.93
508498.218000,0.899,0.016,-0.661,22.86,12.85,14.95
508498.265000,0.768,-0.016,-0.509,1.62,2.35,4.06
508498.312000,0.716,-0.06,-0.553,-7.54,-6.81,8.7
508498.359000,0.822,-0.083,-0.62,-4.15,0.34,-11.63
508498.406000,0.783,-0.022,-0.53,3.11,-2.14,12.15
508498.453000,0.76,-0.131,-0.547,5.92,3.54,13.79
508498.500000,0.78,-0.021,-0.513,-1.22,-2.32,-7.02
508498.546000,0.781,-0.064,-0.56,1.77,-5.34,16.17
508498.593000,0.749,-0.059,-0.539,-11.2,-6.62,-7.35
508498.640000,0.773,-0.055,-0.541,-9.0,-13.43,9.13
508498.687000,0.818,-0.1,-0.61,-4.88,-15.63,4.03
508498.734000,0.797,-0.041,-0.567,-0.27,-2.41,4.27
508498.781000,0.833,-0.096,-0.658,0.7,-8.85,9.55
508498.828000,0.784,-0.071,-0.561,-1.5,-1.19,2.9
508498.875000,0.796,-0.067,-0.637,-2.29,-7.11,7.35
508498.921000,0.761,-0.112,-0.566,-3.14,-1.86,7.26
508498.968000,0.764,-0.079,-0.619,-5.49,-2.99,4.82
508499.015000,0.767,-0.102,-0.601,-4.55,-2.72,3.91
508499.062000,0.767,-0.093,-0.586,-0.89,1.13,4.03
508499.109000,0.752,-0.085,-0.627,-0.18,-1.1,2.5
508499.156000,0.747,-0.115,-0.587,-4.27,-2.08,1.4
508499.203000,0.749,-0.086,-0.609,0.46,-0.31,2.69
508499.250000,0.763,-0.107,-0.615,-1.19,-3.33,4.33
508499.296000,0.755,-0.105,-0.62,-0.89,-3.63,3.02
508499.343000,0.755,-0.104,-0.607,0.82,-0.98,5.07
508499.390000,0.763,-0.098,-0.615,-2.14,-1.19,-1.56
508499.437000,0.779,-0.106,-0.654,2.56,-1.28,3.48
508499.484000,0.729,-0.103,-0.583,-2.14,-0.21,1.28
508499.531000,0.755,-0.098,-0.643,-1.1,-0.21,1.46
508499.578000,0.764,-0.114,-0.611,0.82,0.03,2.35
508499.640000,0.745,-0.101,-0.597,1.31,2.78,2.87
508499.687000,0.738,-0.091,-0.616,0.12,-0.09,4.61
508499.734000,0.761,-0.142,-0.624,-1.31,-1.4,2.59
508499.781000,0.759,-0.106,-0.616,2.93,-0.4,3.57
508499.828000,0.729,-0.125,-0.613,1.1,-0.03,4.52
508499.875000,0.761,-0.119,-0.638,3.6,0.55,0.85
508499.921000,0.755,-0.122,-0.617,3.66,-0.43,3.54
508499.968000,0.737,-0.108,-0.601,2.26,0.98,1.4
508500.015000,0.771,-0.115,-0.607,0.52,1.5,1.01
508500.078000,0.765,-0.146,-0.627,4.67,2.59,5.1
508500.140000,0.756,-0.142,-0.616,3.11,1.98,1.13
508500.187000,0.732,-0.118,-0.593,-1.95,1.4,-1.92
508500.234000,0.76,-0.127,-0.622,1.86,3.14,-1.04
508500.281000,0.741,-0.129,-0.614,0.03,0.03,1.71
508500.328000,0.745,-0.133,-0.609,1.56,2.04,1.37
508500.375000,0.763,-0.142,-0.624,-0.06,-1.65,0.61
508500.421000,0.739,-0.129,-0.593,0.76,-0.15,-0.34
508500.468000,0.744,-0.116,-0.609,-1.04,-2.11,-0.21
508500.515000,0.759,-0.138,-0.618,1.1,0.09,3.42
508500.562000,0.756,-0.143,-0.616,0.0,-2.11,1.01
508500.609000,0.755,-0.128,-0.62,0.7,1.37,0.79
508500.656000,0.76,-0.156,-0.624,1.68,0.24,1.89
508500.703000,0.751,-0.133,-0.603,0.85,0.61,1.01
508500.750000,0.754,-0.147,-0.616,-0.15,1.92,0.15
508500.796000,0.744,-0.139,-0.615,0.31,-0.27,-0.09
508500.843000,0.742,-0.136,-0.615,0.52,-0.27,2.66
508500.890000,0.742,-0.143,-0.61,0.12,-1.16,0.46
508500.937000,0.733,-0.138,-0.611,0.98,-0.85,1.98
508500.984000,0.744,-0.14,-0.617,-1.07,-1.77,-1.74
508501.031000,0.743,-0.138,-0.617,0.95,-1.62,2.81
508501.093000,0.751,-0.153,-0.642,1.04,-0.15,0.03
508501.140000,0.747,-0.15,-0.631,3.3,-1.98,5.52
508501.203000,0.738,-0.155,-0.617,0.27,1.31,-1.22
508501.250000,0.741,-0.152,-0.639,1.8,1.43,1.25
508501.296000,0.732,-0.128,-0.619,1.56,2.62,-0.31
508501.343000,0.744,-0.167,-0.686,6.9,-1.28,9.06
508501.390000,0.72,-0.145,-0.591,1.98,7.35,-6.62
508501.437000,0.758,-0.185,-0.682,7.48,-4.36,8.27
508501.484000,0.723,-0.199,-0.668,13.12,16.66,-9.77
508501.531000,0.692,-0.247,-0.861,19.47,-8.79,3.11
508501.578000,0.645,-0.218,-1.008,54.29,12.36,-8.85
508501.625000,0.479,-0.139,-1.35,67.51,1.28,1.46
508501.671000,0.524,-0.233,-1.299,105.87,39.7,-8.03
508501.718000,0.543,-0.083,-0.98,80.75,36.81,-36.29
508501.765000,0.709,-0.319,-0.593,63.26,23.19,-22.4
508501.812000,0.948,-0.135,-0.29,2.84,41.44,-40.96
508501.859000,0.907,-0.144,-0.111,7.02,78.95,-37.63
508501.906000,1.01,-0.025,0.057,-3.02,70.65,-53.35
508501.953000,0.834,-0.064,0.174,-41.35,51.88,-0.7
508502.000000,0.865,-0.484,-0.169,-23.44,19.32,24.23
508502.046000,0.853,-0.459,-0.134,-34.91,58.96,-4.76
508502.093000,0.942,-0.338,-0.048,12.36,44.59,-4.67
508502.140000,0.944,-0.129,0.008,-8.09,49.5,-20.23
508502.187000,0.896,-0.069,0.108,0.0,28.08,-2.84
508502.234000,0.88,-0.066,0.056,-45.23,15.99,-2.2
508502.281000,0.939,-0.165,-0.031,-23.44,-4.39,16.75
508502.328000,1.001,-0.332,-0.172,-18.04,3.81,4.43
508502.375000,0.998,-0.281,-0.155,2.2,10.38,3.85
508502.437000,0.983,-0.148,-0.081,2.44,15.96,-5.55
508502.484000,0.955,-0.179,-0.133,2.96,9.03,-0.4
508502.531000,0.919,-0.188,-0.116,2.08,9.16,0.31
508502.578000,0.942,-0.158,-0.126,-2.62,1.89,-4.39
508502.640000,0.96,-0.209,-0.142,4.12,6.71,4.94
508502.687000,0.951,-0.173,-0.123,-8.73,1.34,-9.34
508502.734000,0.97,-0.18,-0.143,-10.44,-0.46,-0.46
508502.781000,0.946,-0.175,-0.104,-16.82,2.47,-7.63
508502.828000,0.971,-0.168,-0.141,-14.28,1.43,-6.29
508502.875000,0.96,-0.17,-0.147,-4.97,4.09,-3.57
508502.921000,0.972,-0.144,-0.158,-11.75,2.56,-8.94
508502.968000,0.945,-0.173,-0.104,-5.31,1.83,1.16
508503.015000,0.942,-0.137,-0.115,-5.49,-0.46,-1.59
508503.062000,0.964,-0.161,-0.164,-0.46,-1.43,4.21
508503.109000,0.96,-0.153,-0.123,-4.88,1.1,-1.34
508503.156000,0.995,-0.168,-0.179,0.4,2.75,2.5
508503.203000,0.959,-0.185,-0.102,0.79,7.39,1.01
508503.250000,0.962,-0.147,-0.102,-2.84,8.64,-3.6
508503.296000,0.93,-0.18,-0.011,6.07,1.5,4.0
508503.343000,0.925,-0.176,0.022,7.39,-8.0,-1.46
508503.390000,0.94,-0.234,0.131,12.67,-8.42,-5.43
508503.437000,0.958,-0.115,0.213,24.57,-9.7,-19.1
508503.484000,0.859,-0.052,0.341,6.65,-16.24,-26.37
508503.531000,0.941,-0.216,0.152,19.81,-35.16,-9.28
508503.578000,0.921,-0.12,0.062,10.47,-24.93,-37.14
508503.625000,1.049,-0.185,0.012,28.5,-44.62,-4.82
508503.671000,0.884,0.017,0.001,-0.58,-26.86,-30.34
508503.718000,0.961,-0.065,-0.185,5.95,-60.73,9.19
508503.765000,0.85,-0.098,-0.374,-18.31,-59.54,15.5
508503.812000,0.921,-0.083,-0.512,-19.56,-48.59,10.47
508503.859000,0.859,-0.165,-0.646,-33.08,-52.28,19.1
508503.921000,0.707,0.097,-0.559,-54.51,-25.91,-14.98
508503.968000,0.799,-0.015,-0.838,-42.36,-79.59,39.28
508504.015000,0.662,0.018,-0.725,-44.5,-60.52,33.69
508504.062000,0.731,0.037,-0.877,-33.11,-16.21,8.51
508504.109000,0.705,0.013,-0.677,-38.45,-33.57,14.92
508504.156000,0.671,-0.02,-0.754,-23.71,-23.96,23.19
508504.203000,0.736,0.007,-0.796,-28.41,-34.73,10.99
508504.250000,0.808,-0.116,-0.817,3.85,-1.68,33.91
508504.296000,0.798,-0.202,-0.797,6.84,0.31,10.99
508504.343000,0.753,-0.034,-0.617,14.71,10.83,12.15
508504.390000,0.718,-0.096,-0.571,2.96,-0.34,3.75
508504.437000,0.704,-0.083,-0.584,10.28,11.78,11.75
508504.484000,0.684,-0.108,-0.555,-2.38,-5.28,-0.15
508504.531000,0.724,-0.131,-0.62,8.12,6.04,6.5
508504.578000,0.754,-0.12,-0.595,4.85,-4.79,-0.52
508504.625000,0.739,-0.122,-0.58,6.84,-1.59,11.72
508504.671000,0.78,-0.141,-0.64,-1.89,-3.75,0.34
508504.718000,0.752,-0.118,-0.62,1.71,-1.53,4.85
508504.765000,0.743,-0.141,-0.61,-0.82,-3.3,6.53
508504.812000,0.762,-0.17,-0.633,2.78,-3.94,7.51
508504.859000,0.732,-0.163,-0.618,1.1,-1.04,4.24
508504.906000,0.734,-0.158,-0.629,-0.64,-8.42,4.85
508504.953000,0.738,-0.189,-0.626,3.66,0.7,6.53
508505.000000,0.735,-0.182,-0.631,2.56,-0.89,0.24
508505.046000,0.745,-0.172,-0.647,2.99,0.21,4.09
508505.093000,0.737,-0.183,-0.619,3.23,2.04,1.92
508505.140000,0.74,-0.168,-0.621,-0.31,0.98,-2.84
508505.187000,0.736,-0.174,-0.632,1.1,-0.76,3.48
508505.234000,0.744,-0.174,-0.653,-2.5,-0.55,-3.48
508505.281000,0.73,-0.176,-0.609,1.5,2.01,1.13
508505.328000,0.719,-0.186,-0.635,1.07,0.27,0.0
508505.375000,0.724,-0.167,-0.614,1.16,2.04,-1.71
508505.421000,0.741,-0.172,-0.641,0.06,-2.75,-2.11
508505.468000,0.724,-0.156,-0.619,2.04,1.22,-0.49
508505.515000,0.742,-0.174,-0.634,-0.37,-0.92,-1.37
508505.562000,0.737,-0.17,-0.634,3.91,-1.74,3.27
508505.609000,0.715,-0.158,-0.58,-1.59,-0.76,-1.8
508505.656000,0.731,-0.161,-0.641,1.95,-1.22,2.38
508505.703000,0.728,-0.179,-0.633,-0.37,-0.67,-1.19
508505.750000,0.734,-0.177,-0.632,2.72,-1.83,2.84
508505.796000,0.733,-0.18,-0.626,1.19,-0.64,0.31
508505.843000,0.748,-0.183,-0.661,2.66,3.6,0.12
508505.890000,0.736,-0.177,-0.637,-0.61,-2.23,-0.98
508505.937000,0.74,-0.199,-0.611,3.94,6.68,1.92
508505.984000,0.74,-0.18,-0.653,1.56,2.04,1.07
508506.031000,0.725,-0.184,-0.611,1.53,4.46,0.79
508506.078000,0.73,-0.193,-0.626,0.46,2.53,-1.71
508506.125000,0.716,-0.177,-0.614,0.95,0.7,3.11
508506.171000,0.724,-0.204,-0.621,-0.64,-2.08,0.4
508506.218000,0.715,-0.167,-0.628,-2.9,1.62,-3.75
508506.265000,0.734,-0.194,-0.639,-1.22,-2.44,1.5
508506.312000,0.735,-0.178,-0.626,-1.68,-2.11,-2.53
508506.359000,0.732,-0.181,-0.643,-0.85,1.43,0.82
508506.406000,0.739,-0.178,-0.618,-0.4,-2.59,-0.27
508506.453000,0.716,-0.182,-0.629,0.46,0.52,1.65
508506.500000,0.73,-0.193,-0.621,0.95,-2.04,3.23
508506.546000,0.71,-0.179,-0.613,0.12,0.76,-1.04
508506.593000,0.726,-0.179,-0.66,0.34,-3.72,2.23
508506.640000,0.726,-0.189,-0.646,2.14,-1.5,2.75
508506.687000,0.734,-0.188,-0.63,0.82,-1.1,1.89
508506.734000,0.738,-0.196,-0.647,-0.31,1.4,1.16
508506.781000,0.732,-0.184,-0.64,1.22,1.25,1.62
508506.828000,0.73,-0.21,-0.638,-0.09,1.62,0.61
508506.875000,0.72,-0.186,-0.628,1.43,0.27,2.99
508506.921000,0.724,-0.2,-0.633,-0.49,0.95,0.67
508506.968000,0.721,-0.2,-0.629,0.92,-0.21,0.34
508507.015000,0.719,-0.178,-0.627,-0.61,2.38,-2.5
508507.062000,0.713,-0.199,-0.621,-0.37,-2.23,1.98
508507.109000,0.723,-0.192,-0.629,-1.4,-0.52,-1.19
508507.156000,0.725,-0.198,-0.641,1.8,-1.8,2.66
508507.203000,0.715,-0.21,-0.615,0.98,-0.4,-0.49
508507.250000,0.727,-0.197,-0.68,0.09,-2.41,-1.04
508507.296000,0.711,-0.183,-0.62,0.7,0.24,0.76
508507.343000,0.739,-0.208,-0.655,2.53,-1.31,2.41
508507.390000,0.721,-0.178,-0.637,1.98,1.5,-0.09
508507.437000,0.705,-0.248,-0.719,8.18,-3.51,7.05
508507.484000,0.695,-0.286,-0.837,18.68,6.2,-2.99
508507.531000,0.601,-0.311,-0.991,53.04,13.09,-12.91
508507.578000,0.565,-0.198,-1.235,78.89,30.4,-41.78
508507.625000,0.445,-0.174,-1.096,88.75,31.86,-37.72
508507.671000,0.618,-0.245,-0.98,101.5,19.96,-36.84
508507.718000,0.682,-0.206,-0.717,63.36,36.59,-57.13
508507.765000,0.925,-0.145,-0.456,30.43,25.67,-28.63
508507.812000,0.827,-0.191,-0.133,4.46,35.52,-39.49
508507.859000,0.985,-0.092,-0.169,-20.87,36.93,-46.11
508507.906000,0.852,-0.243,-0.085,-13.79,33.63,7.08
508507.953000,0.984,-0.27,-0.249,-15.96,38.15,-1.19
508508.000000,0.913,-0.19,-0.136,-36.01,64.88,-12.21
508508.046000,0.887,-0.156,-0.094,-18.1,50.23,-0.4
508508.093000,0.845,-0.152,0.021,-31.19,58.87,-0.06
508508.140000,0.928,-0.061,0.025,-40.86,32.29,-0.95
508508.187000,0.91,-0.074,0.003,-38.48,25.03,4.61
508508.250000,0.917,-0.238,-0.135,-31.19,8.39,13.0
508508.296000,0.967,-0.216,-0.155,-16.14,20.42,-7.66
508508.343000,1.0,-0.166,-0.089,2.9,23.93,-1.25
508508.390000,0.99,-0.078,-0.084,-4.85,24.84,-9.19
508508.437000,0.962,-0.124,-0.056,-4.24,13.55,3.05
508508.484000,0.941,-0.155,-0.104,-1.86,4.06,5.49
508508.531000,0.951,-0.141,-0.098,5.22,-1.13,0.98
508508.578000,0.985,-0.107,-0.151,-1.22,-1.07,-3.85
508508.625000,0.954,-0.134,-0.146,3.3,0.21,4.15
508508.671000,0.954,-0.132,-0.124,-2.96,4.76,0.4
508508.718000,0.955,-0.153,-0.139,-1.1,-3.6,3.27
508508.765000,0.958,-0.13,-0.145,-4.3,-4.46,-2.23
508508.812000,0.959,-0.128,-0.141,0.64,-5.13,-0.15
508508.859000,0.971,-0.139,-0.174,-1.56,-1.19,-1.4
508508.906000,0.957,-0.123,-0.126,4.82,0.79,0.67
508508.953000,0.955,-0.14,-0.147,-3.85,-4.15,1.07
508509.000000,0.953,-0.15,-0.103,2.87,-0.24,2.08
508509.046000,0.912,-0.162,-0.037,1.34,-4.67,0.61
508509.093000,0.937,-0.134,0.039,-0.67,-10.86,-0.12
508509.140000,0.91,-0.088,0.157,-11.69,1.01,-15.08
508509.187000,0.89,-0.147,0.21,-9.55,-16.11,-12.12
508509.234000,0.845,-0.076,0.297,-7.81,-8.51,-27.59
508509.281000,0.944,-0.223,0.19,-5.19,-42.66,-6.38
508509.328000,0.998,-0.014,0.107,6.68,-15.41,-27.44
508509.375000,0.963,-0.334,-0.185,-11.41,-99.86,27.83
508509.421000,1.0,-0.063,-0.298,-12.7,-12.18,-31.31
508509.468000,0.951,-0.024,-0.307,-1.1,-64.36,20.72
508509.515000,0.705,-0.017,-0.537,-32.84,-38.0,-5.52
508509.562000,0.869,-0.128,-1.069,2.69,-61.89,27.1
508509.609000,0.634,0.016,-0.472,-35.04,-8.91,-30.85
508509.656000,0.835,0.231,-1.137,-44.5,-68.82,-19.32
508509.703000,0.704,0.203,-0.799,-39.37,-40.35,24.78
508509.750000,0.763,0.1,-1.0,-39.06,-53.19,32.99
508509.796000,0.743,-0.193,-0.787,-12.45,-37.45,50.2
508509.843000,0.808,-0.193,-0.882,-8.7,-7.14,1.74
508509.890000,0.72,-0.054,-0.607,17.55,7.93,15.38
508509.937000,0.766,0.002,-0.688,9.52,4.06,-7.08
508509.984000,0.726,-0.069,-0.578,6.38,-3.05,10.28
508510.031000,0.764,0.024,-0.593,11.63,13.49,10.56
508510.078000,0.744,-0.109,-0.582,-1.1,-10.93,10.01
508510.125000,0.788,-0.047,-0.622,3.66,11.72,1.04
508510.171000,0.75,-0.079,-0.608,-0.24,3.97,2.72
508510.234000,0.753,-0.128,-0.532,4.52,8.06,11.47
508510.281000,0.792,-0.069,-0.606,-3.63,1.77,-0.89
508510.328000,0.783,-0.172,-0.573,-0.52,-1.86,9.03
508510.375000,0.773,-0.114,-0.594,-0.7,5.74,-5.46
508510.421000,0.774,-0.103,-0.556,1.86,-0.92,3.97
508510.468000,0.777,-0.13,-0.569,1.68,2.59,4.43
508510.515000,0.759,-0.104,-0.554,-3.45,-4.0,-1.07
508510.562000,0.802,-0.137,-0.588,5.01,2.62,7.08
508510.609000,0.764,-0.154,-0.572,-3.6,-3.54,-2.44
508510.656000,0.773,-0.132,-0.587,4.88,1.65,7.54
508510.703000,0.784,-0.142,-0.602,1.01,-2.81,3.51
508510.750000,0.77,-0.148,-0.589,1.5,-1.43,2.2
508510.796000,0.792,-0.133,-0.574,-4.43,-2.23,-2.08
508510.843000,0.779,-0.125,-0.601,1.37,-0.52,3.75
508510.890000,0.778,-0.144,-0.601,-3.3,-2.14,-1.68
508510.937000,0.778,-0.125,-0.607,-0.82,0.46,1.07
508510.984000,0.784,-0.139,-0.617,-0.46,-0.43,-2.01
508511.031000,0.77,-0.132,-0.587,2.32,1.43,1.13
508511.078000,0.749,-0.127,-0.562,0.27,2.41,0.18
508511.125000,0.769,-0.123,-0.577,-2.35,0.85,-3.57
508511.171000,0.776,-0.11,-0.593,-0.03,-1.89,0.4
508511.218000,0.775,-0.143,-0.596,0.34,-1.43,2.53
508511.265000,0.777,-0.133,-0.616,-0.43,0.06,-0.98
508511.312000,0.775,-0.127,-0.587,-1.5,-2.01,0.4
508511.359000,0.776,-0.14,-0.613,-0.76,-0.21,1.22
508511.406000,0.773,-0.137,-0.596,-1.46,2.08,-4.36
508511.453000,0.776,-0.137,-0.598,3.05,2.2,1.83
508511.500000,0.757,-0.12,-0.579,0.18,1.86,-1.04
508511.546000,0.764,-0.136,-0.578,0.98,1.01,-0.73
508511.593000,0.758,-0.124,-0.582,2.29,1.28,2.56
508511.640000,0.773,-0.125,-0.599,2.11,-0.64,2.01
508511.687000,0.77,-0.135,-0.593,1.01,1.28,-2.78
508511.734000,0.777,-0.111,-0.594,0.43,-1.74,1.07
508511.781000,0.766,-0.141,-0.594,0.09,-0.21,1.53
508511.828000,0.765,-0.131,-0.581,0.15,-0.64,-0.31
508511.875000,0.755,-0.125,-0.616,2.59,-0.4,1.98
508511.921000,0.704,-0.163,-0.658,6.2,-7.42,8.0
508511.968000,0.721,-0.314,-0.941,25.88,-6.04,4.49
508512.015000,0.674,-0.201,-1.111,82.89,19.41,-23.41
508512.062000,0.571,-0.098,-1.165,93.48,51.79,-24.48
508512.109000,0.542,-0.071,-1.083,103.06,46.36,-27.74
508512.156000,0.67,-0.049,-0.72,83.22,29.18,-20.26
508512.203000,0.843,-0.107,-0.358,35.16,22.68,-50.11
508512.250000,0.853,-0.23,-0.193,31.62,19.29,0.31
508512.296000,0.97,-0.297,-0.195,25.64,13.37,-23.93
508512.343000,0.972,-0.128,-0.172,-20.29,26.06,-26.52
508512.390000,0.974,-0.284,-0.162,23.01,22.25,18.89
508512.437000,0.966,-0.142,-0.239,-50.17,60.7,-22.95
508512.484000,0.946,-0.191,-0.169,-3.63,61.77,7.32
508512.531000,0.874,-0.217,-0.144,-26.76,84.44,-14.86
508512.578000,0.867,-0.186,0.075,-12.21,82.83,-11.32
508512.625000,0.836,-0.138,0.157,-23.77,76.2,-13.09
508512.671000,0.912,-0.083,0.184,-33.3,24.26,-17.52
508512.718000,0.917,-0.082,0.123,-49.1,-12.18,2.11
508512.765000,1.029,-0.204,-0.095,-24.17,-14.34,6.47
508512.812000,1.01,-0.13,-0.034,-29.27,7.42,-5.62
508512.859000,0.998,-0.105,-0.058,-13.06,6.01,1.22
508512.906000,0.933,-0.095,0.0,-16.11,3.88,-2.78
508512.968000,0.978,-0.149,-0.098,-7.11,-2.2,-0.79
508513.015000,0.99,-0.098,-0.101,1.34,-1.25,3.14
508513.062000,0.96,-0.118,-0.07,-3.91,0.18,-3.57
508513.109000,0.964,-0.103,-0.077,0.67,-6.32,-1.04
508513.156000,0.971,-0.111,-0.114,4.06,-5.25,1.04
508513.203000,0.991,-0.112,-0.183,8.21,-2.26,0.89
508513.250000,0.965,-0.106,-0.082,1.37,2.56,-0.85
508513.296000,0.982,-0.122,-0.146,3.75,-0.46,-1.89
508513.343000,0.984,-0.111,-0.116,2.96,1.19,-2.87
508513.390000,0.945,-0.103,-0.113,12.15,-6.16,6.96
508513.437000,0.971,-0.125,-0.139,-0.37,1.89,3.39
508513.484000,0.925,-0.129,-0.093,8.27,-1.62,2.14
508513.531000,0.948,-0.113,-0.098,-0.55,-4.39,0.73
508513.578000,0.943,-0.126,-0.108,6.87,-9.89,-0.09
508513.625000,0.954,-0.117,-0.021,8.36,-9.98,1.43
508513.671000,0.903,-0.101,0.181,12.91,-3.11,-2.96
508513.718000,0.752,0.041,0.418,-0.89,-17.03,-11.41
508513.765000,0.791,-0.001,0.326,-3.05,-51.39,-0.06
508513.812000,0.965,-0.13,0.124,-7.17,-49.96,1.01
508513.859000,1.088,-0.232,-0.011,-4.39,-30.03,-2.14
508513.906000,1.001,-0.211,0.051,-9.37,-9.19,-8.85
508513.953000,0.971,-0.375,-0.22,-7.97,-80.94,15.41
508514.000000,0.879,-0.096,-0.104,-15.59,-36.26,-30.09
508514.046000,0.851,-0.112,-0.493,-34.46,-101.05,13.21
508514.093000,0.822,-0.167,-0.63,-11.38,-67.05,-1.34
508514.140000,0.843,0.06,-0.764,-44.77,-46.05,-22.34
508514.187000,0.763,0.072,-0.955,-30.4,-53.96,11.81
508514.234000,0.586,0.073,-0.728,-38.21,-26.92,23.19
508514.281000,0.738,0.036,-1.001,-32.01,-40.89,18.46
508514.328000,0.571,0.06,-0.812,-18.83,-19.56,17.15
508514.375000,0.722,0.017,-0.887,-34.06,-32.01,9.61
508514.421000,0.741,-0.134,-0.737,17.06,15.23,27.13
508514.468000,0.777,-0.123,-0.773,9.98,-4.91,2.17
508514.531000,0.726,-0.047,-0.597,20.02,2.62,6.84
508514.578000,0.776,-0.012,-0.64,11.05,-2.32,-2.08
508514.625000,0.701,-0.013,-0.572,3.11,-9.61,9.8
508514.671000,0.769,-0.079,-0.648,7.14,-4.91,8.45
508514.718000,0.721,-0.106,-0.605,2.5,-2.47,12.85
508514.765000,0.763,-0.094,-0.631,2.11,-3.14,9.37
508514.812000,0.756,-0.135,-0.618,-2.35,-3.72,3.36
508514.859000,0.733,-0.153,-0.614,0.67,2.99,5.49
508514.906000,0.766,-0.152,-0.635,-2.29,-2.38,2.08
508514.953000,0.767,-0.126,-0.611,0.89,-0.95,2.35
508515.015000,0.752,-0.159,-0.595,1.25,4.67,4.12
508515.062000,0.747,-0.15,-0.611,2.11,4.61,3.08
508515.109000,0.72,-0.17,-0.591,0.12,2.69,2.38
508515.156000,0.735,-0.156,-0.605,1.68,0.52,2.78
508515.203000,0.727,-0.148,-0.61,-1.25,1.62,0.46
508515.250000,0.752,-0.145,-0.622,0.67,-3.81,4.49
508515.296000,0.749,-0.142,-0.605,0.4,-2.23,2.41
508515.343000,0.735,-0.144,-0.623,-0.24,-1.25,5.31
508515.390000,0.747,-0.148,-0.631,-1.1,-3.42,0.73
508515.437000,0.729,-0.137,-0.612,0.21,-1.74,6.35
508515.484000,0.735,-0.178,-0.632,0.52,-5.16,7.26
508515.531000,0.723,-0.18,-0.615,-0.21,-4.06,0.73
508515.578000,0.736,-0.162,-0.639,-3.88,-1.43,-3.48
508515.625000,0.737,-0.155,-0.653,1.16,-0.46,0.34
508515.671000,0.734,-0.148,-0.634,-1.34,-2.01,-0.4
508515.718000,0.75,-0.168,-0.633,-0.12,1.37,-0.37
508515.765000,0.739,-0.161,-0.661,0.06,2.69,-2.23
508515.828000,0.751,-0.182,-0.646,2.26,0.15,1.71
508515.875000,0.74,-0.174,-0.625,0.67,3.45,-3.54
508515.921000,0.757,-0.164,-0.643,5.04,3.91,1.04
508515.968000,0.731,-0.15,-0.626,4.15,2.29,0.27
508516.015000,0.739,-0.153,-0.615,3.72,3.69,2.11
508516.062000,0.741,-0.162,-0.618,5.04,1.95,2.17
508516.109000,0.715,-0.145,-0.615,-1.16,-2.41,-1.19
508516.156000,0.73,-0.158,-0.611,1.01,1.46,3.08
508516.203000,0.742,-0.156,-0.625,-4.52,-3.33,-1.68
508516.250000,0.758,-0.159,-0.639,-0.92,-1.56,0.89
508516.296000,0.744,-0.176,-0.632,-2.32,-2.29,0.52
508516.343000,0.746,-0.179,-0.627,0.24,1.34,0.73
508516.390000,0.737,-0.162,-0.612,0.67,0.82,1.46
508516.437000,0.721,-0.178,-0.628,-0.58,2.47,0.03
508516.484000,0.721,-0.154,-0.616,-1.56,-0.76,0.12
508516.531000,0.729,-0.179,-0.637,2.14,-1.37,5.68
508516.578000,0.725,-0.166,-0.617,-2.75,1.01,-3.42
508516.625000,0.74,-0.157,-0.635,2.01,0.34,2.84
508516.671000,0.741,-0.164,-0.626,-1.43,1.07,-1.83
508516.718000,0.74,-0.159,-0.652,-0.7,-1.28,1.43
508516.765000,0.741,-0.175,-0.611,-0.64,-0.55,1.34
508516.812000,0.73,-0.169,-0.647,-0.82,1.28,1.16
508516.859000,0.738,-0.17,-0.628,-0.85,-0.89,1.31
508516.921000,0.733,-0.179,-0.617,0.15,1.13,1.25
508516.968000,0.728,-0.167,-0.627,-0.92,2.29,-1.13
508517.015000,0.732,-0.172,-0.652,0.27,-2.62,1.92
508517.062000,0.74,-0.166,-0.638,1.04,2.99,-2.41
508517.109000,0.721,-0.181,-0.659,4.88,0.18,4.88
508517.156000,0.68,-0.214,-0.7,6.81,0.03,-1.22
508517.203000,0.662,-0.3,-0.922,17.18,-2.01,-5.58
508517.250000,0.481,-0.281,-1.041,42.6,13.61,-30.55
508517.296000,0.423,-0.145,-1.095,80.02,12.54,-7.51
508517.343000,0.449,0.009,-1.272,92.62,26.76,-35.28
508517.390000,0.64,-0.226,-0.67,118.81,31.56,-5.65
508517.437000,0.849,-0.133,-0.643,33.85,-1.74,-46.45
508517.484000,0.891,-0.215,-0.371,36.13,3.42,-5.68
508517.531000,0.906,-0.303,-0.3,19.44,33.17,-5.92
508517.578000,0.92,-0.17,-0.325,-18.46,19.47,-15.47
508517.625000,0.909,-0.316,-0.255,-4.09,32.72,-0.82
508517.671000,0.933,-0.232,-0.37,-24.51,46.36,-8.03
508517.718000,0.916,-0.328,-0.23,-19.84,82.64,-0.46
508517.765000,0.855,-0.289,-0.102,-29.66,94.3,-17.21
508517.828000,0.888,-0.294,-0.051,18.52,83.1,-22.98
508517.875000,0.945,-0.146,0.009,-26.4,44.25,-39.49
508517.921000,0.894,-0.047,0.053,-22.71,51.67,-37.81
508517.968000,0.885,-0.135,-0.025,-27.95,5.65,-7.75
508518.015000,0.874,-0.112,-0.03,-31.4,3.3,-12.79
508518.062000,0.946,-0.119,-0.083,-20.26,-3.39,6.04
508518.109000,0.993,-0.114,-0.194,-6.5,-7.29,12.54
508518.156000,0.99,-0.181,-0.139,-3.08,2.47,12.18
508518.203000,1.032,-0.176,-0.162,6.44,0.12,4.15
508518.250000,0.979,-0.158,-0.125,7.87,8.76,-3.39
508518.296000,0.997,-0.146,-0.151,-1.01,2.53,-9.16
508518.343000,0.938,-0.116,-0.113,4.12,5.31,-4.82
508518.390000,0.957,-0.178,-0.154,7.05,5.65,0.61
508518.437000,0.956,-0.115,-0.172,6.13,3.14,-1.46
508518.484000,0.948,-0.141,-0.113,-0.06,0.82,-1.37
508518.531000,0.931,-0.143,-0.13,6.38,-3.27,2.53
508518.578000,0.98,-0.153,-0.148,3.94,2.84,-0.21
508518.625000,0.95,-0.123,-0.109,0.06,-2.69,1.98
508518.671000,0.953,-0.145,-0.135,-9.13,-3.72,1.5
508518.718000,0.957,-0.155,-0.14,-6.81,-4.55,0.34
508518.765000,0.978,-0.121,-0.182,-9.22,-2.59,1.25
508518.812000,0.947,-0.15,-0.128,-11.44,-1.86,1.65
508518.859000,0.952,-0.148,-0.13,-10.32,-1.65,5.01
508518.906000,0.941,-0.209,-0.126,-3.45,0.12,-0.09
508518.953000,0.99,-0.129,-0.114,5.19,0.03,-1.77
508519.000000,0.956,-0.156,-0.068,7.51,-0.79,0.31
508519.046000,0.967,-0.167,-0.026,14.4,-1.1,1.34
508519.093000,0.896,-0.128,0.089,10.13,-3.97,-10.35
508519.140000,0.908,-0.08,0.201,-1.86,-29.27,-6.41
508519.187000,0.885,-0.03,0.245,6.41,-22.46,-18.56
508519.234000,0.854,-0.111,0.187,-28.93,-52.61,-4.67
508519.281000,1.002,-0.264,-0.107,4.15,-57.77,4.76
508519.328000,0.973,-0.171,-0.058,-9.89,-21.52,-23.65
508519.375000,1.017,-0.24,-0.183,34.94,-28.35,3.94
508519.421000,0.838,0.001,-0.255,-23.35,-13.03,-36.62
508519.468000,0.987,-0.192,-0.43,26.64,-67.48,34.61
508519.515000,0.59,0.006,-0.51,-91.31,-88.32,-19.53
508519.562000,0.949,-0.512,-1.103,21.7,-118.26,75.53
508519.609000,0.752,0.119,-0.532,-63.11,30.73,-86.37
508519.656000,0.625,0.245,-0.68,-32.53,-51.52,8.15
508519.703000,0.515,0.122,-0.82,-42.82,-9.64,19.07
508519.750000,0.664,0.162,-1.112,-48.31,-49.68,16.05
508519.796000,0.678,-0.044,-0.955,-19.23,-3.3,26.95
508519.843000,0.776,-0.138,-0.789,4.85,4.94,17.67
508519.890000,0.759,-0.027,-0.715,13.52,13.98,6.59
508519.937000,0.747,0.019,-0.608,-4.06,-5.77,-1.68
508519.984000,0.75,-0.093,-0.616,-0.06,-12.54,24.6
508520.031000,0.732,-0.02,-0.589,-7.69,0.46,-6.13
508520.078000,0.726,-0.043,-0.575,-1.89,-16.57,21.82
508520.125000,0.742,-0.06,-0.667,-6.56,-3.51,-0.67
508520.171000,0.721,-0.031,-0.619,1.4,-8.09,13.79
508520.218000,0.736,-0.069,-0.626,-1.22,-5.01,8.79
508520.265000,0.748,-0.056,-0.629,-5.62,-9.09,6.62
508520.312000,0.719,-0.138,-0.602,-2.26,-7.78,17.52
508520.359000,0.765,-0.138,-0.682,-1.13,-13.12,16.79
508520.406000,0.749,-0.108,-0.641,-1.28,0.31,1.56
508520.453000,0.736,-0.119,-0.652,-0.31,-0.67,4.52
508520.500000,0.753,-0.09,-0.651,-2.75,1.83,1.59
508520.546000,0.735,-0.108,-0.636,-2.81,-1.71,3.57
508520.593000,0.746,-0.104,-0.655,-3.48,0.15,2.26
508520.640000,0.731,-0.123,-0.634,1.28,-0.37,5.98
508520.687000,0.733,-0.112,-0.664,-2.32,-0.09,0.03
508520.734000,0.725,-0.136,-0.626,4.24,-3.63,9.98
508520.781000,0.719,-0.101,-0.651,-4.06,4.21,-3.85
508520.828000,0.735,-0.132,-0.638,1.28,-2.32,5.37
508520.875000,0.73,-0.105,-0.637,-0.76,3.48,-0.95
508520.921000,0.719,-0.137,-0.643,-1.31,-1.4,2.32
508520.968000,0.722,-0.133,-0.636,-1.43,-1.43,6.35
508521.015000,0.727,-0.126,-0.64,-2.44,-0.4,2.32
508521.062000,0.722,-0.111,-0.636,0.4,1.71,0.46
508521.109000,0.73,-0.116,-0.663,-3.51,-2.87,-1.43
508521.156000,0.718,-0.109,-0.632,-0.89,0.12,-2.35
508521.203000,0.723,-0.109,-0.653,1.04,-0.31,3.23
508521.250000,0.722,-0.125,-0.659,1.25,-0.03,0.58
508521.296000,0.714,-0.102,-0.639,-1.07,-0.49,-0.95
508521.343000,0.713,-0.111,-0.653,0.12,1.22,0.4
508521.390000,0.721,-0.09,-0.641,-2.32,-2.93,-0.18
508521.437000,0.724,-0.124,-0.639,1.43,0.37,4.33
508521.484000,0.73,-0.113,-0.667,-2.66,-1.19,-0.61
508521.531000,0.735,-0.116,-0.662,-0.82,-2.53,2.72
508521.578000,0.711,-0.122,-0.645,2.11,1.13,5.22
508521.625000,0.736,-0.13,-0.663,-1.56,-0.49,-0.52
508521.671000,0.723,-0.132,-0.642,2.44,-1.89,4.46
508521.718000,0.713,-0.136,-0.676,-0.31,3.45,-1.22
508521.765000,0.725,-0.122,-0.663,0.21,-3.39,2.59
508521.812000,0.703,-0.122,-0.638,-1.13,1.89,-0.67
508521.859000,0.725,-0.118,-0.68,1.98,-1.25,2.47
508521.906000,0.698,-0.109,-0.651,-1.89,-1.89,0.67
508521.953000,0.714,-0.121,-0.644,-1.53,-1.04,0.0
508522.000000,0.714,-0.115,-0.663,-1.5,-0.52,-0.79
508522.046000,0.704,-0.125,-0.65,-0.18,-0.7,1.1
508522.093000,0.721,-0.136,-0.676,0.06,-1.62,-0.37
508522.140000,0.704,-0.119,-0.653,0.09,0.03,1.37
508522.187000,0.737,-0.13,-0.689,-2.17,-2.59,-2.59
508522.234000,0.698,-0.125,-0.63,1.37,0.34,4.58
508522.281000,0.717,-0.13,-0.672,0.46,1.89,0.92
508522.328000,0.701,-0.129,-0.679,-0.79,-2.38,2.29
508522.375000,0.711,-0.118,-0.675,1.86,-0.82,2.38
508522.421000,0.685,-0.113,-0.661,2.26,2.2,2.62
508522.468000,0.642,-0.133,-0.799,8.91,-3.05,4.09
508522.515000,0.513,-0.246,-0.841,12.09,7.23,-16.57
508522.562000,0.631,-0.283,-1.106,61.68,-2.75,-18.59
508522.609000,0.534,-0.151,-1.365,96.04,39.34,-39.25
508522.656000,0.464,-0.012,-1.071,73.18,19.65,-36.07
508522.703000,0.628,-0.15,-0.999,99.98,26.61,-32.99
508522.750000,0.649,-0.126,-0.781,59.08,11.41,-29.05
508522.796000,0.866,-0.254,-0.586,62.07,28.23,-39.46
508522.843000,0.865,-0.006,-0.396,23.68,56.46,-57.25
508522.890000,0.858,-0.233,-0.127,5.16,41.96,-11.69
508522.937000,0.986,-0.076,-0.174,-39.74,62.96,-23.71
508522.984000,0.914,-0.235,-0.128,-19.65,59.33,21.21
508523.031000,0.806,-0.324,-0.091,-22.46,80.81,6.1
508523.093000,0.892,-0.122,0.072,-24.38,75.66,-15.99
508523.140000,0.874,0.013,0.19,-29.6,66.1,-16.57
508523.187000,0.876,-0.068,0.022,-52.1,22.13,9.43
508523.234000,0.958,-0.199,-0.111,-35.4,4.36,8.33
508523.281000,0.969,-0.143,-0.071,-37.26,6.59,-2.38
508523.328000,1.032,-0.158,-0.14,-16.82,-0.92,8.48
508523.375000,0.968,-0.135,-0.124,-20.11,8.48,2.87
508523.421000,0.985,-0.129,-0.141,-4.88,6.01,4.97
508523.468000,0.923,-0.122,-0.064,-14.22,3.51,4.94
508523.515000,0.981,-0.084,-0.175,-16.24,-6.26,4.64
508523.562000,0.949,-0.152,-0.127,-17.03,-21.97,7.32
508523.609000,0.985,-0.151,-0.335,1.89,-13.92,4.52
508523.656000,0.934,-0.154,-0.162,1.22,-4.58,-4.36
508523.703000,0.95,-0.151,-0.223,8.03,3.97,-4.61
508523.750000,0.929,-0.11,-0.191,9.64,-7.45,-2.23
508523.796000,0.925,-0.126,-0.2,9.25,-8.39,2.23
508523.843000,0.968,-0.174,-0.261,12.73,-11.17,-0.09
508523.890000,0.953,-0.123,-0.215,14.44,2.35,-6.78
508523.937000,0.957,-0.129,-0.207,14.98,-7.84,3.05
508523.984000,0.908,-0.136,-0.165,18.13,5.37,-1.37
508524.031000,0.893,-0.154,-0.09,18.43,-14.25,4.88
508524.078000,0.918,-0.141,-0.086,6.13,-17.18,-1.43
508524.125000,1.002,-0.145,-0.088,16.63,-27.28,-2.01
508524.171000,0.945,0.079,0.074,-7.39,13.31,-26.31
508524.218000,0.863,-0.205,-0.089,-13.95,-60.58,26.49
508524.281000,0.915,-0.067,0.045,-11.26,9.8,-22.8
508524.328000,1.015,-0.29,-0.029,4.7,-63.33,25.88
508524.375000,0.94,-0.168,-0.108,-5.55,7.17,-11.63
508524.421000,0.877,-0.179,-0.069,0.64,-30.06,24.84
508524.468000,0.694,-0.288,-0.363,-32.81,-83.13,42.21
508524.515000,0.889,-0.286,-0.709,-31.07,-81.24,35.1
508524.562000,0.588,-0.191,-0.697,-42.85,-66.44,5.16
508524.609000,0.643,-0.058,-1.014,-47.3,-55.85,-0.43
508524.656000,0.59,-0.035,-0.974,-63.17,-49.65,-3.2
508524.703000,0.683,-0.125,-1.235,-16.36,-18.28,19.26
508524.750000,0.604,-0.113,-0.893,-35.58,7.66,-27.25
508524.796000,0.706,-0.06,-0.922,11.75,3.81,6.74
508524.843000,0.822,-0.189,-0.807,12.21,-9.77,13.49
508524.890000,0.751,-0.096,-0.678,28.47,11.93,9.83
508524.937000,0.711,0.052,-0.708,-3.11,-8.85,-17.79
508524.984000,0.747,-0.038,-0.658,-1.62,-5.89,7.35
508525.031000,0.766,-0.057,-0.724,4.43,2.47,-3.02
508525.078000,0.645,-0.069,-0.579,2.84,-1.07,11.84
508525.125000,0.757,-0.14,-0.74,9.86,2.17,8.33
508525.171000,0.677,-0.085,-0.549,3.08,-2.81,3.69
508525.218000,0.736,-0.129,-0.717,18.95,9.22,15.35
508525.265000,0.719,-0.184,-0.609,3.2,-2.26,5.52
508525.312000,0.756,-0.131,-0.695,5.43,-0.46,4.3
508525.359000,0.738,-0.208,-0.637,4.39,0.21,2.93
508525.406000,0.716,-0.134,-0.625,3.3,-0.85,2.2
508525.468000,0.73,-0.203,-0.667,3.45,-3.14,6.56
508525.515000,0.699,-0.209,-0.605,-1.8,-6.41,-2.01
508525.562000,0.715,-0.165,-0.628,5.58,5.8,0.95
508525.609000,0.721,-0.17,-0.625,-2.08,-4.64,-1.43
508525.656000,0.717,-0.174,-0.629,-1.77,2.23,2.62
508525.703000,0.736,-0.177,-0.649,-5.65,-4.09,-0.4
508525.750000,0.716,-0.185,-0.646,-2.11,3.17,1.68
508525.796000,0.719,-0.192,-0.637,-3.3,-5.13,0.24
508525.843000,0.71,-0.186,-0.645,-2.78,0.52,1.31
508525.890000,0.704,-0.188,-0.638,-2.29,-2.2,2.17
508525.937000,0.714,-0.175,-0.642,-3.81,-0.82,0.0
508525.984000,0.72,-0.161,-0.648,-2.29,-2.59,0.31
508526.031000,0.714,-0.165,-0.649,1.28,2.01,0.58
508526.078000,0.706,-0.15,-0.663,-2.32,-1.34,-1.04
508526.125000,0.722,-0.185,-0.669,2.32,0.21,4.61
508526.171000,0.709,-0.169,-0.634,-2.99,-0.7,-2.38
508526.218000,0.717,-0.177,-0.658,2.2,0.55,3.78
508526.265000,0.697,-0.16,-0.639,-1.68,-0.58,0.67
508526.312000,0.707,-0.198,-0.661,1.83,-0.46,7.9
508526.359000,0.709,-0.177,-0.66,-0.85,-1.34,-0.79
508526.406000,0.709,-0.173,-0.662,-0.03,0.89,0.79
508526.453000,0.704,-0.189,-0.656,1.59,-0.37,4.18
508526.500000,0.72,-0.177,-0.651,2.08,2.47,0.27
508526.546000,0.7,-0.172,-0.636,-1.53,0.89,-1.22
508526.593000,0.72,-0.21,-0.685,2.93,2.87,4.52
508526.640000,0.694,-0.192,-0.645,-1.43,3.66,-3.3
508526.687000,0.707,-0.16,-0.652,2.59,3.17,4.18
508526.734000,0.695,-0.219,-0.643,1.98,2.84,1.1
508526.781000,0.689,-0.163,-0.654,-0.79,2.11,-4.79
508526.828000,0.713,-0.172,-0.664,3.54,0.82,2.81
508526.875000,0.691,-0.18,-0.644,-0.06,2.14,-0.34
508526.921000,0.714,-0.174,-0.666,1.01,1.37,-0.15
508526.968000,0.674,-0.191,-0.638,3.33,0.43,0.09
508527.015000,0.702,-0.13,-0.622,2.17,9.92,-14.22
508527.062000,0.667,-0.119,-0.644,9.03,-2.87,6.13
508527.109000,0.689,-0.348,-0.904,25.91,-6.47,4.73
508527.156000,0.609,-0.318,-1.068,73.21,3.42,-15.2
508527.203000,0.491,-0.303,-1.303,89.02,12.79,-26.37
508527.250000,0.388,-0.209,-1.075,84.54,9.25,-41.9
508527.296000,0.554,-0.359,-0.955,92.41,5.01,-35.49
508527.343000,0.636,-0.163,-0.754,58.87,9.34,-76.6
508527.390000,0.778,-0.161,-0.542,34.12,26.18,-35.92
508527.437000,0.902,-0.134,-0.274,19.59,46.11,-38.88
508527.484000,0.868,-0.191,-0.281,-21.85,44.65,-21.52
508527.531000,0.969,-0.24,-0.291,-37.02,55.97,-15.11
508527.578000,0.949,-0.341,-0.23,-54.14,87.74,-19.71
508527.625000,0.85,-0.279,0.043,-26.67,105.41,-25.09
508527.671000,0.924,-0.146,0.17,-38.03,91.95,-42.3
508527.718000,0.947,0.11,0.121,-28.66,78.25,-34.85
508527.765000,0.836,0.052,0.244,-53.22,46.88,-17.64
508527.812000,0.829,-0.068,0.004,-50.45,18.74,-5.49
508527.859000,0.932,-0.05,-0.068,-25.73,-7.78,-9.58
508527.906000,0.954,0.027,-0.072,-22.89,6.68,1.62
508527.953000,0.971,0.008,-0.103,-20.87,-12.09,18.89
508528.000000,0.978,-0.127,-0.121,-27.13,-5.49,9.7
508528.046000,1.02,-0.073,-0.192,-13.12,-18.62,18.46
508528.093000,0.988,-0.113,-0.145,-11.81,-4.15,6.84
508528.140000,1.005,-0.09,-0.196,-2.08,-12.45,8.12
508528.187000,0.984,-0.08,-0.158,0.82,-4.03,1.04
508528.234000,0.983,-0.064,-0.163,-0.79,3.51,0.82
508528.281000,0.947,-0.049,-0.156,4.27,-5.4,8.51
508528.328000,0.941,-0.087,-0.152,-0.18,-5.98,10.9
508528.375000,0.989,-0.11,-0.187,6.68,-11.32,7.63
508528.421000,0.956,-0.143,-0.194,1.28,0.92,8.18
508528.468000,0.989,-0.091,-0.207,5.37,0.49,2.2
508528.515000,0.93,-0.113,-0.154,1.13,1.34,5.13
508528.562000,0.947,-0.121,-0.183,0.12,-2.78,1.04
508528.609000,0.917,-0.123,-0.194,11.11,-3.54,11.72
508528.656000,0.985,-0.123,-0.252,4.33,-2.9,4.09
508528.703000,0.947,-0.17,-0.2,6.04,-5.16,2.47
508528.750000,0.965,-0.13,-0.198,6.13,0.4,-0.95
508528.796000,0.935,-0.162,-0.144,9.16,-0.18,1.77
508528.843000,0.952,-0.145,-0.104,14.71,0.0,-1.46
508528.890000,0.979,-0.135,-0.052,17.12,-1.62,-5.1
508528.937000,0.989,-0.134,0.138,17.61,-0.95,-13.46
508528.984000,0.981,-0.006,0.349,17.98,17.55,-29.36
508529.031000,0.912,-0.152,0.28,12.05,-3.69,-13.98
508529.078000,0.928,-0.078,0.251,7.63,0.27,-23.87
508529.125000,0.934,-0.101,0.204,30.64,-1.98,2.56
508529.171000,0.844,0.02,0.116,0.92,-4.73,-9.77
508529.218000,0.943,-0.321,-0.258,15.84,-67.05,44.65
508529.265000,0.615,-0.017,-0.049,-33.36,-78.13,-6.81
508529.312000,0.991,-0.339,-0.958,-31.1,-129.92,29.15
508529.359000,0.734,0.078,-0.665,-55.7,-10.8,-86.12
508529.406000,0.749,0.373,-1.079,-75.72,-108.8,-13.21
508529.453000,0.675,0.144,-1.161,-60.49,-76.63,55.12
508529.500000,0.722,-0.211,-1.047,-44.43,-68.33,74.8
508529.546000,0.84,-0.338,-0.963,-1.53,-16.36,37.84
508529.593000,0.756,-0.165,-0.758,8.48,12.48,-9.28
508529.640000,0.724,-0.004,-0.642,28.6,16.97,10.53
508529.687000,0.728,-0.091,-0.555,10.19,4.06,-1.71
508529.734000,0.758,0.052,-0.625,10.35,6.71,-1.5
508529.781000,0.807,-0.015,-0.593,-1.04,-7.26,-7.39
508529.828000,0.826,-0.09,-0.634,11.38,-1.04,22.43
508529.875000,0.75,-0.08,-0.551,13.09,6.71,4.43
508529.921000,0.792,-0.026,-0.61,6.5,-10.9,17.4
508529.968000,0.779,-0.181,-0.549,3.91,-0.12,27.44
508530.015000,0.784,-0.108,-0.563,-8.15,-7.39,-4.58
508530.062000,0.74,-0.121,-0.555,-2.01,-0.24,15.84
508530.109000,0.78,-0.201,-0.571,-7.14,-9.4,-0.95
508530.156000,0.781,-0.158,-0.62,-4.39,-0.18,1.37
508530.203000,0.754,-0.166,-0.528,-6.53,-2.01,3.51
508530.250000,0.805,-0.156,-0.633,0.0,5.98,-0.34
508530.296000,0.801,-0.158,-0.612,-4.76,-6.87,-1.71
508530.343000,0.766,-0.132,-0.538,-4.61,1.1,1.8
508530.390000,0.789,-0.168,-0.627,-3.85,-2.81,9.13
508530.437000,0.752,-0.19,-0.573,-5.65,-1.62,-1.68
508530.484000,0.767,-0.121,-0.564,-4.21,-1.19,1.68
508530.531000,0.761,-0.191,-0.606,2.78,-1.86,7.75
508530.578000,0.75,-0.161,-0.586,0.64,0.76,0.89
508530.625000,0.764,-0.172,-0.579,0.73,-1.13,2.38
508530.671000,0.774,-0.16,-0.623,1.65,-2.56,4.24
508530.718000,0.77,-0.175,-0.567,-1.31,-4.46,0.49
508530.765000,0.767,-0.14,-0.6,2.87,3.08,3.91
508530.812000,0.752,-0.15,-0.599,1.56,-3.23,3.91
508530.859000,0.758,-0.227,-0.618,1.83,-1.56,3.63
508530.906000,0.734,-0.155,-0.581,0.98,2.38,-3.81
508530.953000,0.766,-0.175,-0.624,1.34,-1.31,-2.69
508531.000000,0.728,-0.171,-0.582,0.06,-1.53,0.12
508531.046000,0.771,-0.155,-0.641,-1.68,-7.42,-1.19
508531.093000,0.759,-0.148,-0.603,2.5,0.64,6.68
508531.140000,0.756,-0.185,-0.611,-0.43,-4.12,5.1
508531.187000,0.76,-0.161,-0.595,-3.14,-0.12,-2.08
508531.234000,0.767,-0.192,-0.634,2.78,-2.23,6.81
508531.281000,0.762,-0.19,-0.618,-1.28,-1.74,-1.71
508531.343000,0.738,-0.184,-0.574,1.62,2.11,2.75
508531.390000,0.75,-0.166,-0.623,-0.18,5.86,-0.67
508531.437000,0.746,-0.189,-0.612,-1.77,0.15,1.01
508531.484000,0.743,-0.18,-0.59,-1.31,2.17,-2.35
508531.531000,0.733,-0.191,-0.591,0.09,2.69,0.64
508531.578000,0.736,-0.183,-0.599,-3.6,-2.53,-1.04
508531.625000,0.738,-0.168,-0.579,0.61,0.58,-2.99
508531.671000,0.76,-0.175,-0.619,-0.76,-2.44,1.92
508531.718000,0.772,-0.215,-0.637,1.83,-0.7,0.61
508531.765000,0.755,-0.169,-0.601,3.14,2.56,-1.43
508531.812000,0.756,-0.166,-0.619,0.64,-0.31,-0.49
508531.859000,0.752,-0.178,-0.602,1.95,-0.58,5.28
508531.906000,0.732,-0.18,-0.605,1.1,1.07,-1.01
508531.953000,0.714,-0.146,-0.593,-0.37,0.58,-0.24
508532.000000,0.724,-0.21,-0.64,3.85,-7.97,6.35
508532.046000,0.7,-0.318,-0.825,14.92,-13.82,6.01
508532.093000,0.484,-0.46,-0.895,40.62,-15.08,-18.37
508532.140000,0.483,-0.168,-1.451,69.77,28.29,-59.66
508532.187000,0.376,-0.162,-1.441,113.9,17.24,-35.1
508532.234000,0.431,-0.262,-1.18,109.47,44.92,-28.11
508532.281000,0.642,-0.245,-0.737,110.48,31.8,-50.05
508532.328000,0.844,-0.222,-0.138,64.3,48.34,-50.2
508532.375000,1.018,0.058,0.174,55.79,59.85,-71.57
508532.421000,1.008,0.128,0.243,-10.62,30.73,-18.52
508532.468000,0.978,-0.009,0.013,-26.86,-4.52,26.64
508532.515000,1.12,-0.144,-0.197,-38.42,49.35,0.34
508532.578000,0.966,-0.184,-0.097,-57.92,112.49,-22.58
508532.625000,0.908,-0.115,0.063,-65.52,89.91,-20.97
508532.671000,0.838,-0.13,0.184,-67.2,69.43,-12.63
508532.718000,0.866,-0.236,-0.018,-61.49,14.98,6.93
508532.765000,0.961,-0.21,-0.062,-34.67,7.51,1.68
508532.812000,0.958,-0.148,-0.078,-28.69,4.82,0.0
508532.859000,0.99,-0.155,-0.104,-20.51,1.56,2.29
508532.906000,0.908,-0.163,-0.056,-11.99,2.23,2.04
508532.953000,0.978,-0.166,-0.139,-7.26,-4.18,-0.12
508533.000000,0.944,-0.165,-0.098,3.17,-2.62,5.1
508533.046000,0.966,-0.172,-0.133,1.16,-8.58,3.48
508533.093000,0.951,-0.164,-0.137,4.61,-7.48,2.75
508533.140000,0.984,-0.167,-0.182,2.32,-3.97,1.62
508533.187000,0.969,-0.152,-0.17,0.15,-7.6,5.1
508533.234000,0.959,-0.146,-0.172,-4.39,-9.06,5.34
508533.281000,0.929,-0.215,-0.193,2.59,-17.12,1.65
508533.328000,0.95,-0.184,-0.214,-0.58,-2.75,-5.74
508533.375000,0.93,-0.171,-0.212,4.21,-9.06,-3.11
508533.421000,0.945,-0.155,-0.18,-3.02,-2.41,-3.6
508533.468000,0.949,-0.166,-0.221,-1.4,0.92,-1.1
508533.515000,0.933,-0.184,-0.234,-1.22,-2.14,0.95
508533.562000,0.953,-0.206,-0.219,1.56,-0.15,0.15
508533.609000,0.952,-0.132,-0.221,-1.65,5.62,-6.26
508533.656000,0.931,-0.172,-0.189,0.92,1.62,2.17
508533.703000,0.909,-0.156,-0.156,0.21,-5.34,4.3
508533.765000,0.906,-0.196,-0.103,3.88,-5.62,0.64
508533.812000,0.947,-0.219,-0.043,20.23,-17.88,8.48
508533.859000,0.923,-0.291,0.014,38.45,-2.75,4.97
508533.906000,0.918,-0.206,0.154,43.95,-3.48,-21.18
508533.953000,0.919,-0.068,0.362,65.89,33.6,-45.53
508534.000000,0.848,0.11,0.573,21.7,19.01,-72.63
508534.046000,0.961,-0.105,0.327,6.87,-35.37,-15.69
508534.093000,1.083,0.033,0.111,30.76,20.66,-40.28
508534.140000,0.889,0.085,0.325,-34.55,-16.54,-37.48
508534.187000,1.016,0.153,-0.227,-23.9,-50.02,-14.83
508534.234000,0.764,0.127,-0.545,-51.09,-134.8,53.5
508534.281000,0.532,0.29,-1.164,-107.46,-99.83,19.07
508534.328000,0.346,-0.036,-2.144,-106.81,-233.71,207.62
508534.375000,1.167,-1.395,-1.304,-22.37,-34.03,126.68
508534.421000,0.931,-0.35,-1.11,47.7,65.43,-41.23
508534.468000,0.499,0.304,-0.312,17.64,30.82,-43.28
508534.515000,0.848,-0.104,-0.678,13.31,2.56,31.65
508534.562000,0.777,-0.096,-0.467,5.01,10.13,-1.13
508534.609000,0.785,-0.106,-0.566,6.65,8.94,16.27
508534.656000,0.772,-0.092,-0.487,-6.59,-4.79,1.22
508534.703000,0.82,-0.155,-0.498,3.45,3.42,18.92
508534.750000,0.816,-0.247,-0.584,-3.88,-0.09,7.29
508534.796000,0.788,-0.118,-0.473,0.85,8.55,0.55
508534.843000,0.826,-0.271,-0.532,-4.73,-2.66,10.38
508534.890000,0.799,-0.162,-0.469,2.04,7.45,-4.61
508534.937000,0.811,-0.227,-0.515,-0.31,1.04,15.93
508534.984000,0.796,-0.255,-0.475,0.79,2.56,-2.17
508535.031000,0.783,-0.22,-0.521,-0.67,0.58,3.17
508535.078000,0.819,-0.291,-0.434,6.35,8.12,-1.16
508535.125000,0.816,-0.209,-0.568,6.84,1.86,-3.69
508535.171000,0.77,-0.227,-0.419,1.01,8.06,-2.99
508535.218000,0.84,-0.183,-0.548,0.4,-4.85,-9.46
508535.265000,0.804,-0.207,-0.496,2.23,-10.1,6.62
508535.312000,0.832,-0.193,-0.522,-2.78,-9.31,-4.76
508535.359000,0.819,-0.179,-0.486,-4.58,-8.7,4.18
508535.406000,0.82,-0.214,-0.539,6.81,-5.37,2.69
508535.453000,0.836,-0.186,-0.606,7.08,-2.29,1.53
508535.500000,0.778,-0.233,-0.482,5.25,-0.79,3.81
508535.546000,0.829,-0.22,-0.549,2.9,-1.37,0.61
508535.593000,0.789,-0.25,-0.487,-1.62,-0.24,-1.71
508535.640000,0.812,-0.208,-0.538,-6.04,0.79,-2.41
508535.687000,0.801,-0.244,-0.524,-2.72,-1.74,-1.07
508535.734000,0.799,-0.203,-0.53,0.64,0.98,-2.96
508535.781000,0.799,-0.199,-0.515,1.37,0.64,1.28
508535.828000,0.79,-0.188,-0.529,0.43,-1.37,2.53
508535.875000,0.799,-0.209,-0.523,-2.11,-1.59,1.28
508535.921000,0.787,-0.224,-0.545,-0.31,-4.52,5.98
508535.968000,0.798,-0.221,-0.524,-0.58,0.09,1.77
508536.015000,0.81,-0.23,-0.556,-1.16,-2.59,3.33
508536.062000,0.802,-0.222,-0.51,1.28,1.37,1.19
508536.109000,0.81,-0.24,-0.537,-0.06,2.41,2.23
508536.156000,0.794,-0.218,-0.518,-2.84,-0.89,1.22
508536.218000,0.778,-0.236,-0.501,-0.76,2.75,-0.06
508536.265000,0.775,-0.225,-0.523,-1.43,-1.07,0.15
508536.312000,0.793,-0.222,-0.547,0.31,-0.89,1.92
508536.359000,0.796,-0.225,-0.54,-1.68,-1.83,-2.17
508536.406000,0.799,-0.212,-0.542,-0.15,-1.92,2.96
508536.453000,0.785,-0.235,-0.528,-2.53,-2.35,3.57
508536.500000,0.798,-0.218,-0.539,-0.98,2.62,-1.8
508536.546000,0.785,-0.233,-0.535,-0.46,-2.69,3.81
508536.593000,0.784,-0.225,-0.565,-1.1,0.55,0.12
508536.640000,0.774,-0.246,-0.509,0.7,-0.43,5.58
508536.687000,0.789,-0.233,-0.565,1.53,1.68,1.46
508536.734000,0.795,-0.227,-0.548,0.55,-1.89,4.24
508536.781000,0.777,-0.253,-0.53,0.58,1.59,3.02
508536.828000,0.794,-0.255,-0.54,0.64,-2.72,4.39
508536.875000,0.773,-0.24,-0.529,1.1,2.81,2.17
508536.921000,0.78,-0.249,-0.523,-0.06,-0.61,1.04
508536.968000,0.771,-0.242,-0.56,2.59,1.04,5.8
508537.015000,0.762,-0.262,-0.551,1.95,-4.61,-0.12
508537.062000,0.767,-0.235,-0.557,1.13,2.56,-9.19
508537.109000,0.746,-0.324,-0.622,8.21,-11.11,3.05
508537.156000,0.698,-0.29,-0.681,30.98,16.11,-26.0
508537.218000,0.772,-0.157,-0.75,38.94,5.19,-27.22
508537.265000,0.785,-0.401,-0.824,96.1,0.64,31.1
508537.312000,0.776,-0.285,-0.963,43.64,12.76,-40.96
508537.359000,0.681,-0.28,-0.793,59.88,20.17,-10.44
508537.406000,0.733,-0.399,-0.914,53.96,17.21,-16.79
508537.453000,0.717,-0.32,-0.595,54.72,42.6,-6.81
508537.500000,0.795,-0.44,-0.378,46.33,21.15,-4.52
508537.546000,0.876,-0.349,-0.295,-1.95,51.64,-21.52
508537.593000,0.842,-0.406,0.071,47.98,55.88,-10.65
508537.640000,0.971,-0.227,-0.163,-0.52,39.28,-29.63
508537.687000,0.817,-0.228,0.135,13.09,81.39,0.4
508537.734000,0.976,-0.16,0.19,-30.12,25.03,3.11
508537.781000,1.028,-0.214,-0.048,-36.53,8.48,7.78
508537.828000,0.994,-0.375,-0.112,5.98,65.37,11.72
508537.875000,0.854,-0.466,0.055,-6.07,59.42,-10.16
508537.921000,0.802,-0.127,0.198,0.95,70.16,-37.9
508537.968000,0.79,-0.055,0.308,-23.04,14.47,-5.95
508538.015000,0.886,-0.164,0.078,-33.57,-15.87,7.05
508538.062000,0.999,-0.296,-0.034,-36.01,-18.22,-0.27
508538.109000,0.967,-0.336,0.03,-18.34,3.08,11.75
508538.156000,0.982,-0.264,0.047,-17.09,0.18,5.34
508538.203000,0.929,-0.264,0.067,-12.45,-2.75,13.67
508538.250000,0.974,-0.325,-0.024,-3.57,-6.35,11.54
508538.296000,0.979,-0.364,-0.014,-0.67,-4.94,3.85
508538.343000,0.995,-0.303,-0.077,7.51,0.43,-4.88
508538.390000,0.95,-0.302,-0.053,-1.98,0.64,-1.43
508538.437000,0.964,-0.316,-0.059,6.29,2.2,-6.2
508538.484000,0.9,-0.29,-0.033,2.96,1.59,-3.85
508538.531000,0.908,-0.298,-0.053,10.99,-4.09,1.5
508538.578000,0.899,-0.248,-0.02,1.04,-1.77,-3.85
508538.625000,0.941,-0.303,-0.082,8.33,-7.6,9.43
508538.671000,0.931,-0.305,-0.06,-4.49,-4.09,-4.12
508538.718000,0.934,-0.309,-0.1,9.09,0.24,8.73
508538.765000,0.94,-0.319,-0.043,4.12,-0.85,0.89
508538.812000,0.929,-0.28,-0.036,8.76,-6.81,6.87
508538.859000,0.973,-0.316,-0.029,-0.12,-6.04,2.11
508538.906000,0.986,-0.364,0.052,11.63,-5.31,3.6
508538.953000,0.936,-0.254,0.146,24.11,9.46,2.56
508539.000000,0.957,-0.315,0.158,21.39,-7.02,5.37
508539.046000,0.984,-0.27,0.115,19.96,-5.07,-1.43
508539.093000,0.948,-0.407,0.022,6.59,-21.61,10.47
508539.140000,1.01,-0.323,-0.068,20.02,-0.89,-7.14
508539.187000,0.874,-0.365,-0.127,-10.47,-11.17,4.3
508539.234000,0.913,-0.179,0.064,5.74,37.45,-24.75
508539.296000,0.825,-0.108,0.174,-50.08,-2.17,-23.47
508539.343000,0.901,-0.142,0.233,-16.6,-4.09,7.35
508539.390000,0.804,-0.283,0.235,-38.61,-35.83,24.11
508539.437000,0.799,-0.318,0.117,-24.57,-32.96,28.38
508539.484000,0.822,-0.754,-0.539,-53.19,-133.03,79.47
508539.531000,0.859,-0.434,-0.708,26.55,11.84,10.07
508539.578000,0.854,-0.41,-0.434,6.2,-47.27,10.07
508539.625000,1.017,-0.365,-0.172,-10.83,-22.8,-23.62
508539.671000,0.969,-0.287,0.019,-32.32,-36.32,-23.8
508539.718000,0.936,-0.269,-0.194,-37.75,-33.39,-18.62
508539.765000,0.654,-0.173,-0.194,-54.72,-25.15,-21.24
508539.812000,0.536,-0.159,-0.546,-49.38,-50.54,-0.18
508539.859000,0.754,-0.104,-0.867,-88.08,-67.84,-59.51
508539.921000,0.818,-0.081,-0.796,-52.58,-71.02,-10.71
508539.968000,0.85,-0.099,-0.779,-32.96,-24.17,-13.31
508540.031000,0.843,-0.189,-0.723,-11.9,-32.35,26.25
508540.078000,0.784,-0.187,-0.687,5.68,2.32,-2.93
508540.125000,0.79,-0.055,-0.64,1.04,-6.9,-10.1
508540.171000,0.772,-0.039,-0.636,4.21,-5.77,-5.25
508540.218000,0.782,-0.052,-0.642,6.47,-7.26,8.7
508540.265000,0.764,-0.088,-0.63,13.79,-5.31,19.99
508540.312000,0.794,-0.133,-0.67,6.93,-8.09,4.46
508540.359000,0.764,-0.111,-0.55,7.48,3.48,1.74
508540.406000,0.754,-0.126,-0.657,6.07,4.61,8.3
508540.453000,0.748,-0.156,-0.573,5.8,1.53,3.6
508540.500000,0.767,-0.167,-0.645,17.58,11.99,9.86
508540.546000,0.725,-0.193,-0.565,2.78,-0.61,7.32
508540.593000,0.824,-0.177,-0.724,-5.71,-13.73,5.71
508540.640000,0.835,-0.231,-0.618,1.92,6.74,8.12
508540.687000,0.778,-0.182,-0.605,-5.34,5.8,-3.45
508540.734000,0.793,-0.167,-0.477,2.9,16.08,1.5
508540.781000,0.717,-0.191,-0.5,1.59,12.24,-0.55
508540.828000,0.691,-0.178,-0.512,-0.7,6.32,4.24
508540.875000,0.661,-0.242,-0.503,14.59,17.09,1.1
508540.921000,0.736,-0.16,-0.478,-2.26,-5.34,1.22
508540.968000,0.757,-0.268,-0.578,2.41,-5.92,14.44
508541.015000,0.803,-0.277,-0.516,-11.32,-10.22,-10.16
508541.062000,0.862,-0.203,-0.59,3.45,5.25,-3.72
508541.109000,0.815,-0.214,-0.588,-7.48,-19.2,0.61
508541.171000,0.82,-0.167,-0.571,-2.08,1.86,-0.49
508541.218000,0.839,-0.176,-0.657,-5.28,-5.28,5.74
508541.265000,0.792,-0.165,-0.601,-1.68,0.95,-2.47
508541.312000,0.816,-0.15,-0.67,-1.83,0.46,4.39
508541.359000,0.774,-0.198,-0.576,0.31,5.71,2.35
508541.406000,0.773,-0.147,-0.561,-4.09,3.88,-3.63
508541.453000,0.775,-0.216,-0.6,2.17,7.26,3.91
508541.500000,0.759,-0.207,-0.539,1.98,6.26,1.71
508541.546000,0.767,-0.212,-0.548,2.11,8.27,2.17
508541.593000,0.754,-0.205,-0.511,1.04,5.8,2.72
508541.640000,0.755,-0.171,-0.538,-2.47,4.33,-4.67
508541.687000,0.765,-0.219,-0.555,-2.96,-1.56,3.08
508541.734000,0.754,-0.174,-0.532,-3.45,-0.21,-0.76
508541.781000,0.764,-0.188,-0.544,-3.85,-5.04,2.66
508541.828000,0.774,-0.228,-0.563,1.95,1.92,4.94
508541.875000,0.789,-0.172,-0.584,-2.53,-1.65,-4.3
508541.921000,0.777,-0.202,-0.593,0.64,-4.21,5.8
508541.968000,0.795,-0.18,-0.575,0.24,-0.52,-3.63
508542.031000,0.771,-0.191,-0.574,-0.49,-4.3,5.19
508542.093000,0.745,-0.183,-0.555,-1.37,-1.68,-0.31
508542.140000,0.775,-0.195,-0.582,-3.39,-3.11,1.98
508542.187000,0.767,-0.195,-0.572,0.52,-0.79,2.38
508542.234000,0.747,-0.179,-0.588,-3.05,-2.2,3.45
508542.281000,0.767,-0.219,-0.573,-0.58,-3.57,4.09
508542.328000,0.792,-0.199,-0.649,2.5,-2.2,5.28
508542.375000,0.75,-0.183,-0.619,5.1,5.1,-0.24
508542.421000,0.779,-0.234,-0.678,8.88,0.21,5.22
508542.468000,0.793,-0.262,-0.692,17.46,9.09,3.39
508542.515000,0.722,-0.255,-0.645,14.5,6.38,-2.9
508542.562000,0.735,-0.266,-0.643,21.45,11.63,-18.71
508542.609000,0.699,-0.274,-0.76,28.11,7.81,-13.21
508542.656000,0.701,-0.349,-0.965,29.51,-0.09,-34.24
508542.703000,0.67,-0.202,-0.891,55.18,11.11,-28.23
508542.750000,0.712,-0.216,-0.862,50.6,-3.63,-23.83
508542.796000,0.719,-0.014,-0.661,43.86,26.89,-49.13
508542.843000,0.73,-0.214,-0.51,47.18,-1.19,0.24
508542.890000,0.808,-0.138,-0.521,14.53,9.43,-41.38
508542.937000,0.768,-0.199,-0.264,1.62,2.62,-16.45
508542.984000,0.949,-0.093,-0.313,10.68,14.22,-44.62
508543.031000,0.849,-0.145,-0.273,-6.62,17.88,-10.53
508543.078000,0.961,-0.144,-0.526,0.21,25.06,-11.44
508543.125000,0.89,-0.118,-0.322,0.24,59.33,-6.16
508543.171000,0.985,-0.067,-0.281,2.5,89.18,-2.47
508543.218000,0.85,0.127,0.212,-6.01,108.92,-16.48
508543.281000,0.771,-0.07,0.031,-45.35,19.9,16.39
508543.328000,0.953,-0.172,-0.125,-3.85,15.63,20.91
508543.375000,1.028,-0.153,-0.121,-17.61,17.94,13.43
508543.421000,0.98,-0.172,-0.057,0.21,31.28,20.26
508543.468000,0.97,-0.242,-0.039,-16.94,9.86,13.73
508543.515000,0.931,-0.228,-0.087,0.7,-0.09,12.67
508543.562000,0.98,-0.11,-0.13,-12.67,-8.21,-2.59
508543.609000,0.978,-0.159,-0.135,-10.19,-6.35,6.81
508543.656000,0.965,-0.188,-0.208,-10.38,-14.5,9.31
508543.703000,0.967,-0.171,-0.224,-6.41,4.0,-3.66
508543.750000,0.939,-0.188,-0.175,-9.95,2.32,-0.7
508543.796000,0.928,-0.167,-0.162,2.04,-2.69,2.29
508543.843000,0.956,-0.149,-0.188,-12.57,-9.67,-2.75
508543.890000,0.959,-0.193,-0.261,-1.74,-4.21,-2.93
508543.937000,0.919,-0.151,-0.208,-0.18,1.95,-2.35
508543.984000,0.958,-0.129,-0.248,-3.45,2.93,-1.43
508544.031000,0.924,-0.165,-0.2,0.09,0.27,3.66
508544.078000,0.961,-0.157,-0.221,-6.23,3.36,1.83
508544.125000,0.918,-0.194,-0.198,0.03,2.23,2.32
508544.171000,0.954,-0.169,-0.196,-0.58,0.55,2.99
508544.218000,0.95,-0.2,-0.24,-0.21,-2.87,2.44
508544.265000,0.938,-0.164,-0.18,-1.16,0.03,0.09
508544.312000,0.931,-0.177,-0.193,3.02,-2.11,3.94
508544.359000,0.927,-0.194,-0.197,1.46,-6.29,1.77
508544.406000,0.974,-0.148,-0.204,-1.77,-6.04,2.53
508544.453000,0.985,-0.188,-0.25,-1.77,0.64,5.25
508544.500000,0.917,-0.21,-0.16,1.07,3.94,3.81
508544.546000,0.945,-0.186,-0.204,0.85,0.37,1.22
508544.593000,0.945,-0.202,-0.189,-0.4,-4.39,1.19
508544.640000,0.958,-0.175,-0.227,2.08,0.06,0.4
508544.687000,0.934,-0.173,-0.181,0.03,3.36,-1.95
508544.734000,0.936,-0.197,-0.223,0.37,-1.74,0.34
508544.781000,0.947,-0.186,-0.213,0.27,1.31,-0.61
508544.828000,0.941,-0.199,-0.228,0.31,-0.82,-0.4
508544.875000,0.934,-0.172,-0.181,0.15,2.04,0.92
508544.921000,0.951,-0.183,-0.251,-0.37,-6.32,1.19
508544.968000,0.937,-0.201,-0.225,-1.16,2.56,1.62
508545.015000,0.938,-0.191,-0.23,1.01,-2.78,0.61
508545.062000,0.931,-0.197,-0.216,-0.55,2.26,0.21
508545.109000,0.932,-0.194,-0.21,-0.15,-4.7,2.81
508545.156000,0.933,-0.203,-0.216,1.01,3.63,-0.34
508545.203000,0.94,-0.185,-0.228,1.59,-4.73,3.69
508545.250000,0.924,-0.185,-0.209,2.53,3.11,-0.27
508545.312000,0.945,-0.192,-0.215,-2.08,-2.99,2.11
508545.359000,0.934,-0.207,-0.235,3.75,1.1,1.98
508545.406000,0.949,-0.198,-0.217,-1.19,3.02,-0.24
508545.453000,0.945,-0.196,-0.214,2.62,4.7,2.5
508545.500000,0.923,-0.208,-0.209,1.43,1.28,3.42
508545.546000,0.944,-0.213,-0.213,2.35,3.57,-0.18
508545.593000,0.939,-0.233,-0.235,3.11,-1.28,3.3
508545.640000,0.914,-0.19,-0.201,0.61,1.77,-0.85
508545.687000,0.941,-0.193,-0.202,1.34,-6.26,3.3
508545.734000,0.927,-0.22,-0.207,5.4,-1.31,3.97
508545.781000,0.947,-0.245,-0.213,2.11,-2.9,0.76
508545.828000,0.927,-0.213,-0.204,5.65,0.73,1.31
508545.875000,0.935,-0.22,-0.245,0.61,-6.01,0.18
508545.921000,0.939,-0.208,-0.216,7.05,3.88,-0.58
508545.968000,0.924,-0.202,-0.086,10.71,1.22,4.7
508546.031000,0.943,-0.386,0.149,14.83,-1.8,4.79
508546.078000,0.912,-0.115,0.531,33.11,9.25,-28.72
508546.125000,0.903,-0.149,0.733,25.85,-32.2,1.8
508546.171000,1.01,0.037,0.339,1.95,-39.83,-4.97
508546.218000,0.998,-0.057,0.223,-14.65,1.92,2.2
508546.265000,0.874,-0.132,-0.15,-43.64,-10.68,4.3
508546.312000,0.852,-0.236,-0.7,-73.98,-39.89,-20.14
508546.359000,0.542,-0.042,-0.781,-71.14,-41.66,-27.01
508546.406000,0.733,0.017,-1.276,-80.48,-128.12,-7.66
508546.453000,0.613,0.004,-0.978,-85.97,-72.27,-1.62
508546.500000,0.916,-0.158,-1.097,-45.41,-66.59,30.95
508546.546000,0.816,-0.216,-0.8,1.34,-4.79,36.77
508546.593000,0.805,-0.17,-0.822,6.16,-21.21,16.69
508546.640000,0.769,-0.124,-0.502,19.9,5.74,10.07
508546.687000,0.769,-0.078,-0.682,7.54,-7.42,-2.29
508546.734000,0.758,-0.117,-0.541,10.68,5.52,0.21
508546.781000,0.816,-0.068,-0.622,-7.97,-15.72,-12.05
508546.843000,0.778,-0.098,-0.558,6.93,0.34,6.41
508546.890000,0.776,-0.064,-0.611,-4.43,-1.65,-3.02
508546.937000,0.811,-0.162,-0.582,-1.59,1.34,5.46
508546.984000,0.793,-0.132,-0.577,-0.4,3.88,0.85
508547.031000,0.742,-0.135,-0.547,-1.46,6.2,1.4
508547.078000,0.809,-0.157,-0.619,1.95,5.04,-1.37
508547.125000,0.762,-0.143,-0.474,-0.27,1.95,3.57
508547.171000,0.804,-0.106,-0.62,3.42,2.99,-2.32
508547.218000,0.774,-0.127,-0.509,-0.27,2.66,-1.89
508547.265000,0.757,-0.118,-0.558,3.85,7.32,6.62
508547.312000,0.774,-0.156,-0.543,-2.75,-2.29,1.43
508547.359000,0.797,-0.124,-0.574,1.71,-2.01,1.13
508547.406000,0.785,-0.128,-0.493,4.46,-0.15,6.04
508547.453000,0.791,-0.13,-0.556,-4.55,-7.11,0.85
508547.500000,0.795,-0.153,-0.548,-7.6,-3.48,3.48
508547.546000,0.811,-0.159,-0.598,-4.58,-6.53,4.88
508547.593000,0.804,-0.146,-0.576,-3.39,2.87,3.51
508547.640000,0.823,-0.169,-0.624,2.96,2.38,5.74
508547.687000,0.759,-0.159,-0.55,3.57,3.57,7.48
508547.734000,0.763,-0.156,-0.545,-0.37,-1.65,2.93
508547.781000,0.772,-0.16,-0.568,-1.5,-2.41,4.39
508547.828000,0.756,-0.179,-0.583,1.04,-4.0,6.93
508547.875000,0.781,-0.176,-0.616,6.35,2.78,2.41
508547.921000,0.77,-0.113,-0.637,9.06,1.5,2.84
508547.968000,0.731,-0.297,-0.676,16.51,-22.31,24.08
508548.015000,0.791,-0.298,-1.022,8.94,-36.96,-10.93
508548.062000,0.702,-0.399,-0.942,73.89,55.82,-6.87
508548.109000,0.622,-0.222,-1.187,35.95,9.49,-63.02
508548.156000,0.591,-0.162,-0.681,102.18,73.82,-44.53
508548.203000,0.739,0.103,-0.704,31.95,21.85,-41.99
508548.250000,0.725,-0.226,-0.283,61.49,-0.98,0.79
508548.296000,0.973,-0.087,-0.665,-28.93,-35.04,-35.83
508548.343000,0.751,-0.127,-0.292,11.02,17.85,-25.09
508548.390000,0.899,-0.119,-0.413,-11.14,0.95,-7.54
508548.437000,0.862,-0.198,-0.405,-28.29,0.31,10.38
508548.484000,0.908,-0.211,-0.46,-60.24,-4.09,11.02
508548.531000,0.947,-0.265,-0.344,-56.73,57.47,9.22
508548.578000,0.886,-0.188,-0.036,-26.89,67.35,7.08
508548.625000,0.972,0.098,0.418,-20.6,88.44,-12.76
508548.671000,0.848,-0.176,-0.022,-89.39,-14.37,21.36
508548.718000,0.963,-0.303,-0.397,-26.37,19.07,9.22
508548.765000,0.925,-0.161,-0.109,-0.82,19.41,5.25
508548.812000,0.931,-0.117,-0.161,10.77,18.89,8.45
508548.859000,0.942,-0.074,-0.15,-6.47,-8.61,5.22
508548.906000,0.935,-0.138,-0.333,2.69,-4.33,7.72
508548.953000,0.978,-0.111,-0.319,9.61,-5.89,2.59
508549.000000,0.973,-0.12,-0.312,6.71,4.33,0.76
508549.046000,0.923,-0.115,-0.243,3.2,0.76,-1.86
508549.093000,0.919,-0.132,-0.272,7.72,1.77,0.64
508549.140000,0.923,-0.104,-0.279,5.16,-6.53,-1.1
508549.187000,0.922,-0.158,-0.304,1.86,6.1,-5.31
508549.234000,0.939,-0.08,-0.31,9.16,3.54,3.36
508549.281000,0.892,-0.119,-0.252,-0.82,2.38,-0.18
508549.328000,0.937,-0.141,-0.308,4.21,-8.12,6.47
508549.375000,0.896,-0.13,-0.248,2.47,0.4,0.15
508549.421000,0.98,-0.158,-0.361,7.2,-12.36,5.52
508549.468000,0.915,-0.116,-0.252,0.98,11.17,-2.72
508549.531000,0.92,-0.141,-0.299,1.04,0.76,-1.92
508549.593000,0.934,-0.137,-0.269,1.5,-6.13,2.81
508549.640000,0.908,-0.132,-0.305,-4.97,-0.79,2.9
508549.687000,0.935,-0.171,-0.294,2.23,-7.57,5.28
508549.734000,0.931,-0.118,-0.248,2.17,4.36,-0.7
508549.781000,0.935,-0.148,-0.262,-3.27,-6.71,5.46
508549.828000,0.92,-0.187,-0.299,-0.95,0.89,-0.24
508549.875000,0.936,-0.147,-0.302,0.31,-0.67,0.61
508549.921000,0.932,-0.157,-0.307,0.95,-0.73,1.07
508549.984000,0.896,-0.136,-0.242,-2.69,2.78,0.43
508550.031000,0.919,-0.178,-0.307,-0.98,-1.4,0.49
508550.078000,0.935,-0.148,-0.289,1.53,-1.95,-0.49
508550.125000,0.923,-0.137,-0.283,2.56,0.43,3.91
508550.171000,0.931,-0.185,-0.296,-6.65,-3.78,-1.92
508550.218000,0.933,-0.143,-0.298,3.54,3.97,0.34
508550.265000,0.903,-0.136,-0.283,-4.79,-2.53,-0.27
508550.312000,0.929,-0.17,-0.326,-0.06,2.59,0.37
508550.359000,0.925,-0.116,-0.275,-2.41,2.11,-0.61
508550.406000,0.911,-0.183,-0.295,-1.98,2.2,3.17
508550.453000,0.927,-0.157,-0.284,-1.37,0.67,0.79
508550.500000,0.916,-0.156,-0.282,-4.24,-0.21,1.5
508550.546000,0.921,-0.174,-0.297,0.18,-2.41,3.48
508550.593000,0.933,-0.14,-0.307,-1.34,1.01,1.4
508550.640000,0.929,-0.168,-0.306,2.01,-0.49,3.54
508550.687000,0.923,-0.156,-0.286,0.31,5.22,0.82
508550.734000,0.919,-0.169,-0.287,2.29,1.07,1.34
508550.781000,0.92,-0.155,-0.265,-1.65,-0.09,0.06
508550.828000,0.91,-0.154,-0.261,-1.56,-2.69,1.89
508550.875000,0.938,-0.189,-0.323,-0.31,-4.21,1.13
508550.921000,0.916,-0.147,-0.276,0.06,-2.81,0.43
508550.968000,0.936,-0.144,-0.263,0.24,-2.47,0.15
508551.015000,0.934,-0.151,-0.139,7.14,0.46,6.01
508551.062000,0.955,-0.113,0.11,16.39,13.43,2.69
508551.109000,0.877,-0.129,0.366,32.35,10.77,13.52
508551.156000,0.898,-0.313,0.437,21.55,-28.17,19.2
508551.203000,0.99,-0.404,0.176,31.8,-49.71,10.28
508551.250000,1.042,-0.383,-0.085,31.92,-27.62,-11.63
508551.296000,0.958,-0.241,-0.129,20.87,0.12,-15.05
508551.343000,0.779,-0.215,-0.381,-7.72,-39.74,0.92
508551.390000,0.682,-0.198,-0.402,-7.97,-42.7,1.74
508551.437000,0.737,-0.28,-0.878,-34.52,-55.51,-2.9
508551.484000,0.727,-0.139,-0.948,-54.81,-55.39,-40.07
508551.531000,0.692,0.061,-0.751,-50.87,-40.41,-31.16
508551.578000,0.798,0.047,-0.845,-41.35,-16.08,-10.44
508551.625000,0.584,0.09,-0.645,-40.65,-20.26,7.9
508551.671000,0.651,0.017,-0.867,-37.05,-26.46,24.45
508551.718000,0.593,-0.043,-0.639,-41.93,-34.46,22.1
508551.765000,0.736,-0.115,-0.904,-15.75,-35.04,26.4
508551.812000,0.747,-0.21,-0.677,-5.58,-14.59,23.32
508551.859000,0.812,-0.141,-0.791,9.64,-3.63,11.23
508551.906000,0.794,-0.28,-0.642,23.16,1.59,16.57
508551.953000,0.751,-0.147,-0.655,30.18,20.72,0.7
508552.000000,0.72,-0.092,-0.567,11.47,11.87,-10.83
508552.046000,0.759,-0.067,-0.64,18.28,11.63,-2.2
508552.093000,0.706,-0.107,-0.497,5.74,1.74,4.0
508552.140000,0.758,-0.099,-0.654,-7.84,-5.68,-1.74
508552.187000,0.747,-0.155,-0.595,0.27,1.59,9.34
508552.234000,0.77,-0.166,-0.661,0.92,-2.93,6.74
508552.281000,0.736,-0.189,-0.615,-2.29,3.85,2.14
508552.328000,0.762,-0.158,-0.612,1.31,0.98,1.53
508552.375000,0.7,-0.186,-0.557,3.42,7.51,7.57
508552.421000,0.743,-0.182,-0.594,-1.92,-7.26,7.17
508552.468000,0.731,-0.202,-0.588,2.5,-1.16,10.13
508552.515000,0.725,-0.193,-0.553,-8.55,-2.41,-5.1
508552.562000,0.79,-0.178,-0.646,-0.64,-1.62,1.77
508552.609000,0.749,-0.206,-0.604,-4.61,-6.35,5.37
508552.656000,0.77,-0.18,-0.654,-4.0,0.64,-1.74
508552.703000,0.74,-0.183,-0.595,-2.32,-0.61,-0.06
508552.750000,0.737,-0.165,-0.621,0.27,4.3,-1.92
508552.796000,0.743,-0.173,-0.581,-2.81,-4.61,0.12
508552.843000,0.742,-0.124,-0.62,0.4,2.87,3.75
508552.890000,0.714,-0.149,-0.601,-5.49,-3.63,7.66
508552.937000,0.7,-0.18,-0.666,-4.03,-2.29,5.58
508552.984000,0.709,-0.174,-0.713,2.5,1.53,1.31
508553.031000,0.75,-0.171,-0.766,16.45,6.44,-6.53
508553.078000,0.733,-0.2,-0.853,25.27,9.46,-9.55
508553.125000,0.594,-0.158,-0.82,45.29,15.2,-4.33
508553.171000,0.619,-0.241,-0.797,54.14,-6.93,22.92
508553.218000,0.691,-0.307,-0.98,28.96,10.44,-34.82
508553.265000,0.699,-0.341,-0.84,59.94,35.22,-26.09
508553.312000,0.639,-0.118,-0.68,21.09,9.58,-48.22
508553.359000,0.689,-0.279,-0.572,45.9,8.7,-13.86
508553.406000,0.823,-0.036,-0.602,2.38,9.28,-50.42
508553.453000,0.75,-0.386,-0.395,36.77,13.21,21.3
508553.500000,0.876,-0.252,-0.435,-4.67,10.44,-20.23
508553.546000,0.883,-0.187,-0.391,-5.74,29.33,3.11
508553.593000,0.92,-0.369,-0.515,-28.53,30.09,4.12
508553.640000,0.875,-0.287,-0.351,-18.52,71.29,-15.78
508553.687000,0.927,-0.236,-0.027,13.4,96.8,-13.7
508553.734000,1.02,0.269,0.297,9.52,113.83,-29.48
508553.781000,0.813,0.192,0.375,-65.55,52.03,0.12
508553.828000,0.91,-0.355,-0.147,-49.13,-22.74,42.33
508553.875000,0.904,-0.36,-0.167,-31.89,0.27,2.69
508553.921000,0.986,-0.253,-0.168,2.11,6.53,-1.74
508553.968000,0.962,-0.166,-0.174,6.32,2.17,3.66
508554.015000,0.91,-0.146,-0.218,2.99,-1.1,-3.97
508554.062000,0.916,-0.184,-0.234,14.37,-6.93,6.01
508554.109000,0.917,-0.199,-0.211,10.65,-5.8,-0.82
508554.156000,0.952,-0.254,-0.266,10.86,-17.03,-0.73
508554.203000,0.995,-0.235,-0.366,13.7,7.97,-17.15
508554.250000,0.967,-0.195,-0.309,22.16,0.06,-15.53
508554.296000,0.98,-0.121,-0.293,17.7,29.91,-35.1
508554.343000,0.928,-0.04,-0.148,11.99,32.93,-26.18
508554.390000,0.87,-0.079,-0.136,1.34,3.39,-8.36
508554.453000,0.864,-0.148,-0.205,-4.46,-9.74,-0.64
508554.500000,0.905,-0.155,-0.248,3.3,-8.27,5.55
508554.562000,0.95,-0.162,-0.245,8.97,-1.59,1.77
508554.609000,0.96,-0.155,-0.246,6.62,4.79,-0.7
508554.656000,0.961,-0.109,-0.255,1.65,-0.09,-4.76
508554.703000,0.923,-0.146,-0.223,-1.4,2.84,4.36
508554.750000,0.939,-0.14,-0.268,-5.25,4.06,-0.85
508554.796000,0.935,-0.142,-0.213,-1.16,0.15,2.87
508554.843000,0.931,-0.125,-0.183,-3.33,1.86,2.32
508554.890000,0.933,-0.155,-0.215,-2.08,-2.14,3.39
508554.937000,0.941,-0.12,-0.202,-5.13,-5.83,1.74
508555.000000,0.946,-0.185,-0.217,-2.93,-9.34,8.55
508555.062000,0.97,-0.174,-0.275,-4.3,-7.97,1.65
508555.109000,0.94,-0.159,-0.262,-3.3,-8.39,3.2
508555.156000,0.947,-0.183,-0.26,-1.92,-2.26,0.0
508555.203000,0.937,-0.147,-0.274,-1.1,-3.94,-1.04
508555.250000,0.925,-0.162,-0.268,0.21,-3.45,-1.22
508555.296000,0.927,-0.138,-0.29,1.22,-1.04,-2.78
508555.343000,0.936,-0.17,-0.299,3.51,-3.2,2.29
508555.390000,0.905,-0.107,-0.255,-4.67,-0.52,-6.04
508555.437000,0.932,-0.151,-0.301,-2.38,1.19,3.36
508555.484000,0.909,-0.153,-0.289,0.21,-0.95,5.07
508555.531000,0.955,-0.119,-0.304,6.59,13.58,2.5
508555.578000,0.966,-0.108,-0.274,11.54,27.01,2.44
508555.640000,0.983,-0.177,-0.301,30.98,53.56,16.24
508555.687000,0.934,-0.253,-0.175,40.5,39.55,10.62
508555.734000,0.951,-0.207,-0.024,32.29,55.54,1.98
508555.781000,0.931,-0.152,-0.192,62.96,42.51,-8.94
508555.828000,0.842,-0.146,0.215,39.03,46.57,21.85
508555.875000,0.85,-0.106,0.164,19.29,9.09,-5.52
508555.921000,0.844,-0.037,0.44,-1.04,3.39,12.76
508555.968000,0.868,-0.13,0.525,-2.2,-32.93,33.97
508556.015000,0.916,-0.303,0.298,21.76,-54.9,47.0
508556.062000,0.931,-0.24,0.272,20.05,-36.87,37.26
508556.109000,0.877,-0.317,0.079,10.99,-63.26,50.29
508556.156000,0.868,-0.371,0.135,-27.5,-49.9,27.92
508556.203000,0.747,-0.349,-0.191,-67.29,-76.48,18.07
508556.250000,0.786,-0.646,-0.446,-71.57,-71.78,35.16
508556.296000,0.716,-0.369,-0.604,-117.1,-72.18,-62.17
508556.343000,0.675,-0.16,-0.885,-127.38,-65.03,-67.66
508556.390000,0.608,-0.013,-0.956,-97.57,-63.57,-31.86
508556.437000,0.69,0.013,-1.169,-96.16,-58.87,-2.93
508556.484000,0.7,-0.096,-0.901,-37.2,-40.44,40.89
508556.531000,0.724,-0.045,-0.855,-21.97,-20.14,12.51
508556.578000,0.726,0.026,-0.784,-17.12,-17.55,3.72
508556.625000,0.765,0.014,-0.799,-2.72,-6.16,2.9
508556.671000,0.695,0.014,-0.719,0.31,3.97,15.11
508556.718000,0.713,-0.141,-0.758,10.1,-3.66,23.01
508556.765000,0.687,-0.096,-0.743,6.65,15.26,0.18
508556.812000,0.727,-0.074,-0.703,19.59,7.48,9.0
508556.859000,0.77,-0.195,-0.738,23.5,14.28,16.91
508556.906000,0.709,-0.072,-0.637,14.01,30.64,-19.38
508556.953000,0.761,-0.06,-0.634,12.09,15.96,1.68
508557.000000,0.717,-0.134,-0.579,14.22,21.06,6.23
508557.046000,0.71,-0.109,-0.548,0.92,6.44,-4.55
508557.093000,0.794,-0.142,-0.639,15.14,21.0,-9.22
508557.140000,0.752,-0.115,-0.544,5.13,7.54,-2.56
508557.187000,0.844,-0.167,-0.656,7.42,10.62,-4.21
508557.234000,0.817,-0.173,-0.528,6.26,7.9,-6.04
508557.281000,0.788,-0.105,-0.546,11.14,12.82,0.58
508557.328000,0.786,-0.17,-0.515,1.74,2.23,-0.18
508557.375000,0.811,-0.134,-0.575,-0.03,4.82,-6.65
508557.421000,0.754,-0.132,-0.496,-3.51,-2.93,7.84
508557.468000,0.801,-0.184,-0.553,-3.91,0.37,4.0
508557.515000,0.794,-0.15,-0.551,-6.23,-5.95,4.61
508557.562000,0.794,-0.161,-0.549,-1.92,-0.31,3.54
508557.609000,0.817,-0.154,-0.539,1.28,5.04,3.36
508557.671000,0.803,-0.182,-0.58,0.0,-5.58,5.95
508557.718000,0.775,-0.17,-0.539,-2.35,3.05,-8.91
508557.765000,0.806,-0.179,-0.675,1.62,-9.34,4.39
508557.812000,0.793,-0.233,-0.652,8.79,11.72,-13.7
508557.859000,0.732,-0.243,-0.828,23.99,-1.37,-12.36
508557.906000,0.697,-0.196,-0.857,44.31,38.79,-52.64
508557.953000,0.657,-0.055,-0.818,53.77,38.21,-46.6
508558.015000,0.753,-0.026,-0.795,53.77,11.96,-37.54
508558.062000,0.717,-0.005,-0.683,40.93,12.6,10.9
508558.109000,0.781,-0.096,-0.63,25.61,1.62,-14.25
508558.156000,0.777,-0.141,-0.575,26.4,1.19,1.92
508558.203000,0.787,-0.192,-0.396,20.97,24.78,-6.5
508558.250000,0.89,-0.169,-0.537,6.29,6.87,7.97
508558.296000,0.855,-0.239,-0.323,7.87,39.77,4.24
508558.343000,0.86,-0.224,-0.299,-29.76,35.95,16.75
508558.390000,0.954,-0.327,-0.158,13.06,39.4,21.39
508558.437000,1.201,-0.068,-0.188,-38.73,68.82,-12.73
508558.484000,0.92,-0.007,0.04,-18.77,88.35,8.3
508558.546000,0.813,-0.08,0.154,-46.3,65.0,3.85
508558.593000,0.778,-0.079,0.105,-53.59,23.62,-2.11
508558.640000,0.909,-0.219,-0.104,-47.09,-16.42,15.14
508558.687000,1.06,-0.142,-0.199,-29.18,5.68,7.93
508558.734000,0.985,-0.217,-0.16,-26.43,-0.03,14.68
508558.781000,0.983,-0.17,-0.142,-16.36,16.3,0.21
508558.828000,0.889,-0.179,-0.08,-8.67,6.59,10.56
508558.875000,0.954,-0.201,-0.177,2.66,-0.03,-0.34
508558.921000,0.918,-0.148,-0.12,-1.5,-2.78,-1.59
508558.968000,0.992,-0.209,-0.236,3.72,-7.11,1.83
508559.015000,0.923,-0.152,-0.161,6.71,-2.01,-0.82
508559.062000,0.964,-0.165,-0.243,7.57,-9.43,0.76
508559.109000,0.955,-0.179,-0.207,11.69,-1.8,0.55
508559.156000,0.958,-0.185,-0.212,10.99,-0.76,1.56
508559.203000,0.941,-0.19,-0.215,9.31,1.13,-7.14
508559.250000,0.962,-0.164,-0.181,9.31,5.31,-5.43
508559.296000,0.938,-0.166,-0.192,12.21,1.92,-5.98
508559.343000,0.96,-0.161,-0.219,3.78,-4.09,-6.62
508559.390000,0.928,-0.174,-0.216,8.45,8.61,-4.03
508559.437000,0.936,-0.153,-0.204,6.47,-0.31,-1.25
508559.484000,0.951,-0.171,-0.175,1.43,4.36,-3.88
508559.531000,0.96,-0.166,-0.224,0.0,-1.28,-0.27
508559.593000,0.957,-0.181,-0.208,4.12,4.7,-2.75
508559.640000,0.918,-0.156,-0.173,4.97,1.22,4.36
508559.687000,0.94,-0.165,-0.168,0.21,1.74,-2.99
508559.734000,0.936,-0.164,-0.184,1.19,-3.63,3.27
508559.781000,0.932,-0.168,-0.171,-1.31,-4.36,1.37
508559.828000,0.941,-0.183,-0.192,5.19,-6.26,1.25
508559.875000,0.96,-0.137,-0.209,1.95,-1.28,-2.08
508559.921000,0.958,-0.172,-0.197,-1.46,-9.67,10.93
508559.968000,0.947,-0.212,-0.213,0.76,2.69,0.76
508560.015000,0.954,-0.187,-0.186,1.56,-1.13,3.75
508560.062000,0.952,-0.19,-0.211,5.74,-0.31,2.2
508560.109000,0.958,-0.173,-0.178,-0.37,5.1,-6.59
508560.156000,0.937,-0.198,-0.213,6.41,1.65,-0.27
508560.203000,0.937,-0.198,-0.183,2.23,-1.43,2.9
508560.250000,0.959,-0.223,-0.229,7.75,1.71,4.67
508560.296000,0.939,-0.188,-0.184,2.69,6.87,-3.3
508560.343000,0.947,-0.178,-0.183,6.23,4.0,2.11
508560.390000,0.931,-0.156,-0.161,-2.84,2.99,-4.43
508560.437000,0.927,-0.17,-0.165,-0.92,-1.77,1.59
508560.484000,0.966,-0.203,-0.202,-0.15,-4.64,2.23
508560.531000,0.958,-0.203,-0.2,-0.49,1.5,2.66
508560.578000,0.958,-0.188,-0.196,2.75,-0.52,-0.21
508560.625000,0.953,-0.175,-0.176,0.95,4.0,0.18
508560.671000,0.94,-0.175,-0.188,-1.31,-3.08,-3.02
508560.718000,0.928,-0.186,-0.149,0.76,-2.78,0.61
508560.765000,0.918,-0.166,-0.143,0.7,-6.07,2.29
508560.812000,0.91,-0.18,-0.1,-0.24,-3.08,5.49
508560.859000,0.933,-0.163,-0.003,4.49,-17.88,7.9
508560.906000,0.995,-0.174,0.157,18.46,-14.8,2.87
508560.953000,0.892,-0.224,0.167,10.77,-40.86,10.16
508561.000000,1.076,-0.282,0.067,30.34,-48.89,-3.42
508561.046000,1.031,-0.212,0.007,-16.17,-60.91,-14.77
508561.093000,1.101,-0.303,-0.152,56.03,-21.39,13.55
508561.140000,0.876,-0.267,-0.147,-13.15,-39.46,1.95
508561.187000,0.964,-0.352,-0.332,1.46,-30.37,10.28
508561.234000,0.673,-0.278,-0.423,-16.42,-49.81,25.42
508561.281000,0.858,-0.372,-0.595,-29.66,-44.31,8.39
508561.328000,0.684,-0.071,-0.423,-58.11,10.07,-46.11
508561.375000,0.638,0.061,-0.589,-74.5,-30.09,-35.46
508561.421000,0.558,0.186,-0.744,-96.35,-26.76,-17.15
508561.468000,0.499,0.13,-0.851,-65.86,-44.92,16.02
508561.515000,0.646,0.045,-1.182,-68.97,-53.13,25.97
508561.562000,0.844,-0.3,-0.857,-21.58,-37.45,47.76
508561.609000,0.847,-0.159,-0.807,18.71,15.9,5.52
508561.656000,0.742,0.012,-0.61,-2.23,-0.46,-21.0
508561.703000,0.871,-0.04,-0.797,17.58,-1.19,0.89
508561.750000,0.666,-0.001,-0.506,8.12,13.61,0.82
508561.796000,0.82,-0.033,-0.722,0.43,-10.86,3.33
508561.843000,0.725,-0.132,-0.575,11.11,6.32,5.77
508561.890000,0.82,-0.11,-0.708,12.85,-7.42,3.42
508561.937000,0.781,-0.086,-0.538,30.18,9.22,7.45
508561.984000,0.805,-0.029,-0.579,7.26,-3.66,-5.98
508562.031000,0.83,-0.129,-0.598,2.87,-6.59,12.42
508562.078000,0.798,-0.154,-0.616,-4.7,-6.87,-5.1
508562.125000,0.803,-0.116,-0.589,2.23,2.2,10.86
508562.171000,0.778,-0.188,-0.615,-8.03,-1.83,4.06
508562.218000,0.746,-0.068,-0.558,-4.21,12.21,-4.3
508562.265000,0.781,-0.076,-0.582,-6.56,-5.25,5.86
508562.312000,0.758,-0.149,-0.6,-6.1,-1.53,12.12
508562.359000,0.828,-0.188,-0.636,-8.0,-6.71,1.28
508562.406000,0.765,-0.199,-0.604,0.49,6.5,9.0
508562.453000,0.779,-0.16,-0.637,-2.78,0.09,-7.75
508562.500000,0.767,-0.154,-0.569,2.01,1.92,1.8
508562.562000,0.748,-0.096,-0.623,-1.28,-0.43,-9.83
508562.609000,0.735,-0.11,-0.68,-5.89,-14.1,-7.02
508562.656000,0.806,-0.097,-0.805,9.8,-0.61,-11.47
508562.703000,0.7,-0.152,-0.816,17.52,-2.35,-6.1
508562.750000,0.745,-0.141,-1.007,49.13,28.08,-30.3
508562.796000,0.617,-0.038,-0.793,35.28,-3.72,-23.01
508562.843000,0.796,-0.25,-1.165,31.53,40.77,-41.99
508562.890000,0.613,-0.021,-0.681,0.06,70.8,-71.84
508562.937000,0.684,-0.066,-0.644,36.5,21.27,2.14
508562.984000,0.755,-0.043,-0.639,30.46,50.66,-34.12
508563.031000,0.706,0.047,-0.465,5.74,20.11,-10.9
508563.078000,0.876,0.023,-0.37,19.07,34.49,-24.26
508563.125000,0.914,0.05,-0.217,-12.7,16.63,-6.13
508563.171000,0.992,-0.073,-0.201,-5.43,30.06,21.21
508563.218000,1.041,-0.155,-0.282,-29.45,-6.38,47.46
508563.265000,0.969,-0.242,-0.329,-8.42,57.56,15.23
508563.312000,0.837,-0.106,-0.083,-36.99,50.57,4.43
508563.359000,0.842,-0.1,-0.116,-19.68,38.85,16.51
508563.406000,0.905,-0.019,-0.087,-20.57,56.89,-1.01
508563.453000,0.918,-0.034,0.141,-28.66,45.23,14.1
508563.500000,0.931,-0.09,-0.031,-35.55,12.73,15.81
508563.546000,0.996,-0.185,-0.134,-30.18,-6.04,12.09
508563.593000,0.976,-0.146,-0.165,-21.58,2.87,3.33
508563.640000,0.998,-0.132,-0.156,-17.85,-2.01,-0.03
508563.687000,0.96,-0.085,-0.178,-2.96,1.37,-1.16
508563.734000,0.965,-0.104,-0.167,-4.73,-8.64,1.68
508563.781000,0.97,-0.101,-0.234,2.56,3.08,-2.5
508563.828000,0.937,-0.081,-0.204,1.04,-4.67,3.23
508563.875000,0.957,-0.079,-0.239,6.26,1.68,-3.3
508563.921000,0.947,-0.056,-0.207,3.78,-5.95,-0.21
508563.968000,0.985,-0.106,-0.258,9.13,-2.41,2.14
508564.015000,0.939,-0.116,-0.266,8.45,-2.29,0.76
508564.062000,0.946,-0.091,-0.269,4.15,7.6,-6.68
508564.109000,0.901,-0.094,-0.212,5.86,1.19,0.0
508564.156000,0.954,-0.099,-0.255,3.45,6.29,-0.64
508564.203000,0.944,-0.094,-0.24,2.75,-5.65,-0.79
508564.250000,0.941,-0.078,-0.235,0.82,7.87,0.27
508564.296000,0.929,-0.109,-0.199,1.89,-4.27,5.62
508564.343000,0.922,-0.084,-0.245,0.49,-6.26,3.91
508564.390000,0.97,-0.109,-0.27,5.19,-6.23,4.09
508564.437000,0.931,-0.071,-0.225,2.69,4.36,2.38
508564.484000,0.946,-0.142,-0.281,3.85,-11.54,10.16
508564.531000,0.923,-0.086,-0.224,2.53,4.58,-3.85
508564.578000,0.957,-0.11,-0.248,-0.79,-7.2,5.71
508564.625000,0.955,-0.149,-0.313,1.86,-2.87,7.23
508564.671000,0.953,-0.126,-0.267,-2.87,-0.12,5.8
508564.718000,0.949,-0.133,-0.251,1.59,2.11,6.93
508564.765000,0.916,-0.118,-0.223,0.15,7.45,-2.14
508564.812000,0.928,-0.123,-0.212,0.98,-3.42,4.18
508564.859000,0.928,-0.152,-0.273,3.88,-0.98,2.29
508564.906000,0.928,-0.124,-0.224,1.95,-5.28,1.74
508564.953000,0.946,-0.145,-0.289,5.4,-3.42,2.35
508565.000000,0.937,-0.148,-0.267,0.46,-2.69,1.74
508565.046000,0.942,-0.166,-0.293,5.28,-1.25,1.04
508565.093000,0.932,-0.13,-0.268,1.65,-0.82,3.02
508565.140000,0.929,-0.157,-0.265,5.01,-2.96,2.35
508565.187000,0.94,-0.136,-0.271,4.94,-2.56,-1.62
508565.234000,0.916,-0.135,-0.258,-1.28,-2.75,-1.22
508565.281000,0.952,-0.168,-0.288,0.27,-0.12,-1.22
508565.328000,0.937,-0.12,-0.26,1.92,4.88,-2.53
508565.390000,0.932,-0.136,-0.265,-2.99,-0.79,1.46
508565.437000,0.926,-0.132,-0.257,-4.73,2.59,0.31
508565.484000,0.935,-0.136,-0.273,-1.59,-3.72,3.27
508565.531000,0.935,-0.161,-0.26,-0.4,3.05,1.92
508565.578000,0.927,-0.147,-0.262,2.04,-0.67,3.36
508565.625000,0.932,-0.16,-0.267,-2.01,0.31,0.37
508565.671000,0.944,-0.139,-0.262,0.55,-2.04,0.89
508565.718000,0.947,-0.171,-0.287,0.7,0.76,2.38
508565.765000,0.93,-0.125,-0.251,-0.24,1.83,-0.37
508565.812000,0.94,-0.171,-0.261,3.05,3.36,0.27
508565.859000,0.929,-0.147,-0.188,3.23,-0.92,0.18
508565.906000,0.916,-0.149,-0.143,7.35,1.13,2.32
508565.953000,0.878,-0.228,0.147,15.47,-6.56,6.32
508566.000000,0.895,-0.139,0.302,33.2,-30.61,-12.05
508566.062000,1.003,-0.177,0.243,28.11,-56.06,6.9
508566.109000,1.039,-0.22,-0.021,24.11,-50.54,-3.81
508566.156000,1.03,-0.183,-0.039,23.96,-42.3,-10.41
508566.203000,0.919,-0.133,-0.213,25.45,-46.21,12.18
508566.265000,0.855,-0.43,-0.682,-2.29,-69.98,38.58
508566.312000,0.643,-0.27,-0.566,-36.5,-41.17,-3.45
508566.359000,0.738,-0.206,-0.842,-49.2,-63.08,-1.74
508566.421000,0.545,-0.166,-0.842,-48.68,-58.6,10.35
508566.468000,0.474,-0.018,-0.812,-30.95,-13.52,-25.7
508566.515000,0.51,-0.008,-0.91,-45.05,-46.63,-1.22
508566.562000,0.602,0.05,-1.02,-36.35,-30.46,-13.28
508566.609000,0.608,0.022,-0.896,-33.17,-32.62,11.9
508566.656000,0.603,0.047,-0.887,-18.62,-15.87,7.57
508566.703000,0.575,-0.032,-0.803,-21.27,-26.52,19.59
508566.750000,0.619,-0.103,-0.883,-11.14,-18.71,11.54
508566.796000,0.667,-0.117,-0.895,0.15,-13.61,5.62
508566.859000,0.626,-0.099,-0.824,8.33,-6.5,3.85
508566.906000,0.657,-0.068,-0.86,11.41,6.74,-1.77
508566.953000,0.658,-0.061,-0.766,13.03,5.8,0.76
508567.000000,0.648,-0.002,-0.761,4.46,19.93,-9.34
508567.046000,0.623,-0.083,-0.691,9.98,2.23,1.37
508567.093000,0.671,-0.009,-0.721,-6.04,1.56,-9.28
508567.140000,0.647,-0.066,-0.761,3.36,-1.1,13.43
508567.187000,0.638,-0.128,-0.741,2.14,-0.18,9.06
508567.234000,0.621,-0.094,-0.708,0.09,3.2,2.99
508567.281000,0.662,-0.127,-0.726,4.39,-0.76,8.21
508567.328000,0.614,-0.11,-0.674,-3.08,2.41,0.76
508567.390000,0.632,-0.119,-0.695,-0.37,3.11,7.2
508567.437000,0.656,-0.112,-0.723,-3.48,4.06,-0.7
508567.484000,0.651,-0.134,-0.736,2.23,3.75,8.03
508567.531000,0.652,-0.139,-0.705,0.34,3.14,0.27
508567.578000,0.659,-0.13,-0.694,-1.01,4.36,3.85
508567.625000,0.648,-0.13,-0.742,-0.03,4.79,3.94
508567.671000,0.645,-0.141,-0.672,-3.85,0.92,0.09
508567.718000,0.658,-0.115,-0.74,-1.68,2.75,1.59
508567.765000,0.628,-0.105,-0.695,-6.68,-3.81,0.43
508567.812000,0.668,-0.086,-0.754,-5.04,-1.28,-1.07
508567.859000,0.578,-0.085,-0.65,-6.87,-2.75,7.02
508567.906000,0.63,-0.109,-0.765,-14.04,-4.58,0.21
508567.953000,0.572,-0.089,-0.708,-1.19,-5.34,6.26
508568.000000,0.637,-0.133,-0.897,-4.06,-8.12,-0.95
508568.046000,0.594,-0.178,-0.936,17.79,-5.28,0.15
508568.093000,0.617,-0.206,-1.021,30.21,12.91,-18.07
508568.140000,0.491,-0.083,-1.09,47.4,21.0,-30.67
508568.187000,0.502,-0.315,-1.095,62.72,10.96,-9.83
508568.234000,0.425,0.04,-0.891,25.7,38.33,-72.33
508568.281000,0.526,-0.066,-0.825,70.25,10.07,-9.34
508568.328000,0.672,-0.041,-0.865,51.36,41.35,-44.92
508568.375000,0.603,-0.102,-0.592,44.4,12.88,-10.16
508568.421000,0.689,-0.191,-0.624,31.68,10.93,-11.41
508568.468000,0.606,-0.313,-0.572,17.7,41.41,-4.91
508568.515000,0.667,-0.287,-0.3,25.48,22.22,-2.47
508568.562000,1.006,-0.091,-0.42,-15.08,19.29,-19.9
508568.609000,0.986,-0.158,-0.364,-11.08,57.95,36.56
508568.656000,1.096,-0.108,-0.329,-32.38,72.97,19.2
508568.703000,0.936,-0.134,-0.078,-44.8,108.52,11.78
508568.750000,0.949,0.013,-0.246,-72.63,100.86,-18.56
508568.812000,0.764,-0.289,0.061,-61.59,42.45,12.94
508568.859000,0.871,-0.282,-0.109,-58.75,24.99,-6.44
508568.906000,0.915,-0.157,-0.127,-20.63,-2.23,3.45
508568.953000,0.982,-0.135,-0.261,-12.54,5.86,-0.03
508569.000000,0.951,-0.104,-0.199,3.08,1.13,9.37
508569.046000,0.883,-0.131,-0.185,-3.88,2.2,5.28
508569.093000,0.96,-0.155,-0.257,2.59,-14.95,8.97
508569.140000,0.922,-0.175,-0.248,6.32,0.49,0.12
508569.187000,0.968,-0.16,-0.278,6.62,-7.75,2.47
508569.250000,0.902,-0.168,-0.246,12.12,-0.31,-0.24
508569.296000,0.956,-0.142,-0.318,8.0,-7.2,1.01
508569.343000,0.945,-0.177,-0.313,17.82,3.05,1.4
508569.390000,0.889,-0.155,-0.274,5.37,0.52,-2.35
508569.437000,0.916,-0.161,-0.289,8.09,-1.53,1.77
508569.484000,0.911,-0.164,-0.287,3.97,-1.71,-2.78
508569.531000,0.942,-0.145,-0.272,3.17,-0.58,-0.98
508569.578000,0.921,-0.179,-0.302,-4.79,-3.66,-0.43
508569.625000,0.95,-0.155,-0.326,-1.19,5.55,-3.27
508569.671000,0.892,-0.165,-0.254,-4.03,1.16,0.03
508569.718000,0.926,-0.165,-0.284,-2.9,4.49,-4.55
508569.765000,0.894,-0.154,-0.248,-0.06,0.79,2.96
508569.812000,0.918,-0.147,-0.293,-7.9,-2.66,1.37
508569.859000,0.918,-0.196,-0.293,-2.01,-3.36,6.81
508569.906000,0.914,-0.142,-0.273,-3.75,-2.11,4.18
508569.953000,0.928,-0.185,-0.292,-0.24,-3.39,3.78
508570.000000,0.923,-0.155,-0.282,-1.28,-1.65,3.17
508570.046000,0.941,-0.192,-0.326,-1.89,-2.56,5.01
508570.093000,0.923,-0.19,-0.282,-0.15,-1.1,2.38
508570.140000,0.943,-0.209,-0.301,-1.16,1.4,-3.27
508570.187000,0.922,-0.171,-0.281,2.99,3.85,-2.29
508570.234000,0.904,-0.151,-0.283,2.75,5.19,-1.22
508570.281000,0.928,-0.155,-0.293,-2.38,0.46,-0.55
508570.328000,0.91,-0.191,-0.277,0.18,2.04,2.11
508570.375000,0.919,-0.164,-0.291,-3.88,1.22,-1.31
508570.421000,0.909,-0.198,-0.282,3.48,-3.2,4.46
508570.468000,0.915,-0.172,-0.299,-2.72,-1.65,-2.26
508570.515000,0.922,-0.184,-0.299,2.5,-1.71,0.67
508570.562000,0.92,-0.168,-0.29,1.86,-0.55,1.92
508570.609000,0.922,-0.166,-0.297,-2.29,0.61,1.89
508570.656000,0.909,-0.212,-0.31,-1.07,-3.42,4.0
508570.703000,0.927,-0.157,-0.295,-2.44,1.34,-1.74
508570.750000,0.899,-0.165,-0.276,-2.11,0.4,1.28
508570.796000,0.921,-0.193,-0.297,-1.34,-2.14,5.25
508570.843000,0.914,-0.185,-0.259,-1.89,0.31,1.4
508570.890000,0.936,-0.195,-0.256,6.04,-3.69,2.93
508570.937000,0.923,-0.15,-0.119,8.42,2.44,0.37
508570.984000,0.929,-0.131,0.06,21.15,-2.29,4.0
508571.031000,0.935,-0.121,0.275,24.45,-3.36,5.49
508571.078000,0.926,-0.348,0.308,46.69,-51.88,23.44
508571.125000,0.938,-0.401,0.317,39.4,-71.69,-2.53
508571.171000,1.069,-0.358,-0.053,76.24,-57.01,10.35
508571.218000,0.905,-0.28,0.01,14.98,-24.14,-23.29
508571.265000,0.98,-0.273,-0.514,-35.1,-78.65,12.36
508571.312000,0.697,-0.424,-0.811,-12.12,-52.95,22.98
508571.359000,0.653,-0.174,-0.728,-89.14,-6.13,-53.5
508571.406000,0.515,0.025,-0.923,-76.3,-34.85,-13.18
508571.453000,0.428,0.124,-1.045,-86.18,-15.59,-32.32
508571.500000,0.539,0.019,-1.176,-96.07,-60.55,-7.63
508571.562000,0.641,-0.16,-0.925,-32.81,-17.61,26.28
508571.609000,0.647,-0.141,-0.819,-6.35,-28.66,26.55
508571.656000,0.724,-0.007,-0.71,-4.73,13.0,-7.81
508571.703000,0.749,-0.092,-0.749,18.07,-9.0,13.43
508571.750000,0.668,-0.075,-0.622,20.05,9.34,9.0
508571.796000,0.719,-0.062,-0.661,0.58,-1.83,-8.97
508571.843000,0.717,-0.079,-0.653,2.29,0.85,-2.96
508571.890000,0.685,-0.082,-0.622,-3.23,-3.81,-4.97
508571.937000,0.753,-0.118,-0.704,7.54,-3.14,7.32
508571.984000,0.745,-0.099,-0.661,10.77,3.69,-2.29
508572.031000,0.698,-0.187,-0.672,4.15,3.33,0.0
508572.078000,0.768,-0.097,-0.651,6.74,10.68,-25.48
508572.125000,0.75,0.004,-0.632,8.91,-0.24,-2.72
508572.171000,0.744,-0.086,-0.584,6.1,0.09,7.11
508572.218000,0.777,-0.048,-0.691,-6.26,-4.18,-5.95
508572.265000,0.802,-0.09,-0.64,-1.68,-4.67,8.18
508572.312000,0.769,-0.117,-0.696,-3.2,-1.37,0.37
508572.375000,0.741,-0.142,-0.566,-2.62,0.55,7.11
508572.421000,0.745,-0.131,-0.633,-4.43,-0.09,7.39
508572.484000,0.748,-0.152,-0.648,-5.31,-3.81,2.23
508572.531000,0.713,-0.121,-0.585,-3.66,-1.46,5.95
508572.578000,0.719,-0.174,-0.653,-1.59,-8.45,7.29
508572.625000,0.656,-0.186,-0.648,-2.26,-5.01,-0.18
508572.671000,0.695,-0.164,-0.822,7.32,-16.91,3.3
508572.718000,0.686,-0.169,-0.801,24.38,2.44,-3.97
508572.765000,0.735,-0.219,-1.033,28.26,7.75,-21.39
508572.812000,0.536,-0.128,-0.918,58.02,23.68,-31.28
508572.859000,0.574,-0.024,-1.039,12.48,-22.71,-42.79
508572.906000,0.512,-0.025,-0.994,55.67,33.78,-31.53
508572.953000,0.563,-0.124,-0.913,35.28,-16.33,-23.93
508573.000000,0.698,-0.131,-0.779,47.82,47.33,-47.3
508573.046000,0.802,0.048,-0.683,-5.65,12.18,-51.52
508573.093000,0.791,-0.082,-0.49,36.99,55.85,-27.62
508573.140000,0.886,0.098,-0.364,-23.19,20.26,-42.91
508573.187000,0.881,0.151,-0.245,-0.12,85.73,-13.4
508573.234000,0.827,-0.018,-0.086,-29.21,11.17,23.07
508573.281000,0.913,-0.155,-0.377,-68.48,24.75,39.92
508573.328000,0.854,-0.274,-0.36,-57.47,37.66,33.2
508573.375000,0.963,-0.225,-0.413,-48.13,65.65,21.03
508573.421000,0.906,-0.023,-0.095,-27.95,118.66,0.52
508573.468000,0.946,-0.012,0.107,-1.28,69.46,23.26
508573.515000,0.874,0.027,0.18,-57.41,52.61,4.67
508573.578000,0.908,-0.209,0.061,-33.57,-0.82,22.83
508573.625000,0.944,-0.181,-0.028,-24.14,-0.46,5.46
508573.687000,1.016,-0.091,-0.197,5.71,-1.65,-7.11
508573.734000,0.998,-0.03,-0.157,5.01,-5.8,-5.04
508573.781000,0.943,-0.056,-0.245,8.3,6.84,-6.5
508573.828000,0.948,-0.044,-0.188,7.51,-9.28,-6.2
508573.875000,0.946,-0.044,-0.24,3.78,5.16,-9.13
508573.921000,0.971,-0.03,-0.168,4.52,-3.23,1.83
508573.968000,0.95,-0.053,-0.197,-2.93,-1.62,-0.79
508574.015000,0.957,-0.108,-0.226,7.75,2.93,6.1
508574.062000,0.923,-0.063,-0.172,4.43,-5.16,-3.42
508574.109000,0.965,-0.037,-0.248,8.42,3.54,0.34
508574.156000,0.98,-0.062,-0.23,1.89,-4.61,2.32
508574.203000,0.947,-0.079,-0.258,2.47,4.39,-0.27
508574.250000,0.957,-0.087,-0.171,3.14,2.5,5.16
508574.296000,0.936,-0.072,-0.201,4.52,-0.64,-2.99
508574.343000,0.962,-0.054,-0.181,-1.5,-1.37,0.37
508574.390000,0.945,-0.058,-0.199,-4.15,-7.6,2.47
508574.453000,0.97,-0.095,-0.223,0.12,-0.46,0.98
508574.500000,0.959,-0.079,-0.222,-1.62,-5.37,1.04
508574.546000,0.93,-0.065,-0.211,-3.72,1.4,-2.5
508574.593000,0.95,-0.079,-0.221,-1.59,-2.9,-0.52
508574.640000,0.954,-0.071,-0.246,2.72,2.78,1.83
508574.687000,0.953,-0.073,-0.212,-2.59,-3.94,-0.55
508574.734000,0.96,-0.064,-0.274,-1.19,4.43,-0.12
508574.781000,0.934,-0.062,-0.198,-4.36,-3.42,0.09
508574.828000,0.94,-0.062,-0.232,-3.85,1.89,-4.24
508574.875000,0.945,-0.059,-0.2,1.98,0.27,0.55
508574.921000,0.954,-0.067,-0.235,1.16,1.59,2.04
508574.968000,0.95,-0.067,-0.207,-1.86,2.78,3.48
508575.015000,0.952,-0.076,-0.216,-2.32,-0.31,5.28
508575.062000,0.949,-0.096,-0.232,-0.82,1.86,0.43
508575.109000,0.954,-0.057,-0.212,-1.46,-1.5,0.85
508575.156000,0.953,-0.108,-0.24,-1.71,-3.45,1.19
508575.203000,0.954,-0.062,-0.199,0.15,2.17,-2.47
508575.250000,0.936,-0.09,-0.216,0.4,-2.32,2.5
508575.296000,0.949,-0.058,-0.231,0.76,1.04,-2.59
508575.343000,0.955,-0.072,-0.208,4.21,1.19,3.05
508575.390000,0.953,-0.097,-0.241,1.28,-1.8,2.72
508575.437000,0.951,-0.092,-0.228,1.95,-1.13,0.55
508575.484000,0.949,-0.084,-0.258,0.76,-0.79,-1.46
508575.531000,0.943,-0.058,-0.224,0.46,-0.73,-4.12
508575.578000,0.959,-0.078,-0.242,-0.27,-2.41,0.64
508575.625000,0.953,-0.076,-0.24,0.7,3.42,-2.47
508575.671000,0.934,-0.093,-0.222,0.82,-5.07,2.56
508575.718000,0.944,-0.09,-0.248,6.32,4.36,-1.8
508575.765000,0.957,-0.108,-0.252,5.13,2.04,0.85
508575.812000,0.948,-0.061,-0.226,-0.89,4.24,-2.32
508575.859000,0.952,-0.122,-0.185,7.63,1.59,2.47
508575.906000,0.962,-0.115,-0.06,9.64,5.55,-0.76
508575.953000,0.925,-0.18,0.204,32.07,-2.35,2.69
508576.000000,0.831,-0.095,0.45,62.5,-20.08,5.65
508576.046000,0.854,-0.003,0.467,55.02,-48.37,-2.2
508576.093000,0.839,-0.001,0.285,32.14,-106.69,18.74
508576.140000,1.013,-0.232,-0.083,56.61,-112.09,36.84
508576.187000,0.984,-0.35,-0.437,-27.74,-134.68,24.78
508576.234000,0.794,-0.229,-0.64,-5.1,-64.58,7.29
508576.281000,0.923,-0.314,-1.017,-24.72,-2.96,-13.21
508576.328000,0.629,0.016,-0.812,-24.9,10.16,-28.72
508576.375000,0.624,0.236,-0.787,-89.51,16.14,-37.11
508576.421000,0.557,0.024,-1.037,-30.21,-29.36,52.95
508576.468000,0.499,0.002,-0.81,-63.51,-13.67,15.26
508576.515000,0.421,0.065,-0.841,-76.82,-29.11,20.45
508576.562000,0.574,-0.115,-1.04,-38.67,-32.04,30.37
508576.609000,0.63,-0.159,-0.851,-19.9,-28.38,23.44
508576.656000,0.688,-0.185,-0.839,0.95,-10.53,0.37
508576.718000,0.715,-0.126,-0.814,0.18,-10.01,-13.03
508576.765000,0.724,-0.064,-0.739,25.91,2.44,-3.42
508576.812000,0.713,-0.025,-0.71,3.6,-1.74,-12.63
508576.859000,0.716,-0.047,-0.751,10.62,-4.24,-2.2
508576.906000,0.705,-0.054,-0.716,6.01,4.06,-16.79
508576.953000,0.676,-0.038,-0.659,5.95,-3.54,1.01
508577.000000,0.705,-0.029,-0.739,6.26,2.62,-0.27
508577.046000,0.682,-0.06,-0.652,-0.73,-6.81,-5.62
508577.109000,0.671,-0.049,-0.637,4.7,5.58,5.83
508577.156000,0.692,-0.059,-0.739,-1.34,2.62,-1.95
508577.203000,0.724,-0.1,-0.719,24.08,44.28,-1.5
508577.250000,0.752,-0.067,-0.698,3.97,3.36,-4.24
508577.296000,0.731,-0.076,-0.61,2.53,24.66,6.81
508577.343000,0.755,-0.094,-0.719,-1.92,-13.92,6.99
508577.390000,0.746,-0.075,-0.623,0.92,12.09,0.4
508577.437000,0.741,-0.118,-0.703,0.27,2.56,1.74
508577.484000,0.725,-0.118,-0.606,2.99,11.2,-1.46
508577.531000,0.723,-0.084,-0.637,0.95,4.43,-3.51
508577.578000,0.718,-0.101,-0.606,3.48,23.87,-10.62
508577.625000,0.691,-0.11,-0.717,10.35,-1.37,-4.15
508577.671000,0.665,-0.203,-0.704,21.03,4.52,-9.67
508577.718000,0.686,-0.187,-0.958,26.67,3.78,-30.92
508577.765000,0.617,-0.083,-0.959,45.08,9.0,-24.11
508577.812000,0.625,-0.126,-0.996,45.81,8.94,-21.45
508577.859000,0.656,-0.069,-0.926,47.06,42.76,-47.46
508577.906000,0.754,-0.071,-0.815,65.46,63.75,-21.15
508577.953000,0.789,-0.126,-0.622,49.99,40.07,-16.6
508578.000000,0.863,-0.125,-0.492,7.63,46.42,-4.67
508578.046000,0.904,-0.092,-0.283,-2.81,25.27,-19.65
508578.093000,0.897,-0.033,-0.328,-51.21,9.31,-15.2
508578.140000,0.901,-0.073,-0.136,-4.18,36.74,-8.03
508578.187000,0.848,-0.062,-0.358,-75.84,12.97,10.68
508578.234000,0.881,-0.277,-0.298,-38.42,20.72,20.69
508578.281000,0.95,-0.162,-0.165,-38.45,52.49,-7.14
508578.328000,0.945,-0.025,0.053,-1.22,75.99,-18.31
508578.375000,0.893,0.373,0.196,-37.72,77.85,-27.89
508578.421000,0.795,0.041,0.156,-63.51,2.26,41.72
508578.468000,0.947,-0.186,-0.262,-58.47,-5.86,34.49
508578.515000,1.028,-0.13,-0.156,-22.8,1.16,17.64
508578.562000,1.003,-0.091,-0.135,-14.77,11.17,23.16
508578.609000,1.018,-0.06,-0.212,-6.56,3.11,6.2
508578.656000,0.931,-0.058,-0.139,-5.95,8.12,7.32
508578.703000,0.965,-0.082,-0.212,-3.85,-5.98,5.31
508578.750000,0.938,-0.025,-0.21,0.67,6.47,-0.64
508578.796000,0.966,-0.053,-0.199,1.65,-7.6,4.36
508578.859000,0.931,-0.044,-0.2,-6.41,4.97,3.57
508578.906000,0.962,-0.091,-0.227,7.45,-3.66,7.54
508578.953000,0.905,-0.05,-0.216,0.73,2.81,-3.72
508579.000000,0.953,-0.1,-0.26,5.86,-11.54,6.81
508579.046000,0.967,-0.108,-0.28,8.67,0.89,-1.13
508579.093000,0.951,-0.085,-0.235,5.22,1.59,-1.04
508579.140000,0.942,-0.07,-0.223,5.4,1.25,-0.82
508579.203000,0.951,-0.082,-0.241,1.53,-1.53,-1.8
508579.250000,0.924,-0.063,-0.212,-0.43,-4.43,2.62
508579.296000,0.967,-0.098,-0.292,2.2,-0.85,0.7
508579.343000,0.953,-0.097,-0.222,1.5,5.1,1.53
508579.390000,0.952,-0.077,-0.263,2.93,8.36,3.05
508579.437000,0.935,-0.091,-0.213,-2.38,0.73,-0.4
508579.484000,0.936,-0.076,-0.212,-3.23,-0.67,1.46
508579.531000,0.936,-0.076,-0.206,-3.27,-6.53,2.01
508579.578000,0.948,-0.08,-0.247,-5.4,-6.35,3.57
508579.625000,0.968,-0.121,-0.259,-2.2,-4.94,1.68
508579.671000,0.945,-0.074,-0.246,-1.65,-3.42,1.89
508579.718000,0.963,-0.113,-0.272,0.43,2.5,2.32
508579.765000,0.941,-0.093,-0.253,0.4,0.61,-0.37
508579.812000,0.95,-0.104,-0.249,-2.38,1.65,-0.95
508579.859000,0.937,-0.096,-0.24,3.27,4.73,0.73
508579.906000,0.942,-0.089,-0.242,0.95,2.38,-1.07
508579.953000,0.932,-0.089,-0.22,6.35,3.17,3.33
508580.000000,0.944,-0.108,-0.241,0.24,0.27,1.92
508580.046000,0.941,-0.093,-0.246,1.8,-0.4,2.47
508580.093000,0.955,-0.104,-0.238,0.03,-1.62,1.53
508580.140000,0.942,-0.107,-0.231,3.72,2.26,1.04
508580.187000,0.938,-0.083,-0.226,-1.74,-1.89,0.27
508580.234000,0.942,-0.117,-0.263,0.46,-1.83,-0.52
508580.281000,0.949,-0.081,-0.237,0.4,-2.26,0.67
508580.328000,0.944,-0.104,-0.257,-1.65,-3.88,1.5
508580.375000,0.943,-0.099,-0.254,0.85,-0.55,1.4
508580.421000,0.948,-0.113,-0.259,-1.83,-2.38,0.7
508580.468000,0.94,-0.111,-0.253,-0.21,-2.62,0.92
508580.515000,0.94,-0.103,-0.252,0.09,0.03,-3.14
508580.562000,0.939,-0.091,-0.246,-1.37,-2.93,0.0
508580.609000,0.941,-0.123,-0.261,3.75,1.1,-0.31
508580.656000,0.931,-0.127,-0.236,6.68,0.7,1.01
508580.703000,0.871,-0.061,-0.042,12.05,2.01,5.43
508580.750000,0.804,-0.25,0.237,33.42,-11.32,32.96
508580.796000,0.892,-0.084,0.372,52.61,-33.91,13.43
508580.843000,0.948,-0.162,0.43,44.56,-63.66,26.52
508580.890000,0.976,-0.216,0.163,45.11,-91.46,16.57
508580.937000,0.989,-0.097,0.056,6.41,-95.1,-2.26
508580.984000,0.816,-0.392,-0.491,15.35,-87.47,55.7
508581.031000,0.887,-0.438,-0.781,-18.13,-6.29,-24.05
508581.078000,0.735,-0.282,-0.849,-40.07,-12.88,-24.14
508581.125000,0.686,-0.2,-0.945,-54.99,5.37,-43.21
508581.171000,0.585,-0.058,-0.946,-79.29,-20.51,-24.6
508581.218000,0.505,-0.027,-0.907,-60.43,-10.93,-12.54
508581.265000,0.537,-0.014,-0.913,-82.16,-62.59,-13.0
508581.312000,0.534,-0.052,-0.839,-24.57,-7.32,13.79
508581.359000,0.676,-0.049,-0.842,-6.68,-44.43,53.87
508581.406000,0.742,-0.058,-0.877,10.32,-1.31,12.15
508581.453000,0.675,-0.105,-0.699,-5.04,-22.46,5.19
508581.500000,0.744,-0.047,-0.73,4.97,7.05,-10.99
508581.546000,0.73,-0.13,-0.732,-3.78,-16.97,6.23
508581.593000,0.767,-0.098,-0.78,11.23,9.89,-6.5
508581.656000,0.709,-0.093,-0.688,1.04,-2.87,-1.13
508581.718000,0.667,-0.135,-0.552,1.71,8.06,-4.52
508581.765000,0.722,-0.014,-0.674,-4.67,3.02,-15.08
508581.812000,0.731,-0.082,-0.653,7.35,-2.84,12.33
508581.859000,0.724,-0.066,-0.703,4.79,5.49,-4.36
508581.906000,0.731,-0.095,-0.61,3.81,-2.35,0.79
508581.953000,0.746,-0.113,-0.709,13.49,9.86,1.01
508582.000000,0.729,-0.082,-0.574,1.37,10.25,-9.46
508582.046000,0.744,-0.074,-0.656,-0.58,-1.83,9.31
508582.093000,0.741,-0.15,-0.618,-0.73,3.63,6.32
508582.140000,0.715,-0.095,-0.613,-10.65,-1.04,3.17
508582.187000,0.745,-0.17,-0.599,2.96,4.55,12.63
508582.250000,0.723,-0.16,-0.615,4.58,1.25,0.79
508582.296000,0.729,-0.131,-0.614,-0.12,1.1,2.08
508582.343000,0.728,-0.125,-0.677,0.37,-1.07,-0.24
508582.390000,0.676,-0.156,-0.589,6.56,4.0,6.71
508582.437000,0.684,-0.134,-0.73,8.15,-2.29,-4.15
508582.484000,0.777,-0.257,-0.862,25.06,7.81,-6.93
508582.531000,0.762,-0.204,-0.92,43.31,29.18,-33.17
508582.578000,0.586,-0.24,-0.906,53.62,-1.31,-11.08
508582.625000,0.696,-0.169,-1.06,64.03,36.74,-45.17
508582.671000,0.582,0.122,-0.764,48.43,9.67,-35.98
508582.718000,0.723,-0.148,-0.832,58.93,-3.33,10.71
508582.781000,0.714,-0.047,-0.598,1.56,-15.08,-25.97
508582.828000,0.782,-0.244,-0.778,21.85,-19.26,23.1
508582.875000,0.889,-0.25,-0.501,-22.61,-4.49,-26.76
508582.921000,0.967,-0.183,-0.533,-21.97,14.47,-14.62
508582.984000,0.795,-0.083,-0.325,-62.44,54.81,-22.52
508583.031000,0.734,-0.164,-0.348,-36.5,59.33,14.44
508583.078000,0.674,-0.226,-0.221,-55.3,54.84,2.11
508583.125000,0.762,-0.233,-0.227,-26.06,61.83,4.73
508583.171000,0.922,-0.22,-0.095,-5.58,75.11,-11.38
508583.218000,1.055,0.068,0.136,15.5,93.69,-24.48
508583.265000,1.058,0.193,0.061,-28.11,76.14,-8.18
508583.312000,0.873,0.131,0.01,-56.09,29.24,15.17
508583.359000,0.907,-0.023,-0.039,-51.88,0.27,23.53
508583.406000,0.984,-0.09,-0.091,-37.63,0.67,19.96
508583.453000,0.992,-0.136,-0.076,-27.95,-12.42,20.05
508583.500000,1.014,-0.111,-0.166,-7.57,3.33,6.65
508583.546000,0.987,-0.082,-0.15,5.77,-11.08,3.57
508583.593000,0.996,-0.051,-0.21,6.04,6.07,-0.98
508583.640000,0.96,-0.102,-0.197,11.44,-5.77,3.81
508583.687000,0.954,-0.039,-0.198,5.89,9.89,-5.04
508583.734000,0.929,-0.116,-0.181,12.6,-6.41,6.04
508583.781000,0.95,-0.093,-0.225,13.49,7.05,-3.23
508583.828000,0.964,-0.068,-0.219,12.39,-5.25,2.75
508583.875000,0.963,-0.092,-0.224,6.13,1.16,3.42
508583.921000,0.944,-0.11,-0.223,5.65,-3.11,1.4
508583.968000,0.948,-0.074,-0.226,5.92,0.27,-2.47
508584.015000,0.932,-0.089,-0.213,6.32,-5.62,3.42
508584.078000,0.971,-0.115,-0.259,7.48,-0.27,3.14
508584.125000,0.93,-0.071,-0.188,4.36,-1.65,3.91
508584.171000,0.95,-0.113,-0.24,4.97,-1.1,4.33
508584.218000,0.965,-0.135,-0.246,6.26,0.0,2.78
508584.265000,0.962,-0.104,-0.227,2.56,0.95,0.31
508584.312000,0.968,-0.114,-0.243,3.97,1.98,1.16
508584.359000,0.942,-0.071,-0.183,-1.98,5.25,-2.53
508584.406000,0.935,-0.136,-0.222,-0.98,0.95,1.77
508584.453000,0.926,-0.12,-0.17,1.31,0.7,-0.85
508584.500000,0.961,-0.106,-0.222,-3.23,-2.14,-0.85
508584.562000,0.945,-0.103,-0.189,0.0,-1.16,1.89
508584.609000,0.971,-0.134,-0.218,-2.04,5.68,0.03
508584.656000,0.953,-0.107,-0.192,0.76,4.79,0.18
508584.703000,0.934,-0.089,-0.191,-1.68,2.26,0.0
508584.750000,0.956,-0.13,-0.205,2.38,2.56,0.98
508584.796000,0.938,-0.103,-0.186,1.5,0.64,-0.37
508584.843000,0.961,-0.118,-0.208,1.71,1.56,-0.31
508584.890000,0.94,-0.093,-0.188,1.77,-1.31,1.07
508584.937000,0.952,-0.1,-0.219,-0.73,-2.35,2.66
508584.984000,0.94,-0.127,-0.192,-0.37,-3.05,4.21
508585.031000,0.965,-0.114,-0.225,-1.34,-3.45,2.41
508585.078000,0.955,-0.135,-0.215,-0.43,-0.21,2.99
508585.125000,0.959,-0.111,-0.213,-0.34,0.12,-0.21
508585.171000,0.944,-0.115,-0.201,-1.22,2.14,0.18
508585.218000,0.95,-0.129,-0.226,-1.37,-3.94,0.55
508585.265000,0.948,-0.109,-0.209,-2.26,-1.8,-0.98
508585.312000,0.959,-0.143,-0.233,1.65,-0.76,4.15
508585.359000,0.949,-0.119,-0.214,0.73,0.58,-1.13
508585.406000,0.936,-0.11,-0.193,1.46,-0.18,4.21
508585.453000,0.904,-0.105,-0.12,3.39,-0.06,5.46
508585.500000,0.917,-0.137,0.016,6.2,-8.42,13.79
508585.562000,0.795,-0.163,0.37,47.09,-4.94,24.05
508585.609000,0.92,-0.033,0.391,27.95,-33.54,15.63
508585.656000,0.962,-0.126,0.308,16.48,-55.24,20.72
508585.703000,0.987,-0.197,0.18,-1.46,-87.37,26.28
508585.750000,0.983,-0.238,0.001,-35.86,-97.66,22.43
508585.796000,0.89,-0.402,-0.585,-27.74,-131.47,52.31
508585.843000,0.782,-0.449,-0.853,-43.0,-47.09,-17.82
508585.890000,0.769,-0.362,-1.031,-38.51,-19.87,-44.25
508585.937000,0.567,-0.065,-0.777,-38.73,25.88,-70.8
508585.984000,0.637,0.109,-1.069,-59.3,-26.12,-24.63
508586.031000,0.465,0.071,-0.834,-27.47,1.62,-1.83
508586.078000,0.598,0.063,-0.961,-52.34,-24.75,-0.92
508586.125000,0.598,-0.002,-0.829,-23.19,-27.1,16.63
508586.171000,0.719,-0.054,-0.876,-16.08,-28.81,21.12
508586.218000,0.738,-0.145,-0.702,10.5,-18.95,33.3
508586.265000,0.751,-0.141,-0.772,21.36,6.2,14.5
508586.328000,0.726,-0.078,-0.619,4.24,-1.74,-15.72
508586.375000,0.817,-0.079,-0.764,26.52,13.92,2.44
508586.421000,0.722,-0.125,-0.62,4.79,-4.27,0.61
508586.468000,0.747,-0.074,-0.7,8.58,6.65,-4.12
508586.515000,0.717,-0.116,-0.558,3.33,-7.23,2.9
508586.562000,0.732,-0.054,-0.693,2.08,3.02,-3.48
508586.609000,0.757,-0.055,-0.631,-7.48,-10.53,-7.35
508586.671000,0.789,-0.061,-0.639,8.06,9.98,1.43
508586.718000,0.729,-0.123,-0.643,-1.4,-1.8,10.22
508586.765000,0.757,-0.135,-0.649,2.62,2.17,5.13
508586.812000,0.698,-0.152,-0.611,4.18,4.67,11.6
508586.859000,0.694,-0.107,-0.584,0.52,-0.06,2.14
508586.906000,0.711,-0.145,-0.596,-4.79,-7.14,7.9
508586.953000,0.744,-0.156,-0.655,-6.2,-9.58,-0.73
508587.000000,0.757,-0.162,-0.652,1.4,-1.19,6.35
508587.046000,0.739,-0.187,-0.683,8.45,4.03,-1.74
508587.093000,0.683,-0.183,-0.67,5.77,-4.55,-2.78
508587.140000,0.647,-0.156,-0.713,-4.27,0.06,-50.48
508587.187000,0.646,-0.141,-0.788,12.85,-17.52,-25.91
508587.234000,0.706,-0.144,-1.135,52.77,-11.23,-11.78
508587.281000,0.596,-0.141,-0.884,54.02,10.44,-10.47
508587.328000,0.644,-0.137,-1.249,81.67,48.86,-40.86
508587.375000,0.565,-0.131,-0.759,76.57,68.39,-51.39
508587.421000,0.656,0.044,-0.852,49.59,21.39,-0.89
508587.468000,0.713,-0.25,-0.498,45.75,15.96,16.42
508587.515000,0.769,-0.134,-0.633,-3.33,-20.39,-11.96
508587.562000,0.833,-0.228,-0.395,2.62,-2.08,10.19
508587.609000,0.913,-0.156,-0.497,-9.74,-7.66,1.34
508587.656000,0.724,-0.204,-0.18,-37.57,38.24,21.67
508587.703000,0.824,-0.33,-0.29,-2.32,17.0,50.2
508587.750000,0.929,-0.356,-0.356,-31.04,40.38,32.04
508587.796000,1.043,-0.249,-0.201,-25.61,70.04,25.76
508587.843000,1.02,-0.125,-0.176,-20.45,103.21,7.05
508587.890000,0.931,-0.009,0.082,-37.51,95.1,-3.91
508587.937000,0.846,-0.129,0.051,-61.89,60.12,8.12
508587.984000,0.941,-0.345,-0.113,-35.34,30.64,28.5
508588.031000,0.93,-0.338,-0.126,-38.15,21.52,-7.66
508588.078000,1.028,-0.226,-0.186,-16.14,29.94,-2.93
508588.125000,0.909,-0.204,-0.1,-15.35,19.41,-3.6
508588.171000,0.963,-0.208,-0.171,-6.53,11.2,1.01
508588.218000,0.885,-0.173,-0.113,-3.33,-4.21,-5.92
508588.265000,0.957,-0.232,-0.197,5.37,-1.37,-0.37
508588.312000,0.906,-0.184,-0.175,6.78,-7.78,-6.23
508588.359000,0.95,-0.206,-0.214,14.31,-0.64,4.0
508588.406000,0.924,-0.214,-0.176,8.58,-4.61,-4.24
508588.453000,0.97,-0.192,-0.203,6.44,4.39,-0.61
508588.515000,0.928,-0.206,-0.207,7.35,-3.42,2.23
508588.562000,0.943,-0.177,-0.202,4.61,4.18,-2.01
508588.609000,0.934,-0.243,-0.235,6.96,1.19,6.99
508588.656000,0.902,-0.187,-0.196,-2.93,-0.09,-6.93
508588.703000,0.954,-0.225,-0.214,3.97,-2.11,1.95
508588.750000,0.932,-0.197,-0.2,-4.3,-1.83,-4.0
508588.796000,0.962,-0.246,-0.206,4.39,-0.03,2.56
508588.843000,0.934,-0.19,-0.21,-0.49,0.64,-6.26
508588.890000,0.942,-0.211,-0.191,0.49,0.55,-3.75
508588.937000,0.93,-0.182,-0.193,-1.62,0.12,-1.22
508588.984000,0.933,-0.206,-0.208,-0.98,-1.56,0.12
508589.031000,0.937,-0.187,-0.186,-1.77,2.72,-1.07
508589.078000,0.928,-0.205,-0.199,-0.09,-0.46,3.3
508589.125000,0.941,-0.218,-0.211,-1.31,-3.27,1.5
508589.171000,0.937,-0.199,-0.198,0.89,-2.23,-1.28
508589.218000,0.96,-0.185,-0.214,0.55,-0.24,1.31
508589.265000,0.932,-0.229,-0.222,2.04,1.71,0.79
508589.312000,0.937,-0.187,-0.194,-3.27,-2.35,0.06
508589.359000,0.944,-0.212,-0.229,1.46,-1.43,4.46
508589.406000,0.922,-0.181,-0.175,-2.01,2.5,0.27
508589.453000,0.938,-0.231,-0.241,0.85,-3.97,5.28
508589.500000,0.943,-0.22,-0.183,0.95,4.85,0.34
508589.546000,0.936,-0.191,-0.245,0.09,-4.85,3.11
508589.593000,0.932,-0.21,-0.209,-0.73,0.7,2.04
508589.640000,0.941,-0.196,-0.232,-1.46,-3.14,2.08
508589.687000,0.932,-0.233,-0.208,0.82,2.17,4.03
508589.734000,0.942,-0.216,-0.21,-0.4,-2.17,2.2
508589.781000,0.928,-0.206,-0.222,-0.79,1.1,1.92
508589.828000,0.927,-0.228,-0.205,0.06,-1.07,2.69
508589.875000,0.934,-0.224,-0.222,-2.17,-1.43,3.6
508589.921000,0.938,-0.239,-0.229,-0.46,1.74,0.12
508589.968000,0.936,-0.224,-0.224,-0.46,0.4,1.31
508590.031000,0.925,-0.227,-0.199,-0.58,1.43,-1.71
508590.078000,0.933,-0.224,-0.233,-0.61,-2.26,1.8
508590.125000,0.919,-0.226,-0.199,1.74,0.67,1.43
508590.171000,0.917,-0.216,-0.217,-1.74,-1.28,0.31
508590.218000,0.925,-0.233,-0.205,-1.01,-3.42,3.42
508590.265000,0.947,-0.246,-0.247,0.52,-2.5,0.55
508590.312000,0.93,-0.225,-0.229,-0.82,-1.1,-0.15
508590.359000,0.94,-0.248,-0.224,1.04,-1.25,-0.37
508590.406000,0.92,-0.22,-0.211,-1.92,-1.1,-0.49
508590.453000,0.924,-0.246,-0.235,1.92,-2.14,-0.27
508590.500000,0.92,-0.221,-0.208,1.89,-2.72,-2.2
508590.546000,0.94,-0.236,-0.236,4.76,-3.02,0.95
508590.593000,0.916,-0.213,-0.209,2.04,0.03,-2.87
508590.640000,0.922,-0.234,-0.231,3.05,-3.3,2.41
508590.703000,0.921,-0.227,-0.216,2.26,-4.88,0.82
508590.750000,0.931,-0.245,-0.257,7.08,-3.3,2.72
508590.796000,0.929,-0.223,-0.216,2.44,-0.49,-2.84
508590.843000,0.923,-0.238,-0.262,4.3,-4.0,3.14
508590.890000,0.913,-0.237,-0.216,3.27,-0.12,-0.34
508590.937000,0.924,-0.228,-0.258,2.47,-4.64,1.07
508590.984000,0.923,-0.245,-0.262,4.21,1.83,1.53
508591.031000,0.923,-0.241,-0.262,3.91,1.19,1.68
508591.078000,0.919,-0.238,-0.232,2.62,4.79,-1.13
508591.125000,0.921,-0.247,-0.243,2.41,0.55,-0.52
508591.171000,0.928,-0.245,-0.251,3.78,2.87,-0.27
508591.218000,0.909,-0.217,-0.212,1.89,-0.18,0.49
508591.265000,0.924,-0.225,-0.155,0.06,-3.66,4.18
508591.312000,0.943,-0.264,-0.238,-3.3,-9.28,1.98
508591.359000,0.917,-0.271,-0.255,0.58,-4.91,-1.5
508591.406000,0.913,-0.235,-0.313,4.3,1.56,-2.23
508591.453000,0.905,-0.257,-0.31,6.71,8.82,2.2
508591.500000,0.901,-0.237,-0.268,5.71,8.09,0.76
508591.546000,0.917,-0.247,-0.254,8.21,8.42,3.36
508591.593000,0.895,-0.244,-0.19,1.22,-1.95,0.15
508591.656000,0.915,-0.231,-0.146,3.17,-6.38,2.62
508591.703000,0.971,-0.261,-0.202,-1.01,-13.55,6.78
508591.750000,0.965,-0.316,-0.287,-1.46,-9.13,1.65
508591.796000,0.928,-0.28,-0.315,3.63,9.22,-5.4
508591.843000,0.901,-0.256,-0.289,3.75,9.37,-4.55
508591.890000,0.868,-0.293,-0.296,5.07,6.81,0.31
508591.937000,0.886,-0.282,-0.207,1.8,4.36,-7.42
508591.984000,0.916,-0.309,-0.176,8.88,-0.61,-2.99
508592.031000,0.939,-0.236,-0.171,13.28,1.28,-12.57
508592.078000,0.936,-0.161,-0.214,9.7,-4.55,-5.55
508592.125000,0.921,-0.166,-0.216,4.24,-2.96,-1.98
508592.171000,0.892,-0.238,-0.251,-2.29,-7.66,4.82
508592.218000,0.896,-0.276,-0.27,0.0,-5.95,3.91
508592.265000,0.893,-0.302,-0.289,-1.74,-7.08,0.82
508592.312000,0.893,-0.26,-0.302,-2.5,-8.48,-1.4
508592.359000,0.911,-0.234,-0.267,-2.5,-3.94,-2.47
508592.406000,0.917,-0.21,-0.274,-3.11,-6.01,2.75
508592.453000,0.928,-0.211,-0.224,-5.65,-1.13,5.52
508592.500000,0.931,-0.251,-0.264,-10.96,-8.06,8.85
508592.546000,0.92,-0.305,-0.331,-4.97,2.66,7.08
508592.593000,0.886,-0.294,-0.279,-1.46,2.44,4.24
508592.640000,0.869,-0.26,-0.262,1.77,-0.76,3.17
508592.687000,0.899,-0.249,-0.287,0.09,-1.56,2.69
508592.734000,0.887,-0.189,-0.256,-1.98,2.2,7.08
508592.781000,0.901,-0.185,-0.245,-7.26,-1.37,14.53
508592.828000,0.91,-0.269,-0.233,-8.33,-3.81,24.26
508592.875000,0.96,-0.33,-0.285,-3.81,2.69,25.12
508592.921000,1.075,-0.351,-0.229,5.43,10.07,15.87
508592.968000,1.243,-0.423,-0.384,2.23,22.89,-1.1
508593.015000,1.156,-0.511,-0.253,18.92,58.2,0.24
508593.062000,0.953,-0.455,-0.158,14.83,58.72,-27.53
508593.109000,0.856,-0.325,-0.05,22.74,58.87,-33.05
508593.171000,0.75,-0.317,-0.09,16.11,14.86,-17.12
508593.218000,0.76,-0.25,-0.077,21.58,12.51,-21.91
508593.281000,0.808,-0.288,-0.018,17.91,-8.82,-14.07
508593.328000,0.982,-0.279,-0.043,27.83,-13.52,-20.78
508593.375000,1.15,-0.434,0.109,29.21,-7.23,-18.19
508593.421000,1.409,-0.493,0.026,38.82,-12.39,-62.29
508593.468000,1.455,-0.589,0.142,9.16,14.68,-89.42
508593.515000,1.225,-0.35,-0.098,38.45,23.26,-106.17
508593.562000,1.046,0.028,-0.297,-12.24,65.13,-142.31
508593.609000,0.79,0.662,-0.44,-32.04,74.47,-89.79
508593.656000,0.709,1.092,-0.487,-48.83,73.15,-31.1
508593.718000,0.305,1.174,-0.304,-61.53,56.95,83.16
508593.765000,0.046,0.706,-0.069,-101.23,27.38,154.39
508593.812000,-0.3,0.115,0.069,-160.44,-20.87,144.54
508593.859000,-0.331,-0.675,0.211,-151.52,-93.11,100.99
508593.906000,-0.276,-1.273,0.253,-124.27,-126.38,60.88
508593.953000,0.248,-2.52,0.047,-34.39,-278.63,-40.89
508594.000000,1.407,-1.754,-1.258,96.16,-305.37,-223.15
508594.046000,2.182,-0.265,-2.352,125.74,-136.36,-288.25
508594.093000,2.33,1.206,-2.15,123.02,168.55,-209.88
508594.140000,1.245,1.664,-0.804,67.48,285.78,-23.53
508594.187000,0.605,1.246,-0.481,32.59,239.66,116.03
508594.234000,0.031,0.721,-0.306,-52.52,187.57,142.4
508594.281000,-0.231,0.184,0.078,-101.38,134.77,125.37
508594.328000,-0.353,-0.123,0.276,-146.12,44.22,65.74
508594.375000,-0.262,-0.729,0.428,-147.98,-38.03,67.45
508594.421000,0.365,-1.529,0.445,-31.92,-191.56,23.32
508594.468000,1.135,-1.422,-0.017,27.95,-212.5,-53.93
508594.515000,1.599,-0.6,-0.649,63.3,-147.92,-108.77
508594.562000,1.597,-0.037,-0.52,55.91,-37.2,-57.07
508594.609000,1.395,-0.059,-0.532,41.63,-20.54,-3.69
508594.656000,1.193,-0.314,-0.352,18.04,30.58,-1.56
508594.703000,1.162,-0.365,-0.148,13.49,43.0,-21.64
508594.750000,1.2,-0.296,-0.119,-0.03,46.36,-44.07
508594.796000,1.162,-0.316,0.029,3.14,40.71,-35.31
508594.843000,1.196,-0.217,-0.047,-2.5,44.04,-37.29
508594.890000,1.08,-0.237,-0.037,2.29,13.79,-20.72
508594.937000,1.135,-0.226,-0.172,-15.96,43.06,-36.41
508594.984000,0.973,-0.034,0.037,-53.38,56.37,-75.23
508595.031000,0.826,-0.006,0.131,-24.57,44.86,-36.99
508595.078000,0.892,0.088,0.016,-28.44,24.96,-23.65
508595.125000,0.867,0.008,0.252,-43.67,41.69,0.58
508595.171000,0.655,0.07,0.131,-63.3,10.32,-4.33
508595.218000,0.581,-0.004,-0.089,-71.72,29.63,31.04
508595.265000,0.43,-0.161,-0.005,-69.49,-4.97,59.24
508595.312000,0.688,-0.408,0.093,-30.95,-45.9,68.03
508595.359000,0.905,-0.316,-0.115,16.33,30.06,-0.15
508595.406000,0.877,-0.07,0.211,20.33,9.67,-60.4
508595.453000,1.022,0.027,0.104,2.08,9.37,-37.54
508595.500000,1.025,-0.058,0.13,5.95,-34.94,6.47
508595.546000,1.07,-0.126,-0.101,12.45,-6.9,9.67
508595.593000,0.931,-0.111,0.151,12.27,-13.09,-1.01
508595.640000,0.96,-0.05,-0.024,-6.93,-31.28,-9.09
508595.687000,0.97,-0.072,0.032,14.98,-1.5,-6.26
508595.734000,0.948,0.03,0.048,0.64,-11.57,-5.8
508595.781000,1.042,0.006,0.023,-3.6,-19.2,-10.04
508595.843000,1.09,0.03,0.042,-15.23,-7.72,-17.79
508595.890000,1.076,0.031,0.075,-7.26,-0.03,-0.64
508595.937000,0.996,-0.041,0.035,-2.78,1.53,13.82
508595.984000,0.944,-0.064,0.022,-8.03,1.19,9.16
508596.031000,0.935,-0.101,-0.008,-5.55,0.06,10.62
508596.078000,0.926,-0.119,-0.022,-13.79,3.27,1.86
508596.125000,0.96,-0.133,0.061,-0.67,3.42,1.95
508596.171000,0.97,-0.095,0.042,-7.81,0.49,-7.08
508596.218000,1.037,-0.073,0.041,-11.51,0.31,-5.37
508596.265000,1.026,-0.103,0.035,-2.23,5.71,4.3
508596.312000,0.979,-0.099,0.097,5.55,2.32,1.53
508596.359000,0.959,-0.068,0.023,-4.15,4.33,-6.84
508596.406000,0.93,-0.028,0.082,3.36,-0.24,-3.51
508596.453000,0.962,-0.043,-0.017,-3.14,-4.55,0.92
508596.500000,0.967,-0.074,0.049,1.4,-4.73,3.6
508596.546000,1.008,-0.062,-0.048,-1.37,-12.7,1.65
508596.593000,1.023,-0.082,0.043,0.67,2.47,-3.45
508596.640000,1.014,-0.055,0.055,2.62,1.62,-4.0
508596.687000,0.983,-0.048,0.034,4.61,3.2,-0.89
508596.734000,0.946,-0.038,0.039,2.84,3.08,-5.16
508596.781000,0.977,-0.035,-0.005,0.27,0.49,-4.15
508596.828000,0.972,-0.039,0.029,3.54,1.34,-0.85
508596.875000,0.976,-0.018,0.02,-3.63,0.73,-5.19
508596.921000,1.005,-0.035,0.012,0.82,0.7,0.79
508596.968000,1.011,-0.012,0.003,-7.48,-0.34,-1.95
508597.015000,0.982,-0.042,0.041,-2.17,6.71,8.03
508597.062000,0.978,-0.066,0.048,9.43,2.78,12.24
508597.109000,0.96,-0.058,0.066,6.99,4.49,2.69
508597.156000,0.959,-0.06,0.01,-2.01,-5.98,-8.76
508597.203000,0.98,-0.002,-0.008,3.23,8.03,-10.44
508597.250000,0.966,-0.036,0.054,2.75,-3.14,2.9
508597.296000,0.978,-0.083,0.009,6.32,-0.46,8.91
508597.343000,0.98,-0.106,0.049,-0.18,-4.09,2.32
508597.390000,1.023,-0.093,0.037,-4.61,-3.33,-4.49
508597.437000,0.997,-0.076,0.063,0.85,0.58,-5.77
508597.484000,0.982,-0.046,0.055,0.55,5.98,-3.81
508597.531000,0.967,-0.043,0.055,1.01,-2.04,-2.35
508597.593000,0.963,-0.03,0.043,-1.25,3.6,-2.32
508597.640000,0.987,-0.042,0.038,-1.65,-5.83,-1.83
508597.687000,0.992,-0.025,0.039,-7.51,0.37,-2.23
508597.734000,0.972,-0.052,0.044,1.01,-3.97,5.46
508597.781000,0.985,-0.051,0.011,-1.07,-2.69,2.96
508597.828000,0.969,-0.049,0.04,-0.55,-2.66,0.4
508597.875000,0.997,-0.049,0.007,-0.12,1.43,-0.7
508597.921000,0.985,-0.037,0.027,-0.21,0.85,-0.67
508597.968000,1.011,-0.038,-0.018,5.52,4.91,2.04
508598.015000,0.983,-0.065,0.045,5.22,8.67,3.94
508598.062000,0.964,-0.053,0.038,1.22,3.27,2.26
508598.109000,0.965,-0.049,0.081,1.13,5.37,-0.37
508598.156000,0.95,-0.041,0.024,6.5,-6.74,1.34
508598.203000,0.964,-0.03,0.083,0.67,5.01,-5.04
508598.250000,0.965,-0.026,0.047,3.11,-11.38,2.14
508598.296000,1.002,-0.018,-0.0,-0.12,-2.23,-2.14
508598.343000,0.978,-0.031,0.039,2.29,-6.81,4.55
508598.390000,1.007,-0.042,-0.014,-0.89,1.19,0.03
508598.437000,0.996,-0.041,0.043,-1.92,-4.33,2.93
508598.484000,1.017,-0.06,-0.028,0.03,3.36,3.05
508598.531000,0.961,-0.068,0.055,1.13,0.24,4.18
508598.593000,0.973,-0.071,-0.013,-0.61,-2.56,1.13
508598.640000,0.962,-0.062,0.048,5.8,-1.46,2.38
508598.687000,0.99,-0.056,0.005,0.64,-5.37,-4.39
508598.734000,0.979,-0.023,0.032,1.43,3.05,-1.77
508598.781000,1.014,-0.041,-0.002,2.14,-6.23,1.13
508598.828000,0.985,-0.034,0.029,-0.55,6.99,0.89
508598.875000,0.991,-0.051,0.01,0.95,-1.83,3.14
508598.921000,0.984,-0.046,-0.007,-1.77,4.21,-0.82
508598.968000,0.972,-0.064,0.051,0.61,3.97,3.11
508599.015000,0.971,-0.064,-0.004,-2.17,1.1,-1.25
508599.062000,0.968,-0.054,0.041,-1.25,5.8,-1.25
508599.125000,0.975,-0.049,0.006,-0.06,-0.89,-0.4
508599.171000,0.965,-0.05,0.071,0.61,-0.55,0.4
508599.218000,0.981,-0.031,0.006,-1.5,-8.15,-3.2
508599.265000,0.993,-0.033,0.01,-5.52,2.44,-3.17
508599.312000,0.985,-0.047,0.025,1.01,-7.39,4.73
508599.359000,0.998,-0.056,-0.019,-2.96,2.17,-1.37
508599.406000,0.986,-0.068,0.013,1.19,-5.95,4.12
508599.453000,0.991,-0.059,-0.007,-2.26,3.17,-1.19
508599.500000,0.98,-0.075,0.023,2.23,-3.11,3.51
508599.546000,0.995,-0.055,-0.019,-2.35,1.65,-3.27
508599.609000,0.993,-0.067,0.029,3.69,-0.82,3.23
508599.656000,0.996,-0.065,-0.028,0.15,0.98,-1.65
508599.703000,0.958,-0.061,0.039,2.66,-0.27,0.64
508599.750000,0.995,-0.066,-0.019,-0.73,2.08,-4.39
508599.796000,0.975,-0.052,0.031,3.02,1.62,-0.09
508599.843000,0.966,-0.047,-0.007,3.17,1.1,-0.64
508599.890000,0.965,-0.033,0.041,-6.56,-3.48,-7.35
508599.937000,1.003,-0.038,-0.044,3.97,-1.92,1.59
508599.984000,0.983,-0.041,0.032,1.43,1.4,-1.83
508600.031000,1.001,-0.041,-0.023,0.52,0.58,-1.07
508600.078000,0.975,-0.035,0.023,1.53,3.11,1.28
508600.125000,0.99,-0.043,0.005,-1.37,-0.31,-0.73
508600.171000,0.961,-0.041,0.013,0.58,1.56,1.37
508600.218000,0.973,-0.04,0.007,-0.82,-3.63,-2.44
508600.265000,0.968,-0.046,0.025,0.21,3.72,0.4
508600.312000,0.977,-0.07,0.012,4.52,-2.93,2.26
508600.359000,0.995,-0.073,-0.028,1.13,1.43,-5.4
508600.406000,0.964,-0.117,0.008,9.43,-0.49,-1.77
508600.453000,1.008,-0.092,-0.029,7.39,3.33,-13.4
508600.500000,0.994,-0.108,-0.004,15.47,0.24,-6.71
508600.546000,1.01,-0.068,-0.046,12.36,2.17,-16.3
508600.593000,0.973,0.094,-0.004,14.89,3.27,-16.57
508600.640000,1.108,0.46,-0.119,0.92,6.53,-35.55
508600.687000,1.149,0.769,-0.099,-30.79,20.23,-20.81
508600.734000,1.08,0.8,0.046,-36.16,31.13,35.98
508600.796000,0.884,0.54,-0.004,-86.67,24.84,74.31
508600.859000,0.74,0.147,-0.094,-102.69,29.57,75.23
508600.906000,0.523,-0.038,0.036,-100.65,14.19,66.93
508600.953000,0.485,-0.142,-0.052,-118.56,2.9,43.82
508601.000000,0.343,-0.302,0.003,-42.15,6.23,77.36
508601.046000,0.268,-0.516,0.122,-65.74,-23.83,51.45
508601.093000,0.303,-0.563,-0.099,-50.54,-56.79,13.25
508601.140000,0.325,-0.634,0.049,-20.81,-53.29,33.05
508601.187000,0.187,-0.77,-0.316,-75.53,-123.72,-33.54
508601.234000,0.379,-0.699,-0.181,-4.91,-105.2,-0.67
508601.281000,0.396,-0.886,-0.66,-36.5,-193.95,-76.11
508601.328000,0.316,-0.824,-0.625,9.0,-154.61,-22.89
508601.375000,0.737,-0.851,-1.171,59.05,-178.32,-34.0
508601.421000,0.1,-0.566,-0.736,34.52,-136.6,-37.97
508601.468000,0.482,-0.945,-0.967,61.07,-145.18,-6.68
508601.515000,0.295,-0.939,-1.141,38.85,-234.41,-109.99
508601.562000,0.733,-0.741,-1.296,76.78,-209.11,-70.44
508601.609000,0.56,-0.903,-1.735,62.44,-215.0,-178.2
508601.656000,0.302,-0.625,-1.462,78.55,-140.29,-145.94
508601.703000,0.347,-0.713,-1.643,89.14,-137.55,-190.95
508601.750000,0.39,-0.543,-1.68,90.7,-76.78,-238.14
508601.796000,0.384,-0.616,-1.65,103.24,6.62,-199.65
508601.843000,0.384,-0.357,-1.581,83.53,55.82,-202.92
508601.890000,0.591,-0.423,-1.577,88.78,97.69,-152.96
508601.937000,0.563,-0.366,-1.346,64.73,129.18,-124.58
508601.984000,0.559,-0.27,-1.193,45.93,132.48,-98.57
508602.031000,0.52,-0.259,-0.964,24.32,154.45,-59.76
508602.078000,0.615,-0.181,-1.019,5.1,115.15,-33.36
508602.125000,0.634,-0.242,-0.68,-25.7,129.73,-29.45
508602.171000,0.637,-0.166,-0.644,-65.4,93.72,-17.27
508602.218000,0.603,-0.164,-0.628,-77.24,132.45,-25.39
508602.281000,0.57,-0.175,-0.575,-94.18,78.52,-14.83
508602.328000,0.675,-0.235,-0.433,-95.4,113.47,-26.73
508602.375000,0.582,-0.137,-0.295,-123.87,118.5,-58.5
508602.421000,0.621,-0.139,-0.201,-125.16,91.68,-47.24
508602.468000,0.638,-0.132,-0.11,-131.66,102.94,-55.39
508602.515000,0.51,-0.196,0.194,-90.43,79.74,5.86
508602.578000,0.542,-0.349,0.251,-73.64,59.6,37.45
508602.625000,0.662,-0.529,0.328,-32.17,14.1,42.82
508602.671000,0.764,-0.582,0.229,-54.05,16.82,14.47
508602.734000,0.778,-0.398,0.362,-44.95,12.94,-26.09
508602.781000,0.879,-0.323,0.258,-29.27,-0.21,-7.6
508602.828000,0.895,-0.317,0.276,-17.18,7.63,5.77
508602.875000,0.947,-0.32,0.222,-17.06,-14.77,1.07
508602.921000,0.941,-0.322,0.271,-2.41,9.13,-1.01
508602.968000,0.945,-0.268,0.185,-15.44,-7.9,-20.14
508603.015000,0.94,-0.263,0.243,1.92,0.31,-4.46
508603.062000,0.953,-0.233,0.205,-1.04,-3.23,-6.1
508603.109000,0.915,-0.204,0.262,3.2,2.87,-5.25
508603.156000,0.949,-0.188,0.223,-0.55,-10.8,-6.71
508603.203000,0.958,-0.153,0.187,-1.56,0.49,-8.79
508603.250000,0.942,-0.187,0.231,4.58,-8.39,4.52
508603.296000,0.956,-0.2,0.135,-1.71,-7.29,0.76
508603.343000,0.956,-0.217,0.228,-0.03,0.37,-4.7
508603.390000,0.978,-0.166,0.128,-7.51,-6.87,-12.24
508603.437000,0.95,-0.195,0.219,3.39,2.87,4.76
508603.484000,0.98,-0.194,0.167,-0.52,-7.51,3.81
508603.531000,0.952,-0.201,0.18,-5.37,10.19,-4.33
508603.578000,0.953,-0.202,0.2,-1.4,-5.74,-1.77
508603.625000,0.965,-0.167,0.141,-7.11,9.83,-10.38
508603.671000,0.934,-0.191,0.247,0.49,-1.43,1.31
508603.718000,0.987,-0.18,0.167,-8.7,0.85,-9.52
508603.765000,0.926,-0.176,0.232,-7.81,-7.93,-4.73
508603.812000,0.973,-0.188,0.109,-5.89,-4.43,-4.21
508603.859000,0.957,-0.193,0.221,-9.34,-7.51,-9.0
508603.921000,0.979,-0.155,0.132,-10.53,-0.92,-14.37
508603.968000,0.956,-0.133,0.205,-7.08,-7.23,-5.37
508604.015000,0.959,-0.143,0.143,3.51,2.59,6.5
508604.062000,0.914,-0.139,0.196,7.42,-2.93,9.83
508604.109000,0.943,-0.114,0.121,10.07,-4.82,7.69
508604.156000,0.956,-0.108,0.167,-1.59,-5.68,-9.34
508604.203000,0.97,-0.071,0.106,3.2,-6.26,-2.84
508604.250000,0.951,-0.1,0.174,4.24,5.4,5.25
508604.296000,0.951,-0.128,0.206,-6.38,-11.38,11.81
508604.343000,1.026,-0.199,0.104,-13.61,-4.91,3.51
508604.390000,0.975,-0.24,0.155,-8.88,-8.42,2.44
508604.437000,1.019,-0.219,0.08,-7.48,2.29,-12.18
508604.484000,0.982,-0.169,0.116,-4.58,-0.18,-8.91
508604.531000,0.971,-0.162,0.082,-2.2,4.3,-2.44
508604.578000,0.922,-0.125,0.18,4.88,0.95,1.95
508604.625000,0.955,-0.108,0.104,-2.2,-4.73,-5.22
508604.671000,0.972,-0.101,0.162,-1.07,1.86,-7.57
508604.718000,0.962,-0.111,0.114,-4.49,-4.97,1.28
508604.765000,0.981,-0.134,0.118,2.69,5.07,2.62
508604.812000,0.955,-0.152,0.155,-0.55,-7.02,5.43
508604.875000,0.925,-0.129,0.153,-0.27,4.3,-0.12
508604.921000,0.956,-0.146,0.126,-1.31,-12.51,5.07
508604.984000,0.962,-0.128,0.138,-0.09,0.73,1.13
508605.031000,0.976,-0.135,0.092,-6.35,-12.88,2.38
508605.078000,0.98,-0.153,0.091,-0.52,-0.76,6.29
508605.125000,0.972,-0.191,0.096,-1.56,-7.35,7.87
508605.171000,0.978,-0.184,0.078,-5.55,-4.7,-0.34
508605.218000,0.973,-0.194,0.101,-1.19,-2.5,2.69
508605.265000,0.983,-0.188,0.097,-1.8,-1.56,-1.53
508605.312000,0.97,-0.19,0.092,-0.24,-2.41,1.43
508605.359000,0.984,-0.19,0.054,-1.59,-2.32,-2.2
508605.406000,0.97,-0.157,0.073,-0.7,7.35,-5.58
508605.453000,0.989,-0.171,0.058,1.37,1.89,-1.4
508605.500000,0.95,-0.171,0.105,3.94,5.07,-0.21
508605.546000,0.932,-0.168,0.137,1.89,-5.4,-1.1
508605.593000,0.954,-0.146,0.135,3.72,1.89,-7.42
508605.640000,0.973,-0.13,0.091,3.17,-9.03,-3.88
508605.687000,0.973,-0.134,0.092,2.84,-1.07,-1.25
508605.734000,0.989,-0.123,0.088,-1.07,-5.22,-5.31
508605.781000,1.001,-0.13,0.07,5.92,-0.92,3.23
508605.828000,0.981,-0.13,0.063,2.2,-1.65,-0.73
508605.875000,0.975,-0.128,0.076,5.01,1.89,2.26
508605.921000,0.965,-0.123,0.066,1.92,-2.17,-2.35
508605.968000,0.968,-0.124,0.029,-0.15,-1.22,-1.95
508606.015000,0.978,-0.127,0.061,2.75,-0.24,-3.69
508606.062000,0.99,-0.098,0.054,-5.25,2.2,-10.28
508606.109000,0.968,-0.087,0.119,-3.36,1.83,-2.75
508606.156000,0.965,-0.133,0.086,1.74,-0.52,11.23
508606.203000,0.942,-0.166,0.114,5.43,-0.79,11.35
508606.250000,0.975,-0.191,0.048,2.11,-3.14,2.81
508606.312000,0.941,-0.169,0.117,6.2,-0.37,-0.89
508606.359000,0.975,-0.173,0.058,3.17,-2.87,-6.71
508606.406000,0.986,-0.117,0.068,6.78,2.66,-2.75
508606.453000,1.056,-0.058,0.002,-1.46,-3.42,-8.61
508606.515000,1.008,0.04,0.074,-8.24,6.96,-10.86
508606.562000,1.123,0.19,-0.017,-11.54,7.2,7.48
508606.609000,1.189,0.22,-0.051,-28.23,14.65,11.66
508606.656000,1.299,0.412,-0.318,-58.35,27.38,-13.0
508606.703000,1.062,0.451,-0.067,-61.34,72.7,13.34
508606.765000,0.768,0.296,0.006,-90.27,57.1,39.4
508606.812000,0.485,-0.002,0.05,-116.52,43.92,16.6
508606.859000,0.371,-0.009,0.127,-144.87,17.46,-22.49
508606.906000,0.333,-0.152,0.016,-154.91,2.81,-13.64
508606.953000,0.211,-0.314,-0.016,-119.54,-39.43,-11.93
508607.000000,0.311,-0.461,-0.164,-91.43,-52.0,13.67
508607.046000,0.386,-0.681,-0.16,-46.11,-102.69,15.63
508607.093000,0.406,-0.786,-0.214,-23.32,-71.14,41.87
508607.140000,0.421,-0.987,-0.382,23.19,-105.2,32.35
508607.187000,0.196,-1.182,-0.18,1.83,-131.26,-16.14
508607.234000,0.644,-0.942,-0.692,59.42,-139.29,9.89
508607.281000,0.358,-1.261,-0.477,44.13,-196.26,-44.4
508607.328000,0.458,-0.674,-0.901,38.21,-223.27,-128.57
508607.375000,0.413,-1.223,-0.96,95.61,-256.32,-27.13
508607.421000,0.763,-0.757,-1.604,76.33,-263.19,-146.0
508607.468000,0.893,-1.223,-1.64,132.57,-224.16,-45.2
508607.515000,0.913,-0.733,-2.04,98.15,-186.38,-229.68
508607.562000,0.704,-0.825,-1.878,129.52,-65.34,-168.13
508607.609000,0.606,-0.369,-1.935,119.75,0.43,-223.88
508607.656000,0.761,-0.401,-1.686,138.95,63.97,-130.8
508607.703000,0.787,-0.492,-1.486,101.81,120.27,-111.67
508607.750000,0.769,-0.48,-1.582,93.66,138.04,-93.75
508607.796000,0.646,-0.528,-0.922,59.3,142.12,-83.77
508607.843000,0.559,-0.43,-1.02,35.04,138.25,-97.17
508607.890000,0.499,-0.321,-0.531,10.74,129.95,-73.85
508607.937000,0.562,-0.094,-0.611,-48.98,96.65,-73.06
508607.984000,0.68,0.091,-0.537,-60.58,68.3,-84.2
508608.031000,0.72,0.064,-0.348,-78.92,111.15,-66.71
508608.078000,0.667,0.097,-0.441,-106.75,92.29,-72.51
508608.125000,0.588,0.0,-0.341,-129.76,88.17,-54.14
508608.171000,0.541,-0.069,-0.333,-132.63,88.96,-58.93
508608.218000,0.44,-0.089,0.031,-121.71,112.95,-40.47
508608.265000,0.466,-0.093,0.087,-98.36,71.93,-14.31
508608.312000,0.464,-0.143,0.307,-88.41,76.02,21.0
508608.359000,0.532,-0.374,0.435,-53.62,49.23,48.31
508608.406000,0.573,-0.614,0.545,-61.22,6.62,52.86
508608.453000,0.75,-0.76,0.41,-18.49,13.31,32.5
508608.515000,0.82,-0.515,0.466,-29.05,0.7,-25.54
508608.546000,0.85,-0.401,0.453,-12.6,-0.4,-7.45
508608.593000,0.931,-0.323,0.375,-9.95,-4.97,-10.44
508608.640000,0.896,-0.278,0.423,6.47,-2.29,12.45
508608.687000,0.921,-0.263,0.321,-0.03,-6.32,-4.43
508608.734000,0.881,-0.227,0.416,0.31,-1.1,-5.49
508608.781000,0.915,-0.2,0.327,-4.7,-8.39,-7.54
508608.828000,0.864,-0.22,0.391,-1.34,-3.85,4.88
508608.875000,0.918,-0.238,0.327,2.62,-14.74,11.35
508608.921000,0.87,-0.241,0.337,-4.49,-0.37,2.01
508608.968000,0.931,-0.27,0.309,0.09,-20.08,8.76
508609.015000,0.929,-0.24,0.257,3.08,1.46,0.58
508609.062000,0.897,-0.259,0.317,6.16,-10.99,10.86
508609.109000,0.937,-0.281,0.24,3.36,0.27,1.16
508609.156000,0.897,-0.242,0.305,-0.79,-7.29,-4.3
508609.203000,0.955,-0.25,0.241,0.79,-0.73,-5.71
508609.250000,0.919,-0.236,0.292,0.85,-1.53,-5.25
508609.296000,0.958,-0.237,0.244,1.28,-2.72,-3.42
508609.343000,0.927,-0.22,0.295,-4.82,1.65,-11.54
508609.390000,0.94,-0.239,0.253,-2.78,-4.73,-3.57
508609.437000,0.915,-0.202,0.272,-9.22,3.27,-15.96
508609.484000,0.932,-0.231,0.263,-9.06,-5.07,-8.51
508609.531000,0.919,-0.216,0.259,-10.16,3.69,-23.77
508609.578000,0.909,-0.145,0.288,-8.64,-4.39,-13.09
508609.625000,0.951,-0.171,0.251,1.01,-7.23,3.23
508609.671000,0.923,-0.184,0.276,-4.91,0.52,-4.88
508609.718000,0.964,-0.171,0.236,-5.01,-9.8,-5.28
508609.765000,0.925,-0.179,0.294,0.82,4.64,1.74
508609.812000,0.956,-0.2,0.258,-5.34,-10.44,2.04
508609.859000,0.933,-0.185,0.238,-4.97,3.57,-0.34
508609.906000,0.934,-0.22,0.267,-1.43,-9.0,6.56
508609.953000,0.944,-0.205,0.191,-3.85,1.74,-2.08
508610.000000,0.91,-0.206,0.283,1.31,2.2,-0.67
508610.046000,0.963,-0.171,0.201,-4.52,-6.56,-6.23
508610.093000,0.929,-0.173,0.263,-1.1,0.98,-0.43
508610.140000,0.949,-0.192,0.215,-2.38,-11.23,2.44
508610.187000,0.942,-0.188,0.25,-4.82,-3.27,-1.16
508610.234000,0.96,-0.204,0.187,-3.08,-10.44,3.2
508610.281000,0.963,-0.184,0.184,-6.62,-1.01,-8.3
508610.328000,0.958,-0.181,0.211,-0.43,-0.85,-0.15
508610.375000,0.954,-0.166,0.17,-8.09,-3.94,-4.06
508610.421000,0.936,-0.177,0.209,-2.96,1.07,1.71
508610.468000,0.923,-0.187,0.19,-3.88,-6.23,2.47
508610.515000,0.946,-0.197,0.181,-6.1,-1.28,-3.88
508610.562000,0.951,-0.195,0.19,-1.28,-4.55,0.58
508610.609000,0.976,-0.183,0.115,-4.88,-2.38,-4.7
508610.656000,0.955,-0.177,0.205,-0.67,5.34,-2.14
508610.703000,0.967,-0.191,0.136,-4.52,-9.55,2.23
508610.750000,0.939,-0.195,0.195,-0.79,0.49,0.95
508610.796000,0.941,-0.204,0.166,1.01,-9.92,4.79
508610.843000,0.953,-0.196,0.165,-1.86,1.77,-4.12
508610.890000,0.945,-0.192,0.177,1.92,-7.02,1.28
508610.937000,0.986,-0.182,0.139,-2.69,2.17,-5.98
508610.984000,0.968,-0.185,0.161,3.81,-1.37,4.3
508611.031000,0.987,-0.191,0.106,-1.59,0.67,-3.63
508611.093000,0.964,-0.183,0.17,3.14,5.58,-0.95
508611.140000,0.95,-0.191,0.162,3.88,-1.25,0.37
508611.187000,0.944,-0.185,0.207,-1.25,4.06,-5.46
508611.234000,0.957,-0.198,0.171,2.01,-6.1,2.84
508611.281000,0.962,-0.208,0.158,1.43,6.32,-4.18
508611.328000,0.954,-0.179,0.18,4.43,-3.11,-0.76
508611.375000,0.975,-0.17,0.154,2.2,4.39,-7.78
508611.421000,0.965,-0.159,0.205,0.46,-1.22,-3.08
508611.484000,0.96,-0.148,0.176,0.27,7.93,-3.23
508611.531000,0.903,-0.1,0.24,-2.56,-1.31,1.98
508611.578000,0.91,-0.189,0.173,-4.0,-7.23,14.16
508611.625000,0.909,-0.203,0.155,-8.09,-9.52,4.82
508611.671000,0.953,-0.233,0.095,1.89,-7.42,-0.95
508611.718000,0.98,-0.19,0.111,1.37,-3.08,-14.56
508611.765000,0.983,-0.162,0.158,1.83,-1.01,-11.26
508611.812000,0.999,-0.158,0.096,6.44,-3.05,-3.78
508611.859000,0.975,-0.157,0.158,2.53,-1.13,-8.39
508611.906000,0.986,-0.141,0.099,4.12,-0.89,-8.51
508611.953000,0.948,-0.141,0.171,5.25,0.21,-5.46
508612.015000,0.962,-0.119,0.132,2.41,-0.98,-8.06
508612.062000,0.919,-0.133,0.181,5.77,-4.15,-3.27
508612.109000,0.946,-0.124,0.106,0.21,-13.76,-6.41
508612.156000,0.947,-0.084,0.12,13.73,-2.38,-8.0
508612.203000,1.017,0.025,0.071,-3.78,-8.61,-20.39
508612.250000,1.104,0.028,0.032,-39.31,-9.86,-30.09
508612.296000,1.211,0.075,-0.042,-21.64,-11.05,-0.82
508612.343000,1.246,0.179,-0.01,-29.02,22.37,-13.86
508612.390000,1.073,0.652,-0.017,-8.3,35.92,-24.57
508612.437000,0.936,0.776,0.058,-93.11,37.93,-41.14
508612.484000,0.806,0.514,-0.066,-120.0,-3.14,7.23
508612.531000,0.753,0.164,-0.182,-123.36,31.74,54.9
508612.578000,0.513,-0.129,-0.033,-110.87,15.59,46.97
508612.625000,0.319,-0.311,-0.046,-108.55,5.31,64.52
508612.671000,0.214,-0.361,0.229,-128.18,-20.51,21.88
508612.718000,-0.053,-0.363,0.015,-97.11,-65.37,-3.14
508612.765000,0.126,-0.476,0.023,-104.74,-134.86,-17.27
508612.812000,0.264,-0.632,-0.394,-71.32,-173.04,15.69
508612.859000,0.487,-0.773,-0.503,-5.13,-139.71,40.77
508612.906000,0.579,-0.932,-0.69,48.34,-125.64,58.02
508612.953000,0.263,-1.119,-0.763,68.3,-120.76,46.75
508613.000000,0.913,-1.183,-0.676,87.62,-107.97,22.06
508613.046000,0.454,-1.072,-1.012,76.2,-161.47,-40.68
508613.093000,0.67,-0.973,-0.638,82.06,-157.29,-41.14
508613.140000,0.727,-1.0,-1.121,89.24,-242.1,-123.63
508613.187000,0.566,-0.73,-1.132,110.54,-189.49,-44.56
508613.234000,0.692,-1.153,-1.249,103.82,-213.08,-96.22
508613.281000,0.724,-0.938,-1.526,115.73,-123.11,-109.47
508613.328000,0.999,-0.757,-1.83,116.4,-98.45,-183.14
508613.375000,0.714,-0.753,-1.402,115.76,9.22,-120.67
508613.421000,0.634,-0.757,-1.434,105.11,48.13,-152.47
508613.468000,0.693,-0.735,-1.218,103.18,56.95,-122.32
508613.515000,0.578,-0.601,-1.114,85.91,117.28,-133.37
508613.562000,0.618,-0.6,-0.892,75.69,103.85,-97.11
508613.609000,0.715,-0.377,-0.8,16.42,88.14,-97.66
508613.656000,0.712,-0.335,-0.653,-1.83,96.93,-57.47
508613.703000,0.639,-0.263,-0.619,-54.02,80.26,-39.55
508613.750000,0.718,-0.179,-0.55,-28.81,84.96,-19.99
508613.796000,0.696,-0.218,-0.639,-78.34,86.25,-59.21
508613.843000,0.606,-0.152,-0.293,-85.09,125.52,-74.59
508613.890000,0.58,-0.131,-0.346,-119.36,87.04,-67.17
508613.937000,0.728,-0.192,-0.17,-96.74,108.71,-62.2
508613.984000,0.58,-0.161,-0.092,-111.67,101.93,-83.71
508614.031000,0.587,-0.21,0.098,-81.48,90.37,-34.0
508614.078000,0.554,-0.224,0.187,-50.42,87.13,0.31
508614.125000,0.518,-0.274,0.434,-21.39,69.64,30.46
508614.171000,0.57,-0.283,0.412,-39.16,37.69,9.03
508614.234000,0.581,-0.23,0.519,-37.29,22.49,5.19
508614.281000,0.754,-0.191,0.402,-36.16,1.25,-9.77
508614.328000,0.848,-0.192,0.42,-34.94,2.04,-14.65
508614.375000,0.891,-0.161,0.339,-35.4,-10.19,-26.12
508614.421000,0.933,-0.161,0.333,-37.05,-5.37,-16.91
508614.468000,0.939,-0.185,0.342,-19.41,-7.23,-6.59
508614.515000,0.949,-0.185,0.323,-32.84,-9.49,-7.78
508614.562000,0.931,-0.212,0.294,-10.77,-6.62,4.7
508614.609000,0.9,-0.232,0.336,-22.77,-9.06,4.09
508614.656000,0.941,-0.256,0.246,-16.3,-15.26,4.58
508614.703000,0.907,-0.221,0.286,-7.42,-1.31,-1.59
508614.750000,0.953,-0.194,0.24,-7.02,-7.48,-5.25
508614.796000,0.943,-0.202,0.294,-7.9,-1.13,-3.08
508614.843000,0.969,-0.221,0.225,-6.59,-13.43,1.34
508614.890000,0.929,-0.198,0.285,-3.94,3.02,-3.88
508614.937000,0.924,-0.193,0.229,-5.34,-10.28,2.11
508614.984000,0.923,-0.179,0.234,-5.68,2.93,-6.04
508615.031000,0.901,-0.173,0.268,-3.11,-4.79,-1.53
508615.078000,0.945,-0.187,0.196,-1.37,-8.24,0.98
508615.125000,0.948,-0.167,0.254,-5.58,-3.14,-8.3
508615.171000,0.951,-0.165,0.231,-4.39,-6.96,-3.69
508615.218000,0.985,-0.177,0.211,-7.02,-1.8,-2.17
508615.265000,0.971,-0.162,0.204,-11.32,-5.31,-5.46
508615.312000,0.982,-0.18,0.178,-10.74,-4.06,-9.61
508615.359000,0.95,-0.158,0.258,-22.1,9.28,-23.44
508615.406000,0.919,-0.144,0.262,-29.08,-8.45,-18.49
508615.453000,0.993,-0.194,0.118,-20.23,-9.58,-0.12
508615.500000,0.925,-0.19,0.206,0.82,-3.91,0.46
508615.546000,0.917,-0.137,0.147,-4.58,-5.74,-10.28
508615.593000,0.951,-0.12,0.146,0.58,-6.16,-10.93
508615.640000,0.965,-0.078,0.136,-6.65,-5.68,-13.52
508615.687000,1.012,-0.065,0.128,-5.04,-0.95,-8.55
508615.734000,0.996,-0.08,0.149,-5.16,-3.85,2.35
508615.781000,0.997,-0.084,0.133,-3.85,2.01,0.03
508615.828000,0.954,-0.104,0.163,-6.44,-3.81,3.97
508615.875000,0.969,-0.13,0.156,-8.3,-0.76,0.82
508615.921000,0.94,-0.128,0.194,-3.51,1.22,2.44
508615.968000,0.928,-0.129,0.168,-4.76,-7.84,4.21
508616.015000,0.948,-0.141,0.143,-1.5,-1.98,6.2
508616.062000,0.958,-0.157,0.143,-3.91,-2.41,2.08
508616.109000,0.977,-0.161,0.167,-2.11,2.59,-0.55
508616.156000,0.996,-0.157,0.13,-9.06,-8.88,-2.56
508616.203000,1.012,-0.162,0.116,-7.66,1.8,-2.11
508616.250000,0.974,-0.176,0.125,-1.83,-2.96,5.8
508616.296000,0.97,-0.171,0.141,-0.52,3.27,-5.25
508616.343000,0.953,-0.129,0.165,0.31,-0.82,-1.68
508616.390000,0.954,-0.137,0.122,-1.5,-1.68,-0.67
508616.437000,0.947,-0.149,0.179,-1.8,-2.78,1.62
508616.484000,0.994,-0.155,0.097,-2.01,-5.74,-2.26
508616.531000,0.955,-0.143,0.154,1.56,1.71,-2.2
508616.578000,0.979,-0.141,0.085,-2.2,-6.65,-3.91
508616.625000,0.98,-0.134,0.113,1.43,-0.98,-1.4
508616.671000,0.974,-0.131,0.117,0.76,-4.33,-0.49
508616.718000,0.954,-0.11,0.119,6.23,9.8,2.78
508616.765000,0.976,-0.105,0.103,0.46,-2.78,3.57
508616.812000,0.965,-0.123,0.137,1.92,5.62,8.24
508616.859000,0.997,-0.127,0.118,-4.58,-5.52,3.94
508616.906000,0.976,-0.085,0.13,-6.96,8.73,-2.11
508616.953000,0.97,-0.141,0.119,-1.59,-9.13,14.53
508617.000000,0.988,-0.168,0.111,-5.04,3.6,5.49
508617.046000,0.946,-0.179,0.173,-0.89,-1.92,6.2
508617.093000,0.981,-0.158,0.076,-5.46,2.44,-9.4
508617.140000,0.921,-0.168,0.162,4.55,0.89,1.25
508617.187000,0.983,-0.165,0.094,4.82,-12.91,-5.92
508617.250000,0.966,-0.089,0.155,-4.43,-0.89,-23.35
508617.296000,0.995,-0.047,0.032,-0.4,-8.12,-9.95
508617.343000,0.975,-0.098,0.14,-1.95,-6.56,-3.63
508617.390000,1.001,-0.082,0.023,-7.87,-8.79,-9.67
508617.437000,0.97,-0.103,0.132,2.75,-1.77,3.54
508617.484000,0.978,-0.121,0.066,-0.82,-3.08,2.78
508617.531000,0.955,-0.113,0.131,-2.08,7.54,0.43
508617.578000,0.98,-0.146,0.09,0.89,-3.3,3.88
508617.640000,0.954,-0.162,0.086,2.26,5.55,1.92
508617.687000,0.958,-0.173,0.13,7.57,1.1,0.95
508617.734000,0.967,-0.125,0.07,-0.21,-0.15,-8.06
508617.781000,0.958,-0.115,0.134,6.78,-2.29,2.47
508617.828000,0.974,-0.118,0.079,-0.03,-0.21,0.37
508617.875000,0.975,-0.113,0.108,5.89,0.15,3.66
508617.921000,0.975,-0.121,0.072,1.8,0.52,4.09
508617.968000,0.971,-0.115,0.077,1.4,1.13,4.36
508618.015000,0.969,-0.12,0.109,1.53,-4.12,4.76
508618.062000,0.984,-0.119,0.056,-2.53,1.13,-1.59
508618.109000,0.979,-0.133,0.107,3.33,-4.43,3.91
508618.156000,0.987,-0.116,0.084,-2.87,4.09,-3.51
508618.203000,0.98,-0.142,0.108,1.68,-3.05,6.47
508618.250000,1.006,-0.154,0.068,-3.17,7.08,-5.65
508618.296000,0.993,-0.139,0.113,2.08,-2.5,0.21
508618.343000,1.001,-0.126,0.05,-1.04,4.3,-5.89
508618.390000,0.947,-0.127,0.135,4.94,4.18,1.34
508618.437000,0.965,-0.124,0.097,0.4,2.29,-6.78
508618.484000,0.935,-0.083,0.135,2.38,1.83,-4.39
508618.531000,0.956,-0.096,0.08,3.51,-4.46,-1.31
508618.578000,0.924,-0.077,0.159,2.26,-0.46,-4.15
508618.625000,0.957,-0.085,0.088,2.04,-11.57,-1.92
508618.671000,0.98,-0.06,0.073,0.27,0.4,-6.9
508618.718000,1.023,-0.069,0.059,-0.4,-10.38,-1.4
508618.765000,1.025,-0.075,0.049,-1.13,1.98,-0.67
508618.812000,1.013,-0.121,0.087,3.45,-2.78,4.64
508618.859000,1.006,-0.097,0.05,2.41,5.68,-1.65
508618.906000,0.942,-0.057,0.113,4.55,-0.03,-0.24
508618.953000,0.983,-0.054,0.047,-11.96,-0.15,-10.07
508619.000000,0.951,-0.117,0.102,-3.91,-2.59,5.95
508619.046000,0.937,-0.11,0.095,8.94,4.52,4.76
508619.093000,0.969,-0.017,0.097,-5.46,-2.38,-15.96
508619.140000,1.168,0.161,-0.03,-31.1,3.2,-42.66
508619.187000,1.148,0.592,-0.059,-26.61,14.74,-27.38
508619.234000,1.113,0.86,-0.063,-43.0,21.06,-3.33
508619.281000,0.891,0.806,-0.058,-91.22,18.77,34.79
508619.328000,0.752,0.472,-0.174,-94.76,20.14,67.51
508619.375000,0.482,0.098,-0.087,-130.44,26.06,37.14
508619.421000,0.318,-0.228,-0.073,-137.21,5.4,40.38
508619.484000,0.237,-0.417,-0.094,-101.08,-18.4,21.58
508619.531000,0.222,-0.713,-0.066,-104.92,-68.82,-6.47
508619.578000,0.293,-0.706,-0.144,-78.37,-94.52,20.11
508619.625000,0.243,-0.844,-0.376,-29.63,-115.51,8.79
508619.671000,0.178,-1.008,-0.306,-38.27,-150.7,-25.12
508619.718000,0.664,-0.964,-0.69,33.81,-123.2,-47.03
508619.765000,0.724,-1.168,-0.594,68.48,-174.23,-68.42
508619.812000,0.324,-0.713,-0.758,83.74,-150.3,-66.01
508619.859000,0.909,-0.94,-0.957,120.67,-186.68,-66.19
508619.906000,0.719,-0.506,-1.262,133.67,-216.62,-171.73
508619.953000,0.756,-0.689,-1.315,147.19,-190.16,-120.64
508620.000000,0.898,-0.326,-1.664,143.1,-181.74,-171.97
508620.046000,0.878,-0.698,-1.702,154.12,-88.23,-57.99
508620.093000,0.857,-0.526,-1.927,128.12,-46.39,-148.78
508620.140000,0.819,-0.607,-1.932,134.77,8.0,-115.76
508620.187000,0.542,-0.411,-1.55,103.89,99.34,-120.03
508620.234000,0.605,-0.295,-1.565,89.14,96.41,-99.43
508620.281000,0.764,-0.546,-1.199,95.07,125.55,-58.57
508620.328000,0.654,-0.505,-1.278,50.94,136.27,-86.0
508620.375000,0.721,-0.465,-0.871,65.89,147.07,-60.91
508620.421000,0.623,-0.358,-0.958,1.8,115.67,-50.11
508620.468000,0.643,-0.168,-0.761,-14.98,105.69,-48.92
508620.515000,0.595,-0.097,-0.594,-61.1,106.11,-62.5
508620.562000,0.582,0.089,-0.344,-58.47,114.26,-79.1
508620.609000,0.602,0.041,-0.264,-113.74,82.58,-40.77
508620.656000,0.64,0.018,-0.212,-100.01,92.78,-36.04
508620.703000,0.615,-0.085,-0.217,-129.92,70.38,-38.97
508620.750000,0.647,-0.112,-0.132,-113.01,92.87,-26.25
508620.796000,0.51,-0.219,0.037,-103.31,77.58,-2.93
508620.843000,0.609,-0.325,0.041,-66.68,65.86,7.26
508620.906000,0.544,-0.377,0.356,-30.52,50.87,38.88
508620.953000,0.597,-0.482,0.362,-38.48,43.09,19.35
508621.000000,0.756,-0.414,0.358,-15.63,-9.22,26.22
508621.046000,0.854,-0.35,0.268,-26.18,21.7,-14.68
508621.093000,0.793,-0.276,0.458,-14.22,14.71,-15.66
508621.140000,0.918,-0.218,0.256,-42.48,-2.14,-22.49
508621.187000,0.876,-0.271,0.37,-17.94,-1.95,6.23
508621.234000,1.004,-0.303,0.167,-20.75,-4.27,-1.13
508621.281000,0.868,-0.294,0.344,-11.6,8.79,2.41
508621.328000,0.948,-0.315,0.177,-11.32,-18.19,0.12
508621.375000,0.896,-0.274,0.291,-12.57,15.05,-15.87
508621.421000,0.946,-0.298,0.209,-1.92,-19.04,5.77
508621.468000,0.94,-0.275,0.221,-6.78,6.13,-6.23
508621.515000,0.934,-0.302,0.254,-0.89,-13.7,8.82
508621.562000,0.963,-0.295,0.185,-4.43,5.34,-5.95
508621.609000,0.913,-0.299,0.264,1.46,-3.85,3.85
508621.656000,0.958,-0.304,0.148,1.68,-9.25,0.31
508621.718000,0.908,-0.263,0.244,3.45,0.67,-5.25
508621.765000,0.943,-0.252,0.174,3.91,-3.33,-6.84
508621.812000,0.898,-0.237,0.279,3.75,7.23,-9.0
508621.859000,0.931,-0.218,0.175,-3.33,-9.25,-8.85
508621.906000,0.983,-0.217,0.206,-6.16,3.2,-15.05
508621.953000,0.995,-0.228,0.22,-12.09,-3.81,-10.07
508622.000000,1.001,-0.228,0.196,-2.99,12.7,-7.11
508622.046000,0.881,-0.184,0.28,-1.74,4.27,-0.09
508622.093000,0.909,-0.223,0.231,-12.21,-0.34,-7.11
508622.140000,0.898,-0.233,0.21,-6.81,-1.19,-3.23
508622.187000,0.94,-0.239,0.226,-3.45,3.2,-7.26
508622.234000,0.934,-0.167,0.225,-1.07,-3.08,-7.48
508622.281000,0.919,-0.179,0.239,-1.22,-0.89,0.34
508622.328000,0.91,-0.196,0.246,0.24,-4.18,6.74
508622.375000,0.918,-0.191,0.21,-2.81,-3.42,-1.04
508622.421000,0.922,-0.173,0.235,-5.28,-7.63,0.09
508622.468000,0.938,-0.196,0.206,-2.17,-4.73,3.91
508622.515000,0.933,-0.19,0.185,-7.32,-11.38,1.5
508622.562000,0.97,-0.186,0.149,-4.43,-6.13,2.5
508622.609000,0.975,-0.226,0.169,-6.38,-12.3,3.51
508622.656000,0.978,-0.212,0.119,-4.94,-3.39,2.66
508622.703000,0.952,-0.251,0.195,-2.99,-6.65,6.01
508622.750000,0.961,-0.242,0.131,-4.3,-1.77,-1.22
508622.812000,0.949,-0.229,0.16,-6.65,-9.58,-4.39
508622.875000,0.959,-0.229,0.137,0.37,0.15,-1.22
508622.921000,0.954,-0.206,0.157,-3.11,-7.57,-5.04
508622.968000,0.964,-0.199,0.127,0.03,0.85,-0.85
508623.015000,0.953,-0.216,0.143,-1.68,-10.32,-1.01
508623.062000,0.969,-0.184,0.129,-7.66,-1.28,-8.85
508623.109000,0.975,-0.203,0.123,-0.03,-4.52,-0.95
508623.156000,0.965,-0.173,0.121,-6.74,-4.76,-5.37
508623.203000,0.969,-0.185,0.123,-2.44,0.61,-1.28
508623.265000,0.976,-0.184,0.104,-6.71,-2.04,-5.1
508623.312000,0.978,-0.201,0.12,-1.89,-1.01,0.61
508623.359000,0.969,-0.191,0.099,-9.22,-1.59,-2.62
508623.406000,0.95,-0.226,0.12,-2.35,2.84,-1.68
508623.453000,0.957,-0.221,0.12,-1.22,4.18,-2.99
508623.500000,0.927,-0.219,0.144,2.9,5.34,-5.62
508623.546000,0.931,-0.216,0.141,3.66,-0.52,-4.67
508623.593000,0.932,-0.198,0.135,6.04,2.66,-8.82
508623.640000,0.971,-0.121,0.112,8.15,3.2,-16.82
508623.687000,0.991,-0.052,0.074,2.38,-2.32,-18.56
508623.734000,1.135,0.213,-0.036,-10.53,7.08,-42.3
508623.781000,1.215,0.545,0.049,-10.8,16.97,-34.36
508623.828000,1.088,0.768,-0.01,-37.39,19.44,-21.58
508623.875000,0.811,0.704,0.045,-81.21,25.12,28.17
508623.921000,0.694,0.187,0.018,-148.05,14.83,0.12
508623.968000,0.631,-0.037,-0.15,-137.91,-9.77,-36.59
508624.015000,0.58,-0.183,-0.058,-94.55,-21.36,19.14
508624.062000,0.541,-0.241,-0.081,-99.03,-22.52,14.53
508624.109000,0.521,-0.384,0.016,-81.24,-45.47,4.82
508624.156000,0.507,-0.509,-0.131,-52.74,-56.73,30.06
508624.203000,0.546,-0.674,-0.199,-6.71,-67.81,16.85
508624.250000,0.33,-0.866,0.037,-16.14,-77.39,15.14
508624.296000,0.383,-0.771,-0.171,6.16,-113.35,-46.94
508624.343000,0.351,-0.829,-0.243,-5.92,-181.34,-90.46
508624.390000,0.511,-0.577,-0.479,40.71,-153.32,-68.73
508624.437000,0.445,-0.71,-0.912,38.67,-256.02,-118.14
508624.484000,0.742,-0.135,-1.272,41.41,-203.44,-135.84
508624.531000,0.468,-0.583,-1.375,109.62,-207.89,9.09
508624.578000,0.883,-0.505,-1.418,96.26,-186.44,-55.33
508624.625000,0.827,-0.622,-1.851,125.58,-158.7,-42.24
508624.671000,0.758,-0.709,-1.667,142.67,-83.86,-36.74
508624.718000,0.72,-0.591,-1.615,149.78,-45.72,-85.76
508624.765000,0.598,-0.685,-1.548,154.61,5.1,-69.58
508624.812000,0.561,-0.74,-1.444,159.61,28.96,-91.77
508624.859000,0.457,-0.681,-1.33,140.66,38.18,-80.72
508624.906000,0.465,-0.861,-1.436,155.28,53.74,-70.83
508624.953000,0.45,-0.773,-1.177,124.36,59.79,-109.26
508625.000000,0.64,-0.557,-1.129,83.56,78.22,-130.86
508625.046000,0.694,-0.441,-1.027,48.59,79.62,-118.05
508625.093000,0.716,-0.459,-0.914,31.46,110.84,-91.89
508625.140000,0.672,-0.448,-0.68,-34.82,71.41,-97.84
508625.187000,0.659,-0.377,-0.561,-10.77,122.32,-64.06
508625.234000,0.735,-0.283,-0.537,-60.09,91.01,-98.79
508625.296000,0.66,-0.196,-0.262,-53.25,115.73,-62.11
508625.343000,0.657,-0.07,-0.341,-102.45,108.74,-88.14
508625.390000,0.617,-0.055,-0.072,-88.6,101.32,-74.74
508625.437000,0.597,0.036,-0.093,-111.18,95.37,-63.11
508625.484000,0.539,-0.041,0.047,-98.48,86.76,-40.04
508625.531000,0.533,0.021,0.111,-89.85,84.66,-29.36
508625.578000,0.431,-0.052,0.322,-80.63,64.67,0.98
508625.625000,0.572,-0.145,0.355,-76.54,38.88,21.09
508625.671000,0.554,-0.236,0.434,-80.32,26.89,16.79
508625.718000,0.8,-0.298,0.301,-95.89,-8.24,-0.79
508625.781000,0.808,-0.439,0.336,-69.09,7.93,8.48
508625.828000,0.885,-0.437,0.258,-55.09,-10.19,1.25
508625.875000,0.895,-0.487,0.269,-41.72,-7.48,6.9
508625.921000,0.909,-0.411,0.321,-30.06,-1.28,-13.34
508625.968000,0.964,-0.378,0.287,-17.55,-10.96,-3.57
508626.015000,0.971,-0.345,0.227,-12.27,-0.18,-12.15
508626.062000,0.917,-0.314,0.321,-6.62,0.34,1.62
508626.109000,0.968,-0.306,0.193,-2.93,-2.04,-9.37
508626.156000,0.885,-0.237,0.322,-2.35,8.97,-11.69
508626.203000,0.954,-0.256,0.23,-0.15,-9.89,-4.09
508626.250000,0.922,-0.192,0.311,-8.18,5.74,-17.64
508626.296000,0.978,-0.223,0.227,2.78,-7.75,4.82
508626.343000,0.928,-0.227,0.289,-3.2,9.37,-5.34
508626.390000,0.908,-0.256,0.283,1.19,-10.44,2.78
508626.437000,0.905,-0.202,0.237,-3.51,5.52,-9.89
508626.484000,0.901,-0.209,0.309,0.18,-8.36,-2.69
508626.531000,0.952,-0.166,0.153,-2.17,-3.48,-12.51
508626.578000,0.943,-0.175,0.243,-2.66,-9.89,-3.08
508626.625000,0.955,-0.162,0.229,-1.53,0.49,-5.07
508626.671000,0.93,-0.166,0.299,-5.37,-2.14,-2.66
508626.718000,0.953,-0.196,0.189,-2.84,-8.61,3.57
508626.765000,0.932,-0.228,0.252,-3.57,1.65,0.4
508626.812000,0.947,-0.193,0.2,-5.55,-11.11,-6.68
508626.859000,0.965,-0.213,0.229,-0.15,0.58,-1.65
508626.906000,0.954,-0.209,0.222,2.99,-9.06,-0.49
508626.953000,0.955,-0.179,0.161,4.15,1.8,-3.91
508627.000000,0.927,-0.175,0.226,0.58,-3.91,-2.32
508627.046000,1.003,-0.196,0.192,-4.61,-6.23,-9.43
508627.093000,0.953,-0.194,0.222,7.48,0.85,1.04
508627.140000,0.919,-0.156,0.213,13.12,-3.75,1.62
508627.187000,0.95,-0.128,0.204,1.01,-1.95,-9.74
508627.234000,0.988,-0.151,0.169,-2.41,-10.13,-5.52
508627.281000,0.978,-0.173,0.183,2.81,3.6,0.55
508627.328000,0.931,-0.165,0.192,8.09,-0.64,0.31
508627.375000,0.966,-0.138,0.183,-1.31,-0.92,-8.79
508627.421000,0.98,-0.15,0.173,3.48,-1.56,1.77
508627.468000,0.962,-0.154,0.199,3.72,3.75,-0.73
508627.515000,0.937,-0.139,0.19,-1.59,-1.86,-5.28
508627.562000,0.99,-0.162,0.138,-0.76,-0.49,2.62
508627.609000,0.945,-0.181,0.203,1.16,1.74,-0.34
508627.656000,0.971,-0.166,0.156,2.11,1.8,-1.62
508627.703000,0.938,-0.145,0.198,3.11,0.09,-4.91
508627.750000,0.931,-0.112,0.186,3.11,1.5,-4.0
508627.796000,0.934,-0.117,0.22,2.08,-5.34,-0.76
508627.843000,0.956,-0.101,0.171,1.28,-3.97,-3.17
508627.890000,0.954,-0.087,0.18,0.64,-1.86,-0.15
508627.937000,0.988,-0.094,0.143,1.92,-3.3,3.27
508627.984000,0.96,-0.054,0.182,-1.62,0.61,1.53
508628.031000,0.972,-0.046,0.147,-3.6,-6.47,4.21
508628.078000,0.945,-0.028,0.156,-5.28,2.14,6.78
508628.125000,0.889,-0.048,0.163,-0.73,-3.3,20.45
508628.171000,0.991,0.006,0.159,-13.06,-0.92,1.53
508628.218000,1.05,0.175,0.096,-23.07,0.82,-0.18
508628.265000,1.148,0.263,0.057,-57.22,5.74,-10.53
508628.312000,1.056,0.356,-0.016,-66.99,12.63,5.19
508628.359000,0.947,0.299,0.04,-86.46,18.86,33.75
508628.406000,0.817,0.228,0.024,-118.96,15.72,28.84
508628.453000,0.702,-0.015,-0.092,-131.17,11.81,45.2
508628.515000,0.505,-0.291,-0.198,-124.91,-3.27,28.47
508628.562000,0.251,-0.601,-0.184,-123.66,34.33,3.33
508628.609000,0.106,-0.636,0.04,-77.21,-35.34,-32.59
508628.656000,0.075,-0.621,-0.23,-82.58,-103.46,-82.95
508628.703000,0.228,-0.715,-0.037,-46.24,-147.95,-53.68
508628.750000,0.058,-0.517,-0.802,-31.5,-206.64,-70.8
508628.796000,0.684,-0.861,-0.574,40.31,-188.24,11.57
508628.843000,0.383,-0.92,-1.279,31.04,-243.45,-95.61
508628.890000,0.693,-1.192,-0.93,80.36,-149.6,-65.16
508628.937000,0.632,-0.825,-1.658,116.79,-213.35,-212.32
508629.000000,0.515,-0.795,-1.592,149.72,-200.23,-212.38
508629.046000,0.448,-0.367,-1.659,161.6,-186.19,-224.95
508629.093000,0.652,-0.12,-1.949,144.96,-144.29,-248.66
508629.140000,0.474,-0.032,-1.86,113.07,-69.64,-131.23
508629.187000,0.642,-0.349,-2.044,127.08,-5.65,-158.24
508629.234000,0.504,-0.462,-1.794,126.13,47.98,-82.83
508629.281000,0.272,-0.5,-1.675,111.82,122.26,-98.48
508629.328000,0.418,-0.582,-1.524,114.84,98.54,-65.16
508629.375000,0.494,-0.546,-1.407,103.46,161.29,-83.44
508629.421000,0.568,-0.393,-1.103,69.4,128.09,-89.51
508629.468000,0.571,-0.336,-0.765,30.55,155.25,-57.22
508629.515000,0.643,-0.321,-0.736,-22.0,89.82,-65.86
508629.562000,0.593,-0.28,-0.576,-20.23,127.81,-71.38
508629.609000,0.619,-0.14,-0.573,-81.39,108.31,-102.79
508629.656000,0.609,-0.064,-0.391,-95.28,99.98,-86.79
508629.703000,0.608,-0.056,-0.382,-114.87,106.63,-84.72
508629.750000,0.526,-0.042,-0.266,-129.98,104.31,-93.42
508629.796000,0.501,0.002,-0.053,-133.67,116.79,-76.48
508629.843000,0.494,0.062,0.057,-137.52,96.74,-79.53
508629.890000,0.452,0.192,0.134,-162.21,85.48,-59.6
508629.937000,0.461,0.052,0.388,-111.0,57.56,25.45
508629.984000,0.549,-0.133,0.287,-130.16,17.98,47.64
508630.031000,0.452,-0.416,0.392,-91.59,8.48,61.53
508630.078000,0.742,-0.628,0.234,-101.9,4.12,-14.53
508630.125000,0.795,-0.504,0.443,-82.58,-19.5,-24.14
508630.171000,0.942,-0.466,0.266,-56.18,-21.18,16.11
508630.218000,0.976,-0.407,0.239,-27.34,-6.29,17.46
508630.265000,0.988,-0.467,0.238,-18.31,-17.12,20.87
508630.312000,0.938,-0.383,0.259,-7.81,11.44,-13.7
508630.359000,0.943,-0.374,0.271,0.7,-7.51,-3.88
508630.421000,0.925,-0.295,0.275,10.38,6.84,-12.63
508630.468000,0.877,-0.247,0.313,11.69,-5.22,-3.39
508630.515000,0.95,-0.213,0.245,6.26,-2.44,-12.67
508630.562000,0.899,-0.176,0.326,11.66,-5.98,0.49
508630.609000,0.939,-0.206,0.253,8.61,-11.99,2.78
508630.656000,0.906,-0.181,0.305,7.32,-0.79,-6.07
508630.703000,0.965,-0.18,0.223,1.46,-9.89,-8.64
508630.750000,0.941,-0.134,0.265,4.09,1.5,-5.86
508630.796000,0.934,-0.162,0.233,1.86,-19.56,6.62
508630.843000,0.961,-0.189,0.181,-2.99,-2.35,-5.34
508630.890000,0.933,-0.181,0.213,0.27,-16.82,0.92
508630.937000,0.981,-0.189,0.154,-0.85,-6.13,-5.46
508630.984000,0.937,-0.153,0.231,-3.81,-9.67,-5.98
508631.046000,0.994,-0.185,0.149,2.14,1.56,-2.62
508631.093000,0.947,-0.159,0.213,-5.01,-9.83,-2.78
508631.140000,0.982,-0.179,0.167,-1.71,1.01,-5.86
508631.187000,0.937,-0.161,0.205,-0.61,-2.5,-2.66
508631.234000,0.977,-0.164,0.141,-1.22,-1.13,0.18
508631.281000,0.939,-0.164,0.231,-0.92,2.01,-2.99
508631.328000,0.956,-0.156,0.153,-2.75,-4.94,-0.15
508631.375000,0.951,-0.173,0.191,-1.01,2.93,1.5
508631.421000,0.946,-0.189,0.172,-2.17,-8.3,1.68
508631.468000,0.959,-0.175,0.19,-2.23,1.37,-5.1
508631.515000,0.947,-0.156,0.18,-2.11,-5.89,-0.98
508631.562000,0.958,-0.153,0.169,-0.95,-0.03,-2.14
508631.609000,0.944,-0.161,0.156,1.28,-10.47,2.56
508631.656000,0.982,-0.149,0.112,-2.99,2.87,-4.61
508631.703000,0.966,-0.144,0.161,-1.13,-6.35,-0.31
508631.750000,1.018,-0.168,0.123,-0.06,0.64,-1.4
508631.796000,0.956,-0.152,0.203,-0.76,-3.97,2.56
508631.843000,0.978,-0.176,0.106,-1.8,-0.61,-0.61
508631.890000,0.951,-0.149,0.176,-1.53,-1.1,-2.26
508631.937000,0.974,-0.164,0.124,-0.76,-0.52,-1.43
508631.984000,0.949,-0.158,0.197,-1.74,3.05,-4.76
508632.046000,0.968,-0.149,0.159,-5.37,1.43,-3.63
508632.093000,0.972,-0.171,0.161,1.16,1.16,1.53
508632.140000,0.948,-0.18,0.151,-1.16,-0.06,-0.98
508632.187000,0.937,-0.172,0.185,3.97,5.31,-1.71
508632.234000,0.937,-0.172,0.19,0.52,-2.59,-4.79
508632.281000,0.97,-0.151,0.142,1.34,-0.03,-3.23
508632.328000,0.966,-0.174,0.192,7.35,-5.46,0.0
508632.375000,0.987,-0.118,0.11,-0.67,-0.89,-9.49
508632.421000,0.974,-0.138,0.159,11.17,-3.45,5.49
508632.468000,0.974,-0.135,0.118,7.87,-1.74,2.2
508632.515000,0.962,-0.065,0.135,4.7,-0.95,-8.91
508632.562000,1.0,0.121,0.097,4.3,3.54,-15.75
508632.625000,0.963,0.387,0.103,-13.21,1.71,-22.16
508632.671000,1.092,0.518,0.032,-47.88,-0.52,2.17
508632.718000,1.157,0.528,-0.06,-68.42,12.21,3.88
508632.765000,1.076,0.344,-0.105,-111.88,6.96,47.88
508632.812000,0.911,0.084,-0.175,-82.13,59.11,64.55
508632.859000,0.608,-0.088,0.094,-129.43,48.22,61.86
508632.906000,0.538,-0.421,-0.118,-125.31,28.78,23.9
508632.953000,0.19,-0.35,0.17,-135.23,2.29,-40.38
508633.000000,0.181,-0.566,0.017,-82.89,-37.2,-7.93
508633.046000,0.186,-0.469,0.056,-26.86,-26.37,15.63
508633.093000,0.161,-1.003,-0.02,-33.6,-94.85,0.31
508633.140000,0.215,-0.955,-0.078,6.13,-108.62,-33.45
508633.187000,0.134,-0.928,-0.272,69.89,-154.88,-33.63
508633.234000,0.013,-0.913,-0.451,22.0,-212.26,-70.13
508633.281000,0.554,-0.515,-0.81,48.89,-217.23,-83.13
508633.328000,0.166,-0.786,-1.101,56.46,-263.25,-29.73
508633.375000,0.384,-0.519,-1.411,56.37,-268.01,-76.24
508633.421000,1.019,-0.695,-1.9,87.62,-251.63,-49.26
508633.468000,0.694,-0.753,-1.818,96.65,-205.94,-88.81
508633.515000,0.642,-0.539,-1.761,111.27,-146.24,-120.61
508633.562000,0.656,-0.785,-1.668,131.99,-83.8,-100.96
508633.609000,0.549,-0.605,-1.696,139.1,-42.54,-129.76
508633.656000,0.525,-0.693,-1.481,144.63,9.19,-123.11
508633.703000,0.453,-0.829,-1.255,136.05,14.95,-75.32
508633.750000,0.459,-0.927,-1.394,123.02,64.33,-108.28
508633.796000,0.471,-0.795,-1.142,108.46,51.82,-99.89
508633.843000,0.544,-0.757,-1.195,104.86,92.87,-115.91
508633.890000,0.487,-0.411,-0.997,60.58,90.18,-118.96
508633.937000,0.697,-0.462,-0.924,29.63,78.1,-71.54
508633.984000,0.626,-0.388,-0.786,5.13,94.79,-77.24
508634.031000,0.623,-0.268,-0.691,-45.17,70.47,-72.42
508634.078000,0.599,-0.352,-0.615,-43.12,60.15,-22.37
508634.125000,0.681,-0.298,-0.539,-81.82,138.74,-106.91
508634.171000,0.653,-0.206,-0.465,-87.19,92.29,-61.13
508634.218000,0.757,-0.22,-0.528,-77.58,133.95,-65.95
508634.265000,0.569,-0.18,-0.271,-95.71,126.41,-77.76
508634.312000,0.498,-0.106,-0.113,-104.65,124.0,-68.18
508634.359000,0.557,-0.03,-0.0,-121.95,118.84,-87.71
508634.406000,0.403,0.044,0.145,-127.2,104.89,-73.49
508634.453000,0.5,0.078,0.249,-102.51,76.48,-12.02
508634.500000,0.466,-0.061,0.435,-115.12,42.88,17.73
508634.546000,0.583,-0.236,0.305,-126.35,11.69,17.06
508634.593000,0.673,-0.405,0.319,-135.81,0.61,-9.74
508634.640000,0.707,-0.463,0.224,-110.57,-15.81,14.62
508634.687000,0.879,-0.79,0.226,-62.38,0.49,25.67
508634.734000,0.918,-0.77,0.322,-46.51,-5.62,12.79
508634.781000,0.994,-0.706,0.258,-18.95,-0.46,-14.53
508634.828000,0.959,-0.58,0.25,-15.53,-5.16,-17.21
508634.875000,0.985,-0.496,0.175,10.13,8.39,-21.64
508634.921000,0.866,-0.35,0.338,12.27,4.36,-19.68
508634.968000,0.927,-0.271,0.227,15.75,4.06,-20.2
508635.031000,0.875,-0.198,0.342,3.72,-0.4,-19.17
508635.078000,0.952,-0.154,0.239,-10.35,-2.84,-14.77
508635.125000,0.883,-0.122,0.354,-23.19,2.53,-9.89
508635.171000,0.931,-0.158,0.256,-19.81,-16.21,6.16
508635.218000,0.93,-0.213,0.287,-10.83,-10.68,-3.72
508635.265000,0.911,-0.218,0.228,-9.52,-12.02,-0.27
508635.312000,0.926,-0.204,0.225,0.31,-2.56,-9.52
508635.359000,0.933,-0.196,0.221,0.82,-9.0,-5.22
508635.406000,0.96,-0.198,0.167,0.92,-5.86,-9.92
508635.453000,0.927,-0.194,0.237,2.5,-4.61,-1.92
508635.500000,0.964,-0.217,0.204,0.82,-6.84,-4.3
508635.546000,0.951,-0.183,0.178,-0.24,-4.12,-8.73
508635.593000,0.964,-0.212,0.171,0.95,-8.85,-2.35
508635.640000,0.965,-0.197,0.191,4.7,-6.68,-4.55
508635.687000,0.973,-0.196,0.191,-2.2,-4.61,-4.06
508635.734000,0.985,-0.193,0.131,0.34,-8.39,-5.43
508635.781000,0.964,-0.175,0.168,1.8,3.23,-7.11
508635.828000,0.95,-0.164,0.18,2.9,-2.44,0.4
508635.875000,0.961,-0.159,0.151,3.69,1.65,-2.14
508635.921000,0.959,-0.164,0.163,0.49,-0.89,-2.75
508635.968000,0.977,-0.158,0.15,-0.61,1.89,-2.93
508636.015000,0.984,-0.18,0.175,-2.11,3.81,-3.39
508636.062000,0.97,-0.156,0.19,-1.46,7.66,-3.75
508636.109000,0.984,-0.181,0.15,0.7,6.5,-3.2
508636.171000,0.934,-0.19,0.222,-0.67,2.44,1.71
508636.218000,0.924,-0.182,0.21,0.82,4.18,-6.9
508636.265000,0.933,-0.139,0.228,0.03,-2.38,-4.27
508636.312000,0.95,-0.165,0.179,7.45,1.83,1.62
508636.359000,0.941,-0.17,0.255,3.33,-3.27,-3.33
508636.406000,0.951,-0.129,0.198,14.34,-5.83,-5.22
508636.453000,0.958,-0.115,0.162,11.05,-12.15,-1.5
508636.500000,0.955,-0.119,0.131,-1.01,-15.81,0.67
508636.546000,0.952,-0.129,0.166,-3.66,-5.34,1.19
508636.593000,0.956,-0.167,0.144,-3.85,-7.81,4.36
508636.656000,0.952,-0.147,0.171,-12.02,-4.97,-4.64
508636.703000,0.98,-0.144,0.128,-3.2,-2.47,-2.66
508636.750000,0.976,-0.123,0.161,-3.81,1.01,-4.18
508636.796000,0.971,-0.134,0.122,-3.66,-5.49,-1.16
508636.843000,0.96,-0.141,0.157,1.83,1.13,1.28
508636.890000,0.944,-0.146,0.155,-3.6,-5.1,-0.06
508636.953000,0.963,-0.122,0.139,-0.95,-1.19,-2.81
508637.000000,0.99,-0.135,0.11,-3.66,-6.07,0.43
508637.046000,0.977,-0.152,0.126,-1.56,-0.79,1.86
508637.093000,0.982,-0.155,0.118,-3.66,-5.22,1.37
508637.156000,0.968,-0.163,0.113,-2.84,0.4,0.43
508637.203000,0.975,-0.151,0.096,-0.12,-0.31,-3.2
508637.250000,0.971,-0.142,0.128,-0.12,-0.76,-3.05
508637.296000,0.954,-0.149,0.131,1.92,-1.1,0.79
508637.343000,0.98,-0.135,0.127,-0.58,-0.27,-2.87
508637.390000,0.967,-0.144,0.113,3.14,-0.43,1.13
508637.453000,0.963,-0.124,0.109,-0.34,-0.76,-4.64
508637.515000,0.981,-0.122,0.104,-1.34,1.13,1.19
508637.562000,0.96,-0.136,0.13,0.15,-1.89,-0.21
508637.609000,0.975,-0.141,0.094,-0.15,0.15,0.43
508637.656000,0.97,-0.145,0.113,1.86,0.31,1.16
508637.703000,0.962,-0.125,0.105,-0.06,1.43,-2.96
508637.750000,0.971,-0.134,0.118,1.5,-2.35,1.5
508637.796000,0.982,-0.142,0.102,0.43,2.53,-0.4
508637.843000,0.974,-0.136,0.101,0.37,-1.92,-0.21
508637.890000,0.992,-0.138,0.084,1.56,4.49,-0.92
508637.937000,0.975,-0.155,0.133,2.72,4.27,-0.49
508637.984000,0.975,-0.134,0.116,-0.58,0.73,-3.2
508638.031000,0.974,-0.137,0.109,1.92,6.41,-0.06
508638.078000,0.979,-0.14,0.1,2.96,3.63,-0.52
508638.125000,0.952,-0.129,0.145,3.36,7.05,-1.77
508638.171000,0.965,-0.154,0.118,2.5,1.92,-3.45
508638.218000,0.957,-0.129,0.147,3.78,6.62,-5.04
508638.265000,0.972,-0.133,0.138,6.99,0.67,-0.52
508638.312000,0.962,-0.123,0.158,7.42,6.78,-4.12
508638.359000,0.963,-0.123,0.151,5.8,-1.71,-0.4
508638.406000,0.967,-0.105,0.148,4.43,3.02,-3.88
508638.453000,0.966,-0.115,0.143,6.13,-0.82,0.03
508638.500000,0.955,-0.098,0.165,6.26,3.51,-3.6
508638.546000,0.967,-0.09,0.138,5.19,0.03,0.09
508638.593000,0.977,-0.095,0.148,6.35,-0.73,1.62
508638.640000,0.977,-0.065,0.169,5.62,2.44,2.38
508638.703000,1.034,0.018,0.079,-2.44,-0.49,-2.84
508638.750000,1.166,0.181,0.081,-6.47,7.57,-6.62
508638.796000,1.131,0.339,0.105,-28.78,10.01,13.64
508638.843000,1.108,0.391,-0.023,-34.03,16.3,29.51
508638.890000,0.868,0.449,0.237,-70.83,40.59,34.88
508638.937000,0.757,0.347,0.099,-93.11,17.46,46.82
508638.984000,0.583,0.058,0.097,-147.53,27.95,43.76
508639.031000,0.437,-0.044,0.02,-172.06,8.45,22.55
508639.078000,0.371,-0.178,-0.019,-164.71,-16.17,38.45
508639.125000,0.362,-0.288,-0.198,-140.66,-38.64,41.6
508639.171000,0.28,-0.364,-0.22,-125.61,-59.48,66.1
508639.218000,0.089,-0.537,-0.332,-121.13,-86.58,71.99
508639.265000,0.103,-0.858,-0.545,-97.9,-106.97,30.55
508639.312000,-0.038,-1.05,-0.43,-53.32,-127.87,6.93
508639.359000,0.177,-0.698,-0.697,-71.54,-165.78,-98.64
508639.406000,0.422,-0.81,-1.212,60.4,-178.53,-33.33
508639.453000,-0.123,-1.094,-0.886,-1.98,-195.84,-30.55
508639.500000,0.555,-1.0,-1.412,21.58,-193.79,-157.2
508639.546000,0.611,-1.243,-1.586,87.22,-165.5,-172.7
508639.593000,0.423,-0.999,-1.212,89.24,-144.9,-231.18
508639.640000,0.455,-0.396,-1.684,114.2,-158.79,-261.06
508639.687000,0.319,-0.572,-1.5,125.37,-136.63,-124.7
508639.734000,0.258,-0.7,-1.56,90.06,-149.08,-177.98
508639.781000,0.381,-0.448,-2.001,106.42,-91.28,-216.04
508639.828000,0.372,-0.602,-1.617,114.96,-38.51,-161.26
508639.875000,0.377,-0.385,-1.882,113.71,48.13,-143.31
508639.921000,0.409,-0.497,-1.473,116.43,68.06,-87.77
508639.968000,0.454,-0.533,-1.426,135.29,105.08,-63.48
508640.015000,0.446,-0.547,-1.347,94.82,93.69,-79.47
508640.062000,0.479,-0.502,-1.192,75.32,101.99,-86.61
508640.109000,0.454,-0.351,-1.044,18.62,115.85,-95.55
508640.156000,0.528,-0.328,-0.802,5.43,107.73,-61.56
508640.203000,0.488,-0.262,-0.806,-39.7,109.23,-78.22
508640.250000,0.499,-0.184,-0.476,-46.14,138.07,-91.8
508640.312000,0.449,-0.15,-0.343,-83.01,125.43,-63.78
508640.359000,0.572,-0.173,-0.27,-88.02,116.92,-67.57
508640.406000,0.515,-0.097,-0.172,-123.72,128.06,-79.62
508640.453000,0.57,-0.104,0.107,-116.46,110.45,-57.25
508640.515000,0.613,-0.095,0.209,-131.2,101.63,-53.83
508640.562000,0.707,-0.077,0.172,-148.01,69.09,-58.93
508640.609000,0.628,-0.189,0.211,-133.03,69.0,-6.47
508640.656000,0.621,-0.397,0.234,-110.69,55.64,24.81
508640.703000,0.526,-0.571,0.517,-93.57,64.85,-10.01
508640.750000,0.649,-0.699,0.482,-74.68,-6.44,11.66
508640.796000,0.8,-0.639,0.283,-54.57,-13.06,-9.7
508640.843000,0.852,-0.391,0.383,-35.83,-12.42,-27.8
508640.890000,0.95,-0.322,0.285,-12.09,-10.16,-4.27
508640.937000,0.922,-0.245,0.375,-17.76,-6.74,-11.47
508640.984000,0.977,-0.307,0.303,-0.09,-15.17,15.99
508641.031000,0.888,-0.243,0.34,-6.81,6.01,-9.89
508641.078000,0.908,-0.261,0.306,-1.89,-18.07,6.5
508641.125000,0.946,-0.25,0.254,0.98,2.44,-4.73
508641.171000,0.91,-0.232,0.327,-1.13,-5.43,-1.56
508641.218000,0.962,-0.22,0.222,6.53,-2.66,2.14
508641.265000,0.89,-0.206,0.339,1.95,-1.62,1.16
508641.312000,0.94,-0.221,0.228,-2.35,-15.66,4.03
508641.359000,0.922,-0.215,0.272,-1.01,1.16,-2.47
508641.406000,0.936,-0.228,0.25,-0.12,-12.45,6.35
508641.453000,0.944,-0.217,0.227,-2.59,-1.01,-1.46
508641.500000,0.94,-0.228,0.229,-3.54,-9.95,0.89
508641.546000,0.966,-0.228,0.207,-6.23,-0.61,-5.58
508641.593000,0.932,-0.234,0.235,0.43,-7.08,2.32
508641.640000,0.975,-0.232,0.185,-7.93,-6.9,-4.15
508641.703000,0.932,-0.223,0.257,4.12,2.04,1.43
508641.750000,0.948,-0.222,0.212,-3.11,1.86,-8.27
508641.796000,0.935,-0.212,0.242,0.92,3.85,-2.93
508641.843000,0.927,-0.219,0.228,-0.64,1.4,-2.26
508641.890000,0.925,-0.2,0.248,-1.04,-0.85,-3.51
508641.937000,0.94,-0.22,0.224,-0.09,2.69,-2.38
508641.984000,0.927,-0.198,0.247,-1.43,0.0,-5.4
508642.031000,0.951,-0.2,0.212,-0.85,-3.78,1.28
508642.078000,0.935,-0.207,0.25,0.67,1.37,-0.85
508642.125000,0.967,-0.193,0.201,-1.89,-3.36,-2.47
508642.171000,0.94,-0.216,0.237,0.73,-0.4,3.51
508642.218000,0.926,-0.209,0.22,-0.18,-1.16,0.03
508642.265000,0.94,-0.215,0.232,-1.07,-0.55,0.4
508642.312000,0.915,-0.216,0.228,2.35,-0.52,1.95
508642.359000,0.947,-0.21,0.221,-1.83,-1.31,-4.39
508642.406000,0.937,-0.203,0.247,0.76,-2.26,1.28
508642.453000,0.945,-0.211,0.207,2.23,0.76,-1.04
508642.500000,0.944,-0.193,0.223,-1.43,0.49,-2.56
508642.546000,0.953,-0.211,0.209,0.64,-1.4,0.0
508642.593000,0.948,-0.191,0.224,-1.5,2.56,-4.55
508642.640000,0.945,-0.2,0.226,2.17,-1.34,0.98
508642.687000,0.94,-0.196,0.209,-0.18,3.17,-2.66
508642.734000,0.932,-0.192,0.239,0.58,-0.37,-1.56
508642.781000,0.945,-0.194,0.225,1.4,-1.65,-1.53
508642.828000,0.946,-0.18,0.229,-1.04,1.68,-1.1
508642.890000,0.941,-0.201,0.223,2.38,-3.54,3.14
508642.937000,0.943,-0.174,0.236,-1.34,2.69,-2.41
508642.984000,0.956,-0.198,0.198,2.08,-2.87,3.36
508643.031000,0.941,-0.176,0.227,-2.96,4.18,-4.76
508643.078000,0.94,-0.195,0.213,1.68,-6.38,5.62
508643.125000,0.954,-0.191,0.198,-2.5,4.24,-3.45
508643.171000,0.927,-0.184,0.236,1.37,-2.29,3.6
508643.218000,0.961,-0.198,0.19,-2.66,-1.98,-3.48
508643.265000,0.943,-0.179,0.234,-0.95,0.95,-0.64
508643.312000,0.965,-0.204,0.195,1.28,-0.06,0.43
508643.359000,0.939,-0.185,0.226,-3.17,2.26,-3.36
508643.406000,0.954,-0.203,0.207,2.2,-2.29,3.02
508643.453000,0.931,-0.194,0.241,0.06,4.88,-2.29
508643.500000,0.954,-0.19,0.207,-3.05,-2.9,-1.86
508643.546000,0.935,-0.177,0.232,-1.13,3.63,-4.15
508643.593000,0.952,-0.184,0.209,0.58,-1.01,-0.64
508643.640000,0.948,-0.174,0.224,-0.4,1.13,-2.59
508643.687000,0.942,-0.171,0.213,-0.82,-3.39,0.37
508643.734000,0.948,-0.169,0.213,-0.49,0.85,-0.43
508643.781000,0.947,-0.171,0.226,-1.65,-0.4,1.1
508643.828000,0.939,-0.174,0.199,-2.04,-4.76,1.43
508643.875000,0.951,-0.183,0.218,-2.47,0.27,-0.4
508643.921000,0.962,-0.186,0.182,-1.04,-3.27,1.4
508643.968000,0.941,-0.183,0.208,-0.58,-0.7,2.2
508644.015000,0.955,-0.192,0.208,-2.35,-5.22,0.24
508644.062000,0.953,-0.186,0.217,0.37,4.27,1.56
508644.109000,0.956,-0.196,0.179,-1.68,-4.61,2.32
508644.156000,0.959,-0.193,0.192,1.04,4.49,0.31
508644.203000,0.924,-0.191,0.224,0.85,-0.27,0.95
508644.250000,0.976,-0.183,0.175,-4.43,1.43,-5.34
508644.296000,0.923,-0.181,0.216,1.62,0.89,4.06
508644.343000,0.948,-0.186,0.184,-2.96,2.69,-6.53
508644.390000,0.928,-0.175,0.234,-0.46,1.43,-1.53
508644.437000,0.971,-0.185,0.166,-0.79,0.34,-3.2
508644.484000,0.956,-0.178,0.226,0.92,0.27,0.55
508644.531000,0.962,-0.195,0.172,0.73,-0.09,1.43
508644.578000,0.954,-0.186,0.193,1.1,1.25,-1.56
508644.625000,0.954,-0.179,0.188,0.85,-0.52,0.0
508644.671000,0.949,-0.179,0.201,2.23,4.52,-0.95
508644.718000,0.941,-0.162,0.215,-0.18,-2.87,-1.25
508644.765000,0.974,-0.173,0.168,0.03,1.31,-1.4
508644.812000,0.944,-0.167,0.21,0.85,1.77,1.28
508644.859000,0.946,-0.174,0.193,-1.43,-1.46,-0.21
508644.906000,0.939,-0.17,0.206,-0.24,1.86,0.24
508644.953000,0.939,-0.171,0.206,-0.82,-2.56,0.09
508645.000000,0.957,-0.159,0.193,-2.04,3.97,-2.87
508645.046000,0.961,-0.187,0.19,-1.92,-5.83,3.85
508645.093000,0.959,-0.184,0.21,-3.42,5.1,-2.32
508645.140000,0.952,-0.187,0.205,-0.67,-2.93,3.27
508645.187000,0.963,-0.187,0.179,-2.38,3.17,-2.11
508645.234000,0.934,-0.171,0.223,-1.74,2.01,-0.09
508645.281000,0.956,-0.2,0.182,0.67,-1.53,2.26
508645.328000,0.938,-0.169,0.224,-0.4,3.27,-3.02
508645.375000,0.965,-0.179,0.18,-2.17,-2.84,0.24
508645.437000,0.945,-0.165,0.206,-0.52,0.7,0.7
508645.484000,0.938,-0.189,0.189,-0.06,-0.03,2.72
508645.531000,0.951,-0.181,0.203,-1.65,0.4,-1.86
508645.578000,0.938,-0.185,0.204,-0.43,-3.08,2.32
508645.625000,0.951,-0.186,0.175,-1.04,1.4,-2.01
508645.671000,0.941,-0.173,0.223,0.37,-1.43,0.52
508645.718000,0.953,-0.172,0.19,-2.59,-1.31,-1.62
508645.765000,0.969,-0.187,0.178,-0.67,-0.09,2.96
508645.812000,0.954,-0.191,0.177,-0.4,0.18,0.85
508645.859000,0.965,-0.187,0.167,0.09,0.31,-0.03
508645.906000,0.946,-0.187,0.195,1.04,-0.12,1.25
508645.953000,0.958,-0.184,0.189,-0.27,1.16,-0.61
508646.015000,0.945,-0.188,0.196,1.77,1.46,2.17
508646.062000,0.945,-0.193,0.187,-0.12,-3.36,-0.73
508646.109000,0.948,-0.169,0.217,-0.43,2.26,-2.29
508646.156000,0.96,-0.186,0.175,0.7,-2.23,1.8
508646.203000,0.952,-0.177,0.179,-0.49,1.19,-2.2
508646.250000,0.952,-0.182,0.192,0.98,-0.98,1.68
508646.296000,0.954,-0.18,0.182,-0.03,2.93,-2.08
508646.343000,0.955,-0.177,0.211,-0.52,0.46,-0.15
508646.390000,0.955,-0.189,0.159,0.64,0.06,1.34
508646.437000,0.943,-0.19,0.199,1.77,2.81,-0.55
508646.484000,0.954,-0.185,0.185,1.37,-2.72,-0.98
508646.531000,0.942,-0.175,0.201,1.74,0.82,-1.65
508646.578000,0.963,-0.179,0.181,0.82,-2.69,-1.1
508646.625000,0.96,-0.167,0.197,0.95,1.74,-0.46
508646.671000,0.95,-0.185,0.194,3.17,0.12,2.01
508646.718000,0.954,-0.16,0.173,-1.77,1.07,-1.37
508646.765000,0.949,-0.174,0.201,0.95,0.52,2.9
508646.812000,0.958,-0.174,0.178,-1.65,2.23,-1.95
508646.859000,0.949,-0.165,0.197,-0.24,-1.62,2.44
508646.906000,0.955,-0.186,0.17,-0.82,0.7,1.4
508646.953000,0.959,-0.185,0.195,-0.73,2.04,0.34
508647.000000,0.963,-0.177,0.171,-1.13,0.0,-0.03
508647.046000,0.946,-0.18,0.195,0.92,1.43,2.41
508647.093000,0.948,-0.188,0.194,-1.28,-4.03,-0.95
508647.140000,0.951,-0.174,0.181,-0.4,0.98,-1.22
508647.187000,0.956,-0.182,0.188,0.09,-2.5,-0.34
508647.234000,0.957,-0.171,0.184,-2.08,-0.27,-2.47
508647.281000,0.968,-0.186,0.174,-0.61,-2.53,1.04
508647.328000,0.965,-0.187,0.166,-0.18,0.85,0.15
508647.375000,0.958,-0.184,0.187,-1.01,-0.27,-0.34
508647.421000,0.972,-0.188,0.16,0.18,2.32,-0.27
508647.468000,0.948,-0.192,0.201,2.66,4.82,1.19
508647.515000,0.954,-0.191,0.179,0.21,-0.15,-1.37
508647.562000,0.938,-0.191,0.213,3.33,6.16,-1.01
508647.609000,0.953,-0.186,0.18,0.18,-0.64,-3.57
508647.656000,0.954,-0.167,0.211,1.95,5.19,-2.93
508647.703000,0.966,-0.166,0.178,2.04,2.08,-1.71
508647.750000,0.947,-0.142,0.227,-1.28,4.27,-3.69
508647.796000,0.964,-0.156,0.179,-0.49,-0.98,2.17
508647.859000,0.936,-0.161,0.213,-0.27,2.81,0.79
508647.906000,0.942,-0.165,0.192,-3.02,-1.86,-0.76
508647.953000,0.954,-0.161,0.201,-4.67,1.83,-1.53
508648.000000,0.958,-0.178,0.209,-4.12,-2.2,-2.01
508648.046000,0.968,-0.167,0.176,-8.55,0.27,-5.86
508648.093000,0.954,-0.187,0.184,-6.84,-2.5,-2.56
508648.140000,0.962,-0.165,0.179,-3.88,-1.22,-6.53
508648.187000,0.951,-0.163,0.203,-6.04,1.1,-9.89
508648.234000,0.961,-0.143,0.174,0.46,2.32,-7.23
508648.281000,0.957,-0.134,0.207,0.21,1.25,-6.41
508648.328000,0.969,-0.119,0.192,1.37,2.9,-4.36
508648.375000,0.949,-0.119,0.204,2.9,0.12,-0.76
508648.437000,0.97,-0.133,0.168,-0.52,1.98,-1.46
508648.484000,0.94,-0.122,0.226,0.46,-1.01,-1.59
508648.531000,0.976,-0.118,0.168,-0.4,3.05,-4.36
508648.578000,0.953,-0.118,0.216,1.46,-5.77,1.98
508648.625000,0.968,-0.122,0.187,-0.73,4.61,-3.75
508648.671000,0.949,-0.123,0.201,-0.24,-6.56,1.62
508648.718000,0.967,-0.127,0.178,-2.32,4.27,-1.04
508648.781000,0.952,-0.125,0.193,0.31,-6.47,2.53
508648.828000,0.958,-0.131,0.196,0.21,3.91,0.49
508648.875000,0.962,-0.133,0.192,1.43,-3.88,-1.46
508648.921000,0.98,-0.116,0.157,0.37,1.71,-2.41
508648.984000,0.966,-0.136,0.188,5.25,-1.28,4.06
508649.031000,0.962,-0.121,0.204,-0.61,3.05,-1.1
508649.078000,0.955,-0.131,0.201,2.14,-0.46,2.53
508649.125000,0.962,-0.128,0.175,0.46,0.67,-1.65
508649.171000,0.951,-0.127,0.191,2.62,-0.03,1.16
508649.218000,0.967,-0.14,0.189,2.81,1.31,-0.73
508649.265000,0.939,-0.123,0.217,2.78,0.31,-2.04
508649.312000,0.981,-0.127,0.16,2.84,-2.17,-1.28
508649.359000,0.949,-0.121,0.203,4.03,0.79,-1.71
508649.406000,0.986,-0.105,0.155,0.95,-0.92,-4.18
508649.453000,0.962,-0.113,0.209,5.71,0.95,1.43
508649.500000,0.973,-0.108,0.166,0.79,-1.53,-1.5
508649.546000,0.967,-0.116,0.184,4.21,0.18,2.14
508649.593000,0.96,-0.119,0.192,2.69,1.68,-0.67
508649.640000,0.972,-0.12,0.176,3.36,2.01,-0.55
508649.687000,0.944,-0.12,0.208,5.13,2.78,0.4
508649.734000,0.96,-0.12,0.179,5.43,2.41,-1.98
508649.781000,0.934,-0.132,0.211,8.88,2.56,-1.13
508649.828000,0.931,-0.073,0.189,4.3,-0.64,-7.17
508649.875000,0.936,-0.082,0.222,10.65,-2.14,0.85
508649.921000,0.974,-0.04,0.177,5.74,-3.42,-3.91
508649.968000,0.998,0.043,0.178,1.43,-0.37,-4.85
508650.015000,1.057,0.097,0.126,-0.37,-0.37,6.26
508650.062000,1.053,0.159,0.139,-8.24,5.1,11.29
508650.109000,1.048,0.241,0.097,-16.69,11.14,13.31
508650.156000,1.074,0.467,0.066,-52.37,29.39,-19.32
508650.203000,0.891,0.464,0.165,-87.44,22.37,-4.39
508650.250000,0.727,0.302,0.055,-111.12,32.53,34.42
508650.296000,0.592,0.058,0.108,-112.09,27.31,43.03
508650.343000,0.445,-0.127,0.032,-123.45,-1.62,17.09
508650.390000,0.256,-0.386,0.062,-140.02,-9.8,20.11
508650.437000,0.213,-0.396,-0.085,-130.47,-68.76,-23.29
508650.484000,0.153,-0.542,-0.082,-92.93,-72.76,17.64
508650.531000,0.221,-0.41,-0.502,-96.32,-142.37,-82.09
508650.578000,0.33,-0.523,-0.326,-46.02,-135.44,-9.64
508650.625000,0.216,-0.415,-0.786,-23.53,-170.75,-47.36
508650.671000,0.436,-0.842,-0.856,-35.89,-235.24,-34.12
508650.718000,0.275,-0.382,-1.287,-19.32,-227.91,-125.71
508650.765000,0.489,-1.131,-1.558,31.68,-237.25,-74.16
508650.812000,0.584,-0.744,-1.482,76.54,-213.6,-120.76
508650.859000,0.565,-1.061,-1.692,95.07,-203.56,-192.85
508650.906000,0.293,-0.53,-1.832,138.77,-180.09,-251.47
508650.953000,0.519,-0.171,-1.84,144.6,-138.58,-244.3
508651.000000,0.463,-0.309,-1.753,125.95,-92.41,-180.79
508651.046000,0.433,-0.694,-1.889,115.24,-42.24,-188.94
508651.093000,0.189,-0.434,-1.707,82.64,14.95,-227.52
508651.140000,0.247,-0.251,-1.723,92.2,78.92,-158.54
508651.187000,0.266,-0.396,-1.617,74.16,85.51,-89.39
508651.234000,0.232,-0.324,-1.432,80.6,146.31,-106.69
508651.281000,0.403,-0.308,-1.319,37.11,116.18,-119.21
508651.328000,0.381,-0.19,-1.12,44.31,156.47,-91.8
508651.375000,0.475,-0.13,-1.055,8.67,133.37,-87.41
508651.421000,0.652,-0.161,-0.95,4.88,156.32,-95.89
508651.468000,0.581,0.026,-0.778,-32.5,152.47,-103.21
508651.515000,0.649,0.034,-0.62,-33.91,150.27,-46.94
508651.562000,0.565,0.028,-0.445,-59.69,143.35,-37.57
508651.609000,0.495,0.063,-0.353,-62.29,125.46,-22.25
508651.656000,0.612,0.042,-0.116,-96.22,102.39,-51.42
508651.703000,0.538,0.028,0.14,-81.21,95.74,-23.1
508651.750000,0.586,0.048,0.006,-123.75,66.93,-54.78
508651.796000,0.664,0.03,0.17,-128.3,52.03,-47.67
508651.843000,0.576,0.013,0.167,-126.04,44.68,-23.99
508651.890000,0.668,-0.049,0.238,-129.92,29.39,-1.71
508651.937000,0.579,-0.185,0.262,-104.92,30.34,40.1
508651.984000,0.642,-0.42,0.28,-125.31,8.82,34.55
508652.031000,0.744,-0.648,0.288,-85.51,21.33,36.38
508652.078000,0.793,-0.726,0.387,-92.38,-4.55,12.18
508652.125000,0.96,-0.823,0.251,-46.33,-2.26,20.48
508652.171000,0.876,-0.576,0.471,-39.55,13.25,-18.28
508652.218000,0.954,-0.543,0.321,-36.62,-9.06,-6.1
508652.265000,0.852,-0.429,0.357,-22.19,14.65,-17.09
508652.312000,0.88,-0.406,0.315,-13.15,-6.99,-2.2
508652.359000,0.848,-0.401,0.371,-3.48,8.58,-6.62
508652.406000,0.819,-0.324,0.335,-5.92,-11.54,-9.83
508652.453000,0.919,-0.298,0.278,-2.44,-1.25,-18.16
508652.500000,0.844,-0.251,0.348,5.25,-6.2,1.53
508652.546000,0.93,-0.28,0.287,-0.58,-7.97,-2.5
508652.593000,0.871,-0.269,0.332,-3.85,-0.73,-2.81
508652.656000,0.924,-0.3,0.285,-2.14,-5.01,-6.26
508652.703000,0.91,-0.266,0.318,-3.91,-3.45,-4.76
508652.750000,0.924,-0.28,0.23,-3.78,-9.95,3.72
508652.796000,0.91,-0.265,0.266,-4.97,-3.69,-2.44
508652.859000,0.916,-0.281,0.278,-3.27,-9.06,5.49
508652.906000,0.911,-0.299,0.221,2.17,-0.37,-0.52
508652.953000,0.911,-0.299,0.289,0.67,-4.49,-0.49
508653.000000,0.93,-0.269,0.239,-0.15,2.47,-7.42
508653.046000,0.928,-0.269,0.269,1.89,-1.59,-0.82
508653.093000,0.925,-0.25,0.231,-3.42,-0.12,-4.43
508653.140000,0.916,-0.293,0.253,-0.24,-1.92,1.86
508653.187000,0.923,-0.273,0.23,-1.98,2.2,-3.91
508653.234000,0.905,-0.268,0.253,1.71,1.5,-0.7
508653.281000,0.935,-0.259,0.238,-2.5,-0.34,-5.92
508653.328000,0.918,-0.257,0.267,1.77,3.36,0.98
508653.375000,0.914,-0.263,0.246,-1.1,-4.09,-0.73
508653.421000,0.925,-0.27,0.23,-1.1,0.79,-2.29
508653.468000,0.926,-0.274,0.26,-0.21,-2.17,-1.86
508653.515000,0.933,-0.255,0.219,-0.95,1.25,-5.62
508653.562000,0.929,-0.277,0.26,1.01,-0.52,0.49
508653.609000,0.944,-0.263,0.222,-1.13,2.59,-7.97
508653.656000,0.923,-0.261,0.267,2.84,2.01,-1.01
508653.703000,0.914,-0.263,0.233,1.98,3.51,-3.97
508653.750000,0.912,-0.254,0.273,1.71,-1.19,-5.65
508653.796000,0.931,-0.232,0.248,2.81,2.84,-3.54
508653.843000,0.911,-0.249,0.272,3.42,1.13,-0.24
508653.890000,0.951,-0.256,0.227,3.6,-1.62,-3.54
508653.937000,0.92,-0.224,0.262,1.83,2.44,-6.53
508653.984000,0.943,-0.242,0.262,3.27,-0.52,-3.17
508654.046000,0.942,-0.229,0.257,0.7,2.56,-3.81
508654.093000,0.928,-0.217,0.267,0.7,-1.07,-2.66
508654.140000,0.927,-0.216,0.279,-2.59,3.51,-6.99
508654.187000,0.917,-0.19,0.278,-1.25,-1.56,-4.46
508654.234000,0.934,-0.194,0.227,-2.87,-1.59,-3.08
508654.281000,0.917,-0.233,0.249,-0.61,-1.62,-0.43
508654.328000,0.932,-0.197,0.26,-4.55,-1.89,-6.93
508654.375000,0.921,-0.194,0.245,0.92,2.44,-3.08
508654.421000,0.913,-0.205,0.28,-2.47,-5.01,-1.04
508654.468000,0.946,-0.204,0.235,-3.27,-2.78,-4.3
508654.515000,0.911,-0.199,0.256,0.85,-2.59,0.67
508654.562000,0.942,-0.203,0.248,-3.33,-3.11,-5.13
508654.609000,0.945,-0.189,0.244,1.56,-2.5,-0.31
508654.656000,0.924,-0.205,0.237,0.92,-2.75,1.28
508654.703000,0.946,-0.197,0.233,0.34,-1.43,-2.9
508654.750000,0.926,-0.215,0.24,3.57,-3.11,5.16
508654.796000,0.958,-0.202,0.214,-0.64,-0.76,-5.65
508654.843000,0.943,-0.183,0.229,4.85,-2.53,2.87
508654.890000,0.953,-0.19,0.226,1.1,2.75,-1.77
508654.937000,0.94,-0.185,0.233,1.1,-3.6,3.57
508654.984000,0.942,-0.203,0.22,1.59,0.24,1.56
508655.031000,0.937,-0.185,0.218,-1.98,-1.46,-3.17
508655.078000,0.923,-0.182,0.231,1.74,-1.53,3.78
508655.125000,0.957,-0.197,0.209,0.43,-2.14,0.21
508655.171000,0.942,-0.189,0.243,-1.25,0.06,-0.82
508655.218000,0.967,-0.211,0.206,-0.03,-2.26,1.68
508655.265000,0.951,-0.205,0.218,-1.31,-0.09,-0.98
508655.312000,0.947,-0.219,0.207,0.7,0.31,1.53
508655.359000,0.94,-0.216,0.219,2.04,0.79,-1.53
508655.406000,0.938,-0.201,0.208,1.31,0.12,-2.62
508655.453000,0.945,-0.201,0.226,3.39,-0.24,-1.65
508655.515000,0.936,-0.179,0.227,0.43,-1.43,-2.2
508655.562000,0.958,-0.188,0.202,1.1,-0.52,-0.55
508655.625000,0.944,-0.196,0.214,2.66,-2.41,1.53
508655.671000,0.943,-0.182,0.211,1.13,-0.85,-1.56
508655.718000,0.944,-0.198,0.225,2.32,0.03,1.5
508655.765000,0.944,-0.184,0.212,1.43,-0.95,-3.17
508655.812000,0.941,-0.178,0.233,2.2,-0.03,-0.24
508655.859000,0.958,-0.183,0.185,1.86,-0.12,-1.19
508655.906000,0.946,-0.194,0.214,1.62,-2.87,2.81
508655.953000,0.964,-0.194,0.194,2.01,0.21,-1.1
508656.000000,0.944,-0.179,0.238,0.89,-0.92,-1.86
508656.046000,0.968,-0.187,0.185,0.37,-0.37,0.7
508656.093000,0.935,-0.172,0.235,-0.58,3.33,-1.8
508656.140000,0.944,-0.183,0.21,-0.67,-4.43,1.74
508656.187000,0.939,-0.178,0.213,0.0,4.15,-0.15
508656.234000,0.94,-0.198,0.242,0.18,-3.91,1.86
508656.281000,0.97,-0.184,0.182,1.8,6.59,-2.99
508656.328000,0.945,-0.184,0.238,2.44,-2.23,3.39
508656.375000,0.965,-0.192,0.179,1.59,1.86,-2.81
508656.421000,0.937,-0.173,0.231,1.83,2.29,0.24
508656.484000,0.965,-0.186,0.194,-0.76,4.33,-5.95
508656.531000,0.924,-0.163,0.248,3.23,0.4,3.6
508656.578000,0.964,-0.193,0.201,-0.55,3.69,-4.15
508656.625000,0.934,-0.173,0.244,2.01,2.23,-1.68
508656.671000,0.956,-0.201,0.194,3.63,0.82,0.43
508656.718000,0.934,-0.172,0.234,0.82,-0.46,-4.97
508656.765000,0.95,-0.186,0.21,5.52,-1.59,0.37
508656.812000,0.942,-0.176,0.249,2.93,3.66,-6.68
508656.859000,0.952,-0.183,0.207,8.64,-0.31,1.13
508656.906000,0.943,-0.17,0.226,5.46,3.75,-5.92
508656.953000,0.938,-0.154,0.229,7.42,-4.43,-0.89
508657.000000,0.954,-0.159,0.239,8.97,2.78,-1.59
508657.046000,0.932,-0.132,0.232,6.47,-1.53,-1.68
508657.093000,0.957,-0.133,0.214,5.95,-0.27,-1.62
508657.140000,0.942,-0.105,0.246,6.07,-1.07,1.1
508657.187000,0.969,-0.11,0.206,-0.27,-2.5,0.24
508657.234000,0.954,-0.135,0.227,3.85,-0.43,5.46
508657.281000,0.944,-0.149,0.25,1.19,-2.96,4.94
508657.328000,0.95,-0.142,0.202,-0.64,-3.54,0.03
508657.375000,0.945,-0.137,0.202,0.52,-1.83,-0.76
508657.421000,1.024,-0.076,0.13,-5.98,-5.95,-17.21
508657.468000,1.007,0.094,0.157,-18.34,7.23,-31.1
508657.515000,1.169,0.175,0.148,-13.89,1.77,-11.99
508657.562000,1.188,0.258,0.176,-35.4,25.64,-2.96
508657.609000,1.135,0.362,0.161,-58.69,27.28,13.25
508657.656000,0.879,0.343,0.067,-88.47,35.16,22.89
508657.703000,0.539,0.288,0.231,-80.45,57.22,35.25
508657.750000,0.16,0.248,0.326,-146.76,24.02,11.23
508657.796000,0.174,-0.052,0.1,-167.33,-60.09,-12.88
508657.843000,0.174,-0.269,-0.176,-147.28,-74.22,2.32
508657.890000,0.178,-0.545,-0.225,-120.73,-98.36,22.95
508657.937000,0.251,-0.748,-0.297,-96.32,-123.72,-6.29
508657.984000,0.141,-0.991,-0.499,-57.95,-165.26,-38.51
508658.031000,0.482,-0.755,-0.606,2.56,-147.31,-42.82
508658.093000,0.581,-0.684,-1.041,53.22,-198.55,-86.46
508658.140000,0.198,-0.832,-0.921,30.18,-215.4,-60.82
508658.187000,0.326,-0.721,-1.294,37.23,-250.53,-156.1
508658.234000,0.588,-0.784,-1.562,97.87,-240.12,-126.47
508658.281000,0.503,-0.933,-1.501,131.57,-189.92,-126.01
508658.328000,0.542,-0.782,-1.845,149.05,-183.17,-186.28
508658.375000,0.556,-0.829,-1.828,171.39,-114.29,-142.16
508658.421000,0.577,-0.765,-2.034,158.67,-33.91,-161.72
508658.468000,0.401,-0.822,-1.916,170.38,2.2,-164.83
508658.515000,0.287,-0.682,-1.841,158.94,47.94,-169.96
508658.562000,0.265,-0.566,-1.56,111.21,81.79,-142.67
508658.609000,0.492,-0.579,-1.344,121.59,96.62,-112.74
508658.656000,0.471,-0.455,-1.21,58.81,100.77,-126.35
508658.703000,0.539,-0.43,-0.93,60.61,116.95,-96.32
508658.750000,0.519,-0.354,-0.755,-15.72,89.48,-83.01
508658.796000,0.499,-0.254,-0.596,1.95,95.61,-71.9
508658.843000,0.544,-0.217,-0.486,-45.81,93.17,-66.96
508658.890000,0.496,-0.181,-0.413,-31.95,105.96,-71.99
508658.937000,0.4,-0.151,-0.25,-57.07,91.71,-54.78
508658.984000,0.531,-0.109,-0.192,-58.14,107.27,-86.92
508659.031000,0.528,-0.065,0.153,-78.13,90.76,-74.04
508659.078000,0.693,-0.091,0.069,-85.94,77.49,-67.87
508659.125000,0.819,-0.055,0.116,-115.09,71.57,-76.27
508659.171000,0.801,-0.096,0.17,-106.3,69.77,-58.41
508659.218000,0.861,-0.115,0.186,-111.7,53.25,-38.12
508659.265000,0.82,-0.122,0.25,-71.05,55.73,-4.64
508659.312000,0.738,-0.065,0.293,-93.75,41.99,-2.81
508659.359000,0.674,-0.108,0.359,-72.39,17.82,21.94
508659.406000,0.75,-0.158,0.349,-67.45,11.17,22.19
508659.453000,0.783,-0.154,0.343,-73.49,12.15,1.59
508659.500000,0.837,-0.216,0.308,-59.27,-1.31,14.04
508659.546000,0.871,-0.258,0.305,-54.63,2.5,23.04
508659.609000,0.862,-0.394,0.327,-42.27,-16.39,27.28
508659.656000,0.909,-0.35,0.274,-47.82,17.88,-5.89
508659.703000,0.82,-0.38,0.401,-23.35,-4.06,18.19
508659.750000,0.922,-0.41,0.246,-32.59,-8.33,6.38
508659.812000,0.819,-0.435,0.349,-16.97,-11.9,18.86
508659.859000,0.923,-0.458,0.203,-20.91,-4.15,-9.67
508659.906000,0.925,-0.389,0.271,-18.71,-0.34,-16.6
508659.953000,0.949,-0.391,0.208,1.4,-3.63,6.35
508660.000000,0.935,-0.363,0.259,-9.49,-0.92,-9.67
508660.046000,0.944,-0.36,0.199,1.22,0.06,0.0
508660.093000,0.904,-0.306,0.253,-7.72,2.56,-13.79
508660.156000,0.9,-0.32,0.25,3.08,1.22,0.31
508660.203000,0.895,-0.286,0.246,-4.82,-0.79,-14.01
508660.250000,0.901,-0.264,0.246,-0.98,-5.95,-5.34
508660.296000,0.929,-0.242,0.228,3.02,3.45,-8.88
508660.343000,0.87,-0.193,0.218,2.11,-2.59,-3.2
508660.390000,0.978,-0.307,0.254,-6.56,-4.06,-2.84
508660.437000,0.916,-0.271,0.301,-2.75,5.62,-10.25
508660.484000,0.818,-0.158,0.252,-0.09,-4.85,-4.7
508660.531000,0.984,-0.251,0.143,-20.29,-17.7,1.34
508660.578000,0.987,-0.35,0.206,3.14,3.11,7.78
508660.625000,0.886,-0.272,0.248,-2.11,4.09,-7.32
508660.671000,0.959,-0.262,0.199,-16.42,-7.08,-5.86
508660.718000,1.007,-0.351,0.167,-0.61,5.16,4.21
508660.765000,0.845,-0.26,0.283,3.85,8.15,-7.42
508660.812000,0.967,-0.265,0.171,-7.93,-6.29,-8.06
508660.859000,0.917,-0.286,0.232,4.33,7.87,1.28
508660.906000,0.936,-0.245,0.216,3.81,8.33,-13.49
508660.953000,0.898,-0.198,0.294,3.45,4.82,-10.38
508661.000000,0.951,-0.235,0.222,0.4,-3.17,-4.27
508661.046000,0.922,-0.225,0.258,5.77,3.97,-3.97
508661.093000,0.938,-0.211,0.232,-2.5,-1.4,-7.69
508661.156000,0.938,-0.2,0.235,-1.16,-1.01,-6.1
508661.203000,0.94,-0.189,0.233,-1.92,-0.85,-4.67
508661.250000,0.932,-0.19,0.245,-4.46,1.59,-2.53
508661.296000,0.925,-0.204,0.23,-3.66,-2.44,-0.76
508661.343000,0.943,-0.202,0.21,-4.27,2.08,-5.43
508661.390000,0.924,-0.206,0.253,1.37,-1.25,1.01
508661.437000,0.949,-0.25,0.199,-1.04,-9.98,-0.76
508661.484000,0.94,-0.219,0.219,-1.86,5.25,-8.51
508661.531000,0.933,-0.234,0.222,-0.85,-15.75,4.79
508661.578000,0.953,-0.225,0.177,-2.78,-0.79,-4.36
508661.625000,0.925,-0.225,0.24,2.32,-17.46,5.25
508661.671000,0.973,-0.221,0.159,7.72,-3.02,1.16
508661.718000,0.943,-0.224,0.208,5.43,-7.02,-1.65
508661.765000,0.966,-0.179,0.168,9.37,2.08,-6.96
508661.812000,0.954,-0.163,0.203,11.23,1.92,-4.15
508661.875000,0.969,-0.158,0.168,2.99,-0.03,-5.46
508661.921000,0.947,-0.16,0.199,1.19,-1.04,-0.31
508661.968000,0.967,-0.183,0.143,0.06,-2.99,-0.58
508662.015000,0.943,-0.182,0.224,-0.73,2.04,-1.83
508662.062000,0.963,-0.199,0.155,-2.5,-6.62,-0.15
508662.125000,0.946,-0.185,0.209,-3.36,-0.06,-5.46
508662.187000,0.997,-0.172,0.111,1.86,6.16,-4.06
508662.234000,0.945,-0.168,0.212,-1.5,-1.86,0.21
508662.281000,0.974,-0.171,0.128,2.35,4.39,-4.15
508662.328000,0.932,-0.157,0.231,-0.82,1.74,-1.46
508662.375000,0.947,-0.18,0.151,1.68,1.46,0.03
508662.421000,0.937,-0.159,0.223,-2.96,-4.61,-2.62
508662.468000,0.98,-0.159,0.166,2.04,4.7,-0.89
508662.515000,0.933,-0.155,0.211,-1.95,-2.9,-0.61
508662.562000,0.978,-0.172,0.149,-4.82,-0.79,-3.81
508662.609000,0.945,-0.156,0.176,3.78,-1.65,4.76
508662.656000,0.964,-0.171,0.176,0.61,2.38,-2.9
508662.703000,0.972,-0.141,0.167,-5.89,-2.56,-2.56
508662.750000,0.988,-0.157,0.144,-1.01,4.36,1.25
508662.796000,0.959,-0.162,0.197,-2.29,4.73,1.59
508662.859000,0.963,-0.175,0.162,-2.11,2.93,4.55
508662.906000,0.926,-0.157,0.221,-6.65,3.94,-0.98
508662.953000,0.961,-0.204,0.166,0.92,1.19,6.65
508663.000000,0.917,-0.188,0.239,-7.11,0.24,-1.83
508663.046000,0.966,-0.193,0.179,-4.7,-6.07,2.69
508663.093000,0.952,-0.19,0.184,-2.72,-0.06,0.85
508663.140000,0.964,-0.196,0.179,-4.64,-0.82,1.46
508663.187000,0.942,-0.189,0.188,0.0,-0.85,0.46
508663.234000,0.96,-0.173,0.158,-4.58,-0.4,-2.66
508663.281000,0.962,-0.174,0.188,2.53,-1.01,1.98
508663.328000,0.943,-0.165,0.163,-2.5,-1.83,1.16
508663.375000,0.955,-0.189,0.176,1.01,-0.37,1.86
508663.421000,0.948,-0.169,0.154,-1.04,-4.52,-0.64
508663.468000,0.957,-0.159,0.176,-0.92,3.45,-5.52
508663.515000,0.941,-0.13,0.119,3.78,-1.34,2.38
508663.562000,0.937,-0.075,0.178,1.74,2.99,-1.59
508663.609000,0.933,-0.089,0.227,0.09,0.12,7.23
508663.656000,1.0,-0.096,0.175,-16.51,-3.08,5.31
508663.703000,1.014,-0.121,0.144,-20.84,-0.4,10.53
508663.750000,0.992,-0.22,0.158,-11.35,1.04,27.38
508663.796000,0.987,-0.277,0.174,-22.71,1.77,18.28
508663.843000,0.977,-0.356,0.162,-20.6,5.31,13.28
508663.890000,0.929,-0.389,0.147,-9.77,3.97,13.52
508663.937000,0.877,-0.399,0.203,0.61,5.52,6.35
508663.984000,0.897,-0.38,0.169,1.46,-0.67,1.16
508664.031000,0.908,-0.323,0.205,7.66,4.58,-6.41
508664.078000,0.917,-0.301,0.179,9.03,0.03,-4.88
508664.125000,0.936,-0.261,0.173,16.27,7.14,-5.89
508664.171000,0.904,-0.203,0.2,8.0,-1.95,-1.68
508664.218000,0.909,-0.211,0.161,8.42,-3.02,-0.31
508664.265000,0.889,-0.206,0.149,1.1,-9.52,-0.98
508664.312000,0.963,-0.209,0.116,-2.53,-10.74,-2.62
508664.359000,1.006,-0.257,0.151,-5.55,-6.01,-1.71
508664.421000,1.007,-0.302,0.212,-10.93,-3.45,-9.64
508664.468000,0.893,-0.248,0.235,-2.44,5.37,-13.7
508664.515000,0.886,-0.207,0.169,0.95,-4.64,-7.11
508664.562000,0.898,-0.218,0.142,5.4,-6.41,1.5
508664.609000,0.953,-0.241,0.06,3.97,-13.06,4.0
508664.656000,0.97,-0.216,0.056,-3.36,-9.06,-8.09
508664.703000,0.998,-0.167,0.032,-4.91,-7.6,-13.25
508664.765000,1.039,-0.182,0.104,-2.9,-1.4,-5.83
508664.812000,0.95,-0.2,0.185,7.14,2.66,-0.98
508664.859000,0.912,-0.18,0.17,9.58,1.89,-2.9
508664.921000,0.924,-0.131,0.086,-2.26,-5.95,-5.16
508664.968000,0.979,-0.156,0.009,-1.04,-5.71,-2.01
508665.031000,1.007,-0.161,0.07,2.87,-0.31,-1.56
508665.078000,1.06,-0.123,0.068,-9.83,0.95,-10.04
508665.125000,1.031,-0.173,0.115,-0.43,4.91,5.98
508665.171000,0.964,-0.204,0.159,-0.58,7.45,4.18
508665.218000,0.911,-0.186,0.156,1.53,8.0,0.7
508665.265000,0.913,-0.167,0.089,-0.85,2.9,-5.19
508665.312000,0.929,-0.157,0.092,0.89,6.71,-3.6
508665.359000,0.964,-0.141,0.126,3.63,1.92,-1.74
508665.406000,0.958,-0.139,0.161,-2.62,6.13,-0.21
508665.453000,1.001,-0.168,0.137,0.09,-0.46,4.85
508665.500000,0.949,-0.184,0.153,0.95,5.34,5.01
508665.546000,0.942,-0.195,0.141,0.55,-3.27,2.14
508665.593000,0.95,-0.171,0.145,-5.8,3.78,-5.92
508665.640000,0.965,-0.164,0.125,-1.74,-1.37,0.89
508665.687000,0.961,-0.152,0.144,-7.87,4.24,-3.48
508665.734000,0.945,-0.177,0.155,-2.9,-4.82,6.38
508665.781000,0.957,-0.189,0.121,-7.63,-2.2,3.08
508665.828000,0.944,-0.18,0.15,-7.84,-3.36,0.79
508665.875000,0.967,-0.193,0.122,-2.78,-1.4,3.97
508665.921000,0.968,-0.189,0.126,-6.2,0.46,0.09
508665.968000,0.969,-0.213,0.117,-5.86,-1.68,1.37
508666.015000,0.956,-0.18,0.101,-10.13,-1.01,-3.02
508666.062000,0.959,-0.221,0.103,5.46,-4.58,10.5
508666.109000,0.973,-0.179,0.113,-9.03,1.83,-8.51
508666.156000,0.98,-0.173,0.103,0.76,-4.0,5.25
508666.203000,0.986,-0.198,0.102,-2.81,5.22,1.46
508666.250000,0.982,-0.198,0.127,-1.62,1.53,4.09
508666.296000,0.985,-0.166,0.166,-5.43,9.43,-4.64
508666.343000,0.92,-0.059,0.258,-20.48,7.87,-15.81
508666.390000,0.927,-0.077,0.157,-27.41,-4.61,-5.28
508666.437000,0.957,-0.201,0.15,-13.31,0.43,25.3
508666.484000,1.179,-0.33,0.059,-10.25,-12.15,32.11
508666.531000,1.067,-0.372,0.128,-58.41,43.34,-30.88
508666.578000,0.845,-0.741,0.167,-4.03,-21.94,70.04
508666.625000,0.772,-1.429,-0.116,19.29,-8.12,59.36
508666.671000,0.504,-1.328,-0.012,60.18,-8.36,-41.78
508666.718000,0.397,-0.841,-0.206,124.39,-12.73,-62.5
508666.765000,0.252,-0.523,-0.073,164.65,-10.41,-66.56
508666.812000,0.182,0.101,-0.189,158.57,-28.81,-83.96
508666.859000,0.242,0.301,-0.001,141.97,-65.68,-78.52
508666.906000,0.089,0.533,-0.294,156.16,-79.53,-37.32
508666.953000,0.199,0.46,-0.183,133.79,-138.13,-10.59
508667.000000,0.052,0.425,-0.462,129.43,-140.66,37.05
508667.046000,0.654,0.579,-1.117,62.01,-182.59,-28.17
508667.093000,0.65,0.505,-0.82,98.39,-165.81,74.1
508667.140000,0.461,0.692,-1.458,33.02,-151.86,92.5
508667.187000,0.47,0.28,-1.564,-38.64,-215.98,141.85
508667.234000,0.372,0.396,-2.015,-44.19,-131.84,131.14
508667.281000,0.328,0.209,-1.911,-106.91,-165.75,185.34
508667.328000,0.355,-0.174,-2.178,-101.05,-40.31,216.07
508667.375000,0.571,-0.758,-2.204,-95.77,-29.33,232.09
508667.421000,0.562,-0.622,-1.79,-107.33,103.0,202.58
508667.468000,0.657,-1.052,-1.98,5.34,145.21,272.07
508667.531000,0.452,-0.978,-1.18,-44.5,217.26,183.57
508667.578000,0.466,-1.177,-1.118,15.47,243.69,183.23
508667.625000,0.408,-1.16,-0.704,85.12,226.78,162.6
508667.671000,0.326,-1.296,-0.697,106.2,225.2,85.15
508667.734000,0.356,-1.214,-0.426,77.39,171.0,-20.11
508667.781000,0.366,-1.145,-0.317,82.43,143.44,-51.52
508667.828000,0.323,-0.972,-0.192,46.85,106.02,-77.97
508667.875000,0.351,-0.954,-0.188,73.76,84.9,-56.79
508667.921000,0.427,-0.721,-0.06,64.27,80.9,-99.25
508667.984000,0.4,-0.701,-0.161,56.95,39.06,-24.66
508668.031000,0.239,-0.514,0.063,93.91,47.88,-26.09
508668.078000,0.218,-0.334,0.169,51.73,3.39,-15.99
508668.125000,0.325,-0.276,0.186,104.34,-11.11,-40.41
508668.171000,0.431,-0.093,0.124,20.84,-43.4,-72.27
508668.218000,0.484,0.077,0.067,49.5,-18.01,-82.43
508668.265000,0.63,0.21,0.206,67.42,-49.47,-36.01
508668.312000,0.86,0.495,0.041,68.76,-33.08,-47.03
508668.359000,0.878,0.407,0.28,51.67,-36.71,-8.82
508668.406000,1.055,0.465,0.16,51.97,-21.88,-0.67
508668.453000,1.113,0.265,0.048,10.25,-45.53,7.48
508668.500000,1.085,0.086,0.152,9.09,-19.71,10.5
508668.546000,1.086,-0.028,0.042,13.31,-36.29,29.94
508668.609000,0.975,-0.174,0.159,1.95,-6.44,14.04
508668.656000,1.025,-0.154,0.032,11.87,-1.98,16.88
508668.703000,0.913,-0.168,0.202,-9.49,-2.9,-3.17
508668.750000,1.014,-0.138,0.025,4.09,1.53,-5.74
508668.796000,0.966,-0.143,0.179,-8.24,-0.98,-11.17
508668.843000,1.0,-0.085,0.053,10.07,2.14,-1.16
508668.890000,0.983,-0.056,0.161,-7.63,9.83,-12.42
508668.937000,0.94,-0.044,0.143,-0.82,-5.68,8.94
508668.984000,1.012,-0.104,0.086,-9.98,0.73,1.83
508669.031000,0.957,-0.123,0.15,-10.25,-6.53,5.1
508669.078000,1.01,-0.088,0.065,-12.79,8.09,-3.27
508669.125000,0.96,-0.131,0.162,-7.35,-4.06,10.01
508669.171000,0.996,-0.135,0.084,-10.68,6.99,2.47
508669.218000,0.904,-0.178,0.177,-9.89,-4.15,11.96
508669.265000,0.964,-0.208,0.065,-1.98,-0.85,9.46
508669.312000,0.918,-0.152,0.21,-11.26,3.72,-4.3
508669.359000,0.976,-0.171,0.104,-3.85,-5.34,8.3
508669.406000,0.972,-0.15,0.137,-12.85,4.55,-4.76
508669.453000,0.969,-0.189,0.116,-0.55,-11.63,13.67
508669.500000,0.975,-0.165,0.103,-16.08,7.23,-9.67
508669.546000,0.954,-0.169,0.129,-0.24,-6.78,7.75
508669.593000,0.955,-0.181,0.127,-7.26,8.64,-3.33
508669.640000,0.963,-0.169,0.112,-3.51,-6.13,1.53
508669.687000,0.979,-0.163,0.125,-11.23,3.23,-5.16
508669.734000,0.952,-0.147,0.125,-8.24,-3.72,-0.55
508669.781000,0.989,-0.172,0.089,-8.3,1.53,-0.03
508669.828000,0.967,-0.153,0.108,-7.17,1.71,-1.92
508669.875000,0.98,-0.161,0.083,-6.04,5.62,2.72
508669.921000,0.943,-0.166,0.127,-6.78,5.16,-1.95
508669.968000,0.962,-0.14,0.097,-3.2,-4.33,4.49
508670.015000,0.968,-0.183,0.094,-7.35,2.2,1.34
508670.062000,0.96,-0.182,0.107,-3.94,-4.43,4.39
508670.109000,0.953,-0.174,0.109,-1.89,-0.67,4.15
508670.156000,0.977,-0.187,0.067,-3.23,-3.11,2.9
508670.203000,0.949,-0.176,0.124,-4.18,3.27,0.98
508670.250000,0.954,-0.187,0.087,-1.56,-6.56,5.95
508670.296000,0.957,-0.202,0.096,-5.16,0.37,-1.1
508670.343000,0.965,-0.18,0.076,-4.33,-2.84,1.65
508670.390000,0.972,-0.211,0.085,-3.02,-3.08,3.27
508670.437000,0.955,-0.19,0.09,-4.79,-3.02,0.21
508670.484000,0.957,-0.209,0.076,-2.93,-2.26,-0.61
508670.531000,0.961,-0.175,0.087,-3.63,0.09,-1.86
508670.578000,0.965,-0.193,0.085,-0.58,-1.34,3.23
508670.625000,0.983,-0.187,0.05,-4.85,-2.17,-2.01
508670.671000,0.971,-0.192,0.08,1.74,1.34,4.52
508670.718000,0.967,-0.194,0.069,-4.39,-3.2,0.49
508670.765000,0.917,-0.197,0.115,-1.77,6.99,2.41
508670.812000,0.93,-0.189,0.097,-8.24,-8.51,-6.68
508670.859000,0.959,-0.151,0.042,-1.83,-0.92,-3.02
508670.906000,0.953,-0.166,0.084,2.47,-5.28,3.2
508670.953000,1.018,-0.146,0.049,-3.63,-0.61,0.12
508671.000000,0.998,-0.191,0.11,-2.26,-1.92,7.63
508671.046000,1.009,-0.214,0.074,-4.79,-2.93,6.1
508671.093000,0.988,-0.271,0.109,-5.01,-2.2,6.32
508671.140000,1.034,-0.432,0.011,10.8,-5.55,25.36
508671.187000,0.993,-0.57,0.109,17.7,10.71,21.03
508671.234000,0.923,-0.864,0.054,33.75,-0.4,44.04
508671.281000,0.635,-1.038,0.058,45.72,2.01,26.58
508671.328000,0.359,-1.043,0.003,42.66,-8.88,-1.95
508671.375000,0.175,-0.719,-0.084,95.13,-31.5,-55.18
508671.421000,0.075,-0.175,-0.146,114.38,-56.55,-110.81
508671.468000,0.265,0.299,-0.067,112.22,-65.55,-127.75
508671.515000,0.231,0.577,-0.242,142.28,-81.91,-63.23
508671.562000,0.264,0.315,-0.039,154.09,-138.13,21.64
508671.609000,-0.198,0.309,-0.253,118.2,-200.42,35.43
508671.656000,0.574,0.029,-1.058,105.29,-329.69,35.46
508671.703000,0.847,0.542,-1.259,84.23,-135.56,23.59
508671.750000,0.752,0.245,-1.334,69.83,-132.79,144.08
508671.796000,0.266,0.369,-1.793,-19.17,-72.42,147.28
508671.843000,0.24,0.169,-1.752,-101.26,-101.5,142.46
508671.890000,0.309,-0.048,-2.092,-123.87,-42.33,163.03
508671.937000,0.067,-0.367,-1.852,-126.01,-34.76,241.22
508672.000000,0.126,-0.891,-1.8,-100.47,71.99,233.1
508672.046000,0.24,-0.964,-1.795,-23.5,92.01,191.26
508672.093000,0.347,-1.399,-1.362,-20.45,160.1,192.3
508672.140000,0.399,-1.29,-1.073,41.63,172.12,176.58
508672.187000,0.421,-1.459,-0.856,139.35,161.44,201.45
508672.234000,0.26,-1.467,-0.779,141.85,233.38,103.21
508672.281000,0.238,-1.271,-0.282,177.56,186.25,65.03
508672.328000,0.303,-1.424,-0.522,168.22,197.15,-24.78
508672.375000,0.19,-1.178,-0.139,170.84,135.99,-45.59
508672.421000,0.227,-1.188,-0.087,187.9,132.18,-26.09
508672.468000,0.031,-1.049,0.104,167.61,102.51,-44.98
508672.515000,0.042,-0.829,0.151,238.72,73.55,53.87
508672.562000,-0.03,-0.929,0.223,202.76,-0.52,-22.49
508672.609000,0.073,-0.447,0.403,180.67,-2.75,-40.38
508672.656000,0.138,-0.402,0.516,66.26,-30.12,-70.99
508672.703000,0.164,-0.245,0.399,18.19,-42.36,-119.91
508672.750000,0.19,-0.145,0.457,-114.66,-38.79,-187.11
508672.796000,0.239,0.071,0.429,-66.65,-57.47,-152.59
508672.843000,0.523,0.065,0.262,-54.72,-73.21,-94.85
508672.890000,0.627,0.146,0.31,-19.14,-72.12,-38.42
508672.937000,0.792,0.137,0.154,-33.75,-62.72,-41.66
508672.984000,1.014,-0.02,0.354,-3.6,-63.3,13.37
508673.031000,0.944,-0.104,0.194,21.0,-23.26,16.27
508673.078000,1.09,-0.182,0.272,-8.06,-63.39,0.06
508673.125000,1.071,-0.137,0.187,23.9,-17.43,3.36
508673.171000,1.069,-0.04,0.072,-17.0,-22.83,-32.69
508673.218000,1.063,-0.088,0.24,7.75,-7.63,-8.61
508673.265000,0.95,-0.047,0.226,-1.1,5.71,-0.61
508673.312000,0.981,-0.136,0.226,-5.95,-16.82,3.51
508673.359000,0.956,-0.113,0.147,-5.58,-5.52,-2.11
508673.406000,0.894,-0.153,0.278,-10.62,-10.1,1.77
508673.453000,0.987,-0.159,0.146,-9.86,-6.01,-0.92
508673.500000,0.905,-0.16,0.293,-13.76,-2.41,-3.05
508673.546000,0.988,-0.18,0.161,-13.28,-6.16,-2.62
508673.593000,0.887,-0.169,0.317,-22.68,5.4,-9.98
508673.640000,0.983,-0.206,0.163,-6.84,-16.14,7.26
508673.687000,0.947,-0.181,0.227,-19.01,7.32,-8.45
508673.734000,0.938,-0.199,0.203,-9.92,-11.78,3.42
508673.781000,0.948,-0.18,0.222,-12.12,7.42,-8.58
508673.828000,0.925,-0.173,0.257,-11.57,-3.97,2.17
508673.875000,0.948,-0.193,0.202,-9.83,-6.04,4.12
508673.921000,0.948,-0.237,0.191,-10.65,-6.38,9.25
508673.968000,0.968,-0.241,0.167,-6.44,-4.73,0.37
508674.015000,0.947,-0.214,0.198,-5.74,1.92,-0.31
508674.062000,0.969,-0.233,0.159,-4.12,-11.17,3.91
508674.109000,0.972,-0.218,0.135,-7.9,2.29,-3.36
508674.156000,0.927,-0.214,0.214,-1.28,-4.94,1.19
508674.203000,0.959,-0.196,0.146,-4.91,-1.04,-2.59
508674.250000,0.939,-0.216,0.185,-2.11,-5.01,0.7
508674.296000,0.969,-0.183,0.138,-4.21,-0.67,-7.26
508674.343000,0.944,-0.198,0.187,-0.7,0.21,0.24
508674.390000,0.968,-0.207,0.152,-6.16,-0.18,-3.39
508674.437000,0.948,-0.164,0.165,-8.94,0.52,-7.54
508674.484000,0.984,-0.213,0.155,-6.62,3.08,0.73
508674.531000,0.956,-0.181,0.153,-5.07,0.34,-2.75
508674.578000,0.966,-0.194,0.135,-9.55,3.48,-1.43
508674.625000,0.974,-0.183,0.165,-9.77,9.09,-2.5
508674.671000,0.937,-0.173,0.154,-7.81,8.67,7.08
508674.718000,0.939,-0.198,0.176,-7.14,2.38,1.65
508674.765000,0.928,-0.175,0.167,-1.98,1.62,0.24
508674.812000,0.962,-0.196,0.196,-4.58,-0.67,1.31
508674.859000,0.957,-0.21,0.169,-3.05,-5.62,5.83
508674.906000,0.963,-0.212,0.141,-1.98,-1.83,1.53
508674.953000,0.938,-0.22,0.168,-2.84,-0.76,-0.55
508675.000000,0.963,-0.2,0.163,-2.99,-5.31,-1.04
508675.046000,0.973,-0.182,0.105,-7.35,-0.09,-2.23
508675.093000,0.927,-0.213,0.213,0.95,-4.18,8.82
508675.140000,0.965,-0.232,0.142,-4.94,-2.87,-1.5
508675.187000,0.949,-0.19,0.182,-8.7,0.73,-2.41
508675.234000,0.966,-0.208,0.102,2.2,-6.93,5.28
508675.281000,0.921,-0.214,0.199,-5.58,3.02,-0.92
508675.328000,0.974,-0.214,0.12,-4.24,-2.5,0.12
508675.375000,0.949,-0.198,0.181,-2.32,4.97,-0.31
508675.421000,0.969,-0.214,0.101,-6.07,-7.72,5.34
508675.468000,0.958,-0.209,0.152,-4.85,1.43,0.82
508675.515000,0.963,-0.23,0.149,0.89,2.04,9.0
508675.562000,0.957,-0.287,0.18,3.42,1.83,8.18
508675.609000,0.973,-0.363,0.198,11.02,2.08,15.29
508675.656000,0.941,-0.449,0.18,22.61,0.55,16.27
508675.703000,0.913,-0.644,0.151,27.41,-5.04,15.56
508675.750000,1.013,-0.648,0.009,41.44,7.26,4.27
508675.796000,0.756,-0.699,0.282,47.03,14.31,-0.49
508675.843000,0.606,-0.667,0.205,59.27,-11.78,-6.81
508675.890000,0.413,-0.553,0.179,70.83,-30.61,-20.81
508675.937000,0.14,-0.398,0.126,66.29,-53.56,-51.42
508675.984000,0.104,-0.224,0.121,66.19,-79.78,-84.99
508676.031000,0.144,0.184,-0.069,75.05,-92.1,-102.02
508676.078000,0.025,0.362,-0.175,104.5,-127.23,-60.15
508676.125000,0.159,0.434,-0.492,104.28,-158.48,-37.63
508676.171000,0.429,0.363,-0.761,144.96,-183.69,-4.06
508676.218000,0.76,0.554,-1.159,108.52,-174.57,-24.6
508676.265000,0.578,0.421,-0.931,124.73,-147.98,98.76
508676.312000,0.266,0.609,-1.263,34.52,-101.32,91.46
508676.359000,0.391,0.459,-1.709,-45.08,-206.4,103.06
508676.406000,0.539,0.275,-2.034,-27.1,-119.02,118.78
508676.453000,0.421,-0.118,-2.184,-61.59,-73.98,168.25
508676.500000,0.442,-0.587,-1.803,-72.36,16.45,238.04
508676.546000,0.935,-1.258,-1.858,-53.22,33.63,255.75
508676.593000,0.884,-1.188,-1.239,-52.61,168.65,179.91
508676.640000,0.944,-0.787,-1.322,-64.73,187.38,122.9
508676.687000,0.763,-0.948,-1.047,-48.59,241.28,158.02
508676.734000,0.75,-1.04,-0.953,11.63,243.45,196.51
508676.781000,0.714,-1.044,-0.738,19.53,216.62,35.62
508676.828000,0.707,-1.24,-0.712,21.94,169.93,53.22
508676.875000,0.582,-1.443,-0.505,41.9,190.56,-28.08
508676.921000,0.394,-1.218,-0.304,81.88,125.86,-7.63
508676.968000,0.411,-1.264,-0.466,84.26,131.9,-65.46
508677.015000,0.234,-0.904,-0.22,95.43,105.23,-43.4
508677.062000,0.233,-0.771,-0.033,92.38,89.02,-44.71
508677.109000,0.115,-0.472,-0.029,94.27,63.39,-34.97
508677.156000,0.148,-0.544,0.272,95.77,53.32,23.53
508677.203000,0.206,-0.288,0.205,105.59,9.13,-9.25
508677.250000,0.224,-0.192,0.279,53.99,-21.27,-8.88
508677.296000,0.354,-0.134,0.091,75.29,-65.49,-37.75
508677.343000,0.372,0.072,0.322,-0.12,-41.57,-98.91
508677.390000,0.492,0.193,0.134,31.22,-78.92,-59.66
508677.437000,0.952,0.272,-0.037,8.45,-89.72,-72.02
508677.484000,1.066,0.417,0.024,20.33,-25.39,-63.54
508677.531000,1.099,0.45,0.11,8.61,-35.58,-25.57
508677.578000,1.057,0.239,0.135,20.23,-27.77,13.64
508677.640000,1.035,0.032,0.07,-22.0,-32.78,11.9
508677.687000,1.02,-0.069,0.071,3.17,-16.39,7.84
508677.734000,1.018,-0.082,0.018,0.92,-26.55,22.43
508677.796000,1.01,-0.127,0.031,-2.56,-1.34,6.47
508677.843000,1.019,-0.137,0.049,-3.54,-12.05,7.66
508677.890000,0.969,-0.17,0.063,-10.38,2.08,8.39
508677.937000,0.966,-0.172,0.053,-4.09,-9.83,12.88
508677.984000,0.979,-0.178,0.036,-17.88,6.9,0.58
508678.031000,0.96,-0.209,0.081,-12.36,-1.65,1.07
508678.078000,1.054,-0.186,-0.04,-25.73,5.58,-18.8
508678.125000,0.93,-0.111,0.121,-24.2,12.42,-17.7
508678.171000,0.988,-0.128,0.057,-3.69,-2.93,7.45
508678.218000,0.96,-0.172,0.099,-21.55,16.72,-1.5
508678.265000,0.972,-0.182,0.083,-1.16,-5.16,8.73
508678.312000,0.994,-0.163,0.099,-19.5,22.22,-4.12
508678.359000,0.941,-0.174,0.127,-13.46,-1.46,2.26
508678.406000,1.025,-0.16,0.023,-21.36,13.86,-3.23
508678.453000,0.89,-0.169,0.211,-16.66,4.61,-3.97
508678.500000,0.977,-0.159,0.042,-11.93,1.1,7.97
508678.546000,0.89,-0.209,0.152,-8.06,-0.64,7.51
508678.593000,0.968,-0.199,0.048,-6.93,-12.97,8.3
508678.640000,0.942,-0.194,0.088,-11.11,0.49,-1.46
508678.687000,0.991,-0.163,0.042,-9.09,-9.06,-8.15
508678.734000,0.991,-0.138,0.071,-10.22,-0.37,-6.23
508678.781000,0.972,-0.166,0.064,-0.58,-10.35,4.36
508678.828000,1.012,-0.131,-0.013,-6.32,-3.36,-2.53
508678.875000,0.955,-0.154,0.092,-1.5,0.49,3.69
508678.921000,1.0,-0.146,0.026,-4.85,-1.43,-0.24
508678.968000,0.952,-0.154,0.086,-11.26,1.92,-1.28
508679.015000,0.99,-0.162,-0.015,-9.03,0.15,-5.34
508679.062000,0.963,-0.148,0.084,-14.31,7.14,-9.4
508679.109000,0.978,-0.129,0.037,-7.72,-5.55,0.24
508679.156000,1.007,-0.14,0.028,-5.89,6.29,1.25
508679.203000,0.952,-0.144,0.064,-9.06,1.13,4.36
508679.250000,0.991,-0.162,0.02,-3.2,1.53,1.92
508679.296000,0.946,-0.146,0.075,-5.19,4.06,4.03
508679.343000,0.964,-0.175,0.044,-4.24,-2.84,4.21
508679.390000,0.934,-0.154,0.098,-3.66,5.43,4.85
508679.437000,0.949,-0.185,0.061,1.95,-10.16,8.3
508679.484000,0.975,-0.158,0.06,-8.61,7.26,-4.39
508679.531000,0.952,-0.184,0.066,5.4,-10.1,9.06
508679.578000,0.98,-0.176,0.05,-4.09,5.83,-3.81
508679.625000,0.933,-0.151,0.069,-3.11,-5.86,2.35
508679.671000,0.979,-0.169,-0.022,-9.86,0.46,-3.78
508679.718000,0.957,-0.136,0.096,-6.74,0.15,-3.88
508679.765000,1.001,-0.15,-0.005,-10.68,-8.7,-3.48
508679.812000,0.969,-0.143,0.074,-12.85,3.05,-1.5
508679.859000,1.0,-0.17,-0.002,-10.13,-1.65,5.8
508679.906000,0.976,-0.168,0.027,-9.86,0.95,3.2
508679.953000,1.023,-0.183,-0.045,-11.93,-3.66,3.02
508680.000000,1.005,-0.141,-0.003,-9.77,13.25,-0.4
508680.046000,0.987,-0.048,-0.049,3.27,13.52,-1.46
508680.093000,1.049,0.019,0.102,-1.74,29.39,-18.86
508680.140000,1.048,-0.214,0.119,-2.96,3.45,31.37
508680.187000,1.047,-0.631,0.116,4.82,23.96,50.57
508680.234000,0.778,-1.28,0.208,28.6,-9.83,96.71
508680.281000,0.579,-1.572,-0.033,74.68,-3.39,48.62
508680.328000,0.427,-1.271,-0.121,84.29,-27.56,-20.54
508680.375000,0.353,-0.583,-0.336,134.65,-24.02,-50.9
508680.421000,0.279,-0.229,-0.11,139.13,-39.92,-68.58
508680.468000,0.129,0.375,-0.145,178.93,-50.26,-35.07
508680.531000,0.333,0.526,-0.159,146.73,-92.59,-23.16
508680.578000,0.267,0.14,-0.14,127.48,-94.85,2.35
508680.625000,0.461,0.516,-0.608,124.42,-93.81,-50.72
508680.671000,0.681,0.462,-0.462,109.35,-146.64,28.14
508680.718000,0.766,0.484,-0.747,72.91,-127.32,60.95
508680.765000,0.659,0.809,-1.139,29.48,-133.18,80.6
508680.828000,0.76,0.107,-1.565,-66.19,-206.06,121.49
508680.875000,0.991,0.174,-2.167,-103.49,-113.41,126.56
508680.921000,1.179,-0.509,-2.346,-93.45,-55.15,229.38
508680.968000,0.697,-0.444,-1.787,-173.25,58.96,205.6
508681.015000,0.702,-1.018,-1.851,-84.11,81.91,326.49
508681.062000,0.502,-1.218,-1.198,-116.76,156.1,135.32
508681.109000,0.709,-1.272,-1.265,-59.39,128.06,182.26
508681.156000,0.742,-1.483,-1.067,-30.88,190.8,124.73
508681.203000,0.545,-1.536,-0.803,73.55,191.41,169.84
508681.250000,0.419,-1.68,-0.493,102.57,218.27,36.04
508681.296000,0.335,-1.491,-0.527,148.26,118.35,32.87
508681.343000,0.188,-1.509,-0.017,110.35,184.45,-85.54
508681.390000,0.251,-1.236,-0.32,125.16,75.26,-91.86
508681.437000,0.179,-0.986,-0.082,78.4,110.02,-131.11
508681.484000,0.146,-0.693,-0.163,71.57,51.09,-68.21
508681.531000,0.245,-0.506,0.057,93.78,55.6,-76.91
508681.578000,0.21,-0.333,0.136,86.61,27.44,-38.45
508681.625000,0.245,-0.261,0.155,136.81,22.89,-28.08
508681.671000,0.268,0.03,0.168,34.49,-34.06,-64.52
508681.718000,0.405,0.105,0.221,56.18,-48.59,-62.01
508681.765000,0.653,0.333,0.092,-10.25,-54.81,-77.76
508681.812000,0.79,0.412,0.228,25.54,-38.15,-54.51
508681.859000,1.001,0.378,0.047,-8.27,-63.17,-10.9
508681.906000,0.962,0.227,0.078,12.85,-37.14,13.67
508681.953000,1.042,0.194,-0.033,-4.64,-61.59,12.3
508682.000000,1.031,0.061,0.07,7.05,-17.7,11.17
508682.046000,1.03,0.056,-0.019,-6.56,-42.51,3.02
508682.093000,1.083,-0.033,0.018,-4.46,1.34,4.67
508682.140000,1.006,-0.093,0.062,-1.16,-16.27,11.84
508682.187000,1.035,-0.145,0.024,-0.24,-0.27,15.99
508682.234000,0.986,-0.14,0.107,-8.09,-4.0,0.52
508682.281000,0.978,-0.165,0.072,-6.26,7.08,6.32
508682.328000,0.959,-0.152,0.112,-8.09,-2.81,0.12
508682.375000,0.989,-0.161,0.071,-8.09,6.62,6.04
508682.437000,0.983,-0.151,0.06,-7.08,-2.59,4.06
508682.500000,0.973,-0.168,0.098,-9.09,4.49,-0.34
508682.546000,0.965,-0.159,0.062,-4.39,0.49,0.73
508682.593000,0.989,-0.133,0.039,-13.55,-0.12,-11.35
508682.640000,0.973,-0.139,0.089,-5.25,6.84,0.58
508682.687000,0.967,-0.12,0.037,-4.88,-1.68,1.13
508682.734000,0.979,-0.153,0.089,-3.14,5.58,0.31
508682.781000,0.951,-0.108,0.08,-7.66,-1.77,-1.83
508682.828000,0.963,-0.136,0.082,1.19,8.48,9.58
508682.875000,0.934,-0.128,0.142,-7.84,-2.62,0.49
508682.921000,0.979,-0.134,0.051,-7.97,-0.76,9.0
508682.968000,0.935,-0.205,0.126,-3.66,-7.14,11.32
508683.015000,1.002,-0.168,0.031,-11.26,-1.16,-1.22
508683.062000,0.936,-0.197,0.115,-4.79,0.43,10.8
508683.109000,1.005,-0.216,-0.016,-6.26,-9.86,0.55
508683.156000,0.978,-0.189,0.064,-7.35,7.9,-4.39
508683.203000,0.993,-0.191,0.016,-0.46,-7.84,2.32
508683.250000,0.972,-0.191,0.037,-8.79,6.44,-4.06
508683.296000,0.988,-0.2,0.044,1.37,-3.69,-0.27
508683.343000,0.989,-0.149,0.039,-7.23,9.28,-8.55
508683.390000,0.969,-0.19,0.067,3.02,-6.5,2.75
508683.437000,0.977,-0.144,0.025,-5.89,9.09,-6.99
508683.484000,0.94,-0.167,0.101,1.98,2.14,1.77
508683.531000,0.986,-0.136,0.032,-2.87,7.08,-4.58
508683.578000,0.934,-0.142,0.095,1.19,-1.8,3.17
508683.625000,0.993,-0.145,0.011,1.16,2.38,1.65
508683.687000,0.943,-0.123,0.099,-2.2,-1.62,5.4
508683.734000,0.996,-0.153,0.023,-2.66,1.25,2.93
508683.781000,0.944,-0.14,0.102,-2.59,-0.12,5.49
508683.828000,0.971,-0.169,0.047,-3.97,-3.17,8.0
508683.875000,0.958,-0.17,0.083,-5.98,2.29,2.59
508683.921000,0.974,-0.187,0.056,-3.33,-0.95,7.72
508683.968000,0.968,-0.178,0.066,-7.69,2.26,2.44
508684.015000,0.994,-0.21,0.046,0.52,-2.75,10.99
508684.062000,0.981,-0.201,0.074,-3.88,4.21,4.21
508684.109000,1.001,-0.232,0.009,1.13,-0.67,11.54
508684.156000,1.004,-0.27,0.068,6.35,10.8,10.5
508684.203000,1.018,-0.309,0.078,8.24,9.52,14.68
508684.250000,1.052,-0.339,0.104,6.41,14.71,9.89
508684.296000,1.042,-0.553,0.208,10.38,5.37,24.35
508684.343000,0.965,-0.954,0.319,-15.14,28.02,15.41
508684.390000,0.795,-1.016,0.071,9.19,-29.02,37.29
508684.437000,0.627,-0.898,-0.165,65.55,8.88,-1.92
508684.484000,0.217,-0.357,0.081,106.45,2.66,-37.11
508684.531000,0.144,-0.209,0.082,116.86,-29.66,-28.96
508684.578000,-0.014,0.022,0.085,116.34,-48.68,-52.86
508684.625000,0.031,0.317,-0.055,154.97,-83.35,-15.05
508684.671000,0.266,0.045,-0.147,148.5,-123.94,2.99
508684.718000,0.28,0.34,-0.557,135.9,-77.67,-19.93
508684.765000,0.738,0.304,-0.668,115.21,-170.23,-0.85
508684.812000,0.59,0.373,-0.682,97.93,-113.93,91.49
508684.859000,0.694,0.399,-1.112,53.87,-183.14,105.08
508684.906000,0.485,0.151,-0.972,-26.83,-157.29,140.17
508684.953000,1.095,0.228,-2.272,-95.95,-181.19,92.68
508685.000000,0.607,0.012,-1.824,-166.26,-156.29,201.39
508685.046000,0.88,-0.617,-2.445,-113.96,-57.37,270.64
508685.093000,0.449,-0.825,-1.728,-159.92,-0.15,219.4
508685.140000,0.79,-1.239,-1.97,-55.27,86.4,292.0
508685.187000,0.465,-0.977,-1.418,-72.08,196.57,179.85
508685.234000,0.615,-1.18,-1.363,36.32,199.38,265.72
508685.281000,0.221,-1.441,-0.936,69.95,245.7,237.56
508685.328000,0.258,-1.804,-0.553,145.3,194.31,152.75
508685.375000,0.15,-1.659,-0.424,151.31,223.06,15.87
508685.421000,0.069,-1.64,-0.45,166.02,135.32,-13.21
508685.468000,-0.109,-1.55,0.14,123.63,127.84,-153.75
508685.515000,0.073,-1.217,-0.201,60.64,93.84,-150.79
508685.562000,0.114,-0.985,-0.09,47.88,83.5,-149.69
508685.609000,0.065,-0.817,-0.132,26.06,75.66,-72.33
508685.656000,0.012,-0.673,0.008,67.29,98.09,-53.01
508685.703000,-0.134,-0.584,0.252,77.94,23.77,-39.34
508685.750000,-0.176,-0.427,0.128,84.17,-34.42,-64.64
508685.796000,-0.017,-0.171,0.097,46.66,-58.02,-154.09
508685.843000,0.334,0.271,0.012,49.47,-67.9,-195.53
508685.890000,0.564,0.544,0.13,53.22,-52.52,-144.96
508685.937000,0.899,0.889,-0.068,89.6,-59.82,-43.4
508686.000000,1.206,0.767,0.057,48.28,-39.16,-36.99
508686.062000,1.028,0.639,0.174,39.19,-22.68,16.48
508686.109000,1.017,0.493,0.087,5.22,-24.48,13.58
508686.156000,0.968,0.177,0.147,9.74,-25.3,49.41
508686.203000,0.967,0.101,0.051,-11.51,-29.21,27.92
508686.250000,0.962,0.069,0.094,-27.5,-15.66,14.34
508686.296000,0.962,0.025,0.057,-18.19,-24.9,20.75
508686.343000,0.977,-0.002,0.021,-20.39,-7.57,14.1
508686.390000,0.955,-0.057,0.023,-2.75,-24.45,31.92
508686.437000,1.003,-0.042,0.005,-11.72,-3.14,13.03
508686.500000,0.968,-0.039,0.019,-10.5,-11.02,8.88
508686.546000,0.967,-0.022,0.046,-10.32,-7.35,14.65
508686.593000,0.987,-0.068,-0.079,-0.82,-22.13,24.54
508686.640000,1.013,-0.068,-0.048,-24.57,-0.92,8.42
508686.687000,0.973,-0.108,0.006,-5.37,-12.76,24.38
508686.734000,0.993,-0.122,-0.014,-15.99,4.21,10.44
508686.781000,0.921,-0.132,0.081,-11.96,-6.35,11.05
508686.828000,0.957,-0.127,0.073,-12.76,-12.24,6.44
508686.875000,0.954,-0.135,0.028,-21.3,-3.05,-6.44
508686.921000,0.941,-0.136,-0.011,-18.98,-13.31,-10.16
508686.968000,0.93,-0.108,0.032,-15.99,-7.57,-1.77
508687.015000,0.901,-0.114,-0.029,-5.95,-28.2,10.28
508687.062000,0.944,-0.165,-0.085,-4.64,-13.34,4.43
508687.109000,0.976,-0.174,-0.135,-1.19,-27.65,3.42
508687.156000,1.057,-0.177,-0.194,17.46,-14.13,9.09
508687.203000,1.031,-0.16,-0.091,14.65,-5.28,-2.87
508687.250000,0.984,-0.188,-0.104,24.17,0.09,10.5
508687.296000,0.914,-0.174,-0.121,5.43,-1.25,6.87
508687.359000,0.957,-0.251,-0.142,19.47,-8.82,32.72
508687.406000,0.936,-0.213,-0.141,-14.56,-4.52,3.88
508687.453000,1.039,-0.215,-0.301,-28.78,-10.96,-2.26
508687.500000,1.054,-0.228,-0.241,-36.38,3.42,-5.86
508687.546000,1.041,-0.24,-0.03,-22.52,7.39,-3.39
508687.593000,0.953,-0.156,-0.274,-41.54,-2.47,-5.22
508687.640000,0.919,-0.171,-0.126,-15.69,7.45,13.28
508687.687000,0.977,-0.134,-0.117,-19.17,2.29,10.53
508687.734000,0.992,-0.115,-0.037,-26.58,2.41,-4.0
508687.781000,0.999,-0.056,-0.122,-22.71,-4.91,2.66
508687.828000,1.082,-0.151,-0.05,-5.55,-1.62,8.79
508687.875000,1.15,-0.072,-0.195,-30.0,-2.5,-22.25
508687.921000,0.983,-0.074,-0.193,7.87,22.1,12.57
508687.968000,0.892,-0.147,-0.068,22.83,11.54,15.53
508688.015000,0.895,-0.138,-0.078,23.5,19.75,2.72
508688.062000,0.892,-0.162,-0.003,11.11,8.76,-5.98
508688.109000,1.017,-0.233,-0.123,22.61,4.97,4.94
508688.156000,0.993,-0.244,-0.089,8.33,16.36,-10.9
508688.203000,1.035,-0.242,-0.129,10.8,16.6,-0.7
508688.250000,1.002,-0.11,-0.156,0.58,33.05,-2.14
508688.296000,0.927,-0.072,-0.137,0.15,29.91,11.87
508688.343000,0.881,-0.01,-0.173,-3.17,46.14,19.65
508688.390000,0.819,-0.081,0.115,2.38,38.36,36.53
508688.437000,0.976,-0.207,0.031,-12.3,19.62,28.17
508688.484000,0.92,-0.263,0.12,-39.61,13.55,8.82
508688.531000,1.051,-0.351,0.064,-22.13,26.18,10.93
508688.578000,0.951,-0.313,0.176,-18.16,19.04,24.11
508688.625000,0.965,-0.414,0.179,-3.91,23.56,31.1
508688.671000,0.904,-0.434,0.188,-12.73,21.52,31.07
508688.718000,0.827,-0.632,0.201,11.78,22.4,47.7
508688.765000,0.852,-0.718,0.16,21.58,3.69,28.66
508688.812000,0.903,-0.906,0.162,29.69,15.84,17.43
508688.859000,0.862,-1.114,0.206,46.91,12.02,10.04
508688.906000,0.715,-1.168,0.181,59.66,13.46,0.89
508688.953000,0.337,-1.066,0.002,110.69,-13.86,2.11
508689.000000,0.265,-0.601,0.011,131.02,-11.81,-82.67
508689.046000,0.12,-0.11,0.005,154.24,-20.84,-62.01
508689.109000,0.237,0.264,0.033,152.59,-82.03,-51.36
508689.156000,0.205,0.203,-0.045,142.46,-99.89,17.15
508689.203000,0.312,0.24,-0.321,136.85,-125.34,27.92
508689.250000,0.073,0.1,-0.168,104.53,-132.15,27.68
508689.296000,0.494,0.14,-0.571,90.21,-181.92,0.34
508689.343000,0.598,0.313,-0.825,54.05,-204.26,-37.54
508689.390000,0.729,0.652,-1.1,31.37,-200.51,2.23
508689.437000,1.093,0.671,-1.484,52.52,-175.12,92.07
508689.484000,0.436,0.413,-1.188,9.55,-103.67,227.85
508689.531000,0.57,-0.111,-2.023,-46.33,-137.52,218.42
508689.578000,0.566,-0.069,-1.902,-141.39,-55.21,92.1
508689.625000,0.73,-0.481,-2.084,-132.36,10.1,140.72
508689.671000,0.712,-0.788,-1.742,-177.89,10.68,183.08
508689.718000,1.037,-1.269,-1.772,-85.85,100.59,169.77
508689.765000,0.93,-1.193,-1.38,-72.88,154.09,117.5
508689.812000,0.969,-1.052,-1.262,-7.26,167.91,150.06
508689.859000,0.788,-0.993,-1.061,-4.06,229.16,154.06
508689.906000,0.846,-1.363,-0.769,33.02,246.68,121.95
508689.953000,0.524,-1.084,-0.465,0.52,203.22,-5.49
508690.000000,0.645,-1.6,-0.701,24.38,147.59,3.75
508690.046000,0.479,-1.266,-0.275,21.39,201.54,-100.19
508690.093000,0.439,-1.053,-0.405,30.79,132.85,-33.17
508690.140000,0.228,-0.982,-0.158,69.98,147.59,-81.85
508690.187000,0.169,-0.615,-0.023,40.22,93.84,-49.26
508690.234000,-0.039,-0.443,-0.001,71.17,62.01,-24.72
508690.281000,-0.079,-0.525,0.309,92.87,46.48,30.7
508690.328000,0.013,-0.388,0.163,119.27,-29.24,-110.54
508690.375000,0.235,0.177,0.2,70.01,-22.83,-146.82
508690.421000,0.524,0.556,-0.066,81.0,-65.74,-78.4
508690.468000,1.008,0.611,-0.08,118.96,-31.25,7.45
508690.515000,1.075,0.718,0.01,74.1,-27.44,14.86
508690.562000,1.134,0.654,0.054,46.69,-21.67,23.59
508690.609000,1.07,0.459,-0.002,11.78,-49.87,33.54
508690.656000,1.061,0.33,0.025,7.11,-20.84,22.89
508690.718000,0.971,0.105,-0.039,0.76,-33.6,32.04
508690.765000,1.006,-0.017,0.039,-1.46,2.38,27.53
508690.828000,1.035,-0.077,-0.011,-6.38,-11.69,24.6
508690.875000,0.988,-0.118,0.123,-16.97,7.63,8.45
508690.921000,1.031,-0.113,-0.026,-17.94,4.55,6.71
508690.968000,0.959,-0.14,0.16,-20.02,13.15,0.73
508691.015000,0.986,-0.135,0.065,-15.2,1.04,7.51
508691.062000,0.955,-0.133,0.17,-21.18,16.66,-0.43
508691.109000,0.937,-0.134,0.111,-6.47,6.68,16.82
508691.156000,0.971,-0.166,0.146,-10.74,12.24,5.34
508691.203000,0.914,-0.133,0.176,-17.33,-1.86,-4.09
508691.250000,0.967,-0.139,0.154,-3.2,3.14,-0.4
508691.296000,0.948,-0.1,0.162,-8.64,-9.0,-1.1
508691.359000,1.008,-0.098,0.063,-11.17,6.04,-1.74
508691.406000,0.976,-0.097,0.145,-9.37,-0.21,0.21
508691.453000,0.984,-0.129,0.129,-6.32,-0.64,8.09
508691.500000,0.981,-0.149,0.122,-12.48,1.19,0.46
508691.546000,0.996,-0.148,0.092,-2.87,4.18,7.42
508691.593000,0.944,-0.145,0.172,-5.31,1.4,8.76
508691.640000,0.988,-0.145,0.105,-7.39,3.51,7.69
508691.687000,0.923,-0.174,0.179,-8.88,3.3,8.09
508691.734000,0.97,-0.205,0.089,-2.29,-4.82,13.98
508691.781000,0.951,-0.199,0.118,-8.15,5.22,0.37
508691.828000,0.964,-0.189,0.118,0.95,-0.49,4.0
508691.875000,0.964,-0.162,0.141,-5.34,2.75,-1.13
508691.937000,0.957,-0.186,0.117,0.85,-5.92,7.97
508691.984000,0.973,-0.193,0.131,-5.4,4.06,-1.86
508692.031000,0.959,-0.188,0.111,-2.01,-4.21,4.0
508692.078000,0.985,-0.198,0.103,-3.17,1.74,0.15
508692.125000,0.957,-0.168,0.148,-4.12,3.39,0.95
508692.171000,0.993,-0.177,0.089,-4.49,2.69,-0.09
508692.218000,0.968,-0.17,0.115,-6.78,5.28,3.14
508692.265000,0.959,-0.205,0.098,0.15,3.69,6.41
508692.312000,0.962,-0.203,0.121,-5.65,10.13,-3.39
508692.359000,0.946,-0.173,0.152,-0.92,2.62,5.04
508692.406000,0.954,-0.199,0.131,-6.59,4.76,2.14
508692.453000,0.98,-0.187,0.109,-1.25,-1.71,2.81
508692.500000,0.951,-0.189,0.139,-2.11,6.99,4.52
508692.546000,0.955,-0.208,0.112,-0.98,-5.37,5.68
508692.593000,0.955,-0.223,0.16,0.03,7.17,5.37
508692.640000,0.932,-0.222,0.146,1.65,-1.13,5.55
508692.687000,0.953,-0.236,0.131,2.44,-1.53,4.94
508692.734000,0.952,-0.229,0.154,1.53,4.67,-0.43
508692.781000,0.972,-0.211,0.107,-0.46,-1.92,2.69
508692.828000,0.942,-0.209,0.161,3.33,7.11,2.14
508692.875000,0.96,-0.207,0.116,4.76,-3.51,3.94
508692.921000,0.968,-0.193,0.166,0.55,5.31,-0.82
508692.968000,0.966,-0.205,0.11,5.01,-0.55,7.84
508693.015000,0.963,-0.203,0.152,-0.21,6.65,-0.34
508693.062000,0.998,-0.195,0.14,2.44,3.39,8.48
508693.109000,1.035,-0.243,0.194,7.26,8.94,16.08
508693.156000,1.127,-0.32,0.129,7.75,20.33,9.25
508693.203000,1.128,-0.58,0.26,23.07,36.5,10.68
508693.250000,1.0,-0.867,0.413,7.39,30.24,6.01
508693.296000,0.827,-1.209,0.259,22.77,4.82,47.61
508693.343000,0.378,-1.124,0.243,76.2,7.57,17.61
508693.390000,0.201,-0.555,0.17,60.4,-44.62,-51.42
508693.437000,-0.007,-0.352,0.086,98.09,-42.66,-10.9
508693.484000,0.054,0.067,-0.017,128.61,-102.24,-24.32
508693.531000,-0.041,0.261,-0.086,139.87,-113.68,3.27
508693.578000,0.012,0.223,-0.354,150.27,-140.72,14.74
508693.625000,0.002,0.281,-0.599,122.71,-133.55,-65.92
508693.671000,-0.037,0.249,-0.51,112.74,-153.32,-71.57
508693.718000,0.683,0.762,-1.239,121.98,-154.39,-53.44
508693.765000,0.968,1.024,-1.466,113.25,-165.75,57.19
508693.812000,0.539,0.632,-1.36,66.44,-128.42,216.41
508693.875000,0.601,0.239,-1.826,-108.04,-161.17,191.05
508693.921000,0.851,-0.643,-2.675,-124.52,-173.86,237.4
508693.968000,0.641,-0.838,-2.174,-196.63,-42.6,204.99
508694.015000,0.707,-1.291,-1.936,-90.64,49.59,287.67
508694.062000,0.599,-1.575,-1.523,-102.63,79.07,130.59
508694.109000,0.683,-1.565,-1.485,4.52,100.99,210.33
508694.156000,0.689,-1.474,-0.971,14.56,227.97,166.05
508694.203000,0.61,-1.283,-0.872,32.5,274.67,107.52
508694.250000,0.623,-1.45,-0.537,125.8,253.61,134.07
508694.296000,0.406,-1.429,-0.569,113.13,256.23,4.73
508694.343000,0.288,-1.548,-0.45,134.07,194.46,-25.51
508694.406000,0.052,-1.146,-0.002,77.33,124.67,-93.97
508694.453000,0.157,-1.12,-0.126,60.0,94.91,-97.78
508694.500000,0.02,-0.783,0.006,51.15,58.69,-86.43
508694.546000,0.022,-0.51,-0.036,35.31,38.61,-49.26
508694.593000,0.002,-0.333,0.181,76.75,38.21,-49.29
508694.640000,0.058,-0.238,0.215,35.98,-12.09,-55.09
508694.687000,0.118,-0.246,0.217,38.0,-34.7,-79.99
508694.734000,0.425,0.225,0.092,2.35,-52.58,-99.22
508694.781000,0.736,0.164,0.201,48.98,-52.98,-74.83
508694.828000,0.935,0.313,-0.049,9.58,-66.77,-53.47
508694.875000,0.978,0.383,0.0,83.99,-23.04,-22.52
508694.921000,1.098,0.539,0.057,34.12,-30.98,-17.06
508694.968000,1.087,0.374,0.144,25.88,-22.28,10.16
508695.015000,1.114,0.171,-0.038,-11.78,-53.65,19.68
508695.062000,1.053,-0.071,-0.022,-15.87,-11.63,17.15
508695.109000,1.003,-0.077,-0.038,-2.23,-26.12,14.44
508695.156000,1.024,-0.024,0.045,-7.45,4.43,-2.81
508695.203000,0.961,-0.096,0.111,4.97,-18.77,17.21
508695.250000,1.043,-0.101,-0.044,-2.11,-7.54,16.17
508695.296000,0.944,-0.15,0.087,-10.04,-5.86,11.17
508695.343000,0.994,-0.126,-0.032,-5.68,-10.5,8.73
508695.390000,0.992,-0.175,0.005,-19.26,-0.15,0.92
508695.437000,0.986,-0.167,0.02,-3.14,-1.89,5.62
508695.484000,0.986,-0.162,0.008,-8.88,2.17,1.1
508695.531000,0.957,-0.138,0.018,-1.07,3.78,1.71
508695.578000,0.977,-0.139,0.028,-14.13,-1.59,-4.85
508695.625000,0.963,-0.133,0.034,-3.75,4.0,3.14
508695.687000,0.981,-0.133,-0.007,-4.7,-3.05,4.94
508695.734000,0.954,-0.126,0.061,-7.02,6.68,0.18
508695.781000,0.965,-0.152,0.021,-9.09,-7.42,7.57
508695.828000,0.971,-0.144,0.036,-4.67,10.07,4.64
508695.875000,0.962,-0.193,0.025,-8.45,-10.59,15.38
508695.937000,0.984,-0.185,-0.016,-13.58,7.72,0.7
508695.984000,0.937,-0.226,0.025,-4.3,1.83,14.44
508696.031000,0.975,-0.248,-0.06,10.74,18.34,1.28
508696.078000,0.934,-0.205,0.111,3.33,27.19,-8.85
508696.125000,0.972,-0.185,0.055,-4.79,2.5,3.08
508696.171000,0.979,-0.213,0.063,-7.02,7.6,0.0
508696.218000,0.977,-0.189,0.055,-0.64,6.32,-2.78
508696.265000,0.97,-0.175,0.062,0.95,9.52,4.09
508696.312000,0.969,-0.169,0.025,-6.93,-10.32,-1.71
508696.359000,0.98,-0.18,0.047,-4.06,10.19,-3.69
508696.406000,0.96,-0.177,0.078,-5.62,-1.25,1.25
508696.453000,0.999,-0.183,0.012,-7.39,5.49,-3.54
508696.500000,0.947,-0.169,0.088,-2.75,0.79,1.1
508696.546000,0.983,-0.201,0.036,-4.67,3.48,-0.46
508696.593000,0.945,-0.181,0.12,-3.88,2.53,-2.01
508696.640000,0.982,-0.181,0.021,-4.61,5.68,2.66
508696.687000,0.927,-0.191,0.14,-0.09,2.41,-0.03
508696.734000,0.999,-0.163,-0.005,-5.28,-0.58,-1.13
508696.781000,0.945,-0.191,0.125,7.39,11.96,4.97
508696.828000,0.959,-0.189,0.114,0.49,-7.66,3.94
508696.875000,1.003,-0.181,0.027,-7.97,3.88,-2.38
508696.921000,0.973,-0.183,0.07,-1.01,-6.5,6.9
508696.968000,0.984,-0.178,0.034,-6.1,6.9,-1.53
508697.015000,0.942,-0.205,0.133,0.64,-6.62,8.12
508697.062000,0.981,-0.196,0.043,-9.13,10.16,-0.82
508697.109000,0.92,-0.193,0.104,1.16,-6.74,9.46
508697.156000,0.996,-0.2,0.027,1.68,-1.1,4.64
508697.203000,0.93,-0.177,0.128,-6.07,3.63,-0.58
508697.250000,0.994,-0.191,0.01,0.06,-5.98,7.11
508697.296000,0.985,-0.188,0.126,-7.54,5.52,0.79
508697.343000,0.973,-0.195,0.065,1.34,4.79,12.7
508697.390000,0.945,-0.219,0.109,-0.55,4.85,12.79
508697.437000,0.981,-0.225,0.075,6.01,4.21,15.9
508697.484000,1.091,-0.146,0.063,-4.7,16.27,0.24
508697.531000,1.029,-0.155,0.167,-6.62,13.06,12.21
508697.578000,1.018,-0.276,0.107,-5.31,19.9,29.39
508697.640000,0.828,-0.585,0.254,1.01,9.06,39.49
508697.687000,0.73,-1.267,0.41,-5.13,13.73,39.92
508697.750000,0.661,-1.519,-0.327,42.82,-75.29,-4.36
508697.796000,0.414,-0.822,-0.254,118.78,28.35,-81.36
508697.843000,0.256,-0.105,-0.099,147.07,-6.47,-84.99
508697.890000,0.076,0.037,-0.097,149.85,-21.06,-75.81
508697.937000,0.277,0.512,-0.196,119.08,-54.35,-116.82
508697.984000,-0.007,0.444,0.013,191.63,-50.42,7.11
508698.031000,0.257,0.217,-0.104,158.02,-129.46,19.04
508698.078000,-0.018,0.357,-0.419,134.5,-116.28,15.78
508698.125000,0.467,0.5,-0.867,89.27,-184.76,-19.23
508698.171000,0.677,0.766,-1.068,95.92,-158.39,36.1
508698.218000,0.381,0.503,-1.125,72.82,-159.83,162.51
508698.265000,0.305,0.568,-1.67,-50.9,-183.05,188.09
508698.312000,0.552,0.086,-2.552,-166.94,-269.57,201.36
508698.359000,0.483,-0.301,-2.527,-154.97,-82.74,266.21
508698.406000,0.576,-0.797,-2.5,-160.65,-90.88,328.71
508698.453000,0.325,-1.263,-1.888,-51.36,120.98,293.5
508698.515000,0.654,-1.149,-1.802,-72.36,156.38,171.82
508698.562000,0.648,-1.031,-1.291,32.81,231.85,235.94
508698.609000,0.478,-1.201,-1.707,74.5,315.56,184.12
508698.656000,0.105,-1.485,-0.827,122.87,327.71,147.13
508698.703000,0.245,-1.529,-0.865,152.2,255.41,45.78
508698.750000,-0.052,-1.548,-0.478,158.06,239.17,-34.09
508698.796000,0.003,-1.397,-0.076,92.17,158.3,-109.65
508698.843000,0.01,-1.189,-0.318,118.93,98.51,-87.34
508698.890000,0.063,-0.936,-0.107,75.26,59.36,-94.06
508698.937000,-0.054,-0.632,0.026,119.72,63.75,-56.09
508698.984000,-0.013,-0.275,0.152,58.23,0.89,-85.54
508699.046000,-0.163,-0.128,0.194,46.33,-7.42,-26.4
508699.093000,0.011,-0.093,0.253,69.95,-74.34,-68.0
508699.140000,-0.031,0.102,0.237,19.35,-86.64,-87.86
508699.187000,0.663,0.24,-0.032,13.03,-127.99,-106.91
508699.234000,1.229,0.58,-0.349,8.21,-68.15,-94.82
508699.281000,1.221,0.83,0.008,22.43,3.48,-34.15
508699.328000,1.146,0.506,0.008,24.96,-24.99,43.12
508699.390000,0.979,0.147,0.107,-9.83,-27.38,48.71
508699.437000,0.999,-0.131,-0.009,-12.02,-7.23,26.15
508699.484000,0.88,-0.141,0.114,-17.94,-12.57,9.55
508699.531000,1.007,-0.149,-0.032,-5.37,-6.9,15.75
508699.578000,0.966,-0.214,0.087,-11.47,-15.02,4.76
508699.625000,1.025,-0.215,-0.049,-1.89,-9.46,10.19
508699.671000,1.006,-0.189,0.035,-10.59,-3.97,-1.46
508699.718000,0.976,-0.216,0.01,2.14,0.27,9.37
508699.765000,0.98,-0.157,0.033,-11.63,-0.43,-7.29
508699.812000,0.956,-0.167,0.057,3.2,3.69,0.49
508699.859000,0.977,-0.13,0.06,-9.28,1.98,-6.62
508699.906000,0.999,-0.116,0.025,-7.6,-0.34,1.1
508699.953000,0.99,-0.177,0.03,-8.09,-1.62,8.39
508700.000000,0.988,-0.2,0.036,-10.04,2.53,3.27
508700.046000,0.986,-0.181,0.023,-18.62,2.81,-3.27
508700.093000,0.943,-0.195,0.067,-11.87,3.39,2.2
508700.140000,0.949,-0.212,0.023,-7.48,3.66,2.72
508700.187000,0.918,-0.206,0.093,2.23,4.64,-1.22
508700.234000,0.953,-0.177,0.057,-1.43,1.4,-0.73
508700.281000,0.96,-0.187,0.067,3.78,-7.72,7.78
508700.328000,1.002,-0.209,0.02,3.69,-7.75,8.55
508700.375000,1.005,-0.183,0.041,-2.29,1.1,0.34
508700.421000,0.999,-0.215,0.02,8.18,0.82,7.63
508700.468000,0.98,-0.206,0.056,3.33,7.02,-1.56
508700.515000,0.959,-0.208,0.05,11.75,11.51,4.36
508700.562000,0.949,-0.179,0.077,-0.98,5.04,-4.18
508700.609000,0.97,-0.173,0.056,5.95,4.18,1.22
508700.656000,0.942,-0.174,0.104,-3.94,-0.49,0.82
508700.703000,0.978,-0.184,0.023,-4.06,2.04,-2.41
508700.750000,0.958,-0.188,0.083,-9.03,7.84,0.4
508700.796000,0.973,-0.197,0.073,-1.74,-3.45,1.8
508700.843000,0.973,-0.176,0.075,-3.23,9.28,1.74
508700.890000,0.942,-0.185,0.124,-2.84,-8.36,3.72
508700.937000,0.947,-0.209,0.089,-5.8,16.85,1.59
508700.984000,0.945,-0.234,0.117,-2.08,-11.2,3.54
508701.031000,1.006,-0.172,-0.03,-8.51,5.86,-5.95
508701.078000,0.944,-0.203,0.102,2.08,-4.21,5.52
508701.125000,0.978,-0.177,0.045,-2.81,7.75,-3.05
508701.171000,0.956,-0.16,0.078,-1.07,-2.17,2.47
508701.218000,0.965,-0.179,0.06,-3.72,7.23,3.39
508701.265000,0.937,-0.203,0.108,0.55,-0.31,6.1
508701.312000,0.959,-0.203,0.031,-5.49,-0.98,1.83
508701.359000,0.953,-0.201,0.069,-3.63,-0.18,-1.59
508701.406000,0.963,-0.195,0.087,4.67,1.37,3.36
508701.453000,0.975,-0.172,0.07,-3.94,1.5,-0.85
508701.500000,1.003,-0.201,0.044,2.01,1.68,7.08
508701.546000,0.981,-0.201,0.075,0.21,4.12,5.04
508701.593000,0.965,-0.235,0.068,-0.67,1.13,11.14
508701.640000,0.993,-0.273,0.041,3.23,1.22,10.1
508701.687000,0.985,-0.225,0.095,11.54,12.57,3.33
508701.750000,0.997,-0.339,0.151,12.05,7.69,15.23
508701.796000,1.011,-0.592,0.108,18.59,1.5,21.33
508701.843000,0.973,-0.621,0.094,20.91,9.13,1.98
508701.890000,0.963,-0.596,0.075,37.11,14.31,1.95
508701.937000,0.92,-0.599,0.108,64.36,14.47,0.98
508701.984000,0.826,-0.378,0.155,64.12,18.92,-25.27
508702.031000,0.833,-0.146,-0.036,69.19,-2.53,-16.05
508702.078000,0.83,-0.031,0.107,80.39,21.21,-21.27
508702.125000,0.917,0.064,0.25,59.14,2.17,-48.04
508702.171000,0.802,-0.082,0.306,49.38,-5.58,3.81
508702.218000,0.853,-0.276,0.187,62.38,-29.91,14.8
508702.265000,1.05,0.362,-0.073,33.54,6.41,-62.04
508702.312000,1.115,0.548,0.087,57.68,13.43,-15.26
508702.359000,1.038,0.51,0.167,-1.37,21.18,-6.01
508702.406000,0.969,0.138,0.262,2.9,-1.62,32.32
508702.453000,0.919,-0.036,0.23,-36.9,3.36,6.78
508702.515000,0.869,-0.063,0.219,-25.85,-4.12,13.76
508702.562000,0.865,-0.084,0.251,-25.73,0.85,11.57
508702.609000,0.852,-0.084,0.275,-29.3,-8.21,8.76
508702.656000,0.982,-0.031,0.184,-40.86,-8.15,-4.46
508702.703000,0.967,0.005,0.199,-41.87,-2.2,7.93
508702.750000,0.918,0.003,0.207,-51.97,-6.13,15.5
508702.796000,0.951,-0.11,0.172,-55.73,-4.52,22.58
508702.843000,0.899,-0.152,0.183,-62.96,-18.16,13.7
508702.890000,0.898,-0.28,0.134,-53.32,-14.89,29.42
508702.937000,0.919,-0.348,0.149,-56.03,-14.25,12.45
508702.984000,0.967,-0.381,0.066,-42.36,-15.29,21.73
508703.031000,0.964,-0.438,0.068,-38.79,-17.49,15.38
508703.078000,1.0,-0.443,0.008,-23.83,-2.23,10.93
508703.125000,0.923,-0.422,0.115,-19.9,-7.39,5.28
508703.171000,0.975,-0.4,0.011,-18.98,-7.29,1.56
508703.218000,0.968,-0.39,0.092,-15.32,2.56,-4.58
508703.265000,0.986,-0.365,0.019,-11.75,-8.97,-1.04
508703.312000,0.955,-0.321,0.057,-7.48,9.43,-3.36
508703.359000,0.907,-0.335,0.094,-2.44,-7.17,5.65
508703.406000,0.947,-0.293,0.022,-5.25,11.2,-10.35
508703.453000,0.916,-0.277,0.115,-1.71,-5.74,-1.5
508703.500000,0.961,-0.28,0.015,-4.03,2.53,-3.85
508703.546000,0.931,-0.266,0.102,-3.72,-2.56,-3.48
508703.593000,0.988,-0.262,-0.013,-2.04,0.82,-3.36
508703.640000,0.942,-0.268,0.078,0.79,4.43,-1.43
508703.687000,0.953,-0.25,0.031,-2.17,0.61,-1.95
508703.734000,0.932,-0.249,0.075,-0.21,1.98,-0.79
508703.781000,0.945,-0.259,0.073,-4.12,-2.93,1.28
508703.828000,0.965,-0.274,0.039,-5.1,1.74,0.85
508703.875000,0.942,-0.27,0.064,-0.21,-4.67,4.46
508703.921000,0.961,-0.28,0.042,-6.5,5.43,-1.5
508703.968000,0.938,-0.283,0.079,-2.72,-0.98,0.55
508704.015000,0.932,-0.263,0.036,-2.04,-3.88,4.03
508704.062000,0.921,-0.296,0.066,-1.22,-0.27,1.34
508704.109000,0.942,-0.275,0.045,-3.33,-2.32,-1.86
508704.156000,0.954,-0.264,0.055,0.15,2.75,0.95
508704.203000,0.948,-0.274,0.041,-2.17,-3.39,2.35
508704.250000,0.946,-0.281,0.057,-3.51,2.2,0.67
508704.296000,0.942,-0.288,0.024,-2.08,-6.07,2.75
508704.343000,0.953,-0.291,0.025,-5.04,3.51,-2.11
508704.390000,0.941,-0.277,0.066,-2.84,-2.17,1.07
508704.437000,0.964,-0.285,0.016,-3.91,2.41,-0.15
508704.484000,0.941,-0.286,0.072,-0.98,4.3,2.11
508704.531000,0.954,-0.274,0.002,-4.46,0.21,0.98
508704.578000,0.923,-0.288,0.058,-4.73,2.59,0.79
508704.625000,0.938,-0.288,0.036,-4.43,-3.02,-0.4
508704.671000,0.928,-0.283,0.055,-1.89,2.59,0.85
508704.718000,0.935,-0.297,0.017,-0.37,-6.9,0.7
508704.765000,0.947,-0.283,0.024,-2.87,4.36,-2.78
508704.812000,0.94,-0.284,0.039,1.28,-7.84,4.79
508704.859000,0.974,-0.276,-0.013,-4.0,4.27,-5.16
508704.906000,0.942,-0.276,0.05,1.1,-0.98,3.45
508704.953000,0.955,-0.305,-0.01,-2.2,0.37,1.34
508705.000000,0.939,-0.291,0.039,-1.22,0.73,0.34
508705.046000,0.937,-0.291,0.009,-0.03,0.34,1.28
508705.093000,0.952,-0.304,0.02,-1.77,2.87,-1.53
508705.140000,0.922,-0.267,0.045,-2.44,-1.86,0.06
508705.187000,0.955,-0.282,-0.005,-2.29,2.84,0.18
508705.234000,0.924,-0.293,0.066,-0.37,0.0,0.76
508705.281000,0.949,-0.271,-0.002,-2.9,-0.7,-2.47
508705.328000,0.931,-0.297,0.04,-0.55,0.89,1.83
508705.375000,0.965,-0.274,0.007,-0.58,1.37,-3.33
508705.421000,0.943,-0.282,0.043,1.71,1.28,5.31
508705.468000,0.956,-0.296,0.001,-3.02,4.0,-3.3
508705.515000,0.949,-0.272,0.044,1.01,7.48,-1.16
508705.562000,0.961,-0.303,0.029,-0.12,5.68,2.2
508705.609000,0.932,-0.267,0.048,1.37,6.41,-1.04
508705.656000,0.913,-0.29,0.057,-0.64,2.32,2.23
508705.703000,0.931,-0.291,0.029,-0.85,1.16,0.27
508705.750000,0.917,-0.281,0.064,0.98,1.25,-1.04
508705.796000,0.951,-0.29,0.028,-2.38,-2.5,-1.07
508705.843000,0.952,-0.275,0.038,-0.82,1.56,-1.1
508705.906000,0.951,-0.286,0.032,-1.37,-2.29,-0.12
508705.953000,0.961,-0.266,0.029,-1.89,2.41,0.92
508706.000000,0.935,-0.3,0.045,-0.55,-3.75,2.32
508706.046000,0.958,-0.279,0.006,-4.43,2.59,-2.08
508706.093000,0.927,-0.271,0.065,-0.03,-0.67,6.1
508706.140000,0.952,-0.287,-0.008,-4.18,-2.35,2.9
508706.187000,0.928,-0.306,0.058,-0.46,3.36,5.77
508706.234000,0.941,-0.329,0.013,-4.0,-5.68,2.14
508706.281000,0.949,-0.322,0.03,-1.22,1.46,0.64
508706.328000,0.92,-0.314,0.052,-0.31,-3.36,2.04
508706.375000,0.951,-0.285,0.023,-4.79,-0.12,-3.75
508706.421000,0.942,-0.313,0.028,-0.37,-0.37,4.85
508706.468000,0.944,-0.299,-0.009,-4.09,-0.92,-0.03
508706.515000,0.936,-0.323,0.042,-0.4,4.06,3.66
508706.562000,0.944,-0.329,-0.007,-3.17,-2.72,-0.06
508706.609000,0.924,-0.328,0.054,1.43,5.07,1.04
508706.656000,0.936,-0.312,0.005,-2.53,-0.46,-2.44
508706.703000,0.933,-0.316,0.018,1.92,1.56,-1.04
508706.750000,0.928,-0.278,0.01,2.08,0.98,-4.0
508706.796000,0.924,-0.249,0.045,1.37,3.2,-0.95
508706.843000,0.96,-0.268,0.03,1.13,1.71,0.92
508706.890000,0.973,-0.275,0.062,-1.43,8.0,1.5
508706.937000,0.967,-0.348,0.102,-1.37,3.72,8.82
508706.984000,0.934,-0.471,0.183,1.74,-0.73,16.27
508707.031000,0.983,-0.743,0.082,11.69,-5.43,16.75
508707.078000,0.986,-0.837,0.063,16.69,-0.82,7.26
508707.125000,0.948,-0.951,-0.058,41.38,-9.19,19.01
508707.171000,0.754,-0.901,-0.125,70.22,1.28,-17.94
508707.218000,0.693,-0.649,-0.056,100.53,9.13,-39.86
508707.265000,0.554,-0.317,0.072,118.17,-2.62,-31.92
508707.312000,0.485,-0.192,0.102,116.0,-24.08,-27.89
508707.359000,0.338,-0.117,0.065,113.74,-44.28,-17.0
508707.406000,0.51,-0.018,-0.026,121.89,-72.02,-24.72
508707.453000,0.137,0.046,0.029,126.07,-77.33,23.38
508707.500000,0.366,0.032,-0.116,125.06,-123.54,18.31
508707.546000,0.199,-0.007,-0.172,91.22,-126.41,27.65
508707.593000,0.4,0.015,-0.465,74.01,-139.87,-23.44
508707.640000,0.381,0.215,-0.469,13.4,-131.14,-77.3
508707.687000,0.519,0.295,-0.739,50.33,-142.4,2.08
508707.734000,0.571,0.555,-1.394,2.99,-195.99,3.23
508707.781000,0.139,0.464,-1.321,6.9,-188.91,151.04
508707.828000,0.403,0.145,-2.055,-33.48,-231.88,162.94
508707.890000,0.202,-0.006,-1.949,-101.78,-135.26,172.19
508707.937000,0.437,-0.38,-2.198,-70.16,-75.9,222.33
508707.984000,0.381,-0.769,-1.933,-94.06,-49.26,223.64
508708.031000,0.457,-1.295,-1.689,-18.86,79.9,283.97
508708.078000,0.426,-0.99,-1.508,16.14,121.83,191.78
508708.125000,0.405,-1.153,-1.349,3.97,198.25,196.23
508708.171000,0.343,-1.113,-1.109,79.07,195.29,169.35
508708.218000,0.352,-1.224,-0.967,112.43,218.82,144.57
508708.281000,0.302,-1.295,-0.725,107.67,241.83,62.62
508708.328000,0.348,-1.238,-0.756,107.79,184.24,-13.98
508708.375000,0.211,-1.298,-0.382,110.29,200.54,-10.38
508708.421000,0.154,-1.203,-0.381,134.5,143.83,-12.36
508708.468000,0.105,-1.044,-0.113,101.87,119.36,-70.77
508708.515000,0.17,-0.835,-0.064,120.88,85.85,-5.77
508708.562000,0.157,-0.857,0.067,148.38,82.09,7.42
508708.609000,0.076,-0.647,0.05,151.04,70.59,24.96
508708.656000,-0.056,-0.693,0.292,132.05,7.05,-10.25
508708.703000,-0.129,-0.391,0.402,134.37,-6.59,-16.57
508708.750000,0.006,-0.296,0.382,121.16,-78.95,-39.4
508708.796000,0.092,-0.006,0.224,41.29,-104.74,-114.23
508708.843000,0.243,0.093,0.307,-13.58,-114.93,-171.7
508708.890000,0.31,0.263,0.223,-28.2,-122.68,-142.61
508708.937000,0.821,0.473,-0.006,-37.05,-124.3,-139.1
508708.984000,1.197,0.657,-0.175,-24.75,-99.43,-84.99
508709.031000,1.357,0.65,-0.133,7.14,-33.48,-22.49
508709.078000,1.307,0.52,-0.15,-28.9,-37.93,8.45
508709.125000,1.206,0.21,0.011,-33.17,-8.55,10.1
508709.171000,1.093,0.14,-0.047,-15.75,-24.69,30.3
508709.218000,1.056,-0.082,-0.043,-18.52,-4.09,32.81
508709.265000,0.984,-0.074,0.037,0.82,-1.8,22.98
508709.312000,0.972,-0.084,0.083,-11.81,11.44,14.89
508709.359000,0.973,-0.082,0.069,1.83,-0.89,20.91
508709.406000,0.93,-0.097,0.102,-10.71,6.41,18.92
508709.453000,0.947,-0.137,0.098,-2.44,1.04,16.63
508709.500000,0.942,-0.116,0.083,-15.56,1.8,3.11
508709.562000,0.958,-0.099,0.101,-7.02,4.49,2.04
508709.609000,0.968,-0.133,0.093,-5.49,0.76,10.9
508709.656000,0.97,-0.1,0.124,-17.0,1.62,-2.17
508709.703000,0.994,-0.168,0.105,-9.09,3.05,9.34
508709.765000,0.959,-0.145,0.137,-11.32,3.08,3.3
508709.812000,0.943,-0.178,0.136,-10.9,-1.19,12.97
508709.875000,0.944,-0.157,0.112,-8.97,4.18,1.83
508709.921000,0.97,-0.177,0.098,-0.7,-4.33,13.79
508709.968000,0.949,-0.169,0.096,-6.71,2.56,4.09
508710.015000,0.961,-0.203,0.106,-9.77,-11.99,3.08
508710.062000,0.98,-0.18,0.049,-3.88,8.21,1.28
508710.109000,0.96,-0.182,0.102,-4.12,-3.88,6.38
508710.156000,0.966,-0.215,0.082,0.55,0.67,7.29
508710.203000,0.969,-0.228,0.108,-3.88,0.73,0.98
508710.250000,0.972,-0.165,0.082,-2.9,6.04,5.13
508710.296000,0.965,-0.227,0.099,2.11,-4.33,8.42
508710.343000,0.986,-0.182,0.038,-4.18,1.1,2.2
508710.390000,0.939,-0.235,0.135,-1.62,1.1,5.43
508710.437000,0.979,-0.187,0.063,-7.6,0.92,-1.86
508710.484000,0.951,-0.201,0.099,1.4,5.07,5.68
508710.531000,0.98,-0.206,0.078,-5.55,-1.56,-2.14
508710.578000,0.971,-0.196,0.089,-2.69,5.95,2.75
508710.625000,0.939,-0.219,0.105,-2.81,0.76,5.52
508710.671000,0.965,-0.2,0.082,-8.39,8.48,-3.23
508710.718000,0.933,-0.219,0.145,-0.12,1.19,7.29
508710.765000,0.991,-0.202,0.064,-5.13,6.96,-0.43
508710.812000,0.938,-0.21,0.162,-3.6,7.63,6.9
508710.859000,0.949,-0.236,0.095,-6.04,-6.56,8.33
508710.906000,0.946,-0.246,0.081,-6.29,7.14,3.57
508710.953000,0.958,-0.263,0.133,-3.81,2.04,3.81
508711.000000,0.979,-0.225,0.057,-4.39,6.84,1.83
508711.046000,0.95,-0.266,0.125,-1.22,1.4,7.14
508711.093000,0.989,-0.258,0.084,-6.26,13.4,-1.71
508711.140000,0.93,-0.268,0.151,-0.15,14.19,6.81
508711.187000,0.986,-0.314,0.096,-1.77,10.86,-2.96
508711.234000,0.902,-0.283,0.174,-0.06,15.47,-6.35
508711.281000,0.925,-0.271,0.159,0.76,-0.82,-5.86
508711.328000,0.895,-0.24,0.217,-2.17,9.22,-10.38
508711.375000,0.92,-0.229,0.218,-3.63,-9.95,-1.16
508711.421000,0.964,-0.218,0.148,-3.14,-2.72,-2.08
508711.468000,0.942,-0.211,0.159,6.26,-14.31,0.73
508711.515000,1.002,-0.197,0.079,-4.39,6.01,-3.11
508711.562000,0.949,-0.215,0.185,-13.4,-4.06,4.0
508711.609000,0.905,-0.243,0.154,-15.35,6.74,8.27
508711.656000,0.937,-0.29,0.087,-16.36,-5.74,8.64
508711.703000,0.918,-0.271,0.124,-19.01,3.66,-5.95
508711.750000,0.963,-0.202,0.02,-11.6,-11.6,5.25
508711.796000,1.006,-0.182,0.063,-8.33,1.77,3.81
508711.843000,1.004,-0.161,0.064,-4.27,3.81,10.44
508711.890000,0.973,-0.158,0.055,-11.02,9.92,6.84
508711.937000,0.977,-0.245,0.11,-10.5,3.69,18.31
508711.984000,0.964,-0.274,0.113,-19.56,7.81,10.68
508712.031000,1.012,-0.406,0.064,-8.3,2.32,34.79
508712.093000,1.066,-0.593,0.062,-8.7,20.14,13.64
508712.140000,0.951,-0.714,0.123,-35.83,20.11,-14.77
508712.187000,0.926,-0.836,0.04,23.62,23.29,13.09
508712.234000,0.916,-0.872,0.163,27.01,15.38,4.94
508712.281000,0.641,-0.935,0.147,54.23,7.75,18.07
508712.328000,0.429,-0.774,0.188,74.98,-4.61,-5.58
508712.375000,0.082,-0.535,0.276,44.37,-12.94,-61.25
508712.421000,0.214,-0.268,0.079,108.71,-72.3,-63.42
508712.468000,0.09,-0.094,0.072,134.83,-57.92,-47.55
508712.515000,0.278,0.238,-0.049,137.52,-101.81,-54.99
508712.562000,0.143,0.073,-0.163,112.67,-124.45,-41.87
508712.609000,0.132,0.088,-0.367,81.91,-110.84,-88.26
508712.656000,0.348,0.362,-0.629,113.04,-134.13,-97.54
508712.718000,0.373,0.438,-0.712,130.07,-116.67,-28.57
508712.765000,0.292,0.731,-0.744,137.15,-136.54,63.23
508712.812000,0.06,0.819,-1.468,88.69,-182.87,131.14
508712.859000,0.355,0.63,-1.599,-36.1,-251.63,97.26
508712.906000,0.431,0.547,-2.395,-36.04,-190.92,180.82
508712.953000,0.186,0.178,-2.385,-89.08,-166.3,259.59
508713.000000,0.555,-0.617,-2.508,-85.88,-90.06,297.8
508713.046000,0.555,-0.734,-2.497,-102.97,-3.54,206.76
508713.093000,0.624,-1.101,-2.061,-74.95,128.03,270.97
508713.140000,0.426,-1.266,-1.47,3.05,163.15,278.24
508713.187000,0.361,-1.336,-1.541,12.7,225.96,234.99
508713.234000,0.217,-1.249,-0.711,63.81,223.85,149.3
508713.281000,0.336,-1.173,-1.027,14.5,207.19,26.98
508713.328000,0.388,-1.231,-0.719,57.65,169.04,14.04
508713.375000,0.415,-1.19,-0.734,36.65,155.77,-22.4
508713.421000,0.448,-1.059,-0.671,88.72,142.49,-34.33
508713.468000,0.291,-0.811,-0.515,60.27,129.06,-38.79
508713.515000,0.331,-0.784,-0.379,93.91,115.91,-16.85
508713.562000,0.137,-0.63,-0.131,81.0,94.42,12.12
508713.609000,0.083,-0.636,-0.113,146.34,68.54,42.76
508713.656000,0.091,-0.54,0.022,154.52,23.22,58.08
508713.703000,-0.022,-0.59,0.226,174.05,-23.77,50.97
508713.750000,0.19,-0.376,-0.086,148.23,-64.88,-1.56
508713.796000,0.236,-0.325,0.239,139.68,-39.64,3.66
508713.843000,0.573,0.279,-0.057,71.38,-92.62,-100.53
508713.890000,0.783,0.233,0.207,-53.62,-69.03,-136.17
508713.937000,1.353,0.527,-0.296,-7.84,-74.47,-79.07
508713.984000,1.077,0.28,0.003,-8.33,-29.91,-20.69
508714.031000,1.156,0.144,-0.083,-16.72,-44.43,-14.83
508714.078000,1.043,-0.025,0.148,-35.83,-14.28,-4.67
508714.125000,1.165,-0.197,-0.051,-30.06,-36.41,7.78
508714.171000,1.072,-0.177,-0.088,-32.56,-18.98,9.98
508714.218000,1.042,-0.286,-0.06,-13.43,-6.38,24.93
508714.265000,0.99,-0.264,-0.018,-29.02,5.83,-10.01
508714.312000,0.951,-0.259,0.074,-42.33,7.26,-10.56
508714.359000,1.009,-0.257,-0.017,-5.07,11.02,11.2
508714.406000,0.928,-0.286,0.134,-24.51,31.89,-11.29
508714.453000,0.946,-0.225,0.067,-12.15,-8.3,-0.58
508714.500000,0.918,-0.256,0.11,-11.63,15.17,-8.61
508714.546000,0.941,-0.224,0.077,-14.92,-7.63,-6.32
508714.593000,0.958,-0.217,0.093,-9.31,8.94,-5.55
508714.640000,0.976,-0.193,0.058,-6.32,-5.04,7.2
508714.687000,0.958,-0.225,0.085,-9.16,2.53,0.52
508714.734000,0.962,-0.239,0.049,-7.87,3.75,5.46
508714.781000,0.94,-0.243,0.08,-16.82,0.43,-6.99
508714.828000,0.965,-0.218,0.036,-14.53,1.31,2.35
508714.875000,0.935,-0.262,0.101,-9.49,-1.04,4.7
508714.921000,0.961,-0.225,0.062,-12.7,-4.73,0.03
508714.968000,0.929,-0.268,0.108,-6.13,1.13,9.64
508715.015000,0.978,-0.303,0.002,-2.75,-4.03,3.6
508715.062000,0.928,-0.28,0.07,-5.65,3.97,0.12
508715.109000,0.962,-0.288,0.032,0.4,-3.39,2.9
508715.156000,0.935,-0.255,0.086,-0.34,3.6,-2.14
508715.203000,0.959,-0.275,0.046,-0.95,-6.56,1.25
508715.250000,0.949,-0.258,0.047,-2.14,3.97,-7.08
508715.296000,0.946,-0.246,0.062,3.42,-2.81,0.52
508715.343000,0.972,-0.239,0.045,3.17,3.14,-1.31
508715.390000,0.97,-0.215,0.049,-7.2,1.01,-6.04
508715.437000,0.937,-0.218,0.068,3.45,-2.53,4.27
508715.484000,0.965,-0.204,0.023,-5.28,2.72,-1.19
508715.531000,0.937,-0.227,0.079,1.04,0.27,3.72
508715.578000,0.963,-0.214,0.025,-6.01,-0.18,-1.71
508715.625000,0.945,-0.226,0.058,-3.85,-0.06,4.55
508715.671000,0.976,-0.241,-0.009,-6.1,-2.32,2.08
508715.718000,0.95,-0.224,0.066,-2.23,2.9,4.39
508715.765000,0.968,-0.235,0.009,-6.96,-5.25,4.73
508715.812000,0.963,-0.24,0.036,-6.53,6.2,1.46
508715.859000,0.933,-0.257,0.063,-5.49,-3.88,7.97
508715.906000,0.948,-0.267,0.031,-6.47,4.46,1.74
508715.953000,0.929,-0.288,0.056,-0.64,-2.78,9.89
508716.000000,0.949,-0.283,0.034,-6.44,2.87,1.28
508716.046000,0.937,-0.301,0.057,-1.86,-2.2,5.46
508716.093000,0.977,-0.295,-0.005,-6.32,1.16,-2.9
508716.140000,0.918,-0.277,0.073,-0.24,3.57,2.9
508716.187000,0.966,-0.284,0.004,-5.19,3.2,-2.66
508716.234000,0.923,-0.287,0.053,4.03,-1.37,9.58
508716.281000,0.953,-0.298,0.02,-4.15,-0.79,-2.9
508716.328000,0.943,-0.257,0.041,-0.49,2.5,-1.4
508716.375000,0.964,-0.266,0.003,-1.56,-2.17,1.07
508716.421000,0.924,-0.271,0.052,-0.4,1.13,2.41
508716.468000,0.944,-0.297,-0.005,-3.33,-4.55,3.36
508716.531000,0.937,-0.283,0.031,-0.79,3.66,-1.65
508716.578000,0.937,-0.282,0.03,-2.44,-3.63,1.13
508716.625000,0.973,-0.271,-0.01,-1.22,4.61,-1.1
508716.671000,0.924,-0.267,0.052,-0.7,-1.89,3.63
508716.718000,0.967,-0.294,-0.012,-2.29,-0.27,1.77
508716.765000,0.915,-0.277,0.059,-1.68,-0.18,2.01
508716.812000,0.954,-0.293,-0.003,-0.58,-2.69,1.98
508716.859000,0.928,-0.319,0.033,-2.44,0.95,4.43
508716.906000,0.959,-0.3,-0.011,-3.97,0.06,-1.71
508716.953000,0.941,-0.311,0.042,1.43,2.53,2.84
508717.000000,0.975,-0.29,-0.015,-5.77,-1.13,-2.01
508717.046000,0.934,-0.302,0.04,1.89,3.51,4.55
508717.093000,0.948,-0.297,0.008,-3.6,3.36,-0.89
508717.140000,0.93,-0.289,0.036,-0.55,3.17,0.58
508717.187000,0.936,-0.29,0.013,0.18,0.85,2.32
508717.234000,0.932,-0.28,0.03,-2.44,0.73,-0.76
508717.281000,0.939,-0.302,0.018,1.56,1.53,2.5
508717.328000,0.935,-0.274,0.017,-2.72,-1.16,-1.95
508717.375000,0.931,-0.279,0.039,-1.59,1.1,3.11
508717.421000,0.945,-0.291,0.025,-2.26,-3.27,3.02
508717.468000,0.967,-0.302,-0.01,-4.36,2.01,0.52
508717.515000,0.944,-0.314,0.026,0.34,0.0,5.25
508717.562000,0.969,-0.288,-0.002,-4.43,5.43,-4.15
508717.609000,0.933,-0.278,0.041,-2.59,2.11,4.24
508717.656000,0.939,-0.3,-0.005,-3.48,3.02,3.69
508717.703000,0.915,-0.323,0.038,-2.62,-0.34,3.85
508717.750000,0.918,-0.319,0.029,-1.4,1.59,4.24
508717.796000,0.934,-0.342,0.031,-4.03,-1.25,1.46
508717.843000,0.937,-0.338,0.014,-0.34,-0.09,2.08
508717.890000,0.936,-0.33,0.031,1.13,1.95,1.31
508717.937000,0.939,-0.343,0.012,2.41,-0.89,2.38
508717.984000,0.93,-0.308,0.016,0.46,2.5,-2.01
508718.031000,0.932,-0.333,0.037,0.49,-2.26,2.47
508718.078000,0.929,-0.304,0.028,-1.1,5.19,-3.57
508718.140000,0.927,-0.326,0.023,-0.21,-5.8,2.9
508718.187000,0.941,-0.295,-0.028,-3.75,-3.48,-1.86
508718.234000,0.926,-0.324,0.035,1.86,0.55,3.14
508718.281000,0.943,-0.313,0.004,-3.27,-0.15,-1.62
508718.328000,0.941,-0.321,0.016,1.62,2.47,3.27
508718.375000,0.932,-0.328,-0.006,-2.5,-0.58,-1.19
508718.421000,0.935,-0.319,0.03,-0.7,4.03,-0.73
508718.468000,0.921,-0.327,0.021,2.59,-1.34,3.33
508718.515000,0.932,-0.313,0.002,-3.66,1.95,-3.81
508718.562000,0.929,-0.32,0.052,-0.46,-0.92,1.19
508718.609000,0.942,-0.328,-0.015,-1.1,1.46,-1.25
508718.656000,0.928,-0.328,0.042,-1.62,-0.37,-0.43
508718.703000,0.939,-0.33,-0.013,2.23,2.66,-0.09
508718.750000,0.908,-0.307,0.053,-0.03,0.95,-2.96
508718.796000,0.946,-0.319,-0.014,1.31,0.09,-1.74
508718.843000,0.923,-0.296,0.051,0.61,2.41,-2.84
508718.890000,0.958,-0.314,-0.021,-0.52,-5.58,0.55
508718.937000,0.923,-0.301,0.044,0.34,2.75,-0.76
508718.984000,0.931,-0.315,0.021,-0.7,-3.54,0.43
508719.031000,0.94,-0.302,0.005,-1.07,3.48,-3.11
508719.078000,0.92,-0.309,0.024,1.8,-0.85,-0.52
508719.140000,0.923,-0.303,0.004,3.2,2.47,-6.01
508719.187000,0.923,-0.312,-0.011,9.16,-1.16,-5.01
508719.234000,0.915,-0.303,-0.008,19.5,5.43,-10.25
508719.281000,0.799,-0.31,-0.07,45.99,-4.49,-1.01
508719.328000,0.703,-0.322,-0.233,84.93,5.1,-0.61
508719.375000,0.521,-0.204,-0.283,133.95,-2.62,-4.27
508719.421000,0.462,-0.158,-0.045,171.48,-20.17,17.09
508719.468000,0.471,-0.126,-0.171,174.5,-49.2,16.17
508719.531000,0.482,-0.294,0.379,166.08,-60.37,53.07
508719.578000,0.862,-0.278,-0.017,60.3,-137.03,-7.2
508719.625000,0.733,-0.161,0.133,83.5,-64.79,11.78
508719.671000,0.916,-0.229,0.103,72.15,-62.17,78.71
508719.718000,1.358,-0.3,-0.143,14.95,-55.51,44.59
508719.765000,1.17,-0.219,-0.263,-37.39,-58.99,28.72
508719.812000,0.879,-0.308,-0.296,-34.61,-5.98,142.61
508719.859000,1.06,-0.764,-0.471,9.13,-29.63,183.05
508719.906000,0.845,-0.943,-0.225,-80.87,-8.03,125.06
508719.953000,0.678,-0.961,-0.236,-46.24,-13.95,138.49
508720.015000,0.559,-0.88,-0.247,-70.38,-1.31,103.37
508720.062000,0.487,-0.862,-0.307,-49.9,-5.04,57.68
508720.109000,0.496,-0.907,-0.348,-74.71,-31.25,38.7
508720.156000,0.466,-0.702,-0.52,-54.32,-32.84,31.98
508720.203000,0.359,-0.645,-0.508,-95.31,-46.88,44.68
508720.250000,0.354,-0.849,-0.763,-73.21,-50.54,87.89
508720.296000,0.233,-0.805,-0.75,-77.09,-44.56,73.79
508720.343000,0.12,-0.936,-0.916,-72.48,-45.78,59.39
508720.390000,0.075,-0.933,-0.814,-47.46,-30.67,62.72
508720.437000,0.01,-0.848,-0.868,-52.83,-41.14,34.46
508720.484000,0.061,-0.68,-0.797,-36.96,-23.65,21.58
508720.531000,-0.058,-0.6,-0.849,-20.57,-21.61,45.47
508720.578000,-0.033,-0.713,-0.765,-22.28,-8.48,67.32
508720.625000,-0.108,-0.706,-0.825,-11.69,-19.84,49.53
508720.687000,-0.113,-0.667,-0.723,-12.09,-18.07,32.35
508720.734000,-0.11,-0.662,-0.886,-4.12,-33.75,23.77
508720.781000,-0.188,-0.553,-0.716,-23.44,-41.78,-14.62
508720.828000,-0.2,-0.509,-0.825,-10.65,-46.91,-3.88
508720.875000,-0.264,-0.48,-0.758,1.92,-34.21,13.61
508720.921000,-0.276,-0.444,-0.779,7.39,-8.73,26.64
508720.968000,-0.266,-0.514,-0.699,22.22,-20.75,60.79
508721.015000,-0.237,-0.628,-0.823,15.05,-17.91,42.21
508721.062000,-0.307,-0.638,-0.781,3.14,-17.24,9.55
508721.109000,-0.301,-0.696,-0.934,-2.53,-13.89,-4.88
508721.156000,-0.319,-0.737,-0.808,5.77,10.07,-20.33
508721.203000,-0.361,-0.58,-0.816,34.64,26.67,1.59
508721.250000,-0.33,-0.61,-0.756,44.37,38.12,13.12
508721.296000,-0.31,-0.66,-0.687,26.83,33.63,15.9
508721.343000,-0.233,-0.812,-0.716,48.59,38.39,4.06
508721.390000,-0.301,-0.769,-0.672,44.98,27.47,-6.59
508721.437000,-0.21,-0.689,-0.642,45.9,25.73,-20.48
508721.484000,-0.301,-0.619,-0.598,34.42,21.67,-20.23
508721.531000,-0.245,-0.683,-0.574,27.77,15.11,-12.36
508721.578000,-0.172,-0.774,-0.611,16.57,9.61,-25.15
508721.625000,-0.169,-0.809,-0.603,24.51,-4.73,-26.58
508721.671000,-0.07,-0.88,-0.732,25.82,9.49,-44.98
508721.718000,-0.066,-0.896,-0.602,35.4,18.28,-42.51
508721.765000,0.031,-1.085,-0.648,48.07,24.38,-49.26
508721.812000,0.044,-1.075,-0.523,54.81,39.77,-73.58
508721.859000,0.126,-1.177,-0.516,82.31,22.31,-71.57
508721.906000,0.14,-1.095,-0.398,91.31,15.78,-101.6
508721.953000,0.15,-1.095,-0.297,100.74,-5.13,-96.35
508722.000000,0.237,-1.252,-0.214,112.43,-0.58,-96.8
508722.046000,0.27,-1.113,-0.108,115.85,-33.57,-125.92
508722.093000,0.399,-1.183,-0.03,124.09,-15.38,-122.84
508722.140000,0.371,-0.979,0.177,118.23,-37.75,-158.82
508722.187000,0.443,-0.991,-0.021,106.36,-57.56,-140.48
508722.234000,0.494,-0.741,0.095,104.92,-40.31,-161.02
508722.281000,0.522,-0.453,0.053,52.77,-50.26,-152.93
508722.328000,0.596,-0.387,-0.04,60.58,-26.09,-108.83
508722.375000,0.628,-0.141,0.044,-0.92,0.0,-99.77
508722.421000,0.688,-0.151,-0.101,22.0,-20.33,-15.29
508722.468000,0.603,-0.148,-0.023,-19.81,-12.7,-31.46
508722.515000,0.671,-0.326,-0.112,-6.93,-50.36,23.44
508722.562000,0.794,-0.355,-0.148,-32.11,-33.54,-18.68
508722.609000,0.902,-0.314,-0.027,-23.68,-22.06,-31.43
508722.656000,0.817,-0.071,-0.033,-52.67,-21.7,-60.49
508722.703000,0.795,0.024,-0.026,-63.75,-45.38,-38.45
508722.750000,0.732,-0.136,-0.346,-71.26,-79.13,3.2
508722.796000,1.0,-0.152,-0.69,-49.75,-70.83,8.27
508722.843000,0.951,-0.477,-0.479,-26.0,-48.31,41.78
508722.890000,0.981,-0.385,-0.586,-4.33,-2.14,-0.76
508722.937000,1.046,-0.244,-0.317,11.63,1.1,-14.07
508722.984000,1.066,-0.19,-0.327,12.7,19.44,9.8
508723.031000,1.078,-0.162,-0.362,0.34,9.83,0.06
508723.078000,0.99,-0.253,-0.316,5.52,29.6,4.79
508723.140000,0.875,-0.18,-0.321,-6.04,24.17,-7.48
508723.187000,0.868,-0.199,-0.248,-10.8,21.36,-11.05
508723.234000,0.801,-0.235,-0.195,-5.04,20.45,-1.77
508723.281000,0.791,-0.182,-0.177,-5.74,13.0,-9.7
508723.328000,0.864,-0.199,-0.139,-6.65,4.12,-6.87
508723.375000,0.867,-0.164,-0.125,-11.93,8.0,-1.01
508723.421000,0.945,-0.21,-0.205,-25.73,-13.03,-5.83
508723.468000,0.913,-0.188,-0.242,-16.27,3.63,-7.05
508723.515000,0.896,-0.178,-0.131,-33.88,-11.51,-24.57
508723.562000,0.898,-0.174,-0.268,-17.64,-6.96,-12.33
508723.625000,0.887,-0.148,-0.189,-25.39,-20.97,-15.14
508723.671000,0.985,-0.061,-0.381,-7.32,-7.32,-31.46
508723.734000,0.984,-0.062,-0.281,-1.59,-14.31,-2.44
508723.781000,0.947,-0.154,-0.254,3.85,-2.99,6.04
508723.828000,0.948,-0.137,-0.303,11.9,-12.42,0.09
508723.875000,0.937,-0.083,-0.334,8.15,-0.76,-4.09
508723.921000,0.929,-0.111,-0.282,10.93,2.53,-4.61
508723.968000,0.931,-0.048,-0.274,-0.46,0.21,-8.82
508724.015000,0.924,-0.026,-0.321,1.07,-6.07,-0.98
508724.062000,0.921,-0.055,-0.251,-7.17,-5.16,-2.56
508724.125000,0.9,-0.027,-0.283,-12.51,-4.7,1.43
508724.171000,0.939,-0.044,-0.391,-3.23,-10.77,1.95
508724.218000,0.896,-0.072,-0.287,0.34,-8.42,5.19
508724.265000,0.921,-0.072,-0.366,-0.49,-5.71,2.14
508724.312000,0.924,-0.113,-0.316,-1.25,-0.43,1.59
508724.359000,0.938,-0.071,-0.369,1.04,-1.65,-2.41
508724.406000,0.918,-0.09,-0.316,-6.56,-1.22,-0.52
508724.453000,0.944,-0.054,-0.34,-18.37,4.85,-2.29
508724.500000,0.9,-0.067,-0.28,-18.52,-9.43,7.57
508724.546000,0.888,-0.098,-0.315,-25.42,-5.95,3.78
508724.593000,0.918,-0.099,-0.407,-17.7,-13.67,-1.74
508724.640000,0.894,-0.1,-0.361,-1.4,-5.1,-5.16
508724.687000,0.938,-0.088,-0.446,6.47,2.11,-6.26
508724.734000,0.905,-0.088,-0.338,2.04,6.23,-8.58
508724.781000,0.943,-0.051,-0.385,8.61,5.46,-7.75
508724.828000,0.924,-0.084,-0.359,12.51,2.26,-3.91
508724.890000,0.848,-0.077,-0.265,7.45,12.6,-12.48
508724.937000,0.869,-0.052,-0.435,24.84,8.27,-29.63
508724.984000,0.79,-0.158,-0.318,26.64,10.28,-31.01
508725.031000,0.867,-0.338,-0.431,21.7,-6.96,-76.24
508725.078000,0.982,0.251,-0.516,33.94,18.95,-78.98
508725.125000,1.005,0.681,-0.298,29.42,18.59,-24.57
508725.171000,0.93,0.77,-0.374,-1.1,19.56,26.8
508725.218000,0.886,0.702,-0.426,-42.54,7.57,32.72
508725.265000,0.829,0.385,-0.483,-70.71,-5.86,47.46
508725.312000,0.792,0.27,-0.46,-84.05,0.34,48.22
508725.359000,0.851,0.169,-0.531,-104.07,-18.59,58.14
508725.406000,0.933,0.142,-0.563,-105.04,5.65,53.87
508725.453000,0.82,0.224,-0.587,-115.36,10.83,63.54
508725.500000,0.766,0.165,-0.583,-128.67,13.09,61.92
508725.546000,0.734,0.184,-0.589,-153.32,-2.01,63.33
508725.593000,0.851,-0.052,-0.808,-153.94,-8.24,90.95
508725.640000,0.825,-0.28,-0.626,-151.62,12.76,76.57
508725.687000,0.783,-0.45,-0.691,-152.04,0.98,66.93
508725.734000,0.952,-0.394,-0.685,-147.68,4.64,14.74
508725.781000,0.854,-0.106,-0.561,-111.36,40.35,27.68
508725.828000,0.811,0.043,-0.479,-127.9,21.27,24.87
508725.875000,0.732,0.121,-0.472,-115.7,34.73,61.01
508725.921000,0.681,-0.016,-0.5,-125.95,6.71,81.82
508725.968000,0.714,-0.177,-0.63,-135.53,7.51,65.92
508726.015000,0.756,-0.401,-0.6,-131.35,-3.05,91.83
508726.062000,0.751,-0.571,-0.599,-104.95,24.63,85.39
508726.109000,0.806,-0.592,-0.608,-98.27,25.85,79.44
508726.156000,0.714,-0.69,-0.295,-66.19,52.89,82.34
508726.203000,0.723,-0.637,-0.313,-74.4,15.47,45.47
508726.250000,0.764,-0.784,-0.292,-68.85,4.27,44.31
508726.296000,0.855,-0.837,-0.266,-24.93,11.81,31.34
508726.343000,0.856,-0.762,-0.256,-12.82,4.85,8.03
508726.390000,0.89,-0.589,-0.214,2.72,9.43,-5.13
508726.437000,0.877,-0.365,-0.229,1.62,2.81,-11.08
508726.484000,0.865,-0.365,-0.268,0.43,-2.23,-1.71
508726.531000,0.864,-0.345,-0.229,-0.98,-2.72,2.35
508726.578000,0.873,-0.292,-0.314,0.89,-1.8,4.43
508726.625000,0.839,-0.369,-0.24,10.38,-1.53,21.88
508726.671000,0.893,-0.345,-0.363,-2.72,-9.92,-8.18
508726.718000,0.882,-0.318,-0.269,7.42,-3.94,1.5
508726.765000,0.909,-0.339,-0.361,1.43,-5.58,-1.13
508726.812000,0.91,-0.331,-0.27,8.09,-1.53,2.78
508726.859000,0.869,-0.297,-0.345,4.67,-1.89,0.52
508726.906000,0.877,-0.376,-0.269,5.25,-1.13,12.21
508726.953000,0.889,-0.336,-0.351,1.62,3.66,-8.48
508727.000000,0.862,-0.349,-0.283,5.71,0.0,5.77
508727.046000,0.876,-0.323,-0.286,1.98,0.82,-4.18
508727.109000,0.876,-0.328,-0.286,2.62,-1.62,1.53
508727.156000,0.873,-0.323,-0.313,3.97,3.27,-2.99
508727.203000,0.876,-0.339,-0.315,1.83,-1.16,-0.4
508727.250000,0.858,-0.332,-0.268,1.19,1.16,3.57
508727.296000,0.853,-0.344,-0.273,0.4,-1.37,0.27
508727.343000,0.851,-0.357,-0.271,0.34,3.27,0.37
508727.390000,0.871,-0.357,-0.266,0.15,-1.65,0.82
508727.453000,0.87,-0.341,-0.275,-0.58,-2.62,-1.65
508727.500000,0.881,-0.34,-0.291,2.01,-0.24,4.09
508727.546000,0.875,-0.344,-0.283,-2.32,-2.53,-2.29
508727.593000,0.88,-0.359,-0.297,1.95,-1.43,3.97
508727.640000,0.859,-0.345,-0.282,-1.1,2.44,-0.15
508727.687000,0.871,-0.345,-0.31,3.05,-1.77,4.12
508727.734000,0.9,-0.409,-0.32,-2.04,-5.68,-2.08
508727.781000,0.881,-0.343,-0.294,4.79,5.28,-3.51
508727.828000,0.861,-0.325,-0.292,0.95,0.58,-5.62
508727.875000,0.851,-0.323,-0.256,-0.18,0.73,-1.56
508727.921000,0.886,-0.315,-0.324,-1.22,-0.34,-0.95
508727.984000,0.856,-0.359,-0.29,1.1,0.43,1.59
508728.031000,0.873,-0.398,-0.307,0.46,-1.13,0.06
508728.078000,0.876,-0.383,-0.281,3.66,3.88,-3.91
508728.125000,0.9,-0.402,-0.326,8.67,2.41,-1.53
508728.171000,0.899,-0.411,-0.28,14.62,4.39,-1.4
508728.218000,0.894,-0.387,-0.321,18.98,9.0,-7.78
508728.265000,0.896,-0.373,-0.282,22.52,9.16,-4.7
508728.312000,0.846,-0.265,-0.175,11.26,9.67,-5.49
508728.359000,0.905,-0.395,-0.309,12.54,0.85,-2.11
508728.406000,0.843,-0.331,-0.184,14.25,5.74,-5.89
508728.453000,0.893,-0.347,-0.265,18.71,6.81,-6.56
508728.500000,0.878,-0.34,-0.217,14.59,-2.41,-2.93
508728.546000,0.914,-0.273,-0.193,11.08,8.33,-8.61
508728.593000,0.901,-0.296,-0.216,5.65,-5.52,3.94
508728.640000,0.917,-0.305,-0.232,2.81,0.21,1.1
508728.687000,0.891,-0.355,-0.229,2.93,-6.1,10.44
508728.734000,0.887,-0.354,-0.23,-0.58,0.85,-0.98
508728.781000,0.881,-0.313,-0.201,-0.43,1.01,-2.11
508728.828000,0.899,-0.355,-0.218,0.03,-2.62,1.65
508728.875000,0.891,-0.337,-0.196,-0.7,-1.83,-0.95
508728.921000,0.928,-0.409,-0.235,7.84,6.81,-1.04
508728.968000,0.904,-0.327,-0.169,4.18,0.98,-4.88
508729.015000,0.905,-0.308,-0.186,-0.18,2.5,-2.04
508729.062000,0.897,-0.309,-0.198,-0.85,4.0,3.02
508729.109000,0.891,-0.339,-0.217,-3.23,-3.51,2.69
508729.156000,0.899,-0.367,-0.243,3.66,5.83,18.95
508729.203000,0.832,-0.44,-0.116,3.17,2.32,6.47
508729.250000,0.892,-0.457,-0.219,7.66,1.25,-8.94
508729.296000,0.882,-0.75,-0.253,18.68,-7.08,4.39
508729.343000,0.866,-1.737,-0.636,115.7,24.41,-7.63
508729.390000,0.271,-1.89,-0.645,190.47,44.4,-116.46
508729.437000,0.112,-2.099,-1.254,359.84,-11.84,-93.08
508729.484000,0.125,-0.933,-1.019,466.44,-67.57,-164.8
508729.531000,0.525,0.313,-0.883,401.29,-89.48,-168.19
508729.578000,0.897,0.792,-0.758,376.66,-57.25,-100.86
508729.625000,1.15,0.693,-0.488,375.1,-34.64,-21.18
508729.671000,1.353,0.73,-0.663,207.28,-10.71,-33.33
508729.718000,0.924,0.837,-0.531,56.92,27.07,-17.52
508729.765000,0.699,0.682,-0.833,24.35,31.86,37.29
508729.812000,0.393,0.002,-0.748,-52.92,-82.46,53.41
508729.859000,0.901,0.264,-1.33,-45.84,-44.28,-46.51
508729.906000,0.817,0.216,-0.598,-18.37,-74.71,-8.55
508729.953000,0.882,-0.027,-0.405,-2.75,-4.33,22.43
508730.000000,0.991,0.107,-0.631,8.45,0.55,8.7
508730.046000,0.992,-0.06,-0.209,-1.86,-5.55,8.73
508730.093000,1.006,0.065,-0.439,-1.4,11.08,8.48
508730.140000,1.015,-0.025,-0.404,3.08,-22.95,25.54
508730.187000,0.938,-0.004,-0.375,9.31,12.36,12.97
508730.234000,0.861,0.038,-0.393,9.16,-2.59,10.19
508730.281000,0.878,0.073,-0.301,2.44,4.58,-1.68
508730.328000,0.903,0.022,-0.325,3.69,-8.64,11.81
508730.375000,0.908,0.073,-0.286,-6.07,-0.52,-0.61
508730.421000,0.941,0.049,-0.311,-6.32,-8.33,6.38
508730.468000,0.936,0.024,-0.3,-8.27,7.02,6.68
508730.515000,0.919,0.023,-0.362,-5.71,4.03,5.37
508730.562000,0.908,0.001,-0.292,-10.01,3.02,6.04
508730.609000,0.928,0.058,-0.306,-11.51,3.3,8.12
508730.656000,0.912,-0.035,-0.317,-10.86,1.07,18.83
508730.703000,0.936,-0.015,-0.307,-11.35,0.15,9.77
508730.750000,0.915,-0.079,-0.263,-11.11,-2.2,20.05
508730.796000,0.94,-0.073,-0.305,-12.73,0.12,15.99
508730.843000,0.947,-0.153,-0.284,-12.82,-4.7,17.7
508730.890000,0.96,-0.115,-0.323,-8.42,-0.46,11.26
508730.937000,0.949,-0.171,-0.294,-1.83,-0.89,12.39
508730.984000,0.936,-0.134,-0.293,-0.92,3.39,6.41
508731.031000,0.961,-0.135,-0.313,-0.34,1.16,1.37
508731.078000,0.912,-0.117,-0.287,0.92,7.08,3.45
508731.125000,0.951,-0.104,-0.342,-2.66,3.11,-8.33
508731.171000,0.922,-0.118,-0.308,-1.5,3.48,-6.62
508731.218000,0.917,-0.046,-0.341,4.33,7.57,-1.74
508731.265000,0.897,-0.046,-0.257,2.93,7.81,0.21
508731.312000,0.916,-0.063,-0.291,1.31,-1.16,3.88
508731.359000,0.902,-0.076,-0.282,-0.03,3.17,-2.5
508731.406000,0.92,-0.085,-0.308,0.85,3.08,0.37
508731.453000,0.941,-0.068,-0.305,3.48,2.78,1.68
508731.500000,0.925,-0.092,-0.291,1.43,3.39,2.14
508731.546000,0.947,-0.042,-0.297,4.7,1.65,4.06
508731.593000,0.95,-0.064,-0.283,0.55,3.85,1.92
508731.640000,0.953,-0.13,-0.242,1.19,6.16,4.64
508731.687000,0.939,-0.106,-0.293,2.04,5.31,3.6
508731.734000,0.918,-0.213,-0.217,0.27,0.7,-1.95
508731.781000,0.929,-0.162,-0.268,9.77,12.24,-4.79
508731.828000,0.933,-0.158,-0.27,14.95,2.5,-8.64
508731.875000,0.897,-0.117,-0.212,22.95,7.11,0.55
508731.921000,0.913,0.023,-0.307,16.79,4.06,-6.01
508731.968000,0.901,0.117,-0.297,24.41,3.02,1.4
508732.015000,0.952,0.237,-0.323,-10.04,-1.04,-6.23
508732.062000,0.972,0.369,-0.374,-26.89,7.48,-17.43
508732.109000,1.023,0.47,-0.47,-61.77,-2.69,-24.2
508732.156000,0.979,0.563,-0.431,-89.24,7.29,-7.69
508732.203000,1.011,0.439,-0.655,-106.91,-1.53,19.29
508732.250000,0.92,0.378,-0.684,-132.69,7.39,20.51
508732.296000,0.857,0.307,-0.711,-147.4,7.02,46.11
508732.343000,0.834,0.3,-0.679,-175.79,19.38,25.94
508732.390000,0.777,0.222,-0.828,-176.4,3.63,64.67
508732.437000,0.863,0.008,-0.78,-207.65,-0.98,61.46
508732.484000,0.81,-0.18,-0.887,-170.51,19.56,101.08
508732.531000,0.655,-0.158,-0.669,-180.82,18.1,73.58
508732.578000,0.645,-0.318,-0.641,-176.95,21.55,78.62
508732.625000,0.593,-0.321,-0.643,-175.88,10.71,80.9
508732.671000,0.653,-0.523,-0.644,-163.37,-0.58,85.67
508732.718000,0.584,-0.608,-0.579,-140.96,7.45,89.11
508732.781000,0.629,-0.726,-0.485,-89.21,17.09,106.75
508732.828000,0.769,-0.849,-0.484,-75.14,-5.04,49.56
508732.875000,0.828,-0.869,-0.361,-50.87,11.54,59.24
508732.921000,0.811,-0.787,-0.293,-17.76,16.6,27.59
508732.968000,0.793,-0.683,-0.245,-12.82,13.61,13.37
508733.015000,0.82,-0.606,-0.268,8.39,11.54,19.87
508733.062000,0.823,-0.557,-0.215,-0.4,7.75,-0.43
508733.109000,0.838,-0.508,-0.223,6.87,7.26,3.02
508733.156000,0.855,-0.424,-0.221,3.97,2.69,-0.12
508733.203000,0.854,-0.476,-0.245,9.8,4.27,5.4
508733.250000,0.827,-0.47,-0.21,2.5,-2.87,5.46
508733.296000,0.86,-0.421,-0.246,5.19,2.72,-4.27
508733.343000,0.844,-0.417,-0.203,3.75,2.99,-1.04
508733.390000,0.871,-0.402,-0.261,2.38,-0.46,-3.27
508733.437000,0.861,-0.41,-0.222,1.46,-5.19,-1.07
508733.484000,0.886,-0.414,-0.32,5.16,-5.22,1.1
508733.531000,0.874,-0.411,-0.221,0.0,-3.94,1.1
508733.578000,0.888,-0.393,-0.288,3.27,-5.89,4.76
508733.625000,0.847,-0.397,-0.23,2.41,0.46,9.06
508733.671000,0.861,-0.471,-0.274,1.5,3.02,-1.89
508733.718000,0.862,-0.345,-0.237,0.76,1.25,-0.85
508733.765000,0.849,-0.417,-0.271,1.92,-2.32,10.83
508733.812000,0.844,-0.437,-0.25,2.81,0.49,2.32
508733.859000,0.842,-0.41,-0.248,-2.47,-7.26,-0.85
508733.906000,0.858,-0.453,-0.274,3.23,0.27,0.85
508733.953000,0.856,-0.439,-0.29,1.89,-4.61,-6.93
508734.000000,0.872,-0.384,-0.219,19.07,17.49,3.54
508734.046000,0.858,-0.485,-0.252,2.87,-4.82,2.17
508734.093000,0.893,-0.414,-0.252,2.38,2.11,-13.0
508734.140000,0.868,-0.432,-0.253,1.37,-5.46,1.71
508734.187000,0.851,-0.405,-0.212,-0.95,-1.04,0.52
508734.234000,0.875,-0.433,-0.244,-1.34,-2.32,0.92
508734.281000,0.853,-0.422,-0.229,-1.22,0.15,-1.1
508734.328000,0.85,-0.438,-0.247,-6.2,-5.62,-0.27
508734.375000,0.853,-0.429,-0.242,0.98,3.02,-2.99
508734.421000,0.854,-0.434,-0.232,-0.79,-3.91,-0.37
508734.468000,0.85,-0.397,-0.217,-0.55,2.44,-4.39
508734.515000,0.86,-0.416,-0.244,-1.31,-2.9,-1.37
508734.562000,0.865,-0.412,-0.246,-0.7,1.59,-3.88
508734.609000,0.835,-0.414,-0.23,-0.27,-2.78,0.18
508734.656000,0.86,-0.463,-0.281,0.12,-3.02,0.82
508734.703000,0.802,-0.703,-0.358,33.23,8.12,5.46
508734.750000,0.384,-1.21,-0.496,103.76,27.77,-27.01
508734.796000,0.321,-1.031,-0.598,158.85,10.86,-137.97
508734.843000,0.29,-0.877,-0.486,216.25,-2.62,-113.28
508734.890000,0.601,-0.62,-0.369,246.8,-29.11,-89.63
508734.937000,0.855,-0.465,-0.197,269.42,-64.97,-17.21
508734.984000,1.067,-0.361,-0.207,274.58,-68.06,3.94
508735.031000,1.072,-0.287,-0.204,279.58,-73.55,25.82
508735.078000,1.239,-0.449,-0.323,304.76,-87.28,45.47
508735.125000,1.201,-0.28,-0.454,236.27,-92.04,-18.31
508735.171000,1.259,-0.363,-0.325,273.35,-82.83,25.82
508735.218000,0.97,-0.194,-0.248,140.51,-76.85,-33.94
508735.265000,0.932,-0.311,-0.225,180.43,-59.3,3.6
508735.312000,0.89,-0.229,-0.123,35.0,-58.99,-37.23
508735.359000,0.927,-0.414,-0.124,21.21,-98.09,4.82
508735.421000,0.916,-0.191,-0.158,12.36,-39.7,-30.58
508735.468000,0.97,-0.233,-0.307,5.65,-27.19,-20.51
508735.515000,0.841,-0.344,-0.377,-19.1,-56.25,30.0
508735.562000,0.919,-0.29,-0.387,-21.82,-9.64,-5.28
508735.609000,0.918,-0.387,-0.425,-3.27,-20.2,21.0
508735.656000,0.81,-0.284,-0.308,-34.76,18.74,-30.18
508735.703000,0.94,-0.255,-0.46,-42.33,-32.23,5.37
508735.750000,0.787,-0.151,-0.31,-32.41,19.62,-20.23
508735.796000,0.838,-0.191,-0.414,-51.79,-13.82,9.09
508735.843000,0.792,-0.227,-0.324,-35.49,3.75,6.04
508735.890000,0.829,-0.28,-0.487,-29.88,-4.76,-2.08
508735.937000,0.836,-0.373,-0.315,-23.99,0.85,-1.16
508735.984000,0.819,-0.222,-0.408,-6.9,11.84,-34.21
508736.031000,0.862,-0.197,-0.19,-11.66,5.92,-27.53
508736.078000,0.919,-0.285,-0.267,2.04,12.6,-2.5
508736.125000,0.9,-0.253,-0.23,-11.54,-3.75,-16.63
508736.171000,0.936,-0.175,-0.265,-21.49,-12.67,-29.97
508736.218000,0.925,-0.035,-0.258,-25.21,-6.13,-19.75
508736.265000,0.97,-0.093,-0.339,-15.56,-4.09,-2.99
508736.328000,0.949,-0.164,-0.334,-12.79,-14.74,5.37
508736.375000,0.896,-0.126,-0.303,-7.51,2.44,-5.1
508736.421000,0.919,-0.147,-0.314,-4.27,-4.21,-1.71
508736.468000,0.911,-0.129,-0.308,4.0,5.31,-12.97
508736.515000,0.928,-0.128,-0.315,-3.57,-6.23,-10.13
508736.562000,0.922,-0.109,-0.346,4.03,-3.02,-8.64
508736.609000,0.935,-0.086,-0.286,5.58,-3.69,-6.32
508736.656000,0.935,-0.078,-0.351,5.71,-4.55,-1.65
508736.703000,0.894,-0.04,-0.361,3.72,-1.77,-3.85
508736.750000,0.91,0.023,-0.393,-0.18,0.4,-6.81
508736.796000,0.893,0.109,-0.414,-0.58,3.63,-5.04
508736.843000,0.922,0.237,-0.505,-21.21,5.1,-10.65
508736.890000,0.886,0.292,-0.478,-30.64,13.09,1.07
508736.937000,0.952,0.354,-0.556,-53.65,8.67,8.15
508736.984000,0.941,0.384,-0.633,-63.02,14.44,19.68
508737.031000,0.895,0.416,-0.602,-99.89,4.64,27.41
508737.078000,0.802,0.356,-0.577,-112.46,14.22,50.84
508737.125000,0.759,0.296,-0.773,-151.92,-1.01,53.41
508737.171000,0.661,0.177,-0.709,-158.76,9.95,69.73
508737.218000,0.743,0.076,-0.913,-180.03,-3.51,69.06
508737.265000,0.647,-0.044,-0.777,-181.77,10.22,81.58
508737.312000,0.698,-0.166,-0.84,-199.22,-5.01,68.06
508737.359000,0.687,-0.257,-0.804,-202.19,-0.92,50.29
508737.406000,0.653,-0.225,-0.859,-191.26,-11.66,75.75
508737.453000,0.677,-0.385,-0.834,-173.56,-1.89,99.58
508737.500000,0.641,-0.457,-0.778,-148.11,1.22,110.87
508737.546000,0.681,-0.564,-0.671,-133.64,7.05,64.7
508737.593000,0.731,-0.428,-0.594,-91.86,12.82,71.2
508737.640000,0.714,-0.466,-0.562,-102.33,-5.04,67.05
508737.687000,0.774,-0.59,-0.487,-91.01,-4.0,70.53
508737.750000,0.809,-0.667,-0.407,-46.17,7.93,81.85
508737.796000,0.828,-0.615,-0.49,-18.92,8.24,51.15
508737.859000,0.769,-0.638,-0.372,-23.01,-0.61,32.04
508737.906000,0.853,-0.475,-0.395,0.46,9.09,31.62
508737.968000,0.807,-0.49,-0.386,-3.6,0.7,9.19
508738.015000,0.817,-0.43,-0.411,1.65,0.55,11.84
508738.062000,0.786,-0.408,-0.348,6.16,1.19,19.29
508738.109000,0.826,-0.416,-0.48,2.08,-3.97,8.61
508738.171000,0.798,-0.408,-0.365,1.53,-8.09,6.71
508738.218000,0.805,-0.397,-0.422,10.01,7.6,7.32
508738.265000,0.798,-0.396,-0.396,7.69,-8.64,6.59
508738.312000,0.794,-0.376,-0.437,5.52,-0.89,1.19
508738.359000,0.795,-0.408,-0.402,1.68,-8.61,-1.89
508738.406000,0.828,-0.375,-0.514,1.77,-4.0,-10.74
508738.453000,0.781,-0.338,-0.365,4.15,-1.92,0.76
508738.500000,0.853,-0.401,-0.497,2.08,-0.76,-4.12
508738.562000,0.816,-0.37,-0.44,4.82,-5.1,3.39
508738.609000,0.809,-0.353,-0.422,3.63,3.3,1.89
508738.656000,0.816,-0.375,-0.398,0.82,-6.99,1.83
508738.703000,0.796,-0.385,-0.397,5.8,5.46,1.43
508738.750000,0.817,-0.39,-0.487,-1.56,-4.7,-1.28
508738.796000,0.763,-0.365,-0.378,5.46,0.95,-0.7
508738.843000,0.793,-0.365,-0.438,2.35,-5.28,-0.03
508738.890000,0.802,-0.346,-0.405,2.29,7.05,-2.87
508738.937000,0.786,-0.38,-0.419,0.58,-7.75,5.83
508738.984000,0.812,-0.35,-0.399,-1.28,9.86,-2.93
508739.031000,0.811,-0.403,-0.452,1.43,-4.73,3.48
508739.078000,0.781,-0.386,-0.405,0.37,4.49,0.55
508739.125000,0.812,-0.389,-0.42,-1.01,-5.13,0.24
508739.171000,0.786,-0.368,-0.417,-5.13,8.67,-5.77
508739.218000,0.808,-0.394,-0.438,-1.13,-0.58,1.77
508739.265000,0.802,-0.379,-0.426,-1.62,4.15,-0.46
508739.312000,0.792,-0.397,-0.391,0.46,3.2,3.6
508739.359000,0.807,-0.386,-0.449,-3.6,-0.4,-1.46
508739.406000,0.78,-0.392,-0.387,0.31,-0.27,7.32
508739.453000,0.803,-0.411,-0.449,-0.92,-1.95,1.13
508739.500000,0.805,-0.393,-0.401,-0.64,2.93,3.14
508739.546000,0.805,-0.4,-0.453,-2.32,-2.69,2.69
508739.593000,0.784,-0.419,-0.377,1.25,5.86,1.62
508739.640000,0.803,-0.398,-0.446,-0.34,-0.31,-1.71
508739.687000,0.785,-0.41,-0.393,1.56,7.45,1.1
508739.734000,0.802,-0.403,-0.44,1.65,-0.95,-0.92
508739.781000,0.787,-0.378,-0.378,-0.73,4.61,-1.62
508739.828000,0.808,-0.386,-0.426,1.98,-0.95,2.04
508739.875000,0.768,-0.43,-0.389,1.31,0.89,2.84
508739.921000,0.806,-0.446,-0.434,8.03,6.04,-0.61
508739.968000,0.791,-0.734,-0.505,35.4,-3.66,12.7
508740.015000,0.544,-1.089,-0.678,85.51,20.75,-17.76
508740.062000,0.461,-0.92,-0.961,175.15,35.74,-112.46
508740.109000,0.135,-0.953,-0.564,208.96,54.29,-104.34
508740.156000,0.63,-0.746,-0.553,266.4,9.03,-87.22
508740.203000,0.751,-0.525,-0.211,266.18,-17.73,-66.19
508740.250000,0.889,-0.407,-0.304,280.16,-25.64,-48.71
508740.296000,0.913,-0.153,-0.041,311.26,6.78,-26.73
508740.343000,0.838,-0.035,-0.01,306.38,-34.03,12.94
508740.390000,0.917,-0.103,0.036,311.75,-78.07,48.55
508740.437000,1.236,-0.071,-0.331,237.98,-120.76,21.06
508740.484000,1.244,-0.24,-0.19,250.25,-79.04,59.82
508740.531000,1.276,-0.203,-0.171,149.75,-62.04,-7.84
508740.578000,1.053,-0.235,0.039,198.52,-23.47,28.08
508740.625000,1.04,-0.146,0.044,68.03,-22.03,-4.18
508740.671000,1.044,-0.363,-0.033,61.1,-27.65,21.33
508740.718000,0.816,-0.014,0.094,-10.19,47.33,-50.23
508740.765000,0.758,-0.169,-0.034,-51.36,-65.07,10.41
508740.812000,0.661,-0.184,-0.249,-82.95,-68.54,-6.56
508740.859000,0.958,-0.395,-0.478,-40.5,-77.03,8.58
508740.906000,0.731,-0.064,-0.094,-91.4,-3.66,-85.48
508740.953000,0.811,0.011,-0.375,-61.16,-59.48,-28.32
508741.000000,0.93,0.001,-0.488,-77.61,-56.37,-9.09
508741.046000,0.872,-0.076,-0.51,-51.58,-54.17,23.9
508741.093000,0.948,-0.275,-0.43,-49.23,-35.8,35.13
508741.140000,0.909,-0.185,-0.456,-41.17,-17.3,11.11
508741.187000,0.891,-0.142,-0.352,-48.55,-24.17,-6.32
508741.234000,0.963,-0.192,-0.415,-15.08,2.35,8.97
508741.281000,0.91,-0.351,-0.358,-20.75,-19.23,4.64
508741.328000,0.914,-0.127,-0.314,5.34,32.59,-30.98
508741.375000,0.921,-0.063,-0.283,9.86,1.68,5.58
508741.421000,0.89,-0.075,-0.223,-0.37,7.42,-1.77
508741.468000,0.844,-0.05,-0.295,-19.41,-14.31,2.08
508741.515000,0.886,-0.132,-0.282,-9.13,1.68,-13.09
508741.562000,0.878,-0.096,-0.339,-5.89,-6.81,-7.05
508741.625000,0.943,-0.176,-0.385,6.96,-12.39,-10.13
508741.671000,0.872,-0.209,-0.442,14.19,1.77,-20.69
508741.718000,0.923,0.014,-0.415,25.61,-4.97,-36.07
508741.765000,0.898,0.258,-0.41,3.27,-3.39,-31.4
508741.812000,0.827,0.316,-0.323,-26.49,-17.21,-10.01
508741.859000,0.953,0.465,-0.497,-48.77,-16.51,-10.9
508741.906000,0.963,0.433,-0.492,-67.11,-11.84,10.47
508741.953000,0.913,0.439,-0.512,-75.75,5.49,36.29
508742.000000,0.939,0.419,-0.518,-105.04,-0.76,47.4
508742.062000,0.86,0.344,-0.629,-117.53,4.27,74.65
508742.109000,0.801,0.214,-0.652,-130.8,6.29,85.39
508742.156000,0.748,0.169,-0.672,-140.63,14.8,85.15
508742.203000,0.821,0.033,-0.73,-151.43,-9.98,100.86
508742.250000,0.818,-0.03,-0.869,-165.65,19.17,49.93
508742.296000,0.735,-0.052,-0.827,-146.79,12.02,72.88
508742.343000,0.67,-0.049,-0.656,-150.64,28.41,54.23
508742.390000,0.642,-0.043,-0.696,-135.59,9.92,81.82
508742.437000,0.661,-0.161,-0.683,-139.1,8.39,95.58
508742.484000,0.669,-0.228,-0.683,-122.93,9.19,95.07
508742.531000,0.67,-0.23,-0.703,-114.23,15.5,81.03
508742.578000,0.629,-0.354,-0.625,-121.22,11.78,66.68
508742.625000,0.742,-0.251,-0.68,-94.24,19.23,53.19
508742.671000,0.64,-0.301,-0.576,-98.03,18.13,49.47
508742.718000,0.649,-0.455,-0.577,-66.56,23.53,96.53
508742.765000,0.645,-0.509,-0.535,-64.36,11.44,81.79
508742.812000,0.689,-0.573,-0.481,-37.42,25.24,69.37
508742.859000,0.715,-0.812,-0.434,-35.37,3.85,56.31
508742.906000,0.764,-0.758,-0.36,7.72,50.26,60.82
508742.953000,0.758,-0.919,-0.439,20.51,2.9,34.36
508743.000000,0.831,-0.695,-0.202,47.67,69.83,28.72
508743.046000,0.875,-0.649,-0.145,28.57,10.22,13.76
508743.093000,0.872,-0.615,-0.122,19.17,40.74,4.88
508743.140000,0.893,-0.599,-0.084,14.28,4.39,8.03
508743.187000,0.844,-0.595,-0.015,-1.59,21.06,6.04
508743.234000,0.86,-0.53,-0.119,-6.81,-6.9,4.88
508743.281000,0.848,-0.517,-0.077,-9.34,-1.95,6.9
508743.328000,0.801,-0.504,-0.137,-2.29,-9.77,12.91
508743.375000,0.819,-0.557,-0.198,-4.36,-19.56,3.94
508743.421000,0.843,-0.53,-0.245,-5.13,-0.92,-1.77
508743.468000,0.818,-0.487,-0.207,2.62,-2.41,-1.98
508743.515000,0.842,-0.491,-0.268,-0.61,-4.21,3.45
508743.562000,0.821,-0.471,-0.177,0.27,-0.89,-4.43
508743.609000,0.818,-0.478,-0.235,2.08,-12.18,-0.12
508743.656000,0.819,-0.492,-0.268,-6.87,-2.44,-2.38
508743.703000,0.821,-0.479,-0.274,3.91,-8.55,0.34
508743.750000,0.808,-0.484,-0.24,-1.16,0.09,-2.41
508743.796000,0.822,-0.468,-0.271,0.4,-13.86,3.05
508743.843000,0.852,-0.472,-0.286,-5.98,5.07,-3.42
508743.890000,0.85,-0.497,-0.269,5.52,-9.8,3.63
508743.937000,0.816,-0.474,-0.256,-0.61,8.03,-5.62
508743.984000,0.831,-0.457,-0.257,0.43,-5.49,-2.41
508744.031000,0.833,-0.446,-0.273,-0.55,1.68,-2.75
508744.078000,0.815,-0.482,-0.245,0.58,-1.89,1.5
508744.125000,0.821,-0.459,-0.289,0.12,0.12,-3.27
508744.171000,0.803,-0.479,-0.229,0.92,0.06,2.59
508744.218000,0.827,-0.477,-0.296,1.46,2.78,-3.02
508744.265000,0.821,-0.473,-0.242,-0.06,3.33,-0.06
508744.312000,0.822,-0.45,-0.262,1.37,-1.5,-0.52
508744.359000,0.812,-0.492,-0.251,0.52,-1.86,6.81
508744.421000,0.831,-0.502,-0.279,1.28,-0.89,0.67
508744.468000,0.814,-0.486,-0.227,0.06,1.59,-0.64
508744.531000,0.818,-0.478,-0.253,-1.13,-2.53,0.37
508744.578000,0.816,-0.483,-0.238,-2.11,-3.2,1.71
508744.625000,0.839,-0.486,-0.279,2.41,-2.32,2.66
508744.671000,0.817,-0.51,-0.223,1.43,4.03,4.3
508744.718000,0.811,-0.518,-0.233,3.45,-3.97,5.77
508744.765000,0.822,-0.547,-0.259,3.97,8.24,-8.12
508744.812000,0.806,-0.631,-0.31,14.53,-1.04,-0.24
508744.859000,0.787,-0.669,-0.276,30.73,9.58,-13.76
508744.906000,0.764,-0.876,-0.306,50.33,-2.69,-28.87
508744.953000,0.73,-0.695,-0.307,60.21,14.98,-69.95
508745.000000,0.439,-1.306,-0.489,164.22,22.64,-60.85
508745.046000,0.333,-0.964,-0.382,177.95,-18.68,-141.54
508745.093000,0.25,-0.768,-0.27,213.02,-50.26,-104.92
508745.140000,0.704,-0.367,-0.276,253.33,-83.13,-99.22
508745.187000,1.032,-0.144,-0.361,262.49,-78.31,-64.27
508745.234000,1.002,0.014,-0.295,281.32,-38.15,-17.21
508745.281000,1.375,0.091,-0.545,245.61,-65.71,-15.96
508745.328000,0.962,-0.165,-0.347,276.13,-10.62,29.57
508745.375000,0.891,-0.347,-0.047,273.05,-50.87,41.69
508745.421000,0.876,-0.486,-0.268,196.26,-125.74,23.35
508745.468000,0.982,-0.448,-0.324,166.51,-96.8,-23.5
508745.515000,0.989,-0.253,-0.333,68.85,-88.26,-93.97
508745.562000,1.127,-0.076,-0.314,90.55,-43.82,-42.09
508745.609000,1.075,0.049,-0.124,-4.79,-35.37,-47.18
508745.656000,1.026,-0.006,-0.11,1.4,-28.11,12.85
508745.703000,0.913,0.015,-0.347,-83.29,-66.99,6.32
508745.750000,0.833,-0.073,-0.556,-45.08,-36.56,34.06
508745.796000,0.874,-0.31,-0.753,-66.44,-33.75,45.69
508745.843000,0.737,-0.393,-0.571,-16.42,36.04,23.35
508745.890000,0.775,-0.505,-0.73,-43.15,1.4,26.09
508745.937000,0.707,-0.32,-0.287,7.29,55.97,-7.54
508745.984000,0.715,-0.13,-0.304,11.96,26.03,-10.9
508746.031000,0.739,-0.341,-0.305,41.93,-8.88,78.83
508746.078000,0.856,-0.36,-0.45,7.57,15.02,5.04
508746.140000,0.858,-0.434,-0.124,25.24,4.46,3.75
508746.187000,0.86,-0.213,-0.225,3.75,18.62,-27.99
508746.234000,0.931,-0.221,-0.283,0.03,-19.87,1.68
508746.281000,0.837,-0.353,-0.181,-4.82,-1.04,6.78
508746.328000,0.918,-0.329,-0.359,-6.62,-11.14,-4.61
508746.375000,0.875,-0.368,-0.132,4.21,12.12,-6.29
508746.421000,0.917,-0.333,-0.31,1.74,0.7,-1.86
508746.468000,0.885,-0.345,-0.174,12.36,19.99,-14.53
508746.515000,0.9,-0.318,-0.208,1.19,-3.05,-4.79
508746.562000,0.939,-0.258,-0.212,-1.22,3.6,-15.72
508746.609000,0.939,-0.332,-0.194,2.53,-7.87,3.27
508746.656000,0.97,-0.282,-0.286,6.68,0.46,-5.28
508746.718000,0.948,-0.33,-0.287,2.53,-10.04,-2.99
508746.765000,0.885,-0.315,-0.137,6.5,6.01,-6.1
508746.812000,0.932,-0.296,-0.232,8.45,-1.8,-5.74
508746.859000,0.877,-0.317,-0.14,4.7,-0.73,-5.43
508746.906000,0.919,-0.347,-0.229,3.72,-3.69,-19.1
508746.953000,0.92,-0.228,-0.181,5.98,-2.11,-8.06
508747.000000,0.965,-0.236,-0.256,3.27,-9.09,-3.08
508747.046000,0.911,-0.276,-0.173,5.28,-3.72,1.43
508747.093000,0.908,-0.253,-0.194,1.25,0.21,-5.28
508747.140000,0.915,-0.278,-0.183,1.77,-3.48,-3.36
508747.187000,0.861,-0.172,-0.194,-21.49,4.12,-16.69
508747.234000,0.911,-0.064,-0.186,-44.92,-1.53,-23.26
508747.281000,0.86,0.15,-0.231,-83.86,-16.51,-43.18
508747.328000,0.914,0.262,-0.376,-88.17,-31.83,-20.84
508747.375000,0.91,0.257,-0.448,-97.54,-33.42,0.15
508747.421000,0.935,0.172,-0.606,-97.08,-19.96,20.6
508747.468000,0.933,0.147,-0.668,-100.47,-24.84,35.1
508747.531000,0.925,0.244,-0.689,-107.3,8.91,25.94
508747.578000,0.885,0.218,-0.71,-102.73,6.35,63.26
508747.625000,0.798,0.136,-0.647,-125.83,21.36,69.15
508747.671000,0.829,0.057,-0.787,-121.43,11.84,82.28
508747.718000,0.795,0.003,-0.738,-139.16,25.39,66.35
508747.765000,0.818,-0.053,-0.857,-130.47,26.22,88.93
508747.828000,0.662,-0.157,-0.706,-148.26,33.27,61.56
508747.875000,0.733,-0.106,-0.779,-140.35,54.32,37.84
508747.921000,0.666,-0.11,-0.659,-150.12,26.0,50.75
508747.968000,0.716,-0.122,-0.708,-154.03,29.54,60.91
508748.015000,0.672,-0.222,-0.675,-154.42,16.69,69.28
508748.078000,0.692,-0.327,-0.718,-136.11,24.45,104.31
508748.140000,0.666,-0.489,-0.741,-136.36,24.51,71.11
508748.187000,0.672,-0.617,-0.649,-115.39,30.76,73.79
508748.234000,0.751,-0.498,-0.644,-99.92,31.25,15.66
508748.281000,0.817,-0.522,-0.459,-56.95,22.49,40.77
508748.328000,0.75,-0.431,-0.618,-47.79,40.47,62.29
508748.375000,0.646,-0.734,-0.098,-30.4,37.57,69.4
508748.421000,0.736,-0.681,-0.393,-33.57,29.6,35.28
508748.468000,0.812,-0.741,-0.23,-2.41,-1.95,49.96
508748.515000,0.759,-0.758,-0.118,-16.14,19.26,29.24
508748.562000,0.881,-0.588,-0.184,6.04,4.7,4.79
508748.609000,0.812,-0.501,-0.142,-8.76,8.61,2.75
508748.656000,0.885,-0.497,-0.185,2.72,-1.19,2.66
508748.703000,0.847,-0.449,-0.186,-3.94,-9.7,2.47
508748.750000,0.856,-0.434,-0.254,2.35,-11.05,-0.12
508748.796000,0.84,-0.462,-0.216,0.4,-1.92,-2.84
508748.843000,0.881,-0.395,-0.273,5.25,-6.1,-8.12
508748.890000,0.848,-0.407,-0.225,7.48,-5.89,3.17
508748.937000,0.866,-0.407,-0.295,8.12,0.79,-1.92
508748.984000,0.893,-0.381,-0.272,6.74,-6.96,0.43
508749.031000,0.881,-0.394,-0.312,4.7,-2.5,-1.71
508749.078000,0.866,-0.39,-0.271,7.17,-2.62,2.53
508749.125000,0.853,-0.379,-0.261,5.1,-2.23,-1.65
508749.171000,0.858,-0.38,-0.261,3.17,-0.52,2.17
508749.218000,0.854,-0.393,-0.261,-0.21,-6.07,1.77
508749.281000,0.861,-0.392,-0.276,0.79,-1.59,-2.35
508749.328000,0.848,-0.391,-0.279,2.32,-4.97,5.04
508749.375000,0.835,-0.391,-0.245,-1.53,2.44,-4.88
508749.421000,0.859,-0.368,-0.292,-0.64,-6.93,-1.34
508749.468000,0.854,-0.391,-0.28,0.43,4.09,-2.04
508749.515000,0.859,-0.378,-0.289,-1.46,-4.67,1.71
508749.562000,0.847,-0.41,-0.281,0.21,-1.59,6.71
508749.625000,0.863,-0.41,-0.288,0.15,-2.47,-1.07
508749.671000,0.871,-0.388,-0.259,-1.89,3.23,-1.92
508749.718000,0.841,-0.415,-0.279,-1.31,-2.99,2.17
508749.765000,0.852,-0.38,-0.288,-2.84,3.2,-3.85
508749.812000,0.837,-0.402,-0.262,1.13,0.27,4.33
508749.859000,0.833,-0.391,-0.277,-2.29,-0.21,-1.59
508749.906000,0.848,-0.42,-0.277,-2.14,-1.07,3.39
508749.953000,0.857,-0.403,-0.279,-6.07,3.48,-2.47
508750.000000,0.847,-0.413,-0.268,0.4,1.74,6.99
508750.046000,0.855,-0.436,-0.278,-3.63,-0.37,-2.26
508750.093000,0.872,-0.421,-0.256,-0.73,6.35,-0.55
508750.140000,0.856,-0.433,-0.283,1.62,0.43,2.87
508750.187000,0.85,-0.417,-0.277,-3.11,9.03,-3.75
508750.234000,0.834,-0.437,-0.251,4.46,1.4,5.31
508750.281000,0.866,-0.406,-0.286,-1.1,3.72,-7.08
508750.328000,0.84,-0.427,-0.229,3.88,-2.53,6.87
508750.375000,0.853,-0.424,-0.263,1.68,1.95,-5.13
508750.421000,0.857,-0.385,-0.243,-1.16,0.18,-2.56
508750.468000,0.847,-0.434,-0.267,2.29,3.54,-1.98
508750.515000,0.837,-0.399,-0.237,1.13,-1.68,-2.99
508750.562000,0.896,-0.399,-0.329,4.39,-0.46,-2.17
508750.609000,0.831,-0.481,-0.301,5.31,-1.98,0.52
508750.656000,0.792,-0.63,-0.375,23.5,10.38,-12.85
508750.718000,0.342,-1.196,-0.608,66.04,-0.85,-51.42
508750.765000,0.401,-1.039,-0.74,147.98,-5.4,-145.6
508750.812000,0.614,-0.509,-0.406,193.7,-12.3,-110.78
508750.859000,1.098,-0.355,-0.386,235.63,-5.83,-80.45
508750.921000,1.092,-0.23,-0.169,257.7,20.87,-53.38
508750.968000,1.012,-0.195,-0.139,290.6,19.1,-12.76
508751.015000,0.934,-0.232,-0.256,316.57,2.78,17.85
508751.062000,1.359,0.073,-0.561,349.93,-39.49,-18.56
508751.109000,0.945,0.158,-0.192,255.78,16.45,-19.71
508751.171000,1.142,-0.072,-0.09,296.55,-20.75,41.75
508751.218000,0.787,-0.031,0.178,112.22,-35.28,-20.72
508751.265000,0.941,0.12,0.187,188.06,-52.13,-2.62
508751.312000,0.863,0.265,0.286,0.46,-84.54,-42.3
508751.359000,0.969,0.214,0.09,40.68,-98.27,13.03
508751.406000,0.936,0.135,-0.053,-63.72,-93.36,1.04
508751.453000,0.977,-0.005,-0.369,-40.59,-83.86,60.91
508751.500000,0.892,-0.132,-0.661,-61.37,-68.94,58.38
508751.546000,0.695,-0.251,-0.461,-42.51,0.4,28.44
508751.593000,0.927,-0.163,-0.8,-61.77,-57.65,27.44
508751.640000,0.733,-0.19,-0.564,-26.61,-6.59,30.21
508751.687000,0.69,-0.188,-0.669,-51.21,-29.39,-1.68
508751.750000,0.839,-0.336,-0.662,-15.23,-14.37,2.99
508751.796000,0.82,-0.134,-0.437,21.76,30.92,-15.02
508751.843000,0.874,-0.076,-0.324,2.78,-8.36,8.76
508751.890000,0.929,-0.133,-0.436,3.78,-7.66,28.66
508751.937000,0.899,-0.188,-0.373,-13.82,-9.64,5.77
508751.984000,0.987,-0.186,-0.443,-6.44,6.68,5.37
508752.031000,0.954,-0.18,-0.415,-4.46,1.89,8.36
508752.078000,0.933,-0.196,-0.353,-3.48,18.92,15.35
508752.125000,0.947,-0.243,-0.369,-7.02,18.43,4.18
508752.171000,0.931,-0.209,-0.291,-18.52,29.82,-7.48
508752.218000,0.884,-0.237,-0.178,-13.03,33.72,1.37
508752.265000,0.846,-0.253,-0.182,0.7,3.88,13.12
508752.312000,0.92,-0.178,-0.355,-1.65,12.57,-4.03
508752.359000,0.824,-0.206,-0.192,1.28,-1.19,4.0
508752.406000,0.965,-0.135,-0.349,-5.04,8.82,-12.3
508752.453000,0.939,-0.258,-0.295,3.54,-10.19,16.21
508752.500000,0.916,-0.267,-0.27,-0.24,6.44,-8.36
508752.546000,0.921,-0.237,-0.236,-1.37,3.2,-11.47
508752.593000,0.916,-0.198,-0.269,-0.64,4.03,-7.78
508752.640000,0.892,-0.222,-0.233,-5.31,-2.17,-7.78
508752.687000,0.906,-0.186,-0.255,0.18,4.03,-10.74
508752.734000,0.909,-0.187,-0.29,-5.92,-3.39,-15.05
508752.781000,0.913,-0.127,-0.298,-1.37,2.75,-17.33
508752.828000,0.944,-0.09,-0.273,-18.01,-7.26,-19.2
508752.875000,0.936,-0.112,-0.283,-1.01,-13.79,2.23
508752.921000,0.934,-0.121,-0.331,-4.33,-8.55,-5.25
508752.968000,0.922,-0.149,-0.337,2.29,-7.02,-6.53
508753.015000,0.946,-0.109,-0.384,-7.69,-3.51,-12.27
508753.062000,0.919,-0.073,-0.312,-7.2,1.86,-14.95
508753.109000,0.901,0.054,-0.314,-6.68,7.84,-6.23
508753.156000,0.976,0.164,-0.38,-19.59,3.97,-6.9
508753.203000,0.956,0.393,-0.371,-31.89,7.57,-0.76
508753.250000,0.955,0.408,-0.446,-54.05,4.64,13.92
508753.296000,0.898,0.444,-0.433,-80.75,1.28,20.97
508753.343000,0.928,0.5,-0.553,-108.43,-1.25,17.18
508753.390000,0.873,0.455,-0.619,-123.29,5.8,35.58
508753.437000,0.781,0.497,-0.688,-154.85,-2.66,34.88
508753.484000,0.77,0.25,-0.74,-167.97,-5.28,71.63
508753.531000,0.701,0.229,-0.897,-176.24,-1.13,59.45
508753.578000,0.783,0.086,-0.893,-188.88,-3.45,53.53
508753.625000,0.728,-0.004,-1.038,-163.55,22.89,29.24
508753.671000,0.69,0.104,-0.759,-179.48,5.86,34.33
508753.718000,0.731,-0.005,-0.882,-172.19,0.03,76.6
508753.765000,0.659,-0.133,-0.863,-178.35,-19.65,94.36
508753.812000,0.714,-0.29,-0.807,-165.93,-8.39,86.95
508753.875000,0.591,-0.332,-0.682,-127.08,-5.16,132.88
508753.921000,0.58,-0.296,-0.627,-131.02,5.34,81.36
508753.968000,0.698,-0.503,-0.604,-103.0,-22.95,87.31
508754.015000,0.743,-0.664,-0.551,-88.75,6.99,109.32
508754.062000,0.776,-0.826,-0.642,-59.66,-2.26,79.04
508754.109000,0.762,-0.873,-0.418,-13.52,21.97,79.59
508754.156000,0.8,-0.626,-0.346,9.86,25.85,47.76
508754.203000,0.778,-0.683,-0.275,-3.57,4.88,24.26
508754.250000,0.82,-0.537,-0.241,10.01,20.81,20.75
508754.296000,0.814,-0.555,-0.259,7.48,-7.42,5.74
508754.343000,0.809,-0.483,-0.275,10.62,13.43,11.75
508754.390000,0.814,-0.538,-0.266,16.82,-8.3,12.73
508754.437000,0.835,-0.452,-0.318,8.85,-2.53,-3.91
508754.484000,0.871,-0.408,-0.33,23.65,-9.25,-3.27
508754.531000,0.854,-0.378,-0.269,7.39,-0.55,4.43
508754.578000,0.854,-0.417,-0.312,13.03,-1.95,11.87
508754.625000,0.837,-0.424,-0.323,6.07,-3.23,5.58
508754.671000,0.835,-0.443,-0.348,6.41,-1.98,-4.58
508754.718000,0.871,-0.368,-0.341,5.71,0.73,0.76
508754.765000,0.836,-0.439,-0.349,16.05,-0.92,19.56
508754.812000,0.803,-0.412,-0.281,2.17,1.92,1.43
508754.859000,0.825,-0.494,-0.338,8.48,-4.55,5.92
508754.906000,0.843,-0.441,-0.349,2.72,1.95,-17.27
508754.953000,0.84,-0.42,-0.313,2.84,-1.8,0.89
508755.000000,0.82,-0.413,-0.302,2.66,-1.56,-4.46
508755.046000,0.815,-0.428,-0.293,-0.67,3.11,-3.78
508755.093000,0.827,-0.408,-0.312,2.29,-7.02,1.1
508755.140000,0.808,-0.476,-0.3,-1.22,0.61,0.85
508755.187000,0.847,-0.407,-0.318,-0.37,-6.47,-7.48
508755.234000,0.822,-0.381,-0.323,6.59,-3.39,20.57
508755.281000,0.791,-0.519,-0.324,3.72,0.12,11.99
508755.328000,0.812,-0.422,-0.296,-0.82,-1.83,-6.84
508755.375000,0.831,-0.462,-0.364,-0.06,-0.31,5.28
508755.421000,0.791,-0.467,-0.323,0.64,1.19,9.43
508755.468000,0.822,-0.473,-0.324,-12.12,5.1,-5.62
508755.515000,0.811,-0.489,-0.313,4.73,1.89,4.36
508755.562000,0.825,-0.437,-0.313,-0.06,0.7,-11.87
508755.609000,0.835,-0.443,-0.308,1.31,1.25,-4.97
508755.656000,0.851,-0.428,-0.352,1.01,2.32,-7.48
508755.703000,0.83,-0.436,-0.3,2.44,6.62,-1.46
508755.765000,0.839,-0.443,-0.351,2.59,0.21,-3.66
508755.812000,0.831,-0.39,-0.306,-4.64,6.56,-6.16
508755.859000,0.841,-0.431,-0.34,4.85,-3.69,3.42
508755.906000,0.811,-0.413,-0.24,-2.32,2.66,-2.99
508755.953000,0.86,-0.423,-0.376,1.28,-1.95,1.4
508756.000000,0.831,-0.435,-0.274,-2.26,4.06,-0.46
508756.046000,0.836,-0.42,-0.34,-1.04,-2.99,1.16
508756.093000,0.825,-0.419,-0.305,-1.31,-2.04,-0.09
508756.140000,0.818,-0.472,-0.363,5.01,1.77,6.41
508756.187000,0.798,-0.856,-0.548,44.04,18.8,-4.15
508756.234000,0.733,-0.802,-0.576,90.0,37.08,-41.78
508756.281000,0.265,-1.382,-0.845,163.91,35.22,-10.59
508756.328000,0.705,-0.993,-0.674,234.35,18.13,-121.07
508756.375000,0.578,-0.589,-0.271,237.25,28.81,-78.31
508756.421000,0.784,-0.468,0.097,284.37,-7.54,-36.35
508756.468000,0.789,-0.395,-0.1,288.4,-36.07,-41.35
508756.515000,0.746,-0.152,-0.04,332.83,-23.13,-22.1
508756.562000,1.149,-0.002,-0.337,370.77,-81.51,28.87
508756.609000,0.956,0.014,-0.281,296.18,-70.53,20.57
508756.656000,1.436,0.125,-0.393,337.6,-58.38,31.34
508756.703000,1.056,-0.03,0.065,166.2,-27.62,5.58
508756.750000,1.165,0.005,0.032,222.54,-42.79,53.47
508756.796000,0.99,0.211,0.208,25.24,-45.11,-38.27
508756.843000,1.016,0.079,0.104,81.97,-47.12,48.86
508756.890000,0.936,-0.033,0.042,-67.23,-80.11,8.3
508756.937000,0.966,0.046,-0.218,-29.36,-48.74,17.37
508756.984000,0.682,-0.048,-0.279,-98.94,-87.25,30.52
508757.031000,0.943,-0.132,-0.607,-62.11,-39.83,20.84
508757.078000,0.7,-0.275,-0.537,-60.95,-68.54,33.33
508757.125000,0.878,-0.163,-0.814,-51.82,-4.06,-23.56
508757.171000,0.817,-0.209,-0.465,-69.4,-55.3,-17.88
508757.218000,0.858,-0.243,-0.762,3.3,5.22,13.21
508757.265000,0.845,-0.192,-0.321,-18.52,4.15,-11.51
508757.312000,0.888,-0.1,-0.344,-13.79,-34.79,38.88
508757.359000,0.837,-0.163,-0.285,-21.52,-8.79,20.57
508757.406000,0.899,-0.124,-0.374,-32.44,-42.02,25.24
508757.453000,0.899,-0.281,-0.471,-15.38,-12.79,18.13
508757.500000,0.88,-0.216,-0.39,-17.21,-14.13,5.28
508757.546000,0.858,-0.253,-0.402,-8.42,-1.4,6.41
508757.593000,0.911,-0.222,-0.449,-8.55,0.34,-1.83
508757.640000,0.885,-0.177,-0.374,-6.47,13.21,-16.17
508757.687000,0.956,-0.162,-0.492,0.06,-4.91,8.0
508757.734000,0.902,-0.194,-0.329,-2.9,5.43,1.83
508757.781000,0.919,-0.189,-0.435,-6.41,-0.18,12.15
508757.828000,0.915,-0.263,-0.383,-5.34,-1.59,6.07
508757.875000,0.911,-0.244,-0.398,-2.47,7.72,0.24
508757.921000,0.893,-0.257,-0.376,3.54,6.38,6.62
508757.968000,0.888,-0.249,-0.377,4.43,6.29,-1.86
508758.015000,0.867,-0.25,-0.33,5.55,8.0,-5.13
508758.062000,0.878,-0.232,-0.347,10.77,12.33,-7.87
508758.109000,0.87,-0.229,-0.343,13.25,8.06,-3.63
508758.156000,0.863,-0.238,-0.291,14.68,15.02,-12.27
508758.203000,0.875,-0.19,-0.287,20.78,9.98,-10.1
508758.250000,0.889,-0.205,-0.315,23.99,5.43,-12.24
508758.296000,0.893,-0.068,-0.294,9.31,5.4,-21.88
508758.343000,0.911,0.048,-0.324,-7.11,-5.22,-8.12
508758.390000,0.912,0.165,-0.366,-16.75,0.15,-3.2
508758.437000,1.009,0.349,-0.453,-45.84,-6.87,6.71
508758.484000,1.047,0.449,-0.556,-65.71,0.46,6.81
508758.531000,0.973,0.427,-0.631,-81.0,12.94,42.27
508758.578000,0.814,0.385,-0.636,-127.45,23.47,25.61
508758.625000,0.767,0.33,-0.705,-144.75,13.64,42.48
508758.671000,0.746,0.249,-0.821,-156.01,20.63,38.85
508758.718000,0.678,0.183,-0.851,-181.19,-0.31,55.48
508758.781000,0.664,0.035,-0.914,-187.63,16.91,54.08
508758.828000,0.631,0.017,-1.033,-185.67,-6.71,66.26
508758.875000,0.615,-0.091,-1.011,-188.54,-0.15,72.12
508758.921000,0.681,-0.314,-1.065,-171.67,-8.82,107.61
508758.968000,0.68,-0.417,-0.952,-165.65,6.41,98.27
508759.015000,0.74,-0.543,-0.935,-166.14,14.68,39.25
508759.062000,0.651,-0.358,-0.626,-132.85,15.41,53.01
508759.109000,0.736,-0.433,-0.773,-125.95,-2.35,57.22
508759.156000,0.756,-0.512,-0.554,-78.25,23.59,105.32
508759.203000,0.75,-0.489,-0.678,-39.77,32.01,103.03
508759.250000,0.747,-0.611,-0.443,-35.58,20.02,89.72
508759.296000,0.766,-0.556,-0.352,-27.71,37.54,78.07
508759.343000,0.797,-0.608,-0.344,-17.7,20.6,45.23
508759.390000,0.741,-0.557,-0.237,-22.1,24.26,34.03
508759.437000,0.843,-0.554,-0.319,-21.3,8.97,19.1
508759.484000,0.816,-0.596,-0.269,-1.07,12.15,32.69
508759.531000,0.83,-0.568,-0.328,3.39,11.14,5.62
508759.578000,0.836,-0.506,-0.226,16.6,12.36,10.59
508759.625000,0.799,-0.477,-0.236,11.35,9.67,7.72
508759.671000,0.836,-0.488,-0.231,19.2,4.7,3.66
508759.718000,0.812,-0.42,-0.203,8.55,0.15,-6.68
508759.765000,0.84,-0.443,-0.223,12.33,-1.68,-0.12
508759.812000,0.832,-0.4,-0.233,2.29,-9.86,-10.68
508759.859000,0.866,-0.404,-0.279,10.07,-3.57,5.04
508759.906000,0.83,-0.424,-0.233,3.69,-11.75,-2.26
508759.953000,0.868,-0.417,-0.263,4.06,1.43,-3.81
508760.000000,0.864,-0.427,-0.265,3.63,-8.7,-3.3
508760.046000,0.853,-0.393,-0.262,2.87,-1.01,-2.9
508760.093000,0.888,-0.386,-0.316,2.87,-7.45,0.0
508760.140000,0.858,-0.396,-0.3,6.44,-0.95,1.89
508760.187000,0.844,-0.389,-0.288,-0.03,-8.09,-0.52
508760.234000,0.87,-0.383,-0.346,5.01,3.48,-6.84
508760.281000,0.84,-0.37,-0.265,3.85,-2.14,6.07
508760.328000,0.849,-0.39,-0.329,1.59,0.03,-3.81
508760.375000,0.821,-0.37,-0.27,1.31,-2.56,5.92
508760.421000,0.858,-0.435,-0.322,3.85,-2.96,-3.3
508760.468000,0.83,-0.387,-0.282,3.39,-3.66,6.04
508760.515000,0.85,-0.424,-0.328,5.01,-3.51,-0.64
508760.578000,0.842,-0.39,-0.272,0.64,-4.67,3.6
508760.625000,0.891,-0.42,-0.36,4.7,-0.4,-2.84
508760.671000,0.867,-0.378,-0.275,1.5,2.69,-4.52
508760.718000,0.892,-0.393,-0.356,2.87,5.86,-7.23
508760.765000,0.86,-0.412,-0.315,0.43,-0.55,6.04
508760.812000,0.875,-0.397,-0.338,2.38,2.44,-3.54
508760.859000,0.819,-0.372,-0.257,-1.19,5.77,0.61
508760.906000,0.868,-0.392,-0.314,-1.16,-1.28,0.58
508760.953000,0.839,-0.379,-0.268,-1.19,3.54,1.37
508761.000000,0.834,-0.403,-0.318,-4.15,-5.49,4.39
508761.046000,0.836,-0.398,-0.274,-1.95,5.01,1.43
508761.093000,0.848,-0.399,-0.291,-4.21,-6.01,1.89
508761.140000,0.838,-0.405,-0.298,-3.23,1.74,0.55
508761.187000,0.862,-0.436,-0.301,-2.14,-3.05,0.46
508761.234000,0.84,-0.403,-0.301,0.4,4.61,-3.3
508761.281000,0.842,-0.425,-0.307,0.27,-1.62,1.43
508761.328000,0.848,-0.412,-0.311,5.89,6.38,-0.95
508761.375000,0.836,-0.426,-0.279,1.95,-0.98,-0.95
508761.421000,0.864,-0.406,-0.297,5.13,5.34,-6.5
508761.468000,0.839,-0.412,-0.274,6.56,1.95,1.77
508761.515000,0.868,-0.425,-0.285,7.35,1.59,-0.89
508761.562000,0.86,-0.392,-0.26,2.62,-1.25,-5.89
508761.609000,0.876,-0.409,-0.311,5.25,1.59,-3.08
508761.671000,0.862,-0.447,-0.29,13.61,6.07,1.5
508761.718000,0.858,-0.567,-0.36,21.94,8.12,-4.12
508761.781000,0.689,-1.049,-0.667,77.39,19.81,-11.6
508761.828000,0.281,-1.029,-0.546,148.38,42.02,-68.61
508761.875000,0.559,-1.012,-0.643,212.65,2.78,-74.13
508761.921000,0.632,-0.813,-0.348,243.57,17.12,-58.81
508761.968000,0.783,-0.682,-0.126,300.03,-34.21,-39.06
508762.015000,0.849,-0.118,-0.23,301.28,-47.98,-63.75
508762.062000,0.883,0.054,-0.02,326.15,-55.85,-3.17
508762.109000,0.995,0.173,-0.163,299.08,-96.53,18.86
508762.156000,1.252,0.041,-0.204,265.97,-131.6,48.65
508762.203000,1.272,0.054,-0.2,187.57,-82.0,15.23
508762.250000,1.07,-0.079,0.038,143.31,-60.85,18.07
508762.296000,0.954,-0.004,0.021,53.22,-39.55,2.72
508762.343000,1.08,-0.252,-0.25,43.06,-76.54,48.8
508762.390000,0.79,-0.176,-0.112,-65.37,-12.12,-44.8
508762.437000,1.056,-0.224,-0.444,-50.6,-54.23,-7.6
508762.484000,0.747,0.027,-0.369,-96.22,35.22,-83.19
508762.531000,0.689,0.016,-0.61,-83.35,-69.03,-0.95
508762.578000,0.66,-0.197,-0.726,-76.94,-69.67,34.24
508762.625000,0.705,-0.217,-0.707,-64.39,-12.6,-7.78
508762.671000,0.772,-0.228,-0.636,-43.76,-50.84,13.03
508762.718000,0.772,-0.193,-0.511,-16.39,4.33,-6.29
508762.765000,0.941,-0.108,-0.525,-15.59,-41.02,-1.86
508762.812000,0.854,-0.068,-0.298,-5.74,4.43,25.12
508762.859000,0.915,-0.16,-0.627,-14.53,-36.1,28.69
508762.906000,0.886,-0.184,-0.417,-7.84,4.33,5.22
508762.953000,0.879,-0.162,-0.477,-9.8,-16.79,14.19
508763.000000,0.871,-0.187,-0.439,-11.11,-0.82,7.23
508763.046000,0.863,-0.213,-0.487,-7.17,-4.58,8.61
508763.109000,0.883,-0.181,-0.434,-3.14,11.72,4.67
508763.156000,0.944,-0.17,-0.528,-9.13,3.66,-2.56
508763.203000,0.883,-0.199,-0.357,-19.5,8.73,3.91
508763.250000,0.903,-0.198,-0.46,-6.1,14.59,7.66
508763.296000,0.814,-0.239,-0.361,-7.42,11.11,-0.55
508763.343000,0.85,-0.227,-0.427,-7.63,6.93,-6.62
508763.390000,0.856,-0.302,-0.393,7.32,1.59,-3.02
508763.437000,0.874,-0.226,-0.4,12.48,12.63,-14.68
508763.484000,0.866,-0.223,-0.374,14.22,8.91,-4.88
508763.531000,0.878,-0.212,-0.386,17.06,9.16,-11.81
508763.578000,0.894,-0.134,-0.368,8.36,8.36,-19.84
508763.625000,0.877,-0.123,-0.347,12.63,3.42,-8.39
508763.671000,0.898,-0.108,-0.347,5.77,11.63,-16.05
508763.718000,0.892,-0.097,-0.384,3.81,-1.43,0.21
508763.765000,0.882,-0.151,-0.322,0.58,3.6,-7.81
508763.812000,0.908,-0.105,-0.432,0.37,8.51,-13.15
508763.859000,0.905,-0.113,-0.419,4.36,-3.78,1.56
508763.906000,0.909,-0.112,-0.409,6.53,9.43,-5.1
508763.953000,0.869,0.088,-0.381,-0.43,11.96,-13.58
508764.015000,0.933,0.336,-0.498,-13.09,16.79,-9.55
508764.062000,0.98,0.427,-0.455,-44.25,13.79,3.51
508764.109000,0.93,0.431,-0.48,-74.62,14.74,22.0
508764.156000,0.902,0.351,-0.531,-96.8,-4.24,43.61
508764.203000,0.915,0.183,-0.628,-95.58,13.37,49.47
508764.250000,0.871,0.177,-0.665,-126.65,13.21,41.05
508764.296000,0.814,0.128,-0.709,-131.29,19.04,63.48
508764.343000,0.812,0.074,-0.704,-150.06,17.21,45.23
508764.390000,0.692,0.031,-0.703,-153.14,22.83,46.63
508764.437000,0.758,0.016,-0.779,-158.67,4.0,37.32
508764.484000,0.745,-0.117,-0.709,-167.09,6.13,44.25
508764.546000,0.724,-0.154,-0.76,-149.63,14.92,60.91
508764.593000,0.67,-0.26,-0.702,-141.48,1.28,93.69
508764.640000,0.726,-0.421,-0.694,-126.68,13.89,91.13
508764.687000,0.72,-0.494,-0.614,-100.13,17.82,92.99
508764.734000,0.743,-0.5,-0.589,-91.71,19.87,73.55
508764.781000,0.763,-0.582,-0.449,-84.96,20.05,55.76
508764.828000,0.738,-0.444,-0.471,-45.81,27.01,87.01
508764.875000,0.672,-0.7,-0.377,-46.66,25.09,78.77
508764.921000,0.774,-0.698,-0.333,-12.27,26.49,82.71
508764.984000,0.81,-0.669,-0.329,-28.44,4.94,0.55
508765.031000,0.782,-0.675,-0.146,-9.64,25.24,38.15
508765.078000,0.865,-0.564,-0.352,-2.78,15.9,-6.93
508765.125000,0.764,-0.538,-0.159,0.18,11.84,10.04
508765.171000,0.812,-0.487,-0.199,4.03,8.91,-7.14
508765.218000,0.802,-0.441,-0.226,6.62,-0.58,-5.52
508765.265000,0.816,-0.458,-0.21,1.95,2.35,-4.49
508765.312000,0.868,-0.41,-0.262,7.35,-5.83,-8.03
508765.359000,0.85,-0.448,-0.251,5.92,-5.95,-3.45
508765.406000,0.809,-0.418,-0.178,5.95,6.01,13.73
508765.453000,0.871,-0.373,-0.301,0.18,-6.81,-4.94
508765.500000,0.844,-0.4,-0.197,1.31,-6.81,9.49
508765.546000,0.861,-0.433,-0.267,-6.78,-11.63,-4.94
508765.593000,0.873,-0.387,-0.277,2.08,-4.15,0.21
508765.640000,0.877,-0.403,-0.302,-2.41,-6.53,-1.53
508765.687000,0.881,-0.382,-0.324,0.24,-7.2,-4.46
508765.734000,0.874,-0.396,-0.287,-2.26,-1.59,5.04
508765.781000,0.857,-0.395,-0.306,-1.5,-8.15,-2.56
508765.828000,0.872,-0.381,-0.344,-1.53,-2.69,-1.92
508765.875000,0.858,-0.398,-0.291,-1.16,-3.78,0.67
508765.921000,0.848,-0.395,-0.316,-0.24,-5.98,-3.54
508765.968000,0.846,-0.397,-0.31,1.28,-4.21,-3.72
508766.015000,0.868,-0.361,-0.323,-2.87,3.33,-10.59
508766.062000,0.845,-0.363,-0.306,2.69,1.1,6.1
508766.109000,0.862,-0.397,-0.317,1.43,0.37,-0.06
508766.156000,0.845,-0.368,-0.281,0.03,2.75,1.1
508766.203000,0.872,-0.414,-0.337,2.87,-1.22,-0.67
508766.250000,0.827,-0.368,-0.287,2.53,2.29,-4.03
508766.296000,0.863,-0.374,-0.321,0.64,-3.94,-1.22
508766.343000,0.831,-0.379,-0.274,1.71,5.4,4.15
508766.390000,0.864,-0.419,-0.312,1.86,-2.69,3.51
508766.437000,0.867,-0.358,-0.28,2.62,2.17,2.29
508766.484000,0.849,-0.403,-0.315,-2.11,0.43,-2.01
508766.531000,0.855,-0.397,-0.289,-1.19,2.84,4.73
508766.578000,0.835,-0.435,-0.302,-0.43,-2.29,2.72
508766.625000,0.842,-0.384,-0.304,-1.62,1.83,-5.62
508766.671000,0.844,-0.422,-0.301,3.88,-1.13,2.56
508766.718000,0.838,-0.381,-0.292,2.84,4.49,0.37
508766.781000,0.883,-0.406,-0.295,5.89,-0.4,-2.62
508766.828000,0.842,-0.392,-0.276,5.71,4.36,0.76
508766.875000,0.831,-0.404,-0.291,4.0,0.4,1.04
508766.921000,0.857,-0.373,-0.262,-1.83,2.75,-5.65
508766.968000,0.84,-0.439,-0.306,2.78,-5.34,7.97
508767.015000,0.837,-0.41,-0.238,2.66,5.74,-7.57
508767.062000,0.883,-0.388,-0.324,4.67,-2.2,-1.16
508767.109000,0.824,-0.349,-0.256,2.96,4.79,-2.53
508767.156000,0.867,-0.372,-0.277,0.37,-2.29,5.46
508767.203000,0.842,-0.387,-0.301,-0.61,-0.79,2.04
508767.250000,0.84,-0.406,-0.27,-0.37,1.46,5.07
508767.296000,0.87,-0.404,-0.3,-2.14,1.89,-2.2
508767.343000,0.851,-0.404,-0.279,0.52,2.78,3.51
508767.390000,0.857,-0.416,-0.286,-2.17,-2.38,2.2
508767.437000,0.851,-0.415,-0.256,-1.62,2.99,1.4
508767.484000,0.836,-0.422,-0.287,-2.41,1.71,2.62
508767.531000,0.869,-0.426,-0.29,1.1,4.3,1.59
508767.578000,0.831,-0.438,-0.274,0.76,1.16,0.31
508767.625000,0.84,-0.409,-0.279,1.16,1.95,-0.27
508767.671000,0.85,-0.421,-0.268,2.11,3.11,0.61
508767.718000,0.837,-0.397,-0.273,-0.09,-3.14,-1.46
508767.765000,0.854,-0.405,-0.277,0.12,4.03,0.89
508767.812000,0.837,-0.416,-0.26,-0.79,-1.43,-0.92
508767.859000,0.867,-0.408,-0.285,-4.33,3.94,-4.39
508767.906000,0.857,-0.435,-0.28,3.3,-1.95,3.66
508767.953000,0.844,-0.42,-0.277,2.5,4.82,-5.8
508768.000000,0.853,-0.473,-0.29,8.79,-1.22,1.19
508768.046000,0.857,-0.63,-0.344,14.65,7.32,-6.78
508768.093000,0.659,-1.077,-0.589,69.46,22.8,-31.59
508768.140000,0.611,-1.189,-0.774,171.76,45.63,-95.34
508768.187000,0.455,-0.841,-0.781,202.37,42.18,-111.18
508768.234000,0.711,-0.566,-0.285,240.0,51.61,-45.87
508768.281000,0.645,-0.441,-0.052,265.33,22.19,-33.72
508768.328000,0.872,-0.281,-0.059,252.42,-12.42,-46.6
508768.375000,0.92,-0.08,-0.001,312.88,-36.59,-12.7
508768.421000,0.945,0.196,-0.101,323.04,-70.62,-1.62
508768.468000,1.365,0.378,-0.312,314.62,-67.48,5.46
508768.515000,1.058,0.297,-0.099,209.72,-34.09,-4.94
508768.562000,1.131,-0.066,0.008,227.45,-51.55,46.45
508768.609000,0.879,0.075,0.129,137.52,-20.69,-13.95
508768.656000,1.078,0.139,0.178,68.58,-58.99,-1.56
508768.703000,1.037,0.265,0.089,31.89,-39.61,-19.26
508768.750000,0.905,0.3,0.041,-47.06,-60.27,7.78
508768.796000,0.803,0.163,-0.24,-103.18,-76.66,32.69
508768.843000,0.896,0.077,-0.479,-102.45,-53.87,32.2
508768.890000,0.581,-0.29,-0.762,-84.29,-92.81,86.28
508768.937000,0.922,-0.26,-0.842,-94.33,-27.8,3.85
508768.984000,0.71,-0.069,-0.626,-71.54,-73.27,8.82
508769.031000,0.851,-0.107,-0.747,-62.53,1.68,-23.1
508769.093000,0.802,-0.146,-0.591,-37.17,-29.11,13.55
508769.140000,0.739,-0.031,-0.4,-10.8,20.08,-10.53
508769.187000,0.852,0.013,-0.507,-12.33,-18.56,21.12
508769.234000,0.868,-0.085,-0.379,-14.86,-6.38,15.66
508769.281000,0.951,-0.092,-0.611,-21.52,-17.64,10.93
508769.328000,0.883,-0.104,-0.382,-8.88,6.93,10.41
508769.375000,0.941,-0.123,-0.59,-12.54,-11.23,12.27
508769.421000,0.889,-0.14,-0.396,-6.23,15.66,8.79
508769.468000,0.924,-0.144,-0.47,-1.65,-1.62,11.35
508769.515000,0.851,-0.145,-0.342,2.2,13.55,8.55
508769.562000,0.918,-0.128,-0.418,-7.11,-3.2,4.39
508769.609000,0.88,-0.179,-0.374,3.81,20.78,5.98
508769.656000,0.899,-0.178,-0.411,-3.27,-4.55,1.04
508769.703000,0.913,-0.205,-0.394,11.38,21.88,1.43
508769.750000,0.884,-0.158,-0.387,4.24,2.35,-5.46
508769.796000,0.886,-0.108,-0.326,6.71,15.05,-10.8
508769.843000,0.921,-0.089,-0.418,-1.8,-3.39,-3.42
508769.890000,0.877,-0.077,-0.344,1.68,13.76,-8.48
508769.937000,0.883,0.003,-0.415,-4.79,3.81,-4.15
508769.984000,0.879,0.091,-0.378,-10.5,2.38,1.19
508770.031000,0.923,0.158,-0.444,-19.44,-0.73,7.2
508770.078000,0.933,0.196,-0.447,-29.73,3.94,18.43
508770.125000,0.945,0.172,-0.446,-43.49,-3.6,25.64
508770.171000,1.065,0.159,-0.609,-56.49,12.79,27.59
508770.218000,0.958,0.233,-0.545,-66.53,26.64,36.41
508770.265000,0.891,0.232,-0.536,-89.57,35.13,39.89
508770.312000,0.784,0.286,-0.513,-105.41,37.05,43.21
508770.359000,0.782,0.173,-0.623,-125.49,23.59,53.9
508770.406000,0.723,0.085,-0.659,-138.89,35.28,41.72
508770.453000,0.708,0.156,-0.732,-155.86,15.41,30.37
508770.500000,0.719,0.064,-0.728,-171.33,18.4,40.99
508770.546000,0.743,-0.035,-0.802,-170.05,-0.24,57.86
508770.593000,0.62,-0.097,-0.799,-173.53,5.19,77.73
508770.640000,0.64,-0.262,-0.867,-156.19,-11.99,116.52
508770.687000,0.626,-0.572,-0.766,-125.95,18.65,117.92
508770.750000,0.664,-0.511,-0.751,-108.43,13.73,90.18
508770.796000,0.689,-0.698,-0.639,-100.92,17.79,85.76
508770.843000,0.681,-0.684,-0.516,-85.91,20.54,83.19
508770.890000,0.729,-0.64,-0.574,-82.95,15.56,64.3
508770.937000,0.679,-0.784,-0.414,-47.91,17.61,79.59
508770.984000,0.699,-0.672,-0.435,-36.68,16.27,34.33
508771.031000,0.685,-0.725,-0.373,-25.51,12.09,38.06
508771.078000,0.725,-0.686,-0.357,-7.17,16.57,31.22
508771.125000,0.672,-0.679,-0.315,5.22,4.88,32.32
508771.171000,0.751,-0.672,-0.302,17.91,9.0,21.49
508771.218000,0.802,-0.528,-0.342,18.52,10.22,-5.8
508771.265000,0.847,-0.487,-0.351,19.47,1.74,-8.48
508771.312000,0.828,-0.445,-0.297,17.43,8.51,-12.45
508771.359000,0.829,-0.454,-0.299,10.07,2.66,-7.23
508771.406000,0.835,-0.438,-0.336,12.05,3.08,-4.39
508771.453000,0.799,-0.459,-0.31,5.74,3.27,0.06
508771.500000,0.834,-0.463,-0.374,5.01,5.95,-18.8
508771.546000,0.777,-0.431,-0.247,0.43,-3.39,-0.43
508771.593000,0.848,-0.418,-0.351,4.0,2.93,-5.92
508771.640000,0.713,-0.423,-0.264,1.83,-2.78,15.44
508771.687000,0.777,-0.5,-0.343,-6.81,-13.06,1.07
508771.734000,0.803,-0.463,-0.252,-1.46,-2.26,-4.21
508771.781000,0.875,-0.444,-0.393,-1.31,-11.08,-8.06
508771.828000,0.849,-0.437,-0.32,3.63,0.21,-4.09
508771.875000,0.846,-0.432,-0.339,4.3,-3.23,-9.49
508771.921000,0.842,-0.41,-0.345,7.02,1.8,-6.68
508771.968000,0.832,-0.406,-0.329,5.1,0.73,-9.74
508772.015000,0.828,-0.374,-0.334,3.3,1.77,-3.08
508772.062000,0.845,-0.397,-0.35,4.18,0.12,0.55
508772.109000,0.815,-0.411,-0.313,-1.34,-4.76,-1.59
508772.156000,0.832,-0.384,-0.362,2.84,4.52,0.98
508772.203000,0.792,-0.436,-0.305,4.12,0.4,7.66
508772.250000,0.775,-0.409,-0.349,2.59,0.95,-3.78
508772.296000,0.828,-0.413,-0.352,2.9,-4.18,1.46
508772.359000,0.854,-0.406,-0.329,5.71,0.0,6.16
508772.421000,0.853,-0.409,-0.334,2.87,-0.27,-2.66
508772.468000,0.82,-0.395,-0.319,-1.37,2.08,2.75
508772.515000,0.833,-0.443,-0.341,1.25,0.58,10.04
508772.562000,0.804,-0.423,-0.328,-1.53,3.72,-0.03
508772.609000,0.817,-0.44,-0.316,0.09,-2.99,5.86
508772.656000,0.809,-0.459,-0.329,3.63,7.02,3.3
508772.703000,0.805,-0.438,-0.32,-2.59,0.49,-3.72
508772.750000,0.827,-0.437,-0.3,-0.95,10.41,-0.89
508772.796000,0.813,-0.474,-0.322,4.03,-1.13,5.52
508772.843000,0.835,-0.438,-0.35,1.71,6.47,-6.41
508772.890000,0.795,-0.43,-0.275,3.33,1.56,3.39
508772.937000,0.824,-0.457,-0.312,1.37,1.46,-0.18
508772.984000,0.802,-0.441,-0.283,3.81,-1.13,6.44
508773.031000,0.845,-0.46,-0.368,-0.27,3.66,-4.85
508773.078000,0.815,-0.45,-0.297,3.36,-1.1,3.97
508773.125000,0.84,-0.44,-0.344,1.53,2.04,-2.99
508773.171000,0.81,-0.432,-0.277,0.43,1.4,2.93
508773.218000,0.816,-0.454,-0.322,1.34,-2.72,4.85
508773.265000,0.825,-0.443,-0.312,-2.81,4.85,-4.27
508773.312000,0.807,-0.453,-0.299,0.92,-3.17,6.93
508773.359000,0.815,-0.459,-0.343,2.11,6.41,-1.71
508773.406000,0.811,-0.456,-0.312,1.22,-2.35,3.2
508773.453000,0.841,-0.466,-0.326,0.12,2.11,-1.01
508773.500000,0.811,-0.47,-0.295,3.36,6.35,2.69
508773.546000,0.831,-0.478,-0.339,2.84,-5.04,0.09
508773.593000,0.79,-0.44,-0.268,2.93,7.87,-5.28
508773.640000,0.831,-0.463,-0.299,1.98,-5.43,1.65
508773.687000,0.791,-0.428,-0.251,0.0,7.63,-2.17
508773.734000,0.824,-0.477,-0.318,-1.46,-7.42,4.3
508773.781000,0.816,-0.456,-0.288,-1.83,2.96,-2.56
508773.828000,0.818,-0.489,-0.303,2.96,0.09,1.34
508773.875000,0.822,-0.457,-0.298,-0.64,2.78,-5.74
508773.921000,0.819,-0.474,-0.298,3.57,-0.06,2.84
508773.968000,0.805,-0.443,-0.286,-0.46,2.9,-2.9
508774.015000,0.824,-0.464,-0.297,1.04,-1.13,2.11
508774.062000,0.808,-0.454,-0.302,-1.22,-2.04,-0.61
508774.109000,0.789,-0.633,-0.362,13.4,1.31,6.78
508774.156000,0.761,-0.812,-0.445,32.96,9.43,-12.27
508774.203000,0.204,-1.549,-0.782,150.67,34.46,-57.31
508774.250000,0.062,-1.409,-0.6,192.24,-12.67,-231.45
508774.296000,0.534,-0.792,-1.002,242.81,-31.34,-227.64
508774.343000,0.956,-0.405,-0.394,324.53,-7.87,-47.67
508774.390000,1.087,-0.121,-0.55,283.97,-26.12,-78.92
508774.437000,0.846,0.15,-0.313,283.88,16.72,-61.43
508774.484000,0.982,0.298,-0.24,304.85,-23.19,18.19
508774.531000,0.943,-0.08,-0.127,359.6,-61.13,64.18
508774.578000,1.271,0.106,-0.475,263.13,-39.58,-12.94
508774.625000,1.256,-0.001,-0.093,200.2,-22.19,-19.62
508774.671000,1.001,0.21,0.133,157.84,31.59,-25.3
508774.718000,1.002,0.187,0.281,67.32,-5.16,-10.19
508774.765000,0.914,0.153,0.12,24.9,-20.87,8.27
508774.812000,1.045,-0.106,-0.124,13.82,-54.17,59.63
508774.859000,0.698,-0.084,-0.056,-60.67,-1.22,1.89
508774.906000,0.95,-0.399,-0.306,-22.64,-74.71,96.74
508774.953000,0.472,-0.21,-0.177,-108.86,-22.61,-6.68
508775.000000,0.949,-0.347,-0.829,-69.37,-96.68,20.42
508775.046000,0.704,-0.136,-0.409,-84.29,-50.72,-16.42
508775.093000,0.794,-0.228,-0.695,-53.68,-50.26,5.46
508775.140000,0.859,-0.319,-0.464,-26.03,-18.52,-10.41
508775.187000,0.822,-0.223,-0.483,-13.76,-10.56,-13.12
508775.234000,0.961,-0.164,-0.346,-11.72,-17.3,3.42
508775.296000,0.971,-0.162,-0.317,-14.62,0.24,1.5
508775.343000,0.971,-0.131,-0.389,-18.22,-8.94,5.43
508775.390000,0.929,-0.182,-0.397,-10.96,7.9,6.44
508775.437000,0.888,-0.202,-0.355,-4.76,25.06,-0.79
508775.484000,0.867,-0.126,-0.273,-9.55,14.37,-8.82
508775.531000,0.921,-0.171,-0.273,-17.37,7.2,6.47
508775.578000,0.955,-0.173,-0.345,-10.19,2.04,10.53
508775.625000,0.957,-0.227,-0.248,-23.01,-1.34,5.62
508775.671000,0.918,-0.222,-0.316,-12.18,6.78,13.95
508775.718000,0.91,-0.282,-0.265,-20.05,-2.47,7.93
508775.765000,0.893,-0.281,-0.232,-8.12,13.4,0.58
508775.812000,0.894,-0.23,-0.24,-7.72,1.74,-2.62
508775.859000,0.871,-0.249,-0.194,-1.34,7.84,4.82
508775.906000,0.92,-0.253,-0.295,2.35,5.1,-1.65
508775.953000,0.917,-0.259,-0.213,4.49,11.17,-7.23
508776.000000,0.933,-0.225,-0.294,6.04,-2.81,-0.18
508776.046000,0.934,-0.237,-0.265,11.08,1.22,-3.08
508776.093000,0.908,-0.21,-0.262,13.46,-4.79,-3.2
508776.140000,0.911,-0.16,-0.237,5.04,-1.56,-9.0
508776.187000,0.931,-0.167,-0.326,8.21,-2.69,-0.79
508776.234000,0.895,-0.102,-0.25,1.25,-0.92,-7.39
508776.281000,0.924,-0.042,-0.328,6.1,-3.39,-3.23
508776.328000,0.932,0.025,-0.316,-10.59,-0.61,-1.16
508776.375000,0.948,0.063,-0.366,-17.76,-4.91,-0.64
508776.421000,0.928,0.11,-0.391,-33.08,5.37,1.31
508776.468000,0.972,0.107,-0.472,-47.55,0.61,13.43
508776.515000,0.98,0.125,-0.444,-66.81,6.38,13.31
508776.562000,0.931,0.173,-0.527,-78.37,19.59,23.22
508776.609000,0.876,0.178,-0.502,-97.66,17.82,23.96
508776.656000,0.898,0.132,-0.597,-109.59,10.07,34.55
508776.703000,0.794,0.075,-0.587,-131.72,13.73,38.94
508776.750000,0.831,0.021,-0.744,-135.32,15.35,44.77
508776.812000,0.802,-0.026,-0.721,-155.52,6.78,39.06
508776.859000,0.768,-0.077,-0.72,-154.88,19.93,45.59
508776.906000,0.717,-0.11,-0.771,-160.68,10.22,46.33
508776.953000,0.772,-0.203,-0.749,-165.56,7.9,45.56
508777.000000,0.691,-0.214,-0.712,-146.46,14.53,70.41
508777.046000,0.677,-0.291,-0.713,-139.35,13.12,80.05
508777.093000,0.701,-0.322,-0.642,-141.21,6.04,70.93
508777.140000,0.748,-0.42,-0.704,-132.11,7.26,83.07
508777.187000,0.718,-0.498,-0.603,-121.1,5.31,78.1
508777.234000,0.751,-0.559,-0.619,-96.16,5.83,79.84
508777.281000,0.699,-0.569,-0.502,-71.35,22.03,90.27
508777.328000,0.746,-0.777,-0.455,-74.47,5.34,57.44
508777.375000,0.858,-0.623,-0.404,-42.6,30.15,62.59
508777.421000,0.777,-0.724,-0.355,-48.89,7.97,26.25
508777.468000,0.757,-0.585,-0.334,-17.46,30.15,30.95
508777.515000,0.739,-0.547,-0.284,-21.3,6.84,-2.66
508777.562000,0.768,-0.541,-0.27,3.72,14.74,32.23
508777.609000,0.832,-0.502,-0.374,-0.06,8.73,8.67
508777.656000,0.768,-0.478,-0.254,-1.5,-6.71,12.12
508777.703000,0.838,-0.403,-0.362,-5.71,0.7,4.55
508777.750000,0.856,-0.424,-0.333,-4.0,-5.92,4.09
508777.796000,0.827,-0.416,-0.371,-3.42,-5.92,2.62
508777.843000,0.87,-0.424,-0.373,2.87,-2.08,-0.31
508777.890000,0.82,-0.428,-0.362,4.76,-3.33,6.59
508777.937000,0.832,-0.423,-0.375,5.83,-1.98,-6.87
508777.984000,0.843,-0.408,-0.331,8.91,-3.81,0.49
508778.031000,0.834,-0.383,-0.421,9.13,-4.85,-8.42
508778.078000,0.809,-0.38,-0.328,7.87,-1.74,7.02
508778.125000,0.85,-0.381,-0.398,9.52,0.21,-3.42
508778.171000,0.806,-0.381,-0.346,2.72,-7.29,-5.62
508778.218000,0.865,-0.356,-0.384,5.22,-3.05,-6.16
508778.265000,0.826,-0.38,-0.377,5.49,-1.77,1.25
508778.312000,0.839,-0.381,-0.354,3.27,-2.17,-0.79
508778.359000,0.835,-0.359,-0.37,5.8,0.95,3.08
508778.406000,0.825,-0.382,-0.372,4.67,-3.02,1.95
508778.453000,0.824,-0.358,-0.359,3.54,3.33,1.25
508778.500000,0.795,-0.366,-0.348,3.36,-5.74,5.92
508778.546000,0.819,-0.355,-0.386,8.76,1.46,9.4
508778.593000,0.809,-0.442,-0.372,5.25,-3.36,11.9
508778.640000,0.812,-0.43,-0.39,5.19,-1.5,-1.37
508778.687000,0.803,-0.393,-0.335,4.76,-1.22,1.95
508778.734000,0.848,-0.409,-0.383,0.82,0.89,-4.61
508778.781000,0.831,-0.398,-0.374,2.04,-0.98,-3.27
508778.828000,0.83,-0.414,-0.369,2.59,1.4,-2.2
508778.875000,0.817,-0.392,-0.37,4.18,1.34,-0.89
508778.921000,0.799,-0.441,-0.344,7.39,-1.28,5.98
508778.968000,0.84,-0.439,-0.411,1.68,-1.16,-6.38
508779.015000,0.818,-0.409,-0.355,3.02,1.59,-3.78
508779.062000,0.834,-0.414,-0.363,1.43,3.91,-6.5
508779.109000,0.802,-0.381,-0.326,1.13,3.54,-1.89
508779.156000,0.841,-0.398,-0.366,-1.71,-1.07,-0.89
508779.203000,0.805,-0.422,-0.347,2.72,0.64,4.33
508779.250000,0.807,-0.409,-0.333,-0.67,-1.83,-4.94
508779.296000,0.83,-0.4,-0.381,2.93,0.37,-4.67
508779.343000,0.809,-0.404,-0.321,2.44,-4.61,-0.64
508779.390000,0.833,-0.401,-0.366,0.27,0.27,-4.3
508779.437000,0.813,-0.393,-0.327,1.46,0.06,-0.37
508779.484000,0.828,-0.407,-0.373,1.83,-5.58,1.77
508779.531000,0.809,-0.384,-0.324,-2.9,3.85,-3.42
508779.578000,0.834,-0.405,-0.369,-1.16,-8.94,3.14
508779.625000,0.815,-0.404,-0.321,-0.82,6.47,-1.04
508779.671000,0.822,-0.404,-0.356,-0.92,-4.18,3.17
508779.718000,0.825,-0.41,-0.345,-0.52,3.57,-3.75
508779.765000,0.831,-0.397,-0.357,-0.79,-3.27,2.99
508779.812000,0.825,-0.408,-0.36,0.03,4.27,-0.64
508779.859000,0.806,-0.406,-0.354,1.37,-2.23,4.18
508779.906000,0.838,-0.411,-0.38,0.31,3.17,-4.39
508779.953000,0.828,-0.401,-0.365,2.59,-3.54,5.01
508780.000000,0.833,-0.412,-0.36,0.73,-3.45,0.98
508780.046000,0.812,-0.395,-0.316,0.03,3.72,-0.24
508780.093000,0.827,-0.427,-0.387,0.09,0.18,0.4
508780.140000,0.816,-0.392,-0.343,1.65,4.36,-3.45
508780.187000,0.805,-0.416,-0.361,0.37,-4.43,2.41
508780.234000,0.814,-0.406,-0.337,-3.88,0.95,-10.71
508780.281000,0.838,-0.401,-0.384,4.73,-0.03,1.65
508780.328000,0.822,-0.401,-0.353,0.49,6.65,-3.27
508780.375000,0.852,-0.392,-0.375,1.37,-2.78,-0.49
508780.421000,0.808,-0.393,-0.355,1.8,4.7,0.4
508780.468000,0.81,-0.41,-0.334,-2.38,-0.7,-4.94
508780.515000,0.842,-0.405,-0.415,3.63,2.41,-0.52
508780.562000,0.803,-0.42,-0.315,2.9,0.61,-1.77
508780.609000,0.864,-0.373,-0.399,1.86,-1.92,-8.3
508780.656000,0.827,-0.404,-0.303,4.09,-1.28,4.79
508780.703000,0.842,-0.396,-0.384,-0.09,1.68,-6.47
508780.750000,0.819,-0.375,-0.308,1.31,2.9,3.27
508780.796000,0.818,-0.413,-0.34,-1.01,0.27,-0.31
508780.843000,0.81,-0.389,-0.304,0.46,3.54,-3.2
508780.890000,0.834,-0.403,-0.368,3.33,-2.99,1.59
508780.937000,0.831,-0.387,-0.323,1.65,0.98,-0.18
508780.984000,0.832,-0.396,-0.345,-0.61,-2.17,0.61
508781.031000,0.842,-0.38,-0.331,0.09,2.59,-0.4
508781.078000,0.826,-0.392,-0.342,-2.17,-1.53,-1.74
508781.125000,0.848,-0.374,-0.358,-0.55,3.05,0.4
508781.171000,0.81,-0.417,-0.334,1.8,-1.77,5.43
508781.218000,0.829,-0.396,-0.372,1.31,1.34,-4.27
508781.265000,0.834,-0.394,-0.331,3.27,-1.31,3.51
508781.312000,0.828,-0.395,-0.357,0.95,1.37,-2.59
508781.359000,0.842,-0.388,-0.329,2.59,2.81,3.08
508781.406000,0.813,-0.422,-0.343,3.08,-4.52,3.69
508781.453000,0.874,-0.406,-0.393,1.43,7.39,-7.02
508781.500000,0.812,-0.417,-0.317,5.16,-4.0,5.37
508781.546000,0.85,-0.416,-0.371,3.75,3.42,-5.28
508781.593000,0.825,-0.383,-0.31,3.39,0.12,0.92
508781.640000,0.836,-0.416,-0.341,3.91,-0.34,2.87
508781.687000,0.84,-0.416,-0.329,4.64,7.72,-2.32
508781.734000,0.818,-0.402,-0.318,7.69,-0.09,0.52
508781.781000,0.838,-0.406,-0.349,9.31,4.52,-1.31
508781.828000,0.772,-0.451,-0.31,11.11,-4.52,4.88
508781.875000,0.807,-0.532,-0.337,22.61,4.91,1.16
508781.921000,0.711,-0.586,-0.297,37.66,-4.15,-6.1
508781.968000,0.737,-0.622,-0.386,72.21,-10.86,-11.23
508782.015000,0.674,-0.588,-0.27,103.89,-14.65,0.73
508782.062000,0.766,-0.607,-0.284,103.27,-39.55,-19.41
508782.109000,0.73,-0.412,-0.161,67.08,-2.62,-43.86
508782.156000,0.795,-0.367,-0.247,87.22,-44.37,-9.09
508782.203000,0.784,-0.398,-0.33,72.3,-21.09,12.42
508782.250000,0.694,-0.589,-0.217,95.28,-42.7,48.1
508782.296000,0.624,-0.615,-0.289,85.45,-25.18,6.1
508782.343000,0.781,-0.587,-0.042,109.9,-36.1,42.7
508782.390000,0.659,-0.534,-0.174,67.54,-61.28,4.61
508782.437000,0.702,-0.525,-0.17,65.16,-56.55,29.73
508782.484000,0.711,-0.56,-0.151,78.1,-68.79,58.5
508782.531000,0.832,-0.653,-0.254,34.52,-67.45,20.33
508782.578000,0.569,-0.53,-0.154,31.77,-54.17,35.89
508782.625000,0.837,-0.641,-0.244,13.76,-64.15,35.22
508782.671000,0.55,-0.61,-0.183,2.11,-36.53,50.02
508782.718000,0.695,-0.702,-0.205,24.84,-69.06,88.63
508782.765000,0.57,-0.87,-0.35,-1.5,-58.32,77.61
508782.812000,0.527,-1.071,-0.352,-4.76,-62.65,61.49
508782.859000,0.539,-0.975,-0.289,6.99,-47.91,41.75
508782.906000,0.625,-0.944,-0.444,-19.78,-47.27,-13.7
508782.953000,0.529,-0.874,-0.332,-17.76,-3.08,-12.57
508783.000000,0.448,-0.937,-0.297,13.82,-17.76,22.03
508783.046000,0.417,-0.889,-0.324,-8.94,-6.56,-15.69
508783.093000,0.421,-0.823,-0.307,-2.62,-18.34,-22.1
508783.140000,0.398,-0.797,-0.378,7.84,-11.84,4.06
508783.187000,0.382,-0.859,-0.333,0.73,-10.44,7.81
508783.234000,0.395,-0.844,-0.347,1.95,-8.24,1.62
508783.281000,0.381,-0.847,-0.351,-3.11,-5.4,0.27
508783.328000,0.37,-0.877,-0.35,1.83,-2.75,8.48
508783.375000,0.369,-0.87,-0.356,-0.7,-0.52,3.11
508783.421000,0.347,-0.857,-0.333,1.31,-1.62,5.55
508783.468000,0.364,-0.828,-0.314,-1.89,3.6,2.17
508783.515000,0.351,-0.813,-0.283,-2.78,-2.96,7.08
508783.562000,0.373,-0.899,-0.324,0.64,-2.44,12.88
508783.609000,0.356,-0.943,-0.309,-0.18,-2.59,5.31
508783.656000,0.319,-0.965,-0.395,9.74,-0.31,2.66
508783.703000,0.319,-0.914,-0.319,6.53,-1.19,-8.12
508783.750000,0.301,-0.857,-0.34,10.25,-4.43,-9.09
508783.796000,0.303,-0.867,-0.317,9.98,-11.9,1.19
508783.843000,0.328,-1.134,-0.411,39.74,-26.06,39.06
508783.890000,0.389,-1.172,-0.418,45.66,-17.94,26.55
508783.937000,0.437,-1.294,-0.256,79.71,-28.53,47.06
508783.984000,0.561,-1.198,0.052,62.41,-30.4,-26.83
508784.031000,0.663,-1.113,0.088,41.54,-51.12,-114.6
508784.078000,0.499,-0.792,-0.035,39.74,-35.98,-145.97
508784.125000,0.385,-0.212,0.031,38.88,0.49,-152.75
508784.171000,0.158,-0.189,-0.033,9.49,3.81,-86.21
508784.218000,0.001,-0.344,-0.232,35.1,19.14,-1.59
508784.265000,-0.143,-0.974,-0.423,6.29,9.74,56.95
508784.312000,-0.07,-1.215,-0.49,39.4,11.75,68.27
508784.359000,0.105,-1.401,-0.462,10.22,-9.64,51.67
508784.406000,0.352,-1.117,-0.178,7.23,41.9,19.38
508784.453000,0.593,-1.213,0.101,-11.66,11.23,38.24
508784.500000,0.814,-0.873,0.147,-19.17,49.1,22.89
508784.546000,0.918,-0.886,0.385,8.03,69.52,45.53
508784.593000,0.996,-0.907,0.268,12.05,54.02,-65.68
508784.640000,0.742,-0.831,0.348,31.1,43.15,-58.35
508784.687000,0.648,-0.728,0.294,71.29,39.28,-49.01
508784.734000,0.621,-0.617,0.287,27.25,2.84,-88.72
508784.781000,0.636,-0.495,0.353,12.85,9.16,-63.94
508784.828000,0.535,-0.441,0.253,-27.44,-1.83,-32.35
508784.875000,0.415,-0.242,-0.001,-38.97,-22.92,-4.0
508784.921000,0.196,-0.444,0.043,-87.34,-36.19,76.11
508784.968000,0.153,-0.739,-0.17,-41.78,-31.71,99.64
508785.031000,-0.009,-1.224,-0.175,-77.7,-33.81,87.25
508785.078000,0.09,-1.501,-0.31,-28.99,-36.9,98.18
508785.125000,0.149,-1.444,-0.187,-44.1,-48.89,34.24
508785.171000,0.32,-1.291,-0.27,-1.13,-76.72,43.37
508785.218000,0.483,-1.248,-0.212,1.4,-45.53,27.28
508785.265000,0.741,-1.186,-0.062,35.31,-41.23,40.62
508785.312000,0.681,-0.976,-0.128,56.58,2.35,-26.86
508785.359000,0.477,-0.824,0.008,51.94,0.64,-42.82
508785.406000,0.334,-0.828,-0.171,52.49,11.9,-67.26
508785.453000,0.344,-0.933,-0.169,32.23,17.3,-51.39
508785.500000,0.284,-0.795,-0.093,42.91,47.58,-32.2
508785.546000,0.421,-0.906,0.351,46.66,41.08,-0.55
508785.593000,0.455,-0.915,0.198,38.94,2.08,-33.2
508785.640000,0.35,-0.784,0.076,28.11,-22.68,-37.26
508785.687000,0.338,-0.756,0.104,-4.7,-5.71,-42.88
508785.734000,0.355,-0.822,0.196,-21.42,-2.78,-33.88
508785.781000,0.436,-0.948,0.044,-25.88,11.72,-9.86
508785.828000,0.476,-0.72,0.314,-32.2,29.48,-43.58
508785.890000,0.535,-0.784,0.272,-47.91,20.72,-21.64
508785.937000,0.606,-0.92,0.183,-37.45,-36.41,-37.51
508785.984000,0.573,-0.762,0.137,-57.92,-30.88,-42.21
508786.031000,0.606,-0.743,0.212,13.06,-38.03,-12.3
508786.078000,0.53,-0.974,-0.103,-21.03,-54.99,-5.04
508786.125000,0.596,-0.766,0.023,27.86,-39.12,-19.14
508786.171000,0.573,-0.748,-0.096,-2.84,-20.48,-7.48
508786.218000,0.701,-0.906,0.067,26.37,-18.16,7.57
508786.265000,0.644,-0.71,-0.061,-6.2,-35.55,-18.46
508786.312000,0.689,-0.678,-0.218,-13.34,-23.38,-18.16
508786.359000,0.665,-0.662,-0.29,-2.14,-8.18,3.45
508786.406000,0.609,-0.747,-0.186,-26.55,-4.3,11.6
508786.453000,0.543,-0.76,-0.238,-5.19,-6.99,7.78
508786.500000,0.638,-0.623,-0.229,-22.64,4.82,-0.64
508786.546000,0.677,-0.737,-0.241,-4.7,7.14,10.1
508786.593000,0.678,-0.779,-0.29,29.82,3.23,22.16
508786.640000,0.619,-0.815,-0.092,18.92,27.01,14.8
508786.687000,0.673,-0.731,-0.185,-5.92,5.83,-16.42
508786.734000,0.64,-0.717,-0.139,-4.39,34.33,-5.34
508786.781000,0.642,-0.684,-0.192,-3.33,17.18,-7.93
508786.828000,0.618,-0.705,-0.124,-4.97,30.52,8.45
508786.875000,0.613,-0.729,-0.044,-6.93,13.0,2.87
508786.921000,0.604,-0.799,0.026,-15.75,22.03,9.25
508786.968000,0.614,-0.811,0.067,2.38,8.73,13.55
508787.015000,0.583,-0.801,0.097,2.47,2.11,7.57
508787.062000,0.608,-0.794,0.08,-21.64,-0.4,1.59
508787.109000,0.618,-0.897,-0.033,2.38,7.29,13.89
508787.156000,0.575,-0.882,0.043,2.56,-0.37,11.84
508787.203000,0.574,-0.871,-0.002,3.66,1.37,-8.88
508787.250000,0.59,-0.828,0.03,4.97,7.84,0.18
508787.296000,0.604,-0.815,0.032,8.09,-0.15,-10.68
508787.343000,0.625,-0.777,-0.039,4.79,-22.98,-2.44
508787.390000,0.668,-0.775,-0.018,-10.9,-24.66,-18.01
508787.437000,0.767,-0.684,-0.075,-4.73,-21.06,-23.16
508787.484000,0.777,-0.725,-0.442,29.6,7.05,7.29
508787.531000,0.832,-0.69,-0.368,-35.71,52.34,-6.78
508787.578000,0.929,-0.579,-0.261,-80.26,88.11,-22.86
508787.625000,0.815,-0.548,-0.207,-91.98,79.74,5.28
508787.671000,0.859,-0.684,-0.29,-120.79,102.94,12.3
508787.718000,0.694,-0.616,-0.232,-103.7,104.25,29.18
508787.765000,0.708,-0.933,-0.22,-84.29,96.99,67.45
508787.812000,0.703,-0.716,-0.178,-85.82,126.41,30.34
508787.859000,0.46,-0.72,-0.134,-117.5,108.86,40.25
508787.906000,0.42,-1.05,-0.338,-171.48,150.15,-60.21
508787.968000,0.473,-0.644,-0.598,-203.34,108.22,-150.58
508788.015000,0.506,-0.448,-0.336,-238.81,97.87,-122.99
508788.062000,0.451,-0.582,-0.551,-208.08,4.82,-3.51
508788.125000,0.677,-0.82,-0.506,-139.62,14.13,-4.49
508788.171000,0.755,-0.682,-0.39,-50.33,3.14,-7.57
508788.218000,0.704,-0.46,-0.239,-9.52,19.53,0.58
508788.265000,0.769,-0.368,-0.341,2.78,-10.96,5.86
508788.312000,0.88,-0.492,-0.427,13.03,-0.27,13.98
508788.359000,0.844,-0.371,-0.364,32.84,-1.68,-1.37
508788.406000,0.9,-0.294,-0.377,31.31,-5.55,1.95
508788.453000,0.851,-0.295,-0.284,24.69,0.09,-1.98
508788.500000,0.845,-0.344,-0.334,-1.37,2.01,-33.91
508788.546000,0.827,-0.34,-0.228,-8.88,-13.61,-21.7
508788.593000,0.867,-0.34,-0.327,-16.36,9.19,-20.11
508788.640000,0.885,-0.39,-0.417,-5.58,-7.72,4.52
508788.687000,0.927,-0.374,-0.525,-13.31,-2.41,-13.18
508788.734000,0.892,-0.335,-0.484,-6.26,6.78,-6.87
508788.781000,0.88,-0.361,-0.569,-3.48,16.79,1.04
508788.828000,0.846,-0.311,-0.441,0.61,24.51,2.08
508788.875000,0.856,-0.249,-0.331,1.56,31.31,-13.12
508788.921000,0.919,-0.139,-0.223,-27.68,12.91,-38.73
508788.968000,0.894,-0.154,-0.288,-20.81,22.86,-36.07
508789.015000,0.841,-0.197,-0.248,-16.14,20.45,-10.8
508789.062000,0.845,-0.259,-0.33,-0.03,19.62,0.73
508789.109000,0.797,-0.246,-0.16,8.24,27.22,-4.58
508789.156000,0.837,-0.142,-0.234,-5.58,-2.72,-16.24
508789.203000,0.849,-0.134,-0.184,-7.78,-5.34,-1.4
508789.250000,0.88,-0.215,-0.273,-5.46,-4.64,12.18
508789.296000,0.918,-0.222,-0.282,-0.85,-16.82,18.04
508789.359000,0.921,-0.237,-0.279,-2.59,-11.47,15.14
508789.406000,0.934,-0.259,-0.319,-7.11,-15.11,5.22
508789.453000,0.947,-0.248,-0.34,-4.27,-13.09,3.39
508789.500000,0.95,-0.235,-0.369,-2.66,-12.02,10.47
508789.546000,0.928,-0.253,-0.362,-1.07,-8.91,7.39
508789.593000,0.88,-0.249,-0.335,-0.37,-12.45,11.72
508789.640000,0.866,-0.255,-0.345,3.27,0.7,7.23
508789.687000,0.837,-0.219,-0.347,-1.04,-7.97,4.82
508789.734000,0.859,-0.244,-0.364,0.46,-0.73,5.13
508789.781000,0.858,-0.226,-0.296,5.25,-2.81,8.76
508789.828000,0.88,-0.218,-0.375,-0.4,-6.16,1.19
508789.875000,0.88,-0.273,-0.319,-2.17,-4.52,10.68
508789.921000,0.906,-0.266,-0.356,0.79,1.53,2.38
508789.968000,0.888,-0.288,-0.414,-0.34,-6.78,6.32
508790.015000,0.884,-0.299,-0.378,1.95,0.18,8.15
508790.062000,0.849,-0.326,-0.343,2.14,1.56,10.83
508790.109000,0.838,-0.418,-0.357,7.02,-3.54,7.69
508790.156000,0.886,-0.527,-0.352,18.22,2.87,12.57
508790.203000,0.855,-0.776,-0.311,30.37,-0.64,9.46
508790.250000,0.732,-0.904,-0.234,61.68,5.55,-5.68
508790.296000,0.728,-0.98,-0.229,81.24,-8.12,-28.9
508790.343000,0.604,-0.95,-0.285,102.48,-19.14,-36.32
508790.390000,0.566,-0.871,-0.275,118.35,-34.18,-41.26
508790.437000,0.545,-0.904,-0.465,137.67,-49.41,-44.56
508790.484000,0.635,-0.797,-0.541,149.54,-60.91,-61.8
508790.531000,0.612,-0.781,-0.688,159.52,-63.17,-54.35
508790.578000,0.649,-0.74,-0.76,169.01,-67.87,-63.08
508790.625000,0.566,-0.715,-0.875,177.59,-62.29,-54.66
508790.671000,0.562,-0.584,-0.957,184.3,-65.83,-69.43
508790.718000,0.601,-0.596,-0.926,183.75,-76.51,-64.61
508790.765000,0.558,-0.462,-1.022,188.09,-62.62,-56.86
508790.812000,0.585,-0.374,-1.07,179.27,-79.5,-85.06
508790.859000,0.594,-0.374,-0.862,186.68,-61.43,-38.51
508790.906000,0.661,-0.101,-1.141,166.66,-72.3,-73.43
508790.953000,0.845,-0.103,-0.823,158.73,-80.87,-49.23
508791.000000,0.731,0.068,-0.976,141.27,-53.9,-37.32
508791.046000,0.98,-0.067,-0.577,131.23,-74.22,-36.93
508791.093000,0.849,0.128,-0.52,85.48,-15.47,-60.15
508791.140000,1.088,0.185,-0.688,61.53,-43.98,-52.03
508791.187000,0.963,0.061,-0.358,51.0,0.31,-17.21
508791.234000,0.995,0.078,-0.518,24.35,-23.47,-14.77
508791.281000,0.885,-0.001,-0.373,10.47,-6.71,14.98
508791.328000,0.868,-0.082,-0.34,-11.2,5.25,3.97
508791.375000,0.857,-0.157,-0.342,-15.93,-3.3,5.49
508791.421000,0.857,-0.221,-0.318,-15.99,6.13,18.65
508791.484000,0.914,-0.435,-0.332,-20.97,-3.02,19.53
508791.531000,0.907,-0.434,-0.273,-16.69,19.56,-4.09
508791.578000,0.929,-0.36,-0.352,-4.0,-3.36,-0.98
508791.625000,0.871,-0.261,-0.272,-13.79,14.04,-6.9
508791.671000,0.842,-0.225,-0.269,-7.97,-4.15,10.44
508791.718000,0.869,-0.31,-0.305,-14.1,8.39,3.39
508791.765000,0.871,-0.338,-0.284,-17.12,-8.64,3.2
508791.812000,0.9,-0.371,-0.262,-15.02,9.61,-0.03
508791.859000,0.878,-0.344,-0.314,-12.88,-8.03,2.32
508791.906000,0.892,-0.341,-0.276,-10.56,5.95,-0.82
508791.953000,0.896,-0.325,-0.321,-9.13,-2.69,-2.32
508792.000000,0.878,-0.292,-0.324,-6.59,5.1,0.12
508792.046000,0.868,-0.281,-0.299,-7.81,-2.01,0.15
508792.093000,0.876,-0.266,-0.327,-8.42,-0.82,0.34
508792.140000,0.858,-0.276,-0.288,-10.77,3.23,1.46
508792.187000,0.87,-0.297,-0.365,-12.54,-3.05,3.3
508792.234000,0.866,-0.305,-0.32,-7.84,0.95,6.59
508792.281000,0.888,-0.324,-0.37,-5.58,-0.58,5.71
508792.328000,0.888,-0.303,-0.326,-6.81,9.64,-0.34
508792.375000,0.881,-0.25,-0.319,-8.12,-1.34,3.42
508792.421000,0.879,-0.293,-0.339,-9.03,3.33,5.31
508792.468000,0.875,-0.293,-0.334,-11.32,1.62,2.23
508792.515000,0.867,-0.303,-0.333,-9.0,1.86,4.58
508792.562000,0.898,-0.33,-0.336,-9.03,-0.89,1.16
508792.609000,0.882,-0.275,-0.323,-9.98,7.69,-1.1
508792.656000,0.881,-0.32,-0.322,-4.73,-1.8,9.74
508792.718000,0.86,-0.294,-0.327,-6.13,6.93,0.58
508792.765000,0.886,-0.322,-0.322,-7.57,-3.33,3.2
508792.812000,0.877,-0.293,-0.334,-3.23,10.93,-0.85
508792.859000,0.858,-0.294,-0.307,-3.91,-1.8,4.55
508792.906000,0.882,-0.314,-0.355,-3.57,1.65,2.08
508792.953000,0.865,-0.303,-0.312,-1.74,1.31,4.18
508793.000000,0.872,-0.308,-0.319,-2.84,3.97,-0.73
508793.046000,0.879,-0.296,-0.339,0.24,-2.99,4.18
508793.093000,0.887,-0.299,-0.346,-0.95,2.72,0.0
508793.140000,0.871,-0.295,-0.318,0.18,-1.56,3.75
508793.187000,0.879,-0.308,-0.34,-3.3,-2.26,1.68
508793.234000,0.865,-0.297,-0.317,-3.02,0.7,0.12
508793.281000,0.882,-0.298,-0.361,-3.27,0.0,0.92
508793.328000,0.871,-0.305,-0.341,1.74,1.95,6.44
508793.375000,0.867,-0.302,-0.34,-5.52,-2.32,-1.5
508793.421000,0.877,-0.308,-0.362,-1.13,2.87,2.08
508793.468000,0.868,-0.307,-0.324,-1.68,1.65,-0.46
508793.515000,0.88,-0.296,-0.356,-2.66,0.55,-1.1
508793.562000,0.867,-0.287,-0.321,-1.8,3.69,2.59
508793.609000,0.876,-0.282,-0.367,-4.36,2.62,-1.4
508793.656000,0.857,-0.286,-0.329,-2.96,1.01,6.41
508793.703000,0.854,-0.36,-0.421,-1.89,3.02,1.98
508793.750000,0.807,-0.437,-0.541,-0.09,-9.95,-3.45
508793.796000,0.707,-0.425,-0.91,14.68,-25.09,-4.21
508793.843000,0.439,-0.188,-0.78,30.49,24.99,-10.47
508793.890000,0.511,-0.155,-0.87,48.4,-12.09,40.16
508793.937000,0.797,-0.155,-0.631,44.34,56.83,21.18
508793.984000,0.93,-0.061,-0.631,-58.05,6.78,33.27
508794.031000,1.121,-0.264,-0.627,-20.87,99.46,87.04
508794.078000,0.924,-0.261,-0.563,-145.18,125.37,45.56
508794.125000,0.773,-0.521,-0.334,-151.4,179.08,77.0
508794.171000,0.716,-0.742,-0.224,-241.65,177.1,27.68
508794.234000,0.863,-0.75,-0.133,-237.95,156.56,9.8
508794.281000,0.736,-0.701,-0.045,-286.08,135.65,-21.39
508794.328000,0.747,-0.667,-0.007,-181.55,133.4,47.09
508794.375000,0.558,-0.623,0.287,-194.1,115.12,13.09
508794.421000,0.78,-0.595,0.016,-145.66,64.7,42.24
508794.468000,0.671,-0.779,-0.156,-134.13,26.43,48.95
508794.515000,0.727,-0.735,-0.204,-105.08,51.12,-1.31
508794.562000,0.653,-0.684,-0.225,-100.83,27.25,28.9
508794.609000,0.662,-0.75,-0.292,-88.47,19.2,14.95
508794.656000,0.676,-0.71,-0.221,-101.57,2.47,1.68
508794.703000,0.694,-0.619,-0.28,-55.51,-22.31,19.47
508794.750000,0.788,-0.61,-0.367,-47.18,3.45,-3.02
508794.796000,0.743,-0.527,-0.172,-40.71,-5.43,0.89
508794.843000,0.805,-0.502,-0.374,-28.38,-2.5,-34.36
508794.890000,0.728,-0.437,-0.187,-33.39,-15.2,-31.98
508794.937000,0.782,-0.262,-0.307,-32.9,11.6,-38.3
508794.984000,0.804,-0.287,-0.223,-38.21,-23.9,-9.46
508795.031000,0.894,-0.348,-0.426,-22.16,8.09,6.53
508795.078000,0.844,-0.41,-0.255,-19.14,-17.58,12.82
508795.125000,0.888,-0.399,-0.371,-11.17,3.45,5.46
508795.171000,0.902,-0.369,-0.397,-8.21,-9.7,5.55
508795.218000,0.894,-0.372,-0.442,-4.7,-1.62,3.45
508795.265000,0.861,-0.377,-0.37,-1.07,-1.74,7.97
508795.312000,0.847,-0.407,-0.424,11.78,22.37,-0.61
508795.359000,0.892,-0.415,-0.362,20.02,18.19,9.25
508795.406000,0.84,-0.374,-0.319,19.81,26.76,4.24
508795.453000,0.83,-0.379,-0.298,-1.59,-3.3,0.21
508795.500000,0.854,-0.341,-0.303,2.53,8.09,-6.59
508795.546000,0.819,-0.375,-0.303,-6.68,-1.01,7.35
508795.593000,0.776,-0.36,-0.269,-5.62,6.62,-8.12
508795.640000,0.833,-0.41,-0.327,-1.56,-2.59,0.21
508795.687000,0.829,-0.335,-0.222,-4.73,6.59,-7.97
508795.734000,0.842,-0.356,-0.334,-3.91,-7.66,6.99
508795.781000,0.836,-0.417,-0.267,-4.21,0.06,8.51
508795.828000,0.857,-0.415,-0.33,-0.79,-7.2,3.94
508795.875000,0.835,-0.428,-0.291,-1.86,-0.58,-4.33
508795.921000,0.841,-0.442,-0.325,1.1,-6.1,-7.9
508795.968000,0.888,-0.347,-0.297,2.87,-3.66,-17.3
508796.015000,0.879,-0.386,-0.364,7.6,1.16,3.6
508796.062000,0.846,-0.347,-0.286,3.05,0.79,-6.62
508796.109000,0.849,-0.337,-0.341,1.16,-1.19,-4.33
508796.156000,0.836,-0.388,-0.292,4.06,-1.01,3.45
508796.203000,0.828,-0.378,-0.304,3.05,-1.98,-1.59
508796.250000,0.819,-0.449,-0.287,5.46,-6.44,1.07
508796.296000,0.819,-0.654,-0.226,10.53,-9.58,-7.9
508796.343000,0.784,-0.83,-0.275,16.82,-19.84,-24.93
508796.390000,0.72,-1.0,-0.276,65.46,-7.93,-28.02
508796.437000,0.702,-0.953,-0.303,83.99,-13.82,-44.01
508796.484000,0.662,-0.802,-0.344,107.64,-17.49,-52.98
508796.531000,0.704,-0.776,-0.405,124.91,-24.32,-51.76
508796.593000,0.669,-0.666,-0.486,142.09,-35.74,-37.84
508796.640000,0.693,-0.664,-0.531,145.91,-36.35,-40.44
508796.687000,0.666,-0.607,-0.622,154.64,-48.19,-35.65
508796.750000,0.621,-0.564,-0.636,159.92,-53.47,-45.84
508796.796000,0.673,-0.447,-0.704,162.05,-58.81,-38.51
508796.843000,0.626,-0.448,-0.738,159.58,-64.85,-37.69
508796.890000,0.72,-0.341,-0.77,158.09,-62.26,-34.21
508796.937000,0.762,-0.367,-0.785,152.81,-71.02,-36.01
508796.984000,0.745,-0.268,-0.68,148.23,-56.46,-28.11
508797.031000,0.849,-0.253,-0.755,134.37,-64.79,-26.28
508797.078000,0.78,-0.416,-0.527,128.91,-51.52,10.1
508797.125000,0.877,-0.336,-0.705,106.97,-77.33,-44.19
508797.171000,0.951,-0.319,-0.553,107.18,-66.9,-31.56
508797.218000,0.794,-0.274,-0.674,102.02,-57.16,-17.03
508797.265000,0.894,-0.174,-0.509,89.75,-24.99,-29.45
508797.312000,0.936,-0.147,-0.476,68.82,-46.88,-21.21
508797.359000,0.952,-0.113,-0.382,50.05,-3.48,-38.27
508797.406000,0.936,-0.071,-0.35,31.53,-24.23,-27.86
508797.453000,0.963,-0.208,-0.395,25.21,-13.25,0.64
508797.500000,0.846,-0.217,-0.285,10.86,-6.01,1.68
508797.546000,0.887,-0.233,-0.397,-3.97,-12.48,-11.93
508797.593000,0.852,-0.294,-0.227,-13.34,3.91,-3.81
508797.640000,0.918,-0.418,-0.361,-14.59,10.71,-0.73
508797.687000,0.849,-0.332,-0.189,-15.11,12.97,-14.22
508797.734000,0.924,-0.346,-0.319,-10.74,9.74,-5.49
508797.781000,0.859,-0.291,-0.171,-14.53,14.01,-2.47
508797.828000,0.881,-0.351,-0.239,-19.29,6.1,2.69
508797.875000,0.852,-0.376,-0.166,-17.85,12.7,2.53
508797.921000,0.884,-0.438,-0.25,-12.91,0.92,9.77
508797.968000,0.841,-0.397,-0.169,-9.37,11.84,-0.06
508798.015000,0.878,-0.402,-0.233,-12.54,-3.78,5.46
508798.062000,0.864,-0.374,-0.221,-9.55,6.74,-3.3
508798.109000,0.885,-0.363,-0.264,-9.31,-5.37,1.8
508798.156000,0.874,-0.407,-0.265,-2.62,4.79,5.65
508798.203000,0.84,-0.393,-0.215,-3.6,-1.4,1.89
508798.250000,0.87,-0.416,-0.242,-1.83,-0.03,-0.18
508798.312000,0.887,-0.367,-0.248,-0.7,-5.98,-3.39
508798.359000,0.88,-0.311,-0.305,-6.07,-2.84,-6.47
508798.406000,0.867,-0.335,-0.261,-1.59,-0.21,4.88
508798.453000,0.843,-0.3,-0.255,-15.08,-20.84,-1.1
508798.500000,0.879,-0.357,-0.293,-6.04,12.85,-3.33
508798.546000,0.881,-0.35,-0.281,-4.79,-4.85,4.12
508798.593000,0.868,-0.334,-0.292,-5.62,9.8,1.01
508798.640000,0.894,-0.356,-0.252,-7.66,-3.66,8.94
508798.687000,0.902,-0.336,-0.328,-3.63,9.7,2.59
508798.734000,0.877,-0.352,-0.271,-8.85,-1.04,8.94
508798.781000,0.897,-0.363,-0.334,-13.0,9.92,1.25
508798.828000,0.854,-0.351,-0.238,-13.21,2.9,4.09
508798.875000,0.904,-0.378,-0.321,-12.18,9.37,0.49
508798.921000,0.842,-0.363,-0.23,-12.42,3.33,6.16
508798.968000,0.88,-0.393,-0.322,-10.13,0.4,6.44
508799.015000,0.864,-0.385,-0.237,-8.06,4.12,0.37
508799.062000,0.891,-0.361,-0.291,-6.62,-1.98,0.31
508799.109000,0.867,-0.386,-0.239,-0.85,1.34,0.58
508799.156000,0.882,-0.343,-0.277,-2.59,-3.57,-2.56
508799.203000,0.863,-0.365,-0.225,2.41,3.48,3.02
508799.250000,0.878,-0.376,-0.264,1.8,-3.97,5.16
508799.296000,0.833,-0.397,-0.182,7.54,7.97,1.16
508799.343000,0.834,-0.408,-0.251,2.26,-13.52,-4.21
508799.390000,0.889,-0.415,-0.264,9.25,-5.28,-11.66
508799.437000,0.85,-0.342,-0.234,11.57,-9.43,-7.54
508799.484000,0.908,-0.329,-0.322,12.42,-11.6,-9.95
508799.531000,0.849,-0.286,-0.284,4.58,-11.14,-10.56
508799.578000,0.915,-0.316,-0.383,3.75,-11.32,-6.56
508799.625000,0.867,-0.305,-0.305,4.52,-2.99,-7.29
508799.671000,0.89,-0.32,-0.375,5.13,-7.23,1.46
508799.718000,0.885,-0.322,-0.319,7.75,3.78,0.09
508799.765000,0.856,-0.281,-0.342,1.65,-0.15,-1.46
508799.828000,0.873,-0.288,-0.321,1.28,1.16,3.57
508799.875000,0.894,-0.297,-0.339,-7.26,5.28,0.61
508799.921000,0.89,-0.276,-0.332,-1.77,4.82,2.99
508799.968000,0.897,-0.331,-0.291,-6.84,0.37,6.35
508800.015000,0.885,-0.349,-0.325,-8.12,9.61,1.68
508800.062000,0.832,-0.365,-0.233,-3.75,8.06,11.63
508800.109000,0.864,-0.406,-0.318,-0.67,13.92,4.43
508800.156000,0.817,-0.347,-0.183,-0.67,6.1,3.94
508800.203000,0.887,-0.374,-0.329,-1.31,-0.4,4.79
508800.250000,0.859,-0.347,-0.215,-3.27,1.56,2.38
508800.312000,0.902,-0.373,-0.326,-6.74,-10.16,0.49
508800.359000,0.863,-0.378,-0.237,-2.41,3.39,1.98
508800.406000,0.904,-0.396,-0.345,-5.98,-7.42,-4.58
508800.453000,0.872,-0.375,-0.248,0.52,8.42,-3.33
508800.500000,0.864,-0.366,-0.274,0.09,-8.76,-0.55
508800.546000,0.857,-0.364,-0.285,4.91,4.55,-3.05
508800.593000,0.844,-0.332,-0.282,4.76,-5.74,-2.56
508800.640000,0.859,-0.295,-0.306,2.53,-1.01,-2.84
508800.687000,0.858,-0.303,-0.333,-3.23,-15.56,3.42
508800.734000,0.889,-0.331,-0.393,-3.91,-5.77,-0.98
508800.781000,0.874,-0.299,-0.33,-8.73,-7.6,-1.16
508800.828000,0.902,-0.326,-0.429,-4.36,2.08,-0.31
508800.875000,0.876,-0.353,-0.318,-4.27,4.7,5.62
508800.921000,0.881,-0.368,-0.336,-6.44,10.19,3.78
508800.968000,0.848,-0.354,-0.244,-6.38,9.28,1.01
508801.015000,0.857,-0.363,-0.328,-8.73,3.69,-0.98
508801.062000,0.845,-0.337,-0.232,-5.58,8.03,-5.52
508801.109000,0.857,-0.398,-0.344,-1.22,-3.51,2.96
508801.156000,0.841,-0.366,-0.237,4.61,11.84,-14.25
508801.203000,0.695,-0.363,-0.348,10.35,-14.25,-2.56
508801.250000,0.542,-0.309,-0.397,-7.2,-20.78,-52.4
508801.296000,0.292,-0.181,-0.706,-18.28,-81.82,-56.52
508801.343000,0.31,-0.034,-0.828,12.02,-33.54,-6.01
508801.390000,0.454,0.28,-1.367,-15.26,-46.08,47.61
508801.437000,0.712,0.135,-1.054,10.41,71.47,139.32
508801.484000,0.958,0.141,-1.306,-63.84,106.51,144.32
508801.531000,0.918,-0.355,-1.117,-125.19,192.75,224.49
508801.578000,0.607,-1.14,-0.395,-173.77,272.65,251.23
508801.625000,0.724,-1.614,-0.549,-184.51,235.48,127.41
508801.671000,0.264,-1.259,0.097,-232.76,261.15,-11.26
508801.718000,0.397,-1.001,-0.006,-107.15,193.09,155.19
508801.765000,0.377,-1.158,0.01,-138.8,159.92,21.91
508801.812000,0.225,-1.127,-0.355,-178.5,182.9,19.96
508801.859000,0.265,-1.03,-0.358,-106.3,147.59,-16.08
508801.906000,0.322,-0.947,-0.381,-204.2,95.34,-97.54
508801.953000,0.479,-0.838,-0.341,-172.67,53.22,-68.09
508802.000000,0.588,-0.754,-0.615,-149.85,23.04,-60.58
508802.046000,0.626,-0.709,-0.247,-101.11,11.14,-45.26
508802.093000,0.644,-0.632,-0.453,-45.32,24.93,0.49
508802.156000,0.605,-0.418,-0.077,-14.98,30.73,1.25
508802.203000,0.747,-0.391,-0.348,-20.48,10.71,-11.47
508802.250000,0.762,-0.335,-0.213,-33.97,-14.44,-13.09
508802.296000,0.84,-0.342,-0.318,-8.09,1.62,0.0
508802.343000,0.852,-0.389,-0.308,-6.38,-7.72,16.27
508802.390000,0.86,-0.435,-0.347,6.93,1.95,10.5
508802.437000,0.83,-0.426,-0.337,-2.66,-8.58,-8.82
508802.484000,0.769,-0.361,-0.266,-5.04,-0.76,1.4
508802.531000,0.852,-0.397,-0.364,-11.69,-22.92,-1.8
508802.578000,0.872,-0.493,-0.403,8.64,-5.04,11.84
508802.625000,0.88,-0.361,-0.341,-0.98,-4.67,-8.64
508802.671000,0.888,-0.436,-0.414,8.36,-4.49,6.56
508802.718000,0.85,-0.37,-0.366,0.27,-2.69,-4.82
508802.765000,0.845,-0.402,-0.365,0.15,-1.04,-2.69
508802.812000,0.821,-0.415,-0.351,-1.53,-1.74,5.65
508802.859000,0.815,-0.417,-0.353,10.53,8.09,0.31
508802.906000,0.833,-0.443,-0.401,17.7,1.28,1.19
508802.953000,0.788,-0.349,-0.27,10.47,1.46,-10.35
508803.000000,0.854,-0.368,-0.385,5.92,-1.74,-1.89
508803.062000,0.819,-0.436,-0.309,7.17,-2.44,15.23
508803.109000,0.838,-0.45,-0.347,6.62,7.75,-6.04
508803.156000,0.819,-0.472,-0.306,8.79,-0.18,2.44
508803.203000,0.788,-0.484,-0.313,9.25,1.98,-1.16
508803.250000,0.763,-0.463,-0.246,9.8,-2.29,-2.87
508803.296000,0.77,-0.545,-0.314,16.11,-5.43,3.45
508803.343000,0.716,-0.61,-0.251,22.46,-13.18,1.71
508803.390000,0.693,-0.794,-0.289,37.72,-13.92,1.98
508803.437000,0.603,-0.962,-0.195,52.61,-23.53,-2.69
508803.484000,0.559,-1.182,-0.244,94.21,-25.42,-9.16
508803.531000,0.382,-1.209,-0.265,120.61,-39.34,-31.59
508803.578000,0.368,-1.115,-0.385,146.55,-63.08,-58.02
508803.625000,0.423,-1.027,-0.53,168.55,-73.89,-60.73
508803.671000,0.44,-0.898,-0.649,177.92,-93.05,-68.64
508803.718000,0.545,-0.748,-0.672,179.78,-88.14,-62.87
508803.765000,0.616,-0.838,-0.913,186.01,-103.34,-35.92
508803.812000,0.57,-0.734,-0.972,185.61,-101.23,-59.82
508803.859000,0.602,-0.628,-0.97,187.72,-96.1,-59.08
508803.906000,0.657,-0.498,-1.069,182.35,-100.1,-91.13
508803.953000,0.63,-0.387,-0.927,176.12,-97.45,-81.06
508804.000000,0.748,-0.142,-0.943,172.55,-78.86,-89.6
508804.046000,0.915,-0.124,-0.776,162.6,-92.96,-54.11
508804.093000,0.725,0.052,-0.799,136.48,-51.55,-39.89
508804.140000,0.924,-0.009,-0.743,105.44,-58.41,-31.56
508804.187000,0.913,0.017,-0.628,83.32,-24.14,-27.31
508804.234000,0.996,-0.112,-0.601,60.76,-28.96,-3.2
508804.281000,0.906,-0.166,-0.36,36.32,-12.79,-8.06
508804.328000,0.923,-0.215,-0.483,26.18,-9.98,-4.12
508804.375000,0.886,-0.26,-0.296,16.48,-2.66,-1.89
508804.421000,0.877,-0.335,-0.443,13.67,-15.5,-3.81
508804.468000,0.805,-0.226,-0.27,11.69,-16.24,-2.59
508804.515000,0.855,-0.333,-0.314,-3.97,-0.7,-0.98
508804.562000,0.854,-0.384,-0.302,-4.15,0.95,-3.36
508804.609000,0.869,-0.38,-0.251,-2.66,2.14,-14.16
508804.656000,0.909,-0.377,-0.278,-7.6,6.78,-6.84
508804.703000,0.878,-0.334,-0.225,-4.36,0.12,-0.95
508804.750000,0.865,-0.334,-0.309,-12.09,2.69,-3.42
508804.796000,0.914,-0.411,-0.241,-13.67,-3.08,-5.74
508804.843000,0.887,-0.329,-0.237,-10.71,6.71,-10.19
508804.890000,0.936,-0.387,-0.265,-0.06,5.62,12.42
508804.937000,0.878,-0.353,-0.193,-6.04,13.15,-4.67
508804.984000,0.882,-0.34,-0.244,-10.74,1.62,-0.12
508805.031000,0.895,-0.412,-0.221,-7.14,8.09,3.75
508805.078000,0.852,-0.387,-0.249,-2.41,0.46,3.11
508805.125000,0.866,-0.382,-0.185,-6.26,3.72,1.65
508805.171000,0.855,-0.367,-0.205,-4.03,5.92,-2.2
508805.218000,0.851,-0.329,-0.22,-13.34,-8.15,-11.72
508805.265000,0.87,-0.321,-0.247,-3.54,0.95,2.04
508805.312000,0.916,-0.405,-0.307,-0.49,-9.77,7.54
508805.359000,0.887,-0.34,-0.216,-6.9,10.47,-5.22
508805.406000,0.925,-0.376,-0.326,0.27,-3.88,1.59
508805.453000,0.874,-0.344,-0.247,-1.77,1.07,-8.48
508805.500000,0.893,-0.31,-0.318,0.89,-6.81,-0.61
508805.546000,0.859,-0.342,-0.174,-0.98,9.98,3.3
508805.593000,0.896,-0.336,-0.327,-2.04,-3.91,-3.27
508805.640000,0.883,-0.322,-0.221,-4.97,5.83,-6.23
508805.687000,0.931,-0.358,-0.314,0.67,-1.77,3.85
508805.734000,0.858,-0.318,-0.183,-2.9,7.02,-2.62
508805.781000,0.899,-0.341,-0.324,-0.03,-7.08,2.14
508805.828000,0.859,-0.303,-0.185,-2.2,7.32,-4.33
508805.875000,0.897,-0.325,-0.309,-1.28,-6.38,1.31
508805.921000,0.866,-0.318,-0.222,-2.59,8.51,-4.49
508805.968000,0.882,-0.326,-0.252,-1.16,-6.99,1.86
508806.015000,0.895,-0.324,-0.246,-1.5,5.13,-1.86
508806.062000,0.896,-0.332,-0.26,-1.28,-5.62,1.59
508806.109000,0.906,-0.334,-0.26,-3.14,1.34,-3.3
508806.156000,0.882,-0.322,-0.256,-0.64,-3.69,1.46
508806.203000,0.909,-0.336,-0.292,-1.01,-0.92,-4.39
508806.250000,0.872,-0.331,-0.269,3.94,3.02,1.28
508806.296000,0.911,-0.355,-0.394,0.21,-0.52,-7.08
508806.343000,0.94,-0.438,-0.589,11.44,-4.33,-10.1
508806.390000,0.664,-0.362,-0.966,14.37,25.06,-7.97
508806.437000,0.478,-0.322,-0.827,51.64,51.55,33.17
508806.484000,0.675,-0.278,-0.922,31.01,41.93,-1.89
508806.531000,0.821,-0.03,-0.456,3.75,90.12,19.44
508806.578000,0.891,-0.057,-0.6,-57.8,62.9,32.23
508806.625000,1.121,-0.422,-0.289,-105.78,107.3,66.71
508806.671000,0.917,-0.561,-0.277,-199.38,143.65,25.76
508806.718000,0.877,-0.616,0.028,-213.84,192.14,18.49
508806.765000,0.895,-0.736,-0.021,-318.55,165.78,-86.58
508806.812000,0.676,-0.535,-0.024,-359.78,126.07,-65.52
508806.859000,0.65,-0.444,0.085,-324.99,112.83,-51.06
508806.906000,0.685,-0.527,-0.012,-334.7,43.79,-31.19
508806.953000,0.739,-0.604,-0.0,-266.0,8.97,-14.56
508807.000000,0.942,-0.766,-0.583,-195.59,-18.04,43.43
508807.046000,0.697,-0.598,-0.195,-186.01,0.89,-4.85
508807.093000,0.854,-0.634,-0.426,-81.15,-10.9,60.27
508807.140000,0.649,-0.559,-0.4,-84.11,-32.59,35.71
508807.187000,0.787,-0.649,-0.624,-68.39,-37.93,30.34
508807.234000,0.833,-0.59,-0.464,-36.47,-25.27,44.16
508807.281000,0.801,-0.656,-0.462,-19.35,-12.48,29.69
508807.328000,0.766,-0.415,-0.369,-21.52,-1.56,7.9
508807.375000,0.83,-0.471,-0.306,23.26,10.96,17.88
508807.437000,0.844,-0.341,-0.282,5.43,-3.45,-3.23
508807.484000,0.855,-0.393,-0.323,15.2,-1.34,7.32
508807.531000,0.847,-0.391,-0.274,-1.13,-6.62,-2.53
508807.578000,0.881,-0.384,-0.364,5.34,0.4,-4.03
508807.625000,0.822,-0.372,-0.269,-0.31,-11.93,5.4
508807.671000,0.879,-0.387,-0.381,1.46,-3.69,-6.93
508807.718000,0.843,-0.384,-0.267,-0.79,-2.72,5.19
508807.765000,0.867,-0.399,-0.36,9.83,-0.7,6.65
508807.812000,0.869,-0.464,-0.341,9.34,-2.75,13.58
508807.859000,0.85,-0.426,-0.295,5.92,6.93,-2.14
508807.906000,0.84,-0.391,-0.323,5.52,-1.59,3.66
508807.953000,0.829,-0.444,-0.284,8.55,8.76,4.61
508808.000000,0.821,-0.423,-0.326,-0.03,-1.71,-5.95
508808.046000,0.811,-0.414,-0.267,6.07,7.26,-17.58
508808.093000,0.842,-0.366,-0.273,4.85,-1.43,-13.43
508808.140000,0.862,-0.347,-0.287,3.91,-1.98,1.46
508808.187000,0.868,-0.408,-0.288,2.62,-1.86,3.36
508808.234000,0.876,-0.359,-0.328,-4.27,-4.15,-0.61
508808.281000,0.861,-0.432,-0.299,5.95,0.76,10.1
508808.328000,0.828,-0.408,-0.292,1.89,-0.67,-3.23
508808.375000,0.868,-0.428,-0.375,3.3,0.03,-8.24
508808.421000,0.814,-0.396,-0.253,5.46,4.46,-6.1
508808.468000,0.83,-0.367,-0.321,8.82,-1.77,-1.68
508808.515000,0.851,-0.384,-0.265,5.8,-0.24,-1.37
508808.562000,0.861,-0.389,-0.282,1.01,-3.27,-2.78
508808.609000,0.851,-0.429,-0.281,3.23,1.71,-0.09
508808.656000,0.863,-0.423,-0.327,6.74,-3.94,-4.24
508808.703000,0.839,-0.398,-0.298,2.99,-0.7,-5.58
508808.750000,0.845,-0.364,-0.283,8.18,2.53,-4.0
508808.796000,0.854,-0.392,-0.286,4.73,1.53,-1.46
508808.843000,0.835,-0.417,-0.284,6.13,2.93,-6.07
508808.890000,0.88,-0.409,-0.286,6.35,1.07,-17.33
508808.937000,0.9,-0.405,-0.305,19.68,8.76,-22.95
508808.984000,0.852,-0.338,-0.203,24.72,12.85,-27.74
508809.031000,0.827,-0.352,-0.225,36.19,14.65,-17.94
508809.078000,0.8,-0.494,-0.062,30.79,3.88,-0.06
508809.125000,0.759,-0.775,-0.082,40.44,-2.99,6.56
508809.171000,0.787,-0.953,0.001,49.01,-14.31,-4.97
508809.218000,0.688,-1.032,-0.069,84.48,-13.18,-29.57
508809.265000,0.669,-1.081,-0.104,109.65,-32.38,-39.64
508809.312000,0.615,-1.003,-0.184,118.14,-37.51,-79.78
508809.359000,0.622,-0.867,-0.351,142.61,-59.51,-86.18
508809.406000,0.662,-0.76,-0.5,159.52,-68.7,-91.86
508809.453000,0.682,-0.676,-0.649,178.41,-65.71,-68.67
508809.500000,0.764,-0.522,-0.826,185.71,-56.95,-40.35
508809.546000,0.686,-0.592,-0.767,197.36,-64.06,-3.51
508809.593000,0.712,-0.5,-0.924,176.58,-67.75,-37.05
508809.640000,0.718,-0.436,-0.93,179.48,-78.74,-23.47
508809.687000,0.679,-0.235,-0.968,170.87,-58.57,-21.0
508809.734000,0.845,-0.316,-0.968,156.9,-84.29,-21.12
508809.781000,0.803,-0.176,-0.87,144.54,-52.22,-8.73
508809.828000,0.987,-0.129,-0.872,121.28,-64.06,-40.68
508809.875000,0.855,-0.214,-0.698,105.84,-56.09,-28.14
508809.921000,0.908,-0.189,-0.771,92.75,-29.33,-40.35
508809.968000,0.921,-0.284,-0.588,81.33,-26.31,-40.89
508810.015000,0.846,-0.08,-0.529,68.0,-4.3,-29.85
508810.062000,0.927,-0.124,-0.524,57.07,-7.45,-18.04
508810.109000,0.847,-0.151,-0.379,47.46,19.9,-11.47
508810.156000,0.862,-0.132,-0.405,25.51,-15.26,-16.51
508810.203000,0.858,-0.131,-0.293,25.24,14.83,-15.11
508810.250000,0.787,-0.062,-0.361,-5.68,-16.66,-5.04
508810.296000,0.845,-0.229,-0.27,-5.65,13.0,1.37
508810.343000,0.823,-0.258,-0.328,-17.06,-0.92,-6.13
508810.390000,0.864,-0.282,-0.25,-12.21,1.71,-4.06
508810.437000,0.882,-0.334,-0.305,-5.16,-3.39,7.39
508810.484000,0.894,-0.294,-0.305,-4.09,2.75,-14.1
508810.531000,0.942,-0.3,-0.254,-17.3,1.95,-6.9
508810.578000,0.896,-0.328,-0.199,-9.46,18.37,-1.68
508810.625000,0.891,-0.314,-0.207,-21.88,1.5,5.49
508810.671000,0.892,-0.369,-0.238,-6.2,9.64,9.34
508810.718000,0.852,-0.336,-0.173,-16.45,0.0,0.4
508810.765000,0.871,-0.354,-0.251,-2.84,2.41,-0.82
508810.812000,0.904,-0.358,-0.173,-5.46,-5.07,-1.8
508810.859000,0.92,-0.379,-0.296,1.89,-0.21,-4.58
508810.906000,0.884,-0.338,-0.163,-4.67,3.36,-4.06
508810.953000,0.931,-0.356,-0.253,0.58,0.34,-2.75
508811.000000,0.892,-0.308,-0.189,-2.78,3.88,-5.65
508811.046000,0.92,-0.303,-0.325,1.34,1.71,-1.98
508811.093000,0.874,-0.29,-0.196,1.07,0.34,4.06
508811.140000,0.905,-0.293,-0.308,-2.23,-5.58,-4.55
508811.187000,0.866,-0.281,-0.202,-2.96,3.05,0.61
508811.234000,0.898,-0.291,-0.307,0.43,-2.04,1.04
508811.281000,0.892,-0.266,-0.188,-1.01,-3.97,-2.11
508811.328000,0.888,-0.272,-0.262,-1.01,-16.02,0.46
508811.375000,0.923,-0.31,-0.254,-3.11,-4.88,-7.57
508811.421000,0.912,-0.28,-0.314,-3.88,-3.69,2.17
508811.468000,0.909,-0.271,-0.25,-7.35,-0.46,-2.96
508811.515000,0.944,-0.332,-0.32,-4.09,2.04,2.75
508811.562000,0.875,-0.292,-0.242,-3.57,8.27,-3.42
508811.609000,0.91,-0.311,-0.307,-1.68,-4.64,0.52
508811.656000,0.87,-0.292,-0.194,-0.61,6.38,-4.76
508811.703000,0.888,-0.256,-0.263,-1.62,-6.44,-0.67
508811.750000,0.897,-0.256,-0.211,-4.33,5.65,-1.98
508811.796000,0.936,-0.285,-0.302,-0.89,-6.65,2.08
508811.843000,0.931,-0.278,-0.309,-5.98,2.38,-3.51
508811.890000,0.892,-0.271,-0.272,-2.53,-0.18,1.83
508811.937000,0.898,-0.299,-0.303,-2.59,5.77,1.16
508811.984000,0.899,-0.319,-0.324,-2.32,-3.11,-1.74
508812.031000,0.876,-0.278,-0.458,1.25,-1.13,-4.12
508812.078000,0.782,-0.411,-0.618,-8.85,-17.37,-12.05
508812.125000,0.548,-0.485,-1.147,-5.19,-27.19,-34.36
508812.171000,0.392,-0.27,-0.692,33.88,-3.02,-19.5
508812.218000,0.489,-0.089,-0.81,67.11,-17.09,1.86
508812.265000,0.879,0.094,-0.527,-10.83,43.79,-6.13
508812.312000,1.038,0.205,-0.635,-110.84,31.46,9.58
508812.359000,1.219,0.054,-0.472,-108.49,102.88,80.6
508812.406000,1.117,-0.347,-0.647,-203.44,116.06,102.97
508812.453000,0.934,-0.682,-0.356,-243.48,161.53,90.79
508812.500000,0.893,-0.697,-0.336,-285.16,176.34,4.0
508812.546000,0.778,-0.735,-0.136,-283.46,156.41,-2.01
508812.593000,0.636,-0.425,0.09,-241.4,159.67,1.5
508812.640000,0.643,-0.672,0.204,-232.43,65.89,66.47
508812.687000,0.69,-0.466,0.236,-239.94,78.34,-19.62
508812.734000,0.675,-0.826,-0.111,-237.8,-5.16,46.36
508812.781000,0.962,-0.584,-0.157,-146.28,73.92,1.68
508812.828000,0.675,-0.515,-0.032,-171.79,5.07,27.31
508812.875000,0.804,-0.525,-0.249,-110.11,17.49,14.1
508812.921000,0.7,-0.501,-0.191,-111.61,-8.58,28.23
508812.968000,0.767,-0.368,-0.345,-56.18,16.21,-18.74
508813.015000,0.704,-0.584,-0.417,-95.31,-25.97,26.15
508813.062000,0.808,-0.676,-0.469,-89.18,-28.99,-11.78
508813.109000,0.831,-0.609,-0.317,-61.07,-27.8,-20.54
508813.156000,0.855,-0.412,-0.329,-24.87,11.14,-33.91
508813.203000,0.893,-0.283,-0.287,-10.86,-1.07,-7.51
508813.250000,0.902,-0.281,-0.266,-5.55,7.57,1.28
508813.296000,0.922,-0.319,-0.349,-13.89,-12.91,9.7
508813.343000,0.899,-0.36,-0.192,-5.8,4.09,15.87
508813.406000,0.872,-0.348,-0.359,-2.14,1.1,2.9
508813.453000,0.873,-0.304,-0.298,-4.46,-10.68,4.82
508813.500000,0.861,-0.318,-0.256,0.64,4.15,8.55
508813.546000,0.862,-0.35,-0.36,2.84,-5.31,6.93
508813.593000,0.832,-0.35,-0.228,8.18,14.01,-0.24
508813.640000,0.831,-0.314,-0.171,3.78,-10.44,6.1
508813.703000,0.898,-0.382,-0.272,-2.9,-2.9,0.73
508813.750000,0.935,-0.337,-0.401,3.88,-11.96,-0.06
508813.796000,0.906,-0.362,-0.27,4.55,-2.01,2.38
508813.843000,0.905,-0.338,-0.419,4.55,-4.43,0.15
508813.890000,0.849,-0.364,-0.265,10.99,2.26,15.56
508813.937000,0.85,-0.361,-0.35,3.45,-12.24,-0.46
508813.984000,0.827,-0.315,-0.254,2.75,0.95,-3.33
508814.031000,0.847,-0.394,-0.353,2.78,-4.91,3.85
508814.078000,0.807,-0.401,-0.244,3.75,-4.49,1.43
508814.125000,0.819,-0.641,-0.321,15.14,-11.75,11.87
508814.171000,0.79,-0.754,-0.221,25.94,-5.49,-25.73
508814.218000,0.705,-0.841,-0.22,47.7,-8.67,-31.4
508814.265000,0.73,-0.946,-0.221,82.64,-14.56,-43.73
508814.312000,0.743,-0.978,-0.378,116.4,-17.73,-56.12
508814.359000,0.657,-0.83,-0.375,131.23,-28.93,-83.83
508814.406000,0.678,-0.731,-0.514,151.89,-23.99,-77.39
508814.453000,0.586,-0.709,-0.488,171.15,-34.12,-55.85
508814.500000,0.597,-0.671,-0.637,181.71,-34.79,-60.85
508814.546000,0.695,-0.617,-0.722,198.74,-48.95,-54.72
508814.593000,0.695,-0.53,-0.773,198.0,-43.4,-55.57
508814.640000,0.758,-0.418,-0.839,191.11,-57.92,-47.46
508814.687000,0.791,-0.313,-0.8,179.17,-54.08,-53.13
508814.734000,0.801,-0.376,-0.878,166.66,-64.06,-23.13
508814.781000,0.822,-0.369,-0.939,167.42,-48.71,-45.69
508814.828000,0.797,-0.363,-0.815,160.8,-52.89,-14.5
508814.875000,0.872,-0.202,-0.89,168.74,-34.58,-64.27
508814.937000,0.925,-0.142,-0.693,137.7,-65.58,-24.87
508814.984000,0.644,0.015,-0.533,106.88,-37.69,-34.67
508815.031000,0.932,-0.171,-0.858,108.13,-82.92,-7.23
508815.078000,0.815,-0.044,-0.677,87.83,12.45,-81.36
508815.125000,0.996,0.112,-0.609,61.28,-38.06,-70.04
508815.171000,1.017,0.019,-0.505,45.72,5.46,-51.97
508815.218000,0.972,0.161,-0.349,15.53,-1.43,-58.78
508815.265000,0.97,0.024,-0.287,27.65,0.95,-9.64
508815.312000,0.918,0.084,-0.346,-15.59,-27.95,-10.19
508815.359000,0.906,0.101,-0.227,24.6,39.0,-34.82
508815.406000,0.791,0.074,-0.12,-32.26,-15.56,-16.51
508815.453000,0.922,0.064,-0.233,-9.7,7.48,-27.95
508815.500000,0.851,0.043,-0.194,-34.03,-23.04,-25.18
508815.546000,0.95,0.072,-0.219,-0.06,7.69,-18.28
508815.593000,0.942,0.088,-0.169,-15.56,-12.91,-11.78
508815.640000,0.977,0.021,-0.256,1.4,7.02,6.47
508815.687000,0.921,0.019,-0.302,-20.29,-19.17,3.81
508815.734000,0.981,-0.053,-0.313,8.42,16.14,7.81
508815.781000,0.909,-0.001,-0.201,-18.68,-4.52,-1.19
508815.828000,0.966,-0.023,-0.271,8.94,8.36,7.26
508815.875000,0.932,-0.037,-0.229,-13.61,-6.23,6.81
508815.921000,0.991,-0.063,-0.301,11.57,6.5,12.7
508815.968000,0.906,-0.063,-0.207,-13.49,-8.51,4.12
508816.015000,0.957,-0.086,-0.267,-6.74,-1.62,-0.09
508816.062000,0.93,-0.063,-0.26,4.3,-3.14,8.0
508816.109000,0.952,-0.05,-0.262,1.16,0.76,2.81
508816.156000,0.945,-0.065,-0.303,-0.37,-9.7,6.87
508816.203000,0.959,-0.07,-0.285,5.25,0.89,5.98
508816.250000,0.944,-0.079,-0.316,1.22,-4.21,1.92
508816.296000,0.939,-0.066,-0.257,-0.7,1.59,0.64
508816.343000,0.953,-0.072,-0.296,5.34,-0.4,6.62
508816.390000,0.916,-0.053,-0.274,-2.47,2.23,0.09
508816.437000,0.908,-0.074,-0.283,1.37,-7.23,9.25
508816.484000,0.92,-0.066,-0.255,-4.58,2.35,1.5
508816.546000,0.922,-0.08,-0.322,-1.56,-7.29,6.56
508816.593000,0.937,-0.081,-0.293,-0.46,6.68,2.93
508816.640000,0.953,-0.085,-0.303,-5.13,-5.46,5.74
508816.687000,0.956,-0.089,-0.334,-3.39,1.5,4.88
508816.734000,0.932,-0.088,-0.297,-3.3,2.17,6.29
508816.781000,0.928,-0.114,-0.274,-7.17,0.58,0.24
508816.828000,0.934,-0.101,-0.279,-5.07,4.64,1.37
508816.875000,0.938,-0.092,-0.307,-3.39,0.18,2.29
508816.921000,0.931,-0.098,-0.272,-5.46,3.11,1.4
508816.984000,0.931,-0.104,-0.272,-1.95,1.62,4.64
508817.031000,0.928,-0.123,-0.282,-2.14,0.79,2.81
508817.078000,0.917,-0.093,-0.294,-2.14,2.14,2.84
508817.125000,0.921,-0.119,-0.289,-1.68,1.86,0.09
508817.171000,0.933,-0.101,-0.28,-0.79,2.78,3.2
508817.218000,0.942,-0.078,-0.318,-2.69,1.56,0.0
508817.281000,0.932,-0.079,-0.304,0.82,5.86,0.46
508817.328000,0.921,-0.103,-0.245,-6.5,-0.31,1.92
508817.375000,0.932,-0.108,-0.306,-0.46,3.33,2.11
508817.421000,0.917,-0.121,-0.263,-3.2,-3.08,3.39
508817.468000,0.942,-0.108,-0.3,0.34,4.79,-0.46
508817.515000,0.928,-0.112,-0.218,-2.14,-4.43,2.53
508817.562000,0.943,-0.11,-0.322,4.58,3.14,1.71
508817.609000,0.938,-0.116,-0.257,-1.28,-3.81,2.04
508817.656000,0.922,-0.058,-0.324,0.27,-0.61,0.24
508817.703000,0.97,-0.076,-0.325,-13.21,0.64,-8.51
508817.750000,0.998,-0.059,-0.351,-6.56,3.75,1.77
508817.796000,0.938,-0.094,-0.251,-8.97,9.74,4.18
508817.843000,0.896,-0.129,-0.266,-9.92,1.89,8.7
508817.890000,0.89,-0.138,-0.251,-6.1,7.2,3.11
508817.937000,0.876,-0.104,-0.235,-5.58,-0.4,4.64
508817.984000,0.9,-0.117,-0.216,-3.42,3.3,5.43
508818.031000,0.922,-0.129,-0.239,-5.98,-8.27,8.61
508818.078000,0.943,-0.139,-0.299,-4.52,-4.64,5.01
508818.125000,0.938,-0.136,-0.299,-6.23,-7.26,2.53
508818.171000,0.961,-0.138,-0.33,-1.19,1.28,2.84
508818.218000,0.933,-0.107,-0.294,-0.98,-0.43,1.31
508818.265000,0.944,-0.109,-0.311,-2.69,0.0,1.56
508818.312000,0.918,-0.107,-0.277,-2.44,-0.24,2.04
508818.375000,0.921,-0.122,-0.297,-2.47,-0.92,3.63
508818.421000,0.917,-0.149,-0.28,1.01,-2.08,5.92
508818.468000,0.924,-0.15,-0.318,0.34,-0.18,2.04
508818.515000,0.918,-0.146,-0.287,1.07,-3.33,3.14
508818.562000,0.927,-0.125,-0.318,-0.21,-4.7,-0.46
508818.609000,0.935,-0.126,-0.305,-0.34,6.26,-0.89
508818.656000,0.929,-0.132,-0.299,0.09,-3.94,2.14
508818.703000,0.942,-0.136,-0.331,-1.71,2.78,-1.95
508818.750000,0.923,-0.146,-0.289,0.95,-0.76,2.53
508818.796000,0.92,-0.131,-0.317,0.31,3.3,-2.17
508818.843000,0.905,-0.131,-0.278,0.67,0.4,-0.43
508818.890000,0.923,-0.115,-0.321,-1.95,-0.89,-0.31
508818.937000,0.908,-0.127,-0.284,0.95,-1.89,2.01
508818.984000,0.905,-0.124,-0.322,-2.32,-5.83,1.59
508819.031000,0.92,-0.122,-0.312,-2.59,-2.08,-0.64
508819.078000,0.942,-0.124,-0.318,-0.85,-0.76,3.57
508819.125000,0.929,-0.124,-0.318,-1.77,1.07,1.89
508819.171000,0.935,-0.151,-0.339,-1.25,1.16,2.84
508819.218000,0.915,-0.148,-0.29,-3.39,3.08,0.0
508819.265000,0.921,-0.125,-0.302,-0.06,2.59,0.79
508819.312000,0.896,-0.144,-0.286,-4.12,-2.59,-1.8
508819.359000,0.916,-0.138,-0.314,2.01,1.83,1.16
508819.406000,0.906,-0.148,-0.294,-0.85,-4.49,-1.71
508819.453000,0.926,-0.147,-0.32,2.44,0.34,0.4
508819.500000,0.919,-0.142,-0.292,0.85,-1.59,-0.85
508819.546000,0.923,-0.142,-0.348,1.5,-1.43,0.09
508819.593000,0.91,-0.117,-0.311,2.78,-0.76,-1.37
508819.640000,0.91,-0.128,-0.289,1.56,-3.94,0.55
508819.687000,0.921,-0.121,-0.326,1.83,2.47,0.89
508819.734000,0.911,-0.137,-0.324,-1.65,-5.13,1.31
508819.781000,0.932,-0.161,-0.339,0.7,1.92,0.58
508819.828000,0.912,-0.139,-0.303,2.04,-1.89,3.91
508819.875000,0.926,-0.157,-0.351,2.17,0.09,1.37
508819.921000,0.91,-0.129,-0.308,-0.31,-0.31,-1.16
508819.968000,0.921,-0.143,-0.338,1.16,-1.22,1.5
508820.015000,0.913,-0.135,-0.316,-1.95,2.14,-1.5
508820.062000,0.915,-0.128,-0.34,-0.49,-1.07,1.92
508820.109000,0.91,-0.152,-0.28,-2.23,2.44,0.64
508820.156000,0.926,-0.15,-0.353,1.62,0.92,2.59
508820.203000,0.917,-0.157,-0.316,-2.44,3.17,-1.1
508820.250000,0.91,-0.154,-0.319,1.53,-1.95,1.74
508820.296000,0.904,-0.136,-0.303,-2.04,1.19,-0.49
508820.343000,0.908,-0.146,-0.328,0.49,-2.69,2.29
508820.390000,0.905,-0.14,-0.301,-0.95,-1.07,0.52
508820.437000,0.915,-0.135,-0.324,-0.12,-3.45,2.53
508820.484000,0.907,-0.134,-0.333,-2.93,-1.92,1.92
508820.531000,0.921,-0.148,-0.328,-0.98,-1.13,2.69
508820.578000,0.908,-0.152,-0.315,-1.86,-2.11,3.54
508820.625000,0.912,-0.152,-0.348,-1.86,-1.37,2.87
508820.671000,0.914,-0.164,-0.341,-1.53,-2.59,1.07
508820.718000,0.916,-0.161,-0.337,-0.24,-0.49,0.89
508820.765000,0.918,-0.146,-0.343,-1.04,0.76,-0.7
508820.812000,0.919,-0.157,-0.319,-0.52,0.24,2.17
508820.859000,0.915,-0.169,-0.356,0.06,1.68,0.52
508820.906000,0.907,-0.143,-0.319,-1.37,2.5,-1.46
508820.953000,0.917,-0.155,-0.342,1.65,1.8,0.67
508821.000000,0.902,-0.146,-0.312,0.79,2.5,0.55
508821.046000,0.901,-0.149,-0.333,0.24,-1.74,0.34
508821.093000,0.898,-0.149,-0.312,-2.72,3.14,-1.71
508821.140000,0.911,-0.142,-0.328,-0.43,-1.92,2.32
508821.187000,0.912,-0.155,-0.325,-3.27,-0.12,0.34
508821.234000,0.92,-0.155,-0.355,-1.13,-0.34,0.79
508821.281000,0.914,-0.16,-0.319,-0.46,-0.49,0.98
508821.328000,0.912,-0.16,-0.344,0.79,0.89,1.28
508821.375000,0.898,-0.151,-0.346,0.55,-0.98,0.37
508821.421000,0.901,-0.151,-0.315,-1.22,1.13,-1.65
508821.468000,0.9,-0.143,-0.325,2.29,-0.18,2.26
508821.515000,0.892,-0.151,-0.341,-1.16,-1.71,-0.73
508821.562000,0.904,-0.162,-0.331,-0.34,1.5,1.16
508821.609000,0.912,-0.144,-0.341,0.55,-1.77,-0.55
508821.656000,0.922,-0.148,-0.345,0.64,-0.73,2.93
508821.703000,0.91,-0.159,-0.36,-1.37,-2.69,0.92
508821.750000,0.906,-0.139,-0.334,-1.68,2.81,0.46
508821.796000,0.911,-0.137,-0.348,-1.77,-1.01,3.27
508821.843000,0.896,-0.142,-0.526,-3.33,2.23,1.19
508821.890000,0.935,-0.091,-0.8,-15.14,2.78,-13.89
508821.937000,0.743,0.275,-0.994,2.01,43.46,9.4
508821.984000,0.742,0.276,-0.887,-5.25,54.29,43.15
508822.031000,0.78,0.081,-0.693,-23.07,77.06,87.34
508822.078000,0.848,-0.11,-0.449,-64.88,84.08,99.12
508822.125000,0.964,-0.389,-0.474,-99.64,94.24,100.47
508822.171000,0.92,-0.568,-0.235,-189.89,126.38,40.13
508822.218000,0.9,-0.625,-0.31,-207.68,153.17,22.19
508822.265000,0.859,-0.529,-0.158,-246.68,160.99,-13.18
508822.312000,0.68,-0.467,-0.031,-254.71,143.71,8.51
508822.359000,0.605,-0.492,0.002,-239.6,108.55,46.97
508822.406000,0.687,-0.693,-0.077,-213.29,69.12,43.09
508822.453000,0.795,-0.679,-0.17,-163.43,109.62,11.23
508822.500000,0.716,-0.783,-0.121,-149.42,68.88,31.19
508822.546000,0.603,-0.43,0.058,-144.35,116.21,-64.15
508822.593000,0.584,-0.629,-0.003,-161.75,20.91,-16.48
508822.640000,0.652,-0.586,-0.143,-133.12,27.28,-46.36
508822.687000,0.826,-0.792,-0.365,-110.14,-57.13,-20.78
508822.734000,0.811,-0.538,-0.199,-75.96,-20.63,-57.53
508822.781000,0.813,-0.425,-0.201,-70.89,-65.28,-23.13
508822.828000,0.883,-0.393,-0.321,-47.43,-40.59,-13.34
508822.875000,0.908,-0.377,-0.39,-30.12,-31.53,-1.22
508822.921000,0.899,-0.423,-0.296,-10.01,-9.83,13.06
508822.968000,0.911,-0.37,-0.296,4.52,-1.53,12.94
508823.015000,0.899,-0.322,-0.27,-5.34,-13.61,4.43
508823.078000,0.92,-0.279,-0.318,-3.81,-2.93,7.57
508823.125000,0.919,-0.378,-0.307,1.5,-8.79,14.59
508823.171000,0.903,-0.367,-0.346,7.75,4.33,-7.39
508823.218000,0.888,-0.297,-0.278,4.49,-7.81,1.8
508823.265000,0.905,-0.306,-0.323,7.48,4.15,3.54
508823.312000,0.877,-0.317,-0.283,6.87,1.95,9.49
508823.359000,0.862,-0.323,-0.296,2.56,3.57,-0.03
508823.406000,0.891,-0.34,-0.345,1.92,-7.32,7.6
508823.453000,0.881,-0.366,-0.299,2.44,2.38,3.97
508823.515000,0.929,-0.391,-0.39,3.23,-3.51,5.74
508823.562000,0.867,-0.365,-0.225,4.76,4.24,16.3
508823.625000,0.887,-0.329,-0.302,2.47,6.07,-6.23
508823.671000,0.853,-0.318,-0.287,-0.12,0.92,-0.37
508823.718000,0.86,-0.302,-0.262,-1.46,5.13,-5.55
508823.765000,0.877,-0.344,-0.31,2.32,6.16,4.18
508823.812000,0.913,-0.403,-0.309,9.28,9.61,8.45
508823.859000,0.876,-0.413,-0.264,9.7,9.34,6.62
508823.906000,0.856,-0.356,-0.224,8.67,10.04,-3.63
508823.953000,0.881,-0.393,-0.288,5.04,0.12,-2.59
508824.000000,0.854,-0.333,-0.246,4.27,5.98,-5.04
508824.046000,0.875,-0.345,-0.287,2.53,4.24,-3.88
508824.093000,0.851,-0.323,-0.221,0.52,7.75,-2.93
508824.140000,0.881,-0.348,-0.251,-0.61,-3.36,-3.81
508824.187000,0.84,-0.315,-0.205,0.37,3.08,-0.7
508824.234000,0.901,-0.353,-0.291,-1.13,0.12,-0.76
508824.281000,0.878,-0.353,-0.263,4.12,4.21,-5.34
508824.328000,0.876,-0.314,-0.28,-0.03,-2.29,-4.0
508824.375000,0.884,-0.321,-0.241,0.15,0.49,-0.12
508824.437000,0.868,-0.369,-0.265,9.95,-4.24,-7.05
508824.484000,0.934,-0.357,-0.284,5.74,-3.11,-8.45
508824.531000,0.915,-0.344,-0.201,14.83,5.1,-8.03
508824.593000,0.89,-0.313,-0.247,9.98,4.88,-15.05
508824.640000,0.845,-0.343,-0.172,7.93,-5.52,-2.47
508824.687000,0.859,-0.468,-0.182,4.7,0.64,-0.67
508824.734000,0.835,-0.571,-0.17,16.21,-12.51,2.14
508824.781000,0.849,-0.654,-0.117,19.65,-5.92,-9.4
508824.828000,0.772,-0.802,-0.123,43.46,-17.82,-9.22
508824.875000,0.77,-0.916,-0.049,62.44,-19.68,-30.67
508824.921000,0.684,-0.888,-0.162,83.71,-30.95,-51.7
508824.968000,0.646,-0.948,-0.191,115.21,-42.85,-17.64
508825.015000,0.628,-1.048,-0.258,131.9,-59.91,-40.35
508825.062000,0.477,-1.077,-0.48,163.7,-64.94,-62.23
508825.109000,0.479,-1.047,-0.736,201.91,-82.58,-75.66
508825.156000,0.392,-0.849,-0.84,218.57,-83.19,-81.15
508825.203000,0.54,-0.81,-1.14,224.04,-90.06,-91.28
508825.250000,0.622,-0.621,-1.209,226.94,-96.04,-77.46
508825.296000,0.652,-0.45,-1.461,219.86,-66.44,-100.53
508825.343000,0.748,-0.225,-1.24,204.75,-73.15,-92.17
508825.390000,0.655,-0.241,-1.297,193.15,-36.04,-56.58
508825.437000,0.753,-0.022,-1.152,148.53,-71.38,-104.01
508825.484000,0.641,-0.191,-1.1,149.27,-64.79,-34.97
508825.531000,0.752,-0.08,-1.171,115.05,-34.67,-87.98
508825.593000,0.79,0.063,-1.022,89.75,-75.41,-42.48
508825.640000,0.709,0.174,-0.805,68.67,-5.34,-59.45
508825.687000,0.834,0.38,-0.543,15.05,-3.45,-84.48
508825.734000,0.788,0.386,-0.358,39.77,24.51,-68.09
508825.781000,0.838,0.258,-0.341,-7.39,-32.9,-14.07
508825.828000,0.947,0.215,-0.341,56.31,33.85,-32.2
508825.875000,0.871,0.222,-0.109,-33.3,-3.48,-30.34
508825.921000,0.921,0.119,-0.269,44.5,23.16,10.1
508825.968000,0.852,0.1,-0.26,-36.5,-8.0,-2.87
508826.015000,0.905,-0.064,-0.297,-5.37,16.66,5.77
508826.062000,0.88,-0.078,-0.314,-41.6,-8.51,0.61
508826.109000,0.916,-0.088,-0.378,10.99,-0.7,10.62
508826.156000,0.879,-0.085,-0.354,-27.19,-9.16,1.04
508826.203000,0.925,-0.063,-0.379,9.46,7.05,11.17
508826.250000,0.891,-0.104,-0.357,-17.06,-3.66,7.54
508826.296000,0.962,-0.11,-0.417,4.91,17.24,6.96
508826.343000,0.894,-0.072,-0.282,-18.98,8.0,-1.71
508826.390000,0.961,-0.066,-0.411,3.6,4.43,18.16
508826.437000,0.878,-0.086,-0.288,-17.37,2.93,-0.49
508826.484000,0.94,-0.127,-0.395,2.84,12.36,13.61
508826.531000,0.889,-0.136,-0.287,-19.71,2.78,-2.81
508826.578000,0.91,-0.106,-0.388,9.61,-2.41,9.67
508826.625000,0.907,-0.115,-0.272,-10.8,1.89,-1.5
508826.671000,0.918,-0.111,-0.391,15.02,17.61,-0.73
508826.718000,0.892,-0.087,-0.261,-5.46,-1.71,-4.21
508826.765000,0.897,-0.07,-0.305,1.86,-0.92,8.36
508826.812000,0.895,-0.121,-0.313,-17.03,-0.82,2.66
508826.859000,0.919,-0.098,-0.378,4.15,0.24,9.46
508826.906000,0.897,-0.112,-0.332,-11.08,-2.38,-1.07
508826.953000,0.941,-0.125,-0.358,4.76,8.48,4.91
508827.000000,0.916,-0.125,-0.307,-12.67,-3.57,-1.8
508827.046000,0.937,-0.099,-0.362,4.06,2.62,4.36
508827.093000,0.925,-0.115,-0.324,-8.61,5.74,-1.74
508827.140000,0.93,-0.07,-0.38,1.01,0.76,5.43
508827.187000,0.893,-0.114,-0.316,-10.74,0.46,1.19
508827.234000,0.9,-0.088,-0.35,-2.96,-5.28,6.99
508827.281000,0.887,-0.107,-0.317,-12.79,-2.35,1.13
508827.328000,0.911,-0.115,-0.384,-7.32,-14.28,8.15
508827.375000,0.942,-0.145,-0.386,-2.72,7.75,2.87
508827.421000,0.901,-0.116,-0.313,-5.8,-9.77,2.62
508827.468000,0.946,-0.151,-0.393,-1.56,8.36,1.77
508827.515000,0.898,-0.117,-0.321,-1.89,-2.04,1.01
508827.562000,0.906,-0.091,-0.365,-3.63,7.17,-1.25
508827.609000,0.876,-0.007,-0.363,-12.09,-4.73,-1.13
508827.656000,0.875,0.066,-0.467,-14.86,-1.13,6.38
508827.703000,0.822,0.26,-0.657,-51.64,-6.1,-3.39
508827.765000,0.789,0.228,-0.685,-53.59,10.68,47.91
508827.812000,0.763,0.08,-0.927,-74.19,-12.94,86.4
508827.859000,0.894,-0.061,-0.867,-52.95,46.72,101.6
508827.906000,1.037,-0.094,-0.62,-83.56,92.35,114.38
508827.953000,0.681,-0.026,-0.658,-130.25,136.3,117.74
508828.000000,0.747,-0.459,-0.627,-148.5,154.64,98.09
508828.046000,0.594,-0.549,-0.547,-192.02,159.37,75.81
508828.093000,0.728,-0.725,-0.376,-190.53,140.23,55.88
508828.140000,0.778,-0.511,-0.25,-206.15,144.75,5.46
508828.187000,0.775,-0.58,0.002,-197.94,129.28,1.1
508828.250000,0.753,-0.564,0.074,-166.84,145.6,5.77
508828.296000,0.73,-0.625,-0.067,-161.08,61.59,12.94
508828.343000,0.688,-0.656,0.159,-129.95,100.74,-9.31
508828.390000,0.641,-0.577,-0.081,-152.1,22.31,1.74
508828.437000,0.727,-0.644,-0.184,-122.84,25.36,-13.98
508828.484000,0.631,-0.551,-0.172,-142.95,-40.31,-14.22
508828.531000,0.685,-0.573,-0.45,-121.07,-49.41,-7.66
508828.578000,0.836,-0.633,-0.56,-114.2,-69.73,-27.13
508828.625000,0.871,-0.553,-0.449,-77.15,-44.68,-23.16
508828.671000,0.921,-0.519,-0.531,-26.55,-12.97,22.28
508828.718000,0.834,-0.404,-0.219,-10.62,-18.74,14.04
508828.765000,0.933,-0.396,-0.5,-0.55,-0.27,9.58
508828.812000,0.899,-0.376,-0.273,-4.46,-11.66,13.7
508828.859000,0.953,-0.352,-0.467,0.55,3.69,-3.17
508828.906000,0.898,-0.397,-0.36,1.01,-3.78,18.22
508828.953000,0.913,-0.381,-0.413,1.59,8.03,0.52
508829.000000,0.857,-0.354,-0.353,-2.01,3.54,4.21
508829.046000,0.838,-0.336,-0.342,-2.75,10.62,-2.81
508829.093000,0.833,-0.344,-0.352,-4.58,7.17,3.27
508829.140000,0.842,-0.388,-0.401,0.61,6.93,11.08
508829.187000,0.818,-0.387,-0.321,0.37,4.64,7.45
508829.234000,0.815,-0.38,-0.33,-3.02,7.05,-1.04
508829.281000,0.862,-0.385,-0.326,4.21,6.29,5.37
508829.328000,0.852,-0.385,-0.336,-2.17,4.55,2.9
508829.375000,0.86,-0.386,-0.313,1.8,4.61,5.4
508829.421000,0.811,-0.389,-0.276,-2.2,4.21,4.09
508829.468000,0.866,-0.4,-0.317,0.15,4.52,-1.89
508829.515000,0.835,-0.403,-0.324,1.25,2.62,7.35
508829.562000,0.856,-0.392,-0.32,5.68,4.94,-3.72
508829.609000,0.834,-0.351,-0.308,0.43,1.13,-1.83
508829.656000,0.813,-0.38,-0.28,2.59,1.25,5.65
508829.703000,0.849,-0.363,-0.326,-7.08,-10.93,-6.01
508829.750000,0.827,-0.381,-0.338,-3.23,-4.06,-5.46
508829.796000,0.837,-0.373,-0.32,0.46,-0.24,0.98
508829.843000,0.853,-0.493,-0.322,6.35,-5.16,3.66
508829.890000,0.817,-0.497,-0.272,9.64,-2.69,-5.13
508829.937000,0.8,-0.67,-0.248,20.57,-0.79,-7.05
508829.984000,0.749,-0.808,-0.199,31.62,-10.19,-7.02
508830.031000,0.708,-1.001,-0.209,54.14,-12.91,-19.32
508830.078000,0.652,-1.072,-0.292,95.68,-14.34,-34.97
508830.125000,0.606,-1.005,-0.28,114.35,-26.28,-60.85
508830.171000,0.675,-0.902,-0.406,146.09,-32.84,-61.16
508830.218000,0.572,-0.808,-0.549,156.59,-43.28,-67.9
508830.265000,0.617,-0.713,-0.558,165.2,-42.09,-60.4
508830.312000,0.654,-0.683,-0.661,165.87,-58.6,-62.2
508830.359000,0.552,-0.589,-0.742,167.58,-64.33,-61.04
508830.406000,0.651,-0.52,-0.852,161.96,-83.35,-60.43
508830.453000,0.703,-0.283,-0.878,161.78,-73.4,-76.78
508830.500000,0.673,-0.236,-1.046,146.09,-77.88,-74.86
508830.546000,0.736,-0.037,-0.828,133.7,-56.95,-95.4
508830.593000,0.803,0.168,-1.028,116.92,-50.42,-88.99
508830.640000,0.922,0.129,-0.767,118.63,-29.76,-48.13
508830.687000,0.807,0.145,-0.662,93.66,-29.91,-1.74
508830.734000,1.056,0.093,-0.688,77.73,-31.46,-49.26
508830.781000,0.776,0.08,-0.426,51.97,-28.69,-17.73
508830.828000,0.95,0.043,-0.714,43.92,-10.1,-36.07
508830.875000,0.921,-0.078,-0.365,50.39,-6.13,-18.43
508830.921000,0.895,0.037,-0.641,52.46,13.92,-18.86
508830.968000,0.891,-0.05,-0.289,37.84,-1.5,-9.74
508831.015000,0.885,0.005,-0.401,34.55,18.65,-14.37
508831.062000,0.87,-0.041,-0.294,16.27,-6.01,-6.59
508831.109000,0.854,-0.039,-0.239,12.82,9.34,-6.35
508831.156000,0.859,-0.074,-0.314,1.37,-13.7,0.85
508831.203000,0.862,-0.129,-0.222,0.31,13.12,-5.28
508831.265000,0.949,-0.168,-0.513,-3.6,-4.94,-0.31
508831.312000,0.894,-0.19,-0.233,-5.68,2.56,-5.07
508831.359000,0.939,-0.187,-0.326,3.05,13.15,-10.04
508831.406000,0.937,-0.174,-0.32,-2.78,-1.46,3.3
508831.453000,0.896,-0.156,-0.27,-5.43,12.48,-4.46
508831.500000,0.901,-0.182,-0.271,-2.9,0.03,4.33
508831.546000,0.921,-0.18,-0.314,-1.4,8.18,6.13
508831.593000,0.896,-0.185,-0.291,-2.5,-1.56,1.46
508831.640000,0.91,-0.179,-0.28,-3.51,2.78,-1.31
508831.687000,0.913,-0.177,-0.284,-2.81,-3.57,-1.19
508831.734000,0.913,-0.166,-0.287,-4.12,-1.53,-1.13
508831.781000,0.92,-0.197,-0.322,-2.5,-5.49,2.5
508831.828000,0.904,-0.17,-0.309,-1.53,-1.28,-1.25
508831.875000,0.905,-0.179,-0.308,-2.08,0.89,6.16
508831.921000,0.924,-0.177,-0.344,-2.69,-2.96,-0.27
508831.968000,0.902,-0.181,-0.277,-4.09,-0.85,6.04
508832.015000,0.938,-0.189,-0.389,-1.01,1.31,-1.43
508832.062000,0.906,-0.194,-0.294,-3.39,2.99,-0.89
508832.109000,0.914,-0.185,-0.336,-4.24,2.53,-1.68
508832.156000,0.92,-0.203,-0.3,-2.59,-1.77,-2.04
508832.203000,0.914,-0.157,-0.336,-5.92,5.31,-5.89
508832.250000,0.902,-0.159,-0.265,-0.61,3.17,0.27
508832.296000,0.919,-0.156,-0.367,1.25,1.98,0.98
508832.343000,0.902,-0.16,-0.265,-4.18,0.58,1.1
508832.390000,0.918,-0.162,-0.339,-5.68,-6.56,1.1
508832.437000,0.913,-0.183,-0.25,-2.47,5.89,-0.92
508832.484000,0.927,-0.164,-0.35,-3.17,-2.87,3.6
508832.531000,0.918,-0.178,-0.282,-2.59,1.46,-0.73
508832.578000,0.904,-0.192,-0.309,-4.0,-2.75,1.04
508832.625000,0.916,-0.115,-0.319,-5.49,3.05,-18.31
508832.671000,0.917,-0.124,-0.307,-4.0,-1.62,2.35
508832.718000,0.945,-0.188,-0.366,-0.52,4.58,4.49
508832.765000,0.893,-0.163,-0.312,-1.31,-1.5,2.01
508832.812000,0.919,-0.18,-0.311,2.72,8.27,2.9
508832.875000,0.929,-0.142,-0.339,-2.35,-0.64,-3.66
508832.921000,0.928,-0.22,-0.346,4.61,4.88,2.72
508832.968000,0.892,-0.128,-0.488,3.42,9.86,-14.01
508833.031000,0.712,-0.157,-0.571,14.95,-14.37,8.97
508833.078000,0.65,-0.281,-0.819,41.93,-5.65,3.57
508833.125000,0.522,0.057,-0.558,10.28,-24.45,-36.96
508833.171000,0.708,0.007,-0.839,27.99,-30.92,54.05
508833.218000,1.007,0.174,-0.662,-20.39,-3.75,5.13
508833.265000,1.167,0.035,-0.466,-53.59,47.36,103.43
508833.312000,1.105,-0.128,-0.585,-98.79,61.95,103.89
508833.359000,0.984,-0.256,-0.51,-127.41,112.83,102.85
508833.406000,0.789,-0.429,-0.412,-172.22,121.52,96.99
508833.453000,0.777,-0.63,-0.178,-195.5,141.3,65.13
508833.500000,0.878,-0.604,-0.277,-232.98,111.42,19.5
508833.546000,0.844,-0.367,-0.114,-250.1,135.17,-17.21
508833.593000,0.816,-0.407,-0.151,-227.24,92.65,44.34
508833.640000,0.841,-0.241,-0.169,-278.21,83.07,6.04
508833.687000,0.825,-0.685,-0.163,-195.07,66.53,103.49
508833.734000,0.649,-0.699,-0.118,-214.33,72.88,-4.36
508833.781000,0.744,-0.8,-0.485,-115.02,13.52,61.59
508833.828000,0.62,-0.596,-0.128,-125.92,37.81,-25.33
508833.875000,0.631,-0.493,-0.404,-68.91,-28.72,51.67
508833.921000,0.462,-0.428,-0.261,-97.17,-40.96,11.51
508833.968000,0.84,-0.73,-0.896,-73.73,-65.22,35.74
508834.015000,0.758,-0.709,-0.339,-38.39,-14.8,-1.95
508834.062000,0.807,-0.518,-0.451,-24.11,-12.39,-26.86
508834.109000,0.758,-0.296,-0.223,-2.99,-3.23,-8.33
508834.156000,0.809,-0.335,-0.387,-0.89,-11.11,-4.64
508834.203000,0.865,-0.304,-0.344,-6.93,-16.02,0.7
508834.250000,0.866,-0.321,-0.422,-7.9,-24.63,5.68
508834.296000,0.837,-0.397,-0.326,4.09,-2.62,12.02
508834.343000,0.867,-0.37,-0.509,2.9,-8.48,5.43
508834.390000,0.838,-0.377,-0.371,12.76,-9.67,18.56
508834.437000,0.859,-0.42,-0.414,1.37,-2.87,-15.23
508834.484000,0.843,-0.286,-0.391,1.34,-1.19,-14.01
508834.531000,0.841,-0.316,-0.455,-2.2,-0.37,-9.31
508834.578000,0.808,-0.313,-0.341,-2.66,-0.27,5.77
508834.640000,0.835,-0.365,-0.506,-3.88,-3.3,-2.08
508834.703000,0.818,-0.386,-0.384,8.03,7.54,17.0
508834.750000,0.823,-0.409,-0.412,4.67,-7.2,3.08
508834.796000,0.814,-0.326,-0.39,-0.89,1.04,-13.03
508834.843000,0.852,-0.329,-0.463,-0.15,-6.04,-1.19
508834.906000,0.793,-0.367,-0.363,-1.95,-1.53,5.49
508834.953000,0.798,-0.352,-0.408,-3.75,-3.17,-3.23
508835.000000,0.807,-0.357,-0.376,0.98,0.15,1.16
508835.046000,0.774,-0.392,-0.413,-0.12,-7.26,6.35
508835.093000,0.821,-0.422,-0.402,2.62,1.07,-2.38
508835.140000,0.786,-0.481,-0.402,6.74,-4.88,0.03
508835.187000,0.812,-0.533,-0.383,20.11,7.32,-16.57
508835.234000,0.793,-0.673,-0.394,29.88,0.95,-10.13
508835.281000,0.777,-0.829,-0.316,55.24,9.64,-31.46
508835.328000,0.673,-0.859,-0.267,68.51,2.69,-48.16
508835.375000,0.682,-0.797,-0.351,85.39,-10.22,-57.22
508835.421000,0.554,-0.777,-0.281,102.45,-16.79,-46.51
508835.468000,0.549,-0.747,-0.354,117.34,-36.38,-44.5
508835.515000,0.526,-0.768,-0.406,121.8,-46.94,-51.09
508835.562000,0.611,-0.74,-0.57,142.28,-50.97,-63.6
508835.609000,0.639,-0.614,-0.75,147.37,-72.88,-70.22
508835.656000,0.567,-0.632,-0.773,164.01,-55.24,-52.67
508835.703000,0.64,-0.444,-0.904,154.3,-80.36,-90.46
508835.750000,0.656,-0.489,-0.918,167.33,-66.29,-58.23
508835.796000,0.672,-0.349,-1.091,156.8,-71.2,-92.41
508835.843000,0.752,-0.209,-0.94,156.13,-67.69,-56.89
508835.890000,0.586,-0.068,-0.976,146.92,-58.6,-42.91
508835.937000,0.85,-0.319,-0.924,129.46,-78.49,-50.84
508835.984000,0.784,-0.173,-0.925,140.2,-53.44,-67.29
508836.031000,0.84,0.093,-0.937,103.15,-51.33,-89.42
508836.078000,0.749,-0.075,-0.778,114.66,-23.68,-20.11
508836.125000,0.977,-0.025,-0.87,94.24,-21.06,-75.56
508836.171000,0.957,0.009,-0.664,75.29,-26.55,-38.79
508836.218000,0.901,0.083,-0.482,54.51,17.61,-54.26
508836.265000,0.905,-0.033,-0.405,22.58,-15.81,-24.48
508836.312000,0.928,-0.001,-0.418,43.06,42.02,-36.59
508836.359000,0.845,-0.037,-0.219,9.95,5.46,-24.57
508836.406000,0.833,-0.011,-0.259,-8.7,8.58,-10.65
508836.453000,0.839,-0.067,-0.304,-1.07,-2.81,5.16
508836.515000,0.853,-0.179,-0.271,-18.77,3.54,-3.94
508836.562000,0.904,-0.228,-0.371,-0.34,2.26,9.22
508836.609000,0.898,-0.236,-0.3,-17.0,2.14,-2.01
508836.656000,0.897,-0.256,-0.32,3.81,-9.74,11.54
508836.703000,0.909,-0.221,-0.29,-13.12,4.7,-8.21
508836.750000,0.917,-0.224,-0.312,3.78,0.43,6.47
508836.796000,0.913,-0.214,-0.326,-7.42,4.52,-4.46
508836.843000,0.893,-0.19,-0.257,-2.5,2.87,1.01
508836.890000,0.89,-0.22,-0.31,-7.42,0.7,-0.37
508836.937000,0.888,-0.215,-0.299,-1.89,2.26,0.55
508836.984000,0.869,-0.225,-0.262,-4.64,-2.78,3.48
508837.031000,0.919,-0.239,-0.388,-1.4,-0.58,0.34
508837.078000,0.873,-0.243,-0.263,-1.34,0.82,2.9
508837.125000,0.92,-0.249,-0.407,1.68,-6.59,3.78
508837.171000,0.887,-0.24,-0.293,0.82,7.51,-4.49
508837.218000,0.908,-0.222,-0.363,-1.65,-5.65,2.62
508837.265000,0.89,-0.199,-0.313,-2.56,3.57,-3.57
508837.312000,0.881,-0.252,-0.326,-6.35,-1.34,3.72
508837.359000,0.869,-0.196,-0.32,-9.37,-6.38,-0.79
508837.406000,0.869,-0.215,-0.342,-8.7,-11.81,7.2
508837.453000,0.879,-0.243,-0.307,-3.11,1.31,-1.83
508837.500000,0.907,-0.196,-0.385,-5.4,-3.57,4.15
508837.546000,0.906,-0.268,-0.341,-5.37,-3.14,1.74
508837.593000,0.932,-0.229,-0.381,-4.24,1.46,0.58
508837.640000,0.887,-0.225,-0.326,-4.21,0.89,4.46
508837.687000,0.894,-0.231,-0.385,-2.11,-1.8,4.21
508837.734000,0.872,-0.246,-0.318,-2.84,5.52,0.09
508837.781000,0.887,-0.234,-0.373,-0.76,0.03,2.17
508837.828000,0.874,-0.265,-0.317,-2.01,4.73,0.79
508837.875000,0.885,-0.226,-0.35,2.41,-1.53,2.99
508837.921000,0.892,-0.248,-0.323,-0.15,10.56,-1.01
508837.968000,0.879,-0.246,-0.347,0.89,-6.9,3.6
508838.015000,0.862,-0.224,-0.314,-1.62,5.31,-1.95
508838.062000,0.878,-0.224,-0.323,-1.16,-5.49,3.85
508838.109000,0.881,-0.24,-0.434,-3.42,-0.18,-0.55
508838.156000,0.798,-0.219,-0.517,-5.31,-7.14,-0.64
508838.203000,0.699,-0.108,-0.842,-10.93,-14.62,-3.81
508838.250000,0.662,-0.093,-0.714,6.26,10.59,15.14
508838.296000,0.678,0.076,-0.854,-14.62,22.22,31.46
508838.343000,0.941,-0.059,-0.904,-84.96,52.83,32.78
508838.390000,0.976,-0.318,-0.549,-81.64,98.88,86.61
508838.437000,1.232,-0.386,-0.492,-82.37,81.33,83.93
508838.484000,0.901,-0.263,-0.597,-120.03,156.44,79.68
508838.531000,0.679,-0.445,-0.341,-156.87,147.56,80.23
508838.578000,0.735,-0.513,-0.313,-188.57,180.3,29.57
508838.625000,0.708,-0.473,0.061,-261.24,144.93,-22.98
508838.671000,0.843,-0.414,0.003,-231.67,145.88,-23.74
508838.718000,0.554,-0.44,0.03,-284.71,60.88,-47.24
508838.765000,0.873,-0.491,0.059,-151.4,52.98,9.13
508838.812000,0.715,-0.255,0.166,-219.82,66.5,-73.12
508838.859000,1.011,-0.457,-0.398,-99.95,30.0,37.02
508838.906000,0.75,-0.444,-0.126,-158.91,-9.0,-25.12
508838.953000,1.077,-0.712,-0.489,-61.98,-3.2,64.73
508839.000000,0.668,-0.345,-0.053,-100.44,-11.47,0.82
508839.046000,0.708,-0.377,-0.408,-112.83,-52.98,31.71
508839.093000,0.699,-0.504,-0.568,-122.23,-100.34,27.19
508839.140000,0.963,-0.642,-0.824,-100.19,-61.22,-25.24
508839.187000,0.883,-0.398,-0.391,-44.43,-39.4,8.97
508839.234000,0.826,-0.364,-0.39,-3.51,11.54,23.47
508839.281000,0.81,-0.312,-0.323,-14.98,-23.16,11.72
508839.328000,0.889,-0.286,-0.463,-8.0,-7.42,0.82
508839.375000,0.89,-0.34,-0.422,-8.64,-18.98,15.14
508839.421000,0.881,-0.342,-0.413,3.2,6.87,7.05
508839.468000,0.882,-0.315,-0.42,-2.2,-9.19,8.42
508839.515000,0.881,-0.316,-0.469,1.77,5.71,8.06
508839.562000,0.854,-0.297,-0.393,-3.91,-4.39,1.92
508839.609000,0.842,-0.318,-0.478,1.92,6.38,4.67
508839.656000,0.82,-0.326,-0.367,1.22,-1.92,5.98
508839.703000,0.845,-0.318,-0.474,4.85,6.99,-0.46
508839.750000,0.824,-0.321,-0.417,2.17,-5.55,4.18
508839.812000,0.838,-0.325,-0.376,6.13,7.54,1.77
508839.859000,0.859,-0.314,-0.472,5.1,-2.87,5.13
508839.906000,0.816,-0.338,-0.34,4.0,8.73,1.89
508839.953000,0.847,-0.31,-0.444,1.86,-1.53,-1.89
508840.000000,0.817,-0.326,-0.401,5.8,6.81,6.71
508840.046000,0.835,-0.366,-0.419,0.82,-1.62,0.64
508840.093000,0.834,-0.327,-0.393,4.76,3.88,-2.04
508840.140000,0.842,-0.344,-0.425,3.6,-2.38,0.37
508840.187000,0.824,-0.331,-0.383,5.34,3.97,-2.17
508840.234000,0.84,-0.311,-0.386,4.27,-1.46,0.61
508840.281000,0.821,-0.363,-0.38,5.31,3.88,0.82
508840.343000,0.81,-0.342,-0.389,2.53,-4.64,0.34
508840.390000,0.829,-0.353,-0.358,8.21,-0.03,-2.66
508840.453000,0.815,-0.41,-0.354,11.11,-1.62,2.53
508840.500000,0.821,-0.482,-0.383,15.87,0.58,2.47
508840.546000,0.826,-0.519,-0.358,25.82,1.8,-11.63
508840.593000,0.748,-0.558,-0.322,34.21,0.85,-3.94
508840.640000,0.745,-0.618,-0.295,43.76,-5.77,-11.35
508840.687000,0.716,-0.791,-0.299,60.46,-10.71,-10.83
508840.734000,0.708,-0.74,-0.287,63.66,-20.72,-52.95
508840.781000,0.659,-0.727,-0.356,88.5,-25.48,-43.82
508840.828000,0.624,-0.756,-0.399,97.63,-32.93,-63.26
508840.875000,0.615,-0.8,-0.443,115.54,-42.54,-50.78
508840.921000,0.672,-0.869,-0.587,143.71,-40.96,-47.15
508840.968000,0.681,-0.771,-0.642,169.41,-50.08,-55.27
508841.015000,0.601,-0.69,-0.685,180.52,-40.35,-56.09
508841.078000,0.644,-0.654,-0.73,186.44,-55.15,-17.49
508841.125000,0.636,-0.749,-0.774,181.59,-65.65,-42.82
508841.171000,0.585,-0.631,-0.915,188.02,-66.62,-39.7
508841.218000,0.725,-0.359,-0.998,178.93,-68.27,-106.6
508841.265000,0.569,-0.276,-0.677,158.94,-76.78,-59.39
508841.328000,0.68,0.005,-0.89,126.83,-42.45,-112.67
508841.375000,0.972,0.08,-1.0,95.52,-129.22,-95.95
508841.437000,0.681,0.106,-0.549,103.7,-27.28,-59.66
508841.484000,0.9,0.24,-0.829,60.0,-46.97,-64.76
508841.546000,0.957,0.07,-0.539,72.79,-34.06,-19.84
508841.593000,0.88,0.164,-0.508,35.95,-0.79,-34.3
508841.640000,0.93,0.078,-0.448,23.5,-20.14,-14.74
508841.687000,0.906,0.043,-0.41,10.41,-6.9,-6.96
508841.734000,0.903,-0.069,-0.438,-0.82,-21.27,3.48
508841.781000,0.904,-0.101,-0.421,6.16,-2.56,6.87
508841.843000,0.858,-0.14,-0.378,-3.72,-4.58,9.92
508841.890000,0.918,-0.203,-0.438,0.0,9.64,-0.03
508841.937000,0.899,-0.213,-0.373,-8.12,1.22,2.23
508841.984000,0.882,-0.224,-0.401,-5.92,4.76,3.63
508842.031000,0.885,-0.198,-0.378,-10.04,-9.06,2.9
508842.093000,0.882,-0.234,-0.4,-3.97,5.31,-8.55
508842.140000,0.876,-0.189,-0.343,-11.44,2.78,-6.87
508842.187000,0.89,-0.22,-0.337,-2.78,8.18,-2.99
508842.234000,0.888,-0.186,-0.348,-6.07,4.15,0.82
508842.281000,0.903,-0.207,-0.327,0.12,5.95,1.65
508842.328000,0.89,-0.18,-0.345,-6.44,-1.86,1.13
508842.375000,0.894,-0.21,-0.343,1.65,4.15,7.78
508842.421000,0.877,-0.208,-0.34,-3.27,-3.6,0.18
508842.468000,0.883,-0.19,-0.348,0.85,2.59,3.6
508842.515000,0.869,-0.203,-0.36,-0.7,-3.54,0.82
508842.562000,0.89,-0.192,-0.375,-0.82,-0.64,1.25
508842.609000,0.875,-0.227,-0.36,3.42,-1.89,9.43
508842.656000,0.842,-0.17,-0.353,-1.37,-1.01,-0.67
508842.703000,0.885,-0.23,-0.381,-2.32,-8.3,6.71
508842.750000,0.891,-0.201,-0.37,-1.01,4.12,-3.88
508842.796000,0.881,-0.194,-0.386,-0.12,-6.5,7.63
508842.843000,0.898,-0.226,-0.423,4.36,6.47,2.01
508842.890000,0.871,-0.216,-0.41,-1.19,-5.89,6.04
508842.937000,0.892,-0.211,-0.405,0.06,5.16,-4.27
508842.984000,0.875,-0.19,-0.355,0.52,-1.92,7.08
508843.031000,0.888,-0.2,-0.401,-0.34,4.09,3.33
508843.093000,0.868,-0.22,-0.324,-4.36,-3.57,6.62
508843.140000,0.895,-0.226,-0.411,-2.75,9.0,-1.01
508843.187000,0.886,-0.23,-0.349,-1.13,-1.4,5.8
508843.234000,0.892,-0.235,-0.395,-2.14,6.41,0.58
508843.281000,0.869,-0.236,-0.345,-0.52,-0.03,3.6
508843.328000,0.878,-0.223,-0.378,-1.01,3.14,0.15
508843.375000,0.862,-0.231,-0.334,-1.5,1.74,2.96
508843.421000,0.874,-0.237,-0.374,-2.87,-4.36,0.55
508843.468000,0.868,-0.232,-0.355,-0.82,2.26,2.59
508843.515000,0.867,-0.231,-0.371,-0.67,-1.95,0.7
508843.562000,0.868,-0.209,-0.361,-1.34,0.09,-1.25
508843.609000,0.89,-0.244,-0.412,-0.27,-0.4,1.13
508843.656000,0.868,-0.245,-0.377,0.76,-0.43,2.87
508843.703000,0.868,-0.272,-0.489,0.73,1.65,0.79
508843.750000,0.837,-0.354,-0.541,3.85,4.43,-0.27
508843.796000,0.725,-0.392,-0.771,2.75,-6.62,-4.97
508843.843000,0.547,-0.082,-0.814,15.26,21.0,-16.51
508843.890000,0.617,0.077,-0.836,6.35,-3.48,14.4
508843.937000,0.772,0.047,-0.694,-20.2,28.93,36.32
508843.984000,0.755,0.016,-0.971,-152.56,-81.39,66.32
508844.031000,1.143,-0.199,-0.818,-59.54,58.57,74.01
508844.078000,0.937,0.013,-0.63,-177.07,84.99,69.98
508844.125000,0.944,-0.252,-0.512,-126.62,105.47,132.88
508844.171000,0.741,-0.38,-0.565,-229.47,157.96,90.3
508844.218000,0.69,-0.489,-0.457,-249.73,165.65,73.92
508844.265000,0.701,-0.463,-0.334,-269.88,161.26,49.99
508844.312000,0.73,-0.498,-0.275,-271.03,124.24,39.86
508844.359000,0.612,-0.26,-0.105,-194.74,159.89,4.15
508844.406000,0.636,-0.547,-0.062,-225.62,29.27,65.52
508844.453000,0.756,-0.477,-0.179,-119.88,99.64,10.13
508844.500000,0.702,-0.474,-0.312,-147.92,-11.51,23.96
508844.546000,0.688,-0.731,-0.552,-121.07,-24.11,32.84
508844.593000,0.859,-0.706,-0.347,-83.53,47.21,-15.87
508844.640000,0.657,-0.27,-0.206,-92.65,2.72,-24.57
508844.687000,0.703,-0.392,-0.483,-75.5,-24.93,38.58
508844.734000,0.723,-0.475,-0.418,-87.28,-43.55,21.61
508844.781000,0.869,-0.679,-0.48,-55.02,-45.72,9.46
508844.828000,0.831,-0.474,-0.253,-14.1,-1.8,3.36
508844.875000,0.868,-0.322,-0.436,5.68,-6.13,5.65
508844.921000,0.856,-0.257,-0.256,1.19,-6.78,9.46
508844.984000,0.911,-0.291,-0.453,-9.92,-1.98,11.69
508845.031000,0.915,-0.347,-0.425,-8.24,-16.14,24.96
508845.078000,0.888,-0.393,-0.394,2.66,3.97,13.82
508845.125000,0.872,-0.376,-0.372,0.31,-6.78,7.78
508845.171000,0.864,-0.336,-0.417,0.49,11.02,-1.01
508845.218000,0.826,-0.303,-0.366,1.28,-9.49,10.83
508845.265000,0.844,-0.354,-0.411,-0.15,2.87,2.17
508845.312000,0.838,-0.309,-0.343,-2.56,-8.97,7.02
508845.375000,0.854,-0.369,-0.361,4.91,5.34,8.09
508845.421000,0.823,-0.371,-0.396,0.15,-6.71,9.34
508845.468000,0.837,-0.373,-0.37,0.27,3.08,2.78
508845.515000,0.83,-0.369,-0.392,-0.89,-8.88,3.6
508845.562000,0.829,-0.382,-0.361,0.12,1.62,1.1
508845.609000,0.83,-0.374,-0.365,3.57,-6.07,4.18
508845.656000,0.833,-0.382,-0.424,3.14,6.87,-4.76
508845.703000,0.837,-0.355,-0.384,3.39,-2.69,-0.55
508845.750000,0.827,-0.356,-0.373,3.2,5.83,-1.71
508845.796000,0.852,-0.386,-0.413,0.43,-2.38,-2.11
508845.843000,0.83,-0.358,-0.349,4.49,8.15,-3.51
508845.890000,0.826,-0.359,-0.397,2.04,0.06,1.68
508845.937000,0.812,-0.364,-0.341,1.71,2.35,1.53
508846.000000,0.817,-0.368,-0.392,2.66,0.67,-0.95
508846.046000,0.801,-0.395,-0.335,5.04,4.94,3.42
508846.093000,0.858,-0.493,-0.421,14.95,-2.35,6.71
508846.140000,0.792,-0.578,-0.294,26.55,10.28,-4.97
508846.187000,0.822,-0.7,-0.357,44.86,3.11,-2.14
508846.234000,0.845,-0.787,-0.287,72.45,18.28,-12.02
508846.281000,0.63,-0.773,-0.261,90.91,10.9,-26.83
508846.343000,0.632,-0.874,-0.19,96.35,-16.02,-62.62
508846.390000,0.576,-0.806,-0.172,99.34,-17.7,-92.5
508846.437000,0.687,-0.711,-0.256,127.69,-42.42,-79.17
508846.484000,0.728,-0.627,-0.305,139.81,-31.04,-67.23
508846.531000,0.784,-0.701,-0.384,159.12,-44.5,-35.86
508846.578000,0.826,-0.445,-0.487,155.83,-39.16,-58.69
508846.625000,0.776,-0.578,-0.398,169.41,-41.14,-9.03
508846.671000,0.741,-0.454,-0.53,156.1,-44.98,-43.79
508846.718000,0.73,-0.483,-0.607,159.92,-73.06,-30.92
508846.765000,0.662,-0.373,-0.532,143.47,-65.95,-34.52
508846.812000,0.864,-0.325,-0.85,142.86,-83.25,-47.82
508846.859000,0.768,-0.314,-0.684,137.0,-55.79,-30.95
508846.906000,0.791,-0.215,-0.819,123.75,-60.88,-63.14
508846.953000,0.873,-0.237,-0.786,109.81,-68.45,-62.96
508847.000000,0.895,-0.16,-0.744,97.48,-39.34,-75.66
508847.046000,0.924,-0.089,-0.76,94.27,-25.24,-74.86
508847.093000,0.774,-0.036,-0.54,92.32,-7.29,-52.77
508847.140000,0.906,0.041,-0.786,74.16,-25.06,-59.11
508847.187000,0.794,-0.008,-0.342,66.56,-7.29,-37.42
508847.234000,0.842,0.047,-0.546,45.5,-9.28,-29.45
508847.281000,0.874,0.07,-0.358,32.2,-0.4,-28.32
508847.328000,0.922,0.082,-0.442,19.32,-9.83,-17.64
508847.375000,0.927,0.056,-0.385,25.24,-6.93,5.58
508847.421000,0.918,0.017,-0.417,6.56,-7.23,1.98
508847.468000,0.874,-0.009,-0.328,16.17,-0.27,7.42
508847.515000,0.917,-0.101,-0.391,1.8,-1.59,7.02
508847.562000,0.919,-0.122,-0.309,5.49,13.03,-8.18
508847.609000,0.938,-0.102,-0.415,-11.63,-6.38,-7.39
508847.656000,0.908,-0.133,-0.325,8.76,18.59,2.11
508847.703000,0.91,-0.125,-0.332,-2.69,-7.72,-8.06
508847.750000,0.895,-0.064,-0.26,-1.74,12.05,-6.07
508847.796000,0.935,-0.142,-0.341,-5.92,-4.15,8.3
508847.843000,0.905,-0.158,-0.245,-3.85,7.72,5.04
508847.906000,0.926,-0.138,-0.273,-6.87,-0.4,1.43
508847.953000,0.918,-0.15,-0.261,-2.26,1.95,0.31
508848.000000,0.929,-0.139,-0.291,-5.68,-7.14,0.24
508848.046000,0.92,-0.155,-0.263,-4.64,1.22,0.92
508848.093000,0.934,-0.15,-0.284,-3.2,-4.73,5.8
508848.140000,0.926,-0.145,-0.312,-2.08,4.12,5.25
508848.187000,0.894,-0.17,-0.293,-3.91,-3.11,5.58
508848.234000,0.923,-0.178,-0.342,-2.59,0.27,-0.37
508848.281000,0.908,-0.161,-0.294,-0.55,-2.04,2.59
508848.328000,0.918,-0.135,-0.347,0.24,3.72,0.58
508848.375000,0.911,-0.159,-0.284,-1.53,-5.34,6.62
508848.421000,0.933,-0.141,-0.348,-1.13,7.05,-2.26
508848.468000,0.915,-0.159,-0.271,-2.53,-2.41,3.51
508848.515000,0.93,-0.175,-0.371,1.62,5.25,2.17
508848.562000,0.913,-0.183,-0.316,-1.16,-2.47,1.86
508848.609000,0.931,-0.165,-0.333,-2.72,3.05,-2.59
508848.656000,0.92,-0.155,-0.304,0.76,1.71,2.29
508848.703000,0.931,-0.155,-0.325,-3.14,-1.43,2.59
508848.750000,0.898,-0.142,-0.255,-0.49,3.63,0.49
508848.796000,0.919,-0.145,-0.324,-2.35,-1.46,4.43
508848.843000,0.896,-0.163,-0.278,-1.46,7.2,3.66
508848.890000,0.918,-0.183,-0.313,-3.75,-5.68,3.23
508848.937000,0.905,-0.165,-0.278,-0.52,5.55,1.95
508849.000000,0.914,-0.165,-0.304,-2.84,-3.94,4.12
508849.046000,0.911,-0.175,-0.31,-1.68,1.53,3.17
508849.093000,0.92,-0.183,-0.303,-3.85,-4.76,-0.55
508849.140000,0.92,-0.162,-0.337,-1.07,-0.4,0.27
508849.187000,0.913,-0.19,-0.309,-0.98,-0.34,1.74
508849.234000,0.909,-0.164,-0.325,-2.72,2.2,-3.14
508849.281000,0.91,-0.174,-0.316,0.34,-0.27,2.2
508849.328000,0.906,-0.17,-0.304,-2.47,0.12,-2.62
508849.375000,0.908,-0.176,-0.3,-0.4,1.28,0.82
508849.421000,0.929,-0.177,-0.34,0.27,2.84,-1.19
508849.468000,0.917,-0.168,-0.317,2.66,-1.19,4.39
508849.515000,0.935,-0.188,-0.298,0.24,3.08,-0.58
508849.562000,0.914,-0.149,-0.33,-0.15,1.71,-1.43
508849.609000,0.912,-0.161,-0.304,-0.92,0.27,0.49
508849.656000,0.911,-0.156,-0.311,-0.82,2.9,-1.1
508849.703000,0.906,-0.168,-0.303,-0.49,2.23,3.6
508849.750000,0.895,-0.177,-0.288,-2.53,-1.71,0.79
508849.796000,0.908,-0.186,-0.291,-1.83,-5.55,1.13
508849.843000,0.926,-0.187,-0.285,0.73,1.95,0.61
508849.890000,0.928,-0.19,-0.354,3.3,0.92,-0.55
508849.937000,0.922,-0.171,-0.303,3.14,1.04,0.27
508849.984000,0.933,-0.187,-0.317,3.88,4.36,0.49
508850.031000,0.918,-0.153,-0.308,-0.49,3.72,-6.16
508850.078000,0.922,-0.163,-0.294,2.41,-0.98,4.36
508850.125000,0.913,-0.143,-0.308,-6.29,1.56,-11.32
508850.171000,0.903,-0.159,-0.338,0.76,1.37,7.32
508850.218000,0.889,-0.193,-0.289,-2.5,-0.49,-1.92
508850.265000,0.904,-0.186,-0.303,2.44,-0.21,3.39
508850.312000,0.92,-0.169,-0.318,0.7,-3.39,0.46
508850.359000,0.937,-0.171,-0.313,-2.99,-2.08,-1.59
508850.406000,0.919,-0.189,-0.305,1.37,4.15,4.85
508850.453000,0.929,-0.175,-0.366,-4.12,-1.92,-4.61
508850.500000,0.892,-0.143,-0.293,-2.35,2.81,1.46
508850.546000,0.892,-0.171,-0.327,-2.99,-0.4,4.09
508850.593000,0.889,-0.172,-0.325,-2.38,2.01,-0.67
508850.640000,0.882,-0.179,-0.351,1.43,3.66,4.55
508850.687000,0.875,-0.177,-0.558,-1.34,-15.66,9.13
508850.734000,0.815,-0.232,-0.557,22.52,6.74,41.2
508850.781000,0.771,-0.098,-0.636,29.42,3.66,26.06
508850.828000,0.763,-0.072,-0.438,28.14,20.66,44.53
508850.875000,0.823,-0.181,-0.424,38.73,7.32,66.5
508850.921000,0.769,-0.359,-0.407,-20.84,16.42,61.92
508850.968000,0.842,-0.393,-0.314,19.68,28.69,87.62
508851.015000,0.745,-0.51,-0.361,-23.16,21.3,66.29
508851.062000,0.694,-0.453,-0.34,-18.8,52.64,63.05
508851.109000,0.572,-0.542,-0.279,-59.63,54.26,89.18
508851.156000,0.67,-0.44,-0.422,-56.06,84.38,82.46
508851.203000,0.702,-0.641,-0.534,-142.34,147.98,95.13
508851.250000,0.791,-0.756,-0.456,-135.41,172.7,113.65
508851.296000,0.91,-1.101,-0.53,-184.03,231.45,101.75
508851.343000,0.988,-1.643,-0.128,-134.95,223.91,49.44
508851.390000,0.665,-1.544,-0.039,-145.51,237.59,-40.19
508851.437000,0.278,-0.979,0.237,-92.87,255.65,-71.17
508851.484000,0.031,-0.899,0.411,-74.92,201.03,-12.21
508851.531000,-0.164,-1.161,0.623,4.7,107.49,53.56
508851.593000,-0.241,-1.334,0.603,33.36,-7.72,0.92
508851.656000,-0.142,-1.273,0.211,107.43,-111.79,-56.86
508851.703000,-0.085,-0.876,0.109,130.28,-190.65,-135.96
508851.750000,0.179,-0.536,-0.296,143.68,-217.05,-177.43
508851.796000,1.045,0.335,-1.125,70.77,-199.62,-296.15
508851.843000,1.422,1.413,-0.929,-29.48,47.3,-302.35
508851.890000,1.262,1.73,-0.357,3.27,51.12,11.69
508851.937000,1.031,0.892,-0.506,-105.53,58.44,171.85
508851.984000,0.821,0.525,-0.517,-165.04,91.46,197.82
508852.031000,0.468,-0.228,-0.275,-199.44,105.47,237.65
508852.078000,0.142,-1.023,-0.055,-123.66,104.34,287.09
508852.125000,-0.191,-1.515,0.386,-50.05,95.1,290.51
508852.171000,-0.362,-2.128,0.907,74.19,13.06,198.0
508852.218000,-0.391,-1.982,0.71,23.77,-51.85,-60.03
508852.265000,-0.288,-1.421,0.407,53.53,-125.46,-189.09
508852.312000,-0.141,-0.971,-0.105,114.99,-187.72,-242.13
508852.359000,-0.043,-0.6,-0.548,113.9,-207.98,-349.1
508852.421000,0.848,1.221,-1.531,203.34,-29.3,-539.54
508852.468000,0.811,2.783,-0.72,120.7,168.8,-389.72
508852.515000,0.975,2.006,-0.376,-105.17,-35.83,220.04
508852.562000,0.636,0.972,-0.688,-282.54,-13.4,270.24
508852.609000,0.178,-0.188,-0.412,-239.14,69.77,395.25
508852.656000,0.123,-0.99,-0.083,-130.41,99.89,420.18
508852.703000,0.047,-1.632,0.333,-88.32,162.51,244.79
508852.750000,-0.051,-1.9,0.737,-50.29,83.47,62.62
508852.796000,-0.076,-1.845,0.774,29.11,-19.44,-46.05
508852.843000,0.045,-1.506,0.609,99.77,-102.51,-118.72
508852.890000,0.098,-0.865,0.181,141.18,-165.62,-238.62
508852.937000,0.25,-0.323,-0.47,142.06,-220.37,-290.32
508852.984000,0.865,0.631,-1.024,156.41,-118.32,-398.36
508853.031000,0.921,1.937,-0.895,28.2,80.81,-378.64
508853.078000,1.074,2.033,-0.301,62.53,41.51,65.61
508853.125000,0.915,1.19,-0.318,-104.77,35.92,166.42
508853.171000,0.628,0.653,-0.226,-155.03,79.99,220.5
508853.218000,0.363,-0.063,-0.01,-123.17,84.69,332.74
508853.265000,0.083,-0.813,0.269,17.73,113.83,460.46
508853.312000,-0.457,-1.751,0.83,5.25,166.3,306.99
508853.359000,-0.897,-2.193,1.48,-57.19,49.9,-5.58
508853.406000,-0.332,-1.479,0.87,45.17,-163.61,-174.02
508853.453000,0.459,-0.788,0.107,119.69,-256.75,-240.46
508853.500000,1.252,0.178,-0.787,107.73,-140.48,-331.92
508853.546000,1.328,1.285,-1.077,93.45,11.05,-261.39
508853.593000,1.165,1.292,-0.167,50.75,83.59,89.66
508853.640000,0.662,0.66,0.162,-22.49,128.94,237.34
508853.687000,0.061,-0.28,0.887,107.24,132.27,445.69
508853.734000,-0.45,-1.086,1.36,283.85,64.94,548.91
508853.781000,-0.064,-1.019,0.909,134.25,-80.32,246.35
508853.828000,0.56,-0.816,0.593,62.96,-89.18,25.15
508853.875000,0.647,-0.756,0.54,89.75,-4.46,72.82
508853.921000,0.286,-0.533,0.903,58.93,25.88,38.33
508853.968000,0.23,-0.576,0.793,12.12,-24.93,13.52
508854.015000,0.392,-0.541,0.802,-25.24,-20.81,-32.93
508854.062000,0.419,-0.538,0.709,3.36,-22.4,-5.98
508854.109000,0.388,-0.484,0.803,-13.12,12.91,-19.99
508854.156000,0.367,-0.501,0.757,-64.42,-25.12,-63.42
508854.203000,0.423,-0.863,0.656,-206.15,-74.59,-237.1
508854.250000,0.575,-0.79,0.571,-314.58,-83.68,-432.26
508854.296000,0.951,0.235,0.309,-207.37,-66.74,-333.11
508854.343000,1.077,0.542,0.091,65.89,92.32,229.35
508854.390000,0.384,-0.608,0.831,189.79,135.32,417.58
508854.437000,-0.109,-1.177,1.22,269.51,-1.43,314.43
508854.484000,0.876,-0.623,0.235,-91.22,-180.36,-152.9
508854.531000,1.357,-0.095,-0.32,-7.39,-8.03,-57.99
508854.578000,0.815,-0.036,0.14,58.5,151.98,109.2
508854.625000,-0.359,-0.974,1.483,67.75,40.1,135.07
508854.671000,0.632,-0.77,0.619,41.02,-163.18,18.4
508854.718000,1.124,-0.409,-0.039,18.19,9.43,-5.86
508854.765000,0.103,-0.629,1.173,15.87,60.76,43.4
508854.812000,0.145,-0.65,1.06,-56.55,-51.0,-38.91
508854.859000,1.028,-0.476,0.022,-110.78,-94.49,-113.74
508854.906000,1.031,-0.282,0.041,-42.73,70.53,-17.0
508854.953000,-0.086,-0.936,1.338,58.75,126.01,126.71
508855.000000,0.195,-0.726,1.064,-7.6,-119.17,-29.05
508855.046000,1.079,-0.317,-0.118,-25.97,-71.72,-44.25
508855.093000,0.615,-0.311,0.298,112.92,65.89,119.72
508855.140000,-0.173,-0.528,1.373,55.7,69.86,95.65
508855.187000,0.421,-0.59,0.674,-35.62,-133.43,16.63
508855.234000,1.132,-0.344,-0.291,-92.07,-98.67,-34.03
508855.281000,0.572,-0.668,0.233,16.17,122.1,128.85
508855.328000,-0.599,-0.981,1.559,29.94,34.06,86.55
508855.375000,-0.053,-0.538,0.845,-103.31,-176.64,-38.45
508855.421000,0.773,-0.638,-0.173,-53.38,-94.58,27.53
508855.468000,0.883,-0.998,-0.121,-81.64,-33.17,11.38
508855.515000,0.531,-1.021,0.343,16.6,11.9,40.07
508855.562000,0.596,-0.998,0.219,-33.23,-8.3,-13.31
508855.609000,0.623,-0.854,0.24,-18.13,-17.61,-11.72
508855.656000,0.656,-0.832,0.138,-13.67,-21.88,-7.97
508855.703000,0.626,-0.89,0.142,-23.35,18.86,-32.41
508855.765000,0.49,-0.73,0.217,10.13,-11.96,6.13
508855.812000,0.555,-0.761,0.222,-42.88,-5.58,-35.22
508855.859000,0.605,-0.714,0.034,26.55,0.03,23.01
508855.906000,0.565,-0.885,0.249,-6.62,11.6,-22.8
508855.953000,0.599,-0.753,0.15,-16.6,-6.07,-16.72
508856.000000,0.58,-0.805,0.138,-5.68,2.2,-3.36
508856.046000,0.619,-0.809,0.175,-8.3,12.09,-7.48
508856.093000,0.564,-0.834,0.231,20.6,0.49,8.64
508856.140000,0.586,-0.799,0.239,17.94,8.94,5.49
508856.187000,0.577,-0.689,0.179,11.47,-7.26,16.72
508856.234000,0.636,-0.767,0.147,-4.15,1.37,4.3
508856.281000,0.583,-0.844,0.209,9.49,1.43,4.27
508856.328000,0.568,-0.787,0.233,3.3,3.75,8.18
508856.375000,0.529,-0.762,0.233,5.83,-2.9,13.64
508856.421000,0.596,-0.701,0.213,-9.64,-0.15,-1.83
508856.468000,0.538,-0.787,0.151,-4.33,3.27,9.95
508856.515000,0.548,-0.989,0.267,2.44,6.2,5.25
508856.562000,0.563,-0.758,0.22,2.32,-3.17,2.08
508856.609000,0.564,-0.762,0.157,25.12,14.5,18.89
508856.656000,0.702,-0.998,0.099,45.66,35.0,17.06
508856.703000,0.473,-0.786,0.339,44.92,51.58,11.63
508856.750000,0.375,-0.782,0.498,2.53,35.07,-14.44
508856.812000,0.398,-0.723,0.455,-1.43,-5.65,-5.04
508856.859000,0.406,-0.842,0.349,-8.27,-6.9,-8.88
508856.906000,0.426,-0.914,0.409,19.04,-15.5,16.45
508856.953000,0.639,-0.718,0.089,-29.63,-24.72,-38.82
508857.000000,0.506,-0.57,0.303,29.15,38.06,25.67
508857.046000,0.357,-0.973,0.716,11.6,3.54,54.38
508857.093000,0.628,-0.747,-0.108,-38.91,-27.16,-29.76
508857.140000,0.58,-0.389,0.27,-7.23,56.4,0.27
508857.187000,0.157,-1.407,0.524,0.46,31.86,32.75
508857.234000,0.647,-0.899,0.23,-54.87,-24.32,-101.87
508857.281000,0.769,-0.37,-0.052,-38.36,31.13,-57.44
508857.328000,0.09,-1.424,0.771,11.26,65.03,91.25
508857.375000,0.194,-1.269,0.813,-76.42,-64.24,-119.63
508857.421000,0.916,0.05,-0.172,-53.68,-30.34,-94.0
508857.468000,0.679,0.145,-0.095,4.61,34.49,135.72
508857.515000,0.428,-1.97,-0.024,7.17,85.09,131.47
508857.562000,0.735,-1.304,0.115,-50.05,49.9,-90.7
508857.609000,0.917,-0.764,-0.319,-86.76,66.26,-121.62
508857.656000,0.694,-0.928,-0.128,-31.98,169.1,-13.37
508857.703000,0.489,-1.096,-0.041,-40.89,218.91,-26.22
508857.750000,0.235,-1.107,0.406,-112.19,222.91,-104.89
508857.796000,0.275,-0.799,0.593,-71.75,110.75,-99.55
508857.843000,0.39,-0.595,0.6,-62.35,4.55,-30.3
508857.890000,0.46,-0.648,0.374,6.26,-100.04,85.24
508857.937000,0.59,-0.755,-0.156,-119.6,-2.14,30.98
508857.984000,0.521,-0.772,0.281,-141.06,125.1,-111.85
508858.031000,0.367,-0.891,0.115,-188.3,151.8,-111.61
508858.078000,0.354,-1.044,0.484,-125.83,144.51,-110.81
508858.140000,0.414,-0.789,0.559,-100.34,39.77,-141.51
508858.187000,0.688,-0.333,0.371,-45.9,-62.5,-83.68
508858.234000,0.783,-0.328,-0.089,-30.12,-62.87,-1.43
508858.281000,0.756,-0.66,0.13,6.41,-19.65,35.92
508858.328000,0.837,-0.576,-0.114,16.45,-37.02,11.44
508858.375000,0.904,-0.535,0.056,-4.76,3.39,-13.25
508858.421000,0.906,-0.464,-0.036,20.45,-14.37,12.97
508858.468000,0.855,-0.602,-0.01,26.37,-6.01,27.95
508858.515000,0.816,-0.631,-0.077,14.86,-25.73,7.29
508858.562000,0.836,-0.608,-0.057,19.81,-6.96,5.4
508858.609000,0.864,-0.501,-0.099,7.39,-17.21,-4.12
508858.656000,0.86,-0.509,-0.049,14.5,18.13,-2.66
508858.703000,0.844,-0.454,-0.001,15.08,-0.03,2.84
508858.750000,0.791,-0.544,-0.083,9.67,5.34,12.63
508858.796000,0.793,-0.566,0.008,13.89,18.37,5.65
508858.843000,0.755,-0.626,0.003,-2.41,3.17,10.86
508858.890000,0.806,-0.631,0.065,10.25,14.59,1.89
508858.937000,0.78,-0.664,0.031,-24.32,1.43,-7.08
508858.984000,0.799,-0.651,0.038,11.51,24.96,-14.16
508859.031000,0.762,-0.642,0.07,-30.15,30.55,-25.15
508859.078000,0.778,-0.597,0.143,0.92,30.4,-32.11
508859.140000,0.841,-0.513,0.071,-37.75,12.36,-57.59
508859.187000,0.953,-0.15,-0.032,-38.12,1.59,-31.07
508859.234000,0.932,-0.339,0.058,-50.81,27.92,55.82
508859.281000,0.816,-0.69,0.068,-24.08,-12.67,62.41
508859.328000,0.819,-0.718,-0.054,-18.07,13.98,-1.25
508859.375000,0.802,-0.468,0.181,-0.37,3.48,-33.88
508859.421000,0.84,-0.363,0.035,-1.01,-10.99,-5.55
508859.468000,0.893,-0.391,0.129,18.01,5.65,-5.22
508859.515000,0.928,-0.38,0.018,0.43,-5.71,-4.58
508859.562000,0.936,-0.422,0.075,16.6,18.56,5.13
508859.609000,0.916,-0.433,-0.047,-1.8,4.46,8.09
508859.656000,0.86,-0.521,0.087,-1.37,36.56,10.44
508859.703000,0.791,-0.517,0.153,18.71,8.0,4.61
508859.750000,0.747,-0.514,0.102,-7.08,14.22,-5.13
508859.796000,0.793,-0.524,0.274,19.44,-13.95,6.04
508859.843000,0.831,-0.549,0.059,-1.74,-14.83,11.47
508859.890000,0.684,-0.671,0.077,9.06,-29.05,27.07
508859.937000,0.693,-0.593,-0.023,12.15,-21.82,-5.43
508859.984000,0.716,-0.549,0.138,-45.29,-28.17,-41.38
508860.031000,0.936,-0.583,-0.051,-7.42,-25.42,-21.3
508860.078000,0.998,-0.555,0.0,-26.92,-22.8,-20.72
508860.125000,0.942,-0.563,-0.108,-4.39,-0.55,-4.97
508860.171000,0.887,-0.569,-0.067,-0.15,-4.79,-0.76
508860.218000,0.895,-0.55,-0.095,0.98,8.55,-14.68
508860.265000,0.937,-0.525,-0.062,6.65,13.03,-16.02
508860.312000,0.945,-0.435,-0.055,0.0,21.55,-13.67
508860.375000,0.865,-0.395,0.065,14.44,19.2,4.55
508860.421000,0.885,-0.341,0.101,2.41,23.9,-12.79
508860.468000,0.808,-0.305,0.116,15.56,-0.21,-1.56
508860.515000,0.877,-0.301,0.132,12.15,5.28,-14.98
508860.562000,0.91,-0.202,0.092,-12.27,-9.83,-29.21
508860.609000,0.922,-0.311,-0.021,-20.45,23.19,-13.21
508860.656000,0.891,-0.416,0.032,-32.11,1.56,-28.17
508860.703000,0.833,-0.46,0.025,-8.58,2.78,-5.74
508860.750000,0.86,-0.631,0.068,14.62,-0.06,-27.47
508860.796000,0.876,-0.511,0.094,11.35,-1.77,-40.86
508860.843000,0.894,-0.392,0.054,24.17,-17.4,-17.73
508860.890000,0.992,-0.258,0.034,25.57,-28.78,-8.79
508860.937000,1.002,-0.461,0.056,0.24,-30.85,11.05
508860.984000,1.057,-0.382,-0.085,4.76,-1.95,11.41
508861.031000,0.935,-0.533,0.088,10.25,30.92,47.18
508861.078000,0.631,-0.924,0.157,54.26,17.61,69.73
508861.125000,0.184,-1.472,0.352,84.87,-15.23,10.56
508861.171000,0.006,-1.097,-0.016,153.97,-125.34,-178.59
508861.218000,0.031,-0.356,-0.425,134.89,-177.01,-279.0
508861.265000,0.707,1.168,-1.412,119.94,-119.42,-311.66
508861.312000,1.133,1.824,-0.751,136.75,6.74,-210.36
508861.359000,1.414,2.415,-0.792,5.19,85.48,-38.24
508861.406000,0.911,1.424,-0.561,-141.0,64.91,208.5
508861.453000,0.597,0.86,-0.645,-224.62,94.52,265.88
508861.515000,0.012,-0.644,-0.425,-190.28,112.92,348.09
508861.578000,-0.164,-2.481,0.633,-90.33,17.79,135.35
508861.625000,-0.021,-2.172,0.262,11.29,-73.95,-78.68
508861.671000,0.114,-1.243,-0.24,126.65,-154.09,-203.89
508861.718000,0.5,0.052,-0.664,141.36,-165.38,-326.4
508861.765000,1.288,1.591,-1.129,86.92,-64.64,-343.0
508861.812000,1.51,2.172,-0.404,62.75,51.7,-49.2
508861.859000,1.167,1.443,-0.525,-92.32,50.26,166.72
508861.906000,0.597,0.126,-0.453,-152.71,95.55,284.89
508861.953000,0.219,-1.018,-0.201,-130.41,115.97,279.52
508862.015000,-0.106,-2.05,0.373,-65.68,88.05,211.95
508862.062000,-0.114,-2.077,0.476,48.92,-45.69,-68.21
508862.109000,-0.059,-1.059,-0.124,127.66,-139.13,-200.63
508862.156000,0.214,-0.011,-0.541,119.39,-181.22,-275.73
508862.203000,1.358,1.585,-1.198,56.4,-121.34,-299.05
508862.250000,1.755,2.061,-0.576,66.56,42.51,-22.86
508862.296000,1.401,1.299,-0.311,-64.88,51.55,143.59
508862.343000,0.923,0.308,-0.416,-136.27,97.08,226.17
508862.390000,0.35,-0.696,-0.244,-173.92,123.05,241.89
508862.437000,0.1,-1.49,0.007,-68.15,91.43,199.99
508862.484000,-0.104,-2.151,0.481,-7.45,60.3,102.88
508862.531000,-0.062,-1.761,0.336,91.25,-60.88,-98.51
508862.578000,-0.042,-1.124,0.004,158.09,-133.34,-220.01
508862.625000,0.166,-0.387,-0.459,178.99,-211.58,-314.49
508862.671000,1.028,0.877,-1.187,183.78,-67.78,-380.23
508862.718000,1.262,2.707,-0.672,39.03,48.98,-205.94
508862.765000,1.182,2.073,-0.402,-11.14,43.58,163.61
508862.812000,0.766,0.85,-0.53,-159.79,91.86,280.47
508862.859000,0.292,-0.55,-0.389,-181.46,115.02,325.45
508862.906000,-0.07,-1.678,0.306,-102.85,164.74,268.87
508862.953000,-0.096,-2.298,0.829,-24.29,66.38,82.92
508863.000000,-0.039,-1.827,0.506,19.07,-66.68,-119.54
508863.046000,0.18,-1.109,0.05,134.65,-144.29,-188.12
508863.093000,0.432,-0.336,-0.418,162.02,-191.9,-291.45
508863.140000,1.091,1.303,-1.221,73.64,-88.05,-378.19
508863.187000,1.195,2.509,-0.513,34.21,88.02,-97.51
508863.234000,0.933,1.379,-0.333,-79.93,41.63,200.42
508863.281000,0.742,0.616,-0.396,-141.94,80.48,244.58
508863.328000,0.489,-0.176,-0.131,-183.42,88.75,260.9
508863.375000,0.05,-1.512,0.181,-109.01,125.31,290.84
508863.421000,-0.188,-2.397,0.736,-11.35,4.58,57.22
508863.468000,-0.079,-1.575,0.289,99.8,-120.67,-197.45
508863.515000,0.381,-0.669,-0.129,177.07,-201.85,-266.37
508863.562000,1.27,1.187,-1.724,64.61,-40.07,-450.03
508863.609000,0.866,2.669,0.162,21.0,84.9,7.87
508863.656000,0.795,1.17,-0.386,-105.69,4.46,295.14
508863.703000,0.558,0.143,-0.33,-130.62,74.1,339.95
508863.750000,0.245,-1.214,-0.074,-97.54,105.38,329.33
508863.796000,-0.391,-2.626,0.86,-62.35,100.74,141.27
508863.843000,-0.387,-1.95,0.733,64.97,-73.98,-145.02
508863.890000,-0.106,-0.974,0.206,118.5,-210.12,-248.66
508863.937000,0.95,0.313,-1.251,178.87,-248.3,-343.12
508863.984000,1.179,2.096,-0.743,-101.87,54.93,-347.54
508864.031000,1.095,2.039,-0.372,15.69,-34.7,225.93
508864.078000,0.978,0.811,-0.595,-61.77,18.89,341.11
508864.125000,0.474,-0.625,-0.414,-115.02,114.47,337.75
508864.171000,-0.118,-1.916,0.361,-68.91,157.57,160.19
508864.218000,-0.473,-2.163,0.854,-14.37,66.96,10.1
508864.265000,-0.363,-1.706,0.62,89.39,-111.45,-128.33
508864.312000,0.405,-0.736,-0.271,167.91,-249.06,-276.44
508864.359000,1.437,1.394,-2.47,54.08,-125.13,-448.04
508864.406000,0.993,2.585,0.097,-8.0,158.54,-163.3
508864.453000,0.986,1.378,-0.376,-22.52,-24.78,260.66
508864.500000,0.8,0.166,-0.206,-103.67,63.3,286.29
508864.546000,0.478,-0.77,-0.171,-166.02,76.51,262.7
508864.593000,-0.112,-1.877,0.171,-76.05,95.89,220.77
508864.640000,-0.353,-2.192,0.538,14.13,10.68,10.65
508864.687000,-0.161,-1.578,0.333,86.15,-102.02,-134.19
508864.734000,0.299,-0.608,-0.279,147.13,-246.47,-249.76
508864.796000,1.248,1.281,-2.166,43.73,-106.14,-428.72
508864.843000,0.924,2.479,0.043,-58.35,149.82,-183.78
508864.890000,0.978,1.29,-0.419,-7.78,-17.98,270.61
508864.937000,0.751,0.228,-0.301,-108.43,49.2,315.68
508864.984000,0.3,-1.037,-0.173,-143.65,77.73,369.88
508865.031000,0.016,-1.67,-0.015,-61.22,91.49,333.32
508865.078000,-0.582,-2.242,0.536,4.97,65.65,2.66
508865.125000,-0.361,-1.584,0.417,87.65,-86.49,-177.92
508865.171000,0.219,-0.673,-0.099,101.38,-206.09,-295.75
508865.218000,1.374,1.301,-2.316,54.9,-107.36,-455.86
508865.265000,0.973,2.301,-0.204,-16.39,179.66,-211.77
508865.312000,0.896,1.293,-0.208,64.06,48.59,248.05
508865.359000,0.846,0.678,-0.058,-6.44,62.01,325.66
508865.406000,0.487,-0.485,-0.083,-92.17,86.15,339.27
508865.453000,-0.277,-1.922,0.462,-158.88,145.36,173.77
508865.500000,-0.417,-2.218,0.668,18.92,-8.39,-23.07
508865.546000,-0.126,-1.503,0.426,72.79,-139.1,-157.54
508865.593000,0.707,-0.631,-0.286,151.25,-248.82,-267.01
508865.640000,1.374,1.026,-1.677,19.65,-77.39,-421.31
508865.687000,1.282,1.924,-0.427,63.45,162.3,-76.97
508865.734000,1.045,1.403,-0.33,-0.85,97.81,156.35
508865.781000,0.651,0.542,-0.032,-68.0,96.29,284.71
508865.828000,-0.027,-0.331,0.395,-161.9,171.58,275.98
508865.875000,-0.489,-2.372,0.976,-203.13,67.38,250.65
508865.921000,-0.48,-2.402,0.48,58.38,-85.73,-45.08
508865.968000,0.345,-0.85,-0.03,127.05,-217.02,-268.93
508866.015000,1.014,-0.12,-0.812,160.53,-259.35,-345.56
508866.062000,1.214,1.368,-0.879,-159.98,123.54,-440.93
508866.109000,0.736,2.438,0.211,6.96,79.23,-27.13
508866.156000,0.695,0.839,-0.281,-92.01,-14.01,333.63
508866.203000,0.514,-0.203,-0.177,-151.8,15.05,358.2
508866.250000,0.162,-2.232,-0.138,-108.28,103.27,280.34
508866.296000,-0.181,-2.493,0.507,-35.04,78.55,57.44
508866.343000,-0.11,-1.695,0.5,81.39,-80.94,-143.38
508866.390000,0.531,-0.635,-0.218,148.56,-207.31,-249.67
508866.437000,1.344,0.82,-2.01,87.89,-122.47,-378.7
508866.484000,0.941,2.094,-0.031,-68.88,154.42,-212.29
508866.531000,0.865,1.651,-0.037,26.86,23.65,168.61
508866.578000,0.806,0.307,-0.181,-134.34,41.66,237.04
508866.625000,0.683,-0.488,-0.102,-224.16,19.2,190.01
508866.671000,0.272,-1.621,-0.309,-58.23,106.42,234.26
508866.718000,-0.144,-2.102,0.478,26.43,5.65,46.75
508866.765000,-0.13,-1.614,0.282,86.49,-65.61,-123.26
508866.812000,0.163,-0.743,-0.043,153.02,-178.41,-250.13
508866.859000,1.067,0.372,-1.198,147.62,-196.08,-346.14
508866.906000,1.166,1.722,-0.747,-83.68,96.19,-324.78
508866.953000,1.033,1.77,-0.162,42.3,26.15,128.61
508867.000000,0.95,0.839,-0.199,-82.89,-1.86,241.58
508867.046000,0.556,-0.591,-0.176,-189.37,-15.53,273.29
508867.093000,0.246,-1.882,-0.135,-35.46,108.58,245.77
508867.140000,-0.011,-2.235,0.34,-1.31,31.4,73.03
508867.187000,-0.061,-1.821,0.227,71.14,-45.38,-99.28
508867.234000,0.292,-0.793,-0.083,143.44,-141.88,-239.05
508867.281000,1.182,0.765,-1.725,99.7,-103.64,-391.25
508867.328000,0.843,2.292,-0.36,-68.64,142.19,-262.79
508867.375000,0.845,1.775,-0.007,37.17,20.33,191.2
508867.421000,0.641,0.582,-0.153,-101.96,35.46,320.99
508867.468000,0.208,-0.891,-0.177,-158.51,38.7,342.84
508867.515000,-0.061,-2.344,0.022,-91.86,112.19,251.23
508867.562000,-0.285,-2.191,0.607,43.92,-39.12,-96.56
508867.609000,-0.12,-1.224,0.219,121.89,-153.97,-227.48
508867.656000,0.742,-0.318,-0.48,168.61,-251.9,-325.27
508867.703000,1.396,1.962,-1.49,-131.63,59.36,-447.16
508867.750000,0.913,2.132,0.099,64.36,81.3,92.23
508867.796000,0.843,0.891,-0.379,-62.59,17.12,297.8
508867.843000,0.491,-0.345,-0.112,-169.23,46.88,306.65
508867.890000,-0.026,-2.356,-0.053,-120.43,73.55,333.57
508867.937000,-0.338,-2.402,0.404,72.54,23.29,-8.55
508867.984000,-0.244,-1.375,0.515,48.71,-80.81,-239.84
508868.031000,1.235,0.297,-0.681,192.97,-224.16,-398.33
508868.078000,0.991,1.556,-0.234,-242.38,164.4,-303.26
508868.125000,0.798,1.548,-0.053,37.72,-5.43,231.79
508868.171000,0.591,0.053,-0.022,-46.82,11.72,421.4
508868.218000,0.127,-2.48,-0.041,-72.57,78.49,328.04
508868.265000,-0.343,-2.457,0.433,13.09,43.21,-8.58
508868.328000,0.156,-0.978,0.288,101.47,-137.46,-251.44
508868.375000,1.306,1.275,-2.295,19.96,-102.6,-424.79
508868.421000,0.774,2.105,0.174,-83.41,143.35,-152.62
508868.468000,0.869,1.088,-0.158,7.08,-7.45,271.77
508868.531000,0.603,-0.123,-0.052,-82.16,27.34,370.62
508868.578000,0.082,-2.216,0.052,-65.0,71.02,322.55
508868.625000,-0.343,-2.309,0.496,30.12,47.73,-34.09
508868.671000,-0.139,-1.133,0.533,85.94,-128.85,-228.61
508868.718000,1.157,0.073,-0.804,195.59,-256.23,-320.66
508868.765000,1.286,1.282,-0.833,-233.86,78.68,-357.37
508868.812000,0.938,1.9,-0.071,52.74,78.16,56.95
508868.859000,0.89,0.994,-0.327,-8.09,-6.62,251.29
508868.906000,0.524,-0.39,-0.196,-96.84,11.9,332.04
508868.953000,0.252,-1.364,-0.196,-65.03,45.2,351.48
508869.000000,-0.099,-2.296,0.312,17.91,93.08,150.43
508869.046000,-0.248,-2.018,0.622,16.21,16.42,-110.81
508869.093000,0.502,-0.613,0.051,156.53,-172.98,-239.69
508869.140000,1.112,0.208,-1.114,129.46,-191.29,-302.29
508869.187000,1.107,1.602,-0.107,-102.08,170.45,-214.03
508869.250000,0.856,0.942,-0.025,-11.41,-6.35,234.66
508869.296000,0.681,-0.007,-0.029,-36.87,8.09,343.7
508869.343000,0.222,-2.32,0.101,-93.23,65.0,271.95
508869.390000,-0.249,-2.108,0.445,35.52,27.19,-74.1
508869.437000,0.233,-0.835,0.455,95.13,-149.33,-213.84
508869.484000,1.278,0.273,-1.015,141.18,-200.78,-298.23
508869.531000,1.245,1.3,-0.289,-184.33,118.63,-218.97
508869.578000,0.983,1.117,-0.12,16.48,22.31,181.34
508869.625000,0.712,-0.149,-0.146,-14.89,14.68,342.88
508869.687000,0.288,-1.826,0.056,-77.82,93.39,219.43
508869.734000,-0.206,-1.895,0.496,-0.61,5.46,-88.02
508869.781000,0.499,-0.732,0.243,118.35,-166.2,-201.51
508869.828000,1.221,0.291,-1.247,117.07,-176.03,-301.07
508869.875000,1.217,1.075,-0.146,-157.02,117.86,-179.27
508869.921000,0.977,0.782,-0.01,37.51,16.21,186.9
508869.968000,0.709,-0.348,-0.163,8.24,-45.96,322.64
508870.015000,0.558,-1.453,-0.346,-11.9,67.14,228.03
508870.062000,-0.053,-1.813,0.51,-31.74,65.25,-36.32
508870.109000,0.262,-0.985,0.235,78.77,-61.74,-175.05
508870.156000,0.98,-0.168,-0.232,84.66,-126.71,-290.84
508870.203000,1.212,1.506,-1.13,-130.22,73.85,-325.08
508870.250000,0.966,1.687,0.047,-5.95,61.89,73.27
508870.296000,0.828,0.792,-0.162,-59.51,-11.66,297.62
508870.343000,0.566,-0.325,-0.155,-101.93,22.86,355.6
508870.390000,-0.006,-1.748,-0.094,-88.26,67.69,299.08
508870.437000,-0.246,-2.205,0.345,-11.05,96.8,107.82
508870.484000,-0.286,-1.807,0.577,47.06,-53.01,-111.06
508870.531000,-0.071,-1.054,0.108,86.15,-183.69,-207.98
508870.578000,0.404,-0.282,-0.726,120.24,-261.97,-299.17
508870.625000,1.222,1.195,-1.448,-64.21,-20.75,-361.64
508870.671000,1.216,1.961,-0.577,9.28,79.1,-186.99
508870.718000,1.191,1.48,-0.583,1.37,34.79,146.03
508870.765000,0.986,0.788,-0.558,-76.27,70.13,217.9
508870.812000,0.61,-0.071,-0.321,-135.04,127.38,263.56
508870.859000,-0.011,-1.154,-0.252,-122.81,147.25,310.86
508870.906000,-0.454,-2.154,0.688,1.01,139.19,201.91
508870.953000,-0.481,-2.102,0.738,27.8,-0.27,-6.96
508871.000000,-0.223,-1.55,0.429,88.93,-145.45,-129.06
508871.046000,0.151,-0.871,-0.305,162.11,-245.49,-206.64
508871.109000,1.293,0.782,-1.734,27.25,-100.53,-414.01
508871.156000,1.145,2.198,-0.225,-20.91,148.2,-204.08
508871.203000,0.975,1.21,-0.324,8.21,-0.85,203.59
508871.250000,0.856,0.275,-0.322,-120.43,45.47,213.57
508871.296000,0.469,-0.842,-0.184,-140.39,49.78,180.49
508871.343000,0.126,-1.824,0.133,-66.1,104.83,205.97
508871.390000,-0.209,-2.205,0.804,67.84,25.3,38.36
508871.437000,-0.176,-1.47,0.404,107.12,-103.64,-148.32
508871.484000,0.741,-0.317,-0.466,205.51,-267.86,-282.27
508871.531000,1.718,1.555,-1.28,-192.3,113.44,-425.06
508871.578000,1.037,2.469,0.095,38.79,90.79,33.14
508871.640000,0.877,0.544,-0.423,-86.15,14.65,315.9
508871.687000,0.474,-0.568,-0.178,-158.73,126.29,247.41
508871.734000,-0.305,-1.787,0.295,-112.77,142.09,248.51
508871.781000,-0.441,-2.358,0.918,27.13,77.43,124.42
508871.828000,-0.314,-1.673,0.5,63.36,-128.21,-142.34
508871.875000,-0.186,-1.065,0.038,143.96,-211.46,-193.76
508871.921000,0.465,-0.241,-0.74,186.1,-297.83,-270.64
508871.968000,1.684,2.128,-1.882,-142.83,-27.59,-420.85
508872.015000,1.049,2.589,-0.141,1.37,71.9,-80.02
508872.062000,1.153,1.106,-0.744,-6.38,11.11,275.12
508872.109000,0.751,0.116,-0.421,-121.56,103.95,252.66
508872.156000,0.44,-0.724,-0.358,-144.44,126.93,252.17
508872.203000,-0.22,-1.853,0.169,-88.9,182.32,178.9
508872.250000,-0.504,-2.462,0.941,-15.72,98.21,59.02
508872.296000,-0.3,-1.74,0.735,99.92,-94.7,-106.45
508872.343000,0.16,-0.865,-0.129,191.81,-217.23,-192.82
508872.390000,1.597,0.763,-2.013,83.1,-160.41,-336.53
508872.437000,1.455,1.58,-0.475,-80.14,127.99,-308.05
508872.484000,1.07,1.36,-0.229,-2.53,20.02,162.72
508872.531000,0.943,0.564,-0.284,-69.4,46.48,202.83
508872.578000,0.568,-0.713,-0.06,-190.92,77.36,150.27
508872.625000,0.232,-1.683,0.085,-144.69,91.04,160.71
508872.687000,-0.169,-2.232,0.802,20.87,26.58,17.61
508872.734000,0.001,-1.207,0.462,140.96,-126.16,-136.69
508872.781000,0.891,-0.111,-0.553,158.15,-199.59,-222.6
508872.828000,1.478,1.581,-0.637,-50.51,87.13,-247.9
508872.875000,0.991,1.565,-0.143,-2.11,38.09,125.83
508872.921000,0.891,0.453,-0.165,-43.49,29.02,247.38
508872.968000,0.553,-0.884,0.015,-160.16,59.85,184.48
508873.015000,0.216,-1.889,0.314,-68.06,92.35,146.31
508873.062000,-0.05,-1.963,0.765,16.63,-1.8,-6.38
508873.109000,0.079,-1.057,0.332,134.62,-128.67,-129.4
508873.156000,0.655,-0.323,-0.302,148.14,-218.6,-190.01
508873.203000,1.57,1.186,-1.114,-33.69,7.02,-276.99
508873.250000,1.19,1.932,-0.224,-21.21,71.81,-24.45
508873.296000,1.093,1.273,-0.246,-31.53,11.35,174.26
508873.343000,0.896,0.095,-0.3,-123.87,56.28,217.2
508873.390000,0.511,-0.955,-0.138,-165.68,93.69,194.83
508873.437000,0.109,-1.418,0.004,-113.53,130.25,187.72
508873.484000,-0.367,-2.204,0.893,2.53,34.21,60.88
508873.546000,-0.215,-1.422,0.415,91.07,-135.17,-137.33
508873.593000,0.373,-0.643,-0.47,186.77,-241.13,-204.93
508873.640000,1.318,1.122,-1.505,-6.04,-117.07,-337.96
508873.687000,1.517,1.859,-0.957,4.7,71.81,-276.86
508873.734000,1.196,1.795,-0.359,-4.24,36.29,84.29
508873.781000,1.093,0.514,-0.444,-82.61,28.38,210.55
508873.828000,0.896,-0.093,-0.308,-146.76,89.82,178.75
508873.875000,0.342,-1.064,-0.06,-119.08,108.68,202.67
508873.921000,-0.153,-1.813,0.435,-46.02,128.76,188.82
508873.968000,-0.236,-1.89,0.708,39.95,19.93,56.79
508874.015000,-0.069,-1.302,0.368,104.65,-121.71,-100.38
508874.062000,0.235,-0.888,-0.048,152.59,-217.38,-170.14
508874.109000,1.17,0.047,-1.184,159.22,-240.73,-294.41
508874.156000,1.477,1.353,-1.188,-60.09,41.93,-381.51
508874.203000,1.075,1.824,-0.155,26.31,29.94,94.36
508874.250000,0.89,0.569,-0.16,-74.86,8.67,257.21
508874.296000,0.64,-0.476,-0.155,-137.49,43.67,281.78
508874.343000,0.227,-1.826,0.105,-29.33,112.31,182.59
508874.390000,-0.149,-2.066,0.69,-13.03,50.57,11.41
508874.437000,-0.093,-1.267,0.398,121.59,-110.66,-127.93
508874.484000,0.537,-0.523,-0.18,158.54,-226.42,-220.59
508874.531000,1.216,0.894,-1.686,41.23,-85.82,-348.95
508874.578000,1.223,1.757,-0.701,-17.21,81.12,-238.01
508874.625000,1.086,1.699,-0.377,12.27,49.93,70.1
508874.671000,1.005,0.694,-0.427,-87.65,43.06,183.11
508874.718000,0.848,0.093,-0.33,-164.46,81.24,150.58
508874.765000,0.647,-0.362,-0.183,-224.83,90.15,120.09
508874.812000,0.35,-1.024,-0.044,-165.35,93.84,162.05
508874.859000,0.155,-1.703,0.364,-146.4,49.04,155.86
508874.906000,0.104,-1.95,0.193,27.34,-18.01,58.6
508874.953000,0.134,-1.538,0.339,84.84,-83.29,-78.49
508875.000000,0.258,-1.038,-0.119,163.7,-147.28,-146.31
508875.046000,0.565,-0.537,-0.419,184.94,-207.37,-239.78
508875.093000,1.171,1.236,-1.611,74.92,-44.77,-447.07
508875.140000,0.995,2.231,-0.25,37.17,80.45,-56.4
508875.187000,1.055,1.254,-0.626,-36.16,52.13,198.86
508875.234000,0.745,0.544,-0.381,-140.78,94.09,239.05
508875.281000,0.379,-0.17,-0.145,-139.74,110.02,336.53
508875.328000,-0.098,-1.453,-0.151,-77.7,139.13,402.36
508875.375000,-0.453,-2.261,0.753,-56.67,105.14,95.89
508875.421000,-0.433,-1.79,0.702,13.76,-30.37,-88.81
508875.468000,-0.159,-1.286,0.446,86.15,-170.17,-133.06
508875.515000,0.171,-0.963,-0.265,119.88,-239.81,-209.88
508875.562000,0.829,-0.206,-0.939,118.59,-215.58,-374.13
508875.609000,1.173,1.618,-1.439,-50.9,29.39,-482.07
508875.656000,0.978,2.045,-0.318,92.93,61.65,10.93
508875.703000,1.017,1.187,-0.466,-63.36,40.38,188.36
508875.750000,0.8,0.58,-0.216,-156.83,53.83,197.45
508875.796000,0.441,-0.594,-0.278,-167.33,23.5,344.34
508875.843000,0.149,-1.398,-0.194,-33.27,128.7,365.31
508875.890000,-0.269,-2.027,0.653,-5.22,41.14,75.11
508875.937000,-0.191,-1.365,0.363,47.36,-97.05,-151.46
508875.984000,0.091,-0.927,0.055,109.38,-178.96,-196.42
508876.031000,0.898,-0.289,-0.708,127.08,-220.47,-299.87
508876.078000,1.191,0.902,-1.319,41.38,-50.48,-451.22
508876.125000,0.915,1.846,-0.447,-82.4,115.54,-234.78
508876.171000,1.036,1.283,-0.486,14.65,37.32,187.23
508876.218000,0.921,0.423,-0.301,-142.67,78.55,212.59
508876.265000,0.79,-0.103,-0.216,-196.75,84.54,231.3
508876.312000,0.312,-1.095,-0.065,-110.39,93.6,306.41
508876.359000,0.005,-1.706,0.449,-42.63,107.94,212.16
508876.406000,-0.198,-1.871,0.543,25.82,-20.69,-49.26
508876.453000,-0.128,-1.279,0.236,90.0,-105.32,-184.21
508876.500000,0.365,-0.624,-0.165,136.11,-198.49,-283.46
508876.546000,1.226,0.402,-1.257,152.93,-160.53,-412.21
508876.593000,0.937,2.44,0.124,-27.99,114.44,-142.12
508876.640000,1.046,1.454,-0.365,15.84,5.71,261.54
508876.687000,0.871,0.47,-0.302,-127.51,59.69,294.05
508876.734000,0.432,-0.753,-0.029,-163.76,79.07,277.02
508876.796000,-0.088,-1.916,0.471,-25.85,105.32,196.91
508876.843000,-0.24,-1.891,0.775,20.51,-52.0,-74.68
508876.890000,-0.07,-1.175,0.051,107.15,-186.8,-206.52
508876.937000,0.482,-0.455,-0.619,168.25,-219.09,-292.25
508876.984000,1.342,1.914,-1.151,-22.46,-0.24,-368.45
508877.031000,1.208,2.262,-0.281,53.22,31.65,-5.46
508877.078000,1.032,1.067,-0.58,-94.36,3.69,210.88
508877.125000,0.754,0.414,-0.425,-163.12,40.93,226.66
508877.171000,0.474,-0.75,-0.31,-100.89,88.29,310.34
508877.218000,0.225,-1.535,0.207,-65.89,77.79,232.31
508877.265000,-0.006,-1.715,0.321,0.21,34.46,117.28
508877.312000,-0.099,-1.558,0.222,40.62,-105.84,-89.54
508877.359000,0.046,-1.111,-0.25,81.15,-175.3,-197.15
508877.406000,0.753,-0.342,-0.579,149.54,-200.35,-353.68
508877.453000,1.431,1.718,-1.051,-89.36,169.71,-334.21
508877.500000,1.181,1.651,-0.108,38.18,39.28,187.87
508877.546000,0.97,0.546,-0.405,-73.61,56.58,286.2
508877.593000,0.438,-0.644,-0.148,-131.14,133.09,233.1
508877.640000,0.009,-1.574,0.302,-95.19,119.11,147.16
508877.687000,-0.198,-1.922,0.634,8.94,23.04,31.5
508877.750000,-0.05,-1.452,0.289,104.92,-91.86,-125.95
508877.796000,0.292,-0.804,-0.062,121.13,-176.92,-220.44
508877.843000,1.302,0.474,-1.383,138.19,-145.39,-341.38
508877.890000,1.441,1.886,-1.026,24.96,110.14,-309.58
508877.937000,1.083,1.858,-0.086,24.63,47.33,101.38
508877.984000,0.83,0.814,-0.286,-118.5,78.55,167.61
508878.031000,0.496,0.056,0.06,-207.04,69.03,184.06
508878.093000,0.247,-1.238,-0.117,-141.39,56.86,253.98
508878.140000,-0.131,-2.498,0.495,-13.03,3.97,94.67
508878.187000,-0.077,-1.773,0.361,85.42,-92.04,-134.71
508878.250000,0.185,-0.994,0.033,185.64,-168.58,-215.12
508878.312000,1.3,1.236,-1.747,89.51,-77.03,-406.54
508878.359000,1.178,2.146,-0.136,48.92,110.11,-119.39
508878.406000,1.06,1.7,-0.392,-7.69,43.0,124.97
508878.453000,0.876,0.644,-0.246,-107.85,71.84,182.1
508878.500000,0.549,-0.269,-0.067,-178.14,79.1,216.01
508878.546000,0.243,-1.403,0.057,-89.97,96.26,261.15
508878.593000,-0.194,-2.435,1.114,-19.71,61.62,93.63
508878.640000,-0.188,-1.765,0.656,80.84,-90.43,-116.15
508878.687000,0.252,-0.698,-0.039,151.55,-194.07,-189.79
508878.750000,1.311,1.286,-1.281,0.76,-132.97,-337.75
508878.796000,1.244,2.136,-0.337,39.74,58.47,-71.96
508878.843000,1.055,1.193,-0.407,-81.64,4.06,166.2
508878.890000,0.731,0.36,-0.286,-132.45,30.15,209.33
508878.937000,0.593,-0.246,-0.291,-133.43,61.95,273.23
508878.984000,0.077,-1.541,0.162,-77.27,137.3,297.83
508879.031000,-0.275,-2.144,0.678,-13.7,59.14,103.46
508879.078000,-0.205,-1.711,0.614,48.83,-105.23,-129.06
508879.125000,0.004,-1.054,-0.02,116.49,-204.23,-210.79
508879.171000,0.658,-0.231,-0.743,117.28,-234.84,-314.07
508879.218000,1.259,1.067,-0.787,-17.67,0.85,-342.51
508879.265000,1.395,2.086,-0.546,51.82,76.6,-87.8
508879.312000,1.167,1.494,-0.315,-38.24,77.85,114.05
508879.359000,0.774,0.517,-0.256,-130.86,77.64,233.56
508879.406000,0.41,-0.264,-0.195,-153.87,94.91,296.46
508879.453000,-0.308,-1.804,0.169,-101.11,115.63,316.9
508879.500000,-0.381,-2.49,0.702,1.22,59.33,64.0
508879.546000,-0.348,-1.868,0.582,18.31,-91.19,-171.58
508879.593000,0.217,-0.919,-0.121,166.14,-205.42,-233.65
508879.640000,0.947,0.323,-0.934,97.11,-195.23,-373.58
508879.687000,1.098,1.873,-0.624,-42.27,85.33,-321.27
508879.734000,1.146,2.119,-0.308,61.04,49.26,22.61
508879.781000,1.014,1.061,-0.429,-87.07,35.37,193.18
508879.828000,0.705,0.177,-0.233,-152.04,69.58,235.63
508879.875000,0.395,-0.907,-0.332,-96.68,92.23,318.0
508879.921000,-0.002,-1.779,0.312,-62.5,143.44,252.82
508879.968000,-0.291,-2.06,0.756,44.77,1.19,10.28
508880.015000,-0.174,-1.404,0.483,76.2,-128.79,-155.64
508880.062000,0.504,-0.521,-0.363,152.47,-237.34,-250.95
508880.109000,1.391,0.913,-1.686,45.59,-112.16,-380.41
508880.156000,1.138,2.115,-0.228,-20.33,128.33,-157.2
508880.203000,1.119,1.592,-0.177,19.68,40.38,175.73
508880.250000,0.779,0.381,-0.115,-138.83,75.2,230.54
508880.296000,0.523,-0.28,-0.002,-139.99,85.79,259.13
508880.343000,-0.052,-1.881,0.169,-80.69,77.88,272.16
508880.390000,-0.321,-2.087,0.572,37.08,2.29,-11.23
508880.437000,-0.341,-1.362,0.368,71.6,-117.34,-170.11
508880.484000,0.794,-0.172,-0.488,143.71,-260.69,-322.37
508880.531000,1.627,1.545,-1.153,-138.86,52.46,-375.99
508880.578000,1.178,2.12,-0.003,44.28,90.52,75.81
508880.625000,1.09,1.067,-0.266,-74.5,10.77,276.01
508880.671000,0.779,0.239,-0.186,-102.76,43.76,315.96
508880.718000,0.198,-1.29,-0.152,-112.61,106.36,295.21
508880.765000,-0.382,-2.161,0.629,-18.46,122.41,146.24
508880.812000,-0.493,-1.894,0.778,35.95,-12.27,-77.94
508880.859000,-0.185,-1.156,0.326,101.9,-174.66,-186.9
508880.906000,0.51,-0.574,-0.308,166.33,-259.59,-271.03
508880.953000,1.574,1.296,-1.616,-91.98,-45.11,-401.65
508881.000000,1.118,2.425,-0.129,57.99,161.69,-124.03
508881.046000,1.198,1.378,-0.118,-28.14,15.63,211.55
508881.093000,0.81,0.239,-0.189,-175.73,83.9,185.28
508881.156000,0.189,-1.232,0.161,-181.46,42.82,195.68
508881.203000,-0.004,-2.198,0.38,-1.89,38.15,134.07
508881.265000,-0.03,-1.474,0.311,98.97,-106.02,-129.52
508881.312000,0.456,-0.532,-0.216,175.79,-184.88,-210.82
508881.359000,1.583,1.528,-2.262,41.54,-58.81,-330.85
508881.406000,1.322,2.043,-0.052,3.94,131.32,-164.86
508881.453000,1.099,1.507,-0.185,-55.85,36.59,157.35
508881.500000,0.836,0.64,-0.046,-128.24,42.63,185.95
508881.546000,0.547,-0.283,-0.021,-205.88,48.59,205.15
508881.593000,0.084,-1.543,-0.024,-86.73,49.65,262.18
508881.640000,-0.233,-2.267,0.567,-22.64,17.64,61.19
508881.687000,-0.187,-1.678,0.326,67.29,-113.32,-141.27
508881.734000,0.386,-0.725,-0.162,160.99,-201.57,-246.93
508881.781000,1.313,0.515,-1.364,172.58,-197.12,-390.73
508881.828000,1.073,2.325,-0.711,-107.64,146.0,-297.86
508881.875000,1.183,1.461,-0.38,68.36,67.51,250.68
508881.921000,0.915,0.224,-0.25,-40.68,125.13,277.5
508881.968000,0.515,-0.253,-0.07,-21.24,186.93,276.68
508882.031000,-0.307,-1.124,0.528,-156.96,215.37,197.21
508882.078000,-0.618,-1.716,0.884,-5.49,-135.44,-76.17
508882.140000,-0.345,-1.065,0.183,12.15,-245.58,-234.44
508882.187000,0.584,-0.33,-0.554,130.95,-330.82,-324.11
508882.234000,1.642,2.094,-2.007,-137.09,-30.64,-472.09
508882.281000,1.218,2.152,-0.303,69.09,58.35,171.48
508882.328000,1.171,1.072,-0.468,-35.07,33.54,297.22
508882.375000,0.673,-0.013,-0.179,-108.89,119.63,310.31
508882.421000,-0.073,-1.41,-0.052,-92.87,142.12,381.36
508882.468000,-0.276,-2.317,0.824,-57.62,108.31,168.16
508882.515000,-0.438,-1.532,0.418,32.69,-60.15,-154.24
508882.562000,0.106,-0.699,-0.093,128.42,-213.35,-243.66
508882.609000,1.103,0.309,-1.15,150.03,-237.5,-404.37
508882.656000,1.383,1.898,-0.966,-130.47,87.07,-399.43
508882.703000,1.181,2.149,-0.215,61.68,59.66,144.23
508882.750000,1.014,0.772,-0.421,-130.28,66.1,258.16
508882.796000,0.535,0.027,-0.177,-204.63,105.41,254.68
508882.843000,0.07,-1.049,-0.114,-138.34,78.52,316.02
508882.890000,-0.257,-2.209,0.469,-39.16,90.98,198.4
508882.937000,-0.358,-1.99,0.502,30.09,-71.47,-98.79
508882.984000,-0.157,-1.357,0.107,120.64,-171.91,-181.89
508883.031000,0.082,-0.719,-0.496,169.56,-233.89,-279.43
508883.078000,1.151,0.822,-1.584,203.44,-186.71,-481.31
508883.125000,0.914,2.396,-0.47,-59.18,128.7,-302.8
508883.171000,1.17,2.227,-0.752,81.61,31.37,148.78
508883.218000,0.911,1.189,-0.526,-146.52,56.83,205.27
508883.265000,0.598,0.046,-0.293,-225.84,77.58,272.77
508883.312000,0.258,-0.828,-0.385,-171.12,61.71,345.23
508883.359000,-0.159,-2.11,0.4,-73.95,125.52,260.32
508883.421000,-0.311,-2.062,0.482,8.85,-29.73,-59.63
508883.468000,-0.008,-1.012,-0.031,156.25,-185.71,-193.43
508883.515000,0.908,-0.071,-0.721,140.08,-201.03,-369.98
508883.562000,1.114,1.458,-1.303,-28.5,34.55,-390.97
508883.609000,1.223,2.307,-0.676,84.54,21.33,8.27
508883.656000,1.086,1.374,-0.484,-83.53,37.32,212.16
508883.703000,0.63,0.245,-0.272,-99.73,77.06,343.58
508883.750000,0.055,-1.117,-0.22,-39.46,147.56,422.65
508883.796000,-0.313,-2.182,0.563,-28.96,129.06,214.51
508883.843000,-0.534,-2.004,0.791,-16.97,-2.04,-78.71
508883.890000,-0.171,-1.164,0.285,90.15,-176.03,-199.41
508883.937000,0.414,-0.671,-0.299,127.9,-252.75,-277.47
508883.984000,1.093,0.815,-1.634,55.12,-158.67,-505.54
508884.031000,0.848,2.147,-0.101,-66.68,113.1,-208.29
508884.078000,1.027,1.528,-0.711,-3.57,32.23,228.46
508884.125000,0.816,0.568,-0.263,-140.17,73.55,271.8
508884.171000,0.384,-0.39,-0.202,-126.16,73.03,356.49
508884.218000,-0.025,-1.566,0.091,-51.64,98.36,395.58
508884.265000,-0.417,-2.168,0.739,-23.53,43.64,-1.77
508884.312000,-0.367,-1.456,0.512,38.64,-103.46,-194.65
508884.359000,0.131,-0.73,-0.101,128.15,-251.5,-256.23
508884.406000,1.177,0.824,-2.081,56.43,-186.35,-498.12
508884.453000,0.933,1.806,-0.693,-190.5,134.04,-395.86
508884.500000,1.07,1.756,-0.409,66.84,38.24,205.3
508884.546000,0.94,0.738,-0.549,-106.97,54.66,282.97
508884.593000,0.612,-0.391,-0.183,-154.18,112.64,264.69
508884.640000,0.158,-1.312,0.076,-149.17,117.53,251.69
508884.687000,-0.072,-1.748,0.62,-40.5,63.33,141.03
508884.734000,-0.203,-1.315,0.411,40.93,-152.65,-1.74
508884.781000,0.063,-1.367,-0.12,121.95,-230.38,-62.87
508884.828000,0.643,-0.738,-0.631,93.87,-234.05,-312.66
508884.875000,1.239,0.69,-2.006,32.99,-109.23,-538.96
508884.921000,0.744,2.194,-0.225,-51.36,210.3,-306.34
508884.968000,0.927,1.594,-0.461,21.33,72.63,234.26
508885.015000,0.779,0.747,-0.181,-141.61,55.18,244.82
508885.062000,0.405,-0.001,-0.181,-173.41,59.05,354.75
508885.109000,-0.303,-1.831,-0.034,12.18,76.66,506.3
508885.156000,-0.393,-2.409,0.671,-18.65,70.56,145.82
508885.203000,-0.39,-1.364,0.46,15.5,-113.71,-244.09
508885.265000,0.241,-0.682,-0.073,145.82,-270.85,-266.82
508885.312000,1.267,0.821,-2.282,41.14,-228.52,-463.73
508885.375000,0.911,2.261,0.142,-55.79,146.21,-91.74
508885.437000,1.029,0.666,-0.466,-29.36,26.31,356.18
508885.484000,0.554,-0.539,-0.298,-60.3,91.4,361.43
508885.531000,0.056,-1.64,0.053,-32.96,164.77,284.74
508885.578000,-0.351,-2.052,0.641,4.03,116.28,86.0
508885.625000,-0.447,-1.313,0.643,64.67,-87.89,-175.27
508885.671000,0.046,-0.601,-0.002,155.61,-255.99,-226.54
508885.718000,1.403,0.192,-1.661,141.61,-267.34,-362.32
508885.765000,1.118,1.488,-0.666,-234.35,169.1,-382.43
508885.812000,0.955,1.588,0.018,54.69,49.9,195.5
508885.859000,0.943,0.376,-0.17,-75.59,32.5,323.74
508885.906000,0.547,-0.43,-0.052,-70.47,53.87,341.69
508885.953000,0.001,-1.39,0.047,38.88,106.23,390.94
508886.000000,-0.367,-1.584,0.62,80.87,122.9,235.15
508886.046000,-0.525,-1.486,0.933,39.43,4.18,27.95
508886.093000,-0.431,-1.008,0.708,13.82,-188.63,-134.43
508886.140000,0.095,-0.731,-0.056,29.3,-324.72,-209.72
508886.187000,1.161,-0.28,-1.623,-19.29,-306.34,-407.06
508886.234000,1.308,1.014,-0.923,-378.83,168.37,-565.14
508886.281000,1.013,1.85,0.049,69.64,43.03,165.65
508886.328000,1.02,0.522,-0.474,-52.13,36.32,348.7
508886.375000,0.514,-0.431,-0.188,-75.96,112.16,348.37
508886.421000,-0.144,-1.629,0.123,-84.2,132.63,297.8
508886.468000,-0.415,-2.017,0.731,-15.05,87.68,106.85
508886.515000,-0.404,-1.381,0.522,44.83,-123.42,-125.16
508886.562000,-0.125,-0.916,0.17,96.65,-238.69,-187.72
508886.609000,1.32,0.203,-2.121,-50.87,-240.15,-416.64
508886.656000,1.295,1.4,-0.665,-223.58,187.11,-308.15
508886.703000,1.033,0.974,-0.211,40.5,34.7,255.78
508886.750000,0.897,0.113,-0.286,-5.22,55.27,338.66
508886.796000,0.346,-0.959,-0.193,-61.8,149.11,299.2
508886.843000,-0.316,-2.26,0.794,-92.68,103.67,80.29
508886.890000,-0.376,-1.369,0.367,62.23,-118.53,-179.66
508886.937000,0.488,-0.6,-0.021,83.38,-206.95,-312.85
508886.984000,1.46,2.182,-2.073,-193.91,26.03,-416.61
508887.031000,1.18,1.877,-0.148,67.32,87.04,87.47
508887.078000,1.149,1.025,-0.402,-7.08,25.94,263.74
508887.125000,0.787,-0.202,-0.22,-102.15,113.1,263.25
508887.171000,0.142,-1.141,-0.183,-93.2,139.84,267.77
508887.218000,-0.459,-1.886,0.516,-24.81,164.89,243.84
508887.265000,-0.51,-1.958,0.896,49.01,23.22,39.49
508887.312000,-0.318,-1.454,0.546,59.39,-130.95,-129.86
508887.359000,-0.254,-1.125,0.086,127.99,-209.3,-196.6
508887.406000,0.08,-0.39,-0.545,144.26,-299.94,-303.2
508887.453000,1.24,1.621,-1.869,-42.12,-91.34,-431.38
508887.500000,1.33,2.482,-0.525,51.88,99.0,-118.93
508887.546000,1.238,1.72,-0.553,8.76,43.7,183.6
508887.593000,0.794,0.474,-0.456,-120.21,90.73,259.07
508887.640000,0.444,-0.196,-0.176,-132.85,111.15,285.53
508887.687000,0.09,-0.996,-0.141,-122.68,143.22,295.6
508887.734000,-0.549,-2.417,0.96,-87.16,88.44,171.94
508887.781000,-0.506,-2.202,0.697,47.73,-42.39,-33.48
508887.828000,-0.191,-1.296,0.078,116.61,-212.96,-161.29
508887.875000,-0.004,-0.963,-0.272,159.09,-253.67,-194.8
508887.921000,0.753,-0.168,-1.105,145.12,-283.36,-317.36
508887.968000,1.373,1.272,-0.693,-14.89,142.58,-332.53
508888.015000,1.221,2.072,-0.74,39.4,81.61,10.59
508888.062000,1.165,1.135,-0.464,-61.86,67.75,174.35
508888.109000,0.903,0.534,-0.465,-134.77,93.6,198.37
508888.156000,0.528,-0.223,-0.205,-150.36,139.38,237.13
508888.203000,-0.121,-1.249,-0.012,-165.14,167.94,225.78
508888.250000,-0.613,-2.127,0.886,-121.83,130.86,228.28
508888.296000,-0.431,-1.909,0.567,41.78,-96.32,-82.06
508888.343000,-0.206,-1.278,0.226,78.95,-184.27,-184.21
508888.390000,-0.003,-0.875,-0.173,167.52,-248.63,-221.11
508888.437000,0.717,-0.097,-1.155,171.24,-266.12,-362.22
508888.484000,1.27,1.952,-0.784,-57.44,163.98,-410.75
508888.531000,1.014,2.33,-0.096,87.68,129.06,-60.79
508888.578000,1.038,0.995,-0.534,-96.32,55.97,197.21
508888.625000,0.753,0.402,-0.216,-154.73,86.92,217.54
508888.671000,0.466,-0.449,-0.16,-182.38,84.44,269.97
508888.718000,0.127,-1.256,0.017,-147.86,109.47,279.95
508888.765000,-0.287,-2.094,0.738,-82.16,83.8,123.78
508888.812000,-0.279,-1.773,0.753,28.47,-59.63,-78.22
508888.859000,-0.077,-1.261,0.304,91.4,-192.18,-148.14
508888.906000,0.113,-0.86,-0.155,148.17,-262.58,-191.93
508888.953000,0.928,0.245,-1.5,104.89,-248.79,-353.71
508889.000000,1.348,1.749,-0.938,-96.41,67.11,-320.29
508889.046000,1.248,1.885,-0.641,43.21,97.45,103.64
508889.093000,0.971,0.785,-0.573,-114.11,131.57,233.19
508889.140000,0.516,0.029,-0.287,-148.87,152.35,263.62
508889.187000,0.266,-0.673,0.039,-121.56,156.29,254.07
508889.234000,-0.025,-1.327,0.337,-150.76,117.25,129.58
508889.281000,-0.231,-1.753,0.702,-64.76,10.25,87.28
508889.328000,-0.11,-1.698,0.488,34.09,-110.6,-61.43
508889.375000,-0.041,-1.327,0.2,57.19,-177.71,-155.74
508889.421000,0.117,-0.872,-0.401,157.35,-248.45,-238.38
508889.468000,1.034,0.574,-1.543,104.13,-211.07,-423.38
508889.515000,1.147,2.048,-0.49,-65.0,152.41,-222.82
508889.562000,1.139,1.752,-0.622,23.53,45.75,168.43
508889.609000,0.992,0.935,-0.653,-91.74,90.3,229.29
508889.656000,0.613,0.269,-0.309,-121.83,169.74,310.37
508889.703000,-0.048,-1.005,-0.086,-59.66,167.64,386.36
508889.750000,-0.564,-2.093,0.932,-71.11,128.67,209.2
508889.796000,-0.52,-2.034,0.755,22.34,3.78,-0.37
508889.843000,-0.199,-1.379,0.456,63.05,-180.0,-157.26
508889.890000,-0.001,-0.953,-0.054,100.16,-251.56,-216.13
508889.937000,0.329,-0.253,-0.693,76.14,-292.98,-343.52
508889.984000,1.285,1.454,-1.729,-123.48,-140.93,-463.61
508890.031000,1.066,2.254,-0.44,25.51,101.26,-149.17
508890.078000,1.139,1.329,-0.683,-5.86,66.56,205.42
508890.125000,0.77,0.514,-0.422,-98.97,175.51,262.28
508890.171000,0.357,-0.152,-0.269,-134.89,139.44,337.96
508890.218000,-0.013,-1.108,-0.092,-23.99,179.48,373.24
508890.265000,-0.437,-1.924,0.618,-64.82,174.5,204.54
508890.312000,-0.65,-1.946,1.059,5.13,12.45,-46.24
508890.359000,-0.392,-1.342,0.524,66.56,-207.04,-142.43
508890.406000,-0.193,-0.921,-0.033,102.27,-285.99,-245.46
508890.453000,0.837,-0.149,-0.839,113.22,-344.49,-375.96
508890.500000,1.343,1.367,-1.254,-165.23,85.24,-417.52
508890.546000,1.204,2.164,-0.357,62.17,64.18,49.5
508890.593000,1.022,0.84,-0.438,-48.92,49.78,265.88
508890.640000,0.736,0.169,-0.34,-92.41,80.23,289.8
508890.687000,0.431,-0.574,-0.32,-68.94,131.14,324.41
508890.734000,-0.042,-1.396,0.036,-49.44,198.16,266.46
508890.781000,-0.459,-2.02,1.054,-29.36,118.29,85.12
508890.828000,-0.433,-1.569,0.884,34.21,-100.16,-110.05
508890.875000,-0.244,-1.184,0.365,65.22,-212.41,-190.37
508890.921000,0.425,-0.475,-0.407,105.35,-302.1,-324.93
508890.968000,1.347,1.602,-2.275,-79.1,-144.29,-508.22
508891.015000,1.111,2.308,-0.185,21.73,142.19,-114.11
508891.062000,1.015,1.054,-0.422,12.6,37.26,272.99
508891.109000,0.689,0.183,-0.148,-20.2,101.84,291.57
508891.156000,0.265,-0.565,0.081,-41.44,135.62,324.78
508891.203000,-0.273,-1.605,0.473,-100.65,128.76,229.35
508891.250000,-0.558,-2.011,1.057,-16.75,-41.2,-40.89
508891.296000,-0.375,-1.396,0.519,12.67,-213.17,-175.02
508891.343000,0.321,-0.751,-0.287,121.68,-306.38,-252.51
508891.390000,1.458,1.479,-3.248,-108.07,-161.66,-524.16
508891.437000,0.965,1.97,0.048,-166.14,245.83,-277.5
508891.484000,1.053,1.246,-0.34,79.65,13.82,312.48
508891.531000,0.834,-0.017,-0.269,-9.22,78.8,369.27
508891.578000,0.328,-0.92,-0.037,-55.57,152.29,303.26
508891.625000,-0.365,-1.807,0.64,-44.01,164.31,194.34
508891.671000,-0.608,-1.786,1.028,36.29,-8.3,-42.45
508891.718000,-0.471,-1.194,0.673,30.06,-165.84,-171.09
508891.765000,0.352,-0.485,-0.263,118.2,-317.94,-271.52
508891.828000,1.509,1.644,-2.001,-255.07,-36.84,-459.4
508891.875000,1.054,2.104,-0.247,11.29,114.6,-62.59
508891.921000,0.998,0.762,-0.477,39.7,58.6,305.46
508891.968000,0.814,-0.062,-0.327,-40.07,139.38,298.04
508892.015000,0.535,-0.627,-0.149,-111.88,155.98,258.92
508892.062000,0.126,-1.08,0.193,-133.82,176.12,196.26
508892.109000,-0.266,-1.522,0.516,-88.6,109.87,132.18
508892.156000,-0.464,-2.023,0.76,-32.47,-19.84,10.65
508892.203000,-0.29,-1.751,0.533,19.41,-119.02,-115.24
508892.250000,-0.212,-1.428,0.222,62.29,-204.17,-178.87
508892.296000,-0.344,-0.961,-0.283,90.91,-252.91,-255.44
508892.343000,0.454,0.102,-1.294,71.75,-294.47,-398.36
508892.390000,1.348,1.737,-1.208,-73.67,85.91,-378.86
508892.437000,1.345,2.172,-0.571,106.54,65.71,-15.29
508892.484000,1.168,1.11,-0.671,-24.66,72.88,185.58
508892.531000,0.778,0.476,-0.672,-111.36,118.96,214.39
508892.578000,0.262,-0.142,-0.265,-82.67,175.6,313.85
508892.625000,-0.026,-0.816,0.023,-49.53,203.41,345.53
508892.671000,-0.409,-1.607,0.553,-49.93,141.73,239.2
508892.718000,-0.604,-2.081,0.924,-10.53,0.21,-1.37
508892.765000,-0.393,-1.73,0.705,42.15,-137.18,-119.14
508892.812000,-0.172,-1.108,0.077,73.15,-224.31,-215.8
508892.859000,-0.078,-0.434,-0.388,66.13,-310.31,-331.74
508892.906000,0.845,0.634,-1.957,-0.58,-197.91,-467.48
508892.953000,1.162,2.184,-0.766,-80.72,86.83,-333.02
508893.000000,1.21,1.884,-0.651,47.52,62.72,157.72
508893.062000,0.844,0.777,-0.591,-83.07,107.09,279.79
508893.109000,0.304,-0.033,-0.313,-101.26,142.98,339.76
508893.156000,-0.079,-1.132,-0.294,-146.67,215.16,271.1
508893.203000,-0.365,-2.011,0.789,-89.05,139.62,144.6
508893.250000,-0.146,-2.058,0.697,25.42,-41.81,-19.81
508893.296000,0.065,-1.544,0.332,50.81,-131.75,-140.26
508893.343000,0.116,-1.122,-0.049,67.29,-180.7,-238.47
508893.390000,0.156,-0.373,-0.38,55.18,-211.71,-368.39
508893.437000,0.453,1.054,-1.505,37.02,-172.19,-446.06
508893.484000,1.295,2.407,-0.806,112.31,88.47,-173.16
508893.531000,1.125,1.797,-0.558,-20.45,77.94,143.38
508893.578000,0.897,0.971,-0.574,-52.58,117.04,269.08
508893.625000,0.387,0.084,-0.569,-54.78,241.95,340.62
508893.671000,-0.02,-0.764,0.08,-117.53,287.33,241.22
508893.718000,-0.346,-1.514,0.417,-142.74,211.49,189.86
508893.765000,-0.453,-2.289,1.325,3.11,50.54,105.5
508893.812000,-0.215,-1.801,0.667,21.12,-172.98,-143.96
508893.859000,-0.188,-1.175,0.434,114.11,-253.88,-207.5
508893.906000,-0.108,-0.604,-0.287,146.79,-330.55,-230.35
508893.953000,0.504,0.389,-1.503,51.82,-290.32,-430.83
508894.000000,1.042,2.189,-0.979,-29.94,57.56,-339.73
508894.046000,1.173,2.41,-0.666,52.92,45.2,66.13
508894.093000,0.897,1.131,-0.721,-77.0,98.42,264.44
508894.140000,0.471,0.329,-0.478,-140.84,160.47,321.09
508894.187000,0.188,-0.202,-0.258,-138.07,181.65,347.7
508894.234000,-0.179,-1.227,0.022,-129.0,189.98,333.05
508894.281000,-0.575,-2.249,0.954,-91.16,82.95,113.96
508894.328000,-0.396,-2.02,0.666,8.0,-132.69,-115.39
508894.375000,-0.103,-1.435,0.131,78.13,-198.58,-194.62
508894.421000,-0.16,-0.838,-0.149,68.64,-266.85,-282.78
508894.468000,0.458,0.338,-1.179,53.13,-260.75,-397.08
508894.515000,1.145,1.715,-1.353,-58.81,-54.45,-396.07
508894.562000,1.361,2.35,-0.883,33.63,61.95,-28.66
508894.609000,1.105,1.474,-0.79,-7.84,76.97,210.7
508894.656000,0.588,0.66,-0.598,-66.77,173.86,311.11
508894.703000,-0.018,-0.275,-0.237,-102.79,193.85,391.55
508894.750000,-0.555,-1.403,0.112,-71.2,166.45,382.24
508894.796000,-0.657,-2.408,1.121,-54.35,127.26,186.53
508894.843000,-0.53,-1.987,0.603,-20.11,-76.6,-101.96
508894.890000,-0.224,-1.563,0.226,41.69,-177.83,-164.04
508894.937000,-0.234,-1.026,-0.033,84.02,-228.74,-253.15
508894.984000,0.212,-0.229,-0.944,67.35,-246.59,-375.29
508895.031000,1.222,1.603,-0.949,-70.31,12.63,-405.41
508895.078000,1.437,2.271,-0.818,36.44,48.92,-152.84
508895.125000,1.25,1.42,-0.797,-11.87,104.4,158.85
508895.171000,0.786,0.762,-0.65,-115.79,173.92,220.86
508895.218000,0.221,0.247,-0.32,-152.87,210.76,295.91
508895.281000,-0.392,-1.283,-0.014,-99.58,166.51,364.3
508895.328000,-0.696,-2.515,1.057,-48.25,105.32,158.39
508895.375000,-0.647,-2.313,0.831,-24.57,-68.39,-93.36
508895.421000,-0.28,-1.529,0.245,80.14,-198.89,-210.12
508895.468000,-0.162,-0.937,-0.331,103.43,-254.65,-322.37
508895.515000,-0.272,-0.234,-0.522,4.79,-305.98,-471.63
508895.562000,0.637,1.937,-1.389,-25.24,-34.49,-495.93
508895.609000,1.006,2.9,-0.847,137.52,25.85,-191.41
508895.656000,1.12,2.054,-0.867,-13.18,42.73,155.34
508895.703000,0.814,0.93,-0.9,-84.75,133.82,279.15
508895.750000,0.449,0.331,-0.711,-144.17,193.98,302.87
508895.796000,-0.023,-0.105,-0.35,-89.3,222.91,405.99
508895.843000,-0.546,-1.134,0.298,-105.08,177.71,389.84
508895.890000,-0.812,-2.364,0.949,-55.45,119.72,206.85
508895.937000,-0.661,-2.158,0.726,-15.44,-71.84,-88.11
508895.984000,-0.231,-1.414,0.373,58.38,-182.53,-179.08
508896.046000,-0.091,-1.124,-0.047,103.82,-243.32,-225.9
508896.093000,0.061,-0.604,-0.552,117.56,-245.77,-358.93
508896.140000,0.596,0.595,-1.287,53.62,-178.26,-494.09
508896.187000,0.871,1.85,-0.575,-2.81,97.66,-284.13
508896.234000,1.215,2.064,-0.743,100.53,36.16,33.48
508896.281000,1.094,1.348,-0.711,-55.51,83.1,148.9
508896.328000,0.732,0.741,-0.494,-124.82,139.62,243.23
508896.375000,0.39,0.035,-0.43,-118.9,179.91,334.39
508896.421000,-0.148,-0.78,-0.114,-129.12,212.59,351.02
508896.468000,-0.306,-1.515,0.391,-60.95,188.42,254.52
508896.515000,-0.767,-2.143,1.319,-60.58,93.02,89.08
508896.562000,-0.592,-1.814,0.915,55.21,-98.24,-46.91
508896.609000,-0.236,-1.317,0.457,60.7,-215.46,-156.87
508896.656000,-0.202,-1.029,0.079,110.23,-271.52,-185.64
508896.703000,0.087,-0.607,-0.518,140.78,-332.96,-278.57
508896.750000,1.072,1.653,-2.198,-108.25,-187.35,-526.05
508896.796000,1.055,2.108,-0.371,-2.11,129.34,-296.73
508896.843000,1.214,1.709,-0.562,14.98,11.2,148.96
508896.890000,0.949,0.785,-0.543,-71.69,98.61,236.79
508896.937000,0.484,0.124,-0.451,-167.85,129.03,277.66
508896.984000,0.245,-0.334,-0.265,-112.64,164.28,311.9
508897.031000,-0.058,-1.22,-0.04,-140.57,156.9,280.25
508897.078000,-0.539,-1.924,0.429,-77.3,156.16,148.59
508897.125000,-0.588,-1.943,0.917,6.41,-44.31,-73.61
508897.171000,-0.298,-1.442,0.496,56.61,-150.82,-149.17
508897.218000,-0.216,-1.167,0.33,70.1,-219.18,-179.14
508897.265000,0.117,-0.656,-0.167,134.34,-210.24,-239.63
508897.312000,1.129,0.513,-0.784,61.56,-205.08,-381.91
508897.359000,1.075,1.558,-0.428,3.81,-30.06,-131.96
508897.406000,1.443,0.911,-1.289,1.59,-32.07,187.75
508897.453000,1.203,0.331,-1.188,-49.01,63.14,185.03
508897.500000,0.906,0.199,-0.786,-70.35,134.95,185.28
508897.546000,0.632,-0.359,-0.616,-73.85,158.18,239.14
508897.609000,0.114,-1.083,0.118,-60.98,193.24,211.28
508897.656000,-0.468,-1.858,0.699,-20.45,100.74,126.16
508897.718000,-0.443,-1.838,0.776,73.0,-48.62,-36.81
508897.765000,-0.324,-1.345,0.323,112.13,-176.34,-179.02
508897.812000,0.073,-0.647,-0.338,160.47,-257.18,-302.32
508897.859000,0.66,0.191,-0.986,86.67,-267.98,-430.22
508897.906000,1.234,1.911,-0.949,2.17,73.49,-380.26
508897.953000,1.257,2.134,-0.563,11.84,24.78,69.28
508898.000000,0.959,0.771,-0.668,-81.76,55.45,264.14
508898.046000,0.645,-0.307,-0.803,-135.59,115.88,289.56
508898.093000,0.443,-0.702,-0.352,-74.43,215.49,246.16
508898.140000,-0.165,-1.316,0.259,-133.85,232.61,160.62
508898.187000,-0.18,-1.806,0.721,-31.1,150.09,107.64
508898.234000,-0.444,-1.789,0.978,14.59,54.35,-25.42
508898.281000,-0.201,-1.315,0.948,128.18,-104.53,-76.69
508898.328000,0.032,-0.866,0.599,179.45,-212.26,-92.68
508898.375000,0.501,-0.429,-0.071,216.28,-285.26,-109.81
508898.421000,1.6,0.855,-1.428,64.42,-172.98,-245.22
508898.468000,1.627,1.763,-0.484,-68.18,96.65,-152.71
508898.515000,1.207,1.023,-0.19,-47.88,50.66,149.6
508898.562000,0.86,0.105,-0.531,-127.05,117.22,206.18
508898.625000,0.207,-0.63,0.074,-257.33,188.36,115.7
508898.671000,-0.33,-1.484,0.581,-184.45,126.47,188.06
508898.718000,-0.346,-2.363,1.059,-53.01,8.7,122.96
508898.765000,-0.089,-1.546,0.503,57.1,-145.39,-120.61
508898.812000,0.047,-1.232,0.173,108.62,-237.77,-124.45
508898.859000,0.107,-0.789,-0.383,163.34,-278.85,-219.09
508898.906000,0.763,0.593,-1.361,16.45,-243.51,-327.62
508898.953000,1.446,1.521,-1.103,26.95,-33.17,-261.6
508899.000000,1.381,1.605,-0.867,-8.42,2.14,-0.61
508899.046000,1.09,0.858,-0.744,-79.13,73.15,134.92
508899.093000,0.734,0.538,-0.687,-153.78,114.78,162.27
508899.140000,0.526,0.1,-0.458,-149.91,152.04,219.52
508899.187000,0.186,-0.495,-0.316,-170.66,158.06,254.74
508899.250000,-0.272,-1.89,0.406,-108.43,138.37,279.95
508899.296000,-0.313,-2.456,0.727,33.78,16.08,51.64
508899.359000,-0.101,-1.584,0.416,115.18,-146.7,-131.93
508899.406000,-0.064,-0.97,-0.06,177.31,-216.65,-196.36
508899.453000,0.25,-0.189,-0.716,107.64,-290.41,-313.43
508899.500000,1.119,1.419,-1.621,25.73,-157.96,-354.63
508899.546000,1.507,1.963,-0.857,30.3,-4.55,-19.75
508899.593000,1.199,1.24,-0.818,-24.17,47.18,172.77
508899.640000,0.745,0.419,-0.575,-118.02,104.43,199.53
508899.687000,0.56,-0.025,-0.622,-142.7,137.7,223.18
508899.734000,0.214,-0.732,-0.326,-131.81,169.13,226.48
508899.781000,-0.033,-1.261,-0.088,-129.67,165.87,243.11
508899.828000,-0.299,-2.056,0.61,-6.99,64.7,137.36
508899.875000,-0.28,-2.039,0.605,6.04,-27.99,-20.11
508899.921000,-0.075,-1.523,0.244,113.28,-143.44,-104.13
508899.968000,0.032,-1.139,-0.116,120.24,-201.42,-182.9
508900.015000,0.189,-0.576,-0.516,138.22,-239.94,-276.44
508900.062000,0.756,0.411,-1.365,116.28,-176.06,-394.91
508900.109000,1.254,1.729,-0.894,4.27,27.99,-270.3
508900.156000,1.381,1.943,-0.666,52.37,41.81,10.8
508900.203000,1.012,0.941,-0.483,-58.05,69.25,179.88
508900.250000,0.708,0.284,-0.514,-137.79,107.52,204.75
508900.296000,0.453,-0.093,-0.356,-141.58,147.68,232.58
508900.343000,0.192,-0.828,-0.137,-134.37,146.4,259.8
508900.390000,-0.109,-1.823,0.265,-95.0,107.27,196.39
508900.437000,-0.264,-2.188,0.617,20.05,19.47,57.89
508900.484000,-0.167,-1.673,0.343,56.15,-98.82,-109.56
508900.531000,-0.054,-1.153,0.038,133.88,-170.29,-177.07
508900.578000,0.14,-0.612,-0.36,129.37,-235.85,-276.89
508900.625000,0.737,0.355,-1.105,108.65,-200.45,-366.04
508900.671000,1.319,1.716,-0.927,36.53,-19.26,-278.3
508900.718000,1.319,1.871,-0.645,25.39,39.4,34.03
508900.765000,1.033,0.907,-0.474,-78.1,57.99,184.09
508900.828000,0.694,0.302,-0.447,-151.31,100.38,204.47
508900.875000,0.541,-0.327,-0.472,-154.24,98.36,223.58
508900.921000,0.083,-1.199,-0.019,-137.61,130.07,238.29
508900.968000,-0.192,-2.15,0.496,-47.94,58.29,176.79
508901.015000,-0.206,-1.978,0.405,-15.17,-80.94,-39.25
508901.062000,-0.156,-1.683,0.185,47.88,-156.1,-98.48
508901.125000,0.149,-1.042,-0.418,125.13,-181.95,-224.74
508901.171000,0.603,-0.021,-0.897,124.67,-190.77,-344.98
508901.218000,1.21,1.308,-1.064,36.53,-25.48,-317.45
508901.265000,1.403,1.775,-0.662,30.43,45.69,-25.45
508901.312000,1.058,0.769,-0.56,-31.92,66.87,199.62
508901.359000,0.879,0.247,-0.569,-85.57,122.41,221.47
508901.406000,0.407,-0.298,-0.352,-117.53,184.0,236.03
508901.468000,-0.197,-1.219,-0.069,-116.21,193.61,276.89
508901.515000,-0.567,-2.264,0.765,-5.65,76.08,103.21
508901.562000,-0.467,-1.914,0.634,21.79,-59.36,-93.14
508901.609000,-0.136,-1.33,0.045,97.81,-185.4,-202.64
508901.656000,-0.055,-0.977,-0.168,114.35,-229.07,-278.97
508901.703000,0.717,0.24,-0.846,73.98,-236.92,-439.1
508901.750000,1.107,1.968,-0.93,-32.07,-10.5,-322.21
508901.796000,1.375,2.03,-0.641,64.46,4.58,30.7
508901.843000,0.951,0.79,-0.592,-67.63,65.46,251.59
508901.890000,0.547,0.232,-0.613,-111.09,99.55,300.27
508901.937000,0.123,-0.451,-0.279,-87.5,144.11,358.96
508901.984000,-0.361,-1.635,0.223,-111.79,127.54,289.59
508902.031000,-0.509,-2.276,0.501,-38.06,15.69,82.37
508902.078000,-0.418,-2.014,0.186,5.71,-73.95,-105.75
508902.125000,-0.145,-1.381,-0.077,73.82,-158.79,-197.45
508902.171000,-0.007,-0.956,-0.347,112.95,-188.09,-269.63
508902.218000,0.703,0.284,-1.141,78.68,-190.86,-409.68
508902.265000,1.316,1.439,-1.431,-42.05,-18.68,-413.5
508902.312000,1.243,1.753,-0.364,66.81,31.53,-29.85
508902.359000,1.224,1.116,-0.684,2.14,18.98,168.89
508902.406000,0.888,0.275,-0.513,-59.45,75.87,220.16
508902.453000,0.58,-0.218,-0.454,-91.22,134.65,217.47
508902.500000,0.193,-0.768,-0.188,-73.61,138.77,280.16
508902.546000,-0.128,-1.411,0.224,-44.34,131.69,247.75
508902.593000,-0.348,-1.825,0.388,-33.05,74.04,131.02
508902.640000,-0.342,-1.804,0.474,41.35,-52.13,-46.14
508902.687000,-0.199,-1.361,0.222,55.45,-131.29,-160.68
508902.750000,-0.121,-0.843,-0.22,65.65,-241.31,-269.33
508902.796000,0.806,0.039,-1.028,96.59,-234.14,-401.14
508902.843000,1.199,1.445,-1.002,-113.1,30.46,-381.18
508902.890000,1.297,1.699,-0.567,73.73,19.78,84.99
508902.937000,1.12,0.539,-0.686,-38.85,50.08,236.95
508902.984000,0.855,0.025,-0.657,-61.01,94.73,236.61
508903.031000,0.471,-0.426,-0.279,-70.19,162.76,224.77
508903.078000,0.249,-0.62,-0.248,-61.19,174.87,235.39
508903.125000,-0.124,-1.235,0.272,-77.55,149.66,224.01
508903.171000,-0.291,-1.68,0.369,-23.53,77.61,119.85
508903.218000,-0.349,-1.806,0.631,-3.2,-10.77,-10.44
508903.265000,-0.132,-1.41,0.321,49.53,-131.2,-131.93
508903.312000,-0.008,-1.051,-0.079,54.57,-228.25,-235.02
508903.359000,0.442,-0.44,-0.587,91.1,-238.93,-345.07
508903.406000,0.922,0.834,-1.384,8.0,-160.37,-442.98
508903.453000,1.2,1.738,-0.557,-15.72,71.47,-177.25
508903.500000,1.109,1.307,-0.594,-20.87,39.28,195.5
508903.546000,0.853,0.41,-0.474,-53.59,80.51,265.91
508903.593000,0.44,-0.302,-0.381,-91.22,108.77,303.72
508903.640000,0.066,-0.927,-0.192,-45.53,130.56,333.08
508903.687000,-0.162,-1.479,0.184,-50.33,139.56,223.49
508903.734000,-0.326,-1.685,0.543,-39.98,53.1,89.6
508903.781000,-0.258,-1.574,0.351,15.72,-56.37,-25.7
508903.828000,-0.089,-1.412,0.222,50.81,-116.82,-98.7
508903.875000,-0.007,-1.051,-0.022,50.23,-195.72,-196.05
508903.921000,0.394,-0.526,-0.559,56.25,-228.28,-304.39
508903.968000,0.562,0.072,-1.015,41.57,-160.8,-368.48
508904.015000,1.036,0.971,-1.312,44.62,-41.78,-336.13
508904.078000,1.095,1.354,-0.674,27.5,47.46,-77.21
508904.125000,1.102,0.974,-0.675,-38.64,54.9,121.1
508904.171000,0.965,0.286,-0.481,-77.55,79.9,198.49
508904.218000,0.949,-0.1,-0.479,-95.8,89.33,199.5
508904.281000,0.676,-0.697,-0.418,-106.3,117.25,210.91
508904.328000,0.515,-0.816,-0.292,-61.62,172.03,182.84
508904.375000,0.271,-0.896,-0.128,-59.21,177.86,157.08
508904.421000,0.04,-1.097,0.25,-26.67,155.71,155.43
508904.468000,-0.055,-1.206,0.488,10.59,93.14,116.79
508904.515000,-0.042,-1.242,0.571,4.88,22.52,0.31
508904.562000,0.072,-1.13,0.51,21.85,-58.5,-48.92
508904.609000,0.231,-1.088,0.236,34.03,-85.94,-72.57
508904.656000,0.377,-1.068,0.214,63.02,-105.81,-90.12
508904.703000,0.439,-0.773,-0.086,73.49,-139.53,-133.52
508904.750000,0.308,-0.794,0.01,74.04,-114.02,-106.81
508904.796000,0.294,-0.625,-0.137,87.8,-187.81,-158.15
508904.843000,0.389,-0.302,-0.179,73.4,-226.02,-221.2
508904.890000,0.637,0.151,-0.989,64.91,-201.97,-242.38
508904.937000,1.16,0.919,-0.993,28.05,-71.32,-271.28
508904.984000,1.204,1.541,-0.714,-73.12,21.82,-57.53
508905.031000,1.133,0.882,-0.767,-33.57,30.24,244.39
508905.078000,0.898,0.15,-0.662,-92.1,79.01,263.47
508905.125000,0.681,-0.285,-0.637,-63.84,146.92,279.55
508905.171000,0.296,-0.751,-0.224,-57.07,194.74,304.97
508905.218000,0.127,-1.2,-0.096,-18.04,161.26,240.7
508905.265000,-0.037,-1.39,0.21,-43.92,156.35,106.11
508905.312000,-0.2,-1.306,0.447,-18.4,77.49,6.87
508905.359000,-0.145,-1.324,0.526,22.71,-31.89,-28.2
508905.406000,-0.05,-1.294,0.285,25.67,-95.95,-90.61
508905.453000,-0.006,-1.061,0.161,46.08,-159.34,-189.34
508905.500000,0.112,-0.761,-0.156,61.28,-206.92,-246.35
508905.546000,0.455,-0.414,-0.506,78.4,-217.41,-289.62
508905.593000,0.908,0.553,-1.216,34.7,-114.6,-349.35
508905.640000,1.197,1.352,-0.819,28.41,15.02,-182.38
508905.687000,1.232,1.394,-0.682,-3.85,27.71,40.31
508905.750000,1.042,0.447,-0.603,-46.36,63.48,212.53
508905.796000,0.886,-0.132,-0.562,-64.46,108.46,234.66
508905.843000,0.661,-0.49,-0.325,-60.76,160.92,237.71
508905.890000,0.368,-0.789,-0.124,-52.25,177.22,243.75
508905.937000,0.058,-1.018,0.189,-15.26,154.85,227.36
508905.984000,-0.043,-1.163,0.287,0.15,129.95,153.39
508906.031000,-0.217,-1.222,0.523,-16.97,65.92,38.88
508906.078000,-0.274,-1.245,0.601,0.21,11.29,-8.51
508906.125000,-0.191,-1.309,0.565,3.2,-68.0,-87.59
508906.171000,-0.166,-1.354,0.468,4.36,-149.75,-159.49
508906.218000,-0.131,-0.955,-0.09,73.31,-252.17,-261.54
508906.265000,1.081,-0.058,-1.238,110.66,-298.62,-399.88
508906.312000,1.417,1.47,-1.538,-152.93,59.42,-483.54
508906.359000,1.15,1.947,-0.201,77.55,82.64,45.08
508906.406000,1.129,0.947,-0.57,-12.94,68.58,270.49
508906.453000,0.504,-0.19,-0.325,-89.33,124.45,310.46
508906.500000,0.08,-1.112,-0.113,-76.82,142.64,340.01
508906.546000,-0.358,-1.943,0.647,-43.03,90.61,141.42
508906.593000,-0.529,-1.784,0.808,15.05,-50.05,-84.6
508906.640000,-0.269,-1.127,0.283,66.26,-191.75,-216.62
508906.687000,0.344,-0.753,-0.133,121.89,-275.77,-275.64
508906.734000,1.34,1.249,-2.802,-1.16,-181.28,-524.52
508906.796000,1.094,2.032,-0.155,41.57,132.79,32.96
508906.843000,1.016,0.647,-0.422,-46.36,49.38,348.64
508906.890000,0.572,-0.311,-0.208,-100.22,117.86,334.24
508906.937000,0.23,-1.327,0.043,-101.9,138.92,202.37
508906.984000,-0.255,-1.662,0.637,-57.74,75.44,39.52
508907.031000,-0.309,-1.785,0.588,14.98,-73.61,-53.01
508907.078000,-0.11,-1.29,0.24,45.59,-170.17,-180.76
508907.125000,0.317,-0.589,-0.259,90.09,-222.94,-267.8
508907.171000,1.131,0.836,-1.634,32.5,-144.96,-358.2
508907.218000,1.467,1.693,-0.715,-1.19,95.92,-194.01
508907.265000,1.166,1.416,-0.559,-11.47,28.57,155.1
508907.312000,0.954,0.481,-0.559,-51.33,72.97,251.01
508907.359000,0.52,-0.046,-0.4,-117.28,124.18,259.47
508907.406000,0.076,-0.951,-0.05,-82.71,135.5,308.51
508907.453000,-0.317,-1.734,0.43,-50.94,105.14,231.33
508907.500000,-0.497,-2.033,0.678,-8.36,-17.33,20.66
508907.546000,-0.328,-1.536,0.166,21.15,-175.45,-154.24
508907.593000,0.039,-0.972,-0.351,66.68,-215.31,-279.85
508907.640000,0.565,-0.332,-0.562,53.16,-244.54,-384.96
508907.687000,1.353,1.612,-1.327,-105.84,60.06,-414.69
508907.734000,1.307,1.873,-0.413,80.9,80.72,33.36
508907.781000,1.024,0.676,-0.586,-5.52,61.86,247.96
508907.828000,0.754,0.068,-0.385,-44.22,136.42,243.54
508907.875000,0.324,-0.57,-0.31,-110.57,120.24,244.42
508907.921000,-0.047,-1.256,-0.016,-32.72,172.43,251.44
508907.968000,-0.313,-1.746,0.629,-46.6,118.38,135.93
508908.015000,-0.375,-1.813,0.745,5.34,-13.92,-33.05
508908.062000,-0.124,-1.354,0.276,53.19,-177.19,-172.4
508908.109000,0.056,-1.07,-0.104,82.43,-219.55,-245.28
508908.156000,0.736,-0.097,-1.046,101.84,-213.54,-376.81
508908.203000,1.3,1.616,-1.24,-56.76,83.62,-426.5
508908.250000,1.196,1.858,-0.329,69.25,88.35,91.13
508908.296000,1.032,0.649,-0.508,-70.83,75.5,222.97
508908.343000,0.821,0.006,-0.284,-113.56,133.98,197.79
508908.390000,0.576,-0.335,-0.138,-120.37,146.86,184.88
508908.437000,0.204,-0.838,0.189,-121.65,166.02,188.42
508908.500000,-0.242,-1.9,0.81,-40.41,63.91,157.9
508908.546000,-0.153,-1.664,0.512,46.42,-91.49,-78.86
508908.593000,-0.024,-1.153,0.302,100.31,-178.14,-153.26
508908.640000,0.471,-0.619,-0.283,143.31,-248.73,-208.2
508908.687000,1.211,0.283,-1.236,116.67,-176.46,-344.13
508908.734000,1.195,1.462,-0.587,-24.93,86.98,-301.07
508908.781000,1.173,1.536,-0.315,24.14,54.72,102.82
508908.828000,0.992,0.719,-0.29,-86.0,61.86,205.33
508908.890000,0.561,-0.225,-0.031,-112.8,116.73,261.51
508908.937000,0.174,-1.266,0.175,-127.78,108.25,271.43
508908.984000,-0.185,-1.998,0.807,-20.51,69.28,130.62
508909.031000,-0.164,-1.569,0.644,40.01,-87.92,-90.85
508909.078000,-0.05,-1.033,0.352,94.09,-193.18,-145.94
508909.125000,0.524,-0.575,-0.447,130.65,-248.82,-209.05
508909.171000,1.288,0.387,-1.306,77.09,-167.58,-362.83
508909.218000,1.125,1.789,-0.203,-47.79,124.18,-132.79
508909.265000,1.231,1.179,-0.38,34.36,42.42,200.05
508909.312000,1.052,0.165,-0.351,-100.77,87.77,241.77
508909.359000,0.598,-0.492,-0.092,-108.52,158.12,208.41
508909.406000,0.234,-0.854,0.233,-111.03,143.22,183.11
508909.453000,-0.129,-1.528,0.648,-73.21,92.96,154.48
508909.500000,-0.21,-1.708,0.845,9.43,-46.57,5.83
508909.546000,-0.1,-1.383,0.412,40.28,-162.91,-94.45
508909.609000,0.223,-0.816,-0.186,109.38,-262.67,-202.28
508909.656000,1.098,0.326,-1.485,94.36,-183.81,-367.32
508909.703000,1.338,1.435,-1.028,-107.33,90.43,-330.61
508909.750000,1.107,1.313,-0.342,24.48,40.96,165.41
508909.796000,1.033,0.475,-0.461,-55.06,55.3,246.68
508909.843000,0.664,-0.26,-0.175,-118.59,112.77,237.37
508909.890000,0.144,-1.27,0.111,-91.83,130.44,277.87
508909.937000,-0.022,-1.674,0.527,-19.84,125.31,188.39
508909.984000,-0.25,-1.689,0.768,-7.54,2.5,-21.94
508910.031000,-0.144,-1.341,0.56,65.28,-126.1,-106.97
508910.078000,0.078,-0.851,-0.108,79.26,-228.28,-200.51
508910.125000,0.987,0.174,-1.174,59.6,-224.77,-358.71
508910.171000,1.34,1.436,-0.734,-45.14,65.49,-290.78
508910.218000,1.271,1.681,-0.501,11.69,33.81,72.97
508910.265000,1.036,0.774,-0.507,-69.8,40.74,205.24
508910.312000,0.687,-0.003,-0.344,-154.88,83.19,215.28
508910.359000,0.446,-0.703,-0.203,-153.87,84.29,244.06
508910.406000,0.202,-1.401,-0.064,-69.19,114.14,228.28
508910.453000,-0.092,-1.824,0.652,-17.79,66.9,120.67
508910.500000,-0.018,-1.546,0.378,45.5,-76.17,-45.32
508910.546000,0.039,-1.217,0.226,61.34,-144.2,-124.18
508910.593000,0.056,-0.715,-0.147,95.74,-235.36,-206.52
508910.640000,0.672,0.073,-1.113,88.78,-225.99,-235.11
508910.687000,1.463,0.652,-1.213,21.18,-117.44,-216.28
508910.734000,1.635,1.51,-1.13,-34.21,89.27,-114.99
508910.781000,1.131,0.96,-0.609,-12.48,122.41,131.57
508910.828000,0.986,0.499,-0.829,-45.59,158.24,209.66
508910.875000,0.446,-0.063,-0.337,-134.89,239.14,197.58
508910.921000,-0.057,-0.912,-0.112,-140.2,218.27,242.26
508910.968000,-0.476,-1.985,0.603,-78.95,185.95,187.51
508911.015000,-0.501,-2.065,0.816,3.48,3.88,-6.26
508911.062000,-0.229,-1.653,0.634,61.01,-121.37,-88.63
508911.109000,-0.091,-1.185,0.13,113.9,-237.68,-151.8
508911.156000,0.245,-0.734,-0.409,154.64,-280.04,-286.57
508911.203000,0.783,0.564,-1.708,86.64,-202.03,-413.77
508911.250000,1.152,1.872,-0.804,12.27,72.82,-303.78
508911.296000,1.052,2.012,-0.568,38.33,54.23,41.9
508911.343000,0.972,0.916,-0.531,-78.62,52.89,214.18
508911.390000,0.659,0.169,-0.373,-142.0,102.02,265.6
508911.437000,0.335,-0.603,-0.14,-130.99,138.68,332.59
508911.484000,-0.19,-1.821,0.207,-100.62,174.14,332.62
508911.531000,-0.46,-2.16,0.947,7.63,62.69,65.46
508911.578000,-0.362,-1.563,0.598,39.31,-78.65,-90.91
508911.625000,-0.113,-1.094,0.244,114.69,-201.45,-143.1
508911.671000,0.467,-0.507,-0.352,99.31,-310.65,-256.32
508911.718000,1.172,0.709,-1.839,26.73,-139.41,-435.47
508911.765000,1.122,1.725,-0.788,-107.39,117.86,-330.15
508911.812000,1.054,1.824,-0.263,40.31,72.54,108.16
508911.859000,0.91,0.402,-0.405,-80.66,89.24,295.39
508911.906000,0.49,-0.329,-0.216,-143.89,132.85,288.74
508911.953000,0.03,-1.266,0.102,-113.44,116.49,296.98
508912.000000,-0.185,-1.92,0.636,-49.32,91.34,159.22
508912.046000,-0.276,-1.725,0.612,8.36,-24.75,-18.16
508912.093000,-0.1,-1.324,0.36,58.96,-133.37,-107.58
508912.140000,0.116,-0.945,0.086,95.43,-212.38,-172.28
508912.187000,0.981,-0.351,-0.719,97.81,-225.44,-309.64
508912.234000,1.235,1.286,-1.573,-50.66,-12.54,-497.3
508912.281000,0.957,1.868,0.128,-21.45,108.68,-4.12
508912.328000,1.123,0.945,-0.45,-1.5,32.07,263.95
508912.375000,0.691,-0.136,-0.218,-113.59,83.5,332.68
508912.421000,0.309,-1.093,-0.087,-69.95,135.23,354.81
508912.468000,-0.276,-2.095,0.776,-38.48,95.65,125.71
508912.515000,-0.382,-1.613,0.639,40.41,-32.23,-83.32
508912.562000,-0.239,-1.062,0.423,55.15,-168.74,-161.29
508912.609000,0.501,-0.468,-0.252,116.18,-264.69,-255.47
508912.656000,1.499,1.309,-1.924,-104.98,-38.18,-449.87
508912.703000,0.999,2.033,0.083,17.4,78.89,62.29
508912.750000,0.992,0.595,-0.459,-36.13,27.89,325.45
508912.796000,0.536,-0.499,-0.252,-118.35,94.21,340.74
508912.843000,0.1,-1.377,-0.153,-88.93,99.92,309.82
508912.890000,-0.324,-2.008,0.648,-50.02,124.42,121.01
508912.937000,-0.363,-1.523,0.762,19.62,-3.81,-66.04
508912.984000,-0.076,-1.223,0.532,51.94,-147.37,-102.76
508913.031000,0.029,-1.01,-0.223,95.61,-271.86,-172.77
508913.078000,0.412,-0.403,-0.937,102.36,-276.99,-261.42
508913.125000,1.473,1.106,-1.55,-88.53,-15.93,-335.03
508913.171000,1.357,1.763,-0.502,-6.74,94.12,-93.94
508913.218000,1.288,1.087,-0.631,-1.19,52.16,171.09
508913.265000,0.957,0.173,-0.57,-97.48,159.92,212.87
508913.312000,0.436,-0.482,-0.506,-95.34,246.19,260.29
508913.359000,-0.014,-1.141,-0.12,-52.06,255.2,301.71
508913.406000,-0.738,-1.573,0.534,-90.12,224.43,121.8
508913.453000,-0.879,-1.737,1.399,-1.28,29.63,33.45
508913.500000,-0.438,-1.533,0.882,30.92,-195.5,-47.36
508913.546000,-0.202,-1.213,-0.085,71.02,-306.16,-162.48
508913.593000,0.172,-0.663,-0.42,90.91,-323.1,-256.26
508913.640000,1.299,0.271,-2.228,73.73,-169.99,-471.33
508913.687000,0.979,2.105,-0.729,-67.69,122.75,-430.43
508913.734000,0.892,2.068,-0.495,29.27,64.76,124.45
508913.781000,0.807,0.476,-0.495,-140.75,123.11,258.77
508913.828000,0.68,0.04,-0.258,-207.01,115.21,243.93
508913.875000,0.081,-0.881,-0.153,-192.63,89.21,330.21
508913.921000,-0.342,-1.828,0.24,-156.25,134.25,319.04
508913.968000,-0.492,-2.338,0.726,13.64,-31.98,29.02
508914.015000,-0.328,-1.758,0.421,37.78,-135.84,-152.71
508914.078000,0.034,-1.009,-0.266,139.16,-228.92,-212.13
508914.125000,0.802,0.083,-1.219,135.17,-178.9,-353.59
508914.171000,1.231,1.218,-1.168,-15.5,20.91,-400.68
508914.218000,1.032,1.908,-0.573,42.39,73.37,-3.78
508914.265000,0.983,0.877,-0.457,-53.1,76.14,181.01
508914.312000,0.743,0.292,-0.294,-137.7,83.65,222.05
508914.359000,0.34,-0.367,-0.205,-140.32,88.69,334.79
508914.406000,-0.148,-1.127,-0.167,-113.25,101.14,423.29
508914.453000,-0.549,-2.582,0.89,-7.51,98.57,132.15
508914.500000,-0.582,-1.853,0.683,-0.73,-62.32,-169.23
508914.546000,-0.331,-1.224,0.343,84.32,-185.25,-213.97
508914.593000,0.191,-0.728,-0.392,125.86,-283.91,-264.53
508914.640000,0.746,0.022,-1.43,100.22,-217.78,-414.26
508914.687000,1.036,1.296,-1.271,14.1,43.49,-480.73
508914.734000,0.815,2.115,-0.493,21.18,121.43,-67.11
508914.781000,0.927,1.058,-0.533,-63.26,73.85,229.93
508914.828000,0.699,0.346,-0.314,-153.48,98.88,263.5
508914.875000,0.437,-0.496,-0.248,-147.47,129.12,332.53
508914.921000,-0.129,-1.351,0.226,-89.33,174.81,379.86
508914.968000,-0.395,-2.218,1.03,-80.75,94.12,237.07
508915.015000,-0.448,-1.807,0.544,2.32,-105.99,-140.26
508915.062000,-0.162,-1.06,0.17,29.42,-212.65,-260.35
508915.109000,0.401,-0.608,-0.387,114.38,-269.63,-300.3
508915.156000,1.086,0.838,-1.444,49.1,-109.13,-466.93
508915.203000,1.001,2.123,-0.819,-92.23,108.98,-299.91
508915.250000,1.08,1.276,-0.65,-6.32,52.19,229.01
508915.296000,0.805,0.476,-0.422,-123.97,110.02,279.31
508915.343000,0.306,-0.646,-0.177,-126.93,137.03,354.93
508915.390000,-0.028,-1.241,-0.01,-78.19,139.71,373.39
508915.437000,-0.384,-2.217,0.927,-20.81,90.27,158.85
508915.484000,-0.464,-1.596,0.61,11.11,-85.51,-144.2
508915.531000,-0.014,-0.953,0.156,95.52,-221.44,-225.75
508915.578000,0.736,-0.35,-0.587,104.37,-272.19,-308.21
508915.625000,1.3,1.073,-1.388,-9.52,-20.54,-480.06
508915.671000,0.923,1.796,-0.178,-92.29,135.56,-180.33
508915.718000,1.013,1.048,-0.428,23.19,35.49,246.28
508915.765000,0.662,0.069,-0.124,-88.35,71.38,331.31
508915.812000,0.284,-1.031,-0.119,-112.49,86.67,353.1
508915.859000,-0.089,-1.963,0.456,-15.84,109.74,207.25
508915.906000,-0.364,-1.713,0.65,9.43,11.69,-70.56
508915.953000,-0.256,-1.233,0.436,64.64,-157.99,-163.06
508916.000000,0.078,-0.846,-0.14,103.12,-228.86,-238.53
508916.046000,1.1,0.222,-1.081,89.27,-224.71,-405.5
508916.093000,1.361,1.829,-1.35,-137.39,59.82,-394.39
508916.140000,1.123,1.608,-0.318,65.03,41.57,133.58
508916.187000,1.051,0.577,-0.54,4.58,60.73,277.05
508916.234000,0.773,-0.191,-0.317,-145.48,135.72,213.51
508916.281000,0.28,-1.107,0.095,-133.76,120.3,251.5
508916.328000,-0.065,-1.859,0.398,-46.36,98.33,227.67
508916.390000,-0.237,-1.698,0.551,57.56,-52.98,-60.15
508916.437000,-0.004,-0.866,0.067,106.91,-196.08,-199.35
508916.500000,1.068,-0.094,-0.632,129.22,-230.69,-318.37
508916.546000,1.334,1.682,-1.475,-125.4,36.62,-420.48
508916.593000,1.062,1.598,-0.128,45.08,76.69,123.66
508916.640000,1.016,0.499,-0.386,1.28,42.42,303.26
508916.687000,0.709,-0.418,-0.259,-54.63,94.79,291.82
508916.734000,0.375,-1.159,0.087,-90.46,144.29,195.04
508916.781000,0.037,-1.344,0.475,-73.58,117.83,74.77
508916.828000,-0.052,-1.374,0.759,17.0,-2.93,3.05
508916.875000,0.017,-1.128,0.539,44.89,-112.67,-65.34
508916.921000,0.297,-0.912,0.22,71.57,-179.42,-119.11
508916.968000,0.941,-0.364,-0.4,69.89,-178.11,-236.06
508917.015000,1.174,0.392,-1.037,18.13,-93.42,-295.94
508917.062000,1.214,0.939,-0.32,-27.19,52.83,-109.93
508917.109000,1.195,0.814,-0.442,28.99,36.99,100.59
508917.156000,1.055,0.145,-0.508,-42.3,66.96,189.46
508917.218000,0.704,-0.408,-0.072,-80.45,112.55,186.83
508917.265000,0.521,-0.73,-0.002,-75.05,92.47,172.06
508917.312000,0.34,-1.081,0.246,-88.96,60.3,78.22
508917.359000,0.116,-1.376,0.509,-47.09,9.74,34.0
508917.406000,0.179,-1.281,0.321,19.23,-79.59,-63.11
508917.453000,0.432,-0.872,0.087,53.1,-148.63,-140.29
508917.515000,1.05,-0.185,-0.509,72.85,-136.45,-192.88
508917.562000,1.166,0.4,-0.517,0.24,-11.11,-151.77
508917.609000,1.072,0.528,-0.352,24.66,-3.33,4.24
508917.656000,0.899,-0.153,-0.331,34.15,3.33,174.63
508917.703000,0.773,-0.506,-0.204,21.27,7.81,167.67
508917.750000,0.723,-0.699,-0.216,20.87,17.43,122.81
508917.796000,0.694,-0.732,-0.16,-29.82,8.09,44.89
508917.843000,0.636,-0.783,-0.167,-17.52,17.12,32.9
508917.890000,0.644,-0.747,-0.15,8.82,8.64,38.61
508917.937000,0.636,-0.803,-0.213,12.21,23.07,34.88
508917.984000,0.604,-0.693,-0.059,15.44,22.52,34.03
508918.031000,0.651,-0.733,-0.067,-12.67,15.44,28.38
508918.078000,0.615,-0.758,0.039,-7.45,5.62,32.14
508918.125000,0.657,-0.831,0.054,6.23,7.48,33.2
508918.171000,0.677,-0.923,0.208,25.09,-6.26,32.14
508918.218000,0.713,-1.03,0.117,45.08,-9.34,11.54
508918.265000,0.753,-0.975,0.265,70.93,-3.2,-19.14
508918.312000,0.713,-1.052,0.065,90.85,-23.71,-44.98
508918.359000,0.646,-1.015,0.08,99.86,-2.78,-64.52
508918.406000,0.654,-1.011,0.035,135.65,-11.84,-65.49
508918.453000,0.625,-0.835,0.009,120.67,13.76,-98.48
508918.515000,0.56,-0.7,0.098,91.83,24.14,-83.19
508918.562000,0.463,-0.425,0.146,75.17,26.73,-72.97
508918.609000,0.514,-0.209,0.237,43.37,2.29,-46.33
508918.656000,0.646,-0.024,0.406,31.74,-5.34,-8.15
508918.703000,0.882,-0.113,0.42,-37.87,-28.05,11.69
508918.750000,0.906,-0.268,0.478,-37.39,-8.67,43.82
508918.796000,0.931,-0.414,0.36,-34.58,-19.78,45.84
508918.843000,0.803,-0.499,0.317,-15.5,-24.32,35.49
508918.890000,0.842,-0.631,0.181,0.64,-74.98,42.94
508918.937000,0.938,-0.581,-0.033,5.43,-33.48,-10.47
508918.984000,0.911,-0.423,0.087,-35.55,-47.88,-23.29
508919.031000,0.906,-0.457,-0.063,37.97,-19.84,18.1
508919.078000,0.872,-0.387,0.098,38.24,6.47,30.61
508919.125000,0.869,-0.535,0.116,8.48,-30.61,-11.99
508919.171000,0.756,-0.515,0.054,-18.43,-23.83,2.29
508919.218000,0.701,-0.571,0.17,29.45,-23.87,56.55
508919.265000,0.796,-0.728,-0.021,18.13,-16.48,48.01
508919.312000,0.748,-0.856,0.255,-28.99,-1.89,4.46
508919.359000,0.711,-0.79,0.369,-18.31,-20.11,-17.09
508919.406000,1.01,-0.52,-0.072,-156.22,-117.37,-112.22
508919.453000,0.863,-0.43,0.161,-318.52,-134.74,-155.89
508919.500000,0.793,-0.244,-0.401,-87.31,-82.92,-51.18
508919.546000,0.833,-0.443,-0.44,-168.03,-96.87,-20.11
508919.593000,0.699,-0.263,-0.45,84.05,107.15,-24.87
508919.640000,0.754,-0.6,0.015,241.62,46.78,93.39
508919.687000,0.922,-0.416,-0.171,325.02,80.11,10.9
508919.734000,0.823,-0.479,0.158,181.25,76.78,29.69
508919.781000,0.914,-0.54,0.145,144.32,60.27,-22.55
508919.828000,0.974,-0.505,0.189,45.78,36.81,-64.46
508919.875000,0.962,-0.27,0.102,-8.82,43.03,-107.85
508919.921000,0.846,-0.052,0.282,22.34,38.51,-52.52
508919.968000,0.831,-0.038,0.251,47.15,29.63,8.79
508920.015000,0.818,-0.276,0.352,12.33,7.72,12.76
508920.062000,0.815,-0.369,0.336,10.32,16.17,9.67
508920.125000,0.874,-0.425,0.307,-5.77,-22.55,6.47
508920.187000,0.907,-0.43,0.204,-15.08,-18.92,-14.56
508920.234000,0.965,-0.32,0.103,-32.56,-12.02,-37.81
508920.281000,0.92,-0.218,0.188,-23.96,4.94,-19.62
508920.328000,0.961,-0.219,0.196,-18.49,-1.22,-1.59
508920.375000,0.915,-0.104,0.328,-29.36,-1.01,-5.86
508920.421000,0.957,-0.223,0.23,-27.28,-7.05,-3.72
508920.468000,0.896,-0.269,0.274,-11.84,3.17,7.87
508920.515000,0.905,-0.324,0.279,-0.43,-9.4,12.3
508920.562000,0.904,-0.254,0.268,-1.92,4.03,2.5
508920.609000,0.941,-0.279,0.211,-10.01,-16.3,-0.15
508920.656000,0.963,-0.288,0.17,0.0,1.46,-5.89
508920.703000,0.944,-0.283,0.188,-10.74,-3.14,-6.38
508920.750000,0.902,-0.276,0.214,4.24,3.11,6.2
508920.796000,0.92,-0.258,0.212,-9.31,-5.62,-2.5
508920.843000,0.911,-0.253,0.204,0.92,1.43,1.16
508920.890000,0.922,-0.261,0.219,-3.36,-1.31,4.67
508920.937000,0.943,-0.307,0.191,-6.84,-2.81,1.34
508920.984000,0.938,-0.288,0.212,-0.49,3.81,0.31
508921.031000,0.933,-0.305,0.215,-4.21,2.2,-1.74
508921.078000,0.923,-0.295,0.188,3.85,7.93,-4.67
508921.125000,0.911,-0.266,0.205,-3.05,2.08,-4.76
508921.171000,0.915,-0.262,0.197,-1.4,2.26,-2.14
508921.218000,0.911,-0.255,0.229,-19.75,5.04,-11.75
508921.265000,0.946,-0.28,0.218,-18.74,-7.93,-5.58
508921.312000,0.965,-0.281,0.226,-15.02,-12.09,-2.11
508921.359000,1.027,-0.093,0.298,-24.66,-25.91,-17.61
508921.406000,1.05,0.071,0.363,-52.49,-100.04,7.11
508921.453000,1.081,0.209,0.211,-95.77,-188.67,42.45
508921.500000,1.274,0.405,0.104,-191.99,-207.89,16.11
508921.546000,1.259,0.541,0.067,-148.32,-298.26,95.31
508921.593000,1.382,0.148,-0.323,-213.63,-298.41,129.76
508921.640000,0.84,0.06,-0.265,-269.3,-261.91,99.31
508921.687000,0.255,0.419,-0.752,-219.82,-265.39,137.46
508921.734000,-0.545,0.695,-1.105,-203.8,-156.19,212.84
508921.781000,-1.661,1.061,-1.794,-208.26,-80.11,280.86
508921.828000,-1.438,-0.463,-0.913,-55.67,42.39,265.42
508921.875000,-0.293,-0.153,-0.857,4.97,-58.29,-63.3
508921.921000,-0.263,0.852,-1.433,94.85,89.39,-46.33
508921.968000,-0.591,0.227,-0.823,63.17,82.55,-112.22
508922.015000,-0.337,0.496,-1.303,148.44,105.69,-122.62
508922.062000,-0.296,0.422,-0.853,107.58,129.52,-141.94
508922.109000,0.055,0.128,-1.038,211.1,114.93,-117.28
508922.156000,0.202,-0.012,-0.918,249.86,135.9,-109.1
508922.203000,0.493,-0.152,-0.575,329.23,89.33,-123.51
508922.250000,0.661,-0.015,-0.985,334.3,133.12,-66.01
508922.296000,0.804,-0.106,-0.311,214.36,250.01,-95.58
508922.343000,0.922,-0.201,-0.206,261.85,228.4,-76.69
508922.390000,1.009,0.124,0.067,146.18,242.84,-112.25
508922.437000,1.2,0.326,0.16,44.28,158.79,-80.11
508922.484000,1.131,0.397,0.471,13.34,196.39,-47.55
508922.531000,0.958,0.136,0.737,-67.9,62.96,-20.94
508922.578000,0.944,-0.051,0.715,-1.8,29.76,19.07
508922.625000,0.889,-0.234,0.521,-43.98,-35.95,-16.48
508922.671000,0.896,-0.231,0.386,-7.54,-27.44,-10.65
508922.718000,0.859,-0.171,0.388,-6.59,-23.83,-6.2
508922.765000,0.889,-0.217,0.318,3.57,-15.99,1.01
508922.812000,0.848,-0.244,0.35,5.95,-19.65,11.23
508922.859000,0.911,-0.275,0.251,6.5,-17.73,4.61
508922.906000,0.864,-0.224,0.368,12.94,-9.98,14.53
508922.953000,0.906,-0.293,0.217,5.1,-8.61,2.11
508923.000000,0.882,-0.19,0.33,-7.72,-5.71,-10.8
508923.062000,0.953,-0.269,0.249,3.51,-10.71,9.86
508923.109000,0.924,-0.249,0.279,2.38,-8.67,11.81
508923.156000,0.914,-0.299,0.281,7.42,-6.62,10.25
508923.203000,0.906,-0.251,0.292,-5.1,-16.54,-3.33
508923.250000,0.917,-0.225,0.274,7.54,-9.09,10.93
508923.296000,0.938,-0.28,0.24,1.31,-10.22,2.59
508923.343000,0.928,-0.257,0.252,12.48,-6.47,9.58
508923.390000,0.939,-0.313,0.228,2.01,-7.6,-2.32
508923.437000,0.926,-0.261,0.24,10.77,-6.26,0.4
508923.484000,0.93,-0.283,0.225,4.73,-3.45,-2.11
508923.531000,0.916,-0.248,0.219,7.9,-3.66,-3.51
508923.578000,0.926,-0.255,0.227,4.85,-2.29,-2.32
508923.625000,0.918,-0.242,0.241,2.29,-0.92,-3.02
508923.671000,0.933,-0.253,0.222,3.85,-1.65,2.17
508923.718000,0.92,-0.243,0.26,-1.62,0.95,-3.54
508923.765000,0.938,-0.249,0.217,1.34,-2.69,-0.73
508923.812000,0.942,-0.249,0.225,-6.04,0.03,-6.5
508923.859000,0.933,-0.26,0.224,2.5,0.55,1.65
508923.906000,0.908,-0.239,0.253,0.09,2.23,-2.59
508923.953000,0.927,-0.239,0.235,5.77,0.64,-1.65
508924.000000,0.931,-0.221,0.233,2.69,-1.43,-0.85
508924.046000,0.929,-0.213,0.236,2.35,-1.65,-0.85
508924.093000,0.927,-0.25,0.24,5.58,0.09,2.14
508924.140000,0.928,-0.239,0.227,2.14,-3.81,-0.52
508924.187000,0.939,-0.261,0.226,1.59,-2.96,-0.43
508924.234000,0.941,-0.234,0.205,5.65,0.09,-3.42
508924.281000,0.93,-0.207,0.221,-2.01,1.5,-2.84
508924.328000,0.934,-0.252,0.222,2.08,1.46,0.06
508924.375000,0.92,-0.232,0.225,-5.8,-0.58,-3.36
508924.421000,0.948,-0.259,0.196,2.23,-1.37,-0.55
508924.468000,0.956,-0.221,0.217,-3.14,4.49,-6.71
508924.515000,0.949,-0.196,0.221,0.89,2.59,-1.92
508924.562000,0.927,-0.196,0.25,-1.68,4.0,-1.8
508924.609000,0.923,-0.194,0.252,-0.34,1.89,0.52
508924.656000,0.923,-0.226,0.244,-2.5,-0.18,2.2
508924.718000,0.945,-0.234,0.232,2.69,0.64,2.26
508924.765000,0.936,-0.214,0.247,0.03,-0.31,3.45
508924.812000,0.935,-0.233,0.242,1.5,-0.89,3.6
508924.859000,0.929,-0.24,0.235,1.19,-1.77,2.72
508924.906000,0.936,-0.238,0.226,3.72,-1.07,2.56
508924.953000,0.939,-0.249,0.225,2.08,1.43,-1.13
508925.000000,0.933,-0.238,0.236,2.35,1.13,-0.15
508925.046000,0.927,-0.229,0.24,0.89,-0.34,0.37
508925.093000,0.929,-0.217,0.234,-1.34,0.52,-0.4
508925.140000,0.936,-0.249,0.223,-1.13,-0.95,1.5
508925.187000,0.927,-0.224,0.234,0.27,1.46,0.03
508925.234000,0.935,-0.234,0.226,-1.22,0.37,-0.06
508925.281000,0.936,-0.223,0.233,-0.7,0.98,0.98
508925.328000,0.94,-0.223,0.24,-2.01,0.73,-0.46
508925.375000,0.935,-0.238,0.229,-1.86,0.15,-0.49
508925.421000,0.932,-0.235,0.241,1.95,0.89,-1.01
508925.468000,0.929,-0.219,0.218,-1.59,-0.76,-1.74
508925.515000,0.933,-0.223,0.239,0.46,2.66,1.16
508925.562000,0.93,-0.24,0.225,0.31,1.07,-1.56
508925.609000,0.929,-0.234,0.244,1.43,1.34,-0.58
508925.656000,0.935,-0.236,0.204,-2.01,-0.98,-2.11
508925.703000,0.932,-0.238,0.243,2.23,2.32,1.65
508925.750000,0.941,-0.228,0.229,-2.26,1.31,-4.67
508925.796000,0.938,-0.228,0.224,2.04,3.08,-1.01
508925.843000,0.928,-0.219,0.234,-0.95,3.45,-3.63
508925.890000,0.933,-0.212,0.243,-0.06,1.19,-0.61
508925.937000,0.934,-0.21,0.227,-1.22,1.22,-1.1
508925.984000,0.939,-0.238,0.221,-4.0,1.28,1.92
508926.031000,0.934,-0.232,0.21,-7.05,0.98,-0.79
508926.078000,0.949,-0.212,0.217,-6.5,3.54,-1.59
508926.125000,0.928,-0.208,0.269,-2.04,5.19,0.73
508926.171000,0.924,-0.196,0.279,-2.53,3.2,-1.86
508926.218000,0.928,-0.201,0.268,0.76,1.77,0.67
508926.265000,0.94,-0.218,0.235,-0.58,-0.12,-0.15
508926.328000,0.937,-0.232,0.245,2.01,0.24,1.43
508926.375000,0.94,-0.199,0.253,0.03,-3.27,-0.98
508926.421000,0.948,-0.189,0.257,-1.86,-4.64,-0.82
508926.468000,1.008,-0.159,0.246,-15.66,-24.6,-3.94
508926.515000,1.051,-0.048,0.217,-36.44,-54.14,15.59
508926.562000,1.309,0.306,0.245,-128.06,-78.98,3.45
508926.609000,1.343,0.462,0.417,-116.76,-137.0,45.69
508926.671000,1.212,0.399,0.141,-200.02,-226.87,122.23
508926.718000,0.956,0.067,0.039,-208.35,-255.96,172.95
508926.781000,0.435,-0.089,-0.353,-311.08,-267.25,198.55
508926.828000,-0.157,0.15,-0.809,-254.83,-235.42,218.21
508926.875000,-0.658,0.462,-1.202,-293.56,-90.0,185.19
508926.921000,-1.185,0.651,-1.543,-318.37,-68.67,213.57
508926.968000,-0.905,-0.042,-1.608,-162.36,25.36,183.94
508927.015000,-0.071,-0.17,-0.52,61.86,18.65,-17.27
508927.062000,-0.157,0.987,-1.49,250.04,52.61,-65.28
508927.109000,-0.375,0.009,-0.787,113.04,48.95,-85.18
508927.156000,-0.407,0.311,-1.517,236.24,68.18,-122.81
508927.203000,-0.281,0.117,-1.161,244.03,94.39,-142.09
508927.250000,-0.013,-0.018,-1.17,225.96,85.54,-124.15
508927.296000,0.422,-0.23,-0.938,210.43,54.9,-127.66
508927.343000,0.515,-0.253,-0.878,163.49,102.36,-112.06
508927.390000,0.624,-0.402,-0.481,201.67,103.0,-99.7
508927.437000,0.659,-0.244,-0.39,218.88,118.17,-79.96
508927.484000,0.715,-0.289,-0.176,149.57,99.03,-114.02
508927.531000,0.852,-0.08,-0.249,207.16,153.05,-99.22
508927.578000,0.859,-0.189,0.104,94.39,131.26,-114.05
508927.625000,0.881,0.109,0.194,188.18,180.97,-46.63
508927.671000,0.956,0.212,0.445,-21.82,87.04,-84.9
508927.718000,1.114,0.196,0.321,14.86,91.07,5.28
508927.781000,1.136,0.094,0.521,-26.67,67.66,2.41
508927.828000,1.174,-0.233,0.348,-52.03,-39.0,34.85
508927.875000,1.001,-0.258,0.379,-12.33,6.84,2.78
508927.921000,0.931,-0.436,0.275,-11.87,-22.43,14.77
508927.968000,0.872,-0.316,0.276,21.58,20.75,-12.6
508928.015000,0.873,-0.289,0.304,2.01,4.03,1.31
508928.062000,0.86,-0.329,0.35,10.77,0.92,0.09
508928.109000,0.847,-0.27,0.343,0.34,-17.49,2.01
508928.156000,0.881,-0.342,0.313,18.8,-10.13,3.78
508928.203000,0.891,-0.285,0.295,-0.76,-22.28,2.5
508928.250000,0.887,-0.315,0.259,17.12,-11.44,6.78
508928.296000,0.909,-0.305,0.245,3.63,-14.19,0.82
508928.343000,0.886,-0.301,0.266,5.55,-9.46,4.18
508928.390000,0.913,-0.344,0.231,-2.38,-10.96,2.78
508928.437000,0.899,-0.338,0.286,-2.59,-9.83,0.7
508928.484000,0.922,-0.331,0.22,9.77,-6.71,3.36
508928.531000,0.895,-0.332,0.246,2.59,-7.84,1.95
508928.578000,0.905,-0.33,0.235,3.72,-0.92,-2.5
508928.625000,0.899,-0.313,0.251,1.83,-3.3,0.21
508928.671000,0.909,-0.308,0.229,1.89,-1.8,-3.48
508928.718000,0.908,-0.287,0.246,2.11,-1.92,0.82
508928.765000,0.905,-0.336,0.239,-0.4,-4.55,-0.89
508928.812000,0.911,-0.297,0.256,3.42,-4.82,-0.98
508928.859000,0.915,-0.298,0.231,-0.73,-4.82,-2.96
508928.906000,0.919,-0.304,0.232,8.94,-4.64,2.17
508928.953000,0.919,-0.314,0.209,3.51,-4.97,-2.87
508929.000000,0.925,-0.293,0.233,5.68,-0.24,-0.89
508929.046000,0.919,-0.337,0.209,2.41,-3.75,-1.56
508929.093000,0.908,-0.289,0.223,4.39,-0.21,-5.83
508929.140000,0.918,-0.271,0.21,0.73,-3.81,1.59
508929.187000,0.9,-0.299,0.235,-0.7,-2.5,1.59
508929.234000,0.924,-0.306,0.186,2.84,-2.9,1.46
508929.281000,0.929,-0.307,0.206,0.12,1.59,-0.18
508929.328000,0.922,-0.294,0.208,1.13,-0.92,0.98
508929.375000,0.925,-0.292,0.225,-6.84,0.37,-3.69
508929.421000,0.932,-0.289,0.224,-6.35,-3.33,-1.19
508929.468000,0.931,-0.317,0.214,-0.21,-1.92,0.73
508929.515000,0.929,-0.313,0.217,-0.31,-2.81,-2.99
508929.562000,0.926,-0.302,0.219,0.43,-2.29,-5.07
508929.609000,0.922,-0.29,0.208,3.6,-2.9,-3.2
508929.656000,0.916,-0.254,0.206,-3.75,-3.69,-4.79
508929.703000,0.921,-0.298,0.186,0.34,-2.99,-0.09
508929.750000,0.928,-0.296,0.177,-5.1,-1.25,-4.18
508929.796000,0.936,-0.288,0.187,2.14,-2.93,-0.24
508929.843000,0.933,-0.284,0.166,-2.32,-2.99,-2.38
508929.890000,0.933,-0.284,0.178,2.14,-1.46,0.46
508929.937000,0.919,-0.267,0.186,-0.12,-0.34,-0.18
508929.984000,0.931,-0.301,0.178,1.28,-1.28,2.96
508930.031000,0.923,-0.278,0.182,1.31,1.5,-2.75
508930.078000,0.93,-0.253,0.177,0.67,0.24,-0.21
508930.125000,0.93,-0.269,0.178,1.1,4.79,0.18
508930.187000,0.927,-0.274,0.194,-0.64,2.08,2.14
508930.234000,0.931,-0.302,0.188,-1.43,1.16,1.59
508930.281000,0.936,-0.292,0.179,0.46,2.96,-1.53
508930.328000,0.93,-0.26,0.195,-0.82,4.18,-1.98
508930.375000,0.926,-0.279,0.202,-0.27,3.36,-0.18
508930.421000,0.93,-0.273,0.205,-1.83,2.2,-1.31
508930.468000,0.929,-0.269,0.204,-1.68,2.17,-1.13
508930.515000,0.925,-0.282,0.192,-1.74,0.89,2.14
508930.562000,0.921,-0.278,0.212,-0.64,2.38,-0.37
508930.609000,0.922,-0.267,0.199,-1.22,1.53,-0.06
508930.656000,0.933,-0.271,0.207,-0.95,0.58,2.26
508930.703000,0.932,-0.268,0.188,-3.57,0.92,-0.27
508930.750000,0.93,-0.286,0.209,0.52,2.47,2.41
508930.796000,0.933,-0.277,0.204,-1.89,1.04,-0.76
508930.843000,0.925,-0.28,0.21,-0.67,2.62,-1.04
508930.890000,0.916,-0.27,0.203,-1.19,0.76,-1.56
508930.937000,0.935,-0.27,0.202,-0.43,4.09,-1.04
508931.000000,0.918,-0.279,0.205,-1.71,2.87,-1.43
508931.046000,0.926,-0.275,0.211,-0.06,1.83,0.31
508931.093000,0.921,-0.294,0.209,-0.34,1.83,0.18
508931.140000,0.931,-0.274,0.195,-0.43,4.46,0.03
508931.187000,0.923,-0.272,0.206,-1.22,6.16,0.31
508931.234000,0.936,-0.284,0.23,-2.9,5.95,0.15
508931.281000,0.932,-0.28,0.227,-2.9,2.14,-1.43
508931.328000,0.933,-0.286,0.227,-4.55,0.82,-3.02
508931.375000,0.978,-0.203,0.163,-14.59,-2.99,-8.67
508931.437000,1.082,0.03,0.214,-78.28,-28.05,2.14
508931.484000,1.423,0.007,0.044,-128.39,-83.25,22.03
508931.531000,1.391,0.053,0.47,-112.46,-42.66,3.94
508931.578000,1.355,0.279,0.531,-128.21,-116.25,38.24
508931.625000,1.121,0.109,0.481,-207.04,-174.05,67.75
508931.671000,0.865,0.151,0.174,-238.04,-249.46,115.15
508931.718000,0.313,0.132,-0.234,-303.69,-312.72,155.28
508931.765000,-0.052,0.247,-0.574,-274.51,-302.93,187.69
508931.812000,-0.563,0.52,-1.096,-288.52,-180.0,166.97
508931.875000,-0.993,0.616,-1.269,-211.68,-17.85,207.04
508931.921000,-0.883,-0.24,-1.244,-209.63,-21.33,172.89
508931.968000,0.341,-0.103,-1.0,-120.18,-60.67,10.83
508932.015000,-0.029,1.13,-1.227,78.52,91.28,-8.82
508932.062000,0.003,0.311,-0.558,-44.04,34.49,-4.58
508932.109000,0.061,0.433,-1.088,134.25,-6.1,-31.25
508932.156000,-0.009,0.083,-1.094,111.39,-2.29,-51.27
508932.203000,-0.203,0.22,-1.28,222.57,26.95,-95.95
508932.250000,-0.138,0.042,-1.195,278.48,59.97,-100.53
508932.296000,-0.091,-0.113,-1.21,249.03,72.12,-109.56
508932.343000,0.136,-0.374,-0.746,309.92,76.91,-105.69
508932.390000,0.248,-0.812,-0.933,176.58,70.44,-173.28
508932.437000,0.229,-0.572,-0.561,207.4,70.22,-234.6
508932.484000,0.523,-0.542,-0.447,237.25,106.57,-135.41
508932.531000,0.633,-0.115,-0.154,167.79,95.19,-201.94
508932.578000,0.89,-0.072,-0.096,247.66,130.22,-71.69
508932.625000,0.889,0.264,0.017,30.52,123.26,-121.16
508932.671000,1.007,0.235,0.415,171.3,147.4,-38.09
508932.718000,1.162,0.253,0.23,-46.36,83.96,-76.51
508932.765000,1.123,0.412,0.302,33.08,92.87,-2.38
508932.812000,1.171,0.058,0.174,-88.17,23.65,-12.33
508932.859000,0.999,-0.061,0.5,-1.31,62.35,35.86
508932.906000,1.01,-0.326,0.337,-49.53,-4.55,2.01
508932.953000,0.929,-0.232,0.397,-0.34,7.14,-4.03
508933.000000,0.918,-0.209,0.375,-15.66,-2.69,-16.3
508933.046000,0.877,-0.079,0.402,12.15,-3.97,1.4
508933.093000,0.888,-0.122,0.339,-1.77,-10.47,7.66
508933.140000,0.882,-0.199,0.435,13.7,-9.74,15.87
508933.187000,0.903,-0.206,0.334,15.35,-18.89,18.49
508933.234000,0.894,-0.268,0.357,-0.27,-14.37,2.53
508933.281000,0.897,-0.261,0.298,24.69,-13.76,17.64
508933.328000,0.919,-0.232,0.276,-6.78,-11.93,-1.8
508933.375000,0.912,-0.277,0.284,23.5,-8.0,19.14
508933.421000,0.919,-0.276,0.252,-0.61,-13.03,3.85
508933.468000,0.921,-0.261,0.311,6.04,-6.96,6.23
508933.515000,0.937,-0.302,0.252,5.07,-7.39,4.03
508933.562000,0.924,-0.26,0.286,4.49,-2.26,-0.64
508933.609000,0.91,-0.238,0.257,0.34,-3.2,-3.02
508933.656000,0.908,-0.242,0.265,2.69,0.43,-2.32
508933.703000,0.912,-0.223,0.261,-0.64,0.12,1.4
508933.750000,0.929,-0.252,0.269,-7.05,-1.34,-0.58
508933.812000,0.911,-0.232,0.276,-1.43,1.56,3.08
508933.859000,0.905,-0.219,0.281,-5.74,0.09,1.5
508933.906000,0.907,-0.268,0.307,-3.05,-1.68,9.61
508933.953000,0.935,-0.3,0.266,-2.44,-1.8,-3.36
508934.000000,0.928,-0.256,0.271,3.78,-1.56,-0.67
508934.046000,0.926,-0.27,0.26,3.3,0.49,-3.11
508934.093000,0.916,-0.24,0.252,2.41,-1.07,-4.79
508934.140000,0.909,-0.239,0.267,2.75,1.5,-1.43
508934.187000,0.919,-0.234,0.258,0.34,0.98,-0.24
508934.234000,0.915,-0.245,0.268,1.86,0.79,2.29
508934.281000,0.928,-0.252,0.283,2.32,-0.4,1.19
508934.343000,0.929,-0.244,0.255,-0.21,-2.59,0.21
508934.390000,0.92,-0.256,0.275,-0.43,-0.95,-0.58
508934.437000,0.926,-0.241,0.262,1.98,-0.49,-1.16
508934.484000,0.918,-0.244,0.254,-0.73,-1.71,-0.58
508934.531000,0.919,-0.261,0.276,0.31,-2.38,0.85
508934.578000,0.924,-0.241,0.252,-4.0,-2.29,-1.25
508934.625000,0.925,-0.254,0.268,-2.5,-2.99,1.34
508934.671000,0.933,-0.247,0.263,-2.5,-5.34,-0.31
508934.718000,0.947,-0.219,0.261,-8.39,-6.65,-3.97
508934.765000,0.939,-0.285,0.235,-5.55,-8.64,-4.15
508934.812000,0.93,-0.223,0.227,-2.38,-5.62,-7.2
508934.859000,0.915,-0.238,0.212,-1.53,-6.65,3.66
508934.906000,0.918,-0.229,0.243,-5.43,-3.88,0.52
508934.953000,0.923,-0.229,0.216,-1.1,-5.37,6.29
508935.000000,0.93,-0.259,0.213,-1.65,-4.64,4.55
508935.046000,0.937,-0.256,0.205,2.81,-2.96,3.23
508935.093000,0.943,-0.259,0.199,-1.59,-3.57,1.74
508935.140000,0.93,-0.278,0.209,1.43,-0.27,3.57
508935.187000,0.934,-0.258,0.199,0.49,-1.95,0.43
508935.234000,0.925,-0.275,0.208,-0.73,-0.7,0.64
508935.281000,0.929,-0.253,0.191,-0.89,-1.71,-1.74
508935.328000,0.934,-0.261,0.194,-1.4,-0.92,0.37
508935.375000,0.928,-0.272,0.197,-1.53,1.53,-1.92
508935.421000,0.933,-0.256,0.195,-0.7,2.56,-0.92
508935.468000,0.93,-0.282,0.203,-3.36,1.56,-1.1
508935.515000,0.935,-0.282,0.2,-1.46,0.46,-2.99
508935.562000,0.972,-0.263,0.163,-9.95,-4.76,-5.77
508935.609000,1.07,-0.146,0.202,-38.45,-18.77,-7.87
508935.656000,1.106,0.068,0.203,-90.95,-76.72,41.32
508935.703000,1.212,0.15,0.07,-241.43,-160.62,58.47
508935.750000,1.353,0.137,-0.107,-230.69,-197.85,113.8
508935.796000,1.431,-0.087,-0.206,-230.35,-191.38,102.39
508935.843000,1.119,-0.079,-0.2,-196.23,-156.83,91.53
508935.890000,0.708,-0.096,-0.351,-230.57,-197.3,143.41
508935.937000,0.379,-0.127,-0.454,-251.87,-203.83,166.88
508935.984000,-0.022,0.19,-0.682,-208.62,-178.96,170.29
508936.031000,-0.332,0.364,-0.583,-228.34,-82.77,147.31
508936.078000,-0.872,0.912,-1.031,-164.53,-76.82,154.82
508936.125000,-0.746,0.322,-1.438,-97.6,34.79,186.56
508936.171000,-0.193,-0.036,-0.646,-38.88,-55.18,35.31
508936.218000,-0.004,0.649,-1.485,193.06,7.32,-59.76
508936.265000,-0.023,0.443,-0.813,57.53,108.07,-23.74
508936.312000,-0.042,0.151,-1.081,186.35,-16.42,-37.14
508936.359000,0.093,-0.043,-1.316,113.1,-0.18,-70.93
508936.406000,-0.252,-0.125,-1.263,298.65,56.37,-71.75
508936.453000,-0.208,-0.298,-1.195,131.05,65.0,-152.62
508936.500000,-0.127,-0.366,-0.817,247.99,91.53,-131.66
508936.546000,0.076,-0.613,-0.909,217.75,5.07,-164.98
508936.593000,0.217,-0.489,-0.601,305.22,40.13,-184.55
508936.640000,0.382,-0.554,-0.665,161.72,44.28,-211.8
508936.687000,0.666,-0.39,-0.273,204.2,52.64,-160.95
508936.734000,0.793,-0.169,-0.346,128.27,60.37,-135.01
508936.781000,0.811,-0.019,-0.144,96.47,76.69,-135.72
508936.828000,0.948,0.045,-0.275,69.7,80.6,-74.47
508936.875000,0.97,0.15,0.093,38.03,119.02,-50.45
508936.921000,1.13,0.092,-0.04,55.06,115.05,-18.68
508936.968000,1.078,-0.008,0.362,-24.66,117.83,-27.25
508937.015000,1.222,-0.078,0.224,-9.74,46.94,1.8
508937.062000,1.055,-0.054,0.404,-70.41,47.64,-48.4
508937.109000,1.087,-0.079,0.267,14.37,8.7,17.85
508937.156000,0.956,-0.13,0.3,-51.58,1.34,-22.61
508937.203000,0.951,-0.209,0.233,4.73,-14.16,16.63
508937.250000,0.891,-0.202,0.291,-12.6,-6.47,-2.44
508937.296000,0.926,-0.242,0.231,0.49,-17.12,11.96
508937.343000,0.928,-0.247,0.242,1.01,-5.62,7.26
508937.390000,0.929,-0.276,0.249,14.01,-7.11,14.22
508937.437000,0.913,-0.248,0.252,3.57,-8.61,3.94
508937.484000,0.934,-0.251,0.204,8.73,-12.21,2.5
508937.531000,0.913,-0.225,0.203,15.69,-11.47,8.0
508937.578000,0.932,-0.281,0.158,4.15,-11.14,2.47
508937.625000,0.909,-0.293,0.207,16.45,-10.04,12.42
508937.671000,0.948,-0.311,0.142,0.49,-15.26,5.62
508937.718000,0.926,-0.332,0.208,8.7,-3.63,5.16
508937.765000,0.939,-0.314,0.137,5.34,-6.56,-1.25
508937.812000,0.915,-0.281,0.186,2.69,-0.18,0.46
508937.859000,0.923,-0.293,0.155,2.72,-3.54,4.46
508937.906000,0.934,-0.301,0.175,-11.08,-2.59,-4.12
508937.953000,0.94,-0.321,0.14,-4.39,-4.39,-0.24
508938.000000,0.945,-0.28,0.166,-4.21,1.83,-8.55
508938.046000,0.934,-0.235,0.175,8.18,2.41,3.63
508938.093000,0.94,-0.283,0.175,0.37,-0.31,0.06
508938.140000,0.919,-0.277,0.185,1.83,-2.62,3.72
508938.187000,0.937,-0.325,0.138,-7.45,-4.7,-0.79
508938.234000,0.938,-0.29,0.163,0.55,-0.92,-2.93
508938.281000,0.926,-0.259,0.147,-7.08,-0.06,-3.08
508938.328000,0.928,-0.291,0.162,1.43,2.5,0.52
508938.375000,0.929,-0.29,0.181,1.56,1.86,-1.31
508938.421000,0.934,-0.265,0.152,2.59,-1.19,-2.17
508938.468000,0.931,-0.301,0.16,3.72,-0.37,-0.18
508938.515000,0.933,-0.286,0.142,-0.43,-0.58,-3.85
508938.562000,0.93,-0.263,0.144,1.43,1.01,-1.71
508938.609000,0.939,-0.259,0.151,0.0,3.51,-1.01
508938.656000,0.936,-0.275,0.161,-4.49,3.27,-2.99
508938.703000,0.941,-0.298,0.147,-0.24,2.75,0.34
508938.750000,0.932,-0.262,0.155,-1.01,2.78,-2.2
508938.796000,0.942,-0.25,0.158,-0.31,3.88,-0.89
508938.843000,0.961,-0.226,0.174,-0.12,3.97,0.03
508938.890000,0.949,-0.258,0.194,-2.96,0.85,1.1
508938.937000,0.939,-0.294,0.182,-4.79,-2.23,-0.89
508938.984000,0.933,-0.271,0.16,0.55,-1.98,-0.21
508939.031000,0.922,-0.279,0.171,-1.25,-1.89,0.34
508939.078000,0.927,-0.261,0.139,0.34,-0.89,-1.22
508939.125000,0.942,-0.277,0.161,1.59,2.04,0.0
508939.171000,0.944,-0.291,0.152,0.7,1.19,-4.15
508939.218000,0.938,-0.282,0.178,3.23,3.17,-2.81
508939.265000,0.934,-0.318,0.168,-1.07,1.59,-8.67
508939.328000,0.93,-0.243,0.153,-4.36,-2.81,-13.98
508939.375000,0.964,-0.155,0.11,-9.7,0.03,-10.04
508939.421000,0.986,-0.078,0.129,-16.6,-4.21,-6.23
508939.468000,1.059,-0.058,0.058,-40.99,-23.59,4.94
508939.515000,1.136,-0.209,0.147,-35.74,-40.16,20.54
508939.562000,1.3,0.039,-0.028,-101.6,-87.53,11.11
508939.609000,1.292,-0.108,0.086,-139.35,-134.95,60.18
508939.656000,1.321,0.233,-0.122,-203.04,-141.54,57.77
508939.703000,1.186,0.126,0.196,-197.15,-163.91,103.24
508939.750000,1.025,0.03,-0.053,-186.86,-212.84,150.61
508939.796000,0.778,-0.079,-0.123,-201.09,-211.98,181.25
508939.843000,0.362,0.028,-0.339,-176.0,-211.58,191.87
508939.890000,-0.042,0.161,-0.577,-187.41,-159.55,209.42
508939.937000,-0.899,0.747,-1.043,-191.23,-35.74,219.43
508939.984000,-1.052,0.894,-1.338,-245.7,-75.9,253.58
508940.031000,-0.722,-0.401,-1.309,-319.44,-47.21,146.37
508940.093000,-0.073,0.474,-1.18,139.44,24.84,-25.48
508940.140000,-0.202,0.545,-0.938,-61.16,79.32,-3.72
508940.187000,-0.027,0.182,-0.853,126.26,-50.51,-24.99
508940.234000,0.007,0.282,-1.301,91.8,-23.04,-62.17
508940.281000,-0.066,-0.059,-0.988,207.71,-11.84,-79.29
508940.328000,-0.209,0.101,-1.428,180.61,17.06,-127.54
508940.375000,-0.337,-0.28,-0.755,251.93,55.6,-169.9
508940.421000,-0.179,-0.609,-1.259,103.82,8.45,-182.99
508940.468000,-0.085,-0.541,-0.73,239.51,76.75,-196.05
508940.515000,0.219,-0.611,-0.875,171.12,61.07,-159.58
508940.562000,0.463,-0.505,-0.237,238.47,75.59,-146.12
508940.609000,0.484,-0.253,-0.512,164.34,37.84,-155.19
508940.656000,0.85,-0.277,-0.284,130.56,65.74,-125.1
508940.703000,0.802,-0.186,-0.17,84.14,80.72,-103.95
508940.750000,0.947,-0.209,-0.078,143.16,99.0,-86.73
508940.796000,0.884,-0.147,0.003,31.46,109.01,-84.23
508940.843000,1.091,-0.134,0.159,102.42,113.77,-39.55
508940.890000,1.208,0.137,-0.131,-32.01,63.54,-53.16
508940.937000,1.207,0.064,0.171,55.18,97.69,23.1
508940.984000,1.249,-0.294,0.014,-91.13,-4.27,14.89
508941.031000,0.993,-0.43,0.404,-25.24,26.06,11.11
508941.078000,0.887,-0.492,0.256,3.39,-2.38,31.68
508941.125000,0.82,-0.422,0.371,-35.1,16.72,-31.71
508941.171000,0.872,-0.386,0.188,26.52,-5.28,8.76
508941.218000,0.893,-0.353,0.201,-11.78,9.49,-25.76
508941.265000,0.887,-0.329,0.254,29.05,-8.09,15.02
508941.312000,0.916,-0.356,0.135,-4.85,-8.36,-11.23
508941.359000,0.888,-0.379,0.26,10.07,-19.01,7.45
508941.406000,0.919,-0.417,0.166,-6.5,-14.5,-10.04
508941.453000,0.888,-0.359,0.191,-0.15,-11.23,-3.57
508941.500000,0.935,-0.471,0.14,14.56,-10.07,0.73
508941.562000,0.901,-0.305,0.167,-3.75,-6.87,-16.57
508941.609000,0.926,-0.39,0.12,14.16,-5.19,-2.5
508941.656000,0.889,-0.285,0.154,3.94,2.08,-11.93
508941.703000,0.889,-0.28,0.175,7.63,-1.68,1.77
508941.750000,0.897,-0.34,0.168,-0.06,0.18,-1.16
508941.796000,0.915,-0.349,0.199,6.74,-2.26,3.69
508941.843000,0.934,-0.356,0.143,-0.85,-0.85,-5.86
508941.890000,0.915,-0.323,0.16,0.95,-1.92,-2.96
508941.937000,0.929,-0.332,0.148,3.69,1.77,-4.82
508941.984000,0.915,-0.308,0.158,-4.91,1.04,-6.04
508942.031000,0.935,-0.311,0.174,10.22,6.38,-0.4
508942.078000,0.926,-0.266,0.176,-5.86,2.47,-7.45
508942.125000,0.924,-0.299,0.194,3.85,-0.31,3.91
508942.171000,0.918,-0.301,0.161,-6.41,-4.52,-1.46
508942.218000,0.924,-0.319,0.176,0.52,-3.45,4.3
508942.281000,0.915,-0.309,0.157,-1.04,-3.36,1.19
508942.328000,0.936,-0.335,0.152,0.73,0.09,-1.19
508942.375000,0.918,-0.308,0.169,-1.62,-1.34,2.5
508942.421000,0.926,-0.331,0.165,-1.92,0.37,-1.95
508942.468000,0.923,-0.278,0.155,0.49,0.61,-1.37
508942.515000,0.929,-0.327,0.156,-2.26,0.18,-3.02
508942.562000,0.929,-0.313,0.156,1.56,-1.43,-0.67
508942.609000,0.928,-0.323,0.141,-3.33,-0.61,-3.69
508942.656000,0.926,-0.276,0.164,-0.37,1.13,-2.66
508942.703000,0.926,-0.308,0.149,-3.57,1.62,-1.95
508942.750000,0.927,-0.284,0.168,-1.71,0.85,-0.43
508942.796000,0.94,-0.31,0.158,-1.1,1.83,-1.1
508942.843000,0.939,-0.303,0.163,1.19,1.07,-0.46
508942.890000,0.934,-0.301,0.159,2.04,0.67,-0.73
508942.937000,0.924,-0.299,0.16,2.08,0.58,-1.34
508942.984000,0.918,-0.275,0.155,-1.13,-2.78,0.24
508943.031000,0.929,-0.307,0.149,-0.21,-0.31,-0.76
508943.078000,0.932,-0.297,0.159,1.31,0.49,1.07
508943.125000,0.921,-0.297,0.153,-0.55,1.07,-1.1
508943.171000,0.927,-0.302,0.157,0.27,1.31,-0.21
508943.218000,0.93,-0.303,0.133,-2.56,-0.7,-0.89
508943.265000,0.925,-0.299,0.148,0.31,3.6,-0.49
508943.312000,0.932,-0.294,0.179,-2.87,5.4,-1.71
508943.359000,0.931,-0.305,0.165,-3.48,1.68,-0.73
508943.406000,0.941,-0.292,0.15,-2.2,0.49,-2.69
508943.453000,0.938,-0.298,0.151,-2.56,0.24,-1.37
508943.500000,0.932,-0.288,0.154,-4.15,-0.03,-3.05
508943.546000,0.939,-0.29,0.154,-2.11,1.1,-2.96
508943.593000,0.937,-0.275,0.168,-4.43,-1.5,-2.11
508943.640000,0.955,-0.272,0.14,-6.74,-4.06,-3.2
508943.687000,1.012,-0.228,0.146,-14.65,-8.45,-0.24
508943.734000,1.113,-0.145,0.248,-30.95,-40.41,26.12
508943.781000,1.196,-0.07,-0.004,-130.41,-100.38,82.74
508943.828000,1.251,0.021,-0.08,-201.97,-133.52,53.62
508943.875000,1.179,0.024,-0.001,-154.33,-130.53,106.85
508943.921000,1.068,-0.022,-0.308,-177.83,-191.78,138.95
508943.968000,0.942,-0.153,-0.332,-192.97,-177.62,151.65
508944.015000,0.586,-0.129,-0.479,-184.21,-172.37,171.67
508944.062000,0.302,-0.174,-0.71,-189.43,-140.45,167.46
508944.109000,-0.006,-0.013,-0.851,-159.18,-93.39,148.75
508944.156000,-0.197,0.116,-1.07,-205.76,-27.86,145.85
508944.203000,-0.646,0.427,-1.118,-226.48,52.64,121.56
508944.250000,-0.582,0.058,-1.117,-224.74,73.0,112.09
508944.296000,-0.375,-0.49,-1.247,-131.96,38.91,101.99
508944.343000,0.007,0.361,-0.918,52.98,20.39,-89.91
508944.390000,0.124,0.945,-1.23,80.48,10.22,-12.24
508944.437000,0.116,0.237,-0.904,47.52,-18.31,-1.77
508944.484000,0.097,0.167,-1.104,117.92,-12.73,-33.72
508944.531000,-0.006,0.097,-1.171,210.03,-17.18,-32.99
508944.578000,-0.163,-0.173,-1.376,234.41,4.67,-77.21
508944.625000,-0.272,-0.332,-1.117,291.18,71.23,-146.7
508944.671000,-0.213,-0.379,-1.115,288.22,65.65,-117.1
508944.718000,0.01,-0.598,-0.758,248.51,54.45,-212.65
508944.781000,0.368,-0.54,-0.535,198.16,2.44,-103.92
508944.828000,0.45,-0.424,-0.24,170.29,46.91,-168.95
508944.875000,0.776,-0.407,-0.414,128.97,41.78,-165.26
508944.921000,0.854,0.034,-0.135,162.27,109.13,-135.62
508944.968000,0.973,0.007,-0.178,60.95,103.09,-151.65
508945.015000,0.999,0.321,-0.03,99.03,117.25,-88.05
508945.062000,1.153,0.253,-0.099,-49.53,60.95,-68.54
508945.109000,1.004,0.287,0.302,50.81,103.43,38.91
508945.156000,1.139,0.108,0.094,-25.09,26.55,65.19
508945.203000,1.085,-0.296,0.134,-47.36,18.89,38.21
508945.250000,1.031,-0.41,0.231,-6.99,14.5,56.0
508945.296000,1.022,-0.422,0.265,-51.55,-9.19,7.48
508945.343000,0.893,-0.415,0.278,-6.38,1.16,11.75
508945.390000,0.922,-0.339,0.241,-15.47,-12.57,-5.92
508945.437000,0.872,-0.327,0.268,2.84,-4.21,4.24
508945.484000,0.871,-0.396,0.224,1.74,-15.63,8.58
508945.531000,0.877,-0.417,0.174,5.49,-8.67,1.46
508945.578000,0.885,-0.398,0.177,5.86,-11.63,7.23
508945.625000,0.905,-0.439,0.139,4.73,-13.73,1.13
508945.671000,0.906,-0.349,0.142,9.43,-4.97,-6.1
508945.718000,0.907,-0.41,0.147,7.26,-3.66,3.14
508945.765000,0.877,-0.373,0.157,10.38,4.91,-7.9
508945.812000,0.867,-0.389,0.147,2.38,-2.75,3.75
508945.859000,0.897,-0.451,0.118,-5.4,-1.19,-4.85
508945.906000,0.894,-0.346,0.138,2.32,5.62,-1.95
508945.953000,0.912,-0.396,0.161,-14.68,3.66,0.61
508946.000000,0.925,-0.339,0.185,-5.13,10.16,-3.97
508946.046000,0.921,-0.351,0.124,-19.35,2.29,-3.85
508946.093000,0.885,-0.373,0.163,-10.74,11.66,-4.21
508946.140000,0.856,-0.405,0.204,-3.51,11.05,5.16
508946.187000,0.871,-0.399,0.209,-8.82,6.38,-0.15
508946.234000,0.901,-0.353,0.241,0.95,8.45,1.56
508946.281000,0.913,-0.356,0.207,0.92,2.96,3.6
508946.328000,0.927,-0.361,0.225,3.57,5.13,-2.23
508946.375000,0.9,-0.333,0.219,5.34,2.41,2.41
508946.421000,0.889,-0.415,0.234,4.39,-5.34,0.7
508946.468000,0.884,-0.354,0.212,8.09,-6.99,-1.98
508946.515000,0.893,-0.38,0.173,2.62,-10.96,-1.46
508946.562000,0.912,-0.349,0.162,6.65,-4.06,-2.75
508946.609000,0.882,-0.388,0.185,2.75,-1.34,2.53
508946.656000,0.891,-0.403,0.181,4.18,-1.22,-2.5
508946.703000,0.899,-0.346,0.161,1.74,-2.08,-1.68
508946.750000,0.897,-0.37,0.152,-3.2,-3.23,0.85
508946.796000,0.892,-0.367,0.149,-4.55,-0.15,0.46
508946.843000,0.891,-0.401,0.14,-11.51,-0.09,1.98
508946.890000,0.898,-0.409,0.141,-12.36,3.36,-5.71
508946.937000,0.912,-0.395,0.155,-15.32,4.76,-4.73
508946.984000,0.913,-0.411,0.151,-17.4,2.9,-8.3
508947.031000,0.921,-0.356,0.17,-15.87,3.75,-11.47
508947.078000,0.929,-0.323,0.146,-12.67,6.62,-14.22
508947.125000,0.906,-0.262,0.163,-10.41,9.98,-13.46
508947.171000,0.91,-0.27,0.172,-4.12,12.94,-4.64
508947.218000,0.897,-0.332,0.204,-5.58,12.33,-3.85
508947.265000,0.915,-0.304,0.224,2.75,13.34,-0.12
508947.312000,0.916,-0.355,0.208,-2.2,5.31,0.31
508947.359000,0.948,-0.322,0.197,4.88,3.72,-1.13
508947.406000,0.949,-0.295,0.203,-0.15,-0.09,0.03
508947.453000,0.957,-0.291,0.238,3.91,-2.47,3.11
508947.500000,0.997,-0.256,0.254,-3.23,-14.8,3.81
508947.546000,1.089,-0.16,0.183,-36.04,-37.51,10.01
508947.593000,1.214,-0.149,0.172,-46.66,-75.72,21.33
508947.640000,1.467,0.129,0.021,-124.12,-126.68,25.73
508947.687000,1.316,0.183,0.057,-185.46,-157.72,64.24
508947.734000,1.181,0.082,-0.078,-169.19,-186.93,133.06
508947.781000,0.951,-0.002,-0.232,-229.16,-183.84,171.09
508947.828000,0.602,-0.195,-0.353,-229.29,-176.4,190.4
508947.875000,0.316,-0.118,-0.562,-199.04,-131.53,197.45
508947.921000,-0.33,0.154,-0.838,-216.47,-43.82,189.86
508947.968000,-0.677,0.328,-1.102,-277.2,42.24,153.08
508948.015000,-0.761,0.121,-1.074,-348.28,27.56,150.58
508948.078000,0.369,-0.738,-0.773,-73.18,-48.49,-8.61
508948.125000,0.198,0.953,-1.174,95.98,64.55,-61.25
508948.171000,0.092,0.41,-0.839,51.48,29.18,-18.49
508948.218000,0.157,0.192,-1.153,176.4,-32.72,19.35
508948.281000,0.188,-0.134,-1.186,149.54,18.89,-32.87
508948.328000,-0.059,-0.406,-1.173,269.11,-17.03,-39.58
508948.375000,-0.215,-0.603,-1.145,332.62,-1.25,-109.9
508948.421000,-0.3,-0.61,-0.938,318.22,15.84,-148.87
508948.468000,-0.127,-0.717,-0.639,303.66,12.02,-167.58
508948.515000,0.119,-0.693,-0.409,277.47,28.35,-150.7
508948.562000,0.467,-0.505,-0.107,210.0,15.14,-150.98
508948.609000,0.721,-0.221,-0.05,157.87,59.39,-144.54
508948.656000,0.909,-0.29,0.026,27.22,22.49,-145.15
508948.703000,1.04,0.16,0.164,91.07,97.2,-120.12
508948.750000,1.169,0.14,0.113,10.93,68.21,-74.28
508948.796000,1.203,0.163,0.071,44.37,100.62,-33.75
508948.843000,1.201,0.159,0.146,-38.51,81.7,-14.16
508948.890000,1.212,-0.168,0.15,-11.29,91.86,26.89
508948.937000,1.116,-0.433,0.363,-78.31,50.45,-6.44
508948.984000,0.925,-0.494,0.517,-16.6,42.54,11.32
508949.031000,0.844,-0.448,0.522,-37.45,9.31,-21.82
508949.078000,0.791,-0.312,0.488,-35.62,-21.33,-21.94
508949.125000,0.868,-0.382,0.338,-18.25,-19.23,-14.28
508949.171000,0.866,-0.305,0.365,-19.96,-17.79,-11.14
508949.218000,0.884,-0.389,0.285,-3.17,-13.34,-3.45
508949.281000,0.875,-0.323,0.315,-7.51,-16.82,-8.27
508949.328000,0.873,-0.382,0.314,9.43,-8.33,7.63
508949.375000,0.876,-0.379,0.313,-7.66,-17.98,-11.41
508949.421000,0.884,-0.368,0.271,8.91,-21.97,3.11
508949.468000,0.895,-0.444,0.22,-5.71,-21.39,-8.42
508949.515000,0.856,-0.367,0.244,6.84,-9.92,-5.07
508949.562000,0.863,-0.347,0.235,-3.88,-7.35,-8.51
508949.609000,0.862,-0.326,0.238,1.8,-5.28,-1.1
508949.656000,0.936,-0.381,0.152,-11.14,-7.45,-10.53
508949.703000,0.895,-0.333,0.235,2.59,4.76,-3.23
508949.750000,0.91,-0.347,0.201,4.21,0.67,-1.71
508949.796000,0.914,-0.313,0.26,-3.23,1.37,-7.02
508949.843000,0.912,-0.341,0.224,0.95,-7.63,-2.23
508949.890000,0.926,-0.293,0.239,3.2,-6.56,-3.63
508949.937000,0.894,-0.292,0.221,9.61,-8.61,2.38
508949.984000,0.897,-0.323,0.214,6.93,-10.07,-2.44
508950.031000,0.887,-0.316,0.193,11.6,-11.05,4.24
508950.078000,0.918,-0.362,0.157,7.39,-13.21,3.05
508950.125000,0.935,-0.376,0.175,7.26,-8.09,2.29
508950.171000,0.917,-0.395,0.138,-2.38,-13.12,-0.4
508950.218000,0.904,-0.394,0.11,-0.34,-8.03,-5.74
508950.265000,0.899,-0.296,0.137,-1.13,0.52,-1.59
508950.312000,0.904,-0.281,0.153,-4.73,6.04,-4.18
508950.359000,0.896,-0.289,0.187,-3.6,5.89,4.7
508950.406000,0.902,-0.343,0.201,-8.91,4.94,4.39
508950.453000,0.921,-0.309,0.197,0.06,4.85,5.68
508950.500000,0.912,-0.311,0.167,-9.92,-3.42,7.66
508950.546000,0.905,-0.343,0.165,-8.18,-3.23,7.84
508950.593000,0.964,-0.292,0.178,0.34,2.87,14.86
508950.640000,0.958,-0.468,0.245,-2.99,0.79,7.2
508950.687000,0.891,-0.501,0.19,-4.49,-9.16,-6.13
508950.734000,0.838,-0.346,0.097,-3.91,-9.03,-11.02
508950.781000,0.889,-0.187,0.091,5.71,2.62,-2.99
508950.828000,0.978,-0.243,0.16,5.46,15.41,7.97
508950.875000,0.941,-0.405,0.231,-1.59,7.08,8.91
508950.921000,0.885,-0.453,0.196,-7.08,-2.93,0.37
508950.968000,0.882,-0.326,0.147,2.14,-2.32,-0.67
508951.031000,0.916,-0.318,0.165,-0.15,-0.46,7.9
508951.078000,0.902,-0.398,0.163,-2.5,-1.43,1.28
508951.125000,0.912,-0.326,0.154,2.84,-0.34,0.61
508951.171000,0.939,-0.332,0.181,2.53,-0.06,3.81
508951.218000,0.915,-0.391,0.187,-1.43,-2.78,2.32
508951.265000,0.883,-0.41,0.154,3.08,-5.55,-4.39
508951.312000,0.916,-0.313,0.151,7.51,-2.81,-2.72
508951.359000,0.935,-0.353,0.167,5.25,-1.98,3.45
508951.406000,0.877,-0.391,0.156,0.43,-6.26,-1.04
508951.453000,0.885,-0.348,0.13,2.01,-7.57,-0.58
508951.500000,0.925,-0.333,0.125,4.39,-1.13,5.22
508951.546000,0.938,-0.4,0.166,0.67,-2.72,3.51
508951.593000,0.857,-0.448,0.127,-3.2,-6.93,-2.2
508951.640000,0.911,-0.305,0.127,6.35,1.46,-4.64
508951.687000,0.909,-0.371,0.178,2.11,1.22,5.58
508951.734000,0.86,-0.44,0.135,-2.69,-3.3,-1.25
508951.781000,0.9,-0.348,0.124,6.01,0.21,0.49
508951.828000,0.936,-0.348,0.152,0.4,0.85,3.33
508951.890000,0.899,-0.431,0.152,-0.09,-0.46,-0.76
508951.937000,0.87,-0.384,0.143,2.01,-0.73,-5.13
508951.984000,0.904,-0.337,0.136,1.92,-0.09,-2.53
508952.031000,0.911,-0.346,0.142,0.18,1.34,0.89
508952.078000,0.916,-0.378,0.15,0.18,0.55,2.38
508952.125000,0.905,-0.387,0.156,0.12,1.34,1.16
508952.187000,0.908,-0.374,0.146,0.85,-0.76,1.28
508952.250000,0.908,-0.387,0.143,-3.3,-0.15,0.4
508952.296000,0.909,-0.377,0.159,-0.03,-0.12,-0.67
508952.343000,0.911,-0.36,0.137,-1.34,-1.4,-1.86
508952.390000,0.903,-0.37,0.147,2.04,-0.82,0.92
508952.437000,0.896,-0.372,0.14,-3.17,-3.02,-0.37
508952.484000,0.907,-0.374,0.132,-0.76,-1.62,-0.15
508952.531000,0.899,-0.383,0.13,0.89,-1.77,-1.4
508952.578000,0.907,-0.36,0.131,0.37,-0.31,-1.13
508952.625000,0.9,-0.384,0.133,-0.67,-0.95,-0.49
508952.671000,0.91,-0.362,0.138,0.76,-0.37,1.22
508952.718000,0.91,-0.364,0.127,-0.4,-0.12,-0.73
508952.765000,0.92,-0.363,0.124,2.38,2.11,-0.27
508952.812000,0.925,-0.376,0.129,1.37,3.6,-1.31
508952.859000,0.903,-0.358,0.149,2.2,3.23,-2.78
508952.906000,0.895,-0.357,0.145,0.64,0.31,-1.13
508952.953000,0.906,-0.355,0.137,-0.34,-0.52,0.0
508953.000000,0.911,-0.367,0.132,-0.49,-0.46,1.1
508953.046000,0.91,-0.349,0.136,-1.25,0.67,0.67
508953.093000,0.916,-0.373,0.14,-1.28,0.58,1.19
508953.140000,0.918,-0.352,0.133,0.46,1.04,-1.31
508953.187000,0.928,-0.364,0.134,-1.56,1.56,-1.53
508953.234000,0.898,-0.375,0.139,1.43,2.41,-2.17
508953.281000,0.904,-0.348,0.132,-1.77,1.46,-3.42
508953.328000,0.91,-0.366,0.136,0.0,2.11,1.04
508953.375000,0.909,-0.353,0.136,-2.35,0.95,-1.56
508953.421000,0.94,-0.326,0.148,-2.2,-0.24,-1.19
508953.468000,0.949,-0.343,0.136,-5.68,-2.23,-1.1
508953.515000,0.989,-0.332,0.095,-9.43,-2.75,-8.64
508953.562000,1.061,-0.286,0.082,-29.57,-9.67,-12.48
508953.609000,1.237,-0.19,0.068,-72.54,-50.63,-19.23
508953.656000,1.488,0.209,-0.018,-215.55,-131.35,1.46
508953.703000,1.346,0.262,0.091,-146.58,-127.45,77.73
508953.750000,1.256,0.257,0.217,-169.56,-135.87,117.83
508953.796000,1.033,-0.101,0.24,-252.91,-180.58,172.09
508953.843000,0.862,-0.245,-0.109,-310.31,-232.89,189.46
508953.890000,0.198,0.03,-0.407,-355.63,-185.28,190.1
508953.937000,-0.464,0.627,-0.756,-304.39,-145.79,187.72
508953.984000,-1.758,1.925,-1.809,-250.19,-150.82,175.36
508954.031000,-1.018,-0.966,-1.727,-355.42,-18.49,223.85
508954.078000,0.328,0.221,-0.502,119.69,41.2,-90.58
508954.125000,-0.051,1.167,-1.319,-83.44,103.15,-24.72
508954.171000,0.058,0.132,-0.541,142.43,10.53,-21.36
508954.218000,-0.014,0.187,-0.995,88.69,-26.95,-55.97
508954.265000,-0.063,-0.023,-1.219,187.96,-21.94,-89.63
508954.312000,-0.151,0.067,-1.339,250.31,27.74,-112.06
508954.359000,-0.302,-0.076,-1.19,236.24,58.87,-135.01
508954.406000,-0.135,-0.333,-1.143,197.33,24.81,-158.57
508954.453000,0.01,-0.477,-0.964,280.98,74.13,-141.06
508954.500000,0.337,-0.542,-0.524,236.24,41.32,-182.01
508954.546000,0.448,-0.335,-0.474,250.25,63.88,-134.98
508954.593000,0.641,-0.522,-0.447,155.49,29.42,-149.48
508954.640000,0.609,-0.187,-0.191,210.85,97.2,-109.78
508954.687000,0.857,-0.277,-0.159,146.7,70.13,-105.11
508954.734000,0.953,-0.046,-0.047,139.04,133.4,-84.05
508954.781000,1.181,-0.024,0.074,97.51,98.61,-42.73
508954.828000,1.213,0.106,-0.023,-24.51,135.53,-77.55
508954.875000,1.242,-0.089,0.203,11.63,92.99,2.75
508954.921000,1.264,-0.29,0.085,-73.15,80.26,-32.26
508954.968000,1.026,-0.256,0.486,7.48,41.32,22.74
508955.015000,0.942,-0.342,0.347,-19.35,5.77,3.48
508955.062000,0.85,-0.308,0.454,-37.72,-22.16,-4.79
508955.109000,0.902,-0.46,0.297,2.41,-31.68,20.14
508955.156000,0.855,-0.32,0.287,-35.52,-20.75,-21.97
508955.203000,0.867,-0.39,0.267,24.32,-16.24,15.29
508955.250000,0.892,-0.35,0.203,-3.69,-17.21,-6.93
508955.296000,0.865,-0.338,0.282,24.2,-7.05,12.57
508955.343000,0.89,-0.391,0.183,12.88,-9.49,2.75
508955.390000,0.841,-0.361,0.287,-0.27,-10.93,2.5
508955.437000,0.881,-0.419,0.207,11.05,-12.45,11.63
508955.484000,0.875,-0.397,0.234,-1.68,-12.27,1.01
508955.531000,0.888,-0.417,0.192,14.98,-11.66,13.49
508955.578000,0.892,-0.4,0.183,-3.91,-5.89,-4.7
508955.625000,0.88,-0.383,0.192,9.95,-2.78,6.41
508955.671000,0.875,-0.401,0.205,0.24,-2.26,3.81
508955.718000,0.888,-0.401,0.204,0.24,-2.04,4.67
508955.781000,0.884,-0.401,0.211,-0.24,0.61,4.0
508955.828000,0.896,-0.43,0.211,-0.89,0.06,1.98
508955.875000,0.884,-0.392,0.217,1.71,1.13,2.08
508955.921000,0.871,-0.411,0.217,-1.68,-1.4,1.22
508955.968000,0.891,-0.382,0.199,1.59,-0.92,2.29
508956.015000,0.869,-0.39,0.194,-1.71,-0.61,2.81
508956.062000,0.894,-0.409,0.187,1.19,-0.15,2.04
508956.109000,0.891,-0.405,0.207,-1.59,1.89,3.14
508956.171000,0.894,-0.433,0.242,4.03,0.95,3.72
508956.218000,0.889,-0.469,0.224,-7.23,-4.55,-3.23
508956.265000,0.852,-0.471,0.223,3.23,-2.01,-3.11
508956.312000,0.844,-0.426,0.162,-6.5,-8.73,-11.08
508956.359000,0.884,-0.331,0.153,-4.15,-2.62,-6.71
508956.406000,0.882,-0.376,0.212,-0.98,2.5,4.3
508956.453000,0.892,-0.427,0.194,-10.04,-1.5,0.58
508956.500000,0.889,-0.426,0.197,-0.55,1.59,-1.19
508956.546000,0.888,-0.383,0.197,-4.3,0.52,-1.77
508956.593000,0.876,-0.368,0.183,-4.3,0.18,2.32
508956.640000,0.881,-0.416,0.215,-5.55,-1.56,3.85
508956.687000,0.886,-0.444,0.191,-5.86,-4.82,0.52
508956.734000,0.891,-0.387,0.163,-3.39,-2.78,-0.37
508956.796000,0.886,-0.367,0.174,-1.37,-0.85,1.43
508956.843000,0.871,-0.409,0.153,-7.23,-2.62,3.27
508956.890000,0.861,-0.475,0.179,-1.59,-1.43,3.66
508956.937000,0.913,-0.426,0.147,-6.47,-2.69,-4.52
508956.984000,0.903,-0.405,0.154,-3.27,1.77,-2.08
508957.031000,0.892,-0.4,0.178,-3.2,2.38,-6.16
508957.078000,0.885,-0.377,0.149,-6.74,-0.95,-5.68
508957.125000,0.88,-0.355,0.128,-4.55,0.12,-1.77
508957.187000,0.896,-0.362,0.153,-3.45,5.1,2.66
508957.234000,0.895,-0.39,0.184,-4.43,2.87,6.5
508957.281000,0.902,-0.446,0.194,-6.41,-2.23,5.22
508957.328000,0.899,-0.434,0.183,0.34,-4.67,1.19
508957.375000,0.886,-0.41,0.144,-5.4,-8.15,-3.3
508957.421000,0.882,-0.391,0.136,2.75,-6.93,0.46
508957.468000,0.867,-0.385,0.124,-1.01,-4.85,0.73
508957.515000,0.878,-0.424,0.127,2.38,-3.94,5.04
508957.562000,0.881,-0.444,0.11,-0.12,-3.48,2.56
508957.609000,0.886,-0.444,0.121,0.76,0.18,2.75
508957.656000,0.875,-0.418,0.126,1.22,0.82,1.31
508957.703000,0.889,-0.422,0.114,-1.1,1.74,0.34
508957.750000,0.878,-0.434,0.112,-2.11,3.91,0.4
508957.796000,0.874,-0.447,0.099,-8.03,2.29,-1.56
508957.843000,0.884,-0.431,0.08,-6.44,14.5,-8.36
508957.890000,0.862,-0.431,0.142,0.18,20.66,-1.86
508957.937000,0.862,-0.404,0.181,-6.9,17.0,0.7
508957.984000,0.862,-0.425,0.192,-2.26,9.61,4.67
508958.031000,0.869,-0.396,0.182,-3.81,10.28,5.31
508958.078000,0.873,-0.39,0.186,-1.34,10.99,7.9
508958.125000,0.899,-0.408,0.174,-4.15,11.05,7.54
508958.171000,0.919,-0.426,0.181,-0.43,10.99,7.48
508958.218000,0.916,-0.472,0.217,-4.09,7.29,4.21
508958.265000,0.935,-0.462,0.221,-2.66,-3.39,-1.86
508958.312000,0.956,-0.413,0.196,-6.1,-10.19,-8.67
508958.375000,1.052,-0.264,0.158,-15.47,-25.24,-6.04
508958.421000,1.207,-0.085,0.214,-126.96,-79.07,28.11
508958.468000,1.383,0.103,-0.085,-213.57,-157.35,85.7
508958.515000,1.336,0.058,0.005,-405.26,-191.17,60.3
508958.562000,1.327,-0.284,-0.314,-218.12,-242.32,138.86
508958.609000,0.959,-0.29,-0.378,-288.58,-179.78,150.94
508958.656000,0.408,-0.093,-0.624,-239.81,-201.57,175.73
508958.703000,0.01,0.369,-0.607,-282.05,-39.03,137.36
508958.750000,-1.282,1.548,-1.393,-289.59,37.63,157.72
508958.796000,-1.638,-0.138,-1.445,-309.49,39.83,261.57
508958.843000,0.559,-0.408,-0.621,94.42,-22.89,-91.4
508958.906000,0.054,1.54,-1.36,101.05,103.27,-24.87
508958.953000,0.06,0.365,-0.678,123.81,-14.16,1.1
508959.015000,0.188,0.233,-1.33,51.33,-14.68,-48.59
508959.062000,0.0,0.034,-1.026,233.99,38.12,-62.38
508959.109000,-0.08,0.032,-1.314,156.99,37.57,-111.85
508959.156000,-0.112,-0.121,-1.049,213.42,68.24,-121.74
508959.203000,-0.02,-0.295,-1.144,227.73,26.7,-119.3
508959.250000,0.078,-0.4,-0.724,287.79,75.72,-126.44
508959.296000,0.233,-0.485,-0.728,250.01,47.64,-132.45
508959.343000,0.43,-0.413,-0.446,288.22,78.19,-156.13
508959.390000,0.583,-0.178,-0.344,207.8,68.94,-117.95
508959.437000,0.793,-0.332,-0.15,165.07,79.9,-123.91
508959.484000,0.933,-0.02,-0.016,161.78,107.3,-78.46
508959.531000,1.108,-0.013,0.122,99.64,98.15,-79.5
508959.578000,1.207,0.218,0.104,81.12,133.82,-43.64
508959.625000,1.355,0.108,0.016,3.97,96.93,-29.39
508959.671000,1.2,-0.041,0.347,7.81,109.2,33.39
508959.718000,1.06,-0.371,0.368,-37.9,37.45,56.4
508959.765000,1.016,-0.66,0.44,-70.5,-9.31,8.36
508959.812000,0.9,-0.453,0.326,-12.02,-25.18,7.26
508959.859000,0.832,-0.448,0.348,-30.79,-19.78,-20.2
508959.906000,0.815,-0.377,0.278,1.31,-23.22,-7.75
508959.953000,0.832,-0.428,0.257,-6.29,-18.74,-5.43
508960.000000,0.832,-0.4,0.217,23.44,-6.56,-3.75
508960.046000,0.845,-0.391,0.23,6.07,-10.25,2.35
508960.093000,0.846,-0.447,0.273,23.19,-2.59,3.51
508960.140000,0.859,-0.423,0.224,6.07,-10.44,-2.26
508960.187000,0.865,-0.417,0.23,14.89,-7.17,4.12
508960.234000,0.853,-0.444,0.233,6.78,-7.32,2.44
508960.281000,0.871,-0.414,0.225,5.8,-12.15,1.34
508960.328000,0.866,-0.404,0.192,2.17,-10.19,3.17
508960.375000,0.872,-0.468,0.216,6.23,-5.43,3.75
508960.421000,0.875,-0.452,0.192,0.73,-6.96,-3.63
508960.468000,0.872,-0.426,0.217,8.24,-2.04,-1.22
508960.515000,0.871,-0.393,0.194,9.83,-2.41,-2.66
508960.562000,0.872,-0.376,0.223,-1.86,-3.51,2.87
508960.609000,0.863,-0.44,0.216,1.8,-2.69,5.31
508960.656000,0.865,-0.423,0.203,-1.19,-5.98,2.35
508960.703000,0.88,-0.449,0.195,-0.89,-1.83,3.85
508960.750000,0.855,-0.449,0.204,3.51,0.82,-0.09
508960.796000,0.874,-0.405,0.193,0.15,-1.01,0.43
508960.843000,0.86,-0.437,0.187,-1.37,1.43,0.61
508960.906000,0.872,-0.42,0.209,-0.7,0.7,2.35
508960.953000,0.87,-0.451,0.2,-5.1,1.1,0.98
508961.000000,0.864,-0.444,0.205,0.55,0.79,0.34
508961.046000,0.884,-0.424,0.197,-3.36,-1.16,0.4
508961.093000,0.882,-0.441,0.198,-2.66,1.53,-1.8
508961.140000,0.868,-0.419,0.206,0.49,1.16,-0.7
508961.187000,0.871,-0.411,0.198,-5.16,-0.7,-0.03
508961.234000,0.871,-0.463,0.199,-2.11,0.24,2.44
508961.281000,0.867,-0.432,0.209,-0.12,-1.13,1.56
508961.328000,0.882,-0.448,0.193,-3.6,-1.59,-0.12
508961.375000,0.878,-0.452,0.206,-0.34,-1.34,-0.61
508961.421000,0.869,-0.404,0.197,-0.46,-2.93,-1.37
508961.468000,0.866,-0.421,0.193,-2.62,-2.9,0.58
508961.515000,0.864,-0.427,0.204,0.03,-2.04,2.23
508961.562000,0.863,-0.45,0.177,-1.92,-4.33,1.77
508961.609000,0.878,-0.46,0.184,-1.13,-1.43,-0.7
508961.671000,0.882,-0.454,0.148,-4.91,-3.36,-4.27
508961.718000,0.87,-0.424,0.152,-10.99,-0.4,-5.62
508961.765000,0.861,-0.403,0.129,-15.93,2.53,-2.41
508961.812000,0.857,-0.426,0.186,-13.82,6.5,-0.98
508961.859000,0.869,-0.431,0.166,-8.15,6.53,1.98
508961.906000,0.887,-0.453,0.173,-9.74,7.23,0.7
508961.953000,0.883,-0.443,0.174,-4.36,7.02,1.01
508962.000000,0.883,-0.46,0.17,-9.25,4.91,-0.73
508962.046000,0.872,-0.456,0.178,-6.71,6.32,-2.72
508962.093000,0.872,-0.411,0.171,-9.58,4.61,-2.47
508962.140000,0.872,-0.47,0.17,-9.98,5.46,-3.14
508962.187000,0.87,-0.437,0.176,-5.62,7.29,-3.63
508962.234000,0.87,-0.445,0.166,-12.21,3.85,-5.01
508962.281000,0.864,-0.426,0.168,-6.13,7.02,-3.91
508962.328000,0.877,-0.409,0.156,-11.51,6.23,-3.02
508962.375000,0.874,-0.414,0.18,-8.03,9.95,-0.09
508962.421000,0.886,-0.41,0.17,-10.28,6.23,-0.7
508962.468000,0.882,-0.429,0.197,-6.53,6.9,2.2
508962.515000,0.879,-0.415,0.191,-7.02,3.72,-1.34
508962.562000,0.89,-0.395,0.177,-6.5,2.59,2.11
508962.609000,0.892,-0.42,0.196,-2.66,2.62,4.52
508962.656000,0.934,-0.422,0.205,-6.26,-5.62,-0.95
508962.703000,1.016,-0.403,0.158,-22.03,-21.58,-1.25
508962.750000,1.055,-0.358,0.152,-37.11,-36.5,-0.09
508962.796000,1.123,-0.199,0.137,-56.18,-52.19,10.28
508962.843000,1.236,-0.059,0.013,-83.65,-84.72,5.58
508962.890000,1.287,-0.05,0.053,-99.19,-73.4,28.99
508962.937000,1.17,-0.022,-0.035,-155.52,-123.81,74.13
508962.984000,1.125,-0.177,-0.198,-268.56,-112.37,126.35
508963.031000,0.741,-0.189,-0.164,-259.13,-127.14,150.79
508963.078000,0.577,-0.283,-0.408,-290.81,-122.26,173.35
508963.125000,0.086,-0.041,-0.685,-206.4,-58.11,138.71
508963.171000,-0.602,0.331,-0.913,-355.57,4.0,113.8
508963.218000,-0.806,0.656,-1.54,-427.75,-28.6,40.74
508963.281000,-0.159,-1.331,-1.478,-209.08,-132.73,65.13
508963.328000,0.131,1.133,-1.254,242.59,69.67,-104.4
508963.375000,0.123,0.475,-0.613,-81.85,14.83,-23.53
508963.421000,0.247,0.356,-1.124,158.91,-27.5,10.59
508963.468000,0.263,0.173,-1.284,146.34,-2.53,12.42
508963.515000,0.058,-0.154,-1.005,233.65,-7.81,-4.61
508963.562000,0.074,-0.208,-1.371,231.45,-30.61,-34.79
508963.609000,-0.047,-0.376,-0.971,257.06,47.09,-70.38
508963.656000,-0.155,-0.553,-1.065,249.86,-4.0,-120.43
508963.703000,-0.0,-0.645,-0.799,273.93,54.78,-105.17
508963.750000,0.139,-0.829,-0.564,193.73,22.0,-154.82
508963.796000,0.334,-0.578,-0.365,258.77,58.23,-107.91
508963.843000,0.526,-0.639,-0.042,137.15,36.16,-130.8
508963.890000,0.748,-0.319,-0.067,164.28,35.49,-112.74
508963.937000,0.922,-0.318,-0.007,50.9,32.75,-111.79
508963.984000,1.042,-0.023,-0.064,88.26,54.69,-78.98
508964.031000,1.008,0.054,0.008,-22.25,67.54,-66.5
508964.078000,1.095,0.028,0.214,56.22,97.2,13.46
508964.125000,1.109,-0.137,0.181,-91.68,60.49,-9.13
508964.171000,1.101,-0.272,0.292,-34.42,70.74,27.89
508964.218000,1.1,-0.487,0.181,-46.94,38.45,24.81
508964.265000,0.967,-0.506,0.341,-44.74,41.66,-0.67
508964.312000,0.877,-0.516,0.299,-5.28,31.62,8.7
508964.359000,0.826,-0.503,0.376,-38.61,15.87,-16.17
508964.406000,0.803,-0.471,0.368,25.82,2.26,7.11
508964.453000,0.833,-0.47,0.326,-6.87,-12.88,-11.17
508964.500000,0.836,-0.441,0.349,30.06,-7.08,0.76
508964.546000,0.843,-0.443,0.323,16.45,-17.09,-2.35
508964.593000,0.84,-0.489,0.346,30.88,-23.65,6.2
508964.640000,0.861,-0.487,0.266,12.54,-34.21,-6.26
508964.687000,0.844,-0.516,0.3,13.92,-31.07,-5.65
508964.734000,0.856,-0.519,0.23,30.73,-29.11,-6.13
508964.781000,0.857,-0.505,0.274,10.96,-30.27,-12.67
508964.828000,0.826,-0.441,0.185,20.08,-28.9,-16.08
508964.875000,0.815,-0.359,0.095,11.93,-25.67,-9.46
508964.921000,0.812,-0.393,0.102,9.31,-19.99,0.24
508964.968000,0.845,-0.475,0.107,4.88,-7.69,7.26
508965.015000,0.852,-0.482,0.112,-5.22,-4.43,5.22
508965.062000,0.851,-0.484,0.148,-3.57,4.12,4.0
508965.109000,0.871,-0.465,0.157,-6.26,6.1,2.44
508965.156000,0.867,-0.408,0.176,-5.1,9.52,1.62
508965.203000,0.87,-0.44,0.2,-13.03,7.75,1.53
508965.250000,0.873,-0.408,0.19,-4.36,8.76,2.87
508965.296000,0.879,-0.418,0.194,-11.05,7.81,2.17
508965.343000,0.876,-0.465,0.215,0.24,7.75,3.94
508965.390000,0.873,-0.427,0.213,-1.46,3.69,2.04
508965.437000,0.868,-0.461,0.214,-1.86,1.98,1.53
508965.484000,0.871,-0.418,0.208,2.75,0.34,0.58
508965.531000,0.893,-0.43,0.191,2.14,-2.29,4.3
508965.578000,0.878,-0.476,0.237,2.01,-0.06,1.92
508965.625000,0.864,-0.491,0.209,3.39,-6.04,-0.76
508965.671000,0.853,-0.489,0.199,-1.92,-6.78,-5.89
508965.718000,0.825,-0.453,0.153,3.6,-7.08,-3.72
508965.765000,0.856,-0.363,0.105,-2.78,-3.81,-4.09
508965.812000,0.922,-0.365,0.165,12.85,6.56,11.96
508965.859000,0.928,-0.455,0.186,-3.78,4.64,7.08
508965.906000,0.867,-0.558,0.238,0.15,3.33,2.38
508965.953000,0.798,-0.61,0.238,-4.73,-0.55,-8.85
508966.000000,0.773,-0.461,0.153,-8.79,-5.49,-15.14
508966.046000,0.847,-0.33,0.104,-0.98,2.5,-4.33
508966.093000,0.907,-0.316,0.152,-6.84,10.16,2.08
508966.140000,0.928,-0.42,0.207,-4.03,11.93,10.22
508966.187000,0.874,-0.517,0.267,-6.84,4.79,-0.12
508966.234000,0.849,-0.477,0.217,-1.46,-2.72,-4.67
508966.281000,0.864,-0.369,0.168,-0.58,-2.08,-3.51
508966.328000,0.879,-0.393,0.173,0.0,0.89,6.96
508966.375000,0.889,-0.46,0.212,-0.21,-0.24,6.1
508966.421000,0.844,-0.518,0.228,1.92,-4.97,0.85
508966.468000,0.861,-0.433,0.177,4.91,-8.82,-5.04
508966.515000,0.889,-0.363,0.16,7.05,-4.15,1.4
508966.562000,0.878,-0.457,0.19,4.67,-3.51,3.08
508966.609000,0.871,-0.461,0.201,6.16,-6.01,0.82
508966.656000,0.852,-0.459,0.166,3.91,-8.15,0.37
508966.703000,0.868,-0.437,0.137,5.22,-5.22,1.04
508966.750000,0.865,-0.449,0.163,4.21,-2.96,3.48
508966.812000,0.868,-0.495,0.176,2.11,-2.84,0.92
508966.859000,0.877,-0.473,0.171,2.35,-3.02,-3.97
508966.906000,0.867,-0.45,0.151,1.86,-4.24,-4.33
508966.953000,0.866,-0.434,0.156,0.31,-2.35,-3.48
508967.000000,0.869,-0.409,0.159,1.37,-1.46,-0.58
508967.046000,0.866,-0.465,0.149,-1.46,-1.31,0.21
508967.093000,0.872,-0.452,0.163,1.98,-0.7,-1.56
508967.140000,0.871,-0.424,0.129,-4.82,0.46,-2.9
508967.187000,0.864,-0.44,0.158,-4.76,0.92,-1.25
508967.234000,0.868,-0.43,0.137,-1.59,0.67,3.2
508967.281000,0.879,-0.462,0.153,-2.08,1.89,2.87
508967.328000,0.883,-0.47,0.152,-1.01,2.47,0.76
508967.375000,0.885,-0.449,0.155,0.18,2.62,-1.92
508967.421000,0.87,-0.435,0.152,-1.13,2.11,-2.38
508967.468000,0.871,-0.427,0.162,0.49,1.83,-0.95
508967.515000,0.873,-0.426,0.163,-2.38,1.31,0.89
508967.562000,0.865,-0.453,0.165,-0.21,1.98,1.5
508967.609000,0.875,-0.443,0.167,0.61,1.1,1.16
508967.656000,0.873,-0.428,0.154,-0.34,0.64,2.44
508967.718000,0.875,-0.479,0.171,0.61,1.62,2.04
508967.765000,0.873,-0.456,0.164,0.15,-0.09,-1.37
508967.812000,0.878,-0.43,0.156,-0.43,0.58,-1.74
508967.859000,0.87,-0.436,0.165,-0.82,0.7,0.27
508967.906000,0.868,-0.438,0.163,-1.62,0.15,1.83
508967.953000,0.866,-0.475,0.169,-2.53,0.06,1.37
508968.000000,0.872,-0.448,0.161,-0.09,-0.49,0.67
508968.046000,0.873,-0.439,0.149,-1.43,1.13,0.09
508968.093000,0.867,-0.441,0.169,0.0,2.11,1.07
508968.140000,0.872,-0.46,0.157,-1.28,-0.12,1.83
508968.187000,0.865,-0.456,0.16,-1.31,1.34,0.7
508968.234000,0.867,-0.45,0.165,-1.77,0.49,1.34
508968.281000,0.873,-0.46,0.157,0.49,0.55,1.74
508968.328000,0.865,-0.461,0.17,-1.92,0.61,0.46
508968.375000,0.864,-0.456,0.157,-2.81,-0.61,1.13
508968.421000,0.867,-0.454,0.151,0.34,0.09,1.59
508968.468000,0.871,-0.449,0.163,-0.49,0.92,0.03
508968.515000,0.871,-0.469,0.152,-1.13,0.18,0.85
508968.562000,0.861,-0.488,0.164,0.4,0.31,-1.59
508968.609000,0.862,-0.444,0.146,-0.98,0.76,-3.69
508968.656000,0.859,-0.432,0.15,-1.65,2.26,-0.73
508968.703000,0.855,-0.442,0.16,-1.1,2.32,0.55
508968.750000,0.873,-0.433,0.163,-0.55,3.02,1.95
508968.796000,0.859,-0.457,0.17,-0.27,3.72,3.11
508968.843000,0.865,-0.419,0.171,-0.03,4.09,4.43
508968.890000,0.865,-0.26,0.091,-10.56,6.47,6.71
508968.937000,0.903,-0.238,-0.22,-34.55,49.01,12.7
508968.984000,0.896,-0.161,-0.162,-83.77,128.3,29.6
508969.031000,1.008,-0.476,-0.106,-33.57,146.4,137.97
508969.078000,0.486,-0.519,1.403,147.34,151.07,240.61
508969.125000,-0.191,-0.346,2.12,226.08,37.6,267.16
508969.171000,-0.265,-0.209,1.296,65.49,-125.31,152.47
508969.218000,-0.292,-0.985,0.479,21.82,-176.37,191.2
508969.265000,0.226,-1.938,-0.615,7.54,-151.59,127.23
508969.312000,0.441,-1.891,-1.045,-73.31,-25.06,8.61
508969.359000,0.298,-1.098,-0.359,-0.27,64.0,-46.82
508969.406000,0.418,-0.332,1.1,-45.78,154.7,-73.92
508969.453000,0.092,0.08,2.074,24.96,28.14,-9.13
508969.500000,0.119,-0.526,0.938,19.75,-131.29,76.02
508969.546000,0.306,-1.522,-0.234,31.65,-126.35,81.73
508969.593000,0.566,-1.504,0.142,-66.87,126.83,12.09
508969.640000,0.049,-0.86,-0.262,80.94,64.39,5.52
508969.687000,0.396,-0.671,0.53,-63.63,99.09,-38.18
508969.734000,0.086,-0.265,1.58,11.81,145.12,-18.95
508969.781000,-0.1,-0.105,2.03,11.69,46.6,-5.31
508969.828000,-0.017,-0.466,1.179,1.83,-119.39,52.77
508969.875000,0.186,-1.415,-0.117,-10.68,-166.97,84.38
508969.921000,0.5,-1.284,-0.249,-90.52,76.48,8.61
508969.968000,0.214,-0.969,-0.11,103.55,30.85,14.83
508970.015000,0.446,-0.735,0.691,15.41,73.85,-8.42
508970.062000,0.1,-0.335,1.476,52.58,134.19,-44.43
508970.109000,-0.358,0.1,1.814,15.05,-22.64,-11.6
508970.156000,-0.167,-0.482,1.025,-23.68,-139.65,58.96
508970.203000,0.068,-1.691,-0.682,-33.33,-142.98,55.67
508970.250000,0.187,-1.342,0.329,68.0,134.43,34.67
508970.296000,0.181,-0.846,0.127,22.71,32.81,13.18
508970.343000,0.267,-0.668,0.884,-12.7,93.51,-22.06
508970.390000,-0.122,-0.226,1.693,18.74,104.92,-45.32
508970.437000,-0.188,-0.137,1.702,20.42,-37.84,14.74
508970.484000,-0.015,-0.63,0.924,-15.66,-119.69,56.61
508970.531000,0.114,-1.409,-0.048,-44.16,-137.24,49.32
508970.578000,0.375,-1.475,0.103,40.8,161.14,37.51
508970.625000,0.038,-0.936,0.075,4.88,39.98,-25.82
508970.671000,0.135,-0.629,0.839,-36.01,104.31,-59.42
508970.718000,-0.019,-0.35,1.485,16.27,106.17,-53.9
508970.765000,-0.114,-0.097,1.816,16.66,-1.56,-17.58
508970.812000,-0.083,-0.542,0.941,-26.95,-146.06,56.12
508970.859000,1.986,-0.887,-0.386,-15.47,11.69,0.52
508970.906000,-0.565,-1.164,-0.722,64.97,-32.26,-54.75
508970.953000,0.228,-0.775,-0.075,-33.88,36.04,-14.04
508971.000000,0.214,-0.481,1.241,23.68,123.97,-25.85
508971.046000,-0.138,-0.139,1.789,42.94,73.31,-26.09
508971.093000,-0.26,-0.117,1.62,2.23,-57.28,19.59
508971.140000,-0.115,-0.885,0.383,-12.73,-155.86,89.45
508971.187000,0.465,-1.046,0.805,103.7,114.6,81.97
508971.234000,-0.026,-1.266,0.123,-15.78,56.25,-28.93
508971.281000,0.254,-0.866,0.439,-10.56,45.59,-18.56
508971.328000,0.008,-0.459,1.423,16.27,117.74,-35.71
508971.375000,-0.258,-0.297,1.9,-1.77,25.09,-24.96
508971.421000,-0.118,-0.699,0.857,-18.07,-149.63,53.04
508971.468000,-0.511,-1.179,-1.114,-26.7,-113.65,23.1
508971.515000,-0.585,-1.523,-0.728,73.76,-51.24,-11.96
508971.578000,0.323,-0.838,0.068,6.13,22.83,-6.9
508971.625000,0.192,-0.549,1.064,10.28,117.1,-54.51
508971.671000,-0.224,-0.229,1.697,55.15,80.08,-17.15
508971.718000,-0.376,-0.398,1.509,4.15,-77.24,32.29
508971.765000,-0.03,-1.057,0.332,-52.28,-173.19,45.14
508971.812000,0.561,-1.809,1.95,-131.38,172.95,-9.13
508971.859000,0.144,-0.964,-0.075,68.15,-4.49,27.19
508971.906000,0.381,-0.832,0.304,1.86,51.91,-18.68
508971.953000,-0.055,-0.495,1.132,10.28,113.71,-34.67
508972.000000,-0.16,-0.393,1.475,26.8,42.33,-0.27
508972.046000,-0.237,-0.417,1.349,-4.52,-53.53,11.29
508972.093000,-0.031,-0.809,0.523,-68.85,-143.71,41.66
508972.140000,0.847,-2.389,2.528,-187.78,253.36,15.93
508972.187000,-0.009,-1.269,0.387,59.76,-18.8,62.04
508972.234000,0.305,-1.005,0.303,-6.56,23.32,-5.92
508972.281000,-0.002,-0.544,1.226,26.15,80.39,-33.75
508972.328000,-0.252,-0.324,1.574,5.89,2.62,-15.08
508972.375000,-0.309,-0.398,1.285,-13.12,-96.29,21.24
508972.421000,-0.069,-0.881,0.403,-61.8,-171.97,53.53
508972.468000,-0.387,-0.901,-0.795,98.7,-72.97,-18.4
508972.515000,0.045,-1.042,0.007,15.72,-18.65,18.25
508972.562000,0.19,-0.742,0.601,-21.21,87.37,-56.25
508972.609000,-0.051,-0.417,1.445,36.53,67.54,-15.41
508972.656000,-0.185,-0.285,1.591,2.72,2.23,-12.82
508972.703000,-0.215,-0.549,0.997,-44.89,-120.55,33.23
508972.750000,1.402,-1.736,-1.186,47.61,-39.74,30.76
508972.796000,-0.691,-1.482,-0.976,138.04,-47.3,-15.72
508972.843000,0.105,-0.879,-0.095,44.5,5.07,13.25
508972.890000,0.246,-0.79,0.398,-23.68,74.01,-39.46
508972.937000,-0.126,-0.499,1.377,40.1,92.68,-20.75
508972.984000,-0.162,-0.332,1.612,52.58,12.33,8.09
508973.031000,-0.284,-0.5,1.14,-35.0,-114.75,35.65
508973.078000,0.006,-1.146,-0.049,-56.34,-178.26,52.22
508973.125000,-0.624,-1.129,-0.63,145.63,-75.14,-15.35
508973.171000,0.183,-1.174,0.189,45.93,5.95,54.54
508973.218000,0.205,-0.909,0.352,-12.57,69.25,-39.16
508973.265000,-0.018,-0.646,1.157,-1.01,110.66,-54.69
508973.312000,-0.221,-0.365,1.578,33.63,-2.14,-0.24
508973.359000,-0.304,-0.447,1.282,-23.29,-87.8,11.35
508973.406000,-0.443,-0.812,-0.797,-43.86,-149.08,30.52
508973.453000,-0.027,-1.288,-0.005,-105.78,-48.59,-3.94
508973.500000,0.046,-1.092,0.071,30.88,12.09,16.54
508973.546000,0.333,-0.822,0.413,-28.02,74.1,-40.68
508973.593000,-0.052,-0.567,1.299,27.13,117.28,-35.04
508973.640000,-0.326,-0.328,1.681,16.94,-26.15,3.36
508973.687000,-0.297,-0.513,1.117,-30.88,-136.88,31.89
508973.734000,1.374,-1.926,-1.017,-55.12,-92.68,47.24
508973.781000,-0.516,-1.144,-0.826,156.9,-42.97,-36.16
508973.828000,0.117,-0.906,-0.139,28.5,-4.33,28.14
508973.875000,0.247,-0.833,0.604,-31.62,93.57,-31.07
508973.921000,-0.127,-0.597,1.478,36.59,68.12,-9.58
508973.968000,-0.251,-0.408,1.424,9.95,-35.89,2.44
508974.015000,-0.292,-0.531,0.988,-47.82,-148.29,28.72
508974.062000,-0.09,-1.426,0.202,-121.86,-35.98,15.96
508974.109000,-0.003,-1.341,0.239,-23.68,10.74,43.76
508974.156000,0.239,-0.972,-0.064,5.04,22.43,-6.71
508974.203000,0.134,-0.714,0.964,26.4,102.54,-21.3
508974.250000,-0.06,-0.468,1.418,79.44,56.0,8.42
508974.296000,-0.284,-0.318,1.529,6.59,-35.98,9.46
508974.343000,-0.208,-0.79,0.664,-35.83,-160.13,61.53
508974.390000,0.633,-0.899,1.099,94.52,52.8,49.53
508974.437000,-0.417,-1.336,0.311,-27.47,154.61,-5.19
508974.484000,0.015,-0.859,0.329,26.58,16.48,-17.09
508974.531000,0.067,-0.583,0.969,29.63,104.98,-46.72
508974.578000,-0.232,-0.282,1.657,17.24,77.06,-60.73
508974.625000,-0.264,-0.225,1.498,-11.05,-74.68,13.64
508974.671000,-0.053,-0.726,0.585,-75.26,-161.2,46.45
508974.718000,0.815,-1.882,1.854,-162.39,207.86,-11.69
508974.765000,-0.037,-1.126,0.389,17.12,11.87,44.13
508974.812000,0.208,-0.971,0.214,12.15,34.0,-9.46
508974.859000,0.062,-0.519,1.054,49.71,97.23,-18.62
508974.906000,-0.193,-0.189,1.646,50.51,33.88,1.5
508974.953000,-0.433,-0.481,1.348,-9.22,-105.72,56.49
508975.000000,-0.534,-1.409,-0.438,-45.75,-189.03,68.09
508975.062000,-0.278,-1.454,-0.279,10.86,-33.11,-55.21
508975.109000,-0.079,-0.879,0.12,9.4,-5.98,13.49
508975.156000,0.21,-0.775,0.608,-2.08,54.08,-26.8
508975.203000,-0.083,-0.416,1.413,22.06,111.27,-42.97
508975.250000,-0.294,-0.26,1.822,44.74,39.64,-3.33
508975.312000,-0.274,-0.577,1.042,-78.95,-133.7,24.75
508975.359000,0.347,-1.774,0.548,-162.18,64.09,-74.56
508975.406000,-0.752,-1.297,-0.252,89.6,20.81,63.69
508975.453000,0.047,-1.098,-0.105,45.99,-2.99,35.71
508975.515000,0.119,-0.633,0.888,35.98,130.86,-48.01
508975.578000,-0.385,-0.246,1.848,21.7,9.37,5.1
508975.625000,-0.434,-0.541,1.114,-48.34,-146.98,34.27
508975.671000,-0.2,-1.184,1.198,-138.92,90.06,-87.47
508975.718000,-0.95,-1.039,-0.691,130.62,-36.29,-15.08
508975.781000,0.147,-0.983,0.108,-7.11,33.08,-23.26
508975.828000,-0.079,-0.518,1.189,37.08,119.6,-54.57
508975.875000,-0.225,-0.2,1.699,72.79,64.7,-22.83
508975.921000,-0.443,-0.241,1.614,-11.96,-79.78,16.69
508975.968000,-0.205,-0.946,0.48,-45.11,-175.08,69.49
508976.015000,0.474,-1.207,2.074,-158.36,190.37,-74.31
508976.062000,-0.065,-1.095,0.334,49.13,37.81,44.98
508976.109000,0.093,-0.888,0.293,24.45,45.29,-19.23
508976.156000,-0.009,-0.487,1.139,-7.57,118.14,-74.74
508976.203000,-0.285,-0.17,1.734,81.0,39.52,11.54
508976.250000,-0.443,-0.344,1.463,-13.76,-85.88,32.26
508976.296000,-0.274,-0.834,0.668,-42.21,-164.71,57.83
508976.343000,0.983,-1.725,1.721,-247.23,190.68,-8.39
508976.390000,-0.09,-0.97,0.445,23.04,13.61,23.83
508976.437000,0.174,-0.81,0.538,30.79,44.28,-28.41
508976.484000,-0.078,-0.259,1.405,10.59,93.39,-70.01
508976.531000,-0.246,-0.081,1.596,29.91,-5.19,4.15
508976.578000,-0.316,-0.582,1.013,-41.78,-118.05,51.91
508976.625000,1.277,-2.005,-0.749,23.29,-66.44,56.76
508976.671000,-0.636,-0.938,0.027,-5.62,43.0,-20.39
508976.718000,0.171,-1.041,0.531,6.87,-1.8,8.7
508976.781000,0.106,-0.646,0.955,14.16,111.15,-88.47
508976.828000,-0.373,-0.227,1.567,8.76,16.88,-51.48
508976.875000,-0.448,-0.43,1.201,-52.77,-132.94,0.37
508976.921000,1.277,-1.247,-0.634,87.86,-196.51,-66.26
508976.968000,0.088,-1.644,-0.178,-208.04,41.38,-54.69
508977.015000,0.371,-1.441,-0.141,-192.3,82.55,-223.49
508977.062000,0.287,-1.169,0.521,-223.58,170.35,-267.25
508977.109000,-0.137,-1.025,1.43,-184.45,106.45,-257.06
508977.156000,-0.219,-0.371,1.325,-154.48,-60.43,-260.84
508977.203000,0.018,0.103,0.583,-77.3,-244.24,-137.97
508977.250000,1.047,0.532,-0.692,-60.61,-370.31,-110.78
508977.296000,1.202,-0.113,-1.123,44.01,66.07,-28.08
508977.343000,0.794,-0.538,-0.585,-175.48,148.35,-29.36
508977.390000,0.604,-0.305,-0.095,-20.29,126.77,33.08
508977.437000,0.312,-0.861,0.753,27.01,133.55,80.23
508977.484000,0.055,-0.972,1.388,-14.4,32.32,0.43
508977.531000,0.377,-0.642,0.313,31.74,-242.26,-44.83
508977.578000,0.829,-0.124,-1.459,-75.05,-326.18,-123.11
508977.625000,0.882,-0.215,-0.932,64.46,104.46,60.7
508977.671000,0.705,-0.185,-0.711,-36.68,107.55,22.61
508977.718000,0.725,-0.482,-0.29,52.4,123.29,84.32
508977.765000,0.374,-0.937,0.767,19.9,146.37,64.06
508977.812000,-0.004,-0.991,1.381,21.18,-13.55,9.16
508977.859000,0.095,-0.57,0.523,-1.83,-238.07,-38.82
508977.906000,0.814,-0.028,-2.941,-232.64,-323.28,-102.05
508977.953000,0.618,0.354,-1.838,-25.97,100.83,11.05
508978.000000,0.703,-0.258,-0.693,-13.34,91.95,18.71
508978.046000,0.744,-0.668,-0.211,25.45,109.5,87.68
508978.093000,0.328,-0.962,0.783,20.11,125.58,41.02
508978.140000,-0.011,-0.985,1.302,72.36,34.76,22.22
508978.203000,0.191,-0.504,0.428,-7.2,-257.12,-40.25
508978.250000,2.867,0.99,-0.885,-138.55,-154.42,-87.37
508978.296000,0.738,0.17,-1.424,-68.85,87.83,-18.37
508978.343000,0.723,-0.44,-0.531,49.26,108.49,48.43
508978.390000,0.648,-0.78,0.176,33.42,141.3,78.71
508978.437000,0.141,-0.846,1.117,42.3,124.12,25.7
508978.484000,-0.055,-0.828,1.262,24.05,-81.39,5.83
508978.531000,0.11,-0.657,0.443,4.39,-244.03,-27.62
508978.578000,2.763,0.623,-0.564,-152.29,-73.4,-118.99
508978.625000,0.714,0.143,-1.284,-77.33,71.93,40.35
508978.671000,0.729,-0.476,-0.586,52.13,90.7,47.03
508978.718000,0.414,-0.982,0.711,41.54,134.8,62.47
508978.765000,0.115,-0.93,1.283,65.16,70.22,19.07
508978.812000,-0.014,-0.744,0.947,-1.4,-133.98,-20.75
508978.859000,0.551,-0.511,-0.931,-45.72,-285.62,-77.15
508978.906000,0.981,-0.321,-0.846,-82.25,54.75,4.67
508978.953000,0.789,-0.952,-0.546,-46.42,87.56,43.03
508979.000000,0.746,-0.594,-0.428,31.92,98.94,50.78
508979.046000,0.428,-1.053,0.597,29.11,152.96,40.1
508979.093000,0.058,-0.924,1.267,28.53,43.64,-6.56
508979.140000,0.017,-0.736,0.895,10.25,-155.34,-28.9
508979.187000,0.449,-0.53,-0.063,-17.15,-268.2,-60.24
508979.234000,1.074,-0.34,-1.107,46.17,64.7,25.73
508979.281000,0.806,-0.822,-0.287,-98.3,71.32,48.49
508979.328000,0.725,-0.654,-0.271,41.78,93.11,79.99
508979.375000,0.428,-1.011,0.682,-2.29,124.52,54.66
508979.421000,0.044,-1.025,1.336,50.33,19.32,23.29
508979.468000,0.091,-0.737,0.701,8.42,-182.16,-14.31
508979.515000,1.282,0.88,-0.962,-467.94,-306.8,-80.66
508979.562000,0.349,0.002,-1.346,-46.17,23.5,-20.84
508979.609000,0.696,-0.404,-0.487,45.05,77.73,54.14
508979.656000,0.579,-0.894,0.324,102.69,107.85,120.64
508979.703000,0.043,-0.941,1.199,67.69,83.35,37.78
508979.750000,-0.089,-0.888,1.247,42.51,-15.9,18.46
508979.796000,0.147,-0.73,0.398,-25.15,-211.49,-23.93
508979.843000,1.806,-0.982,0.384,-258.03,44.01,-108.1
508979.890000,0.588,-0.147,-0.894,-87.01,14.89,23.77
508979.937000,0.671,-0.636,-0.361,64.55,99.22,40.56
508979.984000,0.446,-0.939,0.615,141.18,122.56,118.26
508980.031000,0.019,-0.81,1.186,111.18,50.87,44.77
508980.078000,-0.114,-0.618,1.178,-13.58,-68.76,-13.76
508980.125000,0.239,-0.674,0.073,-23.53,-244.94,25.94
508980.171000,1.389,-1.841,0.605,414.5,92.35,-35.98
508980.218000,0.631,-0.849,-0.636,76.33,64.09,78.95
508980.265000,0.476,-0.779,0.132,128.12,84.14,92.59
508980.312000,0.19,-0.867,0.837,128.48,132.51,66.23
508980.359000,-0.16,-0.635,1.344,-10.59,3.2,-23.26
508980.406000,-0.181,-0.623,1.183,-102.05,-119.36,-35.83
508980.453000,0.873,-1.142,-0.277,-146.12,-282.2,-33.6
508980.500000,0.597,-0.581,-0.728,7.78,-16.57,-6.32
508980.546000,0.613,-1.012,-1.061,39.74,12.73,56.12
508980.593000,0.426,-0.795,0.127,-60.03,112.55,-20.87
508980.640000,0.232,-1.074,1.03,-1.77,124.58,-5.22
508980.687000,-0.068,-0.872,1.314,-12.12,-5.1,-62.56
508980.750000,0.322,-0.621,-0.229,-30.03,-261.48,-82.06
508980.796000,1.101,-0.398,-0.591,329.08,160.86,39.58
508980.843000,0.559,-0.81,-0.705,-28.38,75.44,-0.61
508980.890000,0.713,-0.592,-0.294,6.47,72.39,33.78
508980.937000,0.367,-1.083,0.968,27.28,148.14,59.88
508980.984000,-0.026,-1.043,1.397,26.7,-7.08,4.58
508981.031000,0.048,-0.918,0.7,-8.03,-189.21,-29.24
508981.078000,2.424,-0.348,0.473,-138.25,41.38,-104.46
508981.125000,0.716,-0.584,-1.416,-0.31,38.82,-6.35
508981.171000,0.494,-0.478,-0.746,-18.65,109.1,-22.77
508981.218000,0.64,-0.739,-0.018,26.92,104.07,69.77
508981.265000,0.374,-1.081,0.785,19.81,153.39,40.59
508981.312000,0.009,-1.061,1.314,63.84,35.43,11.08
508981.359000,0.18,-0.771,0.717,30.27,-169.23,-39.86
508981.406000,0.42,-0.765,-1.821,-212.41,-307.93,-68.06
508981.453000,1.015,-0.689,-1.238,118.14,65.83,-29.69
508981.500000,0.598,-0.588,-0.509,-30.49,93.3,-4.73
508981.546000,0.643,-0.688,0.241,-19.65,126.77,45.75
508981.593000,0.378,-0.806,0.789,-1.43,139.16,45.35
508981.640000,0.068,-0.638,1.353,-8.73,45.32,13.25
508981.687000,-0.172,-0.505,0.997,-5.92,-183.75,41.41
508981.734000,0.402,0.32,-2.082,-120.73,-355.57,20.48
508981.781000,0.336,-0.389,-0.375,-118.11,83.5,75.08
508981.843000,0.681,-1.163,-0.763,40.86,80.11,76.27
508981.890000,0.551,-1.083,-0.004,-39.16,108.62,48.65
508981.937000,0.058,-1.272,0.915,29.15,132.27,35.4
508981.984000,-0.255,-1.341,1.129,19.84,-49.56,-36.44
508982.031000,-0.157,-0.983,0.443,64.18,-156.38,-71.2
508982.078000,0.468,-0.697,-0.986,-43.58,-267.74,-113.04
508982.125000,0.369,-0.491,-0.505,-82.16,53.5,34.3
508982.171000,0.303,-0.711,-0.74,-40.07,65.4,-1.25
508982.218000,0.546,-0.735,-0.063,-18.98,74.13,14.65
508982.265000,0.258,-1.118,0.894,-10.86,108.77,9.92
508982.312000,0.028,-1.192,1.116,57.47,7.02,4.24
508982.359000,-0.035,-0.84,0.574,31.28,-154.82,-39.98
508982.406000,0.496,-0.269,-0.434,-17.61,-252.33,-66.84
508982.453000,0.522,-0.128,-0.585,94.42,93.48,35.16
508982.515000,0.505,-0.746,-0.721,-17.49,28.66,5.83
508982.562000,0.705,-0.907,0.012,-49.23,75.84,26.22
508982.609000,0.321,-1.283,0.881,23.93,129.58,33.72
508982.656000,0.063,-1.179,1.093,40.47,-4.94,-18.01
508982.703000,0.087,-1.009,0.588,43.18,-135.78,-38.91
508982.750000,1.529,0.34,-1.028,-157.87,-304.76,-123.84
508982.812000,0.374,-0.281,-0.847,-76.48,-124.58,38.82
508982.859000,0.646,-0.575,-0.418,11.02,80.2,-1.07
508982.906000,0.6,-0.71,0.154,-19.5,107.91,24.78
508982.953000,0.187,-1.049,1.019,47.27,106.97,41.54
508983.000000,0.009,-1.034,1.216,1.04,-0.06,-27.19
508983.046000,0.232,-0.858,0.08,-16.72,-218.27,-56.52
508983.093000,1.831,0.127,-1.027,-235.11,-242.13,-93.2
508983.140000,0.303,-0.062,-0.895,-83.86,-84.99,3.66
508983.187000,0.715,-0.846,-0.331,-14.65,72.91,3.51
508983.234000,0.653,-1.162,0.346,7.51,127.99,12.76
508983.281000,0.276,-1.017,1.042,59.94,23.8,-32.29
508983.328000,0.167,-0.754,0.837,34.76,-74.37,-69.95
508983.375000,0.627,-0.506,-0.233,-10.47,-242.29,-99.58
508983.421000,1.405,-0.668,-0.515,414.84,175.27,-97.84
508983.468000,0.769,-0.609,-0.844,78.01,-38.21,40.31
508983.515000,0.802,-0.491,-0.371,-1.77,90.15,-73.73
508983.562000,0.619,-0.405,0.321,-12.02,117.53,-36.04
508983.609000,0.353,-0.63,0.809,53.16,104.74,17.4
508983.656000,0.2,-0.487,1.179,52.92,40.44,-22.16
508983.703000,0.524,-0.3,0.517,-0.52,-180.12,-29.82
508983.750000,1.529,-0.501,-2.148,-383.98,-231.73,-79.32
508983.796000,0.817,-0.17,-0.354,-49.1,-2.56,-28.35
508983.843000,0.947,-0.525,-0.452,-2.32,46.48,15.63
508983.890000,0.846,-0.518,0.221,-16.75,101.05,20.66
508983.937000,0.509,-0.661,0.879,19.81,125.34,31.28
508983.984000,0.155,-0.61,1.35,33.05,17.18,2.84
508984.031000,0.31,-0.443,0.651,17.73,-217.02,-11.41
508984.078000,1.588,0.803,-1.958,-458.33,-234.6,-81.36
508984.125000,0.723,0.049,-0.916,-29.36,-82.34,-6.71
508984.171000,0.888,-0.625,-0.424,-35.89,53.16,39.28
508984.218000,0.82,-0.553,0.206,-30.43,109.93,21.3
508984.265000,0.434,-0.729,1.093,21.7,126.04,44.95
508984.312000,0.16,-0.634,1.321,36.93,-2.38,7.72
508984.359000,0.365,-0.455,0.584,14.95,-228.71,-12.05
508984.406000,2.256,-0.739,-0.269,138.0,245.64,-42.27
508984.453000,0.877,-0.446,-0.359,-157.81,-43.28,42.39
508984.500000,0.865,-0.434,-0.294,22.61,73.76,32.93
508984.546000,0.714,-0.699,0.515,-6.26,112.06,61.37
508984.593000,0.27,-0.801,1.223,57.65,97.72,53.87
508984.640000,0.124,-0.757,1.217,22.86,-57.1,13.0
508984.687000,0.442,-0.575,0.425,12.21,-213.66,-9.06
508984.734000,1.067,0.404,0.137,2.5,116.15,10.16
508984.781000,0.818,-0.532,-0.347,-36.56,-3.33,35.4
508984.828000,0.883,-0.668,0.22,3.78,104.4,33.94
508984.875000,0.471,-0.816,0.956,6.23,111.39,39.83
508984.921000,0.17,-0.708,1.194,55.6,9.31,19.07
508984.968000,0.241,-0.593,0.597,16.57,-192.94,12.94
508985.015000,1.549,-1.354,-0.6,151.77,205.6,-41.75
508985.062000,0.696,-0.159,-0.324,-122.29,-59.76,18.8
508985.109000,0.875,-0.549,-0.155,54.69,77.0,62.99
508985.156000,0.589,-0.809,0.602,14.71,113.96,66.62
508985.203000,0.212,-0.885,1.081,65.16,84.2,55.6
508985.250000,0.133,-0.795,1.042,-30.55,-51.24,-33.48
508985.296000,0.502,-0.69,0.075,-18.13,-221.47,-25.18
508985.343000,0.982,-0.767,-0.013,46.63,21.27,8.09
508985.390000,0.656,-0.841,-0.076,-70.62,12.67,24.99
508985.437000,0.709,-0.632,0.139,33.69,80.29,34.06
508985.484000,0.436,-0.78,0.836,34.24,111.0,56.89
508985.531000,0.033,-0.66,1.388,57.1,-6.44,39.37
508985.578000,0.27,-0.777,0.567,54.84,-189.31,81.45
508985.625000,1.588,-1.23,-1.961,-4.52,-188.45,45.26
508985.671000,0.591,-1.104,-0.336,78.46,-40.04,82.16
508985.718000,0.447,-0.488,-0.026,75.72,4.76,110.69
508985.765000,0.5,-0.488,0.666,107.15,30.24,143.47
508985.812000,-0.029,-0.817,1.494,69.4,57.16,103.61
508985.859000,-0.385,-0.739,1.902,-16.85,-16.82,6.62
508985.906000,0.006,-1.0,0.653,44.77,-202.64,73.24
508985.953000,0.928,-1.472,0.909,-39.74,93.97,35.25
508986.000000,0.14,-1.155,0.36,52.19,42.63,51.7
508986.046000,0.282,-0.918,0.155,25.88,13.21,49.53
508986.093000,0.072,-0.615,0.895,31.4,101.57,22.61
508986.140000,-0.161,-0.424,1.608,52.4,78.59,0.67
508986.187000,-0.404,-0.3,1.803,-31.22,-29.27,-16.11
508986.234000,-0.17,-0.759,0.695,-38.94,-209.78,73.06
508986.281000,0.053,-1.37,1.202,57.86,-32.29,-46.66
508986.328000,-0.113,-1.085,0.304,43.79,-16.88,68.79
508986.375000,0.243,-0.948,0.287,47.33,53.87,24.66
508986.421000,-0.009,-0.616,1.012,29.39,135.99,-41.6
508986.468000,-0.279,-0.311,1.673,60.61,88.72,-13.98
508986.531000,-0.376,-0.329,1.524,-17.98,-74.65,9.16
508986.578000,-0.157,-0.86,0.54,-82.37,-179.36,29.94
508986.640000,0.06,-1.139,-0.004,71.32,-56.43,-2.5
508986.687000,-0.059,-1.034,0.168,3.39,-4.55,18.4
508986.734000,0.264,-0.864,0.525,10.16,54.48,1.01
508986.781000,-0.014,-0.636,0.989,92.35,108.04,3.63
508986.828000,-0.431,-0.283,1.803,26.31,36.07,-28.23
508986.875000,-0.409,-0.326,1.454,3.48,-96.16,24.08
508986.921000,-0.243,-0.728,0.675,-72.97,-174.08,32.53
508986.968000,-0.152,-1.221,1.732,-113.19,163.06,32.04
508987.015000,-0.044,-0.98,0.468,-33.02,14.59,1.31
508987.062000,0.231,-0.877,0.53,-0.64,43.18,9.77
508987.109000,-0.046,-0.678,1.032,51.58,98.82,-5.92
508987.156000,-0.242,-0.377,1.533,53.44,33.78,-9.25
508987.203000,-0.37,-0.423,1.459,-16.33,-63.17,-4.82
508987.250000,-0.221,-0.687,0.749,-74.01,-149.82,6.26
508987.296000,-0.249,-1.732,1.966,-103.64,186.9,-56.4
508987.343000,0.029,-0.837,0.502,-34.7,-25.48,47.76
508987.390000,0.129,-0.872,0.091,33.51,30.76,10.71
508987.437000,0.1,-0.677,0.86,23.07,99.4,-27.5
508987.484000,-0.278,-0.437,1.675,73.82,65.98,-9.77
508987.531000,-0.36,-0.32,1.697,-7.69,-42.66,-17.98
508987.578000,-0.227,-0.616,0.887,-59.85,-152.53,20.26
508987.625000,0.146,-0.8,0.647,68.88,34.24,3.05
508987.671000,-0.746,-0.812,0.065,-17.4,31.4,-8.7
508987.718000,-0.008,-0.836,0.336,28.96,27.68,3.2
508987.765000,0.223,-0.736,0.739,38.0,68.33,-15.99
508987.812000,-0.263,-0.413,1.629,13.67,53.41,-41.99
508987.859000,-0.276,-0.373,1.432,-13.73,-81.64,6.53
508987.921000,-0.034,-0.895,0.204,-89.91,-154.15,10.07
508987.968000,-0.344,-0.815,-0.126,81.0,-62.53,-3.45
508988.015000,-0.147,-1.05,0.198,72.51,-23.47,65.43
508988.062000,0.318,-1.022,0.408,31.1,64.82,2.87
508988.109000,-0.193,-0.523,1.412,42.6,110.54,-29.76
508988.156000,-0.268,-0.339,1.542,34.88,-15.26,13.09
508988.203000,-0.463,-0.543,1.331,-31.53,-104.92,4.88
508988.250000,-0.362,-0.885,0.419,-46.48,-184.24,10.62
508988.312000,-0.522,-0.689,-0.083,102.36,-6.93,-24.78
508988.359000,0.089,-0.906,0.133,12.85,24.26,18.71
508988.406000,0.182,-0.709,0.76,20.23,88.75,-20.11
508988.453000,-0.358,-0.493,1.596,78.43,81.91,7.11
508988.500000,-0.374,-0.378,1.699,0.12,-31.1,-21.58
508988.546000,-0.258,-0.502,1.104,-46.45,-133.76,-1.8
508988.593000,1.267,-2.083,-0.693,18.01,-11.11,29.54
508988.640000,-0.761,-0.897,0.345,-34.61,25.06,43.61
508988.687000,0.124,-0.883,0.187,51.09,9.22,30.85
508988.734000,0.222,-0.764,0.624,9.25,77.76,-23.62
508988.781000,-0.215,-0.528,1.386,22.86,115.97,-28.53
508988.828000,-0.287,-0.433,1.674,34.82,-15.81,15.41
508988.875000,-0.318,-0.512,1.229,-55.27,-111.88,-14.25
508988.921000,-0.094,-0.883,0.494,-58.78,-165.68,16.88
508988.968000,0.088,-1.059,0.348,-24.29,30.61,-47.88
508989.015000,-0.135,-0.829,0.339,7.32,31.92,9.52
508989.062000,0.106,-0.798,0.642,65.74,51.61,47.36
508989.125000,-0.13,-0.574,1.266,54.54,100.86,-21.42
508989.171000,-0.323,-0.249,1.618,45.59,-2.01,15.38
508989.218000,-0.343,-0.302,1.275,8.82,-85.24,44.62
508989.265000,-0.179,-0.745,0.659,-90.24,-138.83,26.0
508989.312000,0.756,-1.107,0.123,59.48,32.75,-11.29
508989.359000,-0.589,-0.76,0.219,-7.51,11.72,25.67
508989.406000,0.09,-0.799,0.587,26.95,57.56,16.57
508989.453000,-0.108,-0.598,1.211,37.69,103.27,-28.75
508989.500000,-0.342,-0.359,1.663,40.28,41.05,-23.13
508989.546000,-0.347,-0.37,1.442,-1.56,-77.06,12.97
508989.593000,-0.204,-0.638,0.782,-82.31,-162.54,9.03
508989.640000,-0.117,-0.589,1.939,-60.03,135.26,27.86
508989.687000,-0.683,-0.578,0.033,-43.82,6.32,-0.73
508989.734000,0.025,-0.821,0.341,-13.79,45.96,10.93
508989.781000,0.069,-0.718,0.725,63.84,76.48,27.77
508989.828000,-0.263,-0.431,1.512,63.57,72.18,17.12
508989.875000,-0.434,-0.346,1.742,3.88,-11.78,3.97
508989.921000,-0.342,-0.511,1.131,-62.38,-134.37,20.78
508989.968000,-0.464,-1.282,-1.302,-142.61,-153.45,19.14
508990.015000,-0.551,-0.866,0.253,38.39,11.54,-54.35
508990.062000,-0.25,-0.919,0.391,-1.56,6.71,16.79
508990.109000,-0.001,-0.759,0.612,-8.24,63.39,-16.82
508990.156000,-0.122,-0.654,0.909,17.91,97.69,-22.68
508990.203000,-0.223,-0.474,1.443,64.21,88.11,-9.58
508990.250000,-0.495,-0.401,1.535,-5.31,-73.61,12.18
508990.296000,-0.414,-0.661,0.868,-66.29,-170.81,35.58
508990.343000,-0.432,-1.642,0.25,-24.72,-42.02,41.29
508990.390000,-0.602,-0.855,0.247,-17.27,54.17,-32.9
508990.437000,-0.045,-0.828,0.358,19.9,45.26,-7.51
508990.484000,-0.128,-0.647,0.951,70.25,109.84,-11.14
508990.531000,-0.369,-0.32,1.854,58.44,47.18,-23.65
508990.578000,-0.384,-0.191,1.62,16.24,-73.85,6.74
508990.625000,-0.38,-0.534,0.848,-88.78,-147.74,21.21
508990.671000,0.45,-2.514,2.539,-257.91,241.71,-12.94
508990.718000,-0.883,-0.862,0.055,79.81,-91.95,8.94
508990.765000,0.22,-0.928,0.141,29.57,33.11,3.42
508990.812000,0.032,-0.626,0.935,56.61,89.02,-20.17
508990.859000,-0.292,-0.291,1.671,67.78,72.36,-26.64
508990.906000,-0.51,-0.268,1.568,-2.41,-107.55,31.22
508990.953000,-0.461,-1.289,-0.064,-50.94,-179.36,24.57
508991.000000,-0.162,-0.817,-0.252,88.38,-43.79,-52.95
508991.046000,-0.094,-0.86,0.294,-32.2,18.1,4.55
508991.093000,0.155,-0.683,0.504,6.62,70.83,-26.52
508991.140000,-0.044,-0.428,1.266,67.84,126.32,-11.66
508991.187000,-0.429,-0.13,1.939,37.08,33.6,-8.76
508991.234000,-0.42,-0.375,1.408,-16.14,-124.55,42.33
508991.281000,-0.24,-0.897,0.601,-52.46,-171.36,43.86
508991.343000,-0.05,-0.733,-0.261,29.3,-49.99,-31.89
508991.390000,-0.054,-0.815,0.349,35.49,18.68,-0.98
508991.437000,0.127,-0.61,0.826,27.8,62.9,-15.5
508991.484000,-0.168,-0.362,1.449,27.99,87.8,-37.32
508991.531000,-0.321,-0.26,1.574,-0.61,-60.09,16.85
508991.578000,-0.25,-0.525,1.018,-42.33,-131.93,27.77
508991.625000,0.711,-0.975,0.679,-22.86,84.9,-27.65
508991.671000,-0.97,-0.599,-0.006,29.66,-21.18,-61.92
508991.718000,0.005,-0.902,0.218,25.54,18.8,12.12
508991.765000,0.197,-0.692,0.812,29.69,90.18,-21.03
508991.812000,-0.293,-0.386,1.66,74.43,93.6,11.32
508991.859000,-0.382,-0.282,1.704,7.26,-36.38,3.6
508991.906000,-0.3,-0.462,1.166,-44.89,-124.49,19.59
508991.953000,-0.04,-0.653,1.712,-30.79,121.68,-55.73
508992.000000,-0.714,-0.493,0.564,42.54,61.89,-15.87
508992.046000,0.04,-0.785,0.424,49.71,15.66,4.49
508992.093000,-0.007,-0.514,1.092,44.74,83.56,-21.76
508992.140000,-0.248,-0.322,1.656,58.08,55.54,-7.29
508992.187000,-0.314,-0.311,1.418,-26.83,-89.51,8.79
508992.234000,-0.261,-1.064,-0.812,-76.88,-78.19,-23.68
508992.281000,0.406,-0.928,1.503,-7.9,171.36,-15.41
508992.328000,-0.21,-0.839,0.669,28.08,32.01,32.65
508992.375000,0.067,-0.846,0.698,19.68,26.15,23.56
508992.421000,-0.099,-0.634,1.191,63.08,71.47,-8.85
508992.468000,-0.355,-0.248,1.579,4.18,-24.38,-21.36
508992.515000,-0.308,-0.34,1.138,-41.87,-124.97,18.68
508992.562000,0.413,-0.152,0.482,-42.15,119.85,-52.92
508992.609000,-0.773,-0.466,0.426,88.11,-16.63,-36.44
508992.656000,-0.062,-0.761,0.383,-3.54,13.7,20.36
508992.703000,0.036,-0.636,0.74,26.98,48.34,32.53
508992.750000,-0.307,-0.494,1.537,55.48,87.56,7.93
508992.796000,-0.425,-0.291,1.692,4.3,-42.33,9.34
508992.843000,-0.267,-0.602,0.951,-62.29,-150.7,35.92
508992.890000,-0.02,-1.007,1.782,-15.47,230.9,-23.07
508992.937000,-0.429,-0.756,0.136,39.8,14.71,-1.77
508992.984000,-0.024,-0.758,0.566,26.98,37.42,0.18
508993.031000,0.023,-0.625,0.93,41.47,58.69,-7.6
508993.078000,-0.32,-0.355,1.61,50.08,55.7,-4.24
508993.125000,-0.417,-0.336,1.397,-19.04,-92.56,11.23
508993.171000,-0.236,-0.719,0.767,-47.4,-149.57,25.09
508993.218000,0.342,-1.982,2.056,-141.09,170.9,66.9
508993.265000,-0.247,-0.806,0.334,61.8,2.14,30.98
508993.312000,0.144,-0.806,0.654,30.4,28.5,-18.31
508993.359000,-0.124,-0.448,1.332,-2.99,93.75,-68.64
508993.406000,-0.32,-0.237,1.54,42.7,-28.05,14.47
508993.453000,-0.25,-0.4,0.982,-51.82,-113.8,16.14
508993.500000,1.303,-1.424,-1.488,142.25,10.44,-9.92
508993.546000,-0.658,-0.856,0.7,23.59,-6.1,-7.48
508993.593000,0.076,-0.812,0.505,9.03,-59.91,10.16
508993.640000,0.352,-0.902,0.451,-7.93,31.5,-19.04
508993.687000,0.029,-0.375,1.176,59.27,96.29,-22.1
508993.734000,-0.364,-0.197,1.525,16.21,-15.99,17.18
508993.781000,-0.348,-0.551,1.111,-19.65,-135.96,59.79
508993.828000,-0.562,-1.311,0.838,7.42,55.64,0.27
508993.875000,-0.144,-0.945,0.404,-31.77,36.32,-53.16
508993.921000,0.141,-0.752,0.501,-7.54,42.63,-34.61
508993.968000,0.088,-0.494,0.966,26.52,98.51,-16.27
508994.015000,-0.305,-0.28,1.673,18.34,5.95,6.99
508994.078000,-0.217,-0.568,0.986,-50.87,-135.41,51.91
508994.125000,0.666,-1.735,1.766,-52.4,18.19,29.66
508994.171000,-0.128,-0.905,0.576,-9.09,20.2,-18.25
508994.218000,0.208,-1.261,0.252,-55.76,25.79,-114.44
508994.265000,-0.051,-0.932,0.867,-196.6,149.08,-275.12
508994.312000,-0.098,-0.792,1.308,-179.91,110.45,-281.84
508994.359000,-0.218,-0.576,1.479,-248.54,21.21,-302.47
508994.406000,-0.056,-0.231,1.058,-159.09,-145.97,-181.34
508994.453000,1.095,-0.912,-2.611,-706.6,-265.76,-138.34
508994.500000,0.69,0.413,-0.164,103.31,0.12,-85.73
508994.546000,0.856,-0.891,-0.945,-5.25,32.41,75.66
508994.593000,0.633,-0.683,-0.415,-62.35,136.39,-44.8
508994.640000,0.315,-0.978,0.873,-10.56,133.85,4.88
508994.687000,-0.067,-0.908,1.504,-76.57,39.74,-83.41
508994.734000,0.187,-0.339,0.386,10.93,-253.49,-41.11
508994.781000,0.981,0.182,-1.912,-228.95,-444.2,-55.45
508994.828000,0.727,-0.511,-1.122,77.43,91.68,17.3
508994.875000,0.704,-0.518,-0.625,61.07,58.72,49.75
508994.921000,0.734,-0.642,-0.118,47.0,117.28,74.04
508994.968000,0.224,-0.936,1.095,66.93,114.47,84.05
508995.031000,-0.075,-0.883,1.246,-62.84,-108.74,-49.5
508995.078000,0.263,-0.702,-0.676,-66.01,-331.61,-71.11
508995.125000,0.801,-0.363,-0.88,47.18,52.8,-13.06
508995.171000,0.801,-0.946,-0.187,-21.97,55.3,53.65
508995.218000,0.778,-0.734,-0.361,53.65,83.29,55.79
508995.265000,0.368,-0.94,0.7,47.21,152.29,57.74
508995.312000,0.015,-0.938,1.242,70.77,68.45,28.26
508995.359000,0.082,-0.638,0.68,-52.31,-221.96,-40.59
508995.406000,1.13,0.572,-1.273,-637.84,-371.99,-80.54
508995.453000,0.636,-0.631,-0.896,73.55,45.11,-32.38
508995.500000,0.715,-0.738,-0.457,41.72,60.27,18.71
508995.546000,0.683,-0.804,0.059,35.13,95.89,56.67
508995.609000,0.134,-0.908,1.225,42.76,93.02,14.13
508995.656000,0.042,-0.731,0.954,-0.15,-135.93,-5.68
508995.703000,0.318,-0.695,-0.305,-51.82,-272.77,-37.35
508995.750000,1.004,-0.21,-1.044,246.62,-23.68,15.53
508995.796000,0.601,-0.704,-0.54,-21.82,88.35,22.64
508995.843000,0.676,-0.629,-0.223,15.05,78.52,26.4
508995.890000,0.522,-0.909,0.63,21.27,109.35,41.32
508995.953000,0.057,-0.96,1.191,-12.82,-30.4,-16.14
508996.000000,0.223,-0.714,0.102,-35.16,-247.93,-41.29
508996.046000,0.871,-0.001,-1.356,365.86,15.2,-29.51
508996.093000,0.696,-0.729,-0.476,-17.85,68.39,42.05
508996.140000,0.774,-0.563,-0.431,17.03,79.38,32.41
508996.187000,0.576,-0.828,0.383,4.46,145.3,51.36
508996.234000,0.122,-0.971,1.221,54.35,99.43,37.57
508996.281000,-0.062,-0.8,1.063,-28.78,-137.67,-23.19
508996.328000,0.322,-0.635,-0.184,-36.29,-295.24,-45.26
508996.375000,0.675,-0.466,-1.267,178.59,5.16,-14.77
508996.421000,0.72,-0.892,-0.542,-6.07,80.81,32.14
508996.468000,0.798,-0.586,-0.462,27.56,92.29,33.45
508996.515000,0.482,-0.936,0.564,16.45,145.79,64.55
508996.562000,0.12,-0.949,1.295,29.76,106.14,22.86
508996.609000,-0.07,-0.791,1.009,0.61,-152.04,-10.62
508996.656000,0.215,-0.862,0.083,0.79,-260.05,-41.9
508996.703000,1.149,-0.548,-1.241,497.45,135.01,28.38
508996.750000,0.617,-0.363,-0.47,-110.32,-8.09,71.17
508996.796000,0.72,-0.795,-0.416,54.48,81.91,39.31
508996.843000,0.461,-0.96,0.778,-30.49,127.6,25.57
508996.890000,0.133,-1.025,1.23,84.63,70.59,41.02
508996.937000,0.015,-0.748,0.91,-4.97,-113.13,-32.81
508996.984000,0.43,-0.688,-0.538,-19.78,-223.46,-44.71
508997.031000,1.498,-0.923,-0.041,275.28,88.47,87.95
508997.078000,0.648,-0.876,-0.438,-31.62,15.41,77.97
508997.125000,0.593,-0.857,-0.085,23.26,75.08,42.94
508997.171000,0.408,-1.089,0.726,43.58,97.48,49.47
508997.218000,0.167,-0.97,1.044,58.99,54.32,-3.45
508997.281000,0.011,-0.613,0.773,7.05,-139.41,-35.31
508997.328000,2.284,0.871,0.288,-523.09,-3.57,-173.89
508997.375000,0.586,-0.154,-0.879,-70.65,-105.2,17.82
508997.421000,0.784,-0.875,-0.629,45.14,80.72,-0.98
508997.468000,0.607,-0.735,0.443,14.65,125.13,36.1
508997.515000,0.266,-0.825,0.874,92.53,137.24,26.12
508997.562000,-0.019,-0.652,1.382,0.82,92.01,-54.99
508997.609000,0.069,-0.577,0.974,-13.03,-151.65,-9.8
508997.656000,0.468,-0.601,-0.151,-112.03,-308.45,-52.16
508997.703000,0.651,-0.6,-0.767,111.48,-6.53,-15.56
508997.750000,0.745,-0.987,-0.646,-38.94,25.94,36.53
508997.796000,0.7,-0.686,0.07,-66.93,103.24,0.18
508997.843000,0.428,-1.068,0.985,13.28,126.32,52.89
508997.890000,0.026,-0.819,1.285,-4.55,4.88,-39.09
508997.937000,0.154,-0.666,0.436,-2.11,-214.94,-27.16
508997.984000,1.183,-0.185,-1.947,-31.74,-317.39,-57.68
508998.031000,0.335,-0.172,-1.174,105.53,-90.09,132.63
508998.078000,0.638,-0.722,-0.983,-27.8,73.27,26.43
508998.125000,0.478,-0.721,0.435,-59.11,157.87,2.2
508998.171000,0.094,-1.049,1.221,10.32,145.45,51.39
508998.218000,-0.136,-1.102,1.267,-31.89,-51.58,-28.93
508998.265000,0.389,-0.905,0.095,-2.84,-252.24,-60.3
508998.312000,1.278,0.58,-0.926,-333.26,-232.55,-90.12
508998.359000,0.828,-0.705,-0.706,-140.11,-6.26,26.49
508998.406000,0.741,-0.811,-0.5,20.48,102.66,23.47
508998.453000,0.63,-0.826,0.246,23.56,142.58,56.52
508998.500000,0.051,-1.108,1.345,43.06,140.51,17.3
508998.546000,-0.13,-0.854,1.344,22.25,-99.61,-37.6
508998.593000,0.502,-0.736,-0.961,-30.03,-323.68,-56.61
508998.640000,0.432,0.114,-1.354,447.07,76.66,-51.88
508998.687000,0.78,-0.991,-0.433,-5.83,39.19,85.06
508998.734000,0.77,-0.811,-0.28,15.66,119.82,35.68
508998.781000,0.37,-1.052,0.84,-41.32,155.28,-1.31
508998.828000,-0.051,-1.066,1.317,65.37,69.31,1.59
508998.875000,0.03,-0.715,0.959,-2.99,-165.23,-70.53
508998.921000,0.36,-0.92,-1.279,-57.34,-329.84,-107.0
508998.968000,0.719,0.26,-0.492,232.15,99.49,-41.02
508999.015000,0.815,-0.831,-0.468,-28.35,44.83,68.85
508999.062000,0.736,-0.653,-0.015,22.83,130.47,32.07
508999.109000,0.321,-0.822,1.071,26.34,125.89,33.63
508999.156000,-0.0,-0.728,1.327,36.04,10.25,16.91
508999.203000,0.097,-0.622,0.769,0.18,-187.05,-3.78
508999.250000,0.753,-1.512,-2.566,-110.75,-273.81,-49.53
508999.296000,0.968,-0.237,-0.99,313.82,82.89,-5.95
508999.343000,0.793,-0.684,-0.663,25.82,65.71,72.91
508999.390000,0.675,-0.795,0.207,-6.26,108.1,27.5
508999.437000,0.162,-0.978,1.234,53.1,104.83,38.24
508999.484000,0.051,-0.833,1.26,33.17,-20.97,-5.07
508999.531000,0.349,-0.436,0.334,-35.19,-242.29,-31.56
508999.578000,1.522,-1.205,0.057,239.72,241.4,-20.6
508999.625000,0.474,-0.149,-0.778,-50.45,2.26,4.7
508999.671000,0.788,-0.65,-0.262,28.41,91.59,25.88
508999.718000,0.526,-0.888,0.678,-3.54,141.67,39.95
508999.765000,0.088,-0.865,1.3,41.66,55.15,22.61
508999.812000,0.017,-0.629,1.059,-12.18,-130.16,-21.82
508999.859000,0.518,-0.635,-0.317,-49.23,-283.94,-23.62
508999.906000,0.706,-0.193,-0.559,93.17,78.07,-17.76
508999.953000,0.709,-0.85,-0.387,-41.9,44.53,31.68
509000.015000,0.758,-0.768,0.158,-27.5,105.87,11.84
509000.062000,0.229,-0.944,1.209,63.91,84.72,41.72
509000.109000,-0.0,-0.688,0.95,-33.27,-166.23,-30.4
509000.156000,0.443,-0.66,-0.352,-53.99,-304.06,-42.24
509000.203000,0.842,-0.314,-0.612,128.45,45.44,-3.66
509000.250000,0.642,-0.761,-0.425,-45.63,59.45,27.62
509000.296000,0.704,-0.678,0.043,23.96,96.44,32.84
509000.359000,0.304,-0.942,1.118,27.31,108.74,21.91
509000.406000,0.109,-0.686,0.931,-4.7,-137.06,-15.9
509000.453000,0.465,-0.707,-0.282,-34.49,-269.08,-45.9
509000.500000,0.906,-0.041,-0.395,109.23,63.97,-11.87
509000.546000,0.679,-0.608,-0.554,13.86,82.06,23.29
509000.593000,0.737,-0.707,-0.041,11.6,114.47,37.93
509000.640000,0.333,-1.06,1.011,20.14,131.6,58.66
509000.687000,0.015,-0.935,1.295,17.67,-26.22,-16.66
509000.734000,0.172,-0.715,0.607,-4.61,-194.62,-41.9
509000.781000,1.744,-1.21,0.008,339.49,249.95,-19.68
509000.843000,0.804,-0.744,-0.145,-80.23,-21.67,60.95
509000.890000,0.864,-0.815,-0.151,24.81,109.13,43.92
509000.937000,0.457,-0.919,0.858,7.54,124.12,41.54
509000.984000,0.173,-0.99,1.203,63.94,65.31,35.0
509001.031000,0.12,-0.717,0.868,-13.09,-143.53,-36.47
509001.078000,0.805,-0.634,-2.058,-182.2,-294.2,-56.89
509001.125000,0.551,-0.399,-0.444,-32.53,36.38,-12.42
509001.171000,0.726,-0.571,-0.369,10.47,39.98,35.28
509001.234000,0.671,-0.827,0.343,-18.22,99.25,35.52
509001.281000,0.222,-0.949,1.234,57.47,91.49,34.09
509001.343000,0.095,-0.663,0.833,-15.29,-132.94,-31.13
509001.390000,0.767,-0.798,-1.877,-103.37,-299.54,-40.83
509001.437000,0.408,-0.237,-0.64,-31.62,23.8,-19.41
509001.484000,0.662,-0.702,-0.272,-24.17,53.44,-16.82
509001.531000,0.84,-0.67,-0.117,14.98,66.87,36.56
509001.578000,0.5,-0.983,0.855,38.24,136.91,59.11
509001.625000,0.14,-0.921,1.142,25.36,-27.34,-7.14
509001.671000,0.177,-0.763,0.599,12.82,-156.32,-32.96
509001.718000,2.802,-0.648,0.555,-59.72,138.95,-44.71
509001.765000,0.413,-0.21,-0.475,-112.37,-26.15,0.58
509001.812000,0.832,-0.636,-0.461,46.85,52.25,2.59
509001.859000,0.616,-0.925,0.773,-6.26,130.19,44.43
509001.906000,0.232,-0.98,1.221,45.29,58.17,19.68
509001.953000,0.099,-0.744,0.923,-2.35,-102.54,-32.32
509002.000000,0.668,-0.858,-1.499,-220.44,-236.43,-56.55
509002.062000,0.526,-0.257,-0.887,-45.17,-21.27,-8.06
509002.109000,0.834,-0.607,-0.196,13.37,85.33,-5.68
509002.156000,0.595,-0.866,0.69,-3.51,102.39,42.54
509002.203000,0.26,-0.965,1.273,39.4,51.33,18.22
509002.250000,0.264,-0.629,0.724,-6.1,-174.66,-40.31
509002.312000,2.096,-1.002,0.291,18.83,151.92,-133.61
509002.359000,0.594,-0.156,-0.516,-73.55,-76.24,62.59
509002.406000,0.861,-0.565,-0.373,28.69,89.05,22.19
509002.453000,0.661,-0.756,0.361,2.5,119.57,70.5
509002.500000,0.281,-0.899,1.113,39.98,104.13,45.01
509002.546000,0.087,-0.841,1.066,-6.9,-81.42,-9.55
509002.593000,0.478,-0.685,0.254,15.23,-201.18,-29.54
509002.640000,1.749,-1.304,0.093,53.47,156.93,-79.07
509002.687000,0.717,-0.336,-0.708,-80.42,-16.91,20.05
509002.734000,0.721,-0.526,-0.052,-5.52,85.76,1.62
509002.796000,0.566,-0.808,0.69,32.78,114.87,78.31
509002.843000,0.111,-0.857,1.181,20.14,-14.16,18.71
509002.890000,0.228,-0.703,0.425,10.01,-231.79,9.67
509002.937000,2.178,-0.949,0.322,-11.08,176.0,-52.58
509002.984000,0.556,-0.643,-0.305,-128.42,-130.19,46.85
509003.031000,0.762,-0.654,-0.578,12.54,72.6,63.3
509003.078000,0.696,-0.618,0.055,36.38,118.99,122.29
509003.140000,0.121,-0.907,0.99,243.05,98.27,306.25
509003.187000,-0.194,-1.134,0.974,71.99,31.04,141.03
509003.234000,-0.485,-0.923,1.432,-33.42,-76.72,-68.18
509003.281000,-0.251,-0.769,0.566,73.95,-230.51,56.28
509003.328000,1.391,-2.369,-2.843,230.81,-425.82,38.18
509003.390000,0.12,-1.346,0.552,-121.59,150.7,4.36
509003.437000,0.18,-1.001,0.057,116.7,10.83,59.88
509003.484000,0.11,-0.944,0.653,-24.96,102.45,-17.33
509003.531000,-0.149,-0.725,1.26,-33.66,81.79,-52.77
509003.578000,-0.283,-0.637,1.479,43.95,-23.29,22.46
509003.625000,-0.179,-0.717,0.802,-35.74,-164.28,18.74
509003.671000,0.165,-1.146,-0.084,-38.73,-187.72,20.97
509003.718000,0.139,-0.595,0.399,-250.01,89.82,-20.81
509003.765000,0.019,-1.064,0.231,-6.59,31.43,31.43
509003.812000,0.288,-1.019,0.078,59.94,44.1,60.12
509003.859000,0.118,-0.882,0.887,31.16,101.69,-2.59
509003.906000,-0.278,-0.653,1.46,71.93,44.1,17.21
509003.953000,-0.263,-0.686,1.249,16.57,-64.85,12.45
509004.000000,-0.096,-0.85,0.56,-41.51,-135.47,-4.52
509004.046000,1.603,-2.337,-1.53,181.19,-96.35,-22.77
509004.093000,-0.08,-1.286,-0.707,43.15,34.03,-17.67
509004.140000,0.233,-0.929,0.028,-43.03,52.8,-46.36
509004.187000,0.27,-0.913,0.624,66.35,83.38,37.17
509004.234000,-0.186,-0.786,1.377,34.42,78.83,-7.48
509004.281000,-0.388,-0.662,1.43,24.78,-28.29,1.71
509004.328000,-0.103,-0.83,0.62,-12.85,-141.88,5.49
509004.375000,2.16,-1.765,-1.659,169.77,-68.15,-34.64
509004.421000,-0.271,-0.843,-0.41,-21.91,-42.79,-20.39
509004.468000,0.251,-0.965,0.054,66.23,25.97,47.3
509004.515000,0.262,-0.988,0.466,11.51,80.94,17.79
509004.562000,-0.098,-0.695,1.244,20.66,82.74,-14.77
509004.609000,-0.23,-0.73,1.139,9.95,-45.87,15.11
509004.656000,-0.121,-0.864,0.693,-44.1,-126.71,-8.94
509004.703000,-0.026,-0.61,-1.1,315.04,68.27,41.87
509004.750000,-0.223,-0.951,-0.242,-40.44,-32.26,3.33
509004.812000,0.246,-0.939,0.194,64.79,31.4,46.33
509004.859000,0.101,-0.858,0.901,26.61,89.79,-11.51
509004.906000,-0.205,-0.645,1.295,52.83,24.2,20.72
509004.953000,-0.209,-0.712,0.98,-5.95,-73.34,12.6
509005.015000,-0.256,-0.805,-0.933,-46.54,-121.4,-0.76
509005.062000,-0.095,-1.013,0.058,22.55,36.26,52.89
509005.109000,0.187,-1.109,0.312,24.51,22.16,31.22
509005.156000,0.175,-0.982,0.611,-5.46,71.08,-24.32
509005.203000,-0.046,-0.689,1.052,27.04,79.29,-12.51
509005.250000,-0.175,-0.721,1.071,23.13,-11.6,15.17
509005.296000,-0.181,-0.758,0.763,-43.21,-92.75,-4.82
509005.343000,0.297,-1.271,-1.563,18.8,-49.68,13.03
509005.390000,-0.363,-0.949,-0.321,94.42,-62.62,12.48
509005.437000,0.133,-0.937,0.369,-6.62,20.42,19.87
509005.484000,0.178,-0.991,0.537,20.6,39.03,8.55
509005.531000,-0.049,-0.8,0.819,14.04,43.37,0.79
509005.578000,-0.072,-0.794,0.911,24.29,12.15,14.47
509005.625000,-0.159,-0.788,0.811,-23.65,-57.68,-1.56
509005.671000,0.207,-0.792,-1.668,23.96,-32.11,20.23
509005.718000,-0.227,-0.869,0.084,81.39,-43.46,34.55
509005.765000,0.076,-1.112,0.31,-45.53,-4.97,49.26
509005.812000,0.003,-0.966,0.366,-16.66,-5.19,15.59
509005.859000,-0.043,-0.981,0.31,-13.89,41.87,20.72
509005.921000,-0.119,-0.915,0.339,-18.49,32.56,1.1
509005.984000,-0.093,-0.929,0.303,8.79,43.89,4.18
509006.031000,-0.111,-0.921,0.293,2.44,45.72,4.94
509006.078000,-0.136,-0.918,0.401,11.57,60.88,15.05
509006.125000,-0.192,-0.939,0.449,19.84,57.95,14.8
509006.171000,-0.209,-0.874,0.439,4.15,45.53,2.78
509006.218000,-0.238,-0.865,0.463,9.58,39.67,13.28
509006.265000,-0.222,-0.857,0.425,-3.88,24.84,12.42
509006.312000,-0.266,-0.881,0.436,5.16,27.38,25.18
509006.359000,-0.262,-0.923,0.472,13.98,25.91,33.66
509006.406000,-0.273,-0.947,0.49,11.81,21.27,30.88
509006.453000,-0.284,-0.948,0.495,13.4,11.29,25.82
509006.500000,-0.294,-0.945,0.472,2.9,5.37,15.75
509006.546000,-0.296,-0.93,0.446,-3.42,0.46,6.56
509006.593000,-0.32,-0.927,0.427,-0.73,-0.73,6.26
509006.640000,-0.351,-0.922,0.429,4.12,-2.78,3.17
509006.703000,-0.354,-0.886,0.396,0.58,-6.35,-6.68
509006.750000,-0.347,-0.85,0.375,6.44,-4.09,-4.33
509006.796000,-0.329,-0.847,0.354,1.98,-7.39,-2.11
509006.843000,-0.322,-0.842,0.342,1.16,-0.34,0.46
509006.890000,-0.323,-0.861,0.348,0.31,1.07,3.48
509006.937000,-0.328,-0.875,0.36,-3.48,5.83,3.02
509006.984000,-0.329,-0.882,0.381,-3.54,8.0,4.0
509007.031000,-0.319,-0.859,0.393,-2.62,6.78,4.12
509007.078000,-0.325,-0.856,0.409,-5.55,6.44,6.32
509007.125000,-0.339,-0.846,0.431,-7.48,3.54,7.05
509007.171000,-0.329,-0.847,0.433,-2.96,-1.59,10.74
509007.218000,-0.333,-0.838,0.466,3.63,-3.63,12.88
509007.265000,-0.344,-0.857,0.563,30.61,-16.3,22.13
509007.312000,-0.34,-0.838,0.631,53.96,-23.13,26.73
509007.359000,-0.424,-0.848,0.713,70.25,-38.67,20.11
509007.406000,-0.438,-0.808,0.68,68.24,-39.49,9.77
509007.453000,-0.415,-0.73,0.625,39.22,-44.25,-12.24
509007.500000,-0.349,-0.654,0.568,23.59,-36.41,-20.69
509007.546000,-0.305,-0.636,0.55,22.22,-24.93,-8.94
509007.593000,-0.293,-0.662,0.575,25.76,-10.19,1.59
509007.640000,-0.364,-0.658,0.629,8.3,-1.65,8.33
509007.687000,-0.33,-0.703,0.665,9.46,3.91,12.6
509007.734000,-0.323,-0.703,0.703,9.06,0.43,-0.55
509007.781000,-0.333,-0.704,0.676,11.9,-4.39,1.04
509007.828000,-0.329,-0.695,0.684,11.54,-2.87,-6.99
509007.875000,-0.299,-0.687,0.681,3.69,3.02,-7.42
509007.921000,-0.289,-0.68,0.674,1.86,3.75,-10.44
509007.968000,-0.292,-0.683,0.677,-0.4,8.06,-7.48
509008.015000,-0.301,-0.66,0.686,3.45,12.97,-4.73
509008.062000,-0.296,-0.647,0.674,-3.02,9.61,-4.58
509008.109000,-0.301,-0.68,0.665,-5.04,8.09,-2.14
509008.156000,-0.315,-0.714,0.657,1.59,9.49,-4.39
509008.203000,-0.32,-0.712,0.65,4.52,16.05,-9.49
509008.250000,-0.315,-0.704,0.658,6.26,18.83,-8.27
509008.296000,-0.323,-0.69,0.656,5.22,18.95,-9.64
509008.343000,-0.332,-0.714,0.667,6.56,17.82,-3.97
509008.390000,-0.322,-0.725,0.655,4.76,15.02,-0.12
509008.453000,-0.335,-0.768,0.666,1.53,11.96,1.25
509008.500000,-0.295,-0.756,0.63,-7.81,1.74,-0.89
509008.562000,-0.291,-0.772,0.629,-15.26,2.32,1.59
509008.609000,-0.33,-0.786,0.638,-17.09,1.31,0.34
509008.656000,-0.349,-0.821,0.644,-23.5,11.23,-7.32
509008.703000,-0.347,-0.847,0.706,-42.88,5.71,-27.22
509008.750000,-0.339,-0.89,0.672,-40.62,-3.02,-35.62
509008.796000,-0.329,-0.905,0.613,-69.34,-8.09,-64.85
509008.843000,-0.32,-0.976,0.562,-88.66,-2.75,-89.82
509008.890000,-0.258,-1.071,0.593,-105.78,-4.7,-133.98
509008.937000,-0.091,-1.09,0.612,-72.36,-26.34,-155.46
509008.984000,-0.011,-1.02,0.691,-11.2,-63.75,-159.15
509009.031000,0.108,-0.811,0.435,51.33,-96.93,-128.85
509009.078000,0.273,-0.754,0.387,53.19,-98.91,-136.14
509009.125000,0.277,-0.739,0.402,24.9,-73.79,-135.47
509009.171000,0.31,-0.586,0.357,30.7,-69.09,-122.84
509009.218000,0.434,-0.477,0.278,34.36,-57.92,-99.49
509009.265000,0.658,-0.394,0.269,6.26,-54.48,-53.62
509009.312000,0.738,-0.455,0.185,12.76,-48.13,-16.45
509009.359000,0.827,-0.44,0.087,9.74,-22.0,-8.18
509009.406000,0.778,-0.461,0.216,-15.72,-3.94,4.18
509009.453000,0.717,-0.61,0.177,-18.98,2.75,17.49
509009.500000,0.66,-0.747,0.211,-18.74,18.43,27.41
509009.546000,0.659,-0.766,0.164,-12.88,6.74,13.15
509009.593000,0.699,-0.753,0.175,-14.47,10.9,-6.41
509009.640000,0.755,-0.696,0.194,-6.68,5.07,-7.75
509009.687000,0.803,-0.715,0.117,-10.65,-2.11,-7.2
509009.734000,0.821,-0.718,0.095,-13.79,-11.02,-19.38
509009.781000,0.825,-0.651,0.076,-1.62,-20.72,-27.71
509009.828000,0.786,-0.62,0.11,26.31,-12.3,-26.98
509009.875000,0.796,-0.537,0.131,29.57,-1.71,-21.03
509009.921000,0.678,-0.625,0.09,7.51,1.62,-5.19
509009.968000,0.68,-0.565,0.076,-5.13,3.57,-12.12
509010.015000,0.724,-0.524,0.165,-7.17,10.99,1.83
509010.062000,0.756,-0.53,0.203,-5.25,14.4,11.96
509010.109000,0.801,-0.553,0.236,-4.97,23.62,8.51
509010.156000,0.821,-0.552,0.299,-4.33,19.04,2.44
509010.203000,0.816,-0.53,0.339,10.96,16.54,6.9
509010.250000,0.748,-0.57,0.353,24.96,19.07,17.46
509010.296000,0.708,-0.588,0.365,19.32,13.82,8.88
509010.343000,0.691,-0.568,0.359,10.83,8.27,3.23
509010.390000,0.734,-0.55,0.375,12.42,2.59,1.8
509010.437000,0.751,-0.514,0.375,13.89,3.2,6.99
509010.484000,0.747,-0.61,0.383,13.21,-2.23,16.3
509010.531000,0.745,-0.697,0.377,11.38,-6.07,10.53
509010.578000,0.708,-0.676,0.372,8.94,-5.95,1.56
509010.625000,0.651,-0.649,0.324,10.32,-7.51,-2.69
509010.671000,0.734,-0.465,0.255,-5.07,-8.64,-11.35
509010.718000,0.81,-0.532,0.328,-2.17,4.0,9.13
509010.765000,0.707,-0.768,0.339,3.54,5.46,17.27
509010.812000,0.654,-0.697,0.323,-7.48,-2.41,-18.19
509010.859000,0.74,-0.523,0.302,-12.88,2.72,-4.76
509010.906000,0.723,-0.623,0.324,-7.81,7.66,2.29
509010.953000,0.734,-0.609,0.335,-9.7,3.3,-3.39
509011.000000,0.73,-0.584,0.347,-9.74,5.89,-1.68
509011.046000,0.731,-0.572,0.322,-5.16,2.29,-2.29
509011.109000,0.723,-0.592,0.333,-1.74,1.53,1.95
509011.156000,0.717,-0.62,0.276,-4.12,-1.25,0.15
509011.203000,0.725,-0.61,0.25,-7.11,4.12,-0.31
509011.250000,0.731,-0.592,0.266,-2.93,10.5,3.3
509011.296000,0.73,-0.619,0.323,-2.53,13.52,3.36
509011.343000,0.705,-0.682,0.342,0.18,11.44,4.06
509011.390000,0.692,-0.674,0.33,-9.28,10.07,-5.46
509011.437000,0.699,-0.6,0.327,-6.44,11.23,-5.37
509011.484000,0.695,-0.632,0.32,-6.87,11.54,-3.02
509011.531000,0.678,-0.626,0.314,-6.71,11.9,-4.3
509011.578000,0.687,-0.639,0.315,-4.61,12.82,-3.45
509011.625000,0.704,-0.655,0.319,-9.43,12.7,-7.05
509011.671000,0.719,-0.622,0.343,-5.01,21.39,-11.23
509011.718000,0.716,-0.627,0.356,-6.9,21.82,-11.32
509011.765000,0.701,-0.585,0.433,4.03,27.89,-10.68
509011.812000,0.706,-0.578,0.426,11.44,24.08,-4.88
509011.859000,0.684,-0.599,0.431,-2.38,21.45,-11.6
509011.906000,0.695,-0.615,0.467,-4.49,17.64,-11.69
509011.953000,0.699,-0.579,0.431,-0.98,13.98,-14.25
509012.000000,0.706,-0.54,0.429,-9.09,10.1,-17.82
509012.046000,0.717,-0.474,0.404,-9.52,9.58,-12.02
509012.093000,0.716,-0.498,0.346,-17.06,9.67,-10.8
509012.140000,0.745,-0.481,0.387,-4.58,19.32,-2.96
509012.187000,0.778,-0.404,0.457,-7.05,21.79,3.17
509012.234000,0.782,-0.452,0.601,15.26,17.79,25.03
509012.281000,0.75,-0.513,0.595,25.61,5.89,33.6
509012.328000,0.712,-0.538,0.568,12.82,-8.33,17.09
509012.375000,0.662,-0.539,0.59,28.02,-22.22,26.4
509012.421000,0.663,-0.538,0.531,21.58,-35.0,26.0
509012.468000,0.646,-0.563,0.556,23.65,-41.2,32.5
509012.515000,0.621,-0.636,0.51,18.34,-51.33,35.83
509012.562000,0.62,-0.616,0.452,22.64,-56.7,31.04
509012.609000,0.581,-0.64,0.416,15.9,-60.55,36.87
509012.656000,0.631,-0.666,0.395,11.44,-65.49,36.81
509012.703000,0.672,-0.682,0.401,21.7,-65.98,44.86
509012.750000,0.702,-0.782,0.335,9.86,-68.12,35.89
509012.796000,0.612,-0.821,0.274,-1.56,-53.13,8.51
509012.843000,0.55,-0.812,0.175,5.83,-37.54,-9.49
509012.890000,0.533,-0.776,0.141,11.05,-25.27,-17.46
509012.937000,0.518,-0.703,0.09,12.02,-4.73,-13.12
509012.984000,0.564,-0.804,0.046,-8.73,6.2,-8.55
509013.031000,0.631,-0.745,0.044,-18.56,25.57,-21.91
509013.078000,0.7,-0.713,0.206,-11.11,53.8,-8.45
509013.125000,0.668,-0.719,0.29,2.81,61.25,-4.06
509013.171000,0.678,-0.685,0.326,-40.38,57.16,-35.86
509013.218000,0.636,-0.58,0.454,-10.35,68.18,-25.03
509013.265000,0.697,-0.581,0.454,-14.1,52.52,-22.1
509013.312000,0.684,-0.536,0.507,-15.32,52.8,-27.47
509013.359000,0.681,-0.52,0.538,3.08,39.86,-14.47
509013.406000,0.712,-0.522,0.518,-2.35,28.96,-10.5
509013.453000,0.695,-0.55,0.522,-3.94,19.38,-5.62
509013.500000,0.715,-0.624,0.432,-17.49,4.12,-6.87
509013.546000,0.705,-0.606,0.386,-17.82,9.77,-12.51
509013.593000,0.716,-0.523,0.378,-11.69,19.14,-11.41
509013.640000,0.743,-0.419,0.442,-11.02,27.89,-7.69
509013.687000,0.741,-0.407,0.61,-1.53,27.19,14.47
509013.734000,0.691,-0.475,0.649,14.56,13.55,31.01
509013.781000,0.635,-0.557,0.659,15.56,-4.39,36.59
509013.828000,0.583,-0.607,0.566,6.44,-28.08,29.6
509013.875000,0.605,-0.642,0.507,14.65,-36.26,36.35
509013.921000,0.59,-0.62,0.481,10.59,-34.33,29.97
509013.968000,0.59,-0.704,0.472,14.44,-35.25,37.54
509014.015000,0.524,-0.696,0.483,12.42,-32.29,31.68
509014.062000,0.545,-0.742,0.437,10.93,-40.8,31.92
509014.109000,0.522,-0.737,0.423,12.15,-35.95,30.18
509014.156000,0.54,-0.767,0.375,11.54,-38.79,25.85
509014.203000,0.549,-0.789,0.317,3.78,-31.16,16.97
509014.250000,0.556,-0.81,0.281,5.74,-19.59,11.6
509014.312000,0.566,-0.825,0.31,5.25,2.62,2.81
509014.359000,0.525,-0.833,0.404,1.62,10.5,-3.81
509014.406000,0.526,-0.798,0.391,-8.51,5.71,-16.57
509014.453000,0.528,-0.744,0.387,-11.51,7.32,-22.43
509014.500000,0.568,-0.623,0.315,-15.9,10.47,-24.48
509014.546000,0.619,-0.586,0.353,-11.57,24.38,-16.91
509014.593000,0.611,-0.662,0.408,-4.61,29.42,-2.41
509014.640000,0.592,-0.723,0.48,1.16,22.58,-4.64
509014.687000,0.6,-0.706,0.458,-5.55,13.55,-10.59
509014.734000,0.755,-0.828,0.42,-20.05,5.71,-19.01
509014.781000,0.89,-1.02,0.481,-43.64,-4.12,-46.05
509014.828000,1.029,-0.925,0.65,-127.23,-42.18,-74.47
509014.875000,1.015,-0.572,0.545,-259.59,-110.57,-46.63
509014.921000,1.427,-0.023,0.394,-228.46,-145.82,-80.02
509014.968000,1.233,0.051,0.117,-300.24,-132.76,28.53
509015.015000,0.868,0.068,0.0,-265.63,-170.29,109.35
509015.062000,0.372,0.04,-0.482,-243.11,-127.66,198.43
509015.109000,-0.203,0.141,-0.658,-311.01,-45.99,204.69
509015.156000,-0.687,0.28,-1.033,-320.11,-23.59,186.19
509015.203000,-0.642,0.14,-1.51,-233.65,-25.18,144.14
509015.265000,-0.278,-0.724,-0.988,120.46,-30.46,71.02
509015.312000,-0.431,-0.415,-1.491,323.89,-66.74,-69.83
509015.359000,-0.587,-0.351,-1.247,373.61,-15.78,-132.85
509015.421000,-0.271,-0.693,-0.734,332.04,-78.65,-203.38
509015.468000,0.069,-0.765,-0.597,291.12,-29.33,-222.24
509015.515000,0.434,-0.633,-0.104,280.59,43.31,-146.06
509015.562000,0.547,-0.581,0.11,232.37,45.23,-110.9
509015.609000,0.712,-0.307,0.108,192.48,95.25,-81.61
509015.671000,0.964,-0.292,0.449,137.97,66.56,-48.16
509015.718000,1.229,-0.39,0.275,-33.02,58.96,-59.72
509015.765000,1.246,-0.431,0.475,49.84,93.66,1.13
509015.828000,1.014,-0.703,0.468,-70.07,38.76,-63.05
509015.875000,0.761,-0.525,0.496,2.23,49.93,-33.27
509015.921000,0.75,-0.418,0.505,-33.27,7.87,-48.98
509015.968000,0.735,-0.365,0.51,-29.39,16.82,-33.54
509016.015000,0.746,-0.412,0.518,-14.37,-3.3,-1.77
509016.062000,0.729,-0.518,0.507,-16.27,-3.45,-13.21
509016.109000,0.676,-0.48,0.546,-8.88,-23.38,-5.55
509016.156000,0.687,-0.483,0.438,-6.47,-31.98,-2.47
509016.203000,0.729,-0.435,0.48,1.56,-26.64,2.47
509016.250000,0.761,-0.484,0.469,16.36,-24.32,16.51
509016.312000,0.749,-0.449,0.461,5.8,-17.3,1.22
509016.359000,0.756,-0.554,0.402,12.21,-29.88,13.82
509016.406000,0.751,-0.534,0.341,1.56,-20.66,-1.13
509016.453000,0.75,-0.547,0.354,-5.16,-20.84,0.89
509016.500000,0.782,-0.51,0.314,14.5,-14.25,6.93
509016.546000,0.803,-0.548,0.283,-13.06,-10.19,-1.59
509016.593000,0.788,-0.562,0.333,4.06,-1.19,1.89
509016.640000,0.781,-0.568,0.287,-3.45,3.23,-0.76
509016.687000,0.73,-0.565,0.372,-6.56,10.5,-7.48
509016.734000,0.693,-0.506,0.359,-8.21,4.15,-4.61
509016.781000,0.684,-0.434,0.333,-14.98,2.11,0.06
509016.828000,0.713,-0.438,0.319,-22.89,2.26,14.77
509016.875000,0.772,-0.424,0.311,-9.03,8.0,27.22
509016.921000,0.877,-0.562,0.404,-13.03,15.66,28.17
509016.968000,0.812,-0.631,0.407,-7.05,7.14,18.04
509017.031000,0.697,-0.617,0.388,-7.35,-7.2,11.08
509017.078000,0.691,-0.637,0.372,-7.75,-21.09,8.09
509017.125000,0.702,-0.646,0.326,-17.79,-31.53,11.14
509017.171000,0.766,-0.653,0.274,-8.3,-15.84,-2.35
509017.218000,0.778,-0.624,0.24,-13.43,-23.01,-9.03
509017.265000,0.788,-0.545,0.17,-16.05,-16.02,-12.91
509017.312000,0.725,-0.644,0.159,-16.39,7.72,4.18
509017.359000,0.715,-0.886,0.303,15.72,12.27,-12.36
509017.406000,0.802,-0.559,0.228,16.79,27.5,-33.45
509017.453000,0.753,-0.614,0.306,3.11,33.39,-36.9
509017.500000,0.711,-0.559,0.373,17.82,26.34,-32.9
509017.562000,0.688,-0.623,0.391,-4.58,-12.79,-35.43
509017.625000,0.728,-0.523,0.354,9.43,-19.32,-23.62
509017.671000,0.794,-0.565,0.248,-16.94,-15.87,-42.85
509017.718000,0.81,-0.3,0.239,-2.66,-4.88,-32.9
509017.765000,0.866,-0.292,0.214,-3.3,0.46,-8.97
509017.812000,0.907,-0.302,0.196,-13.67,6.07,-8.39
509017.859000,0.915,-0.388,0.256,-12.09,7.51,6.56
509017.906000,0.907,-0.503,0.241,-10.25,5.8,4.21
509017.953000,0.886,-0.491,0.24,-24.78,4.33,-5.98
509018.000000,0.868,-0.494,0.225,-21.0,0.27,-0.49
509018.046000,0.882,-0.394,0.26,-20.94,1.59,-16.17
509018.093000,0.915,-0.4,0.322,-24.72,-5.62,-4.61
509018.140000,1.013,-0.31,0.308,-23.83,-24.38,-10.59
509018.187000,1.31,-0.097,0.343,-109.32,-61.04,-2.04
509018.234000,1.486,0.14,0.273,-152.35,-133.37,33.88
509018.281000,1.643,0.204,0.19,-283.09,-185.43,50.63
509018.328000,1.418,0.194,0.268,-249.86,-226.66,89.72
509018.375000,1.05,0.092,-0.118,-357.62,-233.53,133.58
509018.421000,0.212,0.257,-0.135,-339.49,-240.67,185.16
509018.468000,-0.391,1.327,-0.568,-269.36,-186.28,260.11
509018.515000,-2.712,0.91,-2.347,-517.17,-84.11,347.15
509018.562000,-0.922,-2.268,-1.58,-160.92,-21.24,266.67
509018.609000,-0.829,1.314,-1.071,423.78,104.53,-206.24
509018.656000,-0.383,0.112,-1.357,29.51,1.65,-85.6
509018.703000,-0.869,0.227,-1.61,327.49,47.67,-183.78
509018.750000,-0.703,0.107,-1.538,379.47,24.26,-185.16
509018.796000,-0.411,0.065,-1.041,289.74,23.99,-214.97
509018.843000,0.059,-0.319,-0.645,147.74,89.42,-231.82
509018.890000,0.207,-0.279,-0.388,185.52,21.88,-241.71
509018.937000,0.562,-0.17,-0.67,226.75,61.07,-184.21
509018.984000,0.712,-0.151,-0.202,145.94,106.69,-119.36
509019.031000,1.054,0.044,-0.04,121.8,173.04,-100.01
509019.078000,1.341,-0.031,0.225,113.28,145.76,-51.88
509019.125000,1.45,-0.048,0.032,-3.85,136.39,-38.58
509019.171000,1.34,0.086,-0.44,-59.05,69.0,-20.14
509019.218000,1.278,-0.118,0.03,-77.3,61.34,37.6
509019.265000,1.148,-0.055,0.031,-3.02,13.21,30.3
509019.312000,1.096,-0.35,0.084,-36.68,-22.52,-0.31
509019.359000,1.023,-0.352,-0.041,3.11,-48.22,-6.26
509019.406000,0.991,-0.474,0.008,-4.06,-49.93,-15.84
509019.453000,0.978,-0.392,0.014,43.09,-47.27,-14.98
509019.500000,0.953,-0.304,0.045,63.48,-38.54,-25.27
509019.546000,0.985,-0.254,0.111,42.18,-61.71,16.6
509019.593000,1.008,-0.283,0.026,32.81,-76.66,20.54
509019.640000,1.301,-0.001,-0.153,-133.27,-135.38,58.84
509019.703000,1.327,0.539,-0.483,-194.07,-216.22,150.76
509019.750000,1.014,0.217,-0.458,-281.5,-154.7,289.13
509019.796000,-0.039,0.45,-0.561,-284.95,-89.27,361.77
509019.843000,-1.661,0.724,-0.742,-368.63,-45.38,371.84
509019.890000,-2.461,0.95,-2.601,-508.68,-11.05,246.74
509019.937000,-0.165,-2.159,-1.604,-56.03,-87.89,212.01
509019.984000,-0.359,0.089,-1.301,353.16,42.48,-157.75
509020.031000,-0.476,0.382,-1.289,103.46,47.79,-119.69
509020.078000,-0.561,0.018,-1.081,158.85,27.1,-147.31
509020.125000,-0.43,-0.115,-1.2,218.85,19.9,-177.34
509020.171000,-0.171,-0.412,-0.868,208.96,41.29,-193.33
509020.218000,-0.203,-0.411,-0.745,216.32,10.9,-220.65
509020.265000,0.301,-0.665,-0.71,278.66,-35.83,-237.71
509020.312000,0.398,-0.359,-0.759,247.63,44.68,-181.37
509020.359000,0.776,-0.373,-0.374,100.34,74.37,-169.65
509020.406000,0.699,-0.171,-0.279,189.37,135.62,-108.43
509020.453000,0.935,-0.247,-0.058,23.1,134.56,-97.6
509020.500000,0.913,-0.042,0.011,51.3,181.25,-62.04
509020.546000,0.978,-0.181,0.182,-7.63,195.35,-47.24
509020.593000,1.166,-0.154,0.301,-109.93,139.19,-57.07
509020.640000,1.412,-0.169,-0.048,-56.95,57.44,0.46
509020.687000,1.321,-0.112,0.252,-65.49,65.71,27.1
509020.734000,1.215,-0.27,0.342,-38.48,13.64,34.55
509020.781000,1.02,-0.32,0.405,-73.95,-38.85,-4.58
509020.828000,1.024,-0.389,0.204,-14.4,-81.64,11.17
509020.875000,1.057,-0.103,-0.046,-60.27,-97.29,17.85
509020.921000,1.124,-0.337,0.025,-45.53,-102.69,44.07
509020.968000,0.986,-0.309,-0.12,-80.32,-114.93,82.37
509021.015000,1.216,-0.605,0.03,-79.07,-142.31,58.08
509021.078000,0.979,-0.229,-0.348,-71.44,-121.22,92.96
509021.125000,0.765,-0.379,-0.323,-162.72,-140.6,118.26
509021.171000,0.615,-0.355,-0.416,-133.67,-94.52,143.47
509021.218000,0.07,-0.046,-0.515,-146.98,-54.9,168.25
509021.265000,-0.124,-0.042,-0.591,-172.03,20.33,146.0
509021.312000,-1.005,0.569,-1.412,-261.57,98.88,166.08
509021.359000,-0.954,0.003,-1.583,-510.3,9.28,85.33
509021.406000,-0.292,-1.039,-1.343,187.63,-49.84,171.36
509021.453000,-0.122,-0.211,-1.297,86.09,22.52,-87.56
509021.500000,-0.197,-0.006,-0.987,136.85,-23.19,-52.28
509021.546000,-0.217,-0.168,-1.449,175.08,-48.62,-79.99
509021.593000,-0.49,-0.458,-1.181,228.34,26.55,-141.06
509021.640000,-0.504,-0.588,-1.229,252.02,-8.18,-181.95
509021.687000,-0.254,-0.611,-0.845,300.39,34.18,-194.31
509021.734000,-0.147,-0.816,-0.584,195.23,-1.68,-220.5
509021.781000,0.392,-0.374,-0.385,255.84,25.88,-159.37
509021.828000,0.583,-0.267,0.063,143.44,57.25,-143.68
509021.875000,0.922,0.027,0.116,78.68,79.81,-147.31
509021.937000,1.146,0.109,0.088,63.57,69.0,-89.54
509021.984000,1.54,0.003,-0.32,-33.66,98.88,-70.13
509022.031000,1.381,0.225,-0.414,-17.73,73.61,-18.01
509022.078000,1.196,-0.039,-0.178,-134.77,64.3,20.87
509022.125000,1.237,-0.218,0.182,5.74,49.13,43.49
509022.171000,1.19,-0.214,0.339,-74.43,-3.72,15.14
509022.218000,1.139,-0.2,0.146,-5.65,-61.89,27.1
509022.265000,1.188,-0.272,0.031,-103.64,-94.76,9.52
509022.312000,1.18,-0.261,0.113,-61.95,-135.53,3.94
509022.359000,1.101,0.048,-0.231,-97.9,-168.16,67.23
509022.406000,1.131,-0.416,-0.245,-135.69,-202.7,125.61
509022.453000,1.048,-0.183,-0.43,-99.12,-82.4,73.85
509022.500000,0.579,-0.101,-0.331,-151.1,-96.41,171.12
509022.546000,0.237,-0.078,-0.527,-201.18,-110.48,246.71
509022.593000,-0.285,0.142,-0.651,-221.5,-27.22,256.23
509022.640000,-1.227,0.644,-1.374,-328.62,18.4,288.06
509022.687000,-1.303,-0.326,-1.272,-409.25,1.71,271.46
509022.734000,0.226,-1.788,-1.15,104.65,-90.03,82.64
509022.781000,-0.351,0.826,-1.551,259.22,33.78,-156.68
509022.828000,-0.334,-0.025,-0.894,180.12,-42.57,-51.0
509022.875000,-0.529,0.038,-1.16,147.47,-100.07,-116.73
509022.937000,-0.49,-0.337,-1.347,106.42,-37.42,-170.08
509022.984000,-0.602,-0.247,-1.016,256.2,-1.13,-207.8
509023.031000,-0.124,-0.64,-0.699,208.99,-17.4,-227.64
509023.078000,0.105,-0.495,-0.593,257.94,14.59,-182.62
509023.125000,0.367,-0.508,-0.265,136.33,32.96,-183.6
509023.171000,0.761,-0.363,-0.287,208.9,48.37,-127.05
509023.218000,0.879,-0.459,-0.094,124.3,39.03,-85.63
509023.265000,0.961,-0.325,-0.227,140.69,74.95,-101.29
509023.312000,1.168,-0.428,-0.036,107.82,61.77,-76.88
509023.359000,1.198,-0.186,-0.329,28.08,70.31,-89.3
509023.406000,1.248,-0.316,-0.544,-30.95,66.99,-31.1
509023.453000,1.021,-0.532,-0.138,-105.32,84.2,17.52
509023.500000,1.093,-0.567,0.188,-8.3,57.71,21.64
509023.546000,1.089,-0.443,0.19,-57.5,0.43,3.51
509023.593000,1.076,-0.579,0.142,-28.5,-48.01,-2.81
509023.640000,1.061,-0.362,-0.138,-79.59,-75.23,-5.8
509023.687000,1.088,-0.473,-0.114,-70.19,-82.43,-3.3
509023.734000,1.115,-0.122,-0.27,-84.69,-96.9,10.35
509023.781000,1.102,-0.159,-0.094,-76.39,-138.74,70.65
509023.828000,1.175,-0.211,-0.438,-105.87,-94.24,55.36
509023.875000,1.057,-0.183,-0.122,-116.58,-64.97,96.65
509023.921000,0.756,0.006,-0.281,-82.0,-88.11,167.21
509023.968000,0.304,-0.002,-0.489,-222.69,-75.78,275.0
509024.015000,-0.106,0.087,-0.843,-303.54,-0.46,289.16
509024.062000,-1.49,0.693,-1.303,-442.37,128.33,297.1
509024.125000,-1.685,-0.339,-2.046,-414.75,-36.41,266.58
509024.171000,0.443,-0.983,-0.796,-6.2,46.45,-129.7
509024.218000,-0.138,1.251,-1.176,156.53,84.93,-63.11
509024.265000,-0.113,-0.009,-0.845,62.96,-38.24,-79.53
509024.312000,-0.288,0.206,-1.456,303.63,-56.4,-90.76
509024.375000,-0.419,-0.186,-1.272,227.88,34.36,-193.12
509024.421000,-0.355,-0.333,-1.148,304.51,37.51,-198.0
509024.468000,-0.109,-0.443,-0.676,414.81,33.14,-202.52
509024.515000,0.072,-0.527,-0.796,282.24,9.28,-254.68
509024.562000,0.569,-0.436,-0.193,320.78,85.06,-118.87
509024.609000,0.661,-0.243,-0.184,92.68,70.25,-149.54
509024.656000,0.863,0.027,0.221,203.25,124.91,-114.02
509024.703000,1.071,-0.134,0.369,1.43,86.09,-96.59
509024.750000,1.082,0.163,0.595,95.77,131.44,-92.56
509024.796000,1.291,0.014,0.311,-40.41,35.62,-63.51
509024.843000,1.339,-0.015,-0.351,-77.24,-1.37,-6.47
509024.890000,1.436,-0.3,-0.257,-160.13,1.65,15.53
509024.937000,1.149,-0.14,0.154,6.01,52.55,30.58
509025.000000,1.139,-0.372,0.285,-86.89,-36.44,27.04
509025.046000,1.13,-0.216,-0.039,-36.07,-76.57,24.08
509025.109000,1.183,-0.432,-0.061,-70.56,-86.15,59.27
509025.156000,1.1,-0.279,-0.097,-63.69,-51.7,41.23
509025.203000,1.022,-0.301,0.028,-136.3,-121.74,97.75
509025.250000,1.235,-0.279,-0.402,-109.01,-85.39,41.99
509025.296000,0.798,-0.324,0.096,-185.28,-76.88,121.56
509025.343000,0.793,-0.284,-0.186,-172.0,-136.2,169.71
509025.390000,0.523,-0.313,-0.347,-275.61,-139.9,220.86
509025.453000,-0.088,0.002,-0.711,-314.07,-30.18,232.73
509025.500000,-0.746,0.448,-0.887,-305.15,14.07,211.74
509025.546000,-1.706,0.898,-1.516,-356.06,59.6,213.26
509025.593000,-1.221,-1.232,-1.548,-311.78,-88.63,247.81
509025.640000,-0.023,0.411,-1.268,302.38,-9.31,-187.08
509025.687000,-0.241,0.695,-1.185,21.27,80.26,-35.49
509025.734000,-0.302,-0.028,-0.654,10.93,-52.34,-64.91
509025.781000,-0.205,0.124,-1.601,218.88,-79.01,-70.99
509025.828000,-0.385,-0.232,-1.108,211.19,41.41,-135.65
509025.875000,-0.572,-0.358,-1.224,185.22,14.77,-171.88
509025.921000,-0.227,-0.627,-0.771,283.88,52.86,-180.15
509025.968000,-0.237,-0.52,-0.821,312.36,24.99,-159.52
509026.015000,0.266,-0.716,-0.301,265.33,-4.97,-195.75
509026.062000,0.357,-0.438,-0.532,268.53,31.31,-162.14
509026.109000,0.753,-0.491,-0.139,137.12,46.6,-158.64
509026.156000,0.712,-0.327,-0.184,196.69,69.12,-109.71
509026.203000,0.961,-0.234,0.199,83.9,86.86,-121.1
509026.250000,1.208,-0.122,0.334,71.6,72.94,-117.71
509026.296000,1.175,-0.025,-0.201,-20.2,44.8,-96.38
509026.343000,1.288,0.121,-0.2,-36.96,84.08,-49.53
509026.390000,1.213,0.047,-0.306,-96.44,56.43,8.82
509026.437000,1.085,-0.263,0.166,-54.84,60.98,29.02
509026.484000,0.96,-0.221,0.238,-10.74,19.1,28.75
509026.531000,1.009,-0.358,0.245,-16.27,-15.5,23.07
509026.578000,1.045,-0.301,0.027,5.74,-19.62,25.57
509026.625000,0.955,-0.46,0.175,-19.07,10.96,27.1
509026.671000,0.872,-0.562,0.347,22.25,-33.94,34.3
509026.718000,0.866,-0.626,0.285,24.51,-43.58,36.68
509026.781000,0.771,-0.551,0.375,27.25,-56.83,8.0
509026.828000,0.743,-0.536,0.177,-2.29,-51.18,-2.87
509026.875000,0.789,-0.588,0.294,11.9,-47.36,-7.51
509026.921000,0.698,-0.712,0.048,-3.17,-18.52,-9.77
509026.968000,0.584,-0.771,0.32,-48.19,-6.5,-43.43
509027.015000,0.576,-0.673,0.138,11.14,-32.99,-32.14
509027.062000,0.665,-0.658,-0.12,2.9,-18.07,-49.17
509027.109000,0.789,-0.432,-0.16,-13.03,-5.46,-33.08
509027.156000,0.992,-0.405,-0.219,17.58,15.81,-18.07
509027.203000,0.988,-0.463,-0.061,18.07,34.55,-1.25
509027.250000,1.004,-0.529,-0.04,10.35,12.6,-5.04
509027.296000,0.912,-0.481,0.093,6.5,20.29,-16.94
509027.343000,0.889,-0.362,0.008,-8.24,-1.5,-19.5
509027.390000,0.852,-0.337,0.086,-13.06,10.41,-11.35
509027.437000,0.894,-0.353,-0.014,-6.93,5.62,1.8
509027.484000,0.869,-0.419,0.096,-26.7,15.11,-0.7
509027.531000,0.931,-0.367,0.086,-3.69,10.83,5.25
509027.578000,0.93,-0.369,0.076,-10.22,16.3,0.67
509027.625000,0.935,-0.388,0.138,-24.05,5.1,0.79
509027.671000,0.944,-0.396,0.046,-22.22,2.29,-5.65
509027.718000,0.908,-0.341,0.103,-16.42,4.61,-5.25
509027.765000,0.905,-0.404,0.07,-18.37,4.36,-3.11
509027.812000,0.887,-0.363,0.123,-13.03,1.98,-6.2
509027.859000,0.916,-0.36,0.037,-3.51,2.62,-3.23
509027.906000,0.907,-0.344,0.112,-6.65,6.01,-1.65
509027.953000,0.903,-0.367,0.09,2.78,4.73,1.56
509028.000000,0.905,-0.382,0.114,-3.3,2.38,0.79
509028.046000,0.908,-0.369,0.104,7.11,-3.02,6.44
509028.093000,0.912,-0.379,0.064,-0.79,-3.11,2.17
509028.140000,0.913,-0.372,0.057,5.71,-1.31,3.66
509028.187000,0.917,-0.388,0.06,4.06,0.58,2.01
509028.234000,0.903,-0.388,0.069,3.02,-0.06,4.67
509028.281000,0.907,-0.426,0.071,1.71,-1.62,3.17
509028.328000,0.906,-0.39,0.054,0.61,-2.47,1.71
509028.375000,0.9,-0.399,0.061,-3.08,-0.31,1.4
509028.421000,0.9,-0.397,0.071,0.52,0.03,1.62
509028.468000,0.893,-0.374,0.051,0.03,0.52,2.5
509028.515000,0.904,-0.415,0.062,-1.13,2.01,4.82
509028.562000,0.901,-0.414,0.069,-2.32,1.68,0.85
509028.609000,0.905,-0.405,0.068,-0.09,1.46,2.56
509028.656000,0.899,-0.387,0.057,-1.5,0.09,2.72
509028.703000,0.895,-0.429,0.068,-3.88,0.82,1.77
509028.750000,0.905,-0.401,0.068,1.68,2.59,1.43
509028.796000,0.892,-0.392,0.058,-0.95,2.08,2.32
509028.843000,0.903,-0.418,0.077,1.22,3.54,2.11
509028.890000,0.891,-0.385,0.067,-1.22,1.77,1.04
509028.937000,0.89,-0.406,0.069,-1.37,0.73,3.3
509028.984000,0.896,-0.435,0.081,0.03,1.16,2.56
509029.031000,0.893,-0.425,0.077,0.15,0.43,1.68
509029.078000,0.896,-0.426,0.081,0.03,0.27,-0.21
509029.125000,0.898,-0.406,0.063,0.03,-0.24,-0.52
509029.171000,0.898,-0.384,0.072,1.25,0.89,2.41
509029.218000,0.89,-0.427,0.088,0.43,-0.06,1.83
509029.265000,0.892,-0.413,0.076,1.16,-0.46,0.12
509029.312000,0.895,-0.396,0.072,2.96,1.1,0.06
509029.359000,0.889,-0.406,0.079,-0.21,0.76,1.53
509029.406000,0.885,-0.411,0.073,0.37,0.4,3.27
509029.453000,0.893,-0.421,0.07,-0.09,-0.06,3.2
509029.500000,0.892,-0.446,0.077,1.13,1.68,1.77
509029.546000,0.898,-0.433,0.069,0.64,0.76,-0.31
509029.593000,0.891,-0.409,0.065,0.58,1.98,-0.15
509029.640000,0.885,-0.428,0.092,-0.24,1.71,0.61
509029.687000,0.881,-0.417,0.081,-0.52,0.64,0.64
509029.734000,0.884,-0.424,0.08,-0.61,1.25,2.11
509029.781000,0.885,-0.439,0.085,0.55,1.95,1.98
509029.828000,0.89,-0.417,0.088,0.64,1.5,2.41
509029.875000,0.89,-0.446,0.087,-0.7,1.01,3.85
509029.921000,0.888,-0.461,0.085,-0.34,0.82,1.07
509029.968000,0.897,-0.421,0.069,1.13,-0.21,0.27
509030.031000,0.888,-0.452,0.086,-0.85,0.24,-0.79
509030.078000,0.886,-0.437,0.081,-1.28,-0.4,-1.56
509030.125000,0.882,-0.44,0.084,-0.76,0.09,-1.46
509030.171000,0.889,-0.429,0.079,-0.34,0.98,-2.35
509030.218000,0.885,-0.41,0.078,-0.98,1.07,-1.34
509030.265000,0.884,-0.426,0.089,-1.34,0.18,0.79
509030.312000,0.888,-0.439,0.09,0.34,0.92,-0.58
509030.359000,0.89,-0.431,0.083,-0.98,-0.85,-0.85
509030.406000,0.893,-0.419,0.078,1.59,0.55,-1.53
509030.453000,0.892,-0.423,0.071,0.55,-0.15,-1.65
509030.500000,0.895,-0.414,0.077,1.16,1.04,-0.73
509030.546000,0.882,-0.416,0.087,0.37,0.64,-1.5
509030.593000,0.892,-0.423,0.079,-0.82,-1.25,-0.46
509030.640000,0.887,-0.413,0.067,-0.46,-0.49,0.7
509030.687000,0.892,-0.431,0.078,0.21,0.76,-1.13
509030.734000,0.888,-0.412,0.078,-0.4,0.85,-1.1
509030.781000,0.9,-0.421,0.075,-1.43,-0.34,-0.4
509030.828000,0.892,-0.415,0.079,0.67,0.31,-0.27
509030.875000,0.886,-0.411,0.072,-1.28,-0.03,-0.89
509030.921000,0.889,-0.434,0.078,-0.46,-0.67,-0.31
509030.968000,0.892,-0.413,0.067,0.03,-0.18,-1.19
509031.015000,0.895,-0.418,0.073,-1.04,1.74,-0.49
509031.062000,0.889,-0.411,0.078,-0.52,1.07,-0.27
509031.109000,0.899,-0.431,0.084,0.37,0.27,-0.98
509031.156000,0.898,-0.418,0.071,0.31,0.03,-1.37
509031.203000,0.901,-0.43,0.08,0.24,1.01,-2.81
509031.250000,0.892,-0.391,0.071,0.0,-0.03,-2.72
509031.296000,0.894,-0.406,0.067,0.67,0.18,-0.24
509031.343000,0.894,-0.402,0.072,-0.4,-0.03,-0.58
509031.390000,0.896,-0.404,0.078,-0.15,0.0,0.64
509031.437000,0.898,-0.433,0.078,0.58,-0.46,-0.37
509031.484000,0.895,-0.41,0.062,-0.79,-0.49,-2.5
509031.531000,0.904,-0.404,0.067,0.34,2.35,-0.43
509031.578000,0.884,-0.413,0.08,0.64,0.58,-1.65
509031.625000,0.899,-0.39,0.071,-0.24,0.37,-1.16
509031.671000,0.896,-0.393,0.068,0.46,0.76,0.67
509031.718000,0.903,-0.416,0.076,-1.01,0.98,-0.82
509031.781000,0.91,-0.404,0.076,-0.49,0.61,-0.61
509031.828000,0.902,-0.408,0.07,0.76,0.27,-1.71
509031.875000,0.893,-0.392,0.073,-0.09,-0.15,-0.82
509031.921000,0.887,-0.416,0.077,-0.21,-0.24,-1.34
509031.968000,0.886,-0.389,0.087,3.36,0.76,-0.09
509032.015000,0.902,-0.405,0.069,0.43,-0.37,0.15
509032.062000,0.906,-0.401,0.069,3.97,1.1,-0.06
509032.109000,0.903,-0.415,0.081,0.46,0.89,-0.76
509032.156000,0.896,-0.407,0.074,1.28,1.16,-0.73
509032.203000,0.891,-0.402,0.08,1.71,2.32,-0.15
509032.250000,0.894,-0.405,0.076,0.03,1.86,0.0
509032.296000,0.896,-0.415,0.077,-3.11,3.97,-0.7
509032.343000,0.903,-0.405,0.079,-3.51,4.39,-0.67
509032.390000,0.904,-0.399,0.07,-5.1,4.52,-3.69
509032.437000,0.902,-0.395,0.072,-4.67,6.78,-3.69
509032.484000,0.919,-0.403,0.076,-8.88,6.74,-4.82
509032.531000,1.042,-0.334,0.097,-11.72,-2.78,-5.8
509032.578000,1.276,-0.152,0.033,-56.73,-34.64,2.87
509032.625000,1.511,0.11,0.091,-100.19,-99.34,44.43
509032.671000,1.492,0.295,-0.263,-238.56,-168.22,100.07
509032.718000,1.491,0.237,-0.173,-249.06,-193.37,136.11
509032.765000,1.282,0.064,-0.428,-272.38,-227.18,215.77
509032.828000,0.918,0.097,-0.476,-290.05,-180.82,252.36
509032.875000,-0.043,1.296,-0.551,-164.25,-40.19,260.38
509032.937000,-3.796,0.708,-2.403,-547.69,123.97,392.19
509032.984000,-0.376,-3.47,-1.473,-152.38,-236.58,282.69
509033.031000,-1.486,1.423,-1.955,501.17,-19.5,-247.72
509033.078000,-0.485,-0.149,-1.389,80.23,-23.38,-174.72
509033.140000,-0.969,-0.0,-1.449,253.46,25.7,-245.64
509033.187000,-0.462,-0.372,-1.423,299.54,32.62,-239.91
509033.234000,-0.258,-0.527,-0.834,353.34,60.34,-262.86
509033.281000,0.021,-0.469,-0.171,206.82,167.58,-285.32
509033.328000,0.578,-0.101,-0.198,307.38,77.15,-184.39
509033.375000,1.164,0.081,0.246,114.57,162.6,-118.72
509033.421000,1.581,0.21,0.042,70.86,162.76,-138.86
509033.468000,1.506,0.428,-0.005,-45.72,169.9,-86.95
509033.515000,1.544,0.821,-0.34,-142.49,74.34,0.31
509033.562000,1.442,0.365,0.552,-75.38,34.15,58.26
509033.609000,1.224,0.147,0.55,-95.83,-64.64,47.55
509033.656000,1.213,0.026,0.125,-88.5,-157.54,72.3
509033.703000,1.493,0.034,-0.202,-53.1,-147.86,66.23
509033.750000,1.214,-0.056,0.078,-96.68,-168.4,96.1
509033.796000,1.32,-0.142,-0.301,-155.28,-188.94,144.93
509033.843000,0.704,-0.127,-0.214,-194.1,-157.23,188.63
509033.890000,0.48,-0.069,-0.334,-176.64,-119.72,225.53
509033.937000,-0.259,0.529,-0.707,-155.43,-10.71,271.83
509033.984000,-2.428,1.767,-2.009,-383.77,203.07,230.45
509034.031000,-1.84,-3.986,-2.233,-407.97,-249.86,400.19
509034.078000,-1.08,1.517,-2.718,401.2,226.66,-317.33
509034.125000,-0.273,0.13,-0.694,117.62,-123.02,-7.57
509034.171000,-0.216,-0.134,-1.859,157.14,-95.13,-86.49
509034.218000,-0.601,-0.339,-1.094,227.12,4.91,-150.15
509034.265000,-0.765,-0.364,-1.112,269.14,-33.81,-200.84
509034.312000,-0.478,-0.547,-0.763,229.38,-11.44,-216.62
509034.359000,-0.248,-0.504,-0.775,210.12,-31.07,-244.85
509034.406000,0.315,-0.487,-0.275,316.35,22.06,-198.95
509034.453000,0.491,-0.321,-0.126,256.87,42.27,-161.75
509034.500000,0.789,-0.245,-0.256,193.15,83.32,-144.81
509034.546000,1.35,-0.342,-0.021,201.64,104.5,-137.49
509034.593000,1.634,-0.114,-0.463,18.77,68.48,-68.79
509034.656000,1.579,-0.006,-1.079,-105.41,76.11,-12.09
509034.703000,1.352,-0.435,0.161,-107.39,54.51,5.01
509034.750000,1.007,-0.223,0.006,-59.66,-36.41,-14.34
509034.796000,1.09,-0.276,-0.184,-40.35,-114.11,19.96
509034.843000,1.389,-0.185,-0.476,-102.88,-88.29,27.31
509034.890000,1.224,-0.156,0.036,-79.93,-70.96,51.94
509034.937000,1.393,0.027,-0.368,-104.25,-82.77,82.4
509034.984000,1.183,-0.132,0.066,-263.89,-83.22,133.61
509035.031000,0.918,0.065,-0.44,-155.28,-155.52,226.51
509035.078000,0.33,0.053,-0.31,-270.85,-58.81,299.05
509035.125000,-0.81,0.927,-0.677,-149.66,-16.02,325.88
509035.171000,-3.084,1.007,-2.012,-511.37,92.1,321.73
509035.218000,-0.088,-2.216,-1.691,-392.38,-110.66,137.49
509035.265000,-0.652,0.963,-1.705,355.2,130.16,-169.65
509035.312000,-0.453,0.201,-0.841,-5.46,23.13,-23.44
509035.359000,-0.569,-0.068,-1.771,253.94,-8.36,-121.04
509035.406000,-0.734,-0.173,-1.278,202.28,62.72,-156.13
509035.453000,-0.713,-0.411,-0.953,268.93,17.33,-192.75
509035.500000,-0.48,-0.559,-0.693,324.08,-22.95,-232.83
509035.546000,-0.028,-0.579,-0.57,297.71,-38.51,-231.88
509035.593000,0.454,-0.404,-0.35,255.56,-7.11,-196.26
509035.656000,0.816,-0.181,-0.174,175.85,30.76,-154.0
509035.703000,1.108,-0.101,-0.307,150.7,65.68,-132.05
509035.750000,1.572,0.08,-0.471,70.38,76.42,-136.75
509035.796000,1.561,0.122,-1.111,-61.04,76.24,-47.24
509035.843000,1.142,-0.088,-0.503,-47.46,135.65,-17.58
509035.890000,1.014,-0.306,0.103,-84.51,63.2,15.17
509035.937000,1.062,-0.36,0.198,14.07,27.89,-4.09
509035.984000,0.934,-0.353,0.243,10.1,-17.85,9.37
509036.031000,0.908,-0.391,0.041,21.67,-9.52,-1.95
509036.078000,0.842,-0.482,0.153,7.26,-19.99,4.06
509036.125000,0.821,-0.558,0.052,4.46,6.71,-7.63
509036.171000,0.724,-0.524,0.256,32.32,-6.38,-4.46
509036.218000,0.785,-0.532,0.083,-10.38,-24.81,5.01
509036.265000,0.663,-0.742,-0.048,-69.12,-17.15,11.38
509036.312000,0.629,-0.879,0.14,-115.09,-1.13,-42.3
509036.359000,0.702,-0.629,0.092,62.96,-6.13,-2.87
509036.406000,0.83,-0.426,0.028,13.12,-1.22,-15.26
509036.453000,0.887,-0.415,-0.069,39.22,-3.45,0.21
509036.500000,1.01,-0.411,-0.227,9.77,3.3,-0.49
509036.546000,0.995,-0.604,-0.056,33.36,21.21,-0.18
509036.593000,0.913,-0.509,0.015,6.35,22.19,-28.69
509036.640000,0.822,-0.432,0.094,17.15,17.21,-17.09
509036.687000,0.81,-0.417,0.058,3.48,15.41,-23.47
509036.734000,0.836,-0.309,0.123,-6.74,6.44,-5.22
509036.781000,0.892,-0.436,-0.032,-15.11,-1.56,0.95
509036.828000,0.917,-0.45,0.085,-9.22,13.34,-3.66
509036.875000,0.922,-0.445,0.027,-18.04,18.16,-19.1
509036.921000,0.885,-0.323,0.172,1.5,16.14,-10.07
509036.968000,0.933,-0.338,0.111,-21.94,7.66,-10.22
509037.015000,0.901,-0.33,0.136,2.17,2.75,-3.45
509037.062000,0.924,-0.375,0.024,-4.24,-1.56,5.65
509037.109000,0.901,-0.388,0.123,1.04,4.49,3.14
509037.156000,0.909,-0.368,0.072,-1.28,2.72,2.99
509037.203000,0.902,-0.427,0.113,-5.58,0.98,5.4
509037.250000,0.924,-0.415,0.084,1.46,1.59,1.13
509037.296000,0.902,-0.382,0.057,-1.56,-0.06,-0.24
509037.359000,0.902,-0.413,0.093,4.33,4.64,0.09
509037.406000,0.9,-0.423,0.087,-12.73,2.96,-4.67
509037.453000,0.892,-0.402,0.105,-3.08,3.81,-4.97
509037.500000,0.907,-0.359,0.062,-6.84,3.08,-5.22
509037.546000,0.901,-0.377,0.104,-4.39,3.51,0.21
509037.593000,0.9,-0.403,0.085,-9.4,2.69,-2.01
509037.640000,0.905,-0.448,0.092,-5.4,3.88,-2.38
509037.687000,0.925,-0.453,0.068,-16.48,1.62,-7.35
509037.734000,0.954,-0.432,0.044,-16.45,1.53,-11.66
509037.781000,1.1,-0.323,0.124,-23.07,-10.47,-14.22
509037.828000,1.395,-0.15,-0.014,-53.93,-64.39,-17.98
509037.875000,1.698,0.623,-0.215,-156.29,-118.96,-36.74
509037.921000,1.533,0.824,-0.07,-223.43,-196.87,67.23
509037.968000,1.639,0.641,-0.114,-288.43,-255.07,183.17
509038.015000,0.957,0.892,-0.127,-211.25,-232.92,300.33
509038.062000,-0.068,0.955,-0.059,-236.24,-223.73,400.68
509038.109000,-2.326,1.619,-0.975,-243.72,-105.04,480.7
509038.156000,-4.0,1.198,-2.659,-677.21,-88.26,442.46
509038.203000,0.915,-3.876,-1.505,-358.53,-43.46,180.91
509038.250000,-1.641,1.898,-1.205,458.45,107.0,-275.15
509038.296000,-0.538,-0.025,-1.14,-47.46,-81.58,-101.05
509038.343000,-0.875,-0.003,-1.426,213.51,20.51,-222.3
509038.390000,-0.983,0.071,-1.394,287.88,16.54,-267.16
509038.437000,-0.514,-0.35,-0.925,370.65,40.59,-268.87
509038.484000,-0.141,-0.457,-0.602,350.41,40.99,-260.57
509038.531000,0.094,-0.411,-0.376,257.39,71.38,-274.33
509038.578000,0.545,-0.547,-0.274,163.03,119.51,-281.87
509038.625000,0.643,-0.27,-0.156,168.46,155.31,-229.16
509038.671000,1.133,0.382,0.296,91.04,222.54,-224.16
509038.718000,1.72,0.595,0.263,-41.84,82.61,-66.04
509038.765000,1.9,0.616,0.197,-87.89,34.03,-33.05
509038.828000,1.609,0.553,-0.364,-127.81,-93.48,28.08
509038.875000,1.122,0.304,-0.117,-79.74,-42.05,19.81
509038.921000,1.309,0.113,-0.206,-43.86,-104.16,122.35
509038.968000,1.297,-0.019,-0.14,-113.5,-67.08,107.3
509039.015000,1.172,0.073,-0.063,-142.83,-138.13,172.55
509039.062000,0.93,-0.052,-0.125,-189.52,-119.02,216.74
509039.109000,0.578,-0.046,-0.157,-173.19,-123.72,254.8
509039.156000,0.038,0.013,-0.337,-225.04,-80.45,284.28
509039.203000,-0.653,0.274,-0.662,-220.22,-62.04,305.86
509039.250000,-3.152,0.739,-2.083,-578.75,35.22,243.48
509039.296000,-0.461,-2.771,-2.47,-139.1,-108.52,291.76
509039.343000,-1.031,-0.054,-0.799,309.64,72.66,-216.04
509039.390000,-0.542,0.132,-0.976,37.93,-8.55,-74.68
509039.437000,-0.734,-0.135,-1.324,94.36,-8.3,-160.86
509039.484000,-0.8,-0.261,-1.47,152.1,41.32,-178.26
509039.531000,-0.923,-0.399,-1.078,186.83,67.66,-227.61
509039.578000,-0.653,-0.779,-0.917,289.62,11.66,-239.88
509039.625000,-0.191,-0.474,-0.745,305.7,-30.52,-247.72
509039.671000,0.249,-0.379,-0.325,184.33,2.44,-226.6
509039.718000,0.366,-0.101,-0.372,194.95,-9.86,-205.02
509039.765000,0.871,-0.235,-0.082,118.99,49.47,-144.63
509039.812000,1.138,-0.091,0.056,130.1,62.53,-181.1
509039.859000,1.719,-0.134,-0.515,88.23,40.31,-131.23
509039.906000,1.229,0.546,-0.987,-53.96,34.97,-40.44
509039.953000,1.428,0.016,-0.785,-60.27,70.62,55.24
509040.000000,1.078,-0.443,0.049,-119.27,36.96,65.95
509040.046000,1.041,-0.305,-0.313,-43.21,-50.29,48.98
509040.093000,1.103,-0.258,-0.446,-125.92,-62.99,59.63
509040.140000,1.159,-0.217,-0.535,-136.97,-88.17,88.17
509040.187000,1.187,-0.049,-0.551,-136.51,-59.54,123.48
509040.234000,1.049,-0.004,-0.383,-162.3,-88.29,178.87
509040.281000,0.889,-0.1,-0.459,-248.39,-72.21,259.19
509040.328000,0.496,-0.256,-0.561,-197.27,-101.5,341.81
509040.375000,-0.251,-0.011,-0.661,-277.66,8.48,340.71
509040.421000,-1.774,0.668,-1.194,-394.12,161.38,238.96
509040.468000,-1.749,0.023,-1.119,-429.94,-58.05,275.49
509040.515000,-0.328,-1.578,-0.93,-233.95,-121.16,108.43
509040.562000,-0.666,0.997,-1.401,427.66,-41.84,-144.2
509040.609000,-0.403,-0.049,-1.443,110.63,-40.07,-152.78
509040.656000,-0.649,-0.038,-1.355,255.53,17.21,-191.38
509040.703000,-0.65,-0.17,-1.452,237.5,19.5,-205.3
509040.750000,-0.539,-0.318,-0.773,277.72,64.12,-259.68
509040.796000,-0.201,-0.476,-0.766,213.97,35.86,-232.58
509040.843000,0.366,-0.67,-0.432,285.99,22.52,-204.75
509040.890000,0.48,-0.337,-0.548,216.41,33.08,-156.96
509040.937000,0.851,-0.375,-0.113,150.4,75.81,-158.42
509040.984000,0.87,-0.251,-0.035,199.56,99.58,-105.69
509041.031000,1.111,-0.431,-0.002,-12.15,53.83,-138.52
509041.078000,0.978,0.034,0.253,186.56,143.1,-123.39
509041.125000,1.121,0.049,0.012,16.69,54.66,-98.18
509041.187000,1.159,0.054,0.017,38.85,35.25,-17.12
509041.234000,1.301,-0.285,-0.091,-132.94,-11.51,-42.54
509041.281000,1.018,-0.356,0.187,29.54,5.46,32.26
509041.328000,0.921,-0.3,0.251,-10.56,23.01,-12.54
509041.375000,0.836,-0.339,0.319,19.84,-8.88,17.27
509041.421000,0.903,-0.393,0.241,-22.61,0.12,-16.6
509041.468000,0.842,-0.324,0.252,-4.06,-13.92,4.27
509041.515000,0.904,-0.412,0.223,-13.34,0.52,-12.54
509041.562000,0.87,-0.327,0.198,1.28,-10.53,0.89
509041.609000,0.894,-0.336,0.179,1.86,-1.59,-10.59
509041.656000,0.883,-0.31,0.165,-22.25,-12.45,-7.23
509041.703000,0.911,-0.332,0.185,15.96,1.5,-4.43
509041.750000,0.911,-0.303,0.209,-10.44,-7.78,-1.34
509041.796000,0.923,-0.354,0.168,11.47,1.37,-5.71
509041.843000,0.904,-0.291,0.173,-7.23,-6.38,-3.69
509041.890000,0.914,-0.335,0.155,-15.5,-9.31,-3.11
509041.937000,0.93,-0.274,0.136,0.49,-3.42,5.01
509041.984000,0.931,-0.353,0.136,-15.08,1.04,2.08
509042.031000,0.915,-0.354,0.218,-9.34,-0.43,-2.17
509042.078000,0.915,-0.329,0.156,-7.48,2.47,-0.55
509042.140000,0.905,-0.29,0.201,-5.1,-1.53,3.02
509042.187000,0.923,-0.359,0.122,-12.7,-4.67,3.14
509042.234000,0.897,-0.376,0.159,-20.91,-0.7,-1.16
509042.281000,0.928,-0.387,0.112,-8.42,-3.11,2.5
509042.328000,0.92,-0.397,0.178,-7.14,5.83,-6.23
509042.375000,0.915,-0.341,0.154,1.31,2.29,-3.6
509042.421000,0.904,-0.345,0.158,-1.83,1.68,-7.32
509042.468000,0.912,-0.327,0.142,1.74,-0.12,-8.36
509042.515000,0.915,-0.349,0.129,-1.4,2.23,-6.53
509042.562000,0.915,-0.333,0.155,0.58,1.1,-8.33
509042.609000,0.931,-0.319,0.13,0.24,0.4,-8.73
509042.656000,0.98,-0.141,0.1,-13.09,-4.09,-7.84
509042.703000,1.245,0.006,0.036,-50.6,-25.39,8.24
509042.750000,1.495,0.202,-0.087,-149.14,-104.65,43.03
509042.796000,1.6,0.485,-0.326,-212.5,-178.69,92.93
509042.843000,1.483,0.433,-0.174,-272.59,-193.91,165.41
509042.890000,1.285,0.293,-0.302,-278.02,-203.01,222.75
509042.937000,0.612,0.214,-0.104,-315.32,-199.29,277.44
509042.984000,-0.138,0.72,-0.486,-186.96,-144.23,335.15
509043.031000,-2.763,1.29,-1.608,-326.98,0.92,355.94
509043.078000,-1.894,-2.227,-1.679,-197.79,-179.91,390.3
509043.125000,-0.107,-1.283,-1.169,249.86,46.48,-272.26
509043.171000,-0.658,0.016,-1.127,128.09,27.8,-164.65
509043.218000,-1.074,-0.229,-1.063,154.55,10.74,-244.7
509043.265000,-0.728,-0.427,-1.286,312.97,-35.74,-235.21
509043.312000,-0.476,-0.569,-0.756,266.09,-15.38,-294.5
509043.359000,-0.051,-0.346,-0.619,329.45,5.19,-270.97
509043.406000,0.155,-0.463,-0.219,168.52,-9.28,-206.88
509043.453000,0.773,-0.298,-0.268,333.14,59.42,-222.85
509043.500000,1.257,0.036,0.157,170.32,91.25,-182.71
509043.546000,1.707,0.217,-0.968,43.0,31.04,-130.16
509043.593000,1.71,0.678,-0.902,-3.23,102.57,-89.54
509043.640000,1.556,0.544,-1.099,-109.62,52.34,48.8
509043.687000,1.014,-0.223,0.311,-136.2,42.3,42.02
509043.734000,0.996,-0.276,0.008,-74.01,-74.68,61.8
509043.781000,1.158,-0.267,-0.223,-83.62,-87.34,41.81
509043.828000,1.105,-0.149,-0.317,-22.92,-78.71,51.73
509043.875000,1.298,-0.338,-0.247,-129.52,-86.09,95.61
509043.921000,1.178,-0.017,-0.308,-69.43,-72.08,62.59
509043.968000,1.018,0.116,-0.296,-138.89,-82.13,135.32
509044.015000,0.704,0.04,-0.269,-141.12,-110.57,213.51
509044.062000,0.268,0.017,-0.447,-166.14,-93.42,318.16
509044.109000,-0.135,0.055,-0.708,-171.27,-15.17,343.21
509044.156000,-1.909,0.729,-1.486,-349.62,220.01,307.9
509044.203000,-2.412,0.552,-2.082,-549.42,5.68,273.78
509044.250000,0.458,-2.885,-1.378,-195.35,-29.45,76.45
509044.296000,-0.422,1.186,-1.174,267.1,137.0,-132.02
509044.343000,-0.074,-0.061,-0.632,7.32,-48.19,-14.28
509044.390000,-0.024,-0.109,-1.274,130.04,-75.26,-50.08
509044.437000,-0.236,-0.375,-1.105,181.92,-49.62,-93.63
509044.484000,-0.407,-0.673,-1.2,290.11,-5.13,-153.08
509044.531000,-0.515,-0.761,-0.979,194.37,13.18,-245.7
509044.578000,-0.291,-0.804,-0.688,264.84,-1.98,-211.62
509044.625000,-0.089,-0.621,-0.452,235.79,18.83,-205.15
509044.671000,0.352,-0.75,-0.09,225.99,23.59,-183.05
509044.718000,0.447,-0.607,-0.142,141.88,24.23,-178.75
509044.765000,0.871,-0.248,0.2,139.13,74.83,-190.47
509044.812000,1.053,0.12,0.225,34.94,40.8,-184.18
509044.859000,1.43,0.379,-0.383,16.57,25.03,-125.61
509044.906000,1.402,0.643,-0.593,-72.66,10.35,-97.6
509044.953000,1.129,0.646,-0.69,-50.23,42.97,22.37
509045.000000,1.219,-0.064,-0.153,-81.67,29.51,59.36
509045.046000,1.111,-0.274,0.233,16.33,31.89,35.55
509045.093000,1.034,-0.315,0.065,-0.95,-11.72,6.99
509045.140000,1.005,-0.221,0.013,86.52,17.49,-2.11
509045.187000,0.939,-0.207,-0.0,42.57,11.99,12.45
509045.234000,0.895,-0.19,0.232,61.22,12.85,20.84
509045.281000,0.902,-0.273,0.226,47.82,3.02,37.32
509045.328000,0.834,-0.34,0.349,39.86,-13.34,45.26
509045.375000,0.774,-0.43,0.319,14.95,-27.89,25.18
509045.437000,0.778,-0.621,0.275,18.19,-32.2,34.21
509045.484000,0.716,-0.631,0.228,24.93,-30.09,19.75
509045.531000,0.759,-0.712,0.17,23.22,-37.63,17.73
509045.578000,0.788,-0.66,0.081,29.6,-30.79,7.39
509045.625000,0.852,-0.647,-0.002,29.88,-21.64,8.09
509045.671000,0.841,-0.599,0.021,-16.72,-11.6,-15.41
509045.718000,0.863,-0.474,-0.037,5.34,-14.04,-6.35
509045.765000,0.889,-0.442,-0.002,-16.3,4.7,-5.89
509045.812000,0.824,-0.445,0.067,3.23,12.15,4.88
509045.859000,0.844,-0.48,0.084,-24.14,11.11,-0.18
509045.906000,0.829,-0.506,0.119,-15.53,11.02,4.27
509045.953000,0.893,-0.528,0.015,-22.4,3.51,0.34
509046.000000,0.863,-0.494,0.061,-22.52,10.53,-7.57
509046.046000,0.87,-0.487,0.026,-9.16,15.23,-8.18
509046.093000,0.863,-0.446,0.112,-8.51,16.02,-10.35
509046.140000,0.876,-0.422,0.131,-0.76,15.84,-7.05
509046.187000,0.869,-0.35,0.077,-15.59,4.46,-4.18
509046.234000,0.896,-0.436,0.04,-23.56,2.17,-2.5
509046.281000,0.892,-0.459,0.065,-9.4,8.09,1.34
509046.328000,0.881,-0.463,0.066,-8.15,8.48,1.56
509046.375000,0.853,-0.46,0.101,-17.64,9.06,-1.37
509046.421000,0.866,-0.474,0.121,-2.99,7.35,2.53
509046.484000,0.873,-0.464,0.062,-17.15,2.08,-5.77
509046.531000,0.893,-0.476,0.07,-8.73,3.42,-0.49
509046.593000,0.894,-0.468,0.093,-19.75,1.86,-10.13
509046.656000,0.862,-0.442,0.045,-25.06,-0.49,-17.79
509046.703000,0.932,-0.437,0.072,-1.59,-3.2,-12.88
509046.750000,0.879,-0.344,0.016,9.86,4.76,-13.21
509046.796000,0.887,-0.36,0.057,2.75,1.59,-4.12
509046.843000,0.894,-0.356,0.05,9.06,2.47,0.92
509046.890000,0.904,-0.415,0.079,-1.62,1.86,5.22
509046.937000,0.898,-0.441,0.064,2.04,0.58,2.5
509046.984000,0.914,-0.443,0.062,-4.39,-1.5,-0.4
509047.031000,0.897,-0.417,0.049,-0.61,0.82,-3.23
509047.078000,0.916,-0.412,0.045,-5.71,1.4,-1.34
509047.125000,0.9,-0.408,0.028,-6.44,3.85,-4.97
509047.171000,0.894,-0.409,0.052,-9.61,4.39,-4.39
509047.218000,0.905,-0.383,0.057,-4.88,6.04,-4.52
509047.265000,0.989,-0.341,0.081,-6.44,1.19,-2.84
509047.312000,1.136,-0.247,-0.065,-23.71,-15.47,0.7
509047.359000,1.353,-0.037,-0.169,-79.38,-52.71,19.23
509047.406000,1.502,0.305,-0.289,-180.49,-141.54,90.46
509047.453000,1.505,0.46,-0.34,-283.85,-178.81,134.1
509047.500000,1.288,0.179,-0.355,-237.22,-220.19,249.24
509047.546000,0.962,-0.131,-0.452,-280.98,-197.27,313.15
509047.593000,0.264,0.277,-0.439,-151.37,-71.32,297.95
509047.640000,-1.693,1.433,-0.764,-167.12,42.48,315.99
509047.687000,-3.077,-0.151,-1.926,-541.83,75.05,370.04
509047.734000,0.741,-3.403,-0.487,-171.36,-80.75,80.84
509047.781000,-0.861,1.497,-1.766,355.45,72.42,-157.99
509047.828000,-0.701,-0.563,-0.96,90.91,-25.27,-184.73
509047.875000,-0.99,-0.362,-1.611,332.62,-25.3,-211.8
509047.921000,-0.89,-0.612,-1.027,324.9,-3.57,-281.29
509047.968000,-0.458,-0.656,-0.884,376.17,-75.84,-288.52
509048.015000,0.023,-0.457,-0.513,298.26,-46.11,-283.67
509048.062000,0.333,-0.283,-0.412,252.2,-8.48,-227.45
509048.109000,0.907,-0.288,-0.227,157.23,-4.94,-170.02
509048.156000,1.147,0.101,-0.095,191.56,52.0,-185.03
509048.203000,1.599,0.028,-0.323,65.83,36.35,-128.21
509048.250000,1.313,0.105,-1.252,-62.62,68.12,-59.08
509048.296000,1.411,0.008,-0.45,-27.53,113.32,-5.19
509048.343000,1.292,-0.177,-0.258,-141.21,48.86,32.56
509048.390000,1.106,-0.414,0.193,-79.96,-6.38,19.65
509048.437000,1.078,-0.341,-0.127,-87.25,-70.01,31.5
509048.484000,1.136,-0.231,-0.205,-100.28,-84.35,43.86
509048.531000,1.099,0.044,-0.392,-65.61,-128.27,89.02
509048.578000,1.198,-0.206,-0.35,-96.84,-104.5,91.37
509048.625000,1.115,-0.038,-0.427,-60.95,-134.92,142.37
509048.671000,0.904,-0.104,-0.526,-152.35,-125.89,251.69
509048.718000,0.575,-0.189,-0.477,-173.74,-90.76,316.9
509048.765000,0.192,-0.142,-0.522,-195.99,-36.32,347.39
509048.812000,-0.998,0.391,-0.549,-229.01,0.82,354.26
509048.859000,-2.632,1.135,-1.95,-423.35,75.81,382.82
509048.906000,-2.649,-2.139,-1.755,-536.94,-16.94,390.12
509048.953000,0.468,-1.032,-0.66,298.47,24.69,-247.81
509049.000000,-0.436,1.447,-1.49,278.42,95.22,-154.91
509049.062000,-0.54,0.011,-0.799,81.73,-55.36,-116.28
509049.109000,-0.476,-0.178,-1.286,245.77,-56.12,-153.57
509049.156000,-0.556,-0.358,-1.109,163.91,31.1,-210.94
509049.203000,-0.61,-0.452,-0.873,140.51,39.58,-214.76
509049.250000,-0.063,-0.76,-0.657,232.46,50.63,-209.66
509049.296000,0.101,-0.778,-0.778,172.03,10.35,-196.75
509049.343000,0.53,-0.693,-0.446,170.66,57.86,-184.33
509049.390000,0.693,-0.37,-0.637,105.99,45.93,-149.66
509049.437000,0.976,-0.462,-0.12,40.8,104.86,-142.12
509049.484000,0.824,-0.096,-0.114,111.21,89.27,-108.86
509049.531000,0.921,-0.156,-0.004,82.95,64.24,-107.03
509049.578000,0.905,-0.056,-0.038,179.66,81.51,-58.66
509049.625000,1.328,-0.39,-0.457,20.2,64.76,-80.97
509049.671000,1.179,-0.248,-0.198,41.72,56.34,-20.54
509049.718000,1.187,-0.41,-0.151,-84.11,32.56,-19.35
509049.765000,0.938,-0.415,0.14,3.54,15.29,13.61
509049.828000,0.876,-0.414,0.214,-28.87,0.85,-1.68
509049.875000,0.864,-0.414,0.226,-8.42,-14.44,8.12
509049.921000,0.893,-0.409,0.128,-17.12,-1.01,-10.28
509049.968000,0.835,-0.349,0.144,12.12,-4.43,3.54
509050.015000,0.897,-0.431,0.081,-6.29,-2.29,-10.77
509050.062000,0.877,-0.387,0.166,8.42,-3.05,-2.08
509050.109000,0.894,-0.388,0.056,12.33,6.13,-6.29
509050.156000,0.856,-0.33,0.193,11.23,0.15,3.54
509050.203000,0.887,-0.406,0.105,18.4,-0.79,3.72
509050.250000,0.882,-0.387,0.177,-8.67,-3.39,-0.37
509050.296000,0.915,-0.437,0.068,14.77,-3.17,3.91
509050.343000,0.895,-0.39,0.155,-19.59,3.72,-5.31
509050.390000,0.885,-0.414,0.147,14.22,-0.24,5.68
509050.437000,0.864,-0.364,0.146,-1.65,0.12,-0.7
509050.484000,0.901,-0.403,0.099,4.58,-1.34,11.2
509050.531000,0.894,-0.418,0.091,3.11,11.6,4.85
509050.578000,0.916,-0.424,0.149,-1.04,6.84,8.12
509050.625000,0.891,-0.435,0.199,-2.99,4.73,2.41
509050.671000,0.896,-0.415,0.158,-7.87,-2.2,2.87
509050.718000,0.866,-0.413,0.154,-11.29,-3.02,-0.79
509050.765000,0.881,-0.39,0.158,-0.82,-1.25,3.23
509050.812000,0.877,-0.435,0.151,-5.86,0.67,2.47
509050.859000,0.888,-0.386,0.139,-8.82,-1.92,-1.77
509050.906000,0.912,-0.418,0.103,1.95,-2.38,5.22
509050.953000,0.888,-0.42,0.138,-8.76,1.07,0.64
509051.000000,0.907,-0.42,0.101,-9.7,-6.81,3.14
509051.046000,0.885,-0.425,0.132,-24.29,-5.68,-3.27
509051.093000,0.891,-0.418,0.071,-13.21,-9.86,5.65
509051.140000,0.87,-0.388,0.084,-8.15,1.31,2.04
509051.187000,0.877,-0.463,0.096,-8.73,0.49,6.44
509051.234000,0.877,-0.437,0.104,-8.09,-0.27,5.28
509051.281000,0.872,-0.543,0.107,-12.88,-0.21,0.73
509051.328000,0.823,-0.468,0.076,-6.56,-1.46,-1.68
509051.375000,0.876,-0.446,0.06,-5.89,-0.12,-0.37
509051.421000,0.857,-0.417,0.1,4.97,3.94,2.75
509051.468000,0.949,-0.378,0.113,8.36,-2.59,3.88
509051.515000,0.953,-0.474,0.064,-3.51,-7.35,-2.38
509051.562000,0.88,-0.436,0.033,1.07,-4.88,-6.96
509051.625000,0.838,-0.448,0.054,-12.21,0.0,-7.63
509051.671000,0.826,-0.46,0.052,-5.92,4.24,-2.9
509051.718000,0.86,-0.466,0.085,-21.82,9.43,-5.8
509051.765000,0.899,-0.443,0.051,-17.12,6.35,-4.43
509051.812000,0.928,-0.444,0.071,-42.94,3.78,-14.77
509051.859000,0.982,-0.355,0.072,-20.36,-10.53,-9.28
509051.906000,1.094,-0.247,-0.053,-31.07,-24.11,-3.75
509051.953000,1.278,-0.142,-0.053,-58.47,-65.0,-5.22
509052.000000,1.215,0.19,-0.337,-118.81,-133.3,49.35
509052.046000,1.324,0.321,-0.377,-184.06,-185.09,98.06
509052.093000,1.339,0.238,-0.462,-282.57,-200.11,186.1
509052.140000,1.197,0.169,-0.393,-280.04,-217.47,236.0
509052.187000,0.556,0.164,-0.569,-294.26,-185.37,307.99
509052.234000,-0.002,0.732,-0.439,-180.06,-135.32,283.0
509052.281000,-2.32,1.807,-1.522,-237.5,53.99,338.15
509052.328000,-2.878,-1.868,-1.264,-389.84,-184.97,422.32
509052.375000,0.753,-1.646,-0.957,234.14,60.09,-262.49
509052.421000,-0.542,1.191,-1.525,321.79,60.27,-76.78
509052.468000,-0.748,-0.471,-1.024,36.9,-12.02,-208.47
509052.515000,-1.016,-0.243,-1.45,349.77,-4.88,-244.58
509052.562000,-0.939,-0.497,-1.12,264.96,19.5,-300.42
509052.609000,-0.53,-0.57,-0.923,451.7,-34.33,-287.03
509052.656000,0.037,-0.512,-0.756,218.02,5.4,-285.29
509052.703000,0.485,-0.149,-0.356,259.38,51.12,-198.13
509052.750000,0.987,-0.159,-0.528,52.37,13.12,-130.59
509052.796000,1.068,0.277,-0.251,109.74,132.39,-160.16
509052.843000,1.369,0.174,0.241,-16.17,105.17,-100.34
509052.890000,1.367,0.344,-0.402,-58.6,77.91,-50.9
509052.937000,1.305,0.238,-0.509,-60.24,60.12,2.26
509052.984000,1.203,-0.269,-0.668,-178.11,60.61,55.76
509053.031000,1.039,-0.436,0.023,-81.0,54.2,42.7
509053.078000,1.331,-0.206,0.005,-38.67,-28.02,29.88
509053.125000,1.146,-0.177,-0.246,-48.49,-55.6,16.63
509053.171000,1.352,-0.159,-0.217,-41.9,-77.33,34.67
509053.218000,1.38,-0.121,-0.046,-100.8,-119.42,53.35
509053.265000,1.303,0.006,-0.175,-52.98,-152.44,72.15
509053.328000,0.941,0.096,-0.288,-166.51,-172.28,160.41
509053.375000,0.845,-0.124,-0.379,-177.31,-142.61,220.65
509053.421000,0.302,-0.07,-0.497,-146.12,-84.35,279.43
509053.468000,-0.238,0.18,-0.523,-144.9,-25.39,291.18
509053.515000,-1.358,0.745,-1.362,-309.09,121.98,344.1
509053.562000,-2.426,0.39,-1.485,-390.09,41.93,300.27
509053.609000,-0.299,-2.492,-1.606,-207.86,-169.16,180.27
509053.656000,-0.582,0.478,-1.584,332.35,54.6,-214.58
509053.703000,-0.543,0.055,-0.93,157.69,15.69,-138.98
509053.750000,-0.724,-0.155,-1.233,318.4,-23.41,-203.01
509053.796000,-0.538,-0.601,-1.256,339.43,10.04,-265.66
509053.843000,-0.245,-0.743,-0.635,369.82,34.15,-288.64
509053.890000,-0.121,-0.488,-0.685,379.38,76.11,-233.16
509053.937000,0.211,-0.571,-0.239,133.06,38.88,-208.84
509053.984000,0.569,-0.275,-0.046,164.71,104.98,-133.82
509054.031000,0.891,-0.373,0.245,33.63,44.89,-137.73
509054.078000,1.026,-0.095,0.423,133.52,89.69,-103.12
509054.125000,1.316,-0.025,0.506,27.34,49.99,-81.82
509054.171000,1.431,0.229,0.037,-23.26,34.91,-68.88
509054.218000,1.441,0.24,-0.348,-53.99,20.97,-21.85
509054.265000,1.316,0.215,-0.165,-184.33,32.84,-19.04
509054.312000,1.127,0.006,0.291,24.57,69.89,34.58
509054.359000,0.914,-0.167,0.565,-70.71,-4.36,13.09
509054.406000,0.974,-0.235,0.282,27.41,-30.73,19.32
509054.453000,0.957,-0.268,0.257,13.76,-31.92,26.83
509054.500000,0.907,-0.314,0.195,36.71,-35.92,31.13
509054.546000,0.851,-0.331,0.253,29.24,-31.59,43.98
509054.593000,0.842,-0.445,0.276,32.32,-45.72,47.85
509054.640000,0.835,-0.458,0.307,28.84,-44.1,42.91
509054.687000,0.829,-0.566,0.265,19.2,-47.43,32.38
509054.734000,0.735,-0.585,0.303,6.26,-43.58,13.09
509054.781000,0.74,-0.631,0.172,34.15,-48.59,16.45
509054.828000,0.726,-0.645,0.121,17.76,-37.29,4.36
509054.875000,0.655,-0.751,0.043,21.85,-25.91,26.83
509054.921000,0.747,-0.761,-0.012,-1.53,-21.52,-2.81
509054.968000,0.777,-0.596,0.026,29.18,-18.34,15.69
509055.015000,0.877,-0.665,-0.042,8.73,-17.82,-1.56
509055.062000,0.843,-0.614,-0.019,-17.7,-6.81,-15.69
509055.109000,0.809,-0.642,-0.062,-1.1,6.04,-13.82
509055.156000,0.797,-0.625,0.025,-10.9,13.21,-24.99
509055.203000,0.805,-0.52,-0.01,5.62,14.65,-12.33
509055.250000,0.83,-0.494,0.029,-37.26,16.97,-21.27
509055.296000,0.846,-0.469,0.012,-14.37,23.62,-9.13
509055.343000,0.855,-0.486,0.191,-8.21,18.98,-2.69
509055.406000,0.89,-0.518,0.036,14.5,11.47,4.64
509055.453000,0.888,-0.486,0.144,-32.93,15.66,-17.79
509055.500000,0.842,-0.47,0.12,-10.68,19.56,-12.02
509055.546000,0.837,-0.471,0.175,-23.68,14.37,-15.87
509055.593000,0.847,-0.415,0.136,-1.34,8.85,-8.3
509055.640000,0.882,-0.453,0.093,-20.91,6.41,-13.95
509055.687000,0.858,-0.401,0.104,-19.01,-0.18,-9.22
509055.734000,0.87,-0.417,0.113,-2.47,4.46,-0.64
509055.781000,0.858,-0.443,0.084,-12.63,5.65,-0.82
509055.828000,0.866,-0.426,0.126,3.02,-0.34,4.85
509055.875000,0.862,-0.442,0.073,-7.45,-0.7,7.57
509055.937000,0.844,-0.426,0.095,-9.46,-1.22,11.05
509055.984000,0.804,-0.512,0.037,-3.23,-2.14,13.46
509056.031000,0.76,-0.502,0.051,-10.28,3.02,17.49
509056.078000,0.923,-0.574,0.067,1.92,13.61,19.44
509056.125000,0.901,-0.595,0.191,-3.02,16.94,11.41
509056.171000,0.921,-0.59,0.173,15.72,6.74,3.14
509056.218000,0.91,-0.509,0.111,-3.78,0.61,-16.48
509056.265000,0.858,-0.503,0.115,10.22,2.69,-11.26
509056.312000,0.858,-0.456,0.089,4.61,0.7,-15.47
509056.359000,0.836,-0.449,0.104,-2.35,1.4,-4.39
509056.406000,0.857,-0.488,0.115,0.4,1.95,-8.21
509056.453000,0.872,-0.438,0.106,4.39,1.86,0.06
509056.500000,0.913,-0.502,0.12,-10.65,0.95,-10.65
509056.546000,0.966,-0.448,0.094,-3.11,-7.69,-7.23
509056.593000,1.036,-0.407,0.098,-23.22,-14.62,-23.9
509056.640000,1.208,-0.177,-0.0,-38.06,-49.62,-6.47
509056.687000,1.364,-0.023,-0.177,-147.5,-104.22,-10.93
509056.734000,1.289,0.325,-0.235,-199.96,-178.5,50.08
509056.796000,1.245,0.246,-0.313,-299.91,-237.56,185.92
509056.843000,0.934,0.141,-0.536,-335.55,-231.91,275.52
509056.890000,0.373,0.202,-0.53,-282.2,-165.62,310.22
509056.937000,-1.018,0.999,-0.577,-255.84,-6.81,293.31
509056.984000,-2.826,1.026,-1.983,-528.4,-34.52,265.08
509057.031000,-0.913,-2.015,-1.815,-259.1,-183.63,309.55
509057.078000,-0.761,0.819,-1.318,444.26,155.71,-287.12
509057.125000,-0.428,0.768,-1.489,173.53,46.66,-80.94
509057.171000,-0.835,0.111,-1.478,218.27,59.08,-212.93
509057.218000,-0.626,-0.032,-1.43,312.33,49.07,-202.46
509057.265000,-0.561,-0.297,-1.073,363.17,8.27,-255.93
509057.312000,-0.185,-0.367,-0.954,350.51,15.59,-256.36
509057.359000,0.122,-0.31,-0.455,249.03,-14.65,-225.04
509057.406000,0.589,-0.262,-0.579,284.25,27.22,-207.89
509057.453000,0.684,-0.208,-0.39,131.57,17.12,-133.37
509057.500000,1.115,-0.008,-0.555,177.25,98.54,-172.58
509057.546000,1.211,0.132,-0.02,60.76,128.91,-116.15
509057.593000,1.299,0.367,-0.699,-41.96,130.65,-106.39
509057.640000,1.319,-0.006,-0.309,-72.94,96.59,-15.17
509057.687000,1.027,-0.084,-0.262,-111.27,82.37,-3.17
509057.734000,1.416,-0.112,-0.014,-26.06,17.67,25.73
509057.781000,1.17,-0.122,-0.003,-23.26,3.42,7.39
509057.828000,1.154,-0.034,-0.032,-32.65,-46.72,29.73
509057.875000,1.236,-0.012,-0.174,-47.06,-83.35,54.93
509057.921000,1.129,0.046,-0.199,-84.17,-93.02,75.93
509057.968000,1.138,-0.013,-0.185,-87.22,-110.42,123.94
509058.015000,1.094,-0.082,-0.25,-166.94,-127.14,155.43
509058.062000,0.997,-0.128,-0.464,-192.51,-101.05,183.51
509058.125000,0.247,-0.393,-0.55,-307.29,-104.62,279.27
509058.171000,-0.015,-0.239,-0.68,-353.62,19.1,224.13
509058.218000,-1.155,0.625,-1.08,-255.04,1.43,243.54
509058.265000,-1.861,0.27,-1.591,-413.8,-15.66,231.09
509058.312000,-0.258,-1.374,-1.359,17.49,-139.04,113.04
509058.359000,-0.282,0.267,-1.143,299.63,32.78,-166.66
509058.406000,-0.317,-0.147,-1.226,205.45,-44.22,-103.89
509058.453000,-0.648,-0.207,-1.254,131.99,-9.25,-176.12
509058.500000,-0.552,-0.421,-1.181,241.07,25.73,-238.62
509058.546000,-0.358,-0.753,-1.012,308.27,22.55,-283.43
509058.593000,0.028,-0.509,-0.75,349.04,36.65,-249.4
509058.640000,0.173,-0.478,-0.482,122.56,67.96,-196.72
509058.687000,0.631,-0.484,-0.191,102.51,38.24,-139.59
509058.734000,0.708,-0.217,-0.302,-81.12,85.12,-175.3
509058.781000,1.056,-0.094,0.609,99.22,114.78,-99.55
509058.828000,1.272,0.25,-0.277,79.68,60.95,-99.25
509058.890000,1.502,0.874,-0.705,84.32,87.92,-37.23
509058.937000,1.131,0.26,-0.717,-170.26,56.92,57.25
509058.984000,1.021,-0.467,0.142,-141.76,71.38,70.5
509059.031000,1.087,-0.271,0.337,52.83,30.18,43.76
509059.078000,1.041,-0.246,0.227,-37.02,-31.4,-2.41
509059.125000,1.001,-0.163,-0.081,26.43,-23.01,4.3
509059.171000,0.938,-0.264,0.004,43.18,-15.02,27.13
509059.218000,0.889,-0.367,-0.016,45.99,-6.9,30.46
509059.265000,0.892,-0.476,0.155,63.78,-22.43,37.57
509059.312000,0.924,-0.553,-0.037,51.52,-21.55,28.05
509059.359000,0.82,-0.511,0.123,48.25,-19.65,14.89
509059.406000,0.815,-0.586,-0.002,36.19,-24.08,21.03
509059.453000,0.755,-0.634,0.161,49.87,-19.07,13.89
509059.500000,0.769,-0.715,0.046,35.19,-21.79,2.9
509059.546000,0.733,-0.625,0.112,50.23,-21.64,-4.18
509059.593000,0.778,-0.632,-0.03,23.04,-25.61,-6.87
509059.640000,0.785,-0.566,-0.06,15.59,-14.86,-13.79
509059.687000,0.834,-0.545,-0.095,13.98,-14.83,0.85
509059.734000,0.855,-0.592,-0.094,-2.23,-7.26,-7.97
509059.781000,0.826,-0.486,-0.045,10.47,3.63,-4.67
509059.843000,0.843,-0.476,-0.007,-19.78,14.44,-8.09
509059.890000,0.84,-0.482,0.024,1.25,9.7,4.64
509059.937000,0.855,-0.496,0.027,-18.86,12.79,-6.53
509059.984000,0.864,-0.509,0.056,-5.1,9.31,-1.1
509060.031000,0.874,-0.48,-0.002,-13.92,8.64,-8.82
509060.093000,0.878,-0.496,0.058,-2.17,7.39,-3.88
509060.140000,0.858,-0.474,0.052,-14.59,7.54,-10.19
509060.187000,0.871,-0.454,0.063,-0.98,4.58,-2.99
509060.234000,0.873,-0.444,0.01,-9.43,3.81,-6.68
509060.281000,0.864,-0.449,0.042,-4.7,4.82,1.43
509060.328000,0.861,-0.484,0.015,-13.76,2.93,-1.77
509060.375000,0.883,-0.498,0.048,-5.22,3.94,0.34
509060.421000,0.876,-0.468,0.015,2.2,5.89,0.58
509060.468000,0.879,-0.483,0.061,-8.21,3.81,-6.74
509060.515000,0.882,-0.43,0.065,9.03,2.84,0.0
509060.562000,0.876,-0.442,0.043,-7.23,-0.95,-8.82
509060.609000,0.864,-0.413,0.024,1.62,-0.31,-0.18
509060.656000,0.869,-0.482,0.028,-0.49,2.01,-5.1
509060.703000,0.863,-0.426,0.028,6.13,3.54,-0.85
509060.750000,0.885,-0.437,0.019,-2.66,-0.18,2.2
509060.796000,0.889,-0.44,0.026,0.82,3.91,3.14
509060.843000,0.878,-0.442,0.047,-1.77,3.57,4.06
509060.890000,0.87,-0.428,0.043,0.85,2.66,1.74
509060.937000,0.864,-0.451,0.058,-3.36,1.04,6.81
509060.984000,0.865,-0.513,0.054,-0.21,1.16,4.55
509061.031000,0.887,-0.478,0.025,-0.18,-0.15,1.1
509061.078000,0.886,-0.497,0.03,-1.83,3.54,-3.78
509061.125000,0.878,-0.468,0.043,2.38,4.3,-2.78
509061.171000,0.872,-0.485,0.058,-6.44,2.23,-6.1
509061.218000,0.877,-0.473,0.064,4.24,2.66,-5.04
509061.265000,0.879,-0.426,0.063,-3.69,-1.04,-6.74
509061.312000,0.873,-0.416,0.032,0.46,-0.31,-2.5
509061.359000,0.878,-0.435,0.046,0.0,1.16,-1.74
509061.406000,0.884,-0.454,0.048,0.15,2.35,0.55
509061.453000,0.878,-0.454,0.053,0.03,1.65,0.7
509061.500000,0.886,-0.466,0.042,1.83,0.52,-0.89
509061.546000,0.881,-0.458,0.051,-0.18,0.7,-2.11
509061.593000,0.881,-0.45,0.04,-1.25,-0.03,-2.62
509061.640000,0.878,-0.429,0.037,-1.71,1.53,-0.46
509061.687000,0.885,-0.458,0.053,-0.89,3.75,-1.98
509061.734000,0.883,-0.434,0.039,-3.39,2.69,-2.69
509061.781000,0.868,-0.451,0.059,-2.66,5.25,-1.4
509061.828000,0.875,-0.434,0.057,-2.35,2.35,-0.27
509061.875000,0.877,-0.458,0.053,-3.81,2.53,0.03
509061.921000,0.881,-0.468,0.057,-4.7,1.74,-0.4
509061.968000,0.889,-0.45,0.029,-7.14,2.47,-2.96
509062.015000,0.886,-0.461,0.039,-8.85,3.69,-1.19
509062.062000,0.912,-0.45,0.055,-11.72,0.61,-3.08
509062.109000,1.083,-0.336,0.029,-25.57,-24.29,-0.24
509062.156000,1.21,-0.157,-0.036,-66.87,-66.84,22.86
509062.203000,1.383,0.179,-0.256,-160.04,-163.91,69.12
509062.250000,1.401,0.48,-0.482,-260.11,-210.64,133.09
509062.296000,1.415,0.432,-0.316,-276.8,-234.47,187.05
509062.343000,1.052,0.2,-0.548,-298.35,-226.94,274.51
509062.390000,0.244,0.316,-0.622,-244.61,-200.05,301.83
509062.437000,-0.893,0.901,-0.887,-212.44,-13.92,309.15
509062.484000,-3.155,1.451,-2.381,-362.83,144.38,289.35
509062.531000,-1.158,-3.59,-1.114,-87.16,-119.72,412.09
509062.578000,-1.268,1.75,-2.441,579.58,-46.66,-214.48
509062.625000,-0.276,-0.063,-1.706,140.51,21.85,-118.69
509062.671000,-1.284,-0.225,-0.881,216.32,78.07,-292.18
509062.718000,-0.48,-0.507,-1.442,356.09,-27.04,-221.17
509062.765000,-0.349,-0.535,-0.866,245.06,-1.62,-294.99
509062.812000,0.11,-0.434,-0.644,352.31,17.0,-227.97
509062.859000,0.439,-0.166,-0.359,150.0,-10.13,-220.83
509062.906000,0.875,-0.246,-0.324,182.9,43.92,-158.45
509062.953000,1.045,0.144,-0.206,106.48,41.54,-99.06
509063.000000,1.484,0.103,-0.784,95.98,100.8,-79.41
509063.046000,1.238,0.308,-0.046,45.14,137.64,-63.91
509063.093000,1.183,-0.221,-0.43,-125.77,105.78,-16.85
509063.140000,1.137,-0.691,-0.054,-125.46,61.31,8.61
509063.187000,1.115,-0.436,0.045,-114.6,48.77,1.71
509063.234000,1.306,0.041,-0.045,-11.6,-0.92,8.64
509063.281000,1.139,-0.097,-0.02,-92.9,-41.02,3.75
509063.328000,1.261,-0.094,-0.119,-32.87,-83.65,17.27
509063.375000,1.216,0.084,-0.307,-84.72,-104.83,57.74
509063.421000,1.196,-0.234,0.126,-28.41,-167.94,133.21
509063.468000,1.253,-0.161,-0.261,51.39,-227.52,129.61
509063.515000,1.004,-0.134,-0.551,-110.93,-175.63,196.23
509063.562000,0.613,-0.03,-0.631,-114.08,-123.14,233.47
509063.609000,0.171,0.221,-0.779,-187.87,5.4,318.25
509063.656000,-0.668,0.508,-0.941,-260.99,109.9,373.97
509063.703000,-3.812,1.265,-2.71,-526.11,251.93,378.86
509063.750000,-2.038,-3.717,-2.684,-574.21,-271.1,429.76
509063.796000,-0.651,-0.016,-1.799,456.34,174.47,-347.03
509063.843000,-0.464,0.582,-0.418,31.71,112.92,-80.29
509063.890000,-0.442,-0.171,-1.184,216.04,-103.21,-148.01
509063.937000,-0.52,-0.084,-1.705,316.54,-30.3,-145.85
509063.984000,-0.601,-0.451,-0.809,252.54,64.58,-244.06
509064.031000,-0.315,-0.455,-0.991,325.42,37.08,-218.21
509064.093000,-0.02,-0.554,-0.643,232.61,48.01,-244.64
509064.140000,0.39,-0.422,-0.171,283.12,38.36,-141.85
509064.187000,0.511,-0.148,-0.169,228.34,59.39,-179.94
509064.234000,1.144,-0.371,-0.128,137.49,24.51,-115.15
509064.281000,1.353,-0.175,-0.132,99.0,71.32,-106.57
509064.328000,1.485,0.038,-0.405,-11.51,68.58,-88.38
509064.375000,1.284,0.027,-0.355,-35.8,86.76,-37.87
509064.421000,1.078,-0.042,-0.412,-176.55,64.85,1.98
509064.468000,1.185,-0.226,0.084,-19.38,17.12,23.5
509064.515000,1.145,-0.215,0.231,-38.21,1.1,9.49
509064.562000,1.019,-0.292,0.123,-31.59,-57.62,2.41
509064.609000,1.138,-0.257,-0.221,-44.77,-90.7,28.47
509064.656000,1.195,-0.067,-0.452,-128.85,-114.38,59.05
509064.703000,1.21,-0.105,-0.326,-186.53,-150.4,118.96
509064.750000,1.162,-0.208,-0.523,-145.02,-143.59,125.4
509064.796000,1.167,-0.217,-0.428,-166.88,-102.11,151.25
509064.843000,0.85,-0.102,-0.452,-178.99,-82.58,203.99
509064.890000,0.485,0.048,-0.628,-219.7,-42.21,281.96
509064.937000,-0.248,0.137,-0.672,-224.83,31.98,291.3
509064.984000,-2.242,0.608,-1.694,-260.11,170.81,246.19
509065.031000,-1.156,-1.352,-0.539,-148.23,-55.3,234.35
509065.078000,-0.04,-1.081,-1.22,187.17,-7.02,-103.27
509065.125000,-0.191,0.062,-1.093,167.12,-27.16,-99.67
509065.171000,-0.127,-0.334,-0.965,168.49,-11.99,-103.73
509065.218000,-0.189,-0.566,-1.049,161.84,-28.84,-96.56
509065.265000,-0.018,-0.858,-1.013,212.04,14.07,-121.86
509065.312000,-0.117,-0.82,-0.714,240.55,1.98,-174.87
509065.359000,0.02,-0.835,-0.61,287.03,46.85,-145.36
509065.406000,0.432,-0.768,-0.042,280.31,11.78,-126.83
509065.453000,0.524,-0.414,-0.303,313.3,58.72,-113.9
509065.500000,0.927,-0.553,0.421,142.0,23.19,-89.18
509065.546000,0.964,-0.148,0.187,126.19,51.76,-37.9
509065.593000,1.065,-0.212,0.425,40.62,55.15,-61.68
509065.640000,1.112,0.048,0.272,-22.61,17.85,-36.5
509065.687000,1.332,-0.284,0.234,-98.21,-55.18,-0.46
509065.734000,1.167,-0.408,0.155,-106.42,-27.1,-16.54
509065.781000,1.123,-0.45,0.158,-91.68,-36.53,-14.07
509065.828000,0.936,-0.43,0.182,19.5,-11.02,0.55
509065.875000,0.908,-0.565,0.127,-68.27,-19.26,-29.3
509065.921000,0.936,-0.519,0.057,5.89,4.55,-25.27
509065.968000,0.887,-0.615,0.063,-37.81,36.01,-63.91
509066.015000,0.868,-0.413,0.081,19.84,56.92,-51.39
509066.062000,0.813,-0.344,0.183,-13.31,94.15,-73.27
509066.109000,0.823,-0.339,0.302,4.0,40.01,-38.82
509066.156000,0.81,-0.285,0.365,21.18,29.39,-20.26
509066.203000,0.783,-0.205,0.37,-2.44,-35.65,8.58
509066.250000,0.835,-0.264,0.306,8.24,-30.76,8.48
509066.296000,0.867,-0.28,0.265,-24.78,-69.4,22.49
509066.343000,0.904,-0.357,0.14,-26.46,-31.86,12.6
509066.390000,0.951,-0.289,0.1,-29.91,-34.88,19.23
509066.437000,0.952,-0.416,0.077,-30.95,-24.57,9.43
509066.484000,0.931,-0.336,0.088,19.23,-5.31,19.38
509066.531000,0.927,-0.371,0.114,-0.49,9.37,2.35
509066.578000,0.907,-0.299,0.104,22.34,12.12,15.5
509066.625000,0.914,-0.391,0.066,25.21,24.02,14.89
509066.671000,0.879,-0.413,0.161,29.27,49.13,21.73
509066.718000,0.875,-0.469,0.27,22.06,39.86,17.09
509066.765000,0.85,-0.455,0.256,15.41,38.58,15.87
509066.812000,0.837,-0.408,0.326,8.27,19.07,7.48
509066.859000,0.816,-0.416,0.331,-6.59,19.2,8.06
509066.906000,0.825,-0.481,0.365,0.15,9.43,2.04
509066.953000,0.803,-0.482,0.359,-2.41,3.94,1.71
509067.000000,0.798,-0.511,0.364,-8.42,-6.29,-10.32
509067.046000,0.804,-0.672,0.373,-24.32,-8.67,-24.51
509067.093000,0.833,-0.548,0.452,-65.46,-37.29,-62.62
509067.140000,1.011,-0.315,0.237,-32.01,-53.1,-44.16
509067.187000,1.226,-0.106,0.105,-62.26,-77.18,-56.86
509067.234000,1.45,0.38,0.063,-90.7,-147.07,-32.04
509067.281000,1.392,0.66,-0.113,-154.52,-227.39,7.6
509067.328000,1.381,0.714,0.042,-185.92,-256.42,80.14
509067.375000,1.215,0.641,-0.128,-242.23,-274.15,129.8
509067.421000,0.86,0.681,-0.196,-303.05,-270.73,182.13
509067.468000,-0.359,0.705,-0.646,-311.26,-239.36,289.8
509067.515000,-2.055,0.822,-1.514,-378.64,-120.37,270.49
509067.562000,-2.22,-0.338,-1.397,-220.19,-214.45,362.68
509067.609000,0.002,-1.226,-1.361,-1.62,-15.59,-60.79
509067.656000,-0.883,0.647,-1.319,270.67,131.84,-176.27
509067.703000,-0.71,0.056,-1.172,162.33,90.43,-190.8
509067.750000,-0.831,0.021,-1.2,193.46,66.65,-211.83
509067.796000,-0.387,-0.136,-1.271,378.77,86.79,-216.68
509067.843000,-0.048,-0.39,-0.922,315.26,58.78,-208.84
509067.890000,0.128,-0.074,-0.918,304.42,129.4,-213.45
509067.937000,0.69,-0.362,-0.475,191.78,125.22,-165.78
509067.984000,0.819,0.244,-0.053,198.28,184.73,-150.06
509068.031000,1.459,0.042,0.189,131.41,149.94,-111.88
509068.093000,1.387,0.478,0.083,1.53,97.99,-103.82
509068.140000,1.322,0.612,-0.264,-6.78,94.03,-53.01
509068.187000,1.315,0.233,-0.344,-147.28,-20.02,16.45
509068.234000,1.301,0.087,0.191,-47.76,32.87,17.61
509068.281000,1.129,0.068,0.224,-68.58,-35.43,14.68
509068.328000,1.195,0.231,0.055,-41.9,-81.7,30.88
509068.375000,1.293,0.223,-0.204,-137.46,-141.21,102.73
509068.421000,1.204,-0.03,0.02,-139.41,-127.23,126.8
509068.468000,1.172,-0.052,-0.225,-123.72,-154.48,157.38
509068.515000,0.933,-0.268,-0.07,-189.15,-149.05,177.5
509068.562000,0.726,-0.156,-0.447,-164.92,-146.0,216.22
509068.609000,0.245,-0.139,-0.339,-241.83,-110.54,238.5
509068.656000,-0.416,0.333,-0.805,-173.99,-35.92,221.81
509068.703000,-1.928,0.671,-1.584,-366.77,66.41,218.82
509068.750000,-1.162,-1.439,-1.668,-353.77,-165.56,304.88
509068.796000,0.259,-1.3,-1.001,188.48,5.68,-137.73
509068.843000,-0.311,0.647,-1.042,212.35,76.51,-76.54
509068.890000,-0.295,-0.241,-1.044,31.59,-39.34,-106.33
509068.937000,-0.274,-0.425,-1.272,112.13,-40.71,-118.53
509068.984000,-0.42,-0.501,-1.151,170.96,45.47,-170.78
509069.031000,-0.341,-0.649,-0.97,221.53,60.95,-222.88
509069.078000,-0.031,-0.715,-0.831,192.21,45.11,-185.55
509069.125000,0.091,-0.568,-0.325,216.96,71.57,-180.27
509069.171000,0.431,-0.469,-0.21,102.66,74.83,-177.34
509069.218000,0.709,-0.313,-0.103,136.2,69.58,-144.23
509069.265000,1.165,-0.082,-0.087,89.94,75.23,-95.65
509069.312000,1.511,0.225,-0.329,66.71,80.81,-69.92
509069.359000,1.586,0.312,-0.56,33.14,88.14,-17.58
509069.406000,1.186,0.284,-0.793,-88.66,73.27,-2.5
509069.453000,1.066,-0.35,-0.096,-79.96,75.41,24.99
509069.500000,1.047,-0.19,0.243,-17.98,48.92,3.81
509069.546000,0.954,-0.316,0.23,1.5,12.48,0.52
509069.593000,0.971,-0.292,0.076,49.62,15.44,8.64
509069.640000,0.925,-0.33,0.086,1.74,-13.98,19.44
509069.687000,0.864,-0.5,0.08,42.85,2.23,27.65
509069.750000,0.861,-0.413,0.051,21.15,-18.25,28.72
509069.796000,0.858,-0.489,0.111,64.12,-19.14,37.93
509069.843000,0.808,-0.481,0.098,62.84,-12.73,43.24
509069.890000,0.734,-0.58,0.155,57.13,-3.97,50.26
509069.937000,0.636,-0.653,0.354,83.04,4.49,44.89
509069.984000,0.67,-0.859,0.195,75.17,-2.32,38.39
509070.031000,0.66,-0.849,0.311,11.6,-13.55,-4.43
509070.078000,0.727,-0.707,0.084,24.45,-31.83,-0.61
509070.125000,0.785,-0.605,0.042,1.77,-20.08,-6.01
509070.171000,0.795,-0.597,0.056,19.2,-10.01,4.15
509070.218000,0.81,-0.584,0.11,3.11,-0.55,-3.57
509070.265000,0.735,-0.667,0.195,9.19,13.79,0.12
509070.312000,0.722,-0.641,0.231,-3.14,10.44,-11.17
509070.359000,0.751,-0.583,0.153,-2.04,5.62,-4.67
509070.406000,0.763,-0.557,0.174,-7.42,10.25,-5.34
509070.453000,0.783,-0.563,0.164,-8.94,13.0,0.0
509070.500000,0.784,-0.611,0.195,-9.67,19.99,-5.37
509070.562000,0.767,-0.57,0.226,-0.82,18.74,-0.4
509070.609000,0.78,-0.549,0.238,-5.92,16.08,-3.88
509070.671000,0.788,-0.591,0.243,-9.83,12.3,-0.52
509070.718000,0.792,-0.542,0.253,-2.01,10.35,0.09
509070.765000,0.779,-0.505,0.23,-4.85,7.93,4.7
509070.812000,0.778,-0.584,0.269,-3.2,10.16,4.21
509070.859000,0.775,-0.604,0.283,3.81,6.2,5.43
509070.906000,0.743,-0.632,0.272,-2.04,3.66,1.59
509070.953000,0.756,-0.596,0.262,5.65,-1.01,-0.24
509071.000000,0.753,-0.571,0.235,2.26,-0.09,-0.15
509071.046000,0.754,-0.603,0.222,0.95,2.87,1.31
509071.093000,0.766,-0.586,0.239,2.44,4.33,5.83
509071.140000,0.754,-0.632,0.267,-0.95,4.33,2.5
509071.187000,0.766,-0.6,0.256,1.92,4.21,2.53
509071.234000,0.749,-0.605,0.265,-1.53,1.77,-0.15
509071.281000,0.755,-0.607,0.277,1.98,0.55,0.06
509071.328000,0.75,-0.599,0.265,-1.74,2.01,0.24
509071.375000,0.743,-0.642,0.287,-0.24,1.46,-0.49
509071.437000,0.753,-0.584,0.25,-1.43,0.55,-3.05
509071.484000,0.76,-0.614,0.274,1.4,0.12,-3.63
509071.531000,0.76,-0.595,0.261,2.44,1.86,-4.49
509071.578000,0.753,-0.62,0.283,2.14,0.89,-6.78
509071.625000,0.746,-0.584,0.282,8.42,2.35,-7.39
509071.671000,0.749,-0.58,0.277,-1.8,0.12,-7.02
509071.718000,0.76,-0.564,0.254,-1.34,2.17,-5.28
509071.765000,0.757,-0.589,0.274,-2.81,6.44,-5.07
509071.812000,0.777,-0.555,0.255,-7.45,4.76,-4.67
509071.859000,0.786,-0.563,0.261,-5.58,8.7,-4.33
509071.906000,0.778,-0.548,0.264,-10.07,7.78,-3.27
509071.953000,0.783,-0.56,0.288,-9.28,9.16,-2.66
509072.000000,0.772,-0.537,0.279,-8.7,6.41,-2.29
509072.046000,0.781,-0.558,0.298,-8.42,6.65,0.0
509072.109000,0.778,-0.536,0.293,-4.36,4.58,0.09
509072.156000,0.768,-0.564,0.289,-0.76,3.69,1.8
509072.203000,0.762,-0.563,0.284,0.76,1.77,2.69
509072.250000,0.763,-0.58,0.287,-2.04,2.69,4.58
509072.296000,0.754,-0.568,0.268,-0.89,-0.27,4.64
509072.343000,0.755,-0.56,0.25,-3.08,0.31,8.15
509072.390000,0.746,-0.569,0.25,-2.2,2.53,10.9
509072.437000,0.733,-0.598,0.247,-3.97,5.52,9.4
509072.484000,0.718,-0.615,0.249,-5.19,7.32,12.6
509072.531000,0.732,-0.636,0.226,-8.42,9.34,14.34
509072.578000,0.769,-0.68,0.214,-19.26,9.67,10.71
509072.625000,0.895,-0.831,-0.037,-75.41,-1.34,-5.1
509072.671000,0.891,-0.887,-0.034,-48.13,44.31,-25.3
509072.718000,0.894,-0.756,0.01,-25.15,46.72,-25.82
509072.765000,0.838,-0.806,0.051,-100.83,29.88,-45.78
509072.812000,0.757,-0.708,0.176,-77.18,42.21,-28.17
509072.859000,0.742,-0.609,0.222,-40.44,54.41,-29.73
509072.906000,0.64,-0.596,0.276,-54.45,57.71,-22.28
509072.953000,0.666,-0.63,0.433,0.12,73.85,-24.78
509073.000000,0.678,-0.496,0.353,-1.43,51.61,-24.26
509073.046000,0.623,-0.627,0.47,-3.78,76.85,-39.4
509073.093000,0.626,-0.487,0.599,27.19,61.8,-32.53
509073.140000,0.705,-0.479,0.403,6.41,32.81,-35.83
509073.187000,0.674,-0.472,0.565,-13.06,36.26,-38.67
509073.234000,0.725,-0.465,0.464,-0.34,15.02,-27.41
509073.281000,0.795,-0.46,0.43,-23.74,26.37,-37.54
509073.328000,0.806,-0.446,0.408,-14.44,28.87,-33.39
509073.375000,0.872,-0.418,0.337,-17.76,60.88,-22.77
509073.421000,0.881,-0.403,0.418,-11.99,67.48,-25.57
509073.468000,0.825,-0.331,0.474,7.39,82.03,-13.06
509073.515000,0.737,-0.313,0.501,32.62,88.87,0.06
509073.562000,0.619,-0.281,0.625,32.81,89.66,9.74
509073.609000,0.588,-0.346,0.592,61.01,85.24,19.17
509073.656000,0.412,-0.337,0.722,41.32,99.09,-6.01
509073.703000,0.328,-0.269,0.798,62.35,82.8,9.28
509073.750000,0.28,-0.219,0.866,84.96,84.9,10.04
509073.796000,0.2,-0.111,0.859,58.41,87.44,-19.65
509073.843000,0.116,-0.058,1.09,57.83,68.18,12.27
509073.890000,0.184,-0.146,0.932,-15.41,52.16,-15.63
509073.937000,0.172,-0.187,0.956,3.36,62.72,-22.43
509074.000000,0.149,-0.006,0.761,21.49,66.38,-34.61
509074.046000,0.006,0.005,0.727,-0.27,104.74,-25.88
509074.093000,-0.038,0.006,0.575,-32.23,104.89,-27.92
509074.140000,-0.23,-0.166,0.634,-170.93,150.85,-32.5
509074.187000,-0.492,-0.337,1.293,-41.84,168.03,-33.45
509074.234000,-0.729,-0.645,1.879,-278.08,113.38,-76.94
509074.281000,-0.472,-0.759,1.463,-59.85,-64.15,-21.15
509074.328000,-0.354,-0.604,1.039,111.73,-108.98,33.72
509074.375000,-0.047,-0.458,0.624,142.95,-117.95,49.9
509074.421000,-0.047,-0.277,0.704,64.42,7.42,-6.68
509074.468000,-0.117,-0.161,0.847,63.05,4.91,-3.63
509074.515000,-0.111,-0.121,0.821,51.7,8.73,4.39
509074.562000,-0.101,-0.19,0.882,9.16,21.18,3.75
509074.609000,-0.223,-0.157,1.04,-10.01,28.11,-8.64
509074.656000,-0.218,-0.191,1.033,9.95,17.43,4.12
509074.703000,-0.216,-0.162,0.979,-8.09,8.58,3.97
509074.750000,-0.188,-0.276,0.96,-60.34,20.69,-15.14
509074.796000,-0.259,-0.351,0.954,-229.5,40.71,-44.47
509074.843000,-0.187,-0.468,0.724,-304.39,66.81,-53.87
509074.906000,-0.319,-0.824,0.548,-419.75,116.76,-29.91
509074.968000,-0.378,-1.097,0.274,-285.62,137.52,-23.62
509075.015000,-0.335,-1.118,0.098,-145.48,56.0,-35.04
509075.062000,-0.255,-1.014,0.005,-108.68,30.79,-69.09
509075.109000,-0.197,-0.874,-0.203,-45.53,-8.3,-51.0
509075.156000,-0.116,-0.899,-0.196,-93.08,4.36,-66.71
509075.203000,-0.061,-0.896,-0.307,-19.65,-11.63,-10.32
509075.250000,-0.087,-0.925,-0.373,24.26,-2.23,10.32
509075.296000,-0.074,-0.911,-0.319,-9.34,-3.6,-12.76
509075.343000,-0.087,-0.951,-0.321,2.41,10.96,4.97
509075.406000,-0.142,-0.91,-0.237,8.45,-4.15,10.86
509075.453000,-0.102,-0.969,-0.386,14.13,-8.06,13.37
509075.500000,-0.1,-1.028,-0.319,-8.21,2.72,4.94
509075.546000,-0.182,-0.935,-0.239,7.87,-1.28,0.15
509075.593000,-0.19,-0.96,-0.202,15.41,-1.37,11.14
509075.640000,-0.094,-1.083,-0.277,4.09,-21.76,7.11
509075.687000,-0.078,-0.968,-0.37,5.52,-1.1,-11.47
509075.734000,-0.199,-0.942,-0.154,0.58,0.24,-2.47
509075.781000,-0.139,-1.035,-0.22,12.05,-11.72,10.32
509075.828000,-0.085,-1.001,-0.31,5.34,-12.12,-7.17
509075.875000,-0.168,-0.909,-0.183,4.09,12.67,-7.87
509075.937000,-0.158,-0.984,-0.187,17.46,-15.32,12.82
509075.984000,-0.056,-1.016,-0.267,-2.44,-12.39,-4.88
509076.031000,-0.132,-0.887,-0.166,6.78,8.76,-11.54
509076.078000,-0.108,-0.959,-0.13,6.13,-13.76,6.87
509076.125000,-0.09,-1.044,-0.218,8.12,-18.46,4.3
509076.171000,-0.067,-0.973,-0.223,2.99,-17.98,-14.31
509076.218000,0.025,-1.007,-0.34,-12.3,-13.0,-15.47
509076.265000,-0.032,-1.024,-0.267,-9.89,7.29,-16.08
509076.312000,-0.143,-0.907,-0.22,7.29,23.53,-11.78
509076.359000,-0.237,-0.898,-0.107,5.22,22.77,-3.72
509076.406000,-0.387,-0.943,-0.045,15.08,20.57,5.71
509076.453000,-0.295,-0.888,-0.103,19.65,1.04,-2.78
509076.500000,-0.24,-0.982,-0.169,15.35,-14.01,7.32
509076.546000,-0.068,-1.044,-0.298,15.2,-33.54,4.21
509076.593000,-0.084,-1.081,-0.286,-2.69,-14.83,1.37
509076.656000,-0.098,-1.064,-0.185,5.49,-10.8,-10.8
509076.703000,-0.019,-0.95,-0.257,-2.99,-2.32,-14.65
509076.750000,-0.001,-0.948,-0.146,8.51,2.29,-7.6
509076.796000,0.09,-0.996,-0.132,-4.18,11.99,-6.2
509076.843000,0.068,-0.948,-0.003,2.69,7.78,-3.57
509076.890000,0.107,-1.04,-0.137,-2.41,-5.01,2.84
509076.937000,0.01,-1.069,0.017,27.53,20.54,-6.23
509076.984000,-0.018,-0.894,-0.087,40.62,4.64,-9.0
509077.031000,-0.033,-0.845,-0.13,5.37,19.81,-11.84
509077.078000,-0.069,-0.945,-0.042,17.61,12.39,12.82
509077.125000,-0.071,-0.938,-0.049,24.11,12.91,7.54
509077.171000,-0.205,-0.992,-0.042,17.18,11.08,15.5
509077.218000,-0.201,-1.038,-0.104,14.92,9.22,9.03
509077.265000,-0.25,-1.045,-0.014,10.56,7.08,0.43
509077.312000,-0.211,-1.026,0.047,-17.88,-20.87,-22.58
509077.359000,-0.005,-0.913,-0.079,9.19,-9.86,-15.56
509077.406000,-0.039,-0.989,-0.012,4.49,11.32,3.45
509077.453000,-0.069,-1.129,0.059,13.06,9.34,23.32
509077.500000,-0.046,-1.074,-0.016,1.46,4.58,-3.48
509077.546000,-0.021,-0.947,-0.054,0.98,0.64,-10.86
509077.593000,0.021,-1.098,-0.169,13.52,42.18,-22.31
509077.640000,-0.022,-0.928,0.002,5.89,70.8,-16.54
509077.687000,-0.064,-1.0,0.169,1.83,40.74,12.51
509077.734000,-0.084,-0.991,0.079,5.1,-18.1,30.06
509077.781000,-0.052,-1.015,0.055,-23.1,-36.9,8.55
509077.828000,-0.062,-0.992,-0.04,-12.12,-38.67,13.21
509077.875000,-0.082,-0.997,-0.022,-11.81,-27.68,15.66
509077.921000,-0.076,-1.006,-0.029,-9.8,-17.79,7.97
509077.968000,-0.113,-1.038,-0.025,-16.42,-23.68,4.79
509078.015000,-0.097,-1.016,-0.018,-5.01,-11.51,-4.21
509078.062000,-0.107,-0.986,-0.003,-1.56,-26.89,1.01
509078.109000,-0.103,-0.991,-0.06,-15.99,-23.62,4.24
509078.156000,-0.112,-0.989,-0.061,-11.6,-18.34,5.37
509078.203000,-0.085,-1.022,-0.068,-2.26,2.78,-0.55
509078.250000,-0.123,-0.987,-0.036,-7.51,-2.56,-1.68
509078.296000,-0.095,-1.043,-0.084,-8.55,9.19,-0.85
509078.343000,-0.114,-0.947,-0.029,9.31,2.04,-3.88
509078.390000,-0.102,-1.028,-0.091,4.97,2.2,4.7
509078.437000,-0.123,-0.962,0.003,10.22,6.62,-4.7
509078.484000,-0.107,-0.995,-0.064,9.34,-9.28,3.63
509078.531000,-0.108,-0.987,-0.037,-1.56,6.38,-2.66
509078.578000,-0.106,-0.995,-0.064,-4.67,-1.19,4.15
509078.625000,-0.112,-1.037,-0.012,-2.08,2.04,-1.46
509078.671000,-0.094,-1.021,-0.031,-5.95,-7.51,-2.78
509078.718000,-0.096,-0.997,0.012,7.9,-3.2,-6.93
509078.765000,-0.125,-0.979,-0.065,16.11,-10.5,3.3
509078.812000,-0.112,-1.028,-0.033,0.31,-1.83,1.31
509078.859000,-0.082,-1.023,-0.042,1.83,-9.13,-4.79
509078.906000,-0.065,-1.029,-0.05,-1.98,1.62,-10.86
509078.953000,-0.069,-0.983,-0.017,0.73,5.04,-8.36
509079.000000,-0.054,-0.982,-0.049,2.29,0.98,-7.35
509079.046000,-0.064,-0.975,0.007,0.12,6.74,-11.99
509079.109000,-0.051,-1.001,-0.042,9.86,1.37,-5.98
509079.156000,-0.053,-0.957,0.035,13.37,4.76,-5.22
509079.218000,-0.055,-0.985,-0.005,9.28,4.88,-3.2
509079.281000,-0.051,-0.987,0.009,1.19,-0.21,3.08
509079.328000,-0.031,-0.988,-0.013,-2.38,0.4,2.99
509079.375000,-0.045,-0.988,0.004,1.07,0.92,3.42
509079.421000,-0.051,-1.015,-0.003,0.82,5.16,5.1
509079.468000,-0.058,-0.971,0.012,0.09,1.68,4.12
509079.515000,-0.054,-1.046,0.006,2.23,2.53,6.04
509079.562000,-0.064,-1.005,0.01,-3.6,-1.89,5.71
509079.609000,-0.068,-1.002,0.015,3.36,2.44,0.76
509079.656000,-0.063,-1.017,0.016,-0.7,-0.92,2.47
509079.703000,-0.054,-1.022,-0.014,2.47,0.31,1.07
509079.750000,-0.065,-0.99,0.013,2.87,0.67,0.64
509079.796000,-0.06,-1.024,0.004,3.88,1.74,1.59
509079.843000,-0.055,-0.98,0.012,5.43,2.87,0.18
509079.890000,-0.071,-1.021,0.043,4.67,3.02,-4.21
509079.937000,-0.071,-1.081,0.066,18.59,1.01,3.72
509079.984000,-0.065,-1.058,0.053,23.29,-0.67,-4.67
509080.031000,-0.082,-1.112,0.117,24.41,2.66,-15.59
509080.078000,-0.084,-1.208,0.167,31.34,-4.73,-15.69
509080.125000,-0.059,-1.142,0.155,29.48,-9.28,-48.37
509080.171000,-0.028,-1.175,0.18,45.63,-10.22,-46.85
509080.218000,-0.075,-1.111,0.239,48.43,-15.9,-59.54
509080.265000,0.03,-1.092,0.258,37.93,-23.01,-73.31
509080.328000,0.1,-1.011,0.255,34.0,-26.55,-102.3
509080.375000,0.197,-1.004,0.276,21.79,-39.77,-107.52
509080.421000,0.247,-0.92,0.25,30.27,-41.08,-115.73
509080.468000,0.312,-0.874,0.215,32.99,-46.42,-106.57
509080.515000,0.411,-0.851,0.223,35.86,-35.07,-128.91
509080.562000,0.475,-0.713,0.228,38.39,-40.59,-124.45
509080.609000,0.606,-0.616,0.217,47.24,-42.12,-116.58
509080.656000,0.626,-0.475,0.207,30.43,-38.24,-121.16
509080.703000,0.68,-0.441,0.205,42.54,-38.18,-99.15
509080.750000,0.717,-0.422,0.148,41.51,-32.04,-104.22
509080.796000,0.718,-0.316,0.28,17.37,-29.85,-112.09
509080.843000,0.758,-0.282,0.169,44.89,-32.04,-97.38
509080.890000,0.804,-0.237,0.185,15.63,-33.42,-112.74
509080.937000,0.825,-0.065,0.06,46.14,-34.91,-116.37
509080.984000,0.892,0.099,0.106,3.88,-36.47,-121.01
509081.031000,0.938,0.443,-0.042,20.17,-31.89,-134.59
509081.078000,1.047,0.905,-0.033,15.56,7.63,-100.1
509081.125000,0.958,0.911,0.062,32.75,7.23,-24.93
509081.171000,0.886,0.625,0.1,7.05,4.33,29.54
509081.218000,0.868,0.393,0.111,3.02,-1.98,45.93
509081.265000,0.885,0.215,0.101,-20.84,-2.26,37.32
509081.312000,0.95,0.097,0.091,-7.14,-8.27,26.49
509081.359000,0.967,0.086,0.093,-24.2,-3.6,4.52
509081.406000,0.984,0.12,0.093,0.61,-0.21,5.49
509081.453000,0.981,0.164,0.067,-4.06,2.84,-1.71
509081.500000,0.957,0.184,0.119,10.35,4.46,-2.84
509081.546000,0.949,0.223,0.105,1.22,4.79,-1.92
509081.593000,0.925,0.217,0.148,1.65,-3.48,-2.5
509081.640000,0.955,0.225,0.073,5.19,-3.54,4.12
509081.687000,0.964,0.216,0.082,4.64,1.16,1.83
509081.734000,0.969,0.223,0.072,5.71,5.74,4.91
509081.781000,0.956,0.187,0.133,3.39,5.34,6.87
509081.828000,0.954,0.183,0.106,7.57,0.85,9.09
509081.875000,0.961,0.174,0.114,-4.24,0.21,3.27
509081.921000,0.962,0.181,0.116,4.36,-0.4,3.17
509081.968000,0.97,0.158,0.087,-6.04,-4.46,2.87
509082.015000,0.96,0.18,0.106,6.01,2.08,0.43
509082.062000,0.968,0.188,0.071,-3.85,-2.84,2.17
509082.125000,0.961,0.18,0.117,2.23,1.04,5.74
509082.171000,0.965,0.162,0.089,-1.89,-0.09,6.23
509082.218000,0.968,0.144,0.107,0.76,-1.43,2.56
509082.265000,0.961,0.153,0.104,0.92,0.64,1.62
509082.312000,0.971,0.139,0.103,0.09,-1.53,-0.7
509082.359000,0.971,0.163,0.077,-1.34,1.89,-3.27
509082.406000,0.96,0.168,0.1,2.93,1.95,-1.16
509082.453000,0.962,0.182,0.083,-0.15,1.65,-2.44
509082.500000,0.955,0.177,0.105,1.62,0.61,-0.12
509082.546000,0.951,0.185,0.098,2.2,0.43,-0.03
509082.593000,0.958,0.169,0.098,-2.72,1.25,0.06
509082.656000,0.959,0.172,0.1,2.47,1.71,2.41
509082.703000,0.959,0.161,0.095,-1.22,2.66,1.59
509082.750000,0.958,0.167,0.111,1.83,0.61,2.23
509082.796000,0.973,0.165,0.09,-2.26,1.16,0.4
509082.859000,0.969,0.166,0.1,2.84,0.24,1.59
509082.906000,0.96,0.163,0.113,-2.47,2.47,-0.06
509082.953000,0.963,0.163,0.103,1.34,-1.34,2.17
509083.000000,0.96,0.166,0.103,-3.05,-1.01,0.55
509083.046000,0.973,0.15,0.088,0.64,-1.37,0.89
509083.093000,0.97,0.155,0.089,-0.76,0.82,0.49
509083.140000,0.964,0.16,0.095,-0.61,-1.5,0.18
509083.187000,0.966,0.16,0.099,0.0,0.46,0.12
509083.234000,0.969,0.164,0.075,-2.75,-0.46,0.55
509083.296000,0.959,0.163,0.102,1.07,2.17,1.31
509083.343000,0.958,0.166,0.104,-1.56,0.76,0.89
509083.390000,0.963,0.156,0.103,-0.89,1.56,0.95
509083.437000,0.966,0.157,0.094,0.03,-1.65,1.46
509083.484000,0.967,0.151,0.09,-4.18,2.08,-0.27
509083.531000,0.959,0.152,0.097,-0.49,2.99,-0.46
509083.578000,0.963,0.156,0.1,-4.09,-0.06,0.73
509083.625000,0.964,0.163,0.11,-2.35,-0.55,-0.46
509083.671000,0.967,0.153,0.1,-0.92,-0.92,2.41
509083.718000,0.964,0.158,0.112,-0.52,-0.18,0.95
509083.765000,0.963,0.155,0.094,0.46,-0.92,2.78
509083.812000,0.965,0.143,0.093,0.06,0.09,0.82
509083.859000,0.965,0.145,0.097,0.43,0.24,0.92
509083.906000,0.966,0.141,0.092,-1.1,-0.52,-0.55
509083.953000,0.966,0.159,0.1,0.82,-0.85,0.27
509084.000000,0.964,0.154,0.101,-0.82,0.15,-0.67
509084.046000,0.966,0.167,0.086,1.25,-0.95,1.22
509084.093000,0.96,0.16,0.096,0.49,0.52,1.86
509084.156000,0.968,0.145,0.092,-0.58,-0.37,1.86
509084.203000,0.975,0.131,0.081,-1.8,-0.09,1.43
509084.250000,0.964,0.137,0.08,1.1,0.95,1.56
509084.296000,0.971,0.128,0.105,-0.15,2.44,0.76
509084.343000,0.965,0.143,0.084,-0.34,-0.49,-1.19
509084.390000,0.962,0.152,0.09,-0.82,-0.21,-1.37
509084.437000,0.978,0.14,0.067,1.59,1.68,-1.1
509084.484000,0.971,0.15,0.08,3.02,0.85,-1.22
509084.531000,0.97,0.151,0.083,-2.99,-0.18,0.64
509084.578000,0.967,0.15,0.085,0.34,1.19,-0.21
509084.625000,0.96,0.152,0.105,-1.89,1.59,0.58
509084.671000,0.958,0.151,0.116,1.86,0.03,-0.92
509084.718000,0.957,0.159,0.119,2.26,0.12,0.58
509084.765000,0.962,0.152,0.102,-1.34,-2.44,0.89
509084.812000,0.976,0.147,0.087,-1.1,-1.92,2.5
509084.859000,0.967,0.144,0.089,1.77,0.21,1.95
509084.921000,0.975,0.142,0.09,-2.11,-2.08,1.65
509084.968000,0.974,0.148,0.088,-0.73,0.67,1.31
509085.031000,0.956,0.147,0.085,0.7,0.21,1.04
509085.078000,0.962,0.146,0.097,-0.46,-1.04,1.25
509085.125000,0.968,0.151,0.083,1.86,-1.04,2.99
509085.171000,0.982,0.256,0.018,-2.04,0.55,1.62
509085.218000,0.985,0.296,0.049,-9.0,4.73,12.3
509085.265000,1.028,0.546,-0.019,-22.13,13.49,24.11
509085.312000,0.988,0.706,-0.043,-28.32,25.88,76.45
509085.359000,0.853,0.694,-0.025,-28.75,37.97,139.32
509085.406000,0.749,0.408,-0.008,-59.91,41.6,185.43
509085.453000,0.58,0.036,0.018,-92.62,52.64,216.53
509085.500000,0.292,-0.364,-0.018,-77.21,54.93,234.5
509085.546000,0.27,-0.95,0.038,-0.98,80.11,228.43
509085.593000,0.102,-0.964,0.153,1.65,83.71,196.05
509085.640000,0.042,-1.127,0.093,58.99,122.04,202.49
509085.687000,-0.066,-1.053,0.412,-45.11,95.61,125.89
509085.734000,-0.035,-1.07,0.245,-15.56,97.87,132.76
509085.781000,-0.203,-1.094,0.382,-83.01,87.13,58.63
509085.828000,-0.189,-1.075,0.291,-42.42,59.85,89.18
509085.875000,-0.271,-1.163,0.312,-37.54,54.75,72.85
509085.921000,-0.262,-1.191,0.316,-37.93,26.7,57.99
509085.984000,-0.227,-1.268,0.248,-36.74,24.99,28.32
509086.031000,-0.24,-1.268,0.323,2.2,2.66,22.06
509086.078000,-0.242,-1.174,0.235,-2.66,8.85,7.14
509086.125000,-0.255,-1.013,0.279,6.35,-2.14,-7.2
509086.171000,-0.259,-0.944,0.253,2.96,-3.23,-3.27
509086.218000,-0.212,-0.905,0.211,16.33,-4.85,-1.01
509086.265000,-0.21,-0.905,0.222,3.88,-6.13,0.79
509086.312000,-0.226,-0.915,0.219,4.3,-0.27,-2.26
509086.359000,-0.197,-0.905,0.2,-5.46,-10.07,1.65
509086.406000,-0.206,-0.978,0.206,-6.26,-4.06,1.98
509086.453000,-0.209,-0.972,0.198,-4.12,-9.64,4.76
509086.500000,-0.202,-0.978,0.21,9.25,-2.93,2.04
509086.546000,-0.214,-1.009,0.195,-14.07,-3.11,-4.24
509086.593000,-0.203,-0.986,0.206,-7.54,-2.56,-11.63
509086.640000,-0.205,-0.975,0.169,2.38,-5.71,-2.04
509086.703000,-0.223,-0.964,0.226,2.11,3.63,-1.8
509086.750000,-0.184,-0.965,0.158,1.8,0.09,-0.21
509086.796000,-0.214,-0.931,0.238,-0.64,2.93,-5.01
509086.843000,-0.199,-0.972,0.19,-6.07,-4.52,1.5
509086.890000,-0.185,-0.97,0.188,-3.36,4.03,-2.78
509086.937000,-0.207,-0.942,0.204,-0.15,-0.03,1.04
509086.984000,-0.198,-0.964,0.177,-2.08,2.53,2.08
509087.031000,-0.209,-0.957,0.218,1.77,-1.19,2.62
509087.078000,-0.211,-0.972,0.208,-2.38,-0.61,2.35
509087.125000,-0.189,-0.954,0.186,-0.34,-2.75,0.92
509087.171000,-0.219,-0.993,0.208,-1.65,1.25,4.15
509087.218000,-0.193,-0.973,0.172,0.79,-0.21,3.51
509087.265000,-0.214,-0.971,0.192,1.34,2.04,1.28
509087.312000,-0.212,-0.986,0.18,0.06,1.98,1.31
509087.359000,-0.198,-0.959,0.184,3.08,1.65,3.48
509087.406000,-0.236,-0.99,0.23,2.01,3.63,-1.31
509087.453000,-0.229,-1.01,0.202,0.55,0.49,1.1
509087.500000,-0.244,-1.048,0.284,29.33,-0.76,3.6
509087.546000,-0.235,-1.071,0.273,23.9,-4.06,-4.67
509087.593000,-0.242,-1.16,0.345,24.93,-11.87,-18.8
509087.640000,-0.225,-1.204,0.372,53.29,-15.44,-36.47
509087.687000,-0.166,-1.18,0.351,60.7,-21.58,-70.56
509087.734000,-0.194,-1.053,0.493,76.63,-10.16,-78.86
509087.781000,-0.167,-1.077,0.518,54.75,-48.83,-70.16
509087.828000,-0.104,-1.042,0.509,35.0,-55.33,-94.58
509087.875000,-0.058,-0.98,0.569,43.76,-64.36,-98.27
509087.921000,0.014,-0.922,0.501,35.04,-83.93,-107.67
509087.968000,0.091,-0.92,0.521,29.27,-85.54,-122.35
509088.015000,0.243,-0.787,0.399,37.08,-92.07,-131.5
509088.062000,0.347,-0.677,0.359,35.37,-91.65,-139.23
509088.109000,0.509,-0.536,0.261,45.69,-82.03,-123.05
509088.156000,0.57,-0.455,0.266,30.67,-75.01,-123.39
509088.203000,0.668,-0.307,0.2,47.58,-70.01,-113.99
509088.250000,0.688,-0.315,0.251,16.27,-60.49,-107.52
509088.296000,0.734,-0.166,0.013,-2.38,-57.77,-106.33
509088.343000,0.786,-0.277,0.33,-75.69,-34.61,-116.64
509088.390000,0.795,-0.018,0.04,33.11,-35.52,-106.39
509088.437000,0.856,-0.007,0.167,-45.81,-21.15,-124.79
509088.484000,0.922,0.36,0.063,-10.19,-16.14,-136.14
509088.531000,0.961,0.711,0.229,-26.98,10.74,-113.28
509088.578000,0.949,0.881,0.306,8.36,6.68,-55.97
509088.625000,0.974,0.677,0.217,14.74,-14.74,18.71
509088.671000,0.931,0.342,0.199,1.22,-7.72,36.44
509088.718000,0.944,0.198,0.098,3.94,-7.23,35.13
509088.765000,0.913,0.057,0.241,-23.53,-1.07,19.81
509088.812000,0.96,0.113,0.143,-0.7,-6.26,19.32
509088.859000,0.973,0.05,0.198,-19.78,0.98,4.36
509088.906000,0.987,0.103,0.161,8.82,-1.98,7.29
509088.953000,0.953,0.135,0.207,-11.93,3.05,-2.56
509089.000000,0.972,0.153,0.153,11.47,-2.9,7.81
509089.046000,0.945,0.143,0.195,-5.01,-1.43,-0.49
509089.093000,0.958,0.159,0.165,7.48,-3.85,6.59
509089.140000,0.968,0.131,0.153,-8.42,1.74,3.78
509089.187000,0.949,0.152,0.203,0.7,2.5,2.08
509089.234000,0.969,0.103,0.158,0.76,-1.65,8.3
509089.281000,0.94,0.115,0.209,-3.91,-1.53,1.86
509089.328000,0.958,0.091,0.181,-13.09,-9.03,2.99
509089.375000,0.971,0.105,0.184,-2.87,-3.23,-5.28
509089.437000,0.979,0.138,0.138,-1.5,-1.13,-0.85
509089.484000,0.957,0.132,0.192,-1.37,2.38,-3.94
509089.531000,0.96,0.139,0.14,3.45,-0.64,5.68
509089.578000,0.938,0.125,0.195,-0.15,-0.34,1.86
509089.625000,0.978,0.116,0.139,-0.98,-0.64,3.27
509089.687000,0.95,0.128,0.185,-2.32,-2.29,0.24
509089.734000,0.971,0.108,0.16,-5.8,-8.73,0.24
509089.781000,0.981,0.107,0.119,1.53,-3.17,0.46
509089.828000,0.96,0.121,0.137,0.34,0.85,-2.35
509089.875000,0.963,0.123,0.144,1.1,2.66,1.13
509089.921000,0.953,0.129,0.162,1.65,2.99,2.29
509089.968000,0.968,0.118,0.146,0.64,-1.31,1.01
509090.015000,0.969,0.118,0.149,-1.4,0.31,0.61
509090.062000,0.974,0.144,0.156,3.2,0.92,1.53
509090.109000,0.992,0.219,0.133,-3.48,3.02,-0.58
509090.156000,1.0,0.3,0.135,-3.08,8.39,9.64
509090.203000,0.971,0.441,0.145,-12.15,12.88,28.78
509090.250000,0.968,0.571,0.124,-4.88,18.22,65.86
509090.296000,0.86,0.475,0.13,-21.09,14.89,126.93
509090.343000,0.761,0.295,0.131,-32.81,16.45,160.8
509090.390000,0.7,0.034,0.063,-63.33,20.63,181.19
509090.437000,0.641,-0.193,0.032,-94.61,35.25,174.44
509090.484000,0.454,-0.45,0.071,-63.39,57.47,159.58
509090.531000,0.36,-0.714,0.064,-72.7,30.27,207.4
509090.578000,0.154,-0.94,-0.063,-10.35,51.79,213.51
509090.625000,0.046,-1.038,0.045,-15.87,76.6,177.4
509090.671000,-0.06,-0.916,0.012,-3.17,82.74,201.18
509090.718000,-0.25,-0.951,-0.02,-21.91,107.12,155.34
509090.765000,-0.487,-1.077,0.18,-55.7,81.79,160.65
509090.812000,-0.395,-1.405,0.164,-31.16,66.23,131.72
509090.859000,-0.407,-1.372,0.373,-49.26,31.59,59.21
509090.906000,-0.274,-1.425,0.176,-36.74,-3.85,38.21
509090.953000,-0.357,-1.392,0.23,-25.51,10.68,7.29
509091.015000,-0.35,-1.247,0.181,-3.81,9.09,-4.61
509091.062000,-0.295,-1.043,0.186,22.25,1.83,-5.65
509091.109000,-0.324,-0.995,0.186,-0.12,-6.81,-13.64
509091.156000,-0.277,-0.908,0.147,4.52,-6.68,-14.19
509091.203000,-0.252,-0.917,0.129,4.79,-11.81,-4.21
509091.250000,-0.248,-0.908,0.137,6.32,-6.32,-9.83
509091.296000,-0.204,-0.927,0.104,0.89,-11.38,-2.72
509091.343000,-0.212,-0.981,0.104,3.54,-7.02,-8.3
509091.390000,-0.194,-0.937,0.09,2.75,-8.79,-6.9
509091.437000,-0.189,-1.01,0.068,6.16,-1.83,-14.28
509091.484000,-0.16,-0.984,0.099,23.29,11.11,-29.94
509091.531000,-0.188,-0.985,0.176,2.78,1.4,-17.55
509091.578000,-0.141,-1.021,0.11,5.52,-4.52,-11.51
509091.625000,-0.149,-0.995,0.158,1.46,-0.82,-9.64
509091.671000,-0.147,-1.009,0.138,-2.23,-4.73,-3.78
509091.718000,-0.155,-1.008,0.177,-5.74,-1.43,-6.9
509091.765000,-0.112,-0.978,0.135,-8.88,-8.18,-5.46
509091.812000,-0.154,-1.001,0.16,-5.65,-4.85,-2.23
509091.859000,-0.118,-0.976,0.131,-3.81,-9.25,4.64
509091.906000,-0.127,-1.029,0.126,-11.81,-4.79,-0.55
509091.953000,-0.151,-1.047,0.174,-0.03,-3.91,1.19
509092.000000,-0.09,-1.063,0.062,-8.94,-1.65,-15.56
509092.046000,-0.19,-1.014,0.291,41.63,2.35,1.83
509092.093000,-0.15,-0.887,0.165,38.36,-6.78,-0.43
509092.140000,-0.11,-0.783,0.153,-9.03,-10.83,-16.88
509092.187000,-0.092,-0.866,0.126,-9.8,-4.52,0.24
509092.234000,-0.102,-0.889,0.154,7.14,1.77,11.02
509092.281000,-0.113,-0.992,0.188,8.15,1.74,16.54
509092.328000,-0.151,-1.083,0.243,4.49,-1.5,12.05
509092.375000,-0.129,-1.054,0.209,0.37,-8.51,-2.5
509092.421000,-0.119,-1.038,0.158,-0.95,-4.03,0.64
509092.468000,-0.119,-1.068,0.202,3.27,-1.1,-1.86
509092.515000,-0.153,-1.188,0.305,20.26,2.08,-8.61
509092.562000,-0.195,-1.25,0.377,28.41,-13.34,-23.19
509092.609000,-0.196,-1.326,0.402,70.04,-34.58,-49.68
509092.656000,-0.173,-1.245,0.411,47.61,-50.51,-73.95
509092.703000,-0.084,-1.14,0.386,34.18,-62.26,-104.28
509092.750000,0.001,-1.107,0.318,29.3,-66.99,-110.17
509092.796000,0.051,-0.931,0.372,44.53,-57.74,-120.37
509092.843000,0.167,-0.828,0.244,40.28,-64.7,-107.39
509092.890000,0.151,-0.86,0.377,-12.63,-46.97,-115.76
509092.937000,0.272,-0.815,0.261,45.66,-69.73,-102.6
509092.984000,0.288,-0.878,0.218,35.37,-59.72,-116.43
509093.031000,0.394,-0.577,0.217,30.92,-58.29,-157.69
509093.078000,0.495,-0.523,0.17,56.31,-56.7,-137.36
509093.125000,0.584,-0.43,0.143,58.53,-62.41,-145.76
509093.171000,0.631,-0.246,0.099,19.41,-58.14,-158.73
509093.218000,0.77,-0.187,-0.01,56.67,-44.19,-148.84
509093.265000,0.748,0.064,-0.012,-23.83,-20.94,-180.64
509093.312000,0.825,0.308,0.063,21.7,-5.25,-155.06
509093.359000,0.853,0.757,0.113,4.79,24.72,-143.01
509093.406000,0.87,0.889,0.361,23.77,25.09,-92.75
509093.453000,0.947,0.857,0.222,30.4,-13.67,-20.39
509093.500000,0.959,0.665,0.237,-7.54,-11.72,5.22
509093.546000,0.934,0.472,0.159,-12.36,-9.19,27.92
509093.593000,0.914,0.294,0.168,-6.5,-7.87,31.04
509093.640000,0.897,0.238,0.15,-19.04,1.19,16.3
509093.687000,0.922,0.213,0.189,-2.04,-0.12,13.15
509093.734000,0.932,0.218,0.154,-7.32,0.03,3.85
509093.781000,0.925,0.229,0.227,-6.16,4.76,-4.33
509093.828000,0.939,0.285,0.161,2.9,2.78,-0.4
509093.875000,0.913,0.265,0.253,-3.36,7.45,-5.49
509093.921000,0.923,0.307,0.208,5.89,-1.98,2.44
509093.968000,0.909,0.286,0.215,-2.14,-0.79,-2.75
509094.015000,0.928,0.285,0.193,3.3,-3.54,5.01
509094.062000,0.914,0.288,0.196,1.71,2.96,4.39
509094.109000,0.918,0.273,0.199,7.97,-1.62,9.98
509094.156000,0.93,0.272,0.196,-2.84,-1.43,3.36
509094.203000,0.934,0.267,0.19,-2.35,-1.98,4.03
509094.250000,0.93,0.26,0.202,-2.96,-0.31,3.2
509094.296000,0.93,0.249,0.184,0.95,2.32,4.36
509094.343000,0.931,0.247,0.195,-0.73,-0.89,4.27
509094.390000,0.925,0.229,0.211,1.86,1.07,3.54
509094.437000,0.933,0.247,0.177,-0.95,-4.64,2.62
509094.484000,0.932,0.245,0.191,-1.8,1.95,1.92
509094.531000,0.944,0.261,0.17,-8.09,0.4,3.72
509094.578000,0.929,0.261,0.205,-3.54,-0.76,6.81
509094.625000,0.94,0.233,0.192,0.79,-2.23,10.38
509094.671000,0.94,0.232,0.201,-7.51,0.21,3.45
509094.718000,0.948,0.253,0.19,-0.58,1.62,9.19
509094.765000,0.949,0.25,0.192,-11.47,0.64,10.1
509094.812000,0.96,0.375,0.188,-9.31,5.13,10.86
509094.859000,0.968,0.47,0.209,-17.67,4.91,23.59
509094.906000,0.954,0.719,0.22,-23.44,10.44,56.46
509094.953000,0.897,0.603,0.205,-30.15,1.83,114.99
509095.000000,0.802,0.321,0.169,-32.65,1.8,161.87
509095.046000,0.712,-0.048,0.09,-72.79,19.44,168.07
509095.093000,0.725,-0.21,0.012,-85.09,50.51,151.13
509095.140000,0.585,-0.341,0.12,-91.22,50.45,130.77
509095.187000,0.582,-0.443,0.121,-49.96,46.72,163.91
509095.234000,0.456,-0.646,0.124,-21.85,52.13,191.87
509095.281000,0.233,-0.924,0.133,20.72,48.34,220.07
509095.328000,0.169,-0.906,0.101,-34.55,71.2,153.51
509095.375000,0.006,-0.941,0.139,12.05,83.38,171.12
509095.421000,-0.123,-1.019,0.298,-91.92,73.92,91.56
509095.468000,-0.152,-0.866,0.139,-82.03,48.86,106.02
509095.515000,-0.281,-1.033,0.027,-32.87,53.87,118.99
509095.562000,-0.243,-1.17,-0.056,-127.9,76.51,66.38
509095.609000,-0.348,-1.454,0.198,-99.22,39.77,44.59
509095.656000,-0.22,-1.616,0.123,9.86,9.74,57.71
509095.703000,-0.227,-1.309,0.168,0.12,0.0,-5.16
509095.750000,-0.243,-1.22,0.108,22.77,-7.45,2.72
509095.796000,-0.204,-1.052,0.11,16.6,-5.86,-13.67
509095.843000,-0.228,-0.968,0.112,11.02,-12.97,-5.86
509095.890000,-0.15,-0.926,0.049,5.34,-6.65,-13.09
509095.937000,-0.209,-0.897,0.115,2.44,-5.07,-6.53
509095.984000,-0.128,-0.991,0.028,-6.13,-4.82,-7.63
509096.031000,-0.14,-0.949,0.06,0.61,-5.31,-4.39
509096.078000,-0.159,-0.995,0.087,-43.67,-12.79,-29.79
509096.125000,-0.074,-0.971,-0.016,-7.63,-13.31,-6.96
509096.171000,-0.11,-1.046,0.006,-8.15,2.69,-7.9
509096.218000,-0.089,-1.027,0.018,-4.64,-3.33,-2.59
509096.265000,-0.09,-1.064,-0.008,4.09,1.37,-5.52
509096.312000,-0.101,-0.967,0.029,4.97,-0.52,-0.64
509096.359000,-0.088,-0.978,0.016,10.62,-0.79,1.71
509096.406000,-0.114,-0.976,0.049,5.52,1.22,1.46
509096.453000,-0.094,-0.944,0.038,11.51,-1.59,4.18
509096.500000,-0.122,-0.972,0.067,-6.81,-5.71,3.51
509096.546000,-0.094,-1.0,0.037,-7.48,-1.77,-1.01
509096.593000,-0.112,-1.001,0.045,6.29,-1.83,5.89
509096.656000,-0.12,-1.029,0.065,6.5,0.95,1.95
509096.703000,-0.091,-1.038,0.012,0.92,0.76,0.76
509096.750000,-0.125,-0.987,0.069,1.53,1.56,-3.94
509096.796000,-0.1,-1.005,0.038,3.88,1.01,1.28
509096.843000,-0.125,-0.961,0.072,2.5,0.21,0.27
509096.890000,-0.138,-0.975,0.09,-23.83,-5.46,-12.7
509096.937000,-0.09,-0.979,0.019,-9.95,-7.66,-4.33
509096.984000,-0.093,-1.03,0.021,10.62,3.11,9.03
509097.031000,-0.114,-1.11,0.075,11.47,-4.85,8.51
509097.078000,-0.108,-1.175,0.075,29.79,9.8,-9.31
509097.125000,-0.125,-1.137,0.117,13.58,-8.97,-31.4
509097.171000,-0.09,-1.211,0.135,26.03,-10.59,-34.42
509097.218000,-0.061,-1.195,0.173,40.56,-15.56,-45.17
509097.265000,-0.055,-1.256,0.201,49.56,-16.17,-54.69
509097.312000,-0.021,-1.171,0.232,55.7,-24.69,-71.72
509097.359000,0.004,-1.147,0.252,58.2,-28.96,-88.23
509097.406000,0.03,-1.08,0.287,46.27,-42.15,-102.76
509097.453000,0.089,-0.989,0.31,43.79,-45.11,-114.57
509097.500000,0.221,-0.864,0.265,56.49,-56.61,-104.16
509097.546000,0.268,-0.88,0.261,44.8,-47.91,-104.37
509097.593000,0.38,-0.707,0.231,50.2,-53.19,-116.25
509097.640000,0.463,-0.626,0.248,35.43,-28.6,-98.21
509097.687000,0.41,-0.596,0.341,40.86,-39.7,-103.27
509097.734000,0.546,-0.533,0.285,32.11,-53.62,-91.4
509097.781000,0.626,-0.593,0.207,58.2,-55.42,-86.06
509097.828000,0.765,-0.454,0.164,29.85,-41.08,-117.86
509097.875000,0.755,-0.48,0.249,62.65,-45.35,-104.56
509097.921000,0.78,-0.333,0.111,44.95,-26.15,-133.46
509097.968000,0.743,-0.07,0.121,48.16,-23.74,-157.32
509098.015000,0.717,0.104,0.013,31.19,-18.98,-152.38
509098.062000,0.697,0.267,0.2,15.78,9.43,-147.04
509098.109000,0.812,0.569,0.207,21.39,-13.4,-105.2
509098.156000,0.91,0.746,0.159,12.24,4.12,-78.83
509098.203000,0.939,0.953,0.217,13.95,0.49,-52.8
509098.250000,0.943,0.917,0.199,1.8,4.21,-3.75
509098.296000,0.875,0.654,0.225,-4.85,3.33,27.92
509098.343000,0.835,0.308,0.248,-14.4,-0.64,42.39
509098.390000,0.858,0.208,0.245,-12.15,-0.34,23.22
509098.437000,0.89,0.199,0.222,-13.28,0.4,13.67
509098.484000,0.908,0.232,0.26,-5.43,-0.76,2.01
509098.531000,0.934,0.278,0.223,3.33,3.39,-2.44
509098.578000,0.905,0.333,0.284,-0.98,1.74,-10.65
509098.625000,0.902,0.365,0.235,7.17,-3.3,-0.82
509098.671000,0.881,0.358,0.265,-3.11,0.37,-6.07
509098.718000,0.892,0.352,0.227,4.39,1.46,1.59
509098.765000,0.872,0.346,0.255,-4.21,-1.13,2.35
509098.812000,0.89,0.335,0.229,6.62,-2.93,7.14
509098.859000,0.885,0.325,0.254,-5.58,-3.39,-2.5
509098.906000,0.905,0.323,0.217,2.38,-4.12,3.33
509098.953000,0.9,0.322,0.241,-3.63,0.64,-1.74
509099.000000,0.896,0.334,0.242,-1.53,-1.1,-0.12
509099.046000,0.905,0.336,0.224,-4.7,-0.7,-0.24
509099.093000,0.886,0.341,0.242,-0.55,2.26,0.37
509099.140000,0.895,0.324,0.237,-3.81,-0.49,3.57
509099.187000,0.891,0.333,0.223,-0.89,-1.16,3.85
509099.234000,0.901,0.311,0.222,-1.74,-1.1,3.66
509099.281000,0.901,0.299,0.235,-0.31,0.58,4.58
509099.328000,0.901,0.31,0.229,0.12,0.79,0.64
509099.375000,0.899,0.321,0.228,-0.76,0.37,0.95
509099.421000,0.916,0.312,0.229,-2.41,0.76,2.41
509099.468000,0.904,0.322,0.248,-1.98,1.8,1.5
509099.515000,0.9,0.322,0.246,1.46,1.1,4.27
509099.562000,0.922,0.351,0.218,-5.37,0.37,0.15
509099.609000,0.915,0.43,0.224,-8.88,2.5,1.16
509099.671000,0.912,0.722,0.241,-16.91,4.94,41.41
509099.718000,0.865,0.711,0.241,-26.73,0.85,97.99
509099.765000,0.818,0.528,0.227,-37.14,-1.43,133.7
509099.812000,0.772,0.255,0.183,-49.07,-1.01,163.09
509099.859000,0.715,0.016,0.152,-65.16,10.22,157.6
509099.906000,0.679,-0.19,0.12,-94.79,12.48,150.3
509099.953000,0.688,-0.266,0.078,-78.4,25.27,146.67
509100.000000,0.572,-0.388,0.074,-61.53,23.07,185.52
509100.046000,0.468,-0.691,-0.051,-34.39,47.76,206.27
509100.093000,0.325,-0.751,0.135,-99.83,51.15,146.98
509100.140000,0.094,-0.889,-0.035,-25.51,42.51,194.37
509100.187000,0.074,-0.975,0.022,-42.27,45.66,162.79
509100.234000,-0.06,-0.915,-0.132,3.48,68.79,181.1
509100.296000,-0.259,-0.961,0.12,-90.82,57.16,100.71
509100.343000,-0.316,-1.162,-0.187,-45.69,45.66,160.92
509100.390000,-0.392,-1.47,0.254,-86.61,72.21,59.24
509100.437000,-0.201,-1.538,0.21,-24.51,4.15,55.24
509100.484000,-0.175,-1.326,-0.105,3.27,20.51,23.35
509100.531000,-0.299,-1.342,0.174,39.8,24.02,41.29
509100.578000,-0.256,-1.265,0.119,31.37,4.7,12.63
509100.625000,-0.286,-0.976,0.198,20.94,2.59,-8.45
509100.671000,-0.248,-0.923,0.08,23.19,-1.83,-6.38
509100.718000,-0.242,-0.847,0.159,-14.13,-2.84,-12.73
509100.765000,-0.216,-0.968,0.078,-8.55,-7.9,-4.88
509100.812000,-0.214,-0.883,0.084,-2.9,-3.05,-1.56
509100.859000,-0.197,-0.949,0.039,-4.36,-10.35,4.58
509100.906000,-0.186,-0.959,0.031,-4.12,1.89,1.43
509100.953000,-0.2,-1.022,0.053,-8.67,-3.51,2.35
509101.000000,-0.192,-0.996,0.034,-0.21,-0.46,-0.24
509101.046000,-0.199,-1.033,0.058,-28.69,-5.19,-15.08
509101.093000,-0.195,-1.049,0.041,-18.1,-8.45,-14.13
509101.140000,-0.189,-0.997,0.014,12.18,2.35,-0.7
509101.187000,-0.166,-0.985,0.01,6.1,-1.86,0.31
509101.234000,-0.185,-0.937,0.043,23.26,6.29,5.95
509101.281000,-0.205,-0.967,0.087,-4.91,0.67,-1.43
509101.328000,-0.198,-0.947,0.077,-3.3,4.03,-2.81
509101.375000,-0.199,-0.953,0.074,-15.47,-6.1,-9.67
509101.421000,-0.182,-0.987,0.043,1.07,-3.48,3.05
509101.468000,-0.187,-0.996,0.056,-1.28,0.98,2.93
509101.515000,-0.18,-1.008,0.042,0.31,-4.55,3.75
509101.562000,-0.18,-0.991,0.046,9.28,4.3,0.98
509101.609000,-0.193,-0.974,0.06,-3.72,-2.72,-1.83
509101.656000,-0.188,-0.987,0.036,0.92,2.41,-1.98
509101.703000,-0.191,-0.969,0.054,9.89,2.11,4.73
509101.750000,-0.201,-0.963,0.066,13.82,7.84,-3.39
509101.796000,-0.194,-0.984,0.088,2.04,4.06,-1.92
509101.843000,-0.175,-1.104,0.063,12.7,1.98,2.87
509101.890000,-0.224,-1.149,0.158,37.2,2.11,4.43
509101.937000,-0.16,-1.177,0.163,42.76,-7.69,-10.28
509101.984000,-0.21,-1.246,0.224,41.23,-13.95,-31.8
509102.031000,-0.234,-1.35,0.315,54.63,-21.45,-50.63
509102.078000,-0.183,-1.316,0.269,67.87,-29.21,-79.56
509102.125000,-0.207,-1.205,0.391,50.69,-45.08,-110.02
509102.171000,-0.114,-1.116,0.292,55.48,-61.13,-112.83
509102.218000,-0.04,-0.987,0.304,41.29,-56.12,-135.84
509102.265000,0.103,-0.891,0.278,60.58,-60.58,-133.58
509102.312000,0.221,-0.759,0.24,14.25,-38.58,-145.76
509102.359000,0.359,-0.628,0.252,62.9,-41.54,-140.66
509102.406000,0.447,-0.519,0.266,37.51,-35.86,-125.89
509102.453000,0.501,-0.572,0.323,48.04,-41.66,-111.82
509102.500000,0.584,-0.501,0.213,18.92,-46.82,-120.73
509102.546000,0.553,-0.637,0.326,-23.56,-66.16,-152.26
509102.593000,0.599,-0.369,0.086,-0.73,-59.82,-173.53
509102.640000,0.696,-0.29,0.089,50.78,-37.02,-132.69
509102.687000,0.726,-0.11,0.003,33.66,-22.28,-162.08
509102.734000,0.768,0.084,0.057,32.41,1.71,-158.91
509102.781000,0.73,0.665,0.055,19.01,29.24,-172.98
509102.828000,0.801,0.877,0.248,39.8,59.3,-127.69
509102.875000,0.777,1.157,0.398,54.93,44.4,-69.55
509102.921000,0.865,1.089,0.396,37.02,16.51,-0.52
509102.968000,0.813,0.844,0.418,15.29,0.43,34.0
509103.015000,0.835,0.296,0.279,-14.34,-15.56,48.68
509103.062000,0.849,0.237,0.236,-11.84,-13.49,31.83
509103.109000,0.882,0.202,0.24,-12.88,-5.68,19.14
509103.156000,0.906,0.262,0.213,-4.88,-0.79,7.51
509103.203000,0.909,0.281,0.259,-4.33,4.79,5.37
509103.250000,0.889,0.307,0.29,0.31,0.76,-1.8
509103.296000,0.892,0.325,0.275,2.69,0.43,-1.62
509103.359000,0.892,0.339,0.272,5.01,1.22,-1.86
509103.406000,0.864,0.321,0.298,4.12,-1.53,1.5
509103.453000,0.89,0.324,0.251,8.33,-1.98,-1.8
509103.500000,0.898,0.339,0.221,1.8,-2.99,-1.68
509103.546000,0.884,0.354,0.265,0.15,2.38,-1.25
509103.593000,0.881,0.362,0.261,2.93,-1.56,3.69
509103.640000,0.888,0.337,0.268,0.7,1.71,0.12
509103.687000,0.897,0.33,0.264,-1.68,-0.58,4.52
509103.734000,0.89,0.337,0.244,-5.55,-1.8,1.68
509103.781000,0.895,0.314,0.258,5.46,-4.15,5.98
509103.828000,0.902,0.307,0.239,-6.47,1.74,-4.03
509103.875000,0.886,0.329,0.252,0.55,-1.62,1.37
509103.921000,0.896,0.309,0.251,-2.93,1.19,-0.03
509103.968000,0.884,0.336,0.266,0.58,0.21,1.04
509104.015000,0.891,0.327,0.257,-0.4,-1.4,2.93
509104.062000,0.893,0.326,0.249,-0.37,-2.59,0.98
509104.109000,0.907,0.315,0.244,0.79,1.37,3.42
509104.156000,0.898,0.32,0.252,0.49,-1.59,1.74
509104.203000,0.894,0.321,0.248,1.53,1.16,2.5
509104.250000,0.895,0.317,0.247,2.32,-0.89,3.23
509104.296000,0.901,0.309,0.252,-0.73,1.01,2.32
509104.343000,0.895,0.312,0.263,1.95,-1.16,4.24
509104.390000,0.902,0.309,0.233,4.21,-2.59,5.43
509104.453000,0.909,0.306,0.235,0.18,-4.36,1.74
509104.500000,0.937,0.309,0.216,-2.01,-1.34,2.01
509104.546000,0.915,0.381,0.227,-3.54,4.82,2.78
509104.593000,0.915,0.436,0.243,1.8,2.96,11.81
509104.640000,0.948,0.59,0.239,-10.07,5.34,21.55
509104.687000,0.882,0.951,0.262,-19.93,8.42,61.53
509104.734000,0.823,0.724,0.26,-17.55,-6.59,137.24
509104.781000,0.721,0.406,0.18,-21.64,-6.56,193.03
509104.828000,0.686,0.094,0.066,-56.55,13.98,187.02
509104.875000,0.647,-0.119,0.111,-104.5,21.76,165.23
509104.921000,0.579,-0.309,0.087,-89.24,17.88,174.96
509104.968000,0.578,-0.418,0.0,-75.29,21.97,183.9
509105.015000,0.371,-0.689,-0.003,-10.68,30.64,237.5
509105.062000,0.163,-0.947,0.0,-77.97,71.05,193.27
509105.109000,-0.002,-0.933,0.293,-25.51,57.86,169.19
509105.156000,0.066,-0.95,0.12,-21.24,35.68,169.19
509105.203000,-0.053,-0.875,-0.005,12.27,67.48,160.13
509105.250000,-0.308,-0.794,0.043,-78.1,76.85,131.66
509105.296000,-0.428,-0.872,-0.088,-71.47,61.46,136.6
509105.343000,-0.671,-1.124,0.067,-51.36,97.17,160.59
509105.390000,-0.596,-1.934,0.412,-65.92,47.21,112.4
509105.437000,-0.366,-1.43,0.033,9.7,-7.32,-6.99
509105.484000,-0.409,-1.339,0.156,9.31,-4.55,-0.03
509105.531000,-0.374,-1.277,0.083,17.82,-5.68,0.09
509105.578000,-0.363,-1.108,0.161,-3.69,2.23,-30.98
509105.625000,-0.324,-0.904,0.126,12.15,-14.98,-30.37
509105.671000,-0.286,-0.856,0.059,-5.89,-0.98,-28.05
509105.718000,-0.254,-0.885,0.066,5.8,-1.1,-6.26
509105.765000,-0.229,-0.896,0.043,2.99,-0.12,-5.77
509105.812000,-0.261,-0.929,0.127,29.3,-7.84,14.01
509105.859000,-0.211,-0.981,0.046,17.52,-6.74,7.14
509105.906000,-0.246,-0.951,0.121,-11.05,-2.32,-10.47
509105.953000,-0.25,-0.979,0.087,4.21,-5.34,5.92
509106.000000,-0.242,-0.955,0.118,-0.58,4.36,-4.33
509106.046000,-0.259,-0.988,0.124,-3.33,-4.03,2.14
509106.093000,-0.258,-0.974,0.085,-5.04,0.15,-6.16
509106.140000,-0.24,-0.919,0.115,-4.24,-1.86,-0.89
509106.187000,-0.23,-1.024,0.107,-6.56,1.31,-1.16
509106.234000,-0.246,-0.97,0.138,0.31,-0.89,-6.32
509106.281000,-0.235,-0.949,0.099,0.46,-4.27,-6.26
509106.328000,-0.228,-0.92,0.099,0.46,-1.62,-1.25
509106.375000,-0.23,-0.951,0.098,3.11,-2.44,4.46
509106.437000,-0.254,-0.945,0.125,5.01,-0.82,10.96
509106.484000,-0.24,-1.005,0.109,4.91,0.27,5.25
509106.531000,-0.259,-1.0,0.136,5.92,-1.71,5.43
509106.578000,-0.254,-1.013,0.138,-0.82,-2.59,-4.0
509106.625000,-0.248,-1.027,0.133,6.9,-2.5,1.01
509106.671000,-0.255,-1.041,0.163,6.32,-3.42,-6.1
509106.718000,-0.267,-1.058,0.189,22.8,-6.53,-9.19
509106.765000,-0.236,-0.997,0.162,11.75,-9.16,-17.64
509106.812000,-0.272,-1.102,0.267,32.56,-10.41,-8.45
509106.859000,-0.276,-1.16,0.33,28.35,-18.31,-27.44
509106.921000,-0.271,-1.195,0.329,42.82,-35.43,-48.1
509106.968000,-0.212,-1.198,0.353,45.93,-43.09,-76.57
509107.015000,-0.198,-1.18,0.378,45.29,-50.36,-90.4
509107.062000,-0.147,-1.149,0.391,36.23,-58.57,-114.2
509107.125000,-0.007,-0.985,0.331,32.62,-75.17,-130.07
509107.171000,0.091,-0.781,0.349,12.51,-79.65,-137.85
509107.218000,0.268,-0.703,0.22,29.82,-78.4,-108.28
509107.265000,0.359,-0.711,0.217,14.44,-53.93,-117.25
509107.312000,0.382,-0.755,0.178,41.41,-53.16,-110.35
509107.359000,0.489,-0.612,0.201,19.65,-39.64,-130.68
509107.406000,0.612,-0.527,0.2,29.3,-56.79,-128.12
509107.453000,0.692,-0.426,0.207,-5.55,-36.56,-143.16
509107.500000,0.696,-0.368,0.243,43.34,-38.48,-116.86
509107.546000,0.728,-0.341,0.057,18.59,-26.52,-116.49
509107.593000,0.72,-0.211,0.175,47.91,-23.26,-151.83
509107.656000,0.719,-0.071,0.122,-5.98,-16.05,-164.74
509107.703000,0.77,0.416,0.023,-21.97,10.38,-186.07
509107.750000,0.92,0.819,0.218,20.08,27.86,-114.38
509107.796000,0.993,0.991,0.246,31.86,20.11,-63.23
509107.859000,0.956,0.975,0.307,4.55,24.96,-3.08
509107.906000,0.834,0.449,0.353,-16.6,-6.81,43.28
509107.953000,0.857,0.163,0.251,-16.24,-12.76,34.85
509108.000000,0.892,0.215,0.21,-10.93,-7.84,14.22
509108.046000,0.919,0.181,0.207,-4.3,-4.97,14.86
509108.093000,0.936,0.23,0.246,3.39,4.7,-1.4
509108.140000,0.919,0.239,0.277,-2.9,4.73,-1.53
509108.187000,0.924,0.264,0.267,6.84,-1.01,-3.57
509108.234000,0.906,0.298,0.245,0.15,2.08,-6.04
509108.281000,0.901,0.292,0.256,6.56,-4.15,0.43
509108.328000,0.933,0.291,0.206,1.19,0.43,4.18
509108.375000,0.903,0.267,0.281,2.32,2.14,2.72
509108.421000,0.914,0.26,0.253,13.18,-1.62,10.9
509108.468000,0.903,0.242,0.27,-1.62,-1.01,1.25
509108.515000,0.921,0.256,0.239,7.02,-5.1,4.36
509108.562000,0.932,0.255,0.223,-0.92,-0.43,-0.89
509108.609000,0.926,0.261,0.223,5.52,-1.77,1.1
509108.656000,0.931,0.268,0.217,-2.14,0.95,0.46
509108.703000,0.923,0.301,0.205,-3.27,2.93,1.22
509108.750000,0.917,0.275,0.239,2.32,4.21,11.51
509108.796000,0.914,0.263,0.262,-1.46,4.64,9.37
509108.843000,0.902,0.248,0.251,-0.7,-1.98,13.06
509108.890000,0.923,0.189,0.247,-5.19,-1.92,8.97
509108.937000,0.933,0.192,0.23,-2.53,-3.39,8.36
509108.984000,0.937,0.178,0.217,-3.02,-1.28,4.15
509109.031000,0.937,0.174,0.286,4.91,-1.74,4.73
509109.078000,0.952,0.199,0.233,11.38,-10.71,9.09
509109.125000,0.938,0.212,0.194,2.29,-2.32,-5.22
509109.187000,0.928,0.231,0.193,3.42,-2.56,1.68
509109.234000,0.923,0.242,0.217,3.17,6.35,-0.92
509109.281000,0.932,0.253,0.242,-1.74,-0.55,3.6
509109.328000,1.004,0.527,0.175,-4.36,6.07,5.89
509109.375000,0.992,0.721,0.177,-19.44,7.69,30.67
509109.421000,0.914,0.809,0.21,-34.49,14.47,90.06
509109.468000,0.804,0.619,0.18,-47.06,5.1,161.75
509109.515000,0.694,0.298,0.139,-61.95,-4.24,210.0
509109.562000,0.656,-0.148,0.248,-37.75,-8.94,254.22
509109.609000,0.603,-0.37,0.005,-57.59,-0.76,238.17
509109.671000,0.268,-0.5,0.032,-75.93,16.08,231.21
509109.718000,0.104,-0.608,-0.302,-43.67,83.13,211.52
509109.765000,-0.157,-0.553,-0.198,-100.8,110.17,177.62
509109.812000,-0.569,-0.838,-0.229,-30.24,126.87,234.93
509109.859000,-0.617,-1.142,-0.121,-25.48,113.71,224.37
509109.906000,-0.615,-1.432,0.058,12.63,109.35,179.57
509109.953000,-0.499,-1.702,0.415,-25.09,66.47,65.55
509110.000000,-0.433,-1.491,0.256,-22.55,-14.68,20.42
509110.046000,-0.308,-1.435,0.08,28.63,7.72,32.04
509110.093000,-0.376,-1.268,0.353,21.49,15.05,8.64
509110.140000,-0.372,-1.094,0.304,12.21,3.02,-12.09
509110.187000,-0.337,-0.901,0.295,18.52,-11.81,-18.92
509110.234000,-0.295,-0.835,0.182,17.61,-16.88,-11.54
509110.281000,-0.228,-0.821,0.167,0.27,-11.26,-11.47
509110.328000,-0.243,-0.867,0.134,-1.83,-1.37,2.41
509110.375000,-0.229,-0.901,0.163,-8.12,1.65,0.31
509110.437000,-0.224,-0.947,0.14,0.27,-3.66,1.37
509110.484000,-0.255,-0.955,0.16,-15.81,1.77,-4.55
509110.531000,-0.24,-1.029,0.158,-3.97,0.31,7.29
509110.578000,-0.253,-1.001,0.171,1.31,3.05,-0.61
509110.625000,-0.26,-0.985,0.189,-2.41,-1.31,0.09
509110.671000,-0.25,-0.98,0.152,-0.34,-0.79,-2.41
509110.718000,-0.261,-0.936,0.195,1.77,-0.34,-2.01
509110.765000,-0.253,-0.941,0.182,-0.4,-3.78,-1.01
509110.812000,-0.276,-0.915,0.199,-1.89,-0.46,1.22
509110.859000,-0.255,-0.945,0.183,-3.63,-6.56,1.19
509110.906000,-0.23,-0.952,0.141,-5.37,-3.23,0.03
509110.953000,-0.236,-0.982,0.145,1.37,-3.2,3.78
509111.000000,-0.239,-0.992,0.143,-4.94,0.24,0.7
509111.046000,-0.237,-0.992,0.146,1.83,-2.87,1.71
509111.093000,-0.264,-0.944,0.159,1.68,-0.06,-1.43
509111.140000,-0.254,-0.947,0.144,2.84,-1.4,2.11
509111.187000,-0.262,-0.961,0.171,-1.01,1.83,3.23
509111.234000,-0.254,-0.98,0.156,2.5,-0.89,2.62
509111.281000,-0.254,-0.958,0.165,-0.03,0.58,-0.49
509111.328000,-0.256,-0.98,0.149,1.43,0.15,3.78
509111.375000,-0.251,-0.96,0.172,3.81,3.39,-0.82
509111.421000,-0.258,-0.963,0.162,0.89,-0.98,1.77
509111.468000,-0.271,-0.969,0.18,4.09,3.97,-2.17
509111.515000,-0.29,-1.035,0.224,5.37,-0.46,-1.86
509111.578000,-0.312,-1.131,0.277,22.95,-8.0,-13.67
509111.625000,-0.318,-1.234,0.334,30.55,-19.14,-31.19
509111.671000,-0.227,-1.29,0.291,40.01,-30.09,-62.87
509111.718000,-0.272,-1.23,0.406,44.59,-27.38,-79.56
509111.765000,-0.24,-1.119,0.397,51.64,-48.1,-89.05
509111.812000,-0.176,-1.077,0.393,27.68,-63.26,-109.26
509111.859000,-0.101,-0.998,0.356,47.61,-69.0,-113.53
509111.906000,-0.008,-0.916,0.341,34.06,-69.83,-122.26
509111.953000,0.082,-0.878,0.323,39.83,-75.59,-122.93
509112.000000,0.215,-0.773,0.29,38.61,-71.66,-144.2
509112.046000,0.327,-0.634,0.23,51.73,-72.97,-132.57
509112.093000,0.382,-0.692,0.279,36.53,-47.15,-124.64
509112.140000,0.468,-0.575,0.246,39.16,-64.73,-162.69
509112.187000,0.539,-0.459,0.144,22.19,-48.77,-160.68
509112.234000,0.613,-0.324,0.25,51.3,-37.51,-177.62
509112.281000,0.664,-0.039,0.098,22.37,-40.28,-167.42
509112.328000,0.703,0.01,0.162,11.17,-36.16,-191.96
509112.375000,0.715,0.429,0.057,3.02,-15.84,-190.16
509112.421000,0.781,0.713,0.289,8.94,9.46,-163.43
509112.468000,1.021,1.42,0.158,42.7,1.74,-110.57
509112.515000,0.825,1.896,0.211,14.86,39.98,-51.15
509112.562000,0.767,0.209,0.388,20.6,-53.19,176.31
509112.609000,0.877,-0.109,0.07,29.97,-27.07,85.48
509112.656000,0.846,0.018,0.29,-38.54,-2.87,-0.37
509112.718000,0.991,0.221,0.081,8.91,-4.55,0.37
509112.765000,0.949,0.32,0.248,-10.71,15.5,-18.19
509112.812000,0.952,0.333,0.157,8.39,-1.53,10.07
509112.859000,0.903,0.316,0.165,-11.17,7.08,-3.51
509112.906000,0.895,0.304,0.208,5.58,-0.4,15.75
509112.953000,0.919,0.237,0.189,-1.8,-1.53,20.81
509113.000000,0.899,0.229,0.28,-3.57,-5.89,11.29
509113.046000,0.921,0.231,0.324,-3.66,-14.56,10.59
509113.093000,0.971,0.21,0.255,-9.43,-20.57,0.76
509113.140000,0.97,0.212,0.198,-2.11,-11.23,2.32
509113.187000,0.951,0.219,0.163,14.59,-4.79,7.2
509113.234000,0.934,0.21,0.137,10.28,7.45,1.77
509113.281000,0.928,0.202,0.116,18.34,3.91,4.97
509113.328000,0.933,0.228,0.092,-2.29,2.01,-3.36
509113.375000,0.967,0.211,0.076,-0.52,-2.66,5.49
509113.421000,0.971,0.201,0.122,-5.71,11.81,-3.39
509113.468000,0.897,0.228,0.285,4.7,2.11,5.55
509113.515000,0.882,0.256,0.326,0.09,-2.78,0.89
509113.578000,0.947,0.253,0.261,-10.93,-15.41,3.36
509113.625000,1.003,0.223,0.129,10.1,-7.14,9.19
509113.671000,0.976,0.188,0.113,16.17,9.55,7.6
509113.718000,0.93,0.173,0.134,24.51,9.06,11.9
509113.765000,0.915,0.156,0.122,1.95,-3.97,1.22
509113.812000,0.966,0.156,0.056,-12.27,-7.63,-4.43
509113.875000,0.968,0.187,0.12,-9.7,1.83,-6.2
509113.921000,0.975,0.191,0.165,-8.91,8.42,-4.55
509113.968000,0.918,0.234,0.304,1.1,6.71,-4.36
509114.015000,0.935,0.318,0.287,-5.4,-4.79,-2.9
509114.062000,0.955,0.278,0.196,-1.28,-7.97,6.96
509114.109000,0.961,0.213,0.127,3.36,-0.18,13.4
509114.156000,0.958,0.132,0.099,14.86,1.37,21.09
509114.203000,0.96,0.097,0.068,5.68,4.27,9.46
509114.250000,0.947,0.117,0.113,-2.96,1.13,2.84
509114.296000,0.938,0.142,0.161,2.26,2.01,0.92
509114.343000,0.897,0.22,0.238,-7.57,-3.45,-1.98
509114.390000,0.932,0.238,0.253,-9.09,-7.75,1.98
509114.453000,1.027,0.196,0.154,-5.13,-3.75,5.55
509114.500000,1.047,0.277,0.104,-2.38,10.86,-0.43
509114.546000,1.045,0.4,0.11,-12.57,16.24,6.99
509114.593000,0.986,0.541,0.114,-14.04,16.6,39.16
509114.640000,0.928,0.6,0.097,-39.74,17.58,75.96
509114.687000,0.833,0.471,0.127,-48.86,14.25,118.29
509114.734000,0.77,0.184,0.068,-49.62,18.4,159.76
509114.781000,0.737,-0.007,0.069,-66.93,38.97,167.24
509114.828000,0.651,-0.086,0.061,-77.97,42.36,174.11
509114.875000,0.561,-0.229,0.022,-78.28,70.83,183.97
509114.921000,0.32,-0.312,0.081,-73.76,74.83,200.84
509114.968000,0.048,-0.541,-0.07,-63.69,69.43,246.44
509115.015000,-0.352,-0.951,-0.352,-43.09,123.75,232.18
509115.062000,-0.791,-1.146,0.035,-123.66,99.64,181.83
509115.109000,-0.551,-1.707,-0.061,-10.83,99.09,218.91
509115.156000,-0.567,-1.851,0.596,-49.75,92.32,86.25
509115.203000,-0.303,-1.626,0.352,0.31,-17.43,33.48
509115.265000,-0.299,-1.278,0.29,16.14,-4.06,-14.31
509115.312000,-0.277,-1.017,0.205,-3.91,0.18,-2.93
509115.359000,-0.194,-0.947,0.213,16.6,-2.66,-5.83
509115.406000,-0.248,-0.859,0.214,17.55,1.1,3.78
509115.453000,-0.203,-0.858,0.19,2.08,-9.16,3.85
509115.500000,-0.223,-0.908,0.171,8.85,1.83,10.86
509115.546000,-0.221,-0.969,0.223,-12.05,-3.75,10.41
509115.593000,-0.194,-0.988,0.146,0.89,0.09,2.29
509115.640000,-0.234,-0.982,0.188,-3.85,1.01,5.31
509115.687000,-0.206,-1.002,0.184,10.74,-0.43,7.9
509115.734000,-0.253,-0.995,0.22,-5.98,0.43,-2.35
509115.781000,-0.213,-0.987,0.181,4.0,-3.14,1.8
509115.828000,-0.252,-0.957,0.213,8.82,2.47,-2.11
509115.875000,-0.212,-0.944,0.198,4.61,-2.41,0.85
509115.921000,-0.239,-0.944,0.237,9.77,4.0,-1.68
509115.968000,-0.257,-1.013,0.273,15.53,0.76,6.62
509116.015000,-0.233,-0.991,0.264,16.69,-4.09,1.16
509116.062000,-0.264,-1.042,0.305,14.8,-3.85,-8.12
509116.109000,-0.261,-1.07,0.331,22.89,-10.44,-9.89
509116.156000,-0.243,-1.119,0.331,25.67,-9.83,-30.95
509116.203000,-0.294,-1.225,0.48,21.7,-10.44,-52.22
509116.250000,-0.271,-1.25,0.478,35.19,-43.15,-77.21
509116.296000,-0.235,-1.279,0.424,11.69,-51.3,-111.42
509116.343000,-0.182,-1.273,0.308,-13.46,-57.59,-156.62
509116.390000,-0.105,-1.199,0.312,-29.42,-58.81,-210.21
509116.437000,0.019,-1.118,0.115,-4.88,-50.9,-204.54
509116.484000,0.117,-0.934,0.109,15.44,-39.22,-215.06
509116.531000,0.219,-0.831,0.011,29.42,-16.88,-199.84
509116.578000,0.351,-0.406,0.012,89.66,-2.32,-202.09
509116.625000,0.39,-0.268,0.128,61.43,16.6,-171.58
509116.671000,0.508,-0.205,0.069,96.62,1.43,-181.43
509116.718000,0.481,-0.013,0.189,10.04,8.21,-236.7
509116.765000,0.622,0.428,0.053,-1.01,11.32,-217.38
509116.812000,0.602,0.944,0.305,-4.85,72.15,-189.0
509116.859000,0.653,1.313,0.784,67.05,79.26,-95.0
509116.906000,0.585,2.186,0.889,68.12,55.6,-42.82
509116.953000,0.644,0.258,0.584,-47.15,-111.12,175.88
509117.000000,0.846,-0.061,0.158,-39.74,-32.07,37.39
509117.046000,0.835,0.018,0.344,-32.65,-31.31,27.16
509117.109000,0.945,0.103,0.231,-10.93,6.23,0.31
509117.156000,0.891,0.204,0.447,9.09,7.93,7.93
509117.218000,0.878,0.226,0.424,-2.11,3.3,-3.23
509117.265000,0.888,0.241,0.383,10.01,-9.34,11.66
509117.328000,0.889,0.214,0.367,-3.27,2.35,2.17
509117.375000,0.905,0.214,0.336,12.15,-3.91,13.4
509117.437000,0.898,0.159,0.391,-0.4,4.18,4.21
509117.484000,0.912,0.158,0.341,9.03,-2.81,5.46
509117.531000,0.886,0.181,0.388,4.52,3.14,-3.39
509117.578000,0.893,0.208,0.34,17.37,-5.1,6.16
509117.625000,0.872,0.229,0.393,-2.87,6.71,-5.58
509117.671000,0.893,0.221,0.347,12.15,-5.71,7.35
509117.718000,0.885,0.223,0.376,-3.72,0.37,-3.6
509117.765000,0.907,0.208,0.34,4.85,-4.85,7.48
509117.812000,0.886,0.214,0.359,-6.04,1.4,-3.97
509117.859000,0.898,0.199,0.36,4.79,-6.68,6.87
509117.906000,0.9,0.197,0.35,-5.01,-2.17,0.15
509117.953000,0.902,0.191,0.353,4.91,-4.46,4.36
509118.000000,0.908,0.204,0.336,-3.88,-2.26,0.43
509118.046000,0.897,0.207,0.352,2.53,-1.95,5.01
509118.093000,0.908,0.191,0.338,-2.99,-1.34,3.36
509118.140000,0.894,0.205,0.351,0.52,-1.77,4.36
509118.187000,0.919,0.181,0.327,-0.37,-1.65,6.56
509118.234000,0.915,0.164,0.343,-0.85,-0.4,4.67
509118.281000,0.906,0.18,0.324,-3.14,-0.12,2.17
509118.328000,0.911,0.162,0.335,0.52,-0.82,4.82
509118.375000,0.902,0.157,0.342,-0.95,0.58,1.65
509118.421000,0.912,0.158,0.345,2.32,0.46,3.69
509118.468000,0.911,0.167,0.347,1.22,0.55,3.36
509118.515000,0.925,0.164,0.333,1.86,-1.65,2.17
509118.562000,0.916,0.171,0.336,-0.49,-0.4,2.11
509118.609000,0.917,0.167,0.33,0.73,-0.34,3.11
509118.656000,0.914,0.158,0.337,-0.24,-0.73,3.78
509118.703000,0.916,0.158,0.332,-1.16,-0.79,2.78
509118.750000,0.915,0.155,0.341,1.1,-2.96,2.72
509118.796000,0.923,0.157,0.333,-2.62,-1.71,0.15
509118.843000,0.925,0.155,0.33,-1.04,-0.49,2.2
509118.890000,0.913,0.147,0.334,-1.46,-1.19,2.66
509118.953000,0.917,0.181,0.326,-3.45,-1.37,1.43
509119.000000,0.961,0.351,0.334,-1.83,2.32,-0.37
509119.046000,0.976,0.532,0.363,-11.44,11.93,11.26
509119.093000,0.896,0.742,0.484,-26.03,0.52,62.44
509119.140000,0.888,0.758,0.339,-7.08,-29.54,157.63
509119.187000,0.748,0.477,0.242,-30.37,-23.29,211.68
509119.234000,0.544,-0.036,0.123,-51.45,17.91,234.75
509119.281000,0.472,-0.194,0.035,-75.93,30.15,215.49
509119.328000,0.323,-0.355,-0.004,-53.07,66.77,166.97
509119.375000,0.001,-0.352,-0.027,-60.09,58.93,215.77
509119.421000,-0.184,-1.086,-0.31,-21.94,70.74,276.89
509119.468000,-0.581,-1.377,0.105,-72.51,106.39,192.24
509119.515000,-0.417,-1.268,0.141,1.31,60.0,214.24
509119.578000,-0.415,-1.415,0.255,-99.31,74.92,72.6
509119.625000,-0.286,-1.516,0.282,-66.1,15.93,49.9
509119.687000,-0.297,-1.54,0.335,42.21,27.01,55.6
509119.734000,-0.29,-1.192,0.309,-3.42,-9.19,9.74
509119.781000,-0.258,-1.058,0.214,-6.74,-21.82,-5.16
509119.828000,-0.253,-0.986,0.195,0.95,-14.68,0.58
509119.875000,-0.23,-0.921,0.189,5.86,-6.56,-8.03
509119.937000,-0.25,-0.921,0.184,15.17,-6.74,2.66
509119.984000,-0.212,-0.897,0.171,-3.08,-4.39,-7.51
509120.031000,-0.211,-0.942,0.148,4.0,-3.6,0.49
509120.078000,-0.198,-0.945,0.141,3.85,0.67,-1.62
509120.125000,-0.188,-0.938,0.171,4.52,1.68,4.73
509120.171000,-0.219,-0.982,0.173,1.68,9.22,2.99
509120.218000,-0.233,-0.978,0.214,-2.01,2.72,6.16
509120.265000,-0.214,-1.02,0.169,2.14,-0.4,1.19
509120.312000,-0.23,-0.962,0.218,-1.07,0.49,1.04
509120.359000,-0.226,-0.991,0.17,-2.78,-0.27,0.18
509120.406000,-0.236,-0.955,0.201,-0.06,1.34,2.5
509120.453000,-0.229,-0.969,0.185,0.89,-4.12,4.09
509120.500000,-0.251,-0.934,0.223,2.26,3.23,-1.62
509120.546000,-0.227,-0.922,0.183,2.87,-3.48,4.91
509120.609000,-0.243,-0.952,0.188,-6.07,1.56,2.87
509120.656000,-0.241,-0.995,0.197,-0.12,-2.93,6.81
509120.703000,-0.256,-0.99,0.222,1.28,2.01,-1.56
509120.750000,-0.251,-1.062,0.245,16.75,-3.05,4.88
509120.796000,-0.276,-1.107,0.284,17.03,-0.89,-14.19
509120.843000,-0.261,-1.105,0.299,29.6,-13.98,-15.69
509120.890000,-0.297,-1.278,0.377,36.23,-14.5,-31.34
509120.937000,-0.276,-1.254,0.402,47.27,-37.48,-64.82
509120.984000,-0.24,-1.261,0.402,46.17,-47.61,-86.89
509121.031000,-0.199,-1.238,0.34,40.28,-60.27,-109.62
509121.078000,-0.142,-1.116,0.463,70.77,-57.47,-124.91
509121.125000,-0.126,-1.046,0.454,44.74,-87.16,-135.9
509121.171000,0.01,-0.967,0.418,54.81,-97.05,-155.34
509121.218000,0.079,-0.881,0.249,60.34,-87.92,-157.78
509121.265000,0.115,-0.683,0.292,67.14,-88.93,-179.91
509121.312000,0.273,-0.475,0.138,72.39,-101.54,-167.91
509121.359000,0.471,-0.208,0.011,56.28,-78.52,-174.57
509121.406000,0.675,-0.022,-0.031,22.06,-64.52,-195.56
509121.453000,0.688,0.084,0.003,1.56,-7.23,-196.45
509121.500000,0.667,0.177,0.228,19.93,17.76,-172.22
509121.546000,0.953,0.621,0.093,64.15,38.51,-186.25
509121.593000,0.817,1.308,0.492,19.01,28.66,-81.0
509121.640000,0.901,0.915,0.427,31.98,15.84,1.62
509121.687000,0.827,0.638,0.462,-33.3,-9.19,5.52
509121.734000,0.875,0.268,0.35,14.37,-14.62,50.42
509121.781000,0.843,0.226,0.369,-24.26,4.46,1.65
509121.828000,0.86,0.212,0.398,2.72,-4.79,23.01
509121.875000,0.871,0.257,0.364,-7.84,2.84,-4.46
509121.921000,0.86,0.285,0.405,0.31,-6.32,10.5
509121.968000,0.905,0.239,0.34,8.88,-9.03,11.81
509122.015000,0.87,0.31,0.394,-12.21,-3.45,-2.84
509122.062000,0.884,0.255,0.348,10.01,-10.22,16.88
509122.109000,0.884,0.25,0.338,-3.48,-1.13,2.9
509122.156000,0.886,0.23,0.361,7.9,-4.76,8.7
509122.203000,0.892,0.249,0.317,1.56,1.53,-1.37
509122.250000,0.886,0.258,0.36,5.95,-2.59,5.07
509122.296000,0.902,0.247,0.323,10.8,-3.3,7.87
509122.343000,0.879,0.262,0.354,1.37,-5.8,1.37
509122.390000,0.909,0.251,0.292,6.53,-3.66,4.94
509122.437000,0.892,0.257,0.319,-2.84,-3.6,-0.15
509122.484000,0.913,0.238,0.3,4.94,-4.94,7.14
509122.531000,0.888,0.254,0.314,-3.75,-0.64,-1.83
509122.578000,0.906,0.243,0.321,6.71,-5.28,6.53
509122.625000,0.909,0.235,0.295,-4.64,-2.75,-0.03
509122.671000,0.906,0.236,0.297,3.27,-3.39,4.0
509122.718000,0.92,0.226,0.279,2.11,2.14,2.53
509122.765000,0.887,0.249,0.339,-0.92,1.5,-0.64
509122.812000,0.913,0.232,0.277,0.18,-2.17,2.38
509122.859000,0.907,0.241,0.313,0.98,0.12,1.65
509122.906000,0.917,0.239,0.277,3.57,-1.56,4.82
509122.953000,0.909,0.226,0.304,-1.62,6.29,-0.43
509123.015000,0.902,0.227,0.306,0.21,-2.84,4.61
509123.062000,0.907,0.222,0.321,-3.05,1.01,0.12
509123.109000,0.925,0.218,0.288,1.71,-4.21,5.37
509123.156000,0.922,0.224,0.284,-3.81,2.75,-2.56
509123.203000,0.909,0.217,0.307,4.61,1.46,3.81
509123.250000,0.915,0.228,0.288,-5.62,5.95,-3.14
509123.296000,0.885,0.249,0.324,-2.14,-2.26,-0.52
509123.343000,0.917,0.228,0.3,-2.66,-0.43,3.72
509123.390000,0.91,0.226,0.311,-3.33,-1.68,3.36
509123.437000,0.916,0.201,0.304,2.69,-1.22,6.78
509123.484000,0.909,0.205,0.328,-5.68,-0.79,-0.4
509123.531000,0.913,0.194,0.297,3.97,-3.6,3.81
509123.578000,0.914,0.217,0.306,-4.21,-0.89,-3.42
509123.640000,0.912,0.225,0.288,1.95,-3.78,2.17
509123.687000,0.917,0.217,0.282,-0.03,0.46,-0.18
509123.734000,0.905,0.229,0.298,-0.89,-0.24,2.08
509123.781000,0.917,0.203,0.296,6.23,-1.4,7.14
509123.828000,0.93,0.196,0.285,-1.16,-0.12,2.08
509123.875000,0.922,0.21,0.275,2.59,-1.04,2.99
509123.921000,0.923,0.206,0.277,-0.52,1.92,0.15
509123.968000,0.916,0.217,0.283,0.27,0.85,3.17
509124.015000,0.912,0.206,0.29,-0.85,2.84,2.84
509124.062000,0.915,0.196,0.294,-1.53,-2.14,5.04
509124.109000,0.93,0.18,0.28,-0.79,0.73,3.3
509124.156000,0.931,0.174,0.29,0.43,0.21,3.39
509124.203000,0.93,0.184,0.278,-2.38,0.73,0.34
509124.250000,0.919,0.178,0.304,1.43,2.53,1.77
509124.296000,0.92,0.19,0.292,5.95,-1.04,4.76
509124.343000,0.917,0.201,0.313,-5.49,0.82,-3.14
509124.390000,0.928,0.188,0.295,1.68,-4.09,4.18
509124.437000,0.935,0.178,0.269,-2.35,-2.44,0.03
509124.484000,0.927,0.179,0.289,0.85,-0.21,2.08
509124.531000,0.927,0.167,0.27,-1.56,0.7,-0.92
509124.578000,0.92,0.187,0.286,0.73,1.19,0.98
509124.625000,0.928,0.191,0.276,-1.74,-0.24,-0.92
509124.671000,0.935,0.196,0.277,-2.96,2.47,-0.61
509124.734000,0.96,0.363,0.264,-8.58,6.47,-1.89
509124.781000,0.941,0.39,0.309,-15.29,7.63,19.9
509124.828000,0.93,0.454,0.292,-24.99,6.99,36.1
509124.875000,0.941,0.577,0.247,-45.59,9.8,51.42
509124.921000,0.911,0.519,0.292,-59.97,9.55,97.2
509124.968000,0.881,0.535,0.289,-49.07,9.92,149.54
509125.015000,0.768,0.228,0.209,-54.45,12.24,203.65
509125.062000,0.627,0.01,0.142,-84.08,20.6,212.23
509125.109000,0.346,-0.207,0.047,-113.47,37.57,220.44
509125.156000,-0.002,-0.435,0.031,-59.11,44.95,241.46
509125.203000,-0.212,-0.744,-0.395,-43.15,82.58,285.96
509125.250000,-0.605,-1.216,0.002,-155.16,94.12,223.64
509125.296000,-0.479,-1.016,-0.082,-63.81,45.87,195.93
509125.359000,-0.511,-1.549,0.013,-7.45,91.49,150.91
509125.406000,-0.434,-1.513,0.243,54.17,88.5,112.0
509125.453000,-0.395,-1.508,0.302,-21.03,37.32,25.51
509125.500000,-0.35,-1.407,0.251,-6.32,9.89,3.51
509125.546000,-0.349,-1.3,0.254,19.23,12.85,7.14
509125.593000,-0.353,-1.1,0.295,4.46,4.91,-23.41
509125.640000,-0.333,-0.917,0.23,-1.62,-5.4,-26.0
509125.687000,-0.24,-0.811,0.192,0.12,-9.49,-21.09
509125.734000,-0.222,-0.894,0.181,-0.31,-4.91,-4.0
509125.781000,-0.228,-0.882,0.166,7.29,-5.77,-1.1
509125.828000,-0.234,-0.902,0.177,1.98,-7.14,6.71
509125.875000,-0.262,-0.933,0.281,28.87,-29.36,26.34
509125.921000,-0.207,-0.981,0.094,-9.83,-45.35,11.08
509125.968000,-0.237,-0.968,0.176,-10.86,-10.59,-8.94
509126.015000,-0.203,-0.998,0.126,5.86,-7.26,10.1
509126.062000,-0.221,-1.023,0.176,-4.03,5.49,-6.29
509126.109000,-0.229,-0.964,0.192,10.8,-0.67,2.17
509126.156000,-0.214,-0.94,0.171,1.71,4.33,-5.58
509126.203000,-0.242,-0.947,0.211,4.3,0.49,2.35
509126.250000,-0.23,-0.932,0.207,-3.94,4.91,-1.4
509126.296000,-0.261,-0.929,0.26,11.05,1.86,4.85
509126.343000,-0.246,-0.921,0.215,11.44,-1.59,12.73
509126.390000,-0.239,-0.978,0.21,-7.75,-3.23,5.46
509126.437000,-0.24,-0.977,0.198,1.89,0.89,2.47
509126.484000,-0.246,-0.981,0.194,-6.44,0.95,3.08
509126.531000,-0.242,-0.965,0.213,4.24,3.27,1.71
509126.578000,-0.25,-0.988,0.212,-1.37,-0.03,1.43
509126.625000,-0.245,-0.967,0.194,2.99,-0.31,-1.37
509126.687000,-0.246,-0.944,0.213,1.07,-1.13,-0.79
509126.734000,-0.238,-0.96,0.209,1.53,-1.01,-2.59
509126.781000,-0.268,-0.995,0.258,12.27,-3.75,3.39
509126.828000,-0.266,-1.05,0.276,5.13,-2.96,-6.74
509126.875000,-0.273,-1.116,0.315,13.95,-12.09,-16.42
509126.937000,-0.288,-1.303,0.379,9.09,-16.51,-45.11
509126.984000,-0.297,-1.293,0.424,46.02,-43.46,-62.81
509127.031000,-0.293,-1.25,0.395,18.07,-56.03,-103.55
509127.078000,-0.267,-1.183,0.36,33.97,-73.58,-134.25
509127.125000,-0.235,-1.314,0.335,65.46,-55.79,-185.92
509127.171000,-0.189,-1.102,0.322,88.78,-65.71,-197.7
509127.218000,0.019,-0.968,0.187,86.95,-90.79,-164.92
509127.265000,0.234,-0.651,0.156,48.49,-81.39,-180.0
509127.312000,0.333,-0.556,0.08,68.39,-87.34,-178.11
509127.359000,0.378,-0.392,0.111,32.81,-54.38,-196.17
509127.406000,0.33,-0.332,0.017,95.49,-52.19,-197.0
509127.453000,0.451,0.016,0.018,53.71,-23.01,-270.94
509127.500000,0.516,0.556,0.12,66.81,10.28,-210.03
509127.546000,0.786,1.042,0.131,56.67,1.19,-198.83
509127.593000,0.852,2.045,0.31,-10.47,46.33,-127.51
509127.640000,0.725,1.478,0.531,2.17,8.94,60.55
509127.687000,0.796,0.142,0.306,24.29,-26.52,153.26
509127.734000,0.795,-0.046,0.313,-13.4,-8.64,68.3
509127.781000,0.79,0.088,0.368,-24.23,-8.33,26.98
509127.828000,0.901,0.132,0.283,-15.38,0.18,-1.83
509127.875000,0.907,0.213,0.359,-25.82,2.04,-10.22
509127.921000,0.92,0.244,0.308,9.06,-0.79,1.4
509127.968000,0.886,0.33,0.358,-15.44,8.27,-18.71
509128.031000,0.891,0.323,0.332,15.17,-4.46,7.02
509128.078000,0.877,0.299,0.335,-14.62,1.74,-8.7
509128.125000,0.875,0.276,0.386,4.67,-9.8,12.79
509128.171000,0.925,0.225,0.277,-1.92,-4.36,7.9
509128.218000,0.893,0.244,0.335,1.25,-3.42,3.14
509128.265000,0.903,0.237,0.297,12.88,-1.68,9.95
509128.328000,0.869,0.269,0.352,-0.82,1.37,-2.29
509128.375000,0.905,0.247,0.317,2.44,-3.51,5.01
509128.421000,0.908,0.245,0.307,-2.62,-4.46,1.53
509128.468000,0.905,0.253,0.309,2.84,-1.25,1.1
509128.515000,0.894,0.247,0.313,-0.31,-0.06,-0.12
509128.562000,0.899,0.252,0.321,3.33,-3.3,1.86
509128.609000,0.895,0.264,0.295,-4.76,-1.62,-2.78
509128.656000,0.904,0.254,0.31,0.98,-2.62,2.99
509128.703000,0.918,0.257,0.284,-2.66,-2.11,1.68
509128.750000,0.909,0.24,0.305,0.31,-0.7,3.17
509128.796000,0.901,0.251,0.304,-3.02,0.06,-2.35
509128.843000,0.903,0.239,0.307,0.98,-1.19,-0.03
509128.890000,0.895,0.249,0.299,2.2,0.79,0.12
509128.937000,0.891,0.268,0.304,-2.62,-1.68,-0.76
509128.984000,0.907,0.262,0.285,1.43,-2.01,3.72
509129.031000,0.926,0.241,0.278,-1.59,-0.89,3.75
509129.078000,0.917,0.225,0.288,1.56,2.01,6.2
509129.125000,0.894,0.233,0.312,-3.2,1.07,-1.28
509129.171000,0.907,0.226,0.321,0.43,-2.62,0.98
509129.218000,0.899,0.254,0.298,-1.28,-0.03,-0.61
509129.265000,0.916,0.244,0.271,0.18,-1.8,2.04
509129.312000,0.904,0.246,0.291,1.46,1.83,4.06
509129.359000,0.916,0.235,0.31,1.4,-1.46,4.94
509129.406000,0.92,0.229,0.292,0.12,-1.25,2.78
509129.453000,0.91,0.229,0.298,-0.7,-0.18,1.22
509129.500000,0.922,0.217,0.281,1.8,-1.19,3.39
509129.546000,0.912,0.218,0.283,-0.18,-0.03,-0.4
509129.593000,0.924,0.227,0.271,-1.07,-3.23,1.28
509129.640000,0.919,0.232,0.286,0.92,1.19,0.46
509129.687000,0.918,0.236,0.288,-2.84,-0.52,-0.85
509129.734000,0.923,0.228,0.279,-0.95,-0.4,2.87
509129.781000,0.914,0.235,0.299,0.27,-0.09,3.57
509129.828000,0.918,0.214,0.284,5.19,-2.93,8.12
509129.875000,0.915,0.221,0.284,-4.94,1.13,-0.34
509129.921000,0.906,0.221,0.297,-0.46,-1.62,3.3
509129.968000,0.926,0.201,0.263,-0.95,-2.75,2.72
509130.015000,0.919,0.193,0.278,2.59,-1.65,3.78
509130.062000,0.935,0.176,0.249,-0.09,-0.98,1.37
509130.109000,0.925,0.192,0.269,-1.77,1.83,-3.14
509130.171000,0.929,0.203,0.252,-1.74,-1.22,-2.38
509130.218000,0.931,0.223,0.282,-0.31,2.84,-3.85
509130.265000,0.922,0.23,0.271,-0.92,-0.46,-0.92
509130.328000,0.926,0.219,0.265,-1.22,0.73,1.13
509130.375000,0.927,0.203,0.268,-2.38,-0.43,2.59
509130.421000,0.907,0.222,0.27,-2.81,1.19,0.61
509130.468000,0.929,0.195,0.271,0.24,-1.5,3.88
509130.515000,0.922,0.206,0.262,-0.76,1.31,0.03
509130.562000,0.919,0.203,0.288,0.67,1.01,1.95
509130.609000,0.921,0.215,0.276,-2.72,0.27,0.82
509130.656000,0.928,0.194,0.267,1.43,-0.4,2.11
509130.703000,0.933,0.201,0.26,-1.68,1.13,0.4
509130.750000,0.928,0.201,0.274,1.16,0.82,0.43
509130.796000,0.934,0.195,0.282,-1.25,0.46,0.18
509130.843000,0.924,0.208,0.269,-0.76,-0.4,-1.53
509130.890000,0.927,0.199,0.266,-2.2,-0.98,0.0
509130.937000,0.927,0.215,0.262,-0.7,1.92,-0.95
509130.984000,0.922,0.204,0.274,-0.76,-0.92,1.83
509131.031000,0.929,0.199,0.279,-2.11,1.8,-0.37
509131.078000,0.918,0.202,0.273,-0.09,-0.7,0.92
509131.125000,0.928,0.196,0.264,-1.89,0.95,0.12
509131.171000,0.915,0.212,0.283,0.31,2.69,-0.06
509131.218000,0.917,0.2,0.287,1.34,-0.27,2.23
509131.265000,0.925,0.201,0.274,-1.77,0.43,-0.92
509131.312000,0.927,0.214,0.28,1.31,0.43,3.6
509131.359000,0.935,0.191,0.269,-1.01,2.81,1.8
509131.406000,0.914,0.188,0.28,0.49,2.53,2.44
509131.453000,0.914,0.178,0.282,-0.06,0.37,2.08
509131.500000,0.92,0.19,0.28,-0.95,-0.21,0.58
509131.546000,0.926,0.199,0.261,-0.4,-0.95,2.01
509131.593000,0.933,0.21,0.273,-2.53,1.19,2.5
509131.640000,0.915,0.222,0.283,-4.7,0.64,3.02
509131.687000,0.92,0.269,0.276,-7.17,-0.18,4.39
509131.734000,0.914,0.46,0.276,-32.41,4.49,-0.58
509131.781000,0.808,0.467,0.32,-35.83,3.02,37.02
509131.828000,0.688,0.407,0.338,-23.1,-8.36,87.95
509131.875000,0.384,0.32,0.361,17.98,-18.22,173.19
509131.921000,0.274,-0.115,0.471,0.73,-25.67,217.14
509131.968000,0.302,-0.532,0.366,23.01,-54.26,231.42
509132.015000,0.31,-0.989,0.344,24.75,-44.22,195.72
509132.062000,0.365,-0.928,0.378,69.64,-63.57,189.86
509132.109000,0.391,-0.844,0.29,34.67,-78.55,165.41
509132.156000,0.324,-0.885,0.247,39.25,-86.21,184.24
509132.203000,0.23,-1.005,0.217,58.53,-76.02,206.15
509132.250000,0.296,-1.202,0.015,28.23,-78.86,191.47
509132.296000,0.232,-1.189,0.119,32.72,-46.42,170.32
509132.343000,0.121,-1.561,-0.03,-18.46,-70.28,151.83
509132.390000,0.12,-1.474,0.002,1.22,-75.62,108.37
509132.437000,0.108,-1.346,-0.231,-92.38,-91.25,47.79
509132.484000,0.034,-0.939,0.009,-67.54,-52.71,15.87
509132.531000,0.09,-0.49,0.007,-82.25,-56.06,18.74
509132.578000,-0.034,-0.349,0.065,-170.81,-79.81,35.19
509132.625000,-0.098,-0.357,-0.204,-138.89,-146.98,119.11
509132.687000,-0.407,-0.626,-0.29,-224.68,-168.52,151.28
509132.734000,-0.695,-0.367,-0.801,-217.87,-149.48,125.1
509132.781000,-0.937,-0.556,-0.836,-312.2,-146.73,142.37
509132.828000,-1.3,-0.14,-1.283,-325.05,-80.45,73.46
509132.890000,-1.361,-0.301,-1.319,-410.17,-127.63,77.55
509132.937000,-1.048,-0.493,-0.977,-167.82,-43.12,74.59
509132.984000,-0.82,-0.012,-0.645,62.81,28.38,-46.69
509133.031000,-0.808,0.194,-0.626,63.69,27.07,-35.8
509133.078000,-0.722,0.208,-0.538,36.47,8.09,-17.98
509133.125000,-0.782,0.071,-0.521,-28.5,-16.45,11.08
509133.171000,-0.8,0.031,-0.509,5.58,-16.21,15.5
509133.218000,-0.869,0.04,-0.523,29.27,-8.24,21.73
509133.265000,-0.883,0.028,-0.473,15.32,-15.05,10.25
509133.312000,-0.857,0.098,-0.532,11.78,-23.22,1.95
509133.359000,-0.852,0.076,-0.515,-2.81,-20.97,6.26
509133.406000,-0.833,0.077,-0.513,4.52,-19.44,-1.56
509133.453000,-0.855,0.087,-0.496,-6.44,-14.65,4.76
509133.500000,-0.855,0.07,-0.483,0.85,-15.93,5.43
509133.546000,-0.849,0.07,-0.54,-25.85,-5.01,2.35
509133.593000,-0.88,0.032,-0.483,-6.84,-13.67,2.59
509133.640000,-0.865,0.08,-0.521,11.47,-7.78,4.79
509133.687000,-0.871,0.048,-0.483,10.44,-8.3,4.67
509133.734000,-0.886,0.07,-0.469,-5.37,-0.76,-1.07
509133.781000,-0.875,0.061,-0.488,5.01,-2.14,0.95
509133.828000,-0.869,0.073,-0.494,12.15,-0.18,0.64
509133.875000,-0.889,0.058,-0.446,-7.78,3.51,-3.88
509133.921000,-0.886,0.09,-0.471,21.06,1.95,0.15
509133.968000,-0.869,0.089,-0.446,-6.62,4.03,-4.36
509134.015000,-0.864,0.071,-0.457,2.04,0.89,0.79
509134.062000,-0.879,0.066,-0.465,4.24,-1.19,0.0
509134.109000,-0.886,0.066,-0.43,-2.66,2.9,0.31
509134.156000,-0.882,0.061,-0.445,5.04,-2.29,2.14
509134.203000,-0.871,0.093,-0.491,-0.43,-0.7,-0.89
509134.250000,-0.886,0.056,-0.437,-10.59,0.52,-0.18
509134.296000,-0.876,0.073,-0.47,5.4,-3.48,2.66
509134.343000,-0.873,0.09,-0.478,-17.55,7.75,-2.87
509134.390000,-0.887,0.067,-0.422,-6.87,0.76,-0.18
509134.437000,-0.875,0.095,-0.49,11.2,-1.83,5.07
509134.484000,-0.888,0.071,-0.408,-21.27,8.21,-3.39
509134.531000,-0.88,0.095,-0.434,7.63,-4.88,4.49
509134.578000,-0.881,0.074,-0.442,-6.53,0.49,3.42
509134.625000,-0.879,0.076,-0.426,4.7,-1.34,2.93
509134.671000,-0.885,0.079,-0.438,-10.38,-2.01,0.82
509134.718000,-0.877,0.089,-0.447,2.44,-4.39,1.46
509134.765000,-0.869,0.114,-0.473,-2.66,-1.71,-0.27
509134.812000,-0.881,0.122,-0.453,-2.93,-1.28,1.19
509134.859000,-0.871,0.109,-0.455,-1.56,-2.96,4.64
509134.906000,-0.879,0.097,-0.427,-2.69,-1.01,5.1
509134.953000,-0.888,0.107,-0.426,-1.68,-4.58,4.12
509135.000000,-0.887,0.099,-0.41,-3.05,-1.83,3.54
509135.046000,-0.898,0.107,-0.413,-1.07,-5.92,2.14
509135.093000,-0.892,0.118,-0.429,-5.92,-7.57,2.04
509135.140000,-0.891,0.12,-0.442,-2.72,-6.1,2.84
509135.187000,-0.894,0.129,-0.457,-5.4,-5.68,2.81
509135.234000,-0.879,0.114,-0.46,-5.92,-3.85,1.95
509135.296000,-0.893,0.13,-0.443,-2.23,2.01,1.25
509135.343000,-0.889,0.108,-0.428,-3.57,3.39,2.41
509135.390000,-0.892,0.117,-0.416,-0.64,4.0,-1.71
509135.437000,-0.906,0.094,-0.403,1.04,3.6,0.85
509135.484000,-0.896,0.091,-0.429,-1.68,3.91,-5.25
509135.531000,-0.89,0.138,-0.428,8.27,5.89,-4.43
509135.578000,-0.882,0.108,-0.411,0.15,3.33,-2.62
509135.625000,-0.898,0.114,-0.433,-1.53,2.96,-2.72
509135.671000,-0.882,0.095,-0.439,-0.21,5.52,-7.02
509135.718000,-0.885,0.131,-0.43,2.41,4.64,-4.24
509135.765000,-0.887,0.127,-0.43,-2.78,3.17,-4.33
509135.812000,-0.892,0.136,-0.428,-0.46,4.67,-3.63
509135.859000,-0.887,0.106,-0.442,-1.65,1.65,-2.11
509135.906000,-0.889,0.126,-0.479,-1.34,5.1,-1.8
509135.953000,-0.884,0.076,-0.542,-9.55,-0.85,-2.41
509136.000000,-0.851,-0.012,-0.776,0.7,-8.03,-11.99
509136.046000,-0.892,-0.081,-0.946,28.53,12.91,-28.96
509136.093000,-0.91,-0.278,-1.307,99.83,43.0,-43.12
509136.140000,-0.935,-0.225,-1.335,78.37,106.11,-69.03
509136.187000,-1.001,-0.2,-1.22,59.88,150.12,-61.16
509136.234000,-0.999,-0.238,-1.119,51.36,168.43,-57.83
509136.281000,-1.04,-0.221,-0.885,16.21,183.29,-50.87
509136.328000,-0.925,-0.188,-0.77,19.2,175.6,-40.1
509136.375000,-0.717,-0.115,-0.616,-10.9,154.27,-36.38
509136.421000,-0.541,-0.126,-0.639,-31.71,160.01,-24.96
509136.468000,-0.412,-0.087,-0.5,-9.49,104.71,-27.56
509136.515000,-0.218,-0.063,-0.584,-22.16,74.34,-13.46
509136.562000,-0.107,-0.063,-0.591,-9.22,46.69,-12.82
509136.609000,-0.034,-0.079,-0.607,-36.38,27.34,-8.88
509136.656000,0.053,-0.104,-0.707,-13.64,5.28,4.12
509136.718000,0.057,-0.114,-0.834,-32.17,-2.47,3.69
509136.765000,0.097,-0.167,-0.932,1.43,5.19,11.29
509136.812000,0.058,-0.161,-0.934,-5.01,7.29,3.27
509136.859000,0.094,-0.181,-0.951,2.26,14.5,-2.17
509136.906000,0.074,-0.154,-0.919,6.16,7.66,-4.49
509136.953000,0.11,-0.121,-0.934,-0.52,-2.93,-5.46
509137.000000,0.127,-0.115,-0.936,-7.81,8.21,-7.08
509137.046000,0.042,-0.053,-0.726,16.05,4.0,-4.97
509137.093000,0.01,-0.08,-0.511,6.99,-12.18,-2.87
509137.140000,-0.132,0.022,-0.392,6.29,-31.01,0.27
509137.187000,-0.19,0.025,-0.177,30.46,-47.73,-0.46
509137.234000,-0.389,0.085,-0.312,-11.72,-122.75,26.25
509137.281000,-0.532,0.054,-0.59,-19.99,-150.21,30.43
509137.328000,-0.62,0.024,-0.745,-50.33,-176.4,39.77
509137.375000,-0.994,-0.003,-0.785,-5.92,-169.47,53.04
509137.421000,-1.098,0.083,-1.181,-104.68,-208.72,45.44
509137.468000,-1.184,0.031,-1.265,-78.77,-146.09,23.83
509137.515000,-1.011,0.052,-1.181,-137.49,-169.41,10.35
509137.562000,-1.121,0.021,-1.127,19.75,-76.91,-11.14
509137.609000,-0.812,-0.058,-1.573,-88.05,-62.81,-63.39
509137.656000,-0.654,-0.063,-1.345,-50.57,21.39,-64.49
509137.703000,-0.863,0.012,-0.768,-57.07,104.53,-89.33
509137.750000,-0.713,0.116,-0.726,16.75,48.13,-31.56
509137.796000,-0.555,0.067,-0.754,-76.66,40.89,-51.09
509137.859000,-0.655,0.116,-0.797,-5.92,29.54,-9.74
509137.906000,-0.744,-0.146,-0.266,-96.56,62.9,-4.64
509137.953000,-0.733,0.128,-0.453,26.09,-53.9,14.13
509138.015000,-0.806,0.103,-0.669,67.66,-138.52,63.42
509138.062000,-0.865,0.074,-0.502,1.31,-87.5,17.98
509138.109000,-0.923,0.101,-0.505,39.89,-109.96,23.56
509138.156000,-0.833,0.092,-0.573,-66.71,-64.06,4.64
509138.203000,-0.938,0.13,-0.359,14.68,-46.51,9.77
509138.250000,-0.851,0.088,-0.375,57.89,-27.65,30.06
509138.296000,-1.024,0.125,-0.247,66.01,-2.04,17.76
509138.343000,-0.949,0.179,-0.375,-3.23,-52.74,3.69
509138.390000,-0.855,0.134,-0.449,-18.43,-47.98,4.21
509138.437000,-0.913,0.174,-0.455,-0.7,-27.19,3.97
509138.484000,-0.863,0.147,-0.413,10.1,8.06,9.4
509138.531000,-0.946,0.109,-0.185,43.09,42.3,6.74
509138.578000,-1.01,0.175,-0.125,46.88,36.81,-1.04
509138.625000,-1.047,0.188,-0.129,12.3,-11.35,6.78
509138.671000,-0.901,0.139,-0.364,-8.91,-47.52,6.5
509138.718000,-0.894,0.119,-0.383,-12.15,-22.83,4.36
509138.765000,-0.967,0.149,-0.371,7.42,-1.59,1.77
509138.812000,-0.922,0.193,-0.376,-5.1,10.65,1.46
509138.875000,-0.919,0.17,-0.186,9.55,21.91,-3.08
509138.921000,-1.006,0.193,-0.114,26.55,19.1,5.95
509138.968000,-1.039,0.175,-0.164,15.38,-23.83,9.95
509139.015000,-0.918,0.135,-0.39,-3.08,-46.48,13.86
509139.062000,-0.87,0.123,-0.412,-16.75,-21.88,2.96
509139.109000,-0.937,0.181,-0.391,-0.52,13.73,1.4
509139.156000,-0.955,0.171,-0.291,-6.41,20.45,-0.82
509139.203000,-0.923,0.172,-0.193,14.56,24.75,2.66
509139.250000,-1.017,0.223,-0.074,21.15,23.19,-0.98
509139.296000,-1.01,0.207,-0.219,1.5,-29.21,11.93
509139.343000,-0.864,0.147,-0.433,-35.25,-37.05,8.67
509139.390000,-0.873,0.127,-0.397,-14.5,-1.04,4.39
509139.437000,-0.952,0.192,-0.322,26.0,29.21,4.09
509139.484000,-0.937,0.192,-0.162,42.42,34.09,5.16
509139.531000,-1.026,0.252,-0.095,22.95,6.87,4.91
509139.578000,-0.937,0.186,-0.229,-0.37,-41.32,12.27
509139.625000,-0.858,0.151,-0.401,-27.31,-31.68,5.95
509139.671000,-0.921,0.144,-0.366,14.95,-3.11,5.49
509139.718000,-0.944,0.187,-0.377,10.01,3.23,0.95
509139.765000,-0.871,0.184,-0.344,3.17,16.57,-4.94
509139.812000,-0.947,0.245,-0.236,10.8,24.6,-7.78
509139.859000,-0.99,0.249,-0.152,16.57,14.62,1.92
509139.906000,-0.994,0.23,-0.252,-10.04,-17.33,5.28
509139.968000,-0.869,0.18,-0.413,-28.2,-20.81,2.87
509140.015000,-0.901,0.192,-0.375,1.07,11.72,-1.1
509140.062000,-0.969,0.2,-0.322,12.85,16.63,2.99
509140.109000,-0.926,0.184,-0.223,11.41,17.82,3.02
509140.156000,-0.923,0.21,-0.184,9.58,13.15,-1.01
509140.203000,-0.97,0.251,-0.203,-6.23,-4.97,1.74
509140.250000,-0.961,0.214,-0.311,-27.86,-26.15,5.34
509140.296000,-0.897,0.145,-0.366,-17.24,-17.73,5.55
509140.343000,-0.875,0.178,-0.321,4.0,0.82,-3.66
509140.390000,-0.882,0.221,-0.313,2.62,1.04,-2.23
509140.437000,-0.937,0.22,-0.292,-1.68,6.26,-2.01
509140.484000,-0.975,0.205,-0.258,-6.04,-1.77,-1.43
509140.531000,-0.931,0.226,-0.341,-6.74,-9.52,-3.45
509140.578000,-0.914,0.227,-0.35,-13.31,4.24,-2.29
509140.625000,-0.877,0.212,-0.307,3.91,9.03,-0.18
509140.671000,-0.907,0.225,-0.307,4.49,18.83,1.16
509140.718000,-0.943,0.214,-0.249,15.78,20.02,3.17
509140.765000,-0.982,0.256,-0.243,27.31,13.46,4.39
509140.812000,-0.945,0.191,-0.205,24.29,0.34,8.94
509140.859000,-0.957,0.206,-0.256,9.52,-13.49,4.36
509140.921000,-0.895,0.166,-0.312,-5.49,-27.07,6.41
509140.968000,-0.877,0.183,-0.299,-9.98,-14.68,-2.9
509141.015000,-0.926,0.234,-0.29,-1.77,-16.82,2.38
509141.078000,-0.931,0.204,-0.297,-18.31,-12.54,-2.32
509141.125000,-0.916,0.191,-0.31,-10.96,-8.27,-1.65
509141.171000,-0.935,0.206,-0.298,-12.12,1.04,-5.49
509141.234000,-0.952,0.205,-0.291,3.72,3.42,0.27
509141.281000,-0.944,0.191,-0.297,-2.17,5.49,-2.2
509141.328000,-0.92,0.186,-0.305,3.48,10.9,-3.48
509141.375000,-0.935,0.206,-0.281,7.6,19.5,-6.96
509141.421000,-0.947,0.217,-0.245,18.71,20.87,-1.34
509141.468000,-0.958,0.216,-0.231,17.09,16.3,0.58
509141.515000,-0.913,0.21,-0.252,8.94,7.6,-1.98
509141.562000,-0.912,0.23,-0.267,0.85,7.66,0.89
509141.609000,-0.931,0.167,-0.243,-2.17,6.07,5.04
509141.656000,-0.93,0.167,-0.288,-3.91,0.34,3.75
509141.703000,-0.944,0.161,-0.277,-3.3,1.68,3.91
509141.750000,-0.952,0.183,-0.286,-1.46,-5.43,0.76
509141.796000,-0.931,0.175,-0.302,-8.51,-5.68,0.55
509141.843000,-0.935,0.181,-0.306,-3.14,-6.23,0.82
509141.890000,-0.929,0.193,-0.319,-3.94,-7.29,0.09
509141.937000,-0.923,0.188,-0.317,-0.73,-4.3,-0.58
509141.984000,-0.927,0.207,-0.307,1.53,-1.98,0.09
509142.031000,-0.932,0.19,-0.296,1.89,-1.8,3.08
509142.078000,-0.934,0.198,-0.286,1.19,-0.82,0.64
509142.125000,-0.931,0.207,-0.281,-1.62,-2.69,0.4
509142.187000,-0.922,0.198,-0.295,-2.62,-3.81,1.25
509142.234000,-0.93,0.214,-0.299,-3.23,-0.95,0.82
509142.281000,-0.936,0.203,-0.31,0.67,-1.68,2.41
509142.328000,-0.926,0.205,-0.312,-4.43,2.41,-0.61
509142.375000,-0.917,0.209,-0.302,3.78,4.49,1.07
509142.421000,-0.917,0.23,-0.275,3.08,4.76,-0.15
509142.468000,-0.928,0.227,-0.284,-2.72,3.72,2.62
509142.515000,-0.924,0.213,-0.271,-2.14,3.88,2.5
509142.562000,-0.925,0.205,-0.267,1.22,0.89,2.93
509142.609000,-0.933,0.201,-0.27,3.14,0.85,2.59
509142.656000,-0.922,0.203,-0.269,-0.27,-2.72,-0.52
509142.703000,-0.92,0.202,-0.291,2.44,-1.92,0.58
509142.750000,-0.923,0.218,-0.292,0.98,-1.77,-2.66
509142.796000,-0.915,0.221,-0.297,0.61,-2.17,0.31
509142.843000,-0.932,0.202,-0.293,1.92,-0.82,0.31
509142.890000,-0.927,0.213,-0.302,-0.21,-1.07,0.27
509142.937000,-0.934,0.206,-0.273,0.43,1.74,-0.55
509142.984000,-0.932,0.213,-0.281,-0.46,-1.62,-0.49
509143.031000,-0.941,0.227,-0.267,3.14,-0.67,-1.19
509143.078000,-0.937,0.211,-0.273,-3.91,-2.96,0.43
509143.125000,-0.918,0.209,-0.273,2.5,-2.41,-0.61
509143.171000,-0.922,0.22,-0.264,-0.79,-1.34,-1.59
509143.218000,-0.934,0.214,-0.28,-7.2,-4.12,1.37
509143.265000,-0.932,0.196,-0.294,-0.73,0.46,0.03
509143.328000,-0.936,0.193,-0.259,2.08,2.66,0.37
509143.375000,-0.929,0.227,-0.306,0.15,-1.34,-0.76
509143.437000,-0.932,0.185,-0.298,2.2,10.38,0.31
509143.484000,-0.923,0.203,-0.278,6.96,10.04,-2.26
509143.531000,-0.928,0.207,-0.279,6.9,13.82,-0.85
509143.578000,-0.938,0.203,-0.261,6.2,12.02,-0.12
509143.625000,-0.926,0.201,-0.248,13.98,7.66,0.49
509143.671000,-0.959,0.227,-0.189,13.98,1.98,1.01
509143.718000,-0.955,0.238,-0.241,2.87,-14.01,2.29
509143.765000,-0.908,0.203,-0.326,-13.43,-22.22,0.98
509143.812000,-0.937,0.21,-0.318,-1.74,-9.86,2.01
509143.859000,-0.911,0.218,-0.339,-7.9,-14.16,1.16
509143.906000,-0.91,0.198,-0.347,-8.45,-3.27,3.54
509143.953000,-0.921,0.185,-0.343,-5.16,2.41,2.08
509144.000000,-0.915,0.162,-0.318,6.68,12.88,0.82
509144.046000,-0.939,0.186,-0.26,12.45,16.45,-1.92
509144.109000,-0.927,0.195,-0.187,24.45,8.39,-0.06
509144.156000,-0.965,0.223,-0.24,-9.43,-17.37,0.21
509144.203000,-0.921,0.192,-0.337,-26.31,-26.49,-3.14
509144.250000,-0.888,0.175,-0.38,-13.67,-10.56,-3.69
509144.296000,-0.937,0.2,-0.331,4.18,5.62,-4.43
509144.343000,-0.926,0.222,-0.314,0.12,8.42,-3.88
509144.406000,-0.928,0.208,-0.282,0.12,13.18,-3.02
509144.453000,-0.943,0.203,-0.223,8.91,12.09,-1.25
509144.500000,-0.962,0.201,-0.189,11.93,4.52,3.3
509144.546000,-0.968,0.218,-0.197,-2.69,-10.47,0.21
509144.593000,-0.922,0.171,-0.317,-17.98,-19.07,2.66
509144.640000,-0.923,0.162,-0.317,-2.01,-4.39,1.28
509144.687000,-0.938,0.18,-0.284,6.44,-1.62,0.37
509144.734000,-0.938,0.198,-0.288,0.64,-0.64,0.4
509144.781000,-0.937,0.187,-0.269,2.35,1.5,0.0
509144.828000,-0.933,0.201,-0.273,0.61,1.34,-0.4
509144.875000,-0.938,0.192,-0.275,-0.4,2.75,0.67
509144.921000,-0.935,0.186,-0.285,-0.76,3.94,-0.27
509144.968000,-0.935,0.187,-0.295,1.5,6.35,1.1
509145.015000,-0.912,0.157,-0.313,-2.9,9.52,-1.19
509145.062000,-0.923,0.168,-0.203,25.51,17.82,-1.68
509145.109000,-1.002,0.251,-0.146,29.08,1.16,3.72
509145.156000,-0.937,0.189,-0.294,-17.27,-29.85,5.46
509145.203000,-0.886,0.125,-0.354,-18.1,-15.63,1.46
509145.250000,-0.945,0.186,-0.322,3.88,-3.42,-1.13
509145.296000,-0.921,0.203,-0.343,-4.52,-3.36,-1.37
509145.343000,-0.933,0.175,-0.313,-8.76,9.46,-2.53
509145.390000,-0.93,0.197,-0.284,5.16,12.51,-2.26
509145.437000,-0.93,0.196,-0.259,10.96,16.72,-1.43
509145.484000,-0.969,0.218,-0.189,19.23,14.92,-0.76
509145.531000,-0.943,0.204,-0.171,10.07,-3.23,2.96
509145.578000,-0.955,0.217,-0.234,0.95,-15.26,5.68
509145.625000,-0.918,0.146,-0.306,-14.13,-19.96,4.0
509145.671000,-0.929,0.162,-0.339,2.08,-8.36,2.47
509145.718000,-0.946,0.166,-0.314,-3.66,-4.3,-1.34
509145.765000,-0.915,0.198,-0.333,-1.74,1.37,-1.13
509145.812000,-0.935,0.194,-0.275,-7.57,8.51,-3.42
509145.859000,-0.934,0.181,-0.285,6.87,10.8,-0.43
509145.906000,-0.937,0.183,-0.257,2.23,15.35,-2.72
509145.953000,-0.955,0.185,-0.236,6.29,13.21,-2.38
509146.000000,-0.935,0.193,-0.201,10.8,9.95,-3.27
509146.046000,-0.973,0.235,-0.164,9.46,-1.5,0.89
509146.109000,-0.938,0.196,-0.274,-18.77,-23.9,3.39
509146.156000,-0.932,0.159,-0.325,-7.57,-12.21,2.53
509146.203000,-0.935,0.178,-0.321,2.66,-9.92,1.22
509146.250000,-0.924,0.182,-0.319,0.89,-4.76,0.79
509146.296000,-0.932,0.171,-0.322,-10.86,0.7,-0.82
509146.343000,-0.923,0.168,-0.318,-4.76,10.16,-2.75
509146.390000,-0.935,0.177,-0.29,11.87,20.17,-2.81
509146.437000,-0.944,0.19,-0.214,20.14,20.69,-2.17
509146.484000,-0.944,0.198,-0.192,20.97,12.67,-0.7
509146.531000,-0.959,0.214,-0.15,16.97,3.85,-0.09
509146.578000,-0.988,0.223,-0.189,4.67,-17.24,6.1
509146.625000,-0.921,0.172,-0.334,-10.77,-26.25,5.71
509146.671000,-0.949,0.171,-0.345,-0.67,-14.83,4.21
509146.718000,-0.935,0.158,-0.407,-6.35,-9.98,3.33
509146.765000,-0.926,0.167,-0.424,-15.08,5.52,-0.7
509146.812000,-0.909,0.142,-0.325,-0.21,24.87,-4.97
509146.859000,-0.921,0.195,-0.215,37.48,33.27,-3.02
509146.906000,-0.953,0.222,-0.11,30.76,20.08,0.89
509146.953000,-1.01,0.239,-0.1,13.82,-2.66,5.49
509147.000000,-0.947,0.16,-0.278,-32.26,-33.08,3.69
509147.046000,-0.915,0.124,-0.367,-22.22,-23.87,2.14
509147.093000,-0.926,0.173,-0.394,1.4,0.24,-3.23
509147.140000,-0.923,0.185,-0.371,2.14,7.35,-3.36
509147.187000,-0.918,0.192,-0.257,9.25,20.54,-2.14
509147.234000,-0.926,0.216,-0.198,24.32,10.16,1.19
509147.281000,-0.954,0.214,-0.195,15.14,1.43,6.53
509147.328000,-0.973,0.177,-0.249,-4.33,-15.63,5.22
509147.375000,-0.926,0.15,-0.364,-7.78,-19.32,4.55
509147.421000,-0.904,0.165,-0.381,-3.72,-1.95,-0.24
509147.468000,-0.93,0.21,-0.357,-0.73,4.39,-0.18
509147.515000,-0.915,0.186,-0.334,-10.62,7.81,0.49
509147.562000,-0.916,0.202,-0.297,-15.38,18.28,-0.55
509147.609000,-0.934,0.207,-0.172,8.0,14.16,2.01
509147.656000,-0.976,0.209,-0.193,-1.89,-5.22,5.71
509147.703000,-0.934,0.179,-0.311,-28.44,-19.75,3.45
509147.750000,-0.913,0.154,-0.35,-31.68,-15.5,2.2
509147.796000,-0.919,0.146,-0.336,-7.87,-1.92,-0.34
509147.843000,-0.937,0.202,-0.318,-25.64,10.77,-7.81
509147.890000,-0.925,0.191,-0.276,-11.02,3.33,-2.2
509147.937000,-0.929,0.182,-0.261,8.55,3.36,-1.01
509147.984000,-0.941,0.205,-0.248,-9.06,2.35,-3.05
509148.046000,-0.927,0.187,-0.31,-6.13,-5.77,-3.6
509148.093000,-0.931,0.193,-0.31,-1.59,1.74,-2.96
509148.140000,-0.931,0.212,-0.298,-2.38,3.45,-4.79
509148.203000,-0.932,0.23,-0.314,-4.67,5.74,-3.39
509148.250000,-0.901,0.199,-0.332,-6.74,8.15,-2.62
509148.296000,-0.921,0.192,-0.175,36.26,21.91,0.95
509148.343000,-1.038,0.268,-0.161,9.7,-0.52,2.38
509148.390000,-0.935,0.188,-0.321,-28.84,-30.18,2.29
509148.437000,-0.868,0.144,-0.387,-14.98,-5.37,-1.71
509148.484000,-0.945,0.198,-0.287,9.95,8.79,-3.23
509148.531000,-0.93,0.197,-0.299,1.83,2.53,0.55
509148.578000,-0.924,0.177,-0.271,0.76,5.71,-0.89
509148.625000,-0.938,0.19,-0.236,8.67,1.98,0.31
509148.671000,-0.98,0.221,-0.253,-4.67,-10.5,2.44
509148.718000,-0.908,0.159,-0.331,-13.25,-8.55,-1.25
509148.765000,-0.946,0.203,-0.317,-5.34,2.9,-1.89
509148.812000,-0.925,0.192,-0.328,-8.15,1.01,-1.53
509148.859000,-0.928,0.188,-0.306,-5.43,9.37,-2.14
509148.906000,-0.937,0.194,-0.256,8.21,12.67,-1.43
509148.953000,-0.938,0.224,-0.207,13.82,7.51,1.59
509149.000000,-0.965,0.224,-0.201,2.04,0.31,2.11
509149.046000,-0.924,0.19,-0.305,-11.35,-14.77,3.85
509149.093000,-0.907,0.151,-0.321,-6.2,-1.86,2.41
509149.140000,-0.929,0.179,-0.274,8.67,4.46,0.09
509149.187000,-0.933,0.184,-0.268,1.98,1.13,0.24
509149.234000,-0.932,0.176,-0.269,-0.37,2.11,-0.52
509149.281000,-0.935,0.193,-0.293,1.34,-0.27,-1.65
509149.328000,-0.924,0.177,-0.286,1.4,0.7,-1.77
509149.375000,-0.951,0.205,-0.25,2.26,1.31,-2.5
509149.421000,-0.93,0.209,-0.308,-0.24,-5.4,0.61
509149.468000,-0.92,0.189,-0.314,0.52,0.34,-1.37
509149.515000,-0.932,0.194,-0.268,-0.55,1.34,0.37
509149.562000,-0.93,0.196,-0.273,-1.31,-0.73,1.07
509149.609000,-0.929,0.164,-0.279,-5.95,-1.62,1.77
509149.656000,-0.921,0.167,-0.292,-0.76,-0.4,1.92
509149.703000,-0.941,0.16,-0.28,-4.94,-1.65,-1.37
509149.750000,-0.964,0.168,-0.318,-6.56,1.04,-2.32
509149.796000,-0.919,0.207,-0.33,-1.37,2.29,-8.0
509149.843000,-0.916,0.244,-0.326,-2.29,7.26,-4.06
509149.890000,-0.908,0.193,-0.309,-14.13,7.78,-1.83
509149.937000,-0.931,0.136,-0.413,8.94,8.48,5.19
509149.984000,-0.94,0.108,-0.483,2.69,11.93,0.95
509150.031000,-0.927,0.114,-0.51,11.6,30.18,-6.41
509150.078000,-1.045,0.053,-0.472,27.31,24.45,-22.13
509150.125000,-0.988,-0.088,-0.738,81.42,-0.52,-36.65
509150.171000,-1.062,0.01,-1.084,52.4,-2.72,-67.93
509150.218000,-1.033,-0.047,-1.056,80.69,82.67,-47.7
509150.265000,-1.14,-0.099,-0.925,48.92,132.05,-46.14
509150.312000,-1.172,-0.097,-0.885,68.24,172.06,-47.03
509150.375000,-1.174,-0.096,-0.889,35.34,180.85,-49.47
509150.421000,-1.159,-0.168,-1.101,8.55,191.23,-43.79
509150.468000,-0.932,-0.234,-1.076,30.98,205.6,-44.34
509150.515000,-0.837,-0.203,-1.285,-45.72,217.05,-44.98
509150.562000,-0.728,-0.211,-1.099,-26.55,223.85,-40.07
509150.609000,-0.469,-0.051,-1.049,-42.42,217.17,-33.63
509150.656000,-0.274,-0.048,-0.733,0.82,229.56,2.78
509150.703000,-0.144,-0.06,-0.54,1.62,193.82,-6.62
509150.750000,0.053,-0.064,-0.403,9.77,160.83,8.03
509150.796000,0.231,-0.115,-0.286,0.64,125.1,1.34
509150.843000,0.35,-0.156,-0.302,19.23,103.64,7.54
509150.906000,0.514,-0.174,-0.346,43.03,88.17,7.2
509150.953000,0.588,-0.158,-0.279,24.11,74.25,-2.14
509151.000000,0.617,-0.167,-0.252,28.69,63.72,3.36
509151.046000,0.615,-0.186,-0.146,13.34,46.11,-0.09
509151.093000,0.658,-0.228,-0.113,12.15,22.43,3.6
509151.140000,0.711,-0.195,-0.159,-6.68,2.87,-4.85
509151.187000,0.774,-0.215,-0.279,-9.8,-24.63,-8.85
509151.234000,0.818,-0.267,-0.382,-2.35,-22.1,3.63
509151.281000,0.799,-0.278,-0.429,-0.27,-29.15,-0.27
509151.328000,0.824,-0.295,-0.569,-4.46,-30.64,4.82
509151.375000,0.815,-0.278,-0.553,7.87,-19.17,1.25
509151.421000,0.782,-0.312,-0.543,-9.13,-14.71,4.88
509151.468000,0.767,-0.3,-0.588,-0.4,-14.22,1.8
509151.515000,0.743,-0.279,-0.546,2.99,-11.41,-3.39
509151.562000,0.703,-0.3,-0.569,-3.81,-12.76,-1.86
509151.609000,0.658,-0.258,-0.517,14.53,-14.01,-9.7
509151.656000,0.472,-0.33,-0.389,35.1,-17.21,-9.67
509151.703000,0.247,-0.266,-0.437,41.81,-35.58,-63.81
509151.750000,0.171,-0.093,-0.368,37.42,-44.4,-94.55
509151.796000,0.23,0.055,-0.322,98.24,-73.21,-71.63
509151.859000,0.108,-0.007,-0.328,14.19,-119.57,-69.12
509151.906000,0.177,-0.041,-0.39,112.52,-187.51,-12.3
509151.953000,0.2,-0.176,-0.697,79.23,-211.19,14.04
509152.000000,0.038,-0.454,-0.622,118.84,-198.89,67.75
509152.046000,-0.125,-0.51,-1.026,163.46,-197.52,123.81
509152.093000,-0.366,-0.718,-0.695,158.06,-159.0,188.27
509152.140000,-0.589,-0.818,-1.335,0.06,-141.94,179.45
509152.187000,-0.66,-0.764,-0.712,-15.14,-157.75,178.04
509152.234000,-1.038,-0.711,-1.063,25.82,-150.58,197.18
509152.281000,-1.038,-0.329,-1.012,-106.48,-141.67,174.99
509152.328000,-1.275,-0.458,-0.943,-86.06,-105.9,186.22
509152.375000,-1.362,-0.208,-1.004,-111.94,-96.93,154.79
509152.421000,-1.345,-0.261,-0.844,-139.5,-80.42,129.8
509152.468000,-1.204,-0.283,-0.721,-61.62,-70.28,78.25
509152.515000,-0.928,-0.045,-0.664,-27.65,-39.52,-3.51
509152.562000,-0.927,0.11,-0.514,-13.58,-13.18,-16.48
509152.609000,-0.859,0.186,-0.495,-24.84,-12.51,-19.53
509152.656000,-0.902,0.1,-0.452,-24.51,-2.38,-1.01
509152.703000,-0.922,0.203,-0.4,-11.84,11.93,-8.85
509152.750000,-0.938,0.177,-0.309,-42.73,6.44,-17.0
509152.812000,-0.925,0.259,-0.319,-38.06,7.23,-10.77
509152.859000,-0.958,0.235,-0.222,-32.14,10.96,-3.78
509152.906000,-0.956,0.155,-0.239,-21.49,1.71,2.26
509152.953000,-0.93,0.207,-0.287,2.84,1.4,4.0
509153.000000,-0.931,0.152,-0.275,-0.55,4.67,5.19
509153.046000,-0.951,0.158,-0.283,6.9,0.95,7.66
509153.093000,-0.932,0.175,-0.314,-1.8,6.87,-2.08
509153.140000,-0.935,0.166,-0.265,8.33,5.86,1.31
509153.187000,-0.933,0.185,-0.288,8.03,5.83,0.61
509153.250000,-0.942,0.178,-0.267,6.62,2.87,-1.25
509153.296000,-0.931,0.21,-0.313,-5.37,3.48,0.73
509153.343000,-0.947,0.219,-0.279,6.56,5.34,-5.4
509153.390000,-0.912,0.215,-0.335,5.74,2.56,3.27
509153.437000,-0.925,0.213,-0.302,3.85,2.14,2.14
509153.484000,-0.923,0.153,-0.311,-3.36,-0.55,6.53
509153.531000,-0.942,0.161,-0.294,-1.74,3.69,1.31
509153.578000,-0.928,0.153,-0.287,-0.92,-0.89,1.01
509153.625000,-0.923,0.167,-0.305,-2.11,1.62,0.43
509153.671000,-0.936,0.173,-0.291,-3.94,-0.55,-1.34
509153.718000,-0.928,0.165,-0.31,-2.2,-2.69,0.06
509153.765000,-0.927,0.184,-0.297,1.89,0.37,-2.59
509153.812000,-0.9,0.175,-0.342,0.79,-4.43,-2.11
509153.859000,-0.901,0.177,-0.416,0.31,-5.07,-1.77
509153.906000,-0.917,0.133,-0.528,2.78,-2.93,3.69
509153.953000,-0.923,0.105,-0.692,-0.27,12.54,-6.13
509154.000000,-0.888,-0.011,-0.795,-4.06,56.73,-18.95
509154.046000,-0.962,-0.03,-0.793,33.78,69.34,-22.58
509154.093000,-0.978,-0.031,-0.877,45.35,72.12,-31.46
509154.140000,-1.043,-0.066,-0.823,51.85,85.36,-41.69
509154.187000,-1.067,-0.035,-0.91,38.45,91.1,-52.1
509154.234000,-1.07,0.026,-0.935,4.94,111.7,-60.03
509154.281000,-1.039,0.034,-0.953,12.09,132.33,-47.43
509154.328000,-1.0,-0.002,-1.019,18.49,152.59,-54.2
509154.375000,-0.945,-0.022,-0.877,23.77,158.06,-36.26
509154.421000,-0.798,-0.036,-1.013,6.59,147.4,-34.58
509154.468000,-0.704,-0.071,-0.979,17.79,144.05,-24.6
509154.515000,-0.544,-0.087,-1.075,-2.38,135.72,-16.91
509154.562000,-0.47,-0.037,-1.117,-44.1,148.38,-14.34
509154.609000,-0.349,-0.032,-1.169,-67.81,150.49,5.16
509154.656000,-0.235,0.057,-1.176,-145.82,191.5,13.34
509154.703000,-0.189,0.011,-0.692,-65.83,166.54,49.53
509154.750000,0.067,0.042,-0.77,24.35,136.54,48.28
509154.796000,0.114,-0.048,-0.538,-10.9,148.23,41.17
509154.843000,0.216,-0.058,-0.42,31.83,114.78,44.71
509154.890000,0.368,-0.109,-0.161,13.55,110.81,13.25
509154.937000,0.431,-0.069,-0.093,33.14,81.82,13.31
509154.984000,0.526,-0.099,-0.051,9.4,41.6,2.9
509155.031000,0.642,-0.033,-0.251,25.54,7.78,-1.4
509155.093000,0.719,-0.092,-0.327,9.28,-6.13,-6.44
509155.140000,0.762,-0.066,-0.494,15.26,-22.86,-2.29
509155.187000,0.769,-0.076,-0.563,-0.27,-11.96,-5.37
509155.234000,0.767,-0.107,-0.604,9.31,-17.55,-4.06
509155.281000,0.755,-0.126,-0.672,-0.37,-10.35,-1.74
509155.328000,0.749,-0.121,-0.666,7.57,-12.15,-5.65
509155.375000,0.742,-0.102,-0.684,8.76,-10.38,-3.11
509155.421000,0.74,-0.095,-0.674,-5.16,-1.62,-7.75
509155.468000,0.726,-0.068,-0.637,8.67,-2.93,-5.25
509155.515000,0.712,-0.063,-0.646,0.58,-4.0,-4.36
509155.562000,0.694,-0.08,-0.656,3.27,-9.19,-1.98
509155.609000,0.714,-0.079,-0.685,1.62,-6.16,-2.78
509155.656000,0.708,-0.055,-0.685,0.21,-5.43,-2.29
509155.703000,0.712,-0.038,-0.695,-3.11,-4.55,-3.75
509155.750000,0.692,-0.064,-0.682,-3.39,-5.83,3.75
509155.796000,0.689,-0.074,-0.676,-5.07,-6.23,1.89
509155.843000,0.674,-0.052,-0.666,-3.23,-9.03,2.29
509155.890000,0.684,-0.087,-0.663,-0.4,-7.6,-0.15
509155.937000,0.669,-0.045,-0.642,-1.89,-8.39,-0.92
509155.984000,0.669,-0.046,-0.638,-0.27,-12.18,-1.07
509156.031000,0.678,-0.058,-0.684,0.46,-17.94,2.69
509156.078000,0.664,-0.061,-0.727,-9.09,-17.06,3.2
509156.125000,0.675,-0.075,-0.808,-5.28,-20.14,5.95
509156.171000,0.661,-0.119,-0.823,-7.54,-9.86,6.81
509156.218000,0.633,-0.097,-0.803,-1.62,-7.35,4.27
509156.265000,0.626,-0.103,-0.773,-0.82,-3.78,1.46
509156.312000,0.608,-0.098,-0.756,-2.11,-1.13,-2.01
509156.359000,0.619,-0.044,-0.751,2.66,-4.27,-3.17
509156.406000,0.618,-0.075,-0.726,-4.79,-3.23,-1.28
509156.453000,0.622,-0.043,-0.76,-1.07,-5.01,0.27
509156.500000,0.609,-0.064,-0.71,0.12,-9.0,-0.09
509156.546000,0.575,-0.069,-0.68,5.86,-9.58,0.61
509156.593000,0.59,-0.017,-0.682,2.14,-18.49,-3.23
509156.640000,0.555,-0.083,-0.646,-13.18,-15.69,-3.75
509156.687000,0.543,-0.015,-0.719,-1.16,-24.87,-8.48
509156.734000,0.55,-0.108,-0.62,1.07,-25.39,-11.54
509156.781000,0.431,-0.058,-0.666,15.35,-38.09,-13.55
509156.828000,0.41,-0.078,-0.672,-14.62,-38.85,-25.64
509156.875000,0.377,0.011,-0.704,-2.72,-49.13,-31.13
509156.921000,0.364,-0.01,-0.696,8.18,-52.31,-26.83
509156.968000,0.297,0.044,-0.769,-4.27,-71.23,-27.59
509157.015000,0.263,0.018,-0.836,24.35,-74.28,-23.77
509157.062000,0.134,-0.04,-0.926,-31.5,-72.18,-33.33
509157.109000,0.108,-0.003,-0.851,25.94,-75.87,-37.78
509157.156000,0.047,-0.019,-1.039,-25.7,-107.27,-28.81
509157.203000,-0.013,-0.13,-0.902,16.45,-74.1,-37.14
509157.250000,-0.202,-0.052,-0.741,64.73,-76.42,-37.9
509157.296000,-0.197,0.004,-0.859,71.26,-94.15,-33.78
509157.343000,-0.346,-0.116,-0.785,24.54,-90.21,-24.75
509157.390000,-0.375,-0.127,-0.784,67.05,-100.25,-17.27
509157.437000,-0.527,-0.212,-1.003,61.56,-130.13,14.47
509157.484000,-0.539,-0.232,-1.022,57.53,-118.96,16.57
509157.531000,-0.651,-0.234,-0.928,43.61,-119.82,28.63
509157.578000,-0.68,-0.196,-0.941,38.67,-133.82,58.87
509157.625000,-0.867,-0.24,-0.727,79.29,-92.72,86.67
509157.671000,-0.986,-0.19,-1.058,-43.37,-167.79,86.03
509157.718000,-0.935,-0.243,-0.918,4.82,-96.84,71.96
509157.765000,-1.009,-0.18,-0.866,18.92,-87.53,82.71
509157.812000,-1.007,-0.215,-0.739,12.76,-57.28,71.9
509157.859000,-1.001,-0.129,-0.668,13.31,-54.57,47.12
509157.906000,-0.941,-0.099,-0.641,26.22,-46.63,43.92
509157.953000,-0.911,-0.089,-0.468,32.87,-24.78,41.63
509158.000000,-0.944,-0.029,-0.44,20.72,-17.73,34.97
509158.046000,-0.932,-0.019,-0.358,-0.61,-26.76,24.93
509158.093000,-0.929,0.018,-0.417,-10.5,-27.19,17.03
509158.140000,-0.919,-0.017,-0.411,-8.09,-19.68,16.91
509158.187000,-0.925,-0.006,-0.451,30.73,-11.84,9.49
509158.234000,-0.94,0.033,-0.401,-3.66,15.32,-7.9
509158.281000,-0.95,0.08,-0.366,4.36,9.58,-10.83
509158.328000,-0.931,0.093,-0.356,-6.96,11.75,-5.92
509158.375000,-0.942,0.075,-0.292,-13.64,9.4,-7.97
509158.421000,-0.941,0.076,-0.308,-5.43,3.54,-0.98
509158.468000,-0.951,0.055,-0.294,-11.81,6.56,-3.2
509158.515000,-0.955,0.074,-0.283,-2.35,0.46,-4.0
509158.562000,-0.936,0.093,-0.307,-1.98,0.55,-0.89
509158.609000,-0.948,0.084,-0.327,-1.65,-3.33,0.85
509158.656000,-0.931,0.072,-0.34,-5.89,-1.16,1.13
509158.703000,-0.948,0.067,-0.33,2.08,1.92,4.85
509158.750000,-0.953,0.051,-0.311,2.87,1.53,4.06
509158.796000,-0.943,0.067,-0.328,-0.95,0.67,0.7
509158.859000,-0.934,0.073,-0.329,0.67,0.43,0.34
509158.906000,-0.934,0.089,-0.326,-3.2,2.81,-2.26
509158.953000,-0.925,0.094,-0.32,2.78,2.17,-0.58
509159.000000,-0.938,0.103,-0.313,-4.88,3.08,-2.99
509159.046000,-0.933,0.106,-0.32,2.66,-0.12,0.49
509159.093000,-0.938,0.072,-0.31,3.11,-0.73,0.73
509159.140000,-0.908,0.089,-0.296,8.7,-2.99,-3.6
509159.187000,-0.926,0.098,-0.327,7.81,-0.73,1.25
509159.234000,-0.945,0.065,-0.314,10.19,-3.14,0.18
509159.281000,-0.925,0.102,-0.333,22.13,-2.96,-0.37
509159.328000,-0.944,0.096,-0.329,10.5,-1.04,-0.95
509159.375000,-0.932,0.086,-0.359,15.78,-6.01,1.25
509159.421000,-0.911,0.061,-0.366,12.94,-1.89,1.5
509159.468000,-0.929,0.043,-0.329,11.99,0.06,1.59
509159.515000,-0.939,0.018,-0.298,7.42,-1.43,0.61
509159.562000,-0.92,-0.006,-0.261,5.58,-7.6,-1.19
509159.609000,-0.873,0.002,-0.297,-0.7,-13.52,-4.73
509159.656000,-0.926,0.036,-0.315,-13.64,-8.15,-7.23
509159.703000,-1.079,-0.002,-0.309,-28.05,-6.26,7.23
509159.750000,-1.06,-0.068,-0.3,-28.57,-10.62,8.3
509159.796000,-0.945,-0.137,-0.302,-8.91,-11.75,-1.1
509159.843000,-0.904,-0.079,-0.275,11.35,4.12,-27.34
509159.890000,-0.933,0.027,-0.249,8.21,5.07,-29.94
509159.937000,-0.93,-0.002,-0.229,4.94,2.41,-11.78
509159.984000,-0.967,-0.032,-0.259,-2.93,-0.61,-13.15
509160.031000,-1.017,-0.024,-0.223,-2.87,6.16,-11.35
509160.078000,-0.989,-0.068,-0.237,-4.33,-4.67,-17.49
509160.125000,-0.939,-0.046,-0.244,-1.34,-4.27,-24.93
509160.171000,-0.946,-0.009,-0.197,4.64,-2.99,-21.7
509160.218000,-0.972,0.016,-0.161,9.31,-9.43,-8.76
509160.281000,-0.934,-0.015,-0.237,-20.26,-25.24,0.37
509160.328000,-0.918,-0.054,-0.3,-19.44,-24.11,6.9
509160.375000,-0.963,-0.096,-0.259,-15.05,-8.03,10.68
509160.421000,-1.011,-0.096,-0.187,-4.36,-3.66,9.86
509160.468000,-1.041,-0.068,-0.194,-13.4,-3.2,9.8
509160.515000,-1.003,-0.057,-0.228,-11.96,-10.53,5.65
509160.562000,-0.98,-0.048,-0.252,-14.07,1.25,6.2
509160.609000,-1.031,0.013,-0.33,-3.88,6.13,9.77
509160.656000,-1.079,-0.007,-0.302,-2.87,20.11,18.28
509160.703000,-1.051,-0.066,-0.154,5.19,19.78,14.04
509160.750000,-0.935,-0.077,-0.128,14.83,0.37,4.09
509160.796000,-0.878,0.013,-0.273,4.18,-1.95,-5.95
509160.843000,-0.907,0.049,-0.218,-7.32,8.27,-0.7
509160.890000,-0.935,0.031,-0.192,8.85,2.81,11.84
509160.937000,-0.952,0.032,-0.165,16.97,-3.33,11.05
509160.984000,-0.966,0.057,-0.211,-0.76,-10.99,8.73
509161.031000,-0.949,0.031,-0.243,-12.76,-2.93,5.71
509161.078000,-0.957,0.026,-0.183,0.18,4.12,2.75
509161.125000,-1.003,0.083,-0.19,17.67,-3.05,1.1
509161.171000,-0.909,0.074,-0.234,2.87,-11.47,4.52
509161.218000,-0.937,0.041,-0.215,8.03,-3.75,4.03
509161.265000,-0.88,-0.009,-0.167,10.01,-5.74,-3.08
509161.312000,-0.962,0.093,-0.141,56.83,-5.4,3.17
509161.359000,-0.944,0.108,-0.235,38.0,-13.95,16.27
509161.406000,-0.982,0.03,-0.253,-18.77,-17.61,21.79
509161.453000,-1.047,0.018,-0.266,-8.58,-8.97,24.17
509161.500000,-1.076,0.009,-0.267,-4.76,-2.72,22.25
509161.546000,-1.066,0.002,-0.287,-0.64,1.01,14.4
509161.593000,-1.074,0.004,-0.286,-5.52,11.35,3.05
509161.640000,-1.043,0.023,-0.293,2.59,14.47,-3.33
509161.687000,-0.964,0.021,-0.3,15.32,26.43,-8.45
509161.734000,-0.934,0.05,-0.257,30.12,36.81,-11.78
509161.781000,-0.937,0.083,-0.276,34.94,36.5,-7.17
509161.828000,-0.902,0.055,-0.283,29.51,38.39,-8.27
509161.875000,-0.993,0.075,-0.278,37.42,38.48,-12.67
509161.921000,-1.025,0.111,-0.262,48.77,34.03,-12.88
509161.968000,-0.957,0.153,-0.327,34.39,8.7,-7.02
509162.015000,-0.904,0.092,-0.347,6.78,4.85,1.53
509162.062000,-0.866,0.034,-0.322,-2.59,-4.03,-1.68
509162.109000,-0.859,0.063,-0.398,-1.25,-11.41,-3.33
509162.156000,-0.879,0.061,-0.377,-0.06,-4.43,-4.33
509162.203000,-0.984,0.086,-0.427,-3.36,-10.65,-0.09
509162.250000,-0.862,-0.009,-0.416,-8.09,-14.74,4.7
509162.296000,-0.834,-0.028,-0.377,10.74,-2.29,-2.75
509162.343000,-0.896,0.001,-0.278,20.05,6.93,-4.27
509162.390000,-0.885,-0.013,-0.225,21.15,-2.96,-0.61
509162.437000,-0.821,-0.007,-0.27,0.12,-23.96,-0.64
509162.484000,-0.937,0.031,-0.388,-39.98,-13.49,9.16
509162.531000,-1.116,-0.01,-0.372,-33.85,3.72,43.12
509162.578000,-1.027,-0.189,-0.301,-4.82,-0.82,51.91
509162.625000,-0.953,-0.228,-0.301,18.28,-2.29,27.41
509162.671000,-0.968,-0.098,-0.37,18.59,6.68,-2.87
509162.718000,-1.059,-0.016,-0.331,21.67,25.79,-6.56
509162.765000,-0.966,-0.043,-0.176,48.55,18.1,4.85
509162.812000,-0.887,-0.048,-0.193,46.54,0.55,5.04
509162.859000,-0.882,-0.003,-0.376,-3.05,1.53,-7.35
509162.906000,-0.94,-0.028,-0.355,-29.45,18.22,-11.47
509162.953000,-0.992,-0.042,-0.343,-3.42,25.36,-12.63
509163.000000,-0.973,-0.021,-0.328,8.85,22.83,-16.85
509163.046000,-0.931,0.011,-0.374,11.23,12.09,-22.31
509163.093000,-0.934,0.073,-0.406,6.41,15.9,-28.63
509163.140000,-0.887,0.111,-0.38,12.02,12.63,-28.17
509163.187000,-0.858,0.158,-0.43,12.85,5.74,-21.42
509163.234000,-0.823,0.149,-0.432,-1.56,-0.49,-5.98
509163.281000,-0.859,0.102,-0.457,-23.47,-7.87,3.27
509163.328000,-0.868,0.062,-0.466,-28.53,-11.9,11.14
509163.375000,-0.899,0.002,-0.484,-34.73,-17.03,13.31
509163.421000,-0.959,-0.02,-0.518,-25.61,-14.31,12.39
509163.468000,-0.877,-0.069,-0.49,-8.09,-8.51,1.95
509163.515000,-0.877,-0.035,-0.436,34.33,8.97,-10.5
509163.562000,-0.902,0.094,-0.392,69.03,19.59,-10.99
509163.609000,-0.88,0.082,-0.313,65.86,12.02,1.86
509163.656000,-0.84,0.055,-0.318,39.31,-5.13,10.47
509163.703000,-0.851,0.017,-0.294,18.89,-5.49,16.6
509163.750000,-0.906,-0.068,-0.277,3.45,-12.48,25.97
509163.796000,-0.925,-0.1,-0.326,-7.05,-22.37,27.65
509163.859000,-0.981,-0.106,-0.402,-28.02,-14.56,26.46
509163.906000,-1.013,-0.155,-0.35,-27.71,-4.76,29.82
509163.953000,-1.025,-0.158,-0.324,-4.94,-5.01,26.95
509164.000000,-1.04,-0.127,-0.366,5.25,-1.98,14.47
509164.046000,-0.987,-0.105,-0.31,28.87,1.8,6.26
509164.093000,-0.896,-0.071,-0.282,36.65,-4.43,-4.21
509164.140000,-0.85,0.022,-0.358,26.03,-9.7,-8.18
509164.187000,-0.886,0.03,-0.372,1.34,-3.02,-5.8
509164.250000,-0.935,-0.005,-0.38,-11.41,-4.46,0.46
509164.296000,-0.944,-0.036,-0.405,-11.96,-3.75,-5.77
509164.343000,-0.927,0.031,-0.449,13.82,4.49,-16.45
509164.390000,-0.921,0.087,-0.4,11.96,17.79,-19.44
509164.437000,-0.947,0.106,-0.3,17.24,23.59,-10.44
509164.484000,-0.91,0.027,-0.275,38.27,-4.91,0.43
509164.531000,-0.898,0.031,-0.321,-2.75,-2.11,-2.38
509164.578000,-0.947,0.041,-0.331,-7.75,0.24,-0.67
509164.640000,-0.966,0.018,-0.331,4.27,-3.08,7.97
509164.687000,-0.931,0.001,-0.325,2.23,-7.48,6.01
509164.734000,-0.941,-0.018,-0.346,12.45,-9.4,8.64
509164.781000,-0.92,-0.039,-0.349,13.82,-9.58,12.7
509164.828000,-0.934,-0.029,-0.362,3.36,-7.14,11.26
509164.875000,-0.938,-0.079,-0.351,-12.6,-4.18,7.63
509164.921000,-0.953,-0.058,-0.369,-8.24,-2.47,0.31
509164.968000,-0.923,-0.076,-0.36,-10.38,1.04,-2.17
509165.015000,-0.919,-0.035,-0.317,-7.02,7.02,-6.68
509165.062000,-0.953,-0.021,-0.301,-13.46,6.81,-4.24
509165.109000,-0.945,-0.03,-0.307,-17.37,4.18,-6.81
509165.156000,-0.934,-0.007,-0.339,-15.66,4.58,-8.85
509165.203000,-0.939,-0.022,-0.331,-12.91,7.17,-9.92
509165.250000,-0.939,0.002,-0.334,2.41,7.78,-8.73
509165.296000,-0.937,0.011,-0.327,3.72,9.31,-6.71
509165.343000,-0.956,0.005,-0.33,3.02,9.28,-5.46
509165.390000,-0.987,0.012,-0.336,5.86,9.19,-3.2
509165.437000,-0.977,0.003,-0.332,4.27,9.46,-2.84
509165.484000,-0.972,0.027,-0.346,5.74,6.16,-4.7
509165.531000,-0.942,0.057,-0.398,-5.13,5.95,-4.46
509165.578000,-0.855,0.093,-0.561,-24.35,13.18,-6.99
509165.625000,-0.889,0.094,-0.584,-37.35,41.23,-11.69
509165.671000,-0.852,0.011,-0.594,24.93,36.9,7.26
509165.718000,-0.838,0.015,-0.465,21.67,24.87,10.96
509165.765000,-0.803,0.041,-0.404,16.85,6.84,15.2
509165.812000,-0.792,-0.004,-0.39,5.4,4.33,24.66
509165.859000,-0.835,-0.006,-0.396,-0.37,2.72,24.11
509165.906000,-0.852,-0.035,-0.417,-5.52,-10.16,20.97
509165.953000,-0.948,-0.024,-0.487,-4.67,-7.97,13.79
509166.000000,-0.853,-0.058,-0.415,13.61,-9.19,3.57
509166.046000,-0.802,0.016,-0.445,20.69,-12.39,-3.42
509166.093000,-0.855,0.068,-0.453,9.61,-6.84,1.77
509166.140000,-0.866,-0.011,-0.465,20.29,-17.37,11.54
509166.187000,-0.902,-0.024,-0.557,2.35,-16.72,1.62
509166.234000,-0.92,-0.024,-0.554,-1.5,-11.14,-3.33
509166.281000,-0.869,0.012,-0.502,5.62,-7.72,-5.62
509166.328000,-0.879,0.009,-0.433,-19.62,0.43,-5.95
509166.375000,-0.915,-0.016,-0.388,-30.3,1.07,-7.51
509166.421000,-0.929,-0.037,-0.37,-12.09,2.9,-7.75
509166.468000,-0.93,-0.017,-0.335,0.49,4.97,-10.28
509166.515000,-0.939,0.009,-0.318,5.71,2.69,-8.82
509166.562000,-0.944,0.015,-0.302,5.55,-0.79,-6.93
509166.609000,-0.929,0.015,-0.306,-8.21,-7.26,-1.98
509166.656000,-0.935,0.012,-0.321,-14.53,-9.09,0.06
509166.703000,-0.954,-0.001,-0.34,-20.84,-8.97,1.95
509166.750000,-0.954,-0.027,-0.34,-23.35,-8.79,2.84
509166.796000,-0.932,-0.035,-0.342,-16.39,-7.32,-0.92
509166.843000,-0.917,-0.03,-0.331,-11.66,-4.97,-5.07
509166.890000,-0.923,-0.001,-0.334,-3.42,-3.14,-6.38
509166.937000,-0.966,-0.0,-0.337,0.21,-1.1,-4.12
509166.984000,-0.945,0.001,-0.341,3.27,-3.6,-6.68
509167.031000,-0.927,0.017,-0.342,3.36,-3.45,-7.54
509167.078000,-0.902,0.018,-0.35,6.62,-2.04,-4.15
509167.140000,-0.926,0.027,-0.337,11.2,1.13,1.77
509167.187000,-0.929,0.007,-0.343,8.82,-3.63,5.4
509167.234000,-0.937,0.009,-0.347,9.13,-1.74,6.5
509167.281000,-0.946,-0.032,-0.341,11.66,-5.92,8.82
509167.328000,-0.939,-0.05,-0.38,22.71,-7.87,6.62
509167.375000,-0.94,-0.035,-0.386,36.32,-5.04,7.6
509167.421000,-0.933,-0.02,-0.41,40.59,-2.62,5.25
509167.468000,-0.942,0.022,-0.45,26.76,1.53,3.63
509167.515000,-0.907,0.004,-0.465,6.71,3.36,1.77
509167.562000,-0.885,0.028,-0.441,-6.96,1.01,-0.95
509167.609000,-0.924,0.009,-0.401,-9.8,2.69,2.84
509167.656000,-0.943,-0.025,-0.371,-8.48,1.4,4.39
509167.703000,-0.894,-0.043,-0.384,-19.17,-3.54,-0.09
509167.750000,-0.871,-0.021,-0.376,-22.74,4.49,-7.26
509167.796000,-0.93,-0.009,-0.361,-14.44,9.86,-7.78
509167.843000,-0.976,-0.012,-0.323,13.79,7.57,-2.84
509167.890000,-0.919,0.009,-0.332,10.59,-2.96,-7.78
509167.937000,-0.909,0.008,-0.336,-3.08,0.52,-6.99
509167.984000,-0.927,-0.019,-0.324,0.95,-0.4,-5.34
509168.031000,-0.965,0.022,-0.302,20.45,0.21,-3.6
509168.078000,-0.956,0.033,-0.312,15.17,-8.82,0.82
509168.125000,-0.904,-0.003,-0.384,-15.63,-11.69,0.43
509168.171000,-0.903,-0.025,-0.37,-25.33,-3.11,-2.59
509168.218000,-0.956,-0.093,-0.352,-22.61,-0.34,-0.12
509168.281000,-0.965,-0.095,-0.385,-1.68,-4.27,-7.29
509168.328000,-0.951,-0.072,-0.391,-10.13,8.58,-12.05
509168.375000,-0.89,-0.088,-0.272,12.57,14.71,-15.05
509168.421000,-0.868,-0.024,-0.254,26.67,9.77,-11.66
509168.468000,-0.947,-0.005,-0.156,44.43,9.92,-6.23
509168.531000,-1.014,0.108,-0.194,49.2,-6.2,24.6
509168.578000,-0.9,-0.005,-0.272,-30.61,-33.17,36.71
509168.625000,-0.918,-0.073,-0.406,-90.52,-27.95,21.55
509168.671000,-1.013,-0.128,-0.417,-52.22,-1.31,13.03
509168.718000,-1.053,-0.204,-0.339,19.04,-1.65,11.47
509168.765000,-0.965,-0.055,-0.4,48.95,-1.8,-1.46
509168.812000,-0.931,-0.029,-0.358,10.8,-0.64,-24.96
509168.859000,-0.912,0.014,-0.365,-2.81,6.04,-25.27
509168.906000,-0.942,0.011,-0.33,7.29,8.64,-21.12
509168.953000,-0.915,0.008,-0.328,14.65,7.54,-8.21
509169.000000,-0.921,0.017,-0.311,13.55,9.77,-6.13
509169.046000,-0.93,0.021,-0.296,3.69,6.81,1.89
509169.093000,-0.943,0.006,-0.282,1.62,4.79,7.9
509169.140000,-0.915,-0.025,-0.272,0.21,-1.16,11.81
509169.187000,-0.944,-0.007,-0.296,-3.78,-2.87,13.58
509169.234000,-0.925,-0.038,-0.301,-18.07,-3.6,14.19
509169.281000,-0.961,-0.043,-0.288,-12.27,-0.03,14.07
509169.328000,-0.972,-0.048,-0.296,-13.61,-3.66,13.67
509169.375000,-0.95,-0.073,-0.317,-18.89,-4.58,6.87
509169.421000,-0.954,-0.076,-0.308,-17.06,-0.31,-0.4
509169.468000,-0.965,-0.047,-0.301,-11.26,0.89,-5.98
509169.515000,-0.959,-0.031,-0.314,-12.21,0.73,-7.11
509169.562000,-0.934,-0.051,-0.324,-14.25,5.52,-7.93
509169.609000,-0.971,-0.05,-0.317,-4.79,11.99,-7.75
509169.656000,-0.972,-0.066,-0.304,6.04,13.4,-7.84
509169.703000,-0.982,-0.066,-0.267,23.47,15.53,-14.34
509169.750000,-0.988,-0.014,-0.255,30.46,10.07,-18.65
509169.796000,-0.938,-0.004,-0.267,20.2,1.92,-19.62
509169.843000,-0.947,0.034,-0.279,15.96,-0.24,-17.06
509169.890000,-0.917,0.048,-0.325,5.04,-7.84,-6.93
509169.937000,-0.895,-0.016,-0.391,-8.06,-4.0,6.13
509169.984000,-0.92,-0.037,-0.391,-6.16,2.81,6.68
509170.046000,-0.969,-0.036,-0.368,11.54,6.81,5.46
509170.093000,-0.955,-0.017,-0.355,13.82,5.58,2.41
509170.140000,-0.938,0.012,-0.337,4.61,0.61,3.88
509170.187000,-0.912,0.016,-0.347,-3.6,-2.41,11.66
509170.234000,-0.902,-0.012,-0.385,-13.49,-3.6,20.54
509170.281000,-0.914,-0.054,-0.41,-18.68,0.64,21.52
509170.328000,-0.978,-0.065,-0.389,-0.4,11.75,15.17
509170.375000,-0.969,-0.069,-0.375,4.15,11.23,10.38
509170.421000,-0.93,-0.037,-0.331,8.73,10.07,-3.69
509170.468000,-0.912,-0.001,-0.316,3.72,6.38,-4.64
509170.515000,-0.918,0.023,-0.303,2.23,0.12,2.93
509170.562000,-0.909,0.009,-0.376,-18.95,-9.28,12.73
509170.609000,-0.91,-0.062,-0.411,-29.48,-6.44,11.66
509170.656000,-0.925,-0.075,-0.412,-18.92,0.98,3.33
509170.703000,-0.944,-0.041,-0.411,-0.43,7.51,-8.45
509170.750000,-0.931,-0.032,-0.402,0.15,10.38,-13.64
509170.796000,-0.919,-0.007,-0.349,5.77,13.4,-20.11
509170.843000,-0.896,0.004,-0.309,3.3,7.9,-20.78
509170.890000,-0.923,0.055,-0.309,12.94,5.71,-14.53
509170.937000,-0.887,0.018,-0.355,-16.24,-9.8,2.35
509170.984000,-0.886,-0.021,-0.41,-23.1,-10.25,4.24
509171.031000,-0.912,-0.041,-0.417,-18.04,-2.01,0.55
509171.078000,-0.955,-0.024,-0.379,5.71,8.3,-3.17
509171.125000,-0.93,-0.018,-0.343,2.75,5.95,-6.29
509171.171000,-0.926,0.01,-0.339,1.5,3.85,-7.08
509171.218000,-0.918,0.009,-0.318,-1.89,2.99,-2.41
509171.265000,-0.938,0.019,-0.279,5.95,-1.56,4.64
509171.312000,-0.932,0.028,-0.331,-8.64,-13.37,15.05
509171.359000,-0.9,-0.037,-0.406,-39.06,-16.75,17.82
509171.406000,-0.911,-0.073,-0.437,-37.26,-0.4,13.06
509171.453000,-0.943,-0.094,-0.398,-15.84,11.23,10.04
509171.500000,-0.96,-0.095,-0.384,2.93,14.04,1.53
509171.546000,-0.968,-0.06,-0.353,9.49,17.46,-15.23
509171.593000,-0.948,-0.039,-0.335,8.91,12.12,-23.71
509171.640000,-0.944,0.015,-0.382,12.97,8.7,-27.31
509171.687000,-0.954,0.062,-0.405,8.7,9.06,-13.61
509171.750000,-0.884,0.001,-0.489,-0.37,4.15,-6.47
509171.796000,-0.883,-0.035,-0.473,6.84,19.5,-12.51
509171.843000,-0.932,0.001,-0.458,32.99,11.35,-19.14
509171.890000,-0.913,0.013,-0.432,45.38,6.84,-23.59
509171.937000,-0.844,0.069,-0.409,37.08,1.8,-26.67
509171.984000,-0.739,0.084,-0.41,0.55,-15.14,-15.14
509172.031000,-0.738,0.021,-0.475,-23.07,-21.24,1.62
509172.078000,-0.899,0.018,-0.545,-25.33,-10.71,22.52
509172.125000,-0.908,-0.236,-0.576,-28.29,-0.21,26.92
509172.171000,-0.91,-0.366,-0.398,18.98,9.49,-17.52
509172.218000,-0.971,-0.118,-0.391,71.87,11.63,-26.49
509172.281000,-0.881,-0.093,-0.367,55.6,-3.51,-8.09
509172.328000,-0.849,-0.065,-0.352,25.27,-2.14,-0.4
509172.390000,-0.888,-0.027,-0.344,8.3,-9.89,22.0
509172.437000,-0.916,-0.054,-0.368,-10.44,-13.98,40.28
509172.484000,-0.927,-0.074,-0.358,-17.52,-14.74,42.24
509172.531000,-0.943,-0.072,-0.376,-21.7,-16.57,42.66
509172.578000,-0.955,-0.101,-0.377,-24.38,-15.26,42.12
509172.625000,-0.982,-0.108,-0.353,-17.3,-7.02,32.56
509172.671000,-0.976,-0.113,-0.327,-17.88,-8.06,23.44
509172.718000,-0.955,-0.109,-0.346,-21.45,-9.4,10.1
509172.765000,-0.957,-0.107,-0.363,-24.32,-5.4,3.17
509172.812000,-0.942,-0.111,-0.351,-10.1,2.23,-3.27
509172.859000,-0.924,-0.122,-0.335,-1.95,8.09,-10.41
509172.906000,-0.946,-0.1,-0.303,13.34,14.68,-19.56
509172.953000,-0.99,-0.03,-0.252,31.56,14.8,-22.98
509173.000000,-0.998,0.014,-0.246,33.36,7.78,-16.42
509173.046000,-0.933,-0.025,-0.308,-3.78,-6.9,-10.65
509173.093000,-0.934,-0.069,-0.341,-20.78,-1.59,-18.34
509173.140000,-0.956,-0.056,-0.339,-7.6,4.49,-23.19
509173.187000,-0.96,-0.026,-0.326,13.09,2.47,-23.8
509173.234000,-0.954,0.013,-0.358,6.99,-0.18,-21.85
509173.281000,-0.914,0.003,-0.34,11.11,2.96,-16.27
509173.328000,-0.924,0.023,-0.327,12.91,3.75,-10.56
509173.390000,-0.915,0.023,-0.337,4.03,-0.95,4.12
509173.437000,-0.919,0.0,-0.344,1.1,-0.76,11.78
509173.484000,-0.946,-0.008,-0.344,4.33,-0.98,20.42
509173.531000,-0.945,-0.029,-0.333,8.15,-3.36,24.2
509173.578000,-0.928,-0.036,-0.35,6.13,-6.65,25.42
509173.625000,-0.927,-0.053,-0.374,0.73,-4.7,23.5
509173.671000,-0.945,-0.058,-0.359,8.09,-2.23,21.39
509173.718000,-0.944,-0.05,-0.364,16.14,-4.21,18.8
509173.765000,-0.934,-0.036,-0.363,12.79,-3.08,14.86
509173.812000,-0.923,-0.039,-0.367,9.58,-3.57,13.95
509173.859000,-0.91,-0.045,-0.358,8.61,-1.37,12.12
509173.906000,-0.906,-0.057,-0.348,3.51,-2.5,8.91
509173.953000,-0.905,-0.058,-0.373,3.54,-2.53,4.55
509174.000000,-0.914,-0.046,-0.36,0.06,0.21,-0.06
509174.046000,-0.93,-0.045,-0.31,-0.98,-0.79,-1.37
509174.093000,-0.916,-0.042,-0.302,1.28,-5.55,-3.27
509174.140000,-0.886,-0.02,-0.294,-15.44,-7.57,-5.58
509174.187000,-0.936,0.007,-0.303,-25.06,-4.09,0.03
509174.234000,-0.989,-0.032,-0.293,-28.32,-0.12,11.44
509174.296000,-0.994,-0.117,-0.253,-5.55,1.89,14.56
509174.343000,-0.991,-0.128,-0.206,22.28,0.0,-2.11
509174.390000,-0.992,-0.045,-0.244,19.47,-5.62,-16.63
509174.437000,-0.986,-0.022,-0.256,4.61,-2.41,-20.97
509174.484000,-0.965,-0.017,-0.213,5.92,-1.56,-15.84
509174.531000,-0.989,-0.031,-0.305,-9.16,-3.63,-13.37
509174.578000,-1.047,-0.061,-0.313,-7.14,6.99,-18.8
509174.625000,-1.041,-0.047,-0.25,15.99,8.73,-30.18
509174.671000,-0.93,-0.033,-0.228,11.44,1.07,-39.31
509174.718000,-0.922,0.06,-0.2,28.11,3.85,-38.27
509174.765000,-0.84,0.081,-0.231,-2.78,-3.02,-13.43
509174.812000,-0.934,0.151,-0.223,12.36,5.83,12.57
509174.859000,-0.97,0.096,-0.302,-29.88,-2.75,60.37
509174.906000,-1.081,-0.052,-0.346,-46.39,3.69,84.32
509174.953000,-1.011,-0.205,-0.207,-15.72,3.2,67.78
509175.000000,-0.987,-0.118,-0.292,4.85,-9.25,29.27
509175.046000,-1.014,-0.036,-0.361,-17.91,-6.9,8.88
509175.093000,-0.986,0.009,-0.354,0.49,1.4,10.53
509175.140000,-0.886,-0.073,-0.448,-32.23,-9.37,9.25
509175.187000,-0.866,-0.137,-0.373,-5.74,13.79,-14.19
509175.234000,-0.999,0.062,-0.318,79.81,38.94,-22.68
509175.281000,-0.943,0.105,-0.355,47.64,14.59,-11.26
509175.328000,-0.883,-0.013,-0.354,0.64,6.74,-18.89
509175.375000,-0.921,0.071,-0.333,29.69,23.8,-26.55
509175.421000,-0.909,0.082,-0.314,20.2,7.97,-19.14
509175.468000,-0.913,0.068,-0.337,21.45,-0.61,-16.85
509175.515000,-0.92,0.095,-0.357,7.42,-7.66,-15.02
509175.562000,-0.883,0.082,-0.391,-15.17,-20.23,-5.8
509175.609000,-0.953,0.069,-0.491,-33.6,-19.5,2.72
509175.656000,-0.892,-0.07,-0.44,-42.73,-7.9,7.54
509175.703000,-0.907,-0.086,-0.422,-8.88,0.27,-3.42
509175.750000,-0.938,-0.019,-0.392,19.1,10.47,-10.35
509175.796000,-0.928,0.019,-0.321,35.16,12.27,-6.47
509175.843000,-0.906,0.029,-0.286,31.86,8.58,-1.19
509175.890000,-0.934,0.026,-0.295,7.97,4.91,5.74
509175.937000,-0.96,-0.001,-0.287,-8.15,3.39,12.36
509175.984000,-0.941,-0.042,-0.276,-12.76,-1.04,17.82
509176.031000,-0.931,-0.07,-0.287,-15.38,-4.49,17.46
509176.078000,-0.936,-0.079,-0.288,-9.4,-2.99,10.93
509176.125000,-0.967,-0.056,-0.28,-1.01,-2.26,6.29
509176.171000,-0.962,-0.064,-0.313,-5.65,-6.53,6.07
509176.218000,-0.945,-0.104,-0.312,-10.99,-6.59,-0.79
509176.265000,-0.975,-0.065,-0.297,8.33,-1.5,-15.72
509176.312000,-0.991,0.025,-0.322,-2.23,-7.45,-10.19
509176.375000,-0.9,-0.066,-0.363,-16.54,-8.36,-6.78
509176.421000,-0.917,-0.071,-0.347,-7.72,5.92,-16.88
509176.468000,-1.002,0.037,-0.298,28.63,9.16,-13.7
509176.515000,-0.943,0.015,-0.35,-6.2,-5.65,-8.09
509176.562000,-0.923,-0.057,-0.359,-16.08,1.28,-11.6
509176.609000,-0.947,-0.016,-0.293,12.48,13.58,-12.91
509176.656000,-0.931,0.021,-0.325,5.58,1.34,0.31
509176.703000,-0.919,-0.044,-0.328,-0.34,1.1,3.48
509176.750000,-0.93,-0.031,-0.294,15.53,6.1,2.69
509176.796000,-0.957,0.013,-0.292,13.12,-0.95,8.64
509176.843000,-0.924,-0.033,-0.335,-8.21,-6.71,11.75
509176.890000,-0.921,-0.069,-0.354,-14.77,-2.29,10.16
509176.937000,-0.926,-0.09,-0.316,-2.93,0.89,6.62
509176.984000,-0.969,-0.015,-0.289,18.25,3.23,4.64
509177.031000,-0.942,-0.039,-0.357,-19.44,-8.61,13.43
509177.078000,-0.91,-0.111,-0.382,-23.26,-4.55,10.65
509177.125000,-0.946,-0.137,-0.356,0.18,10.13,-3.97
509177.171000,-1.009,-0.071,-0.299,35.04,15.84,-14.68
509177.218000,-1.011,0.053,-0.258,46.14,8.82,-13.64
509177.265000,-0.862,0.021,-0.354,-24.54,-17.24,2.35
509177.312000,-0.848,-0.084,-0.403,-41.41,-4.88,5.04
509177.359000,-0.944,-0.092,-0.355,-4.3,19.56,2.47
509177.421000,-1.018,-0.049,-0.294,36.35,18.8,0.73
509177.468000,-0.976,-0.005,-0.266,23.68,1.07,-3.3
509177.515000,-0.897,0.01,-0.345,-12.3,-11.26,-1.4
509177.562000,-0.871,-0.056,-0.384,-29.97,-7.57,5.1
509177.609000,-0.923,-0.087,-0.362,-3.11,9.61,4.09
509177.656000,-0.966,-0.06,-0.314,23.68,13.89,1.22
509177.703000,-0.98,-0.003,-0.259,31.46,5.4,-1.83
509177.750000,-0.921,0.035,-0.346,-0.92,-13.95,5.65
509177.812000,-0.876,-0.065,-0.396,-33.69,-9.09,6.78
509177.859000,-0.945,-0.071,-0.324,4.73,10.32,1.07
509177.921000,-0.968,0.002,-0.321,14.44,-0.31,4.03
509177.968000,-0.915,-0.039,-0.356,-9.25,-7.97,3.11
509178.015000,-0.923,-0.057,-0.368,0.06,-0.46,3.45
509178.078000,-0.943,-0.064,-0.348,9.83,4.06,0.64
509178.140000,-0.964,-0.027,-0.318,13.09,3.27,-6.87
509178.187000,-0.939,-0.008,-0.323,7.84,-1.37,-4.03
509178.234000,-0.904,-0.034,-0.342,6.13,0.43,-2.66
509178.281000,-0.919,-0.023,-0.336,9.06,3.69,-3.36
509178.328000,-0.951,-0.004,-0.314,11.99,5.19,-0.31
509178.375000,-0.944,-0.001,-0.291,9.19,0.82,1.92
509178.421000,-0.941,0.013,-0.299,-0.67,-3.91,5.74
509178.468000,-0.901,-0.035,-0.34,-23.9,-12.85,12.42
509178.515000,-0.91,-0.068,-0.381,-24.48,-7.81,13.31
509178.562000,-0.93,-0.093,-0.373,-17.46,0.06,10.38
509178.609000,-0.944,-0.107,-0.342,-5.28,0.79,4.33
509178.656000,-0.966,-0.041,-0.352,-4.91,-3.23,-3.14
509178.703000,-0.921,-0.074,-0.369,-14.37,-4.97,-3.6
509178.750000,-0.911,-0.079,-0.364,-7.39,4.21,-8.61
509178.796000,-0.944,-0.067,-0.327,-0.58,9.25,-9.77
509178.843000,-0.928,-0.058,-0.302,1.56,7.35,-13.0
509178.890000,-0.929,-0.045,-0.299,0.46,8.73,-14.47
509178.937000,-0.94,-0.038,-0.266,3.88,9.16,-14.44
509178.984000,-0.971,-0.016,-0.253,14.71,8.3,-10.83
509179.031000,-0.974,-0.025,-0.311,0.73,1.53,-7.78
509179.078000,-0.952,-0.064,-0.359,-14.71,-0.12,-13.18
509179.140000,-0.951,0.028,-0.437,-3.75,14.53,-15.41
509179.187000,-0.931,0.117,-0.488,-47.18,32.99,-21.76
509179.234000,-0.95,0.163,-0.426,-53.77,44.8,-12.15
509179.281000,-0.905,0.172,-0.489,-115.63,40.65,-3.69
509179.328000,-0.879,0.067,-0.428,-107.91,16.05,17.58
509179.375000,-0.829,0.066,-0.535,-155.92,11.99,3.6
509179.421000,-0.771,0.056,-0.499,-107.61,4.46,8.58
509179.468000,-0.826,0.124,-0.384,-102.11,15.2,-13.64
509179.515000,-0.886,0.125,-0.291,-61.19,-8.42,-1.19
509179.562000,-0.914,0.245,-0.34,-72.18,-26.52,-21.64
509179.609000,-0.875,0.143,-0.379,-71.38,-48.86,-8.64
509179.656000,-0.867,0.117,-0.384,-55.45,-45.5,-11.38
509179.703000,-0.964,0.113,-0.353,-13.49,-32.04,-14.47
509179.750000,-0.998,0.231,-0.388,3.69,-27.47,-13.58
509179.796000,-0.986,0.215,-0.351,-14.98,-22.1,-4.46
509179.843000,-0.914,0.203,-0.37,-10.56,-14.4,2.84
509179.890000,-0.95,0.181,-0.307,-18.77,9.0,6.59
509179.937000,-1.034,0.188,-0.283,7.17,17.37,17.58
509179.984000,-0.984,0.129,-0.232,9.89,10.5,14.92
509180.031000,-0.852,0.185,-0.311,11.51,10.13,0.7
509180.078000,-0.882,0.247,-0.257,5.46,22.74,-8.06
509180.125000,-0.951,0.288,-0.243,16.66,14.19,7.42
509180.171000,-0.971,0.205,-0.214,-12.67,9.16,4.06
509180.218000,-0.911,0.195,-0.215,-11.32,-3.11,-1.46
509180.265000,-0.828,0.239,-0.278,-13.76,-2.75,-15.17
509180.312000,-0.892,0.285,-0.24,5.43,1.22,-13.89
509180.359000,-0.917,0.309,-0.237,9.16,-2.72,-5.83
509180.406000,-0.999,0.283,-0.262,-12.05,-6.5,-6.44
509180.453000,-0.959,0.276,-0.253,-0.7,-8.82,-3.42
509180.515000,-0.922,0.262,-0.3,2.69,-5.16,-2.11
509180.562000,-0.938,0.224,-0.268,-0.55,-0.64,5.55
509180.609000,-0.934,0.204,-0.262,3.88,-3.27,6.96
509180.656000,-0.928,0.183,-0.29,5.95,-2.47,5.46
509180.703000,-0.934,0.197,-0.298,0.79,0.15,0.67
509180.750000,-0.918,0.193,-0.284,-2.87,0.89,-1.1
509180.796000,-0.942,0.199,-0.278,2.35,1.28,0.46
509180.843000,-0.927,0.215,-0.295,2.53,0.27,-1.98
509180.890000,-0.921,0.214,-0.27,-2.26,6.2,-0.98
509180.937000,-0.937,0.227,-0.261,0.92,-0.64,-1.56
509180.984000,-0.936,0.207,-0.268,-3.33,3.97,-1.1
509181.031000,-0.943,0.22,-0.243,-6.62,1.43,-4.36
509181.078000,-0.925,0.219,-0.28,1.74,-0.06,0.76
509181.125000,-0.937,0.23,-0.255,-9.43,0.15,-4.91
509181.171000,-0.929,0.211,-0.294,3.45,-0.95,4.09
509181.218000,-0.932,0.205,-0.263,-12.05,3.45,-3.72
509181.265000,-0.931,0.221,-0.267,7.32,0.15,0.76
509181.312000,-0.939,0.223,-0.266,-9.89,2.32,-2.26
509181.359000,-0.928,0.21,-0.249,4.33,0.52,1.95
509181.406000,-0.936,0.225,-0.253,-6.23,2.08,-0.09
509181.453000,-0.937,0.21,-0.242,-2.5,-4.49,0.67
509181.500000,-0.928,0.215,-0.265,1.68,-1.43,3.02
509181.546000,-0.948,0.216,-0.232,-8.42,-3.81,-1.31
509181.593000,-0.93,0.218,-0.262,2.32,-4.3,1.56
509181.640000,-0.941,0.218,-0.233,-6.62,-4.52,-0.61
509181.687000,-0.934,0.222,-0.261,4.12,-5.25,3.17
509181.734000,-0.936,0.228,-0.257,-9.58,-4.39,-1.95
509181.781000,-0.941,0.225,-0.262,3.05,-4.67,1.89
509181.828000,-0.923,0.205,-0.262,-9.0,-2.2,-3.02
509181.875000,-0.922,0.216,-0.287,0.52,-1.4,0.15
509181.921000,-0.926,0.193,-0.293,-1.68,3.94,-0.89
509181.968000,-0.918,0.22,-0.323,15.81,4.91,1.53
509182.015000,-0.884,0.185,-0.378,11.23,5.31,1.1
509182.062000,-0.907,0.199,-0.577,22.34,16.69,7.78
509182.109000,-0.854,0.117,-0.636,14.77,38.97,-0.58
509182.156000,-0.944,0.149,-0.809,-1.8,52.95,-17.52
509182.203000,-1.004,0.061,-1.039,-21.73,70.35,-20.72
509182.250000,-1.053,0.004,-1.071,13.4,104.86,-39.12
509182.296000,-1.235,0.018,-1.113,75.05,146.46,-41.96
509182.343000,-1.247,-0.035,-1.076,82.19,159.06,-43.15
509182.390000,-1.236,0.038,-1.23,46.63,163.15,-67.35
509182.437000,-1.236,0.041,-1.083,64.24,184.79,-60.76
509182.484000,-1.13,-0.012,-1.041,37.23,181.65,-63.39
509182.531000,-0.914,-0.079,-1.067,107.85,138.13,-23.22
509182.578000,-0.739,-0.081,-0.908,37.11,143.77,-43.73
509182.625000,-0.551,-0.131,-0.921,-2.26,151.28,-35.16
509182.671000,-0.457,-0.181,-0.803,-17.91,173.38,-37.97
509182.718000,-0.27,-0.177,-0.6,-17.27,179.97,-30.58
509182.765000,-0.078,-0.108,-0.337,12.02,165.72,-26.37
509182.812000,0.074,-0.06,-0.224,0.92,142.37,-17.4
509182.859000,0.188,-0.051,-0.247,-21.7,102.08,-17.85
509182.906000,0.377,-0.077,-0.242,-32.56,80.39,-7.35
509182.953000,0.41,-0.081,-0.27,-39.37,47.43,1.59
509183.000000,0.515,-0.151,-0.383,-15.41,10.56,14.28
509183.046000,0.598,-0.174,-0.489,11.93,0.06,5.22
509183.093000,0.589,-0.136,-0.596,21.12,6.16,-2.78
509183.140000,0.574,-0.163,-0.6,-14.62,-7.72,7.81
509183.187000,0.615,-0.222,-0.761,-16.14,-21.82,13.67
509183.234000,0.581,-0.236,-0.798,-17.4,-18.46,11.69
509183.281000,0.568,-0.269,-0.771,-7.93,-13.82,8.15
509183.328000,0.576,-0.234,-0.824,-3.63,-9.03,5.19
509183.375000,0.547,-0.236,-0.776,-6.32,-2.44,2.11
509183.421000,0.554,-0.221,-0.752,-0.98,-5.34,-0.15
509183.468000,0.552,-0.208,-0.781,-6.99,-8.06,1.95
509183.515000,0.561,-0.229,-0.768,-1.31,-7.84,-0.52
509183.562000,0.551,-0.191,-0.819,-3.08,-6.81,0.34
509183.609000,0.549,-0.214,-0.856,-6.32,-7.66,3.54
509183.656000,0.522,-0.208,-0.82,1.28,0.58,0.37
509183.703000,0.515,-0.209,-0.779,1.5,-1.59,1.25
509183.750000,0.497,-0.178,-0.728,3.81,-7.9,-3.3
509183.796000,0.482,-0.161,-0.689,0.67,-12.12,-3.33
509183.843000,0.436,-0.153,-0.597,10.22,-22.71,-0.64
509183.890000,0.399,-0.092,-0.632,11.63,-33.45,-5.46
509183.937000,0.474,0.034,-0.622,-0.64,-53.35,-25.91
509183.984000,0.255,-0.001,-0.567,-18.46,-24.2,23.16
509184.031000,0.128,-0.118,-0.313,-23.74,-37.97,16.51
509184.078000,-0.081,-0.054,-0.401,-81.58,-115.91,-5.62
509184.125000,-0.1,-0.301,-0.399,-9.8,-159.37,-13.82
509184.171000,-0.376,-0.154,-0.534,78.34,-167.7,-19.5
509184.218000,-0.282,-0.249,-0.677,-15.63,-187.84,-26.28
509184.265000,-0.632,-0.112,-0.837,0.55,-203.22,-8.64
509184.312000,-0.592,-0.255,-0.901,-3.45,-209.36,18.22
509184.359000,-0.937,-0.104,-1.24,-18.89,-196.45,26.92
509184.406000,-0.919,-0.219,-0.893,-4.09,-197.55,39.61
509184.453000,-1.14,-0.009,-1.17,46.11,-163.58,43.79
509184.500000,-1.029,-0.119,-0.982,-88.26,-132.76,39.22
509184.546000,-1.153,-0.026,-0.757,-10.25,-74.4,9.55
509184.593000,-1.23,0.142,-0.766,-32.2,-121.37,6.29
509184.640000,-1.159,0.077,-0.96,2.53,-84.69,46.39
509184.687000,-1.119,0.023,-0.665,-43.18,-63.88,41.05
509184.734000,-1.036,0.127,-0.654,9.77,-37.57,35.31
509184.781000,-1.109,0.124,-0.523,-53.53,-30.61,18.74
509184.828000,-0.973,0.165,-0.543,-1.92,-57.16,26.58
509184.875000,-0.952,0.144,-0.449,-50.14,-20.87,10.93
509184.921000,-0.944,0.134,-0.369,-10.28,-11.63,6.65
509184.968000,-0.942,0.184,-0.354,-2.87,4.7,0.79
509185.031000,-0.93,0.186,-0.292,0.58,6.93,0.03
509185.078000,-0.939,0.166,-0.277,-5.19,10.59,1.37
509185.125000,-0.956,0.156,-0.251,-1.46,12.76,2.41
509185.171000,-0.958,0.178,-0.23,5.19,18.86,-0.7
509185.218000,-0.968,0.199,-0.209,-0.06,17.4,-3.45
509185.265000,-0.985,0.256,-0.222,-7.39,17.43,-3.05
509185.312000,-0.945,0.191,-0.182,-18.89,8.42,3.23
509185.359000,-0.933,0.185,-0.253,17.18,4.55,3.94
509185.406000,-0.945,0.214,-0.236,-2.01,7.26,0.58
509185.453000,-0.942,0.169,-0.244,-13.4,-0.12,1.68
509185.500000,-0.946,0.185,-0.245,-12.94,-0.85,1.5
509185.562000,-0.948,0.174,-0.254,1.07,-0.82,1.74
509185.609000,-0.948,0.18,-0.248,1.92,-0.58,1.46
509185.656000,-0.931,0.193,-0.252,2.08,-1.86,-1.16
509185.703000,-0.943,0.188,-0.251,-2.72,1.19,-1.28
509185.750000,-0.949,0.211,-0.261,6.87,0.21,0.85
509185.796000,-0.93,0.197,-0.238,-1.53,-0.09,-1.92
509185.843000,-0.944,0.219,-0.256,6.99,1.13,2.2
509185.890000,-0.936,0.192,-0.244,-1.74,-1.5,1.95
509185.937000,-0.94,0.226,-0.259,7.66,-1.01,2.66
509185.984000,-0.934,0.185,-0.241,-5.77,-2.41,2.56
509186.031000,-0.941,0.202,-0.261,4.3,-4.06,3.05
509186.078000,-0.935,0.194,-0.253,-4.61,-0.98,-0.52
509186.125000,-0.938,0.186,-0.254,5.65,-1.62,2.59
509186.171000,-0.937,0.193,-0.253,-2.96,0.49,-0.76
509186.218000,-0.944,0.209,-0.25,6.44,-1.43,-0.67
509186.265000,-0.932,0.194,-0.261,-4.12,-1.16,-0.46
509186.312000,-0.934,0.192,-0.252,2.81,-0.98,0.37
509186.359000,-0.939,0.205,-0.26,-2.53,-0.31,-0.52
509186.406000,-0.926,0.2,-0.243,-0.85,-0.46,-0.37
509186.468000,-0.917,0.176,-0.245,-5.49,-0.95,-1.34
509186.515000,-0.882,0.182,-0.343,-4.49,-2.29,-0.27
509186.562000,-0.913,0.247,-0.464,-2.96,-2.38,-5.43
509186.609000,-0.923,0.185,-0.678,-3.78,15.08,-4.85
509186.656000,-0.95,0.216,-0.887,16.27,25.73,0.21
509186.703000,-0.99,0.204,-1.064,7.93,74.34,6.56
509186.750000,-1.077,0.17,-1.061,-4.06,112.16,7.87
509186.796000,-1.211,0.205,-1.049,7.29,144.26,0.61
509186.843000,-1.262,0.195,-1.022,2.84,159.92,1.43
509186.890000,-1.281,0.236,-0.944,18.74,178.2,-9.89
509186.937000,-1.196,0.293,-0.931,24.32,174.84,-4.15
509186.984000,-1.047,0.34,-0.898,-0.85,160.92,-12.57
509187.031000,-0.975,0.389,-0.983,-12.36,161.32,-0.46
509187.078000,-0.771,0.323,-0.878,-1.04,160.04,10.74
509187.125000,-0.584,0.291,-0.918,3.23,140.45,35.62
509187.171000,-0.481,0.253,-0.799,5.43,148.01,32.96
509187.218000,-0.303,0.207,-0.695,9.37,162.11,38.45
509187.265000,-0.131,0.069,-0.407,18.74,170.11,38.73
509187.312000,-0.034,0.088,-0.312,18.92,141.64,32.32
509187.359000,0.154,0.047,-0.294,6.84,105.01,32.99
509187.406000,0.311,0.063,-0.316,-8.21,60.7,26.18
509187.453000,0.408,0.016,-0.33,-12.15,40.47,28.87
509187.500000,0.427,-0.018,-0.374,-29.73,19.9,21.18
509187.546000,0.489,-0.02,-0.445,-7.51,-0.34,7.75
509187.593000,0.562,0.016,-0.58,1.89,-10.8,-3.45
509187.640000,0.527,0.077,-0.72,4.06,-22.71,-2.75
509187.687000,0.552,0.032,-0.794,-9.06,-13.7,-1.5
509187.734000,0.502,0.063,-0.827,9.03,-13.09,-6.47
509187.781000,0.524,0.081,-0.855,2.17,-13.4,-6.04
509187.828000,0.521,0.073,-0.896,4.88,-9.83,-4.3
509187.875000,0.479,0.063,-0.864,11.17,-8.45,-0.95
509187.921000,0.503,0.08,-0.905,-4.49,-7.29,0.73
509187.968000,0.461,0.081,-0.89,1.34,-4.79,1.95
509188.015000,0.486,0.063,-0.856,2.81,-3.63,0.82
509188.078000,0.456,0.074,-0.833,-5.62,-5.4,3.33
509188.109000,0.457,0.053,-0.843,-5.19,-6.96,1.13
509188.156000,0.451,0.033,-0.76,5.74,-3.14,-0.92
509188.203000,0.426,0.077,-0.756,8.55,-10.9,-1.1
509188.250000,0.398,0.083,-0.753,4.94,-19.41,-5.49
509188.296000,0.427,0.033,-0.725,4.24,-23.83,-1.89
509188.343000,0.37,0.087,-0.866,-10.32,-38.18,-6.59
509188.390000,0.375,0.131,-0.87,-1.31,-36.9,-6.41
509188.437000,0.38,0.035,-0.845,-6.74,-27.53,-1.89
509188.484000,0.277,0.036,-0.757,-3.39,-27.86,-4.39
509188.531000,0.208,0.023,-0.604,25.33,-39.92,-11.11
509188.578000,0.227,0.005,-0.614,-15.72,-64.21,-19.41
509188.625000,0.003,-0.067,-0.338,6.23,-47.27,-21.94
509188.671000,-0.058,0.073,-0.389,8.15,-94.67,-49.1
509188.718000,-0.214,0.058,-0.372,53.93,-110.97,-17.67
509188.765000,-0.416,0.122,-0.695,8.06,-160.56,-32.44
509188.812000,-0.498,0.028,-0.824,-55.12,-174.93,-25.3
509188.859000,-0.77,0.138,-0.936,12.88,-165.56,-22.86
509188.906000,-0.802,-0.07,-0.907,43.09,-148.29,11.69
509188.953000,-1.015,0.096,-1.073,12.33,-160.95,-0.37
509189.000000,-0.964,-0.027,-0.986,16.05,-157.93,25.97
509189.046000,-1.058,0.024,-1.03,-43.52,-136.17,5.86
509189.093000,-1.035,-0.03,-0.882,-33.17,-149.21,10.19
509189.140000,-1.28,0.151,-0.817,54.08,-109.47,18.71
509189.187000,-1.205,0.113,-0.794,38.18,-96.01,42.15
509189.234000,-1.061,0.31,-0.833,-48.68,-131.66,20.97
509189.281000,-0.987,0.116,-0.758,-25.3,-54.45,60.88
509189.328000,-1.008,0.024,-0.468,-85.97,-47.43,2.9
509189.375000,-0.998,0.081,-0.535,-9.34,-51.21,6.74
509189.421000,-0.925,0.093,-0.495,-31.74,-19.56,-20.66
509189.468000,-0.917,0.17,-0.446,3.88,-8.18,-21.49
509189.515000,-0.897,0.212,-0.433,31.43,4.97,-6.74
509189.562000,-0.953,0.254,-0.358,-1.74,16.97,-7.51
509189.609000,-0.981,0.204,-0.256,-19.87,19.2,-1.04
509189.656000,-0.973,0.147,-0.168,-25.45,11.72,0.61
509189.703000,-0.966,0.137,-0.149,-12.42,8.09,-1.74
509189.765000,-0.967,0.156,-0.143,1.46,7.93,1.34
509189.812000,-0.97,0.135,-0.15,-9.61,-1.62,0.4
509189.859000,-0.953,0.168,-0.224,7.9,-1.46,1.46
509189.906000,-0.96,0.149,-0.216,-3.72,-1.16,0.37
509189.953000,-0.961,0.176,-0.24,7.81,1.04,2.66
509190.000000,-0.942,0.141,-0.228,-1.34,-0.98,1.16
509190.046000,-0.948,0.157,-0.246,-2.81,0.27,2.04
509190.093000,-0.952,0.154,-0.243,-4.39,1.71,-0.7
509190.140000,-0.951,0.158,-0.233,-4.24,3.3,2.08
509190.187000,-0.948,0.155,-0.226,-6.93,2.44,-0.21
509190.234000,-0.956,0.184,-0.225,2.04,1.56,1.95
509190.281000,-0.955,0.152,-0.221,1.43,1.13,2.26
509190.328000,-0.963,0.169,-0.224,5.92,0.43,1.34
509190.375000,-0.94,0.176,-0.244,1.95,-0.27,1.71
509190.421000,-0.944,0.166,-0.24,1.98,-0.46,2.23
509190.468000,-0.952,0.167,-0.229,-5.16,1.71,-0.4
509190.515000,-0.951,0.156,-0.242,2.96,0.58,1.65
509190.562000,-0.946,0.187,-0.228,-0.55,3.69,-1.89
509190.609000,-0.949,0.163,-0.216,-2.56,1.07,0.95
509190.656000,-0.955,0.168,-0.24,-2.38,0.46,0.12
509190.718000,-0.947,0.168,-0.234,-0.61,1.1,0.15
509190.781000,-0.949,0.176,-0.24,-2.72,0.46,-1.25
509190.828000,-0.95,0.155,-0.228,-3.81,1.01,1.19
509190.875000,-0.958,0.193,-0.234,0.21,1.43,-1.22
509190.921000,-0.954,0.179,-0.226,-0.79,-0.03,1.1
509190.968000,-0.939,0.161,-0.236,-0.18,-1.07,0.37
509191.015000,-0.961,0.171,-0.234,-2.26,0.03,0.09
509191.062000,-0.951,0.173,-0.239,-2.66,-0.79,-0.92
509191.109000,-0.949,0.178,-0.232,-3.63,0.49,-0.37
509191.156000,-0.955,0.168,-0.224,-2.29,0.52,1.19
509191.203000,-0.954,0.177,-0.229,-3.97,-1.04,-0.64
509191.250000,-0.951,0.181,-0.226,-2.08,0.76,1.74
509191.296000,-0.947,0.161,-0.219,-4.73,-0.79,-0.31
509191.343000,-0.95,0.181,-0.23,0.24,0.73,2.69
509191.390000,-0.958,0.16,-0.213,-6.59,0.31,0.03
509191.437000,-0.947,0.161,-0.237,-1.37,-0.64,-0.37
509191.484000,-0.961,0.179,-0.221,-3.42,2.17,-0.7
509191.531000,-0.944,0.176,-0.218,-4.09,-0.34,-0.98
509191.578000,-0.939,0.164,-0.241,-6.87,1.53,-1.62
509191.625000,-0.948,0.192,-0.274,-16.08,4.27,-1.25
509191.671000,-0.918,0.159,-0.27,-18.13,5.55,1.37
509191.718000,-0.927,0.179,-0.318,-30.15,4.85,-4.09
509191.765000,-0.914,0.289,-0.477,-39.25,-10.8,-20.91
509191.812000,-0.928,0.291,-0.635,-65.58,2.47,-5.52
509191.859000,-0.992,0.333,-0.893,-1.92,-7.9,-14.53
509191.906000,-1.043,0.382,-1.097,5.4,84.29,11.05
509191.953000,-1.241,0.309,-0.959,-9.16,135.9,32.72
509192.000000,-1.346,0.325,-1.01,-13.09,152.32,40.89
509192.046000,-1.4,0.282,-0.948,5.49,185.8,49.68
509192.093000,-1.387,0.359,-0.917,20.26,201.82,26.98
509192.140000,-1.34,0.49,-0.863,-7.35,198.4,23.38
509192.187000,-1.117,0.522,-0.921,-10.01,197.3,39.43
509192.234000,-0.932,0.455,-0.859,-51.58,194.16,56.28
509192.281000,-0.737,0.441,-0.804,-2.26,187.69,68.91
509192.328000,-0.571,0.438,-0.796,-25.54,178.32,77.18
509192.375000,-0.446,0.32,-0.487,9.22,186.19,79.47
509192.421000,-0.166,0.136,-0.259,32.59,157.05,84.02
509192.468000,0.026,0.131,-0.263,20.78,133.03,62.35
509192.515000,0.147,0.026,-0.094,19.71,104.28,57.13
509192.562000,0.328,0.06,-0.216,20.6,42.6,40.68
509192.609000,0.438,0.065,-0.27,10.53,20.2,31.25
509192.656000,0.479,0.076,-0.408,-3.66,-0.64,18.19
509192.703000,0.531,0.088,-0.506,1.68,-12.02,12.76
509192.750000,0.588,0.086,-0.697,4.3,-15.32,11.35
509192.796000,0.551,0.148,-0.677,-14.34,-8.39,-11.69
509192.843000,0.584,0.201,-0.697,-15.59,-26.89,-3.85
509192.906000,0.55,0.162,-0.818,-5.89,-32.17,3.33
509192.953000,0.576,0.161,-0.939,11.87,-17.85,0.61
509193.000000,0.5,0.165,-0.87,-0.92,-1.13,0.21
509193.046000,0.521,0.191,-0.861,2.96,-5.74,-1.92
509193.109000,0.499,0.17,-0.82,1.37,-3.6,1.59
509193.156000,0.497,0.177,-0.837,7.14,-3.45,-0.76
509193.203000,0.484,0.167,-0.795,-0.64,-0.55,0.0
509193.250000,0.495,0.164,-0.808,2.2,-6.23,0.89
509193.296000,0.479,0.171,-0.828,-5.31,-5.98,-0.12
509193.343000,0.49,0.185,-0.844,-3.85,-7.72,-4.12
509193.390000,0.494,0.177,-0.856,-2.29,-2.29,-0.52
509193.437000,0.482,0.226,-0.851,0.7,-3.51,-2.2
509193.484000,0.473,0.177,-0.795,-3.2,-0.06,0.67
509193.531000,0.472,0.193,-0.819,-5.22,-6.1,0.18
509193.578000,0.477,0.166,-0.768,-2.44,-5.25,-2.26
509193.625000,0.471,0.214,-0.79,0.85,-8.73,-4.82
509193.671000,0.475,0.214,-0.863,-2.01,-12.39,-1.74
509193.718000,0.485,0.183,-0.923,-6.1,-10.71,1.01
509193.765000,0.465,0.19,-0.926,2.29,-3.88,3.6
509193.812000,0.446,0.176,-0.895,0.34,0.31,4.18
509193.859000,0.443,0.179,-0.862,0.58,-0.37,1.62
509193.906000,0.44,0.159,-0.851,-0.95,3.11,2.26
509193.953000,0.444,0.192,-0.864,1.31,-1.71,-1.74
509194.000000,0.447,0.176,-0.838,2.99,2.29,-2.81
509194.046000,0.451,0.194,-0.849,1.46,2.66,-2.81
509194.093000,0.457,0.188,-0.795,3.97,-0.61,-3.11
509194.140000,0.445,0.205,-0.819,-1.86,0.37,0.12
509194.187000,0.451,0.199,-0.814,-1.53,-5.98,-0.82
509194.234000,0.451,0.211,-0.896,-2.81,-3.85,2.04
509194.281000,0.447,0.201,-0.919,-1.77,-5.28,4.12
509194.328000,0.443,0.184,-0.899,-0.43,1.22,4.39
509194.375000,0.441,0.17,-0.864,-0.27,0.92,2.87
509194.421000,0.428,0.194,-0.842,3.08,1.22,1.07
509194.468000,0.449,0.174,-0.858,0.09,1.46,0.85
509194.515000,0.428,0.183,-0.834,2.26,1.53,1.5
509194.562000,0.449,0.182,-0.841,1.4,-1.86,0.79
509194.609000,0.441,0.168,-0.839,0.12,-0.43,1.1
509194.656000,0.439,0.179,-0.86,-1.25,-3.42,1.4
509194.703000,0.444,0.177,-0.846,0.21,-2.44,0.24
509194.750000,0.428,0.173,-0.831,-0.55,-5.01,2.87
509194.796000,0.434,0.164,-0.779,-1.4,-5.4,-1.65
509194.843000,0.411,0.135,-0.706,1.22,-6.38,-2.14
509194.890000,0.332,0.114,-0.61,9.09,-9.98,-10.28
509194.937000,0.297,-0.007,-0.377,-7.48,-1.31,-12.85
509194.984000,0.145,0.05,-0.136,1.28,-28.69,-54.93
509195.031000,-0.077,0.203,-0.223,-18.52,-70.99,-51.15
509195.078000,0.057,0.255,0.071,-46.17,-120.91,-47.61
509195.125000,-0.448,0.405,-0.184,-8.45,-178.29,-0.15
509195.171000,-0.599,0.198,-0.442,-32.96,-257.09,-12.79
509195.218000,-0.98,0.486,-0.95,-21.0,-283.49,-32.65
509195.265000,-1.167,0.336,-1.346,9.31,-228.28,-28.14
509195.312000,-1.11,0.273,-1.328,64.73,-223.88,-18.04
509195.359000,-1.16,0.148,-1.106,72.94,-173.99,-2.41
509195.406000,-1.226,0.169,-0.924,23.77,-144.78,-14.34
509195.453000,-1.189,0.232,-0.842,-46.51,-163.4,-26.49
509195.500000,-1.073,0.206,-0.838,-47.24,-96.5,-22.83
509195.546000,-1.082,0.261,-0.61,-66.44,-97.87,-32.01
509195.593000,-1.178,0.324,-0.715,-56.95,-49.29,-3.54
509195.640000,-0.992,0.246,-0.473,-25.73,-44.19,-7.6
509195.687000,-0.916,0.289,-0.518,-46.85,-40.41,-21.33
509195.734000,-1.053,0.28,-0.459,-52.46,-11.29,-13.43
509195.781000,-0.966,0.172,-0.366,-29.69,-6.23,-5.43
509195.828000,-0.917,0.326,-0.353,37.14,4.49,-15.29
509195.875000,-0.945,0.457,-0.354,11.32,16.24,-12.45
509195.921000,-0.975,0.34,-0.256,2.41,16.08,14.65
509195.968000,-0.974,0.161,-0.172,-27.31,8.48,18.19
509196.015000,-0.972,0.1,-0.134,-11.69,4.3,16.88
509196.062000,-0.978,0.089,-0.155,-11.35,1.1,10.86
509196.109000,-0.942,0.137,-0.155,5.13,-0.73,2.99
509196.156000,-0.954,0.15,-0.181,-6.01,-1.65,-0.15
509196.203000,-0.965,0.217,-0.219,4.97,-3.45,-2.08
509196.250000,-0.936,0.215,-0.206,-3.97,0.27,-6.04
509196.296000,-0.958,0.256,-0.221,-3.75,-1.89,-3.69
509196.343000,-0.934,0.239,-0.223,-6.87,0.4,-1.31
509196.390000,-0.955,0.229,-0.188,0.18,2.5,2.14
509196.453000,-0.954,0.204,-0.2,-2.01,1.86,1.4
509196.500000,-0.951,0.186,-0.176,2.87,1.25,2.78
509196.546000,-0.964,0.183,-0.184,-8.55,2.59,-0.61
509196.593000,-0.956,0.204,-0.183,4.94,1.01,0.24
509196.640000,-0.946,0.186,-0.175,-5.95,-0.82,-2.9
509196.687000,-0.961,0.226,-0.179,7.32,0.09,0.4
509196.734000,-0.959,0.207,-0.172,-4.12,1.22,-1.89
509196.781000,-0.961,0.231,-0.195,6.2,-1.31,2.75
509196.828000,-0.958,0.198,-0.195,-5.4,0.67,1.37
509196.875000,-0.948,0.204,-0.187,4.79,-0.12,1.74
509196.921000,-0.943,0.198,-0.199,-3.66,0.15,-0.73
509196.968000,-0.943,0.214,-0.193,1.89,-0.18,1.65
509197.015000,-0.918,0.186,-0.217,-6.1,-2.04,1.74
509197.062000,-0.947,0.221,-0.287,8.91,-5.49,6.5
509197.109000,-0.872,0.321,-0.358,-35.07,11.23,22.98
509197.156000,-0.947,0.268,-0.497,0.52,-2.59,29.24
509197.203000,-0.937,0.386,-0.871,-14.62,7.26,10.35
509197.250000,-1.034,0.45,-1.062,-11.38,64.76,24.93
509197.296000,-1.09,0.329,-0.882,-0.09,120.27,23.01
509197.343000,-1.195,0.407,-0.949,13.4,141.7,18.28
509197.390000,-1.262,0.413,-0.874,18.25,164.4,18.49
509197.437000,-1.283,0.417,-0.796,17.7,176.95,23.96
509197.484000,-1.209,0.463,-0.874,31.89,168.95,18.65
509197.531000,-1.131,0.586,-0.941,24.6,154.73,12.67
509197.578000,-0.974,0.545,-0.989,19.9,169.04,30.12
509197.625000,-0.906,0.575,-0.915,-6.62,189.25,31.8
509197.671000,-0.831,0.541,-0.988,-11.99,174.29,42.48
509197.718000,-0.591,0.517,-0.852,19.44,170.93,52.22
509197.765000,-0.423,0.383,-0.73,-2.32,175.76,77.12
509197.812000,-0.159,0.223,-0.518,-5.71,188.09,65.13
509197.859000,-0.054,0.113,-0.282,-14.13,174.38,64.06
509197.906000,0.109,-0.102,0.04,2.2,155.22,56.95
509197.953000,0.34,-0.06,0.142,20.48,80.51,21.67
509198.000000,0.403,-0.027,0.045,5.77,33.97,24.11
509198.046000,0.546,-0.048,-0.15,11.75,-19.01,-1.77
509198.093000,0.627,0.122,-0.406,16.45,-38.3,-14.04
509198.140000,0.73,0.061,-0.644,-7.32,-31.31,-5.1
509198.187000,0.605,0.174,-0.736,30.7,-22.92,-19.32
509198.234000,0.647,0.185,-0.829,9.16,-30.98,-6.01
509198.281000,0.598,0.224,-0.887,5.8,-25.73,-3.72
509198.343000,0.6,0.147,-0.89,1.8,-15.23,1.07
509198.390000,0.565,0.181,-0.892,10.04,-3.39,-0.09
509198.437000,0.553,0.15,-0.829,9.74,0.98,-0.73
509198.484000,0.552,0.18,-0.802,1.86,1.31,-3.05
509198.531000,0.567,0.152,-0.783,2.99,2.11,-4.09
509198.578000,0.551,0.182,-0.756,3.39,-0.95,-2.23
509198.625000,0.565,0.186,-0.808,2.75,-1.92,-5.37
509198.671000,0.536,0.194,-0.791,-0.64,6.01,-10.9
509198.718000,0.547,0.2,-0.78,-1.4,-0.79,-0.52
509198.765000,0.543,0.208,-0.778,1.56,1.01,-7.32
509198.812000,0.547,0.215,-0.763,1.68,-1.1,-0.52
509198.859000,0.53,0.208,-0.75,-0.43,-4.85,0.52
509198.906000,0.549,0.214,-0.792,1.83,-8.09,3.3
509198.953000,0.55,0.197,-0.817,-2.35,-5.34,4.09
509199.000000,0.545,0.184,-0.831,0.21,-9.64,3.66
509199.046000,0.55,0.177,-0.816,-2.72,-0.18,3.23
509199.093000,0.526,0.185,-0.805,-0.18,-1.46,4.36
509199.140000,0.534,0.16,-0.809,-0.27,-2.5,4.61
509199.203000,0.515,0.18,-0.783,1.16,-2.29,0.95
509199.250000,0.525,0.17,-0.801,-3.66,-6.78,3.14
509199.296000,0.537,0.158,-0.824,3.11,-5.13,0.09
509199.343000,0.524,0.168,-0.817,-1.5,0.0,-2.17
509199.390000,0.516,0.191,-0.803,2.2,-0.67,-1.77
509199.437000,0.519,0.189,-0.816,0.49,-2.93,0.43
509199.484000,0.504,0.179,-0.819,-0.7,-1.31,0.03
509199.531000,0.508,0.183,-0.805,7.54,-5.28,0.24
509199.578000,0.515,0.204,-0.824,-2.04,-3.39,0.67
509199.625000,0.499,0.179,-0.8,-2.38,-2.01,0.89
509199.671000,0.48,0.144,-0.732,2.69,-0.12,1.31
509199.718000,0.426,0.091,-0.522,3.39,4.67,-6.56
509199.765000,0.271,0.143,-0.308,15.29,-6.53,-28.47
509199.812000,0.309,0.057,-0.088,-4.21,-39.77,-43.31
509199.859000,0.112,0.27,-0.234,17.33,-77.36,-53.96
509199.906000,0.049,0.107,-0.23,-6.62,-127.35,-45.75
509199.953000,-0.199,0.191,-0.452,24.57,-160.13,-23.22
509200.000000,-0.411,0.235,-0.698,-14.1,-207.83,-31.25
509200.062000,-0.459,0.059,-0.802,36.5,-200.87,-4.03
509200.109000,-0.94,0.206,-1.129,-19.29,-220.22,-14.44
509200.156000,-0.813,0.059,-1.152,61.65,-178.26,-13.03
509200.203000,-1.079,0.102,-1.046,97.48,-164.74,14.44
509200.250000,-1.074,0.039,-1.062,67.66,-168.74,30.7
509200.296000,-1.114,-0.006,-0.886,38.48,-142.19,25.64
509200.343000,-1.132,0.031,-0.888,-9.95,-152.78,41.54
509200.390000,-1.112,-0.041,-0.661,11.26,-109.87,44.37
509200.437000,-1.213,0.096,-0.658,-60.37,-134.04,19.78
509200.484000,-1.139,0.11,-0.756,-41.69,-116.58,29.69
509200.531000,-1.115,0.155,-0.673,-68.24,-96.71,-6.71
509200.578000,-1.014,0.22,-0.678,-24.29,-78.1,-6.78
509200.625000,-0.995,0.277,-0.582,-34.21,-17.61,-12.97
509200.671000,-0.955,0.184,-0.391,-22.13,-8.45,-10.19
509200.718000,-0.946,0.304,-0.478,36.68,-2.35,-9.25
509200.765000,-0.933,0.357,-0.339,-12.02,20.33,-11.02
509200.812000,-0.966,0.223,-0.171,-41.99,21.18,3.78
509200.859000,-0.982,0.111,-0.138,-21.61,15.44,2.62
509200.906000,-0.972,0.161,-0.107,4.73,18.71,0.21
509200.953000,-0.985,0.141,-0.08,-8.58,12.42,1.71
509201.000000,-0.97,0.189,-0.12,2.96,5.92,0.58
509201.062000,-0.964,0.153,-0.149,-6.01,0.85,2.66
509201.109000,-0.965,0.162,-0.189,5.58,2.08,6.84
509201.156000,-0.962,0.169,-0.183,1.19,2.01,1.01
509201.203000,-0.965,0.172,-0.212,4.58,4.97,3.72
509201.250000,-0.958,0.18,-0.188,-5.55,3.88,-3.05
509201.296000,-0.944,0.185,-0.221,4.49,4.24,2.5
509201.343000,-0.967,0.172,-0.177,-7.69,5.43,0.61
509201.390000,-0.959,0.159,-0.185,-0.06,0.03,1.98
509201.437000,-0.962,0.161,-0.205,-8.45,6.5,1.13
509201.484000,-0.968,0.175,-0.178,2.72,2.87,-1.4
509201.531000,-0.961,0.186,-0.195,-8.88,3.3,-0.67
509201.578000,-0.961,0.177,-0.174,-1.98,2.35,-0.52
509201.625000,-0.955,0.192,-0.206,-7.26,1.89,-1.71
509201.671000,-0.959,0.195,-0.199,1.37,2.04,1.59
509201.718000,-0.954,0.18,-0.203,-5.13,2.87,-0.24
509201.765000,-0.96,0.19,-0.192,4.82,0.76,3.69
509201.812000,-0.951,0.188,-0.188,-0.06,2.47,-1.25
509201.859000,-0.953,0.181,-0.181,-0.7,-0.98,1.65
509201.906000,-0.95,0.178,-0.198,8.12,0.4,3.66
509201.953000,-0.96,0.173,-0.206,-2.93,-3.27,-0.09
509202.000000,-0.953,0.19,-0.221,1.56,-0.34,-0.46
509202.046000,-0.947,0.169,-0.222,-2.47,-1.43,0.0
509202.093000,-0.94,0.178,-0.239,2.47,-0.37,1.71
509202.140000,-0.936,0.182,-0.242,-5.13,3.75,-1.92
509202.187000,-0.904,0.223,-0.336,0.7,-4.3,-3.6
509202.234000,-0.883,0.243,-0.45,-23.96,21.58,3.78
509202.281000,-0.918,0.275,-0.712,-25.61,26.22,15.53
509202.328000,-0.988,0.256,-0.767,-36.04,55.91,15.66
509202.375000,-0.991,0.271,-0.818,-20.63,61.83,23.62
509202.421000,-1.01,0.211,-0.879,-21.76,98.54,29.48
509202.468000,-1.025,0.205,-0.813,15.9,132.11,15.44
509202.515000,-1.218,0.378,-0.825,63.39,153.54,16.75
509202.562000,-1.18,0.273,-0.766,15.81,151.19,10.07
509202.609000,-1.034,0.345,-0.883,26.49,128.54,3.42
509202.656000,-0.987,0.451,-0.978,-0.49,155.37,-1.4
509202.703000,-0.957,0.543,-0.993,-1.68,146.98,14.07
509202.750000,-0.803,0.516,-1.056,-40.47,153.69,21.85
509202.796000,-0.74,0.516,-0.971,-68.85,169.65,35.71
509202.843000,-0.599,0.453,-1.007,-58.81,153.69,56.98
509202.890000,-0.432,0.427,-0.948,-22.0,162.88,60.67
509202.937000,-0.292,0.377,-0.79,3.75,166.45,66.56
509202.984000,-0.117,0.443,-0.842,-3.45,177.28,48.43
509203.031000,-0.063,0.242,-0.521,-39.25,211.04,55.54
509203.093000,0.106,0.168,-0.269,7.39,205.08,37.48
509203.140000,0.156,-0.023,0.336,7.63,114.93,30.88
509203.187000,0.37,0.006,0.197,57.74,31.98,20.78
509203.234000,0.573,0.089,0.024,25.48,-30.55,6.68
509203.281000,0.719,0.209,-0.429,44.62,-41.72,-9.86
509203.328000,0.67,0.292,-0.485,2.9,-27.89,-9.25
509203.375000,0.701,0.301,-0.578,11.26,-55.94,11.54
509203.421000,0.68,0.325,-0.787,35.92,-29.42,12.85
509203.468000,0.662,0.266,-0.687,-22.4,-36.77,5.46
509203.515000,0.607,0.262,-0.697,-39.55,-45.5,-9.03
509203.562000,0.607,0.242,-0.827,16.75,-49.87,14.04
509203.609000,0.648,0.213,-0.881,10.5,-6.38,8.33
509203.656000,0.589,0.242,-0.772,6.81,-1.4,-3.48
509203.703000,0.612,0.266,-0.816,-3.78,-1.59,-3.54
509203.750000,0.594,0.245,-0.745,-0.58,6.71,0.73
509203.796000,0.587,0.262,-0.749,12.24,-0.58,0.43
509203.843000,0.592,0.238,-0.71,1.31,2.44,-1.77
509203.890000,0.579,0.24,-0.705,1.07,-1.92,-3.88
509203.937000,0.586,0.273,-0.74,1.71,-1.74,-2.5
509204.000000,0.578,0.27,-0.738,2.01,-4.7,-3.08
509204.046000,0.589,0.279,-0.754,-1.19,-2.08,-0.34
509204.093000,0.573,0.267,-0.748,-3.97,-4.0,0.43
509204.140000,0.574,0.275,-0.758,2.9,-3.54,2.04
509204.187000,0.581,0.228,-0.749,-2.32,-0.64,2.78
509204.234000,0.576,0.286,-0.766,-1.83,-0.7,-1.71
509204.281000,0.574,0.26,-0.747,-1.98,-0.55,2.75
509204.328000,0.577,0.255,-0.764,-1.83,-2.17,1.25
509204.375000,0.581,0.252,-0.74,1.22,0.4,1.34
509204.421000,0.58,0.246,-0.755,-2.17,-0.21,0.09
509204.468000,0.562,0.254,-0.733,2.32,-1.04,1.04
509204.515000,0.576,0.256,-0.746,0.61,-2.99,0.82
509204.562000,0.571,0.266,-0.739,1.37,-1.28,0.21
509204.609000,0.579,0.247,-0.75,-1.65,-4.06,0.79
509204.656000,0.574,0.253,-0.759,-0.7,-2.72,0.73
509204.703000,0.561,0.234,-0.737,-1.65,-4.24,0.67
509204.750000,0.572,0.271,-0.774,-1.53,-3.66,1.86
509204.796000,0.554,0.239,-0.734,1.37,-3.69,1.37
509204.843000,0.523,0.254,-0.675,3.51,0.4,-1.13
509204.890000,0.475,0.19,-0.521,6.71,2.53,-0.06
509204.937000,0.255,0.157,-0.126,4.0,-8.73,-1.62
509204.984000,0.226,0.259,0.0,-51.21,-99.31,-58.47
509205.031000,0.139,0.026,-0.173,-66.01,-125.0,-42.12
509205.078000,-0.002,0.136,-0.233,-39.58,-138.31,-77.91
509205.125000,-0.156,0.229,-0.26,-5.71,-153.97,-57.68
509205.171000,-0.395,0.282,-0.329,37.26,-178.14,-51.15
509205.218000,-0.79,0.568,-1.028,40.04,-275.67,-24.87
509205.265000,-0.878,0.233,-1.016,7.66,-212.65,1.74
509205.312000,-1.036,0.334,-1.059,20.6,-209.11,-17.94
509205.359000,-1.084,0.172,-0.896,61.4,-166.45,0.85
509205.406000,-1.238,0.297,-0.838,20.75,-197.12,-13.28
509205.453000,-1.246,0.155,-0.841,79.04,-129.89,-13.18
509205.500000,-1.279,0.384,-0.784,-85.12,-154.18,-57.8
509205.562000,-1.244,0.372,-0.886,45.08,-105.35,-14.4
509205.609000,-1.05,0.419,-0.637,-54.48,-101.9,-41.66
509205.656000,-1.008,0.43,-0.729,-36.68,-69.09,-18.04
509205.703000,-1.055,0.331,-0.573,-55.64,-41.14,-11.29
509205.750000,-0.981,0.178,-0.391,-34.76,-39.37,-7.11
509205.796000,-0.944,0.217,-0.464,6.81,-23.29,-15.93
509205.843000,-0.932,0.287,-0.419,12.18,-3.05,-20.69
509205.890000,-0.9,0.215,-0.337,16.36,14.95,-1.95
509205.937000,-0.964,0.221,-0.267,7.14,22.31,0.95
509205.984000,-0.975,0.152,-0.192,-16.48,24.75,1.5
509206.031000,-0.986,0.157,-0.111,-10.47,22.68,-7.69
509206.078000,-0.977,0.179,-0.093,-11.44,20.29,-3.23
509206.125000,-0.991,0.164,-0.081,-12.76,10.07,0.09
509206.171000,-0.968,0.19,-0.112,3.45,5.46,0.0
509206.218000,-0.954,0.157,-0.146,0.46,2.01,7.11
509206.265000,-0.995,0.189,-0.165,5.86,5.01,2.84
509206.312000,-0.998,0.158,-0.18,3.39,3.36,8.85
509206.359000,-0.962,0.186,-0.224,-3.48,-0.12,0.52
509206.406000,-0.917,0.157,-0.208,-0.89,4.36,5.07
509206.453000,-0.968,0.147,-0.18,2.35,10.44,5.31
509206.500000,-0.968,0.169,-0.182,2.66,4.7,1.28
509206.546000,-0.968,0.144,-0.195,-9.46,5.77,1.86
509206.593000,-0.959,0.165,-0.156,3.45,7.05,-1.46
509206.640000,-0.955,0.156,-0.156,-6.65,2.01,-0.18
509206.687000,-0.971,0.179,-0.17,1.13,0.37,-0.92
509206.734000,-0.969,0.178,-0.177,-3.91,-1.98,-0.61
509206.781000,-0.979,0.167,-0.189,0.03,-1.95,1.13
509206.828000,-0.954,0.192,-0.206,3.57,-2.44,-2.5
509206.875000,-0.936,0.192,-0.2,0.21,-2.01,1.4
509206.921000,-0.952,0.175,-0.197,3.88,1.16,3.69
509206.968000,-0.995,0.192,-0.189,-1.16,-2.17,2.9
509207.015000,-0.949,0.175,-0.222,-5.01,-3.2,1.13
509207.062000,-0.947,0.182,-0.212,-2.78,1.92,-0.49
509207.109000,-0.955,0.175,-0.205,-3.45,2.62,2.23
509207.156000,-0.963,0.15,-0.206,0.89,2.17,1.89
509207.203000,-0.952,0.174,-0.203,-0.95,5.31,-0.89
509207.250000,-0.944,0.185,-0.188,-2.5,3.69,-2.38
509207.296000,-0.956,0.177,-0.168,-0.27,4.03,-0.06
509207.343000,-0.965,0.177,-0.19,-3.3,-0.49,1.1
509207.390000,-0.938,0.183,-0.209,0.43,0.67,0.0
509207.437000,-0.963,0.161,-0.18,-4.91,3.66,0.34
509207.484000,-0.962,0.183,-0.19,9.55,1.19,1.07
509207.546000,-0.962,0.174,-0.178,-5.43,-3.57,-3.05
509207.593000,-0.947,0.205,-0.22,6.65,-3.91,1.1
509207.656000,-0.947,0.169,-0.213,-9.19,-1.68,1.62
509207.703000,-0.927,0.164,-0.235,3.69,-1.28,1.22
509207.750000,-0.951,0.197,-0.284,0.58,2.2,-0.31
509207.796000,-0.918,0.208,-0.345,9.03,2.56,-0.15
509207.843000,-0.852,0.3,-0.557,35.52,12.88,5.83
509207.890000,-0.858,0.299,-0.651,-33.51,31.98,9.95
509207.937000,-0.975,0.378,-0.96,-14.92,49.2,25.33
509207.984000,-0.993,0.293,-0.904,-30.85,100.92,31.56
509208.031000,-1.152,0.367,-0.864,9.43,129.31,34.79
509208.078000,-1.137,0.416,-0.934,17.06,135.9,34.88
509208.125000,-1.162,0.397,-0.945,19.47,153.05,32.87
509208.171000,-1.109,0.387,-1.014,32.44,163.34,33.36
509208.218000,-1.084,0.428,-0.962,24.05,178.56,22.74
509208.265000,-0.98,0.392,-1.142,2.04,164.25,34.33
509208.312000,-0.833,0.401,-1.105,-8.0,183.81,28.66
509208.359000,-0.695,0.403,-1.068,-3.51,183.97,35.13
509208.406000,-0.619,0.498,-1.058,-8.36,186.8,35.04
509208.453000,-0.464,0.409,-0.859,2.38,183.66,61.71
509208.500000,-0.336,0.245,-0.634,-14.89,169.56,50.42
509208.546000,-0.084,0.259,-0.541,21.06,148.75,54.63
509208.593000,0.045,0.17,-0.314,-7.17,143.5,35.92
509208.640000,0.201,0.18,-0.261,4.0,109.87,28.38
509208.687000,0.344,0.118,-0.17,-0.27,90.43,44.07
509208.734000,0.45,0.126,-0.102,-7.87,55.24,31.5
509208.781000,0.544,0.069,-0.092,-1.13,29.69,34.36
509208.828000,0.631,0.126,-0.203,-5.8,1.25,18.95
509208.875000,0.663,0.131,-0.341,5.16,-15.17,19.2
509208.921000,0.644,0.107,-0.421,-6.9,-30.98,14.25
509208.968000,0.732,0.074,-0.649,7.97,-47.85,14.4
509209.015000,0.7,0.078,-0.639,3.3,-15.17,-4.33
509209.062000,0.686,0.13,-0.724,17.15,-23.26,1.22
509209.109000,0.683,0.137,-0.758,5.83,-17.03,-1.83
509209.156000,0.679,0.131,-0.756,5.31,-15.47,-1.43
509209.203000,0.676,0.131,-0.812,-0.03,-6.96,-1.4
509209.250000,0.632,0.177,-0.786,7.48,-6.29,-6.78
509209.296000,0.654,0.12,-0.736,3.85,-0.12,-2.29
509209.343000,0.635,0.147,-0.729,4.03,-0.61,-3.88
509209.390000,0.617,0.137,-0.694,5.1,-1.01,-2.9
509209.437000,0.643,0.154,-0.737,4.55,-3.3,-4.7
509209.484000,0.618,0.153,-0.685,2.81,-3.36,-3.63
509209.531000,0.633,0.16,-0.727,3.85,-9.16,-1.65
509209.578000,0.632,0.164,-0.733,-0.98,-8.85,-0.43
509209.625000,0.618,0.151,-0.757,-2.23,-9.49,-0.82
509209.671000,0.619,0.159,-0.755,2.04,-9.7,-0.61
509209.718000,0.611,0.149,-0.744,3.66,-6.81,0.73
509209.765000,0.597,0.137,-0.778,-3.48,-10.44,1.1
509209.812000,0.594,0.16,-0.79,4.7,-6.35,1.1
509209.859000,0.599,0.131,-0.805,-3.85,-7.11,0.7
509209.906000,0.592,0.153,-0.808,-1.77,-5.55,0.12
509209.953000,0.584,0.13,-0.802,-4.49,-4.76,0.92
509210.000000,0.582,0.16,-0.79,4.82,-2.2,-1.43
509210.046000,0.581,0.156,-0.777,-1.22,-0.7,-1.25
509210.093000,0.577,0.171,-0.79,1.86,-4.46,0.67
509210.140000,0.574,0.151,-0.769,0.06,-1.34,1.31
509210.187000,0.575,0.145,-0.774,0.09,-3.45,1.71
509210.234000,0.58,0.147,-0.793,-1.74,-2.9,0.64
509210.281000,0.56,0.139,-0.755,-0.34,0.55,-0.21
509210.328000,0.581,0.143,-0.793,-0.58,-4.76,-0.55
509210.375000,0.563,0.136,-0.772,-0.92,2.53,0.7
509210.421000,0.569,0.15,-0.776,0.18,-4.18,-0.92
509210.468000,0.554,0.154,-0.756,-0.31,-0.64,0.73
509210.515000,0.556,0.119,-0.753,-3.69,-5.49,-1.77
509210.562000,0.55,0.125,-0.676,4.24,-4.88,-5.86
509210.609000,0.526,0.154,-0.692,-7.32,-8.03,-7.97
509210.656000,0.503,0.017,-0.365,5.01,-2.87,-16.08
509210.703000,0.307,0.153,-0.261,29.54,-12.36,-27.99
509210.750000,0.275,-0.014,-0.177,-9.64,-48.59,-26.22
509210.796000,0.135,0.147,-0.322,9.77,-90.4,-51.18
509210.843000,0.064,0.075,-0.311,15.63,-119.54,-36.47
509210.890000,-0.277,0.096,-0.44,-7.69,-151.71,-38.39
509210.937000,-0.407,0.198,-0.553,4.39,-183.81,-46.42
509210.984000,-0.751,0.325,-0.797,-44.16,-214.67,-10.8
509211.031000,-0.794,0.263,-0.786,-103.18,-245.22,-5.04
509211.078000,-1.097,0.304,-0.799,-8.33,-263.74,-8.58
509211.125000,-1.297,0.434,-1.234,19.47,-272.16,4.85
509211.171000,-1.261,0.371,-1.107,-4.43,-204.75,-11.9
509211.218000,-1.353,0.373,-0.917,-2.41,-154.82,-22.52
509211.265000,-1.369,0.417,-0.91,24.35,-114.84,-30.88
509211.312000,-1.294,0.405,-0.806,-21.61,-132.51,-32.26
509211.359000,-1.155,0.283,-0.775,7.9,-90.98,-24.81
509211.406000,-1.071,0.355,-0.726,-41.41,-98.82,-56.76
509211.453000,-0.906,0.343,-0.718,21.12,-55.6,-8.33
509211.500000,-0.937,0.184,-0.504,-11.41,-7.97,-9.74
509211.546000,-0.94,0.182,-0.396,-5.01,-19.56,-1.5
509211.593000,-0.928,0.125,-0.446,-3.75,-9.95,-1.83
509211.640000,-0.925,0.243,-0.39,3.17,15.96,-12.7
509211.687000,-0.992,0.326,-0.246,-42.6,38.42,-23.1
509211.734000,-0.97,0.305,-0.07,-53.13,29.48,-12.85
509211.781000,-1.02,0.21,-0.019,-35.1,20.97,5.04
509211.828000,-0.999,0.153,-0.012,10.01,4.18,5.34
509211.875000,-0.956,0.179,-0.12,18.8,3.69,10.35
509211.921000,-0.966,0.146,-0.141,25.61,2.93,14.5
509211.968000,-0.975,0.173,-0.16,31.83,9.13,10.74
509212.015000,-0.957,0.197,-0.192,15.75,-0.92,6.23
509212.062000,-0.947,0.196,-0.237,9.22,1.77,11.66
509212.109000,-0.941,0.198,-0.211,5.65,-1.19,7.84
509212.156000,-0.951,0.162,-0.24,-2.04,4.61,10.22
509212.203000,-0.952,0.184,-0.21,4.15,3.33,2.93
509212.250000,-0.928,0.195,-0.236,6.71,4.85,3.11
509212.296000,-0.976,0.171,-0.149,5.13,11.2,0.58
509212.343000,-0.986,0.198,-0.154,14.71,8.76,-0.82
509212.390000,-0.969,0.222,-0.193,-6.96,-2.23,-1.77
509212.437000,-0.954,0.2,-0.237,-2.2,-2.17,-1.19
509212.484000,-0.955,0.216,-0.293,-7.02,-0.98,-1.04
509212.531000,-0.928,0.208,-0.279,-0.21,14.1,-1.1
509212.578000,-0.915,0.234,-0.222,14.13,21.06,-3.57
509212.625000,-0.978,0.27,-0.146,23.04,26.28,1.53
509212.671000,-0.956,0.247,-0.092,13.4,1.43,5.58
509212.718000,-0.983,0.242,-0.195,3.6,-10.41,8.36
509212.765000,-0.96,0.163,-0.242,-17.12,-24.23,12.39
509212.812000,-0.906,0.15,-0.283,-6.96,-15.29,8.03
509212.859000,-0.933,0.159,-0.255,-3.48,-6.62,0.15
509212.906000,-0.937,0.196,-0.22,10.16,-2.41,-0.64
509212.953000,-0.944,0.204,-0.215,-1.74,-5.68,-0.64
509213.000000,-0.948,0.202,-0.231,2.04,-8.15,2.23
509213.046000,-0.939,0.179,-0.241,-2.04,-4.03,-3.85
509213.093000,-0.907,0.182,-0.255,0.03,-5.19,-2.81
509213.140000,-0.913,0.2,-0.277,-1.04,0.43,-5.52
509213.187000,-0.893,0.195,-0.312,-0.03,4.33,-2.59
509213.234000,-0.858,0.241,-0.411,-7.84,10.01,-9.7
509213.281000,-0.924,0.327,-0.481,-26.18,13.25,-3.48
509213.328000,-0.915,0.334,-0.661,-59.72,29.3,4.33
509213.390000,-0.965,0.329,-0.899,-13.58,53.16,32.23
509213.437000,-1.022,0.334,-0.895,-28.57,97.45,18.52
509213.484000,-1.086,0.387,-0.98,7.42,128.09,25.88
509213.531000,-1.173,0.374,-0.952,-6.2,155.74,21.73
509213.578000,-1.225,0.439,-1.028,8.21,170.14,27.92
509213.625000,-1.231,0.391,-0.945,27.31,182.29,29.36
509213.671000,-1.112,0.491,-1.015,33.23,176.82,23.83
509213.718000,-0.977,0.469,-0.884,5.74,183.57,23.19
509213.765000,-0.853,0.463,-0.803,9.16,172.67,29.18
509213.812000,-0.694,0.378,-0.799,0.64,155.77,27.41
509213.859000,-0.451,0.434,-0.826,-0.7,136.78,26.09
509213.906000,-0.343,0.391,-0.89,-6.99,144.17,33.45
509213.953000,-0.181,0.334,-0.762,22.4,145.88,30.3
509214.000000,-0.063,0.374,-0.82,22.03,142.86,43.43
509214.046000,0.025,0.152,-0.602,-24.72,149.05,48.28
509214.093000,0.146,0.079,-0.47,15.2,139.74,35.34
509214.140000,0.257,0.045,-0.18,-7.08,109.32,30.43
509214.187000,0.387,-0.015,-0.07,-4.61,83.29,14.77
509214.234000,0.486,0.096,-0.146,-6.26,37.57,16.69
509214.281000,0.572,0.048,-0.168,-3.45,20.36,9.43
509214.328000,0.658,0.154,-0.349,8.88,-9.8,3.02
509214.375000,0.646,0.166,-0.491,12.42,-16.94,7.23
509214.421000,0.685,0.145,-0.57,-5.25,-30.88,0.31
509214.468000,0.694,0.187,-0.698,10.41,-21.39,2.87
509214.515000,0.686,0.19,-0.717,5.95,-19.07,-0.37
509214.562000,0.661,0.196,-0.761,7.29,-14.56,2.08
509214.609000,0.668,0.155,-0.728,0.49,-11.14,1.5
509214.656000,0.641,0.169,-0.776,1.77,-11.72,1.16
509214.703000,0.656,0.173,-0.771,2.99,-1.71,-3.11
509214.750000,0.623,0.188,-0.732,1.65,-1.43,-5.37
509214.812000,0.637,0.197,-0.759,1.65,-0.12,-6.78
509214.859000,0.61,0.17,-0.681,1.37,-0.12,-3.02
509214.906000,0.637,0.214,-0.751,0.43,-4.49,-6.13
509214.953000,0.6,0.22,-0.69,-0.52,-2.23,-3.42
509215.015000,0.628,0.218,-0.73,-1.22,-4.85,-1.86
509215.062000,0.615,0.219,-0.741,-1.65,-5.52,-1.53
509215.109000,0.616,0.214,-0.746,-1.86,-4.97,-0.85
509215.156000,0.6,0.218,-0.739,0.03,-3.88,1.77
509215.203000,0.608,0.197,-0.753,-3.3,-7.72,0.79
509215.250000,0.601,0.202,-0.754,0.98,-0.58,1.4
509215.296000,0.6,0.19,-0.742,0.4,-6.59,1.28
509215.343000,0.598,0.188,-0.752,1.56,-0.92,0.46
509215.390000,0.599,0.191,-0.741,-0.61,-4.09,0.37
509215.437000,0.593,0.198,-0.752,2.47,-4.15,-0.46
509215.484000,0.598,0.199,-0.681,5.58,-1.74,-3.72
509215.531000,0.591,0.223,-0.764,0.24,-8.27,2.38
509215.578000,0.575,0.214,-0.76,-0.34,-8.45,1.22
509215.625000,0.55,0.115,-0.709,2.35,-4.97,2.75
509215.671000,0.512,0.161,-0.58,14.19,-3.78,-9.64
509215.734000,0.382,0.129,-0.388,14.47,-4.82,-12.82
509215.781000,0.235,-0.006,0.051,18.89,-3.69,-36.53
509215.828000,0.109,0.13,-0.009,10.44,-94.49,-64.33
509215.890000,0.04,0.119,-0.319,-40.68,-121.37,-67.45
509215.937000,-0.259,0.29,-0.389,-148.32,-188.02,-60.03
509215.984000,-0.286,0.312,-0.586,29.36,-214.67,-34.79
509216.031000,-0.78,0.402,-0.672,2.17,-235.79,-14.47
509216.078000,-1.006,0.37,-1.017,38.85,-272.71,-11.6
509216.125000,-1.193,0.51,-1.166,-5.55,-250.95,-9.8
509216.171000,-1.131,0.319,-1.019,36.5,-187.69,-12.51
509216.218000,-1.38,0.496,-0.924,-0.24,-145.73,-39.19
509216.265000,-1.172,0.263,-0.855,19.2,-171.91,10.56
509216.312000,-1.28,0.48,-1.058,-50.94,-146.52,-34.76
509216.359000,-1.084,0.327,-0.858,-3.75,-121.89,-11.54
509216.406000,-1.098,0.279,-0.767,-36.04,-26.92,-41.84
509216.453000,-1.079,0.382,-0.553,11.81,-26.8,-51.64
509216.500000,-0.941,0.361,-0.619,-2.32,-15.56,-34.49
509216.562000,-0.899,0.459,-0.557,12.24,-1.56,-22.22
509216.609000,-0.928,0.398,-0.428,-35.1,-6.96,2.69
509216.656000,-0.901,0.277,-0.469,-1.74,-26.43,15.5
509216.703000,-0.894,0.349,-0.393,-17.09,17.55,-6.99
509216.750000,-0.914,0.222,-0.134,-33.23,15.5,2.78
509216.796000,-0.923,0.202,-0.158,-17.98,2.99,1.37
509216.843000,-0.945,0.2,-0.127,3.23,10.13,3.94
509216.890000,-0.972,0.195,-0.13,13.09,4.82,3.81
509216.937000,-0.96,0.23,-0.146,-1.4,-6.16,-0.06
509216.984000,-0.922,0.227,-0.189,2.84,-7.11,-1.71
509217.031000,-0.964,0.261,-0.185,-4.58,-6.29,-4.09
509217.078000,-0.944,0.203,-0.183,-2.2,-12.51,2.72
509217.125000,-0.958,0.213,-0.234,6.93,-12.79,-0.24
509217.171000,-0.942,0.218,-0.228,10.77,-7.69,-0.58
509217.218000,-0.952,0.194,-0.217,9.83,-4.64,1.68
509217.265000,-0.957,0.238,-0.225,9.89,-3.72,-3.39
509217.312000,-0.933,0.215,-0.205,6.32,0.61,-0.92
509217.359000,-0.955,0.218,-0.194,8.39,2.75,0.46
509217.406000,-0.952,0.229,-0.166,7.2,1.13,-2.29
509217.453000,-0.96,0.246,-0.201,5.77,1.89,1.34
509217.500000,-0.946,0.211,-0.151,-6.04,0.03,-2.14
509217.546000,-0.96,0.237,-0.198,9.89,1.56,3.33
509217.593000,-0.942,0.216,-0.142,-5.31,1.65,-1.34
509217.640000,-0.956,0.212,-0.195,6.59,-2.75,3.94
509217.687000,-0.949,0.228,-0.171,1.13,-0.09,2.56
509217.734000,-0.957,0.191,-0.179,2.26,-5.89,5.07
509217.781000,-0.976,0.236,-0.181,1.46,-2.69,3.97
509217.828000,-0.945,0.183,-0.178,0.31,-5.37,3.45
509217.875000,-0.943,0.257,-0.202,6.62,-4.0,0.43
509217.921000,-0.943,0.203,-0.183,-4.27,-2.93,0.61
509217.968000,-0.951,0.242,-0.216,6.68,-3.66,1.01
509218.015000,-0.922,0.21,-0.209,-4.21,1.43,-0.7
509218.062000,-0.895,0.236,-0.209,-0.73,-1.28,-1.68
509218.109000,-0.937,0.237,-0.288,-17.24,-0.06,-0.37
509218.156000,-0.932,0.28,-0.435,1.01,-3.08,2.66
509218.203000,-0.908,0.3,-0.562,-6.62,26.86,9.37
509218.250000,-0.937,0.37,-0.602,-10.86,34.7,7.78
509218.296000,-0.899,0.342,-0.8,2.62,57.31,27.68
509218.343000,-0.994,0.393,-0.832,9.83,120.03,28.2
509218.390000,-1.098,0.36,-0.838,-21.94,128.64,32.62
509218.437000,-1.192,0.424,-0.949,-5.13,140.11,24.69
509218.484000,-1.16,0.477,-0.98,-10.83,155.8,20.6
509218.531000,-1.098,0.528,-1.012,-0.49,167.61,25.3
509218.578000,-1.075,0.564,-0.997,-9.03,178.11,33.78
509218.625000,-1.008,0.513,-0.917,-8.48,168.4,50.08
509218.671000,-0.862,0.437,-0.985,4.7,169.07,59.82
509218.718000,-0.743,0.463,-0.841,14.53,172.8,29.45
509218.765000,-0.539,0.6,-0.913,52.25,139.41,5.58
509218.812000,-0.409,0.642,-1.004,9.49,147.28,36.65
509218.859000,-0.33,0.455,-0.716,29.57,160.5,65.16
509218.906000,-0.148,0.208,-0.48,32.65,137.0,72.33
509218.953000,0.007,0.129,-0.444,48.25,139.99,58.75
509219.000000,0.169,0.103,-0.176,10.04,108.31,32.04
509219.046000,0.279,0.105,-0.135,15.32,89.72,21.39
509219.093000,0.423,0.119,-0.105,11.14,48.71,24.78
509219.140000,0.492,0.066,-0.179,-1.5,17.49,22.86
509219.187000,0.588,0.046,-0.405,3.72,-16.05,6.16
509219.234000,0.62,0.092,-0.49,6.41,-17.09,-1.62
509219.281000,0.621,0.125,-0.705,-8.15,-30.0,4.36
509219.328000,0.614,0.131,-0.789,11.05,-18.65,-0.79
509219.375000,0.596,0.121,-0.778,4.97,-9.28,0.7
509219.421000,0.603,0.13,-0.848,6.13,-16.33,2.29
509219.468000,0.575,0.11,-0.848,-3.57,-4.58,-3.11
509219.515000,0.562,0.137,-0.833,3.66,-5.58,-2.32
509219.562000,0.572,0.143,-0.853,2.23,-5.04,-4.12
509219.609000,0.568,0.145,-0.789,-0.7,4.27,-6.26
509219.656000,0.553,0.159,-0.782,3.78,-2.62,-2.53
509219.703000,0.563,0.172,-0.774,0.21,-1.46,-6.81
509219.750000,0.567,0.167,-0.788,-1.31,-1.16,-2.84
509219.796000,0.564,0.189,-0.8,-0.7,-3.94,-5.74
509219.843000,0.558,0.197,-0.793,5.28,1.71,-0.09
509219.890000,0.561,0.153,-0.79,-5.31,-1.37,-1.37
509219.937000,0.534,0.203,-0.812,5.71,-2.32,-0.34
509219.984000,0.544,0.151,-0.78,-2.93,1.04,-1.25
509220.031000,0.558,0.176,-0.825,1.22,-1.65,0.55
509220.078000,0.542,0.172,-0.796,-0.89,0.18,-0.95
509220.125000,0.551,0.161,-0.807,2.81,-0.27,1.28
509220.171000,0.546,0.174,-0.796,-1.4,0.64,-2.72
509220.234000,0.553,0.153,-0.81,-1.59,0.43,-0.52
509220.281000,0.538,0.184,-0.801,1.68,0.34,-0.52
509220.328000,0.542,0.138,-0.799,-3.6,-3.14,0.95
509220.375000,0.541,0.172,-0.801,1.13,0.95,-0.7
509220.421000,0.53,0.168,-0.79,-0.4,-0.43,-0.09
509220.468000,0.55,0.167,-0.804,-0.95,-1.71,0.4
509220.515000,0.543,0.159,-0.797,-3.08,1.4,-0.46
509220.562000,0.534,0.181,-0.795,2.44,-1.34,-1.68
509220.609000,0.547,0.171,-0.8,0.12,0.92,2.59
509220.656000,0.542,0.181,-0.785,0.34,-3.72,-0.95
509220.703000,0.534,0.153,-0.77,1.04,-0.73,1.5
509220.750000,0.541,0.173,-0.799,-0.92,-2.56,0.67
509220.796000,0.527,0.174,-0.793,2.9,-2.72,0.03
509220.859000,0.53,0.166,-0.806,-0.92,-2.23,1.83
509220.906000,0.52,0.173,-0.808,1.53,-3.36,0.0
509220.968000,0.516,0.18,-0.792,1.65,-4.58,-1.56
509221.015000,0.518,0.139,-0.708,5.43,-2.04,-1.13
509221.062000,0.487,0.201,-0.69,7.78,-8.88,-2.87
509221.109000,0.462,0.106,-0.498,11.14,-8.91,-2.81
509221.156000,0.355,0.115,-0.358,6.41,-25.03,-4.7
509221.203000,0.278,0.165,-0.132,32.65,-40.35,-23.65
509221.250000,0.125,0.167,-0.198,13.61,-80.63,-3.81
509221.296000,-0.017,0.28,-0.139,48.46,-123.39,-21.79
509221.359000,-0.234,0.008,-0.308,-35.92,-176.49,27.65
509221.406000,-0.626,0.19,-0.79,-52.77,-219.86,10.56
509221.453000,-0.742,0.161,-0.728,-38.0,-222.57,-1.95
509221.500000,-1.048,0.249,-1.008,-55.39,-228.31,3.17
509221.546000,-1.23,0.301,-1.032,-8.7,-221.75,-4.7
509221.593000,-1.211,0.166,-1.095,-49.96,-211.77,3.63
509221.656000,-1.327,0.252,-1.124,-26.86,-178.53,-28.23
509221.703000,-1.219,0.248,-0.959,29.3,-132.51,-30.4
509221.750000,-1.146,0.257,-0.839,-46.54,-106.11,-51.45
509221.796000,-1.118,0.402,-0.852,-2.2,-102.45,-39.95
509221.843000,-0.949,0.3,-0.709,-25.51,-59.97,-27.34
509221.890000,-1.007,0.358,-0.661,-37.11,-44.59,-28.78
509221.937000,-0.945,0.342,-0.614,-15.78,-25.73,-3.45
509221.984000,-0.997,0.379,-0.454,-49.65,-9.09,-0.15
509222.031000,-0.992,0.386,-0.269,-60.12,-27.89,12.67
509222.078000,-0.935,0.209,-0.311,-56.67,-39.31,6.38
509222.125000,-0.926,0.24,-0.351,10.01,9.0,-4.27
509222.171000,-0.953,0.242,-0.185,-17.76,29.33,-17.73
509222.218000,-0.988,0.175,-0.14,-8.09,16.66,3.42
509222.265000,-0.968,0.117,-0.148,-12.42,1.43,2.2
509222.312000,-0.952,0.157,-0.125,4.97,10.59,6.62
509222.359000,-0.981,0.168,-0.065,-2.81,4.61,1.98
509222.406000,-0.967,0.231,-0.108,3.02,-4.55,0.76
509222.453000,-0.96,0.211,-0.118,1.13,-3.11,4.97
509222.500000,-0.967,0.219,-0.131,-1.77,-8.12,0.58
509222.546000,-0.95,0.243,-0.18,11.87,-4.76,1.4
509222.593000,-0.962,0.228,-0.151,1.07,-1.68,-0.46
509222.640000,-0.952,0.22,-0.173,-0.67,-5.83,2.99
509222.687000,-0.954,0.198,-0.164,-6.44,1.68,1.28
509222.734000,-0.971,0.197,-0.127,-0.92,2.69,0.98
509222.781000,-0.963,0.19,-0.136,-3.17,-0.37,-0.09
509222.828000,-0.965,0.207,-0.131,-2.78,1.46,0.61
509222.875000,-0.953,0.218,-0.136,-1.56,0.09,-2.14
509222.921000,-0.955,0.221,-0.134,-4.03,0.98,2.11
509222.968000,-0.957,0.237,-0.137,2.9,1.92,2.96
509223.031000,-0.958,0.207,-0.12,1.07,0.37,3.57
509223.078000,-0.956,0.21,-0.148,0.34,-0.73,3.3
509223.125000,-0.96,0.228,-0.125,3.02,2.14,1.4
509223.171000,-0.954,0.194,-0.141,-3.48,-1.34,2.14
509223.218000,-0.953,0.234,-0.169,4.67,0.98,2.9
509223.265000,-0.945,0.213,-0.176,-7.05,1.74,-0.49
509223.312000,-0.96,0.254,-0.18,-1.1,2.93,0.76
509223.359000,-0.928,0.238,-0.183,6.26,4.03,1.62
509223.406000,-0.928,0.261,-0.213,1.31,6.13,2.29
509223.453000,-0.923,0.241,-0.214,5.16,8.45,8.03
509223.500000,-0.896,0.287,-0.363,25.3,8.24,6.62
509223.546000,-0.927,0.272,-0.362,23.71,23.53,10.93
509223.593000,-0.919,0.337,-0.62,0.92,12.94,4.82
509223.640000,-0.93,0.298,-0.7,3.81,38.3,17.85
509223.687000,-1.042,0.335,-0.91,-19.59,84.6,13.95
509223.734000,-1.109,0.377,-1.002,-0.18,103.27,26.8
509223.781000,-1.177,0.423,-1.109,-14.92,150.58,21.76
509223.828000,-1.374,0.522,-1.072,5.71,182.04,24.41
509223.875000,-1.259,0.491,-0.982,19.17,210.67,28.17
509223.921000,-1.191,0.567,-0.927,-4.0,205.91,25.85
509223.968000,-1.073,0.55,-0.881,0.49,206.79,40.22
509224.015000,-0.876,0.4,-0.901,-26.89,175.27,38.54
509224.062000,-0.607,0.478,-0.846,20.91,184.15,12.42
509224.109000,-0.54,0.537,-0.894,8.27,181.62,42.85
509224.156000,-0.346,0.404,-0.773,-19.14,161.11,46.42
509224.203000,-0.205,0.278,-0.594,33.08,179.27,64.85
509224.250000,-0.084,0.141,-0.29,-0.73,150.55,63.51
509224.296000,0.107,-0.0,-0.128,15.35,134.71,53.41
509224.343000,0.308,0.017,0.037,13.37,79.1,34.88
509224.390000,0.398,0.144,-0.209,24.23,45.08,31.31
509224.437000,0.527,0.065,-0.16,-2.32,21.12,21.82
509224.484000,0.577,0.061,-0.34,8.76,-6.07,20.17
509224.531000,0.593,0.069,-0.436,-5.52,-18.86,8.51
509224.578000,0.649,0.133,-0.649,4.85,-32.62,-1.43
509224.625000,0.636,0.168,-0.755,-6.38,-20.75,-3.81
509224.671000,0.631,0.163,-0.809,3.97,-19.26,-2.5
509224.718000,0.627,0.192,-0.817,3.42,-11.69,-4.21
509224.765000,0.609,0.168,-0.801,0.09,-7.93,-0.7
509224.812000,0.6,0.188,-0.799,4.27,-6.81,-2.87
509224.859000,0.602,0.155,-0.792,-2.32,-3.39,-1.74
509224.906000,0.584,0.184,-0.782,4.43,-0.52,-2.08
509224.953000,0.572,0.186,-0.758,5.65,-1.53,-4.49
509225.015000,0.584,0.176,-0.75,2.23,-2.14,-2.78
509225.062000,0.568,0.206,-0.737,-0.79,-1.95,-3.91
509225.109000,0.572,0.206,-0.766,2.78,-7.26,-3.81
509225.156000,0.578,0.196,-0.764,-0.34,-2.01,-1.01
509225.203000,0.566,0.209,-0.773,0.46,-5.83,-1.98
509225.250000,0.566,0.205,-0.786,0.92,-6.13,0.0
509225.296000,0.584,0.193,-0.787,-0.24,-2.78,-0.09
509225.343000,0.557,0.191,-0.774,-1.46,-4.39,-0.82
509225.390000,0.566,0.227,-0.796,-0.58,-0.79,-1.65
509225.437000,0.558,0.191,-0.768,-1.01,-3.94,0.89
509225.484000,0.56,0.211,-0.813,2.01,-3.05,2.59
509225.531000,0.545,0.184,-0.779,2.47,-2.56,1.04
509225.578000,0.549,0.202,-0.783,1.56,-3.91,1.1
509225.625000,0.555,0.185,-0.813,-2.08,-3.2,2.38
509225.671000,0.541,0.195,-0.784,3.66,-2.23,1.04
509225.718000,0.547,0.164,-0.793,-1.16,-2.23,2.11
509225.765000,0.548,0.203,-0.8,2.69,-3.48,-0.37
509225.812000,0.545,0.17,-0.8,-1.37,-2.9,1.62
509225.859000,0.556,0.178,-0.794,0.46,-0.79,-0.76
509225.906000,0.539,0.177,-0.783,1.22,-1.22,0.0
509225.953000,0.553,0.19,-0.803,-0.76,-1.62,-0.52
509226.000000,0.532,0.182,-0.805,-5.55,-4.58,-0.73
509226.046000,0.542,0.168,-0.846,-4.21,-4.18,-1.68
509226.093000,0.524,0.182,-0.819,3.42,1.77,0.0
509226.140000,0.526,0.162,-0.795,-0.55,1.83,-2.23
509226.187000,0.526,0.204,-0.797,7.02,-0.03,-1.71
509226.234000,0.545,0.195,-0.784,-3.6,-1.77,-2.04
509226.281000,0.542,0.187,-0.792,-1.89,-1.13,-0.73
509226.343000,0.525,0.233,-0.845,-6.71,-2.99,0.92
509226.390000,0.521,0.179,-0.803,3.78,-1.04,2.59
509226.437000,0.52,0.171,-0.784,-2.66,0.89,1.89
509226.484000,0.538,0.205,-0.815,1.92,-0.55,0.12
509226.531000,0.534,0.197,-0.776,-0.98,0.24,1.77
509226.578000,0.535,0.19,-0.813,-0.76,-1.74,4.09
509226.625000,0.508,0.178,-0.794,-1.86,-2.44,2.59
509226.671000,0.522,0.155,-0.765,2.23,-2.62,1.95
509226.718000,0.505,0.19,-0.799,1.13,-3.78,1.13
509226.765000,0.518,0.195,-0.819,2.2,-7.05,-0.34
509226.828000,0.527,0.163,-0.811,-2.66,-3.14,1.74
509226.875000,0.508,0.172,-0.84,-2.66,-1.53,2.62
509226.921000,0.516,0.199,-0.854,-2.56,-4.7,0.31
509226.968000,0.497,0.157,-0.801,-0.61,2.23,1.5
509227.015000,0.516,0.187,-0.832,1.28,-2.66,-0.09
509227.062000,0.501,0.174,-0.816,-0.09,-2.99,0.46
509227.109000,0.512,0.17,-0.821,-0.34,-1.1,0.09
509227.171000,0.499,0.176,-0.853,-0.61,-3.05,0.52
509227.218000,0.488,0.192,-0.841,-0.21,0.31,-0.34
509227.265000,0.498,0.189,-0.845,2.93,2.35,1.92
509227.312000,0.489,0.179,-0.817,-0.49,-0.95,0.98
509227.359000,0.487,0.168,-0.812,1.53,1.22,1.5
509227.406000,0.495,0.176,-0.808,-1.5,-1.83,-1.59
509227.453000,0.495,0.177,-0.797,3.36,-0.67,0.34
509227.500000,0.51,0.164,-0.838,-2.41,-1.5,0.43
509227.546000,0.49,0.168,-0.814,2.99,-1.77,3.3
509227.593000,0.486,0.15,-0.816,-1.4,-0.64,0.52
509227.640000,0.447,0.143,-0.714,11.05,0.95,-1.56
509227.687000,0.335,0.004,-0.49,15.23,5.98,-6.2
509227.734000,0.316,0.003,-0.245,15.26,-18.13,-57.5
509227.781000,0.176,0.396,-0.515,49.81,-50.72,-65.25
509227.828000,0.245,0.129,-0.405,-12.57,-61.95,-50.29
509227.875000,0.105,0.4,-0.47,0.89,-99.49,-49.53
509227.921000,0.045,0.247,-0.654,-9.64,-148.17,-14.19
509227.968000,-0.139,0.033,-0.708,5.98,-141.73,-8.42
509228.015000,-0.29,0.228,-0.994,-0.03,-167.88,-18.25
509228.062000,-0.328,0.044,-0.792,73.31,-114.11,-7.78
509228.109000,-0.582,0.3,-1.106,-4.7,-170.84,-9.95
509228.156000,-0.57,-0.034,-0.912,55.91,-122.56,24.6
509228.203000,-0.858,0.153,-0.945,20.39,-151.52,9.06
509228.250000,-0.745,-0.085,-0.7,62.04,-108.92,48.16
509228.296000,-0.957,-0.02,-0.674,13.46,-119.6,18.77
509228.343000,-0.988,0.026,-0.812,21.94,-131.5,52.28
509228.390000,-1.223,0.215,-0.831,-92.56,-168.89,-7.63
509228.437000,-1.152,0.246,-0.893,12.24,-133.06,35.34
509228.484000,-1.151,0.228,-0.792,-26.52,-112.52,15.53
509228.531000,-1.117,0.307,-0.831,-55.24,-98.18,6.32
509228.578000,-1.003,0.211,-0.631,-41.41,-69.55,6.01
509228.625000,-0.958,0.263,-0.598,-35.68,-38.36,-17.21
509228.671000,-0.914,0.329,-0.559,-42.24,-32.99,-17.46
509228.718000,-0.93,0.318,-0.46,-27.68,-9.58,-12.6
509228.765000,-0.912,0.309,-0.407,0.82,-9.16,-8.58
509228.812000,-0.905,0.345,-0.343,-14.89,11.81,-1.59
509228.859000,-0.947,0.279,-0.171,-24.48,14.8,-0.58
509228.906000,-0.953,0.258,-0.15,-6.38,11.14,7.11
509228.953000,-0.97,0.195,-0.118,-6.1,13.25,6.56
509229.000000,-0.967,0.216,-0.127,21.42,7.97,8.12
509229.046000,-0.946,0.208,-0.129,9.03,4.73,5.83
509229.093000,-0.956,0.215,-0.151,13.31,-1.89,5.49
509229.140000,-0.946,0.214,-0.209,4.03,-4.33,4.94
509229.187000,-0.945,0.204,-0.189,5.8,-1.83,0.89
509229.234000,-0.949,0.22,-0.226,2.41,-4.06,0.03
509229.281000,-0.941,0.256,-0.227,5.8,-0.85,-3.14
509229.328000,-0.931,0.221,-0.222,-2.44,-1.46,-1.1
509229.375000,-0.945,0.234,-0.207,3.23,-1.62,-0.49
509229.421000,-0.92,0.261,-0.243,20.54,-1.19,-1.53
509229.468000,-0.95,0.21,-0.275,32.72,5.95,9.03
509229.515000,-0.955,0.15,-0.325,105.38,10.04,-1.19
509229.562000,-0.992,0.102,-0.502,164.25,5.8,6.87
509229.609000,-1.093,-0.115,-0.569,154.67,9.31,10.41
509229.656000,-1.158,-0.323,-0.51,147.56,26.4,-44.86
509229.703000,-1.377,-0.515,-0.453,236.67,3.27,-113.93
509229.750000,-1.385,-0.662,-0.341,263.59,-23.83,-174.35
509229.796000,-1.258,-0.665,-0.37,251.72,-62.56,-228.1
509229.843000,-0.966,-0.652,-0.332,181.16,-45.38,-242.38
509229.890000,-0.752,-0.635,-0.236,87.44,0.12,-233.68
509229.937000,-0.618,-0.611,-0.042,67.14,6.41,-198.31
509229.984000,-0.547,-0.615,-0.004,84.08,10.41,-143.04
509230.031000,-0.401,-0.626,0.041,49.87,5.74,-121.86
509230.078000,-0.378,-0.723,0.054,66.38,9.64,-88.99
509230.125000,-0.265,-0.598,0.13,3.57,7.78,-72.82
509230.171000,-0.157,-0.705,0.119,3.57,-8.45,-10.04
509230.218000,-0.152,-0.732,0.12,-11.17,0.76,-8.94
509230.281000,-0.158,-0.861,0.147,-27.95,-1.25,20.48
509230.343000,-0.227,-0.922,0.27,-42.7,6.74,7.29
509230.390000,-0.162,-0.901,0.208,-5.74,-40.83,57.95
509230.437000,-0.18,-0.952,0.121,-8.58,-14.56,36.26
509230.484000,-0.182,-0.893,0.124,-18.34,-17.7,62.44
509230.531000,-0.327,-1.092,0.157,12.73,-37.05,116.55
509230.578000,-0.455,-0.931,0.042,5.37,24.75,152.41
509230.625000,-0.641,-0.895,0.289,-26.06,-10.74,160.86
509230.671000,-0.656,-0.87,0.087,29.05,-51.03,189.64
509230.718000,-0.692,-0.745,-0.042,-28.32,1.77,133.03
509230.765000,-0.782,-0.615,-0.026,-57.89,83.53,64.09
509230.812000,-0.909,-0.598,0.097,-45.17,93.6,52.16
509230.859000,-0.862,-0.473,-0.151,-4.27,20.23,59.45
509230.906000,-0.902,-0.598,-0.128,12.27,82.19,47.21
509230.953000,-0.985,-0.452,0.051,0.06,66.84,15.47
509231.000000,-0.993,-0.521,0.017,-1.28,36.26,15.38
509231.046000,-0.928,-0.425,-0.053,7.26,-13.58,-5.62
509231.093000,-0.82,-0.468,-0.234,0.7,-15.56,-7.42
509231.140000,-0.818,-0.474,-0.181,15.59,9.0,-15.96
509231.187000,-0.821,-0.435,-0.184,16.08,22.49,-15.93
509231.234000,-0.827,-0.447,-0.061,-3.88,27.16,-18.52
509231.281000,-0.802,-0.39,-0.157,6.78,5.62,-1.04
509231.328000,-0.779,-0.541,-0.17,-4.0,16.57,-0.98
509231.375000,-0.821,-0.525,-0.163,-5.31,17.33,0.61
509231.421000,-0.807,-0.551,-0.158,-5.1,9.74,1.04
509231.468000,-0.787,-0.604,-0.187,-20.48,8.03,3.17
509231.515000,-0.804,-0.575,-0.218,0.4,-3.42,1.46
509231.562000,-0.807,-0.558,-0.211,-14.53,11.9,-8.91
509231.609000,-0.859,-0.506,-0.135,10.38,-6.44,-8.09
509231.656000,-0.798,-0.574,-0.254,-15.99,-13.64,1.89
509231.703000,-0.799,-0.609,-0.247,8.27,-14.53,-5.58
509231.750000,-0.797,-0.562,-0.231,2.56,1.25,-3.08
509231.796000,-0.839,-0.491,-0.138,8.33,2.26,-8.85
509231.843000,-0.835,-0.464,-0.176,2.08,-6.53,0.0
509231.890000,-0.806,-0.58,-0.195,4.39,-6.23,1.19
509231.937000,-0.793,-0.566,-0.174,5.77,-0.46,-5.55
509231.984000,-0.736,-0.577,-0.129,-1.65,-1.53,-4.61
509232.031000,-0.745,-0.54,-0.17,1.01,-4.36,-3.78
509232.078000,-0.736,-0.595,-0.162,-12.15,8.18,1.71
509232.125000,-0.827,-0.556,-0.154,-7.75,2.56,-2.66
509232.171000,-0.859,-0.563,-0.178,-1.22,8.18,7.63
509232.218000,-0.897,-0.548,-0.151,6.35,10.04,-1.37
509232.265000,-0.919,-0.515,-0.172,6.47,3.81,6.41
509232.312000,-0.869,-0.689,-0.154,4.03,-10.59,9.74
509232.359000,-0.849,-0.609,-0.188,9.55,3.6,-2.47
509232.406000,-0.823,-0.585,-0.168,9.8,17.98,7.84
509232.453000,-0.849,-0.499,-0.033,11.05,13.79,-6.62
509232.500000,-0.845,-0.546,-0.018,-2.08,-6.29,-6.53
509232.546000,-0.823,-0.453,-0.159,4.67,-16.08,-3.91
509232.593000,-0.779,-0.556,-0.155,-2.75,-10.19,-6.9
509232.640000,-0.864,-0.58,-0.118,-10.77,2.01,-13.98
509232.687000,-0.784,-0.407,-0.139,-6.62,-3.39,-11.32
509232.734000,-0.774,-0.551,-0.134,-23.65,-12.39,-2.96
509232.781000,-0.791,-0.502,-0.212,-11.9,-1.46,-3.78
509232.828000,-0.79,-0.537,-0.155,-8.0,1.37,-2.84
509232.875000,-0.767,-0.558,-0.26,1.34,-3.72,1.86
509232.921000,-0.809,-0.526,-0.191,0.85,8.73,-3.11
509232.968000,-0.857,-0.575,-0.202,6.44,4.67,1.07
509233.015000,-0.841,-0.588,-0.236,4.12,6.07,3.51
509233.062000,-0.844,-0.563,-0.177,11.6,11.57,-2.01
509233.109000,-0.868,-0.587,-0.145,5.98,4.85,-1.34
509233.156000,-0.853,-0.607,-0.216,-3.81,4.21,-2.38
509233.203000,-0.831,-0.596,-0.191,7.9,2.47,-10.47
509233.250000,-0.769,-0.633,-0.199,11.02,3.85,-5.65
509233.296000,-0.762,-0.63,-0.187,2.96,4.12,-9.28
509233.343000,-0.736,-0.553,-0.173,7.63,9.37,-14.56
509233.390000,-0.727,-0.578,-0.166,-5.07,-4.73,-0.67
509233.437000,-0.694,-0.652,-0.281,-0.09,2.9,1.5
509233.484000,-0.672,-0.676,-0.217,7.42,3.75,1.98
509233.531000,-0.717,-0.663,-0.163,-1.95,11.93,-3.51
509233.578000,-0.767,-0.522,-0.167,-0.4,-6.65,-3.11
509233.625000,-0.747,-0.563,-0.227,0.18,-9.86,8.27
509233.671000,-0.739,-0.669,-0.208,-9.74,0.15,5.22
509233.718000,-0.774,-0.607,-0.181,-2.81,1.92,-1.19
509233.765000,-0.788,-0.551,-0.154,-7.81,-0.46,-3.05
509233.812000,-0.787,-0.568,-0.181,-23.41,-11.51,0.4
509233.859000,-0.781,-0.639,-0.225,-24.9,-1.25,4.24
509233.921000,-0.821,-0.589,-0.173,-9.13,0.12,-2.11
509233.968000,-0.829,-0.558,-0.178,-7.14,0.27,0.09
509234.031000,-0.866,-0.532,-0.166,-2.23,-6.29,-0.18
509234.078000,-0.849,-0.555,-0.222,-4.43,-4.61,0.21
509234.125000,-0.82,-0.583,-0.203,-4.33,0.09,-7.11
509234.171000,-0.794,-0.541,-0.244,-6.32,1.16,-5.86
509234.218000,-0.733,-0.563,-0.214,-6.23,10.16,-7.9
509234.265000,-0.712,-0.537,-0.274,-4.33,15.5,3.48
509234.312000,-0.753,-0.559,-0.236,2.84,30.43,6.71
509234.359000,-0.804,-0.558,-0.228,5.86,29.39,13.37
509234.406000,-0.829,-0.6,-0.218,3.63,15.29,8.0
509234.453000,-0.779,-0.552,-0.265,-0.12,-2.81,5.46
509234.500000,-0.682,-0.72,-0.312,-14.83,-26.03,12.67
509234.546000,-0.631,-0.833,-0.377,-11.51,-8.21,4.18
509234.593000,-0.766,-0.709,-0.26,3.11,11.2,-13.25
509234.640000,-0.809,-0.518,-0.26,-8.67,-32.93,-2.99
509234.687000,-0.772,-0.652,-0.362,-9.8,-26.37,1.83
509234.734000,-0.851,-0.477,-0.288,18.62,21.24,-17.06
509234.781000,-0.842,-0.55,-0.158,19.01,-0.82,11.11
509234.828000,-0.774,-0.85,-0.277,1.22,-6.59,-3.91
509234.875000,-0.733,-0.425,-0.14,25.85,26.73,-28.63
509234.921000,-0.745,-0.645,-0.208,-22.46,-5.71,21.45
509234.968000,-0.783,-0.818,-0.126,11.63,26.18,-14.71
509235.015000,-0.777,-0.595,-0.013,5.04,3.05,-28.78
509235.062000,-0.695,-0.477,-0.148,7.26,-26.12,-15.35
509235.109000,-0.677,-0.607,-0.171,-8.55,-6.56,0.85
509235.156000,-0.728,-0.671,-0.173,10.65,-17.43,-2.69
509235.203000,-0.734,-0.671,-0.246,-12.39,-13.82,-3.48
509235.250000,-0.734,-0.677,-0.335,8.06,-5.95,0.92
509235.296000,-0.743,-0.603,-0.295,1.71,8.55,-0.58
509235.343000,-0.728,-0.667,-0.168,-2.9,10.53,5.95
509235.390000,-0.727,-0.558,-0.153,13.49,9.89,-0.49
509235.437000,-0.783,-0.499,-0.075,7.84,-1.16,0.27
509235.500000,-0.762,-0.603,-0.21,3.85,-15.5,3.75
509235.546000,-0.756,-0.71,-0.204,-2.01,-8.24,-2.9
509235.593000,-0.767,-0.604,-0.277,5.25,-10.59,-5.92
509235.640000,-0.741,-0.631,-0.204,6.74,2.01,3.39
509235.687000,-0.716,-0.574,-0.255,19.32,6.1,-2.69
509235.734000,-0.787,-0.517,-0.173,11.11,8.48,4.21
509235.781000,-0.761,-0.576,-0.101,6.01,14.59,4.24
509235.828000,-0.782,-0.675,-0.165,8.58,-3.23,12.3
509235.875000,-0.793,-0.658,-0.111,-4.94,-0.15,3.45
509235.921000,-0.785,-0.658,-0.184,6.07,-6.44,1.53
509235.968000,-0.788,-0.618,-0.172,-9.06,0.21,-6.13
509236.015000,-0.751,-0.608,-0.195,2.32,-2.62,-2.17
509236.062000,-0.753,-0.591,-0.172,-9.77,2.26,-7.23
509236.109000,-0.731,-0.602,-0.193,-1.62,3.17,-4.91
509236.156000,-0.743,-0.648,-0.18,-8.55,8.06,-1.31
509236.203000,-0.776,-0.666,-0.147,7.78,4.09,-1.19
509236.250000,-0.76,-0.645,-0.155,1.53,2.69,-6.13
509236.296000,-0.769,-0.63,-0.158,-2.62,-3.57,-8.76
509236.343000,-0.748,-0.619,-0.181,-9.06,-5.28,-0.95
509236.390000,-0.743,-0.658,-0.152,-5.19,-2.14,-5.16
509236.437000,-0.752,-0.649,-0.184,-7.39,-2.87,-5.55
509236.484000,-0.734,-0.688,-0.138,-11.38,-9.25,-10.22
509236.531000,-0.693,-0.716,-0.195,0.46,-0.89,-14.4
509236.578000,-0.685,-0.729,-0.127,-6.74,-6.81,-16.02
509236.625000,-0.652,-0.677,-0.196,-0.4,4.94,-7.57
509236.671000,-0.663,-0.657,-0.113,-10.77,7.97,-6.71
509236.734000,-0.704,-0.693,-0.17,-9.28,-5.83,0.73
509236.781000,-0.693,-0.652,-0.237,-4.97,-1.95,-10.35
509236.828000,-0.758,-0.584,-0.129,11.9,17.3,-11.96
509236.875000,-0.762,-0.722,-0.124,11.66,7.6,7.29
509236.921000,-0.696,-0.831,-0.183,4.49,-5.28,-1.19
509236.968000,-0.641,-0.759,-0.195,13.03,4.15,-21.27
509237.015000,-0.694,-0.648,-0.118,-5.95,15.87,-19.41
509237.062000,-0.659,-0.681,-0.158,1.59,1.5,-5.95
509237.109000,-0.677,-0.659,-0.204,-3.33,4.76,7.69
509237.156000,-0.702,-0.714,-0.128,-0.58,0.06,10.35
509237.203000,-0.678,-0.712,-0.237,16.69,-10.5,17.67
509237.250000,-0.701,-0.717,-0.198,6.9,-2.96,11.63
509237.296000,-0.69,-0.728,-0.186,9.31,-2.44,10.01
509237.343000,-0.729,-0.685,-0.144,11.6,-6.47,11.54
509237.390000,-0.708,-0.706,-0.157,5.34,-8.73,12.97
509237.437000,-0.736,-0.698,-0.118,4.85,-6.35,1.59
509237.484000,-0.722,-0.688,-0.106,-20.91,-5.22,-2.23
509237.531000,-0.719,-0.7,-0.117,-7.32,1.37,-7.97
509237.578000,-0.701,-0.666,-0.161,1.65,0.82,-4.55
509237.625000,-0.701,-0.685,-0.147,-4.49,3.14,-4.09
509237.671000,-0.681,-0.692,-0.156,-0.09,4.82,-6.07
509237.718000,-0.703,-0.685,-0.156,-1.07,9.25,-0.98
509237.765000,-0.716,-0.673,-0.154,6.07,-0.09,2.69
509237.812000,-0.708,-0.728,-0.145,4.03,4.88,1.07
509237.859000,-0.7,-0.678,-0.163,12.67,-2.99,1.28
509237.906000,-0.705,-0.71,-0.136,3.14,0.55,5.8
509237.953000,-0.703,-0.732,-0.129,5.1,-1.71,-0.4
509238.000000,-0.723,-0.673,-0.143,-9.4,-1.04,-1.59
509238.046000,-0.704,-0.712,-0.123,-2.5,-2.62,-4.91
509238.093000,-0.698,-0.697,-0.156,-3.97,2.72,-3.81
509238.140000,-0.704,-0.695,-0.126,-3.14,-0.58,-4.03
509238.187000,-0.695,-0.687,-0.163,-4.09,-2.01,-2.84
509238.234000,-0.682,-0.694,-0.155,-7.29,1.19,-2.5
509238.281000,-0.676,-0.685,-0.151,0.55,0.98,-4.61
509238.328000,-0.686,-0.718,-0.154,0.89,-0.7,1.19
509238.375000,-0.702,-0.698,-0.172,3.88,2.84,-0.15
509238.421000,-0.702,-0.707,-0.146,3.39,6.2,2.72
509238.468000,-0.695,-0.726,-0.145,3.2,-0.58,2.41
509238.515000,-0.691,-0.711,-0.156,-8.12,1.95,-1.59
509238.562000,-0.69,-0.708,-0.17,11.38,-3.08,0.09
509238.609000,-0.696,-0.721,-0.137,-3.78,3.51,-1.89
509238.656000,-0.697,-0.693,-0.125,2.84,-0.21,-1.77
509238.703000,-0.685,-0.702,-0.171,-2.72,-1.71,-2.62
509238.750000,-0.68,-0.718,-0.138,-0.27,-0.89,-1.86
509238.796000,-0.687,-0.696,-0.148,-1.31,7.17,-3.23
509238.843000,-0.699,-0.707,-0.143,6.53,2.5,-2.56
509238.890000,-0.694,-0.694,-0.13,-1.98,5.89,-1.25
509238.937000,-0.695,-0.751,-0.09,-4.09,-9.77,-6.5
509238.984000,-0.652,-0.718,-0.139,-0.82,4.3,-4.85
509239.046000,-0.678,-0.715,-0.137,10.04,0.98,-2.08
509239.093000,-0.689,-0.685,-0.12,6.16,-3.54,7.6
509239.140000,-0.663,-0.688,-0.157,6.62,-2.04,7.57
509239.187000,-0.672,-0.708,-0.132,0.98,1.86,6.41
509239.234000,-0.706,-0.624,-0.126,-17.55,5.25,4.52
509239.281000,-0.695,-0.714,-0.116,-7.9,-4.15,28.14
509239.328000,-0.718,-0.728,-0.1,-7.23,4.21,29.73
509239.375000,-0.738,-0.736,-0.138,10.65,0.34,20.66
509239.421000,-0.77,-0.652,-0.144,-1.98,12.24,16.14
509239.468000,-0.757,-0.683,-0.167,14.62,-9.46,29.05
509239.531000,-0.775,-0.628,-0.164,1.16,-5.4,23.38
509239.578000,-0.817,-0.616,-0.088,-4.52,-14.25,25.76
509239.625000,-0.806,-0.6,-0.114,0.61,-16.33,18.8
509239.671000,-0.795,-0.624,-0.1,-16.42,2.01,3.69
509239.718000,-0.797,-0.605,-0.122,-0.7,-0.95,-2.32
509239.765000,-0.787,-0.552,-0.123,-5.16,1.34,-2.5
509239.812000,-0.778,-0.643,-0.109,-0.55,10.16,-0.58
509239.859000,-0.798,-0.561,-0.109,4.46,2.01,-0.73
509239.906000,-0.788,-0.621,-0.089,1.95,7.63,-1.22
509239.953000,-0.807,-0.565,-0.123,1.25,-8.55,7.51
509240.000000,-0.789,-0.591,-0.103,-3.45,-1.37,1.83
509240.046000,-0.797,-0.587,-0.114,-5.58,-1.8,-3.78
509240.093000,-0.785,-0.584,-0.123,-6.93,-6.2,-4.36
509240.140000,-0.784,-0.613,-0.145,-0.46,6.13,-5.25
509240.203000,-0.81,-0.576,-0.122,-2.14,1.98,-4.12
509240.250000,-0.763,-0.636,-0.174,0.18,6.87,-5.89
509240.296000,-0.816,-0.582,-0.123,-5.37,11.51,-15.96
509240.343000,-0.766,-0.628,-0.172,7.63,14.77,4.43
509240.390000,-0.777,-0.591,-0.157,21.12,14.01,0.46
509240.437000,-0.835,-0.63,-0.031,-2.84,-21.97,16.82
509240.484000,-0.767,-0.608,-0.116,15.05,-6.99,14.37
509240.531000,-0.796,-0.569,-0.074,13.21,-4.88,6.84
509240.578000,-0.803,-0.59,-0.077,-4.52,-11.87,-3.75
509240.625000,-0.764,-0.609,-0.15,4.39,-1.4,-1.37
509240.671000,-0.799,-0.58,-0.112,-1.13,6.81,-10.86
509240.718000,-0.816,-0.626,-0.078,-25.03,-9.86,-4.46
509240.765000,-0.773,-0.652,-0.194,10.38,12.24,-7.29
509240.812000,-0.822,-0.645,-0.014,-17.49,16.54,-20.11
509240.859000,-0.774,-0.613,-0.143,-5.16,-2.75,-12.7
509240.906000,-0.769,-0.63,-0.115,-4.82,3.91,-4.64
509240.953000,-0.777,-0.635,-0.129,-3.48,-2.26,-5.52
509241.000000,-0.763,-0.654,-0.145,1.01,-0.34,-2.35
509241.062000,-0.777,-0.608,-0.105,7.23,-6.32,3.23
509241.109000,-0.709,-0.627,-0.202,14.62,9.06,6.81
509241.156000,-0.718,-0.6,-0.165,29.63,-2.47,14.95
509241.203000,-0.773,-0.625,-0.107,17.58,1.19,11.08
509241.250000,-0.784,-0.602,-0.096,9.89,6.47,1.92
509241.296000,-0.793,-0.615,-0.071,-1.46,-0.49,1.13
509241.343000,-0.789,-0.62,-0.103,-15.66,2.5,-11.02
509241.390000,-0.771,-0.622,-0.073,-15.87,-1.46,-4.64
509241.437000,-0.773,-0.726,-0.134,6.01,10.35,-5.43
509241.484000,-0.799,-0.633,-0.092,8.76,2.87,-6.53
509241.531000,-0.774,-0.628,-0.115,-10.93,5.19,-7.51
509241.578000,-0.76,-0.617,-0.138,-4.88,2.53,-5.37
509241.625000,-0.765,-0.632,-0.085,-9.19,-1.16,-6.07
509241.671000,-0.763,-0.673,-0.116,-0.31,-3.23,-1.95
509241.718000,-0.743,-0.618,-0.133,10.22,-2.93,6.71
509241.765000,-0.765,-0.673,-0.127,9.4,-7.48,7.05
509241.812000,-0.764,-0.606,-0.14,4.06,4.76,3.39
509241.859000,-0.761,-0.644,-0.085,10.86,-0.12,6.93
509241.906000,-0.767,-0.628,-0.109,7.45,3.11,3.94
509241.953000,-0.779,-0.627,-0.068,6.81,2.32,1.77
509242.000000,-0.777,-0.629,-0.095,-6.32,-2.41,-0.46
509242.046000,-0.765,-0.632,-0.089,-21.73,-10.07,-3.39
509242.093000,-0.748,-0.654,-0.116,-11.66,0.76,-4.33
509242.140000,-0.763,-0.566,-0.203,8.79,17.94,-5.52
509242.187000,-0.757,-0.644,-0.141,10.07,2.87,-0.24
509242.234000,-0.771,-0.636,-0.114,-7.11,5.77,-4.39
509242.281000,-0.757,-0.642,-0.15,-1.07,11.29,-4.18
509242.328000,-0.754,-0.625,-0.166,3.94,5.43,-1.89
509242.375000,-0.752,-0.674,-0.132,-1.53,0.82,0.34
509242.421000,-0.759,-0.631,-0.133,-6.41,-1.01,-0.03
509242.468000,-0.754,-0.654,-0.143,-1.16,2.29,3.75
509242.515000,-0.756,-0.638,-0.14,1.46,9.13,6.53
509242.562000,-0.765,-0.635,-0.14,3.75,2.87,3.2
509242.625000,-0.807,-0.644,0.013,-15.38,-41.84,3.57
509242.671000,-0.809,-0.649,-0.069,3.69,10.86,0.09
509242.718000,-0.775,-0.609,-0.118,9.61,-1.5,2.29
509242.765000,-0.773,-0.634,-0.111,6.59,-0.82,4.3
509242.812000,-0.767,-0.621,-0.141,16.54,-6.84,9.13
509242.859000,-0.776,-0.617,-0.107,7.54,-4.94,4.06
509242.906000,-0.777,-0.607,-0.1,-5.34,-5.95,-1.5
509242.953000,-0.783,-0.589,-0.124,-20.48,-7.35,-2.11
509243.000000,-0.757,-0.658,-0.124,-17.4,-3.51,-0.85
509243.046000,-0.776,-0.631,-0.115,-3.85,10.19,-8.76
509243.093000,-0.792,-0.66,-0.156,9.86,13.09,-3.75
509243.140000,-0.785,-0.657,-0.129,9.49,0.21,-4.09
509243.187000,-0.788,-0.636,-0.105,-9.22,4.55,-7.17
509243.234000,-0.764,-0.616,-0.14,-1.31,6.93,-4.18
509243.281000,-0.747,-0.611,-0.124,-8.55,-0.82,-7.78
509243.328000,-0.76,-0.65,-0.161,2.38,-0.12,-1.77
509243.375000,-0.758,-0.613,-0.113,4.82,-1.1,7.75
509243.421000,-0.725,-0.646,-0.166,8.67,-7.39,8.24
509243.468000,-0.783,-0.627,-0.116,9.67,8.55,2.78
509243.515000,-0.776,-0.632,-0.097,15.08,-7.81,9.86
509243.562000,-0.765,-0.641,-0.104,14.89,1.62,5.71
509243.609000,-0.779,-0.592,-0.089,20.69,9.95,-6.74
509243.656000,-0.783,-0.611,-0.085,7.17,0.21,-0.43
509243.703000,-0.775,-0.621,-0.125,-5.31,2.93,-8.42
509243.750000,-0.79,-0.6,-0.072,-27.22,-3.81,-2.93
509243.796000,-0.748,-0.697,-0.126,-15.5,-6.74,-7.39
509243.843000,-0.754,-0.632,-0.14,-6.9,10.96,-6.87
509243.890000,-0.75,-0.611,-0.138,-10.01,23.26,-9.7
509243.937000,-0.719,-0.635,-0.186,5.16,-4.97,-4.73
509243.984000,-0.756,-0.659,-0.119,-8.76,5.37,-0.76
509244.031000,-0.75,-0.647,-0.148,-3.3,2.75,-2.81
509244.078000,-0.74,-0.635,-0.138,-1.95,-0.98,-1.37
509244.125000,-0.753,-0.672,-0.134,2.9,0.0,1.28
509244.171000,-0.737,-0.617,-0.143,5.77,0.55,5.8
509244.218000,-0.741,-0.686,-0.172,19.9,-11.78,13.12
509244.265000,-0.776,-0.624,-0.115,14.1,5.58,4.67
509244.312000,-0.754,-0.669,-0.09,20.14,-14.47,12.3
509244.359000,-0.745,-0.642,-0.122,17.67,-0.82,6.35
509244.406000,-0.773,-0.614,-0.09,12.27,4.39,-0.37
509244.453000,-0.769,-0.644,-0.049,2.29,-2.53,-0.98
509244.500000,-0.76,-0.635,-0.103,-3.97,3.69,-7.26
509244.546000,-0.776,-0.611,-0.059,-26.03,-4.39,-4.85
509244.593000,-0.738,-0.68,-0.117,-15.87,-3.14,-4.39
509244.640000,-0.751,-0.643,-0.13,-4.64,7.05,-6.32
509244.703000,-0.758,-0.597,-0.068,-27.89,22.86,-13.12
509244.750000,-0.721,-0.652,-0.164,0.79,-5.62,-3.45
509244.812000,-0.754,-0.647,-0.12,-1.98,1.37,-3.63
509244.859000,-0.746,-0.661,-0.115,0.21,-0.34,-2.23
509244.906000,-0.754,-0.664,-0.13,-1.65,-1.16,0.21
509244.953000,-0.738,-0.667,-0.13,-3.3,-0.79,-0.64
509245.000000,-0.735,-0.655,-0.127,5.77,3.17,4.91
509245.046000,-0.758,-0.639,-0.117,-3.57,-2.08,-0.55
509245.093000,-0.741,-0.635,-0.152,0.27,7.51,-1.28
509245.140000,-0.754,-0.656,-0.11,18.22,6.26,6.65
509245.187000,-0.771,-0.694,-0.054,17.98,-16.69,12.97
509245.234000,-0.774,-0.645,-0.061,3.33,-4.52,3.11
509245.281000,-0.76,-0.624,-0.096,11.05,-1.56,0.76
509245.328000,-0.769,-0.653,-0.06,-7.51,-5.65,0.73
509245.375000,-0.751,-0.598,-0.107,-18.71,1.43,-11.35
509245.421000,-0.755,-0.694,-0.073,-23.35,-0.37,-2.62
509245.468000,-0.744,-0.694,-0.107,-4.24,2.44,-7.39
509245.515000,-0.79,-0.693,-0.007,-16.02,3.27,-7.35
509245.562000,-0.76,-0.648,-0.11,-8.21,1.34,-6.2
509245.609000,-0.74,-0.648,-0.131,-6.87,-1.28,-3.23
509245.656000,-0.732,-0.646,-0.214,5.71,3.08,2.17
509245.703000,-0.746,-0.649,-0.166,2.01,3.11,-0.95
509245.750000,-0.746,-0.67,-0.141,4.67,-3.17,4.7
509245.796000,-0.745,-0.628,-0.145,8.67,1.28,5.65
509245.843000,-0.754,-0.678,-0.111,0.09,-13.18,10.07
509245.890000,-0.767,-0.656,-0.103,2.29,7.42,-2.01
509245.937000,-0.769,-0.625,-0.081,13.64,-6.44,6.81
509245.984000,-0.738,-0.699,-0.126,20.94,-13.76,11.78
509246.031000,-0.768,-0.629,-0.091,16.48,0.55,-2.17
509246.078000,-0.763,-0.631,-0.079,1.74,3.91,-0.76
509246.125000,-0.748,-0.668,-0.1,-8.82,-0.55,-5.01
509246.171000,-0.758,-0.626,-0.076,-16.33,1.98,-6.38
509246.218000,-0.746,-0.672,-0.095,-14.95,0.37,-1.5
509246.265000,-0.745,-0.658,-0.116,-5.49,8.21,-6.1
509246.312000,-0.728,-0.596,-0.173,4.36,27.1,-2.11
509246.359000,-0.726,-0.679,-0.164,5.58,-7.26,1.19
509246.406000,-0.746,-0.667,-0.116,-0.64,2.5,-3.08
509246.453000,-0.747,-0.654,-0.136,-1.22,1.92,-1.71
509246.500000,-0.742,-0.659,-0.128,-3.85,-2.84,-0.06
509246.546000,-0.743,-0.68,-0.139,-2.78,0.4,0.18
509246.593000,-0.744,-0.654,-0.122,5.52,0.27,3.88
509246.640000,-0.735,-0.648,-0.137,2.47,1.53,2.29
509246.687000,-0.704,-0.672,-0.22,25.42,7.72,8.0
509246.734000,-0.749,-0.649,-0.131,23.47,8.91,3.94
509246.781000,-0.784,-0.664,-0.008,1.25,-26.25,11.63
509246.828000,-0.736,-0.649,-0.117,-7.05,-0.64,2.84
509246.875000,-0.748,-0.65,-0.104,8.76,0.55,-1.71
509246.921000,-0.764,-0.644,-0.088,-14.53,-5.13,-2.53
509246.968000,-0.748,-0.652,-0.11,-22.74,-3.39,-6.56
509247.015000,-0.74,-0.676,-0.113,-9.09,4.43,-9.37
509247.062000,-0.714,-0.6,-0.212,13.21,28.75,-7.9
509247.109000,-0.761,-0.654,-0.167,18.71,4.94,0.03
509247.156000,-0.728,-0.694,-0.143,-2.53,5.95,-3.51
509247.203000,-0.731,-0.676,-0.116,-8.12,6.96,-8.18
509247.250000,-0.723,-0.682,-0.111,-4.91,-0.06,-5.16
509247.296000,-0.738,-0.676,-0.166,10.9,0.61,-4.3
509247.343000,-0.726,-0.635,-0.124,6.9,-4.97,8.15
509247.390000,-0.678,-0.703,-0.181,15.59,-7.66,9.13
509247.437000,-0.734,-0.666,-0.125,0.24,15.38,0.73
509247.484000,-0.745,-0.662,-0.106,17.46,-14.77,13.46
509247.531000,-0.745,-0.675,-0.079,17.09,-0.58,10.35
509247.578000,-0.743,-0.657,-0.095,13.34,2.14,2.72
509247.625000,-0.754,-0.661,-0.085,3.75,0.15,0.37
509247.687000,-0.745,-0.639,-0.115,-16.42,1.19,-9.83
509247.734000,-0.762,-0.65,-0.051,-34.21,-7.87,-3.97
509247.781000,-0.717,-0.686,-0.116,-15.05,-5.1,-10.19
509247.828000,-0.753,-0.61,-0.012,-29.45,15.9,-15.47
509247.875000,-0.696,-0.691,-0.15,1.74,-6.47,-4.46
509247.921000,-0.735,-0.688,-0.139,-3.05,1.34,-4.09
509247.968000,-0.733,-0.699,-0.163,9.4,1.65,1.37
509248.015000,-0.735,-0.703,-0.151,4.52,1.98,-4.24
509248.062000,-0.738,-0.658,-0.133,12.42,0.12,4.24
509248.109000,-0.718,-0.685,-0.154,17.64,-4.06,11.99
509248.156000,-0.778,-0.67,-0.07,7.42,7.35,10.44
509248.203000,-0.711,-0.654,-0.151,30.7,-3.81,15.9
509248.250000,-0.753,-0.671,-0.103,19.65,2.56,7.32
509248.296000,-0.74,-0.669,-0.091,20.26,2.62,1.98
509248.343000,-0.761,-0.635,-0.067,0.82,0.67,-5.95
509248.390000,-0.742,-0.661,-0.115,-29.48,-9.09,-7.51
509248.437000,-0.736,-0.683,-0.074,-28.75,-9.13,-0.31
509248.484000,-0.72,-0.713,-0.101,-16.69,-5.49,-2.56
509248.531000,-0.712,-0.631,-0.132,1.1,18.89,-3.39
509248.578000,-0.736,-0.693,-0.049,-15.99,-2.62,-2.53
509248.625000,-0.74,-0.675,-0.117,-10.56,-0.98,-9.0
509248.671000,-0.72,-0.678,-0.104,-5.16,1.95,-2.75
509248.734000,-0.727,-0.673,-0.216,13.95,9.09,3.6
509248.781000,-0.709,-0.684,-0.14,-3.27,-0.98,-0.52
509248.828000,-0.729,-0.68,-0.131,8.15,0.55,4.91
509248.875000,-0.724,-0.658,-0.125,3.17,6.13,6.59
509248.921000,-0.665,-0.7,-0.262,47.36,6.99,13.98
509248.968000,-0.736,-0.638,-0.082,24.81,1.86,14.68
509249.031000,-0.754,-0.68,-0.098,12.15,0.24,6.59
509249.078000,-0.731,-0.652,-0.088,15.93,7.9,0.61
509249.125000,-0.748,-0.639,-0.063,-5.16,-2.75,0.06
509249.171000,-0.735,-0.673,-0.114,-16.36,-5.43,-3.23
509249.218000,-0.751,-0.663,-0.066,-24.51,-3.63,-3.2
509249.265000,-0.723,-0.706,-0.116,-11.54,-0.31,-6.23
509249.312000,-0.689,-0.613,-0.254,23.44,34.46,0.73
509249.359000,-0.804,-0.71,-0.069,3.33,0.89,-1.56
509249.406000,-0.732,-0.664,-0.158,-5.55,1.56,-6.1
509249.453000,-0.731,-0.666,-0.092,-14.98,-1.56,-3.72
509249.500000,-0.735,-0.715,-0.11,1.31,1.98,-0.27
509249.562000,-0.715,-0.698,-0.131,5.13,-0.89,-1.68
509249.609000,-0.723,-0.651,-0.141,11.99,-1.34,8.33
509249.656000,-0.717,-0.692,-0.105,3.69,-6.04,7.14
509249.703000,-0.713,-0.69,-0.163,10.62,3.85,5.01
509249.750000,-0.728,-0.671,-0.11,11.47,4.67,4.0
509249.796000,-0.748,-0.65,-0.116,18.31,1.37,6.29
509249.843000,-0.749,-0.678,-0.089,7.39,2.08,4.3
509249.890000,-0.741,-0.661,-0.096,5.31,-4.61,0.37
509249.937000,-0.731,-0.663,-0.101,3.39,-2.81,-1.8
509249.984000,-0.732,-0.673,-0.098,13.31,2.59,-2.23
509250.031000,-0.721,-0.662,-0.083,-2.81,1.19,-3.54
509250.078000,-0.741,-0.651,-0.123,-20.2,1.8,-13.76
509250.125000,-0.734,-0.701,-0.076,-19.35,-4.79,-6.1
509250.171000,-0.687,-0.575,-0.244,3.81,23.22,-7.26
509250.218000,-0.699,-0.685,-0.136,2.26,-0.89,-1.92
509250.265000,-0.717,-0.689,-0.109,-2.84,-5.4,-0.76
509250.312000,-0.709,-0.708,-0.132,-1.65,-1.56,0.85
509250.359000,-0.707,-0.679,-0.132,-0.82,3.51,-1.13
509250.421000,-0.713,-0.674,-0.129,1.5,1.71,0.52
509250.468000,-0.72,-0.698,-0.114,4.12,5.16,4.43
509250.515000,-0.734,-0.687,-0.059,-1.04,-0.58,-2.14
509250.562000,-0.722,-0.67,-0.135,16.39,5.98,8.48
509250.609000,-0.706,-0.748,-0.106,37.26,-26.31,22.71
509250.656000,-0.745,-0.68,-0.023,9.8,1.1,4.3
509250.703000,-0.735,-0.667,-0.079,18.52,3.08,-1.01
509250.750000,-0.739,-0.638,-0.026,-9.46,-2.5,-4.0
509250.796000,-0.716,-0.68,-0.057,-36.04,-11.35,-6.2
509250.843000,-0.722,-0.676,-0.103,-18.68,-0.95,-5.25
509250.890000,-0.728,-0.683,-0.068,-11.96,5.46,-7.54
509250.937000,-0.733,-0.642,-0.256,23.1,23.26,3.57
509250.984000,-0.74,-0.716,-0.14,14.89,0.98,3.14
509251.031000,-0.727,-0.706,-0.062,-10.19,2.23,-5.25
509251.078000,-0.706,-0.672,-0.141,-1.83,2.32,-1.83
509251.125000,-0.707,-0.66,-0.176,-2.78,5.13,0.76
509251.171000,-0.704,-0.711,-0.118,-3.66,0.21,0.21
509251.218000,-0.72,-0.687,-0.143,7.08,1.74,3.97
509251.265000,-0.732,-0.698,-0.077,2.78,-8.88,0.12
509251.312000,-0.674,-0.698,-0.219,25.73,3.57,13.37
509251.375000,-0.751,-0.723,-0.073,24.75,-11.84,12.51
509251.421000,-0.741,-0.659,-0.078,14.98,0.21,8.12
509251.468000,-0.728,-0.662,-0.071,14.62,5.86,-1.56
509251.515000,-0.735,-0.673,-0.071,-8.33,-4.12,-1.68
509251.562000,-0.73,-0.657,-0.081,-32.65,-3.42,-9.16
509251.609000,-0.725,-0.681,-0.099,-19.5,-4.39,-4.58
509251.656000,-0.723,-0.712,-0.08,-16.57,-0.92,-4.33
509251.703000,-0.745,-0.66,0.006,-27.53,15.29,-15.78
509251.750000,-0.739,-0.67,-0.108,-13.52,2.23,-8.82
509251.796000,-0.711,-0.688,-0.122,-4.36,5.68,-5.1
509251.843000,-0.732,-0.695,-0.078,-6.71,3.11,-4.73
509251.890000,-0.725,-0.689,-0.12,-5.01,-6.44,-2.69
509251.937000,-0.711,-0.705,-0.144,-0.55,-2.9,0.15
509251.984000,-0.719,-0.687,-0.135,8.64,0.31,4.49
509252.031000,-0.726,-0.665,-0.132,5.31,-0.89,5.58
509252.078000,-0.694,-0.703,-0.187,12.24,-5.71,10.93
509252.125000,-0.76,-0.686,-0.053,7.23,5.98,6.44
509252.171000,-0.728,-0.659,-0.132,10.68,1.62,6.35
509252.218000,-0.729,-0.675,-0.117,17.21,-0.82,6.56
509252.265000,-0.736,-0.668,-0.094,9.64,-4.15,5.34
509252.312000,-0.736,-0.684,-0.077,5.34,-0.64,1.1
509252.359000,-0.73,-0.666,-0.111,-7.72,0.76,-5.62
509252.406000,-0.741,-0.662,-0.081,-28.14,-8.76,-6.07
509252.453000,-0.723,-0.705,-0.101,-20.2,-5.58,-6.71
509252.500000,-0.712,-0.599,-0.24,13.46,26.67,-8.0
509252.546000,-0.696,-0.683,-0.153,-0.46,-4.67,-2.69
509252.593000,-0.709,-0.691,-0.099,-11.84,1.86,-5.77
509252.640000,-0.708,-0.685,-0.048,-26.4,2.56,-9.0
509252.687000,-0.72,-0.718,-0.085,-2.41,1.13,-3.27
509252.734000,-0.711,-0.684,-0.139,-7.11,-1.5,-4.03
509252.781000,-0.691,-0.679,-0.144,-4.3,-2.08,-1.13
509252.828000,-0.708,-0.705,-0.098,-21.91,-6.87,2.59
509252.875000,-0.691,-0.709,-0.182,-12.57,-7.14,3.85
509252.921000,-0.707,-0.709,-0.177,-0.27,6.26,-2.38
509252.968000,-0.71,-0.674,-0.179,6.87,8.7,7.69
509253.015000,-0.696,-0.686,-0.165,2.59,14.59,5.19
509253.062000,-0.733,-0.663,-0.148,15.59,17.58,3.08
509253.109000,-0.784,-0.628,-0.102,-4.91,-14.62,-0.37
509253.156000,-0.523,-0.69,-0.501,84.14,-7.6,41.05
509253.203000,-0.719,-0.717,-0.1,29.05,11.41,4.33
509253.250000,-0.75,-0.656,-0.085,18.16,0.98,12.18
509253.312000,-0.738,-0.684,-0.113,17.67,-16.51,11.51
509253.359000,-0.747,-0.633,-0.099,8.18,-2.23,0.79
509253.406000,-0.751,-0.656,-0.099,-16.66,-7.54,-1.07
509253.453000,-0.741,-0.685,-0.096,-29.45,3.51,-9.09
509253.500000,-0.742,-0.686,-0.083,-11.41,3.51,-6.99
509253.546000,-0.734,-0.676,-0.112,-12.63,-0.43,-6.44
509253.593000,-0.696,-0.607,-0.151,-16.24,16.39,-7.66
509253.640000,-0.691,-0.688,-0.128,-8.91,-7.39,-5.43
509253.687000,-0.717,-0.679,-0.129,-7.97,-3.17,-4.15
509253.734000,-0.718,-0.692,-0.153,-5.52,0.49,-1.83
509253.781000,-0.724,-0.688,-0.152,-2.35,-0.09,0.52
509253.828000,-0.726,-0.702,-0.158,3.54,2.78,0.95
509253.875000,-0.713,-0.66,-0.153,6.71,4.12,5.86
509253.921000,-0.74,-0.703,-0.094,7.69,-9.37,5.68
509253.968000,-0.716,-0.663,-0.154,11.51,10.47,4.12
509254.015000,-0.749,-0.675,-0.126,31.34,-11.63,14.68
509254.062000,-0.736,-0.669,-0.096,10.07,1.28,7.81
509254.109000,-0.734,-0.654,-0.095,12.12,3.48,0.12
509254.156000,-0.755,-0.646,-0.074,-6.81,-3.91,-1.37
509254.203000,-0.731,-0.685,-0.102,-23.47,-6.84,-5.1
509254.250000,-0.733,-0.677,-0.117,-6.96,1.28,-8.3
509254.296000,-0.729,-0.672,-0.224,18.86,18.13,-0.34
509254.343000,-0.759,-0.739,0.024,-26.58,2.14,-9.64
509254.390000,-0.735,-0.646,-0.133,-6.99,7.14,-8.51
509254.437000,-0.719,-0.669,-0.145,-0.4,0.09,-0.15
509254.484000,-0.721,-0.691,-0.107,-0.95,-0.12,-1.8
509254.531000,-0.721,-0.68,-0.118,-5.55,0.76,-0.43
509254.578000,-0.719,-0.725,-0.121,10.62,2.23,-3.11
509254.625000,-0.721,-0.678,-0.078,4.3,1.28,1.16
509254.671000,-0.685,-0.708,-0.194,34.09,-6.99,14.1
509254.718000,-0.767,-0.689,-0.028,9.22,5.28,4.3
509254.765000,-0.724,-0.673,-0.091,18.16,-10.28,9.89
509254.812000,-0.733,-0.662,-0.072,11.99,-0.09,3.97
509254.859000,-0.736,-0.67,-0.087,1.8,-2.44,2.69
509254.906000,-0.721,-0.683,-0.105,-7.66,-6.53,-1.01
509254.953000,-0.743,-0.661,-0.066,-27.56,-7.57,-5.25
509255.000000,-0.713,-0.696,-0.107,-18.83,-7.14,-4.18
509255.046000,-0.75,-0.702,-0.188,12.6,13.15,-6.53
509255.093000,-0.772,-0.741,0.058,-30.52,5.04,-10.5
509255.140000,-0.74,-0.675,-0.128,-4.61,0.09,-5.71
509255.187000,-0.717,-0.667,-0.139,-2.44,-1.04,-2.08
509255.234000,-0.719,-0.695,-0.119,-2.32,-2.93,-0.67
509255.281000,-0.709,-0.694,-0.118,-0.98,1.19,1.43
509255.328000,-0.724,-0.675,-0.115,7.23,4.3,3.69
509255.375000,-0.72,-0.672,-0.079,1.56,-7.26,0.98
509255.421000,-0.712,-0.674,-0.151,15.2,11.05,5.95
509255.468000,-0.751,-0.688,-0.079,22.19,7.75,6.32
509255.515000,-0.736,-0.671,-0.093,12.97,-8.82,11.72
509255.562000,-0.746,-0.699,-0.085,15.53,-7.35,8.45
509255.609000,-0.753,-0.655,-0.074,2.26,2.35,-0.55
509255.656000,-0.731,-0.662,-0.083,-8.3,-5.34,-1.46
509255.703000,-0.743,-0.664,-0.073,-28.29,-4.49,-3.36
509255.750000,-0.738,-0.708,-0.085,-20.42,-8.48,-0.34
509255.796000,-0.735,-0.68,-0.084,-15.99,-0.7,-10.47
509255.843000,-0.727,-0.717,-0.102,-8.24,0.31,-6.93
509255.890000,-0.733,-0.71,0.07,-51.12,7.29,-19.44
509255.937000,-0.719,-0.663,-0.145,-7.08,-1.71,-8.24
509255.984000,-0.714,-0.679,-0.107,-4.0,-2.69,-2.81
509256.031000,-0.715,-0.685,-0.113,-3.94,-0.92,-1.4
509256.078000,-0.728,-0.68,-0.119,-4.09,-2.11,1.46
509256.125000,-0.729,-0.68,-0.122,-3.3,-3.54,2.35
509256.171000,-0.714,-0.693,-0.137,10.83,7.78,3.91
509256.218000,-0.738,-0.673,-0.073,10.93,-2.32,2.23
509256.281000,-0.741,-0.689,-0.068,13.18,8.88,0.24
509256.328000,-0.751,-0.641,-0.05,12.76,-11.11,11.11
509256.375000,-0.692,-0.685,-0.115,19.17,-11.87,7.84
509256.421000,-0.741,-0.663,-0.07,18.31,3.27,-0.76
509256.468000,-0.74,-0.652,-0.026,-11.6,-2.35,-0.95
509256.515000,-0.725,-0.668,-0.081,-26.0,-6.9,-4.18
509256.562000,-0.739,-0.681,-0.065,-24.05,-0.67,-3.2
509256.609000,-0.724,-0.705,-0.079,-13.12,-1.19,-8.39
509256.656000,-0.737,-0.647,-0.044,-21.67,19.01,-12.54
509256.703000,-0.71,-0.687,-0.156,8.82,-1.83,-2.01
509256.750000,-0.733,-0.69,-0.05,-12.7,-0.24,-7.02
509256.796000,-0.718,-0.692,-0.116,-6.32,0.73,-1.4
509256.843000,-0.714,-0.686,-0.124,-0.09,1.71,-0.64
509256.890000,-0.726,-0.716,-0.111,3.17,4.21,0.15
509256.937000,-0.732,-0.652,-0.115,14.74,4.58,3.85
509256.984000,-0.693,-0.706,-0.156,32.5,2.5,18.49
509257.031000,-0.745,-0.698,-0.072,25.94,6.5,7.9
509257.078000,-0.735,-0.681,-0.084,14.37,-2.47,8.06
509257.125000,-0.744,-0.687,-0.074,15.72,-7.45,3.69
509257.171000,-0.737,-0.692,-0.053,10.56,4.76,-0.79
509257.218000,-0.752,-0.64,-0.057,5.62,2.69,-3.54
509257.265000,-0.722,-0.678,-0.068,-8.18,-4.18,-2.41
509257.312000,-0.741,-0.639,-0.049,-34.97,-5.95,-6.74
509257.375000,-0.71,-0.714,-0.102,-19.84,-3.36,-4.64
509257.421000,-0.737,-0.733,-0.125,6.16,15.08,-9.28
509257.484000,-0.723,-0.699,-0.127,10.56,-0.18,-0.43
509257.531000,-0.734,-0.707,-0.049,-17.24,4.06,-6.87
509257.578000,-0.712,-0.679,-0.109,-6.13,0.0,-3.39
509257.625000,-0.708,-0.696,-0.119,-4.46,1.13,1.25
509257.671000,-0.715,-0.7,-0.119,4.43,1.22,3.6
509257.718000,-0.713,-0.678,-0.11,6.99,-0.24,6.78
509257.765000,-0.697,-0.724,-0.135,20.63,-2.17,14.22
509257.812000,-0.753,-0.66,-0.083,8.79,13.31,3.17
509257.859000,-0.733,-0.693,-0.107,23.77,-13.25,12.88
509257.906000,-0.727,-0.684,-0.062,12.88,3.05,3.33
509257.953000,-0.738,-0.652,-0.082,6.07,2.56,-2.75
509258.000000,-0.725,-0.69,-0.08,-12.57,-1.92,-3.69
509258.046000,-0.744,-0.657,-0.065,-26.46,-3.6,-5.07
509258.109000,-0.713,-0.705,-0.099,-15.96,-2.5,-8.42
509258.156000,-0.711,-0.618,-0.185,-6.44,19.1,-12.02
509258.203000,-0.679,-0.711,-0.161,4.97,-0.89,-2.32
509258.250000,-0.715,-0.695,-0.088,-13.21,2.72,-6.53
509258.296000,-0.709,-0.703,-0.119,-4.82,2.99,-0.64
509258.343000,-0.713,-0.692,-0.119,-2.01,1.34,-1.01
509258.390000,-0.717,-0.681,-0.117,-0.06,0.24,1.43
509258.437000,-0.704,-0.701,-0.127,11.02,4.88,3.91
509258.484000,-0.716,-0.675,-0.119,4.06,5.55,6.2
509258.531000,-0.699,-0.687,-0.138,13.61,-5.25,3.66
509258.578000,-0.715,-0.691,-0.086,10.83,15.17,-2.72
509258.625000,-0.721,-0.693,-0.12,22.89,6.04,2.84
509258.671000,-0.751,-0.678,-0.05,4.94,-19.84,15.47
509258.718000,-0.725,-0.692,-0.087,5.62,2.5,2.78
509258.765000,-0.715,-0.662,-0.11,5.8,0.64,0.92
509258.812000,-0.723,-0.695,-0.08,-5.71,-0.82,-3.08
509258.859000,-0.717,-0.652,-0.082,-19.2,-2.01,-6.99
509258.906000,-0.711,-0.686,-0.094,-19.71,-7.54,-2.69
509258.953000,-0.709,-0.695,-0.106,-8.27,0.61,-7.02
509259.000000,-0.746,-0.741,-0.129,1.98,7.05,-5.58
509259.046000,-0.754,-0.755,-0.029,-14.01,-3.17,-9.37
509259.093000,-0.716,-0.703,-0.138,-12.82,3.78,-11.29
509259.140000,-0.703,-0.688,-0.166,-4.27,0.37,-3.05
509259.187000,-0.689,-0.716,-0.136,-2.47,0.37,-3.45
509259.234000,-0.691,-0.7,-0.121,-2.66,2.38,-4.36
509259.281000,-0.71,-0.686,-0.142,6.65,0.61,0.27
509259.328000,-0.696,-0.711,-0.124,7.17,7.42,4.88
509259.375000,-0.693,-0.725,-0.139,22.03,2.14,9.34
509259.421000,-0.699,-0.711,-0.081,22.46,13.34,6.96
509259.468000,-0.721,-0.681,-0.101,22.89,0.79,8.09
509259.515000,-0.724,-0.702,-0.078,11.38,-11.35,14.01
509259.562000,-0.694,-0.686,-0.096,12.02,0.61,4.67
509259.609000,-0.712,-0.681,-0.086,6.16,1.07,-4.09
509259.656000,-0.714,-0.697,-0.085,-13.34,-2.01,-8.67
509259.703000,-0.716,-0.69,-0.057,-32.44,-7.81,-3.33
509259.750000,-0.685,-0.72,-0.113,-14.95,-3.63,-10.99
509259.796000,-0.713,-0.639,-0.024,-36.07,17.06,-18.22
509259.859000,-0.684,-0.722,-0.132,-10.56,-4.49,-7.32
509259.906000,-0.696,-0.706,-0.123,0.95,-2.04,-2.72
509259.953000,-0.693,-0.71,-0.217,12.09,5.28,5.01
509260.000000,-0.659,-0.728,-0.161,1.4,-3.23,-0.76
509260.046000,-0.681,-0.726,-0.161,2.66,0.82,-2.62
509260.093000,-0.691,-0.718,-0.141,4.06,5.28,7.75
509260.140000,-0.716,-0.71,-0.087,8.3,-0.15,-0.46
509260.187000,-0.683,-0.704,-0.127,7.45,-1.8,7.75
509260.234000,-0.703,-0.746,-0.09,14.13,6.78,2.04
509260.281000,-0.72,-0.687,-0.071,8.94,-4.58,8.0
509260.328000,-0.698,-0.704,-0.122,13.79,-12.12,11.99
509260.390000,-0.695,-0.668,-0.114,9.58,2.14,3.27
509260.437000,-0.69,-0.702,-0.085,-10.01,0.49,-3.85
509260.484000,-0.718,-0.677,-0.082,-22.98,1.77,-8.94
509260.531000,-0.707,-0.711,-0.086,-15.08,-2.08,-2.32
509260.593000,-0.669,-0.723,-0.181,4.97,15.02,-4.61
509260.640000,-0.716,-0.697,-0.141,9.22,4.33,-4.18
509260.687000,-0.707,-0.738,-0.1,-2.35,4.0,-1.95
509260.734000,-0.685,-0.692,-0.229,5.4,6.99,2.2
509260.781000,-0.669,-0.712,-0.142,-0.76,-0.52,-2.08
509260.828000,-0.676,-0.721,-0.151,5.83,3.69,-0.92
509260.875000,-0.689,-0.702,-0.134,11.44,3.88,5.65
509260.921000,-0.7,-0.702,-0.095,9.19,-9.43,2.62
509260.968000,-0.694,-0.713,-0.139,5.98,4.67,6.99
509261.015000,-0.698,-0.744,-0.114,21.49,3.91,5.16
509261.062000,-0.707,-0.688,-0.083,7.93,3.14,2.56
509261.109000,-0.714,-0.714,-0.086,9.0,-22.98,16.02
509261.156000,-0.721,-0.717,-0.07,3.69,-6.65,5.19
509261.203000,-0.711,-0.682,-0.105,-0.55,-0.95,0.43
509261.250000,-0.699,-0.694,-0.109,-8.64,-2.62,-3.23
509261.296000,-0.71,-0.7,-0.087,-18.25,-2.99,-3.66
509261.343000,-0.708,-0.714,-0.096,-10.74,2.26,-6.1
509261.390000,-0.703,-0.692,-0.197,19.56,17.98,-2.99
509261.437000,-0.734,-0.746,-0.08,2.38,-2.04,-3.45
509261.484000,-0.698,-0.725,-0.096,-3.48,4.73,-2.87
509261.531000,-0.701,-0.714,-0.107,-0.24,2.17,-1.59
509261.578000,-0.686,-0.719,-0.113,-0.18,0.34,-0.43
509261.625000,-0.709,-0.723,-0.113,6.65,3.14,-1.53
509261.671000,-0.695,-0.721,-0.108,6.78,2.29,5.07
509261.718000,-0.664,-0.756,-0.147,27.07,5.46,4.43
509261.765000,-0.706,-0.704,-0.091,7.29,11.66,-7.32
509261.812000,-0.696,-0.694,-0.101,18.59,0.61,1.83
509261.859000,-0.693,-0.724,-0.101,11.08,-9.25,6.56
509261.906000,-0.691,-0.729,-0.131,-1.83,3.14,0.79
509261.953000,-0.717,-0.7,-0.039,-3.48,0.98,-7.17
509262.000000,-0.69,-0.729,-0.119,-22.28,-0.98,-8.91
509262.046000,-0.691,-0.725,-0.107,-14.83,-2.9,-9.92
509262.093000,-0.675,-0.7,-0.11,-9.03,3.23,-11.84
509262.140000,-0.639,-0.689,-0.136,-8.36,17.61,-6.23
509262.187000,-0.689,-0.735,-0.138,5.52,-2.69,-4.15
509262.234000,-0.66,-0.721,-0.133,-1.46,-2.14,-3.11
509262.281000,-0.657,-0.738,-0.099,-1.62,2.62,-2.01
509262.328000,-0.672,-0.731,-0.116,-3.08,1.22,0.7
509262.375000,-0.645,-0.742,-0.127,3.27,-0.61,0.98
509262.421000,-0.665,-0.733,-0.105,-3.51,0.09,-5.68
509262.468000,-0.643,-0.739,-0.17,-0.12,-2.53,-0.06
509262.515000,-0.657,-0.73,-0.125,1.77,1.16,1.04
509262.562000,-0.656,-0.763,-0.123,4.21,2.75,3.78
509262.609000,-0.689,-0.713,-0.096,3.85,8.94,-2.2
509262.656000,-0.635,-0.759,-0.207,37.2,4.94,2.81
509262.703000,-0.714,-0.681,-0.049,7.26,22.89,3.14
509262.750000,-0.68,-0.739,-0.102,16.97,-13.52,18.98
509262.796000,-0.675,-0.738,-0.108,6.26,1.46,1.46
509262.843000,-0.683,-0.711,-0.087,5.95,-2.23,-0.98
509262.890000,-0.682,-0.728,-0.081,-17.91,-1.28,-8.06
509262.937000,-0.677,-0.738,-0.071,-23.56,-6.96,-6.2
509262.984000,-0.665,-0.75,-0.102,-16.17,-1.1,-10.9
509263.031000,-0.647,-0.655,-0.152,-6.44,18.89,-4.43
509263.078000,-0.629,-0.764,-0.155,8.33,-8.64,2.96
509263.125000,-0.658,-0.758,-0.094,-10.8,2.2,-7.2
509263.171000,-0.652,-0.743,-0.142,-2.23,-1.34,-2.38
509263.218000,-0.649,-0.778,-0.136,1.01,-1.8,-4.55
509263.265000,-0.654,-0.758,-0.126,5.16,-3.69,-4.12
509263.312000,-0.656,-0.731,-0.13,-0.34,0.06,-6.04
509263.359000,-0.639,-0.796,-0.109,6.26,3.08,-5.95
509263.406000,-0.639,-0.722,-0.108,10.83,9.8,2.93
509263.453000,-0.646,-0.752,-0.049,20.17,-10.41,0.79
509263.500000,-0.668,-0.722,-0.056,-2.23,17.0,-3.54
509263.546000,-0.638,-0.737,-0.105,15.84,-4.21,11.63
509263.593000,-0.663,-0.76,-0.059,12.7,-21.97,19.78
509263.640000,-0.665,-0.78,-0.056,5.65,-0.18,8.09
509263.687000,-0.678,-0.735,-0.051,4.12,2.47,-2.69
509263.734000,-0.664,-0.743,-0.064,-15.44,-1.31,-5.86
509263.781000,-0.671,-0.725,-0.054,-30.98,-6.38,-1.83
509263.828000,-0.656,-0.743,-0.079,-9.09,1.07,-12.48
509263.875000,-0.63,-0.659,-0.211,11.41,27.65,0.98
509263.921000,-0.673,-0.819,-0.011,-9.46,-1.5,-4.67
509263.968000,-0.661,-0.759,-0.111,-5.74,2.75,-2.9
509264.015000,-0.642,-0.754,-0.124,-0.73,-1.95,0.18
509264.062000,-0.647,-0.748,-0.1,-1.68,-0.37,-2.04
509264.109000,-0.641,-0.761,-0.104,-6.41,0.31,-0.55
509264.156000,-0.634,-0.76,-0.118,-2.2,1.07,0.09
509264.203000,-0.637,-0.762,-0.12,8.36,4.49,2.56
509264.250000,-0.667,-0.75,-0.061,0.34,-10.16,-6.07
509264.296000,-0.671,-0.777,-0.114,9.86,17.24,2.72
509264.343000,-0.669,-0.764,-0.092,15.26,7.6,3.72
509264.390000,-0.7,-0.742,-0.049,10.19,-17.4,14.44
509264.437000,-0.638,-0.777,-0.102,8.64,-16.66,14.65
509264.484000,-0.68,-0.699,-0.062,6.29,4.06,-4.0
509264.531000,-0.676,-0.748,-0.042,-11.66,-1.04,-1.01
509264.578000,-0.676,-0.719,-0.063,-31.07,-4.09,-4.76
509264.625000,-0.663,-0.763,-0.046,-18.71,-4.49,-3.81
509264.671000,-0.664,-0.719,-0.081,-6.81,0.58,-7.35
509264.718000,-0.627,-0.731,-0.06,-21.03,17.0,-3.81
509264.765000,-0.626,-0.733,-0.127,1.04,-3.2,-2.41
509264.828000,-0.673,-0.752,-0.072,-3.63,-2.75,-2.87
509264.875000,-0.668,-0.774,-0.092,-3.85,0.34,-1.43
509264.921000,-0.667,-0.768,-0.12,-2.99,-0.79,0.18
509264.968000,-0.66,-0.763,-0.118,0.98,-2.11,-0.73
509265.015000,-0.656,-0.758,-0.106,-1.86,0.24,-1.4
509265.062000,-0.65,-0.729,-0.123,7.45,2.35,0.06
509265.109000,-0.67,-0.746,-0.095,2.9,0.76,4.06
509265.156000,-0.583,-0.712,-0.236,35.92,18.59,6.16
509265.203000,-0.67,-0.769,-0.052,17.12,11.81,7.29
509265.250000,-0.673,-0.739,-0.066,8.64,4.97,3.94
509265.296000,-0.666,-0.736,-0.08,7.05,-4.52,7.32
509265.343000,-0.665,-0.738,-0.067,4.79,-6.2,5.86
509265.390000,-0.658,-0.738,-0.065,2.56,-0.03,0.92
509265.437000,-0.657,-0.739,-0.067,-4.58,1.01,-0.58
509265.484000,-0.675,-0.722,-0.036,-21.52,-4.36,-5.4
509265.531000,-0.655,-0.764,-0.072,-16.72,-7.39,-7.39
509265.578000,-0.686,-0.816,-0.1,3.05,9.06,-10.74
509265.625000,-0.73,-0.783,0.012,-10.83,2.5,-7.39
509265.671000,-0.66,-0.78,-0.038,-11.32,-1.89,-6.84
509265.718000,-0.656,-0.758,-0.039,-18.28,-4.15,-7.69
509265.765000,-0.63,-0.768,-0.131,-5.37,-2.66,-2.78
509265.812000,-0.638,-0.788,-0.114,1.92,4.21,-1.37
509265.875000,-0.65,-0.762,-0.096,4.39,3.51,1.1
509265.921000,-0.659,-0.741,-0.088,-1.77,-5.68,1.04
509265.984000,-0.648,-0.758,-0.13,12.82,15.29,1.89
509266.031000,-0.651,-0.757,-0.104,15.93,6.13,6.26
509266.078000,-0.66,-0.742,-0.054,12.76,0.55,7.6
509266.125000,-0.644,-0.743,-0.075,6.38,-7.6,18.07
509266.171000,-0.675,-0.733,-0.046,-1.13,-1.98,8.45
509266.218000,-0.673,-0.761,-0.055,-11.81,-3.42,-2.11
509266.265000,-0.686,-0.721,-0.055,-19.23,-2.66,-7.26
509266.312000,-0.661,-0.756,-0.085,-15.29,-9.22,-4.03
509266.359000,-0.639,-0.754,-0.078,-3.3,0.27,-9.64
509266.406000,-0.67,-0.735,-0.027,-21.61,10.19,-9.77
509266.453000,-0.617,-0.741,-0.139,4.7,1.13,-1.46
509266.500000,-0.66,-0.767,-0.068,-6.59,-0.95,-3.05
509266.546000,-0.651,-0.757,-0.124,-2.99,-0.4,-0.82
509266.593000,-0.652,-0.754,-0.114,2.08,-0.67,-0.76
509266.640000,-0.655,-0.763,-0.115,-5.28,1.98,-0.18
509266.687000,-0.647,-0.771,-0.145,9.58,4.21,-2.93
509266.734000,-0.633,-0.729,-0.152,4.97,8.0,5.77
509266.781000,-0.626,-0.788,-0.152,11.99,5.49,7.02
509266.828000,-0.68,-0.771,-0.083,21.3,10.62,4.15
509266.875000,-0.667,-0.747,-0.066,9.77,3.66,3.11
509266.921000,-0.639,-0.756,-0.117,14.53,-6.81,6.87
509266.968000,-0.662,-0.746,-0.057,0.89,1.8,2.62
509267.015000,-0.653,-0.715,-0.087,3.27,0.37,1.13
509267.062000,-0.654,-0.747,-0.073,-7.87,0.79,-0.55
509267.109000,-0.662,-0.7,-0.095,-11.26,-3.14,-6.2
509267.156000,-0.656,-0.769,-0.076,-20.87,-7.42,-3.6
509267.203000,-0.64,-0.823,-0.171,11.87,5.07,-8.18
509267.250000,-0.655,-0.732,-0.12,9.7,8.21,0.46
509267.296000,-0.651,-0.776,-0.096,-3.85,-0.76,-1.37
509267.343000,-0.647,-0.767,-0.117,-2.84,1.46,-1.16
509267.390000,-0.634,-0.762,-0.129,-0.79,2.62,-0.79
509267.437000,-0.632,-0.77,-0.132,1.01,4.7,1.86
509267.484000,-0.636,-0.77,-0.134,8.45,7.42,4.76
509267.531000,-0.662,-0.772,-0.032,-5.92,-7.66,-10.1
509267.578000,-0.652,-0.738,-0.126,3.97,10.44,7.02
509267.625000,-0.656,-0.767,-0.08,12.79,3.2,13.09
509267.671000,-0.659,-0.723,-0.102,14.56,-9.8,15.78
509267.718000,-0.669,-0.734,-0.057,-6.23,-4.39,14.89
509267.765000,-0.677,-0.739,-0.078,-14.86,-5.71,13.21
509267.812000,-0.679,-0.694,-0.1,-24.87,-6.41,6.9
509267.859000,-0.673,-0.768,-0.114,-26.06,-10.01,11.26
509267.906000,-0.672,-0.731,-0.113,-3.78,6.04,-7.66
509267.953000,-0.707,-0.694,-0.263,30.37,20.11,-5.52
509268.000000,-0.642,-0.724,-0.152,13.49,6.53,-3.39
509268.046000,-0.681,-0.726,-0.109,-1.74,3.72,-2.59
509268.093000,-0.669,-0.724,-0.135,-2.35,0.82,-0.89
509268.140000,-0.672,-0.728,-0.135,-2.93,1.59,0.73
509268.187000,-0.669,-0.739,-0.135,5.31,3.11,0.31
509268.234000,-0.672,-0.73,-0.139,1.46,2.66,6.16
509268.281000,-0.672,-0.735,-0.104,4.82,-13.61,0.82
509268.328000,-0.719,-0.696,-0.102,-4.61,15.29,7.54
509268.375000,-0.714,-0.723,-0.109,4.7,-7.11,18.59
509268.421000,-0.701,-0.683,-0.114,0.34,-8.15,15.9
509268.468000,-0.694,-0.715,-0.132,2.75,-6.01,16.39
509268.515000,-0.714,-0.681,-0.103,0.12,0.37,7.45
509268.562000,-0.71,-0.706,-0.114,-1.89,-0.64,4.39
509268.609000,-0.715,-0.682,-0.132,-3.78,1.71,-5.58
509268.656000,-0.715,-0.654,-0.11,-13.49,-2.23,-3.81
509268.703000,-0.695,-0.721,-0.124,-5.55,5.92,-6.74
509268.750000,-0.722,-0.67,-0.08,-12.94,11.2,-11.23
509268.812000,-0.703,-0.713,-0.128,-1.59,6.35,-8.42
509268.859000,-0.701,-0.694,-0.136,-0.12,5.62,-9.61
509268.906000,-0.702,-0.739,-0.125,-3.27,1.13,-3.91
509268.953000,-0.699,-0.687,-0.161,-3.33,4.52,-5.13
509269.000000,-0.694,-0.714,-0.154,-2.62,4.33,0.12
509269.046000,-0.693,-0.707,-0.165,3.42,1.95,-0.52
509269.093000,-0.694,-0.69,-0.158,-3.6,0.55,7.14
509269.140000,-0.714,-0.712,-0.138,0.73,-12.82,-0.92
509269.187000,-0.674,-0.684,-0.215,9.37,4.0,7.93
509269.234000,-0.71,-0.722,-0.124,16.51,1.83,8.18
509269.281000,-0.724,-0.693,-0.116,9.06,-4.52,8.85
509269.328000,-0.703,-0.678,-0.119,7.93,-13.67,11.93
509269.375000,-0.696,-0.705,-0.13,1.83,-0.46,1.65
509269.421000,-0.724,-0.671,-0.108,-3.88,6.1,-6.16
509269.484000,-0.713,-0.714,-0.098,-16.33,-3.51,-4.33
509269.531000,-0.701,-0.682,-0.144,-8.3,1.43,-6.26
509269.578000,-0.724,-0.657,-0.049,-19.96,13.79,-16.27
509269.625000,-0.679,-0.711,-0.134,-4.18,1.07,-9.43
509269.671000,-0.7,-0.72,-0.185,4.27,2.2,-0.89
509269.718000,-0.691,-0.734,-0.145,-4.67,1.22,-5.43
509269.765000,-0.694,-0.729,-0.159,1.5,-0.61,-3.05
509269.812000,-0.697,-0.739,-0.136,1.59,0.34,-2.9
509269.859000,-0.689,-0.702,-0.146,2.66,-1.31,-1.34
509269.906000,-0.683,-0.692,-0.13,-1.89,0.98,3.66
509269.953000,-0.648,-0.727,-0.164,22.55,-6.84,3.6
509270.000000,-0.689,-0.714,-0.084,8.48,8.3,-4.06
509270.046000,-0.704,-0.709,-0.151,8.06,0.98,-1.92
509270.093000,-0.677,-0.753,-0.118,6.26,4.55,0.21
509270.140000,-0.668,-0.762,-0.1,7.57,0.06,-6.96
509270.187000,-0.655,-0.78,-0.097,12.7,-13.15,-25.94
509270.234000,-0.676,-0.725,-0.117,0.82,-15.87,-35.28
509270.281000,-0.652,-0.714,-0.166,-9.06,4.27,5.22
509270.328000,-0.654,-0.768,-0.063,-2.35,10.13,-2.04
509270.375000,-0.663,-0.704,-0.106,-5.4,0.31,6.2
509270.421000,-0.613,-0.777,-0.123,-5.43,-2.14,6.2
509270.468000,-0.646,-0.743,-0.083,-0.98,0.82,-0.46
509270.515000,-0.637,-0.772,-0.102,-4.0,-2.38,-0.15
509270.562000,-0.647,-0.736,-0.133,7.14,-2.38,-2.26
509270.609000,-0.669,-0.755,-0.099,-0.58,3.14,2.38
509270.656000,-0.664,-0.764,-0.07,2.62,-7.78,-4.46
509270.703000,-0.666,-0.741,-0.09,5.13,1.83,-3.57
509270.750000,-0.638,-0.783,-0.1,14.16,-7.81,-4.97
509270.796000,-0.652,-0.724,-0.103,2.23,-0.95,-6.32
509270.843000,-0.632,-0.729,-0.089,1.4,0.03,3.2
509270.890000,-0.644,-0.782,-0.066,3.75,0.89,0.95
509270.937000,-0.64,-0.759,-0.069,6.2,0.06,-1.74
509270.984000,-0.639,-0.748,-0.087,5.1,-0.34,2.72
509271.031000,-0.648,-0.778,-0.082,2.01,2.2,1.59
509271.078000,-0.645,-0.774,-0.077,-3.69,3.39,0.79
509271.125000,-0.675,-0.74,-0.119,-12.57,-0.4,1.25
509271.171000,-0.713,-0.665,-0.137,-40.71,7.6,30.98
509271.218000,-0.688,-0.734,-0.167,-23.19,7.23,51.55
509271.265000,-0.689,-0.658,-0.317,8.15,33.3,24.87
509271.312000,-0.683,-0.711,-0.2,5.13,-3.3,22.61
509271.359000,-0.719,-0.69,-0.142,-10.35,4.36,6.78
509271.406000,-0.713,-0.673,-0.131,-5.25,-4.18,6.23
509271.453000,-0.748,-0.616,-0.132,-3.39,-7.97,18.86
509271.500000,-0.725,-0.662,-0.13,-18.52,-1.07,14.1
509271.546000,-0.741,-0.659,-0.202,1.04,-4.15,10.74
509271.593000,-0.748,-0.626,-0.139,-5.74,-3.57,12.91
509271.640000,-0.74,-0.669,-0.181,-1.19,-17.64,14.28
509271.687000,-0.753,-0.64,-0.199,3.33,-0.52,6.04
509271.734000,-0.756,-0.629,-0.136,5.58,0.52,4.0
509271.781000,-0.793,-0.608,-0.149,4.97,-13.52,3.23
509271.828000,-0.761,-0.596,-0.171,6.32,-5.07,3.63
509271.875000,-0.779,-0.625,-0.127,1.77,-4.15,0.55
509271.921000,-0.761,-0.634,-0.152,-3.48,4.49,-7.29
509271.968000,-0.765,-0.605,-0.129,-13.86,0.7,-6.2
509272.015000,-0.742,-0.661,-0.166,-2.81,0.12,-5.13
509272.078000,-0.752,-0.623,-0.12,-5.95,16.17,-12.21
509272.125000,-0.729,-0.618,-0.196,6.87,9.89,-11.96
509272.171000,-0.749,-0.639,-0.159,2.87,8.12,-3.45
509272.218000,-0.75,-0.655,-0.145,-2.08,4.61,-1.8
509272.265000,-0.738,-0.651,-0.161,-5.31,-1.16,1.68
509272.312000,-0.745,-0.672,-0.18,1.98,1.04,2.32
509272.359000,-0.742,-0.632,-0.161,2.08,2.35,4.21
509272.406000,-0.744,-0.669,-0.112,-1.92,-15.05,-1.13
509272.453000,-0.768,-0.653,-0.113,-1.43,1.8,1.01
509272.500000,-0.736,-0.659,-0.16,8.45,5.28,1.19
509272.546000,-0.756,-0.646,-0.146,11.75,2.93,3.57
509272.593000,-0.757,-0.646,-0.14,1.8,-3.54,5.46
509272.640000,-0.758,-0.651,-0.156,0.61,-4.09,2.41
509272.687000,-0.748,-0.648,-0.159,-4.12,0.92,-2.62
509272.734000,-0.765,-0.638,-0.125,-12.3,-3.63,-1.59
509272.781000,-0.737,-0.653,-0.173,-8.55,-1.25,-1.1
509272.843000,-0.747,-0.657,-0.017,-28.84,11.72,-20.42
509272.890000,-0.727,-0.64,-0.216,3.08,0.67,-2.93
509272.937000,-0.739,-0.625,-0.167,-1.13,3.94,-1.86
509272.984000,-0.738,-0.662,-0.141,-3.72,0.27,-0.89
509273.031000,-0.736,-0.658,-0.195,3.66,1.4,-4.36
509273.078000,-0.738,-0.655,-0.133,0.61,2.14,0.76
509273.140000,-0.708,-0.661,-0.206,3.48,-4.0,6.2
509273.187000,-0.746,-0.648,-0.148,11.57,-2.53,9.89
509273.234000,-0.759,-0.665,-0.119,3.97,-6.07,8.73
509273.281000,-0.726,-0.658,-0.163,-0.52,-2.5,2.69
509273.328000,-0.736,-0.646,-0.149,-2.69,2.62,-2.32
509273.375000,-0.74,-0.649,-0.151,-8.61,4.85,-2.99
509273.421000,-0.74,-0.668,-0.158,-2.01,5.07,-6.16
509273.468000,-0.757,-0.726,0.002,-30.09,6.38,-17.0
509273.515000,-0.723,-0.651,-0.186,2.5,3.54,-7.32
509273.562000,-0.721,-0.687,-0.138,-9.95,-0.92,-6.38
509273.609000,-0.727,-0.666,-0.17,-1.46,3.66,-4.55
509273.656000,-0.723,-0.675,-0.149,-1.95,-1.04,-2.2
509273.703000,-0.718,-0.674,-0.171,1.07,0.0,-1.56
509273.750000,-0.728,-0.658,-0.15,0.98,3.33,0.64
509273.796000,-0.688,-0.684,-0.239,14.19,-4.18,5.65
509273.843000,-0.745,-0.665,-0.158,8.85,4.79,4.0
509273.890000,-0.722,-0.673,-0.175,12.21,-0.82,7.23
509273.937000,-0.732,-0.682,-0.161,3.66,-2.38,7.02
509273.984000,-0.732,-0.654,-0.143,2.9,-1.22,5.62
509274.031000,-0.725,-0.66,-0.13,-6.87,-5.55,2.14
509274.078000,-0.731,-0.653,-0.159,-12.76,-1.07,-7.81
509274.125000,-0.715,-0.669,-0.143,-14.4,-5.1,-4.3
509274.171000,-0.723,-0.691,-0.164,-5.58,1.16,-11.11
509274.218000,-0.732,-0.694,-0.155,0.67,4.06,-4.43
509274.265000,-0.709,-0.643,-0.281,3.81,8.85,-1.74
509274.312000,-0.702,-0.664,-0.242,7.45,1.04,2.01
509274.359000,-0.707,-0.685,-0.161,-1.53,-1.92,2.5
509274.406000,-0.724,-0.678,-0.187,2.53,1.43,1.04
509274.453000,-0.704,-0.66,-0.169,1.86,1.22,6.16
509274.500000,-0.706,-0.691,-0.166,9.77,-4.49,4.73
509274.546000,-0.717,-0.689,-0.17,7.6,6.29,8.91
509274.593000,-0.731,-0.673,-0.172,12.91,-1.34,10.19
509274.640000,-0.714,-0.646,-0.156,14.37,-4.91,10.99
509274.687000,-0.724,-0.656,-0.136,12.24,-4.64,8.97
509274.734000,-0.734,-0.657,-0.156,1.31,0.67,1.22
509274.781000,-0.729,-0.664,-0.16,-1.68,3.2,-6.32
509274.828000,-0.747,-0.638,-0.113,-19.07,-3.63,-1.74
509274.875000,-0.711,-0.715,-0.174,-12.45,-2.26,-3.17
509274.921000,-0.751,-0.662,-0.141,-5.13,3.78,-12.91
509274.968000,-0.796,-0.754,0.056,-26.95,-0.12,-14.01
509275.015000,-0.738,-0.671,-0.151,-10.83,4.82,-7.35
509275.062000,-0.717,-0.662,-0.172,-0.98,-1.71,-2.93
509275.109000,-0.725,-0.672,-0.171,-3.94,-0.79,-0.21
509275.156000,-0.719,-0.683,-0.148,-4.46,-1.65,1.04
509275.203000,-0.722,-0.643,-0.164,0.52,1.71,1.95
509275.250000,-0.751,-0.667,-0.165,3.33,2.26,4.24
509275.296000,-0.702,-0.681,-0.195,4.49,8.64,2.08
509275.343000,-0.733,-0.681,-0.116,9.34,14.13,3.75
509275.390000,-0.733,-0.663,-0.145,14.59,-2.41,10.74
509275.437000,-0.744,-0.669,-0.153,10.19,-20.75,16.88
509275.484000,-0.725,-0.674,-0.18,6.1,-9.52,9.58
509275.531000,-0.736,-0.66,-0.137,-5.62,4.82,-5.13
509275.578000,-0.751,-0.641,-0.127,-20.11,0.12,-5.4
509275.625000,-0.735,-0.67,-0.141,-13.58,-1.07,-1.95
509275.671000,-0.731,-0.659,-0.157,0.06,4.39,-9.13
509275.718000,-0.715,-0.618,-0.151,-11.08,19.01,-7.48
509275.765000,-0.709,-0.671,-0.178,0.03,-0.18,-8.0
509275.828000,-0.724,-0.672,-0.141,-3.42,-2.01,-4.58
509275.875000,-0.72,-0.675,-0.166,-5.89,3.3,-2.9
509275.921000,-0.724,-0.669,-0.162,-1.53,2.17,-2.11
509275.968000,-0.719,-0.677,-0.16,-4.82,-0.73,-0.92
509276.015000,-0.716,-0.687,-0.185,1.4,0.03,0.15
509276.062000,-0.715,-0.696,-0.136,4.58,2.32,-2.69
509276.109000,-0.694,-0.663,-0.243,20.57,11.81,6.96
509276.156000,-0.721,-0.675,-0.175,18.56,-6.56,16.36
509276.203000,-0.728,-0.693,-0.149,9.67,-3.23,6.65
509276.250000,-0.733,-0.656,-0.148,-2.5,2.62,-3.2
509276.296000,-0.728,-0.665,-0.171,-8.36,-0.46,-4.91
509276.343000,-0.721,-0.669,-0.15,-13.7,-5.19,-4.36
509276.390000,-0.72,-0.696,-0.145,-12.63,-2.72,-11.99
509276.437000,-0.694,-0.646,-0.065,-32.59,14.92,-17.55
509276.484000,-0.665,-0.705,-0.18,0.79,-2.17,-4.82
509276.531000,-0.705,-0.691,-0.154,-3.11,0.67,-5.92
509276.578000,-0.703,-0.68,-0.173,-2.29,2.41,-1.28
509276.625000,-0.701,-0.7,-0.167,-0.15,3.91,-0.58
509276.671000,-0.701,-0.678,-0.147,-3.42,3.33,2.62
509276.718000,-0.716,-0.718,-0.124,-0.98,-12.27,-9.25
509276.765000,-0.735,-0.708,-0.16,8.0,16.17,2.96
509276.812000,-0.709,-0.686,-0.163,19.96,0.21,6.96
509276.859000,-0.705,-0.688,-0.147,8.88,-5.16,4.12
509276.906000,-0.718,-0.676,-0.118,-2.78,0.18,-1.77
509276.953000,-0.698,-0.672,-0.138,-2.38,-4.09,-4.03
509277.000000,-0.699,-0.683,-0.134,-15.17,-7.97,-5.13
509277.046000,-0.693,-0.703,-0.164,-9.7,-1.68,-7.93
509277.093000,-0.637,-0.605,-0.156,-8.67,7.9,-12.48
509277.140000,-0.683,-0.705,-0.179,-2.81,-5.25,-2.17
509277.187000,-0.684,-0.693,-0.179,-0.03,-3.23,-3.81
509277.234000,-0.686,-0.722,-0.166,-4.24,-0.64,-0.85
509277.281000,-0.696,-0.679,-0.156,-2.41,0.55,0.03
509277.328000,-0.68,-0.729,-0.163,-2.96,-1.62,4.55
509277.375000,-0.707,-0.694,-0.148,5.98,2.93,-1.5
509277.421000,-0.696,-0.712,-0.082,3.42,-22.28,-3.72
509277.468000,-0.685,-0.717,-0.15,8.64,10.53,5.95
509277.515000,-0.712,-0.68,-0.119,10.13,3.75,4.12
509277.562000,-0.698,-0.698,-0.159,-0.89,-1.89,2.35
509277.609000,-0.705,-0.699,-0.159,-5.16,0.09,-1.77
509277.656000,-0.693,-0.713,-0.152,-10.01,-0.73,-2.11
509277.703000,-0.7,-0.726,-0.134,-7.35,0.12,-8.48
509277.750000,-0.707,-0.655,-0.166,3.23,8.82,-4.76
509277.796000,-0.684,-0.715,-0.093,-15.38,-4.97,-7.93
509277.843000,-0.662,-0.709,-0.195,-4.18,0.4,-1.22
509277.890000,-0.674,-0.69,-0.165,1.19,1.86,-2.5
509277.937000,-0.681,-0.708,-0.156,2.2,1.89,0.92
509277.984000,-0.685,-0.721,-0.161,8.12,4.43,-0.95
509278.031000,-0.703,-0.697,-0.124,0.67,6.96,-0.98
509278.078000,-0.675,-0.707,-0.183,6.35,0.95,1.86
509278.125000,-0.697,-0.73,-0.104,11.75,7.69,6.38
509278.171000,-0.712,-0.7,-0.123,12.85,-4.24,11.87
509278.218000,-0.693,-0.703,-0.142,11.26,-29.39,25.48
509278.265000,-0.705,-0.717,-0.114,4.46,-13.15,14.04
509278.312000,-0.711,-0.669,-0.121,-8.21,0.24,-1.83
509278.359000,-0.711,-0.698,-0.143,-9.92,2.66,-3.54
509278.406000,-0.732,-0.687,-0.107,-26.49,-1.74,-1.07
509278.453000,-0.714,-0.706,-0.14,-11.63,0.12,-13.37
509278.500000,-0.685,-0.676,-0.276,15.63,26.03,-1.56
509278.546000,-0.695,-0.701,-0.167,18.52,3.85,-0.46
509278.593000,-0.709,-0.692,-0.114,-13.55,6.81,-6.47
509278.640000,-0.71,-0.727,-0.026,-18.49,-0.09,-9.98
509278.703000,-0.684,-0.701,-0.178,-2.69,-0.43,-1.1
509278.750000,-0.685,-0.684,-0.185,4.76,0.12,-2.08
509278.796000,-0.685,-0.712,-0.174,-2.35,-2.93,4.64
509278.843000,-0.689,-0.704,-0.189,9.43,2.84,-0.64
509278.890000,-0.64,-0.707,-0.248,22.52,7.42,9.98
509278.937000,-0.693,-0.7,-0.14,21.45,2.87,13.06
509278.984000,-0.702,-0.691,-0.147,9.61,-19.68,20.45
509279.031000,-0.73,-0.709,-0.109,4.36,-7.81,14.37
509279.078000,-0.714,-0.678,-0.159,-2.2,2.96,-0.21
509279.125000,-0.706,-0.683,-0.136,-5.74,2.23,-5.25
509279.171000,-0.721,-0.693,-0.113,-18.46,-5.19,-1.37
509279.218000,-0.701,-0.699,-0.134,-12.63,1.74,-11.44
509279.265000,-0.711,-0.674,-0.233,7.84,16.36,-6.93
509279.312000,-0.722,-0.678,-0.208,16.51,2.87,-1.59
509279.359000,-0.704,-0.709,-0.133,-3.48,2.5,-7.29
509279.406000,-0.691,-0.69,-0.16,-5.28,0.79,-4.39
509279.453000,-0.693,-0.705,-0.182,-3.3,2.29,0.03
509279.500000,-0.696,-0.71,-0.172,-0.7,1.04,1.77
509279.546000,-0.695,-0.694,-0.17,2.66,0.52,1.34
509279.593000,-0.688,-0.724,-0.191,6.59,2.26,2.5
509279.640000,-0.699,-0.699,-0.162,8.42,8.12,1.22
509279.687000,-0.69,-0.702,-0.101,2.72,-19.75,-3.17
509279.734000,-0.728,-0.711,-0.076,-0.03,9.64,-3.14
509279.781000,-0.71,-0.693,-0.153,12.36,-2.17,6.13
509279.828000,-0.69,-0.682,-0.136,8.61,-20.36,14.44
509279.875000,-0.698,-0.712,-0.154,2.87,-0.79,2.32
509279.921000,-0.704,-0.677,-0.11,-3.75,0.21,-1.19
509279.968000,-0.714,-0.684,-0.113,-18.95,-0.92,-1.65
509280.015000,-0.707,-0.719,-0.143,-12.54,-0.73,-2.01
509280.062000,-0.71,-0.703,-0.129,-10.1,2.29,-11.29
509280.109000,-0.764,-0.794,0.084,-39.49,0.21,-14.5
509280.156000,-0.69,-0.687,-0.197,-17.0,13.61,-10.04
509280.203000,-0.712,-0.678,-0.112,-1.59,6.44,-2.5
509280.250000,-0.69,-0.705,-0.17,-3.02,-0.12,1.34
509280.296000,-0.683,-0.709,-0.166,-0.92,1.37,2.04
509280.343000,-0.693,-0.715,-0.164,5.65,0.34,0.89
509280.390000,-0.706,-0.682,-0.165,5.4,3.51,4.15
509280.437000,-0.654,-0.711,-0.236,29.15,4.61,11.41
509280.484000,-0.699,-0.718,-0.161,19.14,6.5,5.16
509280.531000,-0.705,-0.676,-0.127,9.13,-4.27,8.12
509280.578000,-0.687,-0.685,-0.172,3.39,-11.38,8.97
509280.625000,-0.698,-0.698,-0.151,1.19,2.14,0.73
509280.671000,-0.705,-0.697,-0.143,-6.9,3.78,-6.2
509280.718000,-0.71,-0.681,-0.136,-18.34,-6.29,-4.33
509280.765000,-0.679,-0.716,-0.161,-10.86,-2.66,-6.53
509280.812000,-0.682,-0.654,-0.266,12.73,24.45,-6.84
509280.859000,-0.676,-0.724,-0.167,-5.65,0.21,-6.62
509280.906000,-0.693,-0.718,-0.153,-1.62,2.11,-4.18
509280.953000,-0.687,-0.704,-0.163,-5.65,2.17,-2.72
509281.000000,-0.685,-0.71,-0.177,-2.47,-1.07,0.4
509281.046000,-0.691,-0.706,-0.169,-10.35,-0.4,-0.06
509281.093000,-0.67,-0.714,-0.198,4.43,-1.04,0.79
509281.140000,-0.716,-0.686,-0.179,6.04,3.78,2.23
509281.187000,-0.633,-0.714,-0.295,31.53,7.2,7.75
509281.234000,-0.698,-0.696,-0.142,20.36,8.88,7.26
509281.281000,-0.694,-0.692,-0.127,10.59,-11.75,14.53
509281.328000,-0.7,-0.723,-0.139,3.94,0.34,8.79
509281.375000,-0.696,-0.687,-0.149,5.98,3.85,0.67
509281.421000,-0.7,-0.728,-0.139,-8.33,4.43,-4.97
509281.468000,-0.71,-0.664,-0.126,-20.05,1.65,-8.42
509281.515000,-0.701,-0.744,-0.134,-16.3,-10.9,-5.37
509281.562000,-0.674,-0.653,-0.212,-6.74,11.69,-7.78
509281.609000,-0.674,-0.7,-0.185,0.89,-5.28,-5.1
509281.656000,-0.683,-0.725,-0.149,-3.45,-2.53,-1.62
509281.703000,-0.676,-0.723,-0.167,-2.84,0.89,-2.9
509281.750000,-0.683,-0.7,-0.176,-1.59,0.73,-0.7
509281.796000,-0.685,-0.717,-0.178,-2.75,-1.5,-3.17
509281.843000,-0.676,-0.718,-0.186,0.31,0.06,-6.16
509281.890000,-0.684,-0.696,-0.181,4.0,2.69,-1.65
509281.937000,-0.685,-0.718,-0.159,2.38,4.46,4.7
509281.984000,-0.647,-0.691,-0.262,13.06,0.76,7.11
509282.031000,-0.692,-0.713,-0.139,12.67,2.59,10.62
509282.078000,-0.702,-0.714,-0.128,11.63,-2.04,11.69
509282.125000,-0.705,-0.695,-0.117,3.17,-7.51,13.25
509282.171000,-0.683,-0.701,-0.168,3.05,-1.95,2.08
509282.218000,-0.699,-0.69,-0.142,-3.78,1.43,-1.8
509282.265000,-0.696,-0.677,-0.14,-15.87,-3.72,-4.79
509282.312000,-0.698,-0.702,-0.17,-21.0,0.24,-7.14
509282.359000,-0.693,-0.719,-0.157,-10.28,4.21,-7.81
509282.406000,-0.671,-0.662,-0.219,-0.52,18.13,-5.83
509282.453000,-0.686,-0.713,-0.214,11.54,-2.93,0.85
509282.500000,-0.686,-0.705,-0.168,-6.29,3.45,-3.54
509282.546000,-0.692,-0.725,-0.155,-2.59,4.18,-0.37
509282.593000,-0.689,-0.708,-0.166,-2.01,0.7,-0.03
509282.640000,-0.685,-0.697,-0.171,-0.67,-2.08,-0.09
509282.687000,-0.681,-0.689,-0.186,0.95,1.65,-1.5
509282.734000,-0.684,-0.697,-0.155,-0.49,1.4,4.76
509282.781000,-0.658,-0.714,-0.225,20.91,-4.64,12.7
509282.828000,-0.713,-0.703,-0.139,11.84,9.4,7.42
509282.875000,-0.721,-0.7,-0.161,12.05,-3.57,11.05
509282.921000,-0.711,-0.697,-0.156,2.04,-6.35,9.22
509282.984000,-0.694,-0.712,-0.165,4.3,1.53,-0.27
509283.031000,-0.718,-0.692,-0.146,-7.57,5.13,-8.21
509283.093000,-0.697,-0.679,-0.164,-22.0,2.41,-11.08
509283.140000,-0.683,-0.737,-0.163,-23.19,1.95,-5.58
509283.187000,-0.721,-0.723,-0.112,-7.54,6.26,-8.39
509283.234000,-0.689,-0.683,-0.185,-5.62,1.34,-3.36
509283.281000,-0.682,-0.681,-0.199,-1.04,-0.09,-1.53
509283.343000,-0.678,-0.723,-0.191,-2.99,2.2,0.03
509283.390000,-0.684,-0.698,-0.212,-1.8,-0.55,1.77
509283.437000,-0.693,-0.712,-0.195,-4.36,2.44,1.01
509283.484000,-0.688,-0.725,-0.192,-1.28,-0.15,0.03
509283.531000,-0.679,-0.696,-0.188,3.36,4.82,3.36
509283.578000,-0.674,-0.724,-0.164,16.11,-16.24,-0.73
509283.625000,-0.686,-0.696,-0.152,4.97,14.77,-0.55
509283.671000,-0.699,-0.72,-0.179,16.88,3.39,4.21
509283.718000,-0.7,-0.673,-0.164,12.27,-10.25,10.96
509283.765000,-0.688,-0.679,-0.169,5.65,-7.45,7.08
509283.812000,-0.7,-0.693,-0.163,-2.04,1.04,2.44
509283.859000,-0.694,-0.694,-0.165,-5.13,2.69,-4.24
509283.906000,-0.7,-0.689,-0.143,-22.16,-7.11,-1.68
509283.953000,-0.689,-0.741,-0.167,-16.39,-4.52,-4.27
509284.000000,-0.701,-0.723,-0.171,-9.8,0.55,-13.73
509284.046000,-0.69,-0.764,0.038,-36.38,1.5,-11.87
509284.093000,-0.693,-0.692,-0.193,-7.9,2.69,-8.88
509284.140000,-0.687,-0.678,-0.202,-2.78,-0.34,-3.39
509284.187000,-0.684,-0.701,-0.183,-3.45,0.15,-0.31
509284.234000,-0.682,-0.707,-0.181,-2.17,-1.98,1.28
509284.281000,-0.69,-0.699,-0.204,5.04,-0.06,-0.85
509284.328000,-0.67,-0.72,-0.196,1.95,2.69,5.04
509284.375000,-0.661,-0.736,-0.219,27.86,-1.37,8.0
509284.421000,-0.705,-0.711,-0.133,16.3,7.08,6.35
509284.468000,-0.696,-0.693,-0.167,16.82,-10.13,14.01
509284.515000,-0.695,-0.701,-0.155,8.03,-5.49,9.98
509284.562000,-0.693,-0.694,-0.145,6.71,-4.43,5.83
509284.609000,-0.695,-0.716,-0.141,-2.17,2.38,-1.4
509284.656000,-0.706,-0.681,-0.141,-7.63,6.5,-6.47
509284.703000,-0.709,-0.691,-0.132,-18.89,-3.08,-4.55
509284.750000,-0.693,-0.705,-0.162,-12.73,-3.36,-9.61
509284.796000,-0.655,-0.643,-0.253,4.82,24.08,-5.37
509284.843000,-0.662,-0.735,-0.193,2.66,-8.64,-2.2
509284.890000,-0.684,-0.724,-0.146,-5.13,1.59,-4.7
509284.937000,-0.686,-0.712,-0.181,-4.43,0.15,-1.04
509284.984000,-0.68,-0.711,-0.186,-2.26,-0.55,-0.89
509285.031000,-0.675,-0.714,-0.179,-1.4,-1.62,3.42
509285.078000,-0.678,-0.701,-0.185,4.21,-1.31,2.78
509285.125000,-0.699,-0.701,-0.139,2.96,2.53,8.64
509285.171000,-0.637,-0.676,-0.323,25.27,14.28,10.25
509285.234000,-0.688,-0.681,-0.189,12.6,-7.57,8.45
509285.281000,-0.699,-0.698,-0.141,8.58,-19.38,15.17
509285.343000,-0.707,-0.694,-0.135,2.56,-0.64,2.26
509285.390000,-0.704,-0.707,-0.131,-3.88,0.95,-2.69
509285.437000,-0.723,-0.66,-0.138,-15.32,2.62,-7.17
509285.484000,-0.697,-0.728,-0.14,-18.68,-4.27,-1.53
509285.531000,-0.725,-0.747,-0.176,0.4,3.45,-15.5
509285.578000,-0.785,-0.807,0.025,-26.92,6.35,-9.64
509285.625000,-0.696,-0.709,-0.146,-10.68,3.27,-8.48
509285.671000,-0.686,-0.687,-0.161,-2.2,0.4,-4.24
509285.718000,-0.675,-0.688,-0.157,-4.36,0.18,-0.85
509285.765000,-0.677,-0.709,-0.173,2.44,2.23,0.06
509285.812000,-0.681,-0.708,-0.154,-2.17,-0.18,5.31
509285.859000,-0.693,-0.697,-0.11,1.65,-19.35,-6.16
509285.906000,-0.682,-0.716,-0.173,-3.57,5.55,5.98
509285.953000,-0.703,-0.717,-0.168,10.74,-0.15,6.16
509286.000000,-0.694,-0.702,-0.137,6.41,-6.32,6.38
509286.046000,-0.701,-0.697,-0.141,1.56,-8.33,4.09
509286.093000,-0.695,-0.651,-0.137,5.19,-4.61,2.29
509286.140000,-0.722,-0.684,-0.055,10.44,-3.2,-2.08
509286.187000,-0.728,-0.671,0.009,20.23,-16.79,-16.27
509286.234000,-0.808,-0.661,-0.002,68.88,-39.52,-61.65
509286.281000,-0.963,-0.546,-0.063,40.74,-33.02,-109.62
509286.328000,-0.851,-0.482,-0.166,6.99,-71.72,-120.37
509286.375000,-0.485,-0.584,-0.379,-111.67,-22.28,-122.14
509286.421000,-0.504,-1.05,-0.199,-212.13,51.45,-155.55
509286.468000,-0.196,-1.089,-0.304,-98.24,22.16,-100.47
509286.515000,0.036,-1.108,-0.545,-76.11,38.03,-113.44
509286.562000,0.101,-1.048,-0.268,-49.07,74.07,-98.7
509286.609000,0.305,-1.121,-0.698,-88.08,53.16,-96.22
509286.656000,0.432,-1.158,-0.574,-118.72,70.16,-117.19
509286.703000,0.511,-0.88,-0.701,-141.58,94.94,-112.77
509286.750000,0.487,-0.681,-0.597,-121.22,85.57,-72.94
509286.812000,0.508,-0.492,-0.544,-92.01,81.27,-29.42
509286.859000,0.415,-0.617,-0.633,-92.2,25.27,-6.81
509286.906000,0.482,-0.528,-0.616,-53.56,50.6,-21.36
509286.953000,0.488,-0.418,-0.726,-58.57,61.28,-14.83
509287.000000,0.428,-0.366,-0.533,-80.2,54.41,-29.42
509287.046000,0.466,-0.226,-0.634,-84.2,66.87,-23.62
509287.093000,0.431,-0.126,-0.622,-82.31,29.63,-32.17
509287.140000,0.461,-0.101,-0.657,-109.35,29.42,-35.19
509287.203000,0.442,0.04,-0.743,-106.91,7.45,-24.23
509287.250000,0.508,0.017,-0.821,-67.54,-29.05,28.81
509287.296000,0.53,-0.146,-0.791,-44.74,-5.19,39.06
509287.343000,0.729,-0.091,-1.061,-15.84,-8.85,24.51
509287.390000,0.607,-0.114,-0.649,2.72,16.88,-2.2
509287.437000,0.675,0.048,-0.834,14.4,-6.59,-2.96
509287.484000,0.652,0.015,-0.753,12.42,-6.32,8.76
509287.531000,0.641,0.02,-0.743,13.52,-33.02,21.09
509287.578000,0.652,-0.094,-0.707,2.81,-12.57,14.92
509287.625000,0.627,-0.071,-0.674,11.54,-23.59,2.26
509287.671000,0.659,-0.024,-0.842,-15.9,-16.08,-3.33
509287.718000,0.567,-0.092,-0.66,10.07,-25.09,8.58
509287.765000,0.642,-0.033,-0.926,-18.92,-6.81,-0.79
509287.812000,0.502,-0.111,-0.625,5.37,-11.02,0.76
509287.859000,0.562,-0.034,-1.003,-20.51,-24.63,-0.89
509287.906000,0.39,-0.052,-0.527,-8.3,-59.02,8.15
509287.953000,0.537,-0.043,-1.232,-9.03,-52.25,16.97
509288.000000,0.444,-0.058,-0.797,10.99,-29.11,-15.2
509288.046000,0.427,-0.046,-0.893,-14.47,-15.78,-19.04
509288.093000,0.413,-0.005,-1.021,2.72,-32.53,-5.19
509288.156000,0.425,-0.077,-0.955,-0.92,12.88,-4.33
509288.203000,0.4,-0.065,-0.94,4.12,29.76,-0.89
509288.250000,0.408,-0.054,-0.892,10.62,28.96,-5.22
509288.296000,0.382,-0.087,-0.863,11.81,22.4,2.29
509288.343000,0.471,-0.085,-0.918,5.19,1.22,-3.72
509288.390000,0.496,-0.084,-0.887,8.64,2.41,-5.25
509288.437000,0.46,-0.08,-0.897,-6.53,1.8,-14.4
509288.484000,0.456,-0.049,-0.825,1.74,-2.84,-2.41
509288.531000,0.411,-0.076,-0.842,-3.17,-7.35,6.59
509288.578000,0.407,-0.088,-0.866,-6.87,-11.78,8.0
509288.625000,0.446,-0.1,-0.955,-2.26,-10.96,8.51
509288.671000,0.454,-0.083,-0.925,-8.12,5.49,2.47
509288.718000,0.454,-0.096,-0.949,3.33,5.62,5.13
509288.765000,0.451,-0.116,-0.836,1.83,9.95,5.46
509288.812000,0.459,-0.104,-0.871,8.45,13.0,2.72
509288.859000,0.498,-0.081,-0.825,9.86,17.12,-4.58
509288.906000,0.474,-0.062,-0.772,10.5,16.66,-3.27
509288.953000,0.568,-0.033,-0.776,-4.39,12.21,-8.97
509289.000000,0.74,-0.047,-0.892,-14.83,16.05,-21.18
509289.046000,0.435,-0.064,-0.869,16.02,22.92,6.01
509289.093000,0.566,-0.097,-0.895,25.36,5.4,6.84
509289.156000,0.47,-0.105,-0.761,8.21,1.89,-6.26
509289.203000,0.412,-0.048,-0.803,10.71,4.97,3.2
509289.250000,0.458,-0.073,-0.752,-4.7,-10.35,-3.39
509289.296000,0.48,-0.089,-0.697,-21.91,-57.34,-2.47
509289.343000,0.588,-0.076,-1.079,9.92,0.31,-14.8
509289.390000,0.419,-0.115,-0.746,-21.97,-39.12,-8.21
509289.437000,0.413,-0.055,-1.08,25.85,-58.9,7.26
509289.484000,0.344,-0.164,-0.791,14.68,-33.45,2.66
509289.531000,0.39,-0.106,-0.99,17.82,-30.03,-0.92
509289.578000,0.332,-0.089,-0.903,20.57,10.77,1.95
509289.625000,0.367,-0.11,-0.9,18.74,-11.63,6.93
509289.671000,0.358,-0.104,-0.936,16.88,-5.1,1.65
509289.718000,0.391,-0.161,-0.935,-0.82,-22.28,6.29
509289.765000,0.398,-0.158,-1.0,-1.65,2.62,-4.73
509289.828000,0.364,-0.177,-0.923,2.2,3.6,3.81
509289.875000,0.519,-0.212,-1.068,3.51,41.35,-8.06
509289.921000,0.197,-0.145,-0.829,-12.76,151.43,-21.76
509289.968000,0.452,-0.205,-0.733,-2.32,69.67,-6.87
509290.015000,0.504,-0.073,-0.798,-0.85,17.76,-2.53
509290.062000,0.488,-0.077,-0.806,-17.76,-19.1,8.36
509290.109000,0.529,-0.137,-0.915,4.88,7.14,20.54
509290.156000,0.509,-0.217,-0.83,9.13,10.99,15.53
509290.203000,0.534,-0.229,-0.741,11.87,16.75,3.39
509290.250000,0.511,-0.185,-0.744,6.35,12.21,-5.43
509290.296000,0.506,-0.176,-0.723,-4.0,-11.14,-3.45
509290.343000,0.49,-0.172,-0.703,-6.07,-17.91,1.53
509290.406000,0.523,-0.133,-0.874,-13.15,-23.1,-3.69
509290.453000,0.478,-0.104,-0.803,-10.25,-28.38,-11.72
509290.500000,0.456,-0.098,-0.87,-7.14,-38.18,-6.74
509290.546000,0.477,-0.077,-0.868,-10.41,-7.75,-3.97
509290.593000,0.464,-0.117,-0.82,-16.69,-4.06,-4.3
509290.640000,0.428,-0.094,-0.956,8.67,-31.28,-11.38
509290.687000,0.536,-0.178,-0.939,0.43,34.12,-1.92
509290.734000,0.315,-0.06,-0.703,3.6,-50.51,-5.25
509290.781000,0.504,-0.111,-1.062,7.54,-12.02,-2.99
509290.828000,0.398,-0.183,-0.825,9.09,12.39,-3.85
509290.875000,0.428,-0.128,-0.868,12.63,-2.17,1.22
509290.921000,0.432,-0.133,-0.818,4.82,10.19,-12.54
509290.968000,0.411,-0.12,-0.877,3.6,-10.74,0.58
509291.015000,0.419,-0.128,-0.869,5.65,4.36,-3.81
509291.062000,0.418,-0.123,-0.894,1.95,-16.17,2.9
509291.109000,0.413,-0.139,-0.869,1.1,4.27,3.23
509291.156000,0.422,-0.158,-0.862,4.67,-3.36,8.12
509291.203000,0.461,-0.147,-0.891,-5.74,5.04,0.76
509291.250000,0.553,-0.161,-1.03,-2.84,51.33,-1.28
509291.296000,0.369,-0.075,-0.809,2.66,90.55,27.38
509291.343000,0.469,-0.128,-0.675,5.16,22.68,21.3
509291.390000,0.58,-0.116,-0.943,-11.32,4.06,1.86
509291.437000,0.53,-0.125,-0.86,2.47,-1.98,3.17
509291.484000,0.498,-0.158,-0.791,-6.99,10.53,10.9
509291.531000,0.523,-0.156,-0.787,-4.12,7.69,12.97
509291.578000,0.505,-0.177,-0.826,-3.78,10.56,9.4
509291.625000,0.475,-0.197,-0.706,0.55,2.44,11.23
509291.671000,0.484,-0.14,-0.855,-18.83,-33.48,4.58
509291.718000,0.443,-0.161,-0.799,-8.39,-45.84,-2.04
509291.765000,0.507,-0.113,-0.961,-35.13,-47.94,-19.62
509291.812000,0.464,-0.047,-0.944,-14.07,15.93,-19.2
509291.859000,0.47,-0.152,-0.867,16.79,-1.31,2.23
509291.906000,0.452,-0.132,-0.831,0.82,6.93,-21.27
509291.953000,0.439,-0.088,-0.914,8.45,-48.68,-9.7
509292.000000,0.413,-0.125,-0.874,8.94,15.66,-9.49
509292.046000,0.409,-0.112,-0.817,10.22,4.76,-9.19
509292.093000,0.434,-0.107,-0.89,16.3,-12.82,4.73
509292.140000,0.438,-0.132,-0.796,3.36,-11.35,-3.75
509292.187000,0.41,-0.132,-0.89,3.97,-11.14,1.71
509292.234000,0.461,-0.162,-0.852,9.89,-22.16,8.39
509292.281000,0.442,-0.144,-0.941,-2.35,-2.72,-6.32
509292.328000,0.5,-0.173,-0.95,7.9,29.33,-0.92
509292.375000,0.497,-0.198,-0.899,-4.43,102.6,-21.94
509292.421000,0.249,-0.057,-0.814,13.55,81.94,20.33
509292.468000,0.445,-0.107,-0.751,18.83,17.4,27.34
509292.515000,0.54,-0.141,-0.845,-4.55,1.77,15.2
509292.562000,0.522,-0.128,-0.891,-3.54,12.33,2.59
509292.609000,0.519,-0.171,-0.802,-5.25,13.46,2.53
509292.656000,0.499,-0.183,-0.75,1.1,13.25,4.39
509292.703000,0.521,-0.169,-0.761,0.34,-6.59,5.95
509292.750000,0.546,-0.146,-0.849,-12.63,-16.36,0.82
509292.796000,0.475,-0.144,-0.737,-16.02,-61.92,7.39
509292.843000,0.536,-0.137,-1.118,-16.11,-39.03,4.7
509292.890000,0.435,-0.174,-0.787,-19.59,-61.49,-13.21
509292.937000,0.576,-0.168,-1.156,15.66,52.19,-21.12
509292.984000,0.42,-0.18,-0.5,-0.98,-9.89,-21.27
509293.031000,0.537,-0.023,-1.293,12.82,-26.86,-17.98
509293.078000,0.372,-0.179,-0.611,18.49,20.36,0.61
509293.125000,0.503,-0.153,-1.013,30.82,-8.3,1.07
509293.171000,0.395,-0.148,-0.714,0.09,8.67,-15.99
509293.218000,0.471,-0.146,-0.962,3.51,-16.88,-6.13
509293.265000,0.418,-0.14,-0.804,-2.93,-2.66,-4.7
509293.312000,0.437,-0.166,-0.923,2.81,-16.36,7.48
509293.359000,0.438,-0.156,-0.87,-3.27,-1.74,-0.7
509293.406000,0.504,-0.143,-0.893,-0.89,14.1,3.66
509293.453000,0.562,-0.189,-0.951,-14.28,44.83,4.55
509293.500000,0.33,-0.106,-0.854,1.8,75.41,34.15
509293.546000,0.408,-0.179,-0.727,13.21,28.23,32.65
509293.593000,0.547,-0.177,-0.834,-3.27,1.16,17.49
509293.640000,0.498,-0.178,-0.848,-0.46,6.93,6.62
509293.687000,0.492,-0.175,-0.803,-3.91,0.4,3.51
509293.734000,0.475,-0.183,-0.806,-2.11,1.53,4.33
509293.781000,0.465,-0.176,-0.773,-4.94,-19.23,3.39
509293.828000,0.508,-0.164,-0.882,-7.75,-20.84,6.62
509293.875000,0.47,-0.18,-0.79,-10.07,-5.22,5.83
509293.921000,0.495,-0.164,-0.927,-2.23,-11.44,1.77
509293.968000,0.434,-0.155,-0.806,-16.08,-30.98,3.6
509294.015000,0.43,-0.18,-0.918,-1.25,-18.49,2.62
509294.062000,0.395,-0.159,-0.911,1.46,-10.86,-11.2
509294.125000,0.446,-0.129,-0.941,-13.03,-6.29,-17.64
509294.171000,0.398,-0.149,-0.807,16.3,7.23,-15.05
509294.218000,0.324,-0.12,-0.818,-14.68,-46.51,-24.48
509294.265000,0.396,-0.129,-0.898,0.76,39.49,-18.95
509294.312000,0.417,-0.149,-0.891,19.32,5.83,-11.81
509294.359000,0.46,-0.134,-0.818,7.57,-2.5,-11.84
509294.406000,0.437,-0.16,-0.825,7.78,-7.93,-3.88
509294.453000,0.436,-0.15,-0.887,8.03,7.45,-3.39
509294.500000,0.419,-0.154,-0.821,0.55,-14.56,1.16
509294.546000,0.506,-0.17,-0.906,-1.53,23.53,-2.14
509294.593000,0.592,-0.194,-1.003,1.34,68.61,-4.79
509294.656000,0.539,-0.179,-0.654,-21.21,71.47,37.97
509294.703000,0.557,-0.15,-0.813,14.92,-23.13,29.33
509294.750000,0.56,-0.264,-0.756,-6.74,6.13,8.64
509294.796000,0.506,-0.198,-0.863,-6.53,-2.23,5.71
509294.843000,0.478,-0.19,-0.76,-1.56,9.7,-2.47
509294.890000,0.506,-0.193,-0.776,-3.27,-1.83,-1.5
509294.937000,0.502,-0.156,-0.814,-7.45,-22.58,4.12
509294.984000,0.504,-0.156,-0.803,-4.18,-21.12,6.84
509295.031000,0.488,-0.14,-0.812,-14.83,-23.41,3.66
509295.078000,0.499,-0.143,-0.936,0.95,-21.24,8.21
509295.125000,0.41,-0.162,-0.799,-22.55,-17.98,-2.99
509295.171000,0.621,-0.136,-0.934,25.36,-27.53,-19.26
509295.218000,0.429,-0.149,-0.715,-16.11,36.53,-25.42
509295.265000,0.428,-0.075,-0.954,22.06,-30.49,-6.47
509295.312000,0.458,-0.172,-0.774,-2.29,38.76,-6.71
509295.359000,0.436,-0.185,-0.779,14.65,-9.52,-1.77
509295.406000,0.48,-0.157,-0.94,20.02,-11.08,-9.64
509295.453000,0.393,-0.131,-0.792,17.46,-8.06,-11.08
509295.500000,0.461,-0.173,-0.948,4.46,-15.35,-5.71
509295.546000,0.489,-0.184,-0.842,14.28,5.46,-9.55
509295.593000,0.454,-0.177,-0.899,1.46,-19.62,1.65
509295.640000,0.459,-0.187,-0.854,6.65,17.91,2.93
509295.687000,0.483,-0.174,-0.838,2.53,32.62,-3.17
509295.734000,0.419,-0.125,-0.847,-22.98,20.05,-0.43
509295.781000,0.41,-0.135,-0.942,-13.61,24.41,46.78
509295.828000,0.412,-0.12,-0.822,-5.8,-12.12,34.03
509295.875000,0.499,-0.217,-0.975,6.62,8.36,17.06
509295.921000,0.43,-0.196,-0.83,-2.47,10.68,4.94
509295.968000,0.483,-0.18,-0.94,-9.95,37.39,-10.8
509296.015000,0.435,-0.199,-0.698,12.63,12.12,-1.43
509296.062000,0.489,-0.165,-0.814,-7.63,10.13,-7.84
509296.125000,0.549,-0.141,-0.924,-7.39,-12.21,-0.46
509296.171000,0.425,-0.148,-0.688,-9.89,-21.82,2.01
509296.218000,0.48,-0.16,-0.928,-13.46,-9.31,1.04
509296.265000,0.402,-0.135,-0.664,-4.27,-24.93,5.31
509296.312000,0.378,-0.2,-0.857,-27.59,-2.14,-15.99
509296.359000,0.466,-0.068,-0.634,-14.31,-41.99,-25.45
509296.406000,0.536,-0.117,-1.084,19.68,76.36,-17.79
509296.453000,0.346,-0.135,-0.464,7.84,-6.96,-2.35
509296.500000,0.548,-0.115,-1.251,14.86,-15.53,-19.81
509296.546000,0.363,-0.167,-0.627,7.11,6.5,-13.03
509296.593000,0.495,-0.095,-1.043,14.56,-7.63,-10.5
509296.640000,0.439,-0.15,-0.707,9.03,-18.13,1.01
509296.687000,0.477,-0.152,-0.981,-1.25,-39.34,5.62
509296.734000,0.411,-0.151,-0.803,6.26,-7.08,9.58
509296.781000,0.452,-0.156,-0.949,-2.93,-17.06,5.43
509296.828000,0.479,-0.162,-0.909,3.33,26.06,5.22
509296.875000,0.527,-0.178,-1.0,-5.43,54.9,-6.81
509296.921000,0.466,-0.222,-0.772,6.1,58.6,37.02
509296.968000,0.565,-0.154,-0.919,18.01,24.6,16.36
509297.015000,0.482,-0.22,-0.767,3.91,2.72,1.53
509297.062000,0.476,-0.176,-0.784,-14.25,-6.78,-0.34
509297.109000,0.485,-0.168,-0.785,-9.16,12.21,0.06
509297.156000,0.481,-0.164,-0.793,-6.65,11.96,1.07
509297.203000,0.502,-0.168,-0.819,7.2,0.4,3.75
509297.250000,0.474,-0.185,-0.74,-7.54,-9.61,4.61
509297.296000,0.507,-0.142,-0.872,-2.2,-24.14,7.2
509297.343000,0.415,-0.171,-0.716,-9.7,-28.02,8.45
509297.390000,0.396,-0.137,-0.855,-11.23,-100.01,5.95
509297.437000,0.425,-0.104,-1.093,-28.87,-31.5,-11.35
509297.484000,0.416,-0.165,-0.836,9.52,-15.59,-1.95
509297.531000,0.467,-0.159,-0.984,-8.91,49.13,-9.95
509297.578000,0.335,-0.118,-0.761,19.41,-19.2,-14.47
509297.625000,0.421,-0.168,-0.846,0.0,23.19,-13.52
509297.671000,0.397,-0.175,-0.838,9.0,-13.92,-18.83
509297.718000,0.421,-0.124,-0.914,8.42,31.74,-18.4
509297.765000,0.489,-0.174,-0.825,8.27,-20.75,0.76
509297.812000,0.384,-0.143,-0.854,11.38,6.38,-8.42
509297.859000,0.399,-0.141,-0.857,0.98,-19.47,-0.24
509297.906000,0.452,-0.172,-0.902,0.06,-7.23,2.72
509297.953000,0.488,-0.184,-0.909,5.43,20.75,-3.17
509298.000000,0.49,-0.15,-0.937,-4.91,42.27,-5.16
509298.046000,0.414,-0.108,-0.907,-22.92,43.76,10.65
509298.093000,0.477,-0.27,-0.689,-14.34,31.04,30.4
509298.140000,0.585,-0.222,-0.936,11.47,8.48,15.11
509298.187000,0.507,-0.285,-0.749,4.06,8.88,2.29
509298.234000,0.494,-0.201,-0.839,-14.1,7.72,-1.46
509298.281000,0.475,-0.187,-0.777,2.29,20.84,-6.01
509298.343000,0.492,-0.16,-0.767,-4.36,-9.13,-1.98
509298.390000,0.508,-0.139,-0.864,-8.82,-15.56,6.5
509298.437000,0.477,-0.156,-0.731,-18.07,-33.94,13.79
509298.484000,0.457,-0.159,-0.862,-12.02,-18.1,7.48
509298.531000,0.426,-0.164,-0.72,-26.89,-62.81,10.83
509298.578000,0.477,-0.148,-1.028,-0.03,-0.4,-16.48
509298.625000,0.441,-0.156,-0.863,-17.4,14.71,-15.53
509298.671000,0.483,-0.156,-0.834,18.49,16.05,-20.14
509298.718000,0.454,-0.078,-0.994,9.25,-23.01,-3.6
509298.765000,0.415,-0.141,-0.831,10.13,16.24,-13.49
509298.812000,0.421,-0.151,-0.868,31.71,-4.67,-4.49
509298.859000,0.413,-0.179,-0.792,21.61,-22.77,-4.03
509298.906000,0.434,-0.18,-0.925,3.2,-17.37,-2.17
509298.953000,0.396,-0.186,-0.797,2.14,-10.41,5.58
509299.000000,0.425,-0.178,-0.938,-3.94,-8.91,1.4
509299.046000,0.476,-0.181,-0.93,2.56,42.88,-3.69
509299.093000,0.526,-0.213,-0.973,-8.67,76.75,-10.47
509299.140000,0.509,-0.21,-0.815,1.4,55.3,21.79
509299.187000,0.505,-0.121,-0.833,-11.2,26.06,6.5
509299.234000,0.531,-0.19,-0.801,8.03,7.51,13.0
509299.281000,0.569,-0.216,-0.934,7.32,-4.64,12.88
509299.328000,0.482,-0.207,-0.771,-12.57,-1.53,0.82
509299.375000,0.459,-0.192,-0.735,3.33,-6.53,5.55
509299.421000,0.495,-0.194,-0.863,-13.25,-22.92,6.23
509299.468000,0.454,-0.176,-0.791,-5.83,-21.36,9.83
509299.515000,0.433,-0.169,-0.812,-38.73,-64.94,6.62
509299.562000,0.445,-0.196,-0.878,6.84,5.19,-9.61
509299.609000,0.495,-0.199,-1.053,-1.01,-10.38,-13.82
509299.656000,0.434,-0.148,-0.759,-18.46,10.01,-38.24
509299.703000,0.505,-0.135,-1.006,20.45,0.06,-0.27
509299.750000,0.45,-0.156,-0.825,16.91,-7.45,-0.24
509299.796000,0.458,-0.182,-0.87,7.93,6.9,-8.91
509299.843000,0.435,-0.153,-0.848,24.02,6.16,-15.53
509299.890000,0.454,-0.154,-0.833,13.09,-15.72,-5.62
509299.937000,0.447,-0.181,-0.827,1.59,-10.13,-5.31
509299.984000,0.442,-0.186,-0.853,0.61,-8.76,2.29
509300.031000,0.445,-0.173,-0.88,0.46,-1.56,0.09
509300.078000,0.465,-0.183,-0.873,-0.21,13.82,-0.12
509300.125000,0.524,-0.18,-0.918,-6.2,40.16,0.61
509300.171000,0.463,-0.095,-0.921,-26.18,56.34,9.67
509300.234000,0.474,-0.248,-0.606,10.19,42.79,46.97
509300.281000,0.607,-0.221,-0.92,3.75,-16.82,14.77
509300.328000,0.525,-0.21,-0.867,-18.28,-2.14,-1.28
509300.375000,0.487,-0.221,-0.829,-1.4,0.58,1.86
509300.421000,0.497,-0.195,-0.778,-12.57,10.93,-2.62
509300.468000,0.499,-0.148,-0.779,6.38,-17.12,4.91
509300.515000,0.491,-0.17,-0.814,-4.3,-5.65,2.17
509300.562000,0.5,-0.177,-0.855,-10.9,-32.41,3.69
509300.609000,0.479,-0.177,-0.807,-0.92,-2.81,-0.15
509300.656000,0.48,-0.176,-0.87,-8.42,-27.99,2.11
509300.703000,0.45,-0.185,-0.846,-4.24,-8.97,-3.72
509300.750000,0.555,-0.17,-0.913,3.69,0.92,-12.05
509300.796000,0.479,-0.201,-0.987,46.11,33.88,-20.36
509300.843000,0.397,-0.184,-0.591,-13.09,-7.17,-26.73
509300.890000,0.526,-0.172,-1.021,6.41,-27.13,-23.83
509300.937000,0.43,-0.16,-0.752,16.21,21.0,3.3
509300.984000,0.449,-0.171,-0.866,15.32,-14.34,6.26
509301.031000,0.448,-0.137,-0.868,5.86,6.23,-7.51
509301.078000,0.476,-0.18,-0.81,7.9,-38.91,3.51
509301.125000,0.429,-0.167,-0.807,0.18,-7.63,-4.91
509301.171000,0.442,-0.171,-0.879,-7.17,-24.14,3.85
509301.218000,0.454,-0.182,-0.849,2.38,13.31,-0.15
509301.265000,0.48,-0.183,-0.883,4.58,18.16,-2.75
509301.312000,0.486,-0.178,-0.817,-5.58,18.28,-4.82
509301.359000,0.36,-0.029,-0.96,-31.43,73.92,19.32
509301.406000,0.434,-0.178,-0.653,13.18,65.19,41.32
509301.453000,0.621,-0.183,-0.92,10.38,-4.76,21.79
509301.500000,0.543,-0.212,-0.863,-2.93,4.21,-4.91
509301.546000,0.494,-0.222,-0.737,-10.74,12.05,1.83
509301.593000,0.521,-0.183,-0.807,2.9,10.01,5.01
509301.640000,0.46,-0.181,-0.645,2.84,-13.0,6.47
509301.687000,0.529,-0.157,-0.861,-14.68,-18.86,0.31
509301.734000,0.432,-0.156,-0.684,-14.16,-44.53,4.88
509301.781000,0.511,-0.151,-1.044,-18.43,-28.14,-5.55
509301.828000,0.442,-0.16,-0.792,-12.18,-15.23,-7.14
509301.875000,0.521,-0.155,-0.99,9.92,-8.42,-6.01
509301.921000,0.372,-0.102,-0.886,5.68,-29.36,-10.25
509301.968000,0.429,-0.146,-0.912,-8.51,-4.3,-16.24
509302.015000,0.443,-0.159,-0.872,9.98,4.09,-10.47
509302.062000,0.446,-0.178,-0.911,9.64,10.74,-16.05
509302.109000,0.417,-0.131,-0.83,8.85,-10.9,-13.95
509302.156000,0.466,-0.145,-0.894,11.02,-2.2,-9.86
509302.203000,0.404,-0.124,-0.789,1.77,-8.85,-4.15
509302.250000,0.457,-0.116,-0.921,5.34,-5.1,-2.87
509302.296000,0.416,-0.128,-0.816,0.55,-3.51,4.52
509302.343000,0.477,-0.138,-0.927,3.63,1.1,4.46
509302.390000,0.547,-0.151,-0.931,-1.89,47.06,-2.69
509302.437000,0.441,-0.097,-0.82,-12.21,55.24,0.76
509302.484000,0.535,-0.161,-0.698,-3.17,39.0,33.6
509302.531000,0.507,-0.151,-0.84,13.86,1.13,23.19
509302.578000,0.553,-0.225,-0.833,9.0,3.85,8.79
509302.625000,0.504,-0.178,-0.788,-17.55,27.04,-1.07
509302.671000,0.5,-0.205,-0.711,-6.74,24.17,-6.68
509302.718000,0.548,-0.108,-0.869,-0.09,-9.31,-1.37
509302.765000,0.485,-0.162,-0.678,-0.34,-4.91,3.2
509302.812000,0.531,-0.121,-0.808,-12.6,-37.6,4.3
509302.859000,0.506,-0.149,-0.788,-5.37,-14.59,-0.31
509302.906000,0.459,-0.138,-0.781,-7.9,-53.22,6.26
509302.953000,0.483,-0.154,-0.854,-4.91,-0.21,3.3
509303.000000,0.369,-0.204,-0.8,6.74,-34.09,7.39
509303.046000,0.55,-0.098,-1.128,-20.84,4.73,-22.68
509303.093000,0.386,-0.21,-0.695,5.68,15.53,-11.11
509303.140000,0.501,-0.128,-0.994,4.15,0.49,-13.76
509303.187000,0.462,-0.154,-0.847,-1.86,33.2,-14.53
509303.234000,0.444,-0.121,-0.839,9.0,-39.34,-8.76
509303.281000,0.443,-0.165,-0.917,14.74,37.54,-21.27
509303.328000,0.398,-0.155,-0.747,20.87,15.11,-2.47
509303.375000,0.456,-0.126,-0.879,7.35,-23.87,-12.48
509303.421000,0.429,-0.126,-0.793,3.48,-13.37,-0.03
509303.468000,0.495,-0.168,-0.956,4.82,-16.14,4.33
509303.515000,0.439,-0.151,-0.829,1.53,1.4,2.66
509303.562000,0.456,-0.125,-0.863,-6.47,-2.93,4.52
509303.609000,0.524,-0.143,-0.916,-18.34,4.7,17.82
509303.656000,0.364,-0.09,-1.028,-15.81,74.65,2.84
509303.703000,0.5,-0.272,-0.654,0.67,15.47,34.61
509303.750000,0.675,-0.224,-0.994,5.16,21.49,19.47
509303.796000,0.497,-0.208,-0.769,-2.04,12.97,7.05
509303.843000,0.51,-0.195,-0.826,4.33,3.23,2.41
509303.890000,0.456,-0.206,-0.68,2.87,8.88,0.49
509303.937000,0.482,-0.154,-0.75,-10.44,-23.96,4.58
509303.984000,0.483,-0.168,-0.829,-7.14,-15.99,4.97
509304.046000,0.439,-0.136,-0.746,-24.35,-56.95,2.78
509304.093000,0.464,-0.171,-0.865,-2.11,4.43,-0.34
509304.140000,0.512,-0.161,-0.937,-1.86,-47.52,4.73
509304.187000,0.481,-0.202,-0.974,3.78,36.71,-2.87
509304.234000,0.387,-0.194,-0.64,5.71,4.49,-6.2
509304.281000,0.557,-0.182,-1.11,10.62,12.45,-16.08
509304.328000,0.362,-0.141,-0.684,-1.83,-25.3,-15.63
509304.375000,0.517,-0.15,-1.001,10.68,15.41,-15.41
509304.421000,0.423,-0.166,-0.772,11.17,-4.21,-17.85
509304.468000,0.464,-0.128,-0.949,-1.28,-4.03,-15.17
509304.515000,0.449,-0.125,-0.77,3.05,-5.19,-0.31
509304.562000,0.452,-0.135,-0.883,-8.64,-31.25,0.37
509304.609000,0.437,-0.145,-0.839,3.36,-2.35,5.92
509304.656000,0.433,-0.158,-0.87,-5.13,-10.47,5.83
509304.718000,0.483,-0.159,-0.917,7.05,30.03,-7.39
509304.765000,0.522,-0.146,-0.939,9.95,43.43,-16.63
509304.812000,0.511,-0.184,-0.626,8.7,44.31,29.54
509304.859000,0.541,-0.169,-0.832,22.98,1.83,36.62
509304.906000,0.556,-0.21,-0.795,-16.24,-3.78,11.47
509304.953000,0.472,-0.193,-0.803,-3.69,-22.03,9.25
509305.000000,0.475,-0.188,-0.803,-24.51,8.39,-1.04
509305.046000,0.452,-0.161,-0.785,-0.58,-30.85,11.14
509305.093000,0.449,-0.146,-0.807,-19.23,-20.84,5.83
509305.156000,0.438,-0.181,-0.834,-10.04,-29.6,10.53
509305.203000,0.455,-0.168,-0.923,-2.08,-3.39,0.89
509305.250000,0.41,-0.19,-0.843,7.78,-18.07,-1.1
509305.296000,0.543,-0.157,-1.104,9.37,10.77,-12.48
509305.343000,0.277,-0.148,-0.645,13.03,-19.62,-5.55
509305.390000,0.502,-0.162,-1.01,-7.6,20.36,-11.81
509305.437000,0.365,-0.14,-0.715,3.88,-13.92,-11.51
509305.484000,0.464,-0.135,-1.0,-1.92,-31.04,-22.34
509305.531000,0.397,-0.159,-0.827,11.2,14.95,-11.69
509305.578000,0.425,-0.162,-0.843,0.89,-16.45,-10.56
509305.640000,0.409,-0.126,-0.819,5.34,-13.0,-5.34
509305.687000,0.405,-0.139,-0.907,-5.86,-26.83,4.03
509305.734000,0.398,-0.133,-0.895,7.78,14.47,1.59
509305.781000,0.417,-0.127,-0.865,-1.34,1.86,2.59
509305.828000,0.503,-0.139,-0.974,-15.26,6.71,9.86
509305.875000,0.21,-0.064,-0.833,7.6,95.98,12.48
509305.921000,0.374,-0.251,-0.707,16.88,36.87,27.95
509305.968000,0.592,-0.209,-1.072,23.71,12.12,10.04
509306.015000,0.486,-0.201,-0.863,4.88,8.91,-4.15
509306.062000,0.51,-0.207,-0.904,-5.62,12.51,-7.45
509306.109000,0.483,-0.179,-0.762,1.04,13.21,-8.39
509306.156000,0.452,-0.141,-0.701,-1.34,-17.03,-0.37
509306.203000,0.463,-0.113,-0.809,-14.5,-30.92,3.05
509306.250000,0.448,-0.157,-0.808,-8.82,-30.3,8.06
509306.296000,0.431,-0.148,-0.88,-16.97,-18.25,-0.85
509306.343000,0.48,-0.148,-0.897,-1.74,-33.3,8.64
509306.390000,0.5,-0.15,-1.004,8.39,14.56,-0.37
509306.437000,0.326,-0.094,-0.803,-6.96,-64.39,-9.28
509306.484000,0.506,-0.156,-1.12,-7.75,29.05,-22.34
509306.531000,0.367,-0.142,-0.773,19.41,-15.59,-6.59
509306.578000,0.441,-0.129,-0.998,3.78,17.46,-25.67
509306.625000,0.41,-0.131,-0.723,10.07,-11.17,5.52
509306.671000,0.481,-0.153,-1.059,10.28,-21.55,0.4
509306.718000,0.375,-0.157,-0.813,0.27,-21.73,8.3
509306.765000,0.44,-0.155,-0.941,3.02,20.66,-5.68
509306.812000,0.469,-0.164,-0.911,1.31,44.4,-11.2
509306.859000,0.435,-0.156,-0.913,0.55,51.91,-17.09
509306.906000,0.454,-0.164,-0.721,-19.38,58.87,13.89
509306.953000,0.483,-0.132,-0.8,21.79,31.56,34.97
509307.000000,0.506,-0.185,-0.842,1.8,6.62,8.03
509307.046000,0.498,-0.183,-0.85,-14.59,-7.39,0.12
509307.093000,0.433,-0.177,-0.683,-12.51,3.54,-2.35
509307.140000,0.537,-0.111,-1.003,-11.72,-32.01,7.69
509307.187000,0.408,-0.167,-0.697,-2.41,-13.46,12.97
509307.234000,0.501,-0.157,-1.024,-9.83,-51.0,13.43
509307.281000,0.388,-0.166,-0.749,-17.58,-17.61,2.5
509307.328000,0.513,-0.152,-1.033,12.7,-27.83,4.03
509307.375000,0.452,-0.158,-0.901,-6.1,35.0,2.29
509307.421000,0.426,-0.173,-0.917,17.55,-26.43,-16.48
509307.468000,0.343,-0.128,-0.699,-19.04,-18.31,-26.37
509307.515000,0.435,-0.142,-0.931,12.36,-23.71,-9.06
509307.562000,0.389,-0.152,-0.841,9.13,32.93,-18.98
509307.609000,0.448,-0.14,-0.862,12.94,-24.14,-3.75
509307.656000,0.416,-0.119,-0.886,-0.4,-5.1,-11.23
509307.703000,0.425,-0.146,-0.851,2.72,-22.06,6.38
509307.750000,0.417,-0.141,-0.907,6.32,3.48,-0.67
509307.796000,0.404,-0.143,-0.863,-0.76,-2.08,3.3
509307.843000,0.488,-0.156,-0.939,-8.03,16.08,5.31
509307.890000,0.395,-0.128,-0.938,-6.16,49.29,-2.04
509307.937000,0.235,-0.1,-0.778,-15.05,60.46,33.2
509307.984000,0.482,-0.109,-0.899,9.46,-2.47,28.08
509308.046000,0.492,-0.236,-0.873,8.88,13.03,7.63
509308.093000,0.464,-0.194,-0.847,-13.79,-6.93,3.63
509308.140000,0.419,-0.132,-0.81,-13.64,-14.95,4.88
509308.187000,0.465,-0.162,-0.844,-15.32,-22.83,9.43
509308.234000,0.412,-0.143,-0.83,-7.51,-29.45,10.5
509308.281000,0.456,-0.173,-0.95,-7.35,-7.87,-2.14
509308.328000,0.375,-0.157,-0.83,-6.68,-21.24,-0.64
509308.375000,0.435,-0.124,-0.97,5.55,8.7,1.56
509308.421000,0.383,-0.136,-0.77,-3.42,-12.6,-5.83
509308.468000,0.493,-0.171,-1.059,15.2,25.03,-15.08
509308.515000,0.369,-0.179,-0.696,-3.39,22.64,-10.99
509308.562000,0.471,-0.198,-1.04,1.37,-3.81,-22.4
509308.609000,0.392,-0.169,-0.783,3.63,9.52,-14.5
509308.656000,0.453,-0.166,-0.925,6.68,-9.92,-24.93
509308.703000,0.42,-0.154,-0.706,9.67,-7.72,-9.67
509308.750000,0.463,-0.141,-0.959,-10.19,-39.64,-11.35
509308.796000,0.427,-0.097,-0.857,12.18,19.53,-6.01
509308.843000,0.461,-0.13,-0.832,10.38,23.19,-8.15
509308.890000,0.45,-0.098,-0.961,-15.5,22.55,-10.1
509308.937000,0.42,-0.131,-0.701,-15.75,54.11,27.22
509308.984000,0.492,-0.144,-0.801,12.42,-0.43,38.91
509309.031000,0.556,-0.173,-0.901,0.79,-0.43,16.85
509309.078000,0.474,-0.161,-0.887,-0.55,-4.64,7.72
509309.125000,0.44,-0.166,-0.794,-7.97,-5.77,6.35
509309.171000,0.467,-0.126,-0.892,-9.46,-19.2,9.86
509309.218000,0.409,-0.184,-0.738,-10.47,-14.16,11.11
509309.265000,0.485,-0.15,-0.985,-17.64,-8.55,-0.85
509309.328000,0.414,-0.172,-0.818,0.55,0.92,5.92
509309.375000,0.45,-0.156,-0.871,-7.87,3.51,-4.3
509309.421000,0.409,-0.137,-0.802,-8.15,-4.15,5.74
509309.468000,0.441,-0.156,-0.836,1.01,-11.17,10.47
509309.515000,0.428,-0.157,-0.945,4.7,-14.01,5.92
509309.562000,0.456,-0.207,-0.893,13.0,13.06,-1.19
509309.609000,0.228,-0.097,-0.669,15.29,-64.36,-10.25
509309.656000,0.429,-0.187,-0.903,-12.45,41.02,-23.32
509309.703000,0.363,-0.133,-0.738,2.56,-37.75,-20.66
509309.750000,0.427,-0.126,-1.047,-9.28,23.77,-29.94
509309.796000,0.38,-0.142,-0.681,-3.45,-34.94,-8.55
509309.843000,0.459,-0.117,-0.975,0.24,-14.25,-13.34
509309.890000,0.391,-0.117,-0.817,2.08,-12.36,2.08
509309.937000,0.423,-0.111,-0.939,4.61,9.22,1.1
509309.984000,0.471,-0.125,-0.954,4.24,32.96,3.02
509310.031000,0.384,-0.075,-0.988,1.86,57.59,-2.29
509310.078000,0.361,-0.192,-0.625,8.3,79.59,44.34
509310.125000,0.543,-0.1,-0.855,-0.7,2.75,26.76
509310.171000,0.481,-0.176,-0.827,2.32,-9.61,4.39
509310.218000,0.448,-0.177,-0.794,-9.25,-7.72,5.13
509310.265000,0.412,-0.19,-0.714,0.55,4.91,1.62
509310.312000,0.451,-0.155,-0.82,-2.17,-21.24,8.33
509310.375000,0.435,-0.161,-0.843,-15.2,-30.27,10.25
509310.421000,0.389,-0.154,-0.834,-8.36,-26.25,2.72
509310.468000,0.376,-0.126,-0.83,-5.71,-12.39,-0.34
509310.515000,0.503,-0.194,-1.018,8.21,-11.93,-3.94
509310.562000,0.316,-0.163,-0.819,2.84,-34.91,-12.6
509310.609000,0.422,-0.138,-0.853,-21.24,15.05,-19.14
509310.656000,0.363,-0.134,-0.84,23.77,-25.15,-9.16
509310.718000,0.406,-0.128,-0.888,8.33,25.33,-19.93
509310.765000,0.395,-0.133,-0.881,-2.81,-35.77,-5.8
509310.812000,0.409,-0.135,-0.939,6.29,7.63,-7.45
509310.859000,0.381,-0.162,-0.89,2.04,-34.27,8.12
509310.906000,0.411,-0.153,-0.933,9.16,10.38,-0.67
509310.953000,0.377,-0.183,-0.844,8.82,9.43,1.56
509311.000000,0.48,-0.19,-0.933,6.65,23.59,2.14
509311.046000,0.393,-0.159,-0.961,-1.25,52.19,-0.89
509311.093000,0.379,-0.205,-0.669,9.09,18.83,42.39
509311.140000,0.502,-0.188,-0.855,0.67,2.29,32.47
509311.187000,0.455,-0.269,-0.838,3.02,3.66,10.13
509311.234000,0.455,-0.215,-0.883,-18.46,-6.93,-2.11
509311.281000,0.422,-0.191,-0.843,-14.44,1.74,-6.84
509311.328000,0.374,-0.174,-0.772,-5.68,-13.79,6.26
509311.375000,0.399,-0.196,-0.856,-15.23,-11.29,3.91
509311.421000,0.375,-0.166,-0.834,-10.47,-30.4,2.14
509311.468000,0.424,-0.173,-1.034,-4.76,-14.56,-1.16
509311.515000,0.391,-0.2,-0.882,4.15,8.58,-6.93
509311.562000,0.336,-0.121,-0.98,5.49,-37.35,-19.26
509311.609000,0.414,-0.113,-1.005,-6.01,10.62,-16.36
509311.656000,0.333,-0.134,-0.827,4.18,-6.1,-9.34
509311.703000,0.402,-0.157,-0.938,7.23,12.09,-17.09
509311.750000,0.362,-0.167,-0.833,0.18,7.93,-15.23
509311.796000,0.39,-0.151,-0.857,4.58,-15.84,-6.96
509311.843000,0.393,-0.164,-0.912,4.85,-22.4,-2.81
509311.906000,0.369,-0.16,-0.842,2.75,-14.77,0.76
509311.953000,0.397,-0.156,-0.954,3.45,4.49,-0.06
509312.000000,0.411,-0.173,-0.904,3.23,32.99,-4.64
509312.046000,0.388,-0.167,-0.88,-2.96,35.74,-11.41
509312.093000,0.234,-0.018,-0.951,-2.59,56.61,22.74
509312.140000,0.461,-0.188,-0.844,22.95,22.0,37.66
509312.187000,0.487,-0.204,-0.845,3.39,19.81,8.03
509312.234000,0.427,-0.22,-0.74,-18.74,2.5,-4.82
509312.281000,0.485,-0.148,-0.915,-10.32,-19.53,6.53
509312.328000,0.382,-0.193,-0.685,-7.69,10.83,5.1
509312.375000,0.469,-0.179,-0.915,-4.18,-22.52,4.67
509312.421000,0.419,-0.183,-0.792,-14.22,1.5,-2.08
509312.468000,0.508,-0.21,-0.976,-3.08,-21.73,-12.67
509312.515000,0.471,-0.185,-0.855,8.51,20.14,-17.55
509312.562000,0.344,-0.066,-0.693,-13.15,-43.55,-15.93
509312.609000,0.508,-0.169,-1.05,7.51,-5.77,-10.74
509312.656000,0.391,-0.183,-0.813,3.6,9.55,-9.43
509312.703000,0.42,-0.16,-0.92,13.31,3.33,-10.77
509312.750000,0.393,-0.151,-0.815,-1.46,-15.9,-10.38
509312.796000,0.43,-0.155,-0.913,3.88,-6.99,-10.38
509312.843000,0.419,-0.153,-0.875,-4.49,-13.95,-0.73
509312.890000,0.418,-0.16,-0.945,5.13,3.97,1.1
509312.937000,0.464,-0.169,-0.915,0.4,24.11,-3.05
509312.984000,0.509,-0.161,-0.933,0.98,41.32,-5.31
509313.046000,0.51,-0.146,-0.868,-1.04,85.24,44.47
509313.093000,0.604,-0.232,-0.982,33.2,12.91,24.2
509313.140000,0.494,-0.305,-0.711,11.69,11.99,9.67
509313.187000,0.451,-0.269,-0.689,-0.95,4.73,-0.98
509313.234000,0.488,-0.177,-0.797,-8.55,-3.81,4.82
509313.281000,0.453,-0.182,-0.773,-1.16,-27.77,10.83
509313.328000,0.448,-0.159,-0.75,-33.3,-39.03,1.74
509313.375000,0.445,-0.18,-0.897,6.5,-22.25,-0.98
509313.421000,0.448,-0.176,-0.876,-11.72,-45.32,-4.55
509313.468000,0.58,-0.194,-1.126,-9.28,-6.41,-20.75
509313.515000,0.242,-0.122,-0.579,-14.92,-65.83,-15.9
509313.562000,0.537,-0.178,-1.126,-14.95,-7.35,-9.0
509313.609000,0.374,-0.167,-0.75,14.19,17.73,3.72
509313.656000,0.419,-0.174,-1.006,7.75,-0.95,-12.57
509313.703000,0.382,-0.175,-0.778,12.54,-15.84,-7.63
509313.750000,0.416,-0.159,-0.912,2.38,-3.94,-15.2
509313.796000,0.378,-0.162,-0.846,7.69,-11.11,2.53
509313.843000,0.415,-0.139,-0.939,-0.18,4.79,-3.6
509313.890000,0.473,-0.174,-0.948,5.98,31.19,3.02
509313.937000,0.439,-0.183,-0.87,5.74,46.27,-1.92
509313.984000,0.297,-0.109,-0.918,-21.7,49.68,-2.78
509314.031000,0.45,-0.204,-0.772,20.11,43.31,47.36
509314.078000,0.561,-0.25,-0.894,2.69,38.94,8.79
509314.125000,0.485,-0.235,-0.688,0.64,2.26,6.59
509314.171000,0.444,-0.217,-0.707,-14.22,1.01,-9.86
509314.218000,0.491,-0.159,-0.798,-18.52,-8.82,0.64
509314.265000,0.426,-0.16,-0.702,-1.8,-10.28,7.35
509314.312000,0.488,-0.144,-0.914,-20.97,-41.69,10.13
509314.359000,0.397,-0.178,-0.79,-35.58,-37.66,2.29
509314.406000,0.467,-0.146,-1.035,4.91,-20.69,0.64
509314.453000,0.391,-0.135,-0.778,3.23,7.2,1.74
509314.500000,0.393,-0.139,-1.062,16.69,-39.89,1.28
509314.546000,0.446,-0.194,-0.913,-16.05,22.58,-13.43
509314.593000,0.351,-0.168,-0.789,-7.39,-32.78,-6.13
509314.640000,0.407,-0.163,-1.003,2.59,0.18,-24.87
509314.687000,0.361,-0.124,-0.824,12.6,-5.65,-16.69
509314.734000,0.394,-0.156,-0.95,4.73,-9.49,-21.79
509314.781000,0.361,-0.107,-0.854,5.74,0.49,-21.94
509314.828000,0.408,-0.133,-0.996,6.26,-6.44,-6.29
509314.875000,0.406,-0.138,-0.9,7.78,16.39,-3.88
509314.921000,0.464,-0.16,-0.921,6.74,31.95,-5.52
509314.968000,0.505,-0.175,-0.915,11.02,53.47,-15.35
509315.015000,0.374,-0.11,-0.86,-9.58,91.46,34.33
509315.062000,0.504,-0.189,-0.807,34.82,32.38,37.63
509315.109000,0.524,-0.263,-0.771,4.49,38.0,4.7
509315.156000,0.542,-0.192,-0.792,-0.52,23.35,-1.77
509315.203000,0.502,-0.192,-0.775,12.24,29.54,-1.01
509315.250000,0.571,-0.188,-0.764,-3.48,3.75,1.46
509315.296000,0.486,-0.182,-0.625,2.32,4.7,2.72
509315.343000,0.563,-0.185,-0.783,-13.98,-9.8,4.03
509315.390000,0.479,-0.193,-0.685,-6.74,-32.69,12.33
509315.437000,0.521,-0.185,-0.949,-24.48,-51.18,-1.46
509315.484000,0.605,-0.19,-0.872,-0.82,7.81,-1.8
509315.531000,0.506,-0.214,-0.701,9.37,-0.85,6.47
509315.593000,0.512,-0.199,-0.932,-20.45,-20.91,-30.82
509315.656000,0.472,-0.189,-0.817,1.71,-6.96,2.75
509315.703000,0.481,-0.186,-0.877,4.03,-4.55,-20.33
509315.750000,0.46,-0.179,-0.739,-0.37,-22.1,-8.33
509315.796000,0.469,-0.15,-0.907,2.56,-24.87,-6.23
509315.843000,0.454,-0.154,-0.825,8.7,-15.08,3.45
509315.890000,0.479,-0.171,-0.955,7.84,-0.85,0.58
509315.937000,0.516,-0.179,-0.934,13.52,49.87,-4.76
509315.984000,0.531,-0.16,-0.976,-1.25,44.89,-13.64
509316.031000,0.448,-0.165,-0.815,-4.79,66.16,28.26
509316.078000,0.524,-0.137,-0.761,-13.09,-3.91,30.76
509316.125000,0.484,-0.228,-0.712,-18.13,0.0,19.04
509316.171000,0.555,-0.138,-1.005,-18.34,-22.22,7.66
509316.218000,0.437,-0.218,-0.681,-4.85,3.14,4.79
509316.265000,0.504,-0.158,-0.821,-5.01,-10.86,7.78
509316.312000,0.452,-0.197,-0.773,7.29,-13.25,12.82
509316.359000,0.44,-0.16,-0.772,-17.18,-39.25,9.13
509316.406000,0.413,-0.21,-0.867,-14.31,-52.74,11.14
509316.453000,0.398,-0.177,-0.964,-13.46,-60.12,2.44
509316.500000,0.545,-0.201,-1.134,14.19,-2.66,-2.96
509316.546000,0.346,-0.217,-0.658,-5.52,1.34,-8.45
509316.593000,0.409,-0.085,-1.185,-17.82,-30.49,-28.05
509316.640000,0.373,-0.124,-0.844,-6.74,57.5,-23.26
509316.687000,0.432,-0.177,-0.906,13.76,-9.52,-6.35
509316.734000,0.385,-0.143,-0.968,6.47,26.18,-30.79
509316.781000,0.437,-0.165,-0.719,10.13,-18.95,0.82
509316.828000,0.417,-0.115,-0.938,2.04,-9.03,-9.0
509316.875000,0.375,-0.131,-0.827,2.99,-11.14,4.85
509316.921000,0.422,-0.147,-0.917,4.79,2.2,6.29
509316.968000,0.47,-0.168,-0.909,1.56,25.67,-0.27
509317.015000,0.468,-0.203,-0.862,3.17,30.12,-11.08
509317.062000,0.484,-0.142,-0.936,-18.04,22.77,10.9
509317.109000,0.463,-0.249,-0.794,14.22,34.3,33.69
509317.156000,0.606,-0.244,-0.933,25.15,21.58,24.2
509317.203000,0.511,-0.196,-0.834,14.22,25.24,10.8
509317.250000,0.465,-0.246,-0.807,-2.96,8.55,2.56
509317.296000,0.459,-0.199,-0.752,1.01,1.98,3.66
509317.343000,0.461,-0.185,-0.789,-12.7,-17.0,6.71
509317.390000,0.459,-0.178,-0.836,-11.63,-23.62,3.97
509317.437000,0.453,-0.182,-0.832,-24.69,-29.76,2.53
509317.484000,0.442,-0.197,-0.836,1.92,-11.26,1.4
509317.531000,0.482,-0.173,-0.952,-9.92,-13.15,-3.91
509317.578000,0.448,-0.196,-0.744,7.05,11.41,-2.62
509317.625000,0.422,-0.146,-0.972,-13.06,-35.43,-10.07
509317.671000,0.353,-0.141,-0.847,11.99,-15.59,-26.37
509317.718000,0.456,-0.197,-0.895,0.61,-4.67,-7.32
509317.765000,0.411,-0.153,-0.859,15.08,11.05,-7.29
509317.812000,0.426,-0.181,-0.795,4.24,-21.24,-3.27
509317.859000,0.415,-0.168,-0.875,-0.7,-22.71,-3.05
509317.906000,0.405,-0.173,-0.868,4.55,-12.76,0.37
509317.953000,0.422,-0.17,-0.914,1.13,-1.37,1.04
509318.000000,0.457,-0.212,-0.877,5.01,22.52,-1.46
509318.046000,0.451,-0.19,-1.012,2.69,44.62,-27.89
509318.109000,0.523,-0.173,-0.804,-14.74,51.48,35.46
509318.156000,0.496,-0.177,-0.915,13.58,35.58,26.92
509318.203000,0.463,-0.252,-0.688,-0.31,32.62,10.99
509318.250000,0.503,-0.206,-0.782,-10.28,-0.4,3.66
509318.296000,0.46,-0.203,-0.707,-5.34,20.69,-1.98
509318.343000,0.468,-0.182,-0.727,2.29,-7.11,5.07
509318.406000,0.483,-0.188,-0.757,-6.65,-6.07,4.49
509318.453000,0.493,-0.194,-0.801,-8.61,-35.28,9.58
509318.500000,0.45,-0.202,-0.806,-7.26,-19.93,-0.82
509318.546000,0.468,-0.164,-0.838,-21.58,-55.51,1.28
509318.593000,0.455,-0.188,-0.819,6.84,2.11,1.37
509318.640000,0.373,-0.155,-0.907,-11.23,-51.42,-20.84
509318.687000,0.437,-0.178,-0.923,-14.77,13.7,-23.32
509318.734000,0.38,-0.171,-0.768,10.19,-26.25,-10.53
509318.781000,0.426,-0.138,-0.965,-4.15,16.27,-27.22
509318.828000,0.42,-0.183,-0.79,8.27,-18.52,0.4
509318.875000,0.451,-0.167,-1.031,9.46,-20.87,-8.82
509318.921000,0.396,-0.174,-0.815,7.97,-12.21,3.27
509318.968000,0.418,-0.162,-0.95,3.57,4.61,-2.53
509319.015000,0.406,-0.19,-0.859,4.43,11.6,1.56
509319.062000,0.448,-0.184,-0.828,-4.3,23.16,-2.78
509319.109000,0.342,-0.1,-0.942,-1.4,37.87,-15.11
509319.156000,0.404,-0.207,-0.659,18.31,47.33,42.91
509319.203000,0.618,-0.262,-1.101,8.51,8.3,22.55
509319.250000,0.466,-0.308,-0.756,15.47,19.84,12.21
509319.296000,0.507,-0.218,-0.891,-20.78,20.84,-0.7
509319.343000,0.485,-0.218,-0.842,4.58,-1.56,4.3
509319.390000,0.464,-0.215,-0.791,-2.96,3.63,3.51
509319.437000,0.448,-0.208,-0.708,-6.62,-23.07,11.75
509319.484000,0.472,-0.218,-0.854,-14.47,-4.73,2.01
509319.531000,0.4,-0.172,-0.749,-32.2,-56.73,9.52
509319.578000,0.455,-0.171,-0.934,-4.67,-10.77,-0.34
509319.625000,0.393,-0.208,-0.812,-16.45,-16.66,2.78
509319.671000,0.461,-0.17,-0.997,-4.58,20.63,-19.04
509319.718000,0.439,-0.202,-0.796,1.53,11.54,-5.28
509319.765000,0.308,-0.134,-0.979,26.28,-64.3,-19.53
509319.812000,0.437,-0.194,-0.876,-18.31,18.4,-22.55
509319.859000,0.416,-0.181,-0.834,13.92,3.75,-9.25
509319.906000,0.405,-0.147,-0.821,9.52,-17.12,-10.19
509319.953000,0.45,-0.177,-0.978,3.02,-31.89,3.42
509320.000000,0.363,-0.186,-0.808,3.48,-0.64,3.27
509320.046000,0.414,-0.192,-0.953,-3.48,-10.71,-1.46
509320.093000,0.443,-0.207,-0.919,6.47,28.08,-2.69
509320.140000,0.46,-0.225,-0.89,8.33,37.63,-11.2
509320.187000,0.465,-0.122,-1.02,-1.01,54.17,-20.05
509320.234000,0.432,-0.148,-0.707,9.06,66.65,36.65
509320.281000,0.477,-0.197,-0.898,4.79,2.72,26.67
509320.328000,0.544,-0.2,-0.917,2.11,10.13,8.82
509320.375000,0.477,-0.239,-0.805,-14.01,-3.81,5.19
509320.421000,0.483,-0.187,-0.831,-16.3,-1.71,0.03
509320.468000,0.445,-0.176,-0.72,-3.97,-28.66,12.24
509320.515000,0.444,-0.198,-0.789,-16.48,-9.7,8.33
509320.562000,0.423,-0.234,-0.829,1.56,-35.49,9.43
509320.609000,0.493,-0.21,-0.97,0.09,-19.14,-1.98
509320.656000,0.453,-0.209,-0.826,-0.31,-6.16,-7.57
509320.703000,0.408,-0.186,-0.911,13.4,-28.81,-14.65
509320.750000,0.351,-0.138,-0.77,-14.53,-9.8,-17.12
509320.796000,0.368,-0.201,-0.908,11.87,-42.12,1.68
509320.843000,0.425,-0.202,-0.937,-3.6,10.38,-15.53
509320.890000,0.392,-0.158,-0.956,-0.73,-6.26,-7.66
509320.937000,0.387,-0.15,-0.87,-6.96,-4.64,-10.19
509320.984000,0.391,-0.17,-0.92,-3.97,-17.67,-10.71
509321.031000,0.377,-0.179,-0.874,0.46,-6.81,-2.78
509321.078000,0.368,-0.156,-0.894,2.78,-9.83,-2.96
509321.125000,0.388,-0.16,-0.91,2.32,-1.01,-0.67
509321.171000,0.402,-0.198,-0.869,15.56,4.67,-0.61
509321.218000,0.497,-0.188,-0.946,5.83,23.56,-17.7
509321.265000,0.277,-0.163,-0.923,16.08,90.21,26.83
509321.328000,0.456,-0.215,-0.747,36.9,-30.88,44.16
509321.375000,0.472,-0.32,-0.888,-28.2,13.82,-8.88
509321.421000,0.385,-0.278,-0.72,-10.86,14.83,-2.26
509321.468000,0.426,-0.209,-0.828,-8.67,0.49,8.97
509321.515000,0.407,-0.192,-0.826,0.31,-17.76,9.0
509321.562000,0.436,-0.205,-0.868,-8.79,-9.83,3.51
509321.625000,0.409,-0.227,-0.831,-11.32,-14.98,-0.18
509321.671000,0.445,-0.207,-0.91,-1.01,-8.73,-2.2
509321.718000,0.373,-0.186,-0.814,-11.32,-14.44,-4.94
509321.765000,0.422,-0.158,-0.872,0.49,-42.7,-4.3
509321.812000,0.401,-0.229,-0.837,-0.85,38.45,-18.04
509321.875000,0.323,-0.166,-0.924,-3.57,-52.89,-4.39
509321.921000,0.338,-0.182,-0.933,-6.2,30.12,-22.19
509321.968000,0.392,-0.172,-0.916,6.1,-2.75,-14.28
509322.015000,0.405,-0.136,-0.878,3.27,2.5,-14.92
509322.062000,0.385,-0.176,-0.888,-6.35,-32.72,-2.53
509322.109000,0.388,-0.164,-0.873,3.17,-2.96,1.4
509322.156000,0.362,-0.182,-0.9,3.51,-20.78,4.21
509322.203000,0.389,-0.166,-0.907,1.53,20.08,-4.73
509322.250000,0.487,-0.199,-0.96,5.71,46.97,-6.59
509322.296000,0.402,-0.156,-0.932,3.23,83.62,-22.55
509322.343000,0.491,-0.209,-0.64,-5.62,56.58,38.79
509322.406000,0.636,-0.195,-1.03,10.59,25.54,29.97
509322.453000,0.485,-0.263,-0.792,2.56,10.5,7.75
509322.500000,0.457,-0.225,-0.815,-16.27,14.01,-4.76
509322.546000,0.473,-0.195,-0.736,2.69,-8.91,13.61
509322.593000,0.488,-0.195,-0.822,-10.19,-16.33,11.84
509322.640000,0.451,-0.229,-0.752,-6.2,-30.09,8.79
509322.687000,0.463,-0.187,-0.905,-20.72,-32.93,0.95
509322.734000,0.422,-0.2,-0.834,-15.93,-44.43,9.37
509322.781000,0.44,-0.204,-0.998,-8.27,-23.68,13.82
509322.828000,0.423,-0.211,-0.876,-4.46,19.26,5.43
509322.875000,0.388,-0.185,-0.869,11.17,-22.71,-4.0
509322.921000,0.458,-0.219,-0.994,-3.81,18.22,-16.51
509322.968000,0.302,-0.216,-0.68,-17.67,-40.99,-23.35
509323.015000,0.467,-0.199,-1.146,14.71,-13.46,-24.78
509323.062000,0.402,-0.19,-0.79,25.24,2.59,-8.73
509323.109000,0.454,-0.168,-1.044,28.75,21.88,-19.29
509323.156000,0.373,-0.194,-0.749,22.55,-7.51,-4.3
509323.203000,0.455,-0.194,-0.985,2.41,-10.5,-8.21
509323.250000,0.379,-0.19,-0.813,8.21,-6.9,3.48
509323.296000,0.423,-0.195,-0.933,0.18,-8.39,1.19
509323.343000,0.441,-0.217,-0.852,9.0,15.66,3.88
509323.390000,0.506,-0.203,-0.971,1.56,31.71,-2.5
509323.437000,0.188,-0.141,-0.855,-9.86,58.02,37.08
509323.484000,0.504,-0.226,-0.799,-5.16,8.94,38.42
509323.531000,0.505,-0.251,-0.854,-14.28,25.79,12.36
509323.578000,0.484,-0.235,-0.914,-17.09,4.61,-2.08
509323.625000,0.392,-0.229,-0.715,1.89,0.7,10.9
509323.671000,0.424,-0.2,-0.78,-15.84,-4.09,1.77
509323.718000,0.464,-0.216,-0.854,-5.55,-21.45,4.36
509323.765000,0.435,-0.214,-0.804,-11.47,-6.9,-3.97
509323.812000,0.45,-0.211,-0.844,-10.13,-29.91,0.61
509323.859000,0.488,-0.238,-1.003,12.54,9.49,-11.02
509323.921000,0.443,-0.219,-0.872,41.2,13.49,0.64
509323.968000,0.476,-0.241,-0.844,13.55,-8.76,8.76
509324.015000,0.375,-0.219,-0.787,-23.53,-32.07,-36.16
509324.062000,0.474,-0.216,-1.057,-0.76,-6.53,-13.49
509324.109000,0.39,-0.188,-0.854,4.85,18.65,-11.17
509324.156000,0.44,-0.182,-0.851,-10.32,-23.8,-13.95
509324.203000,0.407,-0.154,-0.867,-2.69,-20.39,-10.25
509324.250000,0.41,-0.162,-0.899,-6.53,-22.71,-0.15
509324.296000,0.408,-0.171,-0.929,3.51,1.59,-1.07
509324.343000,0.445,-0.167,-0.921,0.79,19.23,-1.92
509324.390000,0.481,-0.178,-0.911,0.43,40.59,-6.71
509324.437000,0.25,-0.079,-0.809,-0.52,62.11,11.14
509324.484000,0.405,-0.21,-0.718,23.04,9.37,42.12
509324.531000,0.512,-0.177,-0.896,4.24,-0.12,35.92
509324.578000,0.486,-0.294,-0.945,21.76,10.53,26.61
509324.625000,0.45,-0.239,-0.892,-14.92,-8.18,1.59
509324.671000,0.403,-0.234,-0.758,-11.32,-0.61,0.46
509324.718000,0.442,-0.219,-0.855,-0.58,-17.88,5.71
509324.765000,0.409,-0.217,-0.812,-9.06,-13.52,-1.16
509324.812000,0.391,-0.215,-0.87,0.18,-27.13,-1.77
509324.859000,0.428,-0.188,-0.904,-13.98,4.03,-19.68
509324.906000,0.409,-0.22,-0.719,-11.93,-30.82,-12.45
509324.953000,0.347,-0.092,-1.143,9.64,-53.1,9.98
509325.015000,0.317,-0.205,-0.866,-17.37,16.24,-8.3
509325.062000,0.363,-0.225,-0.925,2.04,-11.23,-4.43
509325.109000,0.385,-0.191,-0.916,1.83,15.78,-15.9
509325.156000,0.37,-0.209,-0.839,1.04,-21.12,1.01
509325.203000,0.338,-0.184,-0.876,9.28,0.4,-3.51
509325.250000,0.341,-0.188,-0.931,2.47,-14.77,-1.5
509325.296000,0.32,-0.162,-0.883,3.33,0.79,-3.42
509325.343000,0.348,-0.18,-0.926,0.58,-3.39,0.92
509325.390000,0.444,-0.242,-1.001,15.66,38.97,-17.4
509325.437000,0.293,-0.115,-1.189,9.46,90.49,-12.79
509325.484000,0.412,-0.344,-0.439,30.67,67.17,45.63
509325.531000,0.622,-0.095,-1.228,-13.55,5.71,11.47
509325.578000,0.457,-0.182,-0.865,-13.79,22.55,-14.8
509325.625000,0.41,-0.189,-0.767,-2.59,5.49,-5.31
509325.671000,0.407,-0.177,-0.723,-4.79,12.33,12.73
509325.718000,0.496,-0.217,-0.864,-4.52,-21.0,13.73
509325.765000,0.426,-0.224,-0.776,-13.98,-22.8,2.17
509325.812000,0.442,-0.2,-0.854,-9.77,-29.27,-3.45
509325.859000,0.438,-0.173,-0.931,-3.75,-2.17,-5.16
509325.906000,0.468,-0.198,-0.803,2.59,-35.04,4.27
509325.953000,0.438,-0.213,-0.931,7.32,-8.24,-4.73
509326.000000,0.369,-0.193,-0.861,-7.45,-53.53,-0.52
509326.046000,0.367,-0.195,-0.98,-7.87,-22.8,-9.52
509326.093000,0.356,-0.205,-0.908,-6.96,2.53,-4.61
509326.140000,0.39,-0.209,-0.932,10.41,5.98,-13.4
509326.187000,0.355,-0.218,-0.799,4.61,-8.12,-6.78
509326.250000,0.38,-0.199,-0.931,2.32,-11.29,-12.3
509326.296000,0.356,-0.214,-0.872,1.86,-12.18,2.9
509326.343000,0.418,-0.212,-0.951,0.31,17.46,-4.33
509326.390000,0.453,-0.256,-0.947,10.96,64.49,-14.31
509326.437000,0.386,-0.165,-0.89,7.48,73.79,-27.86
509326.484000,0.363,-0.158,-0.694,4.85,63.51,16.91
509326.531000,0.457,-0.194,-0.838,20.36,20.75,32.44
509326.578000,0.449,-0.244,-0.686,-3.05,4.36,7.23
509326.625000,0.479,-0.213,-0.892,-19.99,-9.8,3.11
509326.671000,0.429,-0.244,-0.697,-11.32,-5.83,4.91
509326.718000,0.412,-0.217,-0.703,-11.29,-34.49,15.05
509326.765000,0.459,-0.226,-0.912,-13.43,-15.32,5.74
509326.812000,0.399,-0.236,-0.793,-7.72,-35.49,7.2
509326.859000,0.42,-0.169,-1.0,-11.87,-14.59,-4.24
509326.906000,0.461,-0.222,-0.839,-5.07,-11.87,-7.78
509326.953000,0.404,-0.211,-0.944,10.5,4.82,-7.39
509327.000000,0.343,-0.184,-0.808,-7.23,-50.94,-15.08
509327.046000,0.451,-0.215,-1.047,10.35,-1.95,-24.63
509327.093000,0.387,-0.205,-0.803,3.2,14.13,-7.84
509327.140000,0.376,-0.184,-0.921,11.69,-9.67,-8.76
509327.187000,0.362,-0.196,-0.827,-13.0,-26.15,2.01
509327.234000,0.383,-0.152,-0.962,-0.46,-7.54,-2.81
509327.281000,0.359,-0.177,-0.882,3.66,1.16,7.14
509327.328000,0.421,-0.216,-0.916,4.7,7.97,0.15
509327.375000,0.463,-0.198,-1.003,1.31,48.1,-13.0
509327.421000,0.271,-0.184,-0.788,11.41,77.12,26.28
509327.468000,0.482,-0.233,-0.851,18.77,27.92,20.78
509327.515000,0.519,-0.222,-0.822,13.06,14.56,21.91
509327.562000,0.447,-0.225,-0.844,-13.7,-9.22,9.37
509327.609000,0.411,-0.254,-0.787,-14.89,-4.03,9.37
509327.671000,0.418,-0.207,-0.813,-17.64,-26.98,8.7
509327.718000,0.377,-0.227,-0.807,-7.78,-21.58,8.97
509327.765000,0.413,-0.235,-0.909,-9.03,-32.72,2.11
509327.812000,0.377,-0.245,-0.908,-5.1,-13.7,0.31
509327.859000,0.391,-0.213,-0.902,-4.36,-11.57,-1.86
509327.906000,0.375,-0.224,-0.886,1.8,-4.58,1.04
509327.953000,0.38,-0.206,-0.907,-0.52,-10.38,-1.5
509328.000000,0.385,-0.22,-0.895,0.64,-2.08,-3.08
509328.046000,0.395,-0.203,-0.927,-5.46,1.62,-4.33
509328.093000,0.386,-0.216,-0.911,-2.11,3.66,-1.92
509328.140000,0.427,-0.261,-1.003,-1.95,13.06,-13.61
509328.187000,0.234,-0.149,-0.689,13.28,-46.57,-33.66
509328.234000,0.366,-0.181,-1.003,-14.28,20.91,-23.04
509328.281000,0.343,-0.172,-0.749,13.18,-3.69,1.95
509328.328000,0.396,-0.191,-0.986,-2.32,-41.26,-2.41
509328.375000,0.364,-0.19,-0.893,3.78,-15.5,6.26
509328.421000,0.358,-0.198,-0.941,4.7,-3.75,7.35
509328.468000,0.388,-0.22,-0.942,8.18,20.54,-0.55
509328.515000,0.351,-0.224,-0.877,13.55,49.93,-20.11
509328.562000,0.442,-0.208,-0.89,2.08,43.0,17.06
509328.609000,0.436,-0.206,-0.846,22.46,27.28,27.74
509328.656000,0.382,-0.209,-0.829,14.01,8.51,20.81
509328.703000,0.456,-0.277,-0.901,-3.23,9.28,13.76
509328.750000,0.426,-0.281,-0.829,5.43,10.99,9.43
509328.796000,0.413,-0.243,-0.824,-10.13,7.72,10.19
509328.843000,0.423,-0.302,-0.793,0.61,-14.1,13.12
509328.890000,0.41,-0.31,-0.806,-12.45,5.37,4.82
509328.937000,0.379,-0.284,-0.774,-1.1,-21.91,7.6
509328.984000,0.428,-0.215,-0.927,-16.42,-6.01,3.14
509329.031000,0.381,-0.294,-0.806,-0.95,-8.36,5.8
509329.078000,0.443,-0.259,-1.083,7.39,-2.78,-2.81
509329.125000,0.388,-0.293,-0.766,-17.49,22.37,-9.22
509329.171000,0.434,-0.282,-0.972,15.81,-12.91,1.56
509329.218000,0.392,-0.292,-0.778,-9.28,13.82,-9.13
509329.265000,0.381,-0.269,-0.843,0.15,-20.69,-4.09
509329.312000,0.407,-0.267,-0.88,0.64,13.18,-3.88
509329.359000,0.395,-0.28,-0.863,2.69,-8.15,-4.21
509329.406000,0.312,-0.21,-0.826,-4.82,-46.85,-16.63
509329.453000,0.358,-0.244,-1.021,-9.58,-15.23,-11.78
509329.500000,0.322,-0.21,-0.75,6.47,0.58,-1.56
509329.546000,0.458,-0.261,-0.931,-6.59,-36.53,4.64
509329.593000,0.355,-0.218,-0.834,5.25,-6.87,-7.6
509329.640000,0.335,-0.215,-0.901,-3.94,-7.97,-0.21
509329.687000,0.313,-0.251,-0.86,-1.5,7.23,3.23
509329.734000,0.336,-0.287,-0.897,1.1,8.21,2.9
509329.781000,0.456,-0.293,-1.007,2.38,67.02,-14.53
509329.828000,0.354,-0.3,-0.838,5.16,46.63,-21.03
509329.875000,0.355,-0.224,-0.796,-21.0,77.36,-0.4
509329.921000,0.451,-0.197,-0.842,20.54,22.37,18.1
509329.968000,0.433,-0.279,-0.775,-3.27,-6.23,7.97
509330.015000,0.446,-0.233,-0.849,-13.79,-23.56,9.74
509330.062000,0.416,-0.248,-0.836,-6.56,-21.94,11.63
509330.109000,0.383,-0.258,-0.808,-13.4,-32.56,8.06
509330.156000,0.397,-0.237,-0.856,-6.16,-33.72,4.15
509330.203000,0.39,-0.246,-0.919,-13.12,-16.48,6.62
509330.250000,0.331,-0.292,-0.683,4.0,-36.93,-16.3
509330.312000,0.405,-0.252,-0.92,-25.18,-9.86,-26.95
509330.375000,0.343,-0.25,-0.897,6.78,2.44,-8.06
509330.421000,0.355,-0.2,-0.833,12.09,-0.06,0.49
509330.468000,0.384,-0.221,-1.058,-3.17,-42.57,2.59
509330.515000,0.41,-0.252,-0.978,5.13,7.78,6.44
509330.562000,0.322,-0.258,-0.887,8.85,-3.57,12.91
509330.609000,0.41,-0.235,-0.999,-6.44,24.6,-3.05
509330.656000,0.433,-0.317,-0.918,2.47,66.68,-4.33
509330.703000,0.284,-0.172,-0.895,-17.12,45.2,25.06
509330.750000,0.314,-0.085,-0.888,5.25,-3.63,32.62
509330.796000,0.488,-0.219,-0.938,-17.49,4.94,17.24
509330.843000,0.379,-0.299,-0.781,-6.23,11.6,13.64
509330.890000,0.331,-0.24,-0.842,2.84,-3.45,5.43
509330.937000,0.384,-0.295,-0.822,-21.12,7.2,-6.59
509330.984000,0.396,-0.328,-0.825,12.27,-17.18,-0.43
509331.046000,0.323,-0.252,-0.828,-8.94,12.45,-26.15
509331.093000,0.487,-0.233,-0.934,5.58,-16.14,-22.25
509331.140000,0.321,-0.204,-0.704,-6.71,-8.67,-23.53
509331.187000,0.256,-0.134,-0.775,-1.31,-43.92,-21.82
509331.234000,0.405,-0.131,-0.994,-11.72,0.85,-22.95
509331.281000,0.399,-0.244,-0.835,6.32,-6.29,5.31
509331.328000,0.332,-0.213,-0.855,5.04,-22.22,-8.39
509331.375000,0.385,-0.196,-0.965,-9.22,-51.0,0.21
509331.421000,0.375,-0.251,-0.908,8.97,-5.83,5.4
509331.484000,0.344,-0.196,-0.973,1.25,-6.04,-8.39
509331.531000,0.399,-0.251,-0.935,10.04,28.29,0.27
509331.578000,0.439,-0.277,-0.927,12.79,56.12,-19.65
509331.625000,0.224,-0.173,-0.86,14.34,63.84,20.87
509331.671000,0.397,-0.22,-0.757,17.37,20.81,33.11
509331.734000,0.542,-0.274,-0.958,-3.66,10.35,10.71
509331.781000,0.382,-0.244,-0.824,-3.3,-13.49,8.79
509331.828000,0.39,-0.24,-0.858,-21.91,-12.63,5.49
509331.875000,0.368,-0.229,-0.853,-0.73,-29.48,10.8
509331.921000,0.4,-0.247,-0.924,-9.4,1.28,-3.66
509331.968000,0.337,-0.248,-0.805,-5.4,-27.47,4.58
509332.015000,0.444,-0.23,-0.985,9.67,-7.51,1.31
509332.062000,0.368,-0.299,-0.932,-2.62,26.64,-10.56
509332.109000,0.333,-0.284,-0.722,14.95,-5.71,-28.05
509332.156000,0.322,-0.175,-0.972,36.47,-56.89,-33.51
509332.203000,0.158,-0.191,-0.679,44.16,40.89,-11.11
509332.250000,0.31,-0.311,-0.801,73.09,-40.1,31.07
509332.312000,0.188,-0.239,-0.797,60.73,16.75,-6.13
509332.375000,0.421,-0.342,-0.843,20.54,-36.99,-7.78
509332.421000,0.566,-0.399,-1.034,-27.71,13.31,-45.38
509332.468000,0.775,-0.503,-1.034,-30.88,21.42,7.63
509332.515000,0.933,-0.713,-1.122,-9.98,37.57,2.38
509332.562000,0.701,-0.6,-0.894,-2.38,147.43,-18.34
509332.609000,0.584,-0.478,-0.685,-5.4,106.63,-28.66
509332.656000,0.492,-0.398,-0.494,-20.69,85.54,-40.74
509332.718000,0.612,-0.272,-0.5,-26.98,24.69,-31.43
509332.765000,0.551,-0.185,-0.502,-39.28,8.27,-21.21
509332.812000,0.549,-0.096,-0.607,-60.12,6.68,-18.43
509332.859000,0.468,-0.119,-0.551,-31.71,-11.23,25.24
509332.906000,0.569,-0.204,-0.607,-22.0,2.11,9.98
509332.953000,0.572,-0.14,-0.681,-20.14,-20.54,1.68
509333.000000,0.563,-0.133,-0.608,-5.07,-41.87,10.47
509333.046000,0.574,-0.111,-0.659,-24.32,-57.74,10.53
509333.093000,0.429,-0.151,-0.567,-21.49,-97.08,29.36
509333.156000,0.416,-0.101,-0.931,-44.74,-139.35,29.48
509333.203000,0.251,-0.074,-0.895,-34.36,-151.49,24.54
509333.250000,0.069,-0.028,-1.071,-7.02,-187.29,44.95
509333.296000,-0.093,-0.046,-0.976,3.02,-205.82,54.08
509333.343000,-0.253,-0.106,-0.85,-109.71,-227.18,16.63
509333.390000,-0.699,0.167,-1.043,-26.92,-301.64,23.71
509333.437000,-0.377,-0.035,-1.187,-1.1,-228.03,58.63
509333.484000,-0.552,-0.201,-0.913,3.72,-114.96,-16.6
509333.531000,-0.669,-0.029,-0.882,40.86,-74.43,-25.7
509333.578000,-0.696,-0.045,-0.785,21.42,-44.47,-20.63
509333.625000,-0.728,-0.071,-0.756,10.68,-33.94,-23.59
509333.671000,-0.705,-0.043,-0.787,0.79,-14.13,-5.4
509333.718000,-0.722,-0.093,-0.719,-30.4,11.66,-8.12
509333.765000,-0.707,-0.069,-0.707,-9.8,17.37,-8.88
509333.812000,-0.642,-0.058,-0.772,0.31,25.79,-1.53
509333.859000,-0.482,-0.089,-1.057,14.83,89.72,6.04
509333.906000,-0.4,-0.134,-1.159,-7.72,192.66,-17.76
509333.953000,-0.641,-0.025,-0.93,-6.74,278.45,-25.61
509334.000000,-0.329,-0.064,-1.209,53.47,276.1,-12.42
509334.046000,-0.178,-0.149,-1.206,55.24,313.3,-10.96
509334.093000,-0.013,-0.248,-0.792,63.6,378.83,-11.6
509334.140000,0.339,-0.255,-0.578,71.87,233.04,-17.91
509334.187000,0.483,-0.245,-0.494,20.11,115.39,-26.25
509334.234000,0.507,-0.216,-0.394,13.21,69.15,-14.89
509334.281000,0.584,-0.2,-0.469,-8.7,0.61,-15.66
509334.328000,0.663,-0.191,-0.587,-7.23,-4.46,-16.54
509334.375000,0.626,-0.186,-0.494,-19.62,-74.89,-5.04
509334.421000,0.559,-0.167,-0.676,19.87,-81.88,-7.9
509334.468000,0.545,-0.197,-0.491,-47.0,-185.71,14.34
509334.515000,0.49,-0.198,-1.053,11.08,-110.02,16.57
509334.562000,0.05,-0.195,-0.472,-23.96,-265.11,36.29
509334.609000,0.194,-0.326,-1.37,-43.7,-199.56,36.07
509334.656000,-0.408,-0.15,-0.623,4.64,-226.72,13.76
509334.703000,-0.428,-0.064,-1.115,-56.73,-284.89,33.02
509334.765000,-0.537,-0.099,-1.003,-12.12,-228.98,31.43
509334.828000,-0.459,-0.137,-1.04,-15.93,-119.48,13.12
509334.875000,-0.574,-0.125,-0.851,2.44,-20.97,-25.76
509334.921000,-0.689,-0.039,-0.762,12.05,2.72,-18.77
509334.968000,-0.686,-0.058,-0.718,0.18,-11.38,-17.33
509335.015000,-0.615,-0.074,-0.801,5.13,-4.88,-8.0
509335.062000,-0.461,-0.145,-0.977,23.01,49.75,-5.43
509335.109000,-0.308,-0.21,-1.305,22.31,184.7,-34.76
509335.156000,-0.443,-0.022,-1.4,-39.98,361.71,-25.48
509335.203000,-0.52,-0.255,-0.871,7.75,436.93,-35.16
509335.250000,-0.077,0.028,-1.291,-9.0,420.58,27.65
509335.296000,0.213,-0.291,-0.439,63.57,287.91,-13.15
509335.343000,0.49,-0.185,-0.516,31.31,125.03,-27.65
509335.390000,0.574,-0.138,-0.494,20.17,70.56,-17.43
509335.437000,0.569,-0.151,-0.422,4.27,-10.8,4.97
509335.484000,0.674,-0.16,-0.744,0.7,-15.29,-7.08
509335.531000,0.636,-0.155,-0.585,-7.69,-64.97,1.74
509335.578000,0.658,-0.128,-0.84,-12.88,-65.55,-1.16
509335.625000,0.479,-0.145,-0.382,2.04,-110.14,17.76
509335.671000,0.519,-0.044,-1.159,-9.86,-116.82,21.58
509335.718000,0.206,-0.205,-0.451,20.54,-218.21,29.27
509335.765000,0.183,-0.142,-1.061,-38.73,-210.64,48.1
509335.812000,-0.216,-0.19,-0.878,26.98,-256.87,16.54
509335.859000,-0.062,-0.209,-1.139,-78.95,-148.01,53.32
509335.906000,-0.421,-0.188,-0.696,-54.32,-196.3,16.69
509335.953000,-0.567,-0.033,-0.963,-23.71,-239.54,30.73
509336.000000,-0.424,-0.124,-1.11,-16.14,-156.29,31.95
509336.046000,-0.469,-0.14,-1.058,-7.81,-33.27,-11.26
509336.093000,-0.571,-0.05,-0.909,2.99,25.33,-18.83
509336.140000,-0.673,-0.025,-0.764,3.51,34.79,-18.89
509336.187000,-0.673,-0.025,-0.737,9.34,6.81,-10.25
509336.234000,-0.579,-0.053,-0.838,2.66,-9.86,4.18
509336.281000,-0.472,-0.081,-0.953,3.85,33.85,6.47
509336.328000,-0.32,-0.158,-1.133,18.77,118.14,-12.6
509336.375000,-0.445,-0.054,-1.023,17.7,208.56,-15.81
509336.421000,-0.302,-0.172,-1.062,26.34,259.53,-26.67
509336.468000,-0.201,-0.163,-0.976,46.69,230.96,-17.55
509336.515000,0.023,-0.133,-1.045,30.12,206.64,-9.77
509336.562000,0.095,-0.162,-0.725,40.93,235.79,-20.51
509336.625000,0.49,-0.241,-0.942,13.37,164.53,-31.74
509336.671000,0.458,-0.224,-0.509,26.55,117.8,-26.52
509336.718000,0.543,-0.176,-0.583,-1.62,39.22,-20.94
509336.765000,0.608,-0.146,-0.658,7.57,30.15,-8.64
509336.812000,0.627,-0.168,-0.689,-10.68,-23.62,1.86
509336.859000,0.628,-0.213,-0.659,3.33,-3.91,-5.52
509336.906000,0.635,-0.176,-0.725,-6.5,-35.62,2.99
509336.953000,0.604,-0.222,-0.692,0.24,-25.88,5.52
509337.000000,0.639,-0.184,-0.824,-11.57,-50.63,8.39
509337.046000,0.612,-0.243,-0.827,8.27,-4.76,3.63
509337.093000,0.593,-0.198,-0.781,-10.65,-33.88,-0.27
509337.140000,0.548,-0.221,-0.741,2.08,10.93,-0.73
509337.187000,0.555,-0.217,-0.711,2.32,-20.08,2.93
509337.234000,0.587,-0.199,-0.856,-6.96,-1.8,-2.99
509337.281000,0.541,-0.209,-0.737,2.32,-5.16,4.21
509337.328000,0.588,-0.216,-0.859,-0.09,-3.27,1.62
509337.375000,0.529,-0.22,-0.737,1.28,14.34,-4.49
509337.421000,0.55,-0.174,-0.807,-1.53,-13.09,0.24
509337.468000,0.547,-0.214,-0.79,4.33,6.13,4.36
509337.515000,0.579,-0.218,-0.842,0.95,-7.63,1.71
509337.562000,0.543,-0.229,-0.762,0.7,9.55,2.99
509337.609000,0.545,-0.228,-0.759,8.55,-13.92,9.83
509337.656000,0.542,-0.246,-0.805,-1.86,1.31,-0.46
509337.703000,0.561,-0.242,-0.774,5.34,-0.73,-1.74
509337.750000,0.545,-0.235,-0.809,2.26,8.55,-2.84
509337.796000,0.578,-0.24,-0.829,2.9,26.98,-2.11
509337.843000,0.597,-0.277,-0.814,7.75,45.63,-7.81
509337.890000,0.591,-0.237,-0.695,13.58,62.75,-11.23
509337.937000,0.577,-0.218,-0.607,10.71,48.16,-1.16
509337.984000,0.654,-0.231,-0.632,2.87,34.0,-5.74
509338.031000,0.644,-0.226,-0.658,5.13,-4.06,2.41
509338.078000,0.588,-0.22,-0.53,-1.65,-20.51,8.7
509338.125000,0.537,-0.249,-0.443,-2.2,-81.91,16.57
509338.171000,0.514,-0.171,-0.869,-8.82,-134.77,14.62
509338.218000,0.204,-0.276,-0.398,5.8,-225.71,23.71
509338.265000,0.001,-0.16,-0.616,-35.4,-342.39,55.7
509338.312000,-0.789,-0.097,-0.951,-30.43,-466.05,67.26
509338.359000,-0.458,-0.18,-1.389,-71.29,-353.16,120.91
509338.406000,-0.297,-0.319,-1.167,-69.83,-125.58,37.87
509338.453000,-0.443,-0.204,-1.037,-57.89,-20.39,-10.53
509338.500000,-0.853,-0.003,-0.663,9.74,11.69,-16.51
509338.546000,-0.774,0.026,-0.708,-3.69,-36.84,9.28
509338.593000,-0.635,-0.09,-0.847,-16.6,-24.51,11.99
509338.640000,-0.621,-0.108,-0.866,-4.61,16.39,-1.4
509338.687000,-0.595,-0.097,-0.872,20.63,59.33,-15.26
509338.734000,-0.432,-0.122,-1.168,47.27,171.91,-38.18
509338.781000,-0.565,-0.068,-1.201,30.58,311.99,-42.66
509338.828000,-0.57,-0.145,-0.921,41.63,325.72,-46.42
509338.875000,-0.095,-0.202,-1.544,43.55,381.6,-33.05
509338.921000,0.017,-0.296,-0.873,59.85,384.69,-22.52
509338.968000,0.321,-0.333,-0.571,62.29,277.9,-24.78
509339.015000,0.493,-0.233,-0.28,17.49,93.45,-30.55
509339.062000,0.611,-0.164,-0.534,4.33,16.24,-17.33
509339.109000,0.676,-0.175,-0.587,-15.11,-13.34,-12.09
509339.156000,0.676,-0.195,-0.545,-8.91,-31.59,-8.94
509339.203000,0.711,-0.217,-0.638,-6.13,-74.53,3.42
509339.250000,0.539,-0.214,-0.44,-24.02,-100.07,12.24
509339.296000,0.384,-0.146,-0.71,-5.16,-196.72,30.92
509339.343000,0.31,-0.15,-1.037,-12.05,-238.62,46.82
509339.390000,0.105,-0.354,-0.785,-32.07,-231.67,42.94
509339.437000,-0.452,-0.054,-1.294,28.17,-357.34,83.83
509339.484000,-0.403,-0.239,-0.969,-80.42,-305.49,67.26
509339.531000,-0.659,-0.119,-1.016,-26.92,-282.69,69.03
509339.578000,-0.453,-0.188,-1.101,-61.37,-184.67,64.67
509339.625000,-0.573,-0.147,-0.953,-57.41,-59.33,14.68
509339.671000,-0.687,-0.088,-0.811,-27.5,-0.4,9.7
509339.718000,-0.765,-0.067,-0.714,-14.34,2.75,-2.08
509339.765000,-0.706,-0.065,-0.764,4.91,0.52,-7.9
509339.812000,-0.63,-0.094,-0.849,14.25,23.19,-9.61
509339.859000,-0.349,-0.179,-1.201,52.25,151.92,-32.14
509339.906000,-0.57,-0.073,-1.166,40.62,321.67,-57.44
509339.953000,-0.623,-0.137,-1.08,26.61,359.36,-47.85
509340.000000,-0.209,-0.124,-1.252,73.34,359.2,-26.25
509340.046000,-0.049,-0.235,-0.971,19.47,423.54,-20.54
509340.093000,0.337,-0.285,-0.428,71.57,221.23,-31.65
509340.140000,0.539,-0.267,-0.541,15.66,90.06,-54.66
509340.187000,0.556,-0.166,-0.452,-0.24,48.77,-40.01
509340.234000,0.672,-0.181,-0.648,6.9,0.92,-15.35
509340.281000,0.647,-0.176,-0.493,-12.85,-13.15,-11.72
509340.328000,0.655,-0.208,-0.573,-13.7,-59.85,-2.38
509340.375000,0.618,-0.186,-0.652,-1.83,-78.01,-1.62
509340.421000,0.301,-0.191,-0.223,-3.14,-226.81,27.83
509340.468000,0.333,-0.045,-1.254,-53.41,-253.33,33.08
509340.515000,-0.154,-0.428,-0.837,90.7,-271.16,7.08
509340.562000,-0.254,-0.193,-0.98,-46.17,-242.53,108.95
509340.609000,-0.502,-0.188,-0.852,-73.95,-264.78,59.76
509340.656000,-0.599,-0.11,-0.999,-45.32,-269.91,64.49
509340.718000,-0.401,-0.228,-1.079,-24.45,-136.54,35.8
509340.765000,-0.601,-0.154,-0.885,1.86,-0.52,-10.99
509340.812000,-0.741,-0.103,-0.728,19.01,14.5,-18.31
509340.859000,-0.72,-0.106,-0.789,25.51,-15.05,-4.27
509340.906000,-0.603,-0.17,-0.906,13.67,8.33,-9.31
509340.953000,-0.466,-0.234,-1.028,17.33,74.98,-21.85
509341.000000,-0.392,-0.243,-1.204,36.19,200.26,-46.36
509341.046000,-0.582,-0.169,-1.021,9.55,306.99,-56.0
509341.093000,-0.392,-0.248,-0.952,34.42,281.23,-60.12
509341.140000,-0.051,-0.118,-1.252,-11.41,310.53,-28.75
509341.187000,0.158,-0.255,-1.285,26.43,376.63,-55.97
509341.234000,0.311,-0.375,-0.433,-2.69,305.34,-40.5
509341.281000,0.536,-0.201,-0.337,47.91,132.24,-53.62
509341.328000,0.58,-0.112,-0.376,-5.86,18.46,-32.56
509341.375000,0.732,-0.05,-0.699,-4.73,13.18,-28.84
509341.437000,0.716,-0.122,-0.538,-10.01,-35.83,-1.28
509341.484000,0.688,-0.158,-0.445,-1.22,-22.68,-5.52
509341.531000,0.656,-0.134,-0.461,5.43,-93.94,10.13
509341.578000,0.565,-0.134,-0.552,20.02,-124.94,29.63
509341.625000,0.479,-0.111,-0.813,-16.3,-184.0,34.7
509341.671000,0.137,-0.277,-0.702,61.62,-244.39,51.33
509341.718000,-0.237,-0.169,-0.882,-11.23,-335.22,80.05
509341.765000,-0.562,-0.196,-0.976,-37.17,-400.07,83.41
509341.828000,-0.528,-0.221,-1.237,-22.77,-331.4,101.87
509341.875000,-0.259,-0.374,-1.214,-23.22,-140.14,50.14
509341.937000,-0.635,-0.21,-0.935,8.85,36.1,-27.38
509341.984000,-0.79,-0.14,-0.73,37.29,38.24,-17.21
509342.031000,-0.718,-0.167,-0.772,11.78,-9.8,1.98
509342.078000,-0.617,-0.199,-0.852,-8.48,-3.85,6.78
509342.125000,-0.522,-0.214,-0.904,-7.45,44.68,6.59
509342.171000,-0.392,-0.262,-0.996,-14.89,113.8,-16.54
509342.218000,-0.436,-0.186,-1.076,18.28,236.88,-33.54
509342.265000,-0.421,-0.183,-1.09,16.66,288.58,-20.48
509342.312000,-0.169,-0.238,-1.092,34.64,328.01,-52.28
509342.375000,0.126,-0.296,-1.197,14.71,355.36,-56.12
509342.421000,0.257,-0.367,-0.391,29.85,306.01,-42.91
509342.468000,0.55,-0.175,-0.417,9.16,145.76,-38.0
509342.515000,0.595,-0.135,-0.411,-7.11,67.96,-41.81
509342.578000,0.679,-0.128,-0.463,-0.4,13.06,-2.41
509342.625000,0.707,-0.161,-0.432,1.1,-4.15,-10.8
509342.671000,0.753,-0.103,-0.592,-8.0,-21.55,1.04
509342.718000,0.723,-0.155,-0.555,3.78,-31.89,20.42
509342.765000,0.559,-0.18,-0.352,40.28,-105.47,37.57
509342.812000,0.493,-0.22,-0.877,-21.42,-245.74,46.33
509342.859000,0.332,-0.284,-1.01,43.4,-226.42,34.33
509342.906000,0.004,-0.335,-0.681,-25.33,-275.55,46.21
509342.953000,-0.209,-0.179,-1.24,-25.79,-322.67,48.22
509343.000000,-0.063,-0.201,-1.166,-77.03,-245.7,48.59
509343.046000,-0.444,-0.248,-0.873,-7.51,-161.17,21.52
509343.093000,-0.351,-0.155,-1.065,-5.58,-132.33,38.94
509343.140000,-0.424,-0.204,-0.904,-38.73,-71.14,15.26
509343.187000,-0.489,-0.214,-0.89,29.27,-44.86,10.04
509343.234000,-0.565,-0.187,-0.883,24.87,-30.46,-3.6
509343.281000,-0.587,-0.192,-0.864,27.92,-32.38,-4.15
509343.328000,-0.57,-0.187,-0.896,16.48,-19.84,-1.5
509343.375000,-0.535,-0.186,-0.931,-7.57,13.03,-0.52
509343.421000,-0.165,-0.341,-1.262,5.55,139.74,-22.31
509343.468000,-0.451,-0.146,-1.363,-21.67,308.73,-72.88
509343.515000,-0.326,-0.235,-1.303,-27.01,404.68,-69.67
509343.562000,-0.377,-0.093,-1.518,-26.37,537.03,-63.75
509343.609000,0.196,-0.298,-0.25,72.36,271.37,-14.95
509343.656000,0.564,-0.145,-0.42,14.44,111.12,-42.21
509343.703000,0.61,-0.096,-0.342,7.57,56.06,-25.42
509343.750000,0.654,-0.146,-0.375,9.03,6.01,8.85
509343.796000,0.678,-0.16,-0.456,-0.15,-20.39,5.16
509343.843000,0.685,-0.149,-0.546,-3.17,-41.11,18.28
509343.890000,0.636,-0.205,-0.41,-10.71,-67.93,22.98
509343.937000,0.647,-0.217,-0.742,7.23,-127.38,19.99
509343.984000,0.452,-0.206,-0.501,-27.68,-130.53,22.83
509344.031000,0.155,-0.232,-0.769,47.21,-279.12,76.54
509344.078000,0.238,-0.246,-1.04,-48.65,-244.85,61.01
509344.125000,-0.439,-0.187,-0.738,-40.44,-332.65,24.66
509344.171000,-0.579,-0.097,-1.231,-36.84,-369.4,67.35
509344.218000,-0.457,-0.197,-1.287,-48.74,-302.5,94.42
509344.265000,-0.328,-0.293,-1.231,-43.49,-96.41,32.17
509344.312000,-0.576,-0.191,-1.021,-8.55,30.3,-17.91
509344.359000,-0.702,-0.085,-0.915,16.57,50.69,-20.81
509344.406000,-0.623,-0.106,-0.943,10.19,45.17,-12.05
509344.453000,-0.366,-0.251,-1.116,22.49,111.88,-42.27
509344.500000,-0.298,-0.27,-1.259,43.46,212.23,-61.46
509344.546000,-0.33,-0.292,-1.207,58.57,310.01,-86.03
509344.593000,-0.118,-0.301,-1.383,99.64,402.3,-93.42
509344.640000,-0.101,-0.179,-1.061,-1.16,443.04,-74.5
509344.687000,0.324,-0.227,-0.228,29.3,219.98,-7.66
509344.734000,0.563,-0.216,-0.365,-37.02,82.06,-19.44
509344.781000,0.587,-0.181,-0.448,4.88,41.02,-21.06
509344.828000,0.634,-0.228,-0.442,-24.9,6.84,-12.45
509344.875000,0.698,-0.213,-0.55,-0.4,0.7,-2.87
509344.921000,0.637,-0.164,-0.441,-27.16,-12.39,-11.35
509344.968000,0.676,-0.184,-0.46,-12.54,-63.97,20.54
509345.015000,0.561,-0.182,-0.479,5.46,-105.56,20.2
509345.062000,0.339,-0.212,-0.317,15.08,-245.98,46.72
509345.109000,0.271,-0.18,-0.955,-38.61,-288.49,27.83
509345.156000,-0.256,-0.234,-0.758,-2.56,-379.28,31.04
509345.203000,-0.422,-0.181,-1.255,-34.94,-386.7,78.13
509345.250000,-0.36,-0.239,-1.24,-18.34,-271.52,76.05
509345.296000,-0.297,-0.308,-1.218,-19.78,-137.24,42.21
509345.343000,-0.556,-0.232,-1.029,-1.77,6.53,-5.62
509345.390000,-0.626,-0.209,-0.937,6.87,37.93,-10.01
509345.437000,-0.685,-0.146,-0.873,17.43,33.75,-5.52
509345.484000,-0.456,-0.267,-0.989,8.45,31.53,-7.78
509345.531000,-0.291,-0.317,-1.187,31.25,108.89,-34.15
509345.578000,-0.217,-0.253,-1.634,19.38,377.36,-74.68
509345.625000,-0.441,-0.3,-1.523,-5.43,525.93,-120.4
509345.671000,-0.237,-0.216,-0.874,28.99,511.92,-35.22
509345.718000,0.276,-0.31,-0.027,29.48,279.67,-24.87
509345.765000,0.596,-0.213,-0.404,0.98,95.22,-32.99
509345.812000,0.521,-0.127,-0.243,-6.74,12.76,-20.26
509345.859000,0.721,-0.096,-0.695,-24.35,5.31,-22.77
509345.906000,0.559,-0.131,-0.263,-2.66,-52.25,12.42
509345.953000,0.652,-0.144,-0.582,-6.68,-83.99,11.11
509346.000000,0.418,-0.173,-0.267,-0.18,-158.97,35.46
509346.046000,0.469,-0.131,-1.305,-9.64,-280.04,43.49
509346.093000,0.065,-0.258,-0.726,-28.08,-277.75,15.59
509346.140000,-0.543,-0.043,-0.858,-28.14,-391.86,57.56
509346.187000,-0.448,-0.148,-1.258,-34.82,-397.5,75.75
509346.234000,-0.375,-0.197,-1.286,-31.28,-265.97,77.67
509346.281000,-0.264,-0.289,-1.239,-25.85,-120.98,43.12
509346.328000,-0.527,-0.205,-1.104,-10.77,15.47,-12.39
509346.375000,-0.539,-0.182,-1.048,19.17,66.81,-13.15
509346.421000,-0.246,-0.32,-1.31,56.28,154.94,-52.0
509346.468000,-0.401,-0.19,-1.395,61.59,311.96,-77.7
509346.515000,-0.271,-0.317,-1.214,44.4,402.81,-78.31
509346.562000,-0.02,-0.145,-1.271,63.88,411.69,-38.48
509346.609000,0.145,-0.287,-0.534,-4.91,334.6,-54.38
509346.656000,0.344,-0.352,-0.116,-2.53,199.44,-37.57
509346.703000,0.624,-0.206,-0.591,-10.44,58.78,-44.92
509346.750000,0.531,-0.171,-0.257,-22.06,-8.58,-28.66
509346.796000,0.689,-0.15,-0.555,-16.42,-35.1,-8.48
509346.843000,0.585,-0.174,-0.344,-4.15,-71.29,12.73
509346.890000,0.491,-0.141,-0.482,-27.8,-168.19,39.0
509346.937000,0.073,-0.21,-0.624,28.11,-349.86,81.27
509346.984000,0.277,-0.071,-1.467,-80.9,-314.1,52.31
509347.031000,-0.241,-0.265,-0.767,14.44,-260.75,-22.28
509347.078000,-0.406,-0.028,-1.201,19.9,-305.19,41.75
509347.125000,-0.355,-0.234,-1.059,-37.05,-251.99,81.7
509347.171000,-0.455,-0.309,-1.083,43.28,-205.15,59.85
509347.218000,-0.517,-0.265,-1.179,2.17,-124.82,23.83
509347.265000,-0.64,-0.297,-1.016,12.21,-25.57,-5.95
509347.328000,-0.656,-0.237,-0.981,6.68,28.29,-5.71
509347.375000,-0.386,-0.354,-1.089,-2.84,108.77,-30.7
509347.421000,-0.413,-0.298,-1.255,6.9,261.94,-68.03
509347.468000,-0.409,-0.227,-1.342,-1.1,385.91,-69.67
509347.515000,-0.314,-0.278,-1.196,-13.31,447.58,-78.28
509347.562000,0.104,-0.236,-1.035,-20.81,389.57,-15.32
509347.609000,0.236,-0.241,-0.249,-0.27,293.13,-43.18
509347.656000,0.462,-0.186,-0.188,-7.54,88.47,-42.54
509347.703000,0.563,-0.05,-0.336,2.23,24.08,-29.15
509347.750000,0.598,-0.061,-0.424,-7.97,-38.21,-4.3
509347.796000,0.622,-0.092,-0.569,1.25,-58.75,14.28
509347.843000,0.432,-0.136,-0.3,-3.69,-148.41,13.61
509347.890000,-0.105,-0.074,-0.523,47.91,-395.06,60.27
509347.953000,0.099,-0.094,-1.395,-59.45,-363.05,109.56
509348.000000,-0.533,-0.175,-0.966,-59.14,-355.14,27.25
509348.046000,-0.406,-0.111,-1.28,-30.61,-280.86,47.36
509348.093000,-0.287,-0.226,-1.272,-11.35,-180.0,46.72
509348.140000,-0.469,-0.189,-1.074,0.03,2.66,-12.33
509348.187000,-0.628,-0.087,-0.975,24.41,47.91,-13.18
509348.234000,-0.398,-0.224,-1.139,34.97,106.08,-25.67
509348.281000,-0.331,-0.094,-1.462,30.37,278.82,-35.74
509348.328000,-0.481,-0.208,-1.009,-0.98,349.8,-46.3
509348.375000,-0.172,-0.128,-0.92,76.51,230.38,-15.47
509348.421000,0.177,-0.159,-0.993,37.02,214.42,-1.22
509348.468000,0.3,-0.229,-1.011,33.3,245.8,-19.32
509348.515000,0.37,-0.311,-0.641,-8.33,250.1,-47.7
509348.578000,0.524,-0.189,-0.421,10.68,115.02,-50.51
509348.625000,0.602,-0.159,-0.407,12.91,22.77,-15.75
509348.671000,0.688,-0.165,-0.546,-1.5,-4.79,-7.97
509348.718000,0.65,-0.172,-0.454,-3.66,-14.44,2.59
509348.765000,0.65,-0.161,-0.51,-0.92,-54.23,25.09
509348.812000,0.692,-0.218,-0.631,-14.28,-46.51,15.99
509348.859000,0.375,-0.258,-0.212,-12.12,-154.06,29.6
509348.906000,0.196,-0.264,-0.636,47.73,-272.41,50.69
509348.953000,-0.11,-0.016,-1.231,-37.45,-388.13,84.51
509349.000000,-0.548,-0.191,-1.113,-75.75,-443.62,46.78
509349.046000,-0.61,-0.119,-1.333,-43.0,-389.36,64.61
509349.093000,-0.18,-0.329,-1.309,-47.12,-196.45,56.89
509349.140000,-0.466,-0.227,-1.027,-23.07,-19.53,-8.58
509349.187000,-0.712,-0.128,-0.849,5.55,44.95,-9.13
509349.234000,-0.653,-0.12,-0.911,5.19,28.93,8.88
509349.281000,-0.422,-0.247,-1.032,-4.91,54.45,-17.98
509349.328000,-0.341,-0.208,-1.25,30.85,159.79,-44.01
509349.375000,-0.441,-0.195,-1.148,38.54,284.13,-49.93
509349.421000,-0.328,-0.202,-1.136,18.77,319.77,-65.07
509349.468000,0.083,-0.198,-1.305,-1.25,319.47,-23.26
509349.515000,0.09,-0.306,-0.783,26.34,318.16,-5.86
509349.578000,0.435,-0.24,-0.732,-20.84,260.81,-31.07
509349.625000,0.547,-0.188,-0.434,27.22,160.89,-32.72
509349.671000,0.722,-0.185,-0.499,3.94,74.19,-43.89
509349.734000,0.646,-0.137,-0.266,-6.74,-2.17,-9.43
509349.781000,0.706,-0.102,-0.388,-0.64,-4.0,-15.75
509349.828000,0.749,-0.019,-0.485,-32.62,-51.21,-14.01
509349.875000,0.679,-0.047,-0.471,-32.69,-81.45,21.18
509349.921000,0.462,-0.159,-0.283,-2.81,-199.59,64.58
509349.968000,0.266,-0.116,-0.962,28.72,-318.0,82.03
509350.015000,0.316,-0.148,-0.901,8.97,-194.92,49.56
509350.062000,-0.243,-0.202,-0.741,-11.02,-262.03,60.73
509350.109000,0.052,-0.339,-1.143,-34.09,-272.62,44.98
509350.156000,-0.428,-0.188,-1.041,-12.73,-211.31,33.66
509350.203000,-0.454,-0.246,-0.98,-43.64,-211.13,36.74
509350.250000,-0.477,-0.223,-1.016,-43.7,-183.26,9.09
509350.296000,-0.424,-0.207,-1.085,-16.14,-99.43,-0.85
509350.343000,-0.547,-0.174,-0.962,-15.08,14.68,-7.93
509350.390000,-0.624,-0.163,-0.815,-6.56,35.25,-12.97
509350.437000,-0.631,-0.136,-0.82,10.41,24.54,-8.58
509350.484000,-0.385,-0.263,-1.03,11.63,50.84,-16.36
509350.531000,-0.224,-0.305,-1.29,50.02,227.03,-55.39
509350.578000,-0.491,-0.219,-1.125,41.26,327.95,-70.89
509350.625000,-0.195,-0.249,-1.034,33.88,302.5,-57.1
509350.671000,0.097,-0.302,-0.991,11.96,266.15,-43.95
509350.718000,0.291,-0.192,-1.472,13.12,322.98,-53.29
509350.765000,0.357,-0.307,-0.297,15.69,269.6,-28.14
509350.812000,0.644,-0.263,-0.326,8.79,130.71,-28.47
509350.859000,0.676,-0.164,-0.393,-16.3,66.9,-53.71
509350.906000,0.71,-0.119,-0.34,-3.23,11.57,-11.41
509350.953000,0.798,-0.132,-0.48,0.0,-1.22,-16.63
509351.000000,0.764,-0.105,-0.451,-1.53,-38.24,-0.76
509351.046000,0.693,-0.129,-0.383,-0.34,-78.31,16.3
509351.093000,0.654,-0.168,-0.548,23.44,-172.52,32.65
509351.140000,0.549,-0.199,-0.667,30.27,-157.17,22.19
509351.187000,0.314,-0.302,-0.577,82.77,-202.49,65.71
509351.234000,-0.054,-0.301,-0.909,19.59,-313.64,105.93
509351.281000,-0.296,-0.278,-1.0,-39.98,-365.46,38.73
509351.343000,-0.372,-0.193,-1.188,-78.89,-281.66,110.93
509351.390000,-0.241,-0.346,-1.157,-67.05,-172.73,85.51
509351.437000,-0.399,-0.278,-1.009,-14.34,-26.34,-1.71
509351.484000,-0.559,-0.2,-0.942,11.38,22.28,-9.95
509351.531000,-0.638,-0.138,-0.853,11.05,24.26,-2.2
509351.578000,-0.573,-0.158,-0.88,-5.34,9.64,5.83
509351.625000,-0.425,-0.237,-0.97,-1.5,26.43,-5.8
509351.671000,-0.206,-0.265,-1.226,33.45,164.53,-29.91
509351.718000,-0.364,-0.177,-1.237,-4.33,256.45,-44.71
509351.765000,-0.312,-0.203,-0.925,17.3,271.19,-33.08
509351.812000,0.014,-0.093,-1.367,0.4,329.51,-3.6
509351.859000,0.037,-0.227,-1.11,34.94,478.84,-4.52
509351.906000,0.206,-0.457,-0.069,67.81,319.07,-27.19
509351.953000,0.646,-0.162,-0.523,27.53,113.56,-66.44
509352.000000,0.533,-0.177,-0.174,2.11,52.22,-44.62
509352.046000,0.81,-0.151,-0.601,-6.93,-7.97,-37.54
509352.093000,0.681,-0.129,-0.257,-4.76,11.23,-31.31
509352.156000,0.833,-0.078,-0.626,-15.75,-33.36,-5.4
509352.203000,0.641,-0.089,-0.278,-17.15,-54.48,18.74
509352.250000,0.69,-0.134,-0.561,-22.16,-152.1,30.37
509352.296000,0.532,-0.175,-0.447,33.17,-153.42,40.96
509352.343000,0.557,-0.091,-1.182,-64.46,-203.96,40.25
509352.390000,0.129,-0.275,-0.525,30.4,-204.29,62.78
509352.437000,-0.142,-0.159,-1.089,16.82,-300.36,93.08
509352.484000,0.088,-0.529,-1.061,-115.12,-322.73,-29.79
509352.546000,-0.334,-0.133,-1.351,129.98,-192.69,18.59
509352.593000,-0.275,-0.201,-1.15,-42.21,-88.87,31.34
509352.656000,-0.524,-0.24,-0.877,-14.34,-78.25,20.48
509352.703000,-0.469,-0.207,-1.009,-5.46,-61.74,14.65
509352.750000,-0.477,-0.194,-0.98,-19.96,-3.78,3.81
509352.796000,-0.536,-0.195,-0.856,-5.86,24.57,-5.16
509352.843000,-0.459,-0.204,-0.936,6.13,49.65,-17.73
509352.890000,-0.144,-0.248,-1.362,44.07,191.17,-41.32
509352.937000,-0.329,-0.221,-1.255,6.53,320.11,-57.74
509352.984000,-0.105,-0.186,-1.313,-11.99,352.79,-52.92
509353.031000,0.113,-0.162,-1.365,-26.89,427.29,-16.48
509353.078000,0.115,-0.252,-0.549,-13.49,385.91,-4.18
509353.125000,0.453,-0.251,-0.188,19.23,160.62,-19.71
509353.171000,0.614,-0.096,-0.55,-16.48,51.91,-38.42
509353.218000,0.775,-0.086,-0.697,-15.81,10.13,-16.75
509353.265000,0.704,-0.13,-0.427,-15.35,19.71,-11.51
509353.312000,0.802,-0.126,-0.482,-9.83,9.64,-7.45
509353.359000,0.688,-0.097,-0.456,-9.52,-2.44,9.89
509353.406000,0.63,-0.021,-0.457,-21.09,-49.68,8.79
509353.468000,0.585,-0.091,-0.431,-7.6,-150.21,45.56
509353.515000,0.519,-0.125,-0.762,-39.98,-216.99,50.36
509353.562000,0.563,-0.301,-0.857,48.92,-177.95,51.48
509353.609000,0.27,-0.248,-0.887,81.88,-171.79,49.44
509353.656000,-0.106,-0.308,-0.688,21.24,-253.94,22.0
509353.703000,-0.438,-0.289,-0.922,19.01,-349.93,44.5
509353.750000,-0.339,-0.331,-1.223,-51.15,-323.98,15.56
509353.796000,-0.263,-0.34,-1.28,-18.04,-175.79,54.51
509353.859000,-0.436,-0.305,-0.987,-43.67,-7.84,3.85
509353.906000,-0.586,-0.243,-0.907,-18.22,21.55,8.39
509353.953000,-0.469,-0.294,-0.987,-10.71,26.4,-3.36
509354.000000,-0.377,-0.288,-1.062,13.25,87.53,-20.45
509354.046000,-0.196,-0.286,-1.342,26.03,206.85,-33.88
509354.093000,-0.27,-0.197,-1.306,-16.63,362.96,-55.82
509354.140000,-0.2,-0.221,-1.203,-9.0,387.52,-40.8
509354.187000,0.114,-0.161,-1.324,-62.11,393.41,-35.13
509354.234000,0.309,-0.257,-0.193,75.93,281.38,-13.25
509354.281000,0.523,-0.159,-0.301,-5.83,75.08,-38.06
509354.328000,0.634,-0.033,-0.503,25.39,47.46,-12.79
509354.375000,0.642,-0.141,-0.47,7.29,-26.64,30.18
509354.421000,0.672,-0.196,-0.528,16.08,-15.17,18.74
509354.468000,0.592,-0.185,-0.364,-6.13,-88.75,10.25
509354.515000,0.633,-0.133,-0.801,2.32,-101.81,11.9
509354.562000,0.307,-0.206,-0.255,-7.2,-218.94,34.06
509354.609000,0.183,-0.297,-1.133,39.74,-308.45,72.3
509354.656000,0.035,-0.302,-0.958,-58.63,-285.23,13.64
509354.703000,-0.179,-0.235,-1.059,-37.26,-276.25,13.37
509354.750000,-0.373,-0.179,-1.084,-20.36,-243.32,23.99
509354.796000,-0.423,-0.187,-1.089,-22.74,-212.35,68.21
509354.843000,-0.377,-0.222,-1.13,-40.86,-123.91,35.0
509354.906000,-0.48,-0.194,-1.033,-15.08,-16.51,-5.13
509354.953000,-0.594,-0.154,-0.97,1.89,20.75,-9.4
509355.000000,-0.435,-0.266,-1.032,22.92,53.1,-35.65
509355.046000,-0.41,-0.234,-1.111,52.67,134.13,-45.26
509355.093000,-0.21,-0.291,-1.396,55.48,292.46,-69.22
509355.140000,-0.159,-0.143,-1.6,-14.44,420.58,-80.51
509355.187000,-0.305,-0.174,-1.1,3.72,501.82,-42.39
509355.234000,0.274,-0.316,-0.281,34.58,280.8,-1.31
509355.281000,0.502,-0.149,-0.502,23.44,138.58,-33.17
509355.328000,0.51,-0.21,-0.259,1.25,44.01,-49.87
509355.375000,0.541,-0.07,-0.393,-17.15,6.81,-26.22
509355.421000,0.689,-0.153,-0.495,-5.25,-20.08,19.62
509355.468000,0.67,-0.152,-0.513,-0.7,-30.4,19.81
509355.515000,0.566,-0.207,-0.364,-14.13,-164.89,48.4
509355.562000,0.608,-0.188,-0.82,-15.56,-151.13,33.85
509355.609000,0.237,-0.309,-0.46,14.47,-241.55,35.65
509355.656000,0.414,-0.217,-1.148,-37.72,-187.93,48.13
509355.703000,-0.236,-0.318,-0.649,24.63,-249.92,20.08
509355.750000,-0.407,-0.087,-1.196,-46.08,-341.11,58.32
509355.796000,-0.38,-0.165,-1.174,-101.96,-295.48,70.44
509355.859000,-0.251,-0.272,-1.142,-66.16,-146.98,47.52
509355.906000,-0.345,-0.183,-1.115,-30.15,20.91,0.92
509355.953000,-0.603,-0.114,-0.857,-12.3,62.99,-23.29
509356.000000,-0.62,-0.061,-0.837,24.54,19.14,-4.12
509356.046000,-0.397,-0.122,-0.999,22.98,12.33,-0.95
509356.109000,-0.202,-0.147,-1.374,30.73,225.93,-48.68
509356.156000,-0.304,-0.17,-1.032,9.28,320.05,-35.89
509356.203000,-0.128,-0.035,-1.176,28.23,318.0,-16.36
509356.250000,0.2,-0.159,-1.184,4.55,361.83,8.21
509356.296000,0.267,-0.238,-0.304,0.43,264.96,18.77
509356.343000,0.529,-0.276,-0.359,23.8,109.78,11.78
509356.390000,0.6,-0.153,-0.502,-35.68,38.54,-56.73
509356.437000,0.621,-0.022,-0.52,1.28,4.61,-10.65
509356.484000,0.639,-0.102,-0.507,-6.96,-23.04,6.41
509356.531000,0.593,-0.112,-0.433,1.95,-62.93,20.23
509356.593000,0.584,-0.097,-0.623,17.24,-130.01,28.44
509356.640000,0.42,-0.19,-0.783,15.35,-213.97,15.32
509356.687000,0.1,-0.086,-0.959,20.91,-277.75,3.97
509356.734000,-0.076,-0.037,-1.008,-58.05,-277.08,58.38
509356.781000,-0.125,-0.289,-0.941,-21.79,-242.87,-26.58
509356.828000,-0.416,-0.068,-1.079,12.02,-226.63,-34.58
509356.875000,-0.33,-0.022,-1.16,-46.21,-181.13,36.5
509356.921000,-0.303,-0.106,-1.087,-63.42,-86.49,37.66
509356.968000,-0.396,-0.117,-1.02,-43.09,-22.77,15.02
509357.015000,-0.502,-0.091,-0.921,14.53,3.45,-0.92
509357.062000,-0.547,-0.022,-0.961,26.55,0.52,-5.16
509357.109000,-0.362,-0.119,-1.082,21.82,35.37,-14.1
509357.156000,-0.195,-0.182,-1.254,46.11,128.88,-38.03
509357.203000,-0.302,-0.137,-1.272,35.8,263.37,-44.74
509357.250000,-0.303,-0.109,-1.068,21.58,290.72,-52.22
509357.296000,0.171,-0.072,-1.506,19.65,337.26,-17.82
509357.343000,0.14,-0.195,-1.197,-0.79,407.97,-10.25
509357.390000,0.326,-0.332,-0.22,41.9,341.62,-24.54
509357.437000,0.473,-0.145,-0.097,33.27,92.84,-28.72
509357.484000,0.624,-0.076,-0.23,7.9,27.41,-11.44
509357.531000,0.721,-0.103,-0.407,-4.7,-26.46,9.77
509357.578000,0.686,-0.149,-0.39,4.3,-39.74,17.55
509357.625000,0.555,-0.173,-0.11,2.14,-138.16,35.34
509357.671000,0.638,-0.148,-0.837,4.24,-179.69,46.66
509357.718000,0.169,-0.199,-0.604,-1.56,-288.55,61.22
509357.765000,0.291,-0.105,-1.236,-165.35,-270.64,40.59
509357.812000,0.067,-0.277,-0.751,-107.24,-239.48,32.01
509357.859000,-0.505,-0.137,-0.908,9.37,-325.51,1.13
509357.906000,-0.452,-0.077,-1.249,3.69,-326.85,45.47
509357.953000,-0.278,-0.192,-1.343,-25.03,-206.46,23.99
509358.000000,-0.311,-0.208,-1.189,-21.88,-14.95,-3.63
509358.062000,-0.651,-0.095,-0.877,6.32,62.99,-24.63
509358.109000,-0.626,-0.081,-0.83,9.8,24.17,-11.93
509358.156000,-0.523,-0.127,-0.851,5.58,9.58,-7.9
509358.203000,-0.403,-0.199,-0.948,5.34,38.7,-25.73
509358.250000,-0.294,-0.181,-1.182,28.66,184.48,-48.52
509358.296000,-0.375,-0.178,-1.076,23.62,231.03,-59.3
509358.343000,-0.091,-0.108,-1.334,0.82,298.62,-41.93
509358.390000,-0.037,-0.163,-1.1,1.37,339.15,-10.71
509358.437000,0.144,-0.127,-1.009,5.22,361.64,4.97
509358.484000,0.373,-0.298,-0.452,49.41,257.27,-11.05
509358.531000,0.605,-0.214,-0.474,39.64,141.09,-47.0
509358.578000,0.678,-0.175,-0.471,9.77,93.84,-53.16
509358.625000,0.779,-0.19,-0.398,6.47,40.35,-15.44
509358.671000,0.747,-0.124,-0.335,-6.93,22.03,-23.83
509358.718000,0.779,-0.096,-0.368,-20.33,-27.92,-2.29
509358.765000,0.723,-0.152,-0.322,13.55,-43.18,14.16
509358.812000,0.576,-0.115,-0.166,27.74,-169.65,49.56
509358.859000,0.504,-0.224,-0.691,-10.99,-244.15,58.87
509358.906000,0.237,-0.243,-0.922,83.13,-280.59,93.81
509358.953000,0.312,-0.402,-0.891,-13.95,-200.72,111.76
509359.000000,-0.094,-0.491,-0.713,70.16,-254.43,73.31
509359.046000,-0.162,-0.277,-1.056,-155.1,-230.81,35.43
509359.093000,-0.458,-0.256,-0.844,-111.15,-233.59,14.5
509359.140000,-0.373,-0.208,-1.069,-31.04,-197.12,36.44
509359.187000,-0.324,-0.207,-1.071,-40.74,-108.16,12.36
509359.250000,-0.491,-0.151,-0.967,-14.98,16.88,-1.1
509359.296000,-0.565,-0.115,-0.907,-6.65,49.07,-5.74
509359.343000,-0.365,-0.202,-1.061,12.42,75.81,-17.03
509359.390000,-0.372,-0.157,-1.148,49.53,180.55,-34.97
509359.437000,-0.339,-0.126,-1.166,33.63,244.97,-41.14
509359.484000,-0.161,-0.217,-1.15,34.06,285.81,-47.21
509359.531000,-0.003,-0.156,-1.291,-1.98,316.14,-40.77
509359.578000,0.195,-0.22,-1.183,15.93,428.21,-28.02
509359.625000,0.261,-0.333,-0.307,32.81,335.25,-45.59
509359.671000,0.527,-0.175,-0.223,35.58,161.47,-49.32
509359.718000,0.617,-0.028,-0.321,6.65,71.35,-30.27
509359.765000,0.682,-0.071,-0.364,-13.49,-27.34,-2.75
509359.812000,0.745,-0.123,-0.428,3.17,-16.33,0.27
509359.859000,0.726,-0.124,-0.423,-3.66,-46.27,9.7
509359.906000,0.667,-0.142,-0.414,-6.96,-86.55,28.84
509359.953000,0.495,-0.156,-0.358,-4.06,-228.58,44.98
509360.000000,0.736,-0.215,-1.311,2.44,-192.79,58.6
509360.062000,0.189,-0.283,-0.524,2.14,-164.01,44.71
509360.109000,-0.158,-0.318,-1.064,9.31,-327.46,88.44
509360.156000,-0.22,-0.277,-1.088,-40.07,-320.93,8.21
509360.203000,-0.456,-0.136,-1.084,-95.58,-268.78,27.99
509360.250000,-0.381,-0.227,-1.071,-55.85,-217.6,59.39
509360.296000,-0.352,-0.221,-1.12,-26.34,-77.46,13.76
509360.343000,-0.497,-0.154,-1.021,-18.68,5.95,6.87
509360.390000,-0.627,-0.126,-0.866,-7.17,34.39,-2.26
509360.437000,-0.599,-0.103,-0.876,-0.64,24.75,-4.97
509360.484000,-0.28,-0.188,-1.122,15.84,86.25,-14.44
509360.546000,-0.395,-0.107,-1.174,-7.6,252.94,-47.18
509360.593000,-0.214,-0.107,-1.15,25.85,297.1,-37.78
509360.640000,-0.04,-0.093,-1.164,0.92,331.64,-5.22
509360.687000,0.16,-0.136,-1.243,29.76,403.79,11.14
509360.734000,0.347,-0.324,-0.386,31.62,299.36,-26.37
509360.781000,0.582,-0.105,-0.493,5.46,122.62,-47.21
509360.828000,0.605,-0.045,-0.325,-0.67,68.3,-22.46
509360.875000,0.707,-0.117,-0.439,-12.48,-1.86,2.11
509360.921000,0.705,-0.126,-0.377,-5.92,-2.69,13.7
509360.968000,0.649,-0.113,-0.352,1.43,-49.9,17.98
509361.015000,0.605,-0.063,-0.515,14.31,-129.64,57.22
509361.062000,0.621,-0.238,-0.815,-11.66,-208.38,50.26
509361.109000,0.264,-0.092,-0.839,-29.91,-258.19,17.43
509361.156000,0.261,-0.256,-0.93,-16.27,-235.79,30.58
509361.203000,-0.211,-0.201,-0.891,11.87,-270.52,-11.84
509361.250000,-0.47,-0.131,-1.014,-15.59,-335.25,8.06
509361.296000,-0.531,-0.079,-1.137,-43.06,-323.47,30.76
509361.343000,-0.259,-0.203,-1.267,-41.2,-194.31,60.09
509361.390000,-0.329,-0.235,-1.096,-42.15,-28.38,1.5
509361.437000,-0.563,-0.141,-0.981,-1.65,49.23,-13.67
509361.484000,-0.666,-0.091,-0.887,11.17,49.84,-12.33
509361.531000,-0.28,-0.282,-1.091,25.09,61.37,-25.06
509361.578000,-0.236,-0.154,-1.417,58.69,224.43,-48.22
509361.625000,-0.388,-0.168,-1.236,16.91,311.59,-48.49
509361.671000,-0.331,-0.167,-1.066,25.42,329.02,-54.75
509361.718000,0.214,-0.179,-1.442,22.19,351.18,-16.54
509361.765000,0.129,-0.282,-0.874,-10.77,421.67,-34.97
509361.812000,0.491,-0.295,-0.129,66.41,192.66,-33.23
509361.859000,0.606,-0.109,-0.352,28.75,95.68,-60.15
509361.906000,0.636,-0.071,-0.302,-10.71,0.92,-22.28
509361.953000,0.748,-0.094,-0.424,-5.77,-10.74,3.88
509362.000000,0.7,-0.125,-0.297,-19.17,-35.58,11.2
509362.046000,0.622,-0.135,-0.214,-14.04,-162.08,53.56
509362.093000,0.646,-0.187,-0.603,-33.39,-170.14,25.15
509362.140000,0.327,-0.02,-0.777,-44.43,-267.83,42.42
509362.187000,0.435,-0.201,-0.944,-56.86,-190.98,68.42
509362.234000,0.0,-0.074,-1.039,-22.06,-246.1,59.82
509362.281000,-0.031,-0.122,-0.998,-150.33,-232.64,16.94
509362.328000,-0.408,-0.064,-0.843,-28.47,-274.45,31.01
509362.375000,-0.415,-0.101,-1.111,36.65,-296.55,41.23
509362.437000,-0.471,-0.039,-1.132,-51.79,-165.5,-41.41
509362.484000,-0.454,-0.091,-0.99,-19.23,-43.89,-12.3
509362.531000,-0.649,-0.127,-0.887,8.61,21.36,-24.23
509362.578000,-0.648,-0.019,-0.819,22.83,23.38,-11.96
509362.625000,-0.339,-0.231,-1.058,26.89,65.74,-34.73
509362.671000,-0.422,-0.07,-1.222,62.93,234.66,-32.35
509362.718000,-0.441,-0.11,-1.183,46.51,323.74,-41.63
509362.765000,-0.231,-0.114,-1.243,35.31,345.81,-40.22
509362.812000,0.075,-0.131,-1.607,16.36,447.89,-15.96
509362.859000,0.088,-0.424,-0.425,30.55,410.38,-29.21
509362.906000,0.513,-0.222,-0.257,15.72,153.02,-71.02
509362.953000,0.571,-0.057,-0.286,11.02,64.09,-28.9
509363.000000,0.693,-0.138,-0.497,-3.48,-5.07,-4.55
509363.046000,0.682,-0.133,-0.439,7.72,-8.91,-1.31
509363.093000,0.586,-0.077,-0.333,-20.23,-82.0,18.25
509363.140000,0.652,-0.244,-0.649,69.52,-153.97,47.82
509363.187000,0.407,-0.125,-0.529,-78.83,-211.62,-12.21
509363.234000,0.385,-0.296,-0.806,62.65,-227.36,26.92
509363.281000,0.129,-0.089,-1.11,-15.63,-201.82,55.36
509363.328000,-0.129,-0.241,-0.778,-100.89,-246.04,45.2
509363.375000,-0.555,-0.135,-0.912,-51.58,-347.09,16.48
509363.421000,-0.579,-0.066,-1.157,-26.37,-359.02,65.71
509363.468000,-0.316,-0.222,-1.32,-25.12,-200.87,28.02
509363.515000,-0.349,-0.229,-1.15,-14.89,-47.33,0.55
509363.562000,-0.744,-0.053,-0.799,12.57,41.57,-19.5
509363.609000,-0.744,-0.021,-0.746,5.16,16.97,-5.83
509363.656000,-0.339,-0.215,-1.106,22.92,72.12,-13.28
509363.703000,-0.395,-0.135,-1.26,45.29,250.07,-42.57
509363.750000,-0.543,-0.16,-0.998,-0.4,331.58,-63.69
509363.796000,-0.15,-0.088,-1.228,40.86,322.92,-23.35
509363.843000,0.131,-0.187,-1.377,5.37,377.24,-13.7
509363.890000,0.106,-0.176,-0.909,17.55,398.33,-10.83
509363.937000,0.477,-0.273,-0.382,52.71,251.53,-33.75
509363.984000,0.601,-0.157,-0.312,16.14,118.69,-40.25
509364.031000,0.649,-0.186,-0.332,6.2,39.31,-24.72
509364.078000,0.679,-0.134,-0.385,2.78,-1.19,-26.58
509364.125000,0.73,-0.085,-0.382,-9.89,-17.06,-24.72
509364.171000,0.733,-0.042,-0.419,-10.16,-89.66,25.39
509364.218000,0.678,-0.086,-0.466,-10.74,-95.03,44.71
509364.265000,0.385,-0.174,-0.6,-1.8,-302.53,101.69
509364.312000,0.169,-0.141,-0.999,-30.18,-358.87,60.79
509364.359000,-0.028,-0.087,-1.275,-69.09,-333.14,66.62
509364.406000,-0.168,-0.246,-0.909,-87.68,-284.4,18.52
509364.453000,-0.465,-0.049,-1.105,6.68,-264.14,46.33
509364.500000,-0.398,-0.165,-1.048,-24.57,-194.1,21.21
509364.546000,-0.496,-0.098,-1.005,-19.14,-111.3,11.32
509364.593000,-0.517,-0.106,-0.951,-16.17,-22.0,-1.46
509364.640000,-0.589,-0.105,-0.872,-4.15,12.27,-5.28
509364.687000,-0.613,-0.083,-0.833,8.36,35.28,-10.71
509364.734000,-0.393,-0.223,-0.946,28.93,62.01,-30.79
509364.781000,-0.336,-0.143,-1.325,62.11,217.11,-58.32
509364.828000,-0.412,-0.185,-1.186,8.76,327.52,-63.36
509364.875000,-0.214,-0.151,-1.249,49.38,356.15,-70.65
509364.921000,-0.12,-0.103,-1.272,-23.5,460.59,-65.0
509364.968000,0.182,-0.246,-0.609,21.27,420.15,-56.31
509365.015000,0.561,-0.234,-0.155,-19.56,167.91,-126.59
509365.062000,0.654,0.109,-0.373,5.62,94.79,-96.13
509365.125000,0.768,-0.0,-0.438,7.26,6.13,-22.98
509365.171000,0.757,0.069,-0.307,-3.91,-28.66,-0.46
509365.218000,0.667,0.158,-0.227,-6.04,-91.31,57.22
509365.265000,0.665,-0.186,-0.521,98.24,-157.75,113.16
509365.312000,0.435,-0.039,-0.733,27.95,-291.39,97.05
509365.359000,0.373,-0.31,-0.81,-19.1,-257.58,116.09
509365.406000,-0.131,-0.314,-0.84,77.58,-289.9,136.54
509365.453000,-0.406,-0.22,-1.17,-84.29,-361.22,144.14
509365.500000,-0.407,-0.327,-0.982,-130.53,-352.95,42.45
509365.546000,-0.607,-0.165,-1.106,-47.67,-260.57,15.56
509365.609000,-0.363,-0.297,-1.122,-22.28,-80.72,10.28
509365.656000,-0.631,-0.184,-0.906,-6.78,35.71,-12.12
509365.703000,-0.653,-0.155,-0.851,-6.71,68.21,-5.58
509365.750000,-0.533,-0.222,-0.925,-6.87,84.44,-14.1
509365.796000,-0.294,-0.292,-1.221,66.68,207.01,-54.26
509365.843000,-0.429,-0.152,-1.313,42.05,278.73,-57.89
509365.890000,-0.107,-0.302,-1.362,40.31,339.12,-52.55
509365.937000,-0.071,-0.234,-1.539,12.36,503.98,-48.1
509365.984000,0.027,-0.377,-0.52,76.48,489.3,-92.87
509366.031000,0.422,-0.251,0.129,14.16,150.21,-119.57
509366.078000,0.751,0.109,-0.604,5.28,69.92,-109.65
509366.125000,0.667,-0.073,-0.122,-5.28,9.92,-1.34
509366.171000,0.843,-0.071,-0.463,5.8,-2.14,-0.89
509366.218000,0.728,-0.051,-0.244,-4.39,-54.81,21.0
509366.265000,0.705,-0.13,-0.468,9.22,-142.16,57.62
509366.312000,0.592,-0.135,-0.441,-25.45,-182.99,36.56
509366.359000,0.583,-0.091,-1.112,-85.39,-230.29,39.31
509366.406000,0.285,-0.305,-0.778,-66.74,-251.2,18.04
509366.453000,0.268,-0.051,-1.197,32.32,-153.94,59.02
509366.500000,-0.158,-0.246,-0.792,15.26,-217.29,68.51
509366.546000,-0.454,-0.109,-0.981,-29.24,-315.9,55.48
509366.593000,-0.543,-0.115,-1.045,-39.77,-333.41,49.81
509366.640000,-0.352,-0.172,-1.194,10.22,-199.56,22.1
509366.703000,-0.444,-0.244,-1.098,-14.92,-30.03,11.32
509366.750000,-0.649,-0.093,-0.876,-8.36,83.83,-10.5
509366.796000,-0.641,-0.113,-0.806,-2.14,78.37,-10.68
509366.843000,-0.349,-0.21,-1.148,39.61,140.26,-31.86
509366.890000,-0.216,-0.215,-1.466,52.22,279.12,-62.59
509366.937000,-0.272,-0.136,-1.472,27.44,422.62,-65.55
509366.984000,-0.156,-0.197,-1.349,47.27,458.78,-23.87
509367.031000,0.207,-0.423,-0.483,29.54,427.87,-31.25
509367.078000,0.492,-0.265,-0.241,52.4,228.28,-58.87
509367.125000,0.598,-0.033,-0.277,2.9,110.45,-49.13
509367.171000,0.739,-0.106,-0.384,-9.34,56.92,-38.09
509367.218000,0.703,-0.093,-0.202,-11.11,5.25,-16.91
509367.265000,0.761,-0.148,-0.349,-13.03,-14.89,-0.49
509367.312000,0.701,-0.102,-0.212,9.03,-64.88,21.33
509367.359000,0.513,-0.094,-0.128,38.18,-181.22,104.53
509367.406000,0.64,-0.317,-1.034,-0.79,-267.65,146.34
509367.453000,0.268,-0.374,-0.573,-7.14,-258.31,57.83
509367.500000,-0.12,-0.157,-0.93,-25.09,-329.2,115.24
509367.546000,-0.458,-0.412,-0.918,-59.45,-402.45,131.66
509367.609000,-0.58,-0.259,-1.203,-74.62,-367.96,52.61
509367.656000,-0.537,-0.379,-1.145,-45.53,-173.53,-31.77
509367.703000,-0.606,-0.42,-1.118,12.73,-68.48,10.68
509367.750000,-0.709,-0.239,-0.871,23.29,58.93,-18.49
509367.796000,-0.775,-0.202,-0.713,26.8,61.07,-6.35
509367.843000,-0.692,-0.271,-0.76,17.98,46.33,7.02
509367.890000,-0.418,-0.428,-0.957,18.71,84.23,-14.83
509367.937000,-0.257,-0.369,-1.375,27.74,270.67,-68.21
509367.984000,-0.536,-0.357,-1.261,-74.01,447.77,-110.42
509368.031000,-0.276,-0.244,-1.291,-28.6,447.83,-110.26
509368.078000,0.111,-0.295,-0.798,4.85,430.92,-93.51
509368.125000,0.487,-0.281,-0.054,28.47,221.47,-97.51
509368.171000,0.77,0.06,-0.637,9.4,92.99,-50.57
509368.218000,0.708,-0.114,-0.304,9.98,43.89,-29.48
509368.265000,0.756,-0.048,-0.459,8.73,5.77,-9.4
509368.328000,0.689,-0.051,-0.321,-3.75,-38.03,-5.95
509368.375000,0.553,-0.006,-0.289,53.74,-90.18,70.5
509368.421000,0.539,-0.303,-0.384,37.72,-245.12,93.26
509368.468000,0.393,-0.209,-0.799,10.83,-253.21,50.42
509368.515000,-0.071,-0.362,-0.79,61.62,-338.11,113.86
509368.562000,-0.227,-0.375,-1.294,-8.51,-377.88,120.06
509368.625000,-0.349,-0.297,-1.093,-70.99,-253.98,70.28
509368.671000,-0.31,-0.351,-1.117,-4.43,-140.45,79.78
509368.718000,-0.426,-0.361,-1.052,-16.94,-92.41,36.53
509368.765000,-0.542,-0.28,-0.919,15.26,-36.99,4.7
509368.812000,-0.57,-0.266,-0.918,15.47,-0.09,1.83
509368.859000,-0.559,-0.252,-0.848,-5.95,29.33,-6.32
509368.906000,-0.36,-0.339,-0.943,6.53,69.61,-15.81
509368.953000,-0.258,-0.323,-1.179,31.77,175.79,-52.98
509369.000000,-0.328,-0.282,-1.187,-30.52,312.27,-60.64
509369.046000,-0.17,-0.215,-1.486,-12.24,389.54,-72.05
509369.093000,-0.201,-0.325,-1.045,7.93,520.34,-63.45
509369.140000,0.364,-0.266,-0.284,41.47,329.54,-73.76
509369.187000,0.572,-0.024,-0.217,26.28,103.46,-45.96
509369.234000,0.69,-0.098,-0.336,2.81,48.28,-5.28
509369.281000,0.688,-0.172,-0.304,-11.63,6.59,-11.11
509369.328000,0.796,-0.139,-0.488,-0.64,-6.41,-9.89
509369.375000,0.713,-0.154,-0.298,-2.47,-43.64,6.96
509369.421000,0.579,-0.154,-0.296,-0.61,-158.76,39.0
509369.468000,0.549,-0.16,-0.636,-4.7,-251.47,46.63
509369.515000,0.367,-0.192,-0.649,-51.39,-247.29,29.05
509369.562000,0.082,-0.262,-1.113,76.85,-323.56,101.11
509369.609000,-0.049,-0.252,-1.182,-9.92,-285.81,112.13
509369.656000,-0.421,-0.259,-0.988,-88.14,-280.16,36.62
509369.703000,-0.516,-0.149,-1.038,-45.01,-247.11,42.66
509369.750000,-0.247,-0.237,-1.236,-18.59,-103.46,44.5
509369.796000,-0.507,-0.199,-0.951,-23.13,2.26,-24.6
509369.843000,-0.611,-0.116,-0.816,16.17,18.92,-15.66
509369.890000,-0.625,-0.107,-0.818,12.05,-1.28,-12.48
509369.937000,-0.551,-0.137,-0.81,11.41,-16.3,-8.03
509369.984000,-0.407,-0.212,-0.962,13.86,12.33,-7.11
509370.031000,-0.053,-0.287,-1.428,32.96,211.55,-54.99
509370.078000,-0.459,-0.124,-1.288,-24.17,336.34,-76.2
509370.125000,-0.332,-0.171,-1.019,9.83,342.27,-37.81
509370.171000,0.202,-0.232,-1.331,12.79,333.6,-27.34
509370.218000,0.234,-0.237,-1.029,-21.24,353.16,-39.0
509370.265000,0.42,-0.249,-0.433,49.5,288.98,-46.69
509370.312000,0.588,0.001,-0.365,19.96,109.56,-28.69
509370.359000,0.585,-0.103,-0.273,-2.56,39.19,-3.81
509370.406000,0.665,-0.136,-0.297,-30.43,-30.7,-6.04
509370.453000,0.783,-0.123,-0.573,27.38,-32.35,10.16
509370.500000,0.8,-0.127,-0.522,-22.86,-27.62,-5.43
509370.546000,0.573,-0.059,-0.26,-17.18,-116.95,52.22
509370.593000,0.456,-0.26,-0.452,56.67,-249.03,112.09
509370.640000,0.473,-0.162,-1.229,-92.41,-265.63,20.23
509370.687000,0.137,-0.26,-0.685,5.86,-223.0,-7.54
509370.734000,-0.201,-0.069,-1.113,53.77,-281.44,63.08
509370.781000,-0.235,-0.277,-1.085,-8.85,-278.76,104.34
509370.828000,-0.367,-0.328,-1.037,-40.01,-254.31,39.49
509370.875000,-0.433,-0.206,-1.069,-38.88,-196.69,15.47
509370.937000,-0.395,-0.251,-1.001,-44.01,-65.86,1.07
