t_monotonic,ax,ay,az,gx,gy,gz
318116.140000,-0.198,-0.453,0.904,-0.55,1.59,-0.49
318116.171000,-0.199,-0.453,0.905,-0.61,1.04,-0.73
318116.171000,-0.199,-0.453,0.9,-0.18,0.0,-0.79
318116.171000,-0.196,-0.447,0.895,0.34,-0.52,-0.82
318116.187000,-0.19,-0.443,0.89,0.46,-0.82,-0.79
318116.187000,-0.188,-0.444,0.885,0.98,-0.46,-0.61
318116.203000,-0.188,-0.442,0.886,1.13,0.21,-0.37
318116.234000,-0.189,-0.439,0.885,0.85,0.58,-0.15
318116.234000,-0.187,-0.44,0.885,0.61,0.82,0.34
318116.250000,-0.187,-0.441,0.885,0.24,1.07,0.76
318116.250000,-0.188,-0.442,0.886,-0.15,1.37,1.04
318116.265000,-0.188,-0.443,0.892,-0.31,1.56,1.4
318116.281000,-0.188,-0.446,0.898,-0.15,1.62,1.62
318116.281000,-0.191,-0.448,0.899,-0.03,1.5,1.65
318116.296000,-0.191,-0.448,0.899,0.09,1.31,1.95
318116.312000,-0.19,-0.446,0.897,0.09,0.7,1.92
318116.312000,-0.188,-0.445,0.897,0.0,0.4,2.04
318116.328000,-0.187,-0.447,0.895,0.15,0.03,2.32
318116.328000,-0.188,-0.444,0.895,-0.18,-0.24,2.5
318116.343000,-0.187,-0.445,0.894,-0.31,-0.31,2.72
318116.343000,-0.187,-0.448,0.894,-0.27,-0.12,2.96
318116.359000,-0.188,-0.452,0.896,-0.43,0.27,3.23
318116.375000,-0.19,-0.451,0.9,-0.49,0.34,3.23
318116.390000,-0.193,-0.455,0.906,-0.46,0.34,3.23
318116.390000,-0.192,-0.458,0.908,-0.31,0.12,3.2
318116.406000,-0.193,-0.457,0.909,-0.24,-0.4,2.9
318116.421000,-0.193,-0.458,0.908,-0.06,-0.85,2.9
318116.421000,-0.193,-0.459,0.908,-0.18,-1.19,2.72
318116.437000,-0.191,-0.459,0.907,-0.31,-1.62,2.59
318116.437000,-0.192,-0.463,0.906,-0.27,-2.11,2.47
318116.453000,-0.192,-0.46,0.903,-0.09,-2.38,2.29
318116.468000,-0.191,-0.457,0.898,-0.31,-2.56,2.08
318116.468000,-0.192,-0.456,0.892,-0.76,-2.62,2.04
318116.484000,-0.193,-0.456,0.886,-1.4,-2.53,2.11
318116.500000,-0.193,-0.456,0.885,-1.95,-2.17,2.17
318116.500000,-0.193,-0.456,0.886,-2.17,-1.77,2.26
318116.515000,-0.196,-0.458,0.884,-2.23,-1.62,2.35
318116.531000,-0.198,-0.461,0.884,-2.23,-1.46,2.2
318116.531000,-0.198,-0.463,0.884,-1.86,-1.19,1.65
318116.546000,-0.199,-0.462,0.886,-1.37,-1.19,1.22
318116.546000,-0.201,-0.464,0.885,-0.7,-1.07,0.79
318116.562000,-0.202,-0.463,0.887,0.0,-0.85,0.34
318116.578000,-0.202,-0.463,0.887,0.76,-0.52,-0.03
318116.578000,-0.203,-0.459,0.885,1.01,-0.58,-0.18
318116.593000,-0.204,-0.454,0.884,0.82,-0.61,-0.4
318116.609000,-0.204,-0.454,0.884,0.52,-0.46,-0.46
318116.609000,-0.205,-0.454,0.885,0.15,-0.15,-0.49
318116.625000,-0.205,-0.455,0.885,-0.24,-0.03,-0.55
318116.640000,-0.204,-0.455,0.884,-0.15,0.31,-0.61
318116.640000,-0.202,-0.452,0.882,0.24,0.37,-0.67
318116.656000,-0.203,-0.449,0.882,0.55,0.61,-0.58
318116.671000,-0.202,-0.448,0.881,0.64,1.16,-0.34
318116.671000,-0.202,-0.449,0.881,0.15,1.62,0.03
318116.671000,-0.2,-0.45,0.883,-0.52,1.92,0.34
318116.687000,-0.201,-0.45,0.882,-1.43,2.29,0.7
318116.703000,-0.201,-0.455,0.885,-2.01,2.5,0.85
318116.718000,-0.201,-0.46,0.887,-2.35,2.44,0.64
318116.718000,-0.199,-0.461,0.892,-1.8,2.23,0.4
318116.734000,-0.2,-0.46,0.895,-0.95,2.08,0.0
318116.734000,-0.199,-0.458,0.889,-0.12,1.89,-0.55
318116.750000,-0.198,-0.458,0.886,0.58,1.89,-0.82
318116.765000,-0.195,-0.459,0.885,0.89,2.26,-1.01
318116.765000,-0.196,-0.459,0.885,0.98,2.62,-1.25
318116.781000,-0.198,-0.461,0.889,1.13,2.93,-1.5
318116.796000,-0.2,-0.461,0.891,1.46,3.02,-1.86
318116.796000,-0.201,-0.46,0.894,1.74,3.05,-2.04
318116.812000,-0.203,-0.456,0.892,1.8,2.78,-2.32
318116.828000,-0.202,-0.454,0.888,1.46,2.56,-2.38
318116.828000,-0.201,-0.455,0.89,1.25,2.78,-2.14
318116.843000,-0.203,-0.456,0.891,0.7,3.11,-2.14
318116.843000,-0.206,-0.455,0.894,0.12,3.27,-2.08
318116.859000,-0.205,-0.46,0.898,-0.12,2.99,-1.92
318116.875000,-0.205,-0.462,0.9,-0.12,2.69,-1.98
318116.890000,-0.205,-0.46,0.897,0.09,2.04,-2.08
318116.890000,-0.204,-0.459,0.891,0.43,1.53,-2.14
318116.890000,-0.201,-0.46,0.888,0.46,1.77,-2.17
318116.906000,-0.202,-0.462,0.888,0.12,1.98,-2.35
318116.906000,-0.204,-0.461,0.889,0.0,1.89,-2.72
318116.937000,-0.201,-0.462,0.886,0.27,1.83,-2.75
318116.937000,-0.2,-0.462,0.885,0.55,1.71,-2.84
318116.937000,-0.2,-0.464,0.886,0.73,2.04,-2.9
318116.968000,-0.2,-0.465,0.885,0.7,2.44,-2.99
318116.968000,-0.201,-0.463,0.882,0.73,2.5,-3.36
318116.968000,-0.202,-0.461,0.883,0.89,2.56,-3.63
318116.984000,-0.2,-0.462,0.885,1.22,2.69,-3.88
318116.984000,-0.201,-0.46,0.885,1.53,2.59,-4.09
318117.000000,-0.199,-0.459,0.882,1.8,2.75,-4.21
318117.031000,-0.198,-0.454,0.881,2.17,2.87,-4.15
318117.031000,-0.198,-0.45,0.882,1.89,3.23,-3.94
318117.046000,-0.203,-0.45,0.883,1.5,3.57,-3.63
318117.062000,-0.204,-0.45,0.889,0.82,3.78,-3.54
318117.062000,-0.203,-0.456,0.894,0.64,3.88,-3.05
318117.078000,-0.204,-0.457,0.901,0.85,3.57,-3.14
318117.078000,-0.203,-0.456,0.902,1.5,3.3,-3.23
318117.093000,-0.203,-0.454,0.901,2.08,2.81,-3.23
318117.109000,-0.203,-0.452,0.898,2.29,2.26,-3.23
318117.109000,-0.2,-0.452,0.898,2.35,2.11,-3.2
318117.125000,-0.197,-0.449,0.895,2.26,1.77,-3.08
318117.140000,-0.195,-0.447,0.892,1.74,1.92,-2.81
318117.140000,-0.194,-0.447,0.889,1.62,2.23,-2.62
318117.156000,-0.192,-0.447,0.887,1.53,2.17,-2.53
318117.171000,-0.192,-0.448,0.891,1.74,2.41,-2.5
318117.171000,-0.195,-0.448,0.892,2.29,2.5,-2.66
318117.187000,-0.197,-0.447,0.895,2.96,2.47,-2.75
318117.203000,-0.198,-0.443,0.896,3.6,2.26,-2.62
318117.203000,-0.2,-0.439,0.895,3.75,2.01,-2.44
318117.218000,-0.196,-0.438,0.894,3.33,1.98,-2.01
318117.218000,-0.198,-0.439,0.895,2.87,2.04,-1.59
318117.234000,-0.199,-0.437,0.896,2.35,2.23,-1.22
318117.234000,-0.201,-0.438,0.9,1.92,2.23,-0.98
318117.250000,-0.2,-0.439,0.903,2.04,1.86,-0.82
318117.265000,-0.202,-0.438,0.905,2.23,1.46,-0.73
318117.281000,-0.202,-0.441,0.904,2.26,0.95,-0.43
318117.281000,-0.201,-0.437,0.9,2.23,0.61,-0.09
318117.296000,-0.201,-0.434,0.898,1.86,0.46,0.21
318117.312000,-0.199,-0.437,0.9,1.53,0.34,0.58
318117.312000,-0.199,-0.442,0.899,1.31,0.24,0.89
318117.328000,-0.199,-0.443,0.895,1.04,0.06,0.89
318117.328000,-0.2,-0.442,0.893,0.98,-0.15,0.67
318117.343000,-0.201,-0.442,0.893,0.95,-0.15,0.61
318117.359000,-0.2,-0.444,0.889,0.92,0.0,0.67
318117.359000,-0.203,-0.444,0.885,0.76,0.06,0.7
318117.375000,-0.204,-0.443,0.888,0.82,0.55,0.76
318117.390000,-0.206,-0.443,0.894,1.13,1.28,0.82
318117.390000,-0.209,-0.443,0.898,1.34,1.62,0.85
318117.406000,-0.21,-0.444,0.899,1.56,1.65,1.1
318117.406000,-0.21,-0.445,0.901,1.37,1.56,1.16
318117.421000,-0.21,-0.443,0.9,0.89,0.95,1.4
318117.437000,-0.208,-0.444,0.901,0.55,0.31,1.59
318117.437000,-0.206,-0.444,0.897,0.43,0.06,1.62
318117.453000,-0.204,-0.445,0.891,0.31,-0.03,1.8
318117.453000,-0.205,-0.446,0.89,0.37,0.09,2.04
318117.468000,-0.203,-0.446,0.889,0.21,0.37,2.14
318117.484000,-0.204,-0.446,0.887,-0.24,0.52,2.08
318117.500000,-0.203,-0.449,0.886,-0.43,0.79,2.08
318117.500000,-0.203,-0.451,0.887,-0.46,0.98,2.11
318117.500000,-0.206,-0.451,0.89,-0.4,1.34,1.8
318117.515000,-0.207,-0.454,0.892,-0.24,1.56,1.53
318117.531000,-0.212,-0.458,0.897,0.37,1.8,0.95
318117.531000,-0.215,-0.456,0.902,1.22,1.71,0.31
318117.546000,-0.217,-0.452,0.899,1.83,1.22,-0.21
318117.562000,-0.216,-0.449,0.9,2.17,0.89,-0.46
318117.562000,-0.217,-0.447,0.9,2.11,0.98,-0.64
318117.578000,-0.218,-0.443,0.898,1.4,0.95,-0.58
318117.578000,-0.219,-0.444,0.896,-0.06,0.76,-0.21
318117.609000,-0.215,-0.445,0.898,-0.4,0.58,-0.15
318117.609000,-0.215,-0.445,0.898,-0.21,0.52,0.0
318117.609000,-0.216,-0.446,0.895,-0.12,0.58,0.03
318117.625000,-0.214,-0.444,0.89,-0.31,0.61,0.15
318117.640000,-0.212,-0.445,0.889,-0.79,0.76,0.06
318117.656000,-0.213,-0.444,0.885,-1.43,0.61,0.06
318117.656000,-0.213,-0.445,0.885,-1.68,0.64,0.21
318117.671000,-0.211,-0.449,0.887,-1.28,1.37,0.15
318117.671000,-0.215,-0.445,0.888,-1.34,1.86,-0.24
318117.687000,-0.219,-0.446,0.887,-1.71,2.08,-0.21
318117.687000,-0.221,-0.446,0.89,-2.56,2.04,0.12
318117.703000,-0.219,-0.444,0.894,-2.9,2.04,0.24
318117.734000,-0.217,-0.447,0.899,-2.84,1.92,0.12
318117.734000,-0.217,-0.454,0.898,-1.95,1.46,0.18
318117.750000,-0.216,-0.453,0.892,-0.98,1.31,-0.06
318117.750000,-0.212,-0.451,0.887,-0.18,1.43,-0.49
318117.765000,-0.208,-0.449,0.885,-0.06,1.46,-0.95
318117.781000,-0.21,-0.453,0.882,-0.09,1.65,-1.1
318117.781000,-0.211,-0.455,0.886,0.27,2.32,-1.53
318117.796000,-0.212,-0.453,0.89,0.46,2.53,-1.83
318117.812000,-0.213,-0.453,0.892,0.58,2.72,-1.86
318117.812000,-0.213,-0.453,0.895,0.82,2.84,-2.14
318117.828000,-0.215,-0.452,0.898,1.25,2.81,-2.08
318117.828000,-0.216,-0.449,0.9,1.37,2.35,-2.14
318117.843000,-0.215,-0.447,0.898,1.22,1.86,-2.14
318117.859000,-0.213,-0.446,0.898,0.98,1.77,-2.04
318117.859000,-0.215,-0.443,0.897,0.43,1.28,-2.01
318117.875000,-0.209,-0.445,0.896,0.43,1.31,-1.56
318117.890000,-0.207,-0.445,0.895,0.12,1.4,-1.43
318117.890000,-0.21,-0.442,0.894,-0.43,1.4,-1.22
318117.906000,-0.209,-0.446,0.895,-0.4,1.34,-1.01
318117.906000,-0.209,-0.447,0.9,-0.24,1.16,-1.16
318117.921000,-0.21,-0.45,0.902,0.18,1.1,-1.43
318117.937000,-0.21,-0.447,0.903,0.58,0.95,-1.86
318117.953000,-0.211,-0.442,0.898,0.7,0.49,-1.98
318117.953000,-0.21,-0.44,0.895,0.61,0.06,-1.68
318117.968000,-0.21,-0.438,0.894,0.21,-0.06,-1.4
318117.968000,-0.209,-0.439,0.894,-0.18,-0.09,-1.28
318117.984000,-0.211,-0.439,0.892,-0.37,-0.18,-1.16
318118.000000,-0.21,-0.44,0.892,-0.67,-0.43,-0.98
318118.000000,-0.21,-0.441,0.888,-0.82,-0.27,-0.64
318118.015000,-0.209,-0.441,0.892,-1.07,0.18,-0.52
318118.015000,-0.211,-0.44,0.895,-1.19,0.64,-0.43
318118.031000,-0.213,-0.443,0.896,-0.95,0.55,-0.4
318118.046000,-0.213,-0.447,0.897,-0.55,0.27,-0.34
318118.046000,-0.215,-0.446,0.901,-0.4,0.18,-0.46
318118.062000,-0.216,-0.447,0.901,-0.52,-0.27,-0.61
318118.078000,-0.213,-0.448,0.9,-0.64,-0.61,-0.79
318118.093000,-0.213,-0.445,0.896,-0.61,-0.7,-0.85
318118.093000,-0.213,-0.444,0.892,-0.27,-0.85,-0.92
318118.093000,-0.209,-0.438,0.891,-0.09,-0.73,-0.85
318118.109000,-0.21,-0.437,0.892,0.24,-0.4,-0.52
318118.109000,-0.211,-0.434,0.888,0.18,0.09,-0.03
318118.125000,-0.211,-0.436,0.887,-0.43,0.21,0.52
318118.140000,-0.212,-0.441,0.887,-1.4,0.4,0.95
318118.140000,-0.211,-0.441,0.892,-2.5,0.49,1.13
318118.171000,-0.209,-0.443,0.895,-2.66,0.46,1.28
318118.171000,-0.208,-0.448,0.9,-2.14,0.58,1.46
318118.187000,-0.211,-0.447,0.896,-1.4,0.34,1.43
318118.187000,-0.212,-0.445,0.894,-1.13,-0.03,1.43
318118.187000,-0.211,-0.446,0.892,-1.25,-0.18,1.65
318118.203000,-0.213,-0.444,0.889,-2.04,-0.46,1.8
318118.218000,-0.215,-0.446,0.89,-2.9,-0.58,1.8
318118.234000,-0.214,-0.449,0.888,-3.39,-0.61,1.86
318118.234000,-0.216,-0.451,0.887,-3.3,-0.61,1.71
318118.250000,-0.218,-0.457,0.886,-2.84,-0.34,1.5
318118.265000,-0.219,-0.461,0.887,-2.04,-0.06,1.07
318118.265000,-0.221,-0.459,0.884,-1.25,0.12,0.52
318118.265000,-0.221,-0.457,0.879,-0.67,0.43,0.09
318118.296000,-0.223,-0.454,0.876,-0.58,0.89,-0.18
318118.312000,-0.224,-0.456,0.878,-0.73,1.46,-0.43
318118.312000,-0.227,-0.459,0.883,-1.01,2.04,-0.49
318118.328000,-0.228,-0.463,0.884,-1.34,2.2,-0.82
318118.343000,-0.226,-0.466,0.884,-1.1,1.92,-1.28
318118.343000,-0.229,-0.464,0.884,-0.49,1.68,-1.92
318118.359000,-0.229,-0.465,0.88,0.09,1.56,-2.38
318118.359000,-0.228,-0.465,0.879,0.34,1.59,-2.62
318118.375000,-0.229,-0.465,0.872,0.21,1.68,-2.81
318118.390000,-0.226,-0.465,0.872,0.15,1.92,-3.11
318118.390000,-0.227,-0.468,0.874,0.12,2.41,-3.42
318118.406000,-0.227,-0.467,0.874,0.34,2.44,-3.75
318118.421000,-0.224,-0.466,0.871,0.7,2.69,-4.09
318118.421000,-0.222,-0.465,0.87,1.16,3.05,-4.46
318118.437000,-0.222,-0.464,0.87,1.5,3.3,-4.61
318118.453000,-0.221,-0.461,0.871,1.5,3.85,-4.91
318118.453000,-0.221,-0.457,0.873,1.46,4.24,-4.94
318118.468000,-0.22,-0.456,0.877,1.56,4.55,-5.01
318118.468000,-0.219,-0.453,0.881,2.04,5.07,-4.82
318118.484000,-0.223,-0.451,0.884,2.38,5.22,-4.61
318118.500000,-0.224,-0.446,0.887,2.35,5.37,-4.27
318118.500000,-0.221,-0.445,0.889,2.08,5.22,-3.72
318118.515000,-0.22,-0.443,0.891,1.31,5.16,-2.84
318118.531000,-0.222,-0.444,0.895,0.12,5.1,-2.14
318118.531000,-0.219,-0.444,0.9,-1.19,4.7,-1.74
318118.546000,-0.218,-0.445,0.902,-1.77,4.3,-1.19
318118.546000,-0.219,-0.448,0.902,-1.89,3.91,-0.64
318118.562000,-0.216,-0.447,0.901,-1.65,3.39,-0.24
318118.578000,-0.214,-0.443,0.896,-1.53,2.69,0.09
318118.578000,-0.214,-0.441,0.89,-2.04,2.23,0.61
318118.593000,-0.213,-0.44,0.887,-2.66,2.32,1.31
318118.609000,-0.212,-0.441,0.884,-3.14,2.5,1.98
318118.609000,-0.213,-0.439,0.882,-3.72,2.78,2.62
318118.625000,-0.216,-0.442,0.884,-4.3,3.33,3.17
318118.640000,-0.219,-0.447,0.887,-4.55,3.48,3.75
318118.640000,-0.223,-0.449,0.893,-4.61,3.36,4.15
318118.656000,-0.227,-0.454,0.897,-4.43,3.02,4.39
318118.671000,-0.229,-0.459,0.902,-4.09,2.53,4.27
318118.671000,-0.232,-0.461,0.9,-3.63,1.86,4.21
318118.687000,-0.23,-0.464,0.894,-3.33,0.89,4.24
318118.703000,-0.227,-0.462,0.89,-3.36,0.58,4.43
318118.703000,-0.226,-0.463,0.887,-3.75,0.43,4.46
318118.718000,-0.226,-0.462,0.881,-4.18,0.4,4.58
318118.718000,-0.224,-0.463,0.877,-4.43,0.52,4.82
318118.734000,-0.224,-0.465,0.875,-4.64,0.82,5.01
318118.750000,-0.223,-0.466,0.874,-5.04,0.92,5.07
318118.750000,-0.222,-0.471,0.874,-5.71,0.85,5.16
318118.765000,-0.222,-0.474,0.875,-5.86,0.89,5.07
318118.781000,-0.221,-0.475,0.877,-5.68,0.95,4.7
318118.781000,-0.22,-0.476,0.879,-5.07,1.31,4.46
318118.796000,-0.222,-0.477,0.879,-4.12,1.43,4.15
318118.796000,-0.225,-0.478,0.881,-3.33,1.74,3.66
318118.812000,-0.229,-0.477,0.884,-2.99,1.86,3.3
318118.828000,-0.231,-0.478,0.885,-3.2,1.4,3.17
318118.843000,-0.23,-0.48,0.887,-3.51,1.16,2.84
318118.843000,-0.231,-0.479,0.888,-3.78,0.82,2.5
318118.843000,-0.23,-0.477,0.885,-3.66,0.34,2.32
318118.875000,-0.231,-0.476,0.883,-3.72,0.12,2.17
318118.875000,-0.236,-0.476,0.882,-3.69,0.03,2.17
318118.890000,-0.228,-0.479,0.879,-3.17,0.18,2.38
318118.890000,-0.227,-0.477,0.875,-2.99,0.34,2.29
318118.906000,-0.238,-0.47,0.869,-4.18,-0.46,1.71
318118.921000,-0.233,-0.476,0.868,-4.82,-0.21,1.95
318118.921000,-0.23,-0.479,0.864,-5.07,-0.34,1.68
318118.937000,-0.23,-0.48,0.858,-5.1,-0.49,1.77
318118.953000,-0.231,-0.477,0.855,-4.61,-0.37,1.28
318118.953000,-0.232,-0.472,0.853,-4.18,-0.27,0.95
318118.968000,-0.231,-0.476,0.85,-3.48,0.15,1.1
318118.968000,-0.234,-0.476,0.854,-2.72,0.95,0.82
318118.984000,-0.236,-0.474,0.857,-1.8,1.46,0.37
318119.000000,-0.237,-0.473,0.856,-1.01,1.43,0.0
318119.000000,-0.239,-0.475,0.863,0.03,1.5,-0.31
318119.015000,-0.243,-0.472,0.868,0.82,1.74,-0.89
318119.031000,-0.249,-0.467,0.871,0.89,1.22,-1.22
318119.031000,-0.247,-0.467,0.875,1.1,0.92,-1.22
318119.046000,-0.246,-0.47,0.879,1.34,1.04,-1.01
318119.062000,-0.246,-0.468,0.883,1.25,1.16,-0.95
318119.062000,-0.248,-0.466,0.885,1.13,1.1,-1.07
318119.078000,-0.247,-0.466,0.884,1.07,0.4,-1.07
318119.093000,-0.244,-0.469,0.881,0.98,-0.46,-1.01
318119.093000,-0.241,-0.467,0.876,1.13,-1.01,-0.85
318119.109000,-0.24,-0.464,0.87,1.37,-1.34,-1.04
318119.109000,-0.235,-0.463,0.865,1.22,-1.22,-0.89
318119.125000,-0.231,-0.464,0.863,1.07,-0.61,-0.52
318119.140000,-0.229,-0.464,0.862,1.16,-0.12,-0.43
318119.140000,-0.228,-0.46,0.858,1.4,0.24,-0.4
318119.156000,-0.227,-0.458,0.856,1.56,0.82,-0.06
318119.171000,-0.226,-0.46,0.858,0.67,2.26,0.98
318119.171000,-0.226,-0.462,0.864,0.34,2.93,1.22
318119.187000,-0.228,-0.467,0.874,-0.12,3.39,1.25
318119.187000,-0.233,-0.471,0.882,-0.61,2.93,1.65
318119.203000,-0.237,-0.473,0.893,-1.28,2.23,2.11
318119.218000,-0.238,-0.48,0.896,-2.04,1.4,2.2
318119.218000,-0.237,-0.491,0.897,-3.02,0.27,1.86
318119.234000,-0.232,-0.493,0.891,-3.57,-0.79,1.43
318119.234000,-0.227,-0.494,0.885,-3.63,-1.53,0.76
318119.250000,-0.225,-0.495,0.878,-3.36,-1.56,0.24
318119.265000,-0.224,-0.498,0.875,-2.29,-1.25,-0.49
318119.281000,-0.221,-0.496,0.869,-1.53,-1.04,-1.31
318119.281000,-0.224,-0.494,0.864,-0.67,-0.67,-2.26
318119.296000,-0.226,-0.49,0.866,-0.03,-0.18,-3.02
318119.312000,-0.227,-0.493,0.871,0.7,0.46,-3.54
318119.312000,-0.237,-0.491,0.876,0.95,0.61,-4.39
318119.328000,-0.238,-0.489,0.881,1.01,0.4,-5.19
318119.328000,-0.239,-0.488,0.884,1.46,0.12,-5.77
318119.343000,-0.241,-0.482,0.884,2.11,-0.4,-6.29
318119.343000,-0.244,-0.48,0.885,2.69,-1.01,-6.26
318119.359000,-0.243,-0.476,0.878,2.99,-1.62,-6.35
318119.375000,-0.24,-0.471,0.869,2.9,-2.14,-6.32
318119.375000,-0.237,-0.468,0.863,2.41,-2.38,-6.1
318119.390000,-0.235,-0.466,0.859,1.53,-2.17,-5.65
318119.390000,-0.233,-0.467,0.852,0.73,-1.59,-5.22
318119.406000,-0.232,-0.472,0.855,0.27,-0.95,-4.88
318119.406000,-0.232,-0.473,0.857,0.27,-0.58,-4.7
318119.437000,-0.232,-0.471,0.857,0.61,-0.43,-4.73
318119.453000,-0.233,-0.471,0.859,1.37,-0.24,-4.58
318119.453000,-0.234,-0.471,0.859,1.92,-0.37,-4.58
318119.468000,-0.232,-0.467,0.86,2.04,-0.4,-4.73
318119.484000,-0.23,-0.462,0.856,2.11,-0.4,-4.39
318119.484000,-0.23,-0.463,0.856,1.68,0.06,-3.78
318119.500000,-0.228,-0.465,0.86,1.19,0.92,-3.14
318119.500000,-0.227,-0.465,0.864,0.85,1.59,-2.69
318119.515000,-0.229,-0.467,0.87,0.85,1.8,-2.62
318119.531000,-0.228,-0.467,0.872,1.16,1.56,-2.41
318119.531000,-0.227,-0.471,0.868,1.07,1.46,-2.04
318119.531000,-0.228,-0.471,0.87,0.64,1.65,-1.8
318119.562000,-0.228,-0.474,0.876,0.21,1.71,-1.8
318119.562000,-0.225,-0.477,0.879,-0.18,1.65,-1.71
318119.578000,-0.226,-0.477,0.878,-0.24,1.31,-1.71
318119.578000,-0.224,-0.479,0.878,0.49,1.25,-1.74
318119.593000,-0.222,-0.478,0.878,1.28,1.77,-1.77
318119.609000,-0.224,-0.475,0.877,1.28,1.92,-1.77
318119.625000,-0.221,-0.473,0.876,1.16,2.2,-1.43
318119.625000,-0.217,-0.474,0.876,0.82,2.44,-1.16
318119.640000,-0.219,-0.475,0.881,0.03,2.78,-0.76
318119.640000,-0.219,-0.48,0.883,-1.01,2.66,-0.34
318119.656000,-0.219,-0.483,0.887,-2.04,2.17,-0.31
318119.671000,-0.221,-0.485,0.891,-2.56,1.22,-0.27
318119.671000,-0.216,-0.488,0.887,-2.38,0.34,-0.21
318119.687000,-0.214,-0.492,0.883,-1.74,0.0,-0.21
318119.703000,-0.214,-0.489,0.88,-1.53,-0.15,-0.46
318119.703000,-0.215,-0.487,0.877,-1.59,-0.06,-0.73
318119.718000,-0.218,-0.489,0.875,-1.71,0.18,-0.92
318119.718000,-0.221,-0.491,0.877,-2.11,0.27,-1.22
318119.734000,-0.224,-0.49,0.877,-2.2,0.21,-1.46
318119.750000,-0.225,-0.492,0.879,-2.32,0.06,-1.83
318119.750000,-0.228,-0.49,0.881,-2.11,-0.27,-2.26
318119.765000,-0.228,-0.489,0.881,-1.31,-0.92,-2.41
318119.781000,-0.226,-0.484,0.877,-0.4,-1.46,-2.56
318119.781000,-0.227,-0.479,0.87,0.24,-1.8,-2.69
318119.796000,-0.225,-0.472,0.864,0.7,-1.56,-2.5
318119.812000,-0.226,-0.466,0.858,0.4,-0.98,-2.14
318119.812000,-0.225,-0.464,0.855,-0.37,-0.61,-1.56
318119.828000,-0.224,-0.463,0.851,-1.28,-0.52,-1.16
318119.843000,-0.227,-0.461,0.85,-1.5,-0.37,-0.67
318119.843000,-0.228,-0.462,0.85,-1.74,0.18,-0.21
318119.859000,-0.228,-0.461,0.85,-1.74,0.73,0.18
318119.859000,-0.228,-0.462,0.851,-1.59,1.37,0.67
318119.875000,-0.228,-0.466,0.852,-1.43,2.17,1.07
318119.890000,-0.231,-0.463,0.856,-1.65,2.72,1.28
318119.890000,-0.233,-0.464,0.855,-2.29,3.08,1.62
318119.906000,-0.234,-0.469,0.856,-2.81,3.39,2.11
318119.921000,-0.237,-0.474,0.863,-3.08,3.66,2.26
318119.921000,-0.238,-0.478,0.869,-2.81,3.63,2.17
318119.921000,-0.24,-0.482,0.872,-2.26,3.63,2.04
318119.953000,-0.24,-0.483,0.868,-1.77,3.54,1.98
318119.953000,-0.242,-0.485,0.871,-1.13,3.69,1.89
318119.968000,-0.24,-0.487,0.872,-0.67,3.42,1.74
318119.984000,-0.24,-0.486,0.87,-0.85,2.87,1.46
318119.984000,-0.239,-0.484,0.866,-1.01,2.5,1.22
318120.000000,-0.238,-0.482,0.863,-1.13,2.04,1.22
318120.000000,-0.232,-0.482,0.861,-1.01,1.8,1.34
318120.015000,-0.229,-0.482,0.859,-0.49,1.74,1.46
318120.015000,-0.232,-0.479,0.851,-0.46,1.8,1.22
318120.031000,-0.23,-0.48,0.851,-0.58,2.32,1.22
318120.031000,-0.232,-0.48,0.852,-0.58,2.75,1.28
318120.046000,-0.235,-0.48,0.853,-0.76,2.84,1.19
318120.062000,-0.24,-0.484,0.854,-0.61,3.14,1.22
318120.062000,-0.245,-0.487,0.859,-0.46,3.05,0.79
318120.078000,-0.246,-0.487,0.86,0.15,2.99,0.34
318120.093000,-0.248,-0.489,0.866,1.46,3.33,0.0
318120.093000,-0.248,-0.489,0.869,3.05,3.81,-0.46
318120.109000,-0.246,-0.489,0.87,4.03,4.21,-0.92
318120.109000,-0.245,-0.487,0.868,4.15,4.85,-1.16
318120.140000,-0.246,-0.489,0.882,3.57,4.94,-1.4
318120.156000,-0.242,-0.5,0.886,3.11,3.97,-1.53
318120.156000,-0.244,-0.506,0.886,3.11,3.17,-2.29
318120.171000,-0.242,-0.507,0.885,3.91,2.47,-3.14
318120.171000,-0.24,-0.507,0.882,4.33,1.34,-3.85
318120.171000,-0.235,-0.511,0.872,4.85,0.55,-4.61
318120.187000,-0.234,-0.51,0.867,5.13,0.55,-5.52
318120.187000,-0.235,-0.509,0.868,5.37,0.61,-6.5
318120.218000,-0.239,-0.508,0.867,5.98,0.64,-7.05
318120.218000,-0.231,-0.511,0.865,7.39,1.31,-7.54
318120.218000,-0.23,-0.507,0.859,8.12,1.89,-8.42
318120.250000,-0.238,-0.502,0.856,6.68,1.68,-9.64
318120.250000,-0.241,-0.502,0.858,4.91,1.43,-10.44
318120.265000,-0.236,-0.507,0.862,4.67,1.89,-10.53
318120.265000,-0.232,-0.51,0.865,6.23,2.56,-10.8
318120.296000,-0.234,-0.5,0.862,7.9,2.44,-11.87
318120.296000,-0.235,-0.492,0.855,8.67,2.23,-12.76
318120.296000,-0.237,-0.485,0.848,8.58,2.32,-13.25
318120.296000,-0.238,-0.481,0.848,8.03,2.9,-13.03
318120.312000,-0.238,-0.48,0.854,7.57,3.81,-12.57
318120.328000,-0.24,-0.477,0.857,6.84,4.33,-12.97
318120.328000,-0.246,-0.475,0.86,6.07,4.61,-13.46
318120.359000,-0.245,-0.477,0.865,5.68,4.61,-13.64
318120.359000,-0.244,-0.477,0.865,6.26,4.79,-13.64
318120.375000,-0.245,-0.474,0.866,6.87,5.01,-13.98
318120.390000,-0.244,-0.472,0.871,7.66,5.68,-14.19
318120.406000,-0.243,-0.468,0.869,8.48,5.95,-14.34
318120.406000,-0.243,-0.465,0.871,9.31,6.29,-14.16
318120.421000,-0.243,-0.463,0.875,9.8,6.78,-14.01
318120.421000,-0.24,-0.459,0.874,9.61,6.71,-13.95
318120.437000,-0.237,-0.454,0.875,9.0,6.65,-13.7
318120.437000,-0.232,-0.457,0.879,8.48,6.96,-13.31
318120.453000,-0.23,-0.456,0.881,8.48,7.32,-13.09
318120.468000,-0.232,-0.451,0.887,8.7,7.26,-12.7
318120.468000,-0.231,-0.453,0.89,8.79,7.02,-12.33
318120.484000,-0.227,-0.452,0.887,8.67,6.74,-11.87
318120.500000,-0.225,-0.447,0.886,8.12,6.53,-11.38
318120.500000,-0.227,-0.443,0.89,6.74,6.41,-10.71
318120.515000,-0.223,-0.45,0.893,5.65,6.38,-9.8
318120.515000,-0.22,-0.454,0.892,5.04,6.32,-9.25
318120.531000,-0.226,-0.452,0.893,4.24,5.86,-8.97
318120.546000,-0.225,-0.453,0.893,3.02,5.25,-8.67
318120.546000,-0.223,-0.459,0.894,2.35,5.04,-8.03
318120.562000,-0.222,-0.461,0.897,1.89,4.91,-7.72
318120.578000,-0.22,-0.463,0.896,1.8,4.85,-7.32
318120.578000,-0.219,-0.459,0.892,1.43,4.46,-7.35
318120.593000,-0.221,-0.46,0.89,0.82,3.94,-7.2
318120.593000,-0.22,-0.464,0.894,0.03,3.72,-7.02
318120.609000,-0.222,-0.465,0.893,-0.27,3.42,-6.78
318120.625000,-0.221,-0.46,0.89,-0.37,2.81,-6.84
318120.625000,-0.221,-0.46,0.888,-0.4,2.41,-6.68
318120.640000,-0.218,-0.461,0.884,-0.15,2.66,-6.1
318120.656000,-0.221,-0.458,0.881,-0.31,2.84,-5.92
318120.671000,-0.223,-0.454,0.878,-0.95,2.75,-5.74
318120.671000,-0.222,-0.455,0.876,-1.46,2.78,-4.91
318120.671000,-0.22,-0.456,0.879,-1.74,2.84,-4.24
318120.687000,-0.22,-0.459,0.882,-1.71,3.08,-3.91
318120.703000,-0.222,-0.458,0.882,-1.53,3.08,-3.63
318120.703000,-0.221,-0.458,0.881,-1.83,2.84,-3.14
318120.718000,-0.219,-0.461,0.883,-1.83,2.9,-2.56
318120.734000,-0.22,-0.463,0.886,-1.89,2.93,-2.17
318120.734000,-0.219,-0.466,0.89,-1.62,2.04,-1.98
318120.750000,-0.22,-0.464,0.888,-1.8,1.46,-2.08
318120.750000,-0.216,-0.461,0.888,-1.89,0.98,-1.77
318120.765000,-0.214,-0.463,0.887,-1.34,0.92,-1.98
318120.781000,-0.214,-0.461,0.888,-0.55,0.79,-2.32
318120.796000,-0.216,-0.451,0.883,-0.06,0.18,-2.17
318120.812000,-0.213,-0.45,0.881,0.21,-0.09,-1.77
318120.812000,-0.216,-0.448,0.886,0.31,-0.15,-1.4
318120.812000,-0.221,-0.447,0.887,0.21,-0.24,-1.25
318120.828000,-0.22,-0.445,0.888,0.18,-0.31,-0.64
318120.828000,-0.219,-0.445,0.888,0.24,-0.85,-0.03
318120.859000,-0.218,-0.445,0.891,0.03,-1.16,0.31
318120.859000,-0.218,-0.445,0.891,0.03,-1.71,0.79
318120.859000,-0.217,-0.445,0.89,-0.06,-2.11,1.37
318120.875000,-0.216,-0.446,0.889,0.03,-2.38,1.68
318120.906000,-0.215,-0.447,0.889,0.27,-2.59,2.04
318120.906000,-0.214,-0.447,0.887,0.46,-2.93,2.38
318120.921000,-0.212,-0.447,0.884,0.46,-3.14,2.56
318120.921000,-0.212,-0.446,0.885,0.49,-3.27,3.02
318120.921000,-0.212,-0.448,0.884,0.49,-3.33,3.42
318120.937000,-0.211,-0.448,0.885,0.58,-3.33,3.72
318120.937000,-0.211,-0.447,0.885,0.61,-3.39,4.03
318120.953000,-0.21,-0.447,0.882,0.52,-3.54,4.43
318120.984000,-0.209,-0.448,0.885,0.4,-3.57,4.88
318120.984000,-0.209,-0.449,0.885,0.37,-3.36,5.22
318121.000000,-0.212,-0.449,0.887,0.21,-3.51,5.52
318121.000000,-0.214,-0.446,0.886,0.37,-3.6,5.92
318121.015000,-0.214,-0.445,0.889,0.37,-3.63,6.32
318121.031000,-0.215,-0.446,0.889,0.21,-3.78,6.81
318121.031000,-0.217,-0.447,0.888,-0.21,-3.94,7.2
318121.046000,-0.216,-0.447,0.89,-0.43,-4.24,7.54
318121.062000,-0.217,-0.45,0.889,-0.67,-4.46,7.75
318121.062000,-0.218,-0.451,0.891,-0.85,-4.67,8.03
318121.078000,-0.22,-0.452,0.891,-1.31,-5.01,8.09
318121.078000,-0.222,-0.452,0.89,-1.65,-5.31,8.3
318121.093000,-0.219,-0.457,0.887,-1.62,-5.25,8.76
318121.109000,-0.222,-0.458,0.885,-1.5,-5.37,8.7
318121.109000,-0.225,-0.461,0.887,-1.77,-5.52,8.55
318121.125000,-0.226,-0.466,0.89,-1.43,-5.4,8.42
318121.140000,-0.226,-0.467,0.889,-1.19,-5.74,8.15
318121.140000,-0.226,-0.467,0.888,-0.7,-6.07,7.66
318121.156000,-0.227,-0.463,0.883,-0.37,-6.16,7.42
318121.156000,-0.228,-0.46,0.878,-0.43,-6.07,7.29
318121.171000,-0.227,-0.459,0.876,-0.55,-5.68,7.2
318121.187000,-0.228,-0.458,0.875,-0.61,-5.28,7.2
318121.187000,-0.231,-0.457,0.871,-0.7,-4.76,7.23
318121.203000,-0.234,-0.456,0.873,-0.92,-4.61,7.39
318121.203000,-0.236,-0.458,0.875,-0.95,-4.49,7.51
318121.218000,-0.236,-0.46,0.876,-0.85,-4.27,7.6
318121.234000,-0.236,-0.463,0.877,-0.92,-4.21,7.63
318121.234000,-0.235,-0.466,0.879,-0.92,-4.36,7.57
318121.250000,-0.235,-0.465,0.879,-1.01,-4.46,7.39
318121.265000,-0.234,-0.467,0.874,-1.37,-4.55,7.29
318121.281000,-0.233,-0.469,0.871,-1.56,-4.33,7.17
318121.281000,-0.233,-0.472,0.872,-1.59,-4.03,6.87
318121.281000,-0.235,-0.475,0.871,-1.56,-4.03,6.53
318121.312000,-0.23,-0.478,0.87,-1.13,-3.75,6.13
318121.312000,-0.23,-0.48,0.87,-0.4,-3.33,5.65
318121.328000,-0.231,-0.478,0.869,0.18,-2.99,5.04
318121.328000,-0.231,-0.475,0.867,1.01,-2.59,4.64
318121.343000,-0.233,-0.474,0.865,1.28,-2.14,4.3
318121.343000,-0.235,-0.472,0.867,0.95,-1.65,4.18
318121.359000,-0.238,-0.471,0.871,0.24,-1.16,4.03
318121.359000,-0.24,-0.472,0.876,-0.37,-0.82,4.06
318121.390000,-0.237,-0.476,0.875,-0.89,-0.79,4.09
318121.390000,-0.234,-0.479,0.876,-0.82,-0.7,3.94
318121.390000,-0.232,-0.48,0.875,-0.31,-0.73,3.63
318121.406000,-0.228,-0.478,0.871,0.49,-0.7,3.33
318121.421000,-0.226,-0.476,0.869,0.85,-0.4,3.05
318121.421000,-0.224,-0.475,0.868,0.79,0.03,2.69
318121.437000,-0.223,-0.474,0.868,0.76,0.52,2.26
318121.453000,-0.222,-0.47,0.871,0.64,1.07,1.86
318121.468000,-0.223,-0.467,0.875,0.73,1.43,1.59
318121.468000,-0.225,-0.467,0.881,0.92,1.74,1.16
318121.484000,-0.226,-0.462,0.887,1.22,1.83,0.92
318121.484000,-0.229,-0.46,0.89,1.62,1.8,0.67
318121.484000,-0.231,-0.46,0.893,1.62,1.68,0.37
318121.500000,-0.232,-0.456,0.892,1.43,1.16,0.27
318121.531000,-0.231,-0.451,0.892,1.04,0.76,0.4
318121.531000,-0.229,-0.451,0.893,0.55,0.67,0.58
318121.546000,-0.228,-0.449,0.895,0.03,0.67,0.64
318121.562000,-0.228,-0.45,0.894,-0.37,0.49,0.67
318121.562000,-0.228,-0.453,0.893,-0.52,0.24,0.73
318121.578000,-0.227,-0.452,0.893,-0.58,0.09,0.7
318121.578000,-0.226,-0.448,0.887,-0.67,-0.37,0.95
318121.593000,-0.224,-0.45,0.884,-1.13,-0.46,1.4
318121.609000,-0.225,-0.451,0.879,-1.77,-0.4,1.43
318121.609000,-0.224,-0.454,0.877,-2.26,-0.18,1.53
318121.625000,-0.223,-0.459,0.878,-2.35,0.18,1.71
318121.640000,-0.224,-0.463,0.878,-2.17,0.37,1.68
318121.656000,-0.226,-0.464,0.875,-1.83,0.43,1.37
318121.656000,-0.228,-0.465,0.872,-1.68,0.58,1.07
318121.671000,-0.229,-0.465,0.871,-1.77,0.73,1.01
318121.671000,-0.23,-0.469,0.871,-1.77,0.76,0.89
318121.687000,-0.231,-0.469,0.871,-1.74,1.04,0.79
318121.687000,-0.232,-0.469,0.874,-1.46,1.28,0.76
318121.703000,-0.234,-0.472,0.875,-1.07,1.62,0.58
318121.718000,-0.233,-0.471,0.872,-0.98,1.8,0.58
318121.718000,-0.232,-0.471,0.876,-0.64,2.08,0.52
318121.734000,-0.231,-0.474,0.875,-0.64,1.8,0.37
318121.734000,-0.232,-0.473,0.877,-0.34,1.8,0.06
318121.750000,-0.231,-0.472,0.877,0.27,1.95,-0.34
318121.765000,-0.229,-0.469,0.878,0.52,1.77,-0.49
318121.765000,-0.227,-0.469,0.876,0.67,1.8,-0.64
318121.781000,-0.226,-0.465,0.873,0.61,2.04,-0.79
318121.796000,-0.227,-0.459,0.876,0.43,2.41,-0.73
318121.796000,-0.227,-0.455,0.88,0.18,2.69,-0.55
318121.812000,-0.227,-0.454,0.884,0.03,2.81,-0.37
318121.812000,-0.23,-0.453,0.888,0.09,2.72,-0.21
318121.828000,-0.227,-0.453,0.891,0.27,2.35,-0.21
318121.843000,-0.226,-0.45,0.893,0.43,1.86,-0.21
318121.843000,-0.225,-0.447,0.891,0.24,1.31,-0.03
318121.859000,-0.224,-0.445,0.886,-0.06,1.1,0.34
318121.875000,-0.222,-0.443,0.887,-0.46,1.19,0.55
318121.890000,-0.222,-0.441,0.887,-0.61,1.22,0.85
318121.890000,-0.22,-0.441,0.887,-0.73,1.4,1.22
318121.906000,-0.223,-0.441,0.887,-1.28,1.59,1.68
318121.921000,-0.226,-0.445,0.893,-1.56,1.31,1.92
318121.921000,-0.226,-0.45,0.898,-1.31,0.92,1.98
318121.937000,-0.227,-0.452,0.899,-0.98,0.27,1.74
318121.937000,-0.227,-0.451,0.898,-0.06,-0.34,1.37
318121.953000,-0.224,-0.449,0.892,0.64,-0.89,1.28
318121.968000,-0.224,-0.444,0.887,1.07,-1.04,1.31
318121.984000,-0.224,-0.444,0.886,1.16,-0.73,1.53
318121.984000,-0.223,-0.444,0.885,0.95,-0.37,1.92
318122.000000,-0.227,-0.444,0.881,0.12,-0.37,2.29
318122.000000,-0.228,-0.445,0.881,-0.98,-0.37,2.69
318122.015000,-0.228,-0.45,0.885,-1.77,-0.52,3.23
318122.031000,-0.229,-0.455,0.888,-2.23,-0.79,3.66
318122.031000,-0.23,-0.46,0.89,-2.32,-0.95,3.88
318122.046000,-0.232,-0.462,0.89,-2.04,-1.22,3.81
318122.062000,-0.232,-0.464,0.888,-1.59,-1.86,3.66
318122.062000,-0.229,-0.463,0.884,-1.13,-2.41,3.72
318122.078000,-0.225,-0.463,0.873,-1.01,-2.66,3.85
318122.093000,-0.226,-0.461,0.879,-1.13,-2.56,3.91
318122.093000,-0.224,-0.46,0.867,-0.98,-2.44,4.03
318122.109000,-0.223,-0.454,0.867,-1.37,-1.98,4.33
318122.109000,-0.225,-0.456,0.871,-1.37,-0.98,4.82
318122.125000,-0.227,-0.458,0.872,-1.98,-0.52,5.16
318122.140000,-0.23,-0.463,0.875,-2.17,-0.09,5.22
318122.140000,-0.232,-0.469,0.883,-2.38,0.4,5.22
318122.156000,-0.235,-0.471,0.889,-2.56,0.37,5.13
318122.171000,-0.237,-0.477,0.894,-2.38,-0.03,4.73
318122.171000,-0.24,-0.481,0.896,-2.2,-0.49,4.15
318122.187000,-0.239,-0.483,0.893,-2.08,-1.07,3.57
318122.203000,-0.238,-0.483,0.888,-2.01,-1.77,2.87
318122.203000,-0.238,-0.482,0.882,-1.83,-2.29,2.17
318122.218000,-0.237,-0.483,0.874,-1.77,-2.32,1.71
318122.234000,-0.239,-0.485,0.87,-1.89,-2.14,0.95
318122.234000,-0.239,-0.485,0.866,-1.65,-1.53,0.31
318122.250000,-0.239,-0.486,0.866,-0.98,-0.95,-0.4
318122.265000,-0.241,-0.485,0.869,-0.31,-0.64,-1.25
318122.265000,-0.241,-0.481,0.865,0.64,-0.46,-2.08
318122.265000,-0.243,-0.475,0.865,1.1,-0.4,-2.72
318122.281000,-0.243,-0.472,0.863,1.07,-0.24,-3.05
318122.296000,-0.243,-0.469,0.859,0.85,0.0,-3.27
318122.296000,-0.242,-0.466,0.86,0.52,0.34,-3.48
318122.312000,-0.243,-0.465,0.862,0.27,0.89,-3.94
318122.328000,-0.241,-0.464,0.865,0.76,0.92,-4.12
318122.328000,-0.242,-0.461,0.866,1.37,0.92,-4.24
318122.343000,-0.242,-0.459,0.864,1.86,1.19,-4.39
318122.359000,-0.241,-0.457,0.866,2.14,1.34,-4.55
318122.359000,-0.241,-0.453,0.865,2.56,1.53,-4.61
318122.375000,-0.24,-0.449,0.872,3.23,1.98,-4.79
318122.390000,-0.238,-0.445,0.876,4.06,2.11,-4.94
318122.390000,-0.238,-0.443,0.875,4.52,2.11,-4.85
318122.406000,-0.239,-0.439,0.877,4.52,2.14,-4.67
318122.406000,-0.239,-0.438,0.881,4.39,2.08,-4.43
318122.421000,-0.237,-0.438,0.885,3.97,2.01,-4.0
318122.421000,-0.238,-0.441,0.89,3.81,1.59,-3.39
318122.437000,-0.239,-0.445,0.891,3.94,1.25,-2.9
318122.453000,-0.236,-0.443,0.889,3.94,0.92,-2.47
318122.453000,-0.233,-0.443,0.886,4.09,0.31,-1.77
318122.468000,-0.23,-0.445,0.881,3.94,0.27,-1.19
318122.484000,-0.226,-0.449,0.879,3.51,0.34,-0.55
318122.484000,-0.223,-0.454,0.879,3.11,0.7,0.06
318122.500000,-0.22,-0.459,0.88,2.93,1.04,0.4
318122.500000,-0.22,-0.464,0.884,2.93,1.16,0.55
318122.515000,-0.22,-0.469,0.887,2.99,1.28,0.43
318122.531000,-0.221,-0.471,0.889,3.23,0.92,0.37
318122.546000,-0.221,-0.471,0.892,3.33,0.58,0.4
318122.562000,-0.22,-0.474,0.894,3.36,0.49,0.31
318122.562000,-0.219,-0.47,0.894,3.23,0.27,0.0
318122.578000,-0.22,-0.471,0.896,3.08,-0.12,-0.09
318122.593000,-0.22,-0.472,0.9,2.69,-0.4,-0.24
318122.593000,-0.22,-0.468,0.9,2.29,-0.82,-0.58
318122.609000,-0.218,-0.467,0.899,2.14,-1.4,-0.79
318122.609000,-0.216,-0.463,0.897,2.26,-1.62,-1.07
318122.625000,-0.217,-0.458,0.894,2.32,-1.83,-1.31
318122.625000,-0.217,-0.453,0.891,2.5,-1.95,-1.28
318122.640000,-0.215,-0.449,0.889,2.38,-2.11,-1.25
318122.656000,-0.218,-0.446,0.891,2.2,-2.11,-1.37
318122.656000,-0.218,-0.442,0.89,2.14,-2.01,-1.37
318122.671000,-0.219,-0.439,0.89,2.17,-2.26,-1.28
318122.687000,-0.221,-0.437,0.889,2.38,-2.32,-1.04
318122.703000,-0.223,-0.435,0.884,2.44,-2.26,-0.92
318122.703000,-0.225,-0.431,0.886,2.01,-2.08,-0.7
318122.718000,-0.228,-0.428,0.888,1.46,-1.86,-0.34
318122.718000,-0.229,-0.428,0.887,0.98,-1.89,0.15
318122.734000,-0.232,-0.428,0.888,0.46,-2.08,0.58
318122.750000,-0.233,-0.426,0.887,0.0,-2.29,0.82
318122.750000,-0.231,-0.427,0.886,0.4,-2.01,1.4
318122.765000,-0.233,-0.429,0.884,0.64,-1.74,1.92
318122.781000,-0.235,-0.428,0.884,0.52,-1.25,2.14
318122.781000,-0.238,-0.431,0.886,0.4,-1.01,2.69
318122.796000,-0.236,-0.435,0.886,-0.06,-0.98,3.14
318122.796000,-0.234,-0.441,0.883,-0.21,-1.1,3.51
318122.812000,-0.229,-0.442,0.883,0.06,-1.04,3.75
318122.828000,-0.228,-0.444,0.881,0.49,-0.95,3.91
318122.843000,-0.227,-0.446,0.878,0.61,-0.95,4.03
318122.843000,-0.223,-0.447,0.874,0.61,-1.04,4.39
318122.843000,-0.218,-0.449,0.873,0.73,-0.4,4.82
318122.859000,-0.219,-0.453,0.874,0.43,0.18,4.85
318122.859000,-0.216,-0.458,0.881,0.21,0.58,4.85
318122.890000,-0.218,-0.465,0.886,0.55,0.76,4.55
318122.890000,-0.219,-0.464,0.891,1.04,0.43,3.78
318122.906000,-0.222,-0.463,0.893,1.56,0.0,3.17
318122.921000,-0.221,-0.457,0.892,2.35,-0.37,2.56
318122.937000,-0.219,-0.452,0.889,2.84,-0.31,2.35
318122.937000,-0.223,-0.444,0.888,2.69,-0.03,2.29
318122.937000,-0.224,-0.445,0.894,2.38,0.37,2.5
318122.953000,-0.226,-0.447,0.901,2.29,0.4,2.29
318122.968000,-0.227,-0.445,0.904,2.59,-0.31,1.95
318122.968000,-0.227,-0.44,0.901,3.2,-1.4,1.77
318122.984000,-0.227,-0.435,0.89,3.85,-1.95,1.8
318123.000000,-0.221,-0.427,0.88,3.66,-2.08,1.74
318123.015000,-0.219,-0.42,0.876,3.27,-1.71,1.89
318123.015000,-0.218,-0.418,0.878,2.62,-0.85,2.32
318123.031000,-0.218,-0.417,0.884,2.47,0.46,2.99
318123.031000,-0.221,-0.413,0.884,2.38,0.64,3.3
318123.046000,-0.222,-0.413,0.888,2.23,0.52,3.94
318123.062000,-0.223,-0.415,0.895,2.01,0.52,4.33
318123.062000,-0.223,-0.416,0.903,1.98,0.82,4.73
318123.078000,-0.225,-0.423,0.912,2.75,1.25,5.1
318123.078000,-0.231,-0.419,0.92,3.39,1.28,4.91
318123.093000,-0.237,-0.417,0.92,3.39,0.73,5.1
318123.109000,-0.236,-0.42,0.924,2.17,0.12,5.65
318123.109000,-0.237,-0.425,0.923,0.09,-0.67,6.23
318123.125000,-0.241,-0.429,0.921,-2.38,-1.59,6.2
318123.140000,-0.238,-0.436,0.923,-3.63,-1.98,6.13
318123.140000,-0.235,-0.445,0.921,-3.78,-2.59,5.92
318123.156000,-0.215,-0.454,0.909,-2.81,-1.71,5.55
318123.171000,-0.239,-0.433,0.897,-5.65,-3.94,3.33
318123.171000,-0.272,-0.444,0.903,-6.29,-4.36,3.45
318123.187000,-0.219,-0.468,0.91,-4.94,-4.21,5.8
318123.187000,-0.185,-0.491,0.908,2.47,0.67,6.53
318123.203000,-0.241,-0.427,0.876,-1.25,-3.27,1.13
318123.218000,-0.242,-0.446,0.857,-6.81,-4.49,1.16
318123.218000,-0.233,-0.474,0.884,-9.98,-3.69,2.2
318123.234000,-0.245,-0.473,0.895,-9.83,-3.48,2.59
318123.234000,-0.265,-0.46,0.898,-6.78,-4.46,2.32
318123.250000,-0.234,-0.469,0.901,-0.61,-2.78,2.78
318123.265000,-0.239,-0.455,0.876,3.11,-3.02,1.25
318123.265000,-0.258,-0.438,0.86,2.35,-3.48,0.15
318123.281000,-0.255,-0.439,0.855,0.24,-3.14,0.67
318123.281000,-0.244,-0.441,0.861,-1.77,-1.83,0.92
318123.296000,-0.241,-0.445,0.868,-2.44,-0.82,0.61
318123.312000,-0.24,-0.442,0.872,-1.37,-0.4,-0.12
318123.312000,-0.238,-0.437,0.867,0.85,0.09,-0.55
318123.343000,-0.24,-0.431,0.86,1.89,0.0,-0.58
318123.343000,-0.234,-0.428,0.859,2.93,1.22,-0.12
318123.343000,-0.234,-0.416,0.862,3.45,2.32,0.15
318123.375000,-0.233,-0.413,0.864,2.75,3.39,0.89
318123.375000,-0.232,-0.419,0.871,1.83,4.97,1.98
318123.390000,-0.233,-0.423,0.876,1.22,6.47,2.59
318123.390000,-0.237,-0.423,0.885,0.34,7.11,3.14
318123.406000,-0.237,-0.432,0.891,-1.07,7.11,4.0
318123.421000,-0.235,-0.439,0.897,-3.23,7.29,4.39
318123.421000,-0.232,-0.448,0.905,-5.4,7.29,4.36
318123.437000,-0.236,-0.456,0.909,-7.26,6.59,4.3
318123.453000,-0.233,-0.467,0.911,-8.12,5.98,4.12
318123.468000,-0.231,-0.475,0.912,-8.18,5.89,3.51
318123.468000,-0.232,-0.479,0.913,-8.51,5.62,2.56
318123.484000,-0.235,-0.481,0.909,-8.91,4.85,1.46
318123.484000,-0.23,-0.485,0.904,-9.16,4.27,0.52
318123.484000,-0.227,-0.488,0.896,-9.22,4.27,-0.46
318123.500000,-0.229,-0.486,0.887,-10.41,4.73,-1.8
318123.515000,-0.24,-0.489,0.899,-12.27,4.7,-3.11
318123.531000,-0.244,-0.496,0.893,-13.28,4.15,-4.15
318123.531000,-0.251,-0.491,0.898,-12.33,4.15,-5.07
318123.546000,-0.256,-0.49,0.899,-9.67,3.69,-5.34
318123.562000,-0.253,-0.489,0.896,-6.13,3.14,-5.68
318123.562000,-0.25,-0.485,0.886,-2.72,2.93,-6.74
318123.578000,-0.252,-0.476,0.874,-1.1,2.41,-7.78
318123.578000,-0.248,-0.472,0.863,-0.64,2.17,-8.42
318123.609000,-0.245,-0.468,0.855,-0.64,2.08,-9.09
318123.609000,-0.242,-0.462,0.845,-0.31,2.32,-9.77
318123.609000,-0.239,-0.458,0.84,0.82,3.17,-10.38
318123.625000,-0.241,-0.455,0.837,2.23,3.94,-10.56
318123.640000,-0.242,-0.451,0.833,3.72,4.39,-10.9
318123.640000,-0.233,-0.446,0.829,5.58,5.34,-11.11
318123.656000,-0.233,-0.441,0.823,7.08,6.47,-11.2
318123.671000,-0.232,-0.44,0.826,6.44,7.6,-11.32
318123.671000,-0.232,-0.445,0.833,4.73,8.64,-11.32
318123.687000,-0.232,-0.449,0.839,2.35,9.13,-11.14
318123.687000,-0.241,-0.456,0.849,0.43,8.27,-10.83
318123.703000,-0.238,-0.469,0.865,-0.03,7.48,-10.16
318123.718000,-0.231,-0.479,0.872,1.43,7.32,-9.77
318123.718000,-0.23,-0.479,0.87,3.27,7.2,-10.01
318123.734000,-0.231,-0.475,0.865,4.0,6.68,-10.22
318123.750000,-0.225,-0.478,0.86,3.02,6.53,-9.98
318123.750000,-0.22,-0.486,0.859,1.46,6.32,-9.52
318123.765000,-0.215,-0.49,0.866,-0.15,6.16,-9.49
318123.781000,-0.21,-0.5,0.876,0.24,6.13,-9.52
318123.796000,-0.208,-0.505,0.878,2.47,5.89,-9.95
318123.796000,-0.204,-0.501,0.872,5.52,5.74,-10.71
318123.796000,-0.199,-0.496,0.861,8.51,5.46,-11.2
318123.812000,-0.187,-0.486,0.846,10.35,5.55,-11.41
318123.828000,-0.174,-0.479,0.828,10.99,6.01,-11.41
318123.843000,-0.157,-0.468,0.8,9.86,5.83,-11.2
318123.843000,-0.136,-0.464,0.778,8.12,6.68,-10.44
318123.859000,-0.125,-0.461,0.755,5.86,8.15,-9.43
318123.859000,-0.117,-0.458,0.739,3.69,10.8,-8.51
318123.875000,-0.116,-0.465,0.734,3.97,14.98,-7.39
318123.890000,-0.122,-0.464,0.737,7.54,23.59,-5.98
318123.890000,-0.134,-0.469,0.745,9.8,28.05,-5.46
318123.906000,-0.149,-0.471,0.758,9.37,31.62,-5.13
318123.921000,-0.174,-0.465,0.765,6.16,34.21,-4.55
318123.921000,-0.197,-0.469,0.782,3.2,37.32,-4.88
318123.937000,-0.221,-0.481,0.817,1.68,39.98,-6.2
318123.953000,-0.276,-0.496,0.915,3.08,41.02,-7.26
318123.953000,-0.3,-0.509,0.977,8.06,41.05,-8.45
318123.968000,-0.324,-0.52,1.036,17.03,39.55,-9.86
318123.984000,-0.347,-0.515,1.069,27.53,36.1,-11.75
318123.984000,-0.368,-0.489,1.067,36.26,30.4,-13.49
318124.000000,-0.38,-0.457,1.042,39.55,23.62,-14.01
318124.015000,-0.371,-0.424,1.0,35.52,18.52,-13.28
318124.015000,-0.366,-0.4,0.994,25.64,15.29,-12.33
318124.015000,-0.368,-0.397,0.982,13.15,12.48,-11.29
318124.031000,-0.365,-0.401,0.983,0.85,9.95,-9.89
318124.046000,-0.36,-0.407,0.994,-6.56,8.27,-8.06
318124.046000,-0.352,-0.417,1.002,-9.95,5.92,-6.35
318124.062000,-0.356,-0.426,1.012,-10.16,2.59,-5.37
318124.062000,-0.352,-0.442,1.012,-7.87,-1.56,-4.82
318124.078000,-0.348,-0.446,1.012,-4.61,-5.86,-4.67
318124.093000,-0.343,-0.446,0.995,-0.55,-9.7,-4.46
318124.093000,-0.336,-0.435,0.963,1.19,-13.25,-4.18
318124.109000,-0.325,-0.428,0.931,-1.22,-16.48,-3.69
318124.125000,-0.31,-0.431,0.904,-6.62,-18.98,-2.69
318124.140000,-0.299,-0.443,0.892,-12.05,-19.59,-1.95
318124.140000,-0.285,-0.454,0.889,-15.84,-19.07,-1.86
318124.140000,-0.274,-0.471,0.891,-16.75,-17.94,-2.26
318124.171000,-0.276,-0.477,0.895,-16.02,-17.18,-3.72
318124.171000,-0.275,-0.48,0.901,-13.03,-16.69,-5.25
318124.187000,-0.271,-0.481,0.899,-8.73,-16.79,-6.59
318124.203000,-0.271,-0.471,0.886,-5.62,-17.58,-7.63
318124.203000,-0.267,-0.459,0.876,-4.3,-17.88,-8.33
318124.218000,-0.264,-0.454,0.868,-4.91,-17.98,-8.67
318124.234000,-0.263,-0.455,0.861,-6.59,-17.98,-8.67
318124.234000,-0.261,-0.456,0.859,-8.06,-17.58,-8.64
318124.250000,-0.256,-0.455,0.861,-8.42,-16.97,-8.76
318124.250000,-0.254,-0.456,0.859,-7.84,-16.42,-8.82
318124.265000,-0.25,-0.463,0.861,-6.74,-15.66,-9.03
318124.281000,-0.249,-0.464,0.862,-5.04,-15.05,-9.64
318124.281000,-0.252,-0.46,0.865,-3.36,-14.86,-10.25
318124.296000,-0.252,-0.455,0.863,-1.56,-14.62,-10.44
318124.296000,-0.248,-0.449,0.858,-0.21,-14.34,-10.13
318124.312000,-0.24,-0.447,0.854,0.31,-13.46,-9.7
318124.328000,-0.231,-0.445,0.848,-1.01,-12.51,-9.22
318124.343000,-0.227,-0.447,0.844,-3.36,-11.51,-9.06
318124.343000,-0.227,-0.449,0.848,-5.89,-10.44,-9.28
318124.359000,-0.225,-0.455,0.854,-7.39,-9.22,-9.19
318124.359000,-0.22,-0.461,0.857,-8.09,-8.51,-8.91
318124.375000,-0.219,-0.462,0.852,-8.51,-8.09,-8.51
318124.390000,-0.219,-0.46,0.847,-9.64,-7.63,-8.15
318124.390000,-0.221,-0.466,0.852,-10.83,-6.93,-7.66
318124.406000,-0.222,-0.478,0.866,-10.32,-5.49,-7.2
318124.406000,-0.224,-0.482,0.873,-8.97,-4.79,-7.42
318124.421000,-0.227,-0.481,0.866,-7.97,-5.01,-7.75
318124.437000,-0.229,-0.476,0.859,-8.0,-5.28,-7.72
318124.437000,-0.226,-0.48,0.857,-8.76,-5.28,-7.54
318124.453000,-0.222,-0.492,0.863,-9.34,-4.67,-7.63
318124.453000,-0.221,-0.502,0.872,-8.82,-3.78,-8.21
318124.468000,-0.223,-0.504,0.873,-7.54,-3.69,-9.13
318124.484000,-0.218,-0.506,0.876,-5.55,-4.49,-9.7
318124.500000,-0.209,-0.505,0.866,-3.39,-5.46,-10.19
318124.500000,-0.206,-0.497,0.856,-2.32,-5.95,-10.74
318124.515000,-0.206,-0.495,0.856,-2.01,-5.89,-11.23
318124.515000,-0.209,-0.49,0.858,-1.89,-5.68,-11.96
318124.531000,-0.209,-0.489,0.861,-0.49,-4.97,-12.09
318124.531000,-0.209,-0.482,0.862,1.4,-4.24,-12.02
318124.546000,-0.215,-0.477,0.869,2.78,-3.33,-11.87
318124.562000,-0.213,-0.471,0.874,3.51,-3.11,-11.6
318124.578000,-0.214,-0.467,0.871,3.72,-3.88,-11.11
318124.593000,-0.213,-0.464,0.868,3.39,-4.39,-10.68
318124.593000,-0.212,-0.458,0.87,2.84,-4.67,-10.56
318124.609000,-0.213,-0.455,0.874,2.66,-4.55,-10.5
318124.625000,-0.215,-0.452,0.876,2.81,-4.09,-10.16
318124.625000,-0.213,-0.446,0.874,3.51,-4.06,-9.86
318124.640000,-0.214,-0.437,0.872,4.03,-4.03,-9.55
318124.656000,-0.209,-0.429,0.872,4.3,-3.88,-8.76
318124.656000,-0.204,-0.423,0.871,4.0,-3.85,-7.57
318124.671000,-0.206,-0.423,0.869,3.05,-3.78,-6.41
318124.671000,-0.206,-0.426,0.872,1.98,-3.57,-5.19
318124.687000,-0.203,-0.426,0.874,1.22,-3.39,-3.91
318124.703000,-0.198,-0.43,0.875,0.7,-3.54,-2.72
318124.703000,-0.198,-0.433,0.876,0.76,-3.63,-1.83
318124.718000,-0.202,-0.432,0.872,0.7,-3.66,-1.22
318124.734000,-0.204,-0.428,0.872,0.46,-3.54,-0.49
318124.734000,-0.206,-0.426,0.877,0.55,-3.11,0.27
318124.750000,-0.207,-0.431,0.881,0.67,-3.02,1.31
318124.750000,-0.205,-0.434,0.882,0.76,-3.11,2.2
318124.765000,-0.202,-0.436,0.886,1.25,-3.3,2.9
318124.781000,-0.198,-0.439,0.888,1.68,-3.6,3.48
318124.781000,-0.199,-0.439,0.885,2.08,-3.75,3.85
318124.796000,-0.198,-0.44,0.884,2.5,-3.78,4.03
318124.812000,-0.196,-0.441,0.881,2.44,-3.91,4.49
318124.812000,-0.194,-0.446,0.881,1.98,-3.97,5.07
318124.828000,-0.192,-0.453,0.884,1.53,-4.03,5.46
318124.828000,-0.191,-0.455,0.882,1.43,-4.15,5.58
318124.843000,-0.191,-0.46,0.88,1.92,-4.06,5.71
318124.859000,-0.192,-0.463,0.882,2.72,-3.81,5.71
318124.859000,-0.192,-0.46,0.877,3.27,-3.85,5.58
318124.875000,-0.193,-0.458,0.871,3.27,-3.91,5.77
318124.890000,-0.191,-0.461,0.865,2.41,-3.66,6.35
318124.890000,-0.191,-0.463,0.865,1.4,-3.27,6.9
318124.906000,-0.196,-0.465,0.865,0.46,-2.78,7.14
318124.906000,-0.201,-0.474,0.864,-0.31,-2.38,7.48
318124.921000,-0.2,-0.482,0.867,-0.82,-2.38,7.63
318124.937000,-0.199,-0.485,0.87,-0.52,-2.41,7.42
318124.937000,-0.202,-0.488,0.869,0.18,-2.66,7.11
318124.953000,-0.2,-0.493,0.867,1.22,-2.84,7.05
318124.953000,-0.195,-0.495,0.859,2.38,-2.59,6.93
318124.968000,-0.196,-0.494,0.854,2.29,-2.14,6.59
318124.984000,-0.203,-0.495,0.855,1.53,-1.95,6.16
318125.000000,-0.199,-0.499,0.853,1.25,-1.59,5.77
318125.000000,-0.197,-0.498,0.846,1.13,-1.5,5.37
318125.000000,-0.193,-0.493,0.843,0.73,-1.07,4.94
318125.015000,-0.191,-0.491,0.84,0.4,0.24,4.43
318125.031000,-0.195,-0.491,0.842,-0.27,1.16,4.0
318125.031000,-0.201,-0.494,0.847,0.0,1.95,3.91
318125.046000,-0.2,-0.492,0.851,1.04,2.66,4.03
318125.062000,-0.195,-0.496,0.854,2.66,3.81,4.43
318125.078000,-0.198,-0.494,0.851,3.14,4.15,4.03
318125.093000,-0.198,-0.496,0.851,2.62,4.61,3.48
318125.093000,-0.198,-0.501,0.851,1.5,4.67,3.08
318125.109000,-0.201,-0.501,0.855,0.76,4.73,2.56
318125.125000,-0.202,-0.5,0.86,0.89,5.31,2.11
318125.125000,-0.202,-0.501,0.863,1.1,5.89,1.92
318125.125000,-0.203,-0.5,0.862,1.4,6.68,1.31
318125.140000,-0.201,-0.497,0.862,1.65,7.26,1.01
318125.156000,-0.198,-0.499,0.864,1.89,7.54,1.16
318125.171000,-0.194,-0.502,0.865,1.65,7.93,0.95
318125.171000,-0.193,-0.507,0.871,1.65,8.42,0.58
318125.187000,-0.195,-0.509,0.873,1.92,8.7,-0.09
318125.203000,-0.195,-0.51,0.877,2.41,8.51,-0.7
318125.203000,-0.196,-0.51,0.879,3.08,8.09,-1.56
318125.218000,-0.198,-0.505,0.875,3.63,7.63,-2.32
318125.218000,-0.199,-0.504,0.872,3.57,7.66,-2.78
318125.234000,-0.197,-0.506,0.875,3.14,8.09,-3.23
318125.250000,-0.197,-0.51,0.882,3.42,8.55,-3.6
318125.250000,-0.198,-0.511,0.886,4.33,8.82,-4.58
318125.265000,-0.198,-0.508,0.887,5.83,8.82,-5.58
318125.265000,-0.2,-0.506,0.891,7.48,8.61,-6.29
318125.281000,-0.203,-0.5,0.891,8.15,8.09,-7.11
318125.296000,-0.205,-0.493,0.89,8.24,7.81,-7.81
318125.312000,-0.205,-0.492,0.89,7.97,7.63,-8.24
318125.312000,-0.202,-0.489,0.891,7.48,7.57,-8.51
318125.312000,-0.198,-0.486,0.891,7.02,7.57,-8.82
318125.328000,-0.194,-0.484,0.891,6.74,7.35,-8.97
318125.343000,-0.195,-0.484,0.893,6.96,7.29,-9.13
318125.343000,-0.196,-0.48,0.893,7.48,7.51,-9.4
318125.359000,-0.198,-0.478,0.891,7.75,7.45,-9.58
318125.375000,-0.198,-0.477,0.888,7.75,6.96,-9.67
318125.390000,-0.196,-0.475,0.886,7.32,6.62,-9.92
318125.390000,-0.195,-0.473,0.884,6.44,6.44,-10.04
318125.406000,-0.192,-0.471,0.882,5.71,6.47,-10.22
318125.406000,-0.192,-0.468,0.885,5.43,7.08,-10.28
318125.421000,-0.194,-0.466,0.887,5.49,7.57,-10.25
318125.421000,-0.197,-0.463,0.889,6.23,7.84,-10.13
318125.437000,-0.199,-0.46,0.889,6.9,7.84,-9.98
318125.453000,-0.196,-0.46,0.888,6.93,7.75,-9.86
318125.468000,-0.198,-0.457,0.888,5.52,7.29,-9.92
318125.468000,-0.199,-0.455,0.887,4.79,7.17,-10.04
318125.484000,-0.197,-0.453,0.886,4.06,7.32,-10.04
318125.500000,-0.199,-0.449,0.885,3.72,7.75,-9.83
318125.500000,-0.199,-0.448,0.887,3.91,8.36,-9.58
318125.500000,-0.209,-0.446,0.895,4.3,8.15,-9.64
318125.515000,-0.209,-0.447,0.888,4.3,7.81,-9.25
318125.531000,-0.21,-0.448,0.89,4.21,8.0,-8.94
318125.546000,-0.214,-0.451,0.892,4.03,8.09,-8.97
318125.546000,-0.214,-0.453,0.894,4.03,7.54,-8.97
318125.546000,-0.21,-0.45,0.891,4.39,7.17,-9.16
318125.562000,-0.211,-0.449,0.885,4.39,6.9,-9.37
318125.578000,-0.21,-0.451,0.883,3.97,7.2,-9.19
318125.593000,-0.213,-0.451,0.885,3.48,7.69,-9.06
318125.609000,-0.214,-0.452,0.881,2.9,7.66,-9.03
318125.625000,-0.214,-0.458,0.879,2.47,7.51,-8.76
318125.625000,-0.212,-0.462,0.879,2.38,7.48,-8.82
318125.640000,-0.213,-0.462,0.876,2.53,7.72,-9.09
318125.640000,-0.217,-0.463,0.871,2.29,7.93,-9.16
318125.656000,-0.219,-0.469,0.867,1.77,8.39,-9.03
318125.671000,-0.222,-0.472,0.867,1.13,8.79,-9.34
318125.671000,-0.224,-0.477,0.865,0.89,9.09,-9.89
318125.687000,-0.227,-0.483,0.864,1.22,9.64,-10.32
318125.703000,-0.234,-0.489,0.866,1.89,10.28,-10.93
318125.703000,-0.244,-0.491,0.866,3.17,11.05,-11.87
318125.718000,-0.248,-0.5,0.864,4.64,11.51,-12.42
318125.718000,-0.247,-0.507,0.87,5.68,12.05,-13.67
318125.734000,-0.256,-0.524,0.874,7.51,12.94,-15.69
318125.750000,-0.259,-0.536,0.885,9.61,13.64,-18.49
318125.750000,-0.262,-0.545,0.9,13.15,14.16,-22.49
318125.765000,-0.255,-0.544,0.903,18.13,13.37,-27.04
318125.781000,-0.235,-0.528,0.896,24.41,11.93,-31.5
318125.781000,-0.222,-0.507,0.878,30.18,10.9,-35.16
318125.796000,-0.205,-0.485,0.862,33.94,11.26,-37.23
318125.812000,-0.2,-0.46,0.852,35.86,12.54,-38.79
318125.812000,-0.194,-0.438,0.853,35.74,14.71,-39.06
318125.828000,-0.188,-0.434,0.865,35.31,16.36,-38.21
318125.828000,-0.191,-0.426,0.876,34.18,17.09,-37.9
318125.843000,-0.192,-0.417,0.888,33.81,17.43,-37.42
318125.859000,-0.196,-0.405,0.895,33.36,17.18,-36.71
318125.859000,-0.198,-0.4,0.901,32.17,17.12,-35.55
318125.875000,-0.2,-0.391,0.911,30.09,17.33,-34.46
318125.875000,-0.202,-0.384,0.918,26.67,17.37,-33.17
318125.890000,-0.207,-0.382,0.932,22.77,17.37,-31.65
318125.906000,-0.211,-0.381,0.946,19.1,17.09,-30.24
318125.906000,-0.214,-0.386,0.955,15.87,16.05,-28.63
318125.921000,-0.215,-0.389,0.959,13.18,14.34,-27.62
318125.937000,-0.213,-0.39,0.965,11.78,12.82,-26.92
318125.937000,-0.214,-0.386,0.966,11.17,11.38,-26.46
318125.953000,-0.213,-0.385,0.959,10.8,9.86,-25.82
318125.953000,-0.211,-0.383,0.951,10.01,8.51,-24.9
318125.968000,-0.208,-0.381,0.945,8.85,7.51,-24.17
318125.984000,-0.205,-0.379,0.941,7.72,6.9,-23.47
318126.000000,-0.203,-0.38,0.936,6.59,6.44,-22.83
318126.000000,-0.206,-0.378,0.932,5.74,6.07,-22.37
318126.015000,-0.209,-0.378,0.931,5.25,5.83,-21.82
318126.015000,-0.212,-0.377,0.928,4.76,5.49,-21.33
318126.031000,-0.213,-0.381,0.927,4.58,5.13,-20.84
318126.031000,-0.211,-0.384,0.924,4.7,5.07,-20.42
318126.046000,-0.213,-0.386,0.923,4.73,4.88,-20.26
318126.046000,-0.214,-0.385,0.924,5.13,4.91,-20.48
318126.078000,-0.215,-0.382,0.923,5.98,5.07,-20.57
318126.078000,-0.219,-0.378,0.918,6.53,5.01,-20.51
318126.093000,-0.218,-0.373,0.918,6.65,4.85,-20.33
318126.093000,-0.217,-0.368,0.918,6.47,4.55,-20.08
318126.125000,-0.219,-0.361,0.916,6.1,4.3,-19.56
318126.125000,-0.217,-0.36,0.913,5.89,4.49,-18.92
318126.140000,-0.215,-0.36,0.911,5.28,4.43,-18.19
318126.140000,-0.212,-0.362,0.915,4.46,4.76,-17.49
318126.156000,-0.21,-0.363,0.915,4.49,5.01,-16.91
318126.171000,-0.215,-0.361,0.917,4.64,5.07,-16.69
318126.171000,-0.214,-0.359,0.917,4.91,4.97,-16.11
318126.187000,-0.208,-0.36,0.916,5.74,5.43,-15.29
318126.203000,-0.207,-0.357,0.916,5.58,5.01,-15.11
318126.203000,-0.205,-0.357,0.92,5.04,4.85,-14.71
318126.218000,-0.208,-0.352,0.922,4.97,4.73,-14.47
318126.234000,-0.208,-0.35,0.923,5.46,4.64,-13.52
318126.234000,-0.207,-0.348,0.922,5.92,4.91,-12.45
318126.250000,-0.207,-0.346,0.922,5.22,4.88,-11.75
318126.250000,-0.205,-0.349,0.927,4.43,5.16,-10.83
318126.265000,-0.205,-0.353,0.935,4.27,5.22,-10.01
318126.281000,-0.204,-0.356,0.937,4.33,4.73,-9.49
318126.281000,-0.201,-0.356,0.936,4.49,4.15,-9.03
318126.296000,-0.202,-0.356,0.936,4.49,3.51,-8.76
318126.296000,-0.201,-0.357,0.936,4.21,3.23,-8.33
318126.312000,-0.202,-0.359,0.939,4.18,2.93,-7.81
318126.328000,-0.203,-0.358,0.939,4.39,2.62,-7.29
318126.328000,-0.203,-0.352,0.935,4.88,2.35,-6.87
318126.343000,-0.203,-0.352,0.929,4.79,1.83,-6.16
318126.359000,-0.2,-0.351,0.926,3.78,1.46,-5.37
318126.359000,-0.199,-0.348,0.925,2.84,1.5,-4.43
318126.375000,-0.197,-0.35,0.924,2.04,1.68,-3.42
318126.390000,-0.197,-0.355,0.923,1.16,1.62,-2.29
318126.390000,-0.201,-0.359,0.924,0.4,1.5,-1.37
318126.406000,-0.201,-0.363,0.923,-0.24,1.34,-0.61
318126.406000,-0.202,-0.368,0.924,-0.67,1.22,0.06
318126.421000,-0.202,-0.373,0.925,-0.49,1.22,0.55
318126.437000,-0.2,-0.376,0.927,-0.03,1.37,0.67
318126.437000,-0.199,-0.378,0.927,0.15,1.46,0.61
318126.453000,-0.203,-0.377,0.922,-0.06,1.22,0.52
318126.453000,-0.207,-0.376,0.921,-0.7,0.79,0.73
318126.468000,-0.207,-0.376,0.923,-1.25,0.76,1.31
318126.484000,-0.201,-0.382,0.927,-0.61,1.1,2.14
318126.500000,-0.201,-0.38,0.927,0.27,1.34,2.04
318126.500000,-0.208,-0.375,0.923,0.52,1.1,1.77
318126.515000,-0.21,-0.374,0.92,0.37,1.01,2.01
318126.515000,-0.209,-0.378,0.919,-0.18,0.82,2.47
318126.531000,-0.212,-0.377,0.917,-0.82,0.82,2.69
318126.531000,-0.213,-0.373,0.92,-0.92,1.04,2.69
318126.546000,-0.214,-0.369,0.921,-0.82,0.76,2.62
318126.562000,-0.222,-0.365,0.915,-0.46,0.55,2.9
318126.578000,-0.225,-0.359,0.909,-0.18,0.7,3.51
318126.593000,-0.224,-0.355,0.902,-0.18,1.25,4.33
318126.593000,-0.227,-0.354,0.895,-1.62,1.1,5.01
318126.593000,-0.226,-0.359,0.896,-3.11,1.13,5.74
318126.609000,-0.221,-0.372,0.897,-3.81,1.62,6.26
318126.625000,-0.218,-0.382,0.901,-3.69,1.77,6.41
318126.625000,-0.219,-0.39,0.908,-2.56,2.29,6.01
318126.640000,-0.216,-0.399,0.908,-0.55,2.87,5.62
318126.656000,-0.211,-0.405,0.909,1.22,3.33,5.13
318126.656000,-0.21,-0.408,0.91,2.2,3.6,4.43
318126.671000,-0.208,-0.407,0.908,2.9,3.97,3.78
318126.671000,-0.203,-0.409,0.906,3.08,4.24,3.2
318126.687000,-0.2,-0.407,0.901,2.84,4.06,2.62
318126.703000,-0.2,-0.402,0.903,2.5,4.24,2.17
318126.718000,-0.198,-0.402,0.91,2.41,5.01,2.11
318126.734000,-0.197,-0.4,0.91,2.53,5.77,2.26
318126.734000,-0.198,-0.396,0.914,2.47,6.2,2.17
318126.734000,-0.2,-0.397,0.923,2.44,6.38,1.98
318126.750000,-0.204,-0.397,0.934,2.53,6.41,1.74
318126.750000,-0.211,-0.398,0.939,2.78,5.71,1.46
318126.781000,-0.216,-0.402,0.941,3.08,4.91,1.43
318126.781000,-0.219,-0.403,0.943,3.36,4.36,1.13
318126.781000,-0.222,-0.401,0.941,3.14,4.0,0.85
318126.812000,-0.229,-0.403,0.945,2.66,3.88,1.01
318126.812000,-0.232,-0.404,0.95,2.17,3.51,0.98
318126.812000,-0.233,-0.407,0.949,1.86,2.96,0.95
318126.828000,-0.232,-0.405,0.946,1.8,1.83,0.89
318126.828000,-0.225,-0.405,0.941,1.65,0.7,0.79
318126.859000,-0.219,-0.403,0.933,1.16,-0.12,0.52
318126.859000,-0.215,-0.4,0.925,0.46,-0.67,0.24
318126.875000,-0.212,-0.396,0.919,-0.31,-0.95,-0.06
318126.890000,-0.211,-0.396,0.917,-0.89,-0.61,-0.31
318126.890000,-0.212,-0.394,0.913,-0.95,-0.15,-0.58
318126.906000,-0.223,-0.382,0.912,-1.56,-0.52,-0.82
318126.921000,-0.221,-0.386,0.914,-0.15,0.09,-0.24
318126.921000,-0.228,-0.367,0.905,0.61,-0.18,-0.49
318126.937000,-0.228,-0.373,0.907,0.73,0.34,0.46
318126.937000,-0.226,-0.373,0.909,0.43,0.82,0.64
318126.953000,-0.228,-0.362,0.906,-0.4,0.98,0.46
318126.968000,-0.226,-0.366,0.905,-1.46,1.1,0.82
318126.968000,-0.229,-0.369,0.91,-2.78,1.13,1.13
318126.984000,-0.229,-0.374,0.915,-3.45,1.68,1.25
318127.000000,-0.226,-0.379,0.921,-3.42,1.71,1.31
318127.000000,-0.222,-0.384,0.92,-2.38,1.65,1.19
318127.015000,-0.223,-0.38,0.918,-1.4,1.53,0.4
318127.031000,-0.228,-0.373,0.917,-1.1,1.16,-0.31
318127.046000,-0.23,-0.37,0.914,-1.46,1.74,-0.18
318127.046000,-0.232,-0.371,0.916,-1.37,2.2,-0.09
318127.062000,-0.231,-0.37,0.923,-0.46,2.69,0.06
318127.062000,-0.231,-0.37,0.928,0.46,2.59,0.0
318127.078000,-0.233,-0.372,0.93,0.79,2.29,0.12
318127.078000,-0.234,-0.372,0.929,0.61,1.74,0.0
318127.093000,-0.235,-0.366,0.921,-0.27,0.61,-0.21
318127.109000,-0.234,-0.367,0.917,-0.85,-0.09,0.09
318127.109000,-0.227,-0.371,0.911,-1.16,-0.03,0.52
318127.125000,-0.225,-0.37,0.907,-1.22,0.67,0.4
318127.125000,-0.24,-0.361,0.905,-1.77,0.55,0.18
318127.140000,-0.224,-0.377,0.909,-0.37,2.01,1.86
318127.156000,-0.216,-0.38,0.91,2.01,3.3,2.17
318127.171000,-0.232,-0.364,0.903,1.01,2.44,1.16
318127.171000,-0.235,-0.37,0.903,-0.52,2.2,1.62
318127.187000,-0.235,-0.379,0.918,-1.1,2.81,2.53
318127.187000,-0.236,-0.386,0.929,-0.49,2.93,3.23
318127.203000,-0.238,-0.386,0.929,-0.03,2.59,3.14
318127.203000,-0.237,-0.382,0.924,-0.09,2.11,2.87
318127.218000,-0.238,-0.386,0.92,-1.04,1.59,3.02
318127.234000,-0.236,-0.392,0.921,-1.86,1.4,3.14
318127.250000,-0.235,-0.397,0.923,-2.04,1.46,3.2
318127.250000,-0.235,-0.401,0.924,-1.86,1.37,2.81
318127.265000,-0.236,-0.404,0.929,-1.25,1.4,2.01
318127.265000,-0.237,-0.404,0.93,-0.24,0.85,1.25
318127.281000,-0.236,-0.405,0.926,1.13,0.46,0.89
318127.281000,-0.235,-0.399,0.924,1.86,0.52,0.46
318127.296000,-0.237,-0.392,0.922,1.74,0.37,-0.12
318127.312000,-0.233,-0.393,0.923,1.56,0.18,-0.12
318127.328000,-0.234,-0.394,0.92,1.22,-0.31,-0.24
318127.343000,-0.233,-0.389,0.917,0.79,-0.37,-0.37
318127.343000,-0.231,-0.388,0.91,0.34,-0.24,-0.18
318127.343000,-0.229,-0.391,0.904,-0.58,-0.21,0.0
318127.359000,-0.229,-0.393,0.905,-1.28,0.21,-0.03
318127.359000,-0.234,-0.393,0.912,-1.31,0.7,0.0
318127.375000,-0.235,-0.396,0.911,-0.98,1.13,0.06
318127.390000,-0.239,-0.395,0.91,-0.76,1.5,-0.18
318127.406000,-0.24,-0.39,0.91,-0.85,1.46,-0.37
318127.406000,-0.241,-0.391,0.91,-1.46,1.25,-0.55
318127.421000,-0.242,-0.392,0.913,-2.17,1.19,-0.7
318127.421000,-0.24,-0.394,0.912,-2.41,1.31,-0.76
318127.453000,-0.236,-0.396,0.911,-2.29,1.46,-0.89
318127.453000,-0.239,-0.402,0.917,-2.04,1.68,-1.04
318127.468000,-0.24,-0.409,0.93,-1.4,1.83,-1.56
318127.468000,-0.242,-0.417,0.936,0.67,1.5,-2.5
318127.484000,-0.241,-0.417,0.935,3.05,0.85,-3.75
318127.500000,-0.244,-0.41,0.934,4.97,-0.03,-5.34
318127.500000,-0.249,-0.405,0.939,6.68,-0.43,-6.62
318127.515000,-0.248,-0.404,0.942,8.06,-0.46,-7.26
318127.531000,-0.241,-0.407,0.934,9.09,-0.67,-8.09
318127.531000,-0.239,-0.395,0.931,9.46,-1.1,-9.64
318127.546000,-0.237,-0.388,0.929,9.55,-1.34,-10.53
318127.562000,-0.232,-0.386,0.923,9.92,-1.65,-11.11
318127.562000,-0.227,-0.381,0.915,10.83,-1.62,-12.05
318127.562000,-0.221,-0.369,0.91,12.18,-1.13,-12.54
318127.578000,-0.218,-0.36,0.909,13.79,-0.46,-12.63
318127.578000,-0.22,-0.35,0.901,14.68,0.03,-12.45
318127.593000,-0.218,-0.341,0.894,14.13,-0.12,-12.15
318127.609000,-0.214,-0.331,0.893,12.88,0.18,-11.38
318127.625000,-0.216,-0.325,0.892,11.41,0.7,-10.35
318127.640000,-0.219,-0.323,0.891,10.1,1.43,-9.06
318127.640000,-0.222,-0.317,0.894,8.76,2.08,-7.81
318127.656000,-0.225,-0.317,0.899,7.51,2.62,-6.29
318127.671000,-0.227,-0.316,0.9,6.35,2.78,-4.67
318127.671000,-0.228,-0.314,0.899,4.88,2.69,-3.27
318127.687000,-0.229,-0.314,0.899,3.3,2.84,-1.89
318127.703000,-0.23,-0.315,0.905,1.56,3.14,-0.4
318127.703000,-0.232,-0.32,0.911,0.0,3.57,1.1
318127.718000,-0.232,-0.327,0.919,-1.01,4.06,2.38
318127.734000,-0.233,-0.333,0.922,-1.43,4.21,3.27
318127.734000,-0.231,-0.335,0.925,-1.62,3.91,4.06
318127.750000,-0.234,-0.341,0.925,-2.26,3.51,4.85
318127.750000,-0.229,-0.349,0.927,-2.93,3.3,5.52
318127.765000,-0.224,-0.355,0.931,-3.11,3.42,5.74
318127.781000,-0.226,-0.36,0.935,-3.05,3.81,5.49
318127.781000,-0.233,-0.365,0.941,-2.84,3.94,5.22
318127.796000,-0.231,-0.369,0.941,-2.32,3.48,4.94
318127.812000,-0.227,-0.372,0.944,-1.53,3.51,4.7
318127.812000,-0.229,-0.374,0.944,-1.92,2.69,4.33
318127.828000,-0.23,-0.379,0.946,-2.14,2.11,3.85
318127.828000,-0.227,-0.383,0.951,-0.82,2.14,3.17
318127.843000,-0.228,-0.38,0.947,0.95,1.77,2.59
318127.843000,-0.228,-0.376,0.938,2.14,1.31,1.98
318127.859000,-0.229,-0.374,0.933,2.26,1.07,1.65
318127.875000,-0.23,-0.372,0.93,1.68,1.07,1.28
318127.890000,-0.228,-0.372,0.933,1.22,1.25,1.34
318127.890000,-0.229,-0.373,0.935,1.04,1.19,1.04
318127.906000,-0.23,-0.374,0.938,1.04,1.16,0.67
318127.906000,-0.236,-0.374,0.939,1.1,0.95,0.31
318127.921000,-0.242,-0.371,0.935,0.95,0.37,0.24
318127.921000,-0.244,-0.369,0.932,0.61,-0.34,0.18
318127.937000,-0.238,-0.371,0.931,0.52,-0.52,0.79
318127.953000,-0.238,-0.366,0.92,-0.24,-0.79,0.67
318127.953000,-0.239,-0.363,0.913,-1.77,-0.92,0.4
318127.968000,-0.235,-0.368,0.912,-2.56,-0.55,0.61
318127.984000,-0.236,-0.369,0.911,-2.96,-0.52,0.7
318128.000000,-0.239,-0.371,0.911,-2.84,-0.03,0.95
318128.000000,-0.24,-0.367,0.907,-2.5,0.34,0.98
318128.015000,-0.238,-0.37,0.903,-2.59,0.4,1.22
318128.031000,-0.239,-0.375,0.9,-2.87,0.52,1.25
318128.046000,-0.239,-0.373,0.899,-3.17,0.85,1.01
318128.046000,-0.237,-0.373,0.901,-3.2,1.46,0.73
318128.046000,-0.243,-0.372,0.902,-3.3,1.95,0.06
318128.062000,-0.247,-0.371,0.907,-2.81,2.5,-0.15
318128.078000,-0.247,-0.376,0.912,-1.65,2.9,0.03
318128.093000,-0.25,-0.373,0.912,-0.52,3.11,-0.06
318128.093000,-0.251,-0.371,0.908,0.0,3.14,-0.15
318128.109000,-0.252,-0.372,0.907,0.21,3.23,-0.27
318128.125000,-0.248,-0.369,0.904,-0.4,3.17,-0.67
318128.125000,-0.245,-0.365,0.9,-1.22,3.48,-0.79
318128.140000,-0.246,-0.366,0.901,-1.89,4.0,-0.82
318128.140000,-0.248,-0.364,0.902,-2.44,4.61,-0.79
318128.156000,-0.25,-0.366,0.902,-2.41,5.16,-0.55
318128.171000,-0.249,-0.368,0.909,-1.77,5.89,-0.4
318128.171000,-0.25,-0.371,0.917,-0.67,6.44,-0.4
318128.187000,-0.253,-0.373,0.926,0.27,6.59,-0.52
318128.203000,-0.253,-0.376,0.928,0.61,6.26,-0.79
318128.203000,-0.251,-0.377,0.93,0.21,5.52,-1.25
318128.218000,-0.25,-0.377,0.934,-0.52,4.91,-1.59
318128.234000,-0.25,-0.376,0.934,-1.4,4.09,-1.95
318128.234000,-0.25,-0.377,0.935,-1.62,3.72,-2.04
318128.250000,-0.249,-0.375,0.934,-1.22,3.51,-1.92
318128.250000,-0.247,-0.372,0.931,-0.76,3.2,-1.83
318128.265000,-0.247,-0.371,0.926,-0.12,3.08,-1.83
318128.265000,-0.247,-0.369,0.924,-0.18,3.14,-1.8
318128.281000,-0.246,-0.368,0.922,-1.01,3.11,-1.71
318128.296000,-0.244,-0.369,0.921,-1.56,2.93,-1.59
318128.312000,-0.235,-0.372,0.921,-1.83,3.05,-1.43
318128.312000,-0.25,-0.364,0.916,-2.78,2.53,-1.71
318128.328000,-0.243,-0.377,0.924,-2.99,2.96,-0.95
318128.343000,-0.249,-0.378,0.923,-1.62,2.81,-1.53
318128.343000,-0.253,-0.365,0.923,-1.86,1.95,-1.98
318128.359000,-0.244,-0.382,0.928,-0.06,2.9,-0.98
318128.359000,-0.243,-0.376,0.927,0.0,2.78,-1.5
318128.375000,-0.25,-0.367,0.919,-0.64,1.8,-2.08
318128.390000,-0.253,-0.363,0.924,-1.28,1.13,-2.32
318128.390000,-0.247,-0.373,0.923,-1.31,0.98,-1.62
318128.406000,-0.245,-0.376,0.924,-0.82,1.28,-1.31
318128.421000,-0.245,-0.366,0.917,-0.58,1.04,-1.34
318128.421000,-0.245,-0.362,0.91,-1.1,0.73,-1.25
318128.421000,-0.245,-0.366,0.911,-1.89,1.01,-0.98
318128.453000,-0.245,-0.371,0.912,-2.75,1.37,-0.92
318128.453000,-0.246,-0.37,0.915,-3.36,1.62,-0.79
318128.468000,-0.246,-0.369,0.916,-3.42,1.56,-0.55
318128.468000,-0.246,-0.369,0.922,-3.02,1.71,-0.61
318128.484000,-0.247,-0.373,0.921,-2.32,1.43,-0.67
318128.500000,-0.249,-0.375,0.922,-1.5,1.04,-1.07
318128.500000,-0.251,-0.372,0.923,-0.43,1.01,-1.4
318128.500000,-0.251,-0.367,0.924,0.52,0.67,-1.56
318128.515000,-0.251,-0.364,0.916,0.76,0.06,-1.43
318128.531000,-0.252,-0.364,0.907,0.4,0.0,-1.22
318128.531000,-0.25,-0.361,0.907,-0.37,0.46,-1.04
318128.562000,-0.251,-0.358,0.912,-0.7,0.92,-0.79
318128.562000,-0.254,-0.361,0.919,-0.52,1.59,-0.37
318128.562000,-0.256,-0.367,0.923,0.21,1.56,-0.18
318128.578000,-0.257,-0.365,0.922,1.01,0.82,-0.21
318128.578000,-0.255,-0.363,0.918,1.31,0.15,-0.31
318128.609000,-0.253,-0.362,0.916,1.04,-0.24,0.03
318128.609000,-0.253,-0.366,0.912,-0.15,0.0,0.34
318128.625000,-0.25,-0.37,0.911,0.12,0.09,0.09
318128.625000,-0.245,-0.378,0.912,0.85,0.27,-0.09
318128.640000,-0.244,-0.382,0.913,2.04,0.58,-0.49
318128.640000,-0.244,-0.387,0.915,3.36,0.92,-0.98
318128.671000,-0.249,-0.387,0.921,4.24,0.85,-1.56
318128.671000,-0.251,-0.381,0.917,4.85,0.06,-2.32
318128.687000,-0.255,-0.371,0.91,5.16,-0.61,-2.84
318128.703000,-0.259,-0.361,0.904,4.94,-0.85,-3.05
318128.703000,-0.258,-0.355,0.899,4.58,-0.46,-2.5
318128.718000,-0.257,-0.352,0.891,3.45,0.27,-1.59
318128.718000,-0.254,-0.353,0.892,1.95,1.04,-0.73
318128.734000,-0.253,-0.355,0.901,1.04,1.68,-0.03
318128.750000,-0.255,-0.358,0.905,0.73,2.08,0.34
318128.750000,-0.254,-0.36,0.904,0.67,2.08,0.67
318128.765000,-0.257,-0.36,0.905,0.46,1.83,0.92
318128.765000,-0.261,-0.359,0.907,0.0,1.62,1.16
318128.796000,-0.265,-0.361,0.91,-0.21,1.46,1.43
318128.796000,-0.271,-0.363,0.91,-0.18,1.5,1.56
318128.812000,-0.267,-0.366,0.91,-0.12,1.68,1.86
318128.812000,-0.266,-0.37,0.908,-0.24,1.68,2.17
318128.812000,-0.265,-0.371,0.904,-0.7,1.74,2.35
318128.843000,-0.265,-0.381,0.908,-0.67,1.83,2.59
318128.843000,-0.264,-0.387,0.906,-0.79,1.46,2.2
318128.859000,-0.261,-0.388,0.903,0.34,1.95,1.65
318128.875000,-0.262,-0.382,0.902,1.34,2.56,1.13
318128.875000,-0.264,-0.381,0.907,1.95,2.72,1.13
318128.890000,-0.264,-0.38,0.907,2.41,2.69,1.13
318128.890000,-0.262,-0.38,0.911,2.2,2.78,1.01
318128.906000,-0.265,-0.378,0.913,1.68,2.84,0.64
318128.921000,-0.267,-0.379,0.917,1.4,2.84,0.79
318128.921000,-0.265,-0.38,0.915,0.89,2.17,1.1
318128.921000,-0.261,-0.38,0.913,0.37,2.01,1.1
318128.937000,-0.26,-0.377,0.91,-0.34,2.17,1.22
318128.953000,-0.261,-0.379,0.916,-1.13,2.29,1.56
318128.953000,-0.258,-0.383,0.916,-1.43,2.35,1.77
318128.984000,-0.26,-0.385,0.921,-1.37,2.72,1.68
318128.984000,-0.262,-0.387,0.925,-1.25,2.59,1.65
318129.000000,-0.261,-0.387,0.925,-1.37,1.89,1.46
318129.000000,-0.26,-0.389,0.925,-1.4,1.43,1.19
318129.015000,-0.26,-0.39,0.928,-1.25,1.16,0.67
318129.015000,-0.262,-0.389,0.929,-0.92,0.98,0.12
318129.015000,-0.264,-0.388,0.928,-0.43,0.76,-0.37
318129.046000,-0.266,-0.388,0.926,0.09,0.37,-0.98
318129.062000,-0.267,-0.385,0.927,0.79,-0.15,-1.43
318129.062000,-0.265,-0.381,0.925,1.19,-0.55,-1.89
318129.078000,-0.262,-0.375,0.918,1.62,-0.79,-2.17
318129.093000,-0.258,-0.37,0.911,1.68,-0.89,-2.14
318129.093000,-0.255,-0.366,0.908,1.43,-0.67,-2.04
318129.109000,-0.255,-0.361,0.906,0.79,-0.76,-1.8
318129.109000,-0.257,-0.362,0.906,0.37,-0.49,-1.43
318129.125000,-0.259,-0.36,0.906,0.0,-0.03,-1.22
318129.140000,-0.265,-0.36,0.91,-0.49,0.27,-0.98
318129.140000,-0.268,-0.359,0.918,-0.76,0.64,-0.52
318129.156000,-0.271,-0.36,0.922,-0.79,0.61,-0.15
318129.171000,-0.274,-0.36,0.923,-0.79,0.12,0.12
318129.171000,-0.273,-0.36,0.922,-1.1,-0.18,0.27
318129.187000,-0.273,-0.361,0.921,-1.37,-0.73,0.37
318129.203000,-0.272,-0.363,0.924,-1.65,-1.19,0.34
318129.203000,-0.27,-0.362,0.919,-1.65,-1.59,0.43
318129.218000,-0.268,-0.361,0.91,-1.86,-1.86,0.46
318129.218000,-0.266,-0.36,0.903,-1.74,-1.92,0.55
318129.234000,-0.266,-0.358,0.899,-2.04,-1.86,0.82
318129.250000,-0.265,-0.36,0.9,-2.23,-1.28,1.13
318129.250000,-0.268,-0.361,0.902,-2.01,-0.95,1.37
318129.265000,-0.271,-0.363,0.903,-1.74,-0.79,1.5
318129.281000,-0.271,-0.363,0.902,-1.74,-0.61,1.74
318129.281000,-0.269,-0.367,0.9,-1.98,-0.58,1.92
318129.312000,-0.268,-0.369,0.9,-2.38,-0.52,2.17
318129.312000,-0.267,-0.374,0.905,-2.62,-0.24,2.01
318129.328000,-0.267,-0.379,0.909,-2.01,0.18,1.71
318129.328000,-0.268,-0.382,0.913,-0.82,-0.09,1.22
318129.328000,-0.27,-0.38,0.911,0.46,-0.52,0.55
318129.343000,-0.269,-0.372,0.907,1.25,-0.95,0.12
318129.343000,-0.266,-0.367,0.9,1.34,-0.92,0.34
318129.359000,-0.262,-0.367,0.896,0.7,-0.34,0.79
318129.359000,-0.262,-0.367,0.902,0.09,0.49,1.13
318129.390000,-0.264,-0.37,0.907,-0.27,0.89,1.43
318129.406000,-0.263,-0.372,0.908,-0.43,0.82,1.71
318129.406000,-0.26,-0.374,0.91,-0.34,0.67,1.77
318129.421000,-0.258,-0.377,0.911,-0.52,0.58,1.74
318129.421000,-0.256,-0.379,0.911,-0.79,0.55,1.71
318129.421000,-0.255,-0.38,0.912,-0.92,0.64,1.68
318129.453000,-0.256,-0.381,0.914,-0.55,1.01,1.62
318129.453000,-0.256,-0.381,0.92,-0.31,1.13,1.5
318129.468000,-0.257,-0.382,0.92,0.0,0.85,1.07
318129.484000,-0.261,-0.379,0.921,0.15,0.37,0.82
318129.484000,-0.259,-0.38,0.924,0.18,0.0,0.73
318129.500000,-0.259,-0.379,0.923,0.31,-0.21,0.73
318129.500000,-0.26,-0.375,0.92,0.09,-0.37,0.85
318129.515000,-0.26,-0.376,0.921,-0.03,-0.24,0.89
318129.531000,-0.259,-0.377,0.923,-0.34,-0.34,1.07
318129.531000,-0.26,-0.382,0.928,-0.4,-0.4,1.04
318129.546000,-0.265,-0.383,0.927,-0.27,-1.01,0.85
318129.562000,-0.265,-0.381,0.923,-0.15,-1.53,0.73
318129.562000,-0.264,-0.382,0.92,-0.27,-1.86,0.46
318129.578000,-0.261,-0.38,0.914,-0.61,-2.23,0.31
318129.578000,-0.256,-0.379,0.913,-0.61,-2.23,0.21
318129.593000,-0.258,-0.378,0.911,-0.34,-1.98,0.0
318129.609000,-0.263,-0.375,0.906,-0.06,-1.77,-0.18
318129.609000,-0.261,-0.37,0.9,0.06,-1.46,-0.12
318129.625000,-0.257,-0.369,0.895,-0.21,-1.1,0.24
318129.640000,-0.257,-0.366,0.891,-1.07,-0.7,0.7
318129.640000,-0.259,-0.366,0.894,-1.98,-0.09,1.19
318129.656000,-0.259,-0.369,0.899,-2.62,0.52,1.34
318129.656000,-0.261,-0.372,0.905,-2.93,0.58,1.46
318129.671000,-0.263,-0.376,0.91,-2.56,0.64,1.56
318129.687000,-0.265,-0.375,0.91,-1.95,0.52,1.53
318129.703000,-0.265,-0.373,0.911,-1.56,0.31,1.46
318129.703000,-0.265,-0.375,0.909,-1.68,0.09,1.53
318129.718000,-0.267,-0.375,0.907,-2.11,0.0,1.74
318129.718000,-0.266,-0.379,0.915,-2.35,0.24,1.8
318129.734000,-0.267,-0.381,0.918,-2.29,0.24,1.71
318129.750000,-0.268,-0.381,0.913,-1.86,-0.12,1.53
318129.750000,-0.268,-0.383,0.914,-1.22,-0.18,1.37
318129.765000,-0.267,-0.381,0.915,-0.67,-0.24,1.1
318129.781000,-0.268,-0.38,0.914,-0.27,-0.43,0.85
318129.781000,-0.265,-0.38,0.911,0.24,-0.58,0.55
318129.781000,-0.264,-0.375,0.903,0.49,-0.85,0.43
318129.796000,-0.262,-0.375,0.898,0.06,-0.64,0.46
318129.812000,-0.261,-0.376,0.9,-0.73,-0.15,0.64
318129.812000,-0.259,-0.381,0.9,-1.4,0.15,0.82
318129.843000,-0.256,-0.385,0.908,-1.1,0.52,0.82
318129.843000,-0.261,-0.383,0.909,-0.34,0.52,0.46
318129.843000,-0.262,-0.381,0.908,0.4,0.52,0.31
318129.859000,-0.263,-0.38,0.907,0.85,0.55,0.43
318129.859000,-0.266,-0.376,0.909,0.61,0.49,0.21
318129.875000,-0.269,-0.377,0.913,0.15,0.49,0.27
318129.890000,-0.267,-0.378,0.917,-0.27,0.37,0.43
318129.890000,-0.265,-0.38,0.918,-0.55,0.15,0.55
318129.921000,-0.264,-0.382,0.914,-0.43,-0.31,0.46
318129.937000,-0.26,-0.381,0.91,-0.12,-0.61,0.49
318129.937000,-0.258,-0.38,0.906,-0.12,-0.67,0.37
318129.953000,-0.26,-0.38,0.904,-0.46,-0.64,0.4
318129.953000,-0.257,-0.383,0.903,-0.27,-0.24,0.55
318129.953000,-0.254,-0.382,0.907,0.21,0.27,0.4
318129.968000,-0.262,-0.378,0.907,0.4,0.58,-0.06
318129.968000,-0.264,-0.376,0.905,-0.12,0.43,-0.12
318130.000000,-0.263,-0.378,0.907,-0.76,0.37,0.06
318130.000000,-0.263,-0.379,0.916,-0.85,0.49,0.15
318130.015000,-0.264,-0.378,0.914,-0.15,0.24,0.15
318130.031000,-0.259,-0.379,0.913,0.4,0.24,0.03
318130.031000,-0.259,-0.378,0.91,0.37,0.03,-0.21
318130.046000,-0.265,-0.378,0.912,-0.09,0.06,-0.24
318130.062000,-0.265,-0.381,0.917,0.21,0.34,0.0
318130.062000,-0.265,-0.377,0.912,0.49,-0.15,0.18
318130.078000,-0.262,-0.377,0.908,0.67,-0.27,0.0
318130.093000,-0.263,-0.374,0.908,0.58,-0.31,-0.21
318130.093000,-0.262,-0.375,0.908,0.21,-0.15,0.06
318130.109000,-0.26,-0.377,0.911,0.18,0.09,0.09
318130.109000,-0.261,-0.376,0.91,0.18,0.06,0.21
318130.125000,-0.263,-0.38,0.913,0.46,0.09,0.37
318130.140000,-0.264,-0.382,0.915,1.07,-0.21,0.15
318130.156000,-0.263,-0.38,0.915,1.4,-0.49,-0.18
318130.156000,-0.261,-0.376,0.913,1.5,-0.79,-0.58
318130.171000,-0.26,-0.375,0.91,1.37,-0.76,-0.52
318130.171000,-0.26,-0.375,0.91,0.89,-0.64,-0.31
318130.187000,-0.257,-0.377,0.91,0.34,-0.55,-0.31
318130.203000,-0.261,-0.375,0.913,0.58,-0.58,-0.18
318130.203000,-0.26,-0.375,0.915,0.95,-0.7,-0.06
318130.218000,-0.258,-0.379,0.912,0.7,-1.04,-0.12
318130.218000,-0.262,-0.377,0.907,0.49,-1.04,-0.18
318130.234000,-0.26,-0.378,0.907,0.24,-1.1,-0.37
318130.234000,-0.262,-0.375,0.907,0.49,-1.01,-0.18
318130.250000,-0.261,-0.376,0.906,0.7,-0.82,-0.03
318130.265000,-0.265,-0.373,0.904,0.37,-0.61,-0.15
318130.265000,-0.265,-0.374,0.905,-0.06,-0.58,-0.21
318130.281000,-0.266,-0.376,0.908,-0.21,-0.61,-0.27
318130.296000,-0.264,-0.376,0.907,-0.03,-0.64,-0.31
318130.312000,-0.266,-0.374,0.907,0.24,-0.4,-0.24
318130.312000,-0.266,-0.374,0.908,0.58,-0.09,-0.31
318130.328000,-0.27,-0.371,0.907,0.64,-0.03,-0.21
318130.343000,-0.268,-0.372,0.906,0.37,-0.03,0.09
318130.343000,-0.262,-0.374,0.905,0.0,-0.09,0.24
318130.359000,-0.263,-0.372,0.904,-0.46,0.03,0.34
318130.375000,-0.262,-0.374,0.906,-0.73,0.37,0.46
318130.390000,-0.261,-0.376,0.905,-1.04,0.49,0.55
318130.390000,-0.262,-0.374,0.905,-1.22,0.34,0.55
318130.390000,-0.258,-0.377,0.906,-1.01,0.49,0.82
318130.406000,-0.257,-0.381,0.909,-0.67,0.58,0.85
318130.421000,-0.258,-0.379,0.908,-0.31,0.58,0.64
318130.421000,-0.26,-0.38,0.907,-0.09,0.43,0.67
318130.437000,-0.259,-0.38,0.906,-0.12,0.37,0.67
318130.453000,-0.26,-0.378,0.906,-0.34,0.31,0.49
318130.453000,-0.26,-0.378,0.904,-0.55,0.58,0.49
318130.468000,-0.261,-0.379,0.905,-0.64,0.73,0.58
318130.468000,-0.261,-0.381,0.912,-0.37,1.01,0.46
318130.484000,-0.262,-0.384,0.918,0.18,1.22,0.18
318130.500000,-0.262,-0.383,0.914,0.89,1.07,-0.09
318130.500000,-0.261,-0.381,0.912,1.37,0.61,-0.31
318130.515000,-0.261,-0.377,0.914,1.31,0.55,-0.37
318130.531000,-0.263,-0.375,0.911,0.7,0.37,-0.34
318130.531000,-0.26,-0.374,0.913,0.21,0.46,-0.06
318130.546000,-0.257,-0.376,0.914,0.18,0.24,-0.06
318130.546000,-0.258,-0.377,0.911,0.37,-0.03,-0.12
318130.562000,-0.258,-0.374,0.908,0.46,-0.09,-0.24
318130.578000,-0.257,-0.373,0.902,0.27,0.24,-0.12
318130.593000,-0.26,-0.373,0.905,-0.18,0.58,0.12
318130.593000,-0.259,-0.375,0.909,-0.21,1.01,0.34
318130.609000,-0.259,-0.378,0.915,0.0,1.28,0.27
318130.609000,-0.259,-0.375,0.915,0.31,1.04,0.18
318130.625000,-0.261,-0.373,0.914,0.27,0.55,0.31
318130.640000,-0.261,-0.375,0.915,-0.43,0.46,0.4
318130.640000,-0.261,-0.378,0.919,-1.07,0.7,0.67
318130.656000,-0.264,-0.375,0.921,-1.74,0.7,1.04
318130.656000,-0.258,-0.375,0.926,-1.56,0.27,0.95
318130.687000,-0.256,-0.376,0.925,-0.67,-0.52,0.55
318130.687000,-0.257,-0.379,0.916,0.21,-1.04,0.27
318130.703000,-0.256,-0.373,0.908,0.49,-0.89,0.21
318130.703000,-0.255,-0.368,0.903,0.27,-0.34,0.34
318130.718000,-0.258,-0.369,0.906,-0.46,0.03,0.4
318130.718000,-0.26,-0.376,0.917,-0.55,0.34,0.52
318130.734000,-0.26,-0.379,0.919,0.03,0.15,0.24
318130.750000,-0.265,-0.375,0.915,0.24,-0.27,0.0
318130.750000,-0.264,-0.374,0.914,0.7,-0.4,0.27
318130.750000,-0.26,-0.372,0.914,0.67,-0.49,0.37
318130.781000,-0.262,-0.371,0.909,0.18,-0.55,0.4
318130.781000,-0.263,-0.372,0.906,-0.24,-0.55,0.55
318130.796000,-0.261,-0.371,0.905,-0.64,-0.31,0.76
318130.812000,-0.262,-0.372,0.903,-1.01,0.0,0.92
318130.812000,-0.263,-0.374,0.903,-1.28,0.12,1.04
318130.828000,-0.264,-0.377,0.906,-1.1,0.34,1.25
318130.828000,-0.265,-0.379,0.91,-0.85,0.52,1.22
318130.828000,-0.269,-0.381,0.912,-0.52,0.37,1.13
318130.859000,-0.269,-0.382,0.914,0.03,0.31,1.07
318130.859000,-0.268,-0.381,0.911,0.24,0.0,0.95
318130.859000,-0.269,-0.379,0.913,0.43,-0.09,0.55
318130.875000,-0.269,-0.377,0.912,0.52,-0.06,0.67
318130.875000,-0.269,-0.376,0.905,0.31,-0.34,0.67
318130.890000,-0.265,-0.375,0.904,-0.03,-0.46,0.85
318130.921000,-0.264,-0.377,0.906,-0.15,-0.15,1.07
318130.921000,-0.262,-0.378,0.905,-0.43,0.0,1.13
318130.937000,-0.26,-0.382,0.905,-0.37,0.15,1.37
318130.953000,-0.262,-0.383,0.902,-0.52,-0.09,1.34
318130.953000,-0.263,-0.383,0.902,-0.67,-0.18,1.13
318130.968000,-0.266,-0.384,0.904,-0.95,0.0,1.01
318130.984000,-0.266,-0.384,0.905,-1.16,0.21,1.04
318130.984000,-0.263,-0.388,0.909,-0.79,0.55,1.01
318131.000000,-0.263,-0.389,0.91,-0.46,0.58,0.64
318131.000000,-0.267,-0.387,0.911,-0.15,0.4,0.31
318131.015000,-0.267,-0.386,0.908,0.21,0.31,0.34
318131.031000,-0.261,-0.386,0.902,0.03,0.46,0.34
318131.031000,-0.262,-0.382,0.9,-0.7,0.46,0.06
318131.046000,-0.264,-0.384,0.903,-1.34,0.89,-0.03
318131.062000,-0.265,-0.386,0.908,-0.92,1.37,-0.03
318131.062000,-0.266,-0.384,0.907,-0.34,1.43,-0.15
318131.078000,-0.267,-0.381,0.907,0.09,1.46,-0.12
318131.093000,-0.263,-0.38,0.908,-0.06,1.53,0.06
318131.093000,-0.262,-0.382,0.907,-0.58,1.53,0.27
318131.109000,-0.262,-0.382,0.91,-1.25,1.5,0.12
318131.109000,-0.259,-0.384,0.913,-1.46,1.4,0.34
318131.125000,-0.259,-0.385,0.911,-1.5,1.1,0.15
318131.140000,-0.259,-0.385,0.908,-1.46,0.76,0.09
318131.140000,-0.258,-0.384,0.909,-1.07,0.85,-0.03
318131.156000,-0.26,-0.382,0.908,-0.82,1.04,-0.15
318131.171000,-0.265,-0.385,0.912,-0.55,1.4,-0.21
318131.171000,-0.268,-0.383,0.911,-0.31,1.37,-0.37
318131.187000,-0.266,-0.383,0.913,0.18,1.34,-0.61
318131.203000,-0.267,-0.381,0.914,0.67,1.04,-0.92
318131.203000,-0.268,-0.377,0.915,0.89,0.79,-1.01
318131.218000,-0.268,-0.377,0.916,0.98,0.64,-0.98
318131.218000,-0.266,-0.375,0.913,1.13,0.58,-1.04
318131.234000,-0.262,-0.371,0.91,1.43,0.37,-1.1
318131.234000,-0.263,-0.369,0.905,1.56,0.18,-1.04
318131.250000,-0.263,-0.366,0.904,1.28,0.49,-0.79
318131.265000,-0.261,-0.366,0.902,0.52,0.67,-0.43
318131.281000,-0.262,-0.367,0.906,0.09,0.95,-0.21
318131.281000,-0.264,-0.367,0.909,0.21,0.95,0.03
318131.296000,-0.268,-0.365,0.909,0.58,0.73,0.12
318131.296000,-0.268,-0.363,0.909,0.89,0.67,0.46
318131.312000,-0.268,-0.363,0.905,0.89,0.61,0.98
318131.312000,-0.267,-0.36,0.9,0.09,0.49,1.22
318131.328000,-0.266,-0.362,0.901,-0.7,0.64,1.77
318131.343000,-0.263,-0.365,0.902,-1.16,0.89,2.14
318131.359000,-0.263,-0.368,0.899,-1.5,1.01,2.41
318131.359000,-0.264,-0.369,0.902,-1.4,1.4,2.66
318131.375000,-0.266,-0.371,0.905,-1.22,1.62,2.75
318131.390000,-0.265,-0.373,0.905,-0.92,1.4,2.75
318131.390000,-0.262,-0.374,0.904,-0.61,1.25,2.84
318131.390000,-0.263,-0.374,0.909,-0.58,1.46,2.99
318131.421000,-0.265,-0.375,0.912,-0.61,1.56,3.05
318131.437000,-0.264,-0.375,0.912,-0.67,1.46,3.3
318131.437000,-0.262,-0.377,0.91,-0.7,1.16,3.36
318131.453000,-0.262,-0.38,0.911,-0.95,1.07,3.36
318131.453000,-0.261,-0.379,0.913,-0.92,1.16,3.3
318131.468000,-0.263,-0.381,0.915,-0.92,1.28,3.23
318131.484000,-0.263,-0.382,0.919,-0.7,1.53,3.33
318131.484000,-0.268,-0.38,0.922,-0.52,1.16,3.27
318131.500000,-0.267,-0.381,0.923,-0.27,0.76,3.42
318131.515000,-0.265,-0.38,0.923,-0.21,0.4,3.48
318131.515000,-0.264,-0.381,0.921,-0.52,0.06,3.51
318131.531000,-0.264,-0.382,0.921,-0.92,-0.4,3.42
318131.531000,-0.264,-0.386,0.922,-1.19,-0.85,3.33
318131.546000,-0.26,-0.387,0.921,-0.95,-1.13,3.23
318131.562000,-0.262,-0.385,0.919,-0.49,-1.34,3.02
318131.562000,-0.259,-0.385,0.912,-0.34,-1.53,3.02
318131.578000,-0.259,-0.386,0.91,-0.52,-1.53,2.99
318131.578000,-0.261,-0.385,0.91,-1.1,-1.62,2.96
318131.593000,-0.264,-0.385,0.911,-1.68,-1.68,2.96
318131.609000,-0.265,-0.387,0.915,-1.8,-1.68,2.9
318131.609000,-0.266,-0.389,0.92,-1.22,-1.56,2.72
318131.625000,-0.269,-0.39,0.922,-0.55,-1.71,2.59
318131.640000,-0.271,-0.389,0.918,0.15,-2.23,2.35
318131.640000,-0.271,-0.386,0.919,0.46,-2.56,2.04
318131.656000,-0.27,-0.385,0.913,0.18,-2.87,1.98
318131.656000,-0.269,-0.383,0.907,-0.49,-3.27,1.86
318131.671000,-0.269,-0.381,0.905,-0.85,-3.33,1.83
318131.687000,-0.268,-0.381,0.9,-1.4,-3.2,1.77
318131.687000,-0.267,-0.38,0.894,-1.71,-2.99,1.77
318131.703000,-0.266,-0.38,0.891,-1.62,-2.38,1.86
318131.718000,-0.269,-0.382,0.895,-1.37,-1.68,1.98
318131.734000,-0.274,-0.384,0.901,-1.07,-1.31,1.86
318131.734000,-0.281,-0.387,0.901,-0.43,-1.53,1.62
318131.734000,-0.287,-0.385,0.902,0.4,-1.92,1.19
318131.750000,-0.289,-0.379,0.9,0.24,-2.29,0.76
318131.765000,-0.288,-0.379,0.897,-0.21,-2.14,0.89
318131.765000,-0.287,-0.381,0.894,-0.31,-1.95,0.82
318131.781000,-0.287,-0.38,0.893,0.15,-1.62,0.82
318131.781000,-0.289,-0.378,0.891,0.61,-1.19,0.85
318131.796000,-0.287,-0.38,0.888,0.73,-1.01,0.79
318131.812000,-0.283,-0.378,0.882,0.73,-0.61,0.85
318131.812000,-0.279,-0.379,0.884,0.46,0.0,0.95
318131.828000,-0.28,-0.382,0.884,0.06,0.46,1.07
318131.843000,-0.281,-0.382,0.886,0.15,0.76,1.04
318131.843000,-0.282,-0.384,0.885,0.24,0.85,0.79
318131.859000,-0.283,-0.383,0.885,0.24,1.07,0.85
318131.875000,-0.281,-0.383,0.884,0.4,1.56,1.01
318131.890000,-0.281,-0.385,0.885,0.49,1.98,1.13
318131.890000,-0.282,-0.389,0.89,0.49,2.53,1.01
318131.906000,-0.282,-0.391,0.894,0.67,2.9,0.76
318131.921000,-0.284,-0.391,0.895,0.92,3.02,0.58
318131.921000,-0.282,-0.394,0.896,1.04,2.96,0.34
318131.937000,-0.279,-0.394,0.895,0.79,2.93,0.12
318131.953000,-0.275,-0.394,0.893,0.61,3.05,-0.15
318131.953000,-0.272,-0.395,0.897,0.4,3.63,-0.43
318131.968000,-0.276,-0.396,0.898,0.43,4.0,-0.61
318131.984000,-0.277,-0.399,0.905,1.13,4.43,-0.82
318131.984000,-0.274,-0.399,0.909,2.01,4.52,-1.1
318132.000000,-0.275,-0.394,0.908,2.32,4.0,-1.65
318132.000000,-0.276,-0.392,0.907,2.14,3.66,-2.14
318132.015000,-0.276,-0.39,0.909,2.04,3.78,-2.11
318132.031000,-0.278,-0.388,0.911,1.74,3.94,-2.29
318132.031000,-0.277,-0.387,0.912,1.71,3.72,-2.59
318132.046000,-0.275,-0.384,0.911,1.62,3.33,-2.75
318132.062000,-0.27,-0.383,0.907,1.43,3.11,-2.72
318132.078000,-0.27,-0.381,0.905,0.98,3.11,-2.72
318132.078000,-0.27,-0.382,0.909,0.64,3.33,-2.66
318132.093000,-0.268,-0.381,0.909,0.58,3.42,-2.69
318132.093000,-0.271,-0.382,0.913,0.49,3.42,-2.87
318132.109000,-0.27,-0.381,0.913,0.67,3.48,-2.81
318132.109000,-0.272,-0.38,0.912,0.58,3.3,-3.08
318132.125000,-0.272,-0.378,0.916,0.82,3.2,-3.17
318132.140000,-0.273,-0.375,0.916,1.01,3.02,-3.23
318132.140000,-0.275,-0.374,0.918,0.95,2.81,-3.14
318132.156000,-0.276,-0.373,0.92,0.98,2.66,-3.3
318132.171000,-0.276,-0.372,0.921,1.07,2.41,-3.27
318132.171000,-0.275,-0.371,0.923,1.25,2.23,-3.27
318132.187000,-0.277,-0.37,0.925,1.53,1.95,-3.45
318132.187000,-0.278,-0.368,0.923,1.8,1.37,-3.57
318132.203000,-0.278,-0.366,0.923,2.11,1.01,-3.42
318132.218000,-0.278,-0.363,0.919,1.98,0.64,-3.39
318132.218000,-0.277,-0.36,0.918,1.65,0.31,-3.17
318132.234000,-0.273,-0.361,0.917,1.22,0.24,-2.93
318132.250000,-0.272,-0.365,0.917,1.16,0.21,-2.81
318132.265000,-0.271,-0.365,0.918,1.53,0.03,-2.84
318132.265000,-0.273,-0.364,0.917,2.14,-0.4,-2.9
318132.265000,-0.272,-0.36,0.912,2.35,-0.76,-2.81
318132.281000,-0.274,-0.358,0.911,2.32,-1.04,-2.66
318132.296000,-0.274,-0.359,0.912,2.01,-0.95,-2.38
318132.312000,-0.276,-0.36,0.911,1.56,-0.82,-2.26
318132.312000,-0.278,-0.36,0.909,1.53,-0.73,-2.01
318132.328000,-0.278,-0.36,0.911,1.65,-0.95,-1.98
318132.328000,-0.277,-0.359,0.914,1.95,-1.01,-1.77
318132.343000,-0.277,-0.36,0.912,2.29,-1.04,-1.59
318132.359000,-0.278,-0.36,0.912,2.44,-0.85,-1.5
318132.359000,-0.279,-0.359,0.913,2.47,-0.92,-1.25
318132.375000,-0.281,-0.358,0.91,2.47,-1.13,-1.19
318132.390000,-0.28,-0.357,0.908,2.41,-1.25,-1.16
318132.390000,-0.281,-0.358,0.911,2.41,-1.13,-0.85
318132.406000,-0.284,-0.359,0.912,2.44,-1.22,-0.73
318132.421000,-0.286,-0.358,0.909,2.81,-1.43,-0.67
318132.421000,-0.287,-0.359,0.911,3.14,-1.59,-0.58
318132.437000,-0.288,-0.359,0.912,3.6,-1.59,-0.67
318132.453000,-0.289,-0.358,0.915,4.09,-1.56,-0.61
318132.453000,-0.289,-0.361,0.921,4.67,-1.68,-0.52
318132.468000,-0.295,-0.364,0.924,5.58,-1.89,-0.85
318132.468000,-0.299,-0.363,0.928,6.68,-2.11,-1.28
318132.484000,-0.303,-0.363,0.933,7.63,-2.38,-1.56
318132.500000,-0.305,-0.361,0.934,8.3,-3.11,-2.23
318132.500000,-0.308,-0.358,0.933,9.37,-3.97,-2.81
318132.515000,-0.308,-0.352,0.925,10.19,-4.58,-3.39
318132.515000,-0.308,-0.349,0.922,10.8,-4.73,-3.63
318132.531000,-0.304,-0.347,0.916,11.2,-4.58,-3.75
318132.546000,-0.3,-0.35,0.912,11.57,-4.3,-4.03
318132.546000,-0.295,-0.352,0.915,12.36,-4.21,-4.49
318132.562000,-0.291,-0.353,0.918,13.89,-4.39,-4.97
318132.578000,-0.286,-0.349,0.91,15.47,-4.91,-5.49
318132.593000,-0.277,-0.343,0.9,16.57,-5.13,-5.86
318132.593000,-0.269,-0.337,0.892,16.91,-4.61,-5.92
318132.609000,-0.265,-0.333,0.888,16.3,-3.91,-5.74
318132.609000,-0.261,-0.331,0.89,15.93,-2.96,-5.49
318132.625000,-0.254,-0.33,0.888,15.66,-2.26,-4.91
318132.625000,-0.248,-0.327,0.885,15.29,-1.62,-4.12
318132.640000,-0.246,-0.325,0.886,14.83,-0.49,-3.45
318132.656000,-0.248,-0.322,0.89,14.22,0.7,-2.69
318132.656000,-0.25,-0.324,0.896,13.82,1.71,-1.92
318132.671000,-0.252,-0.32,0.902,13.89,2.72,-1.34
318132.687000,-0.251,-0.314,0.901,14.04,3.23,-0.76
318132.687000,-0.251,-0.313,0.904,14.16,4.27,-0.18
318132.703000,-0.258,-0.308,0.909,13.92,5.8,0.12
318132.718000,-0.266,-0.302,0.917,13.58,7.39,0.31
318132.718000,-0.272,-0.299,0.925,13.37,8.48,0.43
318132.718000,-0.268,-0.295,0.931,12.88,8.67,0.89
318132.734000,-0.264,-0.292,0.938,12.18,8.15,1.34
318132.750000,-0.261,-0.287,0.939,11.44,7.05,1.8
318132.750000,-0.263,-0.283,0.944,10.74,6.13,2.62
318132.765000,-0.263,-0.279,0.943,10.1,5.22,3.48
318132.781000,-0.262,-0.274,0.939,9.28,4.39,4.61
318132.781000,-0.262,-0.272,0.937,7.84,3.63,6.01
318132.796000,-0.263,-0.277,0.942,6.13,3.17,7.54
318132.796000,-0.264,-0.284,0.946,4.46,3.08,8.67
318132.812000,-0.265,-0.287,0.946,2.81,2.56,9.49
318132.828000,-0.265,-0.291,0.949,1.37,1.95,10.22
318132.843000,-0.263,-0.297,0.952,0.43,1.89,11.05
318132.843000,-0.267,-0.3,0.955,-0.15,1.46,11.38
318132.859000,-0.269,-0.302,0.962,-0.34,1.07,11.51
318132.859000,-0.27,-0.309,0.964,-0.09,0.95,11.87
318132.875000,-0.274,-0.31,0.969,0.0,0.58,12.12
318132.875000,-0.275,-0.312,0.975,-0.12,-0.09,12.36
318132.906000,-0.274,-0.313,0.978,-0.34,-1.1,12.45
318132.921000,-0.269,-0.313,0.979,-0.98,-2.04,12.45
318132.921000,-0.267,-0.317,0.976,-2.59,-3.2,12.63
318132.937000,-0.263,-0.321,0.98,-4.7,-4.24,13.06
318132.953000,-0.263,-0.325,0.995,-6.74,-4.85,13.03
318132.953000,-0.266,-0.335,1.012,-8.15,-5.55,12.73
318132.968000,-0.274,-0.348,1.035,-8.61,-6.68,12.54
318132.968000,-0.281,-0.353,1.052,-9.06,-8.39,11.87
318132.984000,-0.288,-0.352,1.07,-11.63,-10.38,10.77
318133.000000,-0.29,-0.364,1.088,-14.25,-13.55,9.98
318133.000000,-0.289,-0.37,1.098,-16.75,-18.25,9.13
318133.015000,-0.284,-0.374,1.093,-18.83,-23.44,8.03
318133.031000,-0.269,-0.378,1.078,-20.33,-28.87,6.71
318133.031000,-0.25,-0.38,1.063,-20.29,-32.72,5.16
318133.046000,-0.238,-0.383,1.055,-19.01,-34.88,3.75
318133.046000,-0.235,-0.387,1.057,-16.33,-35.8,2.32
318133.062000,-0.233,-0.385,1.042,-13.28,-37.57,0.76
318133.078000,-0.224,-0.385,1.019,-10.74,-40.07,-0.55
318133.093000,-0.211,-0.373,1.01,-9.37,-42.12,-1.74
318133.093000,-0.2,-0.378,0.992,-8.0,-43.76,-2.59
318133.109000,-0.192,-0.371,0.969,-9.0,-45.11,-3.57
318133.125000,-0.183,-0.373,0.959,-9.61,-44.98,-4.39
318133.125000,-0.179,-0.37,0.953,-10.5,-44.95,-5.43
318133.125000,-0.179,-0.367,0.95,-11.2,-45.01,-6.56
318133.140000,-0.179,-0.371,0.962,-11.14,-44.47,-7.78
318133.156000,-0.183,-0.369,0.963,-10.41,-44.31,-9.16
318133.171000,-0.186,-0.362,0.957,-9.83,-45.32,-10.62
318133.171000,-0.181,-0.356,0.954,-9.16,-46.05,-11.75
318133.187000,-0.177,-0.35,0.95,-7.93,-46.75,-12.63
318133.187000,-0.172,-0.341,0.94,-6.5,-47.52,-13.43
318133.203000,-0.167,-0.333,0.929,-4.97,-47.88,-13.86
318133.218000,-0.163,-0.324,0.913,-3.48,-48.1,-14.13
318133.218000,-0.155,-0.317,0.901,-2.11,-47.79,-14.25
318133.234000,-0.149,-0.312,0.896,-0.31,-46.45,-14.1
318133.250000,-0.147,-0.305,0.888,1.95,-44.56,-13.73
318133.250000,-0.151,-0.297,0.884,4.76,-41.78,-13.52
318133.265000,-0.16,-0.294,0.884,7.87,-37.66,-12.6
318133.265000,-0.167,-0.291,0.884,8.76,-32.99,-11.54
318133.281000,-0.175,-0.293,0.895,7.17,-28.6,-10.47
318133.296000,-0.181,-0.299,0.903,4.27,-25.42,-9.28
318133.312000,-0.181,-0.305,0.903,0.82,-24.57,-8.58
318133.312000,-0.175,-0.307,0.889,-2.93,-25.64,-8.12
318133.328000,-0.164,-0.309,0.863,-7.11,-27.16,-7.63
318133.328000,-0.153,-0.31,0.834,-14.77,-27.28,-6.74
318133.343000,-0.14,-0.313,0.808,-17.18,-25.97,-6.16
318133.359000,-0.127,-0.315,0.785,-17.61,-23.47,-5.49
318133.359000,-0.115,-0.326,0.773,-15.32,-19.93,-5.22
318133.375000,-0.104,-0.335,0.771,-11.47,-16.24,-5.07
318133.375000,-0.102,-0.334,0.764,-6.81,-12.05,-4.73
318133.390000,-0.097,-0.325,0.758,-3.6,-7.81,-3.88
318133.406000,-0.096,-0.319,0.755,-1.95,-3.57,-2.78
318133.421000,-0.091,-0.314,0.756,-2.04,1.01,-1.25
318133.437000,-0.087,-0.313,0.763,-3.75,5.13,0.37
318133.437000,-0.079,-0.32,0.782,-5.37,9.58,2.17
318133.453000,-0.072,-0.328,0.8,-6.26,13.86,3.69
318133.453000,-0.066,-0.345,0.828,-5.13,17.91,5.16
318133.468000,-0.06,-0.358,0.86,-1.34,21.94,6.07
318133.484000,-0.056,-0.362,0.882,3.39,24.57,6.41
318133.484000,-0.057,-0.367,0.896,8.73,26.4,6.74
318133.500000,-0.055,-0.369,0.902,13.52,27.53,6.71
318133.500000,-0.054,-0.363,0.903,15.66,28.02,6.07
318133.515000,-0.054,-0.355,0.907,15.11,27.92,6.01
318133.515000,-0.052,-0.351,0.913,12.27,28.23,5.71
318133.531000,-0.055,-0.351,0.921,7.45,28.53,5.46
318133.531000,-0.054,-0.359,0.949,3.2,29.6,5.34
318133.562000,-0.058,-0.373,0.988,1.89,31.34,4.58
318133.562000,-0.068,-0.381,1.016,3.51,31.74,3.51
318133.562000,-0.074,-0.381,1.033,7.05,30.92,2.47
318133.578000,-0.08,-0.377,1.05,11.26,29.88,1.37
318133.593000,-0.079,-0.369,1.058,14.59,28.53,0.37
318133.609000,-0.078,-0.355,1.057,16.17,27.1,-0.49
318133.625000,-0.08,-0.343,1.052,15.17,25.61,-1.04
318133.625000,-0.081,-0.334,1.052,11.87,24.26,-1.07
318133.640000,-0.082,-0.331,1.064,7.11,23.04,-0.76
318133.640000,-0.086,-0.335,1.082,2.66,21.64,-0.52
318133.656000,-0.092,-0.338,1.098,-0.24,18.86,-0.64
318133.671000,-0.094,-0.346,1.113,-0.46,15.08,-0.58
318133.671000,-0.091,-0.347,1.114,1.28,10.68,-0.61
318133.671000,-0.088,-0.335,1.099,2.9,5.92,-0.55
318133.703000,-0.082,-0.327,1.078,3.27,1.86,0.09
318133.703000,-0.071,-0.321,1.057,1.8,-1.25,0.89
318133.718000,-0.067,-0.315,1.039,-1.4,-3.88,1.62
318133.718000,-0.065,-0.317,1.032,-5.22,-5.52,2.44
318133.734000,-0.069,-0.322,1.033,-9.22,-6.62,3.45
318133.750000,-0.071,-0.331,1.036,-12.54,-7.84,4.18
318133.765000,-0.075,-0.342,1.053,-13.49,-8.94,4.64
318133.765000,-0.079,-0.356,1.076,-11.84,-10.44,4.79
318133.781000,-0.083,-0.362,1.086,-8.0,-12.82,4.24
318133.781000,-0.091,-0.354,1.078,-4.15,-16.42,3.33
318133.796000,-0.09,-0.343,1.067,-1.62,-19.78,3.08
318133.812000,-0.083,-0.331,1.047,-1.25,-22.31,3.17
318133.812000,-0.073,-0.32,1.028,-4.09,-24.6,3.6
318133.828000,-0.07,-0.314,1.016,-8.36,-25.73,3.63
318133.843000,-0.07,-0.311,1.015,-12.73,-26.0,3.63
318133.843000,-0.072,-0.317,1.024,-15.84,-26.25,3.72
318133.859000,-0.079,-0.319,1.033,-17.27,-27.56,3.54
318133.859000,-0.083,-0.324,1.041,-16.72,-28.93,3.2
318133.875000,-0.088,-0.326,1.042,-14.95,-30.79,2.56
318133.890000,-0.092,-0.32,1.032,-13.15,-33.3,1.89
318133.890000,-0.094,-0.313,1.014,-11.96,-35.68,1.43
318133.906000,-0.095,-0.304,0.996,-12.05,-37.48,1.43
318133.921000,-0.096,-0.299,0.971,-14.07,-38.33,1.53
318133.921000,-0.096,-0.297,0.951,-17.55,-38.51,1.77
318133.937000,-0.098,-0.296,0.931,-22.1,-38.24,1.92
318133.953000,-0.103,-0.299,0.919,-26.67,-37.97,2.2
318133.953000,-0.104,-0.305,0.909,-30.46,-37.45,2.75
318133.968000,-0.107,-0.313,0.902,-32.69,-36.77,3.05
318133.984000,-0.11,-0.323,0.891,-33.91,-36.53,3.45
318133.984000,-0.111,-0.328,0.873,-35.13,-37.02,3.85
318134.000000,-0.104,-0.334,0.848,-36.74,-38.09,4.18
318134.000000,-0.096,-0.341,0.822,-39.64,-39.58,4.52
318134.015000,-0.084,-0.346,0.791,-43.86,-41.84,5.16
318134.031000,-0.07,-0.35,0.748,-49.53,-45.59,5.58
318134.031000,-0.051,-0.36,0.717,-55.12,-50.14,6.35
318134.046000,-0.023,-0.386,0.712,-57.86,-54.45,7.08
318134.046000,-0.001,-0.413,0.718,-55.48,-57.92,7.23
318134.062000,0.016,-0.43,0.72,-47.49,-61.04,6.78
318134.078000,0.027,-0.441,0.729,-33.69,-63.26,6.53
318134.093000,0.029,-0.443,0.739,-15.59,-62.87,7.75
318134.093000,0.031,-0.441,0.747,2.69,-58.9,12.02
318134.109000,0.032,-0.422,0.798,15.99,-48.16,16.42
318134.109000,0.013,-0.449,0.868,21.58,-32.14,21.24
318134.125000,-0.006,-0.489,0.938,20.17,-14.44,26.34
318134.140000,-0.039,-0.506,1.007,14.44,1.5,30.58
318134.140000,-0.063,-0.532,1.07,6.35,12.67,35.8
318134.156000,-0.074,-0.557,1.126,-4.52,16.91,40.74
318134.156000,-0.072,-0.58,1.172,-16.17,16.57,44.4
318134.171000,-0.057,-0.612,1.186,-27.65,11.41,46.88
318134.187000,-0.026,-0.639,1.144,-40.47,2.93,46.94
318134.203000,0.017,-0.639,1.077,-52.8,-5.34,45.2
318134.203000,0.071,-0.633,1.001,-62.59,-12.97,43.03
318134.218000,0.123,-0.621,0.92,-70.74,-19.93,40.1
318134.234000,0.173,-0.607,0.844,-77.91,-25.45,37.02
318134.234000,0.208,-0.595,0.784,-84.99,-27.59,33.91
318134.250000,0.229,-0.583,0.749,-91.92,-27.16,29.63
318134.250000,0.235,-0.579,0.736,-96.99,-26.58,24.08
318134.265000,0.24,-0.589,0.754,-96.65,-26.28,17.58
318134.281000,0.233,-0.594,0.779,-88.35,-26.15,10.8
318134.281000,0.212,-0.587,0.813,-72.88,-25.91,4.49
318134.296000,0.195,-0.6,0.851,-50.69,-25.88,-0.61
318134.312000,0.175,-0.596,0.866,-25.64,-27.1,-5.25
318134.312000,0.154,-0.561,0.856,-2.59,-28.78,-9.13
318134.328000,0.137,-0.529,0.839,15.99,-30.21,-10.68
318134.328000,0.125,-0.506,0.823,27.92,-30.46,-10.47
318134.343000,0.109,-0.492,0.822,32.35,-29.21,-9.52
318134.359000,0.088,-0.482,0.83,30.0,-27.86,-8.27
318134.375000,0.064,-0.477,0.836,22.19,-27.44,-7.23
318134.375000,0.044,-0.478,0.841,12.21,-28.23,-6.16
318134.390000,0.031,-0.488,0.845,2.66,-29.85,-4.49
318134.390000,0.024,-0.492,0.841,-5.46,-32.01,-2.78
318134.390000,0.018,-0.499,0.843,-11.84,-34.46,-0.61
318134.421000,0.014,-0.527,0.853,-13.76,-36.13,2.04
318134.421000,0.01,-0.547,0.856,-11.54,-37.48,4.03
318134.437000,0.006,-0.555,0.845,-6.23,-38.91,5.92
318134.437000,0.004,-0.558,0.824,0.31,-40.31,8.7
318134.453000,0.002,-0.567,0.808,7.26,-40.93,12.42
318134.468000,0.011,-0.583,0.79,13.79,-40.5,16.63
318134.468000,0.021,-0.595,0.773,18.31,-38.88,20.11
318134.484000,0.028,-0.602,0.759,20.02,-36.04,22.74
318134.500000,0.035,-0.609,0.754,19.87,-32.5,24.93
318134.515000,0.039,-0.614,0.758,18.71,-29.24,26.92
318134.515000,0.053,-0.62,0.771,18.31,-26.22,28.35
318134.531000,0.077,-0.616,0.799,21.15,-22.71,28.72
318134.531000,0.102,-0.593,0.842,27.62,-19.23,27.74
318134.546000,0.133,-0.574,0.891,38.85,-16.17,26.12
318134.562000,0.169,-0.575,0.953,56.55,-12.05,24.66
318134.562000,0.202,-0.58,0.994,79.35,-7.42,22.1
318134.578000,0.22,-0.57,1.022,103.58,-2.78,17.24
318134.593000,0.226,-0.538,1.04,125.28,-0.43,10.96
318134.593000,0.218,-0.495,1.044,142.83,-2.56,3.45
318134.593000,0.22,-0.438,1.024,154.15,-7.63,-4.18
318134.609000,0.224,-0.367,1.013,157.93,-13.25,-10.71
318134.625000,0.231,-0.314,0.991,157.44,-18.52,-14.34
318134.640000,0.238,-0.26,0.954,152.35,-22.95,-15.23
318134.640000,0.243,-0.202,0.929,142.64,-25.94,-12.48
318134.656000,0.244,-0.175,0.93,131.14,-29.21,-6.41
318134.671000,0.231,-0.151,0.911,118.56,-34.0,1.74
318134.671000,0.213,-0.133,0.905,106.3,-37.81,13.37
318134.687000,0.202,-0.14,0.902,95.83,-39.92,27.99
318134.703000,0.179,-0.145,0.887,83.19,-41.63,42.76
318134.718000,0.161,-0.163,0.87,67.54,-42.39,57.56
318134.718000,0.154,-0.194,0.863,48.8,-40.71,69.95
318134.718000,0.151,-0.218,0.878,26.03,-39.09,78.28
318134.734000,0.141,-0.255,0.911,3.39,-38.09,83.07
318134.750000,0.134,-0.307,0.953,-14.44,-37.23,85.39
318134.750000,0.129,-0.354,0.986,-25.85,-36.74,85.39
318134.765000,0.136,-0.395,0.999,-31.65,-37.6,84.02
318134.781000,0.153,-0.428,1.0,-32.56,-39.37,81.67
318134.796000,0.168,-0.451,0.993,-29.33,-40.38,78.28
318134.796000,0.176,-0.465,0.966,-24.2,-40.8,74.5
318134.812000,0.186,-0.479,0.935,-20.14,-40.99,70.25
318134.812000,0.197,-0.494,0.918,-17.33,-39.89,65.16
318134.828000,0.199,-0.5,0.905,-15.93,-38.21,58.81
318134.843000,0.195,-0.504,0.904,-15.2,-36.53,51.85
318134.843000,0.187,-0.512,0.906,-13.61,-34.27,45.96
318134.859000,0.182,-0.512,0.895,-11.14,-32.38,40.35
318134.875000,0.18,-0.505,0.887,-8.39,-30.43,34.76
318134.875000,0.177,-0.496,0.887,-5.77,-27.68,29.76
318134.890000,0.168,-0.482,0.883,-4.39,-25.03,25.27
318134.890000,0.16,-0.473,0.873,-3.14,-22.92,21.76
318134.906000,0.16,-0.457,0.843,-1.89,-18.86,16.39
318134.921000,0.158,-0.441,0.816,-3.05,-15.66,14.5
318134.921000,0.158,-0.439,0.819,-4.46,-10.74,12.39
318134.937000,0.168,-0.453,0.837,-5.92,-6.2,8.09
318134.953000,0.141,-0.444,0.826,-6.84,-1.95,8.33
318134.953000,0.116,-0.391,0.861,-3.6,0.46,9.86
318134.968000,0.144,-0.42,0.85,-4.24,-0.34,5.68
318134.984000,0.134,-0.377,0.835,-4.21,2.72,4.82
318134.984000,0.145,-0.35,0.835,-5.77,5.34,7.45
318135.000000,0.175,-0.373,0.815,-8.33,8.15,9.34
318135.000000,0.156,-0.353,0.825,-13.76,13.4,7.75
318135.015000,0.141,-0.342,0.886,-18.46,18.86,8.64
318135.031000,0.146,-0.359,0.928,-20.6,19.23,9.64
318135.031000,0.151,-0.367,0.948,-19.01,17.49,9.16
318135.046000,0.149,-0.36,0.968,-15.11,16.11,8.18
318135.062000,0.148,-0.344,0.967,-11.51,12.33,7.69
318135.062000,0.156,-0.329,0.942,-9.8,7.69,7.84
318135.078000,0.169,-0.317,0.915,-10.35,5.1,8.51
318135.093000,0.181,-0.309,0.897,-13.12,4.58,10.01
318135.093000,0.189,-0.319,0.888,-17.09,6.16,11.87
318135.109000,0.189,-0.33,0.893,-21.79,8.73,13.03
318135.109000,0.188,-0.343,0.912,-24.96,10.96,13.37
318135.125000,0.185,-0.359,0.94,-25.61,11.78,12.82
318135.140000,0.182,-0.374,0.958,-23.59,10.8,11.29
318135.140000,0.185,-0.389,0.969,-19.17,9.49,9.61
318135.156000,0.177,-0.401,0.963,-13.4,8.76,8.39
318135.171000,0.202,-0.576,0.837,11.54,19.65,4.76
318135.171000,0.233,-0.344,1.143,20.81,27.22,-2.47
318135.187000,0.198,-0.356,0.853,12.02,1.19,1.74
318135.187000,0.215,-0.468,0.883,19.68,13.55,4.12
318135.203000,0.183,-0.387,1.039,19.59,22.52,-1.04
318135.218000,0.182,-0.391,0.986,16.72,13.4,-1.5
318135.218000,0.146,-0.365,0.965,17.91,14.16,-2.32
318135.234000,0.13,-0.353,0.981,16.94,15.53,-1.01
318135.250000,0.11,-0.332,0.993,14.34,13.76,0.76
318135.250000,0.096,-0.336,0.961,11.08,9.31,5.1
318135.265000,0.093,-0.354,0.946,7.75,6.41,10.53
318135.281000,0.099,-0.384,0.943,5.71,3.81,14.77
318135.281000,0.119,-0.394,0.928,3.48,0.98,18.16
318135.296000,0.13,-0.407,0.9,2.84,0.12,19.65
318135.296000,0.138,-0.416,0.895,1.46,0.0,18.71
318135.312000,0.15,-0.42,0.891,1.16,0.18,17.76
318135.328000,0.149,-0.432,0.89,3.08,1.83,16.02
318135.328000,0.149,-0.411,0.907,1.98,2.35,13.21
318135.343000,0.152,-0.416,0.89,1.98,2.38,12.18
318135.359000,0.162,-0.42,0.892,1.13,3.27,10.68
318135.359000,0.163,-0.41,0.894,-0.52,3.11,8.67
318135.375000,0.163,-0.392,0.899,-1.16,3.27,7.78
318135.375000,0.164,-0.366,0.899,-2.47,2.47,7.54
318135.390000,0.16,-0.327,0.891,-5.37,1.74,8.42
318135.406000,0.15,-0.329,0.899,-10.83,1.65,10.99
318135.406000,0.147,-0.355,0.912,-15.63,1.31,13.58
318135.421000,0.141,-0.396,0.938,-17.46,0.76,14.25
318135.421000,0.192,-0.674,1.008,-7.51,2.11,14.19
318135.437000,0.171,-0.558,0.975,20.54,4.79,4.43
318135.453000,0.164,-0.188,0.911,27.83,1.28,-3.02
318135.453000,0.187,-0.318,0.836,9.92,-4.58,11.69
318135.468000,0.177,-0.486,0.831,-0.03,0.85,13.34
318135.468000,0.16,-0.458,0.948,-7.17,8.42,7.11
318135.484000,0.145,-0.384,0.948,-10.65,4.94,4.85
318135.500000,0.153,-0.368,0.925,-10.71,3.75,6.93
318135.500000,0.15,-0.386,0.943,-11.75,4.36,8.12
318135.531000,0.13,-0.401,0.961,-13.89,2.81,7.84
318135.531000,0.119,-0.412,0.974,-13.73,1.01,7.69
318135.546000,0.121,-0.393,0.977,-12.24,-1.89,7.29
318135.562000,0.135,-0.387,0.957,-9.09,-2.72,8.09
318135.562000,0.127,-0.396,0.968,-7.11,-2.14,8.82
318135.562000,0.114,-0.416,0.976,-5.43,-3.69,9.13
318135.593000,0.115,-0.381,0.948,-6.87,-7.11,8.03
318135.593000,0.138,-0.399,0.884,-7.42,-7.66,9.0
318135.593000,0.149,-0.417,0.896,-6.78,-3.3,9.64
318135.625000,0.14,-0.418,0.909,-7.35,-1.89,9.46
318135.625000,0.137,-0.451,0.888,-3.11,-0.06,8.82
318135.640000,0.134,-0.407,0.894,2.9,3.3,6.96
318135.640000,0.122,-0.373,0.876,2.84,1.95,7.81
318135.656000,0.134,-0.434,0.87,0.24,1.92,10.86
318135.671000,0.102,-0.458,0.884,4.33,6.65,9.09
318135.671000,0.117,-0.352,0.928,2.87,6.32,7.11
318135.687000,0.102,-0.406,0.872,0.43,2.14,10.86
318135.703000,0.11,-0.371,0.927,-2.14,4.82,9.19
318135.703000,0.121,-0.407,0.89,-4.12,4.24,11.17
318135.718000,0.114,-0.42,0.907,-2.2,8.67,11.26
318135.734000,0.115,-0.385,0.915,-1.1,9.77,11.2
318135.734000,0.127,-0.38,0.897,-0.55,9.19,13.06
318135.750000,0.131,-0.415,0.895,-1.04,9.22,14.4
318135.750000,0.124,-0.394,0.898,-2.38,8.48,13.7
318135.765000,0.124,-0.389,0.896,-5.37,6.99,14.92
318135.781000,0.129,-0.413,0.908,-8.18,6.29,15.93
318135.781000,0.126,-0.439,0.916,-7.45,7.42,15.78
318135.796000,0.12,-0.44,0.936,-3.97,9.19,13.76
318135.796000,0.117,-0.432,0.931,-0.27,9.64,13.28
318135.812000,0.108,-0.452,0.934,4.27,11.11,13.55
318135.828000,0.098,-0.437,0.954,6.01,11.69,12.6
318135.843000,0.092,-0.434,0.943,5.34,10.8,12.12
318135.843000,0.088,-0.451,0.935,4.91,11.38,11.44
318135.859000,0.108,-0.444,0.954,3.36,11.66,9.61
318135.859000,0.062,-0.464,0.938,2.14,9.92,9.03
318135.875000,0.063,-0.394,0.955,0.64,7.93,6.32
318135.890000,0.074,-0.382,0.907,-4.3,2.35,7.02
318135.890000,0.074,-0.405,0.905,-9.31,0.79,8.06
318135.906000,0.067,-0.428,0.913,-10.71,1.46,8.51
318135.921000,0.069,-0.405,0.927,-8.94,2.38,8.33
318135.921000,0.078,-0.417,0.92,-6.99,2.32,9.19
318135.937000,0.075,-0.435,0.925,-5.07,3.17,9.46
318135.953000,0.065,-0.435,0.933,-2.81,3.14,9.58
318135.953000,0.075,-0.437,0.922,-1.89,1.92,9.92
318135.968000,0.082,-0.455,0.919,-1.8,2.29,10.25
318135.984000,0.088,-0.465,0.925,-2.96,2.69,9.95
318135.984000,0.099,-0.49,0.927,-3.27,2.62,9.25
318136.000000,0.103,-0.494,0.938,-2.44,3.05,7.23
318136.000000,0.107,-0.497,0.96,-1.86,3.45,5.55
318136.015000,0.099,-0.504,0.969,-0.58,3.45,4.0
318136.031000,0.08,-0.482,0.984,0.85,3.33,1.98
318136.031000,0.077,-0.483,0.982,2.04,2.32,1.34
318136.046000,0.073,-0.519,1.014,5.98,3.57,-0.03
318136.046000,0.053,-0.463,0.997,6.23,-1.68,-3.69
318136.062000,0.058,-0.414,0.973,4.76,-5.25,-5.01
318136.078000,0.052,-0.397,0.944,0.03,-8.0,-4.18
318136.078000,0.053,-0.39,0.916,-5.22,-8.61,-3.66
318136.093000,0.049,-0.364,0.915,-10.44,-7.75,-2.84
318136.109000,0.046,-0.358,0.904,-15.9,-8.09,-1.62
318136.109000,0.059,-0.4,0.91,-16.08,-5.62,0.21
318136.125000,0.056,-0.408,0.935,-12.27,-3.11,0.12
318136.125000,0.052,-0.396,0.926,-7.75,-4.06,-0.03
318136.140000,0.055,-0.344,0.912,-4.33,-5.4,0.49
318136.156000,0.057,-0.402,0.901,-4.76,-7.29,3.39
318136.171000,0.063,-0.345,0.893,-2.38,-5.07,2.72
318136.171000,0.06,-0.382,0.878,-9.06,-7.2,6.23
318136.187000,0.074,-0.49,0.878,-3.14,-2.32,7.87
318136.203000,0.072,-0.424,0.904,2.75,0.89,4.79
318136.203000,0.067,-0.424,0.858,3.63,-2.08,5.83
318136.218000,0.082,-0.487,0.845,7.78,0.49,7.02
318136.218000,0.075,-0.447,0.868,8.48,2.66,4.97
318136.234000,0.059,-0.431,0.851,4.94,1.65,4.61
318136.250000,0.063,-0.453,0.868,2.5,3.63,4.82
318136.265000,0.062,-0.456,0.886,2.9,6.1,3.51
318136.265000,0.044,-0.424,0.893,4.73,7.9,2.5
318136.281000,0.062,-0.405,0.909,4.46,7.87,3.3
318136.281000,0.072,-0.451,0.92,4.09,7.48,4.88
318136.296000,0.053,-0.404,0.925,4.64,8.09,2.84
318136.312000,0.065,-0.42,0.923,3.78,8.73,4.24
318136.312000,0.065,-0.412,0.935,5.28,9.8,4.12
318136.328000,0.053,-0.381,0.933,0.0,7.57,4.73
318136.328000,0.058,-0.445,0.93,-2.35,7.17,6.81
318136.343000,0.063,-0.454,0.961,-2.69,7.42,5.89
318136.343000,0.061,-0.462,0.966,-0.79,5.52,4.88
318136.359000,0.06,-0.456,0.951,1.22,3.08,3.91
318136.375000,0.07,-0.456,0.934,3.17,1.4,3.63
318136.390000,0.069,-0.453,0.919,2.84,-0.24,3.05
318136.390000,0.07,-0.448,0.908,1.01,-1.25,2.87
318136.406000,0.075,-0.45,0.895,-0.67,-1.13,3.2
318136.421000,0.071,-0.449,0.908,-1.22,0.89,3.57
318136.437000,0.068,-0.438,0.904,-1.37,2.38,4.09
318136.437000,0.057,-0.426,0.902,-5.77,2.01,3.78
318136.453000,0.049,-0.425,0.91,-9.86,2.62,4.64
318136.453000,0.052,-0.451,0.914,-12.09,4.43,6.1
318136.468000,0.078,-0.557,0.966,-10.44,6.35,6.16
318136.484000,0.05,-0.569,0.937,5.25,7.6,0.37
318136.484000,0.04,-0.351,0.96,6.5,0.4,0.98
318136.500000,0.061,-0.468,0.874,5.22,4.15,-1.04
318136.500000,0.055,-0.51,0.902,4.79,5.71,-4.18
318136.500000,0.038,-0.449,0.918,2.56,4.12,-3.45
318136.531000,0.046,-0.439,0.917,2.56,3.81,-2.78
318136.531000,0.057,-0.453,0.918,3.33,4.0,-3.33
318136.531000,0.046,-0.427,0.908,1.77,3.75,-3.02
318136.546000,0.051,-0.436,0.91,-0.37,4.06,-1.83
318136.546000,0.047,-0.437,0.916,-1.4,4.55,-1.37
318136.562000,0.042,-0.437,0.927,-1.83,4.73,-1.13
318136.593000,0.034,-0.423,0.937,-2.59,3.6,-1.43
318136.593000,0.042,-0.439,0.927,-3.91,1.43,-1.43
318136.609000,0.045,-0.469,0.933,0.46,3.14,-1.37
318136.609000,0.045,-0.447,0.944,3.39,2.93,-2.87
318136.625000,0.055,-0.455,0.924,6.81,2.47,-2.84
318136.640000,0.056,-0.454,0.915,10.68,3.81,-3.27
318136.640000,0.057,-0.451,0.908,11.54,4.43,-3.88
318136.656000,0.063,-0.465,0.889,12.94,6.01,-3.81
318136.671000,0.056,-0.431,0.903,12.21,7.63,-4.88
318136.671000,0.052,-0.423,0.887,8.55,6.38,-4.46
318136.687000,0.05,-0.431,0.889,3.69,6.32,-4.18
318136.703000,0.044,-0.424,0.906,-0.49,6.68,-4.79
318136.703000,0.036,-0.418,0.923,-3.33,6.32,-4.61
318136.718000,0.035,-0.413,0.932,-4.36,6.04,-4.06
318136.718000,0.037,-0.411,0.959,-4.21,5.92,-4.03
318136.734000,0.037,-0.416,0.961,-2.62,4.79,-4.18
318136.750000,0.034,-0.413,0.957,0.06,5.16,-4.12
318136.750000,0.031,-0.407,0.957,2.29,6.1,-3.97
318136.765000,0.03,-0.416,0.957,4.36,5.52,-3.88
318136.781000,0.037,-0.426,0.957,7.11,4.7,-4.39
318136.781000,0.042,-0.42,0.947,9.16,3.72,-5.19
318136.796000,0.046,-0.429,0.936,10.1,2.87,-5.68
318136.812000,0.047,-0.43,0.928,10.22,2.87,-6.2
318136.812000,0.045,-0.431,0.928,8.85,2.38,-6.32
318136.828000,0.049,-0.447,0.925,7.17,1.62,-6.29
318136.843000,0.053,-0.441,0.91,5.98,1.04,-6.93
318136.843000,0.054,-0.425,0.897,3.14,1.1,-7.35
318136.859000,0.056,-0.435,0.899,-0.37,1.68,-7.05
318136.859000,0.053,-0.423,0.904,-2.75,2.41,-7.45
318136.875000,0.051,-0.409,0.911,-4.67,3.11,-7.45
318136.890000,0.052,-0.416,0.919,-5.16,3.69,-6.87
318136.890000,0.051,-0.417,0.925,-3.45,4.21,-7.08
318136.906000,0.05,-0.411,0.94,-0.21,4.64,-7.39
318136.921000,0.046,-0.401,0.939,3.39,4.24,-7.2
318136.921000,0.085,-0.633,0.972,12.12,6.26,-6.84
318136.937000,0.027,-0.398,0.979,27.1,7.72,-18.04
318136.937000,0.032,-0.241,0.886,19.75,-0.98,-16.3
318136.953000,0.064,-0.426,0.877,9.95,0.03,-7.05
318136.968000,0.027,-0.408,0.928,4.24,4.09,-9.92
318136.968000,0.029,-0.364,0.931,-0.03,4.09,-10.62
318136.984000,0.053,-0.393,0.947,-0.46,4.15,-8.79
318137.000000,0.048,-0.397,0.945,2.53,3.48,-9.31
318137.000000,0.045,-0.389,0.935,4.85,2.75,-9.58
318137.015000,0.048,-0.385,0.924,5.19,2.29,-8.85
318137.031000,0.052,-0.388,0.915,4.61,2.32,-8.3
318137.031000,0.056,-0.39,0.92,3.6,2.75,-8.18
318137.046000,0.055,-0.392,0.929,2.93,3.23,-8.15
318137.046000,0.053,-0.391,0.929,2.47,3.42,-8.12
318137.062000,0.052,-0.391,0.934,1.46,3.57,-7.84
318137.062000,0.052,-0.389,0.938,-0.24,3.75,-7.17
318137.078000,0.051,-0.383,0.946,-2.23,3.97,-6.29
318137.093000,0.053,-0.38,0.952,-4.64,3.88,-4.91
318137.109000,0.055,-0.38,0.95,-6.68,4.06,-3.75
318137.109000,0.046,-0.375,0.953,-8.45,4.3,-2.93
318137.125000,0.041,-0.383,0.957,-9.74,3.91,-1.92
318137.140000,0.039,-0.4,0.962,-8.0,3.78,-1.04
318137.140000,0.041,-0.416,0.946,-4.15,2.96,-1.16
318137.156000,0.066,-0.479,0.907,4.3,3.78,-1.22
318137.156000,0.071,-0.47,0.916,17.27,7.9,-3.05
318137.171000,0.073,-0.417,0.881,19.47,5.25,-5.89
318137.187000,0.089,-0.406,0.837,17.0,5.04,-6.87
318137.203000,0.093,-0.417,0.822,11.14,9.92,-7.35
318137.203000,0.098,-0.393,0.846,3.39,17.09,-8.64
318137.203000,0.087,-0.342,0.861,-9.25,18.31,-8.58
318137.234000,0.017,-0.394,0.872,-24.78,16.54,-6.59
318137.234000,0.063,-0.436,0.925,-34.09,17.7,-6.47
318137.250000,0.087,-0.398,0.922,-41.29,16.85,-9.92
318137.250000,0.014,-0.364,0.927,-51.61,13.06,-11.78
318137.265000,0.039,-0.398,0.936,-57.07,12.15,-6.99
318137.281000,0.048,-0.407,0.95,-60.12,12.21,-5.1
318137.296000,0.018,-0.41,0.968,-60.76,12.51,-3.33
318137.296000,0.026,-0.449,0.97,-58.5,11.47,-0.21
318137.312000,0.029,-0.49,0.956,-52.52,11.17,-0.12
318137.312000,0.016,-0.472,0.959,-45.11,11.81,-1.62
318137.328000,-0.002,-0.495,0.956,-36.29,10.68,-1.34
318137.343000,-0.002,-0.539,0.959,-26.09,7.54,0.27
318137.343000,0.009,-0.589,0.911,-12.05,4.15,-2.62
318137.359000,-0.006,-0.529,0.93,2.9,9.74,-9.31
318137.359000,-0.056,-0.467,0.968,13.79,19.71,-8.03
318137.375000,0.126,-0.471,0.898,17.7,13.52,-5.46
318137.390000,-0.04,-0.378,0.834,-3.72,-1.16,-13.37
318137.406000,-0.02,-0.474,0.83,-15.5,-1.16,-3.08
318137.406000,0.042,-0.516,0.872,-18.16,3.85,-0.98
318137.421000,0.048,-0.458,0.872,-19.68,1.16,-2.5
318137.421000,0.041,-0.446,0.806,-20.02,-0.79,-1.22
318137.437000,0.053,-0.463,0.836,-20.75,2.29,-1.19
318137.437000,0.048,-0.48,0.843,-22.92,1.4,-0.98
318137.453000,0.037,-0.502,0.819,-25.12,0.43,1.04
318137.468000,0.045,-0.522,0.786,-29.57,-0.43,4.46
318137.468000,0.042,-0.534,0.724,-38.64,-1.25,5.8
318137.484000,0.068,-0.574,0.621,-56.34,-0.67,6.78
318137.484000,0.075,-0.624,0.535,-86.92,1.04,5.49
318137.500000,0.093,-0.621,0.475,-123.45,7.2,0.18
318137.515000,0.096,-0.56,0.463,-156.65,18.13,-6.16
318137.531000,0.086,-0.562,0.426,-184.27,27.19,-9.83
318137.531000,0.041,-0.547,0.485,-206.76,44.4,-14.74
318137.546000,0.015,-0.669,0.588,-220.86,49.35,-6.44
318137.562000,-0.11,-0.731,0.6,-228.71,58.44,2.47
318137.562000,-0.11,-0.76,0.658,-232.34,78.1,9.61
318137.562000,-0.193,-0.715,0.68,-245.92,86.55,11.02
318137.593000,-0.314,-0.868,0.876,-254.62,100.74,27.95
318137.593000,-0.229,-1.092,0.989,-243.75,98.54,37.75
318137.593000,-0.24,-1.115,1.051,-229.41,80.87,27.07
318137.625000,-0.275,-1.114,1.099,-200.96,62.44,18.31
318137.625000,-0.239,-1.121,1.068,-161.69,42.3,13.12
318137.625000,-0.21,-1.092,0.998,-123.17,22.34,8.12
318137.640000,-0.166,-1.053,0.91,-86.89,7.57,3.36
318137.656000,-0.141,-0.992,0.815,-59.02,-3.17,-3.23
318137.671000,-0.117,-0.924,0.728,-44.68,-11.9,-9.37
318137.671000,-0.102,-0.873,0.647,-39.46,-18.92,-13.18
318137.687000,-0.089,-0.837,0.582,-41.9,-24.32,-14.62
318137.703000,-0.074,-0.825,0.533,-49.59,-28.2,-14.01
318137.718000,-0.071,-0.831,0.506,-59.72,-30.58,-12.63
318137.718000,-0.076,-0.851,0.492,-70.68,-32.04,-10.65
318137.718000,-0.107,-0.786,0.443,-81.33,-32.17,-8.7
318137.734000,-0.116,-0.581,0.341,-90.98,-25.54,4.73
318137.750000,-0.055,-0.772,0.316,-114.41,-19.53,24.51
318137.765000,-0.061,-0.973,0.307,-147.62,-17.3,23.65
318137.765000,-0.083,-1.002,0.315,-173.74,-12.42,10.38
318137.781000,-0.116,-0.966,0.32,-193.64,-10.9,0.37
318137.796000,-0.126,-0.962,0.288,-208.44,-11.78,-0.46
318137.796000,-0.111,-1.001,0.243,-218.39,-12.94,2.72
318137.812000,-0.092,-1.038,0.209,-222.33,-12.3,4.46
318137.812000,-0.066,-1.064,0.203,-221.23,-10.99,4.3
318137.828000,-0.055,-1.114,0.208,-210.21,-10.04,1.62
318137.828000,-0.036,-1.166,0.192,-189.21,-10.04,-4.06
318137.843000,-0.027,-1.158,0.171,-164.13,-8.33,-13.76
318137.859000,-0.042,-1.134,0.146,-135.2,-7.81,-21.58
318137.875000,-0.047,-1.096,0.109,-97.66,-8.33,-22.64
318137.875000,-0.051,-1.06,0.054,-47.79,-9.46,-15.75
318137.890000,-0.062,-1.06,-0.084,-7.48,-11.81,-11.63
318137.890000,-0.044,-0.985,-0.127,-0.24,-11.47,-15.63
318137.906000,-0.027,-0.89,-0.16,0.46,-8.88,-17.15
318137.921000,-0.019,-0.796,-0.156,-5.4,-3.33,-11.51
318137.921000,-0.045,-0.847,-0.205,-11.02,-0.06,2.53
318137.937000,-0.046,-1.023,-0.274,-7.26,15.44,10.01
318137.953000,-0.005,-1.07,-0.191,-18.62,35.55,3.72
318137.953000,-0.042,-1.084,-0.179,-25.97,48.22,-6.2
318137.968000,-0.107,-1.043,-0.105,-30.52,55.15,-10.56
318137.968000,-0.115,-1.004,-0.045,-33.63,53.77,-7.6
318137.984000,-0.193,-0.773,-0.043,-34.39,49.59,-2.35
318138.000000,-0.102,-0.89,-0.05,-29.79,49.2,14.28
318138.015000,-0.097,-1.009,0.013,-45.63,39.31,18.89
318138.015000,-0.124,-1.038,0.015,-51.06,31.04,14.77
318138.031000,-0.12,-1.018,0.058,-49.44,28.05,10.77
318138.031000,-0.066,-1.109,0.052,-42.51,24.81,7.48
318138.046000,-0.033,-1.243,0.161,-43.95,14.5,-3.97
318138.062000,-0.059,-1.211,0.155,1.13,-6.71,-29.11
318138.062000,-0.09,-1.051,0.064,32.44,0.58,-27.16
318138.062000,-0.038,-1.01,-0.044,42.73,0.82,-27.22
318138.078000,0.016,-1.029,0.073,61.89,-9.0,-27.04
318138.093000,-0.036,-1.028,-0.004,68.51,-10.62,-27.83
318138.109000,-0.035,-0.984,-0.069,64.21,-4.79,-29.97
318138.109000,0.017,-0.92,-0.05,53.04,-1.74,-29.51
318138.109000,0.024,-0.956,-0.024,35.71,0.18,-30.0
318138.125000,0.027,-0.975,0.038,19.56,4.15,-33.3
318138.140000,0.015,-0.961,0.104,7.39,3.17,-35.77
318138.156000,0.009,-0.928,0.118,3.2,-2.59,-34.64
318138.156000,0.027,-0.921,0.101,4.73,-7.42,-29.48
318138.171000,0.04,-0.94,0.076,6.53,-13.0,-24.35
318138.187000,0.035,-0.966,0.047,7.69,-17.64,-21.36
318138.187000,0.042,-1.003,0.039,8.33,-20.72,-20.11
318138.187000,0.056,-1.032,0.061,9.92,-25.06,-22.19
318138.203000,0.067,-0.966,0.09,11.69,-36.1,-25.51
318138.234000,0.089,-1.005,-0.071,16.14,-50.11,-20.81
318138.234000,0.108,-1.034,-0.228,18.49,-36.23,-16.54
318138.250000,0.074,-0.903,-0.088,14.19,-0.18,-26.43
318138.250000,0.072,-0.84,0.033,5.1,8.21,-30.61
318138.250000,0.059,-0.834,0.033,-5.92,0.37,-25.24
318138.281000,0.042,-0.927,-0.042,-9.77,-1.43,-18.37
318138.281000,0.052,-1.034,-0.024,-16.08,2.78,-18.25
318138.296000,0.053,-1.033,0.055,-26.86,2.11,-25.09
318138.312000,0.045,-1.0,0.117,-32.26,-3.66,-30.61
318138.312000,0.048,-1.004,0.14,-24.35,-10.32,-33.08
318138.328000,0.062,-1.037,0.126,-8.55,-15.29,-32.72
318138.343000,0.072,-1.061,0.111,7.08,-19.68,-32.32
318138.343000,0.083,-1.042,0.078,22.34,-22.68,-32.01
318138.359000,0.1,-1.036,0.03,34.03,-23.87,-29.91
318138.359000,0.111,-1.051,-0.004,37.81,-24.26,-29.45
318138.375000,0.111,-1.029,-0.021,36.59,-23.8,-31.68
318138.390000,0.114,-0.992,-0.036,34.15,-22.61,-32.53
318138.390000,0.13,-0.979,-0.024,30.06,-19.35,-32.01
318138.406000,0.142,-0.934,-0.004,24.96,-17.61,-32.53
318138.421000,0.145,-0.877,-0.02,21.94,-17.15,-31.19
318138.421000,0.144,-0.904,-0.065,18.22,-14.04,-25.91
318138.437000,0.165,-1.023,-0.027,9.31,-6.16,-24.23
318138.453000,0.165,-1.003,0.032,1.43,-2.69,-26.64
318138.453000,0.138,-1.008,0.049,-5.62,-3.88,-27.1
318138.468000,0.132,-0.991,0.056,-8.64,-5.55,-28.02
318138.468000,0.141,-0.833,0.073,-4.88,-5.74,-25.82
318138.484000,0.082,-0.535,-0.09,-5.28,-11.72,-7.02
318138.484000,0.211,-1.31,-0.063,-23.87,2.99,1.5
318138.500000,0.237,-1.293,0.197,-27.34,8.18,-27.56
318138.515000,0.15,-0.963,0.118,-6.74,-3.72,-31.04
318138.531000,0.144,-0.852,0.005,6.2,-9.52,-20.84
318138.531000,0.19,-0.899,0.009,7.17,-6.5,-11.63
318138.546000,0.197,-0.935,0.029,5.31,-6.56,-8.12
318138.562000,0.17,-0.973,0.026,10.1,-4.91,-6.13
318138.562000,0.15,-0.995,0.041,15.78,-0.64,-1.65
318138.578000,0.148,-0.998,0.047,17.46,1.04,4.33
318138.593000,0.158,-0.983,0.035,17.88,1.43,7.35
318138.593000,0.163,-0.96,0.029,16.36,1.8,6.68
318138.593000,0.171,-0.951,0.039,12.33,1.89,5.77
318138.609000,0.17,-0.951,0.045,8.97,0.7,4.52
318138.625000,0.174,-0.945,0.057,9.89,0.34,2.53
318138.640000,0.165,-0.944,0.069,14.77,0.34,1.4
318138.656000,0.149,-0.959,0.073,20.33,0.03,2.59
318138.656000,0.135,-0.983,0.083,26.25,-0.06,5.62
318138.671000,0.118,-1.031,0.11,33.48,-0.09,10.38
318138.671000,0.119,-1.064,0.121,44.59,0.43,16.05
318138.687000,0.125,-1.037,0.109,56.92,0.89,20.26
318138.703000,0.135,-1.0,0.111,63.6,0.43,23.13
318138.703000,0.158,-0.995,0.09,68.06,-1.77,22.52
318138.718000,0.177,-0.961,0.096,68.7,-3.17,17.33
318138.718000,0.183,-0.935,0.104,68.36,-4.76,12.45
318138.734000,0.179,-0.919,0.097,64.21,-6.9,10.68
318138.750000,0.168,-0.901,0.088,54.11,-8.24,10.68
318138.765000,0.155,-0.913,0.081,42.15,-6.93,11.41
318138.765000,0.143,-0.937,0.084,33.27,-1.46,12.21
318138.781000,0.138,-0.963,0.122,24.63,6.41,12.91
318138.781000,0.126,-0.992,0.165,15.93,10.44,13.15
318138.796000,0.117,-1.021,0.203,9.43,10.44,12.63
318138.812000,0.116,-1.038,0.231,7.42,8.15,11.26
318138.812000,0.12,-1.034,0.238,9.61,4.27,9.06
318138.828000,0.125,-1.022,0.236,12.97,0.27,6.68
318138.828000,0.121,-1.011,0.228,16.11,-2.66,4.7
318138.843000,0.113,-1.002,0.221,16.21,-5.1,3.75
318138.859000,0.109,-1.002,0.21,13.86,-6.35,3.81
318138.859000,0.106,-1.014,0.201,13.58,-6.23,4.0
318138.875000,0.096,-1.008,0.186,14.92,-4.64,3.66
318138.875000,0.101,-0.996,0.171,13.79,-2.38,4.03
318138.890000,0.121,-1.026,0.179,11.81,0.37,3.08
318138.906000,0.127,-1.063,0.21,13.52,3.63,-2.56
318138.906000,0.12,-1.088,0.245,18.92,5.43,-10.8
318138.921000,0.112,-1.091,0.279,22.37,3.42,-18.31
318138.937000,0.119,-1.116,0.314,27.89,-0.12,-25.18
318138.937000,0.125,-1.145,0.292,43.15,-2.78,-32.41
318138.953000,0.127,-1.095,0.336,50.94,-5.16,-40.44
318138.953000,0.134,-1.04,0.31,54.81,-14.5,-43.61
318138.968000,0.146,-1.014,0.282,55.09,-20.63,-42.79
318138.984000,0.169,-1.002,0.271,52.58,-22.43,-41.63
318139.000000,0.183,-0.996,0.271,49.47,-22.83,-41.23
318139.000000,0.196,-0.988,0.274,47.06,-21.18,-41.47
318139.015000,0.208,-0.991,0.267,44.68,-18.22,-42.09
318139.015000,0.222,-1.007,0.289,45.29,-14.68,-44.4
318139.031000,0.232,-1.016,0.298,48.55,-13.46,-49.2
318139.046000,0.236,-0.996,0.293,47.94,-13.79,-55.21
318139.046000,0.242,-0.965,0.284,44.8,-14.53,-60.4
318139.062000,0.247,-0.944,0.266,42.82,-14.59,-64.0
318139.078000,0.258,-0.915,0.262,39.46,-12.51,-65.61
318139.078000,0.265,-0.88,0.267,34.52,-10.13,-64.21
318139.093000,0.274,-0.867,0.259,29.05,-7.97,-59.88
318139.093000,0.277,-0.863,0.259,23.22,-5.65,-55.33
318139.109000,0.277,-0.854,0.267,16.27,-3.78,-49.96
318139.125000,0.276,-0.835,0.271,9.0,-3.97,-44.07
318139.140000,0.279,-0.827,0.259,2.66,-5.92,-37.97
318139.140000,0.29,-0.84,0.257,-3.81,-6.65,-31.25
318139.156000,0.295,-0.866,0.278,-8.79,-5.01,-25.21
318139.171000,0.304,-0.878,0.321,-11.87,-4.33,-21.18
318139.171000,0.303,-0.881,0.34,-13.4,-7.02,-19.59
318139.187000,0.304,-0.881,0.337,-14.77,-10.59,-18.1
318139.203000,0.306,-0.891,0.347,-14.01,-13.06,-16.88
318139.203000,0.307,-0.905,0.341,-11.44,-14.98,-17.73
318139.218000,0.308,-0.906,0.341,-8.67,-16.39,-19.26
318139.218000,0.304,-0.904,0.329,-7.2,-16.91,-19.26
318139.234000,0.306,-0.891,0.326,-8.91,-16.14,-19.32
318139.250000,0.313,-0.872,0.321,-11.26,-15.93,-19.75
318139.250000,0.315,-0.857,0.317,-14.68,-15.23,-18.37
318139.265000,0.322,-0.841,0.307,-18.52,-14.65,-15.53
318139.281000,0.341,-0.83,0.302,-22.49,-14.31,-11.66
318139.281000,0.347,-0.834,0.292,-29.45,-14.56,-6.32
318139.296000,0.349,-0.876,0.264,-34.67,-14.86,-1.31
318139.312000,0.357,-0.879,0.251,-36.59,-14.31,-0.12
318139.343000,0.362,-0.855,0.237,-38.73,-14.47,0.52
318139.343000,0.355,-0.878,0.203,-39.61,-15.08,2.11
318139.343000,0.361,-0.903,0.211,-40.22,-13.67,1.77
318139.359000,0.357,-0.88,0.203,-40.41,-12.18,0.82
318139.359000,0.361,-0.892,0.18,-37.48,-8.94,0.82
318139.359000,0.364,-0.882,0.168,-35.8,-5.34,0.37
318139.375000,0.37,-0.863,0.172,-41.08,-3.88,1.95
318139.390000,0.366,-0.879,0.166,-48.01,-3.27,3.48
318139.390000,0.367,-0.91,0.179,-49.35,1.13,3.05
318139.406000,0.358,-0.913,0.198,-49.01,4.03,1.56
318139.421000,0.35,-0.915,0.205,-48.04,4.18,1.37
318139.421000,0.341,-0.926,0.209,-45.69,3.54,1.53
318139.437000,0.326,-0.948,0.209,-44.37,1.89,2.23
318139.453000,0.356,-0.972,0.202,-44.25,0.03,1.22
318139.453000,0.401,-0.862,0.191,-34.49,0.37,-2.23
318139.468000,0.367,-0.902,0.179,-25.09,1.43,-0.95
318139.468000,0.333,-0.913,0.173,-25.61,0.64,-0.49
318139.484000,0.351,-0.924,0.173,-25.97,-1.16,0.06
318139.500000,0.352,-0.934,0.166,-26.46,-1.68,-0.31
318139.500000,0.341,-0.939,0.159,-26.7,-1.01,-1.19
318139.515000,0.353,-0.93,0.157,-26.49,-0.73,-1.62
318139.531000,0.353,-0.925,0.146,-27.22,-1.07,-2.01
318139.531000,0.351,-0.913,0.137,-25.3,-0.43,-3.45
318139.546000,0.35,-0.901,0.133,-24.23,-0.79,-4.09
318139.546000,0.353,-0.897,0.126,-22.89,-1.71,-4.21
318139.562000,0.358,-0.896,0.123,-20.39,-2.47,-4.36
318139.578000,0.356,-0.902,0.124,-18.89,-2.99,-3.91
318139.593000,0.355,-0.925,0.129,-17.27,-3.08,-4.0
318139.593000,0.355,-0.93,0.137,-15.47,-3.14,-4.97
318139.609000,0.35,-0.932,0.129,-15.44,-4.12,-4.7
318139.609000,0.346,-0.931,0.121,-13.76,-4.55,-4.43
318139.625000,0.349,-0.913,0.108,-12.67,-4.7,-3.45
318139.640000,0.352,-0.914,0.092,-9.92,-3.51,-2.75
318139.640000,0.351,-0.897,0.091,-8.61,-2.72,-1.77
318139.656000,0.356,-0.878,0.073,-8.58,-1.28,-0.55
318139.656000,0.361,-0.887,0.071,-9.4,-0.12,-0.76
318139.671000,0.359,-0.906,0.076,-8.94,0.34,-1.28
318139.687000,0.36,-0.925,0.095,-7.93,-0.12,-2.2
318139.687000,0.351,-0.948,0.087,-10.9,-2.72,-1.19
318139.703000,0.359,-0.963,0.09,-8.55,-0.89,-3.51
318139.718000,0.362,-0.943,0.112,-5.62,-0.64,-5.13
318139.734000,0.364,-0.951,0.1,-6.13,-2.69,-5.77
318139.734000,0.37,-0.943,0.112,-3.69,-3.17,-7.35
318139.750000,0.37,-0.931,0.11,-4.27,-5.22,-7.81
318139.750000,0.374,-0.907,0.094,-5.04,-7.42,-7.26
318139.765000,0.381,-0.902,0.075,-3.14,-7.69,-6.9
318139.781000,0.382,-0.9,0.077,-0.67,-6.35,-8.15
318139.781000,0.38,-0.903,0.066,0.55,-5.86,-9.13
318139.796000,0.378,-0.896,0.055,2.5,-4.82,-11.08
318139.812000,0.37,-0.882,0.053,3.51,-3.66,-13.06
318139.812000,0.369,-0.888,0.052,3.11,-2.56,-12.33
318139.828000,0.364,-0.903,0.065,2.38,-0.95,-9.77
318139.828000,0.362,-0.922,0.071,1.25,0.92,-5.8
318139.843000,0.371,-0.928,0.083,-0.46,3.02,-1.8
318139.859000,0.381,-0.944,0.096,-1.98,4.15,0.27
318139.875000,0.386,-0.945,0.116,-3.02,3.91,0.21
318139.875000,0.381,-0.94,0.113,-3.2,2.14,-0.82
318139.890000,0.379,-0.929,0.104,-2.2,0.46,-1.77
318139.890000,0.383,-0.928,0.098,-0.73,-1.07,-3.02
318139.906000,0.387,-0.927,0.099,0.06,-2.29,-4.79
318139.921000,0.382,-0.934,0.095,0.79,-3.33,-6.01
318139.921000,0.39,-0.945,0.09,3.36,-3.91,-5.68
318139.937000,0.391,-0.935,0.072,4.58,-3.54,-6.2
318139.953000,0.388,-0.939,0.066,3.39,-1.46,-5.68
318139.953000,0.39,-0.932,0.068,1.59,-0.12,-5.16
318139.968000,0.39,-0.926,0.069,-0.61,0.34,-5.04
318139.984000,0.391,-0.921,0.073,-2.26,0.31,-5.04
318139.984000,0.394,-0.918,0.074,-3.02,0.18,-4.91
318140.000000,0.398,-0.924,0.075,-2.96,0.0,-5.65
318140.015000,0.399,-0.929,0.083,-1.77,0.06,-7.42
318140.015000,0.401,-0.921,0.09,0.18,-0.34,-9.25
318140.031000,0.403,-0.912,0.085,0.64,-1.5,-10.28
318140.031000,0.402,-0.917,0.075,-1.04,-2.29,-9.0
318140.046000,0.4,-0.922,0.072,-2.59,-1.62,-7.11
318140.046000,0.398,-0.925,0.07,-4.06,-0.73,-5.25
318140.062000,0.4,-0.925,0.075,-4.76,0.64,-4.64
318140.078000,0.398,-0.93,0.078,-4.52,1.74,-5.46
318140.093000,0.397,-0.923,0.081,-4.88,2.17,-6.78
318140.093000,0.4,-0.917,0.084,-5.77,1.62,-7.63
318140.109000,0.401,-0.912,0.086,-5.74,0.76,-8.48
318140.109000,0.4,-0.902,0.082,-6.01,-0.37,-8.91
318140.125000,0.406,-0.893,0.083,-5.55,-1.1,-9.37
318140.140000,0.41,-0.888,0.078,-5.04,-1.98,-8.97
318140.140000,0.41,-0.887,0.073,-4.43,-2.08,-7.84
318140.156000,0.41,-0.893,0.073,-2.75,-1.43,-6.78
318140.171000,0.406,-0.889,0.067,-0.7,-0.73,-5.89
318140.171000,0.404,-0.887,0.069,0.43,0.09,-5.1
318140.187000,0.405,-0.889,0.077,1.13,0.46,-4.55
318140.187000,0.406,-0.898,0.078,2.23,0.37,-3.88
318140.203000,0.408,-0.899,0.078,3.42,0.09,-3.97
318140.218000,0.409,-0.895,0.073,3.85,-0.34,-4.7
318140.234000,0.41,-0.892,0.077,4.15,-0.76,-5.16
318140.234000,0.415,-0.88,0.073,4.0,-1.71,-5.58
318140.234000,0.415,-0.881,0.067,3.45,-2.44,-4.97
318140.250000,0.418,-0.891,0.069,3.66,-2.87,-4.06
318140.265000,0.416,-0.896,0.073,4.24,-3.3,-4.18
318140.281000,0.422,-0.898,0.074,4.79,-3.3,-4.15
318140.281000,0.425,-0.906,0.072,4.24,-3.14,-3.66
318140.296000,0.428,-0.917,0.074,2.56,-2.78,-2.72
318140.296000,0.433,-0.92,0.078,0.18,-2.14,-2.23
318140.312000,0.428,-0.919,0.079,-1.68,-1.13,-1.31
318140.328000,0.425,-0.918,0.085,-2.14,-0.46,-0.61
318140.343000,0.424,-0.912,0.089,-2.78,-0.7,0.18
318140.343000,0.422,-0.907,0.086,-2.78,-1.34,1.19
318140.359000,0.425,-0.911,0.085,-2.5,-1.8,1.4
318140.359000,0.422,-0.915,0.084,-2.23,-2.17,0.52
318140.375000,0.42,-0.923,0.079,-1.89,-2.35,-0.79
318140.390000,0.417,-0.924,0.085,-0.98,-2.29,-2.81
318140.390000,0.415,-0.919,0.077,0.03,-2.75,-4.06
318140.406000,0.417,-0.917,0.07,0.85,-2.9,-4.03
318140.421000,0.417,-0.913,0.064,0.64,-2.14,-3.85
318140.421000,0.417,-0.913,0.058,0.24,-0.79,-3.42
318140.437000,0.418,-0.907,0.052,-0.43,0.27,-2.41
318140.453000,0.418,-0.905,0.053,-1.25,1.34,-1.89
318140.453000,0.416,-0.894,0.055,-1.56,2.14,-1.65
318140.468000,0.417,-0.887,0.052,-1.4,2.2,-0.95
318140.468000,0.419,-0.89,0.048,-1.62,2.32,-0.46
318140.484000,0.42,-0.889,0.051,-2.26,2.53,-0.49
318140.500000,0.423,-0.885,0.056,-2.59,2.44,-0.73
318140.500000,0.425,-0.892,0.057,-2.56,2.62,-0.67
318140.515000,0.42,-0.901,0.064,-3.66,3.48,-0.89
318140.531000,0.419,-0.903,0.073,-5.65,3.72,-0.98
318140.531000,0.426,-0.906,0.084,-7.23,2.81,-0.67
318140.546000,0.429,-0.908,0.091,-8.42,1.37,-0.31
318140.546000,0.432,-0.909,0.083,-8.36,-0.06,0.24
318140.562000,0.439,-0.902,0.079,-8.12,-1.07,0.43
318140.578000,0.443,-0.895,0.071,-9.0,-2.41,0.06
318140.593000,0.443,-0.893,0.06,-9.43,-3.57,-1.13
318140.593000,0.44,-0.884,0.054,-10.35,-4.49,-2.14
318140.609000,0.442,-0.876,0.046,-12.82,-5.25,-2.66
318140.609000,0.455,-0.875,0.052,-14.59,-5.86,-2.72
318140.625000,0.453,-0.862,0.052,-17.15,-7.26,-2.17
318140.640000,0.454,-0.875,0.033,-17.94,-6.84,-0.76
318140.640000,0.45,-0.871,0.031,-15.87,-2.81,1.53
318140.640000,0.435,-0.876,0.016,-14.95,1.4,4.67
318140.656000,0.426,-0.897,0.026,-14.5,5.28,5.25
318140.671000,0.414,-0.907,0.049,-13.12,7.32,3.72
318140.687000,0.406,-0.911,0.057,-10.13,8.06,3.33
318140.687000,0.402,-0.907,0.057,-7.32,7.93,4.33
318140.703000,0.399,-0.902,0.055,-6.29,7.17,5.89
318140.703000,0.399,-0.905,0.053,-7.08,6.59,7.39
318140.718000,0.399,-0.91,0.048,-8.12,6.07,9.03
318140.734000,0.397,-0.914,0.042,-8.45,5.95,10.04
318140.750000,0.4,-0.918,0.042,-8.58,5.89,10.28
318140.750000,0.4,-0.92,0.035,-8.61,5.1,10.01
318140.765000,0.397,-0.92,0.028,-8.85,4.27,9.89
318140.765000,0.401,-0.923,0.02,-9.46,3.33,9.95
318140.781000,0.403,-0.919,0.013,-10.74,3.11,9.52
318140.781000,0.403,-0.92,0.01,-12.05,3.23,9.64
318140.812000,0.404,-0.927,0.01,-13.0,3.05,9.4
318140.812000,0.404,-0.938,0.02,-12.97,2.75,8.3
318140.812000,0.402,-0.934,0.026,-11.35,2.44,7.29
318140.843000,0.398,-0.928,0.025,-8.79,1.92,7.05
318140.843000,0.396,-0.925,0.022,-6.38,1.77,7.6
318140.859000,0.396,-0.923,0.019,-4.0,2.53,8.33
318140.875000,0.394,-0.911,0.011,-1.37,3.57,9.46
318140.875000,0.395,-0.886,-0.002,0.61,5.68,11.51
318140.890000,0.398,-0.867,-0.002,1.28,9.49,14.44
318140.890000,0.403,-0.87,0.01,2.69,13.21,17.37
318140.906000,0.409,-0.88,0.031,5.55,15.41,19.47
318140.921000,0.416,-0.883,0.052,8.3,15.08,20.94
318140.921000,0.419,-0.875,0.062,10.35,12.85,22.06
318140.937000,0.417,-0.874,0.065,13.28,10.35,23.29
318140.953000,0.414,-0.874,0.082,17.21,7.69,24.32
318140.953000,0.398,-0.872,0.065,20.08,2.44,25.94
318140.968000,0.377,-0.869,0.054,21.52,-0.4,25.39
318140.968000,0.382,-0.811,0.075,24.66,-2.47,25.91
318140.984000,0.37,-0.823,0.066,25.91,-7.42,30.67
318141.000000,0.349,-0.862,0.057,29.18,-9.37,34.15
318141.015000,0.343,-0.905,0.073,27.56,-11.11,35.8
318141.015000,0.335,-0.916,0.063,26.55,-13.49,34.27
318141.031000,0.321,-0.893,0.059,28.47,-13.34,30.64
318141.031000,0.31,-0.839,0.054,31.25,-13.73,29.15
318141.046000,0.334,-0.796,0.052,29.39,-16.36,33.72
318141.062000,0.341,-0.795,0.05,20.02,-18.8,40.35
318141.062000,0.352,-0.815,0.066,16.88,-18.52,44.74
318141.078000,0.362,-0.842,0.095,19.59,-16.3,46.42
318141.093000,0.354,-0.859,0.1,25.33,-12.76,45.5
318141.093000,0.327,-0.89,0.099,34.0,-6.44,44.31
318141.109000,0.291,-0.914,0.11,40.93,-1.04,46.27
318141.109000,0.264,-0.959,0.107,42.85,4.73,51.97
318141.125000,0.238,-1.008,0.146,43.28,10.5,57.19
318141.140000,0.198,-1.047,0.157,40.25,10.68,61.37
318141.140000,0.227,-1.17,0.27,36.53,11.38,62.69
318141.156000,0.109,-1.39,0.213,44.89,6.74,34.46
318141.171000,0.141,-1.087,0.154,79.1,1.31,14.71
318141.171000,0.218,-0.831,0.152,78.83,-5.4,33.97
318141.187000,0.25,-0.724,0.135,42.82,-17.18,56.76
318141.187000,0.192,-1.003,0.015,28.41,-17.24,71.75
318141.203000,0.213,-1.119,0.173,19.71,4.09,53.87
318141.218000,0.188,-1.077,0.23,18.13,1.13,44.95
318141.218000,0.19,-1.018,0.248,14.01,-1.56,41.99
318141.234000,0.194,-0.994,0.253,14.19,-3.91,41.17
318141.250000,0.185,-1.047,0.256,23.35,-4.43,34.46
318141.250000,0.184,-1.119,0.309,37.6,-7.72,21.67
318141.265000,0.171,-1.133,0.349,52.16,-12.54,8.51
318141.265000,0.16,-1.148,0.33,68.18,-15.99,-1.4
318141.281000,0.168,-1.168,0.313,87.41,-13.67,-13.31
318141.296000,0.156,-1.101,0.316,107.7,-9.28,-27.83
318141.312000,0.135,-0.893,0.326,124.45,-6.13,-30.21
318141.312000,0.139,-0.934,0.219,132.85,-5.25,-15.02
318141.328000,0.122,-0.958,0.293,123.05,6.23,-10.38
318141.343000,0.102,-0.857,0.227,136.78,12.57,-6.35
318141.343000,0.077,-0.808,0.132,178.81,33.6,8.06
318141.359000,0.101,-0.843,0.302,178.11,50.66,18.8
318141.359000,0.073,-0.824,0.358,136.57,39.55,13.52
318141.375000,0.029,-0.819,0.451,97.14,26.64,3.39
318141.390000,-0.016,-1.088,0.532,88.11,15.59,-14.59
318141.390000,-0.002,-0.827,0.588,120.27,14.56,-44.16
318141.406000,0.045,-0.562,0.5,114.26,0.31,-32.17
318141.406000,0.084,-0.685,0.376,91.46,-10.65,-5.04
318141.421000,0.151,-0.867,0.444,85.39,-2.62,3.57
318141.421000,0.178,-0.96,0.502,90.3,-0.95,-2.44
318141.437000,0.182,-1.015,0.51,97.05,-6.84,-10.65
318141.453000,0.2,-1.068,0.448,115.12,-10.25,-18.86
318141.453000,0.241,-1.003,0.427,142.67,-5.25,-26.61
318141.468000,0.238,-0.938,0.454,164.89,-1.59,-29.57
318141.484000,0.255,-0.984,0.45,188.73,7.05,-28.41
318141.500000,0.288,-0.945,0.479,202.4,16.91,-29.85
318141.515000,0.265,-0.777,0.51,191.69,19.75,-30.34
318141.515000,0.274,-0.723,0.579,180.18,24.23,-23.59
318141.515000,0.312,-0.732,0.664,171.67,29.69,-19.23
318141.531000,0.319,-0.691,0.738,161.29,31.37,-21.36
318141.546000,0.307,-0.621,0.787,151.19,28.87,-25.57
318141.546000,0.33,-0.592,0.794,137.21,24.75,-30.37
318141.578000,0.369,-0.591,0.767,116.4,24.9,-40.47
318141.578000,0.372,-0.597,0.818,91.86,29.79,-54.26
318141.593000,0.348,-0.646,0.924,72.76,32.01,-68.79
318141.593000,0.281,-0.678,0.959,57.65,22.71,-83.35
318141.593000,0.247,-0.616,0.928,47.98,8.64,-91.37
318141.609000,0.251,-0.572,0.941,57.07,6.1,-91.22
318141.625000,0.242,-0.585,0.936,72.18,4.03,-83.59
318141.625000,0.254,-0.56,0.901,84.02,-0.73,-72.08
318141.640000,0.266,-0.505,0.868,95.34,-1.01,-62.81
318141.656000,0.282,-0.432,0.84,99.77,1.1,-53.96
318141.671000,0.296,-0.373,0.808,93.72,2.08,-44.62
318141.671000,0.302,-0.355,0.795,82.22,3.54,-37.48
318141.687000,0.296,-0.35,0.813,71.6,5.55,-33.69
318141.687000,0.287,-0.358,0.84,64.03,6.65,-29.82
318141.703000,0.282,-0.386,0.89,61.65,6.68,-26.7
318141.718000,0.275,-0.426,0.932,69.73,7.14,-26.03
318141.718000,0.26,-0.416,0.942,83.99,7.11,-27.89
318141.734000,0.244,-0.354,0.916,96.1,6.04,-28.9
318141.750000,0.221,-0.292,0.88,102.02,7.48,-26.52
318141.765000,0.158,-0.249,0.899,101.78,10.65,-21.21
318141.765000,0.122,-0.385,0.829,95.07,13.18,-13.67
318141.781000,0.196,-0.174,0.925,80.97,14.8,-18.07
318141.781000,0.09,-0.192,0.944,70.25,5.65,-12.7
318141.796000,0.147,-0.275,0.812,51.18,-1.71,-4.82
318141.812000,0.128,-0.2,0.915,36.87,8.85,-8.55
318141.812000,0.11,-0.257,1.007,31.65,11.05,-6.62
318141.828000,0.13,-0.318,0.98,24.29,7.05,-5.37
318141.828000,0.156,-0.327,0.983,25.42,10.32,-8.06
318141.843000,0.164,-0.323,0.989,25.97,11.11,-10.74
318141.859000,0.165,-0.313,0.969,23.96,9.46,-11.47
318141.859000,0.197,-0.326,0.971,19.87,6.99,-10.71
318141.875000,0.205,-0.373,0.958,17.88,4.82,-11.96
318141.890000,0.229,-0.345,0.89,13.31,3.02,-13.18
318141.890000,0.241,-0.267,0.858,1.34,2.59,-12.36
318141.906000,0.232,-0.256,0.834,-12.02,2.41,-7.26
318141.921000,0.248,-0.278,0.865,-27.04,3.3,-0.67
318141.921000,0.265,-0.337,0.867,-35.28,-0.21,1.37
318141.921000,0.261,-0.275,0.778,-47.82,-3.3,-0.43
318141.937000,0.274,-0.255,0.805,-61.43,0.55,-0.58
318141.953000,0.268,-0.301,0.817,-71.23,1.77,-1.1
318141.968000,0.261,-0.306,0.782,-79.74,0.55,-3.23
318141.968000,0.262,-0.265,0.804,-88.14,3.33,-4.39
318141.984000,0.25,-0.278,0.805,-92.04,8.39,-1.65
318142.000000,0.243,-0.31,0.823,-95.8,14.77,2.32
318142.000000,0.236,-0.353,0.88,-94.24,21.09,5.25
318142.015000,0.224,-0.413,0.943,-84.99,26.03,6.56
318142.015000,0.206,-0.448,0.969,-71.87,26.67,6.38
318142.031000,0.193,-0.422,0.958,-56.79,25.45,5.89
318142.046000,0.188,-0.396,0.913,-45.63,23.07,7.93
318142.062000,0.183,-0.437,0.913,-42.12,20.6,10.32
318142.062000,0.184,-0.482,0.932,-38.06,17.64,9.74
318142.078000,0.195,-0.502,0.909,-34.15,12.54,7.11
318142.078000,0.203,-0.476,0.894,-31.04,8.7,3.3
318142.093000,0.213,-0.444,0.88,-31.53,5.19,1.62
318142.109000,0.239,-0.5,0.847,-38.15,4.3,1.04
318142.125000,0.233,-0.549,0.894,-42.88,9.43,-1.43
318142.125000,0.223,-0.558,0.973,-39.86,13.61,-3.75
318142.140000,0.233,-0.564,0.989,-34.0,10.53,-3.97
318142.140000,0.237,-0.58,0.961,-28.72,5.58,-3.85
318142.140000,0.254,-0.619,0.985,-20.94,6.47,-5.77
318142.171000,0.234,-0.638,1.066,-4.18,7.93,-10.01
318142.171000,0.221,-0.606,1.04,21.0,9.52,-11.17
318142.187000,0.206,-0.628,1.059,47.7,17.43,-10.53
318142.203000,0.2,-0.606,1.072,78.16,22.64,-11.66
318142.203000,0.154,-0.49,0.985,95.68,17.73,-11.78
318142.218000,0.131,-0.441,0.903,92.01,11.6,-9.86
318142.218000,0.132,-0.394,0.849,74.83,8.36,-10.28
318142.234000,0.115,-0.319,0.86,53.47,7.42,-10.93
318142.250000,0.126,-0.341,0.834,26.61,2.59,-9.61
318142.250000,0.138,-0.337,0.808,-0.37,-0.73,-11.05
318142.265000,0.155,-0.338,0.815,-16.94,-0.09,-11.66
318142.281000,0.189,-0.366,0.822,-25.42,0.89,-11.35
318142.281000,0.193,-0.369,0.896,-27.16,0.73,-11.6
318142.296000,0.188,-0.395,0.834,-10.19,-1.22,-9.7
318142.312000,0.248,-0.25,0.654,-4.55,-0.73,-6.62
318142.312000,0.263,-0.162,0.698,-13.37,6.78,-0.79
318142.328000,0.275,-0.219,0.725,-22.61,8.85,9.09
318142.328000,0.298,-0.213,0.698,-32.59,6.99,16.42
318142.343000,0.331,-0.273,0.719,-38.45,11.66,20.78
318142.359000,0.394,-0.43,0.699,-41.08,20.6,20.91
318142.375000,0.474,-0.567,0.651,-44.65,44.1,2.78
318142.375000,0.313,-0.225,0.922,-38.82,65.98,-16.39
318142.390000,0.293,-0.265,0.992,-35.07,60.34,-1.28
318142.390000,0.283,-0.308,0.944,-43.82,42.57,11.51
318142.406000,0.307,-0.367,0.879,-45.84,36.47,16.45
318142.406000,0.288,-0.346,0.878,-54.6,37.45,15.53
318142.421000,0.232,-0.296,0.921,-75.66,38.03,18.4
318142.437000,0.221,-0.374,0.929,-106.48,37.6,25.61
318142.437000,0.109,-0.421,1.05,-138.25,41.57,28.78
318142.453000,-0.028,-0.541,1.277,-157.57,40.25,41.32
318142.468000,0.002,-0.677,1.304,-165.53,30.21,51.09
318142.484000,-0.036,-0.733,1.271,-175.6,17.61,53.13
318142.484000,-0.032,-0.794,1.172,-190.83,1.4,54.26
318142.484000,-0.049,-0.823,1.062,-205.6,-12.39,47.55
318142.500000,-0.053,-0.859,0.994,-215.25,-21.7,37.57
318142.515000,-0.069,-0.885,0.937,-220.19,-31.34,28.44
318142.515000,-0.057,-0.931,0.842,-219.86,-41.78,22.03
318142.531000,-0.038,-0.982,0.727,-213.9,-49.23,12.57
318142.546000,-0.044,-0.983,0.628,-199.74,-50.87,0.89
318142.546000,-0.027,-0.937,0.559,-185.89,-51.85,-7.81
318142.562000,-0.039,-0.863,0.534,-172.4,-57.71,-11.08
318142.578000,0.024,-0.895,0.378,-163.06,-69.64,-8.24
318142.593000,0.085,-0.863,0.29,-153.08,-70.25,-11.9
318142.593000,0.102,-0.825,0.257,-130.44,-61.65,-16.51
318142.609000,0.148,-0.797,0.235,-114.38,-55.57,-17.58
318142.625000,0.204,-0.827,0.218,-103.98,-52.25,-17.67
318142.625000,0.254,-0.868,0.209,-82.37,-44.95,-20.54
318142.640000,0.235,-0.627,0.203,-57.28,-39.03,-22.34
318142.640000,0.258,-0.597,0.167,-44.16,-37.29,-11.47
318142.656000,0.28,-0.62,0.148,-42.7,-35.22,1.74
318142.671000,0.301,-0.658,0.18,-36.59,-28.35,13.28
318142.671000,0.301,-0.683,0.238,-22.34,-17.94,22.77
318142.687000,0.294,-0.704,0.328,-5.77,-8.82,32.17
318142.703000,0.269,-0.725,0.395,12.42,-4.82,41.9
318142.703000,0.246,-0.745,0.45,29.39,-4.49,51.58
318142.718000,0.233,-0.758,0.505,42.24,-8.42,59.05
318142.734000,0.25,-0.929,0.491,51.91,-16.51,60.06
318142.734000,0.219,-0.782,0.534,60.64,-17.4,48.52
318142.750000,0.182,-0.796,0.585,64.94,-22.98,51.06
318142.765000,0.203,-0.929,0.554,60.76,-31.25,50.11
318142.765000,0.201,-0.977,0.591,55.27,-36.84,37.72
318142.781000,0.233,-1.073,0.621,52.34,-41.05,27.34
318142.781000,0.268,-1.095,0.595,36.59,-43.82,7.9
318142.796000,0.25,-0.942,0.536,20.36,-40.13,10.16
318142.812000,0.246,-0.821,0.531,6.56,-37.78,18.34
318142.812000,0.239,-0.799,0.546,-6.68,-37.75,29.88
318142.828000,0.231,-0.824,0.575,-23.59,-43.15,43.4
318142.843000,0.229,-0.994,0.558,-39.92,-52.1,52.25
318142.843000,0.218,-1.021,0.538,-51.06,-60.67,57.19
318142.859000,0.208,-1.027,0.511,-55.73,-68.21,59.85
318142.875000,0.203,-0.999,0.498,-56.49,-73.64,59.24
318142.875000,0.172,-0.966,0.526,-55.85,-78.65,59.72
318142.875000,0.094,-1.0,0.545,-54.6,-84.78,65.95
318142.890000,0.055,-1.133,0.51,-49.87,-87.74,75.26
318142.906000,0.065,-1.253,0.469,-39.46,-82.0,77.7
318142.921000,0.078,-1.257,0.495,-22.37,-71.41,68.58
318142.921000,0.075,-1.147,0.526,-3.54,-67.26,53.53
318142.937000,0.076,-1.01,0.508,9.74,-73.55,40.41
318142.953000,0.076,-0.932,0.477,15.2,-84.29,29.18
318142.968000,0.078,-0.867,0.454,17.0,-93.75,17.73
318142.968000,0.087,-0.786,0.436,15.59,-101.96,8.79
318142.968000,0.099,-0.712,0.417,12.02,-107.39,4.03
318142.984000,0.111,-0.635,0.395,5.34,-109.68,1.86
318143.000000,0.109,-0.593,0.362,-4.58,-109.29,1.5
318143.015000,0.089,-0.596,0.344,-17.33,-101.9,1.56
318143.015000,0.095,-0.628,0.384,-28.87,-89.45,-0.24
318143.031000,0.108,-0.644,0.404,-39.77,-83.44,-2.11
318143.031000,0.098,-0.656,0.417,-45.38,-74.74,-2.78
318143.046000,0.07,-0.702,0.436,-50.66,-64.15,2.23
318143.062000,0.04,-0.782,0.462,-57.83,-55.91,12.73
318143.062000,0.007,-0.882,0.494,-61.62,-50.45,24.48
318143.078000,-0.027,-0.983,0.496,-58.6,-47.94,34.0
318143.093000,-0.055,-1.072,0.485,-51.27,-46.11,40.16
318143.093000,-0.072,-1.169,0.486,-42.63,-44.65,44.92
318143.109000,-0.097,-1.255,0.484,-36.47,-44.83,49.62
318143.109000,-0.11,-1.315,0.466,-32.5,-45.35,50.87
318143.125000,-0.093,-1.318,0.455,-29.54,-47.24,44.47
318143.140000,-0.053,-1.252,0.436,-24.9,-53.1,30.49
318143.140000,-0.011,-1.145,0.405,-17.98,-61.77,15.96
318143.140000,0.028,-1.043,0.366,-8.18,-68.94,5.89
318143.156000,0.054,-0.952,0.329,1.83,-72.73,0.43
318143.171000,0.066,-0.875,0.34,9.34,-74.62,-0.55
318143.187000,0.067,-0.843,0.279,14.13,-82.22,4.3
318143.187000,0.077,-0.819,0.174,12.21,-86.0,10.07
318143.203000,0.075,-0.804,0.13,11.05,-77.03,15.38
318143.203000,0.088,-0.81,0.13,8.09,-69.43,23.44
318143.218000,0.116,-0.84,0.033,1.56,-65.83,31.07
318143.218000,0.128,-0.853,0.023,-4.03,-53.35,33.11
318143.250000,0.14,-0.881,0.006,-11.14,-44.95,33.33
318143.250000,0.144,-0.902,0.011,-20.78,-39.19,31.83
318143.265000,0.161,-0.933,0.027,-24.66,-34.33,30.15
318143.281000,0.17,-0.991,0.047,-21.58,-29.91,27.44
318143.281000,0.145,-1.032,0.069,-13.06,-24.87,22.95
318143.296000,0.124,-1.057,0.109,-0.43,-20.94,19.1
318143.296000,0.104,-1.092,0.153,15.99,-18.98,16.21
318143.296000,0.071,-1.127,0.199,33.72,-16.85,12.85
318143.312000,0.023,-1.161,0.246,48.89,-12.18,9.09
318143.328000,-0.007,-1.179,0.312,58.47,-6.78,4.46
318143.343000,-0.013,-1.163,0.355,60.18,-5.89,-0.27
318143.359000,-0.008,-1.111,0.37,55.76,-5.16,-6.26
318143.359000,0.005,-1.074,0.374,46.72,-4.09,-12.73
318143.375000,0.009,-1.046,0.359,33.23,-2.69,-18.52
318143.375000,0.004,-1.009,0.332,17.37,0.55,-23.32
318143.390000,-0.002,-0.975,0.307,2.17,5.01,-26.31
318143.406000,-0.004,-0.963,0.297,-11.11,10.32,-27.25
318143.421000,-0.008,-0.953,0.286,-23.62,15.26,-27.68
318143.421000,-0.016,-0.937,0.266,-35.49,19.32,-28.44
318143.437000,-0.022,-0.933,0.257,-45.5,24.2,-28.66
318143.453000,-0.024,-0.937,0.261,-54.87,29.91,-28.29
318143.453000,-0.034,-0.931,0.259,-60.79,34.94,-27.8
318143.468000,-0.035,-0.919,0.26,-62.59,40.19,-26.43
318143.484000,-0.032,-0.91,0.263,-62.04,45.14,-24.23
318143.500000,-0.025,-0.909,0.26,-59.42,49.32,-21.7
318143.500000,-0.01,-0.912,0.265,-54.05,53.77,-19.17
318143.500000,-0.002,-0.892,0.269,-46.45,58.44,-16.54
318143.515000,0.008,-0.884,0.271,-39.77,62.69,-12.51
318143.531000,0.016,-0.907,0.291,-35.83,65.61,-8.82
318143.531000,0.021,-0.93,0.316,-33.27,66.87,-6.56
318143.546000,0.027,-0.937,0.336,-32.11,66.62,-5.1
318143.546000,0.033,-0.938,0.347,-31.95,64.73,-4.21
318143.562000,0.043,-0.938,0.357,-32.72,62.53,-3.63
318143.578000,0.059,-0.939,0.368,-32.59,59.79,-3.63
318143.593000,0.079,-0.932,0.365,-30.88,56.7,-4.61
318143.593000,0.095,-0.916,0.358,-28.66,53.96,-5.65
318143.609000,0.108,-0.88,0.35,-25.7,51.15,-5.86
318143.625000,0.118,-0.88,0.301,-18.89,49.96,-3.48
318143.625000,0.112,-0.94,0.311,-3.42,53.35,-0.31
318143.640000,0.135,-0.926,0.348,6.68,50.54,1.74
318143.640000,0.147,-0.901,0.351,10.13,41.78,2.29
318143.656000,0.146,-0.902,0.355,11.47,36.47,1.25
318143.656000,0.142,-0.9,0.377,10.86,34.49,-1.13
318143.687000,0.141,-0.894,0.39,8.33,33.08,-3.6
318143.687000,0.146,-0.897,0.382,6.35,32.23,-4.43
318143.703000,0.154,-0.885,0.381,5.89,33.39,-4.76
318143.703000,0.162,-0.874,0.386,7.78,33.85,-3.66
318143.718000,0.164,-0.868,0.385,12.18,34.55,-1.53
318143.734000,0.163,-0.875,0.391,17.06,35.52,0.95
318143.734000,0.165,-0.89,0.393,20.75,36.32,3.2
318143.750000,0.153,-0.901,0.384,20.69,37.51,3.57
318143.750000,0.129,-0.919,0.396,17.21,38.09,3.08
318143.765000,0.123,-0.919,0.382,11.05,33.42,3.6
318143.765000,0.134,-0.912,0.35,1.53,25.88,5.52
318143.781000,0.137,-0.917,0.319,-10.5,17.55,8.48
318143.796000,0.137,-0.893,0.315,-22.1,9.77,12.79
318143.812000,0.11,-0.876,0.386,-27.62,-4.76,19.81
318143.812000,0.097,-0.931,0.271,-27.47,-18.25,28.93
318143.812000,0.129,-0.905,0.273,-28.57,-17.12,31.74
318143.828000,0.147,-0.891,0.326,-36.35,-20.11,32.2
318143.843000,0.113,-0.91,0.339,-45.47,-30.82,32.47
318143.859000,0.108,-0.948,0.352,-51.15,-36.99,33.75
318143.875000,0.106,-0.98,0.355,-51.06,-39.67,31.65
318143.875000,0.094,-0.998,0.324,-48.16,-42.42,27.65
318143.890000,0.095,-0.99,0.286,-45.99,-45.96,24.05
318143.890000,0.105,-0.979,0.246,-42.51,-48.46,21.03
318143.906000,0.106,-0.981,0.21,-38.33,-50.36,18.59
318143.921000,0.098,-0.976,0.193,-32.53,-50.97,16.21
318143.921000,0.099,-0.96,0.19,-22.22,-49.75,14.56
318143.937000,0.098,-0.954,0.207,-8.21,-47.82,14.68
318143.953000,0.092,-0.96,0.204,8.67,-45.35,16.88
318143.953000,0.086,-0.974,0.218,26.52,-38.27,18.65
318143.968000,0.072,-1.009,0.213,38.7,-34.79,20.57
318143.984000,0.065,-1.018,0.209,45.08,-30.34,21.61
318143.984000,0.072,-1.005,0.207,49.29,-24.75,21.61
318144.000000,0.07,-0.997,0.217,52.13,-19.35,22.46
318144.000000,0.052,-1.046,0.217,52.67,-14.37,22.22
318144.015000,0.047,-1.053,0.212,51.06,-9.74,17.91
318144.031000,0.049,-1.033,0.206,50.02,-6.1,13.67
318144.031000,0.046,-1.016,0.194,51.0,-3.2,11.72
318144.046000,0.044,-1.006,0.179,54.93,0.79,9.46
318144.046000,0.043,-0.996,0.168,61.59,5.74,5.43
318144.062000,0.027,-1.005,0.145,73.0,11.63,1.22
318144.078000,0.012,-1.05,0.177,86.92,19.29,-3.85
318144.078000,-0.157,-1.075,0.27,88.78,18.92,-4.76
318144.093000,0.015,-1.107,0.259,97.05,6.99,-1.62
318144.109000,0.074,-1.058,0.271,111.55,7.17,-11.96
318144.125000,0.036,-1.045,0.314,123.57,10.07,-19.04
318144.125000,0.028,-1.037,0.334,130.31,8.51,-23.01
318144.125000,0.065,-1.017,0.343,138.8,11.41,-27.01
318144.140000,0.059,-0.966,0.368,147.37,16.75,-32.11
318144.156000,0.036,-0.943,0.372,151.89,21.45,-34.15
318144.171000,0.084,-0.913,0.44,159.09,31.56,-38.24
318144.171000,0.05,-0.892,0.485,166.48,32.29,-44.31
318144.187000,0.023,-0.898,0.542,169.8,30.55,-44.56
318144.203000,0.009,-0.873,0.527,176.52,31.25,-45.35
318144.203000,0.03,-0.848,0.588,178.93,33.39,-46.97
318144.218000,0.027,-0.799,0.609,181.1,30.52,-53.62
318144.234000,0.038,-0.743,0.638,179.2,30.95,-55.24
318144.234000,0.053,-0.687,0.653,172.73,31.19,-56.0
318144.250000,0.064,-0.635,0.668,163.12,33.85,-57.44
318144.250000,0.066,-0.607,0.676,152.41,40.1,-59.21
318144.265000,0.015,-0.583,0.637,138.43,46.27,-59.54
318144.265000,0.043,-0.536,0.641,121.4,52.43,-54.05
318144.281000,0.061,-0.497,0.609,107.27,60.15,-49.75
318144.296000,0.013,-0.506,0.553,90.95,70.53,-44.68
318144.312000,0.008,-0.529,0.595,71.26,79.56,-36.9
318144.312000,0.007,-0.616,0.599,56.06,88.23,-31.59
318144.328000,-0.027,-0.669,0.654,37.63,98.21,-31.65
318144.343000,-0.061,-0.71,0.746,18.65,103.15,-31.83
318144.343000,-0.083,-0.757,0.828,4.52,102.57,-31.1
318144.359000,-0.083,-0.81,0.878,0.58,94.18,-33.23
318144.359000,-0.074,-0.844,0.909,2.96,88.78,-36.07
318144.375000,-0.062,-0.866,0.928,7.23,84.11,-39.92
318144.390000,-0.06,-0.882,0.933,12.45,79.32,-43.82
318144.390000,-0.068,-0.878,0.925,15.14,72.05,-47.06
318144.406000,-0.076,-0.86,0.904,13.82,63.3,-48.8
318144.421000,-0.073,-0.807,0.832,9.16,55.06,-49.23
318144.421000,-0.062,-0.769,0.791,3.11,50.17,-49.56
318144.437000,-0.061,-0.731,0.767,-3.17,48.71,-49.04
318144.453000,-0.06,-0.702,0.743,-9.77,47.94,-46.69
318144.453000,-0.061,-0.68,0.71,-17.43,47.61,-42.66
318144.468000,-0.064,-0.665,0.664,-26.76,47.52,-37.39
318144.468000,-0.063,-0.645,0.625,-38.15,48.52,-31.86
318144.484000,-0.056,-0.605,0.568,-51.12,49.59,-25.21
318144.484000,-0.05,-0.565,0.49,-69.67,51.12,-15.2
318144.500000,-0.042,-0.543,0.416,-94.88,54.9,-2.5
318144.515000,-0.038,-0.497,0.337,-128.45,58.81,8.51
318144.515000,-0.05,-0.445,0.27,-170.05,61.83,20.29
318144.531000,-0.046,-0.426,0.232,-210.82,66.44,34.91
318144.546000,-0.032,-0.448,0.239,-244.09,71.57,50.42
318144.546000,-0.039,-0.521,0.315,-261.33,78.37,64.91
318144.562000,-0.075,-0.659,0.448,-252.66,85.91,77.43
318144.578000,-0.105,-0.8,0.583,-219.31,91.16,86.15
318144.578000,-0.135,-0.877,0.656,-173.19,86.61,88.2
318144.593000,-0.141,-0.905,0.655,-123.45,73.89,87.5
318144.593000,-0.136,-0.873,0.584,-77.7,57.99,83.5
318144.609000,-0.133,-0.784,0.474,-45.59,43.4,78.77
318144.609000,-0.139,-0.692,0.358,-30.79,35.65,78.22
318144.640000,-0.179,-0.663,0.273,-38.06,38.76,84.41
318144.640000,-0.261,-0.732,0.295,-66.01,54.75,96.87
318144.656000,-0.34,-0.853,0.393,-102.51,73.18,110.11
318144.671000,-0.394,-0.954,0.454,-135.78,80.97,117.34
318144.671000,-0.423,-1.069,0.526,-159.73,83.22,119.14
318144.687000,-0.454,-1.173,0.624,-171.91,71.11,116.92
318144.703000,-0.429,-1.289,0.611,-169.1,55.82,109.87
318144.703000,-0.46,-1.449,0.615,-151.1,51.94,96.8
318144.718000,-0.452,-1.573,0.683,-131.93,42.51,82.19
318144.734000,-0.405,-1.645,0.703,-100.74,24.84,60.64
318144.734000,-0.362,-1.636,0.671,-59.94,4.09,31.71
318144.750000,-0.286,-1.542,0.594,-21.45,-16.51,3.2
318144.765000,-0.246,-1.423,0.469,11.84,-32.29,-20.14
318144.765000,-0.205,-1.313,0.364,41.51,-38.64,-34.21
318144.781000,-0.196,-1.346,0.272,66.04,-35.0,-41.9
318144.781000,-0.169,-1.32,0.3,58.87,-27.01,-46.27
318144.796000,-0.171,-1.254,0.243,48.62,-23.74,-49.53
318144.812000,-0.145,-1.229,0.203,43.0,-11.66,-50.6
318144.812000,-0.12,-1.22,0.247,31.16,3.2,-51.45
318144.828000,-0.097,-1.237,0.289,16.48,9.8,-53.19
318144.828000,-0.067,-1.258,0.328,2.32,9.64,-58.99
318144.859000,-0.024,-1.269,0.393,-6.59,7.48,-67.84
318144.859000,0.004,-1.3,0.393,-10.77,5.49,-76.6
318144.859000,-0.015,-1.294,0.419,-20.29,4.12,-85.82
318144.875000,0.003,-1.305,0.404,-32.5,-3.33,-89.51
318144.890000,0.02,-1.317,0.339,-45.01,-9.8,-92.1
318144.906000,0.038,-1.202,0.396,-59.72,-12.7,-93.84
318144.906000,0.109,-1.304,0.293,-69.22,-21.88,-82.61
318144.921000,0.173,-1.458,0.253,-87.68,-11.23,-89.82
318144.921000,0.123,-1.476,0.335,-97.14,9.58,-110.32
318144.937000,0.064,-1.465,0.396,-95.43,21.52,-123.23
318144.937000,-0.067,-1.434,0.44,-93.39,24.66,-128.45
318144.953000,-0.062,-1.417,0.499,-89.54,12.7,-126.62
318144.968000,-0.079,-1.4,0.375,-85.82,-11.6,-123.81
318144.984000,-0.076,-1.393,0.259,-80.66,-16.88,-123.05
318144.984000,-0.085,-1.356,0.23,-80.75,-10.04,-128.03
318145.000000,-0.096,-1.316,0.249,-84.99,-4.03,-129.64
318145.000000,-0.112,-1.283,0.261,-88.87,-1.13,-128.61
318145.015000,-0.115,-1.266,0.236,-90.49,-0.27,-128.54
318145.031000,-0.084,-1.252,0.205,-89.39,-0.98,-131.08
318145.031000,-0.078,-1.206,0.172,-88.29,-3.48,-134.68
318145.046000,-0.085,-1.162,0.134,-85.06,-6.93,-135.72
318145.062000,-0.06,-1.119,0.088,-81.51,-10.07,-134.74
318145.062000,-0.015,-1.046,0.003,-86.03,-13.34,-133.61
318145.078000,0.014,-0.954,-0.078,-102.51,-14.56,-131.84
318145.078000,0.041,-0.902,-0.121,-121.83,-11.02,-127.23
318145.093000,0.093,-0.894,-0.148,-139.16,-3.81,-121.04
318145.109000,0.112,-0.894,-0.174,-151.37,5.95,-116.31
318145.109000,0.118,-0.895,-0.165,-151.37,20.2,-112.31
318145.125000,0.124,-0.873,-0.132,-143.96,32.69,-108.22
318145.125000,0.125,-0.822,-0.16,-133.46,39.34,-103.37
318145.156000,0.143,-0.704,-0.198,-132.97,42.39,-97.38
318145.156000,0.159,-0.582,-0.256,-148.66,44.1,-88.41
318145.156000,0.214,-0.498,-0.307,-177.31,53.1,-77.85
318145.187000,0.244,-0.395,-0.349,-229.74,61.07,-68.42
318145.187000,0.103,-0.385,-0.383,-284.71,75.53,-56.22
318145.187000,0.042,-0.501,-0.208,-325.63,84.17,-46.51
318145.203000,0.026,-0.626,-0.235,-343.79,63.81,-33.69
318145.218000,-0.06,-0.779,-0.324,-334.85,45.29,-16.91
318145.218000,0.052,-0.903,-0.394,-315.93,36.41,-11.78
318145.218000,-0.112,-0.903,-0.527,-299.72,43.82,-21.55
318145.250000,-0.084,-0.796,-0.52,-296.24,76.51,-30.37
318145.265000,-0.145,-0.768,-0.38,-318.28,52.31,-3.51
318145.265000,-0.131,-0.774,-0.546,-342.48,15.63,15.02
318145.281000,-0.007,-0.794,-0.68,-327.8,24.57,6.53
318145.296000,0.059,-0.766,-0.594,-296.49,41.63,-15.14
318145.296000,0.021,-0.717,-0.507,-247.72,58.05,-41.69
318145.312000,-0.064,-0.622,-0.432,-204.38,60.73,-61.74
318145.312000,-0.044,-0.511,-0.396,-176.7,53.59,-68.61
318145.328000,0.038,-0.419,-0.46,-164.31,47.18,-68.3
318145.343000,0.066,-0.303,-0.512,-168.61,52.61,-66.41
318145.343000,0.057,-0.221,-0.482,-180.36,59.72,-62.01
318145.359000,0.026,-0.178,-0.422,-190.98,55.33,-58.02
318145.359000,0.048,-0.166,-0.43,-193.21,33.72,-51.55
318145.375000,0.062,-0.213,-0.473,-177.4,11.47,-44.62
318145.390000,0.151,-0.261,-0.52,-148.59,-1.92,-43.86
318145.390000,0.225,-0.247,-0.591,-119.11,-4.76,-42.79
318145.406000,0.275,-0.223,-0.672,-89.63,3.11,-39.86
318145.421000,0.329,-0.164,-0.75,-73.15,14.22,-39.34
318145.437000,0.319,-0.082,-0.855,-70.44,24.66,-38.12
318145.437000,0.325,-0.04,-0.917,-71.78,39.4,-33.91
318145.437000,0.353,-0.043,-0.904,-79.44,57.07,-27.8
318145.453000,0.362,-0.103,-0.864,-89.66,68.97,-22.74
318145.468000,0.356,-0.181,-0.804,-92.07,73.95,-21.7
318145.468000,0.369,-0.253,-0.741,-80.63,71.47,-25.27
318145.484000,0.396,-0.287,-0.715,-62.41,62.2,-32.59
318145.484000,0.48,-0.231,-0.746,-52.43,50.75,-39.8
318145.500000,0.456,-0.155,-0.772,-45.84,45.5,-41.54
318145.515000,0.476,-0.091,-0.771,-42.33,39.09,-43.82
318145.531000,0.509,-0.015,-0.811,-45.59,31.01,-43.4
318145.531000,0.521,0.028,-0.847,-48.13,31.01,-39.19
318145.546000,0.575,0.054,-0.843,-49.53,38.58,-32.65
318145.562000,0.564,0.056,-0.824,-48.71,45.96,-23.62
318145.562000,0.582,0.03,-0.825,-45.38,50.23,-14.74
318145.562000,0.534,-0.023,-0.8,-36.71,55.15,-8.42
318145.593000,0.54,-0.086,-0.758,-26.52,52.37,-10.19
318145.593000,0.557,-0.082,-0.765,-21.76,41.51,-15.99
318145.609000,0.539,-0.031,-0.807,-21.21,33.2,-20.17
318145.625000,0.565,0.026,-0.834,-23.59,29.27,-21.73
318145.625000,0.604,0.039,-0.844,-25.82,31.46,-18.34
318145.625000,0.615,0.024,-0.855,-26.61,37.63,-14.01
318145.656000,0.638,0.027,-0.853,-27.59,46.11,-12.33
318145.656000,0.645,0.043,-0.849,-25.12,56.25,-12.45
318145.656000,0.639,0.055,-0.839,-21.21,64.49,-13.31
318145.656000,0.63,0.073,-0.813,-21.42,68.54,-14.56
318145.687000,0.634,0.093,-0.784,-24.2,71.02,-12.05
318145.703000,0.615,0.08,-0.74,-22.92,73.64,-5.43
318145.703000,0.618,0.06,-0.689,-19.78,71.87,-0.21
318145.718000,0.679,0.038,-0.666,-14.95,66.84,4.76
318145.718000,0.692,0.02,-0.66,-6.07,64.94,9.0
318145.734000,0.692,0.043,-0.631,-0.89,60.37,8.0
318145.750000,0.706,0.079,-0.63,-1.98,51.64,7.84
318145.750000,0.719,0.081,-0.632,-6.44,43.89,10.77
318145.765000,0.765,0.045,-0.634,-9.55,40.71,13.34
318145.781000,0.765,0.031,-0.626,-9.7,40.38,12.02
318145.781000,0.747,0.055,-0.615,-10.62,37.11,7.75
318145.796000,0.755,0.072,-0.616,-11.57,33.27,6.96
318145.812000,0.769,0.061,-0.601,-11.35,32.78,10.44
318145.812000,0.762,0.043,-0.574,-10.32,32.59,13.43
318145.828000,0.745,0.038,-0.555,-9.25,25.73,13.55
318145.828000,0.782,0.059,-0.582,-9.16,17.55,12.88
318145.843000,0.765,0.095,-0.605,-11.11,14.5,14.8
318145.859000,0.754,0.098,-0.585,-13.73,13.76,18.68
318145.859000,0.752,0.071,-0.56,-14.53,10.65,22.43
318145.875000,0.75,0.046,-0.551,-13.86,4.64,24.02
318145.875000,0.744,0.028,-0.562,-11.84,0.06,25.03
318145.890000,0.744,0.016,-0.582,-8.67,-1.43,26.37
318145.906000,0.755,0.013,-0.611,-6.56,-0.03,28.02
318145.921000,0.758,0.0,-0.619,-5.8,3.02,28.44
318145.921000,0.754,-0.008,-0.62,-12.76,0.61,21.42
318145.937000,0.75,-0.006,-0.635,-16.17,0.55,18.19
318145.937000,0.748,-0.001,-0.638,-17.12,1.43,16.79
318145.953000,0.749,-0.0,-0.638,-16.11,2.59,17.52
318145.968000,0.723,0.0,-0.659,-16.48,5.34,20.11
318145.968000,0.73,-0.0,-0.657,-16.02,8.42,23.96
318145.984000,0.741,-0.078,-0.634,-14.71,9.13,24.69
318146.000000,0.736,-0.099,-0.632,-13.82,6.96,21.42
318146.000000,0.74,-0.101,-0.64,-13.21,3.11,16.27
318146.015000,0.751,-0.088,-0.653,-12.67,1.31,11.9
318146.015000,0.754,-0.067,-0.659,-12.94,2.04,8.33
318146.031000,0.751,-0.053,-0.652,-13.46,3.17,6.65
318146.031000,0.76,-0.061,-0.659,-13.67,3.94,6.81
318146.062000,0.772,-0.072,-0.666,-15.84,6.62,7.57
318146.062000,0.759,-0.088,-0.647,-15.93,10.56,6.87
318146.062000,0.755,-0.082,-0.627,-15.41,10.9,3.91
318146.093000,0.755,-0.062,-0.628,-15.87,8.33,2.35
318146.093000,0.765,-0.058,-0.62,-15.75,6.53,2.75
318146.093000,0.771,-0.059,-0.616,-13.79,3.85,2.41
318146.125000,0.775,-0.049,-0.618,-10.19,1.92,2.41
318146.125000,0.776,-0.042,-0.617,-5.4,0.95,3.05
318146.140000,0.772,-0.041,-0.633,-0.98,-0.03,4.0
318146.140000,0.77,-0.036,-0.65,1.53,-0.06,5.04
318146.156000,0.761,-0.035,-0.643,2.59,1.22,6.47
318146.171000,0.755,-0.051,-0.628,3.02,1.46,8.7
318146.187000,0.76,-0.078,-0.627,3.63,0.37,10.19
318146.187000,0.764,-0.089,-0.634,4.09,-0.85,9.67
318146.187000,0.766,-0.085,-0.634,4.43,-0.73,8.36
318146.203000,0.765,-0.082,-0.636,4.36,0.46,7.32
318146.218000,0.766,-0.089,-0.637,3.66,2.23,6.16
318146.218000,0.767,-0.096,-0.63,2.75,3.94,4.27
318146.234000,0.771,-0.093,-0.621,1.19,4.3,1.56
318146.250000,0.769,-0.079,-0.615,-1.25,3.75,-0.89
318146.250000,0.759,-0.068,-0.604,-2.56,3.17,-2.26
318146.265000,0.752,-0.068,-0.589,-2.29,1.34,-2.04
318146.281000,0.748,-0.078,-0.592,-1.25,-1.37,-1.07
318146.281000,0.743,-0.085,-0.597,-1.16,-3.69,-0.43
318146.296000,0.74,-0.09,-0.6,-0.18,-5.49,-0.4
318146.312000,0.748,-0.101,-0.607,2.47,-6.74,-1.13
318146.312000,0.756,-0.093,-0.627,4.46,-7.23,-3.27
318146.328000,0.754,-0.067,-0.649,4.94,-6.01,-6.16
318146.328000,0.755,-0.043,-0.66,4.09,-3.45,-7.63
318146.343000,0.75,-0.029,-0.659,2.5,-0.73,-7.54
318146.359000,0.738,-0.028,-0.652,2.5,1.46,-5.92
318146.375000,0.735,-0.031,-0.634,3.6,2.66,-3.6
318146.375000,0.732,-0.039,-0.616,6.04,2.41,-0.79
318146.390000,0.729,-0.051,-0.609,9.09,1.71,2.35
318146.406000,0.731,-0.06,-0.598,12.27,1.07,4.21
318146.406000,0.731,-0.058,-0.6,13.55,-0.58,4.46
318146.421000,0.729,-0.053,-0.61,13.4,-1.92,3.57
318146.421000,0.732,-0.045,-0.612,12.73,-2.17,1.86
318146.437000,0.736,-0.034,-0.616,10.93,-2.47,-0.43
318146.453000,0.738,-0.021,-0.611,8.7,-2.17,-2.69
318146.453000,0.74,-0.008,-0.599,6.47,-2.01,-4.12
318146.468000,0.744,-0.009,-0.603,4.15,-2.81,-4.49
318146.468000,0.745,-0.005,-0.608,1.43,-3.57,-5.28
318146.484000,0.736,0.005,-0.61,-0.61,-4.52,-6.1
318146.484000,0.737,0.005,-0.605,-1.5,-5.52,-5.71
318146.500000,0.744,-0.004,-0.611,-1.19,-7.17,-4.91
318146.515000,0.749,-0.01,-0.62,-1.46,-8.64,-4.82
318146.531000,0.756,-0.013,-0.623,-2.75,-9.37,-5.31
318146.531000,0.759,-0.018,-0.628,-3.48,-9.7,-6.47
318146.546000,0.753,-0.013,-0.631,-4.06,-9.95,-8.09
318146.546000,0.752,-0.012,-0.629,-5.37,-10.22,-9.09
318146.562000,0.754,-0.015,-0.629,-7.05,-10.53,-10.22
318146.562000,0.75,-0.013,-0.63,-8.39,-11.38,-11.32
318146.578000,0.743,-0.012,-0.632,-8.76,-12.79,-11.47
318146.593000,0.746,-0.019,-0.632,-7.2,-14.01,-10.8
318146.609000,0.754,-0.015,-0.636,-4.73,-16.08,-10.56
318146.609000,0.754,0.004,-0.644,-1.4,-19.07,-10.22
318146.609000,0.751,0.021,-0.644,2.04,-21.67,-8.21
318146.625000,0.746,0.017,-0.632,4.55,-23.83,-4.67
318146.656000,0.737,-0.008,-0.6,4.61,-24.32,-1.68
318146.656000,0.725,-0.038,-0.586,1.1,-23.04,-1.74
318146.671000,0.729,-0.044,-0.647,-7.42,-21.82,-4.39
318146.671000,0.743,-0.026,-0.712,-14.47,-16.45,-7.78
318146.687000,0.749,-0.007,-0.744,-15.99,-8.61,-9.49
318146.703000,0.735,-0.019,-0.735,-13.28,-1.89,-8.36
318146.703000,0.726,-0.06,-0.691,-9.25,2.29,-6.84
318146.718000,0.717,-0.091,-0.66,-8.61,0.82,-7.02
318146.718000,0.716,-0.095,-0.658,-10.47,-3.36,-8.55
318146.734000,0.725,-0.083,-0.669,-11.08,-6.16,-9.83
318146.750000,0.728,-0.063,-0.686,-9.83,-6.96,-10.5
318146.765000,0.726,-0.044,-0.702,-8.24,-6.44,-10.93
318146.765000,0.729,-0.038,-0.715,-7.84,-5.07,-11.44
318146.765000,0.733,-0.036,-0.733,-8.58,-3.33,-12.91
318146.781000,0.732,-0.021,-0.739,-9.19,-1.56,-14.62
318146.796000,0.732,-0.01,-0.741,-9.13,0.18,-14.83
318146.812000,0.735,-0.006,-0.734,-8.51,1.62,-14.31
318146.812000,0.74,0.001,-0.726,-6.99,2.99,-14.31
318146.828000,0.739,0.014,-0.724,-5.65,4.33,-14.92
318146.828000,0.734,0.032,-0.717,-5.31,5.46,-15.47
318146.843000,0.725,0.037,-0.706,-5.58,5.86,-15.2
318146.859000,0.723,0.025,-0.698,-6.04,5.74,-14.65
318146.859000,0.728,0.021,-0.697,-6.16,5.37,-15.81
318146.875000,0.738,0.039,-0.705,-6.62,4.73,-18.59
318146.875000,0.732,0.079,-0.709,-7.51,4.55,-21.27
318146.890000,0.722,0.101,-0.701,-8.91,5.25,-20.94
318146.906000,0.721,0.088,-0.686,-9.19,5.89,-18.43
318146.921000,0.726,0.071,-0.681,-9.13,5.13,-17.37
318146.921000,0.731,0.081,-0.696,-10.22,3.3,-18.74
318146.937000,0.733,0.128,-0.706,-10.9,2.69,-20.94
318146.937000,0.721,0.178,-0.711,-10.56,3.08,-20.48
318146.937000,0.716,0.193,-0.701,-9.13,4.52,-15.84
318146.953000,0.716,0.164,-0.678,-6.59,6.71,-9.46
318146.984000,0.725,0.121,-0.673,-3.63,7.87,-5.46
318146.984000,0.725,0.117,-0.69,-2.53,7.81,-5.74
318147.000000,0.728,0.151,-0.699,-3.23,8.18,-7.9
318147.000000,0.729,0.194,-0.691,-5.01,8.85,-8.67
318147.015000,0.72,0.207,-0.68,-6.96,9.34,-6.16
318147.015000,0.72,0.182,-0.668,-7.93,9.67,-1.8
318147.031000,0.731,0.152,-0.656,-7.42,9.77,0.67
318147.031000,0.741,0.152,-0.661,-6.5,9.16,0.79
318147.046000,0.748,0.177,-0.673,-5.22,9.83,0.85
318147.078000,0.75,0.202,-0.67,-4.03,12.27,2.41
318147.078000,0.747,0.206,-0.639,-3.51,14.25,6.38
318147.093000,0.758,0.179,-0.637,-2.41,14.53,11.57
318147.093000,0.758,0.166,-0.628,-2.2,13.95,15.44
318147.093000,0.756,0.152,-0.654,-0.64,13.09,19.29
318147.125000,0.744,0.166,-0.533,-1.92,13.98,23.5
318147.125000,0.715,0.016,-0.604,9.64,6.2,29.94
318147.125000,0.738,-0.038,-0.717,-1.86,1.56,32.11
318147.140000,0.721,-0.081,-0.733,-7.78,13.89,27.01
318147.156000,0.708,-0.073,-0.661,-19.99,23.41,22.71
318147.171000,0.705,-0.165,-0.626,-25.94,25.51,20.66
318147.171000,0.712,-0.263,-0.597,-26.92,25.73,14.22
318147.171000,0.695,-0.293,-0.561,-22.95,25.61,2.5
318147.203000,0.679,-0.271,-0.518,-15.59,23.35,-8.42
318147.203000,0.679,-0.224,-0.489,-5.04,18.68,-16.24
318147.218000,0.688,-0.143,-0.499,5.68,11.81,-21.21
318147.234000,0.701,-0.038,-0.533,13.03,5.58,-22.86
318147.234000,0.721,0.052,-0.568,16.94,2.01,-20.42
318147.250000,0.739,0.116,-0.619,16.79,-0.15,-15.9
318147.265000,0.763,0.171,-0.668,10.93,-0.73,-11.2
318147.265000,0.785,0.207,-0.69,4.39,1.43,-5.92
318147.281000,0.797,0.216,-0.688,1.19,4.43,-0.37
318147.281000,0.785,0.208,-0.67,1.37,6.35,4.82
318147.296000,0.76,0.176,-0.636,4.94,6.96,10.65
318147.312000,0.723,0.139,-0.627,10.28,5.25,16.05
318147.328000,0.726,0.078,-0.591,13.98,1.16,20.2
318147.328000,0.7,0.031,-0.608,15.72,-5.22,20.02
318147.343000,0.692,0.055,-0.623,10.93,-7.23,17.27
318147.343000,0.688,0.054,-0.612,4.55,-5.34,14.53
318147.359000,0.665,0.036,-0.573,-2.23,-1.98,11.38
318147.359000,0.63,-0.004,-0.547,-8.33,1.53,7.87
318147.375000,0.611,-0.035,-0.544,-11.44,3.63,3.88
318147.390000,0.597,-0.059,-0.489,-12.42,5.01,0.0
318147.390000,0.595,-0.082,-0.475,-10.74,1.68,-1.89
318147.406000,0.614,-0.083,-0.476,-5.92,-1.77,-2.81
318147.421000,0.644,-0.065,-0.512,0.21,-5.86,-2.72
318147.421000,0.695,-0.013,-0.571,7.11,-7.42,-1.5
318147.437000,0.737,0.047,-0.569,14.65,-4.46,1.04
318147.437000,0.788,0.021,-0.482,31.74,-4.24,4.85
318147.453000,0.821,0.063,-0.552,51.85,-10.59,2.96
318147.468000,0.83,0.143,-0.611,71.47,-12.97,-0.64
318147.484000,0.782,0.327,-0.716,79.01,-7.9,-0.18
318147.484000,0.779,0.454,-0.634,65.92,4.91,9.13
318147.500000,0.807,0.385,-0.53,42.85,5.55,23.04
318147.500000,0.816,0.253,-0.494,4.3,-14.71,28.84
318147.515000,0.804,0.173,-0.474,1.31,-19.96,27.47
318147.531000,0.782,0.134,-0.488,6.04,-20.87,27.95
318147.531000,0.774,0.103,-0.506,12.73,-22.13,28.32
318147.531000,0.765,0.086,-0.531,16.85,-26.34,28.96
318147.546000,0.76,0.066,-0.617,18.04,-30.37,29.69
318147.562000,0.766,0.039,-0.668,15.59,-32.14,29.73
318147.562000,0.767,0.008,-0.704,10.99,-31.62,28.41
318147.593000,0.767,-0.018,-0.737,5.77,-29.45,26.03
318147.593000,0.762,-0.037,-0.763,0.89,-26.09,23.07
318147.609000,0.753,-0.047,-0.767,-1.53,-20.72,20.14
318147.625000,0.738,-0.047,-0.757,-1.74,-15.29,18.19
318147.625000,0.719,-0.046,-0.759,0.21,-10.96,18.04
318147.640000,0.705,-0.048,-0.768,3.33,-7.63,19.56
318147.640000,0.709,-0.058,-0.771,6.32,-5.04,21.76
318147.656000,0.72,-0.063,-0.764,8.06,-3.27,23.83
318147.671000,0.728,-0.065,-0.761,9.92,-0.7,25.48
318147.671000,0.728,-0.059,-0.752,12.02,2.84,26.92
318147.687000,0.724,-0.051,-0.738,13.06,6.26,28.63
318147.703000,0.707,-0.057,-0.724,14.01,9.49,31.5
318147.703000,0.69,-0.089,-0.697,15.02,11.87,35.22
318147.718000,0.685,-0.13,-0.671,15.47,11.69,37.54
318147.734000,0.682,-0.168,-0.659,15.63,8.09,37.75
318147.734000,0.697,-0.202,-0.645,15.9,2.78,36.87
318147.750000,0.715,-0.231,-0.642,16.6,-2.53,34.67
318147.750000,0.739,-0.247,-0.65,17.46,-5.95,31.43
318147.765000,0.78,-0.252,-0.656,17.27,-7.9,26.95
318147.781000,0.815,-0.245,-0.658,15.75,-8.85,21.52
318147.781000,0.854,-0.238,-0.665,14.04,-8.55,16.24
318147.796000,0.894,-0.23,-0.674,12.09,-7.26,11.02
318147.796000,0.916,-0.216,-0.678,10.96,-5.25,5.8
318147.812000,0.915,-0.196,-0.68,10.74,-2.5,0.89
318147.828000,0.902,-0.177,-0.688,10.44,0.31,-2.96
318147.843000,0.888,-0.167,-0.692,9.43,2.47,-5.46
318147.843000,0.874,-0.168,-0.678,8.64,4.18,-6.59
318147.843000,0.853,-0.179,-0.658,9.09,5.52,-6.81
318147.875000,0.832,-0.198,-0.653,11.9,6.78,-7.02
318147.875000,0.817,-0.2,-0.66,14.77,7.63,-8.12
318147.890000,0.792,-0.18,-0.672,16.27,8.79,-10.04
318147.890000,0.767,-0.153,-0.677,16.54,10.93,-11.08
318147.906000,0.747,-0.139,-0.679,15.9,12.42,-10.53
318147.921000,0.731,-0.136,-0.677,13.79,12.7,-9.43
318147.921000,0.727,-0.148,-0.663,11.02,12.79,-7.97
318147.937000,0.73,-0.17,-0.64,9.25,12.94,-6.5
318147.953000,0.726,-0.19,-0.621,9.77,13.4,-6.04
318147.953000,0.723,-0.196,-0.605,11.78,13.61,-6.47
318147.968000,0.727,-0.191,-0.599,14.04,13.46,-6.9
318147.984000,0.729,-0.18,-0.595,14.98,13.34,-7.63
318147.984000,0.725,-0.17,-0.595,14.31,13.0,-8.12
318148.000000,0.711,-0.159,-0.611,11.9,13.34,-8.58
318148.000000,0.694,-0.144,-0.607,8.64,14.59,-8.91
318148.015000,0.689,-0.146,-0.59,6.84,14.89,-7.75
318148.031000,0.696,-0.157,-0.575,6.07,13.34,-5.62
318148.046000,0.712,-0.173,-0.56,7.08,10.35,-2.96
318148.046000,0.735,-0.189,-0.555,9.98,7.26,-0.82
318148.062000,0.761,-0.193,-0.562,13.55,4.88,-0.03
318148.062000,0.786,-0.189,-0.564,16.27,3.66,-0.4
318148.078000,0.802,-0.18,-0.57,17.58,3.66,-1.8
318148.093000,0.814,-0.168,-0.583,16.14,4.27,-4.06
318148.093000,0.817,-0.155,-0.591,11.9,5.65,-6.87
318148.109000,0.809,-0.14,-0.59,6.59,7.93,-9.25
318148.125000,0.8,-0.135,-0.586,1.86,9.98,-10.01
318148.125000,0.794,-0.133,-0.586,-1.28,10.99,-9.61
318148.140000,0.781,-0.125,-0.601,-2.59,11.11,-8.24
318148.140000,0.764,-0.122,-0.619,-2.56,10.9,-4.82
318148.156000,0.752,-0.129,-0.63,-1.04,10.59,0.0
318148.171000,0.75,-0.145,-0.643,1.1,10.16,5.04
318148.171000,0.745,-0.157,-0.653,3.42,9.86,9.0
318148.187000,0.743,-0.167,-0.659,5.58,10.13,11.87
318148.203000,0.741,-0.175,-0.666,6.93,10.68,13.86
318148.203000,0.74,-0.184,-0.664,6.78,11.72,14.56
318148.218000,0.739,-0.187,-0.656,5.68,13.4,13.55
318148.218000,0.734,-0.185,-0.64,3.66,15.05,11.51
318148.234000,0.728,-0.173,-0.621,1.01,16.17,9.58
318148.250000,0.72,-0.162,-0.603,-1.59,16.57,8.85
318148.250000,0.716,-0.164,-0.6,-3.66,15.99,9.13
318148.265000,0.717,-0.176,-0.598,-5.31,14.8,9.7
318148.265000,0.717,-0.177,-0.601,-6.53,13.4,9.89
318148.281000,0.713,-0.17,-0.608,-7.02,12.24,10.28
318148.296000,0.714,-0.168,-0.602,-6.35,11.66,11.14
318148.312000,0.715,-0.172,-0.591,-5.16,10.47,12.12
318148.312000,0.72,-0.181,-0.586,-3.6,9.09,12.91
318148.328000,0.731,-0.185,-0.586,-1.83,7.97,13.03
318148.343000,0.748,-0.185,-0.587,-0.43,7.63,12.48
318148.343000,0.767,-0.181,-0.58,0.7,8.3,11.54
318148.359000,0.788,-0.173,-0.566,1.68,9.22,10.04
318148.359000,0.797,-0.152,-0.55,2.23,10.1,8.09
318148.375000,0.802,-0.132,-0.543,2.62,10.93,6.59
318148.390000,0.805,-0.111,-0.534,2.59,11.54,5.37
318148.406000,0.8,-0.094,-0.522,1.77,11.05,4.76
318148.406000,0.807,-0.089,-0.524,0.98,9.25,5.4
318148.406000,0.818,-0.091,-0.537,0.73,6.62,6.1
318148.421000,0.83,-0.097,-0.545,1.07,4.91,6.9
318148.421000,0.831,-0.101,-0.568,2.14,4.79,7.42
318148.453000,0.819,-0.096,-0.593,3.17,6.5,7.72
318148.453000,0.806,-0.085,-0.594,3.23,8.79,7.78
318148.468000,0.811,-0.091,-0.588,2.81,9.49,8.58
318148.468000,0.823,-0.113,-0.588,2.14,8.82,9.43
318148.468000,0.819,-0.133,-0.59,2.11,9.25,9.61
318148.500000,0.808,-0.148,-0.59,3.54,11.81,9.4
318148.515000,0.787,-0.148,-0.578,5.31,14.8,8.94
318148.515000,0.765,-0.145,-0.56,7.45,16.88,9.55
318148.531000,0.76,-0.148,-0.548,8.94,16.66,11.96
318148.531000,0.764,-0.154,-0.553,9.98,14.37,15.35
318148.546000,0.768,-0.169,-0.56,11.2,12.82,18.68
318148.562000,0.781,-0.19,-0.556,12.63,12.51,22.49
318148.562000,0.788,-0.223,-0.566,14.71,13.31,25.27
318148.578000,0.785,-0.25,-0.576,16.36,15.38,25.61
318148.578000,0.781,-0.272,-0.573,17.82,18.19,23.71
318148.593000,0.77,-0.286,-0.562,17.88,20.54,19.75
318148.609000,0.756,-0.286,-0.548,16.21,22.52,15.14
318148.609000,0.751,-0.283,-0.53,14.01,23.74,10.96
318148.625000,0.753,-0.279,-0.515,11.41,23.56,7.2
318148.625000,0.75,-0.266,-0.503,8.73,22.43,4.27
318148.640000,0.752,-0.258,-0.478,6.9,21.52,3.14
318148.656000,0.767,-0.254,-0.449,6.38,19.9,2.99
318148.671000,0.784,-0.246,-0.449,7.14,17.0,2.9
318148.671000,0.799,-0.229,-0.456,7.2,14.25,2.5
318148.687000,0.816,-0.212,-0.449,6.68,12.88,2.17
318148.703000,0.829,-0.204,-0.448,5.19,11.96,2.11
318148.703000,0.835,-0.202,-0.454,3.17,11.23,1.86
318148.703000,0.835,-0.201,-0.461,0.82,11.26,1.19
318148.718000,0.83,-0.204,-0.46,-1.77,11.32,0.27
318148.718000,0.823,-0.207,-0.456,-3.51,11.08,-0.15
318148.734000,0.815,-0.211,-0.46,-4.58,10.5,-0.12
318148.765000,0.805,-0.218,-0.463,-5.07,9.28,0.37
318148.781000,0.804,-0.226,-0.463,-4.61,8.36,1.4
318148.781000,0.803,-0.232,-0.478,-3.45,6.93,2.47
318148.781000,0.799,-0.238,-0.491,-2.32,6.2,3.17
318148.796000,0.808,-0.243,-0.489,-1.71,6.16,3.75
318148.812000,0.816,-0.25,-0.494,-1.13,5.86,3.97
318148.812000,0.82,-0.254,-0.504,-0.52,6.2,3.85
318148.828000,0.825,-0.251,-0.507,-0.37,7.57,3.51
318148.843000,0.825,-0.25,-0.501,0.24,9.92,3.88
318148.843000,0.823,-0.256,-0.487,1.43,11.57,4.55
318148.859000,0.823,-0.264,-0.478,1.89,11.66,5.19
318148.859000,0.815,-0.272,-0.472,2.08,11.2,5.86
318148.875000,0.81,-0.285,-0.474,3.33,11.17,6.74
318148.890000,0.804,-0.294,-0.475,4.64,10.86,7.14
318148.906000,0.803,-0.299,-0.472,5.83,10.04,7.23
318148.906000,0.804,-0.302,-0.471,7.29,9.4,7.08
318148.921000,0.805,-0.302,-0.469,9.09,8.97,6.38
318148.921000,0.813,-0.3,-0.478,10.35,8.91,5.68
318148.937000,0.821,-0.288,-0.492,10.65,9.55,4.58
318148.937000,0.826,-0.276,-0.498,10.01,10.77,3.48
318148.953000,0.83,-0.269,-0.502,8.85,11.84,2.66
318148.968000,0.828,-0.266,-0.504,7.69,12.48,2.35
318148.984000,0.83,-0.278,-0.5,7.42,13.4,2.53
318148.984000,0.835,-0.294,-0.484,8.7,14.59,2.38
318149.000000,0.845,-0.31,-0.48,11.51,15.72,1.77
318149.000000,0.859,-0.325,-0.499,15.75,17.61,0.0
318149.015000,0.868,-0.327,-0.542,20.91,23.07,-3.08
318149.015000,0.872,-0.3,-0.556,24.14,32.38,-6.5
318149.031000,0.865,-0.276,-0.563,23.83,41.35,-8.82
318149.046000,0.861,-0.264,-0.536,19.04,47.33,-10.1
318149.046000,0.859,-0.268,-0.474,13.61,50.05,-10.68
318149.062000,0.863,-0.283,-0.403,10.77,49.38,-10.93
318149.078000,0.858,-0.292,-0.354,13.95,38.36,-9.95
318149.093000,0.855,-0.29,-0.33,17.88,32.2,-7.97
318149.109000,0.866,-0.284,-0.318,21.7,27.41,-6.16
318149.109000,0.881,-0.277,-0.319,25.3,24.9,-4.76
318149.109000,0.888,-0.272,-0.33,27.59,24.54,-3.94
318149.125000,0.894,-0.268,-0.35,27.28,25.54,-4.79
318149.125000,0.891,-0.257,-0.349,24.08,26.49,-7.14
318149.140000,0.887,-0.251,-0.331,19.71,26.58,-9.86
318149.156000,0.878,-0.244,-0.312,15.93,25.94,-12.02
318149.171000,0.871,-0.237,-0.297,13.31,24.72,-13.18
318149.171000,0.873,-0.23,-0.291,11.9,23.47,-13.73
318149.187000,0.871,-0.214,-0.287,10.47,22.61,-13.7
318149.187000,0.866,-0.197,-0.284,9.46,22.06,-12.63
318149.203000,0.863,-0.189,-0.276,8.94,20.87,-10.5
318149.203000,0.865,-0.192,-0.269,8.36,18.25,-8.18
318149.234000,0.864,-0.196,-0.268,7.93,15.44,-6.53
318149.234000,0.857,-0.193,-0.272,7.78,13.18,-5.16
318149.234000,0.849,-0.194,-0.275,7.23,10.62,-3.39
318149.250000,0.845,-0.201,-0.269,6.1,7.51,-1.92
318149.250000,0.842,-0.204,-0.261,5.13,4.18,-0.82
318149.265000,0.84,-0.207,-0.27,4.18,1.4,0.27
318149.281000,0.836,-0.209,-0.279,3.11,0.61,1.01
318149.281000,0.828,-0.21,-0.28,2.11,1.1,1.65
318149.296000,0.821,-0.21,-0.274,0.73,1.31,1.98
318149.312000,0.812,-0.211,-0.268,-0.98,0.67,2.26
318149.312000,0.8,-0.208,-0.259,-2.2,0.15,2.47
318149.343000,0.793,-0.203,-0.237,-2.04,0.15,2.72
318149.343000,0.78,-0.197,-0.219,-0.31,0.4,2.69
318149.359000,0.759,-0.182,-0.195,1.98,0.49,2.47
318149.359000,0.748,-0.164,-0.16,3.88,-0.55,2.26
318149.375000,0.736,-0.142,-0.13,3.88,-4.94,2.47
318149.390000,0.713,-0.118,-0.135,2.2,-11.63,2.84
318149.390000,0.685,-0.108,-0.2,-1.37,-19.26,4.27
318149.406000,0.676,-0.133,-0.279,-6.04,-25.85,6.87
318149.421000,0.693,-0.179,-0.326,-9.4,-29.24,8.58
318149.421000,0.711,-0.207,-0.355,-11.05,-30.03,8.73
318149.437000,0.721,-0.219,-0.369,-9.03,-27.65,8.82
318149.453000,0.738,-0.224,-0.362,-4.24,-23.47,9.86
318149.453000,0.75,-0.223,-0.354,-0.03,-21.49,11.66
318149.468000,0.762,-0.22,-0.35,2.08,-22.8,14.07
318149.484000,0.784,-0.232,-0.362,2.69,-26.31,18.1
318149.484000,0.8,-0.252,-0.377,1.89,-30.09,22.74
318149.500000,0.827,-0.285,-0.379,2.04,-33.08,26.98
318149.500000,0.855,-0.32,-0.399,3.91,-36.65,29.82
318149.515000,0.873,-0.339,-0.413,5.92,-39.31,30.46
318149.531000,0.885,-0.358,-0.424,8.58,-40.86,29.91
318149.531000,0.893,-0.376,-0.438,11.41,-42.45,28.32
318149.546000,0.902,-0.387,-0.438,14.01,-43.61,25.33
318149.546000,0.904,-0.385,-0.437,16.72,-45.2,21.73
318149.562000,0.898,-0.375,-0.441,20.69,-47.21,19.1
318149.578000,0.883,-0.369,-0.423,27.25,-49.26,18.19
318149.593000,0.869,-0.377,-0.406,36.77,-52.64,19.62
318149.593000,0.857,-0.39,-0.412,48.4,-57.22,22.06
318149.609000,0.852,-0.391,-0.427,58.63,-61.25,24.26
318149.625000,0.841,-0.386,-0.437,63.75,-63.91,25.36
318149.625000,0.823,-0.393,-0.467,62.93,-64.27,25.73
318149.640000,0.817,-0.396,-0.555,53.56,-60.27,24.54
318149.640000,0.825,-0.365,-0.621,32.78,-48.74,21.42
318149.656000,0.827,-0.349,-0.623,11.84,-32.01,20.29
318149.671000,0.835,-0.385,-0.571,-0.79,-16.24,20.94
318149.671000,0.835,-0.451,-0.507,-4.52,-8.12,20.66
318149.671000,0.818,-0.502,-0.465,-1.56,-6.59,17.18
318149.687000,0.81,-0.518,-0.44,4.73,-8.48,12.51
318149.703000,0.805,-0.504,-0.427,13.15,-11.51,8.48
318149.703000,0.815,-0.482,-0.422,20.17,-16.79,7.63
318149.718000,0.831,-0.469,-0.435,24.54,-22.28,8.18
318149.718000,0.838,-0.461,-0.472,25.33,-25.67,9.06
318149.734000,0.848,-0.454,-0.515,21.36,-25.42,10.25
318149.765000,0.858,-0.454,-0.541,17.98,-21.03,11.08
318149.765000,0.865,-0.457,-0.543,16.72,-14.83,10.47
318149.781000,0.873,-0.458,-0.545,15.78,-10.59,9.09
318149.781000,0.873,-0.455,-0.548,14.13,-8.3,7.51
318149.781000,0.863,-0.452,-0.541,12.67,-6.56,6.5
318149.812000,0.861,-0.458,-0.534,11.9,-5.55,6.23
318149.812000,0.856,-0.461,-0.534,11.08,-4.73,6.1
318149.828000,0.845,-0.463,-0.537,11.54,-2.99,6.1
318149.843000,0.835,-0.475,-0.529,14.31,-0.03,6.62
318149.843000,0.825,-0.483,-0.53,16.88,1.92,7.51
318149.859000,0.82,-0.486,-0.531,19.29,4.18,8.27
318149.859000,0.818,-0.491,-0.516,23.71,7.39,8.88
318149.875000,0.813,-0.497,-0.504,28.96,9.16,8.94
318149.890000,0.811,-0.492,-0.512,31.86,9.13,7.63
318149.890000,0.807,-0.47,-0.526,29.73,9.06,4.91
318149.906000,0.808,-0.45,-0.522,24.84,10.35,2.26
318149.921000,0.808,-0.442,-0.506,19.75,11.96,0.18
318149.921000,0.8,-0.447,-0.5,15.44,13.55,-1.01
318149.937000,0.795,-0.455,-0.487,12.39,15.99,-1.65
318149.953000,0.783,-0.457,-0.468,12.3,18.28,-1.77
318149.953000,0.772,-0.466,-0.449,14.92,18.8,-0.98
318149.968000,0.766,-0.477,-0.435,19.68,18.13,0.82
318149.984000,0.762,-0.485,-0.417,26.83,17.18,2.81
318149.984000,0.753,-0.491,-0.402,35.98,15.99,5.04
318150.000000,0.742,-0.495,-0.391,45.66,14.44,7.93
318150.015000,0.741,-0.492,-0.389,53.74,12.88,11.32
318150.015000,0.741,-0.479,-0.389,60.58,12.02,14.53
318150.031000,0.742,-0.477,-0.387,66.41,11.29,17.64
318150.031000,0.748,-0.478,-0.394,69.61,10.38,19.53
318150.046000,0.753,-0.474,-0.412,67.93,9.77,19.01
318150.062000,0.756,-0.469,-0.425,61.86,10.35,16.21
318150.062000,0.753,-0.471,-0.414,53.77,11.66,12.94
318150.078000,0.747,-0.479,-0.403,45.5,12.7,9.77
318150.093000,0.741,-0.491,-0.382,38.79,13.86,6.56
318150.109000,0.74,-0.505,-0.364,34.21,14.19,3.66
318150.109000,0.742,-0.506,-0.349,31.19,14.5,0.95
318150.109000,0.734,-0.495,-0.338,30.37,15.02,-0.73
318150.125000,0.725,-0.486,-0.333,30.76,15.14,0.0
318150.125000,0.721,-0.485,-0.319,32.14,14.86,2.66
318150.156000,0.721,-0.49,-0.301,34.58,13.79,6.16
318150.156000,0.72,-0.501,-0.293,37.66,11.75,9.86
318150.171000,0.725,-0.513,-0.292,41.47,9.86,13.0
318150.171000,0.728,-0.514,-0.287,45.41,8.79,14.83
318150.187000,0.726,-0.51,-0.286,48.1,7.08,16.33
318150.203000,0.73,-0.512,-0.291,49.41,5.58,17.37
318150.203000,0.731,-0.516,-0.3,48.8,4.73,17.4
318150.218000,0.733,-0.522,-0.311,46.14,3.97,17.18
318150.218000,0.735,-0.531,-0.316,42.45,4.0,16.14
318150.234000,0.736,-0.538,-0.32,37.57,4.3,14.5
318150.234000,0.74,-0.541,-0.318,32.07,4.82,12.51
318150.250000,0.744,-0.545,-0.306,26.7,5.49,10.59
318150.250000,0.741,-0.545,-0.297,22.1,6.38,8.79
318150.281000,0.734,-0.546,-0.29,18.19,6.62,7.75
318150.281000,0.732,-0.553,-0.28,14.8,6.07,7.23
318150.281000,0.74,-0.564,-0.278,12.3,4.85,6.65
318150.312000,0.746,-0.572,-0.285,10.07,3.97,5.25
318150.312000,0.744,-0.577,-0.297,8.61,4.43,3.6
318150.328000,0.748,-0.581,-0.304,6.62,5.89,2.59
318150.343000,0.752,-0.585,-0.311,4.43,7.51,1.62
318150.343000,0.756,-0.595,-0.32,1.89,8.7,0.67
318150.359000,0.766,-0.6,-0.323,-0.4,9.92,-0.92
318150.359000,0.775,-0.601,-0.32,-2.29,10.22,-3.23
318150.375000,0.775,-0.594,-0.317,-3.78,10.1,-5.68
318150.390000,0.773,-0.589,-0.315,-4.82,10.1,-6.78
318150.390000,0.775,-0.592,-0.313,-5.19,10.25,-6.62
318150.406000,0.78,-0.596,-0.308,-4.79,10.56,-6.1
318150.421000,0.777,-0.601,-0.306,-3.88,10.8,-5.43
318150.421000,0.773,-0.603,-0.303,-2.47,10.9,-5.28
318150.437000,0.771,-0.602,-0.307,-1.28,10.77,-5.46
318150.453000,0.766,-0.596,-0.308,-0.98,10.86,-5.49
318150.453000,0.761,-0.598,-0.3,-0.95,11.29,-5.01
318150.468000,0.759,-0.601,-0.288,-0.58,11.75,-4.49
318150.484000,0.754,-0.606,-0.283,0.73,11.96,-3.97
318150.484000,0.745,-0.607,-0.273,2.93,12.09,-3.51
318150.484000,0.74,-0.603,-0.26,4.97,11.66,-3.54
318150.500000,0.732,-0.601,-0.25,7.32,10.9,-3.66
318150.515000,0.717,-0.597,-0.241,10.19,10.1,-3.33
318150.531000,0.706,-0.593,-0.228,13.21,9.4,-2.38
318150.531000,0.692,-0.594,-0.196,17.37,8.73,-0.85
318150.546000,0.686,-0.594,-0.17,22.98,7.6,0.92
318150.562000,0.682,-0.583,-0.146,29.42,5.89,1.92
318150.562000,0.668,-0.566,-0.14,34.91,3.33,3.08
318150.578000,0.668,-0.548,-0.143,37.66,0.64,5.13
318150.593000,0.677,-0.532,-0.136,38.61,-1.59,5.83
318150.593000,0.688,-0.512,-0.137,36.74,-4.49,5.62
318150.609000,0.705,-0.492,-0.15,32.38,-6.53,4.21
318150.609000,0.713,-0.473,-0.151,25.54,-7.72,2.41
318150.625000,0.72,-0.464,-0.153,17.37,-8.24,1.28
318150.640000,0.729,-0.466,-0.145,8.94,-7.42,0.4
318150.640000,0.738,-0.468,-0.136,-4.52,-5.34,-0.52
318150.656000,0.745,-0.471,-0.136,-9.74,-4.55,-0.12
318150.671000,0.751,-0.475,-0.124,-13.67,-4.55,1.16
318150.671000,0.755,-0.481,-0.111,-15.99,-5.83,3.57
318150.687000,0.761,-0.5,-0.108,-16.36,-7.26,6.04
318150.703000,0.772,-0.524,-0.107,-15.11,-8.73,8.27
318150.718000,0.784,-0.557,-0.123,-13.43,-9.95,10.65
318150.718000,0.788,-0.575,-0.133,-11.63,-11.14,13.46
318150.718000,0.794,-0.597,-0.141,-9.22,-11.51,15.87
318150.734000,0.798,-0.616,-0.143,-6.41,-11.63,17.3
318150.750000,0.793,-0.637,-0.148,-3.33,-11.51,18.16
318150.765000,0.786,-0.656,-0.156,-0.12,-11.32,18.59
318150.765000,0.776,-0.671,-0.166,2.84,-11.47,18.31
318150.781000,0.77,-0.679,-0.175,5.65,-11.81,17.24
318150.781000,0.762,-0.678,-0.183,7.35,-12.48,15.47
318150.796000,0.755,-0.676,-0.199,7.84,-13.37,13.18
318150.812000,0.745,-0.668,-0.215,7.05,-13.67,10.56
318150.812000,0.729,-0.66,-0.223,5.28,-13.34,8.12
318150.828000,0.713,-0.66,-0.229,2.99,-13.0,6.47
318150.828000,0.708,-0.665,-0.229,0.73,-12.73,4.85
318150.843000,0.704,-0.663,-0.224,-0.73,-12.88,2.78
318150.859000,0.696,-0.656,-0.232,-1.19,-13.06,1.16
318150.859000,0.693,-0.651,-0.237,-1.4,-12.7,0.21
318150.875000,0.701,-0.643,-0.238,-1.74,-13.21,-0.37
318150.875000,0.71,-0.634,-0.254,-2.01,-14.74,-0.89
318150.890000,0.719,-0.627,-0.268,-2.72,-15.81,-1.43
318150.906000,0.729,-0.622,-0.277,-3.6,-16.14,-1.89
318150.906000,0.742,-0.625,-0.286,-3.94,-15.69,-1.86
318150.921000,0.753,-0.625,-0.289,-2.87,-14.59,-2.04
318150.921000,0.764,-0.624,-0.297,-1.71,-13.28,-2.26
318150.953000,0.777,-0.618,-0.297,-0.98,-11.84,-2.44
318150.953000,0.789,-0.606,-0.297,-0.12,-10.41,-2.99
318150.953000,0.794,-0.595,-0.301,0.34,-9.52,-2.9
318150.984000,0.801,-0.593,-0.3,0.18,-8.48,-2.17
318150.984000,0.811,-0.595,-0.303,0.03,-7.84,-1.43
318150.984000,0.813,-0.6,-0.301,-0.09,-7.17,-0.95
318151.000000,0.811,-0.607,-0.295,0.37,-6.16,-0.73
318151.000000,0.81,-0.611,-0.298,1.22,-4.79,-0.49
318151.031000,0.805,-0.608,-0.298,2.5,-3.27,0.03
318151.031000,0.794,-0.61,-0.299,3.63,-1.8,1.04
318151.031000,0.789,-0.619,-0.294,4.52,-0.12,2.44
318151.046000,0.786,-0.625,-0.288,5.25,0.95,3.27
318151.062000,0.781,-0.63,-0.288,5.68,1.4,3.69
318151.078000,0.777,-0.638,-0.287,5.92,1.59,3.91
318151.093000,0.775,-0.646,-0.284,6.47,1.71,3.6
318151.093000,0.774,-0.659,-0.281,7.2,1.5,3.33
318151.109000,0.764,-0.666,-0.282,7.78,1.8,2.56
318151.125000,0.759,-0.665,-0.283,8.64,2.62,1.07
318151.125000,0.754,-0.659,-0.275,9.52,3.6,-0.43
318151.140000,0.749,-0.654,-0.269,10.04,4.39,-1.31
318151.140000,0.747,-0.654,-0.268,10.28,4.73,-1.95
318151.156000,0.746,-0.656,-0.258,10.56,5.28,-2.66
318151.171000,0.745,-0.65,-0.246,10.86,5.52,-3.69
318151.171000,0.747,-0.643,-0.248,10.77,5.1,-4.85
318151.187000,0.743,-0.635,-0.248,10.22,4.43,-5.95
318151.187000,0.74,-0.627,-0.241,9.52,4.3,-6.62
318151.203000,0.748,-0.621,-0.235,8.91,4.27,-6.99
318151.218000,0.746,-0.611,-0.231,8.42,4.03,-7.78
318151.218000,0.741,-0.601,-0.231,7.51,4.09,-8.3
318151.234000,0.744,-0.593,-0.229,6.53,4.18,-8.12
318151.250000,0.745,-0.59,-0.227,5.52,4.06,-7.84
318151.265000,0.743,-0.59,-0.225,4.55,3.85,-7.29
318151.265000,0.744,-0.592,-0.225,3.91,3.57,-6.96
318151.281000,0.745,-0.597,-0.226,3.75,3.48,-6.71
318151.281000,0.74,-0.596,-0.227,4.0,3.72,-6.47
318151.296000,0.738,-0.598,-0.226,4.33,3.94,-6.01
318151.312000,0.737,-0.601,-0.223,4.79,3.91,-5.43
318151.312000,0.736,-0.603,-0.221,5.55,3.6,-4.85
318151.328000,0.736,-0.602,-0.223,6.38,3.17,-4.39
318151.343000,0.737,-0.605,-0.225,6.59,2.78,-4.0
318151.343000,0.736,-0.611,-0.229,7.02,2.35,-3.66
318151.359000,0.734,-0.619,-0.231,7.51,2.29,-3.39
318151.359000,0.734,-0.625,-0.23,8.12,2.32,-3.42
318151.375000,0.734,-0.627,-0.229,8.67,2.2,-4.12
318151.390000,0.733,-0.623,-0.23,8.94,2.04,-4.94
318151.390000,0.732,-0.618,-0.228,9.0,2.11,-5.74
318151.406000,0.732,-0.611,-0.23,8.88,2.04,-6.32
318151.421000,0.729,-0.602,-0.233,8.48,1.92,-6.56
318151.421000,0.722,-0.597,-0.232,7.63,1.92,-6.56
318151.437000,0.719,-0.593,-0.23,6.41,1.68,-6.47
318151.453000,0.714,-0.588,-0.228,5.46,1.65,-6.26
318151.453000,0.706,-0.583,-0.23,4.79,1.62,-5.77
318151.468000,0.698,-0.59,-0.227,4.73,1.31,-4.91
318151.484000,0.694,-0.596,-0.224,4.91,0.61,-4.36
318151.484000,0.693,-0.594,-0.219,5.74,-0.43,-4.33
318151.500000,0.691,-0.587,-0.212,7.11,-1.28,-4.64
318151.500000,0.69,-0.575,-0.21,8.7,-2.47,-5.01
318151.515000,0.69,-0.565,-0.211,9.83,-3.75,-4.94
318151.515000,0.691,-0.557,-0.213,10.04,-5.22,-4.03
318151.531000,0.693,-0.561,-0.217,9.52,-7.05,-2.5
318151.546000,0.701,-0.573,-0.222,8.58,-8.7,-1.31
318151.562000,0.716,-0.586,-0.225,7.84,-10.41,-0.64
318151.562000,0.735,-0.594,-0.234,7.57,-12.36,-1.31
318151.578000,0.75,-0.594,-0.255,7.32,-14.47,-2.99
318151.593000,0.771,-0.591,-0.266,6.35,-15.66,-4.73
318151.593000,0.796,-0.586,-0.269,4.97,-16.24,-6.5
318151.593000,0.817,-0.577,-0.282,3.85,-16.51,-8.58
318151.609000,0.834,-0.563,-0.29,2.72,-15.72,-10.9
318151.625000,0.847,-0.548,-0.288,1.68,-14.19,-12.6
318151.625000,0.852,-0.533,-0.29,0.64,-13.15,-13.37
318151.640000,0.85,-0.519,-0.294,-0.43,-11.93,-12.97
318151.656000,0.846,-0.511,-0.301,-1.86,-10.71,-11.26
318151.671000,0.845,-0.514,-0.306,-3.94,-9.95,-8.15
318151.671000,0.845,-0.529,-0.308,-6.29,-10.13,-4.94
318151.687000,0.847,-0.554,-0.316,-7.54,-10.68,-2.59
318151.687000,0.845,-0.574,-0.329,-6.87,-9.89,-1.86
318151.703000,0.834,-0.582,-0.339,-5.04,-7.93,-2.01
318151.703000,0.82,-0.586,-0.34,-2.93,-5.28,-1.83
318151.734000,0.809,-0.589,-0.341,-0.82,-2.41,-1.22
318151.750000,0.799,-0.6,-0.344,0.82,0.52,-0.73
318151.750000,0.792,-0.612,-0.339,1.86,3.69,-1.19
318151.750000,0.783,-0.614,-0.319,2.59,6.93,-2.62
318151.765000,0.771,-0.605,-0.289,3.45,10.04,-4.36
318151.781000,0.76,-0.593,-0.261,5.04,12.3,-5.25
318151.781000,0.756,-0.583,-0.229,6.65,13.82,-5.49
318151.796000,0.755,-0.566,-0.201,8.36,14.62,-5.28
318151.796000,0.75,-0.545,-0.178,10.19,14.83,-4.73
318151.812000,0.747,-0.523,-0.155,11.75,14.74,-3.69
318151.828000,0.741,-0.511,-0.141,12.54,14.28,-1.74
318151.828000,0.737,-0.511,-0.129,12.24,13.21,1.07
318151.843000,0.74,-0.519,-0.117,11.47,12.09,3.3
318151.843000,0.738,-0.525,-0.121,9.98,10.77,4.49
318151.875000,0.732,-0.535,-0.132,8.3,9.7,4.94
318151.875000,0.719,-0.545,-0.134,6.01,9.19,5.01
318151.890000,0.714,-0.561,-0.137,3.6,8.21,4.82
318151.890000,0.703,-0.576,-0.145,1.37,7.11,4.06
318151.906000,0.691,-0.592,-0.141,-0.15,6.84,3.33
318151.921000,0.69,-0.605,-0.13,-0.24,6.56,2.87
318151.921000,0.692,-0.61,-0.125,0.7,5.13,2.23
318151.937000,0.696,-0.609,-0.127,1.83,2.99,1.65
318151.953000,0.709,-0.601,-0.123,3.08,0.37,1.1
318151.953000,0.721,-0.585,-0.126,3.97,-2.47,0.37
318151.968000,0.732,-0.566,-0.139,3.72,-5.04,-0.21
318151.968000,0.743,-0.55,-0.148,2.5,-6.99,0.06
318151.984000,0.754,-0.544,-0.149,0.46,-8.3,0.98
318152.000000,0.768,-0.549,-0.146,-1.5,-9.52,2.53
318152.015000,0.783,-0.565,-0.137,-2.47,-10.47,4.03
318152.015000,0.807,-0.584,-0.12,-1.31,-11.69,4.73
318152.031000,0.837,-0.598,-0.106,1.8,-13.31,4.06
318152.031000,0.856,-0.594,-0.108,5.8,-15.32,1.71
318152.046000,0.851,-0.566,-0.127,9.22,-15.9,-1.86
318152.062000,0.821,-0.533,-0.158,10.25,-14.16,-4.27
318152.062000,0.783,-0.521,-0.181,8.0,-9.95,-3.17
318152.078000,0.753,-0.535,-0.176,3.54,-4.85,0.52
318152.078000,0.726,-0.569,-0.167,-1.56,-1.34,4.88
318152.093000,0.7,-0.61,-0.163,-6.13,0.21,9.06
318152.109000,0.676,-0.659,-0.155,-8.7,-0.4,14.22
318152.109000,0.663,-0.722,-0.17,-8.88,-2.69,19.93
318152.125000,0.659,-0.786,-0.19,-6.81,-4.64,24.14
318152.125000,0.672,-0.839,-0.205,-2.78,-6.68,25.88
318152.140000,0.691,-0.863,-0.214,3.36,-6.87,23.26
318152.156000,0.708,-0.849,-0.214,9.98,-7.32,17.91
318152.171000,0.729,-0.808,-0.23,15.26,-7.84,10.68
318152.187000,0.744,-0.754,-0.239,18.22,-6.47,4.09
318152.187000,0.767,-0.71,-0.24,17.33,-5.16,0.06
318152.187000,0.794,-0.682,-0.241,13.34,-4.49,-3.17
318152.203000,0.803,-0.648,-0.242,7.45,-3.42,-8.48
318152.203000,0.796,-0.608,-0.245,0.76,-1.43,-12.48
318152.218000,0.784,-0.588,-0.245,-9.95,2.35,-11.96
318152.234000,0.767,-0.587,-0.237,-13.4,2.99,-10.07
318152.234000,0.758,-0.596,-0.228,-14.8,2.41,-7.54
318152.250000,0.75,-0.612,-0.219,-13.67,0.73,-5.1
318152.265000,0.748,-0.629,-0.205,-10.35,-1.89,-3.17
318152.281000,0.755,-0.65,-0.209,-5.16,-4.7,-2.41
318152.296000,0.761,-0.642,-0.224,0.46,-6.47,-2.5
318152.296000,0.767,-0.629,-0.242,4.58,-7.11,-2.69
318152.312000,0.777,-0.615,-0.259,6.13,-6.87,-2.96
318152.312000,0.782,-0.61,-0.271,5.37,-5.34,-3.27
318152.312000,0.783,-0.613,-0.272,3.42,-3.08,-3.75
318152.328000,0.78,-0.618,-0.27,1.25,-0.92,-4.91
318152.343000,0.772,-0.621,-0.266,-0.4,1.1,-6.38
318152.343000,0.757,-0.621,-0.26,-0.89,3.02,-7.45
318152.359000,0.748,-0.619,-0.249,-0.06,4.49,-7.97
318152.375000,0.739,-0.612,-0.243,1.86,4.64,-7.81
318152.390000,0.731,-0.599,-0.249,3.97,3.78,-7.54
318152.390000,0.736,-0.588,-0.249,5.34,2.69,-7.14
318152.406000,0.744,-0.576,-0.255,5.95,1.25,-6.87
318152.421000,0.745,-0.565,-0.267,5.62,0.31,-6.93
318152.421000,0.75,-0.556,-0.279,4.7,0.09,-7.14
318152.421000,0.758,-0.555,-0.286,2.99,-0.15,-7.48
318152.437000,0.764,-0.551,-0.288,0.73,-0.46,-8.45
318152.453000,0.772,-0.541,-0.289,-1.53,-0.61,-10.16
318152.453000,0.774,-0.525,-0.293,-3.45,-0.43,-11.6
318152.484000,0.778,-0.504,-0.295,-5.22,0.03,-12.27
318152.484000,0.781,-0.49,-0.297,-7.05,0.64,-11.78
318152.484000,0.781,-0.483,-0.291,-8.64,1.46,-10.22
318152.500000,0.785,-0.486,-0.282,-9.77,2.17,-8.15
318152.515000,0.787,-0.489,-0.275,-10.01,2.84,-6.01
318152.515000,0.787,-0.494,-0.269,-9.52,3.6,-4.03
318152.531000,0.787,-0.499,-0.267,-8.61,4.76,-2.23
318152.546000,0.789,-0.506,-0.261,-7.54,5.89,-0.31
318152.562000,0.785,-0.514,-0.255,-6.96,6.81,1.53
318152.562000,0.783,-0.525,-0.244,-6.38,7.66,3.45
318152.578000,0.784,-0.538,-0.233,-5.37,8.12,4.88
318152.593000,0.782,-0.545,-0.228,-4.24,8.06,5.46
318152.593000,0.78,-0.544,-0.222,-3.2,8.24,5.62
318152.609000,0.778,-0.545,-0.211,-2.53,8.18,6.26
318152.625000,0.775,-0.548,-0.201,-2.01,7.69,7.11
318152.625000,0.778,-0.552,-0.194,-1.37,7.11,7.42
318152.640000,0.78,-0.555,-0.187,-1.04,6.62,7.39
318152.640000,0.782,-0.556,-0.179,-0.98,6.04,7.17
318152.656000,0.781,-0.558,-0.179,-1.59,5.22,7.14
318152.671000,0.782,-0.556,-0.186,-2.35,4.58,7.08
318152.671000,0.778,-0.557,-0.188,-3.2,4.3,7.11
318152.687000,0.773,-0.565,-0.191,-4.12,4.39,7.63
318152.703000,0.77,-0.584,-0.196,-5.25,4.21,8.03
318152.703000,0.766,-0.604,-0.197,-5.92,3.72,7.78
318152.718000,0.761,-0.615,-0.2,-6.07,3.42,6.62
318152.734000,0.757,-0.62,-0.202,-5.74,3.48,5.28
318152.734000,0.752,-0.628,-0.204,-5.16,3.78,4.12
318152.750000,0.749,-0.637,-0.204,-4.76,4.15,2.84
318152.750000,0.75,-0.638,-0.198,-4.3,4.39,1.25
318152.765000,0.749,-0.635,-0.193,-3.45,4.27,-0.37
318152.765000,0.744,-0.628,-0.189,-2.47,3.81,-2.14
318152.781000,0.746,-0.618,-0.183,-1.65,3.39,-3.63
318152.796000,0.745,-0.602,-0.176,-1.04,2.56,-4.33
318152.812000,0.744,-0.588,-0.173,-0.67,1.46,-4.61
318152.812000,0.748,-0.58,-0.172,-0.4,0.24,-4.49
318152.828000,0.75,-0.576,-0.178,-0.24,-1.34,-3.91
318152.843000,0.754,-0.575,-0.183,-0.34,-2.96,-3.57
318152.843000,0.757,-0.573,-0.189,-0.34,-4.24,-3.54
318152.859000,0.761,-0.57,-0.198,-0.27,-5.4,-3.66
318152.875000,0.766,-0.568,-0.206,-0.52,-6.16,-3.91
318152.875000,0.767,-0.569,-0.21,-0.43,-6.65,-4.55
318152.890000,0.768,-0.567,-0.229,-1.07,-7.69,-5.19
318152.890000,0.77,-0.566,-0.245,-2.32,-8.12,-5.83
318152.906000,0.771,-0.563,-0.25,-3.69,-8.09,-6.65
318152.921000,0.77,-0.56,-0.261,-4.76,-7.9,-7.45
318152.921000,0.771,-0.56,-0.268,-5.68,-7.29,-7.51
318152.937000,0.773,-0.558,-0.267,-6.23,-6.53,-7.51
318152.953000,0.774,-0.553,-0.27,-6.5,-5.92,-7.29
318152.953000,0.775,-0.547,-0.27,-6.44,-5.01,-6.74
318152.968000,0.776,-0.545,-0.262,-5.92,-3.88,-5.19
318152.968000,0.778,-0.551,-0.254,-4.49,-3.11,-3.17
318152.984000,0.779,-0.556,-0.25,-3.02,-2.75,-1.59
318152.984000,0.782,-0.559,-0.245,-1.1,-2.17,-0.12
318153.000000,0.784,-0.563,-0.239,0.85,-1.59,0.95
318153.015000,0.787,-0.567,-0.241,2.5,-1.19,1.95
318153.031000,0.782,-0.573,-0.242,3.48,-0.21,2.59
318153.031000,0.775,-0.581,-0.24,4.15,1.4,3.14
318153.046000,0.767,-0.592,-0.234,5.16,3.27,3.51
318153.046000,0.76,-0.602,-0.227,5.55,4.27,3.39
318153.062000,0.756,-0.609,-0.216,6.01,5.01,3.14
318153.078000,0.752,-0.612,-0.207,7.08,5.22,2.44
318153.093000,0.746,-0.613,-0.208,8.18,5.37,1.74
318153.093000,0.741,-0.61,-0.206,9.09,5.68,1.04
318153.109000,0.738,-0.606,-0.202,9.77,5.52,0.49
318153.109000,0.738,-0.603,-0.202,10.07,4.94,0.21
318153.125000,0.74,-0.602,-0.201,9.83,4.09,-0.24
318153.125000,0.747,-0.599,-0.2,9.4,2.93,-0.7
318153.140000,0.752,-0.596,-0.207,8.7,2.2,-1.28
318153.156000,0.757,-0.595,-0.209,8.0,1.59,-1.68
318153.171000,0.761,-0.594,-0.211,7.42,1.16,-2.11
318153.187000,0.764,-0.589,-0.211,7.14,0.4,-3.02
318153.187000,0.77,-0.579,-0.217,6.9,-0.24,-4.12
318153.203000,0.773,-0.568,-0.226,6.38,-0.49,-4.76
318153.203000,0.773,-0.563,-0.229,5.43,-0.21,-4.55
318153.218000,0.778,-0.565,-0.229,4.46,0.0,-3.94
318153.218000,0.78,-0.568,-0.23,3.94,0.24,-3.48
318153.234000,0.785,-0.574,-0.235,3.85,0.76,-3.14
318153.250000,0.789,-0.579,-0.237,4.06,1.5,-3.48
318153.250000,0.788,-0.575,-0.234,4.49,2.5,-4.0
318153.250000,0.783,-0.567,-0.231,5.34,3.54,-4.15
318153.281000,0.782,-0.563,-0.228,6.1,4.73,-3.69
318153.281000,0.779,-0.566,-0.226,6.93,5.86,-2.81
318153.296000,0.775,-0.568,-0.221,7.9,6.9,-1.8
318153.312000,0.773,-0.57,-0.215,8.94,7.84,-1.19
318153.312000,0.771,-0.571,-0.211,9.95,8.36,-0.73
318153.328000,0.766,-0.571,-0.209,10.71,8.76,-0.24
318153.328000,0.762,-0.571,-0.206,11.41,9.4,0.46
318153.343000,0.761,-0.574,-0.2,12.02,9.61,0.89
318153.359000,0.756,-0.572,-0.193,12.6,9.37,1.19
318153.359000,0.754,-0.571,-0.19,12.82,8.88,1.28
318153.375000,0.751,-0.568,-0.187,12.7,8.39,1.31
318153.390000,0.75,-0.568,-0.188,11.96,7.84,1.77
318153.390000,0.753,-0.572,-0.184,10.83,7.11,2.32
318153.406000,0.758,-0.574,-0.179,9.61,5.98,2.26
318153.406000,0.758,-0.574,-0.181,8.45,4.76,1.83
318153.421000,0.762,-0.573,-0.187,7.05,4.09,1.59
318153.437000,0.77,-0.573,-0.187,5.65,3.57,1.37
318153.437000,0.772,-0.57,-0.188,4.49,2.96,0.98
318153.453000,0.775,-0.561,-0.189,3.51,2.78,0.7
318153.453000,0.775,-0.557,-0.196,2.44,2.75,0.89
318153.468000,0.774,-0.561,-0.203,1.34,2.99,1.77
318153.484000,0.777,-0.57,-0.199,0.46,3.23,2.78
318153.484000,0.781,-0.582,-0.195,0.24,3.3,3.2
318153.515000,0.78,-0.585,-0.195,0.58,3.51,3.36
318153.515000,0.779,-0.586,-0.189,1.25,3.78,3.3
318153.531000,0.779,-0.586,-0.188,1.89,4.09,3.54
318153.531000,0.781,-0.584,-0.187,2.17,4.03,4.24
318153.531000,0.782,-0.587,-0.186,2.04,3.75,4.73
318153.562000,0.778,-0.595,-0.192,1.59,3.63,5.34
318153.562000,0.78,-0.606,-0.192,0.76,3.57,5.68
318153.578000,0.784,-0.614,-0.184,0.0,3.57,5.13
318153.593000,0.785,-0.616,-0.183,-0.37,2.99,3.91
318153.593000,0.786,-0.612,-0.182,-0.55,2.66,2.87
318153.609000,0.79,-0.609,-0.178,-0.76,2.62,1.95
318153.609000,0.787,-0.603,-0.182,-0.85,2.41,1.16
318153.625000,0.789,-0.598,-0.182,-1.28,2.35,0.67
318153.640000,0.792,-0.597,-0.177,-1.83,2.35,0.27
318153.656000,0.793,-0.595,-0.175,-2.26,2.11,0.0
318153.656000,0.79,-0.589,-0.183,-2.99,1.92,-0.37
318153.671000,0.787,-0.586,-0.184,-3.48,1.86,-0.58
318153.671000,0.786,-0.585,-0.185,-3.88,1.95,-0.46
318153.687000,0.787,-0.586,-0.185,-4.15,2.32,-0.52
318153.703000,0.784,-0.588,-0.182,-4.09,2.5,-0.34
318153.703000,0.78,-0.591,-0.184,-3.88,2.62,0.18
318153.718000,0.779,-0.595,-0.184,-3.63,2.87,0.46
318153.734000,0.78,-0.596,-0.179,-3.51,3.11,0.24
318153.734000,0.778,-0.594,-0.176,-3.36,3.42,-0.06
318153.750000,0.777,-0.593,-0.173,-3.05,3.69,-0.09
318153.765000,0.775,-0.589,-0.17,-2.87,4.0,-0.15
318153.765000,0.773,-0.587,-0.167,-2.81,4.18,-0.27
318153.781000,0.772,-0.587,-0.161,-2.62,4.24,-0.15
318153.781000,0.773,-0.586,-0.153,-2.44,4.15,0.09
318153.796000,0.776,-0.583,-0.155,-2.35,4.0,0.03
318153.812000,0.771,-0.577,-0.143,-2.04,3.33,0.09
318153.812000,0.769,-0.577,-0.144,-2.78,2.26,0.06
318153.828000,0.769,-0.569,-0.145,-3.05,2.01,0.24
318153.843000,0.766,-0.566,-0.146,-3.42,1.98,0.85
318153.843000,0.763,-0.563,-0.149,-3.63,1.83,1.8
318153.859000,0.763,-0.577,-0.155,-4.06,1.53,2.17
318153.859000,0.763,-0.578,-0.15,-4.88,1.34,2.11
318153.875000,0.767,-0.578,-0.146,-4.97,0.92,2.14
318153.890000,0.767,-0.578,-0.148,-4.61,0.24,2.38
318153.890000,0.767,-0.578,-0.151,-4.43,-0.24,2.75
318153.906000,0.768,-0.576,-0.147,-4.21,-0.34,3.11
318153.906000,0.771,-0.578,-0.153,-3.94,-0.82,3.48
318153.921000,0.775,-0.578,-0.156,-4.43,-1.46,3.39
318153.921000,0.779,-0.575,-0.156,-5.1,-2.23,3.23
318153.937000,0.787,-0.583,-0.167,-5.43,-2.93,3.2
318153.953000,0.793,-0.588,-0.174,-5.89,-3.33,3.14
318153.953000,0.793,-0.591,-0.177,-6.32,-3.14,2.08
318153.984000,0.796,-0.589,-0.174,-6.59,-2.47,1.22
318153.984000,0.801,-0.588,-0.172,-6.59,-2.35,0.79
318154.000000,0.801,-0.588,-0.176,-6.38,-2.38,0.58
318154.000000,0.804,-0.59,-0.179,-6.01,-1.98,0.61
318154.000000,0.804,-0.592,-0.179,-5.77,-1.71,0.34
318154.031000,0.801,-0.589,-0.183,-5.49,-1.4,0.03
318154.031000,0.798,-0.589,-0.191,-5.4,-0.64,0.21
318154.046000,0.793,-0.594,-0.19,-5.25,0.58,0.58
318154.062000,0.788,-0.6,-0.187,-4.94,1.83,0.64
318154.062000,0.781,-0.605,-0.187,-4.55,2.78,0.76
318154.078000,0.774,-0.611,-0.184,-3.88,3.85,0.95
318154.093000,0.769,-0.616,-0.177,-3.02,4.43,0.76
318154.093000,0.763,-0.618,-0.181,-1.89,4.43,0.46
318154.109000,0.761,-0.614,-0.184,-1.22,4.36,-0.06
318154.109000,0.766,-0.606,-0.184,-0.79,3.85,-0.98
318154.125000,0.771,-0.589,-0.194,-0.7,3.27,-2.26
318154.140000,0.773,-0.567,-0.206,-1.19,3.2,-3.17
318154.140000,0.777,-0.553,-0.217,-2.38,3.85,-3.33
318154.156000,0.785,-0.548,-0.221,-3.75,5.04,-3.2
318154.171000,0.79,-0.542,-0.22,-4.97,6.23,-3.05
318154.171000,0.794,-0.537,-0.222,-6.04,7.66,-3.02
318154.187000,0.796,-0.536,-0.222,-7.08,9.09,-2.75
318154.203000,0.801,-0.536,-0.207,-7.78,10.41,-2.35
318154.203000,0.802,-0.542,-0.194,-7.69,11.47,-1.77
318154.218000,0.799,-0.553,-0.192,-7.11,11.84,-0.61
318154.218000,0.797,-0.567,-0.192,-6.53,11.9,0.06
318154.234000,0.789,-0.58,-0.187,-6.01,11.69,0.24
318154.250000,0.785,-0.594,-0.186,-5.43,11.05,0.34
318154.250000,0.783,-0.6,-0.184,-5.01,10.35,-0.15
318154.265000,0.779,-0.6,-0.183,-4.33,9.83,-1.16
318154.265000,0.771,-0.593,-0.182,-3.85,9.7,-1.86
318154.281000,0.763,-0.587,-0.174,-3.78,10.07,-2.23
318154.296000,0.751,-0.582,-0.169,-4.3,10.01,-2.11
318154.312000,0.733,-0.582,-0.17,-5.01,9.7,-1.59
318154.312000,0.721,-0.593,-0.157,-5.55,9.31,-0.95
318154.328000,0.715,-0.6,-0.14,-5.46,8.0,-0.92
318154.343000,0.709,-0.597,-0.129,-4.18,5.95,-1.8
318154.343000,0.7,-0.583,-0.122,-2.38,4.0,-2.84
318154.359000,0.691,-0.568,-0.116,-0.58,2.5,-2.66
318154.359000,0.684,-0.555,-0.113,0.7,1.16,-1.37
318154.375000,0.685,-0.547,-0.105,1.28,-0.37,0.18
318154.390000,0.686,-0.54,-0.112,0.95,-2.72,1.4
318154.406000,0.698,-0.534,-0.135,-1.37,-5.28,2.44
318154.406000,0.711,-0.533,-0.153,-6.65,-6.29,2.81
318154.421000,0.725,-0.537,-0.163,-13.98,-5.68,1.92
318154.421000,0.74,-0.538,-0.173,-23.35,-4.76,-0.73
318154.437000,0.744,-0.532,-0.173,-33.57,-3.91,-4.3
318154.437000,0.746,-0.534,-0.163,-41.32,-2.66,-7.26
318154.453000,0.748,-0.538,-0.14,-45.35,-1.74,-8.3
318154.453000,0.747,-0.54,-0.126,-44.83,-1.98,-8.3
318154.468000,0.745,-0.532,-0.117,-41.26,-3.6,-7.48
318154.468000,0.745,-0.522,-0.116,-35.68,-6.1,-4.94
318154.484000,0.747,-0.509,-0.124,-29.18,-8.64,-1.34
318154.500000,0.751,-0.498,-0.125,-22.74,-11.17,2.69
318154.515000,0.757,-0.489,-0.128,-16.82,-13.43,7.29
318154.531000,0.764,-0.482,-0.131,-11.63,-15.08,11.63
318154.531000,0.769,-0.476,-0.132,-6.78,-16.54,15.78
318154.531000,0.771,-0.475,-0.132,-2.53,-17.55,19.9
318154.546000,0.776,-0.476,-0.134,0.21,-18.59,23.96
318154.578000,0.777,-0.478,-0.146,1.01,-19.78,27.92
318154.578000,0.774,-0.491,-0.156,0.58,-20.81,32.11
318154.593000,0.764,-0.529,-0.177,0.24,-22.58,36.71
318154.593000,0.763,-0.593,-0.222,-1.25,-24.72,41.11
318154.609000,0.768,-0.655,-0.247,-3.91,-26.34,43.09
318154.625000,0.777,-0.719,-0.275,-6.16,-27.22,42.94
318154.625000,0.78,-0.777,-0.302,-8.06,-26.89,40.77
318154.640000,0.789,-0.817,-0.31,-8.58,-25.61,36.19
318154.656000,0.798,-0.834,-0.307,-7.2,-24.41,30.06
318154.656000,0.806,-0.834,-0.316,-4.43,-23.29,23.96
318154.671000,0.811,-0.825,-0.329,-1.56,-21.7,18.1
318154.671000,0.812,-0.81,-0.335,0.4,-19.81,12.94
318154.687000,0.816,-0.795,-0.34,1.56,-18.07,9.03
318154.703000,0.816,-0.781,-0.35,2.47,-15.96,5.52
318154.703000,0.814,-0.756,-0.332,3.08,-13.31,2.14
318154.718000,0.809,-0.738,-0.323,5.34,-11.14,-0.64
318154.718000,0.807,-0.716,-0.321,6.87,-9.95,-2.75
318154.734000,0.801,-0.693,-0.314,8.51,-8.33,-4.39
318154.750000,0.797,-0.669,-0.302,9.83,-6.53,-5.46
318154.765000,0.793,-0.656,-0.292,11.38,-5.46,-5.58
318154.765000,0.789,-0.644,-0.296,12.42,-5.01,-5.43
318154.781000,0.78,-0.631,-0.304,12.7,-4.36,-5.37
318154.781000,0.775,-0.632,-0.31,12.3,-3.23,-5.07
318154.796000,0.775,-0.638,-0.308,11.26,-2.08,-5.37
318154.796000,0.774,-0.641,-0.307,10.16,-1.34,-6.23
318154.812000,0.765,-0.64,-0.313,9.22,-0.34,-7.69
318154.812000,0.752,-0.636,-0.315,8.7,1.34,-9.16
318154.828000,0.744,-0.633,-0.309,8.55,2.9,-9.89
318154.843000,0.739,-0.632,-0.303,8.79,3.97,-10.53
318154.843000,0.733,-0.627,-0.297,9.28,4.82,-11.02
318154.859000,0.73,-0.622,-0.293,9.77,5.83,-11.26
318154.875000,0.726,-0.617,-0.278,10.47,6.84,-11.14
318154.890000,0.725,-0.613,-0.27,11.44,7.11,-11.05
318154.890000,0.721,-0.605,-0.262,11.87,6.87,-10.86
318154.890000,0.718,-0.599,-0.253,12.3,6.56,-10.44
318154.906000,0.718,-0.595,-0.251,12.45,6.16,-10.07
318154.921000,0.72,-0.588,-0.256,12.12,5.34,-9.83
318154.937000,0.721,-0.586,-0.253,11.26,4.7,-9.61
318154.953000,0.725,-0.586,-0.248,10.59,4.46,-9.55
318154.953000,0.726,-0.587,-0.257,9.49,3.97,-9.43
318154.968000,0.729,-0.586,-0.256,8.03,3.78,-9.7
318154.984000,0.733,-0.584,-0.252,6.68,3.88,-10.16
318154.984000,0.735,-0.579,-0.256,5.43,3.6,-10.59
318155.000000,0.736,-0.576,-0.261,4.3,3.36,-10.71
318155.015000,0.737,-0.576,-0.26,3.2,3.14,-10.5
318155.015000,0.739,-0.574,-0.259,2.29,2.72,-10.53
318155.031000,0.739,-0.576,-0.264,1.71,2.32,-10.35
318155.031000,0.742,-0.578,-0.267,1.65,2.17,-9.89
318155.046000,0.747,-0.577,-0.262,1.5,1.95,-9.28
318155.062000,0.752,-0.575,-0.26,1.37,1.83,-8.97
318155.062000,0.756,-0.571,-0.257,1.59,1.71,-8.79
318155.078000,0.761,-0.564,-0.254,1.8,1.53,-8.61
318155.093000,0.764,-0.558,-0.251,1.92,1.43,-8.15
318155.093000,0.769,-0.551,-0.246,2.08,1.37,-7.45
318155.109000,0.774,-0.551,-0.243,2.04,1.34,-6.68
318155.109000,0.773,-0.555,-0.25,1.83,1.22,-5.74
318155.125000,0.771,-0.566,-0.256,0.98,1.43,-4.94
318155.140000,0.773,-0.584,-0.256,-0.09,1.95,-4.55
318155.140000,0.779,-0.597,-0.256,-0.98,2.47,-5.4
318155.156000,0.78,-0.602,-0.261,-1.65,3.17,-6.68
318155.171000,0.775,-0.602,-0.259,-1.89,4.43,-7.87
318155.171000,0.769,-0.601,-0.251,-1.77,5.98,-8.76
318155.187000,0.768,-0.601,-0.238,-1.01,7.26,-8.82
318155.203000,0.768,-0.601,-0.226,0.37,7.51,-8.97
318155.203000,0.765,-0.596,-0.217,1.74,7.78,-9.28
318155.218000,0.761,-0.587,-0.206,3.39,8.18,-9.46
318155.218000,0.764,-0.577,-0.197,4.58,8.42,-9.25
318155.234000,0.767,-0.569,-0.185,5.65,8.67,-9.06
318155.234000,0.767,-0.559,-0.172,6.71,8.58,-9.19
318155.250000,0.764,-0.55,-0.162,7.69,8.33,-9.22
318155.265000,0.766,-0.551,-0.158,8.58,8.27,-9.28
318155.265000,0.77,-0.548,-0.159,9.28,8.91,-9.92
318155.281000,0.77,-0.548,-0.16,9.86,10.1,-11.08
318155.296000,0.77,-0.545,-0.179,9.22,11.26,-12.24
318155.296000,0.768,-0.538,-0.185,6.68,13.73,-12.85
318155.312000,0.763,-0.538,-0.176,4.58,16.24,-12.42
318155.328000,0.763,-0.546,-0.183,2.04,17.4,-11.29
318155.343000,0.766,-0.557,-0.177,0.67,18.37,-11.2
318155.343000,0.763,-0.558,-0.171,0.0,17.7,-11.51
318155.359000,0.758,-0.546,-0.157,0.0,16.48,-11.78
318155.375000,0.757,-0.539,-0.157,2.23,13.37,-9.06
318155.375000,0.753,-0.533,-0.159,3.33,12.91,-6.78
318155.375000,0.749,-0.536,-0.167,4.21,13.46,-4.27
318155.406000,0.755,-0.544,-0.163,5.55,13.64,-2.62
318155.406000,0.762,-0.554,-0.152,7.39,13.21,-1.74
318155.406000,0.76,-0.556,-0.147,9.16,12.97,-1.56
318155.421000,0.743,-0.548,-0.128,10.28,12.18,-1.43
318155.437000,0.739,-0.542,-0.119,11.32,10.9,-1.07
318155.453000,0.742,-0.534,-0.11,11.69,8.94,-0.67
318155.453000,0.751,-0.527,-0.112,11.29,6.44,-0.79
318155.468000,0.759,-0.515,-0.119,9.86,3.81,-1.19
318155.484000,0.764,-0.501,-0.121,8.03,2.01,-2.04
318155.484000,0.763,-0.485,-0.129,6.29,1.4,-2.35
318155.500000,0.755,-0.481,-0.136,4.82,1.5,-1.37
318155.500000,0.748,-0.485,-0.136,2.69,2.38,-0.03
318155.500000,0.751,-0.484,-0.129,0.27,3.05,1.1
318155.531000,0.748,-0.481,-0.123,-2.26,2.35,2.32
318155.531000,0.741,-0.483,-0.121,-4.79,1.01,3.85
318155.546000,0.75,-0.495,-0.122,-6.56,-0.7,6.13
318155.562000,0.75,-0.509,-0.122,-7.42,-2.38,7.63
318155.562000,0.745,-0.519,-0.114,-7.57,-4.18,7.84
318155.578000,0.737,-0.527,-0.117,-7.42,-6.35,7.9
318155.593000,0.735,-0.529,-0.113,-7.26,-8.21,8.24
318155.593000,0.733,-0.539,-0.117,-6.78,-9.31,8.58
318155.609000,0.732,-0.544,-0.113,-8.06,-10.65,8.48
318155.609000,0.728,-0.551,-0.122,-8.85,-11.38,7.51
318155.625000,0.731,-0.551,-0.151,-11.29,-11.11,5.74
318155.640000,0.732,-0.537,-0.177,-15.56,-10.1,2.66
318155.640000,0.722,-0.514,-0.185,-21.97,-8.94,-0.67
318155.656000,0.709,-0.494,-0.179,-28.35,-8.61,-2.81
318155.671000,0.682,-0.482,-0.17,-33.51,-9.09,-3.54
318155.671000,0.651,-0.476,-0.154,-36.9,-9.13,-2.9
318155.687000,0.615,-0.471,-0.128,-38.27,-9.34,-1.25
318155.703000,0.574,-0.468,-0.112,-37.23,-11.38,1.98
318155.718000,0.535,-0.473,-0.106,-33.94,-14.47,5.83
318155.718000,0.519,-0.479,-0.109,-30.46,-18.8,10.44
318155.734000,0.52,-0.485,-0.124,-28.02,-24.05,15.35
318155.734000,0.519,-0.48,-0.143,-26.43,-27.65,17.37
318155.750000,0.515,-0.456,-0.154,-28.5,-29.91,16.91
318155.750000,0.519,-0.428,-0.172,-34.64,-32.69,15.2
318155.765000,0.526,-0.403,-0.195,-42.88,-36.23,13.64
318155.781000,0.544,-0.385,-0.226,-51.76,-39.92,12.54
318155.781000,0.555,-0.365,-0.243,-59.48,-42.42,11.38
318155.796000,0.562,-0.361,-0.266,-65.83,-45.08,13.28
318155.796000,0.571,-0.378,-0.299,-72.12,-47.52,18.92
318155.812000,0.584,-0.417,-0.313,-76.05,-48.52,27.07
318155.828000,0.597,-0.476,-0.323,-75.81,-49.04,36.62
318155.828000,0.613,-0.536,-0.34,-72.45,-49.56,45.14
318155.843000,0.634,-0.592,-0.356,-66.23,-50.39,51.91
318155.843000,0.652,-0.646,-0.375,-58.17,-52.03,57.1
318155.859000,0.674,-0.687,-0.397,-50.54,-54.66,59.79
318155.859000,0.697,-0.714,-0.426,-43.76,-56.25,58.78
318155.890000,0.73,-0.73,-0.462,-38.36,-57.86,55.67
318155.906000,0.744,-0.73,-0.498,-35.22,-60.24,53.29
318155.906000,0.751,-0.738,-0.526,-32.29,-60.79,51.21
318155.906000,0.755,-0.751,-0.567,-29.73,-60.09,49.01
318155.921000,0.767,-0.759,-0.587,-27.68,-57.62,46.36
318155.921000,0.796,-0.759,-0.584,-26.52,-55.54,42.94
318155.953000,0.818,-0.755,-0.592,-24.93,-55.09,39.46
318155.953000,0.832,-0.761,-0.614,-20.48,-52.77,36.04
318155.968000,0.828,-0.754,-0.62,-17.55,-48.77,32.87
318155.984000,0.825,-0.748,-0.621,-14.34,-44.77,29.85
318155.984000,0.814,-0.751,-0.621,-12.33,-43.58,28.02
318156.000000,0.809,-0.767,-0.63,-11.11,-43.21,26.31
318156.000000,0.807,-0.782,-0.647,-9.37,-42.33,24.05
318156.015000,0.801,-0.781,-0.649,-6.65,-39.86,20.94
318156.031000,0.8,-0.777,-0.65,-2.59,-36.87,17.15
318156.046000,0.8,-0.764,-0.65,1.04,-34.3,12.73
318156.046000,0.802,-0.737,-0.653,3.42,-32.11,7.6
318156.062000,0.796,-0.702,-0.663,4.09,-29.91,2.81
318156.062000,0.783,-0.671,-0.678,3.63,-26.86,-0.49
318156.078000,0.764,-0.655,-0.691,1.65,-23.5,-2.47
318156.093000,0.742,-0.654,-0.694,-1.53,-20.08,-3.23
318156.093000,0.728,-0.664,-0.69,-3.39,-16.33,-3.88
318156.109000,0.717,-0.671,-0.691,-3.66,-12.51,-5.43
318156.125000,0.7,-0.668,-0.694,-2.35,-8.42,-7.08
318156.125000,0.681,-0.657,-0.695,-0.06,-4.09,-8.45
318156.140000,0.661,-0.645,-0.688,2.44,0.52,-9.09
318156.140000,0.638,-0.627,-0.678,3.94,4.21,-9.55
318156.156000,0.611,-0.608,-0.662,4.55,7.32,-9.77
318156.171000,0.595,-0.595,-0.639,5.1,9.7,-9.86
318156.171000,0.58,-0.577,-0.624,5.46,11.14,-9.67
318156.187000,0.563,-0.554,-0.613,5.46,12.18,-9.19
318156.203000,0.548,-0.537,-0.603,4.88,13.21,-7.81
318156.203000,0.54,-0.526,-0.594,3.39,14.44,-5.98
318156.218000,0.536,-0.521,-0.578,1.65,15.17,-3.78
318156.234000,0.53,-0.523,-0.563,1.13,15.29,-1.13
318156.234000,0.525,-0.525,-0.549,0.95,15.56,1.34
318156.250000,0.519,-0.528,-0.535,1.31,15.93,3.88
318156.250000,0.512,-0.532,-0.518,1.62,16.05,6.35
318156.265000,0.505,-0.542,-0.501,1.62,15.47,8.91
318156.281000,0.51,-0.554,-0.495,1.53,14.47,10.9
318156.281000,0.523,-0.563,-0.491,1.71,13.21,11.81
318156.296000,0.535,-0.563,-0.49,2.14,12.51,11.84
318156.312000,0.543,-0.556,-0.491,2.14,12.09,11.9
318156.312000,0.552,-0.553,-0.484,1.83,11.93,12.36
318156.328000,0.565,-0.55,-0.472,1.19,11.81,13.0
318156.328000,0.576,-0.55,-0.462,0.61,11.2,13.7
318156.343000,0.585,-0.555,-0.445,-0.15,10.13,14.59
318156.343000,0.599,-0.566,-0.427,-0.46,8.39,15.56
318156.359000,0.612,-0.577,-0.416,-1.07,6.13,15.96
318156.375000,0.618,-0.59,-0.422,-1.98,3.78,15.72
318156.390000,0.619,-0.603,-0.441,-3.54,1.28,14.5
318156.390000,0.616,-0.629,-0.483,-6.2,-1.4,13.61
318156.406000,0.619,-0.665,-0.513,-7.9,-2.56,12.48
318156.421000,0.615,-0.703,-0.547,-7.51,-2.47,11.2
318156.421000,0.609,-0.743,-0.575,-6.87,-2.01,10.04
318156.421000,0.613,-0.774,-0.575,-6.56,-0.92,7.17
318156.437000,0.611,-0.782,-0.566,-4.55,0.18,3.27
318156.437000,0.611,-0.776,-0.559,0.52,2.41,-0.24
318156.468000,0.611,-0.745,-0.541,5.83,4.97,-3.02
318156.484000,0.614,-0.704,-0.518,9.64,6.5,-4.79
318156.484000,0.62,-0.656,-0.499,11.75,7.02,-6.04
318156.500000,0.62,-0.607,-0.485,12.51,7.39,-5.92
318156.515000,0.615,-0.566,-0.466,12.15,7.9,-4.49
318156.515000,0.613,-0.544,-0.447,11.05,8.58,-2.9
318156.531000,0.608,-0.532,-0.428,8.82,8.97,-0.98
318156.531000,0.602,-0.525,-0.418,5.86,9.19,1.16
318156.546000,0.592,-0.531,-0.425,2.38,9.34,3.39
318156.562000,0.581,-0.556,-0.432,-1.04,9.22,5.98
318156.562000,0.57,-0.602,-0.45,-3.91,8.76,8.64
318156.562000,0.563,-0.668,-0.473,-5.83,7.97,11.2
318156.593000,0.559,-0.732,-0.488,-5.71,7.63,11.57
318156.593000,0.552,-0.773,-0.496,-3.63,7.81,9.74
318156.609000,0.55,-0.795,-0.501,-0.12,8.33,7.35
318156.609000,0.554,-0.797,-0.494,3.78,9.09,3.94
318156.625000,0.559,-0.777,-0.482,7.17,9.28,-0.09
318156.640000,0.566,-0.743,-0.474,9.86,8.73,-3.91
318156.656000,0.568,-0.699,-0.461,11.17,7.81,-7.35
318156.656000,0.57,-0.655,-0.446,11.29,6.68,-9.61
318156.671000,0.58,-0.615,-0.429,10.65,5.98,-10.62
318156.671000,0.59,-0.581,-0.414,9.74,5.52,-10.86
318156.687000,0.594,-0.548,-0.4,8.64,5.07,-10.71
318156.703000,0.594,-0.524,-0.394,7.29,4.55,-9.58
318156.703000,0.593,-0.514,-0.399,5.8,4.15,-7.48
318156.718000,0.59,-0.515,-0.402,4.06,3.85,-4.79
318156.718000,0.586,-0.526,-0.404,2.62,3.51,-1.89
318156.734000,0.577,-0.544,-0.413,1.37,2.69,1.04
318156.750000,0.57,-0.569,-0.42,1.31,2.35,3.57
318156.750000,0.565,-0.592,-0.423,2.72,2.44,5.74
318156.765000,0.558,-0.608,-0.424,5.16,2.53,7.57
318156.781000,0.556,-0.621,-0.423,7.87,2.08,9.09
318156.781000,0.553,-0.63,-0.42,9.7,0.92,10.16
318156.796000,0.552,-0.635,-0.428,10.59,-0.89,10.71
318156.796000,0.554,-0.65,-0.438,9.98,-2.9,11.2
318156.812000,0.56,-0.664,-0.439,8.76,-3.88,10.99
318156.828000,0.561,-0.676,-0.435,8.12,-4.43,9.89
318156.843000,0.564,-0.688,-0.441,8.0,-4.64,8.36
318156.843000,0.567,-0.693,-0.443,7.39,-4.76,6.2
318156.859000,0.565,-0.691,-0.451,6.56,-4.94,3.42
318156.859000,0.568,-0.683,-0.448,5.58,-4.82,0.89
318156.875000,0.57,-0.673,-0.436,4.97,-4.76,-0.67
318156.890000,0.567,-0.667,-0.431,4.67,-4.94,-1.43
318156.890000,0.574,-0.662,-0.423,4.03,-5.55,-2.9
318156.906000,0.579,-0.652,-0.423,2.96,-6.71,-4.12
318156.906000,0.58,-0.647,-0.429,1.71,-8.21,-4.46
318156.921000,0.589,-0.644,-0.433,0.76,-9.34,-4.3
318156.921000,0.591,-0.649,-0.442,-0.21,-10.19,-3.72
318156.953000,0.591,-0.656,-0.46,-0.15,-10.9,-2.96
318156.953000,0.588,-0.658,-0.474,1.77,-10.16,-2.17
318156.953000,0.585,-0.656,-0.48,4.39,-9.37,-1.46
318156.984000,0.583,-0.653,-0.483,6.71,-8.97,-0.61
318157.000000,0.577,-0.645,-0.487,8.15,-8.45,0.18
318157.000000,0.574,-0.631,-0.491,9.28,-7.84,1.53
318157.000000,0.569,-0.605,-0.482,10.25,-7.6,3.11
318157.015000,0.567,-0.597,-0.484,10.59,-8.0,4.76
318157.015000,0.565,-0.589,-0.483,9.98,-8.09,6.5
318157.031000,0.568,-0.584,-0.478,9.28,-7.54,8.18
318157.046000,0.572,-0.583,-0.473,8.73,-6.81,9.31
318157.062000,0.576,-0.58,-0.473,7.63,-6.07,10.04
318157.062000,0.575,-0.574,-0.466,6.84,-4.97,11.05
318157.078000,0.573,-0.573,-0.452,6.35,-4.21,12.67
318157.093000,0.574,-0.585,-0.442,5.77,-5.04,14.83
318157.093000,0.581,-0.6,-0.437,5.28,-6.78,16.85
318157.109000,0.586,-0.613,-0.437,5.65,-7.81,17.94
318157.109000,0.588,-0.621,-0.438,6.38,-8.12,18.71
318157.125000,0.583,-0.627,-0.435,6.84,-8.55,19.65
318157.140000,0.579,-0.639,-0.432,6.62,-9.13,20.69
318157.140000,0.574,-0.657,-0.437,5.71,-9.92,21.85
318157.156000,0.569,-0.684,-0.441,4.33,-10.86,22.98
318157.171000,0.567,-0.71,-0.451,3.11,-11.44,22.98
318157.171000,0.563,-0.735,-0.463,2.9,-11.35,22.31
318157.187000,0.556,-0.752,-0.466,3.54,-10.93,21.06
318157.203000,0.55,-0.769,-0.476,4.0,-11.26,19.81
318157.203000,0.543,-0.785,-0.483,4.18,-11.2,18.07
318157.218000,0.541,-0.801,-0.49,4.85,-10.68,16.08
318157.218000,0.539,-0.809,-0.49,5.8,-9.64,13.58
318157.234000,0.533,-0.809,-0.484,6.53,-8.12,10.1
318157.234000,0.524,-0.794,-0.467,7.51,-6.29,6.65
318157.250000,0.517,-0.773,-0.451,8.48,-5.25,4.12
318157.265000,0.512,-0.754,-0.443,9.16,-5.34,2.41
318157.281000,0.51,-0.734,-0.435,9.09,-6.59,1.19
318157.281000,0.51,-0.714,-0.43,8.88,-8.3,0.64
318157.296000,0.509,-0.695,-0.429,9.19,-9.83,0.58
318157.312000,0.506,-0.682,-0.428,9.37,-11.26,1.22
318157.312000,0.502,-0.671,-0.422,8.82,-12.45,2.14
318157.328000,0.495,-0.67,-0.413,6.41,-14.16,2.84
318157.343000,0.49,-0.681,-0.414,3.02,-16.14,3.45
318157.343000,0.489,-0.7,-0.426,1.31,-17.58,3.66
318157.359000,0.49,-0.709,-0.445,1.89,-17.79,3.33
318157.359000,0.492,-0.705,-0.467,4.24,-16.94,3.17
318157.375000,0.492,-0.69,-0.476,5.95,-15.96,3.33
318157.390000,0.489,-0.674,-0.465,6.1,-15.87,3.78
318157.390000,0.485,-0.665,-0.462,5.04,-17.33,4.49
318157.406000,0.483,-0.667,-0.468,3.33,-19.07,5.34
318157.406000,0.482,-0.675,-0.472,1.74,-19.65,5.98
318157.421000,0.476,-0.677,-0.478,0.43,-19.62,6.78
318157.437000,0.469,-0.683,-0.49,-0.24,-19.14,7.81
318157.453000,0.467,-0.703,-0.502,-0.98,-18.74,9.0
318157.453000,0.468,-0.719,-0.51,-1.83,-18.83,9.64
318157.453000,0.469,-0.727,-0.526,-2.26,-19.07,9.74
318157.468000,0.471,-0.734,-0.538,-2.41,-18.59,9.83
318157.468000,0.471,-0.748,-0.547,-2.35,-17.79,9.61
318157.484000,0.474,-0.758,-0.55,-1.89,-17.0,9.37
318157.500000,0.477,-0.759,-0.549,-1.04,-15.75,8.61
318157.515000,0.479,-0.758,-0.554,-0.03,-14.28,7.87
318157.515000,0.481,-0.753,-0.559,0.92,-12.54,6.99
318157.531000,0.488,-0.744,-0.559,1.74,-10.19,5.95
318157.531000,0.489,-0.729,-0.555,2.01,-8.06,5.25
318157.562000,0.488,-0.714,-0.549,2.04,-6.26,5.04
318157.562000,0.491,-0.708,-0.539,1.74,-4.88,5.49
318157.578000,0.491,-0.705,-0.534,0.92,-4.15,5.74
318157.593000,0.487,-0.706,-0.533,0.03,-3.27,5.95
318157.593000,0.485,-0.709,-0.527,-0.24,-2.35,6.26
318157.609000,0.48,-0.711,-0.523,-0.46,-1.74,6.59
318157.625000,0.475,-0.712,-0.523,-0.64,-1.28,6.93
318157.625000,0.471,-0.714,-0.521,-0.7,-0.58,7.32
318157.640000,0.469,-0.72,-0.521,-0.82,0.0,7.54
318157.640000,0.466,-0.722,-0.519,-1.07,0.55,7.63
318157.656000,0.462,-0.727,-0.519,-1.34,1.4,7.87
318157.671000,0.459,-0.734,-0.516,-1.4,2.38,7.93
318157.671000,0.458,-0.739,-0.515,-1.1,3.27,8.09
318157.687000,0.456,-0.741,-0.51,-0.4,4.03,8.15
318157.687000,0.452,-0.741,-0.504,0.34,4.36,7.9
318157.703000,0.452,-0.742,-0.505,0.55,4.15,7.97
318157.718000,0.451,-0.743,-0.499,0.52,4.46,8.03
318157.718000,0.45,-0.746,-0.496,0.64,4.67,8.0
318157.734000,0.45,-0.748,-0.5,1.01,4.64,7.72
318157.734000,0.45,-0.746,-0.502,1.16,5.07,7.14
318157.750000,0.447,-0.742,-0.497,0.92,5.37,6.53
318157.765000,0.445,-0.738,-0.496,0.37,5.46,6.26
318157.765000,0.445,-0.738,-0.5,-0.55,5.89,5.89
318157.781000,0.445,-0.738,-0.495,-1.46,6.35,5.68
318157.796000,0.443,-0.741,-0.492,-1.89,6.44,5.62
318157.796000,0.446,-0.742,-0.493,-1.56,6.5,5.43
318157.812000,0.448,-0.742,-0.494,-1.13,6.44,5.16
318157.812000,0.447,-0.738,-0.493,-0.79,6.47,5.04
318157.828000,0.45,-0.733,-0.492,-0.46,6.38,5.19
318157.843000,0.452,-0.734,-0.49,-0.49,6.23,5.31
318157.843000,0.452,-0.735,-0.488,-0.55,6.07,5.16
318157.859000,0.452,-0.731,-0.489,-0.58,6.32,4.82
318157.875000,0.451,-0.728,-0.488,-1.04,6.47,4.55
318157.875000,0.45,-0.725,-0.487,-2.04,6.41,4.52
318157.890000,0.448,-0.725,-0.49,-2.78,6.2,4.64
318157.906000,0.447,-0.734,-0.487,-3.33,6.07,5.01
318157.906000,0.446,-0.74,-0.487,-3.72,5.83,5.1
318157.921000,0.447,-0.742,-0.489,-3.91,5.52,4.82
318157.921000,0.443,-0.74,-0.49,-4.3,5.58,4.7
318157.937000,0.443,-0.735,-0.492,-5.19,6.07,4.76
318157.953000,0.443,-0.731,-0.491,-6.71,6.99,5.31
318157.953000,0.444,-0.732,-0.494,-8.0,7.93,5.98
318157.968000,0.449,-0.735,-0.499,-9.67,9.13,6.16
318157.984000,0.449,-0.727,-0.485,-11.14,10.32,6.07
318158.000000,0.452,-0.729,-0.477,-10.19,11.17,6.32
318158.000000,0.452,-0.733,-0.477,-8.55,10.74,6.35
318158.015000,0.453,-0.739,-0.475,-6.68,9.77,6.07
318158.031000,0.454,-0.738,-0.475,-5.37,8.79,5.74
318158.031000,0.454,-0.733,-0.475,-5.01,7.93,5.37
318158.031000,0.449,-0.732,-0.482,-5.52,7.29,5.49
318158.046000,0.452,-0.734,-0.487,-6.16,7.42,6.35
318158.046000,0.454,-0.739,-0.49,-6.59,7.63,7.05
318158.078000,0.452,-0.741,-0.492,-6.35,7.87,7.08
318158.093000,0.45,-0.74,-0.489,-5.25,8.21,7.05
318158.109000,0.454,-0.743,-0.489,-3.66,8.3,7.26
318158.109000,0.452,-0.746,-0.496,-2.66,7.75,7.02
318158.109000,0.454,-0.741,-0.497,-2.41,7.75,6.41
318158.125000,0.455,-0.733,-0.49,-2.29,7.75,6.41
318158.125000,0.455,-0.734,-0.485,-1.77,7.17,6.93
318158.140000,0.459,-0.744,-0.481,-1.04,6.16,7.11
318158.156000,0.462,-0.745,-0.474,-0.43,5.25,6.71
318158.156000,0.459,-0.743,-0.477,0.43,4.61,6.13
318158.171000,0.46,-0.74,-0.485,0.4,4.36,5.65
318158.171000,0.46,-0.74,-0.483,-0.76,4.36,5.55
318158.187000,0.461,-0.741,-0.476,-1.53,4.97,5.28
318158.203000,0.463,-0.743,-0.471,-1.74,5.13,4.85
318158.203000,0.462,-0.744,-0.468,-1.92,4.67,4.0
318158.218000,0.463,-0.74,-0.471,-1.95,4.06,3.02
318158.234000,0.461,-0.737,-0.478,-1.92,4.15,2.32
318158.250000,0.462,-0.737,-0.479,-2.2,4.58,1.92
318158.250000,0.458,-0.736,-0.471,-2.35,4.85,1.71
318158.250000,0.454,-0.735,-0.47,-2.26,4.7,1.34
318158.265000,0.45,-0.734,-0.473,-2.14,4.7,1.4
318158.281000,0.447,-0.734,-0.474,-2.11,4.94,1.5
318158.281000,0.443,-0.733,-0.472,-1.83,5.16,1.74
318158.296000,0.44,-0.735,-0.471,-1.53,5.19,2.38
318158.312000,0.437,-0.739,-0.475,-1.13,5.16,2.99
318158.312000,0.434,-0.741,-0.478,-0.92,5.04,3.08
318158.343000,0.432,-0.743,-0.48,-0.61,5.1,3.45
318158.343000,0.432,-0.748,-0.476,-0.49,5.07,3.72
318158.359000,0.431,-0.75,-0.472,-0.46,4.82,3.57
318158.375000,0.427,-0.749,-0.47,-0.03,4.7,3.42
318158.375000,0.424,-0.748,-0.467,0.49,4.58,3.27
318158.390000,0.429,-0.745,-0.462,0.64,3.85,3.17
318158.406000,0.43,-0.743,-0.456,0.98,3.02,3.11
318158.406000,0.432,-0.74,-0.45,1.5,2.2,3.17
318158.421000,0.436,-0.741,-0.447,1.8,1.37,3.23
318158.421000,0.44,-0.741,-0.446,2.04,0.52,2.87
318158.437000,0.439,-0.735,-0.449,1.65,-0.31,2.53
318158.437000,0.439,-0.736,-0.453,0.85,-0.73,2.44
318158.453000,0.444,-0.743,-0.452,0.06,-1.07,2.38
318158.468000,0.444,-0.746,-0.452,-0.27,-1.8,2.14
318158.484000,0.445,-0.752,-0.456,-0.49,-2.38,1.86
318158.484000,0.447,-0.758,-0.459,-0.58,-2.44,1.46
318158.500000,0.447,-0.759,-0.46,-0.37,-2.32,0.89
318158.500000,0.448,-0.761,-0.465,-0.03,-2.17,0.43
318158.515000,0.449,-0.758,-0.473,-0.76,-1.89,-0.37
318158.515000,0.451,-0.759,-0.477,-0.67,-1.65,-0.7
318158.531000,0.453,-0.758,-0.484,-0.37,-1.1,-0.95
318158.546000,0.455,-0.76,-0.484,-0.03,-0.46,-1.13
318158.546000,0.453,-0.76,-0.485,0.43,-0.09,-1.04
318158.562000,0.456,-0.757,-0.485,1.37,0.52,-0.76
318158.578000,0.459,-0.751,-0.476,2.56,0.98,-0.46
318158.578000,0.46,-0.748,-0.476,3.39,0.82,-0.18
318158.593000,0.46,-0.746,-0.48,3.88,0.58,-0.12
318158.609000,0.459,-0.744,-0.483,3.94,0.64,-0.18
318158.609000,0.459,-0.746,-0.484,3.66,1.07,-0.24
318158.625000,0.458,-0.751,-0.485,3.51,1.53,-0.64
318158.640000,0.459,-0.753,-0.484,3.48,1.8,-1.28
318158.640000,0.459,-0.749,-0.482,3.17,1.83,-2.17
318158.656000,0.456,-0.745,-0.479,3.08,1.77,-2.5
318158.656000,0.453,-0.746,-0.476,3.08,1.46,-2.32
318158.671000,0.453,-0.75,-0.476,3.17,1.19,-2.44
318158.687000,0.452,-0.75,-0.475,3.39,1.1,-2.62
318158.703000,0.451,-0.748,-0.475,3.81,1.07,-2.66
318158.703000,0.449,-0.745,-0.475,4.39,1.22,-2.62
318158.703000,0.447,-0.742,-0.478,4.43,1.37,-2.5
318158.734000,0.446,-0.739,-0.473,4.15,1.71,-2.2
318158.734000,0.443,-0.738,-0.472,3.54,1.83,-1.89
318158.750000,0.438,-0.741,-0.47,2.9,1.65,-1.62
318158.750000,0.435,-0.744,-0.466,2.5,1.34,-1.43
318158.750000,0.433,-0.741,-0.47,2.32,0.89,-1.22
318158.765000,0.433,-0.741,-0.474,2.26,0.82,-1.07
318158.781000,0.428,-0.737,-0.478,1.65,0.73,-0.92
318158.796000,0.426,-0.731,-0.481,-0.03,1.01,-0.7
318158.812000,0.423,-0.723,-0.48,-1.5,1.89,-0.27
318158.812000,0.416,-0.711,-0.475,-2.66,2.41,0.95
318158.828000,0.41,-0.695,-0.464,-4.18,1.19,3.78
318158.843000,0.406,-0.687,-0.453,-4.73,-1.56,8.03
318158.859000,0.406,-0.687,-0.457,-4.7,-5.19,13.4
318158.859000,0.411,-0.679,-0.457,-5.46,-8.94,18.74
318158.859000,0.411,-0.658,-0.442,-6.59,-12.24,23.53
318158.875000,0.404,-0.647,-0.435,-7.02,-15.78,28.78
318158.890000,0.405,-0.67,-0.433,-5.74,-18.74,33.78
318158.906000,0.412,-0.7,-0.415,-2.62,-20.14,35.83
318158.906000,0.397,-0.72,-0.407,2.53,-22.13,34.94
318158.921000,0.387,-0.73,-0.42,7.78,-23.68,32.99
318158.921000,0.405,-0.728,-0.448,10.83,-20.97,31.19
318158.937000,0.394,-0.721,-0.458,10.9,-14.53,28.87
318158.937000,0.382,-0.714,-0.438,5.8,-11.44,27.89
318158.953000,0.379,-0.73,-0.422,-0.12,-11.57,28.44
318158.968000,0.378,-0.756,-0.408,-4.61,-13.06,28.87
318158.968000,0.375,-0.779,-0.403,-7.08,-15.87,28.38
318158.984000,0.367,-0.795,-0.409,-8.03,-18.89,27.34
318159.000000,0.354,-0.802,-0.415,-7.63,-20.97,26.28
318159.015000,0.332,-0.802,-0.417,-7.63,-24.38,25.3
318159.015000,0.335,-0.799,-0.433,-8.18,-29.21,25.57
318159.031000,0.32,-0.803,-0.459,-6.65,-30.4,25.03
318159.031000,0.294,-0.808,-0.472,-6.84,-32.96,24.11
318159.046000,0.301,-0.81,-0.498,-6.71,-35.46,23.38
318159.046000,0.286,-0.801,-0.51,-4.0,-34.24,21.21
318159.062000,0.269,-0.774,-0.5,-1.22,-33.08,19.07
318159.078000,0.238,-0.742,-0.487,1.07,-34.21,17.64
318159.093000,0.199,-0.697,-0.461,0.46,-41.32,17.09
318159.093000,0.202,-0.658,-0.455,-2.32,-52.77,19.26
318159.109000,0.203,-0.631,-0.47,-4.61,-63.26,22.22
318159.109000,0.226,-0.611,-0.48,-7.23,-70.89,25.76
318159.125000,0.202,-0.614,-0.481,-7.78,-73.43,28.81
318159.125000,0.14,-0.637,-0.469,-9.34,-82.61,31.28
318159.156000,0.065,-0.68,-0.432,-11.78,-102.48,34.76
318159.156000,0.087,-0.714,-0.399,-13.49,-131.02,39.46
318159.171000,0.027,-0.723,-0.424,-11.41,-158.7,42.54
318159.171000,-0.002,-0.767,-0.484,-1.16,-181.25,48.37
318159.187000,0.046,-0.764,-0.504,10.35,-198.68,49.71
318159.203000,0.08,-0.744,-0.565,26.46,-206.73,54.93
318159.203000,0.061,-0.74,-0.578,44.22,-198.92,60.46
318159.218000,0.037,-0.763,-0.606,58.75,-189.83,68.33
318159.218000,-0.015,-0.842,-0.617,64.42,-173.53,72.45
318159.234000,-0.062,-0.842,-0.565,56.76,-165.14,68.45
318159.250000,-0.078,-0.878,-0.574,52.22,-170.17,73.09
318159.250000,0.002,-0.948,-0.672,51.97,-166.66,74.56
318159.265000,0.035,-1.036,-0.725,57.62,-130.01,69.55
318159.281000,-0.02,-1.049,-0.693,59.48,-97.14,58.44
318159.281000,-0.034,-1.012,-0.64,55.3,-77.24,46.14
318159.296000,-0.042,-1.019,-0.596,58.11,-60.09,39.28
318159.312000,-0.066,-1.032,-0.527,68.24,-47.67,32.93
318159.328000,-0.102,-1.033,-0.464,79.53,-43.49,27.38
318159.328000,-0.124,-1.034,-0.439,89.33,-45.93,24.9
318159.328000,-0.132,-1.025,-0.423,97.11,-50.81,24.32
318159.343000,-0.13,-1.014,-0.411,103.52,-54.38,24.96
318159.359000,-0.123,-1.003,-0.388,109.44,-55.36,26.03
318159.359000,-0.128,-0.993,-0.381,115.91,-55.64,26.49
318159.375000,-0.132,-0.98,-0.391,119.72,-56.06,26.58
318159.390000,-0.147,-0.973,-0.407,118.9,-56.4,26.64
318159.390000,-0.158,-0.979,-0.416,115.91,-55.42,27.13
318159.406000,-0.167,-0.988,-0.399,111.64,-51.76,27.68
318159.421000,-0.163,-0.988,-0.376,106.05,-47.76,27.5
318159.421000,-0.159,-0.983,-0.351,99.92,-44.25,26.55
318159.437000,-0.163,-0.984,-0.318,95.22,-40.65,25.57
318159.453000,-0.164,-0.998,-0.277,94.39,-36.41,24.6
318159.453000,-0.173,-1.01,-0.233,98.06,-32.26,23.16
318159.468000,-0.196,-1.006,-0.208,102.88,-29.6,22.06
318159.484000,-0.212,-1.002,-0.209,105.2,-28.2,22.61
318159.484000,-0.216,-0.997,-0.206,104.43,-26.0,22.98
318159.500000,-0.205,-0.988,-0.197,99.49,-24.78,22.55
318159.500000,-0.203,-0.98,-0.196,91.83,-23.74,21.06
318159.500000,-0.2,-0.965,-0.19,82.74,-21.42,19.17
318159.515000,-0.2,-0.959,-0.172,72.76,-17.67,17.82
318159.531000,-0.203,-0.971,-0.145,64.24,-12.82,16.48
318159.531000,-0.216,-0.995,-0.1,60.76,-8.12,14.44
318159.546000,-0.229,-1.012,-0.049,62.11,-5.92,12.09
318159.562000,-0.249,-1.028,-0.003,68.09,-6.01,10.35
318159.578000,-0.259,-1.029,0.043,78.31,-7.93,9.77
318159.593000,-0.264,-1.017,0.064,90.61,-12.63,9.89
318159.593000,-0.257,-0.996,0.057,100.83,-19.01,10.35
318159.609000,-0.256,-0.965,0.038,106.33,-23.83,10.62
318159.625000,-0.255,-0.934,0.027,107.03,-26.31,11.41
318159.625000,-0.245,-0.906,0.02,103.37,-27.04,12.45
318159.640000,-0.232,-0.883,0.021,96.56,-26.49,13.82
318159.640000,-0.221,-0.867,0.033,89.05,-25.18,15.5
318159.656000,-0.21,-0.856,0.05,82.03,-22.89,17.03
318159.671000,-0.209,-0.854,0.075,77.58,-20.05,18.31
318159.671000,-0.227,-0.867,0.107,77.21,-17.24,20.29
318159.687000,-0.24,-0.873,0.137,80.51,-14.28,23.71
318159.703000,-0.244,-0.867,0.16,84.02,-13.46,27.1
318159.703000,-0.262,-0.867,0.162,86.21,-13.58,30.06
318159.718000,-0.288,-0.872,0.159,85.85,-13.86,33.66
318159.718000,-0.307,-0.889,0.156,82.34,-13.21,37.69
318159.734000,-0.322,-0.912,0.148,74.56,-11.44,40.56
318159.734000,-0.341,-0.929,0.146,62.29,-9.28,41.51
318159.750000,-0.352,-0.947,0.152,47.3,-6.38,41.47
318159.750000,-0.353,-0.961,0.167,32.32,-2.41,39.67
318159.765000,-0.356,-0.968,0.185,18.65,1.31,35.95
318159.781000,-0.368,-0.974,0.204,7.39,3.94,32.04
318159.781000,-0.379,-0.982,0.218,-0.82,5.92,29.05
318159.812000,-0.385,-0.988,0.233,-6.56,7.39,26.25
318159.812000,-0.384,-0.993,0.248,-9.46,8.03,23.56
318159.828000,-0.384,-0.988,0.253,-10.01,7.6,20.75
318159.843000,-0.385,-0.975,0.25,-9.64,5.74,18.65
318159.859000,-0.383,-0.968,0.245,-8.36,3.72,17.52
318159.859000,-0.376,-0.964,0.242,-5.98,2.17,17.4
318159.859000,-0.369,-0.956,0.234,-3.54,0.7,17.73
318159.875000,-0.361,-0.95,0.22,-1.65,-0.43,17.94
318159.890000,-0.349,-0.943,0.21,-0.89,-0.85,18.16
318159.890000,-0.344,-0.939,0.206,-0.7,-0.58,18.07
318159.906000,-0.344,-0.943,0.207,-0.7,0.61,17.94
318159.921000,-0.344,-0.954,0.215,0.06,2.44,17.94
318159.921000,-0.34,-0.964,0.225,2.01,4.12,16.39
318159.937000,-0.346,-0.96,0.237,4.0,4.46,13.61
318159.937000,-0.359,-0.958,0.244,5.95,3.81,11.66
318159.953000,-0.366,-0.959,0.246,8.12,2.56,10.68
318159.968000,-0.367,-0.957,0.239,9.86,1.04,9.92
318159.968000,-0.37,-0.957,0.234,10.62,-0.15,9.46
318159.984000,-0.37,-0.958,0.226,10.07,-1.04,9.28
318160.000000,-0.361,-0.951,0.218,8.79,-1.5,8.61
318160.000000,-0.355,-0.945,0.216,7.35,-0.67,7.42
318160.015000,-0.356,-0.944,0.22,5.65,0.7,5.95
318160.031000,-0.357,-0.941,0.22,4.09,2.41,5.07
318160.031000,-0.356,-0.939,0.224,2.93,4.3,4.24
318160.046000,-0.357,-0.938,0.234,2.26,5.43,3.2
318160.046000,-0.36,-0.943,0.242,2.69,5.95,2.23
318160.062000,-0.364,-0.942,0.251,3.85,6.35,1.25
318160.078000,-0.368,-0.937,0.255,5.13,5.62,0.31
318160.093000,-0.372,-0.933,0.254,6.01,4.39,-0.4
318160.093000,-0.371,-0.93,0.254,6.9,3.02,-1.1
318160.109000,-0.368,-0.924,0.253,6.44,2.66,-1.46
318160.125000,-0.369,-0.922,0.253,5.83,2.69,-1.98
318160.125000,-0.369,-0.917,0.258,5.19,2.72,-2.32
318160.125000,-0.368,-0.914,0.26,4.39,2.59,-2.44
318160.140000,-0.372,-0.912,0.26,3.42,2.41,-2.62
318160.140000,-0.375,-0.903,0.266,2.32,1.86,-2.29
318160.156000,-0.374,-0.903,0.264,1.34,1.46,-2.14
318160.187000,-0.374,-0.899,0.264,0.37,0.95,-2.29
318160.187000,-0.374,-0.9,0.261,-0.43,0.52,-2.56
318160.187000,-0.375,-0.899,0.26,-0.7,-0.12,-2.35
318160.203000,-0.377,-0.898,0.259,-0.82,-0.27,-2.2
318160.203000,-0.373,-0.897,0.26,-0.7,-0.06,-2.14
318160.234000,-0.373,-0.894,0.263,-0.49,-0.12,-2.01
318160.234000,-0.377,-0.894,0.261,-0.49,-0.46,-1.86
318160.250000,-0.381,-0.896,0.259,-0.21,-0.79,-1.46
318160.265000,-0.378,-0.896,0.253,0.27,-0.85,-1.07
318160.265000,-0.375,-0.894,0.25,0.7,-1.22,-0.92
318160.265000,-0.376,-0.893,0.243,1.16,-1.16,-0.76
318160.281000,-0.378,-0.897,0.246,1.83,-0.37,-0.67
318160.296000,-0.377,-0.897,0.246,2.41,-0.09,-0.92
318160.312000,-0.378,-0.895,0.236,2.23,-0.18,-1.34
318160.312000,-0.385,-0.895,0.235,1.68,0.7,-1.56
318160.328000,-0.387,-0.896,0.243,1.01,1.62,-1.16
318160.328000,-0.388,-0.9,0.248,0.49,1.89,-0.85
318160.343000,-0.391,-0.9,0.25,0.46,1.83,-0.79
318160.343000,-0.389,-0.9,0.251,0.61,1.46,-0.76
318160.359000,-0.39,-0.899,0.248,0.85,1.04,-0.61
318160.375000,-0.389,-0.897,0.245,0.92,0.7,-0.37
318160.390000,-0.384,-0.895,0.241,0.61,0.34,-0.46
318160.390000,-0.383,-0.892,0.238,-0.24,0.15,-0.46
318160.406000,-0.384,-0.892,0.234,-1.22,0.21,-0.21
318160.406000,-0.384,-0.892,0.234,-1.86,0.52,0.15
318160.421000,-0.384,-0.895,0.238,-2.08,0.64,0.73
318160.421000,-0.382,-0.898,0.24,-1.74,0.52,1.46
318160.453000,-0.377,-0.9,0.236,-0.76,0.34,1.71
318160.453000,-0.376,-0.894,0.231,0.21,0.0,1.56
318160.453000,-0.376,-0.89,0.225,0.85,0.09,1.89
318160.484000,-0.377,-0.893,0.221,1.28,0.34,2.38
318160.484000,-0.379,-0.896,0.22,1.1,0.85,2.59
318160.500000,-0.378,-0.895,0.218,0.55,1.46,2.44
318160.515000,-0.376,-0.893,0.215,0.0,1.86,2.66
318160.515000,-0.376,-0.893,0.213,-0.7,2.84,2.66
318160.531000,-0.383,-0.896,0.216,-1.19,3.97,3.11
318160.531000,-0.384,-0.901,0.222,-1.16,5.31,3.75
318160.546000,-0.383,-0.899,0.224,-0.92,6.01,3.75
318160.562000,-0.385,-0.893,0.222,-0.61,6.35,3.54
318160.562000,-0.391,-0.897,0.226,-0.24,7.08,4.15
318160.578000,-0.394,-0.902,0.23,0.61,8.06,4.82
318160.593000,-0.393,-0.902,0.234,1.77,8.55,5.1
318160.593000,-0.396,-0.901,0.232,2.99,8.55,5.34
318160.609000,-0.395,-0.898,0.23,3.94,8.79,5.58
318160.609000,-0.398,-0.895,0.227,4.21,9.16,5.68
318160.625000,-0.4,-0.893,0.223,3.75,9.43,6.07
318160.640000,-0.399,-0.893,0.225,2.81,10.01,6.62
318160.640000,-0.396,-0.893,0.222,1.89,10.86,7.08
318160.656000,-0.392,-0.887,0.227,1.37,11.75,6.87
318160.656000,-0.393,-0.887,0.229,1.46,12.05,6.47
318160.671000,-0.397,-0.882,0.227,1.46,11.9,6.23
318160.687000,-0.399,-0.88,0.231,1.59,12.51,6.2
318160.703000,-0.398,-0.876,0.234,1.68,12.88,6.32
318160.703000,-0.396,-0.872,0.232,1.65,12.67,6.23
318160.718000,-0.395,-0.862,0.232,1.19,11.96,5.98
318160.718000,-0.397,-0.855,0.229,0.49,10.99,6.26
318160.734000,-0.397,-0.849,0.222,-0.49,10.32,6.78
318160.750000,-0.396,-0.846,0.216,-1.89,10.1,7.57
318160.750000,-0.393,-0.84,0.211,-3.11,10.35,8.58
318160.765000,-0.389,-0.831,0.21,-4.82,10.86,9.37
318160.781000,-0.386,-0.827,0.216,-5.86,10.8,10.16
318160.781000,-0.388,-0.829,0.222,-4.58,10.8,11.26
318160.796000,-0.389,-0.825,0.228,-1.37,10.53,12.76
318160.812000,-0.395,-0.816,0.223,2.75,9.34,14.71
318160.812000,-0.41,-0.818,0.216,6.56,8.48,17.55
318160.828000,-0.41,-0.82,0.208,9.52,8.45,20.94
318160.828000,-0.408,-0.822,0.203,11.35,8.73,22.95
318160.843000,-0.415,-0.822,0.203,11.54,8.97,24.38
318160.859000,-0.416,-0.819,0.203,11.32,9.43,25.64
318160.859000,-0.408,-0.816,0.196,11.23,9.8,26.15
318160.875000,-0.408,-0.809,0.203,10.8,10.1,25.94
318160.890000,-0.405,-0.795,0.212,10.62,9.49,26.22
318160.890000,-0.399,-0.787,0.209,12.27,8.94,27.28
318160.906000,-0.394,-0.776,0.212,15.35,8.82,28.5
318160.906000,-0.384,-0.754,0.208,18.37,8.24,29.94
318160.921000,-0.388,-0.738,0.197,21.3,7.66,32.32
318160.937000,-0.423,-0.749,0.194,23.99,8.51,36.59
318160.953000,-0.475,-0.796,0.205,26.92,12.6,43.15
318160.953000,-0.504,-0.848,0.235,29.69,18.83,49.5
318160.968000,-0.506,-0.872,0.262,30.92,22.37,51.27
318160.968000,-0.506,-0.864,0.275,29.42,20.91,48.31
318160.984000,-0.515,-0.843,0.278,26.37,17.0,43.92
318160.984000,-0.528,-0.838,0.27,23.19,13.52,40.5
318161.015000,-0.554,-0.842,0.259,19.75,12.24,38.7
318161.015000,-0.606,-0.877,0.266,17.46,14.92,39.46
318161.015000,-0.639,-0.911,0.288,15.35,20.08,41.14
318161.031000,-0.648,-0.919,0.307,11.93,23.19,40.25
318161.031000,-0.655,-0.926,0.315,7.63,23.13,37.05
318161.062000,-0.657,-0.925,0.321,1.62,21.12,31.8
318161.078000,-0.653,-0.915,0.319,-4.85,17.24,24.96
318161.078000,-0.652,-0.91,0.313,-10.65,13.52,19.04
318161.093000,-0.646,-0.902,0.303,-15.56,11.32,14.13
318161.093000,-0.633,-0.89,0.303,-19.41,10.1,9.43
318161.109000,-0.632,-0.884,0.309,-21.94,8.61,5.8
318161.109000,-0.626,-0.88,0.312,-21.91,7.39,4.0
318161.109000,-0.614,-0.877,0.311,-19.75,5.98,2.66
318161.140000,-0.608,-0.872,0.311,-16.39,4.18,1.31
318161.140000,-0.608,-0.87,0.309,-12.39,2.81,0.58
318161.156000,-0.605,-0.872,0.299,-8.61,1.65,0.06
318161.171000,-0.597,-0.885,0.29,-6.32,0.43,-1.01
318161.171000,-0.582,-0.897,0.283,-5.65,-0.31,-4.73
318161.171000,-0.574,-0.894,0.279,-6.96,-0.67,-11.38
318161.187000,-0.578,-0.886,0.281,-9.4,-0.89,-17.61
318161.203000,-0.572,-0.889,0.278,-11.54,-1.53,-21.55
318161.218000,-0.56,-0.892,0.273,-13.43,-2.5,-24.38
318161.234000,-0.544,-0.888,0.269,-15.32,-3.3,-27.56
318161.234000,-0.528,-0.882,0.258,-16.48,-3.63,-29.85
318161.250000,-0.511,-0.888,0.24,-18.28,-3.85,-31.56
318161.250000,-0.487,-0.912,0.206,-23.5,-2.56,-34.67
318161.265000,-0.472,-0.938,0.181,-34.33,2.08,-40.8
318161.281000,-0.463,-0.977,0.184,-46.08,10.65,-47.7
318161.281000,-0.447,-1.016,0.217,-56.55,18.28,-53.71
318161.296000,-0.425,-1.072,0.256,-65.0,21.58,-57.1
318161.312000,-0.386,-1.179,0.288,-63.08,22.1,-57.01
318161.312000,-0.32,-1.285,0.288,-57.74,20.11,-57.16
318161.328000,-0.249,-1.349,0.271,-62.99,15.81,-61.49
318161.328000,-0.151,-1.437,0.269,-73.0,13.92,-66.56
318161.343000,-0.061,-1.547,0.28,-86.0,14.31,-74.47
318161.359000,-0.0,-1.628,0.284,-99.15,17.94,-86.7
318161.359000,0.016,-1.7,0.275,-115.79,22.92,-102.39
318161.375000,0.045,-1.759,0.264,-132.39,30.0,-118.96
318161.390000,0.028,-1.805,0.284,-143.16,36.62,-135.96
318161.390000,0.043,-1.837,0.298,-146.37,32.69,-152.87
318161.406000,0.04,-1.841,0.244,-146.52,18.56,-168.19
318161.406000,0.042,-1.841,0.14,-146.92,5.28,-183.08
318161.421000,0.045,-1.82,0.038,-146.73,1.89,-198.92
318161.421000,0.034,-1.763,-0.037,-150.0,5.19,-214.64
318161.437000,0.01,-1.73,-0.088,-155.71,11.6,-226.23
318161.453000,-0.012,-1.71,-0.143,-158.06,19.47,-233.19
318161.453000,-0.011,-1.679,-0.222,-156.29,31.95,-237.46
318161.468000,-0.083,-1.637,-0.249,-152.78,52.86,-240.24
318161.484000,-0.152,-1.559,-0.226,-157.38,62.11,-243.75
318161.484000,-0.079,-1.471,-0.26,-167.06,62.38,-246.19
318161.500000,-0.036,-1.374,-0.273,-174.99,64.85,-250.04
318161.515000,-0.018,-1.265,-0.287,-181.59,64.58,-254.49
318161.531000,-0.013,-1.155,-0.327,-188.48,63.33,-256.75
318161.531000,0.014,-1.036,-0.35,-195.1,66.26,-253.15
318161.531000,0.033,-0.914,-0.355,-197.15,73.03,-245.46
318161.546000,0.029,-0.806,-0.348,-192.91,81.09,-232.58
318161.562000,0.042,-0.714,-0.346,-183.08,86.28,-214.06
318161.562000,0.049,-0.641,-0.356,-172.37,88.84,-193.67
318161.593000,0.063,-0.59,-0.367,-163.12,90.55,-173.96
318161.593000,0.066,-0.535,-0.386,-155.0,91.71,-158.36
318161.609000,0.054,-0.466,-0.404,-156.68,92.1,-148.08
318161.625000,0.032,-0.424,-0.426,-162.05,93.97,-138.22
318161.625000,-0.001,-0.397,-0.443,-166.48,97.84,-127.84
318161.640000,-0.035,-0.39,-0.442,-171.67,100.96,-115.57
318161.640000,-0.013,-0.394,-0.449,-176.31,102.45,-104.31
318161.656000,0.004,-0.377,-0.43,-175.63,103.46,-94.55
318161.671000,-0.011,-0.331,-0.435,-183.36,87.86,-87.01
318161.671000,-0.012,-0.302,-0.454,-188.09,80.17,-81.91
318161.687000,-0.014,-0.309,-0.478,-187.63,74.86,-78.89
318161.703000,0.013,-0.328,-0.475,-184.85,70.59,-80.42
318161.703000,0.09,-0.313,-0.493,-183.72,70.1,-84.66
318161.718000,0.121,-0.251,-0.549,-181.59,76.48,-84.11
318161.718000,0.099,-0.13,-0.535,-177.4,79.84,-79.23
318161.734000,0.098,-0.107,-0.491,-170.66,74.89,-70.47
318161.750000,0.155,-0.125,-0.482,-159.55,62.72,-57.56
318161.765000,0.166,-0.184,-0.519,-146.12,44.92,-44.77
318161.765000,0.2,-0.255,-0.575,-135.07,25.48,-34.06
318161.781000,0.234,-0.287,-0.624,-125.06,9.8,-27.89
318161.781000,0.282,-0.272,-0.648,-112.58,0.27,-24.41
318161.796000,0.381,-0.254,-0.717,-98.24,-1.04,-20.6
318161.812000,0.395,-0.223,-0.767,-87.44,7.81,-19.2
318161.812000,0.405,-0.173,-0.776,-83.62,15.59,-21.88
318161.828000,0.418,-0.131,-0.754,-82.98,22.89,-23.1
318161.843000,0.43,-0.115,-0.679,-78.68,29.88,-21.91
318161.843000,0.454,-0.115,-0.598,-71.08,35.37,-19.14
318161.859000,0.427,-0.097,-0.533,-66.56,32.81,-17.24
318161.859000,0.442,-0.043,-0.539,-65.89,22.64,-14.68
318161.875000,0.426,-0.005,-0.506,-61.92,16.79,-8.85
318161.890000,0.443,-0.011,-0.526,-58.26,5.1,-0.67
318161.906000,0.468,-0.058,-0.587,-54.41,-6.29,8.55
318161.906000,0.523,-0.111,-0.658,-51.36,-14.22,14.83
318161.921000,0.578,-0.149,-0.736,-45.78,-13.89,17.82
318161.921000,0.593,-0.141,-0.768,-40.62,-7.29,15.11
318161.937000,0.617,-0.107,-0.794,-38.85,-1.1,9.7
318161.953000,0.618,-0.085,-0.805,-40.1,5.77,4.82
318161.953000,0.608,-0.086,-0.794,-41.96,12.05,1.19
318161.968000,0.592,-0.104,-0.758,-42.24,14.07,0.12
318161.984000,0.6,-0.136,-0.749,-38.24,11.72,1.77
318161.984000,0.614,-0.159,-0.744,-29.85,8.06,4.67
318162.000000,0.644,-0.165,-0.749,-20.05,6.04,7.87
318162.015000,0.653,-0.143,-0.77,-9.67,5.8,8.51
318162.015000,0.673,-0.116,-0.77,3.11,10.74,7.84
318162.015000,0.681,-0.104,-0.756,13.46,19.17,6.96
318162.031000,0.683,-0.095,-0.716,17.06,25.94,3.42
318162.046000,0.693,-0.074,-0.674,13.46,27.99,-2.59
318162.062000,0.679,-0.042,-0.639,6.53,26.09,-9.16
318162.062000,0.67,-0.022,-0.614,0.76,21.42,-12.82
318162.078000,0.679,-0.011,-0.605,-2.47,15.81,-13.82
318162.093000,0.679,0.007,-0.607,-4.27,10.86,-12.76
318162.093000,0.677,0.02,-0.614,-5.98,6.96,-9.64
318162.109000,0.69,0.022,-0.604,-5.8,4.0,-4.79
318162.109000,0.705,-0.003,-0.609,-2.96,0.0,0.61
318162.125000,0.716,-0.035,-0.643,1.25,-3.78,3.08
318162.125000,0.725,-0.031,-0.682,2.47,-4.7,1.89
318162.140000,0.728,-0.02,-0.7,0.03,-2.78,0.27
318162.140000,0.729,-0.034,-0.683,-2.93,0.34,-0.7
318162.156000,0.738,-0.055,-0.664,-4.82,1.89,-2.69
318162.171000,0.741,-0.046,-0.656,-7.6,1.56,-6.81
318162.187000,0.733,-0.021,-0.647,-11.29,0.34,-10.44
318162.187000,0.731,-0.022,-0.647,-15.32,-2.29,-11.26
318162.203000,0.739,-0.036,-0.652,-19.17,-5.34,-11.11
318162.218000,0.752,-0.037,-0.653,-20.29,-8.06,-11.29
318162.234000,0.753,-0.035,-0.66,-19.01,-10.71,-10.77
318162.234000,0.738,-0.019,-0.676,-18.71,-12.67,-8.79
318162.234000,0.728,0.005,-0.674,-20.54,-13.79,-5.65
318162.265000,0.725,-0.004,-0.668,-19.87,-15.66,-0.64
318162.265000,0.725,-0.029,-0.666,-16.85,-18.04,4.94
318162.281000,0.732,-0.066,-0.672,-12.02,-19.75,9.0
318162.296000,0.741,-0.1,-0.706,-4.06,-18.95,10.13
318162.296000,0.747,-0.107,-0.727,3.33,-15.38,8.51
318162.312000,0.748,-0.088,-0.741,4.43,-12.12,4.88
318162.312000,0.746,-0.075,-0.759,1.31,-9.86,1.31
318162.328000,0.752,-0.075,-0.775,-3.78,-5.92,-1.62
318162.343000,0.756,-0.071,-0.777,-10.65,-0.43,-4.76
318162.343000,0.747,-0.057,-0.766,-16.02,5.37,-6.93
318162.359000,0.733,-0.062,-0.722,-18.59,9.49,-7.23
318162.375000,0.733,-0.082,-0.675,-19.26,9.58,-6.13
318162.375000,0.732,-0.096,-0.648,-17.27,6.65,-5.65
318162.390000,0.736,-0.096,-0.659,-13.4,2.99,-5.89
318162.390000,0.739,-0.08,-0.687,-8.18,2.23,-8.0
318162.406000,0.746,-0.048,-0.708,-5.62,4.24,-9.74
318162.421000,0.751,-0.012,-0.714,-6.47,7.63,-10.47
318162.421000,0.749,0.009,-0.706,-8.91,11.32,-9.86
318162.437000,0.744,0.01,-0.69,-12.21,13.37,-7.93
318162.453000,0.74,-0.009,-0.654,-14.19,13.67,-5.16
318162.453000,0.746,-0.037,-0.635,-14.74,11.96,-2.93
318162.468000,0.75,-0.048,-0.64,-14.68,9.64,-2.32
318162.468000,0.749,-0.037,-0.637,-12.88,8.7,-3.33
318162.484000,0.744,-0.02,-0.625,-11.11,7.63,-4.15
318162.484000,0.746,-0.006,-0.627,-11.05,4.18,-4.24
318162.500000,0.743,-0.009,-0.652,-9.67,2.04,-4.73
318162.515000,0.743,-0.006,-0.662,-7.72,3.57,-4.82
318162.515000,0.733,0.007,-0.661,-7.48,4.79,-3.48
318162.531000,0.725,0.011,-0.647,-6.96,6.16,-1.28
318162.546000,0.728,-0.005,-0.626,-5.71,6.93,0.79
318162.562000,0.726,-0.016,-0.623,-4.67,5.4,1.34
318162.562000,0.718,-0.006,-0.637,-3.78,3.88,0.61
318162.578000,0.726,-0.0,-0.658,-4.58,3.11,0.24
318162.578000,0.738,0.008,-0.664,-7.6,4.18,0.15
318162.593000,0.746,0.022,-0.659,-10.04,6.78,-0.24
318162.593000,0.75,0.034,-0.642,-9.98,9.06,0.09
318162.625000,0.748,0.045,-0.645,-8.21,10.19,1.5
318162.625000,0.748,0.064,-0.641,-6.87,11.35,3.42
318162.625000,0.751,0.068,-0.631,-5.74,12.54,6.41
318162.656000,0.749,0.06,-0.63,-4.55,12.36,10.22
318162.656000,0.746,0.046,-0.639,-2.08,11.29,14.31
318162.656000,0.751,0.032,-0.645,2.41,10.16,18.34
318162.671000,0.761,0.022,-0.673,7.97,9.43,22.0
318162.671000,0.773,0.021,-0.707,12.24,11.14,24.2
318162.703000,0.785,0.025,-0.724,14.95,14.71,24.75
318162.703000,0.783,0.029,-0.73,16.85,18.16,24.48
318162.718000,0.782,0.021,-0.739,18.74,21.91,24.29
318162.734000,0.775,0.017,-0.737,19.1,26.12,24.02
318162.734000,0.767,0.009,-0.71,20.84,30.12,23.38
318162.750000,0.754,-0.005,-0.691,25.73,31.4,22.92
318162.765000,0.737,-0.031,-0.674,32.2,31.28,23.56
318162.765000,0.742,-0.061,-0.658,36.84,31.07,24.78
318162.781000,0.751,-0.068,-0.655,38.24,30.79,24.35
318162.781000,0.757,-0.066,-0.64,38.15,30.98,22.86
318162.796000,0.766,-0.078,-0.619,36.65,30.82,20.51
318162.812000,0.778,-0.081,-0.596,31.01,28.9,16.75
318162.812000,0.785,-0.077,-0.588,22.43,25.73,12.54
318162.828000,0.782,-0.083,-0.57,15.02,24.2,9.98
318162.828000,0.778,-0.116,-0.541,12.82,23.32,9.4
318162.843000,0.786,-0.147,-0.542,13.61,21.15,9.0
318162.859000,0.784,-0.142,-0.557,13.98,19.47,7.23
318162.859000,0.782,-0.143,-0.541,14.47,18.95,6.99
318162.875000,0.788,-0.172,-0.522,15.84,17.24,7.51
318162.890000,0.794,-0.188,-0.515,17.4,14.01,6.04
318162.890000,0.791,-0.187,-0.515,19.81,10.5,4.03
318162.906000,0.788,-0.183,-0.522,22.4,7.39,2.41
318162.921000,0.774,-0.157,-0.538,20.48,3.91,1.8
318162.921000,0.768,-0.147,-0.546,15.9,2.5,4.46
318162.937000,0.768,-0.172,-0.54,14.1,3.78,8.61
318162.937000,0.77,-0.199,-0.525,14.98,5.22,11.32
318162.953000,0.769,-0.218,-0.519,18.16,6.1,12.51
318162.953000,0.766,-0.223,-0.533,21.88,6.96,12.79
318162.968000,0.77,-0.226,-0.531,23.74,8.15,12.54
318162.984000,0.774,-0.236,-0.532,23.22,8.3,11.26
318162.984000,0.776,-0.236,-0.541,18.92,7.39,8.45
318163.000000,0.776,-0.225,-0.542,12.97,7.02,5.22
318163.015000,0.787,-0.218,-0.529,7.84,7.17,3.42
318163.015000,0.784,-0.216,-0.532,4.79,7.17,2.14
318163.031000,0.783,-0.204,-0.534,3.69,8.09,0.37
318163.046000,0.78,-0.184,-0.519,2.32,7.84,0.46
318163.062000,0.789,-0.193,-0.51,3.66,7.02,2.38
318163.062000,0.79,-0.204,-0.513,4.85,5.86,3.08
318163.078000,0.79,-0.202,-0.525,4.46,4.79,2.41
318163.093000,0.795,-0.192,-0.535,4.46,4.67,1.28
318163.093000,0.797,-0.188,-0.548,4.55,4.73,0.24
318163.109000,0.806,-0.185,-0.556,4.49,5.22,-0.95
318163.125000,0.801,-0.17,-0.563,4.36,5.74,-2.47
318163.125000,0.801,-0.149,-0.57,4.55,5.62,-3.2
318163.140000,0.798,-0.144,-0.562,5.83,7.45,-1.56
318163.156000,0.788,-0.151,-0.561,7.54,8.91,0.82
318163.156000,0.791,-0.162,-0.549,9.8,9.37,2.44
318163.171000,0.802,-0.155,-0.546,11.93,8.76,2.84
318163.171000,0.801,-0.139,-0.561,12.94,7.93,3.08
318163.187000,0.799,-0.136,-0.58,12.88,8.06,3.81
318163.203000,0.794,-0.142,-0.582,12.67,9.37,4.52
318163.203000,0.793,-0.152,-0.573,12.24,11.14,5.19
318163.218000,0.783,-0.168,-0.559,12.94,12.39,5.28
318163.234000,0.787,-0.179,-0.553,13.86,12.54,5.04
318163.234000,0.789,-0.174,-0.552,14.59,12.45,3.81
318163.250000,0.788,-0.16,-0.559,11.08,11.84,0.73
318163.265000,0.79,-0.152,-0.557,9.13,11.78,0.0
318163.265000,0.79,-0.155,-0.534,8.24,11.08,-0.64
318163.281000,0.789,-0.156,-0.517,7.54,9.22,-1.4
318163.281000,0.787,-0.142,-0.509,7.42,7.63,-0.95
318163.296000,0.787,-0.128,-0.498,8.06,6.26,0.95
318163.312000,0.801,-0.144,-0.473,9.16,5.01,2.32
318163.312000,0.806,-0.143,-0.475,10.22,3.57,2.53
318163.328000,0.814,-0.13,-0.479,10.32,2.47,2.08
318163.343000,0.815,-0.119,-0.487,9.52,2.23,1.86
318163.343000,0.815,-0.115,-0.485,7.39,2.62,1.8
318163.343000,0.814,-0.124,-0.472,5.16,2.26,2.38
318163.359000,0.812,-0.132,-0.46,4.27,0.95,3.08
318163.375000,0.815,-0.127,-0.444,3.6,-1.16,4.09
318163.390000,0.822,-0.135,-0.434,3.08,-3.81,6.13
318163.390000,0.831,-0.142,-0.435,2.41,-6.44,7.26
318163.406000,0.834,-0.135,-0.437,1.19,-8.88,7.57
318163.421000,0.824,-0.133,-0.441,-0.34,-10.74,8.3
318163.421000,0.809,-0.151,-0.461,-1.71,-13.09,9.09
318163.437000,0.801,-0.172,-0.484,-2.96,-16.36,9.46
318163.453000,0.798,-0.192,-0.489,-3.36,-19.78,9.98
318163.453000,0.798,-0.221,-0.499,-1.1,-22.49,10.77
318163.468000,0.806,-0.252,-0.512,2.9,-24.35,11.11
318163.484000,0.823,-0.268,-0.522,6.07,-25.73,9.64
318163.484000,0.839,-0.265,-0.548,7.51,-26.25,5.16
318163.484000,0.846,-0.238,-0.582,4.91,-25.82,-1.74
318163.515000,0.855,-0.207,-0.596,-1.5,-24.41,-9.74
318163.515000,0.855,-0.188,-0.6,-8.61,-22.64,-17.27
318163.531000,0.841,-0.158,-0.628,-16.3,-21.06,-22.52
318163.531000,0.824,-0.125,-0.638,-24.26,-18.16,-23.1
318163.546000,0.826,-0.132,-0.63,-28.47,-15.63,-18.8
318163.562000,0.819,-0.159,-0.618,-27.01,-15.26,-12.3
318163.562000,0.803,-0.181,-0.64,-21.52,-15.63,-4.79
318163.578000,0.795,-0.201,-0.646,-14.59,-14.37,3.23
318163.593000,0.801,-0.234,-0.637,-7.81,-12.73,9.8
318163.593000,0.801,-0.248,-0.654,-3.3,-12.3,12.18
318163.609000,0.788,-0.242,-0.678,-3.3,-12.85,12.05
318163.625000,0.783,-0.266,-0.695,-5.37,-12.05,10.83
318163.625000,0.796,-0.287,-0.679,-8.39,-8.97,6.9
318163.640000,0.784,-0.28,-0.678,-10.01,-5.83,1.46
318163.640000,0.78,-0.263,-0.665,-9.52,-0.92,-2.84
318163.656000,0.767,-0.243,-0.645,-8.48,3.3,-5.71
318163.671000,0.754,-0.219,-0.614,-6.26,6.81,-6.78
318163.687000,0.745,-0.206,-0.581,-2.81,9.22,-5.65
318163.687000,0.745,-0.194,-0.549,1.95,11.2,-4.15
318163.687000,0.738,-0.168,-0.521,5.83,11.93,-3.23
318163.703000,0.73,-0.149,-0.507,7.32,11.26,-1.68
318163.718000,0.731,-0.142,-0.485,7.02,9.98,-0.4
318163.718000,0.735,-0.126,-0.462,5.13,7.29,-0.4
318163.734000,0.731,-0.106,-0.462,2.32,3.91,-0.85
318163.750000,0.723,-0.102,-0.471,-0.79,0.43,-0.46
318163.750000,0.729,-0.118,-0.472,-2.78,-3.14,1.46
318163.765000,0.735,-0.125,-0.487,-2.93,-6.68,2.75
318163.765000,0.732,-0.119,-0.524,-0.73,-8.18,3.51
318163.781000,0.729,-0.108,-0.559,1.4,-7.57,5.25
318163.796000,0.726,-0.11,-0.561,3.17,-5.55,8.06
318163.812000,0.719,-0.129,-0.553,5.8,-3.54,11.99
318163.812000,0.705,-0.16,-0.542,9.98,-2.35,16.39
318163.828000,0.705,-0.205,-0.518,14.19,-2.26,20.66
318163.843000,0.716,-0.239,-0.512,18.37,-3.66,22.8
318163.843000,0.724,-0.251,-0.54,20.72,-6.1,22.34
318163.859000,0.735,-0.243,-0.569,19.87,-8.0,19.59
318163.859000,0.748,-0.233,-0.586,16.42,-8.58,15.41
318163.875000,0.751,-0.229,-0.608,12.09,-7.35,11.08
318163.875000,0.751,-0.232,-0.6,8.06,-3.66,7.02
318163.890000,0.744,-0.245,-0.579,5.04,-0.03,3.17
318163.906000,0.741,-0.24,-0.556,3.72,1.98,-0.12
318163.906000,0.74,-0.223,-0.542,2.72,1.65,-2.23
318163.921000,0.742,-0.221,-0.54,1.53,0.27,-2.99
318163.937000,0.747,-0.228,-0.545,1.22,-1.19,-3.45
318163.953000,0.753,-0.223,-0.549,1.71,-2.41,-4.09
318163.953000,0.761,-0.209,-0.563,2.47,-3.14,-4.79
318163.968000,0.769,-0.187,-0.576,2.87,-3.14,-5.1
318163.984000,0.767,-0.168,-0.588,2.53,-2.62,-4.91
318163.984000,0.774,-0.165,-0.581,2.04,-1.16,-3.75
318164.000000,0.779,-0.175,-0.572,2.08,-0.85,-2.01
318164.015000,0.785,-0.189,-0.569,2.84,-0.92,-0.79
318164.015000,0.785,-0.193,-0.58,3.02,-0.61,-0.52
318164.015000,0.784,-0.186,-0.598,1.56,-0.15,-0.43
318164.031000,0.791,-0.191,-0.606,-0.12,0.52,-0.76
318164.046000,0.799,-0.195,-0.606,-1.1,1.68,-1.56
318164.046000,0.797,-0.196,-0.611,-1.28,3.33,-2.53
318164.062000,0.799,-0.203,-0.604,-0.89,5.1,-3.23
318164.078000,0.796,-0.206,-0.598,0.15,6.41,-4.18
318164.093000,0.793,-0.202,-0.594,1.8,7.08,-4.73
318164.093000,0.794,-0.199,-0.593,2.99,7.45,-4.94
318164.093000,0.795,-0.192,-0.594,3.02,7.72,-5.31
318164.109000,0.797,-0.182,-0.591,3.08,7.97,-5.46
318164.125000,0.796,-0.177,-0.58,3.3,8.27,-4.73
318164.125000,0.79,-0.176,-0.567,4.09,8.51,-3.2
318164.156000,0.785,-0.18,-0.563,5.1,8.12,-2.01
318164.156000,0.789,-0.178,-0.556,5.86,7.48,-0.85
318164.171000,0.794,-0.172,-0.548,6.47,7.11,-0.06
318164.171000,0.795,-0.164,-0.551,6.29,6.5,0.24
318164.187000,0.793,-0.161,-0.555,5.01,5.89,0.67
318164.203000,0.793,-0.17,-0.546,3.2,5.4,1.31
318164.203000,0.786,-0.18,-0.539,1.95,4.76,1.4
318164.218000,0.784,-0.184,-0.532,1.19,4.12,1.13
318164.234000,0.789,-0.19,-0.528,0.58,2.53,0.67
318164.234000,0.788,-0.184,-0.537,-0.43,1.07,-0.03
318164.234000,0.788,-0.178,-0.541,-1.22,0.85,-0.46
318164.265000,0.781,-0.18,-0.539,-2.08,0.73,-0.12
318164.265000,0.776,-0.186,-0.539,-2.41,0.18,0.46
318164.281000,0.777,-0.186,-0.545,-2.14,-0.61,1.01
318164.296000,0.773,-0.184,-0.553,-1.46,-0.49,1.86
318164.296000,0.778,-0.189,-0.553,-0.55,0.49,3.14
318164.312000,0.781,-0.2,-0.549,0.27,1.01,4.18
318164.312000,0.779,-0.205,-0.546,0.95,0.98,4.64
318164.328000,0.78,-0.208,-0.553,0.95,0.98,4.43
318164.328000,0.779,-0.212,-0.551,-0.4,0.79,3.66
318164.343000,0.777,-0.219,-0.552,-1.4,0.46,2.84
318164.359000,0.778,-0.222,-0.552,-1.53,0.7,2.14
318164.375000,0.779,-0.213,-0.553,-1.68,0.79,1.56
318164.375000,0.782,-0.206,-0.556,-1.71,1.01,1.89
318164.375000,0.779,-0.206,-0.56,-1.68,1.71,2.62
318164.390000,0.781,-0.214,-0.549,-1.34,2.9,3.42
318164.406000,0.78,-0.222,-0.541,-0.67,3.36,3.51
318164.406000,0.775,-0.22,-0.543,-0.58,2.56,3.05
318164.421000,0.774,-0.22,-0.541,-1.01,1.86,2.59
318164.437000,0.776,-0.223,-0.539,-1.92,1.4,1.89
318164.453000,0.779,-0.223,-0.539,-2.53,0.37,0.95
318164.453000,0.781,-0.215,-0.546,-2.72,-0.67,0.09
318164.468000,0.782,-0.204,-0.554,-2.93,-1.01,0.12
318164.484000,0.791,-0.202,-0.55,-2.59,-0.43,0.85
318164.484000,0.792,-0.197,-0.555,-1.92,-0.06,1.56
318164.500000,0.786,-0.2,-0.557,-1.31,0.73,2.66
318164.515000,0.78,-0.206,-0.545,-0.58,1.43,3.88
318164.515000,0.782,-0.219,-0.537,-0.34,0.73,4.64
318164.531000,0.788,-0.227,-0.547,-0.34,-0.76,4.21
318164.531000,0.787,-0.217,-0.558,-0.89,-1.68,3.23
318164.546000,0.789,-0.218,-0.554,-1.71,-1.83,2.99
318164.562000,0.793,-0.225,-0.556,-2.47,-1.98,2.44
318164.562000,0.792,-0.22,-0.558,-2.9,-1.89,1.28
318164.578000,0.789,-0.213,-0.561,-2.81,-1.65,0.61
318164.593000,0.782,-0.215,-0.562,-1.59,-1.1,0.95
318164.609000,0.781,-0.221,-0.561,0.0,-0.82,2.14
318164.609000,0.781,-0.225,-0.562,1.68,-0.79,3.3
318164.609000,0.79,-0.23,-0.565,3.05,-0.49,4.03
318164.625000,0.793,-0.227,-0.57,3.08,-0.06,3.69
318164.640000,0.792,-0.22,-0.568,1.65,0.24,2.78
318164.640000,0.792,-0.224,-0.565,0.12,0.55,2.04
318164.656000,0.788,-0.226,-0.561,-1.1,0.64,0.82
318164.671000,0.778,-0.226,-0.558,-1.22,0.67,0.12
318164.687000,0.773,-0.231,-0.552,0.0,0.89,0.46
318164.687000,0.776,-0.233,-0.545,1.34,0.76,0.92
318164.703000,0.78,-0.229,-0.544,2.23,0.31,1.19
318164.703000,0.781,-0.223,-0.551,2.23,-0.27,1.07
318164.718000,0.782,-0.217,-0.555,1.19,-0.73,0.4
318164.718000,0.78,-0.214,-0.551,-0.64,-1.04,-0.18
318164.734000,0.78,-0.221,-0.552,-1.34,-1.28,-0.64
318164.750000,0.781,-0.226,-0.553,-1.13,-1.31,-1.37
318164.765000,0.775,-0.218,-0.554,-0.76,-1.4,-1.95
318164.765000,0.772,-0.212,-0.556,-0.34,-1.31,-1.65
318164.781000,0.775,-0.214,-0.553,0.58,-1.4,-0.58
318164.796000,0.777,-0.218,-0.552,1.83,-1.46,0.34
318164.796000,0.781,-0.218,-0.551,3.02,-1.28,0.7
318164.812000,0.785,-0.216,-0.553,3.2,-1.31,0.37
318164.812000,0.788,-0.212,-0.559,-0.27,-1.28,-2.08
318164.828000,0.787,-0.201,-0.562,-2.93,-1.04,-3.23
318164.843000,0.778,-0.195,-0.562,-4.3,-0.61,-3.27
318164.843000,0.774,-0.204,-0.557,-3.81,-0.24,-2.99
318164.859000,0.768,-0.21,-0.55,-2.23,-0.55,-2.01
318164.875000,0.764,-0.21,-0.544,-0.34,-1.43,-0.73
318164.875000,0.77,-0.204,-0.553,0.79,-2.47,-0.03
318164.890000,0.773,-0.202,-0.553,1.19,-2.62,0.61
318164.906000,0.777,-0.204,-0.552,1.16,-2.08,0.95
318164.906000,0.778,-0.203,-0.556,0.52,-2.14,0.76
318164.906000,0.77,-0.206,-0.562,-0.43,-2.47,0.37
318164.921000,0.771,-0.213,-0.561,-0.89,-2.08,0.03
318164.937000,0.773,-0.216,-0.56,-0.7,-2.01,-0.73
318164.953000,0.771,-0.21,-0.562,-0.24,-1.92,-1.4
318164.953000,0.769,-0.202,-0.556,-0.06,-1.53,-1.68
318164.968000,0.771,-0.197,-0.55,-0.15,-1.34,-1.53
318164.984000,0.774,-0.197,-0.543,-0.4,-1.43,-1.25
318164.984000,0.777,-0.191,-0.534,-0.4,-1.89,-1.53
318165.000000,0.773,-0.181,-0.539,-1.13,-2.75,-1.71
318165.015000,0.767,-0.177,-0.539,-2.41,-3.48,-1.59
318165.015000,0.762,-0.182,-0.537,-3.69,-4.39,-1.01
318165.031000,0.751,-0.19,-0.549,-4.33,-5.62,-0.73
318165.046000,0.742,-0.193,-0.567,-4.21,-6.53,-0.31
318165.046000,0.731,-0.192,-0.582,-3.54,-6.59,0.58
318165.062000,0.722,-0.201,-0.595,-1.86,-6.01,1.98
318165.062000,0.72,-0.21,-0.604,0.21,-4.88,2.93
318165.078000,0.72,-0.21,-0.606,1.65,-3.81,2.78
318165.078000,0.711,-0.215,-0.62,2.93,-2.69,2.2
318165.093000,0.7,-0.224,-0.642,4.64,-1.04,1.28
318165.109000,0.689,-0.233,-0.653,6.07,1.13,0.21
318165.125000,0.677,-0.243,-0.66,8.24,3.88,-0.92
318165.125000,0.658,-0.256,-0.674,12.21,6.87,-2.17
318165.140000,0.649,-0.256,-0.688,17.06,10.35,-3.75
318165.140000,0.639,-0.247,-0.709,21.73,13.89,-5.49
318165.156000,0.632,-0.249,-0.74,26.49,17.37,-5.92
318165.171000,0.631,-0.265,-0.761,31.95,20.81,-5.37
318165.187000,0.652,-0.283,-0.747,37.51,24.87,-4.79
318165.187000,0.672,-0.296,-0.77,43.43,28.78,-6.1
318165.203000,0.664,-0.283,-0.826,49.04,32.87,-10.01
318165.203000,0.643,-0.264,-0.88,54.32,37.97,-12.73
318165.218000,0.633,-0.26,-0.913,61.77,44.65,-11.51
318165.234000,0.627,-0.258,-0.897,72.97,53.96,-7.39
318165.234000,0.641,-0.297,-0.829,84.57,63.48,0.21
318165.250000,0.709,-0.395,-0.77,93.3,68.88,5.86
318165.265000,0.734,-0.44,-0.781,96.59,69.52,-0.06
318165.265000,0.704,-0.375,-0.794,91.22,69.0,-14.62
318165.281000,0.671,-0.308,-0.78,78.07,68.09,-27.41
318165.296000,0.669,-0.297,-0.761,64.76,67.26,-36.53
318165.296000,0.682,-0.27,-0.733,54.2,65.89,-45.53
318165.312000,0.67,-0.235,-0.674,49.01,65.71,-50.51
318165.312000,0.688,-0.257,-0.569,56.09,69.8,-47.33
318165.328000,0.696,-0.286,-0.531,69.15,73.21,-41.32
318165.343000,0.711,-0.289,-0.507,79.71,76.6,-35.83
318165.359000,0.725,-0.285,-0.475,83.32,74.74,-31.43
318165.359000,0.77,-0.246,-0.44,80.9,68.09,-30.88
318165.375000,0.8,-0.161,-0.454,76.33,59.39,-34.03
318165.375000,0.781,-0.083,-0.472,69.22,52.03,-33.23
318165.390000,0.791,-0.074,-0.411,62.87,51.61,-26.18
318165.390000,0.831,-0.125,-0.309,58.69,53.59,-16.91
318165.406000,0.878,-0.205,-0.256,59.45,53.19,-9.83
318165.421000,0.925,-0.268,-0.247,65.58,53.9,-8.3
318165.437000,0.935,-0.267,-0.279,70.01,54.29,-11.84
318165.437000,0.926,-0.224,-0.326,67.81,53.35,-16.79
318165.453000,0.914,-0.177,-0.334,61.89,54.26,-21.64
318165.453000,0.897,-0.152,-0.31,54.78,57.31,-24.05
318165.468000,0.843,-0.113,-0.278,46.3,59.3,-24.6
318165.484000,0.856,-0.119,-0.244,39.61,59.45,-19.53
318165.484000,0.911,-0.191,-0.172,37.32,58.47,-12.09
318165.500000,0.978,-0.26,-0.088,38.64,56.06,-7.97
318165.500000,1.01,-0.275,-0.034,42.76,53.35,-8.91
318165.515000,1.018,-0.261,-0.025,48.4,52.92,-12.67
318165.531000,1.04,-0.225,-0.017,50.57,54.51,-18.95
318165.531000,1.01,-0.139,-0.013,45.53,55.12,-27.62
318165.546000,0.974,-0.077,-0.072,37.11,55.02,-31.74
318165.562000,0.997,-0.047,-0.097,26.12,53.53,-32.56
318165.562000,1.0,-0.01,-0.109,12.15,48.43,-31.31
318165.578000,0.999,-0.002,-0.135,1.89,44.86,-25.12
318165.593000,1.022,-0.049,-0.129,-2.35,42.82,-14.01
318165.593000,1.042,-0.13,-0.104,1.28,42.18,-1.86
318165.609000,1.051,-0.206,-0.071,14.89,46.72,8.45
318165.625000,1.032,-0.238,-0.033,32.32,52.13,14.04
318165.625000,0.979,-0.242,-0.051,44.95,54.99,16.91
318165.640000,0.949,-0.29,-0.084,50.29,58.47,19.56
318165.640000,0.947,-0.339,-0.039,47.33,60.73,15.99
318165.656000,0.954,-0.321,0.04,39.83,58.63,6.59
318165.671000,0.972,-0.247,0.067,33.17,54.32,-4.24
318165.687000,0.985,-0.174,0.066,27.16,52.49,-11.99
318165.687000,0.974,-0.126,0.062,19.32,54.78,-16.72
318165.703000,0.97,-0.126,0.07,10.5,59.57,-18.1
318165.703000,0.977,-0.139,0.15,3.27,64.58,-19.17
318165.718000,0.946,-0.139,0.212,0.31,65.83,-20.14
318165.734000,0.931,-0.171,0.203,2.93,65.37,-17.37
318165.734000,0.959,-0.195,0.232,6.38,64.67,-15.69
318165.750000,0.94,-0.178,0.242,6.32,60.15,-15.72
318165.765000,0.931,-0.18,0.248,5.16,57.31,-12.97
318165.765000,0.94,-0.213,0.261,4.55,55.91,-10.01
318165.781000,0.942,-0.234,0.287,3.3,54.29,-9.03
318165.781000,0.923,-0.239,0.319,4.67,53.83,-8.18
318165.796000,0.917,-0.25,0.351,9.03,54.78,-6.38
318165.812000,0.925,-0.254,0.363,13.49,54.9,-5.46
318165.812000,0.956,-0.24,0.349,16.88,53.25,-7.45
318165.828000,0.973,-0.205,0.305,18.25,49.75,-11.96
318165.843000,0.968,-0.167,0.264,15.93,47.55,-14.83
318165.843000,0.961,-0.149,0.254,11.93,48.68,-15.44
318165.859000,0.953,-0.145,0.259,7.63,50.48,-14.86
318165.875000,0.936,-0.126,0.265,3.39,52.4,-14.77
318165.875000,0.91,-0.111,0.262,-0.49,53.22,-12.45
318165.890000,0.893,-0.131,0.272,-2.59,53.01,-6.9
318165.890000,0.902,-0.169,0.297,-1.25,52.31,-1.34
318165.906000,0.908,-0.186,0.324,1.92,49.93,1.56
318165.921000,0.933,-0.186,0.333,4.39,45.05,2.93
318165.921000,0.96,-0.187,0.336,5.58,39.03,2.23
318165.937000,0.98,-0.19,0.341,8.21,35.0,-0.82
318165.953000,0.977,-0.185,0.339,11.29,33.72,-5.43
318165.953000,0.965,-0.184,0.323,12.24,34.24,-8.39
318165.968000,0.975,-0.175,0.314,8.0,35.62,-11.26
318165.984000,0.984,-0.157,0.33,0.76,36.01,-15.78
318165.984000,0.985,-0.141,0.367,-4.85,34.52,-19.32
318166.000000,0.986,-0.137,0.375,-8.33,31.07,-20.81
318166.015000,0.979,-0.123,0.372,-11.02,27.62,-21.88
318166.015000,0.961,-0.106,0.382,-12.18,25.27,-21.36
318166.015000,0.946,-0.113,0.386,-10.35,23.53,-17.0
318166.031000,0.947,-0.124,0.394,-7.9,21.91,-12.63
318166.046000,0.94,-0.122,0.377,-6.65,19.23,-10.28
318166.062000,0.941,-0.128,0.344,-6.96,18.1,-8.36
318166.078000,0.946,-0.125,0.327,-10.22,18.89,-8.18
318166.078000,0.934,-0.118,0.329,-16.3,19.53,-9.4
318166.093000,0.929,-0.138,0.342,-20.17,20.91,-9.37
318166.093000,0.93,-0.17,0.367,-19.38,22.13,-9.37
318166.109000,0.917,-0.179,0.384,-15.35,21.58,-10.19
318166.109000,0.908,-0.184,0.379,-10.8,20.05,-9.46
318166.125000,0.912,-0.191,0.387,-7.14,18.77,-8.0
318166.140000,0.913,-0.187,0.399,-4.09,17.0,-6.62
318166.156000,0.91,-0.194,0.394,-0.95,15.53,-4.88
318166.250000,0.914,-0.203,0.384,1.46,15.17,-4.3
318166.265000,0.917,-0.198,0.374,1.92,15.02,-5.77
318166.312000,0.914,-0.185,0.361,1.01,15.66,-8.7
318166.343000,0.907,-0.177,0.353,-0.4,16.42,-10.77
318166.359000,0.906,-0.175,0.36,-1.62,17.03,-11.47
318166.359000,0.902,-0.16,0.376,-2.04,16.88,-12.21
318166.359000,0.892,-0.141,0.385,-1.59,15.47,-11.63
318166.359000,0.895,-0.138,0.39,-0.92,13.82,-9.16
318166.359000,0.895,-0.132,0.395,-0.79,11.75,-6.99
318166.359000,0.895,-0.122,0.389,-1.07,9.7,-5.74
318166.375000,0.889,-0.109,0.39,-1.5,8.27,-5.68
318166.375000,0.878,-0.097,0.391,-1.98,6.81,-6.01
318166.375000,0.865,-0.082,0.397,-2.99,4.97,-5.98
318166.375000,0.849,-0.078,0.397,-4.46,2.35,-5.55
318166.375000,0.842,-0.087,0.401,-5.16,-0.89,-4.33
318166.375000,0.842,-0.096,0.403,-5.22,-4.36,-2.69
318166.375000,0.852,-0.112,0.395,-4.61,-7.97,-0.58
318166.375000,0.858,-0.13,0.389,-4.27,-11.29,0.37
318166.390000,0.865,-0.147,0.377,-3.3,-14.65,0.55
318166.390000,0.877,-0.164,0.344,-2.29,-17.03,0.43
318166.421000,0.892,-0.172,0.311,-2.78,-17.7,0.12
318166.437000,0.91,-0.175,0.306,-3.54,-16.66,-0.67
318166.437000,0.934,-0.17,0.308,-3.17,-16.33,-0.24
318166.437000,0.948,-0.176,0.289,-1.37,-16.82,1.62
318166.437000,0.961,-0.181,0.285,5.55,-14.86,4.64
318166.453000,0.968,-0.177,0.282,8.58,-13.86,5.95
318166.453000,0.971,-0.174,0.279,9.58,-12.6,6.1
318166.453000,0.97,-0.164,0.272,8.39,-11.05,5.01
318166.453000,0.966,-0.15,0.266,6.59,-9.03,4.21
318166.453000,0.964,-0.162,0.262,4.49,-6.9,3.42
318166.453000,0.963,-0.165,0.272,1.89,-5.49,1.34
318166.468000,0.949,-0.156,0.275,-0.18,-4.33,-0.76
318166.484000,0.938,-0.159,0.276,-0.15,-2.96,-1.1
318166.484000,0.936,-0.169,0.287,1.5,-1.37,-0.06
318166.500000,0.929,-0.168,0.284,3.78,-0.92,0.52
318166.500000,0.935,-0.167,0.277,6.23,-0.34,1.74
318166.515000,0.941,-0.162,0.271,7.93,0.73,1.86
318166.531000,0.943,-0.153,0.265,7.48,1.83,0.76
318166.531000,0.942,-0.148,0.265,5.13,3.11,-0.55
318166.546000,0.94,-0.152,0.273,2.78,4.43,-1.13
318166.562000,0.933,-0.158,0.289,1.65,5.34,-1.53
318166.562000,0.923,-0.166,0.297,1.95,5.28,-1.28
318166.578000,0.921,-0.172,0.305,3.02,4.49,-0.24
318166.593000,0.916,-0.166,0.313,3.91,3.72,0.76
318166.593000,0.913,-0.158,0.316,5.07,3.2,2.17
318166.609000,0.912,-0.154,0.313,5.43,2.9,3.17
318166.609000,0.915,-0.155,0.315,4.79,2.53,3.08
318166.625000,0.916,-0.154,0.322,3.94,1.89,1.95
318166.640000,0.915,-0.149,0.317,2.96,0.73,0.58
318166.640000,0.916,-0.143,0.307,2.38,0.24,-0.85
318166.656000,0.92,-0.135,0.297,1.37,0.09,-1.98
318166.656000,0.926,-0.135,0.292,-0.03,-0.27,-2.08
318166.671000,0.931,-0.134,0.293,-0.89,-0.46,-1.5
318166.687000,0.935,-0.133,0.295,-1.22,-0.61,-0.46
318166.703000,0.934,-0.13,0.297,-0.82,-0.58,1.19
318166.703000,0.939,-0.139,0.3,0.0,-0.21,2.84
318166.718000,0.943,-0.145,0.304,0.03,0.06,2.96
318166.734000,0.939,-0.148,0.3,-0.95,-0.15,2.59
318166.734000,0.937,-0.158,0.304,-1.83,0.52,2.01
318166.734000,0.929,-0.164,0.304,-2.41,1.07,1.25
318166.750000,0.926,-0.17,0.301,-2.44,1.68,1.25
318166.765000,0.924,-0.175,0.308,-1.92,2.81,1.37
318166.781000,0.919,-0.175,0.313,-0.52,3.54,1.62
318166.781000,0.92,-0.174,0.322,1.59,3.66,2.47
318166.796000,0.925,-0.173,0.323,3.51,3.66,2.81
318166.812000,0.927,-0.157,0.323,4.24,3.69,2.01
318166.812000,0.924,-0.138,0.32,3.66,4.03,0.4
318166.828000,0.924,-0.12,0.319,1.16,4.36,-0.92
318166.828000,0.925,-0.11,0.332,-1.68,4.43,-1.83
318166.843000,0.918,-0.099,0.345,-4.06,3.88,-2.87
318166.859000,0.912,-0.091,0.359,-5.1,2.66,-3.33
318166.859000,0.921,-0.081,0.363,-5.16,0.82,-2.75
318166.875000,0.918,-0.066,0.359,-5.68,-1.56,-2.04
318166.875000,0.923,-0.072,0.345,-5.58,-4.0,0.24
318166.890000,0.933,-0.096,0.335,-4.73,-5.8,3.27
318166.906000,0.934,-0.123,0.334,-3.14,-6.81,6.29
318166.921000,0.936,-0.154,0.317,0.24,-7.39,9.22
318166.937000,0.949,-0.19,0.292,3.23,-7.51,11.2
318166.937000,0.956,-0.209,0.276,3.51,-6.74,10.25
318166.937000,0.949,-0.213,0.275,1.25,-5.16,6.68
318166.937000,0.941,-0.206,0.281,-1.98,-3.39,2.44
318166.953000,0.931,-0.201,0.282,-5.37,-2.11,-0.92
318166.984000,0.923,-0.195,0.295,-8.21,-0.82,-3.69
318166.984000,0.916,-0.183,0.314,-9.34,-0.12,-5.22
318167.000000,0.905,-0.169,0.325,-7.84,-0.37,-5.01
318167.000000,0.898,-0.167,0.319,-4.73,-1.71,-2.14
318167.000000,0.908,-0.178,0.317,-1.37,-2.56,1.77
318167.031000,0.916,-0.178,0.313,1.53,-3.23,4.36
318167.031000,0.92,-0.171,0.3,3.97,-3.48,6.53
318167.046000,0.926,-0.165,0.297,5.8,-2.11,7.6
318167.046000,0.925,-0.157,0.298,6.35,-0.85,7.69
318167.062000,0.917,-0.151,0.303,5.34,0.03,7.17
318167.078000,0.914,-0.152,0.303,3.14,0.67,6.56
318167.093000,0.92,-0.159,0.313,1.04,1.28,5.95
318167.093000,0.921,-0.161,0.311,-0.82,1.65,4.36
318167.109000,0.923,-0.165,0.31,-2.5,1.46,3.17
318167.125000,0.922,-0.166,0.318,-3.78,1.25,2.2
318167.125000,0.914,-0.168,0.323,-4.15,0.49,2.14
318167.140000,0.909,-0.17,0.331,-2.96,0.03,3.11
318167.156000,0.904,-0.171,0.335,-0.98,-0.21,4.43
318167.156000,0.901,-0.168,0.333,1.07,-0.55,5.92
318167.171000,0.906,-0.174,0.325,2.53,-1.22,7.63
318167.171000,0.914,-0.183,0.326,2.9,-1.8,8.48
318167.187000,0.91,-0.189,0.31,2.41,-2.66,8.33
318167.203000,0.912,-0.209,0.299,1.71,-2.66,8.79
318167.203000,0.923,-0.226,0.311,1.43,-2.11,8.24
318167.218000,0.923,-0.218,0.311,1.74,-2.32,5.8
318167.234000,0.916,-0.199,0.31,2.44,-2.47,4.0
318167.234000,0.92,-0.192,0.314,3.78,-2.23,3.6
318167.250000,0.923,-0.183,0.314,4.49,-2.69,3.54
318167.250000,0.923,-0.174,0.3,4.85,-3.54,3.78
318167.265000,0.931,-0.177,0.294,5.28,-3.75,4.82
318167.281000,0.942,-0.176,0.291,5.07,-3.97,5.16
318167.281000,0.943,-0.167,0.284,4.49,-4.03,4.43
318167.296000,0.949,-0.168,0.274,3.3,-4.09,3.78
318167.296000,0.953,-0.172,0.269,1.37,-4.09,2.72
318167.312000,0.946,-0.174,0.264,-0.58,-4.33,1.86
318167.328000,0.945,-0.187,0.263,-1.01,-4.06,1.92
318167.328000,0.939,-0.192,0.27,-0.37,-3.72,1.86
318167.343000,0.925,-0.183,0.267,0.18,-4.09,1.77
318167.359000,0.911,-0.182,0.264,0.4,-4.18,2.96
318167.359000,0.912,-0.195,0.262,0.67,-4.39,4.52
318167.375000,0.916,-0.196,0.26,0.82,-5.16,4.61
318167.390000,0.914,-0.183,0.251,0.55,-6.01,3.6
318167.390000,0.918,-0.177,0.239,-0.73,-6.23,2.72
318167.406000,0.925,-0.172,0.243,-2.53,-5.55,1.37
318167.406000,0.926,-0.163,0.247,-5.1,-5.16,-0.03
318167.421000,0.928,-0.162,0.253,-7.26,-4.49,-0.37
318167.437000,0.935,-0.168,0.269,-8.36,-3.66,-0.27
318167.453000,0.936,-0.17,0.277,-8.09,-3.72,0.46
318167.453000,0.94,-0.172,0.28,-7.35,-4.0,2.11
318167.453000,0.947,-0.183,0.282,-6.35,-3.75,4.15
318167.468000,0.96,-0.192,0.283,-5.19,-3.51,5.49
318167.484000,0.968,-0.196,0.284,-4.36,-2.78,5.49
318167.484000,0.971,-0.195,0.279,-4.49,-1.86,4.49
318167.500000,0.972,-0.194,0.278,-5.49,-0.4,2.96
318167.515000,0.972,-0.199,0.285,-7.02,1.71,1.46
318167.515000,0.967,-0.205,0.294,-7.9,3.2,0.24
318167.531000,0.962,-0.218,0.307,-7.51,3.91,-0.27
318167.546000,0.958,-0.225,0.315,-5.77,3.97,-0.61
318167.546000,0.951,-0.227,0.315,-3.39,3.94,-0.85
318167.562000,0.944,-0.224,0.306,-1.62,3.97,-1.19
318167.562000,0.944,-0.221,0.302,-0.73,4.18,-1.5
318167.593000,0.94,-0.215,0.296,-0.64,4.12,-2.29
318167.609000,0.937,-0.213,0.289,-0.92,3.91,-3.11
318167.609000,0.933,-0.212,0.287,-1.74,3.91,-4.55
318167.609000,0.925,-0.202,0.289,-2.5,3.97,-6.16
318167.625000,0.921,-0.193,0.293,-1.98,4.27,-6.62
318167.640000,0.922,-0.187,0.298,-0.92,4.33,-6.32
318167.656000,0.916,-0.174,0.302,-0.67,3.91,-6.04
318167.656000,0.915,-0.167,0.308,-0.64,3.66,-5.22
318167.656000,0.918,-0.169,0.314,-0.34,3.23,-3.91
318167.671000,0.918,-0.175,0.313,-0.31,2.32,-2.69
318167.687000,0.916,-0.181,0.311,-0.43,1.5,-1.62
318167.687000,0.917,-0.187,0.31,-0.12,0.98,-0.89
318167.703000,0.921,-0.193,0.31,0.76,0.31,-0.55
318167.718000,0.922,-0.19,0.305,1.43,-0.21,-1.01
318167.718000,0.923,-0.19,0.3,1.8,-0.55,-1.43
318167.734000,0.925,-0.186,0.297,1.71,-0.82,-1.83
318167.750000,0.931,-0.187,0.288,0.82,-1.16,-2.14
318167.750000,0.938,-0.188,0.283,-0.37,-0.92,-2.66
318167.750000,0.937,-0.183,0.288,-0.92,-0.49,-3.36
318167.781000,0.938,-0.179,0.287,-0.58,0.09,-3.42
318167.781000,0.94,-0.179,0.289,-0.03,0.67,-3.02
318167.796000,0.936,-0.177,0.294,0.21,1.04,-2.47
318167.812000,0.934,-0.178,0.296,0.27,1.07,-1.89
318167.812000,0.937,-0.183,0.302,1.01,0.89,-1.16
318167.812000,0.935,-0.186,0.305,2.35,0.24,-0.61
318167.843000,0.933,-0.189,0.302,3.75,-0.37,-0.24
318167.843000,0.933,-0.19,0.301,5.01,-0.79,-0.03
318167.859000,0.928,-0.191,0.296,5.55,-0.92,0.12
318167.875000,0.929,-0.189,0.293,5.77,-0.7,0.09
318167.875000,0.927,-0.184,0.292,5.74,-0.46,-0.55
318167.890000,0.928,-0.178,0.288,4.97,-0.21,-1.28
318167.906000,0.924,-0.174,0.289,3.78,-0.43,-2.04
318167.906000,0.916,-0.169,0.288,1.95,-0.92,-2.78
318167.921000,0.913,-0.175,0.289,1.31,-0.76,-2.5
318167.921000,0.916,-0.186,0.298,2.08,-0.76,-1.62
318167.937000,0.919,-0.19,0.301,3.54,-1.62,-1.1
318167.953000,0.92,-0.186,0.295,5.07,-2.72,-0.7
318167.953000,0.918,-0.179,0.285,5.83,-3.17,-0.37
318167.968000,0.918,-0.179,0.276,5.65,-1.89,1.4
318167.984000,0.926,-0.187,0.281,5.86,-1.46,0.92
318167.984000,0.926,-0.184,0.289,5.62,-1.62,0.43
318168.000000,0.921,-0.174,0.28,4.7,-0.82,0.4
318168.000000,0.923,-0.168,0.276,3.39,-0.21,0.31
318168.015000,0.923,-0.166,0.287,2.56,-0.46,0.18
318168.031000,0.916,-0.169,0.304,2.93,-0.85,0.24
318168.031000,0.908,-0.159,0.309,3.91,-0.95,0.46
318168.046000,0.902,-0.14,0.315,4.58,-0.61,1.07
318168.062000,0.897,-0.128,0.327,4.7,-0.34,2.11
318168.062000,0.888,-0.114,0.345,4.15,-1.01,3.27
318168.078000,0.879,-0.11,0.363,4.0,-2.59,4.58
318168.093000,0.875,-0.11,0.358,2.81,-5.1,6.16
318168.093000,0.875,-0.121,0.367,1.83,-7.08,8.0
318168.109000,0.877,-0.136,0.381,1.5,-9.55,9.03
318168.109000,0.868,-0.137,0.393,2.04,-12.33,9.46
318168.125000,0.852,-0.143,0.414,3.08,-14.83,10.74
318168.140000,0.839,-0.17,0.463,4.79,-16.85,13.86
318168.140000,0.825,-0.209,0.517,8.67,-19.1,18.04
318168.156000,0.811,-0.231,0.54,14.25,-22.28,21.06
318168.171000,0.794,-0.206,0.57,18.46,-25.73,21.06
318168.171000,0.773,-0.173,0.574,21.58,-30.0,19.2
318168.187000,0.758,-0.118,0.57,20.14,-34.64,15.05
318168.203000,0.744,-0.05,0.565,14.86,-40.28,10.59
318168.218000,0.729,-0.01,0.561,8.33,-46.21,7.32
318168.218000,0.707,0.018,0.565,1.4,-52.1,5.28
318168.218000,0.688,0.037,0.563,-3.33,-57.86,5.37
318168.234000,0.669,0.058,0.587,-6.53,-62.87,7.54
318168.250000,0.66,0.055,0.626,-7.39,-68.67,13.12
318168.265000,0.66,0.039,0.632,-7.51,-76.97,19.59
318168.265000,0.658,0.032,0.63,-6.68,-86.25,26.03
318168.281000,0.676,0.011,0.627,-4.46,-96.13,33.85
318168.281000,0.712,-0.008,0.607,-4.58,-108.28,40.28
318168.296000,0.735,-0.026,0.575,-6.74,-119.05,44.83
318168.312000,0.756,-0.059,0.532,-8.85,-127.84,49.13
318168.312000,0.793,-0.104,0.468,-10.16,-136.02,53.25
318168.312000,0.855,-0.145,0.382,-12.45,-144.17,55.15
318168.343000,0.929,-0.176,0.272,-16.69,-150.52,54.08
318168.343000,1.03,-0.195,0.183,-23.1,-152.26,48.98
318168.343000,1.181,-0.197,0.098,-31.62,-149.42,39.28
318168.359000,1.317,-0.164,-0.027,-42.39,-141.48,24.54
318168.375000,1.399,-0.111,-0.155,-54.69,-124.7,10.04
318168.390000,1.456,-0.109,-0.231,-66.68,-102.76,2.08
318168.390000,1.504,-0.163,-0.224,-72.18,-80.75,1.92
318168.406000,1.547,-0.226,-0.189,-65.55,-59.33,7.78
318168.421000,1.526,-0.239,-0.215,-50.75,-37.51,14.56
318168.421000,1.483,-0.222,-0.2,-37.08,-14.89,21.91
318168.437000,1.361,-0.215,-0.15,-34.24,-4.76,32.87
318168.453000,1.304,-0.32,-0.148,-33.51,-10.19,48.43
318168.453000,1.295,-0.401,-0.146,-34.27,-19.99,56.67
318168.468000,1.239,-0.413,-0.191,-35.92,-27.89,57.41
318168.468000,1.197,-0.439,-0.229,-35.95,-29.85,59.02
318168.484000,1.182,-0.501,-0.289,-34.21,-27.92,59.72
318168.500000,1.146,-0.542,-0.366,-31.53,-21.27,55.73
318168.500000,1.11,-0.515,-0.368,-33.11,-10.9,46.75
318168.515000,1.044,-0.461,-0.328,-40.96,-4.55,35.19
318168.531000,0.961,-0.408,-0.283,-52.61,-2.01,24.54
318168.531000,0.881,-0.371,-0.219,-64.39,-1.65,15.9
318168.546000,0.788,-0.348,-0.125,-73.82,-5.58,8.55
318168.562000,0.683,-0.314,-0.053,-82.98,-22.58,2.32
318168.562000,0.596,-0.296,-0.069,-88.05,-47.24,-0.03
318168.578000,0.535,-0.307,-0.147,-87.74,-71.26,2.14
318168.593000,0.517,-0.334,-0.252,-82.06,-89.3,6.2
318168.609000,0.51,-0.317,-0.364,-77.46,-104.46,7.29
318168.609000,0.508,-0.276,-0.495,-78.22,-117.25,5.13
318168.625000,0.552,-0.237,-0.593,-84.05,-123.84,-1.53
318168.625000,0.565,-0.175,-0.669,-95.89,-126.07,-13.21
318168.640000,0.534,-0.099,-0.713,-110.93,-125.86,-25.3
318168.640000,0.502,-0.067,-0.717,-123.39,-123.6,-31.1
318168.656000,0.468,-0.097,-0.727,-127.29,-122.2,-31.22
318168.671000,0.459,-0.125,-0.787,-123.94,-125.22,-27.68
318168.671000,0.506,-0.127,-0.865,-118.5,-128.67,-21.39
318168.687000,0.526,-0.093,-0.963,-111.73,-126.44,-15.23
318168.703000,0.55,-0.055,-0.992,-103.82,-115.33,-4.76
318168.703000,0.574,-0.062,-0.973,-93.3,-99.46,10.86
318168.718000,0.572,-0.096,-0.948,-82.43,-84.26,25.33
318168.734000,0.563,-0.138,-0.919,-74.13,-71.54,36.74
318168.750000,0.552,-0.166,-0.878,-69.4,-62.47,44.19
318168.750000,0.562,-0.186,-0.894,-68.73,-58.6,48.01
318168.765000,0.545,-0.231,-0.912,-68.24,-49.32,50.9
318168.765000,0.576,-0.296,-0.928,-67.69,-38.97,53.83
318168.781000,0.595,-0.324,-0.921,-67.54,-27.38,55.3
318168.796000,0.62,-0.393,-0.881,-63.08,-18.13,58.14
318168.796000,0.673,-0.48,-0.874,-51.15,-11.51,60.37
318168.812000,0.733,-0.531,-0.865,-31.77,1.16,58.14
318168.828000,0.792,-0.543,-0.824,-10.41,19.44,50.75
318168.828000,0.82,-0.514,-0.798,4.85,31.77,36.81
318168.843000,0.824,-0.47,-0.792,13.21,41.72,19.93
318168.843000,0.778,-0.422,-0.725,14.98,49.17,2.5
318168.859000,0.742,-0.382,-0.66,11.35,48.8,-11.75
318168.859000,0.702,-0.332,-0.605,8.39,43.95,-21.82
318168.875000,0.649,-0.279,-0.559,9.0,38.42,-26.46
318168.890000,0.626,-0.242,-0.502,9.92,31.13,-24.93
318168.906000,0.629,-0.221,-0.46,12.02,22.0,-19.47
318168.906000,0.656,-0.191,-0.442,15.23,12.3,-13.73
318168.921000,0.683,-0.15,-0.459,17.0,2.93,-9.25
318168.921000,0.716,-0.131,-0.482,16.11,-3.75,-4.91
318168.937000,0.756,-0.135,-0.497,13.43,-7.23,-2.17
318168.953000,0.763,-0.14,-0.512,9.7,-8.36,-2.32
318168.953000,0.758,-0.16,-0.512,5.86,-8.09,-3.17
318168.968000,0.743,-0.186,-0.516,1.53,-8.85,-5.68
318168.968000,0.725,-0.185,-0.507,-2.53,-9.7,-8.73
318168.984000,0.723,-0.186,-0.517,-5.43,-11.87,-9.52
318168.984000,0.721,-0.184,-0.529,-7.45,-15.02,-8.67
318169.000000,0.724,-0.179,-0.53,-7.39,-17.24,-5.58
318169.015000,0.728,-0.18,-0.539,-5.01,-18.4,-0.49
318169.031000,0.742,-0.182,-0.548,-1.37,-18.59,4.79
318169.031000,0.756,-0.178,-0.566,1.13,-18.28,9.13
318169.046000,0.758,-0.197,-0.596,2.59,-16.79,12.79
318169.062000,0.767,-0.236,-0.608,3.36,-13.58,14.83
318169.062000,0.777,-0.264,-0.592,2.23,-10.77,13.67
318169.062000,0.78,-0.277,-0.586,-0.09,-9.95,9.25
318169.093000,0.771,-0.268,-0.597,-4.3,-10.53,3.08
318169.093000,0.763,-0.255,-0.599,-7.97,-10.8,-2.26
318169.109000,0.753,-0.246,-0.598,-9.03,-10.25,-6.07
318169.125000,0.75,-0.241,-0.603,-7.14,-8.97,-7.17
318169.125000,0.744,-0.241,-0.606,-5.13,-7.05,-6.65
318169.140000,0.743,-0.229,-0.603,-3.88,-5.13,-5.62
318169.140000,0.747,-0.228,-0.591,-1.56,-4.18,-2.78
318169.156000,0.759,-0.239,-0.589,1.13,-4.18,0.03
318169.171000,0.763,-0.236,-0.586,2.08,-3.57,0.7
318169.171000,0.766,-0.235,-0.583,2.01,-3.17,0.15
318169.187000,0.772,-0.232,-0.574,1.74,-3.08,-0.92
318169.203000,0.769,-0.234,-0.571,1.86,-3.75,-1.95
318169.203000,0.77,-0.246,-0.594,2.26,-4.39,-2.75
318169.218000,0.782,-0.246,-0.607,1.83,-3.27,-3.91
318169.218000,0.777,-0.242,-0.614,3.02,-0.27,-4.79
318169.234000,0.779,-0.25,-0.613,3.75,1.92,-3.66
318169.250000,0.787,-0.252,-0.607,3.75,3.69,-3.08
318169.250000,0.778,-0.242,-0.603,4.43,5.46,-2.41
318169.265000,0.775,-0.237,-0.59,5.1,6.9,-0.7
318169.281000,0.777,-0.236,-0.574,4.88,7.11,1.01
318169.281000,0.771,-0.243,-0.573,4.0,5.83,2.14
318169.296000,0.762,-0.262,-0.579,3.51,4.91,2.66
318169.296000,0.756,-0.259,-0.568,3.27,4.97,2.04
318169.312000,0.762,-0.25,-0.56,3.54,4.61,1.28
318169.328000,0.764,-0.242,-0.566,3.36,3.2,0.76
318169.343000,0.761,-0.232,-0.568,3.11,2.59,0.64
318169.343000,0.754,-0.233,-0.563,2.96,2.56,1.46
318169.359000,0.751,-0.249,-0.554,3.45,2.08,2.53
318169.375000,0.756,-0.258,-0.554,4.3,1.19,2.84
318169.375000,0.759,-0.248,-0.567,4.46,0.18,1.83
318169.390000,0.758,-0.234,-0.579,3.57,0.12,0.7
318169.390000,0.761,-0.228,-0.578,1.59,0.98,-0.34
318169.406000,0.76,-0.224,-0.568,-0.52,1.56,-1.19
318169.421000,0.754,-0.23,-0.558,-1.46,2.23,-1.4
318169.421000,0.753,-0.236,-0.545,-1.1,2.59,-1.22
318169.437000,0.758,-0.236,-0.544,-0.55,1.74,-1.46
318169.453000,0.757,-0.229,-0.552,-0.24,0.64,-1.86
318169.453000,0.755,-0.227,-0.565,-0.34,0.21,-1.59
318169.468000,0.764,-0.233,-0.564,-0.85,1.01,-0.82
318169.484000,0.769,-0.236,-0.562,-1.4,1.43,-0.7
318169.484000,0.765,-0.236,-0.565,-1.59,1.59,-1.25
318169.500000,0.763,-0.24,-0.56,-1.89,1.71,-1.62
318169.515000,0.766,-0.24,-0.558,-2.08,1.25,-2.2
318169.515000,0.763,-0.232,-0.562,-2.17,0.4,-2.62
318169.531000,0.757,-0.227,-0.561,-1.83,0.15,-1.98
318169.531000,0.751,-0.227,-0.561,-0.49,0.4,-0.12
318169.546000,0.752,-0.227,-0.557,2.78,-0.09,4.55
318169.562000,0.75,-0.227,-0.557,3.81,-0.43,6.1
318169.562000,0.752,-0.232,-0.555,4.46,-0.76,7.11
318169.578000,0.754,-0.238,-0.557,4.88,-0.76,7.2
318169.593000,0.756,-0.242,-0.553,3.23,-1.22,5.8
318169.609000,0.754,-0.236,-0.569,0.21,-1.53,3.97
318169.609000,0.754,-0.239,-0.566,-1.74,-0.76,2.38
318169.625000,0.753,-0.246,-0.554,-2.2,0.03,1.04
318169.625000,0.752,-0.243,-0.549,-2.47,-0.37,0.0
318169.640000,0.747,-0.235,-0.556,-2.81,-1.4,-0.15
318169.640000,0.748,-0.234,-0.556,-1.98,-2.04,0.98
318169.656000,0.752,-0.238,-0.557,-0.85,-2.87,2.35
318169.671000,0.751,-0.234,-0.564,-0.98,-3.85,2.75
318169.671000,0.747,-0.231,-0.566,-1.56,-4.36,3.14
318169.687000,0.741,-0.241,-0.562,-1.16,-4.73,4.49
318169.687000,0.734,-0.256,-0.558,0.52,-5.65,6.16
318169.703000,0.733,-0.263,-0.566,2.81,-6.47,7.51
318169.718000,0.737,-0.262,-0.572,5.34,-6.5,9.0
318169.718000,0.742,-0.261,-0.575,7.93,-5.62,10.1
318169.734000,0.753,-0.256,-0.573,8.7,-4.18,9.98
318169.750000,0.759,-0.248,-0.576,7.29,-3.2,8.51
318169.750000,0.759,-0.254,-0.58,4.67,-2.75,7.14
318169.765000,0.765,-0.266,-0.575,2.66,-2.23,5.71
318169.765000,0.762,-0.27,-0.575,1.04,-2.29,3.48
318169.781000,0.761,-0.263,-0.575,-0.03,-2.04,1.53
318169.796000,0.757,-0.251,-0.573,-0.46,-1.71,0.58
318169.796000,0.748,-0.247,-0.574,-0.18,-1.65,0.76
318169.812000,0.743,-0.246,-0.571,0.37,-1.43,1.46
318169.828000,0.742,-0.249,-0.564,0.64,-1.77,2.41
318169.843000,0.747,-0.257,-0.565,0.95,-3.08,3.51
318169.843000,0.759,-0.266,-0.574,1.16,-4.36,3.91
318169.859000,0.771,-0.268,-0.588,1.04,-4.97,2.84
318169.875000,0.775,-0.257,-0.604,0.06,-4.64,1.4
318169.875000,0.771,-0.252,-0.61,-1.68,-3.27,0.12
318169.890000,0.767,-0.25,-0.603,-3.36,-1.65,-0.92
318169.890000,0.759,-0.254,-0.598,-3.88,-0.46,-1.01
318169.906000,0.752,-0.257,-0.587,-3.36,0.58,-0.58
318169.906000,0.747,-0.259,-0.573,-2.66,0.79,0.09
318169.921000,0.741,-0.261,-0.572,-1.59,-0.52,1.01
318169.937000,0.742,-0.263,-0.575,-0.4,-1.89,1.83
318169.937000,0.752,-0.261,-0.584,0.43,-2.99,2.2
318169.953000,0.758,-0.254,-0.595,0.89,-3.33,2.44
318169.968000,0.76,-0.252,-0.6,1.28,-2.35,2.96
318169.984000,0.761,-0.255,-0.596,1.65,-0.85,3.11
318169.984000,0.759,-0.263,-0.592,1.98,-0.03,3.33
318170.000000,0.758,-0.267,-0.589,1.77,0.18,3.14
318170.015000,0.755,-0.266,-0.59,1.19,0.27,2.01
318170.015000,0.752,-0.264,-0.586,0.89,0.31,1.34
318170.015000,0.753,-0.266,-0.58,0.89,-0.06,1.01
318170.031000,0.751,-0.262,-0.586,0.95,-0.73,0.31
318170.046000,0.744,-0.252,-0.589,0.4,-1.19,-0.21
318170.046000,0.745,-0.258,-0.585,0.15,-1.07,0.52
318170.046000,0.751,-0.266,-0.585,0.95,-0.61,1.13
318170.062000,0.755,-0.265,-0.591,1.56,-0.49,1.07
318170.093000,0.753,-0.261,-0.595,1.4,-0.03,1.1
318170.093000,0.75,-0.263,-0.591,1.04,0.79,0.76
318170.109000,0.745,-0.267,-0.59,0.09,1.04,-0.31
318170.125000,0.749,-0.269,-0.586,-0.61,1.16,-1.37
318170.125000,0.75,-0.269,-0.59,-0.73,1.46,-2.5
318170.140000,0.744,-0.262,-0.583,-0.46,1.89,-3.3
318170.140000,0.748,-0.253,-0.586,-0.61,1.5,-3.14
318170.156000,0.748,-0.247,-0.582,-0.58,1.37,-2.26
318170.171000,0.753,-0.252,-0.577,0.34,1.71,-0.67
318170.171000,0.75,-0.258,-0.579,1.34,1.65,0.31
318170.187000,0.75,-0.26,-0.579,2.04,1.1,0.79
318170.203000,0.751,-0.26,-0.584,1.56,0.67,0.58
318170.203000,0.756,-0.26,-0.585,0.18,0.67,-0.09
318170.218000,0.753,-0.263,-0.586,-0.85,1.04,-0.79
318170.218000,0.752,-0.266,-0.583,-0.64,1.31,-1.13
318170.234000,0.752,-0.268,-0.578,0.18,1.13,-0.79
318170.250000,0.752,-0.265,-0.588,1.8,1.04,-0.03
318170.265000,0.756,-0.263,-0.59,3.66,1.83,0.92
318170.265000,0.763,-0.265,-0.585,4.36,2.84,1.62
318170.281000,0.76,-0.267,-0.591,3.69,2.99,0.79
318170.281000,0.756,-0.267,-0.595,2.26,2.75,-0.49
318170.296000,0.759,-0.274,-0.593,0.49,3.08,-1.65
318170.296000,0.758,-0.276,-0.596,-0.37,3.91,-3.23
318170.312000,0.756,-0.268,-0.589,-0.43,4.58,-4.52
318170.328000,0.756,-0.262,-0.577,-0.09,4.94,-4.43
318170.328000,0.753,-0.257,-0.575,0.43,4.67,-3.97
318170.343000,0.751,-0.254,-0.57,1.19,4.0,-3.05
318170.359000,0.753,-0.255,-0.567,2.11,3.63,-1.68
318170.375000,0.755,-0.251,-0.567,2.72,3.33,-0.79
318170.375000,0.752,-0.239,-0.57,2.5,2.96,-0.49
318170.390000,0.752,-0.235,-0.564,1.95,2.59,0.7
318170.390000,0.749,-0.239,-0.563,1.74,1.98,1.86
318170.406000,0.748,-0.244,-0.559,1.8,1.71,2.78
318170.406000,0.751,-0.252,-0.554,2.04,1.28,3.57
318170.421000,0.753,-0.257,-0.562,1.74,0.52,3.51
318170.421000,0.756,-0.258,-0.571,1.22,0.0,2.75
318170.453000,0.759,-0.256,-0.576,0.7,-0.09,1.83
318170.453000,0.754,-0.254,-0.586,0.12,0.34,1.31
318170.453000,0.755,-0.252,-0.582,-0.03,1.34,1.59
318170.484000,0.756,-0.261,-0.574,0.49,2.26,2.14
318170.484000,0.751,-0.261,-0.584,0.89,2.5,1.98
318170.500000,0.743,-0.263,-0.582,1.46,2.5,1.83
318170.500000,0.746,-0.272,-0.585,1.34,2.17,1.86
318170.515000,0.741,-0.277,-0.598,1.37,2.29,0.95
318170.515000,0.736,-0.29,-0.603,2.04,3.14,0.58
318170.531000,0.736,-0.307,-0.61,3.3,4.24,-0.12
318170.546000,0.739,-0.317,-0.624,4.76,5.25,-0.82
318170.562000,0.741,-0.322,-0.619,6.65,7.42,-1.95
318170.578000,0.753,-0.322,-0.606,8.42,10.16,-4.36
318170.578000,0.767,-0.309,-0.597,8.3,12.12,-8.09
318170.593000,0.76,-0.287,-0.592,5.74,12.97,-12.63
318170.593000,0.752,-0.267,-0.565,2.44,13.52,-16.27
318170.609000,0.746,-0.259,-0.539,0.82,12.79,-17.76
318170.625000,0.735,-0.25,-0.541,1.56,11.54,-17.3
318170.625000,0.733,-0.235,-0.539,3.81,11.08,-14.8
318170.640000,0.744,-0.22,-0.517,6.56,10.83,-11.02
318170.656000,0.758,-0.206,-0.513,8.58,9.55,-7.45
318170.656000,0.76,-0.191,-0.517,8.06,8.21,-5.49
318170.671000,0.769,-0.189,-0.494,5.04,7.2,-3.81
318170.687000,0.782,-0.2,-0.471,1.01,4.91,-3.36
318170.687000,0.784,-0.199,-0.465,-2.66,1.68,-4.49
318170.703000,0.775,-0.186,-0.472,-5.86,-1.56,-5.95
318170.703000,0.761,-0.17,-0.492,-9.16,-4.52,-5.71
318170.718000,0.749,-0.167,-0.498,-11.17,-6.44,-2.59
318170.734000,0.738,-0.185,-0.496,-9.64,-7.84,2.9
318170.734000,0.735,-0.206,-0.492,-5.31,-9.03,9.13
318170.750000,0.745,-0.22,-0.498,-1.07,-10.8,14.28
318170.765000,0.751,-0.223,-0.518,1.37,-12.7,17.58
318170.765000,0.763,-0.225,-0.531,2.26,-13.21,19.62
318170.781000,0.777,-0.237,-0.553,1.59,-12.94,19.96
318170.796000,0.782,-0.25,-0.568,-0.82,-11.72,18.07
318170.796000,0.78,-0.256,-0.567,-4.55,-10.77,14.71
318170.812000,0.774,-0.263,-0.567,-8.67,-10.86,11.23
318170.812000,0.765,-0.268,-0.572,-11.2,-11.23,8.51
318170.828000,0.757,-0.281,-0.574,-10.9,-10.8,7.93
318170.828000,0.752,-0.29,-0.574,-8.18,-10.62,8.7
318170.843000,0.754,-0.291,-0.584,-4.97,-10.9,9.83
318170.859000,0.76,-0.286,-0.601,-2.26,-10.71,10.56
318170.859000,0.768,-0.282,-0.615,-1.22,-9.7,10.65
318170.875000,0.766,-0.279,-0.623,-2.11,-7.93,9.74
318170.890000,0.761,-0.287,-0.619,-3.48,-6.2,8.58
318170.890000,0.756,-0.296,-0.607,-4.55,-4.97,7.17
318170.906000,0.751,-0.306,-0.595,-4.91,-4.33,6.07
318170.921000,0.749,-0.31,-0.594,-4.46,-4.06,5.07
318170.937000,0.758,-0.307,-0.597,-3.33,-3.81,3.81
318170.937000,0.765,-0.296,-0.6,-2.59,-3.36,2.32
318170.953000,0.761,-0.286,-0.606,-2.14,-2.41,1.16
318170.953000,0.761,-0.284,-0.598,-2.01,-1.01,0.61
318170.968000,0.76,-0.284,-0.59,-1.92,-0.31,-0.03
318170.984000,0.759,-0.28,-0.585,-1.89,-0.21,-0.61
318170.984000,0.753,-0.275,-0.583,-2.04,-0.43,-0.95
318171.000000,0.75,-0.27,-0.584,-2.38,-0.58,-0.82
318171.000000,0.749,-0.266,-0.577,-2.38,-0.52,-0.12
318171.015000,0.755,-0.267,-0.577,-1.65,-0.64,0.98
318171.031000,0.756,-0.268,-0.587,-0.82,-1.1,1.68
318171.031000,0.756,-0.267,-0.588,-0.37,-0.85,2.41
318171.046000,0.76,-0.272,-0.59,0.4,-0.27,3.3
318171.062000,0.763,-0.28,-0.597,1.04,0.55,3.51
318171.062000,0.761,-0.279,-0.595,0.61,1.19,2.72
318171.078000,0.759,-0.282,-0.595,-0.4,1.34,1.68
318171.093000,0.757,-0.286,-0.595,-1.19,1.59,0.76
318171.093000,0.755,-0.287,-0.59,-1.37,1.98,-0.18
318171.109000,0.751,-0.289,-0.586,-0.92,2.38,-0.76
318171.125000,0.751,-0.289,-0.582,0.58,2.29,-0.92
318171.125000,0.751,-0.285,-0.584,0.67,2.2,-0.79
318171.140000,0.751,-0.278,-0.589,0.7,2.72,-0.82
318171.140000,0.755,-0.278,-0.586,0.67,2.99,-0.95
318171.156000,0.758,-0.278,-0.587,0.24,3.27,-1.25
318171.171000,0.755,-0.28,-0.586,-0.09,3.54,-1.74
318171.171000,0.756,-0.281,-0.583,-0.03,3.45,-1.86
318171.187000,0.754,-0.281,-0.581,0.31,3.72,-1.98
318171.187000,0.757,-0.28,-0.576,0.7,4.06,-1.95
318171.218000,0.758,-0.28,-0.576,1.28,3.97,-2.14
318171.218000,0.756,-0.279,-0.577,1.86,3.88,-2.04
318171.234000,0.756,-0.272,-0.579,1.86,3.78,-2.44
318171.234000,0.756,-0.266,-0.575,1.86,4.03,-2.26
318171.250000,0.754,-0.268,-0.573,2.35,4.43,-1.37
318171.250000,0.75,-0.273,-0.565,3.05,4.79,-0.55
318171.265000,0.749,-0.277,-0.558,3.45,4.46,-0.03
318171.265000,0.746,-0.278,-0.56,3.42,3.48,0.0
318171.296000,0.747,-0.279,-0.565,3.05,2.66,-0.4
318171.296000,0.749,-0.281,-0.571,2.47,2.41,-1.16
318171.312000,0.751,-0.275,-0.575,1.83,2.5,-2.35
318171.312000,0.749,-0.271,-0.577,1.43,3.27,-2.99
318171.312000,0.749,-0.27,-0.574,1.5,4.06,-3.05
318171.328000,0.746,-0.27,-0.566,1.68,4.49,-2.84
318171.343000,0.743,-0.273,-0.557,2.5,4.49,-2.2
318171.359000,0.745,-0.276,-0.556,4.0,4.18,-1.46
318171.375000,0.745,-0.273,-0.562,4.64,3.66,-1.28
318171.375000,0.744,-0.269,-0.563,4.36,3.23,-1.25
318171.390000,0.748,-0.27,-0.56,4.0,3.02,-1.43
318171.390000,0.751,-0.269,-0.561,3.14,2.44,-2.14
318171.406000,0.747,-0.268,-0.56,2.53,2.01,-2.9
318171.421000,0.749,-0.267,-0.556,2.84,1.86,-2.99
318171.421000,0.748,-0.263,-0.56,3.05,1.74,-2.93
318171.437000,0.748,-0.257,-0.563,2.9,1.74,-2.66
318171.453000,0.75,-0.258,-0.561,3.17,1.77,-2.01
318171.453000,0.753,-0.264,-0.561,3.63,1.89,-1.56
318171.468000,0.751,-0.261,-0.562,3.66,1.71,-1.53
318171.484000,0.755,-0.263,-0.566,3.27,1.01,-1.53
318171.484000,0.755,-0.262,-0.573,3.02,0.98,-1.65
318171.500000,0.756,-0.263,-0.577,2.56,1.56,-1.98
318171.515000,0.762,-0.261,-0.576,1.65,2.35,-2.35
318171.515000,0.761,-0.262,-0.572,1.01,3.02,-2.78
318171.531000,0.761,-0.267,-0.563,1.1,3.27,-3.05
318171.531000,0.761,-0.269,-0.562,1.25,2.93,-3.23
318171.546000,0.761,-0.262,-0.567,1.5,2.66,-3.27
318171.562000,0.757,-0.259,-0.572,2.59,2.9,-2.78
318171.562000,0.76,-0.256,-0.574,2.96,3.2,-1.77
318171.578000,0.756,-0.255,-0.584,3.91,3.85,-0.73
318171.593000,0.756,-0.26,-0.594,5.16,4.85,0.46
318171.593000,0.761,-0.267,-0.592,5.92,6.29,1.19
318171.609000,0.764,-0.281,-0.6,6.59,7.39,1.31
318171.625000,0.768,-0.299,-0.624,7.08,8.21,0.58
318171.625000,0.768,-0.32,-0.64,7.57,9.74,-0.7
318171.640000,0.765,-0.343,-0.658,9.0,11.63,-2.14
318171.640000,0.766,-0.368,-0.699,11.96,13.76,-4.36
318171.656000,0.771,-0.39,-0.744,15.53,17.37,-7.02
318171.656000,0.772,-0.397,-0.76,19.53,23.9,-10.71
318171.671000,0.77,-0.396,-0.756,22.68,32.38,-15.41
318171.687000,0.765,-0.381,-0.755,24.11,40.41,-21.61
318171.703000,0.752,-0.36,-0.765,23.71,46.78,-29.11
318171.703000,0.738,-0.331,-0.747,22.37,53.01,-36.96
318171.718000,0.72,-0.299,-0.716,21.15,58.57,-43.82
318171.718000,0.694,-0.264,-0.721,21.61,62.44,-48.43
318171.734000,0.672,-0.217,-0.709,24.23,66.65,-50.11
318171.750000,0.642,-0.172,-0.676,28.17,69.92,-46.48
318171.750000,0.628,-0.175,-0.599,32.56,71.93,-36.56
318171.765000,0.674,-0.224,-0.509,37.29,71.26,-25.51
318171.781000,0.715,-0.251,-0.506,41.99,66.35,-21.52
318171.796000,0.727,-0.241,-0.546,46.69,61.1,-22.64
318171.796000,0.73,-0.234,-0.594,49.78,57.62,-23.01
318171.812000,0.723,-0.244,-0.657,51.61,56.73,-20.97
318171.812000,0.723,-0.256,-0.701,53.32,58.81,-17.15
318171.828000,0.733,-0.255,-0.732,56.22,61.22,-11.54
318171.843000,0.766,-0.264,-0.713,60.21,64.7,-3.91
318171.843000,0.803,-0.302,-0.602,64.12,67.48,4.61
318171.859000,0.866,-0.382,-0.521,73.52,70.44,8.55
318171.859000,0.894,-0.402,-0.55,84.41,74.16,-0.92
318171.875000,0.862,-0.317,-0.585,85.97,79.13,-20.14
318171.890000,0.837,-0.203,-0.552,75.35,82.37,-38.3
318171.906000,0.791,-0.128,-0.528,61.65,81.97,-50.54
318171.906000,0.74,-0.088,-0.533,51.15,81.09,-55.54
318171.921000,0.686,-0.063,-0.466,44.65,81.88,-52.0
318171.921000,0.68,-0.089,-0.3,42.42,80.08,-38.09
318171.937000,0.657,-0.148,-0.206,44.8,70.96,-21.76
318171.937000,0.666,-0.208,-0.172,51.33,58.11,-7.39
318171.953000,0.695,-0.28,-0.196,66.53,47.15,3.45
318171.953000,0.715,-0.347,-0.261,84.75,40.04,9.13
318171.984000,0.798,-0.34,-0.292,95.52,35.49,4.97
318171.984000,0.842,-0.225,-0.356,93.02,29.94,-7.05
318172.000000,0.823,-0.139,-0.422,82.86,29.76,-15.84
318172.015000,0.846,-0.147,-0.402,69.25,35.07,-18.8
318172.015000,0.843,-0.185,-0.337,54.08,40.13,-20.97
318172.031000,0.794,-0.214,-0.295,44.59,45.59,-23.93
318172.031000,0.792,-0.236,-0.22,42.21,50.42,-27.92
318172.046000,0.791,-0.266,-0.177,45.17,49.87,-32.23
318172.062000,0.796,-0.266,-0.135,50.17,47.73,-37.48
318172.062000,0.838,-0.184,-0.11,48.13,45.05,-44.83
318172.078000,0.901,-0.084,-0.191,37.02,41.69,-49.35
318172.093000,0.956,-0.029,-0.226,23.41,42.45,-49.93
318172.093000,0.974,-0.042,-0.221,10.22,43.55,-46.08
318172.109000,1.008,-0.092,-0.157,2.41,44.04,-38.45
318172.109000,1.012,-0.114,-0.074,4.12,45.96,-30.85
318172.125000,1.014,-0.145,-0.047,14.1,47.98,-20.69
318172.140000,1.02,-0.16,0.031,25.64,51.09,-11.57
318172.156000,1.028,-0.127,0.151,32.53,52.22,-5.34
318172.156000,1.009,-0.106,0.189,35.43,49.93,-0.03
318172.171000,1.023,-0.181,0.156,35.0,48.04,6.47
318172.171000,1.071,-0.25,0.166,28.08,45.75,5.19
318172.187000,1.084,-0.245,0.162,16.51,39.98,-2.35
318172.203000,1.099,-0.211,0.156,7.11,36.13,-10.19
318172.203000,1.109,-0.165,0.152,0.85,34.7,-17.46
318172.218000,1.1,-0.103,0.124,-2.93,35.95,-22.4
318172.234000,1.103,-0.056,0.075,-6.47,39.52,-22.86
318172.234000,1.11,-0.036,0.076,-11.41,43.95,-19.47
318172.250000,1.11,-0.058,0.138,-13.09,49.32,-12.33
318172.250000,1.1,-0.094,0.207,-9.55,53.71,-4.64
318172.265000,1.09,-0.13,0.212,-1.46,56.89,1.98
318172.281000,1.098,-0.155,0.212,5.92,61.1,4.91
318172.281000,1.076,-0.128,0.213,7.84,65.43,2.2
318172.296000,1.03,-0.081,0.213,1.92,69.0,-0.82
318172.312000,0.991,-0.067,0.231,-9.03,72.3,-1.56
318172.312000,0.95,-0.094,0.286,-20.57,74.31,-1.25
318172.312000,0.92,-0.146,0.349,-25.91,74.34,-1.46
318172.343000,0.917,-0.178,0.409,-24.23,72.08,-3.54
318172.343000,0.919,-0.179,0.447,-16.36,68.91,-7.17
318172.359000,0.917,-0.162,0.453,-8.18,64.94,-12.63
318172.359000,0.907,-0.143,0.452,-4.97,60.34,-19.07
318172.375000,0.9,-0.128,0.452,-7.29,54.69,-25.82
318172.390000,0.892,-0.111,0.413,-14.22,48.59,-31.56
318172.406000,0.883,-0.066,0.377,-26.8,43.7,-34.79
318172.406000,0.884,-0.043,0.396,-36.81,41.63,-33.11
318172.421000,0.888,-0.046,0.449,-39.34,39.8,-28.29
318172.421000,0.876,-0.061,0.465,-36.07,35.07,-21.76
318172.437000,0.865,-0.075,0.464,-29.97,30.06,-14.16
318172.453000,0.864,-0.092,0.466,-24.02,24.93,-6.35
318172.453000,0.874,-0.114,0.468,-18.65,19.62,1.19
318172.468000,0.879,-0.141,0.447,-14.28,14.53,6.65
318172.484000,0.895,-0.166,0.41,-13.12,9.92,10.74
318172.484000,0.918,-0.191,0.386,-14.5,7.02,12.63
318172.500000,0.928,-0.218,0.378,-16.42,5.46,12.02
318172.515000,0.924,-0.226,0.367,-18.22,3.6,9.61
318172.515000,0.93,-0.24,0.357,-16.57,2.84,6.71
318172.515000,0.946,-0.254,0.337,-11.05,4.09,3.51
318172.546000,0.94,-0.24,0.321,-5.89,5.74,-0.98
318172.546000,0.937,-0.225,0.312,-2.38,7.93,-3.81
318172.562000,0.94,-0.217,0.324,-0.61,10.04,-5.25
318172.562000,0.937,-0.199,0.339,0.52,10.47,-6.04
318172.578000,0.931,-0.185,0.349,2.66,10.1,-5.52
318172.578000,0.927,-0.178,0.347,5.31,8.67,-4.58
318172.593000,0.928,-0.163,0.329,6.59,6.23,-3.14
318172.609000,0.924,-0.136,0.319,6.04,4.12,-2.41
318172.625000,0.922,-0.118,0.303,4.73,2.38,-1.4
318172.625000,0.923,-0.12,0.293,3.97,0.95,0.4
318172.640000,0.92,-0.121,0.289,4.15,-0.85,1.71
318172.656000,0.92,-0.139,0.266,5.83,-2.59,3.97
318172.656000,0.933,-0.16,0.258,8.24,-2.72,5.4
318172.671000,0.934,-0.158,0.255,8.85,-3.11,4.88
318172.671000,0.939,-0.174,0.233,8.09,-4.18,4.88
318172.687000,0.955,-0.2,0.228,8.06,-3.94,4.03
318172.703000,0.954,-0.198,0.221,7.2,-4.39,-1.28
318172.703000,0.951,-0.186,0.201,6.35,-3.94,-2.35
318172.718000,0.957,-0.174,0.195,6.07,-2.93,-2.59
318172.718000,0.956,-0.161,0.194,6.41,-1.59,-1.34
318172.734000,0.958,-0.147,0.194,7.63,0.03,0.03
318172.750000,0.959,-0.135,0.204,8.33,0.34,1.37
318172.765000,0.965,-0.132,0.193,7.69,0.18,2.56
318172.765000,0.967,-0.134,0.197,6.13,0.52,2.72
318172.781000,0.964,-0.132,0.202,4.64,0.85,2.11
318172.781000,0.962,-0.131,0.197,3.39,1.13,1.89
318172.796000,0.96,-0.135,0.201,2.2,1.8,2.26
318172.812000,0.951,-0.137,0.211,1.04,2.69,3.02
318172.812000,0.949,-0.148,0.224,0.92,3.45,4.64
318172.828000,0.952,-0.158,0.234,1.31,3.81,5.68
318172.843000,0.949,-0.163,0.234,1.25,3.23,5.58
318172.843000,0.947,-0.168,0.232,1.07,2.41,4.97
318172.859000,0.948,-0.174,0.23,0.58,1.95,3.97
318172.875000,0.939,-0.17,0.234,-0.82,1.77,2.04
318172.875000,0.934,-0.165,0.231,-2.62,1.28,0.4
318172.890000,0.933,-0.17,0.231,-4.15,1.1,-0.46
318172.906000,0.933,-0.176,0.235,-4.43,1.04,-0.64
318172.906000,0.933,-0.177,0.244,-2.87,0.98,0.18
318172.921000,0.933,-0.175,0.25,-0.12,0.55,1.19
318172.921000,0.937,-0.169,0.245,2.08,-0.37,2.41
318172.937000,0.945,-0.161,0.237,2.84,-1.01,3.45
318172.953000,0.946,-0.156,0.23,2.47,-1.04,3.75
318172.953000,0.941,-0.154,0.229,1.5,-0.79,3.81
318172.968000,0.938,-0.167,0.225,0.34,-0.58,4.67
318172.984000,0.936,-0.181,0.231,-0.03,-0.34,4.85
318173.000000,0.934,-0.179,0.242,0.67,-0.52,4.64
318173.000000,0.933,-0.179,0.238,1.5,-1.31,4.79
318173.015000,0.936,-0.176,0.237,1.53,-2.08,4.76
318173.015000,0.93,-0.165,0.244,1.13,-2.9,4.03
318173.031000,0.928,-0.171,0.233,1.19,-4.06,4.06
318173.046000,0.944,-0.188,0.229,1.77,-4.12,3.94
318173.046000,0.953,-0.176,0.217,0.76,-4.67,1.74
318173.062000,0.965,-0.167,0.192,-0.95,-5.25,0.85
318173.062000,0.986,-0.173,0.192,-1.34,-3.57,1.19
318173.078000,0.985,-0.16,0.203,-1.8,-1.83,0.31
318173.093000,0.981,-0.154,0.2,-1.86,-1.13,0.58
318173.093000,0.989,-0.16,0.203,-1.77,0.43,1.4
318173.109000,0.976,-0.15,0.212,-2.41,1.68,0.98
318173.125000,0.962,-0.145,0.217,-2.93,2.53,1.56
318173.125000,0.96,-0.164,0.224,-2.69,3.66,3.36
318173.140000,0.953,-0.179,0.239,-2.56,4.49,4.18
318173.140000,0.937,-0.172,0.264,-2.56,4.52,3.75
318173.156000,0.923,-0.18,0.271,-2.17,3.66,4.43
318173.171000,0.93,-0.207,0.275,-1.16,3.05,5.77
318173.171000,0.925,-0.212,0.287,0.06,2.59,4.61
318173.187000,0.917,-0.214,0.283,1.46,1.5,3.88
318173.203000,0.925,-0.223,0.279,2.62,0.52,3.85
318173.218000,0.93,-0.217,0.277,3.11,-0.4,2.41
318173.218000,0.929,-0.204,0.268,3.85,-1.22,0.85
318173.234000,0.93,-0.207,0.254,5.62,-1.34,1.28
318173.234000,0.939,-0.209,0.254,7.75,-0.79,2.38
318173.250000,0.931,-0.185,0.253,8.73,-0.85,2.32
318173.250000,0.928,-0.175,0.244,9.4,-0.67,3.72
318173.265000,0.935,-0.186,0.248,10.28,0.15,5.58
318173.281000,0.942,-0.197,0.251,11.2,-0.24,5.95
318173.281000,0.949,-0.196,0.234,11.75,-1.25,5.04
318173.296000,0.944,-0.182,0.233,12.21,-1.04,3.48
318173.312000,0.942,-0.179,0.226,11.75,-0.98,2.93
318173.312000,0.942,-0.188,0.222,10.56,-1.22,3.42
318173.328000,0.943,-0.192,0.238,10.99,-1.13,4.7
318173.343000,0.943,-0.18,0.236,12.76,-1.71,5.62
318173.343000,0.942,-0.17,0.22,14.01,-2.2,7.48
318173.359000,0.948,-0.168,0.222,13.49,-2.01,9.25
318173.375000,0.951,-0.161,0.238,12.27,-1.25,9.43
318173.375000,0.947,-0.15,0.255,11.51,-0.34,8.61
318173.390000,0.941,-0.147,0.282,10.96,0.89,7.84
318173.406000,0.938,-0.154,0.339,9.43,1.31,7.72
318173.421000,0.932,-0.173,0.414,8.91,0.31,8.85
318173.421000,0.898,-0.215,0.501,12.18,-1.62,13.43
318173.421000,0.868,-0.279,0.594,19.87,-2.96,20.14
318173.437000,0.848,-0.323,0.62,29.94,-4.12,23.87
318173.453000,0.812,-0.297,0.652,38.3,-3.78,21.27
318173.453000,0.764,-0.246,0.671,43.61,-5.95,15.59
318173.468000,0.713,-0.188,0.666,42.27,-11.81,8.18
318173.484000,0.662,-0.13,0.681,37.84,-18.4,0.76
318173.484000,0.612,-0.098,0.697,33.72,-27.04,-2.38
318173.500000,0.58,-0.101,0.708,32.17,-37.26,0.18
318173.515000,0.572,-0.127,0.732,34.58,-47.73,7.11
318173.515000,0.571,-0.16,0.737,40.89,-59.6,17.4
318173.531000,0.577,-0.193,0.728,48.89,-73.12,28.32
318173.546000,0.614,-0.233,0.698,57.68,-87.92,36.04
318173.546000,0.665,-0.219,0.647,59.63,-106.2,35.65
318173.562000,0.709,-0.161,0.598,53.19,-126.22,29.15
318173.562000,0.746,-0.123,0.457,44.62,-143.01,22.43
318173.578000,0.761,-0.109,0.299,34.7,-149.27,15.56
318173.593000,0.802,-0.119,0.19,24.2,-146.82,9.52
318173.593000,0.866,-0.128,0.104,12.24,-143.41,3.2
318173.593000,0.938,-0.097,0.042,-0.18,-140.39,-4.06
318173.609000,1.019,-0.053,-0.012,-9.58,-135.26,-11.87
318173.609000,1.089,-0.008,-0.059,-17.33,-127.02,-20.2
318173.625000,1.135,0.027,-0.079,-24.81,-116.92,-26.31
318173.640000,1.17,0.021,-0.124,-29.48,-107.64,-26.55
318173.656000,1.204,0.01,-0.165,-30.24,-97.87,-22.71
318173.671000,1.202,0.014,-0.188,-30.46,-89.21,-15.47
318173.687000,1.184,0.017,-0.211,-28.99,-80.02,-5.07
318173.687000,1.177,0.027,-0.194,-26.67,-70.01,4.88
318173.703000,1.171,0.049,-0.182,-27.04,-62.44,11.75
318173.703000,1.161,0.078,-0.173,-34.36,-57.47,14.86
318173.718000,1.136,0.074,-0.136,-46.57,-53.47,16.3
318173.734000,1.109,-0.023,-0.08,-53.22,-53.13,24.93
318173.734000,1.113,-0.207,-0.075,-44.8,-58.9,44.31
318173.750000,1.168,-0.362,-0.107,-22.43,-65.55,65.31
318173.765000,1.237,-0.392,-0.21,0.09,-70.56,77.97
318173.765000,1.282,-0.337,-0.354,9.55,-70.5,79.29
318173.781000,1.337,-0.255,-0.445,-1.77,-62.78,69.15
318173.781000,1.353,-0.159,-0.439,-30.73,-50.63,50.17
318173.796000,1.297,-0.102,-0.37,-61.4,-35.19,30.46
318173.812000,1.195,-0.088,-0.252,-85.12,-19.96,14.59
318173.828000,1.07,-0.099,-0.157,-99.98,-13.21,6.56
318173.828000,0.948,-0.1,-0.103,-103.7,-16.02,8.09
318173.828000,0.81,-0.11,-0.14,-99.67,-27.74,19.53
318173.843000,0.716,-0.158,-0.231,-87.68,-42.15,41.02
318173.859000,0.676,-0.174,-0.287,-75.56,-57.19,62.38
318173.859000,0.668,-0.152,-0.357,-69.77,-73.64,76.48
318173.875000,0.668,-0.139,-0.439,-70.19,-87.37,82.64
318173.875000,0.605,-0.145,-0.527,-75.99,-95.28,81.09
318173.890000,0.5,-0.19,-0.599,-82.25,-97.11,77.43
318173.906000,0.44,-0.28,-0.609,-87.16,-99.19,75.96
318173.906000,0.411,-0.393,-0.626,-89.75,-109.2,74.16
318173.921000,0.476,-0.466,-0.656,-88.53,-122.65,67.9
318173.937000,0.536,-0.444,-0.715,-86.18,-133.58,53.07
318173.937000,0.568,-0.341,-0.812,-89.24,-140.02,32.2
318173.953000,0.55,-0.217,-0.896,-100.56,-140.29,12.27
318173.968000,0.498,-0.148,-0.918,-114.02,-134.46,-0.18
318173.984000,0.48,-0.185,-0.896,-119.42,-125.55,-1.95
318173.984000,0.483,-0.278,-0.881,-114.44,-118.75,4.49
318173.984000,0.521,-0.332,-0.913,-103.18,-113.16,10.38
318174.000000,0.551,-0.314,-0.998,-90.88,-107.06,11.99
318174.000000,0.58,-0.28,-1.09,-81.67,-98.57,13.89
318174.015000,0.603,-0.287,-1.148,-75.75,-86.49,17.27
318174.031000,0.621,-0.337,-1.132,-69.12,-69.09,20.94
318174.031000,0.647,-0.411,-1.059,-58.69,-50.08,23.22
318174.062000,0.667,-0.446,-0.997,-45.2,-34.46,21.09
318174.062000,0.669,-0.425,-0.967,-32.26,-22.43,16.51
318174.078000,0.666,-0.384,-0.944,-21.91,-10.77,12.33
318174.093000,0.672,-0.367,-0.906,-14.28,-0.34,9.55
318174.093000,0.688,-0.374,-0.864,-8.82,8.18,7.11
318174.109000,0.684,-0.361,-0.833,-4.39,15.17,2.78
318174.125000,0.667,-0.321,-0.799,-0.82,21.18,-2.08
318174.125000,0.649,-0.295,-0.759,2.69,25.82,-4.52
318174.140000,0.657,-0.291,-0.7,7.08,30.43,-5.52
318174.140000,0.671,-0.274,-0.638,10.47,33.63,-7.75
318174.156000,0.676,-0.243,-0.608,10.53,33.45,-11.51
318174.156000,0.675,-0.206,-0.604,6.2,30.7,-15.59
318174.171000,0.673,-0.179,-0.588,-0.64,26.58,-18.68
318174.187000,0.675,-0.18,-0.575,-5.89,22.06,-20.63
318174.187000,0.676,-0.184,-0.57,-8.21,17.37,-21.24
318174.203000,0.685,-0.177,-0.575,-8.42,13.28,-20.66
318174.218000,0.694,-0.147,-0.588,-7.17,10.35,-19.1
318174.234000,0.68,-0.121,-0.6,-5.34,8.39,-15.26
318174.250000,0.667,-0.129,-0.604,-2.53,8.15,-7.9
318174.250000,0.678,-0.162,-0.579,1.77,9.03,0.12
318174.250000,0.695,-0.184,-0.569,5.4,8.42,5.37
318174.265000,0.713,-0.186,-0.576,6.2,5.43,6.96
318174.281000,0.715,-0.185,-0.595,4.36,5.8,5.25
318174.281000,0.699,-0.192,-0.601,2.29,6.62,3.81
318174.296000,0.694,-0.216,-0.592,0.98,6.99,1.65
318174.312000,0.694,-0.236,-0.576,1.1,6.44,-0.79
318174.312000,0.698,-0.24,-0.568,1.89,5.62,-2.84
318174.312000,0.711,-0.207,-0.592,2.2,5.55,-4.46
318174.343000,0.708,-0.187,-0.589,1.59,6.47,-5.4
318174.343000,0.72,-0.196,-0.568,1.92,7.54,-4.58
318174.359000,0.732,-0.201,-0.566,2.99,7.11,-4.12
318174.359000,0.726,-0.198,-0.583,2.56,5.19,-4.33
318174.375000,0.737,-0.2,-0.59,2.2,4.46,-4.46
318174.390000,0.748,-0.2,-0.593,2.23,4.39,-5.16
318174.390000,0.748,-0.195,-0.596,2.29,4.58,-5.37
318174.406000,0.755,-0.188,-0.585,2.11,4.88,-5.19
318174.406000,0.746,-0.181,-0.585,1.68,4.24,-4.18
318174.421000,0.74,-0.178,-0.579,2.04,3.75,-2.11
318174.437000,0.743,-0.183,-0.567,3.66,3.45,0.67
318174.437000,0.74,-0.185,-0.566,5.28,2.32,3.08
318174.453000,0.742,-0.185,-0.563,5.95,0.92,5.62
318174.453000,0.755,-0.196,-0.559,6.29,-0.89,8.06
318174.468000,0.763,-0.206,-0.57,6.01,-2.9,8.91
318174.468000,0.765,-0.209,-0.585,5.46,-3.97,8.18
318174.500000,0.769,-0.215,-0.6,4.67,-3.42,7.08
318174.515000,0.774,-0.223,-0.606,3.27,-2.32,5.71
318174.515000,0.776,-0.225,-0.604,2.17,-1.4,3.94
318174.531000,0.766,-0.223,-0.608,1.71,-0.98,2.23
318174.546000,0.758,-0.224,-0.602,1.43,-0.09,1.4
318174.546000,0.755,-0.226,-0.588,1.77,0.61,1.07
318174.562000,0.75,-0.23,-0.588,2.17,0.0,0.98
318174.562000,0.751,-0.23,-0.586,2.14,-0.79,0.7
318174.578000,0.761,-0.226,-0.59,2.11,-1.71,0.03
318174.593000,0.759,-0.217,-0.604,1.43,-2.5,-0.58
318174.593000,0.763,-0.218,-0.598,0.89,-1.56,-0.61
318174.609000,0.777,-0.221,-0.59,0.79,-0.64,-0.85
318174.609000,0.774,-0.213,-0.594,0.09,-0.55,-1.95
318174.625000,0.77,-0.203,-0.593,-0.58,-0.15,-2.62
318174.640000,0.768,-0.202,-0.596,-1.34,0.06,-2.26
318174.640000,0.771,-0.2,-0.586,-2.01,0.31,-1.34
318174.656000,0.77,-0.202,-0.586,-1.59,0.03,-0.03
318174.671000,0.766,-0.205,-0.596,-0.64,-0.34,1.4
318174.671000,0.765,-0.202,-0.599,-0.21,-0.31,2.59
318174.687000,0.768,-0.2,-0.6,-0.58,-0.31,3.36
318174.687000,0.768,-0.202,-0.606,-1.28,0.15,3.57
318174.703000,0.766,-0.207,-0.602,-2.08,1.22,3.45
318174.718000,0.766,-0.215,-0.596,-2.59,1.83,3.51
318174.718000,0.764,-0.219,-0.596,-2.75,1.83,3.05
318174.734000,0.756,-0.218,-0.602,-2.81,1.62,2.5
318174.734000,0.759,-0.217,-0.602,-3.14,1.56,2.2
318174.765000,0.761,-0.215,-0.608,-3.11,1.5,2.14
318174.765000,0.753,-0.213,-0.614,-2.47,1.95,2.62
318174.765000,0.75,-0.216,-0.605,-1.04,3.36,3.66
318174.796000,0.747,-0.223,-0.597,0.67,4.09,4.94
318174.796000,0.747,-0.226,-0.593,1.74,4.49,5.68
318174.796000,0.752,-0.225,-0.586,1.86,4.3,5.52
318174.812000,0.756,-0.222,-0.592,1.16,3.75,4.43
318174.828000,0.752,-0.219,-0.597,0.43,3.66,3.17
318174.828000,0.75,-0.228,-0.594,0.15,4.18,2.38
318174.843000,0.751,-0.233,-0.585,0.34,4.39,1.56
318174.843000,0.748,-0.227,-0.585,0.43,4.03,0.43
318174.875000,0.747,-0.22,-0.589,-0.18,4.09,0.0
318174.875000,0.753,-0.221,-0.585,-0.92,4.46,-0.03
318174.890000,0.757,-0.22,-0.577,-1.56,4.49,-0.37
318174.906000,0.751,-0.217,-0.576,-1.71,4.0,-0.4
318174.906000,0.748,-0.217,-0.569,-0.92,3.94,0.52
318174.921000,0.754,-0.221,-0.567,0.61,3.51,2.04
318174.921000,0.752,-0.215,-0.578,1.74,2.69,3.2
318174.937000,0.746,-0.213,-0.584,2.26,2.87,4.49
318174.953000,0.751,-0.226,-0.574,2.78,3.72,6.07
318174.953000,0.755,-0.242,-0.567,3.14,3.48,6.56
318174.968000,0.753,-0.246,-0.57,2.75,2.87,5.34
318174.984000,0.751,-0.238,-0.572,1.89,2.38,3.63
318174.984000,0.749,-0.23,-0.574,0.7,1.89,1.89
318175.000000,0.746,-0.229,-0.575,-0.89,1.83,0.61
318175.000000,0.741,-0.231,-0.565,-1.8,1.74,0.27
318175.015000,0.741,-0.237,-0.555,-1.74,1.01,0.52
318175.031000,0.746,-0.239,-0.558,-0.82,-0.18,1.1
318175.031000,0.755,-0.233,-0.567,0.03,-1.34,1.19
318175.046000,0.759,-0.22,-0.586,-0.21,-1.8,1.13
318175.062000,0.756,-0.211,-0.591,-0.7,-0.61,1.5
318175.062000,0.751,-0.222,-0.578,-0.27,0.79,3.05
318175.078000,0.754,-0.241,-0.571,1.4,1.04,4.58
318175.093000,0.752,-0.245,-0.573,2.9,0.43,4.91
318175.093000,0.755,-0.242,-0.576,3.66,-0.31,4.94
318175.109000,0.76,-0.243,-0.585,3.75,-0.79,4.58
318175.125000,0.76,-0.242,-0.591,2.93,-0.73,3.51
318175.125000,0.758,-0.238,-0.586,1.5,-0.18,2.87
318175.140000,0.757,-0.243,-0.578,1.16,0.43,2.9
318175.140000,0.76,-0.25,-0.575,1.74,0.58,3.2
318175.156000,0.764,-0.256,-0.573,2.17,0.64,2.99
318175.156000,0.762,-0.251,-0.577,2.04,0.27,2.01
318175.171000,0.762,-0.248,-0.58,1.5,-0.09,1.28
318175.187000,0.764,-0.252,-0.579,1.22,-0.12,1.07
318175.187000,0.763,-0.251,-0.577,1.4,0.03,0.79
318175.203000,0.766,-0.249,-0.578,2.04,0.15,0.49
318175.218000,0.767,-0.245,-0.582,2.44,0.12,0.52
318175.234000,0.761,-0.24,-0.587,2.17,0.24,0.37
318175.234000,0.758,-0.244,-0.582,1.68,0.52,0.27
318175.250000,0.761,-0.251,-0.581,1.71,0.46,0.12
318175.250000,0.76,-0.248,-0.582,1.77,0.46,-0.52
318175.265000,0.756,-0.24,-0.585,1.65,0.61,-0.85
318175.265000,0.761,-0.235,-0.582,1.62,1.19,-0.98
318175.281000,0.76,-0.231,-0.587,1.1,1.31,-1.07
318175.296000,0.756,-0.229,-0.582,0.7,1.37,-0.92
318175.296000,0.758,-0.234,-0.571,1.16,1.62,-0.4
318175.312000,0.754,-0.232,-0.576,1.68,1.5,-0.09
318175.328000,0.745,-0.23,-0.58,1.8,1.34,0.0
318175.343000,0.743,-0.236,-0.573,1.74,1.4,0.4
318175.343000,0.745,-0.243,-0.571,2.08,0.89,0.43
318175.343000,0.744,-0.24,-0.576,2.04,0.4,-0.12
318175.359000,0.743,-0.234,-0.58,1.83,0.52,-0.64
318175.375000,0.746,-0.23,-0.578,1.83,0.98,-0.61
318175.375000,0.749,-0.226,-0.576,1.8,1.31,-0.7
318175.390000,0.754,-0.226,-0.565,1.34,1.65,-0.61
318175.390000,0.77,-0.229,-0.56,1.19,1.34,-0.34
318175.421000,0.782,-0.224,-0.573,1.13,0.24,-0.55
318175.437000,0.794,-0.213,-0.591,0.98,-0.61,-0.52
318175.437000,0.806,-0.214,-0.605,1.22,-0.4,0.49
318175.453000,0.817,-0.222,-0.619,2.35,0.55,1.62
318175.453000,0.835,-0.233,-0.624,4.3,2.47,2.62
318175.468000,0.839,-0.246,-0.626,5.95,5.01,2.87
318175.484000,0.828,-0.256,-0.633,6.59,8.15,1.83
318175.484000,0.799,-0.258,-0.626,6.16,12.12,-0.4
318175.500000,0.774,-0.267,-0.589,5.46,15.96,-2.75
318175.515000,0.771,-0.275,-0.55,4.82,17.0,-5.43
318175.515000,0.773,-0.265,-0.537,3.17,14.89,-8.94
318175.531000,0.769,-0.24,-0.538,0.31,12.42,-11.96
318175.546000,0.775,-0.229,-0.532,-2.23,10.93,-13.58
318175.546000,0.777,-0.226,-0.533,-4.03,9.92,-14.19
318175.562000,0.778,-0.223,-0.542,-5.25,9.37,-14.22
318175.562000,0.781,-0.218,-0.548,-5.86,9.28,-13.49
318175.578000,0.779,-0.213,-0.549,-5.68,9.0,-11.05
318175.593000,0.774,-0.222,-0.549,-4.15,9.25,-7.69
318175.593000,0.772,-0.232,-0.547,-1.8,9.25,-4.67
318175.609000,0.77,-0.234,-0.545,0.34,8.64,-2.23
318175.609000,0.77,-0.237,-0.541,2.47,7.93,0.15
318175.625000,0.772,-0.245,-0.543,4.79,7.51,2.32
318175.640000,0.773,-0.249,-0.543,6.29,7.29,3.33
318175.640000,0.77,-0.245,-0.546,6.38,7.08,3.23
318175.656000,0.767,-0.247,-0.552,5.92,7.45,2.44
318175.671000,0.766,-0.244,-0.546,4.91,8.27,1.01
318175.671000,0.754,-0.239,-0.543,3.45,8.0,-0.21
318175.687000,0.744,-0.245,-0.531,2.14,7.63,-0.98
318175.687000,0.743,-0.254,-0.523,1.46,7.08,-1.62
318175.703000,0.746,-0.254,-0.52,1.77,5.58,-2.59
318175.718000,0.75,-0.241,-0.524,1.92,4.09,-4.0
318175.718000,0.754,-0.22,-0.532,1.01,2.72,-5.16
318175.734000,0.761,-0.206,-0.533,-0.85,2.04,-5.62
318175.750000,0.763,-0.197,-0.527,-2.38,1.83,-5.07
318175.765000,0.765,-0.202,-0.522,-2.47,1.62,-3.69
318175.765000,0.766,-0.197,-0.523,-1.89,1.25,-2.38
318175.781000,0.762,-0.19,-0.525,-1.37,0.95,-0.7
318175.796000,0.759,-0.189,-0.522,-0.95,0.79,1.19
318175.796000,0.763,-0.2,-0.514,-1.28,-0.06,2.99
318175.812000,0.77,-0.214,-0.514,-1.1,-1.37,4.09
318175.812000,0.769,-0.221,-0.523,-0.03,-2.56,4.52
318175.828000,0.77,-0.223,-0.524,0.55,-3.05,4.67
318175.843000,0.777,-0.223,-0.535,0.43,-3.54,4.24
318175.843000,0.781,-0.22,-0.546,-0.18,-2.08,2.44
318175.859000,0.777,-0.215,-0.547,0.09,-1.01,2.23
318175.875000,0.768,-0.215,-0.538,0.27,-0.98,2.41
318175.875000,0.763,-0.217,-0.532,0.24,-1.98,2.56
318175.890000,0.765,-0.218,-0.529,-0.31,-3.17,2.53
318175.906000,0.768,-0.216,-0.537,-0.98,-3.91,2.99
318175.906000,0.776,-0.224,-0.535,-1.31,-4.33,3.33
318175.921000,0.781,-0.22,-0.543,-1.22,-4.97,3.2
318175.937000,0.783,-0.212,-0.543,-0.95,-5.04,3.54
318175.937000,0.782,-0.214,-0.543,-0.58,-4.94,4.43
318175.953000,0.782,-0.222,-0.552,-0.12,-4.88,5.43
318175.953000,0.785,-0.226,-0.556,0.09,-4.46,5.86
318175.968000,0.786,-0.233,-0.558,0.09,-3.85,6.07
318175.984000,0.79,-0.245,-0.562,0.76,-3.08,6.44
318175.984000,0.793,-0.256,-0.566,1.37,-2.38,5.86
318176.000000,0.797,-0.252,-0.566,1.53,-1.68,4.46
318176.015000,0.797,-0.245,-0.567,0.85,-1.07,2.81
318176.015000,0.795,-0.24,-0.566,0.03,-0.03,1.5
318176.015000,0.79,-0.242,-0.552,-0.49,0.79,1.07
318176.031000,0.788,-0.25,-0.543,-0.27,0.67,0.95
318176.046000,0.792,-0.252,-0.541,0.55,-0.06,0.89
318176.046000,0.792,-0.248,-0.552,1.65,-0.79,1.04
318176.062000,0.794,-0.243,-0.56,1.74,-0.85,1.07
318176.078000,0.795,-0.24,-0.563,1.1,-0.27,0.73
318176.078000,0.79,-0.24,-0.557,0.49,0.21,0.73
318176.093000,0.788,-0.244,-0.553,0.55,0.46,1.19
318176.093000,0.784,-0.247,-0.555,0.92,0.24,1.86
318176.125000,0.788,-0.247,-0.555,1.62,0.7,2.62
318176.125000,0.791,-0.249,-0.552,2.5,1.1,2.93
318176.125000,0.785,-0.25,-0.562,3.08,1.62,2.59
318176.140000,0.784,-0.25,-0.56,2.56,2.62,2.11
318176.156000,0.779,-0.254,-0.551,2.29,3.17,1.95
318176.171000,0.775,-0.262,-0.546,2.59,3.11,1.65
318176.171000,0.774,-0.262,-0.543,2.53,2.29,0.76
318176.171000,0.777,-0.258,-0.542,2.32,1.31,0.0
318176.203000,0.781,-0.251,-0.55,2.17,0.73,-0.58
318176.203000,0.78,-0.244,-0.555,1.95,0.64,-0.67
318176.218000,0.785,-0.242,-0.546,1.43,1.04,-0.55
318176.218000,0.783,-0.245,-0.551,1.13,0.73,-0.49
318176.234000,0.781,-0.248,-0.56,1.46,0.61,-0.06
318176.234000,0.784,-0.248,-0.564,1.83,1.31,0.67
318176.265000,0.784,-0.248,-0.554,2.72,2.41,1.34
318176.265000,0.784,-0.25,-0.557,3.72,2.72,1.71
318176.281000,0.782,-0.25,-0.56,3.45,3.11,1.34
318176.296000,0.777,-0.248,-0.547,2.93,4.15,0.95
318176.296000,0.777,-0.254,-0.534,3.17,4.21,1.16
318176.312000,0.776,-0.261,-0.531,3.3,3.11,1.01
318176.312000,0.781,-0.258,-0.538,3.27,2.08,0.4
318176.328000,0.785,-0.252,-0.542,2.84,1.68,-0.12
318176.343000,0.787,-0.251,-0.546,2.5,1.77,-0.21
318176.343000,0.784,-0.255,-0.544,2.75,2.35,-0.27
318176.359000,0.787,-0.259,-0.538,3.17,2.93,-0.4
318176.375000,0.786,-0.256,-0.541,3.36,3.05,-0.67
318176.375000,0.777,-0.252,-0.541,3.45,3.33,-0.95
318176.390000,0.771,-0.251,-0.535,3.11,3.63,-0.89
318176.406000,0.768,-0.256,-0.527,2.9,3.66,-0.61
318176.406000,0.765,-0.26,-0.52,3.02,3.33,-0.43
318176.421000,0.767,-0.264,-0.519,3.6,2.29,-0.18
318176.421000,0.769,-0.264,-0.525,4.06,0.92,0.12
318176.437000,0.771,-0.258,-0.534,3.91,0.34,-0.27
318176.437000,0.774,-0.251,-0.536,2.84,0.61,-1.01
318176.453000,0.776,-0.249,-0.527,1.5,1.04,-1.77
318176.468000,0.776,-0.245,-0.523,0.12,0.82,-2.75
318176.484000,0.777,-0.238,-0.518,-1.04,0.37,-3.69
318176.484000,0.775,-0.234,-0.516,-1.22,-0.03,-3.66
318176.500000,0.774,-0.23,-0.522,-0.92,-0.34,-2.93
318176.515000,0.771,-0.231,-0.532,-0.31,-0.76,-1.71
318176.515000,0.774,-0.239,-0.539,0.85,-0.7,0.24
318176.531000,0.781,-0.243,-0.541,2.2,-0.43,1.59
318176.531000,0.782,-0.238,-0.544,2.93,0.03,1.86
318176.531000,0.782,-0.23,-0.545,2.47,0.92,1.74
318176.562000,0.777,-0.23,-0.539,1.04,1.62,1.04
318176.562000,0.774,-0.231,-0.525,-0.85,1.71,0.0
318176.578000,0.774,-0.235,-0.518,-2.04,0.98,-0.95
318176.593000,0.769,-0.234,-0.521,-2.41,-0.31,-1.43
318176.593000,0.772,-0.232,-0.524,-2.44,-1.46,-1.13
318176.609000,0.776,-0.227,-0.532,-2.5,-2.32,-0.37
318176.625000,0.777,-0.227,-0.537,-2.08,-2.47,1.01
318176.625000,0.78,-0.231,-0.534,-1.43,-2.41,2.26
318176.640000,0.785,-0.233,-0.53,-1.04,-2.59,2.9
318176.640000,0.79,-0.23,-0.531,-1.07,-3.05,3.08
318176.656000,0.786,-0.231,-0.54,-0.85,-3.08,3.14
318176.671000,0.785,-0.237,-0.544,-0.73,-2.99,3.63
318176.671000,0.787,-0.248,-0.553,-1.04,-3.14,3.78
318176.687000,0.786,-0.25,-0.558,-1.28,-2.62,3.39
318176.703000,0.787,-0.252,-0.56,-1.25,-1.59,2.81
318176.703000,0.788,-0.255,-0.557,-1.53,-0.73,2.2
318176.718000,0.788,-0.255,-0.553,-2.23,-0.76,1.62
318176.734000,0.785,-0.255,-0.553,-2.44,-0.89,1.4
318176.734000,0.784,-0.258,-0.552,-1.56,-0.58,1.74
318176.750000,0.783,-0.262,-0.548,-0.12,-0.64,2.32
318176.765000,0.783,-0.26,-0.549,1.04,-0.92,2.87
318176.765000,0.783,-0.258,-0.553,1.89,-1.04,3.17
318176.781000,0.783,-0.258,-0.549,2.2,-0.98,2.99
318176.781000,0.783,-0.259,-0.548,2.11,-1.1,2.47
318176.796000,0.782,-0.254,-0.553,1.43,-1.28,2.01
318176.812000,0.78,-0.25,-0.548,0.55,-0.89,1.68
318176.812000,0.778,-0.255,-0.539,0.58,-0.49,1.95
318176.828000,0.778,-0.26,-0.532,1.01,-0.55,2.35
318176.843000,0.78,-0.261,-0.53,1.22,-1.1,2.14
318176.843000,0.779,-0.255,-0.536,1.07,-1.83,1.46
318176.859000,0.776,-0.249,-0.539,0.37,-2.2,1.01
318176.875000,0.773,-0.248,-0.538,-0.12,-2.32,1.4
318176.875000,0.779,-0.251,-0.543,0.55,-2.08,2.56
318176.890000,0.778,-0.249,-0.547,0.95,-1.34,3.02
318176.890000,0.774,-0.244,-0.533,0.12,-0.92,3.02
318176.906000,0.772,-0.25,-0.533,0.09,-1.43,3.78
318176.906000,0.775,-0.252,-0.532,0.34,-1.83,4.27
318176.921000,0.76,-0.254,-0.532,0.76,-1.98,4.49
318176.937000,0.754,-0.262,-0.53,1.62,-1.92,5.31
318176.953000,0.758,-0.268,-0.53,2.69,-2.32,6.1
318176.953000,0.763,-0.274,-0.539,3.66,-3.27,6.62
318176.968000,0.767,-0.277,-0.553,3.57,-3.45,6.01
318176.968000,0.772,-0.273,-0.565,2.56,-2.2,4.21
318177.000000,0.764,-0.263,-0.568,0.85,-0.34,2.01
318177.000000,0.753,-0.267,-0.555,-0.58,1.53,0.49
318177.015000,0.749,-0.279,-0.54,-0.7,2.35,-0.06
318177.015000,0.75,-0.286,-0.529,-0.12,1.89,-0.67
318177.015000,0.757,-0.277,-0.527,0.03,0.76,-1.8
318177.031000,0.756,-0.26,-0.535,-0.4,-0.49,-2.93
318177.031000,0.76,-0.245,-0.541,-1.46,-0.98,-3.75
318177.062000,0.765,-0.236,-0.528,-2.53,-0.92,-4.15
318177.062000,0.765,-0.234,-0.526,-3.72,-1.4,-4.03
318177.078000,0.768,-0.228,-0.525,-5.19,-1.68,-4.03
318177.093000,0.763,-0.221,-0.517,-6.35,-2.29,-3.54
318177.093000,0.76,-0.226,-0.516,-5.83,-3.48,-1.92
318177.109000,0.764,-0.232,-0.518,-4.97,-4.79,-0.12
318177.125000,0.765,-0.242,-0.529,-3.51,-6.38,1.62
318177.125000,0.771,-0.245,-0.549,-2.59,-7.42,2.93
318177.140000,0.775,-0.246,-0.561,-2.2,-7.2,3.78
318177.140000,0.779,-0.254,-0.567,-2.5,-6.32,3.91
318177.156000,0.778,-0.263,-0.566,-2.87,-5.31,3.57
318177.171000,0.78,-0.268,-0.562,-3.33,-4.79,2.72
318177.171000,0.78,-0.263,-0.563,-3.88,-4.73,1.8
318177.187000,0.778,-0.265,-0.564,-3.39,-4.7,1.83
318177.203000,0.781,-0.274,-0.563,-2.23,-4.61,2.26
318177.218000,0.777,-0.275,-0.56,-1.19,-4.73,2.47
318177.218000,0.777,-0.274,-0.56,-0.06,-5.34,2.69
318177.234000,0.781,-0.273,-0.57,0.82,-5.77,2.5
318177.234000,0.782,-0.265,-0.584,0.4,-5.31,1.74
318177.234000,0.781,-0.259,-0.58,-0.49,-3.91,0.89
318177.250000,0.781,-0.259,-0.573,-1.16,-2.66,0.27
318177.265000,0.777,-0.254,-0.572,-1.62,-1.86,-0.4
318177.281000,0.775,-0.247,-0.572,-1.8,-1.46,-0.49
318177.296000,0.775,-0.244,-0.57,-1.83,-1.25,0.03
318177.296000,0.765,-0.239,-0.568,-1.92,-0.89,0.67
318177.296000,0.766,-0.243,-0.562,-1.83,-0.85,1.89
318177.312000,0.764,-0.25,-0.559,-1.43,-1.1,2.78
318177.312000,0.761,-0.252,-0.555,-1.13,-1.68,2.99
318177.328000,0.761,-0.251,-0.554,-1.01,-2.62,3.05
318177.343000,0.761,-0.248,-0.559,-1.46,-3.63,2.75
318177.359000,0.754,-0.253,-0.561,-2.08,-4.33,2.81
318177.359000,0.763,-0.26,-0.553,-3.36,-5.37,3.05
318177.375000,0.76,-0.271,-0.538,-3.27,-7.17,2.38
318177.375000,0.763,-0.277,-0.562,-3.14,-9.58,1.22
318177.390000,0.758,-0.266,-0.571,-3.94,-10.71,-0.31
318177.390000,0.749,-0.262,-0.549,-4.43,-11.6,-1.31
318177.421000,0.754,-0.267,-0.555,-6.41,-17.3,-1.92
318177.437000,0.756,-0.259,-0.558,-7.39,-18.92,-2.17
318177.437000,0.755,-0.262,-0.585,-8.7,-17.94,-3.33
318177.453000,0.758,-0.254,-0.587,-8.03,-15.84,-4.12
318177.453000,0.766,-0.247,-0.583,-4.67,-12.85,-4.18
318177.468000,0.746,-0.258,-0.596,-3.72,-11.54,-3.05
318177.484000,0.756,-0.257,-0.592,-2.38,-10.19,-4.18
318177.500000,0.747,-0.245,-0.603,-3.08,-9.52,-5.22
318177.500000,0.746,-0.241,-0.599,-4.39,-8.48,-5.22
318177.500000,0.746,-0.249,-0.583,-5.07,-7.11,-4.85
318177.515000,0.746,-0.256,-0.576,-5.65,-7.42,-4.73
318177.531000,0.744,-0.25,-0.573,-5.86,-8.94,-4.55
318177.531000,0.746,-0.247,-0.579,-4.67,-10.5,-3.57
318177.546000,0.753,-0.25,-0.596,-2.66,-11.51,-2.17
318177.562000,0.759,-0.241,-0.614,-0.98,-11.14,-1.46
318177.562000,0.761,-0.234,-0.631,-0.09,-9.46,-1.01
318177.578000,0.762,-0.236,-0.637,0.09,-7.02,-0.34
318177.593000,0.765,-0.243,-0.633,-0.06,-4.21,-0.37
318177.593000,0.764,-0.253,-0.634,-0.34,-1.59,-1.37
318177.609000,0.757,-0.253,-0.627,-1.68,0.0,-2.93
318177.625000,0.755,-0.254,-0.615,-2.78,0.52,-3.54
318177.625000,0.754,-0.255,-0.611,-2.56,0.21,-3.75
318177.640000,0.748,-0.254,-0.62,-2.04,-0.37,-3.88
318177.640000,0.749,-0.254,-0.627,-1.04,-0.18,-3.6
318177.640000,0.748,-0.246,-0.623,-0.79,0.46,-3.57
318177.656000,0.745,-0.236,-0.623,-0.95,1.13,-3.57
318177.671000,0.746,-0.243,-0.623,-1.25,1.68,-3.2
318177.687000,0.751,-0.251,-0.617,-0.76,2.84,-3.23
318177.687000,0.751,-0.25,-0.611,0.82,4.0,-3.69
318177.718000,0.745,-0.241,-0.613,1.25,4.67,-4.73
318177.718000,0.75,-0.239,-0.61,0.61,5.01,-5.1
318177.734000,0.758,-0.241,-0.605,-0.46,5.07,-5.74
318177.734000,0.755,-0.234,-0.61,-0.55,5.46,-6.59
318177.750000,0.748,-0.224,-0.605,-0.03,6.87,-6.41
318177.765000,0.744,-0.216,-0.59,0.46,7.72,-5.25
318177.765000,0.743,-0.216,-0.579,0.58,7.11,-3.85
318177.781000,0.742,-0.216,-0.577,0.4,6.04,-2.62
318177.796000,0.742,-0.217,-0.576,-0.06,4.97,-2.23
318177.796000,0.736,-0.211,-0.578,-0.58,4.49,-1.92
318177.812000,0.737,-0.209,-0.573,-0.27,4.49,-1.1
318177.812000,0.742,-0.213,-0.569,0.03,4.12,-0.21
318177.828000,0.736,-0.21,-0.578,-0.79,3.33,0.21
318177.828000,0.736,-0.211,-0.58,-1.68,2.96,0.89
318177.843000,0.738,-0.216,-0.578,-1.62,3.23,1.86
318177.859000,0.739,-0.221,-0.576,-1.1,3.3,2.78
318177.859000,0.742,-0.232,-0.575,-0.03,2.96,3.33
318177.875000,0.738,-0.237,-0.573,1.13,2.56,3.36
318177.890000,0.733,-0.235,-0.573,1.68,1.68,2.99
318177.890000,0.732,-0.24,-0.579,2.04,0.34,2.87
318177.906000,0.737,-0.248,-0.581,2.81,-0.18,2.99
318177.906000,0.74,-0.243,-0.584,3.23,-0.34,2.56
318177.937000,0.738,-0.233,-0.595,2.84,-0.46,1.92
318177.937000,0.745,-0.227,-0.603,1.31,-0.03,1.13
318177.937000,0.744,-0.228,-0.596,-0.61,1.31,-0.03
318177.953000,0.736,-0.233,-0.58,-0.64,2.38,-0.4
318177.968000,0.731,-0.241,-0.568,0.61,2.32,0.03
318177.984000,0.727,-0.244,-0.56,1.98,0.76,0.46
318178.000000,0.732,-0.245,-0.572,3.02,-1.34,1.19
318178.000000,0.742,-0.24,-0.588,3.69,-2.44,1.5
318178.000000,0.75,-0.232,-0.593,3.23,-2.2,1.04
318178.015000,0.754,-0.226,-0.6,1.68,-1.37,0.27
318178.015000,0.754,-0.223,-0.598,0.12,-0.55,-0.4
318178.046000,0.753,-0.225,-0.594,-0.55,0.03,-0.76
318178.046000,0.747,-0.226,-0.588,-0.46,0.85,-0.67
318178.062000,0.741,-0.224,-0.581,-0.21,1.19,-0.18
318178.062000,0.737,-0.223,-0.578,0.21,0.61,0.64
318178.078000,0.741,-0.229,-0.578,1.34,-0.18,1.98
318178.093000,0.743,-0.231,-0.583,2.5,-0.89,3.02
318178.093000,0.743,-0.227,-0.581,3.17,-1.22,3.66
318178.109000,0.751,-0.226,-0.585,3.72,-1.19,4.33
318178.109000,0.754,-0.223,-0.595,3.45,-1.22,4.39
318178.109000,0.747,-0.222,-0.597,2.81,-0.76,4.3
318178.140000,0.75,-0.228,-0.59,2.35,0.03,4.39
318178.156000,0.748,-0.23,-0.59,1.53,0.12,3.88
318178.156000,0.741,-0.225,-0.594,0.15,0.09,3.08
318178.171000,0.737,-0.233,-0.591,-0.52,0.31,3.02
318178.171000,0.74,-0.243,-0.583,-0.24,0.12,3.08
318178.187000,0.739,-0.241,-0.586,-0.18,-0.49,2.78
318178.203000,0.74,-0.24,-0.588,-0.03,-0.85,2.66
318178.203000,0.742,-0.244,-0.587,0.18,-1.1,2.78
318178.218000,0.744,-0.249,-0.595,0.73,-1.25,2.87
318178.234000,0.744,-0.245,-0.596,1.01,-1.31,2.53
318178.234000,0.742,-0.243,-0.601,1.16,-1.25,2.23
318178.250000,0.742,-0.243,-0.608,1.1,-1.04,2.23
318178.250000,0.741,-0.242,-0.609,0.76,-0.37,2.2
318178.265000,0.741,-0.245,-0.603,0.58,0.58,2.2
318178.281000,0.742,-0.245,-0.596,0.31,1.07,1.98
318178.281000,0.744,-0.244,-0.597,-0.46,1.22,1.53
318178.296000,0.746,-0.244,-0.595,-0.64,1.22,1.59
318178.312000,0.747,-0.248,-0.593,0.15,1.19,1.92
318178.312000,0.748,-0.248,-0.594,1.1,0.92,2.38
318178.328000,0.751,-0.246,-0.595,1.65,0.7,2.66
318178.328000,0.755,-0.246,-0.598,1.89,1.07,2.56
318178.343000,0.76,-0.245,-0.597,1.92,1.46,2.29
318178.343000,0.757,-0.244,-0.592,2.14,1.59,2.17
318178.359000,0.752,-0.244,-0.587,2.11,1.37,2.41
318178.375000,0.747,-0.247,-0.588,2.08,1.01,2.72
318178.390000,0.749,-0.254,-0.586,1.98,0.79,2.93
318178.390000,0.751,-0.259,-0.586,1.95,0.49,2.17
318178.406000,0.751,-0.255,-0.587,1.4,-0.03,1.1
318178.421000,0.752,-0.251,-0.588,0.82,-0.24,0.24
318178.437000,0.754,-0.25,-0.591,0.18,-0.31,-0.12
318178.437000,0.758,-0.25,-0.59,-0.09,-0.03,-0.34
318178.453000,0.756,-0.245,-0.59,-0.06,0.37,-0.37
318178.468000,0.753,-0.242,-0.593,0.18,0.61,0.49
318178.468000,0.752,-0.246,-0.594,0.67,1.13,1.37
318178.484000,0.752,-0.25,-0.593,1.16,1.62,1.98
318178.484000,0.752,-0.256,-0.594,1.34,1.83,2.08
318178.484000,0.751,-0.26,-0.595,1.04,1.89,1.83
318178.515000,0.748,-0.26,-0.599,0.49,2.2,1.07
318178.515000,0.748,-0.26,-0.598,-0.34,2.62,0.27
318178.515000,0.75,-0.26,-0.593,-1.16,2.72,-0.55
318178.531000,0.746,-0.26,-0.587,-1.4,2.81,-1.31
318178.546000,0.742,-0.258,-0.582,-0.79,2.93,-1.74
318178.562000,0.744,-0.251,-0.581,-0.67,2.44,-1.62
318178.562000,0.748,-0.243,-0.581,-0.82,1.8,-1.01
318178.578000,0.751,-0.241,-0.58,-0.43,1.68,-0.18
318178.593000,0.748,-0.24,-0.582,-0.18,1.65,0.55
318178.593000,0.747,-0.243,-0.587,0.0,1.68,1.25
318178.609000,0.746,-0.248,-0.592,-0.06,2.2,1.34
318178.625000,0.742,-0.248,-0.593,-0.46,2.78,1.01
318178.625000,0.738,-0.244,-0.591,-1.62,3.45,0.64
318178.640000,0.737,-0.247,-0.585,-2.96,4.21,0.06
318178.640000,0.739,-0.252,-0.572,-4.33,4.27,-0.7
318178.656000,0.738,-0.251,-0.57,-5.89,2.99,-1.89
318178.656000,0.734,-0.245,-0.572,-7.02,1.89,-2.96
318178.687000,0.729,-0.237,-0.569,-8.24,1.19,-3.14
318178.687000,0.727,-0.238,-0.564,-8.33,0.58,-2.2
318178.687000,0.722,-0.254,-0.555,-6.47,0.21,-0.52
318178.703000,0.723,-0.26,-0.56,-4.18,-0.27,0.03
318178.703000,0.723,-0.242,-0.569,-3.81,-1.4,-0.95
318178.718000,0.717,-0.229,-0.577,-5.25,-2.69,-1.98
318178.734000,0.708,-0.233,-0.586,-6.29,-3.3,-1.95
318178.734000,0.701,-0.24,-0.583,-6.26,-2.81,-1.4
318178.750000,0.692,-0.238,-0.569,-4.67,-2.29,-0.18
318178.765000,0.69,-0.239,-0.556,-1.25,-2.26,2.38
318178.765000,0.699,-0.239,-0.549,2.9,-2.66,5.34
318178.781000,0.717,-0.234,-0.543,5.83,-3.02,7.35
318178.781000,0.721,-0.227,-0.545,7.26,-3.33,7.81
318178.812000,0.724,-0.222,-0.548,7.11,-3.33,7.72
318178.812000,0.728,-0.236,-0.565,5.83,-3.05,6.26
318178.828000,0.731,-0.223,-0.562,1.59,-2.62,2.99
318178.843000,0.729,-0.221,-0.564,-0.95,-2.5,0.79
318178.843000,0.731,-0.224,-0.563,-2.78,-2.59,-0.43
318178.859000,0.73,-0.227,-0.562,-3.54,-3.48,-0.98
318178.875000,0.729,-0.234,-0.573,-3.05,-5.58,0.27
318178.875000,0.734,-0.246,-0.584,-0.98,-7.26,2.9
318178.890000,0.739,-0.243,-0.596,1.19,-7.93,4.94
318178.906000,0.748,-0.237,-0.601,2.29,-8.36,6.44
318178.906000,0.761,-0.239,-0.6,2.29,-8.82,7.84
318178.921000,0.768,-0.241,-0.611,0.82,-9.37,8.0
318178.921000,0.773,-0.247,-0.622,-1.62,-9.19,7.11
318178.937000,0.776,-0.257,-0.626,-3.33,-8.03,5.77
318178.953000,0.778,-0.263,-0.621,-3.14,-6.78,3.97
318178.953000,0.774,-0.259,-0.637,-2.38,-5.8,2.17
318178.968000,0.774,-0.252,-0.647,-2.38,-4.21,1.19
318178.984000,0.773,-0.253,-0.641,-2.47,-2.84,1.01
318178.984000,0.77,-0.259,-0.636,-2.08,-2.41,1.31
318179.000000,0.769,-0.263,-0.642,-0.98,-2.04,2.38
318179.000000,0.779,-0.266,-0.636,-0.95,-1.8,1.92
318179.015000,0.788,-0.26,-0.64,-1.46,-1.1,1.28
318179.031000,0.787,-0.249,-0.65,-2.29,0.12,0.85
318179.031000,0.788,-0.243,-0.648,-3.05,1.59,0.18
318179.046000,0.782,-0.244,-0.638,-3.27,2.66,-0.15
318179.062000,0.776,-0.248,-0.622,-2.84,2.78,-0.03
318179.062000,0.768,-0.241,-0.618,-1.98,2.84,0.64
318179.078000,0.761,-0.238,-0.611,-1.28,2.9,2.14
318179.078000,0.758,-0.243,-0.611,-0.64,3.05,3.85
318179.093000,0.755,-0.25,-0.609,-0.09,3.36,4.82
318179.093000,0.751,-0.259,-0.605,0.09,3.66,5.1
318179.125000,0.742,-0.26,-0.602,-0.49,3.72,4.27
318179.125000,0.739,-0.26,-0.596,-1.77,3.48,3.42
318179.140000,0.743,-0.267,-0.589,-2.69,3.17,2.66
318179.140000,0.74,-0.269,-0.59,-2.56,3.08,1.59
318179.156000,0.733,-0.263,-0.594,-1.92,3.57,0.85
318179.156000,0.729,-0.26,-0.592,-1.4,4.18,1.16
318179.171000,0.73,-0.265,-0.581,-1.07,4.55,1.92
318179.187000,0.729,-0.27,-0.574,-0.15,4.21,2.17
318179.187000,0.728,-0.267,-0.58,0.52,3.78,1.56
318179.203000,0.727,-0.256,-0.583,-0.18,3.57,0.64
318179.218000,0.722,-0.254,-0.579,-1.62,3.08,0.34
318179.218000,0.721,-0.264,-0.581,-2.29,2.59,0.73
318179.234000,0.72,-0.269,-0.583,-1.4,2.44,0.92
318179.234000,0.716,-0.266,-0.583,-0.12,2.44,1.1
318179.250000,0.72,-0.269,-0.59,0.85,2.32,1.74
318179.265000,0.723,-0.27,-0.591,1.62,2.14,2.2
318179.265000,0.728,-0.266,-0.584,1.98,1.95,1.86
318179.281000,0.728,-0.266,-0.587,1.89,1.53,1.34
318179.281000,0.731,-0.262,-0.589,1.25,1.46,0.61
318179.312000,0.732,-0.26,-0.585,0.89,1.46,0.12
318179.312000,0.728,-0.262,-0.587,1.19,1.43,0.0
318179.328000,0.725,-0.266,-0.585,1.56,1.77,0.06
318179.328000,0.726,-0.259,-0.579,1.28,1.68,-0.34
318179.328000,0.73,-0.258,-0.579,1.28,0.95,-0.31
318179.343000,0.734,-0.258,-0.587,1.16,-0.03,-0.18
318179.375000,0.735,-0.253,-0.594,0.67,-0.09,-0.46
318179.375000,0.737,-0.255,-0.59,0.46,0.49,-0.4
318179.390000,0.736,-0.26,-0.591,0.79,0.92,-0.37
318179.406000,0.737,-0.261,-0.592,1.01,0.7,-0.58
318179.406000,0.74,-0.261,-0.589,1.22,0.34,-0.52
318179.421000,0.743,-0.266,-0.597,1.71,-0.09,-0.55
318179.421000,0.743,-0.267,-0.602,1.86,0.0,-0.82
318179.437000,0.743,-0.262,-0.601,1.43,0.85,-1.4
318179.453000,0.739,-0.259,-0.597,1.16,1.77,-2.14
318179.453000,0.736,-0.258,-0.585,0.89,2.14,-2.5
318179.468000,0.735,-0.255,-0.572,0.55,1.68,-2.72
318179.468000,0.738,-0.256,-0.568,0.95,0.79,-2.23
318179.484000,0.74,-0.252,-0.572,1.59,-0.15,-1.8
318179.500000,0.737,-0.246,-0.576,2.26,-0.58,-1.31
318179.515000,0.736,-0.245,-0.583,2.99,-0.82,-0.49
318179.515000,0.736,-0.25,-0.588,3.42,-0.85,0.61
318179.531000,0.741,-0.257,-0.589,3.78,-0.95,1.13
318179.531000,0.744,-0.257,-0.592,3.63,-1.28,0.95
318179.546000,0.745,-0.254,-0.601,2.84,-1.25,0.21
318179.546000,0.743,-0.254,-0.598,1.89,-0.52,-0.46
318179.562000,0.742,-0.259,-0.596,1.16,0.03,-1.01
318179.578000,0.744,-0.262,-0.594,0.76,0.27,-1.98
318179.593000,0.74,-0.256,-0.598,0.43,0.43,-2.66
318179.593000,0.734,-0.25,-0.593,0.06,0.79,-2.84
318179.609000,0.734,-0.252,-0.585,0.4,0.79,-2.53
318179.609000,0.735,-0.252,-0.586,0.89,0.34,-2.17
318179.625000,0.739,-0.247,-0.587,0.79,-0.24,-1.68
318179.625000,0.741,-0.248,-0.588,0.52,-0.7,-1.31
318179.640000,0.742,-0.247,-0.59,0.27,-0.95,-1.22
318179.656000,0.743,-0.25,-0.594,0.21,-0.95,-1.28
318179.671000,0.746,-0.25,-0.594,0.24,-0.64,-1.37
318179.671000,0.747,-0.248,-0.591,0.03,-0.43,-1.71
318179.687000,0.742,-0.251,-0.594,0.0,-0.55,-1.68
318179.687000,0.743,-0.258,-0.595,0.31,-0.46,-1.46
318179.703000,0.745,-0.256,-0.592,0.43,-0.43,-1.77
318179.703000,0.743,-0.247,-0.601,0.27,-0.64,-2.01
318179.718000,0.74,-0.242,-0.6,-0.18,-0.18,-1.92
318179.734000,0.738,-0.243,-0.592,-0.61,0.18,-1.37
318179.734000,0.735,-0.249,-0.587,-0.27,0.03,-0.73
318179.750000,0.731,-0.251,-0.583,0.61,-0.43,-0.27
318179.750000,0.735,-0.247,-0.586,1.22,-0.95,0.46
318179.765000,0.738,-0.245,-0.595,1.5,-1.4,1.25
318179.781000,0.737,-0.251,-0.602,1.31,-1.34,1.92
318179.781000,0.738,-0.259,-0.6,1.04,-0.98,2.2
318179.796000,0.738,-0.261,-0.605,0.7,-0.7,1.56
318179.812000,0.74,-0.256,-0.604,0.46,-0.21,0.61
318179.812000,0.739,-0.25,-0.598,0.31,0.46,-0.15
318179.828000,0.734,-0.249,-0.59,0.46,0.61,-0.52
318179.843000,0.731,-0.25,-0.584,0.46,0.27,-0.64
318179.843000,0.729,-0.25,-0.583,0.43,-0.27,-0.92
318179.875000,0.731,-0.251,-0.581,0.52,-1.31,-0.85
318179.875000,0.733,-0.247,-0.584,0.73,-2.53,-0.79
318179.890000,0.737,-0.242,-0.594,0.73,-3.11,-0.82
318179.906000,0.739,-0.239,-0.603,0.61,-3.17,-0.7
318179.906000,0.744,-0.24,-0.607,-0.06,-2.5,-0.24
318179.921000,0.744,-0.245,-0.608,-0.98,-1.74,-0.37
318179.921000,0.736,-0.249,-0.603,-1.65,-1.16,-0.46
318179.937000,0.738,-0.258,-0.598,-1.46,-1.01,-0.21
318179.953000,0.745,-0.264,-0.599,-0.79,-1.16,-0.06
318179.953000,0.747,-0.259,-0.607,-0.31,-1.13,-0.27
318179.968000,0.746,-0.255,-0.609,0.12,-0.52,-0.4
318179.968000,0.747,-0.256,-0.603,-0.18,0.0,-0.7
318179.984000,0.747,-0.255,-0.605,-0.61,0.09,-1.31
318180.000000,0.742,-0.254,-0.607,-0.85,0.21,-2.14
318180.000000,0.742,-0.25,-0.607,-1.4,0.58,-2.62
318180.015000,0.739,-0.249,-0.604,-1.89,1.1,-2.59
318180.031000,0.738,-0.254,-0.598,-1.22,1.22,-2.11
318180.031000,0.737,-0.254,-0.597,-0.03,0.89,-1.62
318180.046000,0.737,-0.25,-0.596,1.22,0.98,-0.7
318180.046000,0.745,-0.25,-0.593,2.2,1.07,0.46
318180.062000,0.748,-0.25,-0.592,2.56,0.67,0.67
318180.078000,0.749,-0.246,-0.6,1.89,0.12,0.31
318180.093000,0.753,-0.243,-0.602,0.06,0.03,-0.27
318180.093000,0.751,-0.247,-0.604,-1.43,0.55,-0.98
318180.109000,0.748,-0.249,-0.601,-1.98,1.34,-1.28
318180.125000,0.75,-0.25,-0.591,-1.43,1.53,-0.89
318180.125000,0.749,-0.247,-0.593,-0.4,1.37,-0.37
318180.125000,0.743,-0.239,-0.595,0.46,1.68,0.4
318180.140000,0.744,-0.241,-0.589,1.22,2.11,1.53
318180.156000,0.748,-0.242,-0.58,0.49,1.92,1.86
318180.156000,0.75,-0.239,-0.575,-0.98,1.04,1.74
318180.187000,0.752,-0.24,-0.577,-2.29,0.15,1.77
318180.187000,0.752,-0.24,-0.575,-2.35,-0.18,1.5
318180.187000,0.753,-0.234,-0.573,-2.38,-0.52,0.95
318180.203000,0.748,-0.226,-0.574,-3.11,-1.04,0.7
318180.203000,0.738,-0.219,-0.582,-3.94,-0.95,0.58
318180.218000,0.724,-0.217,-0.583,-4.82,-0.49,0.64
318180.234000,0.711,-0.217,-0.58,-5.4,-0.27,1.07
318180.250000,0.693,-0.224,-0.595,-5.25,-0.82,1.98
318180.265000,0.678,-0.238,-0.611,-4.61,-1.19,3.11
318180.265000,0.664,-0.256,-0.629,-3.23,-1.19,4.12
318180.281000,0.658,-0.294,-0.681,0.34,-1.31,5.49
318180.281000,0.654,-0.332,-0.734,5.31,0.34,6.01
318180.296000,0.655,-0.359,-0.788,10.83,3.51,5.1
318180.312000,0.658,-0.408,-0.884,17.85,7.69,4.12
318180.312000,0.663,-0.473,-0.991,27.13,14.98,2.01
318180.328000,0.651,-0.498,-1.074,37.45,26.58,-3.45
318180.343000,0.631,-0.468,-1.132,48.89,42.05,-11.84
318180.343000,0.604,-0.385,-1.15,59.45,60.0,-21.42
318180.359000,0.563,-0.299,-1.134,66.07,76.78,-28.78
318180.375000,0.522,-0.253,-1.074,68.82,91.68,-32.56
318180.375000,0.507,-0.235,-0.961,69.67,102.94,-34.15
318180.390000,0.484,-0.223,-0.893,72.05,107.49,-35.77
318180.406000,0.46,-0.222,-0.825,77.82,108.77,-35.95
318180.406000,0.493,-0.224,-0.743,83.04,106.85,-35.31
318180.421000,0.502,-0.197,-0.767,83.9,100.41,-37.11
318180.421000,0.508,-0.153,-0.777,80.2,97.26,-39.34
318180.437000,0.537,-0.13,-0.727,73.67,94.64,-40.1
318180.453000,0.552,-0.13,-0.681,69.28,90.09,-39.25
318180.453000,0.584,-0.129,-0.591,68.09,86.92,-38.15
318180.468000,0.636,-0.131,-0.511,69.67,82.83,-37.48
318180.484000,0.691,-0.127,-0.48,72.27,77.82,-36.47
318180.500000,0.723,-0.121,-0.464,72.12,73.82,-35.04
318180.500000,0.763,-0.114,-0.394,67.38,71.81,-33.48
318180.515000,0.779,-0.117,-0.34,58.72,68.36,-31.31
318180.515000,0.795,-0.131,-0.346,50.51,66.01,-29.21
318180.531000,0.852,-0.137,-0.339,42.21,64.3,-28.5
318180.531000,0.879,-0.111,-0.318,33.81,60.73,-28.2
318180.546000,0.855,-0.13,-0.337,31.98,57.92,-21.91
318180.562000,0.898,-0.221,-0.237,35.74,60.15,-11.02
318180.562000,0.934,-0.285,-0.134,40.56,59.05,-5.55
318180.578000,0.91,-0.291,-0.166,47.4,57.71,-12.82
318180.593000,0.881,-0.274,-0.207,40.77,55.97,-18.13
318180.609000,0.864,-0.272,-0.164,29.48,49.53,-24.57
318180.609000,0.848,-0.229,-0.107,19.23,41.9,-28.81
318180.625000,0.872,-0.174,-0.137,8.36,38.0,-33.42
318180.625000,1.006,-0.013,-0.141,-7.9,35.1,-38.45
318180.640000,0.993,0.009,-0.157,-19.53,37.54,-36.65
318180.656000,1.0,-0.034,-0.114,-25.39,43.89,-30.27
318180.656000,0.971,-0.085,-0.084,-26.49,45.93,-23.19
318180.671000,0.934,-0.137,-0.048,-22.37,44.83,-14.16
318180.687000,0.908,-0.178,0.07,-16.08,41.38,-2.81
318180.687000,0.898,-0.198,0.195,-8.45,33.85,10.25
318180.703000,0.904,-0.258,0.216,0.82,23.59,23.56
318180.703000,0.929,-0.333,0.2,7.45,14.28,30.64
318180.718000,0.943,-0.363,0.171,8.06,3.14,30.34
318180.734000,0.936,-0.378,0.088,6.29,-6.62,28.11
318180.750000,0.947,-0.392,0.033,1.86,-10.47,24.45
318180.750000,0.951,-0.37,-0.009,-4.3,-10.28,17.76
318180.765000,0.984,-0.332,-0.069,-12.21,-7.97,12.3
318180.765000,1.059,-0.292,-0.096,-19.9,-3.02,6.78
318180.781000,1.087,-0.224,-0.125,-28.38,1.04,1.13
318180.796000,1.092,-0.173,-0.132,-34.0,8.09,0.76
318180.796000,1.094,-0.182,-0.118,-34.0,17.21,6.35
318180.812000,1.091,-0.222,-0.099,-29.88,25.36,13.86
318180.812000,1.073,-0.266,-0.07,-22.1,31.13,21.42
318180.828000,1.046,-0.3,-0.032,-11.32,35.04,28.29
318180.843000,1.008,-0.318,-0.021,-0.61,36.87,34.97
318180.843000,0.978,-0.337,-0.031,6.78,37.32,41.66
318180.859000,0.982,-0.375,-0.038,9.25,37.26,47.61
318180.875000,1.006,-0.4,-0.017,8.09,38.45,48.07
318180.875000,1.005,-0.403,0.001,5.8,38.3,42.76
318180.890000,1.005,-0.416,0.005,5.22,40.01,34.7
318180.890000,0.991,-0.419,0.011,6.23,44.19,23.96
318180.906000,0.965,-0.408,0.02,6.38,48.34,13.98
318180.921000,0.939,-0.383,0.06,3.91,51.73,6.13
318180.937000,0.931,-0.337,0.102,0.92,52.34,-0.24
318180.937000,0.99,-0.275,0.068,-3.08,49.01,-7.14
318180.953000,1.029,-0.168,0.012,-13.49,45.72,-15.47
318180.953000,1.026,-0.068,0.033,-28.99,47.06,-18.1
318180.968000,1.015,-0.066,0.089,-39.37,51.3,-12.63
318180.968000,0.998,-0.111,0.151,-41.29,55.54,-5.71
318180.984000,0.978,-0.146,0.202,-37.26,56.46,0.82
318181.000000,0.95,-0.174,0.216,-30.55,52.89,8.42
318181.015000,0.932,-0.203,0.237,-24.54,47.67,17.0
318181.015000,0.917,-0.257,0.244,-17.88,41.99,25.73
318181.031000,0.91,-0.326,0.227,-11.72,36.29,31.86
318181.031000,0.923,-0.403,0.196,-5.16,33.2,33.51
318181.046000,0.938,-0.435,0.179,-4.3,30.43,28.23
318181.062000,0.946,-0.429,0.159,-8.18,28.05,18.68
318181.078000,0.946,-0.419,0.142,-15.02,26.8,9.03
318181.078000,0.941,-0.434,0.17,-20.51,27.31,0.95
318181.093000,0.93,-0.443,0.205,-20.91,26.89,-5.8
318181.093000,0.916,-0.415,0.208,-17.88,23.9,-10.62
318181.109000,0.904,-0.38,0.196,-13.31,20.26,-12.27
318181.125000,0.892,-0.369,0.185,-9.61,17.09,-11.17
318181.125000,0.889,-0.372,0.183,-5.83,14.22,-9.89
318181.140000,0.898,-0.368,0.173,-1.56,11.17,-8.73
318181.156000,0.913,-0.356,0.156,2.47,8.42,-8.12
318181.156000,0.923,-0.339,0.141,3.39,5.46,-8.42
318181.171000,0.937,-0.321,0.134,2.66,3.45,-9.03
318181.171000,0.94,-0.299,0.13,1.95,2.44,-9.89
318181.187000,0.939,-0.291,0.12,0.37,1.56,-9.4
318181.203000,0.941,-0.302,0.117,-0.24,0.95,-7.9
318181.203000,0.933,-0.311,0.112,1.07,-0.15,-5.77
318181.218000,0.929,-0.323,0.091,4.24,-1.01,-2.87
318181.234000,0.936,-0.316,0.069,7.45,-0.76,-1.28
318181.250000,0.935,-0.297,0.056,8.73,0.52,-1.1
318181.250000,0.934,-0.292,0.052,8.18,1.89,-1.01
318181.265000,0.938,-0.299,0.057,6.84,3.17,-0.95
318181.265000,0.937,-0.306,0.06,5.55,4.15,-1.37
318181.265000,0.935,-0.308,0.062,4.15,4.7,-1.5
318181.296000,0.939,-0.304,0.063,2.93,4.91,-1.56
318181.296000,0.937,-0.292,0.06,2.29,4.33,-2.08
318181.296000,0.932,-0.291,0.044,1.25,3.45,-1.71
318181.328000,0.927,-0.306,0.038,0.7,3.05,-0.27
318181.328000,0.919,-0.312,0.046,1.89,3.14,1.53
318181.328000,0.917,-0.305,0.052,4.33,2.78,3.02
318181.343000,0.921,-0.295,0.046,6.23,2.14,4.21
318181.359000,0.93,-0.294,0.041,6.87,1.86,5.4
318181.375000,0.939,-0.297,0.039,6.53,1.83,5.58
318181.375000,0.94,-0.294,0.043,5.68,1.62,5.07
318181.390000,0.931,-0.29,0.046,3.78,1.1,4.33
318181.406000,0.925,-0.293,0.047,1.68,0.4,3.66
318181.406000,0.918,-0.297,0.053,-0.12,-0.31,2.87
318181.406000,0.908,-0.297,0.064,-0.27,-1.01,2.75
318181.421000,0.897,-0.3,0.076,1.22,-2.11,3.72
318181.437000,0.892,-0.304,0.073,2.53,-3.85,5.28
318181.453000,0.897,-0.315,0.072,3.33,-5.74,6.96
318181.453000,0.91,-0.317,0.068,3.3,-7.48,7.63
318181.468000,0.925,-0.32,0.05,3.08,-9.06,7.6
318181.484000,0.936,-0.32,0.035,2.66,-9.16,6.74
318181.484000,0.944,-0.325,0.022,2.59,-8.42,6.26
318181.500000,0.944,-0.313,0.013,1.19,-7.42,4.79
318181.500000,0.938,-0.298,0.012,-0.67,-6.41,3.72
318181.515000,0.934,-0.307,0.02,-1.4,-5.28,4.46
318181.515000,0.931,-0.323,0.031,-0.49,-4.58,5.77
318181.546000,0.938,-0.334,0.029,0.98,-4.76,7.08
318181.546000,0.95,-0.333,0.02,2.14,-4.67,7.81
318181.562000,0.955,-0.327,0.016,2.29,-4.12,7.66
318181.562000,0.957,-0.329,0.014,1.68,-2.99,6.5
318181.578000,0.951,-0.327,0.028,0.76,-1.56,4.33
318181.593000,0.939,-0.327,0.041,0.0,-0.82,2.75
318181.593000,0.929,-0.33,0.052,-0.15,-0.76,2.04
318181.609000,0.916,-0.328,0.063,-0.4,-1.56,1.68
318181.625000,0.905,-0.334,0.072,-0.37,-2.38,2.29
318181.625000,0.894,-0.341,0.09,0.46,-3.23,2.96
318181.625000,0.881,-0.343,0.102,1.8,-4.76,3.88
318181.640000,0.866,-0.349,0.122,3.75,-6.74,5.86
318181.656000,0.868,-0.368,0.128,7.08,-9.28,8.27
318181.671000,0.881,-0.368,0.104,8.67,-11.99,8.94
318181.671000,0.888,-0.355,0.094,9.49,-13.4,7.72
318181.687000,0.893,-0.348,0.08,9.06,-14.83,6.74
318181.703000,0.911,-0.354,0.061,8.06,-15.47,5.98
318181.703000,0.936,-0.35,0.042,6.87,-15.32,4.0
318181.718000,0.942,-0.33,0.025,5.86,-14.59,2.04
318181.718000,0.949,-0.329,0.009,5.49,-13.03,2.99
318181.734000,0.964,-0.334,0.0,5.8,-10.07,5.4
318181.750000,0.973,-0.333,0.002,7.35,-6.41,7.45
318181.765000,0.974,-0.327,-0.0,8.55,-3.23,9.37
318181.765000,0.97,-0.329,-0.001,8.73,-0.73,11.29
318181.781000,0.97,-0.343,0.0,8.39,1.34,12.48
318181.796000,0.97,-0.352,0.001,7.87,2.59,11.11
318181.796000,0.96,-0.346,-0.001,7.17,3.23,8.64
318181.812000,0.954,-0.342,-0.005,6.47,4.27,6.84
318181.812000,0.949,-0.334,0.005,5.55,5.43,5.31
318181.812000,0.945,-0.338,0.012,4.67,5.49,4.73
318181.843000,0.948,-0.346,0.016,4.64,5.4,4.64
318181.843000,0.944,-0.339,0.022,4.36,5.25,3.6
318181.859000,0.94,-0.33,0.021,3.91,4.73,3.08
318181.875000,0.944,-0.334,0.021,3.54,4.67,2.93
318181.875000,0.936,-0.337,0.026,2.75,4.3,2.01
318181.890000,0.928,-0.348,0.038,2.2,3.23,1.77
318181.890000,0.925,-0.355,0.039,2.35,1.86,1.53
318181.906000,0.919,-0.356,0.036,2.41,0.49,1.19
318181.921000,0.919,-0.352,0.038,2.44,0.15,0.67
318181.921000,0.917,-0.348,0.04,2.47,-0.03,0.52
318181.937000,0.923,-0.357,0.038,2.66,-0.46,0.95
318181.937000,0.921,-0.355,0.043,2.41,-0.92,0.27
318181.953000,0.909,-0.343,0.045,2.04,-1.22,-0.37
318181.968000,0.91,-0.344,0.042,2.08,-1.43,0.37
318181.984000,0.91,-0.347,0.046,1.89,-1.53,0.46
318181.984000,0.903,-0.343,0.048,1.1,-2.62,0.0
318182.000000,0.902,-0.343,0.045,0.49,-4.09,-0.03
318182.015000,0.905,-0.352,0.04,0.31,-5.22,0.58
318182.015000,0.911,-0.36,0.033,0.46,-5.65,0.98
318182.031000,0.912,-0.36,0.03,0.79,-5.4,0.85
318182.046000,0.916,-0.363,0.025,0.95,-5.19,1.1
318182.046000,0.923,-0.362,0.025,0.55,-4.7,0.55
318182.062000,0.921,-0.354,0.022,-0.64,-4.94,-0.46
318182.062000,0.925,-0.359,0.019,-1.37,-4.85,-0.61
318182.078000,0.932,-0.368,0.018,-1.25,-4.15,-0.67
318182.093000,0.936,-0.368,0.01,-0.49,-3.6,-0.85
318182.093000,0.935,-0.362,0.011,0.58,-2.5,-1.04
318182.109000,0.928,-0.351,0.018,1.19,-1.37,-1.16
318182.125000,0.923,-0.343,0.024,1.1,-0.73,-0.7
318182.125000,0.92,-0.35,0.027,0.95,-0.31,0.27
318182.140000,0.927,-0.371,0.028,1.53,-0.21,1.07
318182.156000,0.929,-0.377,0.03,2.35,-0.34,-1.22
318182.171000,0.927,-0.368,0.025,1.46,0.37,-2.47
318182.171000,0.92,-0.36,0.025,0.98,1.13,-2.78
318182.171000,0.927,-0.364,0.034,0.92,1.13,-3.45
318182.187000,0.929,-0.364,0.038,0.58,0.58,-4.33
318182.203000,0.921,-0.348,0.041,0.61,0.43,-3.6
318182.203000,0.912,-0.345,0.049,1.5,0.58,-1.68
318182.218000,0.908,-0.348,0.054,2.17,0.31,-0.4
318182.234000,0.902,-0.345,0.056,2.5,-0.15,-0.06
318182.234000,0.897,-0.345,0.052,2.38,-1.13,0.37
318182.250000,0.882,-0.347,0.044,1.65,-2.04,0.73
318182.250000,0.865,-0.365,0.036,2.01,-2.26,1.77
318182.265000,0.87,-0.383,0.037,2.78,-2.87,2.14
318182.265000,0.871,-0.375,0.029,2.53,-4.36,1.22
318182.281000,0.871,-0.363,0.015,2.26,-4.64,0.43
318182.296000,0.872,-0.349,0.022,2.14,-4.21,-0.03
318182.312000,0.873,-0.332,0.036,1.65,-5.01,0.09
318182.328000,0.876,-0.316,0.04,1.1,-6.38,0.98
318182.328000,0.883,-0.31,0.036,0.37,-7.35,2.75
318182.343000,0.892,-0.318,0.035,0.21,-7.9,5.68
318182.343000,0.896,-0.332,0.049,1.4,-8.55,8.76
318182.359000,0.893,-0.342,0.036,2.78,-10.41,11.66
318182.359000,0.891,-0.362,0.034,4.33,-11.17,14.65
318182.375000,0.898,-0.396,0.043,6.87,-11.02,17.12
318182.390000,0.903,-0.409,0.047,8.76,-12.05,17.15
318182.390000,0.904,-0.406,0.052,10.19,-12.82,15.29
318182.406000,0.9,-0.406,0.048,10.35,-13.58,13.09
318182.406000,0.891,-0.4,0.067,9.58,-14.4,10.8
318182.421000,0.883,-0.406,0.08,10.32,-15.5,8.82
318182.437000,0.857,-0.387,0.094,9.4,-18.01,6.44
318182.437000,0.838,-0.368,0.112,9.95,-20.29,5.22
318182.453000,0.834,-0.362,0.104,10.07,-23.62,4.64
318182.453000,0.836,-0.334,0.093,8.21,-27.53,3.3
318182.468000,0.822,-0.296,0.105,4.79,-30.95,1.65
318182.484000,0.813,-0.276,0.108,1.74,-33.91,0.76
318182.500000,0.791,-0.248,0.127,-1.89,-35.92,-1.07
318182.500000,0.773,-0.211,0.158,-5.71,-38.06,-3.63
318182.500000,0.756,-0.158,0.181,-10.74,-41.72,-6.62
318182.515000,0.726,-0.099,0.214,-17.52,-45.75,-9.37
318182.531000,0.693,-0.081,0.245,-24.93,-50.42,-10.04
318182.531000,0.679,-0.088,0.283,-33.66,-56.79,-8.48
318182.546000,0.693,-0.126,0.329,-39.77,-65.25,-3.94
318182.562000,0.702,-0.187,0.311,-41.87,-75.5,1.92
318182.562000,0.732,-0.281,0.241,-40.04,-85.09,10.35
318182.593000,0.792,-0.363,0.241,-35.43,-92.84,17.55
318182.593000,0.833,-0.388,0.224,-28.47,-100.8,19.29
318182.609000,0.856,-0.362,0.143,-21.82,-105.56,17.46
318182.625000,0.892,-0.331,0.094,-18.31,-103.95,14.53
318182.625000,0.929,-0.283,0.111,-19.87,-99.09,8.76
318182.640000,0.935,-0.234,0.082,-25.03,-96.04,0.7
318182.640000,0.965,-0.265,-0.026,-32.62,-96.22,-2.59
318182.656000,1.031,-0.381,-0.095,-37.54,-95.98,-0.7
318182.671000,1.097,-0.515,-0.177,-36.1,-97.96,3.85
318182.671000,1.147,-0.591,-0.245,-25.82,-97.23,9.06
318182.687000,1.175,-0.573,-0.294,-9.7,-89.66,12.7
318182.703000,1.173,-0.484,-0.309,6.04,-74.95,15.69
318182.703000,1.163,-0.381,-0.29,16.66,-56.83,18.86
318182.718000,1.132,-0.295,-0.271,16.88,-42.12,19.14
318182.718000,1.082,-0.269,-0.306,6.87,-34.42,18.16
318182.734000,1.051,-0.437,-0.492,-4.94,-36.41,25.12
318182.750000,1.099,-0.776,-0.565,-8.09,-40.93,38.42
318182.750000,1.136,-0.933,-0.519,-3.42,-46.82,39.16
318182.765000,1.087,-0.858,-0.555,10.83,-47.43,31.5
318182.765000,1.043,-0.746,-0.62,29.57,-33.69,24.38
318182.781000,1.044,-0.622,-0.604,37.45,-13.61,16.08
318182.796000,0.992,-0.481,-0.541,32.59,2.87,4.43
318182.812000,0.914,-0.373,-0.458,15.69,11.14,-7.51
318182.812000,0.835,-0.329,-0.395,-3.48,11.72,-18.22
318182.828000,0.767,-0.443,-0.544,-13.34,2.5,-15.93
318182.828000,0.801,-0.688,-0.649,-10.25,-7.05,-2.62
318182.843000,0.823,-0.805,-0.614,2.29,-12.7,1.74
318182.859000,0.785,-0.718,-0.673,21.06,-13.43,-1.68
318182.875000,0.776,-0.559,-0.764,37.02,-2.99,-3.39
318182.875000,0.787,-0.436,-0.728,38.88,12.51,-4.03
318182.890000,0.779,-0.362,-0.608,28.2,20.36,-6.35
318182.906000,0.763,-0.324,-0.48,15.41,19.53,-10.38
318182.906000,0.756,-0.315,-0.357,8.82,16.02,-12.21
318182.921000,0.77,-0.32,-0.253,8.94,10.28,-9.31
318182.921000,0.846,-0.317,-0.15,12.91,3.91,-3.6
318182.937000,0.945,-0.296,-0.102,15.11,-4.3,-0.61
318182.953000,1.045,-0.235,-0.09,12.02,-13.52,-2.08
318182.953000,1.121,-0.184,-0.068,5.28,-20.29,-3.69
318182.968000,1.179,-0.203,-0.036,-1.53,-24.48,-2.75
318182.968000,1.201,-0.279,-0.033,-4.85,-26.58,0.73
318182.984000,1.221,-0.372,-0.052,-2.11,-25.3,7.17
318183.000000,1.246,-0.43,-0.089,3.2,-22.43,13.82
318183.015000,1.245,-0.453,-0.156,7.11,-18.89,18.92
318183.015000,1.233,-0.47,-0.202,5.58,-14.95,21.3
318183.015000,1.191,-0.483,-0.215,-2.2,-12.73,18.56
318183.046000,1.112,-0.49,-0.23,-12.76,-12.73,11.81
318183.046000,1.033,-0.495,-0.247,-22.16,-13.55,5.58
318183.062000,0.962,-0.507,-0.281,-27.44,-13.92,2.01
318183.062000,0.89,-0.51,-0.336,-31.1,-14.86,-0.64
318183.078000,0.845,-0.489,-0.357,-36.04,-16.91,-2.62
318183.078000,0.829,-0.448,-0.362,-42.24,-21.39,-5.77
318183.093000,0.772,-0.383,-0.4,-50.72,-28.57,-10.44
318183.109000,0.703,-0.32,-0.439,-59.91,-35.74,-13.52
318183.125000,0.644,-0.273,-0.453,-67.02,-42.24,-13.98
318183.125000,0.592,-0.242,-0.465,-71.14,-48.43,-12.27
318183.125000,0.54,-0.211,-0.483,-73.98,-53.65,-9.28
318183.156000,0.491,-0.186,-0.498,-78.16,-58.81,-6.23
318183.156000,0.456,-0.183,-0.489,-83.62,-64.3,-2.84
318183.156000,0.433,-0.215,-0.49,-85.36,-71.29,1.04
318183.171000,0.412,-0.278,-0.567,-82.34,-81.51,5.86
318183.187000,0.416,-0.321,-0.689,-77.39,-91.4,7.66
318183.203000,0.445,-0.316,-0.819,-74.07,-97.6,4.39
318183.203000,0.485,-0.275,-0.934,-75.11,-98.09,-1.16
318183.203000,0.504,-0.254,-0.998,-79.38,-90.64,-5.55
318183.218000,0.507,-0.267,-1.008,-81.67,-75.84,-8.15
318183.234000,0.515,-0.283,-0.974,-77.97,-58.17,-8.61
318183.250000,0.514,-0.286,-0.922,-70.22,-43.76,-7.2
318183.250000,0.508,-0.307,-0.876,-60.67,-34.79,-2.53
318183.250000,0.543,-0.351,-0.851,-51.27,-29.85,2.47
318183.265000,0.563,-0.36,-0.846,-42.48,-24.78,2.59
318183.296000,0.556,-0.332,-0.856,-35.31,-18.04,0.43
318183.296000,0.56,-0.319,-0.83,-30.09,-8.76,-1.56
318183.312000,0.573,-0.319,-0.769,-27.34,0.24,-4.64
318183.312000,0.569,-0.301,-0.717,-26.03,7.2,-9.13
318183.328000,0.565,-0.278,-0.666,-25.67,12.42,-13.18
318183.343000,0.568,-0.26,-0.613,-25.03,15.17,-16.54
318183.343000,0.574,-0.236,-0.577,-24.2,14.37,-19.87
318183.359000,0.58,-0.22,-0.567,-22.25,11.93,-21.64
318183.375000,0.603,-0.204,-0.581,-18.62,10.62,-21.42
318183.390000,0.609,-0.175,-0.595,-15.75,10.74,-19.56
318183.390000,0.617,-0.165,-0.603,-14.25,11.81,-15.56
318183.406000,0.626,-0.174,-0.593,-14.74,13.09,-11.26
318183.406000,0.638,-0.191,-0.576,-15.93,12.39,-7.84
318183.421000,0.662,-0.199,-0.571,-16.39,10.83,-5.8
318183.437000,0.667,-0.188,-0.579,-16.11,9.52,-5.74
318183.437000,0.657,-0.178,-0.588,-16.36,7.2,-4.7
318183.453000,0.665,-0.185,-0.596,-15.63,5.68,-1.34
318183.453000,0.664,-0.19,-0.607,-13.61,5.58,1.71
318183.468000,0.664,-0.187,-0.599,-11.38,6.23,4.82
318183.484000,0.669,-0.182,-0.586,-9.34,6.32,7.75
318183.484000,0.664,-0.183,-0.585,-8.12,4.76,10.16
318183.500000,0.662,-0.204,-0.593,-8.18,1.77,12.48
318183.515000,0.672,-0.237,-0.596,-8.18,-0.76,13.86
318183.515000,0.683,-0.255,-0.589,-7.11,-2.17,13.34
318183.531000,0.7,-0.258,-0.588,-4.67,-3.45,11.81
318183.546000,0.714,-0.248,-0.605,-3.63,-5.13,9.13
318183.546000,0.719,-0.232,-0.624,-5.07,-6.2,6.04
318183.562000,0.72,-0.232,-0.625,-6.35,-5.83,3.97
318183.562000,0.716,-0.24,-0.621,-6.81,-4.85,2.66
318183.578000,0.72,-0.232,-0.609,-7.35,-4.15,1.1
318183.578000,0.727,-0.218,-0.597,-8.55,-4.36,0.12
318183.593000,0.731,-0.205,-0.594,-10.22,-5.25,-0.31
318183.609000,0.73,-0.196,-0.596,-12.6,-6.38,-0.15
318183.625000,0.723,-0.203,-0.591,-14.92,-7.81,0.85
318183.625000,0.731,-0.228,-0.594,-14.31,-9.34,2.26
318183.625000,0.737,-0.23,-0.617,-11.69,-10.19,2.9
318183.640000,0.739,-0.223,-0.632,-9.64,-9.28,3.08
318183.640000,0.748,-0.221,-0.638,-7.9,-6.56,2.66
318183.671000,0.749,-0.22,-0.633,-7.84,-3.97,1.56
318183.671000,0.751,-0.219,-0.626,-8.03,-1.95,-0.37
318183.687000,0.735,-0.207,-0.628,-8.48,-0.52,-2.44
318183.703000,0.728,-0.204,-0.618,-8.48,0.46,-2.66
318183.703000,0.734,-0.212,-0.608,-7.54,0.4,-1.89
318183.718000,0.732,-0.208,-0.609,-6.84,-0.18,-1.46
318183.734000,0.735,-0.197,-0.611,-4.24,-0.52,0.0
318183.734000,0.738,-0.191,-0.617,-4.21,-0.24,0.79
318183.750000,0.733,-0.188,-0.626,-4.61,0.61,1.92
318183.765000,0.725,-0.19,-0.62,-4.7,1.13,3.27
318183.765000,0.73,-0.198,-0.604,-4.49,0.31,4.06
318183.781000,0.745,-0.215,-0.615,-4.79,-0.95,3.6
318183.796000,0.744,-0.208,-0.624,-5.46,-1.28,2.11
318183.796000,0.736,-0.206,-0.627,-6.23,-0.92,0.95
318183.812000,0.742,-0.213,-0.624,-6.93,-1.04,0.37
318183.828000,0.743,-0.207,-0.621,-7.29,-1.5,-0.55
318183.828000,0.743,-0.2,-0.631,-7.6,-1.4,-1.13
318183.843000,0.741,-0.19,-0.625,-7.6,0.09,-1.25
318183.843000,0.746,-0.19,-0.62,-6.87,0.95,-0.49
318183.859000,0.745,-0.203,-0.629,-5.83,0.55,0.76
318183.859000,0.741,-0.218,-0.631,-4.27,0.52,2.14
318183.875000,0.746,-0.226,-0.63,-2.32,0.67,3.23
318183.890000,0.748,-0.226,-0.646,-0.46,0.55,3.88
318183.906000,0.749,-0.229,-0.653,0.4,1.56,3.75
318183.906000,0.744,-0.232,-0.648,-0.18,2.96,2.84
318183.921000,0.738,-0.237,-0.636,-0.73,3.48,1.4
318183.921000,0.733,-0.238,-0.638,-1.16,3.45,0.09
318183.937000,0.74,-0.234,-0.632,-1.16,3.94,-0.79
318183.937000,0.741,-0.219,-0.62,-0.92,4.03,-1.22
318183.953000,0.735,-0.215,-0.618,0.03,3.48,-0.46
318183.968000,0.731,-0.217,-0.607,1.71,2.87,1.07
318183.968000,0.728,-0.223,-0.599,4.21,1.68,3.2
318183.984000,0.73,-0.223,-0.599,6.84,0.18,4.85
318184.000000,0.731,-0.213,-0.605,8.76,-1.13,5.77
318184.015000,0.73,-0.21,-0.617,9.83,-1.83,6.59
318184.015000,0.733,-0.209,-0.636,10.32,-1.37,7.11
318184.031000,0.738,-0.205,-0.641,9.95,0.7,7.14
318184.031000,0.74,-0.213,-0.631,9.19,3.3,7.02
318184.046000,0.746,-0.231,-0.622,7.84,4.61,6.01
318184.046000,0.74,-0.243,-0.623,5.83,4.82,3.51
318184.062000,0.728,-0.24,-0.615,4.21,5.04,1.04
318184.062000,0.725,-0.246,-0.608,3.6,5.01,-0.49
318184.093000,0.727,-0.25,-0.606,3.39,4.52,-1.92
318184.093000,0.729,-0.235,-0.608,3.08,3.97,-3.39
318184.109000,0.733,-0.219,-0.607,3.17,4.09,-3.66
318184.125000,0.737,-0.211,-0.605,3.51,4.58,-2.84
318184.125000,0.738,-0.209,-0.596,3.39,5.16,-1.86
318184.140000,0.744,-0.212,-0.59,3.85,5.55,-0.89
318184.156000,0.748,-0.207,-0.587,4.06,5.31,-0.31
318184.156000,0.738,-0.201,-0.593,3.45,4.52,0.03
318184.171000,0.734,-0.202,-0.589,2.66,3.97,0.73
318184.171000,0.737,-0.212,-0.586,2.66,3.17,1.77
318184.187000,0.734,-0.217,-0.59,2.84,2.32,2.56
318184.203000,0.735,-0.224,-0.594,2.9,1.98,3.08
318184.203000,0.741,-0.221,-0.592,1.89,1.56,2.35
318184.218000,0.741,-0.22,-0.593,0.21,0.95,0.73
318184.218000,0.741,-0.222,-0.594,-1.34,0.31,-0.73
318184.234000,0.739,-0.223,-0.592,-2.29,0.31,-1.98
318184.250000,0.737,-0.221,-0.591,-2.2,0.09,-2.38
318184.265000,0.733,-0.22,-0.591,-1.13,-0.12,-1.77
318184.265000,0.727,-0.22,-0.595,0.37,-0.46,-0.27
318184.281000,0.722,-0.225,-0.601,2.2,-0.64,1.68
318184.281000,0.726,-0.23,-0.597,3.66,-0.06,3.17
318184.296000,0.732,-0.229,-0.589,4.76,0.12,3.48
318184.296000,0.725,-0.223,-0.601,4.73,-0.43,2.66
318184.312000,0.718,-0.221,-0.599,3.42,-0.58,1.92
318184.328000,0.711,-0.224,-0.588,2.53,-0.98,1.95
318184.328000,0.7,-0.238,-0.584,3.2,-1.5,3.54
318184.343000,0.705,-0.258,-0.578,5.49,-2.08,6.16
318184.359000,0.722,-0.269,-0.582,8.36,-3.42,8.0
318184.359000,0.741,-0.265,-0.603,9.74,-4.97,8.61
318184.375000,0.746,-0.261,-0.632,9.46,-5.1,8.09
318184.375000,0.752,-0.265,-0.638,8.64,-3.2,6.84
318184.390000,0.749,-0.277,-0.637,7.42,-1.4,4.7
318184.406000,0.747,-0.285,-0.634,6.81,0.21,1.95
318184.421000,0.747,-0.282,-0.634,6.71,1.59,-1.19
318184.421000,0.746,-0.268,-0.635,6.47,2.96,-4.15
318184.421000,0.744,-0.247,-0.628,5.37,4.06,-6.78
318184.437000,0.743,-0.241,-0.617,4.27,4.49,-8.3
318184.453000,0.754,-0.24,-0.607,3.66,4.27,-9.31
318184.468000,0.756,-0.227,-0.609,3.27,3.81,-10.62
318184.484000,0.754,-0.208,-0.611,3.14,3.81,-11.14
318184.500000,0.752,-0.198,-0.605,3.69,4.36,-10.13
318184.500000,0.75,-0.195,-0.6,4.27,4.43,-8.42
318184.500000,0.749,-0.193,-0.603,4.06,4.09,-6.9
318184.515000,0.746,-0.19,-0.605,3.48,3.97,-5.37
318184.515000,0.747,-0.196,-0.595,3.11,3.69,-3.72
318184.531000,0.752,-0.207,-0.588,3.11,3.05,-2.59
318184.546000,0.755,-0.211,-0.597,3.05,2.01,-2.32
318184.562000,0.757,-0.204,-0.609,2.5,1.77,-2.72
318184.562000,0.756,-0.201,-0.608,0.98,1.95,-3.23
318184.578000,0.754,-0.206,-0.605,-0.46,2.08,-3.81
318184.578000,0.747,-0.21,-0.604,-1.28,1.98,-4.3
318184.593000,0.746,-0.209,-0.594,-1.28,1.86,-4.24
318184.609000,0.748,-0.203,-0.598,-0.61,1.71,-3.69
318184.609000,0.745,-0.195,-0.599,0.31,1.74,-2.29
318184.625000,0.739,-0.193,-0.602,0.98,2.01,-0.64
318184.640000,0.737,-0.197,-0.602,0.67,2.01,0.82
318184.640000,0.731,-0.208,-0.602,0.21,2.35,1.56
318184.656000,0.73,-0.226,-0.595,0.46,2.99,2.2
318184.656000,0.724,-0.224,-0.573,1.37,3.17,2.81
318184.671000,0.716,-0.212,-0.567,2.78,1.68,4.15
318184.687000,0.711,-0.213,-0.574,4.03,-0.09,6.99
318184.687000,0.711,-0.234,-0.576,5.68,-0.89,10.44
318184.703000,0.716,-0.254,-0.576,7.97,-1.43,13.18
318184.718000,0.722,-0.262,-0.577,10.07,-1.95,14.95
318184.718000,0.732,-0.267,-0.586,11.17,-2.56,15.69
318184.734000,0.737,-0.273,-0.599,11.23,-2.66,14.98
318184.734000,0.738,-0.281,-0.602,10.68,-2.04,13.64
318184.750000,0.735,-0.291,-0.597,10.47,-1.43,12.27
318184.765000,0.738,-0.299,-0.593,11.05,-0.95,11.11
318184.765000,0.745,-0.298,-0.599,11.78,-0.61,9.37
318184.796000,0.744,-0.282,-0.613,11.72,-0.09,7.14
318184.796000,0.745,-0.271,-0.61,10.62,1.34,5.68
318184.812000,0.746,-0.273,-0.596,9.55,2.9,4.55
318184.828000,0.744,-0.279,-0.582,8.79,3.6,3.17
318184.828000,0.743,-0.278,-0.574,8.18,3.23,1.77
318184.843000,0.743,-0.27,-0.568,7.17,2.17,0.34
318184.843000,0.743,-0.263,-0.574,5.65,1.1,-0.98
318184.859000,0.745,-0.261,-0.583,4.55,0.43,-1.77
318184.875000,0.745,-0.261,-0.587,3.91,0.37,-2.04
318184.875000,0.744,-0.265,-0.594,3.69,0.82,-2.41
318184.890000,0.744,-0.261,-0.584,3.3,1.4,-2.72
318184.906000,0.746,-0.262,-0.579,3.66,1.43,-2.66
318184.906000,0.755,-0.256,-0.589,3.3,0.49,-2.78
318184.921000,0.756,-0.246,-0.591,2.5,0.27,-2.81
318184.921000,0.752,-0.243,-0.592,2.01,0.43,-2.38
318184.937000,0.751,-0.249,-0.589,1.8,0.64,-1.56
318184.953000,0.749,-0.253,-0.586,1.98,0.79,-0.95
318184.953000,0.745,-0.249,-0.585,2.11,0.67,-0.58
318184.968000,0.74,-0.252,-0.586,2.56,0.67,0.34
318184.968000,0.736,-0.26,-0.581,3.23,0.52,1.19
318184.984000,0.741,-0.264,-0.58,3.17,0.06,1.04
318185.000000,0.748,-0.263,-0.587,2.26,-0.24,0.09
318185.000000,0.753,-0.255,-0.591,0.92,-0.43,-1.22
318185.015000,0.751,-0.252,-0.594,-0.64,-0.12,-2.2
318185.031000,0.753,-0.257,-0.596,-1.65,0.27,-2.38
318185.031000,0.755,-0.262,-0.596,-2.14,0.73,-2.59
318185.046000,0.749,-0.259,-0.599,-1.92,1.25,-2.93
318185.046000,0.746,-0.257,-0.587,-0.76,2.04,-2.01
318185.062000,0.75,-0.261,-0.58,0.58,1.98,-0.95
318185.078000,0.753,-0.258,-0.592,1.07,1.13,-0.43
318185.093000,0.756,-0.252,-0.598,0.55,1.31,-0.4
318185.093000,0.761,-0.25,-0.594,0.0,2.26,-0.64
318185.109000,0.757,-0.25,-0.595,-0.46,2.75,-0.95
318185.125000,0.748,-0.247,-0.591,-1.1,3.48,-1.5
318185.125000,0.736,-0.243,-0.583,-0.95,3.85,-1.22
318185.140000,0.734,-0.248,-0.584,-0.55,3.63,-0.31
318185.140000,0.736,-0.251,-0.582,-0.52,3.42,0.31
318185.156000,0.736,-0.251,-0.577,-0.89,3.11,0.43
318185.156000,0.737,-0.253,-0.577,-0.82,2.78,0.73
318185.171000,0.741,-0.261,-0.574,-0.37,2.32,1.07
318185.187000,0.745,-0.26,-0.569,-0.43,1.65,0.52
318185.203000,0.741,-0.254,-0.583,-0.89,0.27,-0.09
318185.203000,0.735,-0.25,-0.589,-1.19,0.09,-0.15
318185.218000,0.733,-0.255,-0.584,-0.89,0.82,0.27
318185.218000,0.735,-0.26,-0.58,-0.46,0.95,1.22
318185.234000,0.739,-0.259,-0.572,0.31,1.04,1.86
318185.234000,0.738,-0.255,-0.571,1.07,0.85,2.29
318185.250000,0.742,-0.256,-0.574,1.1,0.46,2.56
318185.265000,0.747,-0.256,-0.578,0.49,0.12,2.32
318185.281000,0.747,-0.248,-0.58,-0.46,0.21,1.68
318185.296000,0.743,-0.252,-0.582,-0.98,0.37,1.89
318185.296000,0.742,-0.258,-0.581,-1.07,0.67,2.47
318185.312000,0.741,-0.258,-0.575,-0.43,0.4,3.11
318185.312000,0.738,-0.258,-0.576,0.21,0.18,4.0
318185.312000,0.735,-0.263,-0.578,0.67,-0.03,4.58
318185.343000,0.736,-0.271,-0.57,0.95,-0.46,4.73
318185.343000,0.741,-0.278,-0.569,0.55,-1.13,3.72
318185.359000,0.741,-0.28,-0.583,-0.31,-1.07,2.5
318185.359000,0.751,-0.288,-0.589,-0.61,-1.04,1.56
318185.375000,0.745,-0.28,-0.597,-1.59,-0.95,-0.09
318185.375000,0.74,-0.278,-0.589,-1.71,0.12,-0.58
318185.406000,0.74,-0.28,-0.586,-0.58,0.52,0.24
318185.406000,0.739,-0.276,-0.588,0.79,0.7,1.04
318185.421000,0.741,-0.275,-0.584,1.56,1.16,1.86
318185.421000,0.747,-0.276,-0.58,2.2,1.25,2.59
318185.437000,0.751,-0.28,-0.578,2.41,1.1,2.72
318185.453000,0.75,-0.278,-0.583,2.11,0.79,2.23
318185.453000,0.746,-0.276,-0.586,1.59,0.49,1.8
318185.468000,0.749,-0.278,-0.583,1.07,0.64,1.59
318185.484000,0.752,-0.28,-0.579,0.98,0.82,1.22
318185.500000,0.748,-0.276,-0.584,0.98,0.95,0.95
318185.500000,0.744,-0.277,-0.58,1.07,1.5,1.01
318185.515000,0.746,-0.283,-0.573,1.43,1.59,1.25
318185.515000,0.747,-0.284,-0.575,1.46,0.82,1.22
318185.531000,0.746,-0.281,-0.579,1.5,0.46,1.16
318185.531000,0.748,-0.282,-0.584,1.95,0.4,1.31
318185.546000,0.749,-0.282,-0.587,2.11,0.79,1.25
318185.562000,0.755,-0.285,-0.591,2.2,1.68,0.82
318185.578000,0.753,-0.28,-0.594,1.56,2.53,-0.43
318185.578000,0.747,-0.277,-0.586,0.64,3.27,-1.37
318185.593000,0.747,-0.285,-0.573,0.55,3.54,-1.77
318185.593000,0.748,-0.284,-0.574,0.92,2.93,-2.26
318185.609000,0.746,-0.271,-0.58,0.85,2.53,-3.02
318185.609000,0.748,-0.264,-0.581,0.55,2.53,-2.81
318185.625000,0.751,-0.265,-0.579,0.76,2.96,-2.04
318185.640000,0.741,-0.264,-0.576,1.19,3.39,-1.5
318185.640000,0.735,-0.261,-0.568,1.43,3.36,-0.95
318185.656000,0.74,-0.262,-0.566,1.43,2.96,-0.18
318185.671000,0.745,-0.264,-0.566,1.4,2.32,0.37
318185.671000,0.751,-0.262,-0.562,1.25,2.04,0.46
318185.687000,0.75,-0.258,-0.567,0.52,1.34,0.09
318185.687000,0.747,-0.26,-0.573,-0.52,0.92,0.15
318185.703000,0.75,-0.269,-0.571,-0.27,1.22,0.55
318185.703000,0.749,-0.275,-0.57,0.55,1.07,0.67
318185.734000,0.746,-0.278,-0.573,1.1,0.76,0.67
318185.734000,0.751,-0.277,-0.573,1.37,0.61,0.4
318185.750000,0.753,-0.273,-0.576,1.28,0.55,-0.18
318185.765000,0.751,-0.266,-0.578,1.1,0.89,-0.61
318185.765000,0.748,-0.261,-0.575,0.73,1.25,-0.67
318185.781000,0.751,-0.263,-0.57,0.76,1.1,0.09
318185.796000,0.75,-0.263,-0.572,1.07,0.79,0.52
318185.796000,0.748,-0.261,-0.574,0.85,0.82,0.46
318185.812000,0.743,-0.265,-0.576,0.7,1.22,0.76
318185.812000,0.743,-0.274,-0.568,0.89,1.68,1.13
318185.828000,0.746,-0.279,-0.567,0.82,1.25,0.98
318185.843000,0.748,-0.276,-0.567,0.55,0.82,0.27
318185.843000,0.754,-0.271,-0.564,0.18,0.7,-0.55
318185.859000,0.753,-0.266,-0.567,-0.34,0.37,-0.89
318185.875000,0.752,-0.269,-0.568,-0.73,0.43,-0.61
318185.875000,0.755,-0.27,-0.563,-0.89,0.64,-0.43
318185.890000,0.755,-0.27,-0.568,-0.64,0.24,-0.24
318185.890000,0.751,-0.271,-0.574,-0.37,0.43,0.24
318185.906000,0.749,-0.271,-0.571,0.31,0.85,1.25
318185.921000,0.746,-0.278,-0.567,1.19,0.85,2.32
318185.921000,0.746,-0.286,-0.563,1.89,0.46,2.93
318185.937000,0.749,-0.287,-0.561,2.59,0.18,3.05
318185.937000,0.752,-0.284,-0.565,2.78,-0.46,2.53
318185.953000,0.756,-0.282,-0.574,2.01,-1.04,1.68
318185.968000,0.755,-0.281,-0.573,1.19,-0.61,0.73
318185.984000,0.757,-0.28,-0.574,0.21,-0.12,0.0
318185.984000,0.756,-0.281,-0.577,-0.06,0.21,-0.49
318186.000000,0.754,-0.283,-0.575,0.09,0.82,-0.49
318186.015000,0.751,-0.279,-0.57,0.18,1.4,-0.7
318186.015000,0.751,-0.276,-0.576,0.27,1.53,-0.79
318186.031000,0.751,-0.274,-0.579,0.61,2.11,-0.67
318186.031000,0.748,-0.275,-0.568,1.13,2.99,-0.52
318186.046000,0.743,-0.274,-0.558,1.43,2.69,-0.49
318186.062000,0.739,-0.274,-0.557,1.46,1.4,-0.27
318186.062000,0.742,-0.276,-0.557,1.56,0.43,0.03
318186.078000,0.745,-0.274,-0.565,1.5,-0.03,-0.06
318186.093000,0.746,-0.271,-0.576,1.13,0.0,-0.27
318186.093000,0.747,-0.275,-0.57,0.92,0.76,-0.34
318186.109000,0.748,-0.276,-0.565,0.73,1.4,-0.55
318186.125000,0.75,-0.277,-0.563,0.79,1.74,-0.95
318186.125000,0.747,-0.274,-0.558,0.79,1.89,-1.46
318186.140000,0.745,-0.267,-0.557,0.61,1.65,-1.89
318186.156000,0.747,-0.263,-0.558,0.03,1.19,-2.01
318186.156000,0.75,-0.261,-0.559,-0.79,1.04,-1.68
318186.171000,0.751,-0.263,-0.559,-1.4,0.98,-1.1
318186.171000,0.758,-0.265,-0.557,-1.65,0.7,-0.09
318186.187000,0.763,-0.27,-0.561,-0.95,0.06,0.82
318186.203000,0.764,-0.272,-0.573,-0.06,-0.37,1.62
318186.203000,0.768,-0.277,-0.575,0.64,0.03,2.59
318186.218000,0.772,-0.285,-0.57,1.71,0.58,2.99
318186.234000,0.767,-0.288,-0.575,2.2,0.73,2.53
318186.234000,0.763,-0.285,-0.573,2.2,0.98,1.53
318186.250000,0.759,-0.284,-0.569,1.53,0.92,0.85
318186.250000,0.76,-0.287,-0.57,0.89,0.7,0.21
318186.265000,0.76,-0.285,-0.567,0.64,0.55,-0.52
318186.265000,0.759,-0.282,-0.568,0.64,0.31,-1.01
318186.281000,0.759,-0.276,-0.574,0.7,0.34,-1.07
318186.296000,0.761,-0.273,-0.578,0.64,1.01,-1.16
318186.312000,0.754,-0.272,-0.573,0.52,1.71,-0.95
318186.312000,0.744,-0.275,-0.567,0.76,2.26,-0.43
318186.328000,0.742,-0.28,-0.559,1.07,2.29,0.0
318186.328000,0.741,-0.28,-0.554,1.37,1.74,0.03
318186.343000,0.743,-0.273,-0.556,1.62,0.73,-0.09
318186.343000,0.744,-0.276,-0.557,1.22,-0.4,-0.21
318186.359000,0.749,-0.275,-0.563,0.76,-0.79,-0.46
318186.375000,0.757,-0.27,-0.567,0.58,-0.64,-0.67
318186.375000,0.759,-0.269,-0.57,0.34,-0.24,-0.67
318186.390000,0.757,-0.271,-0.567,0.55,0.4,-0.58
318186.406000,0.756,-0.271,-0.562,1.01,0.64,-0.4
318186.421000,0.755,-0.266,-0.565,1.1,0.46,-0.21
318186.421000,0.753,-0.264,-0.567,0.92,0.46,-0.21
318186.437000,0.748,-0.266,-0.559,0.92,0.52,0.4
318186.453000,0.749,-0.274,-0.559,1.34,0.24,1.25
318186.453000,0.747,-0.274,-0.56,1.71,-0.15,1.56
318186.468000,0.749,-0.27,-0.558,1.59,-0.52,1.31
318186.468000,0.751,-0.266,-0.565,0.95,-0.98,0.95
318186.484000,0.751,-0.264,-0.563,0.31,-0.61,0.61
318186.500000,0.744,-0.267,-0.559,0.09,-0.31,0.76
318186.500000,0.738,-0.269,-0.558,0.67,-0.46,1.22
318186.515000,0.736,-0.27,-0.56,1.31,-0.55,1.95
318186.515000,0.74,-0.27,-0.56,1.8,-0.79,2.69
318186.531000,0.745,-0.271,-0.559,1.53,-1.34,3.11
318186.546000,0.746,-0.277,-0.558,1.25,-1.56,3.17
318186.562000,0.749,-0.279,-0.56,1.13,-1.86,2.81
318186.562000,0.751,-0.274,-0.567,0.92,-1.98,2.08
318186.562000,0.753,-0.271,-0.573,0.0,-1.83,1.4
318186.593000,0.749,-0.273,-0.575,-1.16,-1.19,1.01
318186.593000,0.746,-0.279,-0.57,-1.68,-0.49,0.85
318186.609000,0.749,-0.284,-0.562,-1.37,-0.46,0.82
318186.625000,0.748,-0.28,-0.559,-1.16,-1.1,0.61
318186.625000,0.748,-0.276,-0.561,-0.43,-1.46,0.98
318186.640000,0.755,-0.276,-0.565,0.27,-1.62,1.68
318186.640000,0.758,-0.278,-0.566,0.24,-1.77,2.11
318186.656000,0.761,-0.285,-0.569,0.0,-1.83,2.26
318186.671000,0.764,-0.291,-0.575,-0.21,-1.56,1.95
318186.671000,0.765,-0.285,-0.58,-1.04,-1.19,0.95
318186.687000,0.765,-0.283,-0.582,-1.68,-0.52,0.31
318186.703000,0.762,-0.283,-0.579,-1.8,0.24,0.27
318186.703000,0.756,-0.286,-0.574,-1.62,1.01,0.49
318186.718000,0.752,-0.291,-0.565,-0.79,1.22,1.01
318186.734000,0.755,-0.297,-0.563,0.21,0.79,1.31
318186.734000,0.759,-0.295,-0.568,0.61,-0.09,1.34
318186.750000,0.759,-0.294,-0.572,0.58,-0.55,1.13
318186.765000,0.764,-0.291,-0.571,0.4,-0.46,0.67
318186.765000,0.767,-0.288,-0.574,-0.03,-0.4,0.03
318186.781000,0.76,-0.278,-0.577,-0.37,-0.09,-0.61
318186.796000,0.754,-0.273,-0.572,-0.76,0.76,-0.92
318186.796000,0.749,-0.274,-0.565,-1.4,1.25,-0.76
318186.796000,0.748,-0.282,-0.563,-1.77,1.22,-0.46
318186.812000,0.748,-0.288,-0.565,-1.62,0.73,-0.46
318186.828000,0.753,-0.289,-0.573,-1.25,0.06,-0.4
318186.843000,0.758,-0.288,-0.588,-0.73,-0.21,-0.46
318186.859000,0.757,-0.293,-0.603,0.15,0.85,0.0
318186.859000,0.758,-0.298,-0.603,1.46,2.9,0.24
318186.859000,0.753,-0.301,-0.591,2.93,4.73,-0.03
318186.875000,0.748,-0.307,-0.579,4.21,6.38,-1.13
318186.890000,0.753,-0.304,-0.568,3.94,5.74,-2.2
318186.890000,0.754,-0.292,-0.557,3.11,4.97,-2.93
318186.906000,0.752,-0.276,-0.551,1.83,4.52,-3.33
318186.921000,0.753,-0.265,-0.547,0.82,4.09,-3.3
318186.937000,0.747,-0.254,-0.539,0.89,3.33,-1.83
318186.937000,0.743,-0.271,-0.528,2.41,1.95,0.55
318186.937000,0.75,-0.273,-0.536,4.15,0.55,1.98
318186.953000,0.756,-0.265,-0.553,5.01,-0.37,2.84
318186.968000,0.765,-0.261,-0.563,4.36,-0.31,3.02
318186.968000,0.765,-0.261,-0.572,2.5,0.12,2.56
318186.984000,0.763,-0.27,-0.568,0.67,1.1,2.17
318187.000000,0.76,-0.284,-0.558,-0.46,1.77,1.46
318187.000000,0.754,-0.287,-0.555,-1.04,1.59,0.37
318187.015000,0.747,-0.285,-0.553,-1.22,1.22,-0.46
318187.031000,0.747,-0.287,-0.541,-1.16,0.7,-0.76
318187.046000,0.756,-0.287,-0.546,-0.82,-0.46,-0.95
318187.046000,0.757,-0.278,-0.559,-0.34,-1.5,-0.92
318187.062000,0.748,-0.274,-0.567,0.46,-1.37,-0.09
318187.062000,0.749,-0.276,-0.563,1.25,-0.27,1.46
318187.078000,0.747,-0.279,-0.564,1.83,0.31,2.5
318187.093000,0.745,-0.284,-0.556,2.23,0.89,2.9
318187.093000,0.745,-0.294,-0.552,1.8,0.67,2.66
318187.109000,0.748,-0.297,-0.551,0.79,0.06,1.22
318187.125000,0.75,-0.295,-0.555,-0.34,-0.27,-0.82
318187.125000,0.747,-0.284,-0.558,-1.37,-0.43,-2.44
318187.140000,0.741,-0.274,-0.558,-2.26,-0.24,-2.96
318187.156000,0.739,-0.272,-0.547,-2.32,-0.18,-2.11
318187.156000,0.743,-0.275,-0.542,-0.98,-0.52,-0.37
318187.171000,0.74,-0.272,-0.547,0.61,-1.37,1.4
318187.171000,0.741,-0.275,-0.548,2.08,-1.56,3.48
318187.187000,0.754,-0.284,-0.549,3.05,-1.92,5.04
318187.203000,0.764,-0.287,-0.565,2.72,-2.41,4.76
318187.203000,0.757,-0.284,-0.577,1.31,-2.01,3.23
318187.218000,0.755,-0.291,-0.57,-0.21,-0.89,1.89
318187.234000,0.751,-0.296,-0.561,-1.07,-0.21,0.67
318187.234000,0.746,-0.298,-0.554,-1.22,-0.37,-0.12
318187.234000,0.751,-0.3,-0.55,-0.7,-1.16,-0.61
318187.250000,0.752,-0.292,-0.558,-0.27,-2.26,-0.92
318187.265000,0.753,-0.284,-0.569,-0.21,-2.72,-0.89
318187.265000,0.757,-0.282,-0.577,-0.15,-2.69,-0.37
318187.296000,0.755,-0.283,-0.579,-0.12,-2.04,0.06
318187.296000,0.752,-0.285,-0.577,-0.12,-1.16,0.21
318187.312000,0.743,-0.286,-0.571,-0.15,-0.76,0.4
318187.312000,0.74,-0.291,-0.56,-0.12,-0.7,0.64
318187.328000,0.743,-0.292,-0.556,0.4,-0.89,0.7
318187.343000,0.75,-0.289,-0.554,0.18,-1.62,0.67
318187.343000,0.766,-0.29,-0.577,-0.27,-2.11,0.0
318187.359000,0.761,-0.275,-0.577,-1.62,-1.37,-1.22
318187.359000,0.763,-0.282,-0.579,-1.56,-0.15,-1.01
318187.390000,0.76,-0.291,-0.576,-1.59,0.55,-1.07
318187.390000,0.753,-0.293,-0.564,-1.01,1.07,-1.28
318187.406000,0.751,-0.289,-0.562,-0.43,0.46,-1.01
318187.406000,0.753,-0.289,-0.566,0.15,-0.03,-0.55
318187.421000,0.76,-0.291,-0.564,0.55,-0.31,-0.03
318187.421000,0.765,-0.292,-0.572,0.95,-0.52,0.24
318187.437000,0.765,-0.289,-0.577,1.04,-0.03,0.09
318187.453000,0.76,-0.29,-0.573,0.58,0.49,-0.15
318187.453000,0.759,-0.294,-0.574,-0.18,0.7,-0.64
318187.468000,0.76,-0.293,-0.576,-0.85,1.07,-1.25
318187.484000,0.756,-0.295,-0.571,-1.01,1.59,-1.98
318187.484000,0.754,-0.294,-0.567,-0.76,1.89,-2.14
318187.500000,0.753,-0.293,-0.568,-0.09,1.37,-1.98
318187.500000,0.753,-0.289,-0.568,0.64,1.07,-1.86
318187.515000,0.755,-0.285,-0.567,1.25,0.98,-1.37
318187.531000,0.761,-0.281,-0.573,1.37,1.04,-1.1
318187.531000,0.76,-0.274,-0.574,0.98,1.71,-0.95
318187.546000,0.754,-0.276,-0.568,0.64,2.38,-0.67
318187.562000,0.75,-0.279,-0.561,0.24,2.47,-0.58
318187.562000,0.749,-0.279,-0.557,-0.03,2.14,-0.73
318187.578000,0.748,-0.283,-0.555,0.27,1.86,-0.7
318187.593000,0.75,-0.286,-0.551,0.82,1.68,-0.76
318187.609000,0.751,-0.277,-0.554,0.92,0.89,-1.04
318187.609000,0.747,-0.266,-0.563,0.82,0.4,-1.1
318187.625000,0.747,-0.265,-0.559,0.79,0.58,-0.37
318187.625000,0.746,-0.268,-0.553,1.1,0.61,0.92
318187.640000,0.745,-0.272,-0.555,1.86,0.43,2.11
318187.640000,0.753,-0.275,-0.548,2.17,0.4,2.56
318187.656000,0.758,-0.273,-0.555,1.59,-0.09,2.2
318187.671000,0.759,-0.273,-0.566,0.31,-0.64,1.56
318187.687000,0.761,-0.278,-0.568,-0.82,-0.4,0.61
318187.687000,0.757,-0.277,-0.57,-1.46,0.4,-0.31
318187.687000,0.749,-0.275,-0.564,-1.4,1.13,-0.46
318187.703000,0.744,-0.281,-0.559,-0.52,1.25,0.49
318187.718000,0.744,-0.282,-0.557,0.43,0.73,1.19
318187.734000,0.746,-0.278,-0.56,0.92,-0.06,1.53
318187.734000,0.752,-0.28,-0.56,1.25,-0.27,1.98
318187.750000,0.757,-0.284,-0.559,1.53,-0.43,2.23
318187.750000,0.761,-0.282,-0.561,1.37,-0.7,2.17
318187.765000,0.756,-0.28,-0.571,0.73,-0.76,1.83
318187.765000,0.757,-0.283,-0.573,0.43,0.52,1.74
318187.796000,0.752,-0.291,-0.567,-0.24,1.53,1.1
318187.796000,0.749,-0.298,-0.556,-0.92,1.65,0.15
318187.796000,0.751,-0.3,-0.557,-1.65,0.89,-0.82
318187.812000,0.752,-0.295,-0.562,-1.77,0.49,-1.77
318187.828000,0.756,-0.284,-0.558,-1.31,0.61,-2.08
318187.843000,0.751,-0.279,-0.563,-0.85,0.15,-1.53
318187.843000,0.75,-0.279,-0.561,-0.09,0.09,-0.49
318187.859000,0.749,-0.281,-0.557,1.37,0.49,0.85
318187.859000,0.744,-0.282,-0.56,2.72,0.82,1.95
318187.875000,0.745,-0.285,-0.554,2.84,0.76,2.35
318187.890000,0.751,-0.287,-0.549,1.68,0.18,1.98
318187.906000,0.753,-0.288,-0.563,-0.15,-0.34,0.61
318187.906000,0.753,-0.287,-0.556,-1.25,0.46,-0.82
318187.921000,0.756,-0.289,-0.549,-1.89,0.61,-1.68
318187.921000,0.755,-0.284,-0.558,-2.56,0.15,-2.17
318187.937000,0.751,-0.28,-0.55,-2.47,0.4,-1.83
318187.953000,0.75,-0.284,-0.542,-1.13,0.24,-0.43
318187.953000,0.752,-0.284,-0.547,0.24,-0.98,0.85
318187.953000,0.755,-0.28,-0.554,0.98,-1.65,1.77
318187.984000,0.758,-0.28,-0.565,1.77,-1.59,2.84
318187.984000,0.764,-0.288,-0.569,2.38,-1.07,3.66
318188.000000,0.763,-0.291,-0.572,2.29,-0.12,3.23
318188.000000,0.757,-0.29,-0.573,1.83,0.98,2.41
318188.015000,0.755,-0.294,-0.563,1.01,1.65,1.71
318188.031000,0.756,-0.299,-0.554,0.73,1.59,1.01
318188.031000,0.747,-0.302,-0.559,0.98,0.82,0.7
318188.046000,0.746,-0.305,-0.571,1.53,0.55,0.55
318188.062000,0.751,-0.307,-0.579,2.11,0.85,0.24
318188.062000,0.751,-0.309,-0.59,2.53,1.83,-0.4
318188.062000,0.743,-0.313,-0.604,2.87,3.51,-1.19
318188.078000,0.741,-0.331,-0.612,3.78,5.1,-1.16
318188.093000,0.743,-0.347,-0.616,5.4,6.62,-1.68
318188.109000,0.735,-0.351,-0.631,7.6,7.93,-2.75
318188.125000,0.728,-0.367,-0.658,11.17,10.56,-3.08
318188.125000,0.72,-0.399,-0.692,15.78,13.4,-2.81
318188.125000,0.721,-0.44,-0.729,21.82,16.69,-2.9
318188.140000,0.702,-0.464,-0.786,28.99,21.3,-4.7
318188.140000,0.669,-0.504,-0.87,37.97,28.08,-6.07
318188.171000,0.643,-0.545,-0.908,48.31,38.21,-8.21
318188.171000,0.625,-0.538,-0.893,58.96,51.15,-14.59
318188.171000,0.594,-0.494,-0.9,66.5,62.96,-23.07
318188.203000,0.562,-0.447,-0.896,70.68,73.55,-30.09
318188.218000,0.531,-0.429,-0.883,74.31,82.95,-36.07
318188.218000,0.478,-0.397,-0.855,75.81,88.96,-41.54
318188.234000,0.432,-0.352,-0.863,80.05,92.26,-44.34
318188.234000,0.374,-0.274,-0.883,85.82,96.26,-45.17
318188.250000,0.321,-0.209,-0.88,88.84,97.72,-40.22
318188.265000,0.31,-0.182,-0.845,91.49,96.68,-33.11
318188.265000,0.323,-0.185,-0.8,98.21,95.43,-27.25
318188.281000,0.324,-0.188,-0.772,106.51,93.66,-23.22
318188.296000,0.326,-0.184,-0.753,115.3,94.0,-19.56
318188.296000,0.345,-0.172,-0.693,119.63,95.28,-16.94
318188.312000,0.386,-0.157,-0.637,117.31,92.99,-14.47
318188.312000,0.436,-0.141,-0.591,110.87,89.21,-13.7
318188.328000,0.515,-0.152,-0.537,103.98,84.63,-13.49
318188.343000,0.591,-0.178,-0.464,97.11,79.2,-14.62
318188.343000,0.623,-0.192,-0.403,87.8,73.7,-16.97
318188.359000,0.665,-0.212,-0.316,77.73,69.89,-15.69
318188.359000,0.776,-0.229,-0.168,70.07,67.63,-11.38
318188.375000,0.863,-0.196,-0.09,62.84,64.49,-8.64
318188.375000,0.919,-0.158,-0.071,55.57,63.48,-4.09
318188.390000,1.005,-0.144,0.009,48.28,64.12,4.15
318188.406000,1.05,-0.133,0.045,40.44,59.33,13.61
318188.421000,1.055,-0.137,0.035,36.07,54.32,24.45
318188.437000,1.044,-0.16,0.019,33.48,50.6,36.44
318188.437000,1.028,-0.231,-0.018,33.51,47.06,51.09
318188.453000,1.054,-0.314,0.005,40.89,40.28,76.57
318188.453000,1.084,-0.393,0.048,53.1,37.66,85.97
318188.468000,1.12,-0.51,0.059,64.15,38.21,86.98
318188.484000,1.205,-0.621,0.075,65.92,39.37,77.21
318188.500000,1.26,-0.656,0.123,64.82,42.54,61.46
318188.500000,1.268,-0.656,0.156,59.11,46.51,42.39
318188.515000,1.225,-0.621,0.187,48.22,49.32,22.49
318188.515000,1.172,-0.6,0.228,36.19,51.27,3.45
318188.531000,1.153,-0.562,0.282,25.67,51.15,-12.85
318188.546000,1.182,-0.453,0.29,17.43,49.17,-31.07
318188.546000,1.185,-0.294,0.249,8.15,46.63,-47.36
318188.562000,1.145,-0.141,0.214,-3.94,46.91,-56.98
318188.578000,1.114,-0.051,0.209,-16.57,49.62,-56.73
318188.578000,1.072,-0.041,0.213,-24.38,52.46,-49.99
318188.593000,1.039,-0.062,0.26,-25.97,54.66,-38.64
318188.593000,0.993,-0.068,0.305,-22.68,53.1,-25.97
318188.609000,0.948,-0.086,0.297,-15.9,49.17,-11.87
318188.625000,0.92,-0.115,0.288,-9.86,46.51,1.59
318188.625000,0.904,-0.145,0.277,-9.06,43.28,12.48
318188.640000,0.897,-0.183,0.276,-13.58,39.37,18.19
318188.640000,0.894,-0.231,0.269,-20.57,35.55,19.04
318188.656000,0.892,-0.282,0.269,-30.0,32.62,15.56
318188.671000,0.879,-0.326,0.282,-40.1,29.27,8.97
318188.671000,0.866,-0.378,0.276,-48.34,25.03,2.72
318188.687000,0.856,-0.427,0.287,-54.29,21.55,-1.92
318188.703000,0.84,-0.463,0.31,-55.85,18.86,-5.46
318188.703000,0.82,-0.49,0.301,-54.72,15.47,-6.44
318188.718000,0.82,-0.515,0.276,-51.67,13.21,-5.13
318188.734000,0.829,-0.536,0.262,-47.64,11.84,-2.87
318188.734000,0.842,-0.548,0.253,-44.59,9.67,-1.4
318188.750000,0.857,-0.557,0.22,-42.45,7.05,-1.65
318188.750000,0.876,-0.551,0.188,-41.14,5.62,-3.36
318188.765000,0.881,-0.532,0.177,-38.82,6.38,-5.8
318188.781000,0.881,-0.52,0.165,-35.07,7.51,-7.39
318188.796000,0.883,-0.504,0.149,-31.28,9.03,-8.24
318188.796000,0.877,-0.482,0.144,-27.77,11.14,-8.24
318188.796000,0.876,-0.463,0.143,-24.72,13.18,-6.84
318188.828000,0.879,-0.455,0.139,-21.79,14.8,-4.15
318188.828000,0.88,-0.452,0.141,-18.98,16.21,-1.25
318188.843000,0.873,-0.441,0.153,-17.12,16.88,1.25
318188.843000,0.868,-0.435,0.149,-15.41,16.45,3.75
318188.859000,0.869,-0.431,0.148,-13.37,16.05,6.16
318188.875000,0.866,-0.433,0.137,-11.41,15.38,8.36
318188.875000,0.87,-0.448,0.134,-9.64,14.68,10.56
318188.890000,0.873,-0.448,0.141,-8.18,14.28,10.22
318188.906000,0.873,-0.443,0.132,-6.74,13.12,8.76
318188.906000,0.878,-0.442,0.118,-5.65,12.73,7.32
318188.921000,0.877,-0.446,0.123,-5.1,12.85,5.71
318188.921000,0.875,-0.45,0.129,-4.88,12.09,4.0
318188.937000,0.882,-0.455,0.122,-4.24,10.68,2.44
318188.953000,0.889,-0.45,0.112,-4.03,8.79,0.79
318188.953000,0.889,-0.433,0.101,-4.24,7.11,-0.12
318188.968000,0.885,-0.424,0.089,-4.0,6.41,1.04
318188.984000,0.887,-0.429,0.084,-2.72,6.62,3.48
318188.984000,0.891,-0.434,0.087,-0.85,7.29,5.1
318189.000000,0.889,-0.433,0.089,1.16,7.48,5.43
318189.000000,0.891,-0.434,0.084,3.14,7.23,5.43
318189.015000,0.89,-0.429,0.085,3.88,6.99,4.82
318189.031000,0.887,-0.43,0.085,2.84,6.47,4.03
318189.046000,0.884,-0.426,0.096,1.37,6.2,2.47
318189.046000,0.878,-0.428,0.108,0.12,5.62,1.4
318189.062000,0.875,-0.429,0.125,0.03,4.55,1.1
318189.062000,0.869,-0.42,0.137,1.01,3.39,0.7
318189.078000,0.865,-0.412,0.135,2.08,1.4,1.01
318189.093000,0.867,-0.399,0.135,2.26,-0.43,1.28
318189.093000,0.864,-0.39,0.128,1.43,-2.59,1.71
318189.109000,0.869,-0.4,0.125,1.77,-4.0,3.36
318189.125000,0.88,-0.407,0.119,2.84,-4.76,4.12
318189.125000,0.885,-0.401,0.105,2.66,-5.71,3.75
318189.125000,0.886,-0.392,0.099,0.89,-5.77,3.3
318189.140000,0.887,-0.397,0.095,-1.98,-5.55,3.11
318189.156000,0.889,-0.413,0.1,-4.3,-4.82,2.9
318189.171000,0.89,-0.431,0.104,-5.43,-4.67,2.9
318189.171000,0.893,-0.447,0.107,-4.94,-4.97,2.93
318189.187000,0.899,-0.455,0.096,-3.48,-5.28,3.02
318189.187000,0.902,-0.448,0.084,-2.23,-4.85,2.69
318189.203000,0.901,-0.437,0.075,-1.92,-3.91,2.01
318189.203000,0.906,-0.435,0.068,-2.9,-2.81,1.62
318189.234000,0.91,-0.435,0.069,-4.73,-1.5,0.64
318189.234000,0.905,-0.434,0.076,-6.96,-0.46,-0.55
318189.234000,0.901,-0.436,0.084,-7.66,0.43,-1.07
318189.250000,0.897,-0.439,0.086,-7.11,1.34,-0.89
318189.265000,0.891,-0.443,0.091,-5.95,1.98,-0.12
318189.265000,0.889,-0.442,0.099,-4.49,2.38,0.92
318189.281000,0.886,-0.448,0.104,-2.29,2.35,2.32
318189.281000,0.885,-0.458,0.106,0.03,2.2,3.91
318189.312000,0.882,-0.461,0.113,2.04,2.17,4.18
318189.328000,0.882,-0.456,0.11,3.63,1.71,3.78
318189.328000,0.883,-0.449,0.109,4.18,1.4,2.69
318189.343000,0.878,-0.438,0.107,3.08,1.19,0.67
318189.343000,0.875,-0.434,0.103,0.85,0.61,-0.82
318189.359000,0.868,-0.436,0.124,-0.15,0.82,-1.74
318189.359000,0.867,-0.444,0.118,-0.7,-0.49,-2.62
318189.375000,0.868,-0.449,0.104,-1.13,-1.8,-2.9
318189.390000,0.867,-0.448,0.115,-0.03,-2.11,-2.08
318189.390000,0.872,-0.448,0.108,1.65,-3.17,-0.95
318189.406000,0.881,-0.449,0.095,3.02,-4.0,0.15
318189.421000,0.881,-0.443,0.096,4.15,-3.75,0.67
318189.421000,0.882,-0.437,0.097,5.22,-3.17,0.98
318189.437000,0.88,-0.434,0.095,5.55,-2.78,1.1
318189.453000,0.879,-0.435,0.098,5.1,-2.62,0.7
318189.453000,0.876,-0.438,0.102,4.21,-2.69,0.43
318189.468000,0.869,-0.445,0.094,3.14,-3.27,0.4
318189.484000,0.871,-0.458,0.093,2.99,-3.23,1.07
318189.484000,0.867,-0.464,0.103,4.24,-2.53,1.74
318189.500000,0.867,-0.469,0.094,6.2,-2.99,2.84
318189.500000,0.878,-0.473,0.083,8.09,-3.39,3.88
318189.515000,0.887,-0.473,0.071,9.37,-3.54,4.03
318189.531000,0.891,-0.47,0.07,9.95,-2.84,3.81
318189.531000,0.893,-0.464,0.074,10.41,-1.83,2.93
318189.531000,0.891,-0.457,0.075,10.13,-1.16,1.65
318189.562000,0.887,-0.448,0.081,9.37,-0.43,0.58
318189.562000,0.884,-0.441,0.089,8.88,-0.12,0.15
318189.562000,0.876,-0.438,0.092,8.24,-0.34,0.15
318189.593000,0.87,-0.438,0.092,7.78,-0.64,0.49
318189.593000,0.867,-0.442,0.096,7.9,-0.7,1.25
318189.609000,0.865,-0.449,0.094,9.03,-1.04,2.26
318189.625000,0.861,-0.444,0.097,9.55,-1.07,2.44
318189.625000,0.855,-0.435,0.1,9.34,-1.13,2.29
318189.640000,0.849,-0.436,0.106,8.85,-1.31,2.75
318189.656000,0.841,-0.448,0.114,8.94,-2.04,3.69
318189.656000,0.83,-0.462,0.121,10.04,-3.02,5.77
318189.671000,0.822,-0.476,0.139,13.55,-4.27,9.0
318189.671000,0.812,-0.494,0.15,19.96,-6.13,13.98
318189.687000,0.808,-0.511,0.157,28.35,-8.33,20.26
318189.703000,0.812,-0.524,0.159,37.23,-10.38,26.49
318189.703000,0.829,-0.535,0.146,44.47,-12.48,30.7
318189.718000,0.856,-0.522,0.112,46.36,-14.34,29.57
318189.734000,0.879,-0.49,0.082,41.51,-15.2,23.22
318189.734000,0.896,-0.461,0.06,31.98,-15.5,14.5
318189.750000,0.903,-0.436,0.049,20.78,-15.29,4.94
318189.750000,0.9,-0.418,0.043,9.89,-14.44,-3.54
318189.765000,0.892,-0.41,0.05,2.5,-12.48,-8.48
318189.781000,0.883,-0.408,0.054,-0.21,-10.5,-8.85
318189.781000,0.886,-0.407,0.049,0.7,-8.42,-5.77
318189.796000,0.892,-0.414,0.042,4.06,-6.16,-0.15
318189.812000,0.906,-0.43,0.045,7.51,-4.09,5.77
318189.812000,0.915,-0.437,0.045,9.4,-3.05,9.77
318189.828000,0.925,-0.445,0.033,9.52,-2.5,11.29
318189.843000,0.93,-0.453,0.033,8.18,-0.82,10.28
318189.843000,0.92,-0.452,0.035,5.07,1.07,7.45
318189.859000,0.913,-0.453,0.038,0.95,3.05,4.55
318189.875000,0.905,-0.462,0.051,-2.41,4.88,1.92
318189.875000,0.893,-0.47,0.063,-4.33,6.13,-0.09
318189.875000,0.885,-0.468,0.078,-4.76,7.08,-1.16
318189.890000,0.876,-0.465,0.086,-4.21,7.05,-0.67
318189.906000,0.873,-0.464,0.1,-3.08,6.78,0.55
318189.906000,0.873,-0.463,0.112,-1.68,6.04,1.71
318189.937000,0.875,-0.464,0.108,-1.04,4.55,2.23
318189.937000,0.875,-0.468,0.099,-1.5,3.54,1.71
318189.937000,0.869,-0.469,0.102,-2.81,2.93,0.58
318189.953000,0.865,-0.469,0.109,-3.78,2.17,-0.92
318189.968000,0.863,-0.471,0.107,-4.3,0.89,-1.92
318189.968000,0.861,-0.469,0.108,-4.46,0.12,-2.78
318189.984000,0.855,-0.462,0.106,-4.94,-0.46,-3.48
318189.984000,0.856,-0.465,0.1,-5.07,-1.13,-2.78
318190.000000,0.859,-0.472,0.11,-4.24,-1.37,-1.71
318190.000000,0.859,-0.472,0.118,-3.08,-2.01,-1.25
318190.031000,0.861,-0.471,0.104,-2.47,-2.99,-2.11
318190.031000,0.868,-0.462,0.106,-3.42,-3.36,-2.93
318190.031000,0.869,-0.461,0.096,-4.7,-3.33,-3.6
318190.062000,0.871,-0.468,0.087,-5.65,-2.72,-4.33
318190.062000,0.876,-0.471,0.087,-5.74,-2.04,-5.34
318190.078000,0.869,-0.465,0.105,-5.31,-2.29,-5.52
318190.078000,0.863,-0.46,0.101,-4.55,-2.29,-5.34
318190.078000,0.857,-0.452,0.106,-3.51,-2.41,-4.24
318190.109000,0.855,-0.451,0.108,-2.53,-2.69,-2.11
318190.125000,0.861,-0.464,0.096,-1.46,-2.99,-0.31
318190.125000,0.862,-0.465,0.097,-1.28,-2.99,0.31
318190.140000,0.867,-0.478,0.094,0.12,-2.72,0.85
318190.156000,0.868,-0.48,0.078,-1.34,-2.9,0.06
318190.156000,0.867,-0.477,0.085,-2.66,-1.92,-0.92
318190.171000,0.865,-0.479,0.088,-2.66,-1.22,-1.07
318190.171000,0.866,-0.481,0.084,-2.23,-0.7,-0.98
318190.187000,0.866,-0.483,0.086,-1.53,-0.15,-0.7
318190.203000,0.87,-0.477,0.086,-0.61,0.03,-0.06
318190.203000,0.868,-0.469,0.084,0.49,0.03,0.7
318190.218000,0.872,-0.464,0.085,1.43,0.49,1.74
318190.234000,0.876,-0.459,0.088,2.04,0.98,2.38
318190.250000,0.876,-0.448,0.083,2.41,0.92,3.08
318190.250000,0.881,-0.452,0.079,2.53,1.07,3.88
318190.250000,0.885,-0.454,0.081,2.2,1.71,3.85
318190.265000,0.883,-0.454,0.072,1.34,1.65,3.17
318190.281000,0.882,-0.455,0.075,0.24,2.04,2.38
318190.281000,0.879,-0.459,0.08,-0.21,2.53,1.92
318190.296000,0.878,-0.468,0.083,-0.03,2.53,2.04
318190.312000,0.874,-0.468,0.087,0.34,2.23,1.92
318190.328000,0.871,-0.464,0.081,0.31,1.83,1.86
318190.328000,0.873,-0.469,0.077,0.15,1.83,2.04
318190.343000,0.873,-0.474,0.079,0.0,2.29,2.01
318190.343000,0.873,-0.475,0.078,0.12,2.53,1.77
318190.359000,0.876,-0.479,0.074,0.21,2.81,1.77
318190.359000,0.878,-0.479,0.077,0.03,2.99,1.43
318190.375000,0.876,-0.475,0.079,-0.12,2.84,0.61
318190.390000,0.875,-0.471,0.08,-0.49,2.62,-0.58
318190.390000,0.874,-0.465,0.08,-1.46,2.5,-1.59
318190.406000,0.872,-0.464,0.081,-2.59,2.44,-2.14
318190.406000,0.87,-0.465,0.088,-3.54,2.62,-2.53
318190.421000,0.866,-0.465,0.09,-3.48,2.35,-2.75
318190.437000,0.866,-0.463,0.089,-2.75,1.89,-2.75
318190.437000,0.866,-0.463,0.089,-2.08,1.68,-2.5
318190.453000,0.868,-0.461,0.091,-1.71,1.53,-2.32
318190.468000,0.871,-0.458,0.09,-1.68,1.37,-2.11
318190.468000,0.868,-0.451,0.094,-1.77,1.43,-1.71
318190.484000,0.866,-0.446,0.096,-1.98,1.68,-1.34
318190.500000,0.866,-0.445,0.096,-2.59,1.34,-0.98
318190.500000,0.865,-0.452,0.093,-3.45,0.82,-0.64
318190.500000,0.864,-0.459,0.087,-4.03,0.4,-0.85
318190.531000,0.862,-0.461,0.081,-4.52,0.34,-1.13
318190.546000,0.858,-0.467,0.082,-4.27,0.85,-0.95
318190.546000,0.857,-0.472,0.082,-3.66,0.95,-0.4
318190.562000,0.86,-0.476,0.083,-2.81,0.55,0.27
318190.562000,0.863,-0.473,0.087,-1.62,0.49,0.49
318190.578000,0.864,-0.464,0.078,-1.22,0.55,0.61
318190.593000,0.866,-0.456,0.076,-1.8,1.1,0.55
318190.593000,0.867,-0.453,0.085,-2.56,1.92,0.34
318190.609000,0.865,-0.456,0.09,-3.57,2.08,0.03
318190.609000,0.86,-0.455,0.089,-4.85,1.77,-0.49
318190.625000,0.857,-0.46,0.09,-5.65,1.65,-0.49
318190.640000,0.854,-0.471,0.093,-5.43,1.83,0.43
318190.656000,0.845,-0.485,0.1,-4.27,2.01,1.4
318190.656000,0.844,-0.489,0.109,-2.47,1.56,2.04
318190.656000,0.844,-0.485,0.111,-0.55,0.46,2.08
318190.671000,0.841,-0.474,0.107,0.76,-0.58,2.11
318190.687000,0.839,-0.468,0.11,0.89,-1.43,2.38
318190.703000,0.838,-0.468,0.119,0.46,-2.2,2.56
318190.703000,0.833,-0.477,0.121,0.49,-3.36,2.81
318190.718000,0.829,-0.477,0.127,0.21,-4.33,2.14
318190.734000,0.827,-0.475,0.126,0.24,-5.31,1.95
318190.734000,0.826,-0.481,0.124,0.61,-7.02,2.59
318190.750000,0.835,-0.485,0.127,1.5,-8.48,3.2
318190.765000,0.843,-0.484,0.119,2.99,-10.04,3.17
318190.765000,0.854,-0.473,0.108,4.36,-11.41,2.81
318190.781000,0.86,-0.453,0.099,4.73,-11.93,2.2
318190.781000,0.865,-0.443,0.095,4.18,-12.02,1.8
318190.796000,0.876,-0.44,0.096,3.57,-11.9,1.4
318190.812000,0.88,-0.437,0.088,3.33,-11.84,1.22
318190.812000,0.885,-0.442,0.069,2.96,-11.41,1.31
318190.828000,0.891,-0.452,0.058,2.59,-10.19,1.31
318190.843000,0.889,-0.455,0.05,1.83,-8.73,0.67
318190.843000,0.884,-0.456,0.044,0.73,-6.87,0.0
318190.859000,0.876,-0.456,0.044,-0.4,-4.64,-0.58
318190.875000,0.867,-0.464,0.049,-1.37,-2.56,-1.01
318190.875000,0.857,-0.468,0.064,-2.78,-1.1,-1.74
318190.890000,0.837,-0.46,0.09,-4.91,-0.52,-2.84
318190.906000,0.814,-0.446,0.108,-6.93,-1.07,-3.02
318190.906000,0.796,-0.454,0.124,-7.63,-1.28,-2.96
318190.921000,0.785,-0.442,0.182,-8.73,-1.28,-2.41
318190.921000,0.773,-0.43,0.227,-9.86,-4.24,-0.58
318190.937000,0.772,-0.438,0.258,-10.04,-8.3,2.32
318190.953000,0.778,-0.449,0.314,-9.31,-11.32,4.85
318190.968000,0.792,-0.45,0.375,-8.03,-15.32,7.66
318190.968000,0.815,-0.445,0.431,-6.07,-19.62,8.33
318190.984000,0.844,-0.414,0.499,-4.06,-24.23,6.01
318190.984000,0.876,-0.345,0.545,-3.72,-29.57,-0.58
318191.000000,0.894,-0.255,0.581,-6.2,-34.12,-9.77
318191.015000,0.929,-0.184,0.624,-11.78,-37.54,-17.18
318191.015000,0.978,-0.154,0.65,-17.21,-40.47,-22.1
318191.031000,1.013,-0.15,0.663,-20.81,-43.37,-23.19
318191.031000,1.059,-0.17,0.701,-20.29,-45.11,-19.71
318191.046000,1.109,-0.189,0.726,-14.95,-48.22,-16.63
318191.046000,1.124,-0.175,0.723,-6.35,-54.48,-14.5
318191.062000,1.138,-0.173,0.672,0.24,-62.53,-7.87
318191.078000,1.159,-0.206,0.622,0.73,-70.25,2.66
318191.093000,1.179,-0.308,0.588,4.36,-73.61,17.52
318191.109000,1.252,-0.488,0.563,17.15,-70.74,34.91
318191.109000,1.353,-0.655,0.522,35.86,-62.62,42.42
318191.125000,1.437,-0.717,0.417,49.13,-53.01,37.84
318191.125000,1.491,-0.713,0.291,49.56,-45.53,24.05
318191.140000,1.488,-0.709,0.178,36.07,-41.87,6.53
318191.140000,1.442,-0.73,0.095,15.23,-39.25,-10.9
318191.156000,1.386,-0.732,0.041,-6.96,-34.94,-30.06
318191.171000,1.328,-0.651,0.005,-27.01,-28.96,-51.3
318191.187000,1.232,-0.49,-0.016,-42.24,-20.91,-68.33
318191.187000,1.129,-0.365,-0.066,-52.8,-14.34,-71.08
318191.187000,1.05,-0.304,-0.086,-61.22,-10.38,-60.91
318191.203000,0.944,-0.244,-0.054,-64.58,-8.0,-45.08
318191.218000,0.853,-0.215,-0.054,-60.64,-10.62,-21.85
318191.234000,0.785,-0.225,-0.052,-55.73,-17.91,3.54
318191.234000,0.715,-0.244,-0.047,-51.64,-26.76,23.53
318191.250000,0.651,-0.247,-0.098,-50.08,-37.23,36.93
318191.265000,0.622,-0.239,-0.141,-56.25,-48.4,41.72
318191.265000,0.542,-0.237,-0.169,-69.12,-61.16,39.92
318191.265000,0.398,-0.324,-0.264,-79.2,-76.17,42.3
318191.281000,0.337,-0.497,-0.387,-81.64,-92.01,50.2
318191.296000,0.353,-0.634,-0.493,-80.54,-110.97,51.33
318191.312000,0.399,-0.643,-0.615,-82.67,-131.47,39.22
318191.312000,0.455,-0.537,-0.728,-89.08,-145.91,16.48
318191.328000,0.454,-0.395,-0.859,-100.99,-152.17,-9.52
318191.343000,0.385,-0.271,-0.936,-119.45,-149.45,-30.3
318191.343000,0.338,-0.245,-0.913,-137.73,-143.25,-41.14
318191.359000,0.277,-0.242,-0.893,-150.91,-142.77,-47.43
318191.375000,0.244,-0.202,-0.866,-155.22,-146.15,-47.7
318191.375000,0.257,-0.177,-0.882,-150.88,-151.04,-39.92
318191.390000,0.264,-0.129,-0.939,-142.77,-154.42,-28.47
318191.390000,0.274,-0.092,-0.99,-131.84,-153.2,-11.32
318191.406000,0.27,-0.12,-1.063,-118.96,-148.26,9.7
318191.421000,0.24,-0.178,-1.124,-105.81,-137.33,30.15
318191.437000,0.266,-0.269,-1.111,-93.26,-121.46,49.23
318191.437000,0.301,-0.38,-1.065,-81.15,-106.33,62.44
318191.453000,0.352,-0.485,-1.036,-68.54,-93.51,68.51
318191.453000,0.423,-0.581,-0.988,-55.18,-80.69,68.64
318191.468000,0.536,-0.678,-0.975,-41.66,-69.98,63.08
318191.468000,0.645,-0.717,-1.012,-29.3,-57.95,49.71
318191.484000,0.708,-0.711,-1.043,-18.49,-39.77,32.41
318191.500000,0.72,-0.692,-1.029,-9.67,-16.27,13.89
318191.515000,0.697,-0.649,-0.951,-0.55,8.0,-5.19
318191.531000,0.648,-0.574,-0.843,7.54,24.57,-21.09
318191.531000,0.613,-0.48,-0.781,13.31,32.93,-32.5
318191.531000,0.578,-0.376,-0.739,15.29,37.78,-40.62
318191.546000,0.547,-0.293,-0.663,15.23,39.7,-43.76
318191.562000,0.531,-0.235,-0.597,16.45,37.32,-43.24
318191.578000,0.543,-0.178,-0.572,17.12,31.07,-40.96
318191.578000,0.567,-0.123,-0.571,16.27,23.77,-36.04
318191.593000,0.597,-0.093,-0.584,15.72,17.94,-28.84
318191.593000,0.633,-0.082,-0.586,16.24,14.83,-19.96
318191.593000,0.659,-0.081,-0.579,14.37,10.32,-3.23
318191.625000,0.683,-0.102,-0.571,11.87,6.13,2.41
318191.625000,0.694,-0.135,-0.574,9.86,1.8,5.37
318191.640000,0.701,-0.167,-0.588,7.75,-1.46,6.9
318191.640000,0.711,-0.19,-0.596,4.64,-4.46,7.93
318191.656000,0.696,-0.227,-0.626,1.74,-6.74,9.34
318191.671000,0.695,-0.254,-0.637,0.4,-7.54,11.02
318191.671000,0.688,-0.28,-0.643,1.4,-6.78,12.33
318191.687000,0.697,-0.311,-0.64,4.18,-5.07,13.34
318191.703000,0.704,-0.325,-0.657,5.89,-3.88,11.93
318191.703000,0.712,-0.329,-0.678,5.58,-2.38,8.55
318191.718000,0.721,-0.326,-0.672,3.54,0.21,3.54
318191.734000,0.72,-0.319,-0.661,1.5,2.17,-1.68
318191.734000,0.717,-0.306,-0.658,-1.56,3.23,-7.39
318191.750000,0.715,-0.285,-0.649,-4.85,4.15,-12.45
318191.765000,0.706,-0.258,-0.626,-6.1,4.97,-14.98
318191.765000,0.695,-0.243,-0.616,-4.67,4.94,-13.18
318191.781000,0.697,-0.243,-0.611,-2.04,4.61,-9.13
318191.796000,0.703,-0.237,-0.61,-0.31,3.88,-5.16
318191.796000,0.704,-0.232,-0.621,0.0,3.11,-0.85
318191.812000,0.714,-0.248,-0.628,0.0,3.14,3.45
318191.812000,0.717,-0.274,-0.638,-0.67,3.14,6.2
318191.828000,0.721,-0.301,-0.638,-1.13,3.48,7.11
318191.828000,0.73,-0.322,-0.637,-0.98,3.78,6.99
318191.843000,0.733,-0.34,-0.642,-0.55,4.21,5.28
318191.859000,0.736,-0.352,-0.642,-0.7,5.13,2.35
318191.859000,0.742,-0.356,-0.644,-1.5,5.37,-1.4
318191.875000,0.744,-0.353,-0.652,-2.9,5.46,-5.71
318191.890000,0.742,-0.334,-0.66,-4.15,6.78,-9.67
318191.906000,0.729,-0.307,-0.66,-4.91,8.76,-11.47
318191.906000,0.72,-0.294,-0.642,-4.0,11.29,-9.77
318191.921000,0.71,-0.301,-0.624,-0.73,12.85,-5.52
318191.937000,0.702,-0.313,-0.621,3.33,13.52,-0.73
318191.937000,0.708,-0.318,-0.616,6.93,14.19,3.08
318191.953000,0.714,-0.317,-0.613,8.7,14.44,4.88
318191.953000,0.72,-0.32,-0.603,8.73,14.47,5.04
318191.968000,0.724,-0.329,-0.598,7.35,14.07,3.75
318191.984000,0.722,-0.331,-0.595,5.31,13.55,1.22
318192.000000,0.718,-0.324,-0.587,3.72,12.94,-0.98
318192.000000,0.719,-0.322,-0.579,2.75,12.12,-2.17
318192.015000,0.724,-0.32,-0.573,1.95,11.38,-2.66
318192.015000,0.725,-0.321,-0.576,1.8,10.59,-2.78
318192.031000,0.721,-0.323,-0.577,2.32,10.47,-2.38
318192.046000,0.717,-0.33,-0.579,2.81,10.25,-1.62
318192.046000,0.72,-0.335,-0.583,2.35,10.07,-1.16
318192.062000,0.725,-0.339,-0.586,1.4,10.04,-1.53
318192.062000,0.731,-0.342,-0.574,0.82,10.35,-3.02
318192.078000,0.732,-0.335,-0.571,-0.09,10.01,-5.31
318192.078000,0.731,-0.326,-0.578,-0.55,9.86,-7.29
318192.093000,0.728,-0.316,-0.576,-0.58,10.71,-8.45
318192.109000,0.72,-0.314,-0.569,0.7,11.93,-7.9
318192.125000,0.728,-0.325,-0.553,2.72,13.03,-6.56
318192.125000,0.732,-0.32,-0.548,4.0,12.85,-6.35
318192.140000,0.731,-0.309,-0.554,3.17,11.81,-7.02
318192.140000,0.735,-0.303,-0.55,1.65,11.2,-8.18
318192.156000,0.731,-0.301,-0.547,0.92,10.59,-8.42
318192.171000,0.724,-0.299,-0.548,1.92,10.22,-6.81
318192.187000,0.726,-0.297,-0.542,3.42,10.04,-4.0
318192.187000,0.728,-0.302,-0.542,5.31,9.34,-0.92
318192.203000,0.734,-0.314,-0.549,7.78,8.97,1.86
318192.203000,0.742,-0.321,-0.547,9.46,9.09,3.3
318192.218000,0.743,-0.328,-0.552,9.64,8.33,3.42
318192.234000,0.748,-0.336,-0.556,8.97,7.81,2.32
318192.250000,0.757,-0.338,-0.554,7.81,7.48,0.06
318192.250000,0.756,-0.327,-0.553,6.65,7.23,-2.5
318192.250000,0.751,-0.314,-0.552,5.86,7.54,-4.76
318192.265000,0.746,-0.299,-0.541,5.25,7.78,-6.01
318192.265000,0.743,-0.284,-0.532,4.82,7.6,-6.1
318192.296000,0.742,-0.272,-0.52,4.43,6.99,-5.01
318192.296000,0.743,-0.272,-0.518,4.46,6.13,-2.96
318192.312000,0.744,-0.276,-0.523,4.82,5.43,-1.31
318192.312000,0.741,-0.276,-0.526,4.64,4.82,-0.24
318192.328000,0.746,-0.28,-0.524,4.27,4.33,0.49
318192.343000,0.751,-0.289,-0.519,3.48,3.27,0.61
318192.343000,0.754,-0.29,-0.52,2.5,2.5,-0.55
318192.359000,0.749,-0.278,-0.523,1.8,1.77,-1.8
318192.359000,0.742,-0.269,-0.527,0.79,0.92,-1.89
318192.375000,0.734,-0.272,-0.523,0.15,0.34,-0.7
318192.390000,0.733,-0.281,-0.519,0.06,-0.18,1.07
318192.406000,0.737,-0.287,-0.517,0.76,-0.85,2.9
318192.406000,0.738,-0.289,-0.525,1.77,-1.83,4.76
318192.421000,0.75,-0.295,-0.524,2.2,-2.75,6.35
318192.437000,0.75,-0.309,-0.532,2.44,-3.11,7.11
318192.437000,0.752,-0.318,-0.537,2.84,-2.59,6.62
318192.453000,0.75,-0.318,-0.536,2.11,-2.23,5.04
318192.453000,0.752,-0.314,-0.54,0.73,-2.17,3.14
318192.468000,0.745,-0.306,-0.543,-0.89,-1.71,1.01
318192.484000,0.741,-0.302,-0.53,-2.14,-1.37,0.03
318192.484000,0.735,-0.304,-0.522,-2.23,-2.17,0.52
318192.500000,0.734,-0.31,-0.523,-1.13,-3.72,1.89
318192.515000,0.741,-0.31,-0.541,0.79,-4.88,3.6
318192.515000,0.745,-0.305,-0.541,2.47,-4.76,5.28
318192.531000,0.748,-0.314,-0.545,3.63,-4.27,6.99
318192.546000,0.752,-0.317,-0.549,2.72,-3.94,6.65
318192.546000,0.752,-0.313,-0.55,1.89,-3.94,5.55
318192.562000,0.748,-0.316,-0.553,0.76,-4.21,4.52
318192.562000,0.747,-0.322,-0.558,0.09,-3.69,3.51
318192.578000,0.747,-0.318,-0.561,-0.34,-3.14,2.53
318192.593000,0.742,-0.31,-0.563,-1.1,-2.59,2.14
318192.609000,0.746,-0.324,-0.553,-1.25,-2.11,2.9
318192.609000,0.757,-0.334,-0.544,-0.95,-2.66,3.02
318192.625000,0.756,-0.33,-0.558,-0.7,-3.97,2.08
318192.625000,0.758,-0.321,-0.569,-1.07,-4.3,1.04
318192.640000,0.755,-0.322,-0.572,-1.43,-3.91,0.67
318192.656000,0.759,-0.329,-0.571,-1.4,-3.23,0.61
318192.656000,0.758,-0.327,-0.571,-1.46,-2.66,0.03
318192.671000,0.756,-0.326,-0.572,-1.19,-2.14,0.03
318192.687000,0.76,-0.329,-0.574,-0.34,-1.62,0.64
318192.687000,0.759,-0.332,-0.577,0.73,-1.13,0.46
318192.687000,0.755,-0.328,-0.58,1.01,-0.43,0.06
318192.703000,0.749,-0.328,-0.57,1.01,0.55,0.09
318192.703000,0.753,-0.333,-0.562,1.01,1.04,-0.24
318192.718000,0.752,-0.329,-0.559,0.61,1.04,-1.31
318192.734000,0.746,-0.324,-0.559,0.43,0.79,-1.77
318192.734000,0.75,-0.323,-0.554,0.58,0.67,-1.83
318192.750000,0.752,-0.316,-0.552,0.4,0.31,-1.92
318192.765000,0.754,-0.311,-0.555,0.43,0.12,-1.68
318192.765000,0.754,-0.306,-0.558,0.52,0.24,-0.98
318192.781000,0.755,-0.308,-0.559,0.43,0.31,-0.12
318192.781000,0.755,-0.313,-0.56,1.01,0.24,1.28
318192.796000,0.756,-0.318,-0.563,2.08,0.52,2.47
318192.812000,0.758,-0.321,-0.568,3.14,1.1,3.36
318192.828000,0.754,-0.321,-0.567,3.27,1.8,3.75
318192.843000,0.749,-0.324,-0.561,2.56,2.35,3.6
318192.843000,0.752,-0.331,-0.556,1.95,2.78,3.14
318192.859000,0.751,-0.329,-0.558,1.19,2.56,2.11
318192.859000,0.752,-0.323,-0.56,0.0,2.44,0.73
318192.875000,0.754,-0.322,-0.55,-0.76,2.69,-0.21
318192.890000,0.755,-0.324,-0.547,-1.01,2.72,-0.64
318192.906000,0.754,-0.324,-0.552,-0.85,2.35,-1.04
318192.906000,0.754,-0.324,-0.552,-0.21,2.26,-1.07
318192.906000,0.753,-0.32,-0.558,0.7,2.32,-0.79
318192.921000,0.747,-0.315,-0.562,1.1,2.47,-0.24
318192.937000,0.747,-0.315,-0.561,1.07,2.84,0.67
318192.953000,0.753,-0.319,-0.556,1.59,3.33,1.86
318192.953000,0.753,-0.325,-0.555,2.14,3.6,2.72
318192.968000,0.757,-0.333,-0.551,2.41,3.57,3.17
318192.984000,0.761,-0.337,-0.555,2.44,3.17,2.78
318193.000000,0.766,-0.333,-0.56,1.98,3.23,1.16
318193.000000,0.765,-0.325,-0.555,1.1,3.6,-0.58
318193.000000,0.763,-0.324,-0.563,0.37,3.6,-1.37
318193.015000,0.763,-0.319,-0.55,0.31,4.52,-1.62
318193.031000,0.759,-0.319,-0.553,1.19,4.7,-1.25
318193.046000,0.749,-0.307,-0.543,1.65,5.25,-0.52
318193.046000,0.753,-0.314,-0.542,2.53,5.37,1.1
318193.062000,0.755,-0.317,-0.537,2.5,5.22,1.89
318193.062000,0.751,-0.315,-0.535,1.98,4.94,1.77
318193.078000,0.747,-0.318,-0.537,0.89,4.61,1.4
318193.093000,0.752,-0.326,-0.53,-0.09,4.43,0.95
318193.093000,0.749,-0.331,-0.53,-0.37,4.12,0.18
318193.109000,0.744,-0.326,-0.531,-0.24,3.66,-0.34
318193.125000,0.742,-0.325,-0.532,-0.15,3.42,-0.4
318193.125000,0.746,-0.324,-0.534,0.03,3.23,-0.49
318193.140000,0.749,-0.317,-0.53,0.34,3.39,-0.43
318193.156000,0.751,-0.313,-0.526,0.58,3.57,-0.18
318193.156000,0.746,-0.309,-0.523,0.58,3.45,0.09
318193.156000,0.741,-0.311,-0.522,-0.03,2.99,0.76
318193.171000,0.742,-0.324,-0.527,0.43,2.5,2.14
318193.187000,0.75,-0.337,-0.529,0.95,2.41,1.46
318193.203000,0.755,-0.337,-0.529,0.67,2.17,0.49
318193.203000,0.751,-0.33,-0.542,0.27,2.72,0.0
318193.218000,0.751,-0.331,-0.548,0.49,3.72,-0.31
318193.234000,0.751,-0.339,-0.54,0.89,4.3,-0.82
318193.234000,0.741,-0.343,-0.534,1.62,4.61,-1.07
318193.250000,0.747,-0.342,-0.521,2.59,4.88,-1.22
318193.250000,0.752,-0.338,-0.52,3.23,4.15,-1.74
318193.265000,0.759,-0.329,-0.524,3.08,3.17,-2.26
318193.265000,0.756,-0.326,-0.531,2.9,2.44,-2.08
318193.281000,0.755,-0.331,-0.535,3.81,2.78,-0.55
318193.281000,0.754,-0.335,-0.532,5.49,3.48,1.19
318193.296000,0.757,-0.334,-0.531,7.51,3.85,3.11
318193.312000,0.764,-0.332,-0.531,8.76,3.94,4.55
318193.328000,0.77,-0.334,-0.528,8.36,4.06,4.88
318193.343000,0.767,-0.342,-0.528,6.35,4.18,4.03
318193.343000,0.774,-0.355,-0.513,4.15,4.15,1.98
318193.359000,0.774,-0.357,-0.509,2.59,3.63,-0.92
318193.359000,0.771,-0.339,-0.509,1.68,3.08,-3.66
318193.359000,0.769,-0.322,-0.513,0.67,2.38,-4.82
318193.375000,0.768,-0.315,-0.512,-0.15,1.89,-4.27
318193.406000,0.763,-0.317,-0.512,0.09,1.71,-2.5
318193.406000,0.759,-0.321,-0.516,1.59,1.8,-0.21
318193.421000,0.758,-0.331,-0.524,3.33,1.4,2.2
318193.437000,0.761,-0.34,-0.531,5.13,1.5,4.18
318193.437000,0.765,-0.345,-0.533,6.62,2.14,4.76
318193.453000,0.762,-0.348,-0.543,7.02,3.08,3.97
318193.453000,0.756,-0.349,-0.543,6.26,4.15,1.98
318193.468000,0.753,-0.356,-0.521,4.97,4.76,-0.03
318193.484000,0.757,-0.364,-0.506,3.91,4.46,-2.41
318193.484000,0.754,-0.352,-0.505,2.23,3.57,-6.16
318193.500000,0.752,-0.33,-0.512,0.46,2.56,-9.43
318193.515000,0.756,-0.312,-0.522,-1.86,1.31,-11.08
318193.515000,0.752,-0.303,-0.521,-2.2,1.37,-10.32
318193.531000,0.747,-0.307,-0.527,0.21,1.95,-7.26
318193.546000,0.747,-0.316,-0.535,4.15,3.08,-3.05
318193.546000,0.76,-0.319,-0.535,7.72,4.46,0.34
318193.562000,0.764,-0.312,-0.552,9.28,5.49,1.1
318193.562000,0.753,-0.319,-0.569,8.97,7.26,1.13
318193.578000,0.758,-0.342,-0.551,8.48,9.31,0.98
318193.593000,0.764,-0.357,-0.535,8.18,9.92,-0.85
318193.593000,0.753,-0.35,-0.557,8.48,9.43,-3.66
318193.609000,0.748,-0.35,-0.577,10.44,10.32,-4.43
318193.609000,0.75,-0.36,-0.58,13.86,11.78,-3.6
318193.625000,0.758,-0.36,-0.592,17.76,13.95,-2.87
318193.640000,0.757,-0.352,-0.607,21.64,17.3,-1.92
318193.640000,0.749,-0.365,-0.631,26.09,21.0,0.09
318193.656000,0.751,-0.404,-0.666,30.12,24.05,2.41
318193.656000,0.731,-0.443,-0.697,34.79,28.08,2.99
318193.671000,0.706,-0.476,-0.704,42.3,33.36,4.73
318193.687000,0.689,-0.521,-0.708,54.38,38.39,8.85
318193.703000,0.729,-0.555,-0.679,66.38,42.94,12.51
318193.703000,0.776,-0.571,-0.666,78.89,47.15,13.0
318193.718000,0.781,-0.542,-0.699,89.33,53.41,7.6
318193.734000,0.755,-0.481,-0.73,93.23,60.24,0.34
318193.734000,0.718,-0.468,-0.753,93.6,66.01,-2.9
318193.734000,0.687,-0.51,-0.763,96.96,72.18,-1.77
318193.750000,0.659,-0.54,-0.791,103.34,78.55,-0.55
318193.765000,0.632,-0.539,-0.826,112.64,85.57,0.73
318193.765000,0.619,-0.526,-0.869,123.02,93.08,3.23
318193.781000,0.616,-0.507,-0.878,130.89,101.72,5.34
318193.796000,0.616,-0.486,-0.819,134.07,110.66,6.53
318193.796000,0.583,-0.497,-0.714,135.72,117.13,10.13
318193.812000,0.567,-0.553,-0.579,138.62,121.25,14.74
318193.828000,0.556,-0.589,-0.474,139.68,120.46,12.57
318193.843000,0.522,-0.591,-0.414,138.68,113.93,5.49
318193.843000,0.571,-0.545,-0.329,132.94,103.58,-5.25
318193.843000,0.613,-0.425,-0.299,119.97,89.21,-22.52
318193.875000,0.586,-0.301,-0.305,104.89,78.04,-36.62
318193.875000,0.632,-0.247,-0.261,96.22,75.08,-41.6
318193.890000,0.72,-0.23,-0.13,92.23,75.69,-43.15
318193.890000,0.753,-0.21,-0.024,90.27,75.01,-43.46
318193.906000,0.783,-0.172,0.073,87.95,76.42,-40.68
318193.921000,0.767,-0.155,0.073,83.71,76.63,-34.94
318193.921000,0.781,-0.184,0.104,79.59,77.03,-25.45
318193.937000,0.86,-0.186,0.176,74.31,73.06,-19.75
318193.937000,0.839,-0.156,0.091,66.26,59.85,-17.12
318193.968000,0.866,-0.215,0.021,60.64,50.9,-8.36
318193.968000,0.963,-0.279,0.079,54.05,45.84,-3.08
318193.984000,0.957,-0.309,0.027,51.52,40.89,-4.15
318193.984000,0.967,-0.326,0.004,53.71,44.22,-5.37
318194.000000,0.994,-0.329,0.042,54.51,50.57,-8.18
318194.015000,0.967,-0.323,0.043,51.36,54.81,-11.66
318194.015000,0.957,-0.286,0.153,45.93,62.07,-15.29
318194.031000,0.963,-0.236,0.269,38.06,65.49,-18.22
318194.046000,0.966,-0.209,0.261,29.08,65.74,-19.78
318194.046000,1.001,-0.191,0.286,18.07,67.81,-22.4
318194.062000,1.011,-0.138,0.346,5.86,65.8,-29.73
318194.062000,0.962,-0.101,0.297,-3.14,58.72,-32.75
318194.078000,0.935,-0.109,0.272,-9.61,53.22,-29.76
318194.093000,0.932,-0.139,0.265,-13.03,48.95,-23.04
318194.093000,0.917,-0.161,0.258,-13.31,46.78,-13.95
318194.109000,0.916,-0.185,0.289,-10.53,47.98,-1.31
318194.109000,0.941,-0.266,0.307,-4.18,49.65,15.66
318194.140000,0.965,-0.344,0.347,3.75,52.92,29.88
318194.140000,0.976,-0.412,0.377,14.68,55.27,39.52
318194.156000,0.986,-0.447,0.351,21.94,55.91,42.39
318194.156000,0.982,-0.449,0.312,20.36,56.61,39.16
318194.171000,0.969,-0.439,0.29,11.84,60.06,31.89
318194.171000,0.953,-0.451,0.284,-1.1,64.55,23.38
318194.187000,0.962,-0.477,0.305,-13.21,68.21,14.01
318194.187000,0.954,-0.483,0.329,-23.53,69.49,1.1
318194.203000,0.928,-0.468,0.335,-30.67,70.31,-11.47
318194.218000,0.91,-0.445,0.348,-33.51,73.92,-20.14
318194.218000,0.881,-0.399,0.381,-34.18,78.95,-25.91
318194.234000,0.846,-0.364,0.399,-32.01,83.53,-26.64
318194.250000,0.833,-0.345,0.438,-28.6,88.78,-23.5
318194.265000,0.81,-0.328,0.512,-25.3,92.41,-19.1
318194.265000,0.786,-0.333,0.564,-21.06,92.17,-13.31
318194.265000,0.79,-0.34,0.573,-18.04,89.69,-8.91
318194.281000,0.789,-0.323,0.579,-19.01,85.67,-8.39
318194.296000,0.773,-0.301,0.585,-24.78,80.51,-10.32
318194.296000,0.743,-0.298,0.575,-34.58,75.81,-12.24
318194.312000,0.721,-0.328,0.572,-44.01,73.55,-13.82
318194.312000,0.706,-0.377,0.589,-49.17,73.52,-15.02
318194.343000,0.69,-0.419,0.628,-49.01,74.1,-14.74
318194.343000,0.662,-0.445,0.667,-45.26,71.99,-13.7
318194.343000,0.661,-0.474,0.678,-37.97,67.08,-10.1
318194.359000,0.674,-0.484,0.668,-30.52,60.61,-7.08
318194.375000,0.678,-0.487,0.662,-23.29,54.14,-5.77
318194.375000,0.691,-0.488,0.625,-18.92,47.82,-5.89
318194.406000,0.693,-0.484,0.586,-20.78,42.97,-8.33
318194.406000,0.698,-0.484,0.589,-25.36,40.35,-11.2
318194.421000,0.692,-0.49,0.598,-28.35,37.54,-13.92
318194.437000,0.683,-0.491,0.619,-27.19,35.0,-16.54
318194.437000,0.676,-0.496,0.624,-22.1,32.11,-17.0
318194.437000,0.679,-0.491,0.617,-16.79,29.02,-15.87
318194.453000,0.691,-0.474,0.615,-11.72,25.91,-14.83
318194.468000,0.706,-0.454,0.607,-7.9,22.22,-13.55
318194.468000,0.718,-0.437,0.589,-5.95,18.74,-12.73
318194.484000,0.724,-0.421,0.581,-5.62,15.87,-12.94
318194.500000,0.72,-0.405,0.576,-5.92,13.15,-13.06
318194.515000,0.726,-0.4,0.565,-5.86,10.22,-13.06
318194.515000,0.736,-0.402,0.551,-5.22,7.54,-12.7
318194.515000,0.74,-0.405,0.537,-2.84,6.53,-11.51
318194.531000,0.736,-0.397,0.525,-1.19,6.23,-10.22
318194.546000,0.731,-0.396,0.519,-0.52,6.53,-7.54
318194.562000,0.73,-0.407,0.522,-0.24,7.32,-3.63
318194.562000,0.73,-0.417,0.537,0.31,8.27,-0.34
318194.593000,0.732,-0.418,0.545,1.28,7.97,1.43
318194.593000,0.739,-0.412,0.537,1.25,6.07,1.92
318194.593000,0.741,-0.408,0.528,0.03,4.06,2.26
318194.609000,0.746,-0.405,0.515,-2.04,2.17,2.04
318194.625000,0.76,-0.412,0.502,-3.45,0.37,2.01
318194.625000,0.769,-0.42,0.49,-3.05,-0.06,2.53
318194.640000,0.768,-0.429,0.483,-1.43,1.22,3.27
318194.656000,0.768,-0.428,0.491,0.27,3.3,3.33
318194.656000,0.768,-0.42,0.495,2.11,5.25,2.9
318194.671000,0.764,-0.416,0.497,3.2,6.68,2.78
318194.671000,0.755,-0.419,0.507,3.48,7.51,3.23
318194.687000,0.751,-0.424,0.52,2.44,7.6,3.48
318194.703000,0.752,-0.424,0.526,1.28,6.16,3.27
318194.703000,0.767,-0.416,0.518,1.31,4.12,2.04
318194.718000,0.773,-0.397,0.501,1.07,2.5,-0.15
318194.734000,0.766,-0.375,0.493,-0.03,1.77,-1.92
318194.734000,0.758,-0.377,0.489,-1.43,2.01,-1.37
318194.750000,0.757,-0.391,0.504,-2.11,3.17,0.67
318194.765000,0.753,-0.406,0.519,-0.37,2.99,5.65
318194.765000,0.749,-0.417,0.523,0.49,2.35,7.42
318194.781000,0.747,-0.424,0.521,0.52,1.77,7.87
318194.796000,0.753,-0.429,0.52,-0.09,0.61,6.5
318194.796000,0.77,-0.428,0.507,-1.4,-0.64,3.97
318194.812000,0.769,-0.404,0.483,-3.17,-1.07,1.74
318194.812000,0.765,-0.402,0.479,-4.58,-0.4,0.76
318194.828000,0.76,-0.394,0.493,-5.46,0.73,0.49
318194.843000,0.749,-0.391,0.507,-5.1,0.7,1.25
318194.843000,0.747,-0.395,0.511,-3.81,-0.09,3.05
318194.859000,0.738,-0.396,0.517,-3.08,-0.85,4.7
318194.859000,0.726,-0.395,0.53,-2.75,-1.95,6.38
318194.875000,0.721,-0.406,0.542,-1.28,-3.23,8.88
318194.875000,0.718,-0.415,0.542,0.7,-5.04,10.77
318194.890000,0.722,-0.416,0.532,1.34,-7.32,10.86
318194.906000,0.733,-0.419,0.511,0.03,-9.43,8.79
318194.906000,0.75,-0.442,0.49,-2.93,-11.08,6.65
318194.921000,0.76,-0.463,0.491,-5.86,-11.93,3.6
318194.937000,0.76,-0.477,0.493,-7.57,-13.18,0.73
318194.953000,0.772,-0.495,0.486,-5.86,-13.76,0.12
318194.953000,0.783,-0.498,0.48,-2.23,-13.21,-0.21
318194.968000,0.785,-0.482,0.475,1.43,-12.02,-0.12
318194.968000,0.79,-0.463,0.466,3.94,-10.1,0.09
318194.984000,0.797,-0.451,0.456,4.43,-8.12,0.4
318195.000000,0.804,-0.454,0.452,2.93,-6.13,-0.03
318195.000000,0.809,-0.446,0.457,1.1,-4.12,-2.2
318195.000000,0.808,-0.429,0.458,-0.12,-2.44,-5.1
318195.031000,0.802,-0.414,0.45,-1.28,-0.49,-7.05
318195.031000,0.793,-0.404,0.451,-2.75,1.86,-7.32
318195.046000,0.785,-0.4,0.466,-3.63,4.7,-6.1
318195.062000,0.782,-0.412,0.478,-2.72,7.17,-3.33
318195.062000,0.78,-0.428,0.485,-0.82,8.67,-0.98
318195.078000,0.779,-0.432,0.488,0.85,9.95,0.27
318195.093000,0.775,-0.432,0.49,1.43,10.53,1.04
318195.093000,0.772,-0.433,0.495,1.01,10.71,0.85
318195.109000,0.766,-0.439,0.502,0.34,10.62,-0.21
318195.109000,0.755,-0.442,0.512,-0.27,10.35,-1.71
318195.125000,0.75,-0.436,0.52,-0.18,9.64,-2.99
318195.140000,0.741,-0.424,0.522,0.09,8.39,-3.97
318195.156000,0.734,-0.412,0.518,0.15,7.17,-4.21
318195.156000,0.73,-0.406,0.522,-0.12,6.47,-3.63
318195.156000,0.724,-0.401,0.529,-0.64,5.49,-2.9
318195.171000,0.721,-0.399,0.524,-1.22,3.78,-1.8
318195.187000,0.729,-0.408,0.523,-1.34,2.35,-0.52
318195.187000,0.732,-0.416,0.528,-0.31,1.07,0.49
318195.203000,0.734,-0.421,0.527,1.53,-0.67,1.37
318195.218000,0.74,-0.429,0.514,3.36,-2.44,1.74
318195.218000,0.75,-0.427,0.506,3.81,-3.66,0.95
318195.234000,0.752,-0.426,0.496,2.96,-4.7,0.03
318195.250000,0.753,-0.432,0.496,2.01,-4.82,-0.79
318195.250000,0.746,-0.431,0.502,1.65,-4.52,-1.01
318195.265000,0.742,-0.434,0.497,2.53,-4.43,-0.03
318195.265000,0.751,-0.438,0.495,3.91,-4.09,1.8
318195.281000,0.754,-0.433,0.498,5.4,-3.78,2.62
318195.296000,0.759,-0.432,0.489,6.5,-3.81,3.08
318195.296000,0.767,-0.428,0.48,6.35,-3.85,2.66
318195.312000,0.768,-0.418,0.477,4.85,-3.81,1.22
318195.312000,0.771,-0.409,0.471,3.05,-3.69,-0.34
318195.328000,0.771,-0.401,0.47,1.28,-3.11,-1.53
318195.343000,0.768,-0.402,0.469,0.21,-2.32,-1.19
318195.343000,0.771,-0.411,0.475,0.64,-1.16,0.4
318195.359000,0.771,-0.408,0.484,1.71,0.0,1.68
318195.359000,0.769,-0.402,0.481,3.2,0.52,3.3
318195.375000,0.771,-0.405,0.473,4.49,1.46,5.01
318195.390000,0.775,-0.409,0.472,4.39,2.69,6.01
318195.390000,0.778,-0.412,0.473,2.96,3.45,5.62
318195.406000,0.774,-0.416,0.481,0.92,3.57,4.36
318195.437000,0.771,-0.427,0.48,-1.04,3.6,3.27
318195.437000,0.761,-0.432,0.491,-2.29,4.24,1.92
318195.453000,0.759,-0.442,0.501,-1.62,4.82,1.92
318195.453000,0.757,-0.452,0.504,-0.31,4.73,2.38
318195.468000,0.753,-0.45,0.517,1.28,4.52,2.23
318195.484000,0.747,-0.444,0.519,2.87,3.75,2.62
318195.484000,0.746,-0.444,0.517,4.52,3.33,3.14
318195.500000,0.74,-0.437,0.522,5.52,2.72,3.11
318195.500000,0.737,-0.431,0.522,6.2,1.71,3.36
318195.515000,0.738,-0.422,0.519,5.83,0.82,2.99
318195.531000,0.733,-0.413,0.513,4.18,-0.03,1.65
318195.531000,0.734,-0.414,0.511,2.5,-1.01,0.95
318195.546000,0.736,-0.419,0.517,1.65,-1.68,0.61
318195.562000,0.735,-0.413,0.519,1.77,-2.9,0.18
318195.562000,0.737,-0.408,0.509,2.9,-4.52,0.79
318195.578000,0.746,-0.418,0.493,4.24,-5.04,2.87
318195.593000,0.753,-0.424,0.489,5.13,-4.55,4.12
318195.609000,0.757,-0.422,0.483,5.31,-4.58,4.76
318195.609000,0.767,-0.423,0.473,5.4,-3.85,5.07
318195.625000,0.773,-0.419,0.468,4.61,-2.84,3.88
318195.625000,0.772,-0.407,0.465,2.72,-1.89,2.08
318195.640000,0.772,-0.407,0.466,0.34,-0.92,1.22
318195.640000,0.771,-0.409,0.476,-1.77,-0.27,0.7
318195.656000,0.761,-0.402,0.488,-2.84,-0.09,0.49
318195.656000,0.756,-0.4,0.493,-2.32,0.06,1.8
318195.687000,0.754,-0.402,0.503,-1.16,0.4,3.66
318195.687000,0.752,-0.405,0.519,-0.06,-0.18,5.16
318195.687000,0.751,-0.406,0.529,1.31,-1.8,6.01
318195.687000,0.756,-0.406,0.526,2.01,-3.88,5.13
318195.718000,0.759,-0.391,0.519,0.21,-6.1,1.68
318195.734000,0.764,-0.381,0.51,-3.6,-8.3,-2.23
318195.750000,0.774,-0.393,0.499,-7.9,-10.1,-4.7
318195.750000,0.781,-0.419,0.499,-10.68,-11.72,-5.86
318195.750000,0.784,-0.446,0.495,-10.65,-13.15,-5.34
318195.765000,0.794,-0.479,0.478,-7.84,-14.01,-3.11
318195.781000,0.804,-0.501,0.458,-4.15,-13.46,-1.22
318195.796000,0.813,-0.509,0.445,-0.52,-11.72,-0.61
318195.796000,0.816,-0.505,0.435,1.86,-9.49,-1.37
318195.812000,0.812,-0.495,0.43,2.35,-7.17,-3.08
318195.812000,0.803,-0.479,0.434,1.13,-4.79,-5.58
318195.828000,0.793,-0.467,0.443,-0.24,-3.08,-7.66
318195.843000,0.783,-0.456,0.451,-0.52,-1.77,-8.61
318195.843000,0.769,-0.444,0.457,-0.4,-0.61,-8.76
318195.859000,0.765,-0.435,0.456,0.24,0.7,-7.54
318195.875000,0.763,-0.421,0.466,1.25,2.08,-6.23
318195.875000,0.759,-0.407,0.469,1.92,2.84,-4.94
318195.890000,0.758,-0.395,0.467,1.46,3.17,-4.09
318195.890000,0.76,-0.386,0.468,0.43,3.14,-3.57
318195.906000,0.758,-0.387,0.471,-1.19,2.99,-3.05
318195.921000,0.753,-0.392,0.473,-2.59,3.05,-2.35
318195.921000,0.756,-0.41,0.473,-2.93,3.3,-1.31
318195.937000,0.757,-0.419,0.479,-2.32,3.51,-0.82
318195.953000,0.748,-0.421,0.482,-1.68,3.27,-0.27
318195.953000,0.749,-0.429,0.479,-0.95,2.96,0.92
318195.968000,0.748,-0.429,0.48,-0.7,2.93,1.5
318195.968000,0.745,-0.428,0.483,-0.73,2.66,1.92
318195.984000,0.747,-0.428,0.483,-0.64,2.38,2.08
318196.000000,0.746,-0.425,0.487,-0.61,1.92,2.04
318196.015000,0.747,-0.415,0.491,-0.76,0.89,1.68
318196.015000,0.749,-0.399,0.485,-1.62,-0.15,1.13
318196.031000,0.761,-0.388,0.474,-3.63,-0.79,0.82
318196.031000,0.774,-0.382,0.468,-5.92,-0.58,0.58
318196.046000,0.776,-0.382,0.465,-7.32,0.43,1.28
318196.062000,0.779,-0.395,0.464,-7.66,2.01,2.96
318196.062000,0.782,-0.411,0.471,-7.54,3.97,4.55
318196.078000,0.78,-0.426,0.476,-6.59,5.31,6.01
318196.093000,0.778,-0.453,0.481,-5.07,6.87,7.78
318196.093000,0.779,-0.481,0.499,-2.5,8.24,8.94
318196.109000,0.776,-0.501,0.507,1.13,8.85,8.91
318196.125000,0.775,-0.502,0.511,3.02,8.51,7.08
318196.125000,0.772,-0.489,0.515,3.42,7.54,4.03
318196.140000,0.766,-0.469,0.518,2.96,6.41,0.49
318196.140000,0.757,-0.44,0.521,1.95,5.19,-2.69
318196.156000,0.75,-0.418,0.519,1.07,3.6,-4.43
318196.171000,0.753,-0.408,0.518,0.98,2.23,-4.18
318196.171000,0.755,-0.396,0.516,1.56,0.73,-3.51
318196.187000,0.754,-0.387,0.506,2.29,-0.49,-2.04
318196.187000,0.759,-0.388,0.495,2.84,-1.01,-0.27
318196.203000,0.766,-0.395,0.491,3.11,-0.98,1.22
318196.218000,0.772,-0.407,0.491,3.57,-0.73,2.41
318196.218000,0.772,-0.419,0.489,3.57,-0.7,2.84
318196.234000,0.777,-0.433,0.481,2.99,-1.01,2.08
318196.250000,0.78,-0.44,0.48,1.8,-0.89,0.21
318196.250000,0.773,-0.442,0.481,0.34,-0.52,-2.04
318196.265000,0.764,-0.449,0.481,-0.73,-0.09,-3.48
318196.265000,0.764,-0.454,0.483,-1.01,0.61,-4.49
318196.281000,0.76,-0.445,0.49,-0.4,1.1,-5.22
318196.296000,0.752,-0.436,0.488,1.25,1.53,-4.7
318196.296000,0.751,-0.432,0.489,3.23,1.89,-3.27
318196.312000,0.749,-0.419,0.492,4.76,2.23,-1.8
318196.328000,0.747,-0.408,0.489,4.58,2.72,0.31
318196.343000,0.749,-0.405,0.487,2.81,2.62,0.24
318196.343000,0.75,-0.402,0.487,0.43,2.47,-0.55
318196.359000,0.747,-0.396,0.487,-1.83,2.23,-1.01
318196.359000,0.738,-0.392,0.491,-3.11,1.95,0.03
318196.359000,0.736,-0.399,0.494,-3.14,1.37,1.89
318196.375000,0.741,-0.422,0.498,-2.26,0.73,3.63
318196.406000,0.744,-0.433,0.492,-0.49,0.03,5.71
318196.406000,0.755,-0.446,0.483,1.04,-0.12,6.96
318196.406000,0.76,-0.446,0.481,0.92,-0.21,6.29
318196.421000,0.761,-0.443,0.471,-0.4,-0.27,4.58
318196.437000,0.765,-0.448,0.472,-2.29,0.03,2.62
318196.453000,0.766,-0.454,0.482,-3.54,0.43,0.76
318196.453000,0.764,-0.452,0.489,-3.69,0.12,-0.82
318196.453000,0.763,-0.445,0.489,-3.27,-0.37,-2.01
318196.484000,0.764,-0.434,0.49,-1.92,-0.4,-2.04
318196.484000,0.765,-0.425,0.494,-0.46,-0.46,-1.25
318196.500000,0.763,-0.42,0.493,0.46,-0.95,0.03
318196.515000,0.765,-0.418,0.489,1.1,-1.34,1.43
318196.515000,0.768,-0.418,0.485,1.25,-1.4,2.29
318196.531000,0.774,-0.422,0.48,1.16,-1.07,2.81
318196.546000,0.775,-0.42,0.481,0.24,-0.73,2.38
318196.546000,0.767,-0.416,0.481,-1.31,-0.95,1.46
318196.562000,0.767,-0.427,0.473,-2.75,-0.98,1.07
318196.562000,0.772,-0.436,0.478,-4.12,-0.55,0.15
318196.578000,0.765,-0.434,0.486,-4.64,-0.49,-0.73
318196.578000,0.763,-0.446,0.481,-3.69,-0.7,-0.03
318196.593000,0.767,-0.461,0.481,-1.56,-0.24,1.1
318196.609000,0.763,-0.452,0.487,0.85,-0.06,1.4
318196.609000,0.761,-0.444,0.477,2.44,-0.37,1.95
318196.640000,0.766,-0.444,0.469,2.59,0.12,1.92
318196.640000,0.763,-0.438,0.475,1.04,0.7,0.85
318196.656000,0.759,-0.434,0.482,-0.85,0.76,-0.55
318196.656000,0.758,-0.434,0.484,-2.44,0.18,-2.01
318196.656000,0.753,-0.427,0.484,-3.75,-0.46,-3.2
318196.671000,0.753,-0.422,0.485,-3.78,-0.4,-2.96
318196.687000,0.755,-0.426,0.487,-2.59,-0.21,-1.83
318196.687000,0.756,-0.42,0.488,-1.62,-0.31,-0.89
318196.703000,0.759,-0.415,0.486,-0.98,-0.61,0.18
318196.718000,0.764,-0.415,0.48,-0.7,-0.76,1.01
318196.718000,0.767,-0.415,0.476,-1.31,-0.82,1.13
318196.734000,0.767,-0.415,0.473,-2.84,-0.61,0.24
318196.750000,0.767,-0.421,0.474,-4.33,-0.03,-0.89
318196.750000,0.765,-0.425,0.485,-5.65,0.4,-1.95
318196.765000,0.76,-0.428,0.492,-5.98,0.37,-2.38
318196.765000,0.756,-0.43,0.495,-5.22,-0.03,-1.62
318196.781000,0.757,-0.431,0.499,-3.85,-0.24,-0.21
318196.781000,0.757,-0.426,0.502,-1.98,-0.49,1.13
318196.796000,0.76,-0.425,0.495,-0.73,-0.82,2.32
318196.812000,0.762,-0.426,0.495,-0.61,-0.79,2.5
318196.812000,0.759,-0.422,0.494,-1.59,-0.7,1.86
318196.828000,0.762,-0.428,0.49,-2.56,-0.92,1.46
318196.843000,0.763,-0.439,0.493,-3.39,-1.4,0.79
318196.843000,0.76,-0.443,0.497,-3.57,-1.77,0.03
318196.859000,0.76,-0.445,0.493,-2.66,-1.95,0.06
318196.859000,0.764,-0.445,0.489,-1.28,-1.8,0.58
318196.890000,0.764,-0.442,0.487,0.09,-1.65,1.22
318196.906000,0.767,-0.443,0.484,1.07,-1.92,1.95
318196.906000,0.768,-0.443,0.485,1.53,-1.8,2.01
318196.921000,0.766,-0.436,0.485,1.74,-1.83,1.5
318196.937000,0.769,-0.431,0.481,1.83,-1.83,1.19
318196.937000,0.769,-0.423,0.48,1.53,-1.59,0.92
318196.953000,0.77,-0.422,0.472,0.24,-1.28,0.58
318196.953000,0.772,-0.423,0.476,-1.28,-0.37,-0.31
318196.968000,0.764,-0.422,0.485,-2.17,0.24,-0.95
318196.968000,0.76,-0.431,0.491,-1.62,0.03,-0.43
318196.984000,0.757,-0.43,0.499,-0.49,-0.58,0.15
318197.000000,0.752,-0.424,0.498,0.58,-1.68,0.89
318197.015000,0.754,-0.428,0.49,1.77,-2.29,2.14
318197.015000,0.759,-0.433,0.482,2.17,-2.32,2.69
318197.031000,0.762,-0.431,0.477,1.34,-2.29,2.01
318197.031000,0.762,-0.435,0.475,-0.55,-2.35,0.85
318197.046000,0.761,-0.442,0.481,-2.01,-1.92,-0.37
318197.062000,0.759,-0.445,0.489,-2.47,-2.08,-1.31
318197.062000,0.756,-0.445,0.485,-2.14,-2.35,-1.71
318197.078000,0.761,-0.441,0.485,-1.16,-2.41,-1.56
318197.093000,0.764,-0.431,0.479,-0.49,-2.56,-1.04
318197.093000,0.765,-0.427,0.472,-0.49,-2.72,-0.46
318197.109000,0.765,-0.43,0.473,-0.58,-2.41,0.24
318197.125000,0.765,-0.431,0.475,-0.27,-1.89,0.7
318197.125000,0.762,-0.426,0.475,-0.12,-1.89,0.61
318197.125000,0.764,-0.425,0.475,0.12,-1.86,0.79
318197.156000,0.765,-0.424,0.475,0.15,-1.65,1.04
318197.156000,0.762,-0.419,0.481,0.06,-1.46,1.4
318197.171000,0.763,-0.42,0.481,0.15,-1.68,1.98
318197.171000,0.77,-0.425,0.476,0.15,-2.41,2.35
318197.187000,0.776,-0.421,0.469,-0.79,-2.75,1.5
318197.187000,0.781,-0.413,0.456,-2.26,-2.72,0.09
318197.203000,0.787,-0.409,0.45,-3.81,-2.01,-1.04
318197.203000,0.793,-0.408,0.443,-5.16,-1.1,-1.83
318197.234000,0.798,-0.41,0.436,-6.41,-0.09,-2.26
318197.234000,0.795,-0.412,0.433,-7.39,1.74,-2.23
318197.250000,0.796,-0.427,0.439,-7.72,3.91,-1.28
318197.265000,0.794,-0.447,0.452,-7.08,6.04,0.15
318197.265000,0.791,-0.464,0.462,-5.86,7.69,1.4
318197.265000,0.785,-0.476,0.465,-4.64,8.51,2.11
318197.296000,0.778,-0.484,0.469,-3.88,9.16,1.8
318197.296000,0.772,-0.485,0.478,-3.63,9.86,0.64
318197.296000,0.763,-0.483,0.489,-3.69,10.1,-1.25
318197.312000,0.752,-0.477,0.495,-3.94,9.64,-2.99
318197.312000,0.741,-0.473,0.506,-3.54,8.76,-3.57
318197.328000,0.734,-0.466,0.517,-2.04,7.81,-3.6
318197.343000,0.725,-0.454,0.52,-0.06,6.59,-3.05
318197.359000,0.719,-0.441,0.521,1.56,5.37,-1.71
318197.375000,0.717,-0.436,0.524,2.66,4.06,-0.21
318197.375000,0.715,-0.437,0.527,3.2,2.11,0.98
318197.375000,0.712,-0.442,0.525,3.45,-0.34,1.89
318197.390000,0.71,-0.457,0.526,4.15,-2.66,2.72
318197.390000,0.71,-0.468,0.524,5.13,-5.22,3.2
318197.406000,0.714,-0.471,0.517,6.56,-7.63,3.33
318197.421000,0.721,-0.47,0.503,7.63,-9.7,3.05
318197.421000,0.733,-0.462,0.487,7.93,-11.35,2.38
318197.453000,0.749,-0.455,0.471,7.9,-12.21,1.07
318197.453000,0.76,-0.439,0.457,7.17,-12.45,-0.49
318197.468000,0.769,-0.428,0.445,6.32,-11.93,-1.25
318197.484000,0.776,-0.417,0.443,5.46,-10.62,-1.4
318197.484000,0.78,-0.408,0.443,4.94,-9.34,-0.89
318197.500000,0.785,-0.41,0.438,4.85,-7.93,0.67
318197.515000,0.789,-0.413,0.436,4.55,-6.32,2.01
318197.515000,0.792,-0.415,0.434,3.72,-4.73,2.75
318197.531000,0.793,-0.421,0.434,2.84,-2.9,3.02
318197.531000,0.793,-0.425,0.439,2.23,-1.04,3.02
318197.546000,0.79,-0.43,0.444,2.01,0.7,3.05
318197.562000,0.785,-0.433,0.45,2.08,2.2,3.2
318197.562000,0.779,-0.432,0.452,1.98,3.27,3.42
318197.578000,0.777,-0.44,0.456,1.86,4.55,3.81
318197.593000,0.778,-0.451,0.464,1.34,5.58,3.6
318197.593000,0.776,-0.453,0.467,0.58,5.8,2.38
318197.609000,0.772,-0.448,0.466,-0.58,5.55,0.79
318197.625000,0.768,-0.443,0.472,-1.74,5.43,-0.64
318197.625000,0.771,-0.441,0.475,-2.32,5.22,-1.74
318197.625000,0.778,-0.438,0.469,-2.5,4.33,-2.78
318197.640000,0.784,-0.425,0.46,-2.87,3.42,-4.27
318197.656000,0.788,-0.415,0.449,-3.97,3.08,-5.46
318197.656000,0.795,-0.409,0.447,-5.31,3.27,-6.29
318197.671000,0.801,-0.405,0.442,-6.81,3.63,-7.08
318197.687000,0.805,-0.404,0.435,-8.51,4.18,-7.42
318197.703000,0.809,-0.408,0.435,-10.38,4.91,-7.35
318197.703000,0.804,-0.421,0.432,-11.32,5.68,-6.04
318197.718000,0.8,-0.446,0.434,-11.02,6.9,-4.24
318197.734000,0.792,-0.46,0.439,-10.01,8.15,-3.2
318197.734000,0.777,-0.467,0.437,-8.85,8.7,-2.84
318197.734000,0.773,-0.472,0.429,-8.61,9.89,-2.81
318197.750000,0.756,-0.469,0.458,-8.09,11.78,-3.02
318197.765000,0.749,-0.479,0.461,-7.39,11.47,-2.69
318197.765000,0.733,-0.474,0.48,-7.35,10.8,-3.42
318197.796000,0.716,-0.469,0.501,-7.11,9.74,-3.45
318197.796000,0.709,-0.477,0.509,-5.86,7.84,-1.95
318197.812000,0.699,-0.475,0.529,-4.49,6.01,-1.07
318197.812000,0.684,-0.468,0.544,-2.75,3.08,0.12
318197.828000,0.669,-0.474,0.556,0.31,-0.06,3.2
318197.843000,0.654,-0.489,0.578,4.46,-2.23,7.45
318197.843000,0.644,-0.503,0.605,8.55,-4.58,11.08
318197.859000,0.646,-0.518,0.604,12.51,-8.73,13.52
318197.875000,0.662,-0.523,0.586,14.86,-13.03,13.37
318197.875000,0.683,-0.515,0.566,15.14,-17.24,10.77
318197.890000,0.706,-0.497,0.542,13.76,-20.72,6.44
318197.890000,0.724,-0.483,0.509,11.78,-23.22,2.11
318197.906000,0.744,-0.463,0.483,9.46,-22.98,-4.15
318197.921000,0.769,-0.432,0.459,8.36,-21.45,-5.28
318197.921000,0.791,-0.398,0.429,7.17,-18.83,-4.73
318197.937000,0.814,-0.378,0.405,5.8,-15.72,-3.48
318197.937000,0.834,-0.367,0.384,3.72,-11.54,-2.23
318197.953000,0.842,-0.36,0.364,1.1,-6.47,-0.64
318197.968000,0.856,-0.366,0.355,-1.22,-0.73,1.31
318197.968000,0.856,-0.382,0.361,-2.14,4.91,3.51
318197.984000,0.853,-0.394,0.37,-2.47,9.49,5.31
318197.984000,0.854,-0.399,0.369,-3.75,12.88,5.58
318198.000000,0.857,-0.396,0.365,-6.5,15.66,4.33
318198.015000,0.863,-0.394,0.352,-10.71,18.62,1.89
318198.031000,0.864,-0.395,0.341,-16.14,21.97,-1.46
318198.031000,0.851,-0.394,0.35,-21.79,25.85,-4.55
318198.046000,0.83,-0.406,0.368,-25.7,29.91,-5.55
318198.062000,0.808,-0.419,0.392,-26.86,33.42,-4.55
318198.062000,0.781,-0.431,0.423,-25.15,36.16,-1.53
318198.078000,0.752,-0.445,0.46,-21.76,37.63,2.11
318198.093000,0.729,-0.458,0.495,-18.01,38.06,5.46
318198.093000,0.706,-0.468,0.528,-14.68,37.05,8.0
318198.109000,0.692,-0.48,0.563,-12.7,34.7,8.79
318198.125000,0.693,-0.486,0.581,-12.51,31.22,6.04
318198.125000,0.689,-0.474,0.592,-14.65,26.4,0.61
318198.140000,0.684,-0.461,0.6,-17.88,20.48,-5.19
318198.140000,0.672,-0.459,0.606,-20.72,14.95,-9.86
318198.156000,0.668,-0.466,0.608,-21.42,10.59,-11.81
318198.171000,0.676,-0.468,0.604,-19.56,7.29,-11.96
318198.171000,0.675,-0.456,0.591,-16.3,4.27,-10.59
318198.187000,0.681,-0.455,0.575,-12.54,2.08,-7.32
318198.187000,0.695,-0.466,0.56,-9.03,0.64,-3.81
318198.203000,0.701,-0.473,0.556,-6.32,-0.31,-1.01
318198.218000,0.71,-0.486,0.545,-3.85,-1.04,1.25
318198.234000,0.715,-0.494,0.532,-2.23,-1.13,1.83
318198.234000,0.714,-0.493,0.526,-1.62,-0.67,1.19
318198.234000,0.714,-0.494,0.525,-1.13,-0.27,0.67
318198.265000,0.715,-0.495,0.525,-0.73,-0.12,-0.27
318198.265000,0.712,-0.488,0.531,-0.46,-0.18,-1.22
318198.281000,0.708,-0.48,0.536,0.61,-0.67,-1.31
318198.296000,0.705,-0.47,0.537,2.56,-1.25,-0.49
318198.296000,0.701,-0.458,0.539,4.85,-1.74,1.01
318198.312000,0.702,-0.449,0.539,6.93,-2.44,3.14
318198.312000,0.711,-0.445,0.532,8.3,-3.11,4.79
318198.312000,0.714,-0.438,0.529,8.85,-4.0,5.58
318198.343000,0.716,-0.434,0.523,8.76,-4.97,6.07
318198.343000,0.722,-0.44,0.517,8.18,-5.89,6.68
318198.359000,0.726,-0.446,0.51,7.14,-6.53,6.68
318198.375000,0.736,-0.455,0.499,5.89,-6.78,6.16
318198.375000,0.74,-0.463,0.491,4.61,-6.53,4.91
318198.390000,0.736,-0.468,0.49,3.66,-6.32,3.88
318198.390000,0.737,-0.479,0.492,3.88,-5.98,3.69
318198.406000,0.737,-0.48,0.498,5.46,-5.43,4.15
318198.421000,0.737,-0.474,0.501,7.69,-5.34,4.91
318198.437000,0.742,-0.468,0.493,9.67,-5.43,5.86
318198.437000,0.743,-0.462,0.486,10.74,-5.19,6.5
318198.437000,0.746,-0.456,0.488,10.68,-4.67,6.32
318198.453000,0.747,-0.448,0.496,9.22,-4.06,4.85
318198.468000,0.751,-0.438,0.497,7.29,-4.36,3.45
318198.484000,0.752,-0.438,0.497,5.92,-4.73,3.11
318198.484000,0.747,-0.445,0.501,4.97,-5.46,4.03
318198.500000,0.743,-0.457,0.5,4.88,-6.59,5.46
318198.515000,0.748,-0.471,0.496,6.74,-7.14,7.54
318198.515000,0.752,-0.481,0.489,9.64,-7.02,9.25
318198.531000,0.753,-0.483,0.475,11.75,-7.11,10.04
318198.531000,0.759,-0.488,0.46,11.99,-6.84,9.46
318198.531000,0.763,-0.491,0.453,10.38,-6.44,6.99
318198.562000,0.766,-0.489,0.453,8.0,-5.71,3.45
318198.562000,0.764,-0.482,0.451,5.43,-4.94,-0.12
318198.578000,0.761,-0.473,0.456,3.3,-4.24,-2.53
318198.593000,0.756,-0.467,0.467,2.72,-3.3,-3.23
318198.593000,0.752,-0.458,0.473,3.33,-2.5,-2.35
318198.609000,0.755,-0.451,0.476,4.7,-1.89,-0.31
318198.625000,0.756,-0.443,0.476,5.74,-1.59,1.89
318198.625000,0.756,-0.444,0.471,6.07,-1.1,3.72
318198.640000,0.754,-0.448,0.476,5.62,-0.21,4.43
318198.656000,0.75,-0.45,0.478,4.18,0.43,3.85
318198.656000,0.752,-0.449,0.476,2.26,0.73,1.74
318198.671000,0.748,-0.447,0.48,0.43,0.85,-0.67
318198.671000,0.744,-0.446,0.49,-0.7,1.04,-1.92
318198.687000,0.742,-0.444,0.498,-0.89,1.04,-2.47
318198.687000,0.738,-0.443,0.5,-0.31,0.92,-1.95
318198.703000,0.737,-0.442,0.506,0.82,1.28,-0.82
318198.703000,0.738,-0.439,0.507,1.56,1.34,0.0
318198.718000,0.737,-0.435,0.506,1.13,1.13,0.06
318198.734000,0.738,-0.433,0.508,-0.49,0.95,-0.92
318198.734000,0.74,-0.429,0.507,-2.75,0.7,-2.26
318198.765000,0.742,-0.431,0.507,-4.46,0.58,-2.75
318198.765000,0.742,-0.434,0.511,-5.55,0.67,-3.39
318198.781000,0.733,-0.428,0.51,-6.32,0.7,-3.75
318198.796000,0.731,-0.433,0.506,-6.5,1.28,-2.72
318198.796000,0.731,-0.438,0.516,-6.07,2.2,-1.1
318198.812000,0.724,-0.446,0.53,-4.85,2.32,0.49
318198.828000,0.719,-0.459,0.539,-3.14,1.95,2.14
318198.828000,0.713,-0.465,0.543,-1.46,1.19,3.05
318198.843000,0.711,-0.472,0.541,0.06,0.21,4.03
318198.843000,0.714,-0.48,0.538,1.13,-0.67,4.24
318198.859000,0.715,-0.488,0.534,1.25,-2.01,3.36
318198.859000,0.719,-0.487,0.525,0.89,-3.36,1.46
318198.875000,0.731,-0.484,0.507,0.21,-4.97,-0.43
318198.890000,0.734,-0.486,0.495,-0.27,-5.83,-1.62
318198.890000,0.734,-0.483,0.493,-0.18,-5.77,-2.32
318198.906000,0.739,-0.479,0.49,1.01,-5.68,-2.04
318198.906000,0.751,-0.477,0.481,2.96,-5.37,-1.16
318198.921000,0.757,-0.47,0.471,4.27,-5.07,-0.37
318198.937000,0.763,-0.469,0.462,5.28,-4.61,1.07
318198.937000,0.774,-0.477,0.458,5.92,-3.6,2.32
318198.953000,0.778,-0.474,0.453,5.77,-2.75,1.74
318198.968000,0.781,-0.467,0.441,4.64,-1.71,-0.18
318198.984000,0.782,-0.46,0.442,2.9,0.0,-2.59
318198.984000,0.773,-0.446,0.452,0.55,1.62,-5.31
318199.000000,0.76,-0.435,0.463,-1.25,2.59,-6.93
318199.015000,0.748,-0.433,0.478,-2.01,3.36,-7.11
318199.015000,0.737,-0.438,0.489,-1.89,3.78,-6.23
318199.015000,0.731,-0.44,0.499,-0.73,4.06,-4.64
318199.046000,0.723,-0.445,0.506,0.76,4.09,-2.66
318199.046000,0.715,-0.457,0.514,2.32,3.88,-0.64
318199.062000,0.709,-0.463,0.525,3.17,3.48,0.06
318199.062000,0.703,-0.47,0.533,3.57,2.04,0.15
318199.062000,0.7,-0.478,0.538,4.09,0.15,0.06
318199.078000,0.692,-0.482,0.544,4.43,-1.8,-0.92
318199.093000,0.687,-0.484,0.549,4.79,-3.75,-2.01
318199.093000,0.679,-0.484,0.553,5.37,-5.95,-2.9
318199.125000,0.676,-0.487,0.556,6.38,-8.24,-3.17
318199.125000,0.67,-0.48,0.572,7.87,-10.59,-3.36
318199.140000,0.673,-0.467,0.575,10.04,-13.98,-2.99
318199.156000,0.681,-0.453,0.558,11.57,-17.46,-2.47
318199.156000,0.693,-0.437,0.541,11.44,-20.42,-2.35
318199.171000,0.713,-0.424,0.523,10.28,-23.41,-2.66
318199.187000,0.731,-0.419,0.498,8.85,-25.85,-3.11
318199.187000,0.741,-0.419,0.478,7.39,-27.13,-3.72
318199.203000,0.747,-0.419,0.462,6.5,-27.16,-3.85
318199.203000,0.757,-0.428,0.447,6.23,-26.12,-2.84
318199.218000,0.766,-0.44,0.445,7.45,-24.26,-1.19
318199.234000,0.77,-0.443,0.447,9.52,-22.64,0.58
318199.234000,0.796,-0.439,0.431,11.32,-21.91,1.71
318199.250000,0.822,-0.42,0.4,10.83,-21.36,1.1
318199.250000,0.837,-0.399,0.375,8.03,-19.71,-0.37
318199.265000,0.847,-0.388,0.359,4.36,-16.21,-1.74
318199.281000,0.849,-0.385,0.362,0.89,-11.14,-3.02
318199.281000,0.838,-0.384,0.381,-1.68,-6.07,-3.14
318199.296000,0.826,-0.387,0.404,-2.17,-2.11,-1.5
318199.296000,0.816,-0.386,0.418,-1.28,0.79,1.65
318199.312000,0.804,-0.389,0.431,0.27,3.23,5.55
318199.328000,0.8,-0.397,0.442,1.65,5.25,9.06
318199.328000,0.795,-0.407,0.45,2.04,6.53,11.2
318199.343000,0.786,-0.418,0.46,1.28,7.75,11.41
318199.359000,0.779,-0.431,0.474,-0.24,8.58,10.59
318199.359000,0.766,-0.434,0.491,-1.71,8.36,8.67
318199.375000,0.747,-0.43,0.501,-3.57,6.99,6.71
318199.375000,0.729,-0.432,0.509,-5.25,5.31,5.95
318199.406000,0.718,-0.444,0.519,-6.13,3.39,6.44
318199.406000,0.716,-0.458,0.528,-5.83,0.95,7.29
318199.421000,0.72,-0.469,0.528,-4.49,-2.32,7.45
318199.421000,0.725,-0.471,0.514,-3.17,-5.98,6.78
318199.437000,0.731,-0.465,0.501,-2.2,-8.42,5.58
318199.437000,0.74,-0.46,0.493,-1.62,-9.8,4.46
318199.453000,0.749,-0.455,0.485,-1.16,-11.17,3.48
318199.453000,0.757,-0.453,0.478,-0.79,-12.18,2.84
318199.484000,0.764,-0.453,0.475,-0.18,-13.52,2.38
318199.500000,0.77,-0.452,0.466,0.43,-13.64,2.84
318199.500000,0.783,-0.455,0.452,0.43,-13.37,2.96
318199.500000,0.795,-0.459,0.443,0.43,-13.18,2.59
318199.515000,0.803,-0.459,0.432,0.7,-12.36,2.26
318199.515000,0.808,-0.46,0.422,1.01,-10.53,1.89
318199.531000,0.815,-0.464,0.413,1.31,-8.45,1.56
318199.546000,0.818,-0.46,0.411,1.25,-6.41,0.98
318199.562000,0.818,-0.46,0.413,0.89,-4.58,0.52
318199.562000,0.812,-0.46,0.422,0.46,-2.9,-0.4
318199.578000,0.803,-0.457,0.424,0.24,-1.71,-1.13
318199.578000,0.802,-0.453,0.425,-0.03,-0.31,-1.74
318199.593000,0.801,-0.442,0.426,-0.76,0.76,-2.66
318199.609000,0.799,-0.439,0.423,-1.95,1.37,-3.36
318199.625000,0.794,-0.438,0.424,-3.05,2.01,-4.12
318199.625000,0.786,-0.437,0.435,-3.72,2.99,-4.36
318199.625000,0.782,-0.442,0.447,-3.02,3.63,-3.72
318199.640000,0.778,-0.439,0.45,-1.59,3.33,-2.62
318199.656000,0.771,-0.436,0.451,-0.61,3.05,-1.22
318199.656000,0.771,-0.436,0.452,-0.15,2.75,-0.18
318199.671000,0.765,-0.438,0.446,-0.82,2.26,-0.06
318199.687000,0.761,-0.444,0.452,-1.43,2.47,-0.31
318199.703000,0.756,-0.449,0.458,-1.62,1.92,-0.79
318199.703000,0.756,-0.449,0.461,-1.28,0.67,-1.37
318199.718000,0.76,-0.44,0.438,-1.53,-0.85,-2.2
318199.718000,0.76,-0.426,0.45,-4.76,-1.4,-3.69
318199.734000,0.757,-0.44,0.468,-4.39,-2.69,-4.43
318199.750000,0.757,-0.45,0.407,-3.27,-3.97,-3.66
318199.765000,0.761,-0.439,0.415,-4.24,-1.56,-3.39
318199.765000,0.766,-0.442,0.429,-5.49,-0.24,-1.83
318199.765000,0.763,-0.455,0.434,-5.34,0.06,-0.34
318199.781000,0.766,-0.473,0.432,-4.15,0.27,0.64
318199.796000,0.772,-0.477,0.428,-3.6,0.67,0.55
318199.796000,0.773,-0.469,0.431,-2.99,1.19,0.18
318199.812000,0.775,-0.463,0.434,-2.41,1.28,-0.31
318199.828000,0.777,-0.456,0.431,-2.56,1.13,-1.13
318199.843000,0.78,-0.447,0.431,-3.2,1.04,-2.26
318199.859000,0.775,-0.431,0.438,-3.36,0.76,-2.96
318199.859000,0.771,-0.417,0.441,-2.53,0.67,-2.38
318199.875000,0.769,-0.409,0.439,-1.01,0.79,-0.7
318199.875000,0.768,-0.406,0.437,0.21,1.1,1.34
318199.875000,0.77,-0.412,0.432,0.55,1.53,3.17
318199.890000,0.772,-0.425,0.428,0.21,2.11,4.88
318199.906000,0.773,-0.448,0.422,-0.64,3.14,5.83
318199.906000,0.77,-0.457,0.464,-2.2,4.18,5.22
318199.921000,0.783,-0.493,0.455,-2.78,1.95,5.13
318199.921000,0.784,-0.505,0.436,-4.67,-0.4,3.69
318199.937000,0.782,-0.508,0.444,-4.27,0.24,2.69
318199.953000,0.781,-0.52,0.434,-3.14,0.89,2.23
318199.968000,0.779,-0.52,0.44,-2.56,1.8,1.46
318199.968000,0.781,-0.518,0.448,-0.85,1.98,0.58
318199.984000,0.786,-0.502,0.433,-0.03,1.83,-0.92
318199.984000,0.784,-0.47,0.425,-0.31,2.93,-3.08
318200.000000,0.785,-0.441,0.432,-1.68,3.85,-4.18
318200.000000,0.782,-0.431,0.443,-2.26,4.15,-3.91
318200.031000,0.775,-0.423,0.449,-1.83,4.27,-2.78
318200.046000,0.77,-0.418,0.454,-0.79,4.12,-1.13
318200.046000,0.769,-0.416,0.46,0.43,4.0,1.37
318200.062000,0.766,-0.415,0.461,1.43,3.54,3.69
318200.062000,0.767,-0.425,0.457,1.98,2.78,6.01
318200.078000,0.768,-0.441,0.459,2.14,2.5,7.29
318200.093000,0.769,-0.456,0.455,1.65,1.77,7.66
318200.093000,0.769,-0.473,0.447,0.82,0.85,7.23
318200.109000,0.773,-0.488,0.445,-0.21,0.4,6.1
318200.109000,0.772,-0.496,0.446,-0.64,-0.12,4.33
318200.125000,0.774,-0.503,0.441,0.49,-0.24,2.93
318200.140000,0.772,-0.499,0.441,2.04,0.06,1.34
318200.156000,0.768,-0.489,0.439,3.23,0.24,0.34
318200.156000,0.768,-0.482,0.44,3.85,0.4,0.43
318200.171000,0.77,-0.475,0.447,4.79,0.4,0.67
318200.171000,0.763,-0.466,0.437,5.28,0.03,0.52
318200.187000,0.763,-0.454,0.438,4.88,0.61,0.21
318200.203000,0.759,-0.45,0.447,4.85,1.04,-0.03
318200.218000,0.757,-0.445,0.443,3.78,0.27,-0.55
318200.218000,0.757,-0.443,0.443,2.53,-0.46,-0.82
318200.234000,0.76,-0.444,0.439,0.7,-1.1,-1.25
318200.234000,0.758,-0.445,0.431,-1.25,-1.43,-1.74
318200.250000,0.762,-0.447,0.444,-3.11,-1.25,-1.95
318200.265000,0.761,-0.456,0.438,-3.3,-1.86,-1.74
318200.265000,0.76,-0.457,0.422,-3.57,-2.23,-1.01
318200.281000,0.768,-0.454,0.435,-2.9,-1.22,-0.18
318200.281000,0.777,-0.461,0.43,-1.5,-1.31,1.16
318200.296000,0.78,-0.465,0.422,-0.43,-1.31,1.4
318200.312000,0.776,-0.459,0.429,-0.24,-0.67,0.61
318200.312000,0.781,-0.465,0.433,-0.06,-0.34,0.67
318200.312000,0.782,-0.469,0.431,-0.24,-0.4,0.37
318200.343000,0.779,-0.463,0.436,-0.49,0.12,-0.34
318200.343000,0.779,-0.462,0.445,0.06,0.67,-0.49
318200.359000,0.78,-0.465,0.45,0.79,0.82,-0.49
318200.359000,0.778,-0.466,0.457,1.74,0.67,-0.55
318200.390000,0.775,-0.472,0.458,2.5,0.27,-0.15
318200.390000,0.777,-0.485,0.458,3.51,0.46,0.15
318200.406000,0.774,-0.488,0.463,3.81,0.46,-0.67
318200.406000,0.769,-0.488,0.466,3.51,0.46,-2.04
318200.421000,0.767,-0.483,0.466,2.62,0.46,-3.69
318200.437000,0.763,-0.475,0.466,1.71,0.34,-4.94
318200.437000,0.758,-0.466,0.467,0.82,-0.12,-5.92
318200.453000,0.761,-0.462,0.473,0.34,-1.04,-6.16
318200.453000,0.756,-0.451,0.473,0.18,-2.01,-6.5
318200.468000,0.749,-0.44,0.472,0.37,-2.47,-6.26
318200.484000,0.741,-0.435,0.478,0.76,-2.23,-5.25
318200.484000,0.742,-0.439,0.49,2.2,-2.53,-3.42
318200.500000,0.739,-0.443,0.49,4.15,-3.78,-1.8
318200.500000,0.739,-0.442,0.472,5.77,-5.04,-0.27
318200.515000,0.743,-0.444,0.458,6.68,-4.91,1.13
318200.531000,0.746,-0.451,0.455,6.74,-4.15,2.14
318200.531000,0.754,-0.457,0.45,5.68,-4.12,2.26
318200.546000,0.761,-0.456,0.442,4.67,-4.36,1.68
318200.562000,0.769,-0.457,0.431,4.39,-3.88,0.95
318200.562000,0.772,-0.451,0.422,4.39,-3.17,0.58
318200.578000,0.774,-0.445,0.419,3.88,-2.2,0.79
318200.593000,0.775,-0.443,0.421,2.66,-1.04,1.22
318200.593000,0.776,-0.441,0.427,1.98,0.15,2.08
318200.609000,0.774,-0.446,0.429,2.35,1.1,3.23
318200.609000,0.77,-0.446,0.439,3.2,2.23,4.09
318200.625000,0.777,-0.45,0.443,3.94,1.71,5.01
318200.625000,0.778,-0.452,0.435,3.88,0.89,5.25
318200.640000,0.775,-0.449,0.435,3.27,1.25,4.52
318200.656000,0.773,-0.447,0.441,2.29,1.56,3.51
318200.656000,0.773,-0.452,0.444,1.46,1.37,2.75
318200.687000,0.769,-0.455,0.447,1.07,0.85,2.14
318200.687000,0.766,-0.457,0.455,0.85,0.61,1.5
318200.703000,0.77,-0.455,0.459,0.58,0.15,0.67
318200.703000,0.765,-0.452,0.465,0.4,-1.22,0.03
318200.718000,0.762,-0.453,0.465,0.92,-2.44,0.21
318200.734000,0.761,-0.445,0.469,1.71,-3.48,0.34
318200.734000,0.763,-0.434,0.464,2.38,-4.97,0.92
318200.750000,0.765,-0.437,0.451,2.44,-6.16,1.77
318200.765000,0.765,-0.441,0.445,1.1,-6.32,1.34
318200.765000,0.771,-0.445,0.442,-1.16,-6.68,0.31
318200.765000,0.773,-0.449,0.442,-3.23,-6.99,-0.95
318200.796000,0.77,-0.454,0.451,-3.57,-7.02,-1.56
318200.796000,0.776,-0.46,0.446,-2.23,-7.48,-0.89
318200.812000,0.78,-0.462,0.445,-0.37,-7.48,0.37
318200.828000,0.779,-0.464,0.446,2.11,-6.96,1.92
318200.828000,0.788,-0.46,0.428,3.72,-6.71,3.2
318200.843000,0.789,-0.459,0.437,4.91,-5.22,3.45
318200.843000,0.787,-0.463,0.429,4.82,-4.79,3.33
318200.859000,0.788,-0.462,0.422,3.57,-4.36,2.01
318200.875000,0.79,-0.461,0.423,1.83,-3.45,0.49
318200.875000,0.786,-0.46,0.427,0.95,-2.59,-0.79
318200.890000,0.78,-0.459,0.426,1.25,-1.77,-1.62
318200.906000,0.784,-0.456,0.419,1.4,-0.92,-1.68
318200.906000,0.787,-0.448,0.418,1.43,-0.15,-1.62
318200.921000,0.784,-0.445,0.414,1.19,0.55,-1.4
318200.921000,0.783,-0.438,0.411,0.67,2.04,-1.56
318200.937000,0.769,-0.433,0.42,-0.21,3.14,-0.85
318200.953000,0.773,-0.441,0.432,-0.37,4.15,-0.46
318200.953000,0.766,-0.44,0.439,-0.7,4.03,-0.37
318200.968000,0.76,-0.437,0.441,-1.04,2.75,0.52
318200.984000,0.767,-0.444,0.439,-0.49,1.86,1.74
318200.984000,0.762,-0.441,0.446,0.0,1.77,2.29
318201.000000,0.76,-0.444,0.445,0.46,1.13,3.17
318201.015000,0.767,-0.452,0.441,0.34,0.55,3.51
318201.015000,0.767,-0.448,0.444,0.21,0.18,3.05
318201.031000,0.768,-0.443,0.438,0.09,-0.58,3.02
318201.031000,0.771,-0.44,0.435,-0.37,-0.89,2.75
318201.046000,0.777,-0.44,0.429,-0.79,-1.01,3.42
318201.062000,0.785,-0.446,0.428,-1.13,-0.15,3.94
318201.062000,0.784,-0.445,0.435,-1.22,0.09,3.57
318201.078000,0.785,-0.442,0.44,-1.46,-0.76,3.69
318201.078000,0.794,-0.449,0.44,-1.74,-1.34,3.72
318201.093000,0.791,-0.455,0.436,-1.65,-1.01,3.97
318201.093000,0.789,-0.465,0.435,-1.46,-0.31,3.45
318201.125000,0.792,-0.482,0.436,-1.43,0.06,2.2
318201.125000,0.794,-0.48,0.437,-1.5,0.64,-0.06
318201.125000,0.796,-0.476,0.44,-1.19,1.07,-1.86
318201.156000,0.789,-0.465,0.445,-0.67,0.92,-2.93
318201.156000,0.782,-0.456,0.442,0.12,0.98,-2.66
318201.171000,0.78,-0.45,0.444,1.25,1.68,-1.43
318201.171000,0.778,-0.447,0.446,2.41,2.26,0.21
318201.187000,0.775,-0.447,0.45,3.33,2.62,1.77
318201.203000,0.769,-0.448,0.447,3.88,2.56,2.81
318201.203000,0.767,-0.453,0.444,3.63,2.47,3.11
318201.218000,0.763,-0.454,0.445,2.35,2.32,2.53
318201.234000,0.762,-0.462,0.446,1.01,1.62,1.65
318201.234000,0.759,-0.461,0.447,0.12,1.01,0.18
318201.250000,0.756,-0.46,0.441,-0.31,0.31,-0.76
318201.265000,0.762,-0.46,0.436,-0.49,0.09,-1.28
318201.265000,0.76,-0.452,0.442,-0.27,0.06,-1.31
318201.281000,0.759,-0.451,0.443,0.52,-0.34,-0.27
318201.296000,0.764,-0.452,0.443,1.98,-0.21,1.22
318201.296000,0.766,-0.447,0.442,2.96,-0.15,2.2
318201.296000,0.767,-0.445,0.436,2.87,-0.4,2.78
318201.312000,0.765,-0.448,0.437,1.65,-0.31,2.75
318201.328000,0.764,-0.453,0.441,0.21,-0.43,2.17
318201.343000,0.768,-0.462,0.438,-0.92,-0.73,1.46
318201.343000,0.768,-0.463,0.441,-1.74,-0.85,0.27
318201.359000,0.767,-0.46,0.438,-1.65,-1.01,-0.12
318201.375000,0.767,-0.456,0.441,-1.31,-0.67,0.15
318201.375000,0.764,-0.457,0.455,0.09,-0.09,1.37
318201.375000,0.762,-0.458,0.453,1.31,-0.37,2.56
318201.406000,0.763,-0.458,0.451,1.83,-0.76,3.48
318201.406000,0.766,-0.462,0.452,2.11,-0.79,4.06
318201.421000,0.77,-0.463,0.454,2.11,-0.98,3.66
318201.437000,0.765,-0.459,0.457,1.53,-1.43,2.44
318201.437000,0.771,-0.458,0.452,0.7,-1.77,1.01
318201.437000,0.772,-0.449,0.456,-0.55,-1.98,-0.76
318201.453000,0.765,-0.436,0.466,-1.53,-2.44,-1.89
318201.468000,0.755,-0.429,0.468,-2.23,-3.36,-2.01
318201.484000,0.749,-0.432,0.472,-2.75,-3.78,-1.13
318201.484000,0.739,-0.432,0.492,-2.59,-3.66,0.06
318201.500000,0.728,-0.431,0.505,-2.14,-4.61,1.37
318201.515000,0.712,-0.434,0.519,-1.98,-5.95,2.99
318201.515000,0.688,-0.447,0.557,-1.65,-6.71,5.68
318201.531000,0.665,-0.474,0.61,1.07,-8.03,9.67
318201.531000,0.645,-0.505,0.662,5.95,-10.56,13.98
318201.546000,0.624,-0.532,0.711,11.69,-14.47,17.73
318201.562000,0.605,-0.552,0.765,17.49,-19.26,20.57
318201.562000,0.589,-0.555,0.812,23.13,-24.96,22.4
318201.578000,0.581,-0.542,0.839,28.14,-31.43,22.03
318201.593000,0.584,-0.503,0.86,30.43,-39.16,19.01
318201.609000,0.596,-0.449,0.866,29.85,-47.76,13.79
318201.609000,0.597,-0.384,0.866,27.34,-54.96,7.45
318201.625000,0.596,-0.327,0.89,24.41,-61.71,3.05
318201.625000,0.615,-0.297,0.898,23.8,-68.54,0.98
318201.640000,0.625,-0.267,0.899,25.21,-74.53,-0.61
318201.640000,0.642,-0.25,0.906,27.01,-79.56,-0.7
318201.640000,0.689,-0.245,0.907,28.87,-84.23,-0.43
318201.656000,0.727,-0.227,0.916,29.6,-90.27,3.02
318201.687000,0.823,-0.265,0.863,33.02,-96.32,9.16
318201.687000,0.942,-0.274,0.786,32.53,-100.13,9.22
318201.703000,1.003,-0.229,0.698,24.54,-100.96,2.44
318201.703000,1.061,-0.199,0.6,10.74,-95.92,-7.48
318201.718000,1.101,-0.194,0.565,-5.22,-83.25,-22.58
318201.734000,1.108,-0.17,0.666,-20.11,-67.81,-35.65
318201.750000,1.052,-0.165,0.732,-32.59,-59.82,-39.92
318201.750000,1.022,-0.191,0.766,-36.87,-50.84,-41.17
318201.765000,1.025,-0.164,0.81,-42.21,-44.16,-45.35
318201.765000,1.017,-0.083,0.802,-52.8,-46.75,-52.4
318201.781000,0.99,0.005,0.762,-66.19,-54.84,-57.56
318201.796000,0.944,0.047,0.686,-80.23,-65.52,-55.91
318201.796000,0.891,0.051,0.635,-93.51,-73.4,-49.47
318201.812000,0.799,0.029,0.636,-102.6,-77.82,-38.73
318201.812000,0.733,-0.005,0.679,-103.95,-82.77,-23.35
318201.828000,0.672,-0.031,0.68,-101.47,-96.29,-5.4
318201.828000,0.619,-0.036,0.62,-96.9,-116.25,11.99
318201.859000,0.511,-0.054,0.498,-92.26,-138.25,31.43
318201.859000,0.382,-0.157,0.331,-86.95,-160.25,57.86
318201.859000,0.296,-0.313,0.193,-77.94,-181.46,86.34
318201.875000,0.252,-0.529,0.014,-61.4,-206.76,114.96
318201.890000,0.315,-0.781,-0.304,-36.74,-232.98,140.78
318201.890000,0.442,-0.95,-0.685,-24.63,-251.87,145.91
318201.906000,0.526,-0.944,-0.978,-41.2,-254.71,119.08
318201.921000,0.544,-0.809,-1.098,-77.33,-245.0,74.43
318201.937000,0.522,-0.669,-1.085,-122.01,-235.51,31.65
318201.937000,0.427,-0.582,-1.016,-164.07,-230.69,-3.54
318201.953000,0.358,-0.628,-1.037,-183.11,-225.93,-26.67
318201.953000,0.33,-0.679,-1.084,-184.21,-220.77,-39.31
318201.968000,0.323,-0.647,-1.17,-177.28,-216.93,-49.9
318201.984000,0.339,-0.493,-1.291,-172.28,-213.23,-61.46
318201.984000,0.386,-0.284,-1.355,-170.35,-206.0,-64.36
318202.000000,0.408,-0.179,-1.386,-165.72,-192.33,-52.0
318202.015000,0.398,-0.213,-1.377,-154.82,-169.84,-29.27
318202.015000,0.41,-0.324,-1.29,-135.29,-140.72,-3.39
318202.031000,0.41,-0.394,-1.185,-108.92,-113.86,17.37
318202.046000,0.421,-0.433,-1.108,-79.41,-93.69,35.8
318202.046000,0.466,-0.489,-1.066,-52.06,-78.49,52.34
318202.062000,0.508,-0.534,-1.044,-31.59,-63.63,60.4
318202.078000,0.539,-0.55,-1.014,-17.4,-46.57,60.76
318202.078000,0.582,-0.584,-0.978,-9.31,-30.55,54.17
318202.093000,0.617,-0.61,-0.924,-5.16,-17.37,40.1
318202.093000,0.637,-0.589,-0.869,-3.05,-6.99,20.54
318202.093000,0.623,-0.523,-0.849,-3.72,0.64,-1.59
318202.125000,0.602,-0.453,-0.82,-6.47,7.9,-20.48
318202.125000,0.581,-0.395,-0.765,-10.07,13.49,-32.69
318202.140000,0.558,-0.357,-0.724,-10.13,17.43,-39.19
318202.156000,0.534,-0.302,-0.696,-6.53,20.2,-41.41
318202.156000,0.513,-0.252,-0.663,-2.9,21.94,-39.46
318202.171000,0.511,-0.221,-0.618,-1.92,21.45,-34.49
318202.187000,0.516,-0.208,-0.589,-1.62,17.18,-28.35
318202.187000,0.545,-0.223,-0.565,0.15,11.51,-23.16
318202.187000,0.587,-0.225,-0.562,0.73,4.36,-21.45
318202.203000,0.6,-0.185,-0.603,-1.92,-3.42,-23.04
318202.218000,0.611,-0.157,-0.637,-5.16,-7.32,-23.5
318202.234000,0.6,-0.154,-0.638,-7.08,-7.78,-21.0
318202.250000,0.581,-0.179,-0.638,-6.96,-6.99,-14.83
318202.250000,0.598,-0.196,-0.622,-5.13,-6.32,-7.51
318202.265000,0.627,-0.202,-0.619,-3.36,-8.39,0.18
318202.265000,0.64,-0.221,-0.651,-2.11,-11.57,7.54
318202.281000,0.644,-0.243,-0.683,-1.04,-12.7,14.04
318202.296000,0.642,-0.288,-0.702,-0.58,-12.27,19.32
318202.296000,0.649,-0.346,-0.698,2.17,-10.04,22.77
318202.312000,0.654,-0.387,-0.683,5.65,-8.51,22.83
318202.312000,0.665,-0.403,-0.683,7.63,-8.45,19.04
318202.328000,0.666,-0.385,-0.698,6.5,-8.39,11.87
318202.343000,0.661,-0.358,-0.7,2.11,-7.54,5.01
318202.343000,0.653,-0.358,-0.705,-1.77,-6.96,0.31
318202.359000,0.659,-0.369,-0.707,-3.36,-5.74,-3.14
318202.375000,0.661,-0.36,-0.711,-2.93,-4.03,-6.07
318202.375000,0.669,-0.342,-0.715,-2.01,-1.74,-7.26
318202.390000,0.683,-0.316,-0.709,-1.13,0.67,-7.48
318202.390000,0.68,-0.296,-0.706,-1.1,1.65,-7.35
318202.406000,0.673,-0.296,-0.686,-1.07,3.39,-6.07
318202.406000,0.675,-0.299,-0.662,-0.73,4.46,-4.97
318202.421000,0.672,-0.288,-0.652,-0.76,3.78,-4.39
318202.421000,0.67,-0.286,-0.653,-1.22,2.23,-3.27
318202.453000,0.671,-0.297,-0.658,-3.17,0.12,-2.47
318202.453000,0.679,-0.311,-0.67,-5.71,-1.8,-2.35
318202.468000,0.693,-0.326,-0.683,-6.78,-2.87,-2.44
318202.484000,0.704,-0.331,-0.693,-6.62,-2.56,-2.62
318202.484000,0.703,-0.329,-0.704,-5.89,-1.1,-2.32
318202.500000,0.698,-0.326,-0.706,-4.7,1.68,-0.85
318202.515000,0.694,-0.336,-0.693,-3.08,4.67,1.43
318202.515000,0.693,-0.349,-0.684,-1.5,6.29,3.17
318202.531000,0.692,-0.348,-0.674,-0.98,7.02,3.66
318202.531000,0.694,-0.352,-0.675,-0.79,7.29,3.51
318202.546000,0.691,-0.36,-0.681,-1.25,7.57,2.84
318202.562000,0.697,-0.372,-0.675,-2.14,7.51,1.1
318202.562000,0.708,-0.374,-0.679,-3.11,7.17,-2.08
318202.578000,0.711,-0.359,-0.704,-3.81,7.39,-5.58
318202.593000,0.705,-0.346,-0.709,-4.24,9.28,-7.6
318202.593000,0.698,-0.346,-0.692,-3.45,11.72,-7.51
318202.609000,0.687,-0.347,-0.675,-1.71,13.7,-6.44
318202.625000,0.68,-0.341,-0.657,0.64,15.14,-4.91
318202.625000,0.679,-0.332,-0.636,2.53,15.38,-3.11
318202.625000,0.677,-0.323,-0.623,0.09,11.93,-1.83
318202.640000,0.674,-0.319,-0.623,-2.14,10.96,-2.56
318202.656000,0.673,-0.313,-0.607,-4.03,9.95,-3.91
318202.671000,0.668,-0.313,-0.611,-6.5,9.64,-6.01
318202.671000,0.667,-0.305,-0.605,-9.52,9.0,-8.06
318202.687000,0.668,-0.313,-0.594,-11.08,7.87,-9.31
318202.703000,0.674,-0.304,-0.601,-11.11,6.81,-10.38
318202.703000,0.671,-0.296,-0.616,-10.59,6.23,-9.83
318202.718000,0.675,-0.298,-0.608,-9.61,6.99,-7.45
318202.718000,0.682,-0.31,-0.604,-7.23,7.11,-4.52
318202.734000,0.679,-0.312,-0.608,-4.91,6.53,-2.04
318202.750000,0.678,-0.319,-0.613,-3.05,6.1,-0.15
318202.765000,0.683,-0.33,-0.62,-1.89,5.65,0.49
318202.765000,0.684,-0.332,-0.63,-1.5,5.65,-0.27
318202.781000,0.682,-0.323,-0.639,-1.71,6.53,-1.4
318202.796000,0.68,-0.32,-0.633,-1.4,8.42,-1.19
318202.796000,0.679,-0.332,-0.619,0.0,9.95,0.55
318202.812000,0.678,-0.333,-0.609,1.59,10.83,1.34
318202.812000,0.679,-0.322,-0.601,2.56,10.8,1.65
318202.828000,0.677,-0.322,-0.595,3.39,10.47,2.14
318202.843000,0.682,-0.332,-0.579,3.27,9.83,1.5
318202.859000,0.683,-0.333,-0.578,1.83,8.12,-0.43
318202.859000,0.692,-0.322,-0.583,-1.1,5.55,-3.2
318202.859000,0.696,-0.31,-0.595,-3.27,3.42,-5.86
318202.875000,0.696,-0.303,-0.61,-4.06,2.96,-6.81
318202.875000,0.693,-0.301,-0.613,-3.72,3.66,-5.68
318202.906000,0.697,-0.313,-0.609,-2.2,4.64,-3.57
318202.906000,0.704,-0.323,-0.608,-0.76,4.58,-2.01
318202.921000,0.71,-0.321,-0.614,-0.52,4.36,-1.46
318202.921000,0.718,-0.322,-0.619,-1.19,4.0,-1.71
318202.921000,0.721,-0.329,-0.624,-1.71,3.36,-2.56
318202.937000,0.719,-0.326,-0.635,-1.83,3.51,-3.66
318202.953000,0.716,-0.315,-0.635,-1.56,5.07,-4.24
318202.968000,0.713,-0.307,-0.623,-1.31,6.04,-3.63
318202.984000,0.712,-0.326,-0.632,0.95,6.96,-2.04
318202.984000,0.714,-0.337,-0.625,2.75,8.45,-1.43
318203.000000,0.715,-0.338,-0.62,3.78,9.0,-1.92
318203.015000,0.716,-0.333,-0.622,4.33,9.43,-2.9
318203.015000,0.722,-0.32,-0.619,4.52,9.98,-3.91
318203.031000,0.722,-0.306,-0.615,3.91,10.5,-4.79
318203.031000,0.711,-0.295,-0.61,2.78,11.32,-5.13
318203.046000,0.71,-0.299,-0.596,2.99,12.09,-3.91
318203.062000,0.712,-0.306,-0.583,4.79,12.3,-2.26
318203.062000,0.712,-0.3,-0.577,6.71,11.69,-0.58
318203.078000,0.713,-0.292,-0.574,7.69,10.74,0.98
318203.109000,0.716,-0.288,-0.576,7.26,9.37,2.04
318203.109000,0.712,-0.29,-0.577,5.86,8.39,2.47
318203.109000,0.71,-0.301,-0.573,4.73,7.9,2.75
318203.109000,0.709,-0.314,-0.565,4.15,7.02,2.44
318203.125000,0.711,-0.315,-0.564,3.05,5.34,1.4
318203.125000,0.717,-0.314,-0.57,2.66,3.81,0.18
318203.156000,0.724,-0.308,-0.576,2.08,2.81,-1.04
318203.156000,0.72,-0.297,-0.586,0.85,2.44,-2.2
318203.171000,0.721,-0.288,-0.586,0.09,2.78,-2.41
318203.187000,0.711,-0.284,-0.576,-0.12,2.9,-1.5
318203.187000,0.71,-0.291,-0.571,0.21,2.99,0.49
318203.203000,0.716,-0.304,-0.568,1.28,2.59,2.62
318203.203000,0.718,-0.31,-0.561,1.83,1.68,3.72
318203.218000,0.717,-0.314,-0.564,2.26,-0.15,3.54
318203.234000,0.721,-0.31,-0.577,0.89,-1.83,2.66
318203.234000,0.732,-0.313,-0.59,-0.06,-2.08,1.22
318203.250000,0.732,-0.314,-0.595,-1.77,-1.86,-0.4
318203.250000,0.726,-0.315,-0.592,-2.59,-1.04,-1.77
318203.265000,0.726,-0.321,-0.592,-1.92,-0.37,-2.69
318203.281000,0.727,-0.323,-0.592,-0.43,0.31,-2.87
318203.281000,0.725,-0.315,-0.593,1.22,1.28,-2.93
318203.296000,0.728,-0.301,-0.585,1.8,2.35,-2.66
318203.296000,0.728,-0.291,-0.585,0.61,2.47,-2.35
318203.312000,0.726,-0.295,-0.579,-0.37,2.32,-1.65
318203.328000,0.723,-0.309,-0.57,-0.24,1.86,-0.58
318203.328000,0.727,-0.316,-0.577,0.67,0.85,-0.18
318203.343000,0.734,-0.31,-0.594,0.89,-0.06,-0.7
318203.343000,0.739,-0.299,-0.605,1.1,0.4,-1.01
318203.375000,0.737,-0.298,-0.604,1.65,1.86,-0.43
318203.375000,0.729,-0.307,-0.591,2.41,3.51,0.27
318203.375000,0.725,-0.313,-0.587,3.05,4.3,0.82
318203.390000,0.723,-0.311,-0.586,2.87,4.27,0.61
318203.390000,0.723,-0.304,-0.578,2.01,4.09,-0.24
318203.406000,0.718,-0.3,-0.572,0.85,3.36,-1.07
318203.437000,0.719,-0.302,-0.572,-0.4,2.47,-1.8
318203.437000,0.722,-0.3,-0.573,-1.28,1.89,-2.62
318203.453000,0.721,-0.292,-0.575,-1.46,1.28,-3.11
318203.453000,0.725,-0.284,-0.578,-1.1,1.31,-2.56
318203.468000,0.725,-0.277,-0.584,-0.21,1.5,-1.34
318203.484000,0.721,-0.276,-0.578,0.85,1.95,0.55
318203.484000,0.722,-0.284,-0.568,2.17,2.47,2.5
318203.500000,0.717,-0.287,-0.572,2.5,2.01,3.39
318203.515000,0.718,-0.285,-0.574,1.43,1.43,3.33
318203.515000,0.719,-0.286,-0.572,-0.27,0.92,2.81
318203.515000,0.718,-0.298,-0.573,-1.16,0.31,2.62
318203.546000,0.722,-0.31,-0.567,-1.53,0.18,1.98
318203.546000,0.725,-0.306,-0.565,-1.59,-0.4,0.46
318203.562000,0.726,-0.298,-0.577,-1.62,-1.56,-0.24
318203.562000,0.728,-0.295,-0.59,-1.28,-1.56,-0.15
318203.578000,0.725,-0.291,-0.591,-1.34,-0.31,0.43
318203.593000,0.723,-0.294,-0.587,-0.95,0.95,1.71
318203.593000,0.728,-0.306,-0.583,0.4,1.92,3.57
318203.609000,0.73,-0.316,-0.577,1.28,2.38,4.21
318203.625000,0.732,-0.321,-0.572,1.01,2.11,3.42
318203.625000,0.736,-0.322,-0.578,-0.09,1.56,1.59
318203.640000,0.733,-0.319,-0.581,-1.13,1.5,-0.49
318203.656000,0.727,-0.315,-0.577,-2.01,1.74,-2.14
318203.656000,0.725,-0.316,-0.573,-2.53,1.65,-2.87
318203.671000,0.725,-0.315,-0.572,-2.35,1.56,-2.69
318203.671000,0.723,-0.305,-0.574,-1.37,1.8,-1.98
318203.687000,0.726,-0.301,-0.57,-0.52,1.92,-0.64
318203.703000,0.73,-0.306,-0.567,0.06,1.46,1.07
318203.703000,0.732,-0.314,-0.566,1.1,0.89,2.69
318203.718000,0.731,-0.32,-0.575,2.08,0.58,3.69
318203.734000,0.741,-0.322,-0.578,2.44,0.67,3.78
318203.734000,0.75,-0.321,-0.582,1.89,0.43,2.99
318203.750000,0.747,-0.317,-0.588,0.61,0.27,1.56
318203.750000,0.743,-0.316,-0.587,-0.82,0.79,0.55
318203.765000,0.739,-0.321,-0.576,-1.46,0.95,0.15
318203.765000,0.734,-0.323,-0.572,-0.82,0.31,0.18
318203.796000,0.733,-0.316,-0.583,0.24,-0.37,0.64
318203.796000,0.736,-0.312,-0.591,1.68,-0.43,1.92
318203.812000,0.742,-0.319,-0.588,2.9,0.21,3.42
318203.812000,0.741,-0.326,-0.583,3.85,0.89,3.78
318203.812000,0.74,-0.329,-0.581,4.03,1.28,3.08
318203.843000,0.747,-0.33,-0.587,2.96,1.1,1.34
318203.843000,0.746,-0.324,-0.589,1.01,1.07,-0.89
318203.859000,0.744,-0.317,-0.589,-0.98,1.28,-2.87
318203.875000,0.746,-0.31,-0.589,-1.86,1.89,-3.94
318203.875000,0.739,-0.297,-0.583,-2.04,2.38,-3.81
318203.875000,0.735,-0.295,-0.573,-0.58,2.96,-1.68
318203.906000,0.73,-0.301,-0.57,2.04,3.27,1.37
318203.906000,0.734,-0.305,-0.572,4.33,3.14,3.85
318203.921000,0.736,-0.302,-0.576,4.88,2.66,4.79
318203.937000,0.735,-0.309,-0.582,4.03,2.47,4.88
318203.937000,0.738,-0.326,-0.581,2.84,2.5,4.06
318203.953000,0.741,-0.332,-0.577,1.28,2.23,1.89
318203.953000,0.734,-0.323,-0.58,-0.12,2.04,-0.49
318203.968000,0.729,-0.317,-0.583,-0.24,2.41,-1.46
318203.984000,0.736,-0.315,-0.576,0.76,3.17,-1.43
318203.984000,0.736,-0.306,-0.576,1.53,3.33,-0.7
318204.000000,0.732,-0.299,-0.579,2.04,3.75,0.52
318204.000000,0.734,-0.304,-0.577,2.29,4.36,1.86
318204.000000,0.734,-0.304,-0.57,2.29,5.04,2.75
318204.015000,0.733,-0.307,-0.559,2.32,5.16,3.3
318204.031000,0.732,-0.309,-0.558,1.77,4.24,3.05
318204.031000,0.726,-0.311,-0.562,1.07,3.02,2.59
318204.046000,0.728,-0.323,-0.565,1.01,2.5,2.81
318204.078000,0.734,-0.326,-0.564,1.89,2.23,2.87
318204.078000,0.727,-0.319,-0.578,2.99,1.68,2.72
318204.093000,0.732,-0.318,-0.593,3.88,2.17,3.17
318204.109000,0.736,-0.313,-0.598,4.12,3.48,3.6
318204.109000,0.733,-0.314,-0.594,4.73,5.28,4.33
318204.125000,0.734,-0.324,-0.585,5.95,7.05,4.85
318204.125000,0.729,-0.334,-0.584,6.96,7.63,4.97
318204.140000,0.731,-0.338,-0.588,7.81,7.42,4.7
318204.140000,0.731,-0.345,-0.606,8.67,7.39,4.09
318204.156000,0.728,-0.353,-0.621,9.8,8.24,3.36
318204.171000,0.731,-0.363,-0.641,11.35,9.28,2.69
318204.187000,0.722,-0.365,-0.659,13.67,11.26,2.08
318204.187000,0.711,-0.37,-0.671,17.27,14.44,1.8
318204.203000,0.715,-0.371,-0.678,20.97,17.98,1.19
318204.203000,0.711,-0.352,-0.698,27.56,26.55,-1.68
318204.218000,0.684,-0.317,-0.708,33.42,32.84,0.0
318204.234000,0.657,-0.304,-0.704,42.42,38.91,3.33
318204.234000,0.636,-0.31,-0.713,53.32,44.5,7.51
318204.250000,0.613,-0.307,-0.734,64.97,50.63,12.91
318204.265000,0.611,-0.307,-0.742,74.25,55.91,18.04
318204.281000,0.614,-0.322,-0.788,78.07,60.58,21.76
318204.281000,0.594,-0.362,-0.826,79.78,66.35,23.83
318204.296000,0.598,-0.438,-0.829,84.9,74.25,24.6
318204.296000,0.597,-0.498,-0.828,92.1,80.02,23.59
318204.312000,0.589,-0.531,-0.884,101.93,85.73,20.39
318204.312000,0.592,-0.51,-0.91,108.95,94.42,14.59
318204.328000,0.577,-0.477,-0.889,111.24,104.25,7.84
318204.328000,0.554,-0.458,-0.831,110.35,113.59,0.55
318204.343000,0.522,-0.447,-0.772,107.49,119.27,-6.16
318204.343000,0.493,-0.443,-0.718,104.43,121.74,-12.36
318204.375000,0.462,-0.446,-0.647,102.11,121.46,-16.33
318204.375000,0.476,-0.439,-0.54,101.23,118.53,-17.88
318204.390000,0.528,-0.42,-0.474,101.32,111.21,-18.01
318204.406000,0.575,-0.383,-0.449,101.02,103.31,-17.18
318204.406000,0.621,-0.331,-0.415,99.58,98.79,-16.63
318204.406000,0.659,-0.297,-0.365,96.32,95.22,-13.86
318204.421000,0.679,-0.316,-0.33,94.06,91.43,-7.81
318204.421000,0.686,-0.351,-0.291,93.14,89.18,-2.11
318204.453000,0.689,-0.376,-0.249,91.8,87.44,2.29
318204.453000,0.704,-0.393,-0.186,88.35,84.69,5.55
318204.453000,0.779,-0.391,-0.11,82.74,80.97,5.25
318204.484000,0.89,-0.317,-0.085,71.38,74.68,-1.71
318204.484000,0.988,-0.22,-0.102,58.17,68.64,-9.74
318204.484000,1.061,-0.155,-0.057,44.62,66.26,-13.76
318204.515000,1.09,-0.14,-0.022,33.78,63.72,-14.04
318204.515000,1.092,-0.172,0.004,29.91,64.61,-11.32
318204.531000,1.046,-0.225,0.022,29.97,70.25,-6.56
318204.546000,1.007,-0.269,0.036,28.05,77.46,0.03
318204.546000,0.964,-0.278,0.046,22.06,85.63,8.61
318204.562000,0.952,-0.318,0.052,16.91,93.66,23.83
318204.562000,0.99,-0.411,0.078,16.02,104.04,41.9
318204.578000,1.006,-0.521,0.122,17.55,114.78,56.34
318204.593000,0.983,-0.607,0.184,20.39,126.38,63.08
318204.593000,0.933,-0.665,0.234,20.54,135.87,61.68
318204.609000,0.895,-0.72,0.285,15.08,141.58,54.32
318204.609000,0.869,-0.77,0.361,6.16,142.83,42.73
318204.625000,0.829,-0.818,0.416,-1.46,139.5,27.22
318204.640000,0.868,-0.848,0.474,-6.47,132.73,9.06
318204.656000,0.919,-0.796,0.503,-12.94,120.12,-15.66
318204.656000,0.912,-0.74,0.468,-18.04,107.09,-37.26
318204.671000,0.88,-0.722,0.465,-20.48,101.69,-51.79
318204.671000,0.855,-0.682,0.493,-21.97,99.46,-63.05
318204.687000,0.817,-0.647,0.478,-19.1,97.99,-68.36
318204.687000,0.785,-0.634,0.493,-12.21,101.38,-68.64
318204.703000,0.788,-0.608,0.53,-6.01,103.21,-68.58
318204.718000,0.839,-0.585,0.55,-1.71,101.69,-70.99
318204.734000,0.881,-0.546,0.558,0.82,98.54,-79.84
318204.734000,0.868,-0.516,0.527,2.01,97.69,-94.55
318204.750000,0.855,-0.44,0.56,1.04,103.43,-112.06
318204.765000,0.823,-0.398,0.573,-6.71,103.98,-122.14
318204.781000,0.785,-0.415,0.566,-13.92,103.73,-130.07
318204.781000,0.741,-0.415,0.634,-18.92,105.87,-136.54
318204.796000,0.705,-0.4,0.69,-18.98,105.99,-139.38
318204.796000,0.678,-0.365,0.697,-17.79,101.66,-136.48
318204.812000,0.649,-0.341,0.717,-14.07,97.6,-127.17
318204.812000,0.618,-0.335,0.771,-7.11,92.9,-114.81
318204.828000,0.611,-0.317,0.803,-0.37,82.98,-102.69
318204.843000,0.595,-0.291,0.798,6.47,70.89,-91.28
318204.843000,0.59,-0.265,0.766,11.54,59.94,-81.64
318204.859000,0.594,-0.266,0.741,14.4,52.58,-73.89
318204.859000,0.594,-0.265,0.726,15.63,47.76,-71.23
318204.875000,0.585,-0.243,0.699,12.18,42.27,-71.87
318204.890000,0.58,-0.261,0.691,7.69,37.84,-69.83
318204.890000,0.584,-0.254,0.722,6.93,34.94,-68.76
318204.906000,0.586,-0.206,0.742,8.0,29.11,-66.53
318204.921000,0.585,-0.188,0.716,10.96,21.09,-61.43
318204.921000,0.588,-0.162,0.702,14.74,15.75,-55.79
318204.937000,0.597,-0.131,0.694,18.22,12.18,-49.75
318204.937000,0.612,-0.081,0.69,20.39,8.85,-44.68
318204.953000,0.616,-0.05,0.662,19.87,4.33,-39.25
318204.953000,0.635,-0.034,0.648,17.21,0.67,-33.27
318204.984000,0.648,-0.008,0.651,12.94,-2.56,-29.27
318205.000000,0.647,0.009,0.646,9.4,-5.86,-25.51
318205.000000,0.649,0.019,0.641,5.65,-9.28,-22.1
318205.015000,0.66,0.017,0.632,1.28,-12.82,-16.69
318205.015000,0.672,0.004,0.627,-0.89,-15.78,-11.11
318205.031000,0.696,-0.019,0.627,-0.73,-18.1,-5.43
318205.046000,0.724,-0.049,0.605,0.89,-20.26,0.49
318205.046000,0.752,-0.075,0.591,2.44,-21.18,5.01
318205.062000,0.776,-0.117,0.576,3.14,-20.94,9.49
318205.078000,0.798,-0.161,0.567,3.94,-19.07,12.79
318205.078000,0.82,-0.178,0.563,4.67,-16.6,12.76
318205.093000,0.84,-0.187,0.542,4.33,-15.2,11.08
318205.093000,0.862,-0.188,0.526,2.69,-14.25,7.6
318205.109000,0.881,-0.174,0.52,0.49,-13.55,3.02
318205.109000,0.882,-0.149,0.513,-1.13,-12.51,-1.4
318205.125000,0.882,-0.125,0.506,-1.98,-10.41,-4.06
318205.140000,0.878,-0.092,0.511,-2.04,-7.23,-5.19
318205.156000,0.872,-0.068,0.516,-1.65,-4.73,-4.64
318205.156000,0.875,-0.062,0.508,-1.22,-2.78,-2.53
318205.171000,0.879,-0.06,0.503,-1.07,-0.61,-0.52
318205.171000,0.876,-0.06,0.499,-1.56,1.22,0.64
318205.187000,0.881,-0.072,0.479,-3.23,2.69,1.19
318205.203000,0.884,-0.093,0.466,-5.71,5.1,1.31
318205.203000,0.878,-0.121,0.472,-8.27,7.39,1.65
318205.218000,0.88,-0.157,0.494,-8.42,9.16,1.83
318205.234000,0.875,-0.178,0.506,-6.32,9.98,1.74
318205.234000,0.861,-0.183,0.516,-3.63,10.44,1.37
318205.250000,0.845,-0.178,0.526,-0.4,10.96,1.22
318205.265000,0.828,-0.165,0.536,2.72,11.38,1.46
318205.265000,0.812,-0.15,0.543,4.64,11.35,2.17
318205.281000,0.8,-0.133,0.548,4.97,10.53,2.23
318205.296000,0.791,-0.119,0.548,4.33,9.19,1.22
318205.296000,0.795,-0.103,0.56,0.98,6.47,-0.18
318205.312000,0.788,-0.106,0.555,-3.39,1.83,-1.4
318205.328000,0.785,-0.117,0.565,-5.31,-1.43,-2.35
318205.328000,0.784,-0.129,0.566,-5.71,-4.12,-2.5
318205.343000,0.787,-0.133,0.568,-3.39,-5.62,-1.34
318205.343000,0.793,-0.135,0.564,1.01,-6.38,1.53
318205.359000,0.811,-0.151,0.55,4.79,-7.29,4.85
318205.359000,0.827,-0.162,0.54,6.59,-8.09,6.32
318205.375000,0.834,-0.153,0.529,5.86,-8.82,4.91
318205.390000,0.842,-0.148,0.516,3.11,-9.8,2.23
318205.390000,0.843,-0.146,0.517,0.18,-10.32,-0.73
318205.406000,0.843,-0.134,0.512,-2.2,-10.77,-3.48
318205.421000,0.843,-0.116,0.502,-4.15,-10.99,-5.37
318205.421000,0.836,-0.096,0.493,-6.23,-10.19,-6.01
318205.437000,0.832,-0.083,0.483,-9.43,-8.61,-5.58
318205.437000,0.829,-0.087,0.482,-12.7,-6.1,-4.64
318205.453000,0.831,-0.109,0.491,-14.5,-3.6,-2.96
318205.468000,0.842,-0.14,0.5,-13.98,-1.65,-1.4
318205.484000,0.847,-0.155,0.505,-11.17,-0.43,-0.12
318205.500000,0.846,-0.169,0.506,-7.72,0.49,1.31
318205.500000,0.844,-0.183,0.513,-4.52,1.56,2.56
318205.500000,0.843,-0.197,0.523,-1.28,2.47,3.66
318205.515000,0.841,-0.204,0.532,2.23,3.11,4.64
318205.515000,0.838,-0.199,0.536,5.31,3.39,4.82
318205.546000,0.832,-0.19,0.537,6.78,3.69,4.15
318205.546000,0.827,-0.187,0.541,6.59,4.12,2.99
318205.562000,0.82,-0.18,0.549,6.13,4.58,1.65
318205.578000,0.808,-0.164,0.553,5.74,4.79,0.7
318205.578000,0.802,-0.15,0.555,5.86,4.64,0.95
318205.593000,0.806,-0.145,0.552,6.56,4.39,1.83
318205.593000,0.805,-0.131,0.551,6.68,4.21,2.41
318205.593000,0.799,-0.125,0.552,6.16,3.39,3.23
318205.609000,0.805,-0.134,0.556,6.74,2.29,4.82
318205.625000,0.804,-0.131,0.562,8.61,1.01,5.92
318205.625000,0.806,-0.126,0.553,10.16,-0.49,7.2
318205.656000,0.819,-0.13,0.539,11.08,-1.71,8.67
318205.656000,0.822,-0.125,0.529,11.05,-2.17,9.06
318205.671000,0.826,-0.132,0.514,9.83,-1.86,9.61
318205.687000,0.838,-0.145,0.512,8.42,-0.95,9.95
318205.687000,0.843,-0.149,0.507,7.97,0.12,10.13
318205.703000,0.845,-0.151,0.499,7.97,1.28,10.74
318205.718000,0.852,-0.162,0.498,7.66,2.78,11.2
318205.718000,0.855,-0.168,0.503,7.2,3.91,10.62
318205.734000,0.856,-0.17,0.505,7.02,4.03,9.58
318205.750000,0.855,-0.174,0.511,7.14,4.18,9.19
318205.750000,0.853,-0.174,0.523,7.57,4.36,9.03
318205.750000,0.854,-0.174,0.529,8.42,4.0,9.03
318205.765000,0.852,-0.166,0.523,9.03,3.57,8.79
318205.781000,0.849,-0.16,0.516,9.25,3.42,8.33
318205.796000,0.851,-0.166,0.512,7.84,3.45,6.01
318205.796000,0.852,-0.161,0.514,6.1,2.81,4.3
318205.812000,0.845,-0.156,0.513,4.49,1.98,2.99
318205.812000,0.849,-0.164,0.515,3.6,0.79,1.74
318205.828000,0.846,-0.165,0.518,3.57,-0.31,1.31
318205.828000,0.841,-0.161,0.515,4.43,-0.58,2.17
318205.843000,0.845,-0.166,0.513,5.34,-0.64,3.17
318205.859000,0.846,-0.159,0.508,5.86,-1.04,3.27
318205.859000,0.847,-0.157,0.499,5.19,-1.71,3.02
318205.875000,0.846,-0.15,0.495,3.91,-2.2,2.53
318205.890000,0.842,-0.142,0.499,1.98,-2.84,1.4
318205.890000,0.84,-0.141,0.493,-0.27,-3.39,0.31
318205.906000,0.841,-0.132,0.493,-2.56,-2.99,-0.79
318205.906000,0.838,-0.126,0.495,-4.15,-2.47,-1.07
318205.921000,0.842,-0.137,0.498,-4.7,-1.95,0.15
318205.937000,0.846,-0.144,0.507,-4.03,-1.16,1.28
318205.937000,0.848,-0.149,0.512,-2.5,-0.73,2.17
318205.953000,0.85,-0.153,0.513,-0.52,0.06,2.56
318205.968000,0.851,-0.151,0.516,0.15,0.92,2.59
318205.984000,0.85,-0.147,0.518,-0.61,1.65,1.95
318205.984000,0.845,-0.144,0.521,-2.96,2.29,0.46
318206.000000,0.839,-0.142,0.532,-5.13,3.11,-0.98
318206.015000,0.833,-0.143,0.539,-6.59,3.85,-1.92
318206.015000,0.825,-0.143,0.549,-7.26,4.06,-2.23
318206.015000,0.815,-0.147,0.556,-7.39,3.97,-2.11
318206.031000,0.815,-0.153,0.56,-6.62,4.06,-1.37
318206.031000,0.815,-0.158,0.563,-5.1,3.81,-0.12
318206.062000,0.814,-0.165,0.564,-2.75,3.39,1.43
318206.062000,0.818,-0.176,0.563,-0.55,2.96,2.69
318206.078000,0.821,-0.186,0.56,0.98,2.72,2.84
318206.093000,0.818,-0.181,0.562,1.13,2.53,1.53
318206.093000,0.814,-0.177,0.558,0.31,2.08,-0.06
318206.109000,0.814,-0.179,0.558,-1.04,1.62,-1.28
318206.125000,0.815,-0.176,0.562,-1.68,1.4,-2.04
318206.125000,0.811,-0.164,0.561,-1.01,1.07,-2.41
318206.140000,0.816,-0.16,0.552,0.52,0.67,-1.77
318206.156000,0.819,-0.154,0.55,1.8,0.37,-0.95
318206.156000,0.813,-0.144,0.544,2.26,0.0,-0.61
318206.171000,0.817,-0.146,0.531,1.8,-0.15,-0.31
318206.171000,0.818,-0.145,0.531,1.53,0.31,-0.31
318206.187000,0.817,-0.142,0.532,1.43,0.64,-0.06
318206.203000,0.816,-0.141,0.532,1.25,0.73,0.06
318206.203000,0.816,-0.135,0.536,0.95,0.58,0.34
318206.218000,0.815,-0.132,0.532,0.09,-0.12,0.67
318206.218000,0.816,-0.141,0.529,-1.07,-0.52,1.01
318206.234000,0.819,-0.153,0.532,-1.71,-0.61,1.16
318206.250000,0.822,-0.16,0.533,-1.43,-0.95,1.22
318206.265000,0.827,-0.167,0.528,-0.98,-1.56,1.16
318206.265000,0.832,-0.172,0.525,-1.13,-1.83,1.01
318206.281000,0.832,-0.172,0.524,-1.56,-1.77,0.55
318206.281000,0.833,-0.17,0.526,-1.22,-1.53,0.27
318206.296000,0.832,-0.163,0.528,-0.37,-1.43,0.21
318206.296000,0.832,-0.162,0.521,-0.12,-1.46,0.49
318206.312000,0.835,-0.167,0.521,-0.34,-0.98,1.1
318206.328000,0.837,-0.161,0.524,-0.31,-0.67,0.76
318206.343000,0.839,-0.156,0.515,-0.85,-1.13,0.03
318206.343000,0.841,-0.159,0.512,-2.08,-0.92,-0.37
318206.359000,0.842,-0.157,0.522,-2.38,0.03,-0.67
318206.375000,0.84,-0.158,0.524,-1.68,0.31,-0.58
318206.375000,0.843,-0.162,0.518,-1.22,0.67,-0.34
318206.390000,0.841,-0.161,0.519,-1.62,1.37,-0.34
318206.390000,0.839,-0.16,0.523,-2.38,2.08,-0.61
318206.421000,0.831,-0.155,0.532,-2.56,3.05,-0.98
318206.421000,0.828,-0.157,0.527,-2.9,3.36,-0.61
318206.437000,0.829,-0.166,0.531,-3.39,3.54,-0.03
318206.437000,0.82,-0.165,0.548,-2.53,3.88,-0.03
318206.453000,0.819,-0.164,0.548,-0.67,3.42,-0.03
318206.453000,0.818,-0.159,0.543,0.4,2.66,-0.18
318206.468000,0.812,-0.151,0.54,0.18,1.89,-0.52
318206.484000,0.808,-0.149,0.54,-0.73,1.22,-0.67
318206.500000,0.805,-0.15,0.547,-1.37,0.67,-0.58
318206.500000,0.805,-0.159,0.546,-1.34,0.03,-0.03
318206.500000,0.81,-0.162,0.546,-1.1,-0.73,0.49
318206.515000,0.81,-0.157,0.542,-1.22,-1.28,0.7
318206.531000,0.809,-0.153,0.538,-1.77,-1.53,1.13
318206.531000,0.811,-0.156,0.54,-1.95,-1.74,1.74
318206.546000,0.813,-0.165,0.54,-1.59,-1.92,2.5
318206.562000,0.819,-0.173,0.532,-1.22,-2.41,2.99
318206.562000,0.825,-0.174,0.528,-1.4,-2.53,2.96
318206.578000,0.825,-0.17,0.525,-1.56,-2.14,2.41
318206.593000,0.836,-0.177,0.516,-1.56,-1.68,1.8
318206.593000,0.847,-0.183,0.517,-1.77,-0.76,1.22
318206.609000,0.845,-0.174,0.525,-2.32,0.0,0.37
318206.609000,0.841,-0.164,0.529,-2.17,0.7,-0.12
318206.625000,0.838,-0.16,0.533,-1.46,1.68,0.12
318206.640000,0.832,-0.157,0.54,-0.58,2.23,0.73
318206.640000,0.828,-0.157,0.54,0.46,2.62,1.5
318206.656000,0.833,-0.155,0.544,0.85,2.99,2.62
318206.656000,0.83,-0.157,0.539,0.61,2.87,3.6
318206.687000,0.831,-0.165,0.533,-0.31,2.78,3.54
318206.687000,0.834,-0.175,0.532,-1.68,2.99,2.72
318206.703000,0.831,-0.181,0.534,-2.84,3.3,1.8
318206.703000,0.828,-0.188,0.54,-3.17,3.08,1.19
318206.718000,0.825,-0.191,0.546,-2.47,2.93,0.49
318206.718000,0.817,-0.188,0.546,-1.1,2.69,-0.24
318206.734000,0.816,-0.184,0.547,0.98,2.69,0.06
318206.750000,0.815,-0.177,0.543,2.53,2.38,0.73
318206.750000,0.815,-0.177,0.537,3.08,2.04,1.31
318206.765000,0.82,-0.178,0.537,2.81,1.74,1.16
318206.781000,0.823,-0.177,0.534,2.2,1.01,0.24
318206.781000,0.823,-0.173,0.532,1.25,0.4,-1.07
318206.781000,0.82,-0.166,0.531,0.18,-0.09,-2.23
318206.812000,0.817,-0.165,0.53,-0.43,0.03,-2.84
318206.812000,0.818,-0.165,0.536,-0.15,0.31,-2.59
318206.812000,0.819,-0.163,0.54,0.73,0.06,-1.4
318206.843000,0.817,-0.165,0.538,2.08,-0.49,-0.06
318206.843000,0.818,-0.167,0.535,2.72,-0.73,1.19
318206.859000,0.821,-0.176,0.534,2.81,-0.37,1.98
318206.875000,0.822,-0.174,0.538,2.84,0.09,1.62
318206.875000,0.817,-0.174,0.538,2.35,-0.06,1.01
318206.890000,0.818,-0.178,0.535,1.22,-0.79,0.37
318206.890000,0.817,-0.174,0.536,-0.15,-1.34,-0.67
318206.906000,0.817,-0.169,0.535,-1.28,-2.14,-1.65
318206.906000,0.822,-0.173,0.531,-2.01,-2.53,-1.86
318206.921000,0.825,-0.171,0.532,-1.86,-2.04,-1.92
318206.937000,0.828,-0.164,0.539,-0.89,-1.5,-1.62
318206.937000,0.827,-0.163,0.539,0.79,-1.16,-0.58
318206.953000,0.832,-0.167,0.538,2.35,-0.61,0.4
318206.953000,0.835,-0.161,0.538,3.2,0.0,0.49
318206.984000,0.833,-0.16,0.54,3.17,0.09,0.34
318206.984000,0.83,-0.162,0.54,2.59,-0.12,-0.09
318206.984000,0.828,-0.163,0.544,1.95,-0.31,-0.55
318207.000000,0.824,-0.163,0.544,1.16,-0.64,-1.31
318207.015000,0.825,-0.164,0.535,0.34,-1.19,-1.71
318207.015000,0.826,-0.166,0.534,-0.18,-1.4,-1.83
318207.031000,0.827,-0.164,0.535,-0.27,-1.4,-2.01
318207.031000,0.827,-0.158,0.534,0.64,-0.92,-1.95
318207.046000,0.827,-0.153,0.533,1.5,-0.61,-1.25
318207.062000,0.831,-0.152,0.529,2.01,-0.55,-0.55
318207.078000,0.833,-0.149,0.521,1.98,-0.67,-0.73
318207.093000,0.832,-0.129,0.526,1.25,-0.58,-1.28
318207.093000,0.824,-0.114,0.523,-0.34,-1.25,-1.56
318207.109000,0.823,-0.117,0.517,-2.5,-1.83,-1.22
318207.125000,0.828,-0.128,0.519,-4.21,-1.89,-0.49
318207.125000,0.825,-0.144,0.52,-5.31,-1.56,0.67
318207.140000,0.828,-0.161,0.526,-5.22,-0.98,1.68
318207.140000,0.835,-0.174,0.531,-3.54,-0.34,2.5
318207.156000,0.836,-0.183,0.531,-1.8,0.0,3.05
318207.171000,0.837,-0.189,0.53,-0.85,0.12,3.23
318207.187000,0.839,-0.197,0.534,-0.27,0.43,3.2
318207.187000,0.84,-0.202,0.54,0.09,0.52,2.47
318207.187000,0.836,-0.199,0.541,0.67,0.43,1.19
318207.203000,0.831,-0.19,0.542,1.01,0.37,-0.24
318207.218000,0.827,-0.178,0.543,0.73,0.31,-1.37
318207.218000,0.822,-0.172,0.543,0.09,0.03,-2.17
318207.234000,0.819,-0.167,0.55,-0.09,-0.21,-2.17
318207.250000,0.815,-0.162,0.553,0.7,-0.58,-1.65
318207.250000,0.812,-0.15,0.552,2.11,-1.1,-0.76
318207.265000,0.814,-0.145,0.539,2.72,-1.65,0.49
318207.265000,0.818,-0.149,0.534,2.35,-1.59,1.71
318207.281000,0.821,-0.154,0.538,2.01,-1.25,2.11
318207.296000,0.826,-0.158,0.531,1.68,-1.43,2.11
318207.296000,0.828,-0.16,0.529,1.59,-1.43,1.83
318207.312000,0.824,-0.154,0.533,1.5,-1.28,1.53
318207.328000,0.823,-0.157,0.53,1.5,-1.5,2.04
318207.328000,0.826,-0.167,0.529,1.43,-1.37,2.99
318207.343000,0.828,-0.173,0.533,2.01,-1.22,3.6
318207.343000,0.834,-0.182,0.525,2.84,-1.22,3.72
318207.359000,0.834,-0.183,0.522,1.89,-0.67,2.08
318207.375000,0.833,-0.181,0.522,1.77,-0.27,1.53
318207.390000,0.838,-0.187,0.521,1.86,0.15,0.82
318207.406000,0.836,-0.185,0.527,1.92,0.15,-0.09
318207.406000,0.829,-0.171,0.53,2.08,0.15,-0.15
318207.421000,0.832,-0.16,0.527,2.47,0.43,0.37
318207.421000,0.826,-0.152,0.535,3.02,0.58,0.79
318207.437000,0.817,-0.142,0.535,3.39,0.21,1.53
318207.453000,0.824,-0.146,0.528,3.23,-0.09,2.35
318207.453000,0.827,-0.146,0.527,2.17,-0.31,2.04
318207.468000,0.823,-0.146,0.524,0.95,-0.7,1.4
318207.484000,0.826,-0.162,0.522,0.0,-0.82,1.46
318207.484000,0.83,-0.174,0.526,-0.95,-0.89,0.98
318207.500000,0.826,-0.176,0.527,-1.46,-1.07,0.37
318207.500000,0.83,-0.18,0.527,-1.07,-1.1,0.43
318207.515000,0.832,-0.19,0.531,-0.55,-1.01,0.98
318207.531000,0.827,-0.187,0.535,0.27,-0.92,0.73
318207.546000,0.831,-0.183,0.535,1.68,-1.07,0.89
318207.546000,0.83,-0.174,0.537,3.05,-1.5,1.04
318207.546000,0.827,-0.161,0.535,3.42,-1.98,1.07
318207.562000,0.825,-0.149,0.528,2.93,-2.35,1.25
318207.578000,0.824,-0.146,0.526,2.2,-2.35,1.46
318207.593000,0.824,-0.148,0.526,1.46,-2.23,1.37
318207.593000,0.822,-0.151,0.527,0.73,-2.44,1.01
318207.609000,0.821,-0.153,0.529,-0.49,-2.62,0.52
318207.609000,0.817,-0.153,0.533,-1.34,-2.75,0.09
318207.625000,0.819,-0.154,0.54,-1.01,-2.62,0.43
318207.625000,0.824,-0.157,0.537,0.0,-3.14,1.04
318207.640000,0.83,-0.159,0.532,0.43,-3.88,1.13
318207.656000,0.837,-0.168,0.524,0.31,-4.18,1.53
318207.656000,0.844,-0.182,0.527,0.24,-4.06,1.8
318207.671000,0.843,-0.19,0.528,1.1,-3.85,1.4
318207.687000,0.843,-0.19,0.522,2.14,-3.45,0.82
318207.687000,0.846,-0.188,0.522,2.78,-2.75,0.55
318207.703000,0.844,-0.185,0.53,3.17,-2.47,0.21
318207.718000,0.847,-0.185,0.531,3.3,-2.62,-0.34
318207.718000,0.849,-0.186,0.537,3.75,-2.47,-1.07
318207.734000,0.852,-0.186,0.545,4.97,-2.53,-1.71
318207.750000,0.85,-0.18,0.548,6.71,-2.81,-2.38
318207.750000,0.849,-0.171,0.548,8.36,-3.08,-2.93
318207.765000,0.851,-0.165,0.541,9.22,-3.36,-3.42
318207.765000,0.855,-0.163,0.537,9.22,-3.33,-3.57
318207.781000,0.856,-0.159,0.531,8.82,-3.11,-4.06
318207.781000,0.857,-0.15,0.526,8.12,-2.38,-5.58
318207.812000,0.852,-0.14,0.522,6.9,-1.74,-7.02
318207.812000,0.847,-0.138,0.516,5.52,-1.28,-7.63
318207.828000,0.842,-0.144,0.52,4.61,-1.04,-7.72
318207.843000,0.837,-0.146,0.525,4.85,-0.98,-7.39
318207.859000,0.827,-0.14,0.522,5.98,-0.85,-6.62
318207.859000,0.822,-0.133,0.512,7.39,-0.46,-5.28
318207.875000,0.816,-0.13,0.509,7.84,0.15,-3.85
318207.875000,0.816,-0.13,0.506,7.72,0.7,-2.32
318207.890000,0.819,-0.134,0.503,7.05,0.89,-1.22
318207.890000,0.819,-0.136,0.502,5.92,1.1,-1.07
318207.906000,0.821,-0.14,0.497,4.27,1.28,-1.53
318207.921000,0.822,-0.148,0.505,2.2,1.68,-2.26
318207.921000,0.818,-0.155,0.516,1.04,1.92,-2.62
318207.937000,0.814,-0.154,0.522,1.1,1.53,-2.56
318207.937000,0.81,-0.154,0.521,1.65,1.16,-1.95
318207.953000,0.808,-0.146,0.522,2.17,1.25,-1.16
318207.968000,0.807,-0.14,0.521,2.66,1.28,-0.27
318207.984000,0.811,-0.138,0.523,2.93,1.22,0.52
318207.984000,0.814,-0.134,0.522,2.9,0.92,1.37
318208.000000,0.817,-0.134,0.52,2.26,0.37,1.98
318208.000000,0.822,-0.134,0.524,1.68,-0.21,2.32
318208.015000,0.823,-0.132,0.523,1.43,-0.18,2.38
318208.031000,0.825,-0.133,0.521,1.4,-0.24,2.78
318208.046000,0.827,-0.133,0.52,0.89,-0.24,2.87
318208.046000,0.822,-0.129,0.525,-0.24,-0.61,2.66
318208.062000,0.824,-0.133,0.52,-1.37,-1.22,2.87
318208.062000,0.83,-0.145,0.519,-1.68,-1.22,3.33
318208.062000,0.828,-0.144,0.524,-1.98,-1.13,3.17
318208.093000,0.828,-0.143,0.52,-2.08,-1.31,3.36
318208.109000,0.832,-0.147,0.517,-2.01,-1.28,4.12
318208.109000,0.84,-0.16,0.516,-1.86,-1.37,4.61
318208.125000,0.848,-0.172,0.518,-0.89,-1.19,4.58
318208.125000,0.853,-0.171,0.516,0.27,-1.13,3.51
318208.125000,0.853,-0.166,0.507,0.49,-1.01,2.38
318208.156000,0.852,-0.163,0.508,-0.34,-0.34,1.37
318208.156000,0.846,-0.157,0.515,-0.95,0.27,0.34
318208.156000,0.841,-0.151,0.525,-0.89,0.34,0.09
318208.171000,0.838,-0.147,0.524,-0.03,0.27,0.73
318208.187000,0.842,-0.148,0.521,0.49,0.27,1.86
318208.187000,0.845,-0.146,0.525,0.85,0.43,2.26
318208.218000,0.843,-0.143,0.521,0.82,0.15,2.04
318208.218000,0.845,-0.146,0.514,-0.06,0.12,1.31
318208.234000,0.846,-0.148,0.515,-1.19,0.31,0.34
318208.234000,0.843,-0.149,0.517,-1.86,0.4,-0.4
318208.250000,0.838,-0.153,0.519,-1.89,0.46,-0.73
318208.265000,0.834,-0.156,0.518,-1.53,0.31,-0.61
318208.265000,0.833,-0.157,0.516,-1.16,0.4,-0.37
318208.281000,0.834,-0.154,0.511,-1.07,0.37,-0.24
318208.296000,0.836,-0.152,0.508,-1.22,0.49,-0.15
318208.296000,0.839,-0.152,0.508,-1.59,0.79,-0.43
318208.312000,0.839,-0.153,0.508,-2.17,1.04,-0.95
318208.312000,0.837,-0.152,0.511,-2.84,1.07,-1.19
318208.328000,0.834,-0.152,0.514,-3.45,0.95,-1.31
318208.343000,0.833,-0.151,0.519,-3.27,1.01,-1.34
318208.343000,0.829,-0.152,0.523,-2.72,1.25,-1.04
318208.359000,0.829,-0.155,0.525,-1.8,1.46,-0.03
318208.375000,0.831,-0.158,0.529,-0.7,1.83,1.04
318208.375000,0.832,-0.159,0.529,0.37,1.77,1.95
318208.390000,0.836,-0.16,0.523,1.07,1.34,2.08
318208.390000,0.836,-0.157,0.52,0.82,1.16,1.46
318208.406000,0.837,-0.156,0.52,-0.15,1.31,0.37
318208.421000,0.837,-0.155,0.523,-1.62,1.34,-1.07
318208.421000,0.835,-0.157,0.524,-2.59,1.34,-2.17
318208.437000,0.834,-0.156,0.527,-3.27,1.5,-3.02
318208.453000,0.833,-0.153,0.531,-3.3,1.71,-3.17
318208.453000,0.83,-0.154,0.532,-2.93,1.95,-2.53
318208.468000,0.826,-0.154,0.537,-1.62,2.38,-1.59
318208.484000,0.824,-0.157,0.533,0.0,2.29,-0.24
318208.484000,0.828,-0.165,0.531,1.22,2.41,0.98
318208.500000,0.83,-0.168,0.526,1.71,2.35,1.07
318208.515000,0.837,-0.169,0.516,1.19,1.89,0.46
318208.531000,0.838,-0.17,0.515,0.31,1.8,-0.76
318208.531000,0.84,-0.174,0.512,0.03,2.35,-1.5
318208.531000,0.842,-0.17,0.512,0.46,3.17,-2.04
318208.546000,0.841,-0.161,0.512,0.82,3.94,-2.26
318208.562000,0.843,-0.157,0.511,0.85,4.85,-2.2
318208.562000,0.843,-0.154,0.517,0.82,5.68,-2.04
318208.578000,0.84,-0.147,0.525,1.16,6.26,-2.17
318208.593000,0.834,-0.137,0.527,1.28,6.26,-2.08
318208.609000,0.834,-0.131,0.53,1.16,6.47,-1.74
318208.609000,0.832,-0.121,0.536,1.28,6.65,-1.77
318208.609000,0.828,-0.123,0.529,0.92,6.01,-2.01
318208.625000,0.832,-0.104,0.533,-0.18,5.8,-2.72
318208.640000,0.825,-0.097,0.52,-2.41,4.85,-2.72
318208.640000,0.831,-0.101,0.517,-5.16,4.64,-2.84
318208.656000,0.835,-0.101,0.519,-7.87,4.49,-3.48
318208.656000,0.836,-0.104,0.513,-10.35,3.78,-4.0
318208.687000,0.836,-0.111,0.512,-12.6,3.36,-4.3
318208.687000,0.833,-0.133,0.52,-13.4,2.99,-3.33
318208.703000,0.833,-0.167,0.537,-12.48,2.78,-1.13
318208.703000,0.83,-0.185,0.552,-9.49,2.14,0.03
318208.718000,0.822,-0.188,0.559,-5.92,0.76,0.12
318208.734000,0.821,-0.185,0.561,-3.08,-1.01,-0.64
318208.750000,0.822,-0.179,0.555,-1.4,-3.57,-2.32
318208.750000,0.819,-0.172,0.549,-1.56,-6.04,-4.46
318208.750000,0.808,-0.16,0.554,-2.5,-8.0,-7.48
318208.765000,0.798,-0.146,0.554,-3.45,-10.96,-10.04
318208.781000,0.796,-0.138,0.549,-3.91,-13.7,-10.59
318208.781000,0.795,-0.13,0.543,-3.36,-15.47,-9.67
318208.796000,0.807,-0.121,0.532,-2.2,-17.03,-7.75
318208.812000,0.815,-0.104,0.523,-0.73,-18.04,-5.92
318208.828000,0.823,-0.096,0.511,0.4,-18.01,-3.63
318208.828000,0.84,-0.093,0.503,0.52,-17.52,-2.29
318208.843000,0.853,-0.086,0.497,-0.46,-17.21,-1.46
318208.843000,0.859,-0.089,0.49,-2.75,-16.3,-0.64
318208.859000,0.863,-0.1,0.488,-6.04,-14.65,-0.46
318208.875000,0.87,-0.119,0.494,-8.42,-12.51,-0.43
318208.875000,0.874,-0.134,0.507,-8.85,-10.38,-0.79
318208.890000,0.875,-0.149,0.505,-8.21,-8.61,-0.85
318208.906000,0.877,-0.168,0.506,-7.42,-6.41,-0.24
318208.906000,0.876,-0.18,0.518,-6.38,-3.75,-0.09
318208.921000,0.877,-0.186,0.523,-4.91,-1.86,-0.55
318208.937000,0.871,-0.177,0.53,-3.14,0.03,-1.77
318208.937000,0.857,-0.164,0.529,-1.86,2.9,-3.27
318208.953000,0.846,-0.157,0.534,-2.62,3.91,-3.66
318208.953000,0.837,-0.145,0.54,-3.51,4.03,-3.57
318208.968000,0.827,-0.146,0.541,-3.33,4.03,-3.14
318208.984000,0.82,-0.15,0.551,-2.29,3.69,-2.14
318208.984000,0.814,-0.151,0.551,-1.16,3.33,-0.67
318209.000000,0.809,-0.148,0.542,-0.09,3.17,0.55
318209.015000,0.809,-0.144,0.532,0.82,2.9,1.56
318209.015000,0.811,-0.147,0.523,0.89,2.69,2.59
318209.031000,0.81,-0.147,0.523,-0.18,2.38,3.14
318209.046000,0.806,-0.152,0.538,-0.06,2.23,3.42
318209.046000,0.803,-0.151,0.533,-0.79,0.27,3.54
318209.062000,0.798,-0.145,0.535,-1.16,-0.55,3.81
318209.078000,0.792,-0.146,0.548,-1.5,-1.28,5.1
318209.078000,0.798,-0.159,0.558,-0.31,-1.86,6.74
318209.093000,0.804,-0.171,0.561,1.62,-2.32,8.73
318209.093000,0.808,-0.183,0.57,4.33,-2.2,10.99
318209.109000,0.805,-0.192,0.573,6.78,-2.29,13.06
318209.109000,0.801,-0.214,0.58,9.28,-1.74,15.53
318209.125000,0.789,-0.227,0.605,12.45,-0.85,17.37
318209.125000,0.77,-0.228,0.621,15.75,-1.53,18.52
318209.156000,0.748,-0.225,0.635,18.8,-3.05,19.56
318209.156000,0.726,-0.222,0.649,21.88,-5.22,20.94
318209.171000,0.7,-0.208,0.665,24.11,-8.27,21.76
318209.171000,0.672,-0.183,0.679,24.87,-12.45,22.22
318209.187000,0.645,-0.166,0.686,24.69,-17.49,23.22
318209.203000,0.627,-0.157,0.712,25.21,-22.03,23.44
318209.203000,0.6,-0.132,0.764,25.36,-27.77,24.51
318209.218000,0.557,-0.137,0.819,26.22,-34.79,28.84
318209.234000,0.516,-0.163,0.891,29.57,-41.02,35.83
318209.234000,0.47,-0.185,0.938,34.3,-47.09,45.14
318209.250000,0.432,-0.189,0.967,40.44,-52.25,55.21
318209.265000,0.416,-0.176,0.989,47.55,-57.74,64.15
318209.265000,0.419,-0.151,1.01,52.37,-66.13,70.8
318209.281000,0.433,-0.136,1.048,52.86,-76.14,76.45
318209.296000,0.454,-0.155,1.098,51.73,-84.32,83.1
318209.312000,0.521,-0.193,1.157,51.33,-90.24,91.01
318209.312000,0.647,-0.212,1.171,51.21,-96.41,95.46
318209.312000,0.783,-0.188,1.128,50.78,-102.88,92.87
318209.328000,0.962,-0.096,1.014,47.15,-109.84,78.55
318209.343000,1.094,0.068,0.881,35.28,-117.4,48.86
318209.343000,1.146,0.19,0.745,17.88,-119.54,16.21
318209.359000,1.182,0.283,0.657,-11.57,-111.12,-10.25
318209.375000,1.174,0.357,0.641,-44.47,-92.38,-28.11
318209.375000,1.137,0.375,0.715,-70.89,-66.04,-32.93
318209.390000,1.07,0.334,0.867,-84.87,-41.29,-26.89
318209.406000,0.997,0.261,1.029,-82.52,-27.59,-13.37
318209.406000,0.934,0.232,1.114,-74.86,-33.14,2.08
318209.421000,0.88,0.242,1.093,-70.53,-56.86,17.06
318209.421000,0.839,0.22,0.98,-70.16,-86.52,32.96
318209.437000,0.791,0.156,0.867,-71.05,-110.9,47.15
318209.453000,0.754,0.12,0.756,-76.14,-134.71,57.04
318209.453000,0.709,0.082,0.585,-82.16,-156.04,64.36
318209.468000,0.622,0.037,0.419,-91.19,-172.43,67.78
318209.484000,0.508,-0.043,0.264,-100.07,-187.84,71.23
318209.484000,0.406,-0.18,0.096,-104.34,-205.54,78.1
318209.500000,0.325,-0.321,-0.114,-100.34,-225.81,82.8
318209.515000,0.319,-0.47,-0.398,-89.94,-248.94,84.11
318209.515000,0.411,-0.552,-0.746,-82.49,-273.69,78.22
318209.531000,0.447,-0.455,-1.097,-95.95,-295.51,55.88
318209.546000,0.404,-0.318,-1.414,-125.4,-306.13,26.03
318209.546000,0.392,-0.336,-1.683,-154.24,-306.1,5.43
318209.562000,0.453,-0.435,-1.794,-177.86,-298.72,-8.21
318209.562000,0.476,-0.47,-1.867,-193.09,-287.24,-26.12
318209.578000,0.509,-0.469,-1.945,-193.91,-269.94,-34.82
318209.593000,0.606,-0.548,-1.873,-178.81,-241.62,-22.92
318209.593000,0.675,-0.599,-1.764,-155.1,-208.56,-11.17
318209.609000,0.697,-0.579,-1.669,-127.96,-173.44,-1.74
318209.609000,0.698,-0.574,-1.527,-103.64,-139.13,11.2
318209.625000,0.719,-0.646,-1.357,-82.22,-109.47,22.16
318209.640000,0.728,-0.711,-1.249,-64.42,-87.1,22.22
318209.656000,0.717,-0.687,-1.189,-51.88,-67.96,10.65
318209.656000,0.696,-0.602,-1.127,-44.28,-49.04,-6.16
318209.656000,0.66,-0.521,-1.032,-39.12,-29.76,-20.42
318209.671000,0.626,-0.472,-0.905,-31.13,-10.5,-28.17
318209.687000,0.604,-0.423,-0.799,-21.42,4.94,-33.66
318209.703000,0.563,-0.305,-0.694,-14.89,15.29,-39.98
318209.703000,0.521,-0.174,-0.598,-11.47,20.33,-43.03
318209.718000,0.484,-0.086,-0.533,-12.15,19.62,-40.35
318209.734000,0.468,-0.071,-0.475,-12.3,16.02,-32.17
318209.734000,0.486,-0.083,-0.444,-10.41,8.94,-22.37
318209.750000,0.523,-0.084,-0.496,-8.09,-0.95,-14.25
318209.765000,0.57,-0.084,-0.541,-5.34,-8.0,-5.43
318209.765000,0.616,-0.1,-0.571,-1.46,-10.68,2.81
318209.781000,0.714,-0.134,-0.552,3.11,-10.41,8.12
318209.796000,0.782,-0.188,-0.65,2.47,-13.82,5.74
318209.796000,0.727,-0.199,-0.759,-3.54,-14.53,-5.1
318209.812000,0.764,-0.198,-0.704,-9.77,-7.32,-15.26
318209.828000,0.731,-0.208,-0.724,-14.47,-3.36,-25.79
318209.828000,0.724,-0.204,-0.712,-13.58,4.24,-32.62
318209.843000,0.715,-0.179,-0.704,-11.84,9.31,-37.02
318209.843000,0.7,-0.145,-0.666,-6.93,12.88,-36.65
318209.859000,0.697,-0.119,-0.619,0.34,14.89,-30.21
318209.875000,0.698,-0.1,-0.588,7.97,15.59,-18.22
318209.875000,0.701,-0.099,-0.577,15.66,15.87,-4.85
318209.890000,0.719,-0.107,-0.564,21.91,15.47,6.23
318209.906000,0.727,-0.122,-0.567,24.41,13.06,13.37
318209.906000,0.736,-0.139,-0.566,24.45,10.86,17.52
318209.921000,0.747,-0.159,-0.574,22.89,8.91,18.37
318209.937000,0.761,-0.17,-0.571,20.45,7.87,15.69
318209.937000,0.757,-0.178,-0.573,16.57,6.68,11.29
318209.953000,0.758,-0.189,-0.558,12.12,5.77,6.32
318209.953000,0.765,-0.198,-0.542,7.97,3.48,1.31
318209.968000,0.777,-0.194,-0.561,4.49,0.43,-4.61
318209.968000,0.78,-0.174,-0.583,0.92,-1.43,-10.22
318210.000000,0.78,-0.159,-0.593,-2.62,-1.86,-13.73
318210.000000,0.776,-0.153,-0.599,-5.04,-0.95,-15.26
318210.015000,0.771,-0.141,-0.594,-5.49,0.34,-15.02
318210.015000,0.758,-0.127,-0.584,-4.64,1.59,-12.57
318210.031000,0.755,-0.131,-0.565,-2.96,2.62,-7.93
318210.046000,0.751,-0.15,-0.551,-1.8,2.53,-3.17
318210.046000,0.756,-0.172,-0.539,-1.1,1.19,-0.15
318210.062000,0.763,-0.18,-0.551,-1.86,-1.04,0.15
318210.078000,0.762,-0.181,-0.562,-4.15,-3.05,-0.95
318210.078000,0.769,-0.195,-0.573,-5.68,-4.36,-2.26
318210.093000,0.777,-0.192,-0.588,-5.49,-4.58,-4.12
318210.093000,0.762,-0.169,-0.604,-4.36,-3.39,-4.73
318210.109000,0.747,-0.167,-0.593,-2.11,-0.4,-1.4
318210.125000,0.747,-0.183,-0.558,1.5,2.72,3.63
318210.125000,0.753,-0.193,-0.542,4.97,3.08,7.42
318210.140000,0.76,-0.189,-0.549,6.81,1.46,9.31
318210.156000,0.763,-0.183,-0.556,6.2,0.12,9.58
318210.156000,0.77,-0.191,-0.561,3.81,-1.16,8.76
318210.171000,0.773,-0.2,-0.576,0.89,-2.23,6.62
318210.171000,0.769,-0.209,-0.584,-1.74,-2.11,4.55
318210.187000,0.773,-0.221,-0.575,-3.08,-1.31,3.2
318210.203000,0.782,-0.223,-0.575,-2.93,-0.89,1.89
318210.218000,0.778,-0.208,-0.586,-2.5,-0.58,0.82
318210.218000,0.773,-0.198,-0.586,-2.14,0.43,1.8
318210.234000,0.781,-0.21,-0.582,-1.37,1.25,4.0
318210.234000,0.786,-0.218,-0.573,0.12,1.56,5.71
318210.250000,0.783,-0.222,-0.575,1.59,1.25,6.96
318210.265000,0.781,-0.226,-0.572,2.56,1.59,7.72
318210.265000,0.782,-0.231,-0.563,2.69,1.59,7.42
318210.281000,0.787,-0.23,-0.558,1.74,0.58,5.77
318210.281000,0.785,-0.22,-0.564,-0.46,-0.92,3.51
318210.296000,0.785,-0.219,-0.575,-2.59,-1.8,1.68
318210.312000,0.778,-0.219,-0.58,-3.85,-1.62,0.64
318210.312000,0.772,-0.223,-0.583,-3.66,-0.89,0.92
318210.328000,0.772,-0.232,-0.58,-2.04,0.18,2.29
318210.343000,0.77,-0.23,-0.576,-0.12,0.43,3.66
318210.343000,0.768,-0.233,-0.581,1.31,0.15,5.31
318210.359000,0.776,-0.245,-0.583,2.08,0.24,6.32
318210.375000,0.789,-0.252,-0.585,1.68,0.31,5.25
318210.375000,0.79,-0.252,-0.591,0.18,0.52,2.99
318210.390000,0.792,-0.26,-0.597,-1.13,1.53,0.55
318210.390000,0.789,-0.257,-0.591,-2.29,2.35,-2.59
318210.406000,0.78,-0.246,-0.581,-3.45,2.53,-5.49
318210.406000,0.767,-0.238,-0.569,-3.81,2.44,-6.93
318210.421000,0.752,-0.234,-0.558,-2.5,1.98,-6.32
318210.437000,0.739,-0.228,-0.546,0.03,1.34,-4.27
318210.453000,0.736,-0.218,-0.538,2.78,-0.24,-1.62
318210.453000,0.74,-0.208,-0.541,3.97,-1.89,0.58
318210.468000,0.746,-0.196,-0.558,2.5,-2.69,1.01
318210.484000,0.751,-0.192,-0.574,-0.12,-1.62,0.37
318210.484000,0.763,-0.207,-0.58,-0.58,1.1,1.04
318210.500000,0.76,-0.227,-0.563,0.7,3.42,1.77
318210.515000,0.758,-0.239,-0.546,1.68,3.36,1.89
318210.515000,0.767,-0.239,-0.555,1.86,0.95,-0.09
318210.515000,0.77,-0.228,-0.568,2.11,1.43,-0.49
318210.531000,0.773,-0.221,-0.565,1.59,1.74,-0.52
318210.546000,0.771,-0.216,-0.565,1.04,1.77,-0.09
318210.562000,0.769,-0.213,-0.564,1.56,2.23,1.28
318210.562000,0.771,-0.212,-0.559,2.78,2.69,2.69
318210.578000,0.773,-0.219,-0.56,3.14,2.69,4.09
318210.593000,0.778,-0.236,-0.552,3.39,2.66,4.97
318210.593000,0.781,-0.247,-0.554,3.66,2.17,4.39
318210.609000,0.784,-0.242,-0.565,3.63,1.53,2.69
318210.625000,0.787,-0.236,-0.568,2.78,1.43,0.73
318210.625000,0.789,-0.238,-0.566,1.77,1.46,-0.67
318210.656000,0.792,-0.236,-0.567,0.79,1.74,-2.29
318210.656000,0.787,-0.223,-0.572,0.27,2.11,-3.63
318210.656000,0.778,-0.211,-0.567,0.64,2.53,-3.17
318210.671000,0.775,-0.208,-0.56,1.25,2.26,-1.37
318210.671000,0.774,-0.215,-0.562,1.95,1.5,0.85
318210.687000,0.775,-0.222,-0.569,3.05,1.25,3.27
318210.703000,0.777,-0.228,-0.571,4.55,1.74,5.46
318210.703000,0.778,-0.232,-0.574,5.95,2.32,6.84
318210.718000,0.776,-0.235,-0.574,6.5,2.75,7.45
318210.734000,0.777,-0.24,-0.571,6.23,3.23,6.9
318210.734000,0.776,-0.241,-0.564,5.1,3.48,5.16
318210.750000,0.768,-0.239,-0.559,3.57,3.39,3.3
318210.750000,0.769,-0.241,-0.546,2.5,3.11,1.5
318210.765000,0.772,-0.234,-0.546,1.74,1.83,-0.46
318210.781000,0.773,-0.222,-0.555,0.85,0.49,-1.95
318210.796000,0.771,-0.218,-0.56,-0.03,0.12,-2.53
318210.796000,0.772,-0.219,-0.562,-0.03,0.4,-1.77
318210.812000,0.772,-0.22,-0.566,0.52,0.98,-0.34
318210.812000,0.774,-0.219,-0.562,1.25,1.89,0.92
318210.828000,0.77,-0.218,-0.556,2.23,2.29,2.35
318210.828000,0.766,-0.226,-0.551,3.02,2.23,3.69
318210.843000,0.772,-0.235,-0.547,3.39,2.08,4.06
318210.859000,0.772,-0.232,-0.547,3.08,1.19,3.14
318210.875000,0.772,-0.227,-0.549,1.8,0.31,1.68
318210.875000,0.774,-0.229,-0.556,-0.09,-0.37,-0.15
318210.890000,0.772,-0.23,-0.561,-2.14,-0.49,-2.35
318210.906000,0.767,-0.226,-0.566,-3.54,-0.06,-3.91
318210.906000,0.762,-0.222,-0.566,-3.45,1.1,-4.03
318210.921000,0.758,-0.222,-0.56,-2.38,1.4,-2.47
318210.921000,0.758,-0.224,-0.549,-0.55,1.28,0.06
318210.937000,0.763,-0.23,-0.545,1.68,0.89,2.81
318210.953000,0.77,-0.231,-0.553,3.48,0.24,4.24
318210.953000,0.777,-0.229,-0.555,3.69,-0.15,4.46
318210.953000,0.778,-0.229,-0.556,2.41,-0.27,3.51
318210.984000,0.78,-0.229,-0.557,0.58,-0.31,1.74
318210.984000,0.778,-0.227,-0.56,-1.25,-0.34,-0.67
318211.000000,0.771,-0.225,-0.562,-2.72,0.09,-2.32
318211.000000,0.771,-0.228,-0.557,-3.14,0.82,-2.56
318211.000000,0.772,-0.231,-0.552,-2.5,0.98,-2.14
318211.015000,0.766,-0.23,-0.553,-1.22,0.79,-1.4
318211.031000,0.774,-0.227,-0.551,0.0,0.79,-0.43
318211.031000,0.776,-0.222,-0.552,0.79,0.4,0.55
318211.062000,0.781,-0.222,-0.551,1.13,0.06,1.25
318211.062000,0.787,-0.22,-0.551,0.73,-0.27,1.19
318211.078000,0.782,-0.215,-0.558,-0.27,-0.64,0.89
318211.093000,0.786,-0.216,-0.563,-1.01,-0.46,1.01
318211.093000,0.786,-0.22,-0.559,-1.4,0.03,1.46
318211.109000,0.787,-0.23,-0.557,-0.46,1.04,2.01
318211.125000,0.789,-0.23,-0.557,-0.03,1.46,2.01
318211.125000,0.794,-0.225,-0.563,-0.21,1.28,1.71
318211.140000,0.794,-0.227,-0.561,-0.76,1.74,1.1
318211.156000,0.79,-0.227,-0.562,-1.71,1.98,0.12
318211.156000,0.785,-0.218,-0.555,-2.35,2.11,-0.46
318211.171000,0.78,-0.217,-0.554,-2.78,1.83,-0.21
318211.187000,0.785,-0.22,-0.553,-2.47,1.95,0.31
318211.187000,0.784,-0.217,-0.553,-2.32,1.95,0.7
318211.203000,0.78,-0.221,-0.555,-1.83,2.08,1.77
318211.203000,0.784,-0.226,-0.555,-1.34,2.2,2.41
318211.218000,0.784,-0.221,-0.556,-1.4,1.86,2.5
318211.218000,0.784,-0.221,-0.557,-1.4,1.89,2.69
318211.234000,0.784,-0.22,-0.556,-1.28,2.14,2.75
318211.250000,0.785,-0.218,-0.557,-1.1,2.41,2.75
318211.265000,0.78,-0.218,-0.554,-0.98,2.99,3.14
318211.265000,0.777,-0.223,-0.546,-0.67,3.17,3.91
318211.281000,0.773,-0.23,-0.546,-0.7,2.35,4.46
318211.296000,0.771,-0.236,-0.549,-0.89,1.74,4.64
318211.296000,0.773,-0.237,-0.548,-0.82,1.37,4.55
318211.312000,0.774,-0.241,-0.551,-0.67,1.25,4.09
318211.312000,0.775,-0.241,-0.552,-0.95,1.31,3.33
318211.328000,0.773,-0.235,-0.554,-1.71,1.46,2.2
318211.343000,0.769,-0.23,-0.551,-2.81,1.56,1.07
318211.343000,0.766,-0.232,-0.548,-3.48,1.71,0.98
318211.359000,0.765,-0.237,-0.542,-2.78,1.95,1.5
318211.359000,0.769,-0.237,-0.538,-1.22,1.86,2.23
318211.375000,0.773,-0.236,-0.54,-0.12,1.31,2.96
318211.390000,0.776,-0.237,-0.551,0.21,1.28,3.36
318211.406000,0.778,-0.238,-0.545,-0.15,1.62,3.39
318211.421000,0.783,-0.243,-0.539,-0.98,1.31,2.9
318211.421000,0.782,-0.242,-0.545,-1.59,0.55,1.92
318211.421000,0.776,-0.236,-0.552,-1.71,0.52,1.16
318211.437000,0.774,-0.234,-0.547,-1.34,1.04,1.13
318211.453000,0.775,-0.239,-0.546,-1.01,1.25,1.31
318211.453000,0.777,-0.242,-0.545,-0.82,1.22,1.65
318211.468000,0.781,-0.245,-0.542,-0.4,1.04,1.62
318211.484000,0.782,-0.241,-0.552,-0.79,0.79,1.07
318211.500000,0.776,-0.242,-0.553,-1.25,1.53,0.82
318211.500000,0.778,-0.248,-0.548,-1.28,2.26,0.95
318211.515000,0.776,-0.248,-0.542,-1.1,2.32,0.55
318211.515000,0.772,-0.249,-0.54,-0.58,1.89,0.34
318211.531000,0.774,-0.251,-0.542,0.18,1.22,0.34
318211.531000,0.779,-0.244,-0.55,0.64,0.82,0.03
318211.546000,0.78,-0.237,-0.552,1.28,1.16,0.43
318211.562000,0.782,-0.237,-0.556,1.62,1.43,0.98
318211.562000,0.78,-0.237,-0.555,1.56,1.92,1.4
318211.578000,0.776,-0.239,-0.548,1.95,2.35,1.86
318211.593000,0.776,-0.24,-0.553,2.41,2.32,2.26
318211.593000,0.775,-0.239,-0.553,1.92,2.38,2.11
318211.609000,0.772,-0.242,-0.544,1.19,2.69,1.65
318211.625000,0.774,-0.246,-0.534,0.85,2.5,1.16
318211.625000,0.777,-0.246,-0.535,0.52,1.74,0.34
318211.640000,0.777,-0.242,-0.536,-0.15,0.76,-0.89
318211.640000,0.776,-0.235,-0.539,-0.79,-0.12,-1.68
318211.656000,0.778,-0.233,-0.545,-0.98,-0.31,-1.71
318211.656000,0.778,-0.234,-0.544,-0.58,-0.21,-1.31
318211.687000,0.775,-0.235,-0.546,0.21,-0.12,-0.64
318211.687000,0.775,-0.233,-0.542,1.07,0.21,0.64
318211.703000,0.783,-0.235,-0.542,2.01,0.46,2.11
318211.703000,0.778,-0.237,-0.548,2.62,0.43,3.2
318211.718000,0.775,-0.243,-0.545,2.78,0.21,3.63
318211.734000,0.776,-0.255,-0.546,2.62,-0.12,3.69
318211.734000,0.776,-0.258,-0.55,2.93,-0.21,3.17
318211.734000,0.777,-0.256,-0.555,3.05,-0.03,2.44
318211.765000,0.769,-0.26,-0.556,2.81,0.49,1.74
318211.765000,0.763,-0.26,-0.551,2.66,1.13,0.82
318211.765000,0.763,-0.259,-0.542,2.78,1.13,0.15
318211.796000,0.767,-0.257,-0.546,2.53,1.16,-0.85
318211.796000,0.768,-0.245,-0.547,1.71,1.28,-2.04
318211.812000,0.764,-0.239,-0.55,0.92,1.8,-2.5
318211.828000,0.763,-0.24,-0.54,0.82,2.38,-2.29
318211.828000,0.761,-0.245,-0.534,1.34,2.01,-2.01
318211.843000,0.764,-0.244,-0.544,2.11,1.65,-1.77
318211.843000,0.763,-0.234,-0.549,2.66,1.8,-1.8
318211.843000,0.764,-0.231,-0.541,2.93,2.14,-1.46
318211.875000,0.775,-0.241,-0.533,3.11,1.92,-1.19
318211.875000,0.784,-0.242,-0.533,3.23,1.43,-1.95
318211.890000,0.784,-0.232,-0.537,2.66,1.04,-3.42
318211.906000,0.784,-0.223,-0.537,1.16,0.43,-4.76
318211.906000,0.784,-0.223,-0.539,-0.67,-0.21,-5.31
318211.921000,0.787,-0.223,-0.541,-1.8,-0.52,-5.49
318211.937000,0.79,-0.223,-0.538,-2.01,-0.73,-5.22
318211.937000,0.794,-0.219,-0.538,-1.13,-1.13,-4.27
318211.953000,0.8,-0.213,-0.547,-0.55,-1.46,-2.84
318211.953000,0.801,-0.209,-0.553,-0.27,-1.25,-1.25
318211.968000,0.8,-0.211,-0.549,0.15,-0.58,0.52
318211.984000,0.797,-0.219,-0.55,0.49,-0.4,1.86
318212.000000,0.799,-0.225,-0.549,0.34,-0.18,2.53
318212.000000,0.801,-0.228,-0.541,-0.12,-0.18,2.56
318212.015000,0.796,-0.237,-0.543,-0.64,-0.7,2.32
318212.015000,0.795,-0.248,-0.546,-1.01,-1.31,1.65
318212.031000,0.799,-0.254,-0.557,-1.8,-1.8,-0.03
318212.031000,0.799,-0.255,-0.563,-2.66,-1.65,-1.77
318212.046000,0.797,-0.254,-0.571,-2.93,-0.92,-2.87
318212.062000,0.791,-0.257,-0.571,-2.5,0.24,-2.9
318212.062000,0.792,-0.25,-0.569,-1.46,1.5,-2.69
318212.078000,0.791,-0.235,-0.567,-0.09,2.47,-2.01
318212.093000,0.787,-0.234,-0.561,2.99,4.49,1.83
318212.093000,0.78,-0.243,-0.555,4.33,5.13,2.96
318212.109000,0.775,-0.251,-0.549,5.28,5.31,3.27
318212.125000,0.771,-0.253,-0.548,5.22,5.13,2.9
318212.125000,0.766,-0.249,-0.544,4.21,4.94,2.23
318212.140000,0.765,-0.243,-0.534,2.84,4.3,1.19
318212.156000,0.763,-0.228,-0.518,1.59,3.17,-0.03
318212.156000,0.762,-0.216,-0.513,0.52,1.83,-0.61
318212.171000,0.769,-0.216,-0.512,0.12,1.04,-0.03
318212.171000,0.773,-0.217,-0.518,-0.18,0.98,0.37
318212.187000,0.773,-0.221,-0.519,-0.49,1.31,0.82
318212.203000,0.772,-0.235,-0.516,-0.46,1.28,1.07
318212.203000,0.778,-0.244,-0.523,-0.82,0.7,0.31
318212.218000,0.785,-0.239,-0.525,-2.26,-0.06,-1.28
318212.218000,0.787,-0.24,-0.535,-2.78,-0.31,-2.08
318212.250000,0.789,-0.236,-0.545,-2.93,0.15,-2.41
318212.250000,0.787,-0.235,-0.534,-2.14,1.1,-1.77
318212.265000,0.79,-0.239,-0.524,-0.7,1.53,-0.12
318212.265000,0.8,-0.238,-0.519,0.73,1.37,1.1
318212.281000,0.811,-0.235,-0.525,1.56,1.01,2.11
318212.296000,0.82,-0.234,-0.537,1.43,0.79,2.44
318212.296000,0.828,-0.23,-0.547,0.64,1.28,2.17
318212.312000,0.828,-0.228,-0.55,-0.43,2.59,2.17
318212.328000,0.827,-0.238,-0.545,-0.55,4.12,2.96
318212.328000,0.826,-0.251,-0.541,0.46,5.16,3.94
318212.343000,0.827,-0.252,-0.539,1.65,5.49,4.73
318212.343000,0.827,-0.251,-0.542,2.62,5.55,5.46
318212.359000,0.834,-0.257,-0.549,3.3,6.53,5.8
318212.375000,0.841,-0.261,-0.55,3.48,7.51,5.19
318212.375000,0.85,-0.268,-0.543,3.42,7.93,4.06
318212.390000,0.865,-0.27,-0.536,3.97,7.9,2.62
318212.406000,0.886,-0.271,-0.534,4.0,8.15,1.13
318212.406000,0.882,-0.274,-0.547,4.21,10.19,-1.28
318212.421000,0.815,-0.27,-0.571,4.67,14.31,-4.39
318212.421000,0.734,-0.271,-0.559,3.88,19.1,-7.26
318212.437000,0.662,-0.289,-0.532,2.08,20.02,-9.19
318212.453000,0.643,-0.318,-0.506,1.19,17.03,-9.58
318212.453000,0.702,-0.33,-0.451,1.31,11.51,-10.13
318212.468000,0.797,-0.327,-0.431,1.89,3.78,-11.72
318212.468000,0.861,-0.3,-0.469,2.32,-1.53,-15.05
318212.484000,0.885,-0.252,-0.497,2.11,-0.85,-18.83
318212.500000,0.895,-0.216,-0.505,0.06,2.29,-21.58
318212.515000,0.895,-0.207,-0.51,-2.47,4.79,-22.55
318212.515000,0.881,-0.217,-0.513,-3.94,7.32,-21.24
318212.515000,0.868,-0.231,-0.498,-2.75,10.5,-17.61
318212.531000,0.85,-0.233,-0.486,0.61,12.63,-13.03
318212.546000,0.824,-0.23,-0.482,4.76,13.52,-7.42
318212.562000,0.806,-0.237,-0.477,9.28,13.82,-1.25
318212.562000,0.796,-0.247,-0.469,13.37,13.61,3.85
318212.562000,0.786,-0.257,-0.469,15.96,12.24,6.26
318212.593000,0.783,-0.257,-0.479,16.42,10.53,6.5
318212.593000,0.781,-0.248,-0.481,14.25,9.06,4.46
318212.609000,0.782,-0.245,-0.477,11.63,8.15,1.98
318212.625000,0.784,-0.25,-0.476,9.95,8.03,-0.06
318212.625000,0.777,-0.247,-0.476,9.03,8.09,-2.23
318212.625000,0.761,-0.247,-0.478,8.97,7.75,-3.23
318212.656000,0.767,-0.247,-0.481,9.7,6.78,-4.0
318212.656000,0.777,-0.238,-0.494,10.01,5.25,-4.85
318212.671000,0.79,-0.232,-0.512,10.01,4.85,-5.13
318212.687000,0.804,-0.225,-0.511,9.86,5.77,-5.49
318212.687000,0.809,-0.216,-0.507,9.52,6.81,-5.83
318212.703000,0.815,-0.21,-0.503,9.28,7.72,-6.07
318212.703000,0.821,-0.213,-0.503,8.79,8.3,-6.1
318212.718000,0.824,-0.209,-0.503,7.87,8.64,-6.53
318212.734000,0.818,-0.207,-0.508,6.16,9.22,-7.32
318212.734000,0.813,-0.212,-0.503,4.91,10.22,-7.78
318212.750000,0.803,-0.215,-0.496,4.55,11.2,-7.63
318212.750000,0.798,-0.207,-0.491,4.09,11.2,-7.26
318212.765000,0.796,-0.193,-0.484,3.33,10.74,-6.56
318212.781000,0.792,-0.183,-0.479,3.72,10.04,-4.43
318212.796000,0.792,-0.183,-0.474,4.73,9.4,-1.28
318212.796000,0.8,-0.189,-0.46,5.07,8.76,2.04
318212.812000,0.81,-0.195,-0.477,3.97,7.97,4.09
318212.828000,0.818,-0.187,-0.496,0.61,7.75,4.06
318212.828000,0.832,-0.173,-0.495,-5.19,7.93,3.33
318212.828000,0.839,-0.168,-0.486,-11.9,8.3,3.05
318212.843000,0.838,-0.175,-0.477,-16.63,9.19,3.36
318212.859000,0.838,-0.182,-0.457,-17.4,9.22,4.09
318212.859000,0.827,-0.19,-0.45,-15.56,7.57,4.97
318212.875000,0.825,-0.192,-0.447,-12.48,5.37,6.29
318212.890000,0.824,-0.194,-0.459,-9.95,2.9,7.39
318212.890000,0.829,-0.209,-0.461,-7.87,1.92,7.17
318212.906000,0.832,-0.198,-0.441,-7.54,0.52,5.74
318212.921000,0.815,-0.18,-0.465,-10.47,-3.3,3.97
318212.937000,0.822,-0.183,-0.458,-14.19,-4.27,2.01
318212.937000,0.818,-0.179,-0.438,-16.82,-5.04,-0.34
318212.953000,0.808,-0.167,-0.431,-17.58,-6.38,-2.53
318212.968000,0.796,-0.149,-0.42,-17.88,-8.42,-3.2
318212.968000,0.783,-0.152,-0.425,-17.43,-11.47,-0.92
318212.984000,0.783,-0.172,-0.433,-16.02,-13.89,2.99
318212.984000,0.791,-0.193,-0.43,-12.82,-15.84,7.29
318213.000000,0.805,-0.209,-0.444,-8.55,-17.37,10.93
318213.015000,0.817,-0.21,-0.463,-5.58,-18.01,12.51
318213.015000,0.816,-0.195,-0.486,-5.52,-17.76,12.09
318213.031000,0.81,-0.184,-0.493,-8.06,-16.6,10.74
318213.046000,0.798,-0.184,-0.483,-11.44,-15.53,9.22
318213.046000,0.779,-0.199,-0.475,-13.64,-15.11,8.88
318213.062000,0.769,-0.214,-0.476,-14.22,-15.38,9.8
318213.062000,0.766,-0.228,-0.476,-13.55,-16.69,11.51
318213.078000,0.769,-0.243,-0.491,-12.12,-19.01,13.79
318213.093000,0.782,-0.249,-0.507,-10.32,-20.6,15.53
318213.093000,0.8,-0.247,-0.518,-9.19,-21.21,16.24
318213.109000,0.824,-0.251,-0.536,-8.27,-20.72,16.45
318213.109000,0.831,-0.255,-0.546,-8.0,-18.68,15.38
318213.125000,0.831,-0.259,-0.538,-7.78,-15.63,13.58
318213.140000,0.835,-0.269,-0.534,-7.32,-13.58,11.57
318213.156000,0.838,-0.276,-0.541,-7.72,-12.73,8.76
318213.156000,0.833,-0.277,-0.547,-8.79,-11.6,5.43
318213.156000,0.83,-0.273,-0.542,-9.52,-10.13,2.17
318213.187000,0.818,-0.266,-0.537,-9.64,-9.4,-0.34
318213.187000,0.806,-0.254,-0.533,-9.64,-9.58,-2.17
318213.203000,0.801,-0.236,-0.536,-9.43,-10.32,-2.78
318213.203000,0.792,-0.216,-0.54,-9.4,-11.05,-2.14
318213.218000,0.788,-0.204,-0.533,-9.37,-11.35,-0.18
318213.218000,0.787,-0.202,-0.531,-8.91,-11.72,2.38
318213.234000,0.782,-0.201,-0.539,-8.21,-12.51,5.1
318213.250000,0.784,-0.198,-0.539,-6.87,-13.09,8.27
318213.265000,0.786,-0.205,-0.548,-5.55,-13.98,12.36
318213.265000,0.795,-0.227,-0.548,-3.97,-14.13,16.17
318213.281000,0.809,-0.242,-0.538,-2.44,-14.13,18.16
318213.296000,0.81,-0.244,-0.542,-1.43,-13.92,18.07
318213.312000,0.809,-0.239,-0.533,-2.26,-12.91,16.51
318213.312000,0.805,-0.241,-0.518,-3.88,-12.02,14.47
318213.312000,0.797,-0.243,-0.504,-5.13,-11.41,11.96
318213.328000,0.784,-0.233,-0.495,-6.68,-11.17,8.97
318213.343000,0.764,-0.212,-0.489,-9.06,-11.05,6.04
318213.359000,0.749,-0.191,-0.475,-11.81,-11.41,3.88
318213.359000,0.737,-0.175,-0.472,-15.08,-13.49,2.29
318213.375000,0.733,-0.177,-0.497,-18.04,-15.93,1.92
318213.375000,0.752,-0.201,-0.532,-20.26,-18.22,2.99
318213.390000,0.765,-0.232,-0.571,-20.87,-20.02,4.03
318213.406000,0.771,-0.265,-0.625,-19.1,-19.99,5.1
318213.406000,0.794,-0.304,-0.655,-14.68,-16.24,6.29
318213.421000,0.801,-0.315,-0.659,-10.77,-11.72,5.31
318213.421000,0.801,-0.308,-0.664,-8.42,-8.06,3.45
318213.437000,0.798,-0.314,-0.667,-6.62,-5.19,2.17
318213.453000,0.797,-0.328,-0.654,-3.94,-1.77,0.61
318213.468000,0.792,-0.33,-0.644,-1.71,0.37,-1.19
318213.468000,0.791,-0.324,-0.644,0.09,1.77,-2.93
318213.468000,0.795,-0.314,-0.638,2.08,3.91,-4.15
318213.484000,0.791,-0.305,-0.635,3.72,6.29,-5.46
318213.500000,0.786,-0.29,-0.62,4.58,8.94,-6.44
318213.515000,0.781,-0.276,-0.595,5.49,11.05,-6.65
318213.515000,0.779,-0.262,-0.576,7.17,11.6,-6.13
318213.531000,0.778,-0.247,-0.568,8.39,11.05,-5.1
318213.546000,0.776,-0.234,-0.565,9.34,10.32,-3.69
318213.546000,0.778,-0.224,-0.559,10.59,9.77,-2.11
318213.562000,0.773,-0.218,-0.561,11.05,9.37,-1.16
318213.562000,0.773,-0.215,-0.564,10.8,8.91,-0.24
318213.578000,0.776,-0.213,-0.56,10.16,8.42,0.24
318213.593000,0.774,-0.211,-0.561,9.22,7.69,0.34
318213.593000,0.774,-0.214,-0.574,8.36,7.69,0.76
318213.609000,0.773,-0.219,-0.574,7.78,8.91,0.52
318213.609000,0.76,-0.227,-0.566,7.45,10.01,0.12
318213.625000,0.754,-0.235,-0.555,7.51,10.74,-0.67
318213.640000,0.76,-0.232,-0.544,6.62,10.1,-2.5
318213.656000,0.764,-0.229,-0.541,4.97,8.39,-4.7
318213.656000,0.76,-0.227,-0.547,3.51,7.45,-6.26
318213.656000,0.743,-0.23,-0.552,2.14,8.48,-7.69
318213.687000,0.72,-0.235,-0.551,2.32,7.9,-7.23
318213.687000,0.71,-0.244,-0.551,3.11,6.26,-6.53
318213.703000,0.717,-0.254,-0.548,4.33,4.58,-5.68
318213.703000,0.734,-0.256,-0.542,5.62,3.33,-5.34
318213.703000,0.751,-0.25,-0.545,6.13,3.02,-5.25
318213.734000,0.778,-0.225,-0.537,5.43,2.32,-5.25
318213.734000,0.786,-0.223,-0.535,4.49,1.34,-4.94
318213.750000,0.793,-0.227,-0.53,4.12,1.28,-4.39
318213.765000,0.803,-0.231,-0.524,4.43,1.62,-4.09
318213.765000,0.802,-0.22,-0.525,4.79,1.62,-4.09
318213.765000,0.791,-0.208,-0.525,4.73,1.71,-3.97
318213.796000,0.795,-0.209,-0.523,4.55,1.68,-3.17
318213.796000,0.792,-0.211,-0.526,4.49,0.89,-2.41
318213.812000,0.791,-0.209,-0.531,4.88,0.18,-1.28
318213.828000,0.796,-0.203,-0.536,5.31,-0.46,0.03
318213.828000,0.8,-0.198,-0.528,5.58,-0.76,1.71
318213.843000,0.803,-0.212,-0.508,6.56,-0.52,3.78
318213.843000,0.811,-0.226,-0.507,7.9,-0.55,4.64
318213.859000,0.8,-0.224,-0.525,7.93,-0.95,3.23
318213.875000,0.777,-0.221,-0.539,6.53,-0.98,2.04
318213.890000,0.751,-0.233,-0.546,5.28,-0.37,1.62
318213.890000,0.75,-0.252,-0.547,4.79,0.15,1.16
318213.906000,0.748,-0.252,-0.551,3.97,-0.31,-0.34
318213.906000,0.747,-0.242,-0.546,3.27,-0.98,-1.53
318213.921000,0.746,-0.247,-0.544,3.33,-1.53,-1.56
318213.937000,0.751,-0.248,-0.548,3.78,-1.83,-1.92
318213.937000,0.756,-0.234,-0.559,3.54,-2.29,-3.36
318213.953000,0.762,-0.212,-0.566,2.59,-2.35,-4.27
318213.953000,0.774,-0.203,-0.566,1.95,-2.08,-3.72
318213.968000,0.787,-0.206,-0.56,1.68,-0.85,-2.17
318213.984000,0.8,-0.212,-0.537,2.01,0.7,-0.27
318213.984000,0.808,-0.223,-0.524,3.78,1.92,1.65
318214.000000,0.816,-0.219,-0.503,4.09,1.98,2.23
318214.000000,0.8,-0.222,-0.519,4.79,0.67,2.96
318214.015000,0.786,-0.229,-0.535,3.57,0.67,3.33
318214.031000,0.771,-0.237,-0.543,1.1,1.04,2.87
318214.046000,0.758,-0.23,-0.534,-1.37,0.76,3.17
318214.046000,0.755,-0.249,-0.533,-2.62,-0.06,4.7
318214.046000,0.779,-0.255,-0.523,-3.81,-1.4,5.28
318214.062000,0.783,-0.251,-0.564,-4.09,-3.78,5.92
318214.078000,0.799,-0.253,-0.579,-4.61,-2.78,6.23
318214.093000,0.801,-0.25,-0.58,-5.16,-1.5,6.59
318214.093000,0.804,-0.264,-0.593,-3.39,0.52,7.48
318214.109000,0.805,-0.265,-0.577,-2.87,2.59,7.66
318214.109000,0.81,-0.272,-0.572,-0.67,3.33,8.09
318214.125000,0.816,-0.268,-0.567,1.46,3.78,7.78
318214.125000,0.818,-0.261,-0.561,3.17,3.91,6.87
318214.156000,0.821,-0.259,-0.551,4.58,4.33,6.16
318214.156000,0.821,-0.256,-0.55,5.16,4.61,5.34
318214.171000,0.815,-0.248,-0.539,4.3,4.61,4.3
318214.171000,0.814,-0.251,-0.524,3.54,4.52,3.75
318214.187000,0.813,-0.258,-0.526,2.78,3.78,3.17
318214.203000,0.808,-0.263,-0.536,1.62,2.84,1.62
318214.218000,0.801,-0.261,-0.541,0.31,2.32,-0.03
318214.218000,0.79,-0.263,-0.545,-0.92,2.01,-1.16
318214.234000,0.786,-0.276,-0.549,-0.67,2.04,-1.13
318214.234000,0.788,-0.283,-0.551,0.37,2.53,-1.13
318214.250000,0.784,-0.272,-0.559,1.74,3.14,-1.13
318214.250000,0.773,-0.257,-0.559,3.27,4.49,-0.09
318214.265000,0.768,-0.262,-0.546,5.68,6.62,1.95
318214.265000,0.767,-0.277,-0.528,8.45,8.12,3.45
318214.296000,0.765,-0.283,-0.53,10.19,7.69,3.45
318214.296000,0.763,-0.276,-0.544,10.04,6.47,2.14
318214.312000,0.762,-0.265,-0.55,8.58,6.04,0.03
318214.328000,0.758,-0.255,-0.551,6.84,6.38,-2.62
318214.328000,0.752,-0.244,-0.54,5.68,7.08,-4.94
318214.343000,0.751,-0.232,-0.522,4.24,7.26,-6.01
318214.343000,0.762,-0.227,-0.509,3.02,6.78,-6.01
318214.359000,0.775,-0.223,-0.495,2.66,5.77,-5.43
318214.375000,0.784,-0.219,-0.504,2.96,4.88,-4.24
318214.375000,0.784,-0.221,-0.519,3.78,5.4,-3.3
318214.390000,0.784,-0.214,-0.511,3.91,6.53,-2.41
318214.406000,0.78,-0.213,-0.509,3.78,6.29,-1.01
318214.406000,0.783,-0.219,-0.511,3.88,6.1,0.27
318214.421000,0.787,-0.218,-0.501,3.97,6.56,1.07
318214.421000,0.786,-0.21,-0.491,3.78,6.26,1.95
318214.437000,0.78,-0.21,-0.485,3.36,5.34,3.42
318214.453000,0.777,-0.222,-0.481,3.72,4.46,5.31
318214.453000,0.774,-0.227,-0.471,3.97,3.14,7.08
318214.468000,0.764,-0.23,-0.463,4.15,1.16,9.8
318214.468000,0.757,-0.252,-0.469,5.01,-0.58,13.89
318214.484000,0.757,-0.276,-0.469,6.56,-2.14,17.24
318214.500000,0.756,-0.282,-0.482,7.9,-4.61,19.41
318214.515000,0.75,-0.284,-0.514,8.67,-6.87,21.55
318214.515000,0.742,-0.296,-0.541,9.4,-6.81,23.53
318214.531000,0.729,-0.32,-0.557,10.77,-4.97,25.12
318214.546000,0.704,-0.34,-0.57,12.51,-3.11,25.15
318214.546000,0.714,-0.354,-0.534,14.28,-1.19,24.84
318214.562000,0.76,-0.37,-0.479,15.2,-0.73,23.74
318214.562000,0.787,-0.356,-0.469,14.98,-1.68,19.44
318214.578000,0.786,-0.322,-0.465,12.27,-2.29,14.19
318214.593000,0.792,-0.316,-0.458,7.42,-3.69,9.37
318214.593000,0.809,-0.317,-0.473,0.52,-7.14,2.81
318214.609000,0.816,-0.304,-0.509,-7.02,-10.74,-4.21
318214.625000,0.815,-0.308,-0.537,-12.27,-11.66,-8.51
318214.625000,0.818,-0.318,-0.542,-13.55,-10.44,-9.92
318214.640000,0.81,-0.316,-0.555,-11.81,-9.83,-9.22
318214.640000,0.8,-0.313,-0.579,-8.09,-9.16,-5.98
318214.656000,0.803,-0.319,-0.595,-4.12,-7.6,-1.83
318214.671000,0.803,-0.325,-0.599,-0.61,-5.89,1.77
318214.687000,0.798,-0.334,-0.596,2.69,-4.21,4.67
318214.687000,0.798,-0.349,-0.595,5.4,-2.44,5.92
318214.703000,0.803,-0.349,-0.588,6.38,-0.67,4.21
318214.718000,0.794,-0.336,-0.571,5.71,0.61,1.22
318214.718000,0.785,-0.332,-0.56,4.43,1.65,-1.86
318214.734000,0.787,-0.326,-0.546,2.84,2.41,-5.13
318214.734000,0.787,-0.312,-0.535,1.01,2.44,-8.64
318214.750000,0.781,-0.291,-0.528,-0.82,2.5,-11.02
318214.765000,0.785,-0.274,-0.521,-2.11,2.69,-11.72
318214.781000,0.786,-0.262,-0.506,-2.69,2.62,-11.29
318214.781000,0.783,-0.255,-0.504,-2.62,1.74,-9.74
318214.796000,0.78,-0.25,-0.503,-2.26,0.92,-7.45
318214.796000,0.786,-0.254,-0.5,-1.77,0.4,-4.7
318214.812000,0.787,-0.262,-0.501,-1.13,-0.4,-2.53
318214.812000,0.795,-0.262,-0.508,-0.89,-0.92,-1.62
318214.828000,0.799,-0.257,-0.526,-1.37,-1.46,-1.1
318214.843000,0.794,-0.264,-0.535,-1.86,-0.95,0.03
318214.859000,0.792,-0.278,-0.536,-0.98,0.55,1.25
318214.859000,0.779,-0.285,-0.538,0.49,1.95,2.44
318214.875000,0.771,-0.292,-0.537,1.86,3.08,3.48
318214.875000,0.772,-0.294,-0.537,2.38,3.11,3.69
318214.890000,0.774,-0.289,-0.534,1.77,2.9,3.48
318214.906000,0.783,-0.293,-0.523,1.04,2.99,3.11
318214.906000,0.794,-0.3,-0.511,0.67,3.27,2.5
318214.921000,0.798,-0.298,-0.509,0.09,3.17,0.64
318214.937000,0.795,-0.289,-0.514,-1.34,2.66,-1.4
318214.937000,0.79,-0.286,-0.516,-2.96,1.89,-2.47
318214.953000,0.786,-0.298,-0.519,-3.08,1.86,-2.75
318214.953000,0.785,-0.295,-0.524,-2.62,2.26,-3.51
318214.968000,0.785,-0.282,-0.522,-2.72,2.41,-4.03
318214.984000,0.783,-0.273,-0.523,-2.84,1.8,-4.03
318214.984000,0.784,-0.269,-0.511,-2.56,1.62,-2.75
318215.000000,0.787,-0.275,-0.509,-2.08,1.34,-0.95
318215.015000,0.791,-0.274,-0.509,-1.62,1.28,0.18
318215.015000,0.792,-0.278,-0.515,-1.5,0.73,0.95
318215.031000,0.794,-0.285,-0.518,-1.34,0.64,1.16
318215.031000,0.793,-0.289,-0.524,-1.16,0.67,0.89
318215.046000,0.786,-0.29,-0.526,-0.95,1.5,0.55
318215.062000,0.778,-0.298,-0.52,-0.37,2.69,0.67
318215.062000,0.774,-0.3,-0.507,0.31,3.17,0.79
318215.078000,0.772,-0.303,-0.506,1.19,2.56,0.73
318215.093000,0.767,-0.301,-0.511,2.08,1.98,0.58
318215.093000,0.766,-0.302,-0.509,2.53,2.01,0.64
318215.109000,0.771,-0.308,-0.509,2.62,2.01,0.76
318215.109000,0.779,-0.313,-0.516,2.78,2.08,0.43
318215.125000,0.783,-0.306,-0.517,2.56,2.53,-0.67
318215.140000,0.781,-0.297,-0.52,1.86,2.99,-1.98
318215.156000,0.774,-0.295,-0.525,1.68,3.48,-2.23
318215.156000,0.776,-0.305,-0.51,2.81,4.21,-1.1
318215.156000,0.776,-0.315,-0.496,4.7,4.0,0.18
318215.171000,0.77,-0.322,-0.51,7.17,3.51,0.98
318215.187000,0.773,-0.318,-0.526,9.13,3.69,0.52
318215.203000,0.773,-0.304,-0.523,9.4,4.0,-0.55
318215.203000,0.773,-0.298,-0.528,8.88,4.49,-1.43
318215.218000,0.771,-0.297,-0.537,8.48,5.71,-2.69
318215.234000,0.771,-0.293,-0.533,7.81,7.02,-4.06
318215.234000,0.773,-0.287,-0.52,6.68,7.81,-5.77
318215.250000,0.775,-0.28,-0.528,7.2,8.82,-5.68
318215.265000,0.775,-0.274,-0.527,8.76,9.58,-4.76
318215.265000,0.776,-0.272,-0.52,10.8,9.52,-3.48
318215.265000,0.777,-0.271,-0.537,12.24,9.8,-2.56
318215.281000,0.784,-0.262,-0.556,13.31,11.2,-1.53
318215.296000,0.79,-0.253,-0.574,14.4,13.31,-0.37
318215.312000,0.79,-0.254,-0.574,15.56,16.08,0.43
318215.328000,0.791,-0.252,-0.561,16.6,18.68,1.22
318215.328000,0.789,-0.245,-0.56,18.04,20.23,2.04
318215.343000,0.782,-0.228,-0.573,19.75,21.97,2.62
318215.343000,0.776,-0.205,-0.578,21.33,24.32,4.12
318215.359000,0.762,-0.189,-0.574,22.68,26.76,6.68
318215.375000,0.752,-0.178,-0.574,24.48,29.54,9.98
318215.390000,0.737,-0.164,-0.558,26.67,32.44,14.16
318215.390000,0.735,-0.171,-0.508,28.57,35.13,19.84
318215.406000,0.737,-0.201,-0.492,30.67,35.71,24.87
318215.406000,0.735,-0.205,-0.495,31.59,35.31,26.49
318215.421000,0.712,-0.205,-0.489,30.24,34.39,26.49
318215.421000,0.706,-0.234,-0.467,27.77,33.42,27.01
318215.437000,0.711,-0.262,-0.446,26.7,31.8,26.43
318215.437000,0.709,-0.285,-0.451,25.76,30.18,23.9
318215.453000,0.697,-0.292,-0.45,23.26,28.93,19.96
318215.468000,0.695,-0.305,-0.427,20.91,27.22,16.91
318215.468000,0.716,-0.321,-0.439,19.1,24.02,14.07
318215.484000,0.742,-0.307,-0.483,17.24,21.58,9.83
318215.484000,0.747,-0.256,-0.508,14.1,22.34,5.74
318215.515000,0.722,-0.216,-0.535,11.35,24.72,6.44
318215.515000,0.711,-0.204,-0.557,10.74,28.53,12.33
318215.531000,0.694,-0.19,-0.563,12.09,32.87,20.54
318215.546000,0.679,-0.17,-0.542,16.42,37.84,30.73
318215.562000,0.68,-0.154,-0.516,23.44,43.18,42.27
318215.562000,0.702,-0.151,-0.473,28.57,45.41,55.02
318215.578000,0.717,-0.157,-0.435,30.92,45.81,65.58
318215.578000,0.714,-0.176,-0.417,32.35,46.3,73.37
318215.578000,0.701,-0.195,-0.422,32.78,45.32,78.1
318215.593000,0.673,-0.197,-0.418,31.22,41.93,80.05
318215.609000,0.639,-0.193,-0.433,29.3,37.05,82.52
318215.625000,0.621,-0.189,-0.438,26.31,33.57,87.07
318215.640000,0.621,-0.202,-0.423,21.73,31.98,94.91
318215.640000,0.62,-0.248,-0.409,18.13,33.91,105.62
318215.656000,0.625,-0.309,-0.387,17.61,39.95,116.82
318215.656000,0.626,-0.369,-0.368,17.79,46.39,126.38
318215.671000,0.604,-0.409,-0.36,17.27,51.94,130.68
318215.671000,0.581,-0.41,-0.356,15.14,55.57,129.98
318215.687000,0.56,-0.409,-0.378,9.74,55.02,128.54
318215.703000,0.552,-0.416,-0.401,0.98,53.99,126.9
318215.703000,0.554,-0.433,-0.383,-9.09,54.48,125.86
318215.718000,0.554,-0.478,-0.342,-15.53,56.43,127.35
318215.734000,0.548,-0.543,-0.286,-18.19,60.03,129.64
318215.734000,0.549,-0.626,-0.188,-19.87,62.81,131.78
318215.750000,0.544,-0.723,-0.105,-21.45,62.62,131.99
318215.765000,0.523,-0.786,-0.058,-23.13,59.63,126.99
318215.765000,0.508,-0.797,-0.041,-25.48,53.68,116.09
318215.781000,0.503,-0.757,-0.047,-31.68,43.64,102.54
318215.781000,0.52,-0.725,-0.096,-41.2,32.14,91.37
318215.796000,0.544,-0.708,-0.151,-54.23,21.94,82.8
318215.812000,0.57,-0.733,-0.172,-66.1,15.63,78.4
318215.828000,0.578,-0.795,-0.178,-71.54,13.28,78.16
318215.828000,0.56,-0.85,-0.177,-71.05,12.82,79.44
318215.828000,0.56,-0.878,-0.169,-66.77,13.46,81.7
318215.843000,0.549,-0.871,-0.158,-60.43,12.85,84.14
318215.843000,0.544,-0.862,-0.16,-54.02,10.8,86.58
318215.875000,0.546,-0.854,-0.193,-48.71,7.9,87.13
318215.875000,0.544,-0.847,-0.232,-48.28,4.33,86.34
318215.875000,0.548,-0.853,-0.251,-51.06,0.31,86.34
318215.906000,0.545,-0.886,-0.259,-53.77,-1.56,87.62
318215.906000,0.522,-0.971,-0.252,-55.24,0.09,90.58
318215.921000,0.486,-1.07,-0.23,-52.64,4.33,93.51
318215.937000,0.441,-1.169,-0.244,-44.5,5.68,97.14
318215.953000,0.436,-1.26,-0.27,-34.33,6.84,99.03
318215.953000,0.433,-1.325,-0.276,-26.12,7.45,95.74
318215.953000,0.427,-1.363,-0.259,-20.57,7.39,87.89
318215.968000,0.441,-1.386,-0.223,-15.9,7.08,77.82
318215.968000,0.426,-1.419,-0.195,-9.43,7.32,66.71
318215.984000,0.396,-1.426,-0.145,-4.85,8.85,54.32
318216.000000,0.348,-1.406,-0.087,-1.68,9.98,41.96
318216.015000,0.3,-1.403,-0.046,-0.03,7.9,32.53
318216.015000,0.249,-1.449,-0.028,1.22,4.27,23.62
318216.031000,0.206,-1.516,0.004,4.24,0.21,12.79
318216.046000,0.2,-1.555,0.043,5.1,-7.63,-1.62
318216.046000,0.232,-1.576,0.071,0.4,-19.41,-20.69
318216.062000,0.222,-1.585,0.091,-6.53,-30.43,-42.82
318216.062000,0.175,-1.589,0.119,-11.66,-38.61,-64.49
318216.078000,0.133,-1.622,0.133,-10.19,-44.56,-82.37
318216.093000,0.077,-1.68,0.144,-4.52,-51.06,-97.05
318216.109000,0.022,-1.727,0.16,4.0,-59.27,-110.66
318216.109000,-0.014,-1.731,0.183,14.62,-69.37,-124.67
318216.125000,-0.016,-1.681,0.225,25.18,-82.4,-139.71
318216.125000,0.016,-1.581,0.235,33.45,-99.73,-156.5
318216.140000,0.062,-1.478,0.165,39.61,-117.68,-173.01
318216.140000,0.099,-1.382,0.091,41.6,-131.05,-189.18
318216.156000,0.105,-1.278,0.04,41.35,-139.13,-203.47
318216.171000,0.084,-1.191,-0.002,41.35,-142.12,-213.08
318216.171000,0.08,-1.158,-0.017,43.49,-141.42,-217.26
318216.187000,0.111,-1.128,-0.026,47.03,-141.3,-221.56
318216.203000,0.124,-1.057,-0.055,51.0,-145.18,-227.36
318216.203000,0.153,-0.983,-0.099,56.37,-150.61,-232.28
318216.218000,0.181,-0.901,-0.168,60.34,-157.57,-236.95
318216.218000,0.188,-0.835,-0.23,62.75,-162.33,-240.82
318216.234000,0.198,-0.793,-0.262,63.05,-163.7,-244.73
318216.250000,0.214,-0.729,-0.303,61.31,-164.04,-249.28
318216.265000,0.228,-0.641,-0.362,59.45,-164.16,-253.76
318216.265000,0.265,-0.539,-0.409,57.5,-164.31,-257.85
318216.281000,0.293,-0.428,-0.479,53.32,-165.44,-261.09
318216.281000,0.315,-0.323,-0.521,48.25,-163.24,-260.41
318216.296000,0.344,-0.25,-0.52,44.01,-157.44,-255.5
318216.296000,0.374,-0.204,-0.526,42.85,-151.28,-248.42
318216.312000,0.41,-0.186,-0.577,46.94,-145.73,-238.78
318216.328000,0.482,-0.143,-0.6,51.21,-141.27,-229.44
318216.328000,0.556,-0.064,-0.622,50.2,-140.9,-219.79
318216.359000,0.642,0.008,-0.689,46.91,-140.05,-208.29
318216.359000,0.7,0.034,-0.762,42.76,-138.13,-193.52
318216.375000,0.728,-0.036,-0.848,42.05,-134.43,-173.41
318216.375000,0.767,-0.165,-0.946,45.69,-129.8,-153.72
318216.375000,0.807,-0.257,-1.061,49.07,-125.68,-139.23
318216.390000,0.864,-0.302,-1.216,49.56,-121.07,-129.86
318216.406000,0.911,-0.298,-1.358,44.1,-112.25,-125.4
318216.406000,0.937,-0.281,-1.438,33.11,-95.55,-126.04
318216.421000,0.938,-0.241,-1.44,18.49,-74.5,-129.67
318216.437000,0.905,-0.221,-1.405,7.48,-52.77,-132.91
318216.437000,0.854,-0.205,-1.328,-0.43,-33.69,-134.89
318216.453000,0.785,-0.225,-1.293,-1.59,-21.18,-133.21
318216.468000,0.738,-0.258,-1.326,5.28,-12.63,-128.09
318216.484000,0.701,-0.223,-1.347,11.41,-5.62,-122.14
318216.484000,0.674,-0.159,-1.345,15.81,0.61,-114.08
318216.484000,0.655,-0.099,-1.325,19.41,7.45,-104.37
318216.515000,0.657,-0.048,-1.279,23.41,16.27,-93.75
318216.531000,0.645,-0.009,-1.197,26.83,26.22,-85.24
318216.531000,0.63,-0.032,-1.137,30.3,34.76,-76.78
318216.546000,0.608,-0.059,-1.087,31.83,40.5,-71.87
318216.546000,0.578,-0.048,-1.021,30.64,43.03,-71.02
318216.562000,0.538,-0.033,-0.982,28.38,42.7,-70.77
318216.578000,0.506,-0.012,-0.956,25.48,42.24,-69.98
318216.578000,0.495,0.016,-0.906,22.71,42.51,-67.69
318216.593000,0.466,0.026,-0.852,22.52,42.3,-63.66
318216.609000,0.426,0.016,-0.804,25.88,43.15,-58.57
318216.609000,0.386,-0.01,-0.779,28.63,41.47,-53.44
318216.625000,0.373,-0.05,-0.719,30.24,40.62,-51.58
318216.625000,0.356,-0.049,-0.657,27.44,35.16,-53.29
318216.640000,0.35,-0.06,-0.661,23.8,29.39,-55.91
318216.640000,0.336,-0.076,-0.637,19.2,26.15,-61.71
318216.656000,0.306,-0.083,-0.62,12.09,22.4,-71.05
318216.671000,0.275,-0.088,-0.595,5.95,20.26,-79.32
318216.687000,0.249,-0.124,-0.535,0.24,16.57,-83.62
318216.687000,0.228,-0.218,-0.481,-5.01,11.32,-88.26
318216.703000,0.188,-0.317,-0.42,-12.42,4.94,-98.67
318216.703000,0.195,-0.397,-0.381,-22.03,-4.39,-116.34
318216.718000,0.292,-0.364,-0.438,-38.7,-20.11,-146.79
318216.734000,0.37,-0.192,-0.564,-59.85,-38.51,-183.08
318216.734000,0.425,-0.012,-0.684,-81.24,-49.75,-210.58
318216.750000,0.444,0.089,-0.804,-96.32,-48.43,-225.23
318216.765000,0.447,0.143,-0.861,-98.88,-31.01,-227.97
318216.765000,0.434,0.213,-0.841,-90.73,-5.86,-222.14
318216.765000,0.38,0.277,-0.783,-72.76,16.91,-208.38
318216.781000,0.36,0.327,-0.729,-43.95,32.56,-186.68
318216.796000,0.333,0.391,-0.732,-13.31,36.93,-159.89
318216.796000,0.337,0.453,-0.741,14.07,38.09,-129.43
318216.812000,0.36,0.503,-0.744,57.19,43.61,-74.04
318216.828000,0.408,0.552,-0.749,69.8,47.91,-55.21
318216.828000,0.442,0.621,-0.742,74.01,52.0,-40.68
318216.843000,0.463,0.685,-0.721,70.89,55.76,-28.57
318216.843000,0.477,0.711,-0.676,64.76,58.14,-19.1
318216.859000,0.479,0.695,-0.603,59.85,56.76,-12.12
318216.875000,0.504,0.672,-0.463,55.27,49.44,-6.81
318216.875000,0.51,0.697,-0.468,50.94,37.93,-0.82
318216.890000,0.525,0.715,-0.489,47.85,26.67,8.3
318216.906000,0.531,0.718,-0.508,47.85,18.13,20.33
318216.921000,0.528,0.708,-0.554,50.45,12.79,34.0
318216.937000,0.534,0.681,-0.575,53.16,11.05,48.25
318216.937000,0.559,0.628,-0.561,55.67,10.38,60.95
318216.953000,0.585,0.579,-0.575,55.88,6.78,68.54
318216.968000,0.597,0.535,-0.612,52.98,2.26,72.27
318216.968000,0.594,0.476,-0.62,48.46,0.09,73.73
318216.984000,0.598,0.39,-0.593,43.24,-0.95,73.0
318216.984000,0.621,0.286,-0.624,38.48,-3.23,67.81
318217.000000,0.643,0.225,-0.652,32.44,-6.29,56.89
318217.015000,0.662,0.224,-0.675,22.92,-9.77,42.02
318217.015000,0.676,0.236,-0.707,12.24,-11.51,27.92
318217.031000,0.69,0.23,-0.715,2.5,-9.8,16.72
318217.046000,0.695,0.211,-0.686,-6.41,-6.96,6.96
318217.046000,0.703,0.2,-0.651,-13.64,-6.16,-1.71
318217.062000,0.708,0.211,-0.638,-17.73,-7.97,-8.06
318217.062000,0.702,0.224,-0.636,-19.53,-10.68,-10.35
318217.078000,0.711,0.223,-0.634,-19.32,-12.48,-8.76
318217.093000,0.72,0.219,-0.643,-17.76,-13.89,-5.62
318217.093000,0.731,0.229,-0.657,-16.54,-15.08,-1.65
318217.109000,0.749,0.234,-0.681,-15.72,-15.66,3.14
318217.109000,0.774,0.22,-0.701,-12.3,-13.73,8.94
318217.125000,0.791,0.208,-0.702,-7.35,-9.4,14.5
318217.140000,0.794,0.203,-0.699,-3.88,-5.1,19.1
318217.156000,0.79,0.193,-0.687,-1.68,-1.4,22.92
318217.156000,0.786,0.179,-0.679,0.18,1.01,25.88
318217.171000,0.775,0.169,-0.677,1.1,2.5,27.62
318217.171000,0.759,0.165,-0.666,1.28,3.27,29.02
318217.187000,0.757,0.152,-0.67,3.02,4.36,30.61
318217.203000,0.752,0.164,-0.669,4.21,5.89,30.82
318217.218000,0.729,0.18,-0.669,6.13,8.51,30.79
318217.218000,0.712,0.17,-0.652,8.45,12.36,31.68
318217.234000,0.713,0.142,-0.633,9.74,15.02,31.34
318217.234000,0.713,0.135,-0.62,8.33,14.98,27.8
318217.250000,0.713,0.13,-0.626,5.04,12.94,23.22
318217.265000,0.719,0.119,-0.624,0.95,11.05,19.01
318217.281000,0.726,0.1,-0.612,-3.2,9.19,14.77
318217.281000,0.737,0.088,-0.61,-6.84,7.02,9.64
318217.296000,0.753,0.08,-0.621,-9.43,5.34,4.76
318217.296000,0.764,0.078,-0.627,-10.8,5.07,0.43
318217.312000,0.771,0.083,-0.612,-11.2,5.92,-3.36
318217.312000,0.774,0.092,-0.613,-11.69,6.1,-5.92
318217.328000,0.777,0.099,-0.612,-12.76,6.16,-7.97
318217.328000,0.782,0.106,-0.597,-13.89,6.32,-8.61
318217.343000,0.775,0.105,-0.591,-13.76,5.71,-8.09
318217.343000,0.773,0.098,-0.581,-11.72,5.07,-6.81
318217.375000,0.77,0.104,-0.585,-8.21,4.79,-5.16
318217.375000,0.76,0.119,-0.591,-5.1,5.16,-3.11
318217.390000,0.751,0.121,-0.593,-2.59,5.4,0.52
318217.406000,0.746,0.108,-0.584,-0.31,5.55,4.76
318217.406000,0.741,0.083,-0.576,2.38,5.55,7.66
318217.421000,0.737,0.073,-0.574,4.85,5.62,8.24
318217.437000,0.734,0.081,-0.57,5.07,5.22,7.35
318217.437000,0.727,0.081,-0.564,3.27,4.18,6.13
318217.437000,0.725,0.066,-0.561,1.95,2.84,4.88
318217.468000,0.724,0.055,-0.559,1.77,0.89,2.93
318217.468000,0.718,0.061,-0.567,2.08,-0.85,1.07
318217.484000,0.711,0.067,-0.579,2.9,-1.56,0.03
318217.484000,0.705,0.068,-0.578,4.3,-1.86,-0.18
318217.484000,0.697,0.066,-0.574,6.71,-2.93,0.06
318217.515000,0.696,0.058,-0.574,10.01,-4.7,0.95
318217.515000,0.697,0.058,-0.579,13.28,-7.26,2.14
318217.531000,0.706,0.066,-0.584,16.66,-9.13,3.72
318217.546000,0.723,0.077,-0.597,20.45,-9.77,5.01
318217.546000,0.743,0.104,-0.622,22.71,-9.4,5.37
318217.562000,0.752,0.138,-0.649,21.42,-7.51,5.19
318217.562000,0.761,0.155,-0.655,17.61,-4.12,5.65
318217.578000,0.77,0.15,-0.633,14.01,-0.15,5.98
318217.593000,0.766,0.146,-0.611,12.24,2.78,4.94
318217.593000,0.753,0.167,-0.603,10.32,3.39,3.05
318217.609000,0.732,0.184,-0.606,7.66,1.68,2.41
318217.625000,0.723,0.174,-0.609,6.29,-0.82,4.0
318217.625000,0.725,0.157,-0.623,6.68,-3.88,5.68
318217.640000,0.73,0.148,-0.654,7.87,-6.65,6.5
318217.640000,0.741,0.148,-0.68,9.4,-7.45,6.84
318217.656000,0.751,0.153,-0.705,9.83,-6.65,6.16
318217.671000,0.763,0.16,-0.721,7.78,-4.97,4.18
318217.671000,0.773,0.162,-0.72,3.72,-2.29,1.07
318217.687000,0.778,0.163,-0.706,0.09,0.92,-2.47
318217.687000,0.781,0.168,-0.685,-2.72,3.08,-5.58
318217.703000,0.777,0.177,-0.673,-5.37,3.91,-7.87
318217.718000,0.773,0.184,-0.656,-6.99,4.73,-8.97
318217.734000,0.768,0.188,-0.641,-7.35,4.7,-8.76
318217.750000,0.761,0.189,-0.629,-7.17,3.81,-7.35
318217.750000,0.759,0.186,-0.628,-6.84,2.26,-5.28
318217.765000,0.762,0.187,-0.632,-6.44,0.79,-2.72
318217.765000,0.767,0.19,-0.637,-6.07,0.34,-0.31
318217.765000,0.764,0.188,-0.647,-5.55,0.61,2.23
318217.781000,0.762,0.173,-0.65,-5.25,1.71,4.7
318217.796000,0.757,0.146,-0.639,-4.82,2.87,6.96
318217.796000,0.753,0.121,-0.625,-3.75,3.27,8.42
318217.812000,0.75,0.103,-0.63,-2.5,3.02,8.76
318217.828000,0.746,0.094,-0.63,-2.32,2.87,8.06
318217.828000,0.742,0.089,-0.626,-3.45,2.59,6.74
318217.843000,0.746,0.077,-0.621,-4.09,2.99,5.34
318217.843000,0.751,0.068,-0.617,-4.24,3.54,3.57
318217.859000,0.744,0.075,-0.616,-4.73,3.27,1.83
318217.875000,0.747,0.077,-0.624,-4.67,3.33,1.74
318217.890000,0.754,0.069,-0.623,-3.72,4.21,2.53
318217.890000,0.762,0.067,-0.621,-2.01,5.25,2.9
318217.890000,0.765,0.077,-0.618,-0.4,6.29,2.5
318217.921000,0.763,0.086,-0.615,-0.61,6.41,2.23
318217.937000,0.764,0.087,-0.613,-0.79,6.26,2.35
318217.937000,0.764,0.082,-0.604,-0.21,6.23,2.53
318217.953000,0.762,0.082,-0.602,0.7,5.98,2.44
318217.968000,0.755,0.089,-0.601,1.5,5.89,2.11
318217.968000,0.75,0.089,-0.604,2.17,5.55,2.35
318217.984000,0.751,0.086,-0.598,2.75,4.91,2.62
318217.984000,0.749,0.083,-0.594,3.17,4.18,2.35
318218.000000,0.756,0.081,-0.595,3.54,3.6,1.74
318218.015000,0.759,0.086,-0.6,3.45,2.78,0.7
318218.015000,0.764,0.089,-0.608,2.53,2.01,-0.49
318218.031000,0.769,0.091,-0.619,1.28,2.11,-1.83
318218.046000,0.765,0.1,-0.625,0.64,2.93,-3.2
318218.046000,0.761,0.107,-0.625,0.18,4.21,-3.88
318218.062000,0.758,0.108,-0.616,0.24,5.25,-3.81
318218.062000,0.751,0.106,-0.613,0.82,5.37,-3.54
318218.078000,0.749,0.107,-0.612,1.92,5.1,-2.96
318218.093000,0.745,0.111,-0.607,3.39,5.04,-2.44
318218.093000,0.743,0.118,-0.603,4.12,4.64,-1.83
318218.109000,0.748,0.119,-0.601,4.3,4.43,-1.07
318218.125000,0.754,0.12,-0.596,4.76,4.85,-0.55
318218.125000,0.754,0.128,-0.59,4.76,4.94,-0.92
318218.140000,0.749,0.139,-0.585,3.05,4.21,-1.71
318218.156000,0.745,0.144,-0.582,0.89,3.3,-1.92
318218.156000,0.746,0.138,-0.582,-0.7,2.04,-1.56
318218.171000,0.748,0.13,-0.585,-1.74,0.58,-1.13
318218.187000,0.749,0.128,-0.594,-1.95,-0.31,-1.07
318218.187000,0.751,0.13,-0.604,-1.59,-0.31,-0.85
318218.203000,0.75,0.128,-0.604,-0.82,0.03,-0.21
318218.203000,0.746,0.123,-0.603,-0.34,-0.18,0.4
318218.218000,0.745,0.116,-0.605,0.03,-0.82,1.13
318218.234000,0.749,0.111,-0.611,1.04,-1.19,1.92
318218.234000,0.753,0.11,-0.617,1.74,-1.07,2.41
318218.250000,0.753,0.11,-0.624,1.77,-1.13,2.56
318218.265000,0.751,0.109,-0.628,1.62,-0.73,2.56
318218.281000,0.755,0.103,-0.617,1.4,-0.15,2.69
318218.281000,0.759,0.097,-0.616,0.79,0.12,2.32
318218.281000,0.76,0.099,-0.615,0.73,0.43,1.13
318218.296000,0.758,0.108,-0.614,0.64,0.73,0.12
318218.312000,0.755,0.113,-0.608,0.43,0.58,-0.15
318218.312000,0.755,0.115,-0.605,0.24,0.24,-0.06
318218.328000,0.759,0.118,-0.611,0.09,0.18,0.0
318218.343000,0.762,0.124,-0.617,0.03,0.52,0.46
318218.343000,0.759,0.121,-0.614,0.31,0.92,1.28
318218.359000,0.762,0.115,-0.61,0.92,1.19,2.26
318218.359000,0.761,0.115,-0.608,1.13,1.22,2.59
318218.375000,0.759,0.115,-0.602,1.13,1.37,2.53
318218.390000,0.758,0.108,-0.598,1.19,1.4,2.5
318218.390000,0.756,0.109,-0.599,-0.85,0.49,0.82
318218.406000,0.753,0.112,-0.595,-1.53,0.03,0.46
318218.421000,0.756,0.111,-0.599,-1.98,-0.31,0.15
318218.421000,0.759,0.111,-0.603,-1.65,-0.34,-0.12
318218.437000,0.762,0.112,-0.597,-0.82,-0.43,-0.03
318218.453000,0.756,0.121,-0.6,-0.4,-0.03,0.34
318218.453000,0.755,0.12,-0.597,-0.55,0.31,0.92
318218.468000,0.752,0.118,-0.591,-0.52,0.21,1.53
318218.484000,0.746,0.113,-0.592,0.03,-0.55,2.41
318218.484000,0.746,0.104,-0.6,0.73,-1.59,3.42
318218.500000,0.751,0.107,-0.611,1.25,-2.26,3.81
318218.500000,0.754,0.116,-0.624,1.37,-2.08,3.85
318218.515000,0.76,0.117,-0.627,1.31,-1.16,4.06
318218.531000,0.766,0.117,-0.626,0.7,-0.24,3.42
318218.546000,0.762,0.117,-0.63,-0.67,0.18,2.69
318218.546000,0.767,0.109,-0.619,-1.37,1.4,2.38
318218.562000,0.775,0.101,-0.603,-1.37,2.59,1.74
318218.578000,0.766,0.11,-0.599,-1.71,2.41,0.67
318218.578000,0.76,0.118,-0.59,-2.56,1.71,0.15
318218.593000,0.756,0.117,-0.588,-3.3,0.34,0.34
318218.593000,0.756,0.107,-0.59,-3.39,-0.98,1.13
318218.593000,0.761,0.098,-0.602,-2.72,-1.68,1.86
318218.625000,0.763,0.101,-0.608,-1.95,-1.65,2.23
318218.625000,0.765,0.107,-0.617,-1.77,-1.4,2.5
318218.640000,0.767,0.111,-0.627,-2.44,-0.82,2.38
318218.640000,0.763,0.106,-0.625,-3.75,0.4,1.92
318218.656000,0.749,0.098,-0.605,-4.73,1.65,1.5
318218.656000,0.743,0.088,-0.587,-4.91,1.74,1.34
318218.671000,0.744,0.081,-0.583,-4.73,0.34,0.85
318218.671000,0.749,0.085,-0.582,-4.39,-1.43,-0.03
318218.687000,0.749,0.095,-0.602,-4.3,-2.47,-1.07
318218.703000,0.752,0.099,-0.611,-4.76,-2.5,-1.4
318218.718000,0.759,0.087,-0.611,-5.13,-1.89,-1.28
318218.734000,0.765,0.077,-0.606,-4.82,-0.92,-1.5
318218.734000,0.774,0.077,-0.609,-3.2,-0.12,-2.32
318218.750000,0.779,0.089,-0.609,-1.68,0.09,-3.2
318218.765000,0.776,0.103,-0.612,-1.01,-0.27,-3.51
318218.765000,0.78,0.111,-0.615,-0.49,-0.24,-3.36
318218.781000,0.779,0.111,-0.622,-0.15,0.67,-3.2
318218.796000,0.778,0.114,-0.615,0.31,1.92,-3.39
318218.812000,0.777,0.116,-0.618,0.76,2.29,-3.27
318218.812000,0.776,0.12,-0.625,0.82,1.98,-3.27
318218.812000,0.773,0.127,-0.618,0.34,1.74,-2.96
318218.828000,0.776,0.126,-0.622,0.67,1.74,-1.95
318218.843000,0.778,0.125,-0.623,1.59,2.53,-0.95
318218.843000,0.777,0.13,-0.619,2.69,3.57,-0.21
318218.859000,0.777,0.133,-0.609,3.3,3.6,0.82
318218.875000,0.778,0.128,-0.608,3.45,2.87,1.74
318218.875000,0.779,0.122,-0.617,3.63,2.41,2.01
318218.890000,0.778,0.117,-0.62,3.88,3.05,1.86
318218.906000,0.775,0.117,-0.616,3.85,3.94,1.16
318218.906000,0.769,0.117,-0.614,3.3,3.63,0.52
318218.921000,0.767,0.112,-0.611,2.93,3.05,0.34
318218.921000,0.766,0.104,-0.616,3.85,2.78,0.37
318218.937000,0.764,0.105,-0.611,5.83,3.02,0.21
318218.953000,0.764,0.11,-0.615,7.9,3.39,0.09
318218.953000,0.764,0.12,-0.618,9.98,4.09,0.03
318218.968000,0.765,0.126,-0.617,11.78,5.34,-0.03
318218.984000,0.762,0.147,-0.621,10.56,6.26,-0.67
318218.984000,0.757,0.156,-0.609,8.06,7.23,-0.52
318219.000000,0.755,0.148,-0.6,4.91,7.63,0.61
318219.000000,0.753,0.136,-0.586,2.78,7.35,1.46
318219.015000,0.758,0.122,-0.583,2.26,6.26,2.35
318219.015000,0.761,0.119,-0.579,2.08,4.43,3.11
318219.031000,0.765,0.106,-0.584,2.96,2.9,4.27
318219.046000,0.774,0.101,-0.592,4.27,1.95,5.16
318219.046000,0.779,0.11,-0.6,4.85,1.62,5.16
318219.062000,0.781,0.12,-0.609,4.85,2.14,4.94
318219.078000,0.781,0.119,-0.609,4.12,3.2,4.97
318219.093000,0.78,0.108,-0.6,3.36,4.39,5.07
318219.093000,0.78,0.097,-0.598,2.72,5.07,4.7
318219.109000,0.778,0.092,-0.599,2.66,5.37,4.21
318219.125000,0.775,0.087,-0.595,2.84,5.25,4.27
318219.125000,0.77,0.079,-0.602,3.11,4.76,4.43
318219.140000,0.768,0.074,-0.597,3.63,4.64,4.58
318219.156000,0.771,0.07,-0.597,4.46,4.58,4.73
318219.156000,0.773,0.072,-0.596,5.43,4.76,4.79
318219.171000,0.775,0.077,-0.6,5.86,4.73,4.73
318219.171000,0.778,0.08,-0.601,5.52,4.91,4.58
318219.187000,0.779,0.081,-0.598,4.76,5.28,4.15
318219.203000,0.777,0.077,-0.589,3.78,5.98,3.23
318219.203000,0.778,0.075,-0.578,2.53,6.26,1.95
318219.218000,0.771,0.072,-0.572,1.25,5.52,1.04
318219.218000,0.766,0.062,-0.579,0.52,4.55,0.24
318219.234000,0.772,0.056,-0.572,1.31,5.04,-1.01
318219.250000,0.764,0.068,-0.573,1.89,4.82,-1.92
318219.265000,0.763,0.079,-0.58,2.14,4.55,-1.86
318219.265000,0.768,0.078,-0.579,2.26,4.88,-1.53
318219.281000,0.767,0.079,-0.577,1.71,4.94,-1.74
318219.296000,0.764,0.077,-0.567,1.37,4.97,-1.95
318219.296000,0.762,0.076,-0.556,0.95,4.52,-2.32
318219.296000,0.76,0.078,-0.553,0.37,3.17,-2.59
318219.328000,0.762,0.077,-0.551,0.0,2.5,-2.69
318219.328000,0.767,0.074,-0.546,-0.64,2.2,-3.2
318219.328000,0.772,0.079,-0.552,-2.59,1.56,-4.82
318219.343000,0.776,0.084,-0.563,-5.49,0.79,-7.23
318219.359000,0.777,0.084,-0.567,-8.15,0.73,-9.61
318219.359000,0.78,0.085,-0.574,-9.92,0.55,-11.23
318219.375000,0.78,0.089,-0.578,-9.8,0.55,-11.93
318219.390000,0.781,0.096,-0.576,-8.12,0.82,-11.29
318219.406000,0.783,0.103,-0.575,-5.25,0.79,-9.28
318219.406000,0.784,0.11,-0.578,-1.98,0.37,-6.81
318219.421000,0.782,0.115,-0.579,1.59,0.12,-3.51
318219.421000,0.784,0.114,-0.579,5.07,0.37,0.21
318219.437000,0.791,0.111,-0.58,7.45,0.76,3.05
318219.437000,0.795,0.117,-0.586,8.36,1.19,4.18
318219.453000,0.793,0.12,-0.586,8.12,1.95,4.46
318219.453000,0.793,0.115,-0.578,7.29,2.75,4.39
318219.468000,0.784,0.112,-0.57,6.04,2.62,3.78
318219.500000,0.779,0.107,-0.572,4.76,1.86,3.48
318219.500000,0.78,0.095,-0.576,4.27,1.56,3.17
318219.515000,0.78,0.092,-0.568,4.36,1.16,2.87
318219.515000,0.778,0.088,-0.578,4.46,-0.37,2.69
318219.531000,0.788,0.09,-0.59,4.12,-1.01,2.23
318219.531000,0.786,0.099,-0.591,3.6,-0.79,1.5
318219.531000,0.788,0.098,-0.595,3.14,-0.52,1.25
318219.546000,0.794,0.096,-0.598,3.02,0.4,0.49
318219.578000,0.789,0.103,-0.592,2.5,1.74,-0.52
318219.578000,0.782,0.107,-0.585,1.74,2.26,-0.79
318219.593000,0.78,0.105,-0.579,1.37,2.44,-0.34
318219.593000,0.777,0.104,-0.574,1.19,2.17,0.09
318219.609000,0.774,0.1,-0.573,1.53,1.65,0.95
318219.625000,0.778,0.096,-0.573,1.92,1.19,1.89
318219.625000,0.782,0.096,-0.581,1.25,0.67,1.95
318219.640000,0.784,0.092,-0.584,0.58,0.98,1.56
318219.640000,0.788,0.085,-0.585,-0.31,1.31,0.76
318219.656000,0.784,0.087,-0.584,-1.53,1.25,-0.49
318219.671000,0.78,0.083,-0.584,-1.95,1.46,-1.19
318219.687000,0.779,0.079,-0.584,-1.89,1.74,-1.13
318219.687000,0.777,0.081,-0.575,-1.53,1.86,-0.79
318219.703000,0.778,0.081,-0.569,-0.82,1.4,-0.31
318219.703000,0.782,0.083,-0.575,0.0,0.7,0.21
318219.703000,0.789,0.086,-0.58,0.55,0.12,0.55
318219.718000,0.788,0.09,-0.588,0.43,-0.24,0.64
318219.734000,0.791,0.089,-0.587,0.12,0.27,0.82
318219.734000,0.796,0.083,-0.581,-0.12,0.85,0.98
318219.765000,0.798,0.082,-0.578,-0.18,0.89,0.43
318219.765000,0.8,0.086,-0.576,-0.37,0.64,-0.34
318219.781000,0.796,0.092,-0.579,-0.21,0.67,-0.79
318219.796000,0.793,0.096,-0.579,0.37,1.22,-0.7
318219.796000,0.792,0.098,-0.58,0.95,1.8,-0.31
318219.796000,0.79,0.1,-0.586,1.28,2.41,0.06
318219.828000,0.79,0.099,-0.577,1.07,3.33,0.31
318219.828000,0.793,0.094,-0.566,1.25,3.63,0.27
318219.843000,0.801,0.093,-0.572,1.95,3.14,-0.52
318219.843000,0.808,0.103,-0.583,2.2,3.54,-2.08
318219.859000,0.807,0.11,-0.582,1.5,4.21,-4.18
318219.875000,0.804,0.117,-0.579,-0.27,4.33,-6.5
318219.875000,0.796,0.119,-0.58,-2.47,4.03,-8.48
318219.890000,0.792,0.115,-0.572,-4.09,3.63,-10.01
318219.906000,0.791,0.115,-0.569,-5.19,2.59,-11.17
318219.906000,0.787,0.122,-0.573,-6.13,0.67,-11.26
318219.921000,0.794,0.125,-0.587,-6.71,-0.76,-10.35
318219.921000,0.802,0.124,-0.599,-7.02,-0.98,-8.7
318219.937000,0.809,0.119,-0.597,-6.26,-0.09,-6.35
318219.953000,0.813,0.112,-0.597,-4.82,0.61,-3.81
318219.968000,0.814,0.107,-0.601,-2.84,1.4,-1.68
318219.968000,0.81,0.101,-0.597,0.03,4.36,2.2
318219.984000,0.804,0.09,-0.586,1.34,5.83,3.42
318219.984000,0.805,0.073,-0.575,2.01,6.53,3.39
318220.000000,0.797,0.066,-0.569,2.17,6.78,2.9
318220.015000,0.787,0.068,-0.557,2.14,6.26,2.62
318220.015000,0.783,0.069,-0.551,2.38,5.49,2.41
318220.031000,0.771,0.077,-0.544,2.81,5.28,2.38
318220.031000,0.766,0.086,-0.537,3.45,4.61,2.35
318220.046000,0.768,0.098,-0.538,3.6,3.14,2.41
318220.046000,0.774,0.105,-0.551,3.45,2.01,2.66
318220.062000,0.773,0.108,-0.556,3.69,2.32,3.17
318220.078000,0.77,0.106,-0.553,3.91,3.08,3.57
318220.093000,0.771,0.099,-0.547,3.36,3.05,3.66
318220.093000,0.771,0.09,-0.546,2.2,1.4,3.48
318220.109000,0.769,0.082,-0.547,1.28,-0.09,3.17
318220.125000,0.782,0.071,-0.555,1.16,-1.07,2.78
318220.125000,0.791,0.072,-0.558,0.85,-1.68,1.56
318220.140000,0.792,0.084,-0.563,0.67,-1.89,0.09
318220.156000,0.794,0.086,-0.57,0.82,-1.53,-0.82
318220.156000,0.796,0.086,-0.572,0.49,-0.73,-1.53
318220.171000,0.796,0.09,-0.572,0.03,0.24,-2.17
318220.187000,0.794,0.091,-0.575,0.15,1.25,-2.5
318220.187000,0.789,0.092,-0.57,0.31,2.26,-2.66
318220.203000,0.785,0.091,-0.561,0.37,2.87,-2.5
318220.203000,0.784,0.086,-0.55,0.49,2.5,-1.98
318220.218000,0.783,0.082,-0.546,1.04,1.25,-1.4
318220.218000,0.785,0.081,-0.547,2.17,0.31,-0.89
318220.234000,0.789,0.086,-0.549,3.02,-0.18,-0.55
318220.250000,0.795,0.091,-0.556,3.11,-0.7,-0.21
318220.265000,0.799,0.087,-0.558,3.08,-0.73,-0.18
318220.265000,0.799,0.084,-0.566,2.87,-0.61,-0.7
318220.281000,0.795,0.083,-0.576,2.26,0.12,-1.43
318220.296000,0.79,0.082,-0.566,2.17,1.59,-1.83
318220.296000,0.786,0.078,-0.552,2.47,2.32,-1.92
318220.312000,0.784,0.07,-0.545,3.36,1.53,-1.86
318220.312000,0.785,0.076,-0.552,4.0,0.09,-2.17
318220.328000,0.783,0.09,-0.563,4.52,-0.73,-2.23
318220.343000,0.783,0.098,-0.566,4.82,-0.4,-1.4
318220.359000,0.79,0.099,-0.568,4.94,0.43,-0.58
318220.359000,0.79,0.102,-0.571,4.97,1.22,-0.46
318220.375000,0.792,0.102,-0.565,5.19,2.08,-0.21
318220.375000,0.79,0.102,-0.556,5.01,2.32,-0.09
318220.375000,0.786,0.103,-0.557,4.43,1.68,-0.09
318220.390000,0.789,0.106,-0.56,4.33,1.59,0.15
318220.406000,0.789,0.108,-0.554,4.7,1.83,0.7
318220.421000,0.792,0.107,-0.546,5.16,1.59,1.4
318220.421000,0.798,0.107,-0.547,5.16,0.37,1.62
318220.421000,0.795,0.109,-0.552,4.79,-0.92,1.4
318220.453000,0.794,0.109,-0.558,4.15,-1.59,1.34
318220.453000,0.794,0.106,-0.565,3.33,-1.95,1.34
318220.468000,0.796,0.102,-0.571,2.69,-1.65,1.1
318220.484000,0.801,0.099,-0.575,2.47,-1.07,0.92
318220.484000,0.802,0.099,-0.577,2.08,-0.52,0.49
318220.500000,0.804,0.1,-0.573,1.46,-0.12,-0.24
318220.515000,0.808,0.098,-0.574,0.7,-0.34,-0.7
318220.515000,0.803,0.095,-0.576,0.09,-0.37,-1.1
318220.531000,0.799,0.093,-0.578,-0.03,0.03,-1.16
318220.546000,0.794,0.092,-0.567,0.49,0.43,-0.89
318220.546000,0.793,0.089,-0.563,1.43,0.27,-0.15
318220.562000,0.797,0.088,-0.565,2.5,0.03,0.89
318220.578000,0.801,0.087,-0.567,3.23,0.21,1.37
318220.578000,0.801,0.091,-0.565,3.14,0.18,1.46
318220.593000,0.8,0.091,-0.57,2.84,0.21,1.28
318220.593000,0.796,0.087,-0.575,2.26,0.92,0.76
318220.609000,0.79,0.083,-0.565,1.4,1.65,0.15
318220.625000,0.789,0.077,-0.553,1.07,1.74,-0.18
318220.625000,0.786,0.073,-0.556,1.65,1.1,-0.55
318220.640000,0.788,0.078,-0.559,2.29,0.61,-0.64
318220.656000,0.789,0.086,-0.562,2.38,0.27,-0.37
318220.656000,0.795,0.087,-0.562,2.47,0.37,0.06
318220.671000,0.798,0.082,-0.561,2.53,0.64,0.61
318220.671000,0.806,0.08,-0.563,2.62,0.7,0.43
318220.687000,0.804,0.086,-0.564,2.38,0.79,-0.15
318220.703000,0.8,0.087,-0.568,1.89,0.82,-0.61
318220.703000,0.796,0.085,-0.568,1.74,1.1,-0.64
318220.718000,0.79,0.082,-0.563,1.74,1.19,-0.52
318220.734000,0.788,0.083,-0.556,2.23,1.22,-0.21
318220.734000,0.79,0.083,-0.556,3.11,1.01,0.24
318220.750000,0.793,0.084,-0.548,3.48,0.4,0.37
318220.765000,0.799,0.088,-0.549,3.23,-0.55,0.24
318220.765000,0.803,0.091,-0.553,2.75,-1.13,-0.15
318220.781000,0.804,0.093,-0.558,1.71,-1.31,-0.49
318220.796000,0.802,0.09,-0.561,0.7,-0.85,-0.76
318220.796000,0.8,0.085,-0.562,0.49,-0.15,-1.25
318220.812000,0.794,0.083,-0.564,0.7,0.18,-1.34
318220.812000,0.79,0.079,-0.558,1.22,0.21,-0.98
318220.828000,0.789,0.084,-0.563,1.77,-0.09,-0.55
318220.843000,0.784,0.092,-0.561,2.32,0.09,0.03
318220.843000,0.784,0.094,-0.553,3.02,0.24,0.95
318220.859000,0.786,0.094,-0.548,3.3,-0.15,1.68
318220.859000,0.79,0.097,-0.548,2.81,-1.04,1.71
318220.890000,0.795,0.103,-0.554,2.14,-1.68,1.37
318220.890000,0.798,0.11,-0.56,0.95,-1.8,0.92
318220.906000,0.799,0.12,-0.561,-0.49,-1.98,0.46
318220.906000,0.803,0.128,-0.566,-1.25,-2.01,0.37
318220.921000,0.804,0.142,-0.578,-1.92,-1.68,0.31
318220.921000,0.804,0.163,-0.58,-2.78,-1.07,0.82
318220.937000,0.804,0.181,-0.586,-3.23,-0.7,2.17
318220.937000,0.809,0.202,-0.596,-3.63,-0.31,3.88
318220.953000,0.818,0.234,-0.604,-5.19,0.15,5.58
318220.968000,0.821,0.271,-0.603,-7.26,1.07,7.97
318220.984000,0.819,0.289,-0.588,-9.0,1.98,11.23
318220.984000,0.822,0.296,-0.58,-10.53,1.92,14.62
318221.000000,0.833,0.313,-0.579,-13.28,1.1,16.85
318221.015000,0.842,0.344,-0.59,-17.37,0.34,18.37
318221.015000,0.845,0.37,-0.591,-21.7,0.43,20.2
318221.031000,0.843,0.383,-0.599,-25.64,0.67,22.19
318221.031000,0.848,0.407,-0.621,-31.25,0.4,23.07
318221.046000,0.838,0.445,-0.641,-38.79,0.67,23.62
318221.062000,0.814,0.474,-0.628,-46.08,2.29,25.76
318221.078000,0.794,0.468,-0.611,-51.88,3.14,29.6
318221.078000,0.783,0.461,-0.606,-57.89,1.98,33.39
318221.093000,0.774,0.478,-0.602,-64.42,-0.98,36.81
318221.093000,0.764,0.488,-0.609,-69.67,-4.18,41.02
318221.109000,0.749,0.481,-0.616,-73.37,-5.43,45.75
318221.109000,0.725,0.477,-0.619,-76.02,-6.07,49.56
318221.125000,0.693,0.47,-0.622,-77.76,-7.42,53.29
318221.140000,0.663,0.458,-0.607,-79.53,-7.75,57.53
318221.140000,0.629,0.437,-0.594,-82.16,-8.55,62.5
318221.156000,0.611,0.407,-0.573,-84.78,-10.99,67.48
318221.171000,0.611,0.371,-0.571,-87.71,-16.66,71.38
318221.187000,0.614,0.349,-0.597,-91.56,-24.48,74.16
318221.187000,0.621,0.343,-0.641,-94.94,-31.31,76.88
318221.187000,0.625,0.339,-0.696,-95.95,-35.0,80.57
318221.203000,0.637,0.319,-0.756,-93.69,-34.58,85.97
318221.218000,0.655,0.305,-0.803,-89.27,-30.3,90.98
318221.234000,0.637,0.306,-0.813,-84.66,-23.22,95.25
318221.234000,0.608,0.277,-0.793,-81.76,-15.96,100.96
318221.250000,0.612,0.21,-0.762,-81.61,-12.42,105.87
318221.265000,0.628,0.152,-0.744,-83.74,-14.04,106.63
318221.265000,0.645,0.129,-0.768,-86.61,-17.94,104.68
318221.281000,0.648,0.134,-0.802,-89.33,-19.71,102.48
318221.296000,0.649,0.123,-0.834,-90.37,-18.07,101.54
318221.296000,0.65,0.096,-0.852,-87.95,-12.94,100.71
318221.312000,0.61,0.081,-0.827,-84.35,-5.04,99.06
318221.312000,0.593,0.07,-0.803,-82.0,2.72,96.68
318221.328000,0.588,0.067,-0.775,-84.17,6.59,92.44
318221.328000,0.58,0.057,-0.746,-91.1,5.4,87.71
318221.343000,0.587,0.031,-0.736,-97.29,1.59,83.32
318221.359000,0.597,0.029,-0.741,-99.92,-2.72,79.44
318221.359000,0.603,0.044,-0.768,-99.8,-5.55,78.74
318221.375000,0.616,0.07,-0.79,-96.29,-3.42,80.57
318221.390000,0.604,0.106,-0.793,-90.49,1.98,83.32
318221.406000,0.563,0.125,-0.791,-85.94,8.21,87.34
318221.406000,0.514,0.132,-0.73,-83.9,16.17,91.22
318221.421000,0.494,0.113,-0.674,-84.51,19.53,93.42
318221.437000,0.516,0.092,-0.652,-90.58,13.61,92.17
318221.437000,0.532,0.102,-0.644,-98.33,2.84,88.93
318221.453000,0.543,0.098,-0.659,-102.39,-7.81,89.63
318221.453000,0.572,0.082,-0.701,-99.83,-14.44,93.63
318221.468000,0.579,0.085,-0.753,-92.62,-15.96,98.48
318221.484000,0.562,0.111,-0.787,-84.9,-12.79,103.89
318221.484000,0.537,0.119,-0.771,-81.09,-7.05,109.53
318221.500000,0.525,0.084,-0.746,-81.85,-3.75,114.26
318221.515000,0.547,0.037,-0.725,-85.97,-5.07,115.09
318221.515000,0.563,0.021,-0.709,-92.23,-11.08,113.53
318221.531000,0.582,0.001,-0.729,-96.07,-18.56,113.5
318221.546000,0.605,-0.029,-0.787,-94.85,-22.8,115.48
318221.562000,0.615,-0.037,-0.845,-86.52,-17.37,121.37
318221.562000,0.627,-0.041,-0.88,-80.39,-10.38,124.12
318221.578000,0.608,-0.057,-0.895,-77.55,-1.62,124.45
318221.578000,0.584,-0.073,-0.875,-79.62,4.12,121.77
318221.593000,0.582,-0.091,-0.857,-86.55,4.46,117.04
318221.593000,0.582,-0.098,-0.829,-92.17,1.19,114.84
318221.609000,0.581,-0.168,-0.793,-91.43,-3.57,116.64
318221.625000,0.592,-0.215,-0.818,-84.84,-6.47,120.37
318221.640000,0.606,-0.239,-0.841,-75.11,-6.07,123.17
318221.640000,0.602,-0.238,-0.883,-67.14,-3.54,123.11
318221.656000,0.586,-0.222,-0.911,-65.31,2.11,120.18
318221.656000,0.583,-0.219,-0.897,-69.37,9.34,115.48
318221.671000,0.558,-0.24,-0.86,-76.57,14.13,110.23
318221.687000,0.554,-0.285,-0.831,-82.13,15.5,106.36
318221.687000,0.551,-0.316,-0.819,-83.96,13.43,104.59
318221.703000,0.526,-0.338,-0.824,-80.32,10.56,106.6
318221.703000,0.542,-0.365,-0.81,-70.53,10.65,112.4
318221.718000,0.575,-0.383,-0.805,-59.48,11.96,117.83
318221.734000,0.568,-0.382,-0.835,-52.95,15.05,119.17
318221.750000,0.545,-0.39,-0.824,-53.32,20.48,116.31
318221.750000,0.54,-0.433,-0.779,-59.66,23.62,109.68
318221.765000,0.556,-0.464,-0.74,-66.07,22.43,100.83
318221.781000,0.563,-0.454,-0.761,-69.61,18.56,92.07
318221.781000,0.55,-0.412,-0.791,-70.22,18.22,86.18
318221.796000,0.556,-0.373,-0.75,-66.84,21.88,87.37
318221.796000,0.57,-0.389,-0.698,-59.08,24.93,94.03
318221.796000,0.573,-0.424,-0.7,-50.42,26.95,98.27
318221.812000,0.568,-0.402,-0.703,-47.76,28.38,95.77
318221.828000,0.545,-0.364,-0.692,-52.06,27.28,90.76
318221.843000,0.542,-0.381,-0.684,-57.71,25.09,87.56
318221.843000,0.56,-0.397,-0.689,-61.22,22.37,84.14
318221.859000,0.531,-0.351,-0.697,-62.11,19.5,82.16
318221.859000,0.522,-0.324,-0.691,-57.59,19.1,87.1
318221.875000,0.576,-0.342,-0.662,-50.05,19.96,95.65
318221.890000,0.576,-0.362,-0.686,-45.29,19.29,100.1
318221.906000,0.552,-0.389,-0.695,-43.89,21.33,101.72
318221.906000,0.554,-0.434,-0.688,-44.31,23.56,100.5
318221.921000,0.552,-0.463,-0.689,-46.57,23.35,95.07
318221.921000,0.556,-0.467,-0.691,-48.71,22.68,87.56
318221.937000,0.561,-0.442,-0.72,-50.42,21.21,81.51
318221.953000,0.574,-0.42,-0.725,-49.96,22.13,80.17
318221.968000,0.627,-0.451,-0.668,-46.51,24.57,83.83
318221.968000,0.64,-0.508,-0.687,-41.81,26.03,86.31
318221.984000,0.628,-0.542,-0.674,-39.03,30.46,84.72
318221.984000,0.632,-0.588,-0.668,-39.98,32.78,79.78
318222.000000,0.646,-0.614,-0.68,-43.73,32.14,68.76
318222.015000,0.666,-0.583,-0.694,-48.55,30.85,54.69
318222.015000,0.66,-0.519,-0.732,-52.77,30.46,43.76
318222.031000,0.653,-0.481,-0.728,-53.87,34.33,41.6
318222.046000,0.675,-0.475,-0.662,-49.44,40.59,46.63
318222.046000,0.665,-0.472,-0.605,-41.51,43.4,54.48
318222.062000,0.656,-0.484,-0.587,-33.63,42.79,63.6
318222.062000,0.666,-0.494,-0.579,-28.44,39.19,69.43
318222.078000,0.673,-0.485,-0.593,-26.0,33.85,72.08
318222.093000,0.66,-0.472,-0.628,-24.45,30.46,73.82
318222.093000,0.654,-0.475,-0.631,-23.47,31.34,75.47
318222.109000,0.659,-0.485,-0.584,-23.26,33.48,76.39
318222.125000,0.664,-0.511,-0.538,-23.38,33.72,77.12
318222.140000,0.656,-0.531,-0.526,-23.77,32.84,75.69
318222.140000,0.634,-0.544,-0.511,-26.03,31.07,72.88
318222.156000,0.624,-0.575,-0.502,-29.3,27.71,69.52
318222.156000,0.63,-0.593,-0.511,-33.08,23.32,63.72
318222.171000,0.619,-0.572,-0.528,-37.35,19.26,56.37
318222.187000,0.616,-0.566,-0.533,-40.68,16.6,51.97
318222.187000,0.632,-0.588,-0.541,-42.33,15.35,49.29
318222.203000,0.627,-0.594,-0.544,-42.3,14.86,45.81
318222.218000,0.625,-0.587,-0.558,-41.69,13.67,43.34
318222.218000,0.622,-0.577,-0.568,-41.2,11.81,41.96
318222.234000,0.605,-0.577,-0.591,-39.43,10.47,42.66
318222.234000,0.603,-0.59,-0.609,-35.43,10.83,45.01
318222.250000,0.59,-0.596,-0.597,-30.92,11.54,47.82
318222.265000,0.58,-0.617,-0.576,-25.54,11.96,51.55
318222.265000,0.595,-0.653,-0.569,-20.45,12.3,53.77
318222.281000,0.604,-0.655,-0.571,-18.77,12.02,50.9
318222.296000,0.601,-0.64,-0.575,-19.93,11.35,45.69
318222.296000,0.609,-0.635,-0.579,-21.42,11.29,40.5
318222.312000,0.601,-0.632,-0.584,-23.32,11.75,34.7
318222.312000,0.596,-0.621,-0.589,-23.96,13.25,29.63
318222.328000,0.58,-0.591,-0.579,-23.41,14.74,26.34
318222.343000,0.57,-0.565,-0.554,-21.39,15.9,26.64
318222.343000,0.577,-0.558,-0.527,-17.85,15.81,29.91
318222.359000,0.579,-0.57,-0.503,-14.04,14.5,33.72
318222.375000,0.574,-0.597,-0.484,-11.17,12.3,36.71
318222.375000,0.588,-0.623,-0.495,-8.79,9.74,36.74
318222.390000,0.594,-0.61,-0.521,-8.79,6.5,32.69
318222.406000,0.592,-0.586,-0.549,-11.66,4.15,27.74
318222.406000,0.592,-0.584,-0.556,-14.65,4.15,24.38
318222.421000,0.601,-0.597,-0.551,-15.63,4.7,22.25
318222.421000,0.606,-0.597,-0.545,-14.31,4.24,20.39
318222.421000,0.6,-0.587,-0.546,-12.33,3.36,19.56
318222.453000,0.604,-0.586,-0.56,-9.92,3.2,20.08
318222.468000,0.616,-0.584,-0.569,-7.66,3.6,20.02
318222.468000,0.616,-0.578,-0.572,-7.05,3.33,19.04
318222.484000,0.613,-0.592,-0.57,-6.78,2.96,18.34
318222.484000,0.622,-0.607,-0.575,-6.01,3.02,16.33
318222.500000,0.629,-0.595,-0.591,-5.49,2.96,12.51
318222.515000,0.631,-0.568,-0.608,-5.52,2.96,9.55
318222.515000,0.633,-0.561,-0.607,-5.55,3.91,8.82
318222.531000,0.628,-0.557,-0.6,-4.03,5.77,8.94
318222.546000,0.615,-0.55,-0.587,-1.68,7.72,9.37
318222.546000,0.609,-0.549,-0.572,0.76,8.42,9.89
318222.562000,0.601,-0.545,-0.561,2.5,7.51,10.1
318222.562000,0.599,-0.548,-0.55,3.11,6.2,9.92
318222.578000,0.609,-0.543,-0.547,3.08,5.07,8.06
318222.593000,0.614,-0.521,-0.548,1.89,3.75,5.22
318222.593000,0.621,-0.512,-0.55,-0.34,3.2,3.57
318222.609000,0.63,-0.508,-0.556,-2.14,3.45,1.95
318222.609000,0.614,-0.491,-0.553,-3.33,3.94,0.76
318222.625000,0.603,-0.495,-0.549,-2.93,4.03,1.95
318222.640000,0.608,-0.498,-0.55,-1.4,2.93,3.85
318222.656000,0.603,-0.493,-0.552,0.34,1.43,5.74
318222.656000,0.603,-0.503,-0.551,2.56,0.73,8.76
318222.671000,0.619,-0.522,-0.558,4.49,-0.21,10.56
318222.671000,0.621,-0.526,-0.569,4.24,-1.34,9.61
318222.687000,0.628,-0.53,-0.571,3.02,-1.83,7.42
318222.703000,0.631,-0.538,-0.582,1.92,-1.71,4.73
318222.703000,0.633,-0.532,-0.592,0.58,-0.34,1.46
318222.718000,0.627,-0.522,-0.588,-0.85,0.92,-1.13
318222.734000,0.62,-0.523,-0.586,-1.19,2.01,-1.77
318222.734000,0.62,-0.525,-0.577,-0.58,2.9,-1.95
318222.750000,0.617,-0.524,-0.567,0.34,2.78,-1.98
318222.765000,0.62,-0.524,-0.567,1.25,2.26,-1.77
318222.765000,0.626,-0.517,-0.569,1.77,1.95,-2.08
318222.781000,0.631,-0.51,-0.571,0.95,1.74,-2.84
318222.781000,0.635,-0.511,-0.58,-0.4,2.11,-3.69
318222.796000,0.63,-0.502,-0.579,-1.56,3.33,-4.82
318222.812000,0.621,-0.504,-0.569,-1.98,3.81,-4.64
318222.812000,0.62,-0.509,-0.566,-1.01,3.91,-3.6
318222.828000,0.619,-0.505,-0.567,0.98,3.57,-2.47
318222.828000,0.626,-0.502,-0.566,2.96,3.33,-1.22
318222.843000,0.631,-0.496,-0.562,4.09,2.99,-0.52
318222.859000,0.634,-0.487,-0.562,4.03,2.72,-0.49
318222.875000,0.637,-0.477,-0.557,3.17,2.32,-0.92
318222.875000,0.634,-0.466,-0.554,2.2,1.83,-0.95
318222.890000,0.626,-0.464,-0.556,1.65,1.59,-0.06
318222.890000,0.62,-0.467,-0.55,1.83,1.68,1.46
318222.906000,0.618,-0.477,-0.548,2.2,0.76,3.54
318222.921000,0.613,-0.489,-0.55,3.3,-0.24,5.31
318222.921000,0.61,-0.5,-0.551,4.76,-0.31,6.23
318222.937000,0.61,-0.505,-0.556,5.49,-0.43,6.04
318222.937000,0.615,-0.502,-0.57,4.97,-0.55,4.79
318222.953000,0.624,-0.49,-0.573,3.33,-0.18,2.72
318222.968000,0.618,-0.481,-0.57,0.82,0.58,0.92
318222.968000,0.616,-0.484,-0.555,-0.89,1.62,0.31
318222.984000,0.613,-0.493,-0.534,-1.28,2.17,0.82
318222.984000,0.604,-0.497,-0.526,-0.31,1.77,1.68
318223.000000,0.601,-0.495,-0.518,1.46,0.12,2.99
318223.000000,0.607,-0.491,-0.525,2.38,-2.99,4.55
318223.031000,0.616,-0.496,-0.549,2.9,-5.71,5.92
318223.031000,0.624,-0.5,-0.565,2.93,-6.38,6.56
318223.031000,0.627,-0.503,-0.572,2.5,-5.62,6.5
318223.062000,0.629,-0.51,-0.578,1.74,-4.73,5.68
318223.078000,0.625,-0.518,-0.585,1.01,-3.81,4.39
318223.078000,0.626,-0.53,-0.58,0.85,-2.9,3.45
318223.093000,0.626,-0.539,-0.571,0.46,-2.69,2.11
318223.093000,0.632,-0.536,-0.569,-0.21,-3.05,0.12
318223.109000,0.63,-0.524,-0.574,-0.73,-3.3,-1.62
318223.125000,0.627,-0.514,-0.571,0.09,-3.33,-1.37
318223.125000,0.628,-0.514,-0.572,1.1,-3.57,-0.67
318223.140000,0.633,-0.511,-0.577,1.28,-3.48,-0.15
318223.156000,0.637,-0.505,-0.591,0.92,-2.32,0.4
318223.156000,0.638,-0.503,-0.596,0.95,-0.64,0.92
318223.171000,0.635,-0.513,-0.592,1.46,0.37,1.04
318223.171000,0.63,-0.523,-0.581,1.74,0.82,0.49
318223.187000,0.632,-0.513,-0.576,1.98,0.55,0.06
318223.203000,0.632,-0.511,-0.576,1.98,-0.12,0.46
318223.203000,0.639,-0.516,-0.576,2.04,-0.18,0.82
318223.218000,0.639,-0.513,-0.579,1.77,0.27,0.46
318223.234000,0.632,-0.512,-0.578,1.59,0.7,0.18
318223.234000,0.629,-0.515,-0.576,1.34,1.01,0.06
318223.250000,0.627,-0.512,-0.58,1.46,0.52,0.09
318223.250000,0.621,-0.508,-0.579,1.89,0.46,0.64
318223.265000,0.626,-0.508,-0.574,2.78,0.73,2.14
318223.265000,0.624,-0.509,-0.57,3.91,1.13,3.69
318223.281000,0.619,-0.511,-0.567,5.19,1.46,5.19
318223.296000,0.615,-0.514,-0.57,6.1,1.37,6.16
318223.296000,0.61,-0.522,-0.568,6.26,1.34,6.35
318223.312000,0.613,-0.534,-0.57,5.98,1.22,5.58
318223.328000,0.621,-0.534,-0.576,4.58,0.82,3.14
318223.343000,0.617,-0.526,-0.575,2.2,1.13,-0.18
318223.343000,0.616,-0.522,-0.574,-0.21,1.86,-2.47
318223.359000,0.618,-0.522,-0.569,-1.95,2.5,-4.43
318223.375000,0.612,-0.517,-0.564,-3.02,2.62,-5.86
318223.375000,0.612,-0.51,-0.566,-2.99,2.47,-5.86
318223.390000,0.607,-0.508,-0.569,-1.68,2.23,-4.46
318223.390000,0.604,-0.513,-0.568,0.34,2.26,-2.44
318223.406000,0.608,-0.514,-0.57,2.87,2.17,-0.73
318223.421000,0.612,-0.506,-0.567,4.85,2.04,0.49
318223.437000,0.612,-0.507,-0.567,6.2,2.47,1.56
318223.437000,0.606,-0.517,-0.565,7.23,3.48,1.98
318223.437000,0.604,-0.523,-0.557,8.39,4.52,1.28
318223.453000,0.608,-0.516,-0.549,9.06,4.49,-0.21
318223.468000,0.611,-0.507,-0.548,8.3,3.3,-1.34
318223.468000,0.619,-0.499,-0.54,7.45,2.78,-1.74
318223.484000,0.627,-0.496,-0.537,8.3,2.5,-1.1
318223.484000,0.626,-0.488,-0.544,7.9,1.8,-0.37
318223.500000,0.627,-0.489,-0.55,7.72,0.95,1.25
318223.515000,0.633,-0.494,-0.549,7.05,0.27,2.78
318223.515000,0.636,-0.501,-0.56,6.07,-0.27,3.45
318223.531000,0.634,-0.505,-0.563,5.28,-0.12,3.78
318223.531000,0.635,-0.518,-0.557,4.64,-0.06,4.03
318223.546000,0.643,-0.534,-0.557,3.94,-0.4,3.57
318223.562000,0.646,-0.539,-0.572,3.2,-0.37,1.86
318223.562000,0.64,-0.529,-0.577,1.53,0.58,-0.43
318223.593000,0.635,-0.527,-0.573,-0.12,1.43,-2.01
318223.593000,0.632,-0.533,-0.564,-0.7,1.74,-2.5
318223.609000,0.629,-0.535,-0.557,-0.18,1.34,-2.5
318223.625000,0.623,-0.531,-0.557,1.1,0.98,-1.95
318223.625000,0.621,-0.525,-0.563,2.53,1.07,-0.64
318223.640000,0.627,-0.522,-0.561,3.02,1.16,0.52
318223.656000,0.627,-0.522,-0.561,2.47,1.07,1.19
318223.671000,0.623,-0.526,-0.561,2.08,1.77,1.46
318223.671000,0.62,-0.535,-0.564,1.62,2.56,1.19
318223.687000,0.61,-0.541,-0.564,0.37,3.27,0.06
318223.687000,0.599,-0.546,-0.559,-1.19,3.88,-1.65
318223.703000,0.586,-0.552,-0.553,-2.01,4.46,-3.11
318223.703000,0.579,-0.557,-0.54,-1.46,4.39,-4.24
318223.718000,0.583,-0.55,-0.529,-0.37,3.39,-5.22
318223.734000,0.596,-0.531,-0.531,0.49,1.65,-5.31
318223.750000,0.609,-0.51,-0.535,0.92,0.55,-4.58
318223.750000,0.617,-0.504,-0.526,2.01,0.92,-2.41
318223.750000,0.631,-0.506,-0.522,3.45,0.82,-0.31
318223.765000,0.636,-0.504,-0.522,3.81,0.12,0.58
318223.781000,0.637,-0.501,-0.525,3.54,-0.43,1.28
318223.781000,0.64,-0.504,-0.532,2.9,-1.34,1.83
318223.796000,0.637,-0.51,-0.541,2.26,-2.11,2.23
318223.812000,0.64,-0.517,-0.546,2.04,-2.41,2.66
318223.812000,0.643,-0.521,-0.551,2.32,-2.78,3.14
318223.828000,0.644,-0.524,-0.558,2.69,-3.05,3.48
318223.843000,0.652,-0.524,-0.569,2.78,-2.78,3.48
318223.843000,0.656,-0.522,-0.576,1.98,-2.2,2.9
318223.859000,0.655,-0.525,-0.577,1.07,-1.04,2.35
318223.875000,0.65,-0.533,-0.572,0.43,0.34,1.65
318223.875000,0.642,-0.534,-0.566,-0.03,1.13,0.89
318223.890000,0.636,-0.537,-0.557,0.03,1.5,0.49
318223.890000,0.633,-0.538,-0.561,0.34,1.34,0.34
318223.906000,0.626,-0.535,-0.56,0.67,1.31,0.15
318223.921000,0.62,-0.536,-0.554,1.43,1.65,0.55
318223.937000,0.616,-0.539,-0.554,2.75,1.83,1.53
318223.937000,0.617,-0.538,-0.548,4.0,2.2,2.08
318223.953000,0.616,-0.534,-0.547,4.55,2.2,2.35
318223.968000,0.621,-0.532,-0.547,4.09,2.2,1.98
318223.968000,0.623,-0.535,-0.543,2.9,2.44,0.98
318223.968000,0.63,-0.534,-0.537,1.13,2.75,-0.89
318223.984000,0.621,-0.533,-0.535,0.09,2.78,-2.84
318224.000000,0.611,-0.531,-0.531,0.31,3.11,-3.54
318224.000000,0.606,-0.532,-0.53,2.23,3.05,-3.08
318224.015000,0.609,-0.535,-0.532,4.85,2.69,-2.29
318224.031000,0.613,-0.524,-0.533,6.41,2.72,-1.89
318224.046000,0.608,-0.523,-0.535,8.18,3.27,-1.28
318224.046000,0.625,-0.519,-0.529,6.23,3.08,-1.68
318224.062000,0.632,-0.51,-0.531,3.05,1.92,-3.2
318224.062000,0.631,-0.498,-0.527,0.55,1.56,-3.91
318224.078000,0.628,-0.508,-0.526,-2.01,1.1,-3.36
318224.078000,0.628,-0.521,-0.518,-2.93,0.82,-2.69
318224.109000,0.623,-0.517,-0.518,-1.89,-0.24,-1.1
318224.109000,0.624,-0.518,-0.53,-0.12,-1.43,1.53
318224.125000,0.634,-0.523,-0.537,0.85,-2.32,4.09
318224.125000,0.641,-0.527,-0.549,0.67,-2.9,5.16
318224.140000,0.638,-0.53,-0.556,0.09,-2.87,5.13
318224.140000,0.642,-0.54,-0.555,-0.43,-1.95,4.85
318224.156000,0.648,-0.545,-0.552,-0.03,-1.01,3.75
318224.171000,0.641,-0.541,-0.546,0.67,-0.61,2.53
318224.187000,0.643,-0.538,-0.542,1.37,-0.34,2.11
318224.187000,0.643,-0.537,-0.543,1.59,-0.49,2.08
318224.187000,0.644,-0.537,-0.547,1.37,-0.76,1.98
318224.218000,0.643,-0.535,-0.555,1.1,-0.92,1.95
318224.218000,0.64,-0.533,-0.56,1.28,-0.52,2.44
318224.218000,0.642,-0.53,-0.559,2.04,0.21,3.3
318224.250000,0.639,-0.528,-0.567,2.87,0.27,4.61
318224.250000,0.63,-0.537,-0.575,4.12,0.58,6.93
318224.265000,0.635,-0.549,-0.567,6.1,1.5,9.25
318224.281000,0.633,-0.556,-0.561,7.69,1.59,11.02
318224.281000,0.633,-0.559,-0.551,8.7,1.28,12.7
318224.296000,0.635,-0.562,-0.554,7.2,0.46,13.64
318224.296000,0.636,-0.562,-0.556,2.96,-0.85,12.97
318224.312000,0.636,-0.58,-0.557,0.09,-1.43,11.08
318224.328000,0.637,-0.601,-0.553,0.67,0.15,7.84
318224.328000,0.633,-0.594,-0.554,3.48,3.11,3.88
318224.343000,0.619,-0.568,-0.546,4.85,5.52,0.82
318224.343000,0.611,-0.557,-0.527,4.3,6.29,-0.12
318224.359000,0.613,-0.562,-0.519,4.33,5.58,0.27
318224.375000,0.612,-0.569,-0.518,5.1,4.91,0.79
318224.375000,0.618,-0.566,-0.514,6.47,5.04,0.61
318224.390000,0.623,-0.546,-0.516,7.39,4.67,0.09
318224.406000,0.619,-0.531,-0.527,7.35,4.24,0.31
318224.406000,0.617,-0.534,-0.528,7.17,4.88,1.46
318224.421000,0.62,-0.544,-0.515,6.93,5.25,2.23
318224.421000,0.619,-0.545,-0.515,6.53,4.61,2.08
318224.437000,0.618,-0.543,-0.52,6.23,4.24,1.89
318224.453000,0.619,-0.543,-0.513,6.2,4.46,1.95
318224.453000,0.624,-0.543,-0.509,5.95,4.36,1.59
318224.468000,0.619,-0.536,-0.512,5.34,3.6,1.13
318224.484000,0.618,-0.536,-0.517,4.46,2.96,1.25
318224.484000,0.618,-0.542,-0.518,3.78,3.02,1.53
318224.500000,0.61,-0.551,-0.524,3.39,3.36,1.71
318224.500000,0.607,-0.564,-0.527,3.48,3.45,1.83
318224.515000,0.604,-0.576,-0.525,4.27,3.2,1.65
318224.531000,0.603,-0.584,-0.53,5.25,2.93,1.01
318224.546000,0.602,-0.589,-0.536,6.47,3.3,0.46
318224.546000,0.617,-0.586,-0.527,7.14,3.97,-0.24
318224.562000,0.619,-0.574,-0.522,6.96,4.09,-1.07
318224.562000,0.617,-0.567,-0.518,6.65,5.19,-1.31
318224.578000,0.611,-0.566,-0.501,6.53,6.62,-1.1
318224.593000,0.598,-0.582,-0.485,6.62,6.59,-0.58
318224.593000,0.592,-0.598,-0.474,7.29,5.37,-0.4
318224.609000,0.587,-0.605,-0.482,8.24,3.39,-0.76
318224.625000,0.575,-0.615,-0.498,9.55,2.04,-0.95
318224.640000,0.569,-0.639,-0.506,11.57,1.65,-0.98
318224.640000,0.557,-0.667,-0.514,14.25,1.22,-1.25
318224.640000,0.551,-0.692,-0.52,17.18,1.37,-2.17
318224.656000,0.567,-0.71,-0.52,19.2,1.83,-4.52
318224.656000,0.594,-0.704,-0.52,18.92,1.92,-9.28
318224.671000,0.579,-0.706,-0.54,18.31,2.81,-14.4
318224.687000,0.565,-0.746,-0.549,19.41,5.34,-17.58
318224.703000,0.541,-0.804,-0.554,29.63,5.98,-21.7
318224.703000,0.513,-0.876,-0.59,38.85,6.44,-23.93
318224.718000,0.491,-0.952,-0.623,48.22,8.42,-29.79
318224.734000,0.455,-1.025,-0.643,56.86,11.11,-38.88
318224.734000,0.413,-1.093,-0.64,66.41,14.47,-51.97
318224.750000,0.382,-1.158,-0.633,74.37,17.37,-70.83
318224.765000,0.385,-1.15,-0.573,78.16,16.97,-93.63
318224.765000,0.388,-1.077,-0.527,79.47,13.64,-116.21
318224.765000,0.378,-0.991,-0.489,80.63,10.5,-134.56
318224.781000,0.356,-0.95,-0.47,84.11,8.36,-146.06
318224.781000,0.328,-0.966,-0.441,92.9,7.23,-151.19
318224.812000,0.297,-0.988,-0.396,105.29,5.16,-152.35
318224.828000,0.242,-1.016,-0.387,120.15,0.21,-150.7
318224.828000,0.18,-1.08,-0.361,134.8,-3.2,-146.76
318224.843000,0.125,-1.174,-0.287,149.54,-7.6,-143.16
318224.843000,0.096,-1.289,-0.229,167.52,-17.64,-143.83
318224.859000,0.162,-1.339,-0.162,182.53,-34.88,-154.64
318224.875000,0.213,-1.269,-0.177,190.28,-59.88,-175.91
318224.875000,0.22,-1.129,-0.258,192.88,-80.84,-198.58
318224.890000,0.22,-1.004,-0.327,189.86,-93.26,-215.37
318224.906000,0.168,-0.941,-0.37,185.67,-98.24,-224.62
318224.906000,0.099,-0.94,-0.344,188.88,-97.75,-225.65
318224.921000,0.058,-0.958,-0.294,202.09,-100.16,-222.24
318224.937000,0.043,-0.912,-0.252,219.09,-109.62,-218.48
318224.937000,0.098,-0.818,-0.259,238.9,-124.67,-214.39
318224.953000,0.193,-0.698,-0.323,255.29,-143.31,-211.77
318224.968000,0.289,-0.551,-0.409,262.4,-160.95,-213.75
318224.968000,0.374,-0.379,-0.466,260.05,-175.6,-218.82
318224.968000,0.388,-0.271,-0.565,256.66,-187.38,-219.28
318225.000000,0.405,-0.293,-0.7,253.88,-188.97,-210.21
318225.000000,0.41,-0.364,-0.771,249.55,-179.39,-197.36
318225.000000,0.434,-0.459,-0.775,251.44,-164.04,-182.68
318225.015000,0.515,-0.53,-0.751,263.53,-151.46,-170.42
318225.015000,0.604,-0.534,-0.793,278.73,-151.13,-164.98
318225.046000,0.723,-0.479,-0.966,286.36,-160.37,-166.91
318225.046000,0.834,-0.378,-1.172,277.08,-169.59,-174.96
318225.062000,0.891,-0.315,-1.292,259.53,-167.46,-180.73
318225.078000,0.911,-0.336,-1.359,242.47,-152.78,-181.83
318225.078000,0.907,-0.4,-1.35,229.29,-132.11,-180.33
318225.093000,0.922,-0.458,-1.328,224.86,-111.79,-179.45
318225.093000,0.952,-0.439,-1.355,225.38,-97.48,-182.5
318225.093000,0.952,-0.362,-1.405,225.47,-87.13,-185.03
318225.125000,0.938,-0.307,-1.44,222.57,-76.02,-183.66
318225.125000,0.928,-0.297,-1.419,215.49,-64.33,-180.58
318225.140000,0.89,-0.299,-1.366,205.6,-53.44,-179.36
318225.156000,0.841,-0.293,-1.307,195.47,-43.4,-179.91
318225.171000,0.797,-0.271,-1.259,185.16,-35.43,-181.19
318225.171000,0.755,-0.221,-1.195,174.08,-29.18,-182.2
318225.187000,0.712,-0.192,-1.145,164.86,-25.88,-180.79
318225.187000,0.688,-0.208,-1.139,159.03,-24.93,-177.43
318225.203000,0.67,-0.208,-1.13,152.26,-24.35,-176.09
318225.203000,0.65,-0.186,-1.118,143.19,-24.14,-176.31
318225.218000,0.637,-0.166,-1.106,133.03,-22.58,-176.18
318225.234000,0.626,-0.144,-1.068,122.07,-19.59,-176.24
318225.234000,0.601,-0.124,-1.027,111.03,-16.51,-175.66
318225.250000,0.584,-0.106,-0.97,102.08,-12.76,-173.86
318225.265000,0.577,-0.084,-0.904,95.55,-10.35,-170.54
318225.265000,0.562,-0.05,-0.895,88.87,-10.35,-167.3
318225.281000,0.553,-0.009,-0.89,82.58,-7.84,-164.86
318225.281000,0.533,0.046,-0.857,74.07,-5.22,-162.88
318225.296000,0.526,0.094,-0.806,65.37,-2.75,-158.64
318225.312000,0.527,0.128,-0.748,56.55,-1.16,-152.84
318225.328000,0.534,0.149,-0.712,48.55,-0.06,-147.43
318225.328000,0.507,0.199,-0.663,41.2,-0.52,-141.94
318225.343000,0.503,0.22,-0.639,39.19,-1.01,-130.68
318225.343000,0.508,0.203,-0.633,39.58,-2.11,-118.26
318225.359000,0.498,0.231,-0.623,38.12,-4.46,-109.04
318225.375000,0.48,0.27,-0.618,38.61,-6.68,-96.71
318225.375000,0.499,0.28,-0.599,41.02,-9.7,-80.63
318225.390000,0.511,0.298,-0.621,42.27,-14.37,-67.48
318225.406000,0.529,0.334,-0.658,37.23,-17.4,-60.12
318225.406000,0.548,0.362,-0.658,26.67,-18.16,-57.5
318225.421000,0.531,0.365,-0.672,14.92,-18.22,-56.67
318225.421000,0.505,0.354,-0.686,3.94,-16.69,-56.64
318225.437000,0.48,0.333,-0.693,-3.78,-14.71,-55.12
318225.453000,0.449,0.304,-0.703,-5.52,-14.01,-48.71
318225.453000,0.429,0.289,-0.723,-2.81,-15.93,-39.4
318225.468000,0.422,0.289,-0.768,2.96,-18.4,-28.96
318225.468000,0.439,0.292,-0.812,8.79,-19.65,-17.21
318225.484000,0.472,0.292,-0.838,12.39,-19.2,-6.65
318225.500000,0.511,0.297,-0.837,12.02,-17.64,0.18
318225.515000,0.548,0.302,-0.819,7.45,-15.78,3.14
318225.515000,0.559,0.299,-0.805,1.68,-13.15,3.3
318225.531000,0.555,0.287,-0.768,-2.78,-9.67,3.2
318225.546000,0.543,0.257,-0.74,-3.6,-7.87,6.01
318225.546000,0.553,0.234,-0.714,-1.4,-8.3,10.13
318225.562000,0.566,0.227,-0.717,2.99,-10.86,14.5
318225.578000,0.582,0.221,-0.745,6.44,-13.79,18.89
318225.578000,0.598,0.221,-0.75,6.32,-16.17,21.3
318225.593000,0.621,0.218,-0.741,3.97,-16.79,21.49
318225.609000,0.621,0.206,-0.745,1.59,-15.35,20.05
318225.609000,0.634,0.175,-0.744,-1.68,-13.64,19.2
318225.625000,0.637,0.138,-0.73,-6.07,-13.4,18.01
318225.625000,0.635,0.098,-0.734,-7.51,-14.22,16.63
318225.640000,0.646,0.069,-0.739,-7.42,-15.41,16.3
318225.656000,0.658,0.056,-0.757,-6.59,-16.02,15.56
318225.656000,0.67,0.049,-0.77,-4.94,-14.4,13.37
318225.671000,0.678,0.054,-0.768,-3.45,-10.68,10.01
318225.687000,0.667,0.069,-0.772,-2.72,-5.95,6.13
318225.687000,0.657,0.089,-0.759,-2.96,0.21,2.59
318225.703000,0.645,0.1,-0.721,-3.88,5.22,0.15
318225.718000,0.637,0.101,-0.683,-3.63,8.7,-1.31
318225.718000,0.628,0.104,-0.645,-2.01,10.93,-2.87
318225.734000,0.625,0.119,-0.617,0.43,11.17,-3.97
318225.734000,0.633,0.141,-0.596,2.41,10.41,-3.75
318225.750000,0.633,0.154,-0.588,3.3,9.43,-2.29
318225.765000,0.646,0.159,-0.571,3.3,8.27,-0.24
318225.765000,0.664,0.16,-0.565,3.3,6.74,1.86
318225.781000,0.68,0.161,-0.579,3.78,5.52,3.97
318225.781000,0.695,0.167,-0.586,3.63,4.94,5.55
318225.796000,0.708,0.17,-0.572,2.72,4.24,6.78
318225.796000,0.713,0.148,-0.58,2.78,2.78,8.97
318225.812000,0.727,0.122,-0.594,4.3,2.17,10.53
318225.828000,0.734,0.114,-0.598,5.68,1.71,10.32
318225.843000,0.736,0.115,-0.61,5.89,0.58,10.16
318225.843000,0.744,0.111,-0.622,5.43,-0.21,10.5
318225.843000,0.753,0.104,-0.629,4.94,0.34,10.16
318225.859000,0.766,0.107,-0.625,4.0,1.4,9.0
318225.875000,0.764,0.108,-0.609,2.62,1.92,8.03
318225.875000,0.768,0.108,-0.6,1.46,1.56,7.35
318225.906000,0.774,0.111,-0.592,0.15,0.76,6.44
318225.906000,0.771,0.112,-0.59,-0.95,0.12,5.83
318225.906000,0.772,0.106,-0.588,-0.82,-0.4,5.92
318225.921000,0.779,0.098,-0.59,-0.24,-1.28,6.35
318225.937000,0.781,0.096,-0.601,0.31,-2.26,6.2
318225.937000,0.781,0.103,-0.606,1.01,-2.44,5.86
318225.953000,0.776,0.111,-0.609,1.65,-1.98,5.83
318225.953000,0.77,0.115,-0.593,1.56,-1.07,6.44
318225.984000,0.763,0.113,-0.576,1.25,-1.62,7.6
318226.000000,0.764,0.105,-0.57,1.28,-3.69,9.25
318226.000000,0.769,0.096,-0.576,0.95,-5.52,10.22
318226.015000,0.772,0.098,-0.593,-1.4,-6.32,9.55
318226.015000,0.782,0.103,-0.624,-3.23,-4.85,8.7
318226.031000,0.787,0.102,-0.642,-3.85,-0.7,8.03
318226.046000,0.779,0.091,-0.626,-3.2,4.49,7.87
318226.046000,0.774,0.078,-0.593,-1.74,7.11,8.0
318226.062000,0.765,0.076,-0.579,-1.01,5.37,7.84
318226.062000,0.756,0.075,-0.568,-0.73,2.14,7.84
318226.078000,0.761,0.061,-0.576,0.27,-0.92,8.51
318226.093000,0.772,0.055,-0.596,0.92,-2.47,7.97
318226.093000,0.775,0.068,-0.611,0.34,-2.23,6.26
318226.109000,0.774,0.081,-0.614,-1.25,-1.8,4.61
318226.125000,0.774,0.075,-0.605,-2.81,-1.95,3.57
318226.125000,0.773,0.06,-0.605,-3.48,-2.23,2.08
318226.140000,0.767,0.065,-0.603,-3.97,-2.14,0.09
318226.140000,0.759,0.076,-0.592,-4.43,-2.26,-1.1
318226.156000,0.759,0.075,-0.593,-4.67,-2.9,-1.16
318226.171000,0.754,0.07,-0.61,-4.97,-3.51,-0.82
318226.171000,0.749,0.068,-0.617,-4.06,-2.5,0.12
318226.187000,0.746,0.07,-0.611,-1.86,-1.16,1.89
318226.203000,0.746,0.069,-0.613,0.31,-0.67,4.43
318226.203000,0.754,0.056,-0.623,2.32,-0.18,6.5
318226.218000,0.764,0.047,-0.631,3.97,0.82,7.42
318226.218000,0.768,0.043,-0.634,4.3,2.14,6.81
318226.234000,0.768,0.035,-0.628,3.2,3.17,5.16
318226.250000,0.772,0.032,-0.622,2.08,3.45,2.9
318226.250000,0.775,0.03,-0.615,1.46,3.57,0.61
318226.265000,0.775,0.033,-0.613,1.25,3.08,-1.62
318226.281000,0.772,0.042,-0.615,2.11,1.92,-4.24
318226.296000,0.768,0.053,-0.616,3.11,1.95,-4.21
318226.296000,0.769,0.062,-0.617,4.33,2.32,-3.66
318226.312000,0.769,0.069,-0.616,5.31,2.99,-2.81
318226.312000,0.771,0.075,-0.612,5.43,3.05,-2.11
318226.328000,0.782,0.08,-0.61,5.01,2.96,-1.56
318226.343000,0.784,0.081,-0.616,5.04,3.39,-1.56
318226.343000,0.779,0.085,-0.609,4.46,3.63,-2.66
318226.359000,0.777,0.086,-0.602,2.78,2.56,-3.94
318226.375000,0.778,0.085,-0.617,1.01,1.46,-5.13
318226.375000,0.775,0.093,-0.616,-0.03,2.01,-6.32
318226.390000,0.763,0.104,-0.6,-0.67,2.38,-6.59
318226.406000,0.758,0.1,-0.599,-0.37,1.53,-5.65
318226.406000,0.758,0.104,-0.606,0.95,0.58,-4.82
318226.421000,0.754,0.117,-0.606,2.26,0.37,-4.15
318226.437000,0.751,0.125,-0.609,2.75,0.18,-2.96
318226.437000,0.751,0.126,-0.616,2.35,0.21,-2.04
318226.453000,0.751,0.126,-0.621,1.04,0.92,-1.8
318226.453000,0.744,0.126,-0.616,-0.12,2.04,-1.95
318226.468000,0.735,0.12,-0.604,-0.95,2.69,-1.77
318226.484000,0.733,0.11,-0.593,-1.56,2.32,-1.46
318226.500000,0.731,0.107,-0.586,-1.31,1.22,-1.04
318226.500000,0.734,0.108,-0.587,-0.18,0.15,-0.31
318226.500000,0.735,0.116,-0.59,0.85,-0.95,0.4
318226.500000,0.737,0.121,-0.586,1.13,-2.2,1.37
318226.531000,0.744,0.118,-0.591,1.28,-3.45,2.93
318226.546000,0.75,0.112,-0.6,1.01,-4.3,3.6
318226.546000,0.756,0.112,-0.606,0.27,-4.39,3.85
318226.562000,0.762,0.105,-0.612,-0.64,-4.12,4.03
318226.562000,0.769,0.1,-0.62,-1.95,-3.6,3.66
318226.578000,0.769,0.099,-0.616,-2.93,-2.69,3.02
318226.593000,0.765,0.088,-0.617,-3.17,-2.44,2.78
318226.593000,0.763,0.076,-0.612,-3.14,-2.96,2.84
318226.609000,0.756,0.069,-0.619,-2.5,-3.88,3.42
318226.609000,0.757,0.067,-0.623,-0.49,-3.78,4.67
318226.625000,0.761,0.064,-0.623,1.16,-3.48,5.62
318226.640000,0.762,0.067,-0.629,1.62,-3.69,5.89
318226.640000,0.769,0.061,-0.639,1.71,-3.57,5.74
318226.656000,0.77,0.061,-0.641,1.5,-2.29,4.82
318226.656000,0.766,0.064,-0.64,0.76,-0.76,3.54
318226.671000,0.765,0.06,-0.633,0.46,0.55,2.62
318226.687000,0.763,0.06,-0.621,0.21,1.34,1.62
318226.703000,0.756,0.063,-0.611,-0.12,1.31,0.31
318226.703000,0.747,0.064,-0.605,-0.15,0.7,-0.27
318226.718000,0.743,0.064,-0.597,0.4,-0.21,-0.21
318226.734000,0.746,0.066,-0.601,1.25,-1.37,0.24
318226.750000,0.75,0.071,-0.605,2.08,-1.89,0.58
318226.750000,0.76,0.079,-0.604,2.32,-2.11,0.64
318226.765000,0.769,0.088,-0.611,1.43,-2.26,0.12
318226.765000,0.774,0.094,-0.613,-0.46,-1.89,-0.73
318226.765000,0.776,0.087,-0.615,-1.65,-0.82,-1.07
318226.781000,0.778,0.082,-0.605,-1.46,0.27,-1.34
318226.796000,0.776,0.086,-0.607,-1.4,-0.15,-1.62
318226.812000,0.777,0.089,-0.614,-1.16,-0.73,-1.53
318226.812000,0.779,0.087,-0.62,-0.49,-1.13,-1.01
318226.812000,0.776,0.083,-0.628,1.01,-1.16,-0.06
318226.828000,0.777,0.087,-0.636,2.17,-0.98,0.64
318226.843000,0.771,0.096,-0.636,2.29,-0.15,1.46
318226.843000,0.77,0.092,-0.632,2.56,0.98,2.69
318226.859000,0.77,0.083,-0.63,2.69,1.89,3.17
318226.875000,0.766,0.08,-0.631,2.38,2.32,2.41
318226.875000,0.762,0.089,-0.633,1.37,2.62,1.1
318226.890000,0.756,0.099,-0.63,-0.12,3.17,0.09
318226.890000,0.745,0.099,-0.628,-1.53,3.69,-0.79
318226.921000,0.741,0.106,-0.621,-2.32,4.67,-1.65
318226.921000,0.728,0.12,-0.607,-3.51,5.16,-2.41
318226.937000,0.72,0.13,-0.593,-4.52,4.55,-1.98
318226.953000,0.72,0.136,-0.583,-5.07,2.84,-1.22
318226.968000,0.723,0.149,-0.581,-5.68,0.85,-0.52
318226.968000,0.736,0.176,-0.579,-6.93,-0.18,-0.06
318226.984000,0.755,0.222,-0.57,-9.58,-0.67,-0.27
318226.984000,0.754,0.28,-0.576,-13.25,-0.79,-0.18
318227.000000,0.746,0.323,-0.576,-17.18,0.12,1.37
318227.015000,0.749,0.365,-0.564,-20.51,0.98,2.87
318227.015000,0.758,0.428,-0.552,-25.7,-0.15,3.36
318227.031000,0.749,0.484,-0.564,-33.33,-2.44,4.64
318227.046000,0.734,0.517,-0.575,-40.77,-3.66,8.12
318227.046000,0.735,0.53,-0.574,-48.46,-5.52,13.18
318227.062000,0.724,0.532,-0.586,-55.91,-9.37,19.04
318227.062000,0.715,0.521,-0.612,-60.55,-13.7,26.18
318227.078000,0.721,0.509,-0.645,-62.14,-18.01,35.04
318227.093000,0.736,0.505,-0.694,-61.19,-20.69,44.5
318227.093000,0.759,0.497,-0.752,-59.02,-20.33,52.83
318227.109000,0.791,0.501,-0.817,-60.55,-17.43,57.92
318227.125000,0.816,0.524,-0.861,-67.2,-12.67,59.72
318227.125000,0.822,0.539,-0.879,-77.39,-7.72,60.09
318227.140000,0.816,0.532,-0.892,-86.86,-2.53,59.91
318227.156000,0.79,0.527,-0.89,-94.39,2.17,59.79
318227.171000,0.736,0.525,-0.871,-99.7,5.4,61.4
318227.171000,0.693,0.506,-0.849,-101.14,6.93,66.1
318227.171000,0.677,0.496,-0.841,-101.41,5.68,71.6
318227.187000,0.677,0.494,-0.857,-102.45,2.53,75.81
318227.203000,0.679,0.502,-0.895,-104.65,0.76,76.97
318227.218000,0.673,0.537,-0.934,-113.47,1.01,75.08
318227.218000,0.651,0.558,-0.94,-127.9,2.2,72.57
318227.234000,0.635,0.53,-0.896,-140.45,3.39,72.45
318227.250000,0.608,0.489,-0.873,-146.95,2.38,74.56
318227.250000,0.544,0.479,-0.867,-150.27,0.7,78.46
318227.265000,0.481,0.454,-0.841,-147.16,0.92,87.56
318227.265000,0.446,0.405,-0.804,-138.1,0.64,100.04
318227.281000,0.383,0.374,-0.748,-127.26,-0.95,112.19
318227.296000,0.367,0.346,-0.716,-119.69,-3.6,122.62
318227.296000,0.391,0.317,-0.731,-118.17,-9.09,127.66
318227.312000,0.393,0.315,-0.747,-124.3,-16.54,126.68
318227.312000,0.378,0.3,-0.759,-134.01,-21.73,124.85
318227.328000,0.38,0.26,-0.746,-141.0,-24.48,123.91
318227.343000,0.391,0.214,-0.746,-142.06,-27.59,123.45
318227.343000,0.372,0.185,-0.745,-138.37,-29.21,124.33
318227.359000,0.342,0.153,-0.724,-131.14,-27.68,127.2
318227.375000,0.377,0.118,-0.728,-123.45,-28.02,130.44
318227.375000,0.409,0.114,-0.749,-118.99,-31.25,131.14
318227.390000,0.418,0.113,-0.771,-118.66,-33.45,129.55
318227.406000,0.448,0.091,-0.789,-119.91,-33.45,126.29
318227.406000,0.454,0.09,-0.783,-122.62,-33.75,121.74
318227.421000,0.468,0.078,-0.763,-122.53,-33.57,118.84
318227.437000,0.488,0.071,-0.77,-118.99,-33.75,116.4
318227.453000,0.426,0.095,-0.798,-116.12,-32.9,114.63
318227.453000,0.405,0.094,-0.778,-114.23,-29.11,116.37
318227.453000,0.437,0.057,-0.764,-113.74,-30.67,118.53
318227.468000,0.465,0.041,-0.79,-113.99,-36.53,118.29
318227.484000,0.478,0.04,-0.814,-113.25,-40.56,119.24
318227.500000,0.516,0.015,-0.823,-108.89,-41.11,123.11
318227.500000,0.561,-0.003,-0.834,-101.35,-39.92,126.35
318227.500000,0.56,0.007,-0.861,-94.76,-37.72,127.87
318227.515000,0.555,0.011,-0.891,-89.75,-33.33,129.83
318227.531000,0.529,0.002,-0.891,-87.44,-27.59,130.99
318227.546000,0.522,-0.013,-0.87,-88.69,-23.26,130.83
318227.546000,0.515,-0.025,-0.848,-92.9,-23.47,129.64
318227.562000,0.526,-0.058,-0.842,-96.5,-26.8,129.09
318227.562000,0.544,-0.088,-0.848,-97.75,-31.16,128.91
318227.578000,0.559,-0.104,-0.868,-95.89,-34.21,129.73
318227.593000,0.58,-0.111,-0.903,-90.18,-34.15,131.6
318227.593000,0.568,-0.115,-0.921,-82.86,-29.63,134.43
318227.609000,0.559,-0.144,-0.921,-76.51,-22.46,136.78
318227.609000,0.574,-0.175,-0.921,-72.97,-17.06,135.96
318227.625000,0.571,-0.18,-0.93,-74.07,-14.77,131.11
318227.640000,0.535,-0.188,-0.932,-78.74,-11.93,125.25
318227.640000,0.541,-0.215,-0.91,-82.77,-9.55,120.03
318227.656000,0.542,-0.23,-0.893,-84.57,-10.86,115.57
318227.671000,0.548,-0.248,-0.894,-82.37,-12.24,114.44
318227.687000,0.579,-0.264,-0.892,-75.59,-10.35,115.27
318227.687000,0.6,-0.247,-0.896,-67.69,-6.47,115.42
318227.703000,0.612,-0.216,-0.897,-62.17,-1.04,114.84
318227.718000,0.61,-0.195,-0.891,-59.69,5.19,112.89
318227.718000,0.583,-0.18,-0.877,-59.88,11.17,109.1
318227.734000,0.535,-0.176,-0.866,-61.16,16.21,104.77
318227.734000,0.488,-0.168,-0.845,-63.88,20.11,99.64
318227.750000,0.447,-0.162,-0.797,-67.78,20.57,95.37
318227.750000,0.454,-0.181,-0.754,-70.01,16.45,94.12
318227.765000,0.476,-0.193,-0.753,-69.86,9.16,93.69
318227.781000,0.484,-0.182,-0.76,-68.39,3.17,94.39
318227.796000,0.523,-0.184,-0.777,-64.58,0.67,97.23
318227.796000,0.552,-0.168,-0.793,-60.52,0.85,98.12
318227.812000,0.566,-0.168,-0.787,-59.51,3.17,98.61
318227.828000,0.588,-0.198,-0.794,-59.82,7.51,97.48
318227.828000,0.607,-0.205,-0.805,-61.46,11.14,92.2
318227.843000,0.603,-0.175,-0.819,-65.25,13.12,84.78
318227.843000,0.575,-0.155,-0.822,-75.93,17.98,77.33
318227.843000,0.568,-0.184,-0.808,-78.89,18.65,73.82
318227.859000,0.571,-0.214,-0.784,-81.39,16.57,68.45
318227.875000,0.568,-0.22,-0.792,-83.9,14.04,62.14
318227.890000,0.575,-0.203,-0.838,-87.16,12.79,55.91
318227.906000,0.584,-0.168,-0.891,-89.39,14.95,53.25
318227.921000,0.627,-0.19,-0.848,-86.4,20.87,54.48
318227.921000,0.656,-0.194,-0.841,-79.56,25.39,54.99
318227.937000,0.629,-0.137,-0.875,-73.37,28.26,54.72
318227.937000,0.612,-0.109,-0.87,-69.37,31.43,57.92
318227.953000,0.598,-0.13,-0.867,-67.72,33.36,61.49
318227.953000,0.565,-0.162,-0.879,-67.35,35.04,61.68
318227.968000,0.565,-0.178,-0.873,-67.38,36.81,60.24
318227.984000,0.6,-0.177,-0.848,-66.99,36.47,58.78
318228.000000,0.623,-0.154,-0.85,-64.18,35.13,57.5
318228.000000,0.617,-0.132,-0.822,-61.22,36.07,58.96
318228.015000,0.628,-0.155,-0.798,-59.72,38.12,61.98
318228.015000,0.634,-0.162,-0.781,-59.97,38.67,60.67
318228.031000,0.607,-0.143,-0.775,-64.61,35.58,56.98
318228.046000,0.583,-0.146,-0.799,-70.5,31.56,54.87
318228.046000,0.591,-0.155,-0.784,-74.1,29.57,54.69
318228.062000,0.595,-0.166,-0.746,-73.34,27.31,58.44
318228.062000,0.607,-0.176,-0.725,-66.99,25.12,66.68
318228.078000,0.632,-0.19,-0.703,-59.3,24.48,76.6
318228.078000,0.642,-0.224,-0.694,-55.24,23.01,84.66
318228.093000,0.631,-0.245,-0.718,-54.32,20.51,87.44
318228.109000,0.618,-0.241,-0.738,-57.01,16.57,87.34
318228.125000,0.607,-0.239,-0.762,-60.09,13.52,86.76
318228.125000,0.585,-0.247,-0.758,-60.91,13.67,88.2
318228.140000,0.592,-0.271,-0.741,-56.64,14.95,92.62
318228.156000,0.588,-0.275,-0.722,-48.25,15.29,99.4
318228.156000,0.58,-0.312,-0.671,-39.31,17.27,109.16
318228.171000,0.595,-0.379,-0.649,-31.68,19.78,114.51
318228.187000,0.598,-0.381,-0.666,-30.76,18.07,110.42
318228.203000,0.578,-0.356,-0.715,-36.62,13.95,102.91
318228.203000,0.578,-0.37,-0.724,-42.76,13.43,96.47
318228.203000,0.588,-0.391,-0.72,-47.58,13.7,90.4
318228.218000,0.575,-0.376,-0.734,-47.88,14.56,85.51
318228.234000,0.56,-0.372,-0.7,-43.0,18.59,87.19
318228.234000,0.555,-0.423,-0.652,-34.97,23.16,94.09
318228.250000,0.57,-0.461,-0.657,-28.26,25.15,97.02
318228.265000,0.562,-0.451,-0.673,-26.03,25.61,93.69
318228.281000,0.531,-0.461,-0.676,-28.02,24.32,90.0
318228.281000,0.522,-0.497,-0.696,-29.48,23.29,86.64
318228.296000,0.526,-0.507,-0.709,-28.23,24.08,82.16
318228.296000,0.527,-0.474,-0.714,-23.77,26.15,78.71
318228.312000,0.518,-0.429,-0.694,-17.12,30.37,78.52
318228.312000,0.498,-0.432,-0.65,-9.4,36.35,82.52
318228.328000,0.504,-0.469,-0.58,-3.08,41.66,86.55
318228.343000,0.507,-0.511,-0.522,-1.25,43.15,86.49
318228.343000,0.497,-0.529,-0.528,-2.53,41.96,79.84
318228.359000,0.494,-0.515,-0.513,-8.3,38.51,70.01
318228.359000,0.52,-0.505,-0.504,-14.71,31.86,62.17
318228.375000,0.57,-0.471,-0.539,-19.5,24.51,56.67
318228.390000,0.598,-0.432,-0.586,-20.2,22.86,55.7
318228.406000,0.616,-0.419,-0.554,-18.4,26.76,61.13
318228.406000,0.63,-0.453,-0.577,-12.6,30.24,69.95
318228.421000,0.646,-0.479,-0.606,-6.23,33.36,76.6
318228.437000,0.657,-0.514,-0.537,-4.33,34.64,82.28
318228.437000,0.676,-0.595,-0.529,-2.08,33.36,86.15
318228.453000,0.682,-0.625,-0.558,0.15,33.85,82.95
318228.453000,0.681,-0.631,-0.508,-1.89,34.06,78.04
318228.468000,0.692,-0.654,-0.508,-4.39,31.89,73.0
318228.484000,0.689,-0.633,-0.549,-7.51,30.85,65.22
318228.500000,0.681,-0.593,-0.543,-13.06,31.1,58.69
318228.500000,0.679,-0.587,-0.512,-17.82,30.4,56.67
318228.515000,0.679,-0.622,-0.482,-18.34,29.91,58.26
318228.515000,0.678,-0.67,-0.421,-15.63,29.91,61.31
318228.531000,0.665,-0.714,-0.415,-11.05,28.53,62.99
318228.546000,0.655,-0.731,-0.43,-8.55,26.25,60.67
318228.546000,0.639,-0.749,-0.416,-10.65,22.52,56.25
318228.562000,0.636,-0.79,-0.417,-13.7,18.22,50.81
318228.578000,0.652,-0.803,-0.434,-15.23,14.95,42.97
318228.578000,0.66,-0.759,-0.449,-16.39,12.3,34.52
318228.593000,0.663,-0.733,-0.448,-18.86,10.35,28.84
318228.609000,0.664,-0.753,-0.437,-21.91,9.61,25.79
318228.609000,0.654,-0.775,-0.433,-21.91,10.16,22.83
318228.609000,0.625,-0.776,-0.429,-18.65,10.77,20.14
318228.625000,0.606,-0.781,-0.435,-14.16,9.25,19.04
318228.640000,0.617,-0.784,-0.453,-10.38,5.86,17.7
318228.656000,0.633,-0.767,-0.474,-8.33,2.59,15.23
318228.671000,0.647,-0.748,-0.491,-6.81,0.92,13.18
318228.671000,0.66,-0.739,-0.505,-5.22,1.46,11.78
318228.671000,0.665,-0.725,-0.509,-2.62,4.21,10.47
318228.687000,0.661,-0.707,-0.502,0.37,7.29,9.77
318228.703000,0.658,-0.695,-0.488,3.02,9.67,10.35
318228.703000,0.661,-0.694,-0.467,5.28,11.32,11.14
318228.703000,0.659,-0.686,-0.448,7.14,11.51,10.86
318228.718000,0.652,-0.68,-0.433,8.45,10.47,10.19
318228.734000,0.646,-0.679,-0.424,9.31,8.88,8.94
318228.750000,0.65,-0.671,-0.432,9.67,6.29,7.05
318228.765000,0.654,-0.654,-0.443,9.09,3.75,4.76
318228.765000,0.662,-0.64,-0.464,8.51,2.29,2.62
318228.781000,0.668,-0.624,-0.484,7.2,2.32,0.37
318228.796000,0.667,-0.608,-0.487,5.58,3.91,-1.92
318228.796000,0.661,-0.596,-0.48,4.67,5.43,-3.51
318228.812000,0.658,-0.59,-0.477,5.13,6.38,-3.63
318228.812000,0.648,-0.583,-0.474,6.87,6.96,-2.59
318228.828000,0.644,-0.579,-0.462,9.7,6.87,-0.4
318228.828000,0.65,-0.577,-0.452,12.51,5.4,1.95
318228.843000,0.656,-0.579,-0.452,14.28,2.84,3.36
318228.843000,0.659,-0.579,-0.466,15.14,1.28,3.6
318228.875000,0.663,-0.58,-0.475,14.44,1.1,2.38
318228.875000,0.668,-0.585,-0.476,12.45,1.01,-0.06
318228.890000,0.666,-0.583,-0.477,10.44,1.13,-3.17
318228.906000,0.663,-0.577,-0.48,8.94,2.14,-6.38
318228.921000,0.668,-0.567,-0.476,7.81,2.81,-9.13
318228.921000,0.663,-0.556,-0.467,6.84,2.47,-10.53
318228.921000,0.665,-0.554,-0.455,7.08,1.5,-10.65
318228.937000,0.668,-0.551,-0.455,8.18,0.24,-10.38
318228.953000,0.669,-0.545,-0.47,9.28,-0.61,-9.92
318228.953000,0.67,-0.539,-0.478,10.04,-0.82,-9.34
318228.968000,0.677,-0.538,-0.482,9.95,-1.25,-8.97
318228.984000,0.679,-0.536,-0.497,9.43,-1.68,-8.7
318228.984000,0.682,-0.535,-0.503,9.46,-0.73,-8.12
318229.000000,0.693,-0.532,-0.495,9.86,1.13,-7.63
318229.015000,0.69,-0.525,-0.495,10.16,2.26,-7.39
318229.015000,0.683,-0.523,-0.486,10.41,3.3,-6.81
318229.031000,0.68,-0.525,-0.473,10.44,3.66,-5.95
318229.046000,0.681,-0.526,-0.468,10.71,2.99,-5.43
318229.046000,0.68,-0.522,-0.47,10.65,1.92,-5.43
318229.062000,0.689,-0.516,-0.476,10.44,1.25,-5.25
318229.078000,0.693,-0.509,-0.484,9.25,1.07,-5.46
318229.078000,0.689,-0.507,-0.479,7.23,1.68,-5.92
318229.093000,0.687,-0.516,-0.467,6.16,2.56,-5.58
318229.109000,0.682,-0.527,-0.462,6.74,3.05,-5.31
318229.109000,0.674,-0.524,-0.462,7.29,2.84,-4.97
318229.125000,0.673,-0.518,-0.466,7.11,1.95,-4.67
318229.125000,0.676,-0.526,-0.472,7.08,1.43,-3.91
318229.140000,0.681,-0.536,-0.472,7.39,1.22,-3.72
318229.156000,0.683,-0.536,-0.475,7.69,1.43,-3.94
318229.156000,0.681,-0.529,-0.474,8.61,1.86,-3.94
318229.171000,0.673,-0.523,-0.47,9.31,2.11,-3.48
318229.171000,0.667,-0.52,-0.461,9.92,1.74,-2.26
318229.187000,0.666,-0.522,-0.453,11.23,1.16,-0.55
318229.203000,0.67,-0.52,-0.45,13.28,0.82,1.1
318229.203000,0.672,-0.507,-0.445,15.11,0.37,2.84
318229.218000,0.67,-0.505,-0.436,16.66,-0.55,5.46
318229.234000,0.672,-0.512,-0.432,18.37,-1.43,8.64
318229.250000,0.671,-0.515,-0.428,20.2,-2.26,11.41
318229.250000,0.67,-0.519,-0.426,21.85,-3.11,14.34
318229.265000,0.683,-0.527,-0.44,22.68,-3.91,16.36
318229.265000,0.69,-0.525,-0.456,20.57,-3.42,15.75
318229.265000,0.699,-0.526,-0.456,16.94,-1.98,13.89
318229.296000,0.695,-0.543,-0.453,12.97,-0.58,11.81
318229.296000,0.682,-0.561,-0.436,9.34,0.43,9.77
318229.296000,0.667,-0.574,-0.421,8.09,0.49,8.18
318229.312000,0.657,-0.585,-0.419,9.06,-0.61,7.69
318229.328000,0.658,-0.589,-0.426,10.56,-2.5,7.75
318229.328000,0.664,-0.587,-0.442,11.47,-3.75,7.42
318229.343000,0.666,-0.581,-0.453,10.83,-3.63,6.1
318229.359000,0.664,-0.579,-0.45,8.79,-2.81,4.88
318229.375000,0.668,-0.578,-0.435,7.29,-1.92,4.12
318229.375000,0.68,-0.579,-0.446,6.07,-1.56,2.75
318229.390000,0.68,-0.573,-0.452,3.48,-0.92,0.46
318229.406000,0.673,-0.57,-0.446,1.16,0.49,-1.31
318229.406000,0.665,-0.57,-0.436,0.61,1.74,-2.26
318229.421000,0.659,-0.569,-0.43,0.73,1.89,-2.17
318229.437000,0.657,-0.572,-0.42,2.87,-0.21,0.52
318229.437000,0.661,-0.573,-0.424,3.69,-0.52,1.31
318229.453000,0.663,-0.566,-0.443,2.93,-0.03,1.77
318229.453000,0.666,-0.564,-0.441,1.92,0.0,1.8
318229.468000,0.668,-0.572,-0.428,1.59,-0.18,1.1
318229.484000,0.666,-0.569,-0.425,1.22,-0.55,0.0
318229.484000,0.666,-0.559,-0.428,0.31,-1.19,-0.7
318229.500000,0.671,-0.559,-0.438,-0.92,-1.28,-1.01
318229.515000,0.668,-0.562,-0.439,-2.17,-0.64,-1.4
318229.515000,0.654,-0.574,-0.439,-3.08,0.03,-1.5
318229.531000,0.648,-0.587,-0.434,-3.45,0.12,-1.25
318229.546000,0.652,-0.592,-0.432,-2.75,-0.7,-1.22
318229.546000,0.662,-0.586,-0.436,-1.62,-1.37,-1.62
318229.562000,0.67,-0.57,-0.443,-1.28,-1.86,-2.38
318229.578000,0.673,-0.56,-0.451,-1.4,-1.74,-2.44
318229.578000,0.672,-0.563,-0.449,-1.25,-0.85,-1.59
318229.593000,0.677,-0.569,-0.442,-0.76,-0.06,-0.7
318229.593000,0.673,-0.57,-0.443,0.0,-0.18,-0.27
318229.609000,0.667,-0.57,-0.448,0.52,-0.31,0.46
318229.625000,0.667,-0.579,-0.437,0.67,-0.12,1.31
318229.625000,0.67,-0.585,-0.43,1.04,-0.61,0.95
318229.640000,0.677,-0.576,-0.438,1.04,-1.71,-0.09
318229.656000,0.683,-0.561,-0.445,0.31,-2.14,-1.01
318229.656000,0.682,-0.556,-0.445,-0.46,-1.43,-0.98
318229.671000,0.68,-0.559,-0.449,-0.37,-0.21,-0.55
318229.671000,0.679,-0.561,-0.445,-0.12,0.76,-0.21
318229.687000,0.669,-0.558,-0.438,-0.49,0.52,0.31
318229.703000,0.663,-0.567,-0.438,0.06,0.0,1.53
318229.718000,0.664,-0.585,-0.438,0.95,-0.34,2.47
318229.718000,0.655,-0.59,-0.443,1.65,-0.79,2.38
318229.734000,0.646,-0.595,-0.443,2.69,-0.67,2.29
318229.734000,0.639,-0.601,-0.443,3.57,-0.73,2.01
318229.750000,0.637,-0.614,-0.444,4.27,-1.04,1.46
318229.765000,0.639,-0.625,-0.434,4.39,-0.98,0.12
318229.765000,0.628,-0.63,-0.434,3.81,-1.19,-2.56
318229.781000,0.617,-0.635,-0.437,3.05,-0.98,-5.58
318229.796000,0.615,-0.653,-0.427,2.66,-0.58,-8.58
318229.812000,0.597,-0.669,-0.417,1.74,-1.16,-12.45
318229.812000,0.574,-0.697,-0.42,1.59,-2.2,-16.51
318229.812000,0.558,-0.737,-0.417,2.78,-3.27,-20.33
318229.828000,0.538,-0.761,-0.405,4.46,-5.1,-25.42
318229.843000,0.514,-0.773,-0.412,6.32,-7.45,-31.53
318229.859000,0.491,-0.795,-0.414,9.4,-8.67,-37.39
318229.859000,0.472,-0.817,-0.406,12.24,-11.02,-44.16
318229.875000,0.443,-0.841,-0.432,15.5,-14.83,-52.13
318229.875000,0.419,-0.866,-0.473,19.59,-17.09,-60.61
318229.890000,0.396,-0.879,-0.491,23.47,-17.88,-70.16
318229.906000,0.389,-0.889,-0.507,28.32,-18.16,-80.2
318229.906000,0.443,-0.869,-0.533,33.51,-19.1,-91.28
318229.921000,0.464,-0.783,-0.56,37.14,-19.44,-103.0
318229.937000,0.442,-0.713,-0.592,40.8,-15.5,-109.9
318229.937000,0.433,-0.724,-0.57,46.45,-8.18,-110.75
318229.953000,0.414,-0.77,-0.528,54.35,-4.12,-109.41
318229.953000,0.38,-0.829,-0.529,66.99,-4.06,-107.64
318229.968000,0.357,-0.878,-0.521,82.0,-5.86,-106.75
318229.984000,0.325,-0.92,-0.506,96.62,-9.31,-106.54
318229.984000,0.311,-0.967,-0.48,110.2,-14.92,-107.73
318230.000000,0.397,-0.989,-0.435,121.56,-22.58,-112.74
318230.015000,0.501,-0.953,-0.442,125.68,-33.45,-126.29
318230.015000,0.531,-0.893,-0.473,123.23,-40.68,-143.19
318230.031000,0.504,-0.9,-0.467,123.23,-41.47,-155.46
318230.031000,0.478,-0.931,-0.415,128.79,-42.39,-163.46
318230.046000,0.429,-0.934,-0.399,137.27,-47.76,-169.74
318230.062000,0.45,-0.936,-0.39,150.09,-54.23,-172.31
318230.078000,0.501,-0.893,-0.379,163.67,-64.7,-173.99
318230.078000,0.541,-0.834,-0.448,178.11,-73.21,-174.44
318230.093000,0.619,-0.751,-0.511,187.29,-76.33,-175.15
318230.109000,0.635,-0.651,-0.537,190.59,-73.34,-175.85
318230.109000,0.611,-0.64,-0.509,195.32,-66.23,-170.63
318230.125000,0.58,-0.708,-0.446,206.18,-61.95,-162.14
318230.140000,0.499,-0.771,-0.403,224.28,-63.66,-153.75
318230.140000,0.48,-0.808,-0.343,247.26,-71.38,-144.84
318230.156000,0.515,-0.8,-0.357,268.68,-88.81,-139.41
318230.156000,0.596,-0.74,-0.468,284.01,-107.33,-140.08
318230.171000,0.682,-0.63,-0.581,289.01,-119.88,-148.35
318230.171000,0.702,-0.548,-0.705,286.14,-126.32,-158.09
318230.187000,0.694,-0.534,-0.773,281.5,-124.58,-163.21
318230.203000,0.662,-0.585,-0.755,280.68,-119.08,-162.66
318230.203000,0.621,-0.671,-0.729,291.39,-115.3,-156.96
318230.218000,0.652,-0.734,-0.758,311.47,-115.73,-150.55
318230.218000,0.701,-0.694,-0.831,329.02,-120.91,-151.74
318230.234000,0.744,-0.594,-0.957,337.38,-126.59,-158.3
318230.250000,0.842,-0.497,-1.108,333.45,-130.92,-169.65
318230.265000,0.917,-0.37,-1.233,319.5,-131.38,-185.49
318230.281000,0.919,-0.268,-1.315,300.64,-123.48,-197.21
318230.281000,0.881,-0.261,-1.302,285.16,-105.04,-199.68
318230.296000,0.827,-0.324,-1.185,280.28,-83.35,-193.7
318230.296000,0.771,-0.451,-1.09,289.35,-68.51,-181.86
318230.312000,0.737,-0.549,-1.021,302.71,-62.99,-170.02
318230.312000,0.714,-0.549,-0.983,312.39,-65.31,-163.15
318230.343000,0.708,-0.446,-0.972,316.66,-69.31,-161.75
318230.343000,0.722,-0.294,-1.0,310.59,-73.34,-164.77
318230.359000,0.734,-0.158,-1.043,291.09,-75.01,-170.81
318230.359000,0.735,-0.056,-1.002,261.15,-73.15,-178.01
318230.359000,0.734,0.005,-0.929,228.68,-71.81,-184.88
318230.375000,0.713,0.042,-0.873,201.91,-69.95,-188.76
318230.390000,0.696,0.03,-0.815,186.25,-66.07,-184.67
318230.390000,0.701,-0.056,-0.796,180.12,-64.03,-174.08
318230.406000,0.731,-0.135,-0.813,175.7,-64.36,-163.64
318230.421000,0.764,-0.121,-0.819,169.65,-65.68,-155.22
318230.421000,0.781,-0.074,-0.856,164.65,-65.74,-146.95
318230.437000,0.811,-0.029,-0.885,156.47,-60.67,-140.84
318230.453000,0.827,0.022,-0.878,140.84,-53.53,-138.28
318230.453000,0.832,0.06,-0.855,120.98,-46.66,-136.88
318230.468000,0.821,0.067,-0.83,103.46,-38.61,-134.62
318230.484000,0.789,0.055,-0.793,90.58,-30.76,-129.98
318230.500000,0.756,0.035,-0.751,83.77,-25.45,-120.61
318230.500000,0.743,0.009,-0.732,82.55,-22.64,-107.88
318230.515000,0.718,0.004,-0.731,83.07,-22.03,-95.34
318230.531000,0.712,0.005,-0.717,84.38,-22.13,-82.77
318230.531000,0.741,-0.008,-0.679,84.75,-22.61,-71.29
318230.546000,0.754,-0.012,-0.663,81.79,-23.47,-64.91
318230.546000,0.771,0.0,-0.634,75.96,-21.21,-64.09
318230.562000,0.798,0.023,-0.586,64.52,-19.35,-68.0
318230.578000,0.793,0.074,-0.557,50.66,-18.34,-74.62
318230.578000,0.802,0.135,-0.518,35.74,-16.05,-79.96
318230.593000,0.803,0.201,-0.477,18.49,-14.22,-84.17
318230.609000,0.803,0.272,-0.43,0.98,-12.51,-88.63
318230.609000,0.793,0.342,-0.398,-17.24,-11.32,-92.44
318230.625000,0.723,0.404,-0.364,-36.01,-11.44,-92.78
318230.625000,0.645,0.372,-0.303,-46.02,-15.78,-80.78
318230.640000,0.615,0.248,-0.287,-41.32,-23.5,-59.33
318230.640000,0.58,0.154,-0.285,-25.54,-32.81,-36.41
318230.656000,0.537,0.116,-0.303,-0.15,-44.65,-9.13
318230.671000,0.544,0.1,-0.386,30.18,-57.53,20.87
318230.671000,0.614,0.11,-0.546,49.62,-70.07,43.58
318230.687000,0.699,0.166,-0.681,45.63,-75.81,52.13
318230.687000,0.754,0.204,-0.721,23.13,-73.4,49.99
318230.703000,0.771,0.181,-0.725,-7.11,-67.66,41.26
318230.718000,0.754,0.089,-0.706,-33.05,-59.48,30.18
318230.718000,0.706,-0.046,-0.696,-46.72,-51.21,21.06
318230.734000,0.692,-0.111,-0.713,-48.95,-44.13,14.56
318230.750000,0.703,-0.091,-0.752,-48.95,-36.93,7.97
318230.750000,0.744,-0.025,-0.748,-52.22,-29.08,-0.61
318230.765000,0.763,0.055,-0.714,-61.07,-24.05,-8.82
318230.765000,0.758,0.1,-0.691,-74.56,-22.55,-14.28
318230.781000,0.743,0.092,-0.659,-85.67,-20.05,-17.88
318230.796000,0.702,0.066,-0.632,-90.06,-17.67,-19.78
318230.812000,0.645,0.061,-0.606,-86.58,-17.3,-16.72
318230.828000,0.601,0.035,-0.623,-71.63,-19.01,-6.13
318230.828000,0.596,0.024,-0.684,-52.58,-21.39,6.71
318230.843000,0.616,0.051,-0.768,-40.07,-22.49,15.26
318230.859000,0.651,0.08,-0.818,-37.05,-19.56,18.16
318230.859000,0.674,0.124,-0.872,-44.86,-13.06,14.86
318230.875000,0.659,0.167,-0.869,-57.99,-2.93,8.97
318230.875000,0.617,0.161,-0.853,-68.94,6.71,5.98
318230.890000,0.576,0.114,-0.845,-75.35,11.32,9.03
318230.906000,0.547,0.05,-0.824,-70.19,14.53,16.57
318230.906000,0.515,0.022,-0.776,-52.46,17.52,25.85
318230.921000,0.518,0.01,-0.772,-29.33,16.85,36.47
318230.937000,0.538,0.012,-0.78,-10.32,13.98,45.14
318230.937000,0.566,0.024,-0.777,2.62,11.69,49.71
318230.953000,0.606,0.024,-0.793,11.11,11.51,48.95
318230.968000,0.636,0.045,-0.797,10.35,13.34,40.5
318230.968000,0.649,0.073,-0.781,2.17,17.79,28.44
318230.984000,0.635,0.069,-0.724,-7.14,22.8,16.57
318230.984000,0.626,0.029,-0.666,-13.73,23.26,7.48
318231.000000,0.623,0.003,-0.619,-13.98,17.06,-6.59
318231.015000,0.613,0.005,-0.619,-12.02,12.24,-9.52
318231.015000,0.608,0.023,-0.619,-9.22,7.57,-9.4
318231.031000,0.626,0.027,-0.6,-4.94,3.05,-9.86
318231.046000,0.648,0.016,-0.585,-1.25,-1.65,-13.12
318231.046000,0.67,0.023,-0.593,0.64,-5.1,-17.94
318231.062000,0.681,0.088,-0.626,0.37,-6.41,-21.42
318231.062000,0.684,0.09,-0.622,0.58,-5.25,-22.64
318231.078000,0.706,0.088,-0.612,1.46,-3.69,-23.68
318231.093000,0.732,0.119,-0.631,1.34,-2.35,-25.36
318231.093000,0.741,0.168,-0.639,0.0,0.95,-26.22
318231.109000,0.746,0.181,-0.612,-0.7,5.07,-24.45
318231.125000,0.751,0.18,-0.58,-0.95,7.11,-21.82
318231.125000,0.748,0.181,-0.561,-0.27,6.32,-18.74
318231.140000,0.755,0.18,-0.549,2.66,4.52,-14.44
318231.156000,0.759,0.18,-0.556,6.59,2.38,-10.04
318231.156000,0.765,0.18,-0.564,10.74,1.16,-5.58
318231.171000,0.775,0.177,-0.572,15.08,0.73,-1.37
318231.171000,0.782,0.178,-0.582,18.43,0.55,1.46
318231.187000,0.786,0.178,-0.583,19.41,0.49,3.14
318231.187000,0.789,0.17,-0.579,18.74,1.13,4.06
318231.203000,0.797,0.163,-0.576,17.46,2.04,3.57
318231.218000,0.806,0.164,-0.58,14.92,2.62,1.8
318231.218000,0.804,0.179,-0.584,10.71,3.14,-1.22
318231.234000,0.796,0.186,-0.578,5.89,3.78,-3.72
318231.250000,0.788,0.171,-0.568,1.77,4.0,-4.82
318231.265000,0.788,0.16,-0.55,-0.09,4.15,-5.77
318231.265000,0.787,0.163,-0.553,-0.12,3.36,-6.2
318231.281000,0.782,0.17,-0.559,0.55,2.35,-5.62
318231.281000,0.782,0.172,-0.552,0.82,1.1,-4.18
318231.296000,0.79,0.162,-0.552,1.5,-0.03,-2.23
318231.312000,0.8,0.159,-0.563,2.62,-0.85,-1.19
318231.328000,0.81,0.173,-0.566,3.14,-1.4,-0.7
318231.328000,0.812,0.182,-0.566,2.53,-2.14,0.31
318231.328000,0.819,0.18,-0.566,1.28,-2.75,1.53
318231.359000,0.82,0.181,-0.58,-0.31,-2.62,2.08
318231.359000,0.813,0.178,-0.583,-0.7,-0.85,2.96
318231.375000,0.799,0.17,-0.567,-0.18,1.43,4.46
318231.375000,0.789,0.156,-0.554,-0.27,2.01,6.2
318231.390000,0.788,0.144,-0.549,0.21,1.16,7.54
318231.406000,0.788,0.133,-0.553,1.16,0.21,8.51
318231.406000,0.787,0.127,-0.551,1.25,-0.85,8.55
318231.421000,0.782,0.12,-0.557,0.58,-2.23,8.12
318231.437000,0.774,0.11,-0.567,0.21,-2.75,7.87
318231.437000,0.775,0.104,-0.563,0.18,-2.75,7.6
318231.453000,0.778,0.103,-0.572,-0.06,-3.14,7.29
318231.453000,0.78,0.104,-0.578,-0.18,-2.59,6.96
318231.468000,0.783,0.106,-0.575,-0.34,-1.31,6.56
318231.484000,0.78,0.112,-0.577,-1.19,-0.73,5.71
318231.484000,0.781,0.111,-0.566,-1.89,-0.12,5.4
318231.500000,0.78,0.102,-0.565,-1.4,0.21,5.65
318231.515000,0.776,0.102,-0.565,-0.55,0.58,5.77
318231.515000,0.77,0.106,-0.557,0.64,0.64,6.32
318231.531000,0.771,0.101,-0.561,1.8,-0.03,7.45
318231.546000,0.773,0.096,-0.557,3.02,-0.21,8.24
318231.546000,0.777,0.095,-0.547,3.91,-0.64,8.45
318231.562000,0.781,0.101,-0.546,3.57,-1.8,8.0
318231.562000,0.788,0.103,-0.553,2.47,-2.5,6.74
318231.578000,0.787,0.107,-0.555,0.95,-2.99,5.4
318231.593000,0.784,0.106,-0.554,-1.01,-3.27,4.61
318231.593000,0.789,0.1,-0.55,-2.01,-3.72,4.09
318231.609000,0.792,0.097,-0.566,-1.59,-4.55,3.94
318231.609000,0.79,0.099,-0.591,-0.76,-4.43,4.12
318231.625000,0.787,0.097,-0.595,0.34,-3.27,4.79
318231.640000,0.789,0.088,-0.599,1.56,-2.23,5.43
318231.640000,0.791,0.082,-0.614,2.66,-1.8,5.01
318231.656000,0.791,0.086,-0.623,3.45,-0.46,3.69
318231.671000,0.783,0.094,-0.614,3.6,1.5,1.83
318231.671000,0.771,0.098,-0.611,3.48,2.69,0.31
318231.687000,0.756,0.101,-0.604,3.27,3.57,-1.34
318231.703000,0.744,0.104,-0.6,3.48,4.24,-3.11
318231.718000,0.735,0.117,-0.603,3.72,4.7,-5.13
318231.718000,0.73,0.138,-0.622,3.45,5.04,-7.66
318231.734000,0.728,0.164,-0.643,3.11,6.16,-10.19
318231.734000,0.722,0.195,-0.626,2.32,8.27,-12.91
318231.750000,0.719,0.22,-0.602,-0.27,9.89,-14.37
318231.765000,0.725,0.217,-0.563,-4.0,10.13,-13.52
318231.765000,0.739,0.186,-0.522,-6.84,8.85,-12.05
318231.781000,0.742,0.167,-0.498,-9.28,5.04,-11.02
318231.796000,0.753,0.162,-0.494,-11.29,-0.79,-8.73
318231.796000,0.777,0.139,-0.505,-10.83,-5.74,-4.21
318231.796000,0.814,0.114,-0.509,-8.67,-8.64,0.03
318231.812000,0.847,0.118,-0.531,-7.11,-10.8,2.35
318231.828000,0.868,0.128,-0.564,-7.02,-11.23,3.27
318231.843000,0.882,0.131,-0.579,-8.3,-10.19,3.81
318231.859000,0.879,0.127,-0.589,-10.32,-8.48,3.81
318231.859000,0.866,0.12,-0.591,-11.66,-5.62,4.06
318231.859000,0.852,0.114,-0.576,-11.63,-2.53,5.04
318231.875000,0.83,0.109,-0.565,-9.89,-1.22,7.32
318231.890000,0.812,0.101,-0.562,-6.78,-1.07,10.5
318231.906000,0.798,0.099,-0.564,-3.57,-1.56,13.92
318231.906000,0.792,0.096,-0.564,-0.24,-2.2,17.09
318231.906000,0.79,0.088,-0.574,3.08,-2.78,19.75
318231.921000,0.792,0.078,-0.581,5.37,-2.96,20.87
318231.921000,0.791,0.074,-0.584,6.44,-2.69,20.48
318231.937000,0.793,0.073,-0.585,6.59,-2.35,18.98
318231.968000,0.79,0.074,-0.588,5.58,-1.74,16.63
318231.968000,0.784,0.076,-0.585,3.72,-1.07,13.82
318231.984000,0.783,0.074,-0.578,1.16,-0.58,10.77
318231.984000,0.781,0.074,-0.579,-1.65,-0.52,7.81
318232.000000,0.782,0.073,-0.577,-3.66,-0.34,5.46
318232.015000,0.784,0.072,-0.57,-4.61,0.0,3.91
318232.015000,0.784,0.073,-0.563,-4.58,-0.15,2.53
318232.031000,0.785,0.077,-0.566,-3.72,-1.19,1.83
318232.046000,0.783,0.085,-0.571,-2.59,-1.98,1.77
318232.046000,0.782,0.091,-0.57,-1.59,-1.98,2.5
318232.062000,0.79,0.091,-0.569,-0.58,-1.98,3.57
318232.062000,0.799,0.086,-0.578,0.15,-2.04,3.97
318232.078000,0.804,0.089,-0.579,0.09,-1.8,3.39
318232.093000,0.8,0.096,-0.581,-0.82,-1.25,2.56
318232.093000,0.799,0.094,-0.572,-2.04,-0.31,1.95
318232.109000,0.796,0.091,-0.564,-2.99,0.43,1.34
318232.125000,0.791,0.087,-0.551,-3.54,0.79,1.1
318232.125000,0.792,0.084,-0.545,-2.99,0.0,1.62
318232.140000,0.793,0.086,-0.548,-1.77,-1.53,2.41
318232.156000,0.793,0.091,-0.557,-0.82,-2.56,3.54
318232.156000,0.796,0.088,-0.564,0.09,-3.11,5.25
318232.171000,0.801,0.073,-0.577,0.95,-3.33,6.62
318232.187000,0.81,0.065,-0.584,1.22,-3.23,6.56
318232.187000,0.81,0.064,-0.589,1.1,-2.75,5.74
318232.187000,0.81,0.059,-0.596,0.52,-1.86,4.64
318232.203000,0.807,0.054,-0.6,0.09,-0.55,3.08
318232.218000,0.793,0.05,-0.597,-0.31,0.49,1.65
318232.234000,0.784,0.042,-0.598,-0.37,1.19,0.79
318232.234000,0.78,0.033,-0.592,0.21,2.26,0.21
318232.250000,0.775,0.032,-0.585,1.59,3.02,-0.67
318232.265000,0.771,0.04,-0.588,2.66,3.08,-1.46
318232.265000,0.769,0.047,-0.585,3.17,3.23,-2.23
318232.281000,0.769,0.053,-0.575,3.45,3.45,-2.87
318232.281000,0.768,0.055,-0.572,3.57,3.57,-3.51
318232.296000,0.763,0.056,-0.57,3.81,3.63,-4.09
318232.312000,0.762,0.058,-0.558,4.49,3.63,-4.15
318232.328000,0.769,0.063,-0.551,5.49,2.81,-4.12
318232.328000,0.777,0.071,-0.559,6.13,1.56,-4.39
318232.343000,0.78,0.085,-0.572,6.41,0.92,-5.07
318232.343000,0.781,0.091,-0.57,6.13,1.28,-5.43
318232.359000,0.783,0.095,-0.567,5.07,1.68,-6.01
318232.359000,0.786,0.102,-0.561,3.45,2.01,-7.05
318232.375000,0.791,0.105,-0.554,2.14,2.47,-8.0
318232.390000,0.794,0.109,-0.548,1.1,2.5,-9.09
318232.390000,0.792,0.12,-0.538,-0.58,1.5,-9.92
318232.421000,0.786,0.128,-0.536,-2.29,-0.49,-9.86
318232.421000,0.785,0.123,-0.544,-2.75,-2.44,-8.73
318232.421000,0.783,0.121,-0.551,-2.14,-3.54,-7.14
318232.437000,0.784,0.118,-0.554,-0.95,-4.15,-5.28
318232.453000,0.784,0.115,-0.565,0.58,-4.52,-3.63
318232.468000,0.788,0.116,-0.568,1.98,-4.12,-2.38
318232.468000,0.786,0.115,-0.572,2.29,-4.0,-1.71
318232.468000,0.786,0.12,-0.58,1.95,-3.85,-1.86
318232.484000,0.788,0.129,-0.579,1.01,-3.14,-2.32
318232.500000,0.788,0.135,-0.573,-0.27,-2.59,-2.44
318232.500000,0.797,0.143,-0.574,-1.53,-2.29,-2.75
318232.515000,0.801,0.164,-0.575,-2.87,-1.89,-3.54
318232.531000,0.8,0.185,-0.574,-4.82,-1.77,-3.42
318232.546000,0.804,0.193,-0.573,-6.99,-1.53,-2.66
318232.546000,0.814,0.209,-0.566,-8.82,-1.22,-2.26
318232.562000,0.811,0.23,-0.56,-10.5,-1.4,-1.62
318232.562000,0.817,0.244,-0.564,-11.47,-1.92,-0.27
318232.578000,0.827,0.266,-0.569,-16.17,-2.44,0.85
318232.593000,0.832,0.305,-0.565,-21.15,-3.75,0.98
318232.593000,0.843,0.341,-0.569,-27.62,-4.73,0.7
318232.609000,0.861,0.381,-0.577,-35.4,-5.07,0.18
318232.625000,0.868,0.431,-0.573,-43.24,-4.79,1.07
318232.625000,0.857,0.467,-0.567,-49.47,-4.55,3.81
318232.640000,0.827,0.511,-0.552,-53.53,-5.52,7.97
318232.656000,0.801,0.526,-0.571,-55.27,-7.29,13.76
318232.656000,0.774,0.531,-0.598,-56.64,-9.31,20.51
318232.671000,0.746,0.528,-0.589,-58.41,-10.13,27.89
318232.671000,0.707,0.508,-0.572,-58.72,-11.05,36.41
318232.687000,0.681,0.482,-0.582,-58.23,-12.6,43.98
318232.703000,0.67,0.473,-0.597,-59.45,-14.53,49.29
318232.718000,0.641,0.475,-0.621,-63.51,-17.09,53.16
318232.718000,0.621,0.457,-0.638,-67.96,-19.07,57.04
318232.734000,0.611,0.43,-0.661,-71.29,-21.24,60.34
318232.734000,0.597,0.423,-0.693,-73.61,-22.25,63.39
318232.750000,0.583,0.421,-0.711,-73.15,-20.45,67.57
318232.765000,0.557,0.414,-0.706,-70.53,-16.24,73.21
318232.765000,0.535,0.405,-0.713,-67.84,-12.21,78.98
318232.781000,0.529,0.412,-0.718,-68.3,-10.74,83.35
318232.796000,0.541,0.411,-0.706,-71.44,-11.23,86.73
318232.796000,0.552,0.379,-0.706,-74.86,-13.43,89.02
318232.812000,0.561,0.369,-0.744,-77.79,-16.11,89.45
318232.812000,0.556,0.369,-0.763,-79.01,-15.56,91.04
318232.828000,0.558,0.344,-0.767,-76.42,-13.61,95.68
318232.843000,0.543,0.32,-0.765,-70.83,-11.14,101.44
318232.859000,0.542,0.308,-0.761,-67.11,-8.36,106.63
318232.859000,0.576,0.301,-0.77,-66.41,-7.42,109.5
318232.875000,0.618,0.299,-0.788,-69.89,-8.76,109.13
318232.875000,0.647,0.288,-0.792,-76.17,-9.95,106.78
318232.890000,0.663,0.26,-0.807,-81.67,-10.77,104.8
318232.906000,0.669,0.222,-0.832,-83.56,-10.53,103.92
318232.906000,0.652,0.195,-0.834,-81.85,-6.47,103.82
318232.921000,0.637,0.185,-0.819,-79.07,-1.28,104.62
318232.921000,0.651,0.174,-0.804,-78.1,1.53,105.66
318232.921000,0.671,0.158,-0.801,-80.08,0.79,105.01
318232.953000,0.674,0.141,-0.811,-84.6,-2.11,102.63
318232.968000,0.681,0.114,-0.818,-88.08,-3.78,100.47
318232.968000,0.689,0.094,-0.828,-89.42,-3.78,98.51
318232.984000,0.684,0.098,-0.846,-87.77,-2.14,96.5
318233.000000,0.664,0.112,-0.852,-84.81,1.83,95.8
318233.000000,0.65,0.114,-0.843,-83.83,6.68,96.16
318233.015000,0.645,0.105,-0.824,-86.4,9.89,96.01
318233.015000,0.655,0.088,-0.81,-91.13,9.03,95.92
318233.031000,0.655,0.076,-0.81,-95.28,5.77,96.26
318233.046000,0.66,0.045,-0.817,-95.43,3.33,99.55
318233.046000,0.67,0.002,-0.838,-90.95,2.81,104.65
318233.062000,0.692,-0.023,-0.876,-84.41,4.21,108.62
318233.062000,0.714,-0.032,-0.917,-78.65,7.42,110.45
318233.078000,0.71,-0.04,-0.939,-75.44,14.07,109.84
318233.093000,0.695,-0.046,-0.923,-75.78,23.59,106.02
318233.093000,0.67,-0.048,-0.876,-81.58,31.1,99.7
318233.109000,0.672,-0.06,-0.83,-89.3,32.84,93.78
318233.125000,0.649,-0.078,-0.819,-94.55,30.27,89.6
318233.125000,0.64,-0.09,-0.784,-96.84,27.65,89.14
318233.140000,0.645,-0.109,-0.778,-93.91,23.87,93.63
318233.156000,0.655,-0.13,-0.803,-86.79,21.61,99.03
318233.156000,0.667,-0.131,-0.825,-80.69,22.06,102.85
318233.171000,0.672,-0.136,-0.833,-76.69,25.06,105.08
318233.171000,0.655,-0.154,-0.821,-73.73,30.82,104.95
318233.187000,0.65,-0.171,-0.787,-73.95,37.45,101.41
318233.203000,0.639,-0.171,-0.74,-75.87,41.23,95.83
318233.203000,0.615,-0.157,-0.704,-78.16,41.75,90.85
318233.218000,0.592,-0.154,-0.67,-79.93,40.41,88.5
318233.234000,0.598,-0.157,-0.656,-80.02,37.97,87.71
318233.250000,0.608,-0.137,-0.661,-79.07,35.13,87.25
318233.250000,0.618,-0.116,-0.668,-78.04,34.49,87.83
318233.265000,0.624,-0.115,-0.654,-78.34,35.83,88.41
318233.281000,0.633,-0.12,-0.639,-79.44,36.9,86.46
318233.281000,0.617,-0.1,-0.635,-83.32,36.62,82.09
318233.296000,0.596,-0.089,-0.631,-88.5,35.55,78.89
318233.296000,0.591,-0.092,-0.614,-92.23,33.57,78.13
318233.312000,0.575,-0.083,-0.621,-93.66,30.3,79.2
318233.312000,0.571,-0.066,-0.625,-91.86,28.32,83.07
318233.328000,0.585,-0.056,-0.601,-88.87,27.13,88.78
318233.343000,0.588,-0.074,-0.604,-87.19,24.23,95.25
318233.359000,0.596,-0.11,-0.632,-86.21,22.03,99.86
318233.359000,0.611,-0.117,-0.641,-87.77,20.05,99.98
318233.359000,0.611,-0.127,-0.667,-91.83,16.82,98.27
318233.375000,0.623,-0.14,-0.714,-96.29,15.53,95.86
318233.390000,0.614,-0.122,-0.741,-99.58,17.43,93.11
318233.406000,0.586,-0.11,-0.713,-100.16,20.87,94.03
318233.406000,0.587,-0.14,-0.686,-97.05,22.98,98.85
318233.421000,0.59,-0.167,-0.692,-93.51,23.07,102.73
318233.437000,0.607,-0.189,-0.688,-91.95,23.13,104.16
318233.437000,0.62,-0.199,-0.717,-92.65,22.68,101.47
318233.453000,0.613,-0.188,-0.745,-96.26,22.89,96.5
318233.468000,0.624,-0.18,-0.758,-100.68,24.23,91.83
318233.468000,0.62,-0.164,-0.774,-105.41,25.51,88.35
318233.468000,0.598,-0.17,-0.771,-108.04,27.07,89.54
318233.484000,0.581,-0.225,-0.737,-106.54,29.08,95.74
318233.500000,0.559,-0.315,-0.703,-102.02,29.6,102.94
318233.515000,0.566,-0.391,-0.702,-97.11,27.65,106.05
318233.515000,0.583,-0.405,-0.723,-96.29,22.55,104.43
318233.531000,0.584,-0.408,-0.752,-96.77,18.65,102.82
318233.546000,0.622,-0.439,-0.793,-94.24,18.68,102.39
318233.546000,0.634,-0.443,-0.823,-91.98,20.66,100.47
318233.562000,0.624,-0.469,-0.824,-90.18,24.99,100.83
318233.562000,0.645,-0.515,-0.824,-85.48,31.46,101.2
318233.578000,0.635,-0.523,-0.809,-81.3,37.11,98.33
318233.593000,0.611,-0.541,-0.764,-79.35,41.69,96.1
318233.593000,0.625,-0.595,-0.726,-77.79,44.83,92.96
318233.593000,0.629,-0.6,-0.7,-77.67,45.14,85.15
318233.625000,0.617,-0.578,-0.722,-80.05,42.73,76.08
318233.625000,0.632,-0.544,-0.732,-83.8,42.54,66.99
318233.640000,0.626,-0.497,-0.736,-86.76,43.12,60.46
318233.640000,0.634,-0.477,-0.725,-85.6,46.3,59.36
318233.656000,0.618,-0.463,-0.707,-82.03,50.72,61.59
318233.671000,0.609,-0.474,-0.652,-76.72,54.2,66.93
318233.687000,0.616,-0.522,-0.601,-70.25,55.18,73.09
318233.687000,0.614,-0.534,-0.601,-64.85,53.87,74.16
318233.703000,0.608,-0.522,-0.59,-63.11,51.7,71.72
318233.718000,0.63,-0.536,-0.573,-63.08,49.35,69.06
318233.718000,0.64,-0.545,-0.584,-64.76,47.43,63.84
318233.734000,0.634,-0.538,-0.577,-67.81,47.3,57.25
318233.734000,0.629,-0.531,-0.575,-69.8,46.88,52.8
318233.750000,0.611,-0.53,-0.588,-69.7,45.78,51.52
318233.765000,0.604,-0.56,-0.575,-66.13,45.66,54.11
318233.765000,0.627,-0.586,-0.563,-59.88,44.92,57.65
318233.781000,0.653,-0.568,-0.565,-53.38,43.46,59.39
318233.796000,0.667,-0.558,-0.531,-48.65,43.95,61.98
318233.796000,0.684,-0.576,-0.522,-45.47,45.72,63.45
318233.796000,0.687,-0.574,-0.5,-44.59,48.68,60.3
318233.812000,0.657,-0.563,-0.466,-47.06,49.5,55.91
318233.828000,0.625,-0.564,-0.445,-49.23,48.16,52.71
318233.843000,0.607,-0.567,-0.426,-48.68,45.81,51.45
318233.843000,0.618,-0.558,-0.406,-45.32,41.6,52.77
318233.859000,0.634,-0.533,-0.407,-40.47,36.1,56.86
318233.875000,0.65,-0.502,-0.413,-35.16,32.78,63.2
318233.890000,0.676,-0.487,-0.401,-31.16,31.74,71.08
318233.890000,0.682,-0.513,-0.406,-28.17,31.83,78.4
318233.906000,0.67,-0.54,-0.435,-25.97,33.72,81.61
318233.906000,0.646,-0.547,-0.437,-27.38,36.38,80.39
318233.921000,0.626,-0.569,-0.377,-30.49,37.87,79.04
318233.937000,0.631,-0.62,-0.29,-33.3,36.44,79.68
318233.937000,0.646,-0.666,-0.246,-35.49,34.12,80.36
318233.953000,0.645,-0.682,-0.219,-35.46,34.64,80.75
318233.968000,0.64,-0.7,-0.174,-34.91,34.49,80.97
318233.968000,0.616,-0.732,-0.151,-34.64,29.42,80.17
318233.984000,0.613,-0.77,-0.16,-34.03,20.39,78.65
318233.984000,0.616,-0.79,-0.192,-32.26,10.07,75.66
318234.000000,0.623,-0.784,-0.237,-29.79,1.34,72.02
318234.015000,0.636,-0.767,-0.28,-28.41,-4.36,68.36
318234.015000,0.652,-0.778,-0.315,-28.35,-7.75,66.23
318234.031000,0.667,-0.825,-0.339,-26.76,-7.84,64.73
318234.031000,0.687,-0.85,-0.366,-24.02,-5.37,60.27
318234.046000,0.699,-0.823,-0.395,-23.9,-3.63,52.52
318234.046000,0.688,-0.806,-0.411,-26.06,-3.23,45.69
318234.062000,0.691,-0.815,-0.413,-26.76,-3.27,40.56
318234.078000,0.684,-0.816,-0.424,-25.7,-3.78,35.46
318234.093000,0.678,-0.799,-0.436,-22.64,-3.54,31.62
318234.109000,0.685,-0.776,-0.436,-17.52,-2.81,30.4
318234.109000,0.695,-0.756,-0.451,-12.02,-1.77,31.01
318234.109000,0.706,-0.739,-0.456,-8.15,0.52,31.5
318234.140000,0.708,-0.725,-0.439,-5.98,2.99,31.07
318234.140000,0.699,-0.719,-0.422,-3.27,3.88,30.3
318234.156000,0.697,-0.717,-0.419,3.42,3.75,28.57
318234.156000,0.687,-0.702,-0.409,7.48,3.57,28.02
318234.171000,0.67,-0.691,-0.387,14.83,3.23,28.72
318234.187000,0.653,-0.702,-0.355,25.73,2.29,30.0
318234.187000,0.64,-0.715,-0.326,38.39,0.09,32.56
318234.203000,0.625,-0.712,-0.294,54.23,-3.57,37.42
318234.203000,0.596,-0.721,-0.266,70.74,-8.88,43.82
318234.218000,0.61,-0.726,-0.299,86.37,-13.61,50.39
318234.218000,0.631,-0.715,-0.368,96.35,-15.72,54.35
318234.234000,0.664,-0.698,-0.442,94.91,-12.6,53.68
318234.250000,0.702,-0.682,-0.488,81.15,-4.79,48.19
318234.250000,0.695,-0.683,-0.493,56.49,5.71,37.9
318234.265000,0.679,-0.735,-0.422,31.07,16.6,26.18
318234.281000,0.65,-0.819,-0.325,15.66,22.13,13.95
318234.296000,0.613,-0.849,-0.273,10.13,20.66,2.01
318234.296000,0.584,-0.822,-0.277,9.43,15.2,-5.16
318234.312000,0.573,-0.792,-0.281,9.31,10.13,-6.16
318234.328000,0.588,-0.784,-0.275,10.01,5.74,-3.33
318234.328000,0.608,-0.783,-0.274,12.3,2.08,-0.67
318234.343000,0.62,-0.767,-0.297,14.07,-1.37,0.55
318234.343000,0.637,-0.737,-0.321,13.4,-3.27,0.85
318234.359000,0.648,-0.717,-0.341,9.77,-3.14,0.55
318234.375000,0.657,-0.712,-0.35,4.76,-1.53,-0.43
318234.375000,0.656,-0.721,-0.345,0.64,0.27,-1.46
318234.390000,0.65,-0.726,-0.325,-1.5,2.11,-2.69
318234.406000,0.632,-0.725,-0.311,-2.62,2.44,-3.17
318234.406000,0.621,-0.73,-0.302,-1.71,1.89,-2.14
318234.421000,0.616,-0.738,-0.298,1.89,1.62,-0.89
318234.437000,0.617,-0.725,-0.302,5.31,0.46,-0.27
318234.437000,0.624,-0.697,-0.319,5.65,-1.46,-0.31
318234.453000,0.631,-0.68,-0.342,3.51,-2.75,-0.67
318234.453000,0.635,-0.681,-0.346,0.76,-2.08,-1.37
318234.468000,0.635,-0.687,-0.343,-1.43,-0.64,-2.9
318234.484000,0.63,-0.686,-0.343,-2.69,0.92,-5.01
318234.500000,0.626,-0.676,-0.339,-3.33,2.2,-6.5
318234.500000,0.619,-0.673,-0.328,-3.6,2.56,-6.96
318234.515000,0.622,-0.679,-0.315,-2.84,2.01,-6.84
318234.515000,0.625,-0.677,-0.314,-1.07,0.24,-7.05
318234.531000,0.621,-0.667,-0.321,0.37,-1.5,-7.11
318234.546000,0.627,-0.658,-0.321,1.07,-1.92,-6.9
318234.546000,0.637,-0.657,-0.326,1.65,-1.95,-7.39
318234.562000,0.651,-0.656,-0.346,0.89,-1.71,-9.67
318234.578000,0.658,-0.64,-0.352,-2.56,-0.31,-13.49
318234.578000,0.665,-0.633,-0.349,-7.42,1.07,-16.94
318234.578000,0.662,-0.64,-0.348,-11.47,1.65,-19.26
318234.593000,0.653,-0.647,-0.337,-13.79,1.31,-20.42
318234.609000,0.641,-0.649,-0.332,-13.52,0.03,-19.75
318234.609000,0.628,-0.651,-0.338,-10.86,-1.74,-16.94
318234.625000,0.632,-0.647,-0.346,-7.08,-3.88,-13.0
318234.640000,0.633,-0.636,-0.354,-3.66,-6.2,-8.55
318234.640000,0.635,-0.634,-0.357,0.24,-7.45,-3.69
318234.656000,0.656,-0.637,-0.368,3.72,-7.69,0.21
318234.671000,0.672,-0.62,-0.379,4.36,-6.96,1.43
318234.671000,0.682,-0.611,-0.389,2.47,-5.01,1.1
318234.687000,0.682,-0.621,-0.387,0.15,-2.2,0.49
318234.687000,0.665,-0.636,-0.372,-1.34,0.24,-0.49
318234.718000,0.657,-0.645,-0.355,-1.68,0.82,-1.68
318234.718000,0.657,-0.642,-0.351,-0.46,-0.03,-2.69
318234.734000,0.652,-0.63,-0.356,0.64,-1.37,-2.81
318234.734000,0.652,-0.626,-0.358,1.01,-2.41,-2.11
318234.750000,0.654,-0.629,-0.356,1.77,-3.23,-1.01
318234.765000,0.655,-0.631,-0.358,2.84,-3.81,-0.03
318234.765000,0.664,-0.626,-0.368,3.02,-4.52,0.31
318234.781000,0.668,-0.618,-0.377,1.19,-4.79,0.03
318234.781000,0.673,-0.621,-0.379,-1.07,-4.03,-0.03
318234.796000,0.666,-0.627,-0.379,-2.66,-2.66,-0.37
318234.812000,0.657,-0.633,-0.376,-3.42,-1.28,-0.67
318234.812000,0.652,-0.635,-0.371,-2.9,-0.12,-0.49
318234.812000,0.643,-0.638,-0.366,-1.31,-0.37,0.49
318234.828000,0.64,-0.643,-0.364,0.52,-1.53,2.41
318234.843000,0.64,-0.652,-0.36,3.36,-2.35,4.82
318234.843000,0.644,-0.659,-0.36,6.78,-2.84,6.71
318234.875000,0.652,-0.663,-0.368,9.06,-3.14,7.6
318234.875000,0.658,-0.657,-0.377,9.09,-3.3,7.08
318234.890000,0.659,-0.66,-0.384,8.09,-3.02,6.35
318234.906000,0.667,-0.681,-0.382,7.75,-2.47,5.92
318234.921000,0.672,-0.691,-0.384,8.33,-1.86,4.85
318234.921000,0.668,-0.683,-0.381,10.35,-0.55,4.3
318234.937000,0.671,-0.676,-0.373,12.63,0.79,4.79
318234.937000,0.675,-0.678,-0.371,13.7,1.4,5.16
318234.953000,0.678,-0.675,-0.37,13.4,1.92,4.46
318234.953000,0.675,-0.671,-0.361,12.02,2.75,2.93
318234.968000,0.668,-0.67,-0.353,10.01,3.17,1.16
318234.984000,0.658,-0.668,-0.348,7.87,3.54,-0.34
318234.984000,0.653,-0.663,-0.336,6.59,3.88,-1.19
318235.000000,0.65,-0.656,-0.328,5.89,3.85,-1.53
318235.015000,0.648,-0.649,-0.326,5.46,3.17,-1.68
318235.015000,0.647,-0.644,-0.328,5.04,2.87,-1.71
318235.031000,0.64,-0.637,-0.325,4.09,2.9,-1.62
318235.046000,0.636,-0.641,-0.323,3.39,2.81,-0.79
318235.046000,0.639,-0.646,-0.321,3.78,2.17,0.0
318235.046000,0.634,-0.64,-0.322,4.18,1.16,0.67
318235.062000,0.632,-0.64,-0.327,4.58,0.55,1.77
318235.078000,0.64,-0.647,-0.337,5.13,0.03,2.78
318235.093000,0.64,-0.648,-0.342,5.01,0.0,2.81
318235.093000,0.636,-0.655,-0.349,4.12,0.43,2.35
318235.109000,0.639,-0.661,-0.35,2.99,0.98,1.46
318235.125000,0.641,-0.66,-0.345,2.35,1.83,0.21
318235.125000,0.644,-0.658,-0.339,1.65,2.41,-0.95
318235.140000,0.641,-0.653,-0.333,0.58,2.84,-1.65
318235.156000,0.639,-0.652,-0.326,-0.03,3.11,-1.65
318235.156000,0.636,-0.657,-0.317,0.46,2.99,-0.76
318235.171000,0.633,-0.662,-0.314,1.16,2.5,0.15
318235.187000,0.632,-0.66,-0.31,1.04,1.86,0.43
318235.187000,0.63,-0.655,-0.313,0.82,0.76,0.64
318235.187000,0.633,-0.662,-0.316,0.95,-0.34,1.31
318235.203000,0.642,-0.666,-0.319,0.73,-1.56,1.16
318235.203000,0.645,-0.657,-0.323,0.0,-2.47,0.4
318235.234000,0.645,-0.653,-0.327,-0.06,-2.29,0.34
318235.234000,0.642,-0.654,-0.325,-0.12,-2.04,0.61
318235.250000,0.641,-0.659,-0.32,-0.76,-2.04,1.01
318235.265000,0.639,-0.664,-0.328,-0.49,-2.2,1.68
318235.281000,0.638,-0.669,-0.334,0.58,-1.83,2.41
318235.281000,0.637,-0.673,-0.334,1.31,-1.8,2.93
318235.296000,0.641,-0.679,-0.341,1.19,-2.23,2.87
318235.296000,0.649,-0.68,-0.347,0.67,-2.11,2.17
318235.312000,0.648,-0.676,-0.351,0.46,-1.1,1.31
318235.328000,0.645,-0.678,-0.344,0.34,-0.09,0.85
318235.328000,0.648,-0.683,-0.333,-0.09,-0.27,0.64
318235.343000,0.649,-0.685,-0.333,0.18,-0.89,0.67
318235.343000,0.644,-0.68,-0.328,1.25,-0.95,0.82
318235.359000,0.642,-0.682,-0.324,2.29,-0.95,1.62
318235.375000,0.648,-0.686,-0.329,2.72,-1.31,2.23
318235.375000,0.652,-0.687,-0.33,2.99,-1.71,2.01
318235.375000,0.649,-0.689,-0.33,3.08,-1.98,1.5
318235.390000,0.647,-0.691,-0.334,2.84,-1.98,0.89
318235.390000,0.642,-0.694,-0.336,3.02,-2.01,0.52
318235.421000,0.641,-0.701,-0.34,3.05,-2.14,0.09
318235.437000,0.643,-0.707,-0.345,3.02,-2.32,-0.67
318235.437000,0.654,-0.709,-0.351,2.9,-2.26,-2.01
318235.453000,0.657,-0.699,-0.354,2.44,-1.59,-3.6
318235.468000,0.652,-0.691,-0.351,2.08,-0.09,-4.79
318235.468000,0.651,-0.691,-0.341,2.47,1.37,-5.07
318235.484000,0.652,-0.686,-0.331,2.99,1.83,-4.82
318235.484000,0.647,-0.678,-0.328,3.66,1.71,-4.55
318235.500000,0.637,-0.675,-0.321,4.64,1.98,-3.3
318235.515000,0.637,-0.68,-0.316,5.34,1.95,-1.65
318235.515000,0.643,-0.684,-0.31,6.07,1.28,-0.58
318235.531000,0.649,-0.684,-0.315,6.78,0.37,-0.18
318235.531000,0.652,-0.677,-0.326,5.89,-0.21,-0.55
318235.546000,0.65,-0.671,-0.328,3.39,-0.09,-1.4
318235.562000,0.654,-0.676,-0.32,1.43,0.55,-2.08
318235.578000,0.65,-0.682,-0.311,1.04,0.7,-2.62
318235.578000,0.649,-0.685,-0.311,1.95,0.55,-3.23
318235.593000,0.646,-0.679,-0.313,2.66,-0.21,-3.54
318235.593000,0.647,-0.676,-0.311,3.14,-0.76,-2.9
318235.609000,0.649,-0.679,-0.306,3.88,-1.5,-2.17
318235.609000,0.648,-0.681,-0.313,4.94,-2.44,-1.46
318235.625000,0.658,-0.677,-0.327,5.77,-2.93,-1.07
318235.640000,0.665,-0.665,-0.338,5.16,-2.62,-1.62
318235.656000,0.671,-0.655,-0.345,3.14,-1.56,-2.2
318235.656000,0.673,-0.657,-0.341,0.55,0.06,-2.78
318235.656000,0.671,-0.663,-0.334,-1.07,1.77,-3.05
318235.671000,0.664,-0.671,-0.326,-1.1,3.39,-2.78
318235.687000,0.658,-0.678,-0.316,0.21,3.94,-1.77
318235.703000,0.649,-0.684,-0.311,2.35,3.3,-0.24
318235.703000,0.644,-0.688,-0.311,4.46,2.14,1.19
318235.718000,0.644,-0.688,-0.315,6.04,0.98,2.17
318235.718000,0.648,-0.689,-0.327,5.19,-0.15,1.07
318235.734000,0.653,-0.689,-0.334,3.33,0.34,-0.58
318235.750000,0.653,-0.69,-0.337,1.59,1.28,-2.56
318235.750000,0.653,-0.692,-0.34,0.7,2.81,-4.27
318235.765000,0.649,-0.687,-0.334,0.55,3.63,-4.97
318235.781000,0.645,-0.685,-0.325,0.92,3.54,-5.31
318235.796000,0.638,-0.683,-0.304,2.14,2.62,-5.04
318235.812000,0.636,-0.673,-0.298,3.81,1.31,-4.43
318235.812000,0.635,-0.664,-0.298,5.43,0.18,-3.42
318235.828000,0.641,-0.658,-0.306,6.41,-0.76,-2.29
318235.828000,0.65,-0.649,-0.316,5.8,-0.98,-2.14
318235.843000,0.657,-0.641,-0.321,3.85,-0.34,-2.72
318235.843000,0.658,-0.642,-0.319,1.56,0.55,-3.36
318235.859000,0.652,-0.647,-0.311,-0.18,1.19,-3.54
318235.875000,0.649,-0.654,-0.305,-0.09,1.83,-3.2
318235.875000,0.648,-0.656,-0.304,1.22,1.92,-2.5
318235.890000,0.646,-0.654,-0.304,2.23,1.22,-1.65
318235.906000,0.65,-0.655,-0.306,2.84,0.12,-0.73
318235.906000,0.66,-0.659,-0.313,3.33,-0.95,-0.37
318235.921000,0.662,-0.659,-0.32,3.54,-1.19,-0.7
318235.921000,0.662,-0.658,-0.322,3.11,-1.37,-1.28
318235.937000,0.664,-0.657,-0.324,1.95,-1.22,-1.86
318235.953000,0.663,-0.656,-0.327,0.67,-0.43,-2.53
318235.953000,0.66,-0.657,-0.325,0.0,0.64,-2.9
318235.968000,0.664,-0.659,-0.321,-0.15,1.43,-2.84
318235.984000,0.663,-0.657,-0.317,-0.58,1.4,-2.84
318235.984000,0.661,-0.656,-0.315,-0.43,1.16,-2.47
318236.000000,0.657,-0.659,-0.315,0.85,1.34,-1.92
318236.015000,0.657,-0.659,-0.307,1.8,1.25,-1.22
318236.015000,0.658,-0.657,-0.303,2.38,0.27,-0.73
318236.031000,0.665,-0.657,-0.311,3.02,-0.7,-0.31
318236.031000,0.666,-0.653,-0.322,3.11,-0.7,-0.31
318236.046000,0.668,-0.651,-0.324,1.98,-0.21,-0.64
318236.062000,0.673,-0.655,-0.33,0.18,0.52,-1.04
318236.062000,0.671,-0.659,-0.313,-0.85,1.68,-1.37
318236.078000,0.669,-0.657,-0.311,-1.04,1.98,-1.71
318236.078000,0.667,-0.657,-0.315,-1.04,1.95,-1.62
318236.093000,0.657,-0.66,-0.312,-0.34,2.44,-0.73
318236.109000,0.656,-0.66,-0.289,1.07,2.38,0.76
318236.125000,0.665,-0.667,-0.298,2.9,0.76,2.04
318236.125000,0.66,-0.663,-0.317,2.93,-0.64,2.04
318236.140000,0.665,-0.668,-0.319,3.02,0.21,2.26
318236.140000,0.669,-0.666,-0.316,1.68,0.52,1.56
318236.156000,0.668,-0.674,-0.319,0.31,0.58,-0.21
318236.171000,0.673,-0.671,-0.331,-1.8,1.07,-2.23
318236.187000,0.667,-0.663,-0.324,-2.72,2.62,-3.78
318236.187000,0.663,-0.661,-0.307,-2.26,3.75,-4.15
318236.187000,0.663,-0.659,-0.305,-2.2,2.87,-3.78
318236.203000,0.668,-0.652,-0.302,-2.01,1.92,-3.17
318236.218000,0.666,-0.645,-0.3,-0.92,1.71,-1.83
318236.234000,0.664,-0.641,-0.295,0.61,1.65,-0.09
318236.234000,0.661,-0.642,-0.293,1.71,0.92,1.71
318236.250000,0.661,-0.643,-0.3,1.59,0.09,3.02
318236.265000,0.654,-0.643,-0.308,0.27,0.21,3.36
318236.265000,0.652,-0.657,-0.308,-1.1,1.22,3.33
318236.281000,0.657,-0.672,-0.305,-2.14,1.92,2.44
318236.296000,0.656,-0.677,-0.307,-2.66,2.11,0.89
318236.296000,0.659,-0.674,-0.31,-2.62,2.38,-0.58
318236.296000,0.654,-0.669,-0.31,-2.59,2.32,-1.43
318236.312000,0.648,-0.671,-0.303,-2.2,2.11,-1.25
318236.328000,0.651,-0.676,-0.294,-0.95,1.4,-0.89
318236.328000,0.656,-0.669,-0.295,0.37,0.34,-0.64
318236.343000,0.658,-0.656,-0.309,0.79,-0.37,-0.15
318236.359000,0.67,-0.654,-0.311,0.49,0.21,0.82
318236.375000,0.677,-0.651,-0.304,0.06,1.16,1.22
318236.375000,0.672,-0.649,-0.304,-0.46,1.77,1.25
318236.390000,0.669,-0.649,-0.3,-1.22,2.04,1.4
318236.406000,0.666,-0.654,-0.302,-1.77,1.92,1.5
318236.406000,0.659,-0.661,-0.303,-1.89,1.74,1.71
318236.421000,0.664,-0.673,-0.299,-1.62,1.28,1.92
318236.421000,0.667,-0.673,-0.307,-1.56,0.27,1.68
318236.437000,0.664,-0.666,-0.319,-1.5,0.06,1.4
318236.453000,0.666,-0.664,-0.318,-1.34,1.28,1.98
318236.453000,0.668,-0.666,-0.307,-1.43,2.04,2.69
318236.468000,0.668,-0.669,-0.3,-0.92,2.2,3.51
318236.468000,0.67,-0.671,-0.297,0.12,2.01,4.03
318236.484000,0.668,-0.666,-0.295,0.73,1.77,4.43
318236.500000,0.667,-0.667,-0.299,0.73,1.43,4.49
318236.500000,0.662,-0.67,-0.302,0.15,1.1,4.09
318236.515000,0.655,-0.675,-0.301,-0.73,1.19,3.36
318236.531000,0.653,-0.682,-0.299,-1.46,0.92,2.56
318236.531000,0.653,-0.687,-0.301,-1.56,0.82,2.01
318236.546000,0.647,-0.681,-0.297,-1.56,1.25,1.31
318236.546000,0.652,-0.679,-0.305,-1.83,1.01,0.98
318236.562000,0.66,-0.68,-0.311,-1.53,0.95,0.64
318236.578000,0.659,-0.675,-0.32,-1.65,1.28,0.06
318236.578000,0.656,-0.668,-0.309,-1.8,2.23,-0.24
318236.593000,0.657,-0.67,-0.301,-1.68,2.08,0.06
318236.593000,0.655,-0.673,-0.299,-1.1,1.59,0.43
318236.609000,0.652,-0.67,-0.299,-0.09,1.46,0.85
318236.625000,0.648,-0.661,-0.29,0.89,1.28,1.74
318236.625000,0.646,-0.664,-0.281,2.14,0.49,3.23
318236.640000,0.648,-0.672,-0.28,2.72,-1.31,4.21
318236.656000,0.658,-0.673,-0.293,2.44,-3.05,4.09
318236.656000,0.664,-0.674,-0.309,2.14,-3.05,3.51
318236.671000,0.661,-0.676,-0.316,1.59,-1.98,2.38
318236.671000,0.66,-0.677,-0.316,0.0,-1.16,1.01
318236.687000,0.663,-0.678,-0.318,-2.08,-0.82,-0.61
318236.703000,0.67,-0.676,-0.315,-3.42,-0.18,-1.95
318236.718000,0.663,-0.675,-0.308,-3.42,0.7,-2.35
318236.734000,0.659,-0.682,-0.305,-2.84,0.82,-1.89
318236.734000,0.659,-0.681,-0.303,-2.08,0.34,-1.25
318236.750000,0.659,-0.677,-0.307,-0.52,-0.06,-0.37
318236.765000,0.657,-0.675,-0.307,1.22,0.0,0.98
318236.765000,0.66,-0.674,-0.305,2.44,-0.49,2.23
318236.781000,0.662,-0.669,-0.312,2.38,-1.25,2.59
318236.796000,0.663,-0.664,-0.318,1.56,-0.82,2.38
318236.796000,0.662,-0.663,-0.315,0.76,0.52,2.08
318236.812000,0.655,-0.669,-0.305,-0.24,1.62,1.46
318236.812000,0.651,-0.671,-0.297,-0.49,1.68,1.01
318236.828000,0.648,-0.671,-0.3,-0.58,0.98,0.4
318236.843000,0.648,-0.668,-0.3,-0.49,0.31,0.34
318236.859000,0.644,-0.669,-0.299,0.06,-0.34,0.89
318236.859000,0.644,-0.673,-0.301,0.98,-1.1,1.89
318236.859000,0.648,-0.673,-0.308,1.71,-1.68,2.75
318236.875000,0.661,-0.667,-0.315,1.83,-1.77,2.93
318236.890000,0.664,-0.661,-0.318,1.89,-1.31,2.9
318236.890000,0.664,-0.66,-0.316,1.46,-0.55,2.81
318236.906000,0.664,-0.661,-0.31,0.09,-0.09,2.53
318236.921000,0.659,-0.66,-0.305,-0.64,0.55,2.04
318236.937000,0.652,-0.661,-0.299,-0.55,1.19,1.92
318236.937000,0.647,-0.664,-0.297,-0.82,0.92,1.92
318236.937000,0.646,-0.668,-0.298,-1.22,0.06,1.86
318236.953000,0.644,-0.667,-0.299,-1.53,-0.46,1.59
318236.968000,0.642,-0.669,-0.3,-1.37,-0.64,1.34
318236.984000,0.645,-0.668,-0.297,-1.34,-1.25,1.19
318237.000000,0.651,-0.662,-0.3,-1.59,-1.98,0.76
318237.000000,0.657,-0.654,-0.311,-2.44,-2.38,0.27
318237.000000,0.661,-0.649,-0.317,-3.57,-1.62,0.0
318237.015000,0.66,-0.648,-0.305,-4.82,-0.67,-0.06
318237.015000,0.656,-0.654,-0.301,-5.28,-0.67,0.4
318237.031000,0.653,-0.659,-0.303,-4.43,-0.79,1.62
318237.046000,0.644,-0.665,-0.31,-2.66,-0.73,3.66
318237.046000,0.642,-0.677,-0.311,-0.37,-0.67,6.23
318237.062000,0.646,-0.686,-0.312,1.71,-1.07,8.18
318237.078000,0.649,-0.689,-0.32,3.08,-1.62,9.0
318237.078000,0.652,-0.693,-0.325,3.05,-1.53,8.64
318237.093000,0.654,-0.695,-0.325,1.4,-0.89,6.74
318237.093000,0.653,-0.697,-0.322,-0.76,-0.55,4.24
318237.125000,0.648,-0.701,-0.314,-2.2,0.03,2.01
318237.125000,0.643,-0.701,-0.304,-2.59,0.46,0.49
318237.140000,0.64,-0.694,-0.297,-2.59,0.12,-0.37
318237.140000,0.636,-0.687,-0.299,-2.69,-0.79,-0.61
318237.140000,0.637,-0.688,-0.298,-2.56,-1.59,-0.21
318237.171000,0.643,-0.693,-0.295,-2.01,-1.89,0.09
318237.187000,0.651,-0.687,-0.296,-1.98,-2.66,-0.15
318237.187000,0.655,-0.674,-0.302,-2.17,-3.42,-0.55
318237.203000,0.663,-0.667,-0.309,-2.29,-3.63,-0.55
318237.218000,0.663,-0.659,-0.315,-2.62,-2.93,-0.43
318237.218000,0.664,-0.655,-0.318,-3.45,-2.26,-0.12
318237.234000,0.665,-0.652,-0.317,-4.52,-1.95,0.37
318237.234000,0.662,-0.655,-0.308,-5.01,-1.56,1.13
318237.250000,0.662,-0.656,-0.303,-4.27,-1.22,2.14
318237.265000,0.662,-0.648,-0.304,-3.97,-1.31,3.17
318237.265000,0.661,-0.639,-0.297,-4.39,-1.83,4.43
318237.281000,0.671,-0.646,-0.285,-4.61,-2.66,6.2
318237.296000,0.685,-0.651,-0.274,-4.82,-3.81,7.72
318237.296000,0.701,-0.647,-0.27,-5.46,-4.67,8.33
318237.312000,0.716,-0.637,-0.264,-9.7,-5.19,9.43
318237.312000,0.717,-0.636,-0.246,-11.99,-5.65,9.86
318237.328000,0.704,-0.643,-0.247,-13.82,-6.29,10.04
318237.343000,0.681,-0.639,-0.26,-15.72,-7.97,11.02
318237.343000,0.656,-0.645,-0.285,-17.0,-10.38,13.0
318237.359000,0.629,-0.699,-0.35,-17.24,-12.82,14.59
318237.359000,0.621,-0.711,-0.389,-16.69,-14.16,15.41
318237.375000,0.621,-0.717,-0.418,-15.96,-14.13,16.42
318237.390000,0.627,-0.757,-0.458,-14.74,-12.63,17.18
318237.390000,0.637,-0.773,-0.438,-12.18,-8.33,15.35
318237.406000,0.618,-0.743,-0.427,-9.95,-5.71,12.82
318237.406000,0.613,-0.734,-0.427,-8.48,-3.94,12.02
318237.437000,0.616,-0.732,-0.406,-7.54,-2.38,11.38
318237.437000,0.603,-0.724,-0.391,-7.11,-1.59,9.74
318237.437000,0.597,-0.706,-0.363,-6.78,-1.25,8.06
318237.453000,0.606,-0.68,-0.345,-7.05,-2.53,6.56
318237.468000,0.6,-0.663,-0.343,-8.64,-4.09,5.71
318237.484000,0.6,-0.658,-0.342,-10.83,-4.52,5.22
318237.500000,0.607,-0.657,-0.337,-12.73,-4.49,4.67
318237.500000,0.596,-0.652,-0.349,-13.98,-4.94,4.0
318237.515000,0.584,-0.66,-0.376,-14.65,-5.4,4.58
318237.515000,0.585,-0.68,-0.386,-14.53,-5.19,6.13
318237.531000,0.583,-0.689,-0.399,-13.76,-4.97,7.17
318237.531000,0.579,-0.69,-0.396,-12.09,-4.33,8.39
318237.546000,0.58,-0.712,-0.424,-9.61,-3.69,9.98
318237.546000,0.576,-0.707,-0.412,-8.51,-2.44,10.22
318237.562000,0.578,-0.711,-0.41,-5.89,-1.53,10.62
318237.578000,0.574,-0.707,-0.413,-4.24,-1.25,10.41
318237.593000,0.576,-0.696,-0.402,-3.6,-0.37,9.7
318237.593000,0.58,-0.687,-0.385,-3.45,0.21,8.91
318237.609000,0.577,-0.674,-0.374,-3.66,0.21,7.78
318237.625000,0.569,-0.661,-0.365,-4.43,-0.09,6.62
318237.625000,0.561,-0.648,-0.351,-5.77,-1.04,6.07
318237.640000,0.564,-0.648,-0.352,-7.14,-2.56,6.53
318237.656000,0.574,-0.645,-0.35,-8.09,-3.78,7.2
318237.656000,0.597,-0.644,-0.355,-8.73,-4.58,8.12
318237.671000,0.601,-0.637,-0.372,-9.98,-4.88,9.03
318237.687000,0.593,-0.639,-0.372,-10.5,-3.54,10.65
318237.687000,0.59,-0.661,-0.362,-10.59,-2.84,12.82
318237.703000,0.594,-0.683,-0.363,-10.53,-3.48,13.89
318237.718000,0.589,-0.694,-0.375,-10.56,-4.21,13.76
318237.718000,0.573,-0.707,-0.37,-11.02,-3.78,13.4
318237.734000,0.572,-0.726,-0.351,-11.17,-4.39,13.64
318237.734000,0.572,-0.739,-0.365,-10.25,-6.41,13.7
318237.750000,0.569,-0.754,-0.393,-8.3,-7.29,13.21
318237.765000,0.568,-0.763,-0.408,-6.78,-7.23,12.67
318237.765000,0.569,-0.768,-0.425,-6.32,-7.05,11.2
318237.781000,0.571,-0.765,-0.433,-5.86,-5.89,9.06
318237.796000,0.568,-0.762,-0.437,-4.91,-4.18,6.71
318237.796000,0.562,-0.761,-0.444,-3.85,-2.69,4.76
318237.812000,0.556,-0.759,-0.432,-3.08,-1.43,3.2
318237.828000,0.55,-0.749,-0.426,-2.04,-0.82,1.8
318237.828000,0.551,-0.735,-0.428,-1.04,-0.49,0.79
318237.843000,0.553,-0.72,-0.421,0.06,0.34,0.27
318237.843000,0.55,-0.714,-0.416,1.04,0.7,0.31
318237.859000,0.55,-0.713,-0.418,1.98,0.27,0.58
318237.875000,0.55,-0.708,-0.424,2.44,-0.06,0.15
318237.875000,0.549,-0.698,-0.432,2.14,0.34,-0.52
318237.890000,0.546,-0.691,-0.431,1.5,1.31,-0.92
318237.906000,0.547,-0.692,-0.418,0.85,1.92,-1.28
318237.906000,0.543,-0.692,-0.414,-0.24,1.31,-1.65
318237.921000,0.537,-0.694,-0.414,-0.7,0.67,-1.37
318237.937000,0.539,-0.699,-0.402,-0.37,0.67,-0.89
318237.937000,0.544,-0.703,-0.389,0.7,0.18,-0.49
318237.953000,0.553,-0.706,-0.386,1.31,-1.07,-0.4
318237.953000,0.565,-0.704,-0.384,0.98,-2.11,-0.89
318237.968000,0.57,-0.698,-0.388,0.64,-2.62,-1.31
318237.984000,0.58,-0.699,-0.39,0.58,-2.56,-1.13
318237.984000,0.588,-0.7,-0.39,0.27,-2.38,-0.98
318238.000000,0.591,-0.699,-0.401,-0.37,-2.35,-0.73
318238.015000,0.595,-0.699,-0.404,-0.7,-2.04,-0.09
318238.015000,0.592,-0.705,-0.4,-0.37,-1.5,0.73
318238.031000,0.592,-0.711,-0.403,0.4,-1.74,1.43
318238.031000,0.594,-0.709,-0.409,0.4,-2.44,1.5
318238.046000,0.59,-0.707,-0.411,0.61,-2.26,1.56
318238.046000,0.587,-0.712,-0.412,0.4,-2.17,1.4
318238.062000,0.592,-0.713,-0.41,-0.82,-2.41,0.46
318238.078000,0.589,-0.71,-0.411,-2.44,-2.87,-1.01
318238.093000,0.583,-0.71,-0.417,-3.36,-3.27,-1.95
318238.109000,0.579,-0.724,-0.433,-4.0,-3.63,-2.26
318238.109000,0.574,-0.728,-0.435,-3.36,-3.23,-2.62
318238.109000,0.569,-0.725,-0.438,-1.98,-3.11,-2.56
318238.140000,0.569,-0.723,-0.443,-1.07,-2.93,-2.26
318238.140000,0.572,-0.723,-0.44,-0.43,-2.87,-2.14
318238.140000,0.57,-0.724,-0.439,0.37,-3.08,-2.08
318238.156000,0.563,-0.724,-0.438,1.25,-2.9,-2.2
318238.156000,0.558,-0.727,-0.432,2.17,-2.62,-2.11
318238.187000,0.557,-0.735,-0.431,3.48,-2.44,-1.77
318238.187000,0.553,-0.743,-0.426,5.74,-1.92,-1.89
318238.203000,0.554,-0.736,-0.435,7.84,-1.68,-2.38
318238.203000,0.551,-0.716,-0.437,9.49,-0.67,-2.59
318238.218000,0.548,-0.706,-0.436,10.77,0.46,-2.35
318238.218000,0.551,-0.697,-0.43,9.64,1.01,-3.36
318238.234000,0.55,-0.686,-0.417,5.77,1.19,-5.46
318238.250000,0.543,-0.678,-0.393,2.38,1.46,-6.81
318238.250000,0.541,-0.673,-0.374,0.95,1.56,-6.99
318238.265000,0.54,-0.667,-0.359,-0.61,0.55,-6.96
318238.281000,0.549,-0.656,-0.35,-3.05,-1.37,-6.53
318238.281000,0.56,-0.657,-0.349,-5.37,-3.78,-5.86
318238.281000,0.571,-0.657,-0.359,-7.63,-5.68,-5.95
318238.312000,0.574,-0.648,-0.371,-10.04,-7.14,-6.65
318238.328000,0.57,-0.647,-0.393,-12.48,-7.9,-6.62
318238.328000,0.568,-0.669,-0.417,-13.37,-8.3,-5.1
318238.343000,0.574,-0.692,-0.446,-13.34,-8.48,-3.78
318238.343000,0.58,-0.703,-0.456,-12.48,-7.48,-3.51
318238.359000,0.588,-0.71,-0.467,-11.51,-6.74,-3.6
318238.359000,0.59,-0.715,-0.481,-10.47,-5.43,-3.97
318238.375000,0.586,-0.714,-0.475,-9.03,-2.81,-4.7
318238.390000,0.58,-0.709,-0.46,-7.35,-0.67,-5.49
318238.406000,0.576,-0.706,-0.454,-5.65,0.09,-5.71
318238.421000,0.578,-0.702,-0.448,-3.88,0.27,-5.95
318238.421000,0.582,-0.692,-0.446,-2.93,-0.12,-6.93
318238.437000,0.584,-0.681,-0.448,-3.08,-0.61,-8.18
318238.437000,0.589,-0.669,-0.449,-4.27,-1.07,-9.64
318238.453000,0.595,-0.664,-0.446,-5.89,-1.46,-11.17
318238.453000,0.6,-0.653,-0.449,-7.6,-2.08,-12.7
318238.468000,0.609,-0.641,-0.451,-9.22,-2.69,-13.98
318238.484000,0.618,-0.626,-0.459,-10.68,-3.42,-14.59
318238.484000,0.618,-0.621,-0.473,-12.51,-3.3,-14.31
318238.484000,0.624,-0.629,-0.474,-13.09,-1.89,-12.67
318238.500000,0.623,-0.637,-0.47,-12.45,-0.46,-11.14
318238.531000,0.62,-0.639,-0.47,-11.11,0.58,-10.01
318238.531000,0.615,-0.642,-0.476,-9.74,1.25,-8.67
318238.546000,0.613,-0.65,-0.475,-8.33,1.86,-7.17
318238.546000,0.605,-0.658,-0.464,-6.9,2.44,-5.89
318238.546000,0.603,-0.663,-0.463,-5.07,2.75,-5.25
318238.562000,0.603,-0.657,-0.472,-3.6,3.33,-5.37
318238.578000,0.599,-0.65,-0.463,-2.41,4.49,-5.46
318238.593000,0.599,-0.65,-0.448,-1.8,5.01,-5.37
318238.609000,0.599,-0.643,-0.446,-2.08,4.73,-5.86
318238.609000,0.595,-0.627,-0.442,-2.17,5.19,-6.13
318238.625000,0.587,-0.622,-0.423,-1.74,5.98,-5.25
318238.625000,0.581,-0.629,-0.41,-1.37,5.34,-3.66
318238.640000,0.58,-0.631,-0.416,-0.92,4.12,-2.47
318238.656000,0.583,-0.629,-0.419,-0.37,3.75,-1.68
318238.656000,0.588,-0.63,-0.416,0.09,3.23,-1.1
318238.671000,0.593,-0.638,-0.419,0.7,2.08,-0.73
318238.687000,0.597,-0.643,-0.427,0.79,1.28,-0.61
318238.687000,0.605,-0.642,-0.433,1.13,1.4,-0.79
318238.703000,0.604,-0.642,-0.43,1.59,1.68,-0.85
318238.703000,0.598,-0.652,-0.431,2.2,1.25,-0.61
318238.718000,0.601,-0.657,-0.444,2.26,0.64,-0.95
318238.734000,0.609,-0.649,-0.459,1.25,0.52,-2.23
318238.750000,0.608,-0.644,-0.462,0.09,1.53,-3.27
318238.750000,0.608,-0.652,-0.454,0.0,2.84,-3.45
318238.765000,0.61,-0.66,-0.453,1.07,3.48,-3.3
318238.765000,0.61,-0.657,-0.46,2.41,4.18,-3.17
318238.781000,0.612,-0.652,-0.461,3.63,4.94,-2.69
318238.796000,0.612,-0.649,-0.457,4.36,5.95,-2.01
318238.796000,0.61,-0.653,-0.447,4.97,6.81,-1.56
318238.812000,0.608,-0.655,-0.439,5.8,7.23,-1.65
318238.828000,0.604,-0.65,-0.432,6.38,7.23,-1.95
318238.828000,0.605,-0.641,-0.424,6.2,6.96,-1.98
318238.843000,0.606,-0.641,-0.417,6.16,6.5,-1.74
318238.843000,0.604,-0.64,-0.415,6.38,6.44,-1.65
318238.859000,0.602,-0.631,-0.414,5.8,6.23,-1.83
318238.875000,0.603,-0.624,-0.408,4.52,5.83,-2.04
318238.875000,0.607,-0.627,-0.401,2.62,3.88,-1.89
318238.890000,0.606,-0.629,-0.399,2.32,3.33,-1.71
318238.906000,0.605,-0.622,-0.402,1.59,3.05,-1.25
318238.906000,0.607,-0.613,-0.404,0.95,2.47,-0.12
318238.921000,0.607,-0.618,-0.407,1.07,2.08,1.43
318238.937000,0.606,-0.628,-0.406,1.86,1.34,2.84
318238.937000,0.615,-0.633,-0.418,2.84,0.89,4.0
318238.953000,0.618,-0.632,-0.425,3.63,1.04,5.1
318238.968000,0.616,-0.632,-0.427,3.97,1.62,5.92
318238.968000,0.609,-0.64,-0.426,4.0,2.56,6.68
318238.984000,0.606,-0.647,-0.422,4.39,3.42,7.32
318238.984000,0.6,-0.648,-0.412,5.04,3.66,7.81
318239.000000,0.598,-0.652,-0.404,6.04,3.45,8.55
318239.015000,0.602,-0.661,-0.388,7.26,3.05,9.58
318239.015000,0.61,-0.675,-0.372,8.76,2.9,10.01
318239.031000,0.615,-0.681,-0.375,10.04,2.38,8.73
318239.046000,0.607,-0.674,-0.386,9.7,1.56,5.71
318239.046000,0.606,-0.665,-0.396,7.29,0.37,2.17
318239.062000,0.608,-0.658,-0.409,3.57,-0.64,-1.83
318239.062000,0.606,-0.656,-0.418,0.55,-0.7,-5.19
318239.078000,0.606,-0.649,-0.417,-0.76,0.12,-7.57
318239.093000,0.602,-0.644,-0.411,-0.82,0.92,-8.39
318239.093000,0.603,-0.642,-0.407,0.61,1.53,-7.42
318239.109000,0.6,-0.64,-0.404,2.26,2.17,-5.95
318239.125000,0.594,-0.636,-0.403,2.99,2.56,-4.88
318239.125000,0.595,-0.636,-0.393,2.29,2.11,-4.43
318239.140000,0.601,-0.641,-0.384,0.55,0.79,-4.73
318239.156000,0.611,-0.647,-0.386,-1.53,-1.01,-5.74
318239.156000,0.617,-0.651,-0.395,-3.72,-2.5,-6.78
318239.171000,0.617,-0.649,-0.404,-5.37,-3.17,-7.48
318239.187000,0.615,-0.65,-0.416,-6.38,-3.27,-7.23
318239.187000,0.614,-0.653,-0.428,-6.41,-2.47,-6.1
318239.203000,0.604,-0.659,-0.433,-5.28,-0.73,-4.55
318239.203000,0.596,-0.668,-0.425,-3.33,1.13,-2.47
318239.218000,0.596,-0.683,-0.41,-1.62,1.43,-0.92
318239.218000,0.6,-0.696,-0.403,-0.4,0.24,-0.21
318239.234000,0.604,-0.701,-0.404,0.64,-0.92,-0.4
318239.250000,0.609,-0.702,-0.404,0.76,-1.46,-1.4
318239.265000,0.603,-0.702,-0.407,0.49,-1.56,-2.96
318239.265000,0.596,-0.702,-0.407,0.37,-1.31,-4.43
318239.281000,0.592,-0.698,-0.408,0.55,-1.46,-5.43
318239.281000,0.589,-0.695,-0.413,1.25,-1.74,-5.74
318239.296000,0.584,-0.689,-0.425,2.66,-1.65,-5.37
318239.312000,0.582,-0.683,-0.433,4.64,-0.89,-4.43
318239.312000,0.588,-0.673,-0.425,6.5,0.03,-2.96
318239.328000,0.594,-0.67,-0.418,7.81,0.46,-1.31
318239.343000,0.594,-0.667,-0.409,8.85,1.16,-0.18
318239.343000,0.595,-0.667,-0.394,9.4,1.59,0.43
318239.343000,0.595,-0.664,-0.383,9.13,1.1,0.37
318239.359000,0.593,-0.659,-0.375,8.09,-0.06,-0.43
318239.375000,0.59,-0.654,-0.373,7.32,-1.77,-1.19
318239.390000,0.586,-0.647,-0.372,6.96,-3.23,-1.19
318239.390000,0.588,-0.641,-0.377,6.71,-4.43,-0.73
318239.406000,0.596,-0.633,-0.381,6.53,-5.37,0.0
318239.406000,0.599,-0.632,-0.396,6.35,-6.07,1.01
318239.437000,0.604,-0.638,-0.404,6.04,-5.65,1.89
318239.437000,0.603,-0.644,-0.399,4.49,-5.22,1.62
318239.453000,0.6,-0.652,-0.402,2.56,-5.58,0.46
318239.453000,0.601,-0.662,-0.403,1.34,-6.04,-0.98
318239.468000,0.597,-0.669,-0.398,0.7,-6.71,-2.32
318239.484000,0.6,-0.671,-0.399,0.73,-7.57,-3.05
318239.500000,0.606,-0.664,-0.405,1.4,-8.45,-3.54
318239.500000,0.613,-0.661,-0.411,2.44,-8.79,-3.33
318239.515000,0.613,-0.668,-0.417,3.6,-8.64,-2.78
318239.515000,0.613,-0.667,-0.43,4.18,-8.12,-2.96
318239.531000,0.618,-0.66,-0.436,3.91,-7.23,-3.78
318239.546000,0.621,-0.655,-0.431,2.72,-6.35,-4.97
318239.546000,0.614,-0.653,-0.423,1.77,-5.52,-5.68
318239.562000,0.607,-0.653,-0.411,1.5,-4.58,-5.86
318239.578000,0.604,-0.651,-0.395,1.86,-3.94,-5.34
318239.578000,0.595,-0.652,-0.379,2.9,-4.12,-3.97
318239.593000,0.589,-0.662,-0.367,4.7,-4.85,-2.14
318239.593000,0.583,-0.667,-0.37,6.23,-5.95,-1.13
318239.609000,0.588,-0.663,-0.38,6.04,-7.23,-1.22
318239.625000,0.601,-0.672,-0.384,3.94,-8.97,-2.2
318239.625000,0.611,-0.681,-0.394,0.98,-10.22,-4.52
318239.640000,0.61,-0.681,-0.405,-2.14,-10.13,-7.6
318239.656000,0.6,-0.686,-0.398,-4.76,-8.55,-9.98
318239.656000,0.59,-0.703,-0.383,-5.74,-6.9,-10.83
318239.671000,0.58,-0.718,-0.377,-5.71,-6.13,-11.75
318239.687000,0.568,-0.722,-0.361,-5.52,-6.16,-12.76
318239.687000,0.556,-0.729,-0.346,-4.39,-7.32,-12.36
318239.703000,0.548,-0.738,-0.341,-1.68,-8.91,-10.32
318239.718000,0.544,-0.746,-0.338,2.2,-9.77,-7.51
318239.718000,0.542,-0.761,-0.327,6.5,-10.65,-4.0
318239.718000,0.541,-0.78,-0.31,10.74,-11.63,-0.64
318239.750000,0.534,-0.798,-0.313,14.68,-12.42,1.16
318239.750000,0.521,-0.808,-0.312,17.61,-13.09,1.65
318239.765000,0.504,-0.826,-0.299,18.92,-14.74,1.1
318239.765000,0.494,-0.852,-0.309,18.95,-17.52,-1.1
318239.781000,0.495,-0.87,-0.314,17.79,-19.84,-5.4
318239.796000,0.502,-0.882,-0.306,15.96,-22.55,-11.17
318239.812000,0.507,-0.893,-0.32,15.05,-25.54,-17.73
318239.812000,0.516,-0.888,-0.341,14.19,-27.41,-25.27
318239.812000,0.514,-0.869,-0.332,12.36,-28.41,-32.84
318239.828000,0.52,-0.858,-0.339,12.09,-29.79,-38.58
318239.843000,0.525,-0.837,-0.361,12.63,-30.4,-43.28
318239.843000,0.52,-0.8,-0.36,12.7,-29.94,-46.42
318239.859000,0.51,-0.789,-0.352,14.19,-29.73,-45.93
318239.875000,0.501,-0.796,-0.352,17.82,-29.97,-43.03
318239.890000,0.489,-0.799,-0.343,22.64,-30.21,-39.86
318239.890000,0.473,-0.797,-0.332,28.44,-31.46,-36.13
318239.906000,0.469,-0.8,-0.336,33.97,-34.06,-32.11
318239.906000,0.467,-0.804,-0.343,38.06,-37.35,-29.6
318239.921000,0.465,-0.804,-0.355,40.35,-40.68,-29.48
318239.937000,0.463,-0.801,-0.356,41.81,-43.28,-31.07
318239.937000,0.469,-0.801,-0.357,42.21,-45.99,-33.63
318239.953000,0.475,-0.785,-0.383,41.17,-48.65,-37.84
318239.968000,0.483,-0.761,-0.385,37.97,-49.93,-42.76
318239.968000,0.486,-0.759,-0.378,34.73,-51.45,-47.0
318239.984000,0.48,-0.762,-0.4,33.11,-53.13,-51.24
318240.000000,0.476,-0.745,-0.407,32.59,-54.54,-55.12
318240.000000,0.47,-0.733,-0.421,32.99,-57.07,-56.86
318240.015000,0.471,-0.725,-0.455,34.88,-59.82,-56.79
318240.015000,0.468,-0.705,-0.483,37.81,-60.88,-55.42
318240.031000,0.458,-0.689,-0.485,41.69,-60.55,-51.79
318240.046000,0.454,-0.693,-0.485,46.75,-59.97,-46.14
318240.046000,0.463,-0.703,-0.483,51.18,-59.6,-41.44
318240.062000,0.464,-0.713,-0.479,53.77,-59.42,-38.82
318240.078000,0.45,-0.725,-0.481,54.99,-60.06,-38.36
318240.078000,0.431,-0.738,-0.478,55.42,-62.11,-39.74
318240.093000,0.421,-0.752,-0.49,55.48,-65.37,-41.66
318240.093000,0.426,-0.749,-0.51,55.39,-68.51,-44.47
318240.109000,0.421,-0.746,-0.523,54.96,-70.86,-46.33
318240.125000,0.421,-0.77,-0.534,56.73,-71.08,-45.93
318240.125000,0.431,-0.786,-0.533,59.24,-71.11,-46.11
318240.140000,0.434,-0.794,-0.53,60.61,-72.18,-47.52
318240.156000,0.427,-0.815,-0.542,61.68,-74.07,-49.04
318240.156000,0.421,-0.833,-0.559,62.5,-75.5,-51.79
318240.171000,0.413,-0.834,-0.565,63.78,-76.97,-55.36
318240.171000,0.4,-0.843,-0.576,66.65,-79.44,-56.98
318240.187000,0.388,-0.861,-0.589,72.48,-81.94,-55.88
318240.203000,0.366,-0.888,-0.596,81.42,-84.63,-51.76
318240.203000,0.362,-0.925,-0.611,94.52,-87.98,-44.22
318240.218000,0.391,-0.943,-0.654,109.38,-90.0,-37.17
318240.234000,0.422,-0.916,-0.717,118.29,-89.72,-34.3
318240.250000,0.44,-0.902,-0.75,119.02,-86.06,-36.04
318240.250000,0.43,-0.922,-0.713,112.58,-81.76,-42.15
318240.265000,0.415,-0.947,-0.68,107.09,-80.72,-50.6
318240.281000,0.396,-0.955,-0.682,104.31,-81.85,-59.76
318240.281000,0.378,-0.955,-0.683,101.6,-82.98,-68.85
318240.281000,0.365,-0.946,-0.686,98.91,-85.02,-77.67
318240.296000,0.37,-0.916,-0.693,97.81,-87.53,-85.33
318240.312000,0.37,-0.879,-0.711,97.38,-89.91,-91.07
318240.312000,0.37,-0.848,-0.726,96.77,-90.85,-94.91
318240.328000,0.367,-0.83,-0.735,96.16,-90.15,-97.02
318240.328000,0.358,-0.823,-0.733,96.5,-88.08,-98.06
318240.359000,0.352,-0.817,-0.727,96.9,-86.46,-99.4
318240.359000,0.338,-0.812,-0.723,97.11,-86.67,-101.57
318240.375000,0.325,-0.803,-0.725,97.84,-88.05,-104.19
318240.390000,0.314,-0.778,-0.743,98.45,-90.37,-107.21
318240.390000,0.287,-0.753,-0.746,98.67,-92.17,-108.07
318240.406000,0.27,-0.766,-0.739,101.23,-92.47,-105.93
318240.406000,0.277,-0.778,-0.748,104.04,-93.51,-104.98
318240.421000,0.244,-0.767,-0.763,104.59,-95.03,-106.3
318240.421000,0.21,-0.783,-0.757,105.78,-95.16,-106.48
318240.437000,0.205,-0.792,-0.764,107.03,-97.35,-108.19
318240.453000,0.143,-0.791,-0.768,107.03,-101.35,-110.57
318240.468000,0.172,-0.828,-0.775,112.95,-111.18,-114.51
318240.468000,0.262,-0.798,-0.836,110.6,-115.91,-121.31
318240.484000,0.287,-0.713,-0.904,107.88,-112.86,-124.79
318240.484000,0.315,-0.683,-0.927,106.23,-106.97,-129.22
318240.500000,0.325,-0.696,-0.939,104.68,-100.25,-137.94
318240.515000,0.322,-0.578,-0.945,98.51,-96.38,-150.21
318240.515000,0.303,-0.519,-0.941,91.43,-93.51,-157.08
318240.531000,0.375,-0.473,-0.943,87.83,-90.43,-161.14
318240.531000,0.408,-0.366,-0.941,85.42,-88.66,-163.58
318240.546000,0.4,-0.294,-0.937,87.16,-84.96,-157.87
318240.546000,0.387,-0.308,-0.907,94.45,-77.0,-146.58
318240.578000,0.391,-0.353,-0.866,101.08,-72.24,-135.99
318240.578000,0.379,-0.373,-0.855,104.83,-72.73,-131.93
318240.593000,0.375,-0.368,-0.871,104.89,-75.81,-133.18
318240.609000,0.494,-0.295,-0.927,99.7,-80.23,-140.78
318240.609000,0.561,-0.153,-0.996,86.7,-83.16,-151.28
318240.609000,0.568,-0.082,-0.998,76.51,-74.31,-152.71
318240.640000,0.553,-0.089,-0.937,77.7,-60.09,-143.13
318240.640000,0.524,-0.12,-0.887,90.7,-49.65,-125.1
318240.656000,0.472,-0.191,-0.836,111.3,-43.0,-103.76
318240.656000,0.401,-0.256,-0.75,132.05,-41.35,-83.47
318240.671000,0.404,-0.302,-0.728,151.49,-45.5,-66.44
318240.687000,0.528,-0.282,-0.791,155.86,-53.93,-61.74
318240.687000,0.65,-0.173,-0.865,138.8,-62.23,-71.96
318240.703000,0.706,-0.1,-0.868,116.0,-63.6,-83.04
318240.703000,0.701,-0.158,-0.855,101.41,-57.31,-88.08
318240.718000,0.648,-0.246,-0.799,96.35,-46.82,-89.45
318240.734000,0.587,-0.305,-0.752,97.84,-41.57,-87.56
318240.750000,0.563,-0.329,-0.741,102.94,-42.36,-85.12
318240.750000,0.599,-0.326,-0.725,104.56,-45.84,-85.76
318240.750000,0.737,-0.269,-0.758,98.33,-53.56,-93.94
318240.781000,0.774,-0.15,-0.828,85.85,-58.08,-107.67
318240.781000,0.731,-0.109,-0.843,75.87,-53.29,-111.79
318240.796000,0.725,-0.191,-0.832,74.5,-43.55,-106.36
318240.796000,0.701,-0.226,-0.798,78.62,-34.36,-101.99
318240.812000,0.673,-0.191,-0.781,84.48,-29.73,-97.66
318240.828000,0.701,-0.165,-0.793,87.68,-29.11,-92.96
318240.828000,0.749,-0.142,-0.797,84.41,-29.45,-91.1
318240.843000,0.799,-0.1,-0.799,78.22,-28.81,-92.35
318240.843000,0.802,-0.037,-0.809,72.54,-26.92,-92.59
318240.843000,0.791,-0.013,-0.79,72.66,-20.87,-85.39
318240.875000,0.799,-0.05,-0.767,74.77,-14.77,-75.35
318240.875000,0.786,-0.063,-0.73,74.77,-11.26,-67.96
318240.890000,0.753,-0.079,-0.699,76.33,-7.78,-61.86
318240.890000,0.714,-0.114,-0.653,77.55,-6.16,-56.64
318240.906000,0.711,-0.172,-0.611,77.79,-6.65,-54.26
318240.921000,0.763,-0.211,-0.617,75.44,-10.5,-57.65
318240.937000,0.838,-0.161,-0.669,68.67,-16.08,-67.26
318240.937000,0.82,-0.082,-0.716,60.21,-17.88,-74.71
318240.953000,0.78,-0.089,-0.715,56.34,-13.34,-70.41
318240.953000,0.754,-0.177,-0.683,60.55,-5.77,-61.13
318240.968000,0.718,-0.249,-0.638,68.15,-1.65,-54.35
318240.984000,0.685,-0.289,-0.617,76.54,-2.62,-50.02
318240.984000,0.68,-0.322,-0.586,83.29,-5.46,-49.32
318241.000000,0.745,-0.326,-0.606,84.72,-10.96,-55.48
318241.015000,0.795,-0.253,-0.71,79.96,-17.79,-68.36
318241.031000,0.829,-0.157,-0.771,73.76,-17.33,-79.65
318241.031000,0.86,-0.06,-0.78,67.87,-9.74,-88.44
318241.046000,0.837,0.03,-0.713,62.65,1.89,-93.26
318241.046000,0.824,0.08,-0.615,61.77,14.5,-90.18
318241.062000,0.826,0.074,-0.512,64.97,25.39,-81.09
318241.062000,0.82,0.041,-0.406,70.83,31.83,-70.8
318241.078000,0.836,0.039,-0.329,75.87,31.28,-61.98
318241.093000,0.871,0.06,-0.269,76.05,22.74,-53.35
318241.109000,0.903,0.081,-0.229,70.1,10.19,-45.29
318241.109000,0.935,0.069,-0.236,61.77,-0.55,-37.48
318241.125000,0.961,0.027,-0.257,53.65,-5.86,-29.97
318241.125000,0.965,-0.025,-0.272,46.42,-5.83,-24.9
318241.140000,0.952,-0.075,-0.285,40.16,-3.66,-23.01
318241.156000,0.938,-0.129,-0.307,34.21,-3.85,-22.74
318241.156000,0.899,-0.199,-0.351,28.93,-6.32,-23.01
318241.171000,0.865,-0.278,-0.356,27.16,-8.58,-22.83
318241.187000,0.858,-0.341,-0.368,30.3,-11.78,-23.29
318241.187000,0.856,-0.368,-0.417,36.1,-12.94,-26.28
318241.187000,0.854,-0.341,-0.445,39.22,-10.13,-31.43
318241.218000,0.861,-0.294,-0.442,38.51,-5.43,-37.57
318241.218000,0.87,-0.262,-0.417,34.39,-1.86,-43.31
318241.234000,0.874,-0.238,-0.404,27.95,0.12,-49.87
318241.250000,0.886,-0.188,-0.387,20.84,1.31,-57.95
318241.250000,0.887,-0.117,-0.365,13.4,1.68,-64.7
318241.265000,0.886,-0.054,-0.356,6.65,2.01,-67.35
318241.265000,0.896,0.003,-0.348,1.37,2.96,-66.77
318241.281000,0.899,0.052,-0.339,-2.01,4.73,-63.63
318241.296000,0.893,0.098,-0.329,-4.3,6.74,-58.6
318241.296000,0.883,0.129,-0.315,-6.71,7.42,-51.33
318241.312000,0.867,0.119,-0.308,-8.36,6.41,-41.75
318241.312000,0.859,0.091,-0.299,-7.35,4.24,-31.71
318241.328000,0.854,0.073,-0.307,-3.45,0.76,-22.03
318241.343000,0.855,0.066,-0.329,2.62,-2.53,-12.18
318241.359000,0.864,0.057,-0.367,7.9,-4.58,-2.81
318241.359000,0.875,0.035,-0.39,10.74,-4.7,4.58
318241.375000,0.884,0.016,-0.392,10.93,-3.85,8.7
318241.375000,0.88,-0.004,-0.403,8.73,-3.14,10.22
318241.390000,0.873,-0.034,-0.398,5.25,-1.77,10.01
318241.406000,0.869,-0.06,-0.376,0.98,-0.82,8.85
318241.406000,0.862,-0.083,-0.371,-2.26,-0.7,7.2
318241.421000,0.856,-0.103,-0.364,-4.64,-0.12,5.89
318241.437000,0.852,-0.117,-0.357,-6.07,-0.06,5.49
318241.437000,0.852,-0.135,-0.346,-5.77,-1.19,6.1
318241.453000,0.856,-0.152,-0.345,-4.58,-3.75,7.32
318241.453000,0.864,-0.163,-0.353,-3.14,-6.38,8.33
318241.468000,0.877,-0.164,-0.359,-1.83,-8.15,8.73
318241.484000,0.885,-0.161,-0.371,-1.01,-8.91,8.76
318241.500000,0.892,-0.155,-0.377,-1.37,-8.7,8.12
318241.500000,0.894,-0.153,-0.381,-3.17,-8.06,7.02
318241.515000,0.889,-0.148,-0.387,-5.49,-7.23,5.58
318241.515000,0.884,-0.147,-0.39,-7.57,-5.92,4.33
318241.546000,0.875,-0.158,-0.391,-8.97,-5.04,3.78
318241.546000,0.876,-0.171,-0.382,-8.79,-4.55,3.72
318241.546000,0.872,-0.176,-0.388,-7.75,-5.52,3.72
318241.562000,0.87,-0.175,-0.397,-5.8,-6.07,4.58
318241.578000,0.88,-0.175,-0.393,-3.48,-6.16,5.77
318241.578000,0.892,-0.177,-0.395,-1.83,-6.71,6.26
318241.593000,0.901,-0.164,-0.408,-0.92,-6.59,5.68
318241.593000,0.904,-0.141,-0.41,-1.77,-5.68,4.97
318241.609000,0.905,-0.131,-0.407,-3.63,-4.55,4.88
318241.625000,0.904,-0.139,-0.409,-5.28,-3.57,5.07
318241.625000,0.9,-0.145,-0.406,-6.68,-2.59,4.88
318241.640000,0.89,-0.15,-0.407,-7.29,-1.74,5.04
318241.656000,0.89,-0.165,-0.409,-6.56,-1.07,6.1
318241.656000,0.89,-0.177,-0.415,-5.07,-0.73,7.32
318241.671000,0.892,-0.186,-0.41,-3.14,-0.61,8.27
318241.671000,0.897,-0.188,-0.41,-1.01,-0.7,8.97
318241.687000,0.895,-0.185,-0.417,0.98,-0.55,9.06
318241.687000,0.896,-0.178,-0.413,1.62,0.06,8.88
318241.703000,0.894,-0.176,-0.412,1.4,0.79,8.67
318241.718000,0.894,-0.179,-0.401,0.7,1.13,8.09
318241.718000,0.892,-0.181,-0.403,-0.43,0.98,7.08
318241.734000,0.888,-0.183,-0.406,-1.74,0.98,6.01
318241.750000,0.888,-0.188,-0.399,-2.72,1.43,5.01
318241.750000,0.881,-0.194,-0.402,-3.08,1.53,4.36
318241.765000,0.877,-0.2,-0.402,-2.99,1.8,3.48
318241.781000,0.876,-0.197,-0.395,-2.75,2.14,2.53
318241.796000,0.876,-0.191,-0.394,-2.2,1.92,1.53
318241.796000,0.872,-0.184,-0.394,-1.86,1.62,0.58
318241.812000,0.873,-0.175,-0.388,-2.2,1.16,-0.15
318241.812000,0.869,-0.166,-0.39,-2.87,0.95,-0.55
318241.812000,0.861,-0.16,-0.381,-3.81,0.73,-0.43
318241.843000,0.858,-0.16,-0.372,-4.18,-0.09,0.4
318241.843000,0.862,-0.158,-0.365,-3.94,-1.4,0.73
318241.843000,0.862,-0.153,-0.366,-3.75,-3.11,0.98
318241.875000,0.866,-0.148,-0.363,-3.63,-4.3,1.5
318241.890000,0.869,-0.142,-0.363,-3.3,-5.31,2.29
318241.890000,0.868,-0.139,-0.377,-3.2,-5.77,2.99
318241.906000,0.872,-0.14,-0.384,-3.6,-5.52,3.63
318241.906000,0.875,-0.14,-0.38,-4.18,-4.97,4.27
318241.921000,0.875,-0.14,-0.385,-4.55,-5.01,4.73
318241.937000,0.876,-0.143,-0.394,-5.4,-5.31,5.1
318241.937000,0.878,-0.147,-0.393,-6.74,-5.74,5.49
318241.953000,0.877,-0.156,-0.396,-7.72,-6.32,5.92
318241.953000,0.874,-0.17,-0.394,-7.6,-6.04,6.35
318241.968000,0.873,-0.18,-0.388,-6.53,-5.89,6.81
318241.984000,0.872,-0.18,-0.388,-5.19,-6.23,7.42
318242.000000,0.873,-0.178,-0.392,-3.66,-6.93,8.21
318242.000000,0.875,-0.173,-0.395,-2.44,-7.51,8.82
318242.015000,0.873,-0.167,-0.4,-1.77,-8.18,9.22
318242.031000,0.88,-0.165,-0.394,-1.37,-8.67,9.06
318242.031000,0.887,-0.156,-0.402,-5.07,-9.64,4.73
318242.031000,0.886,-0.145,-0.42,-9.58,-9.34,2.56
318242.046000,0.891,-0.147,-0.427,-14.04,-8.97,0.37
318242.062000,0.892,-0.15,-0.418,-17.06,-9.0,-1.19
318242.078000,0.884,-0.154,-0.419,-17.24,-8.18,-0.79
318242.078000,0.876,-0.168,-0.429,-15.59,-6.56,0.73
318242.093000,0.862,-0.185,-0.399,-13.09,-7.29,2.93
318242.109000,0.863,-0.189,-0.404,-10.32,-9.95,5.31
318242.109000,0.868,-0.193,-0.412,-7.9,-12.02,6.93
318242.125000,0.869,-0.191,-0.426,-6.87,-13.21,7.42
318242.125000,0.862,-0.197,-0.443,-6.84,-13.95,7.63
318242.140000,0.86,-0.219,-0.466,-7.32,-14.07,7.57
318242.140000,0.867,-0.229,-0.483,-8.3,-13.03,6.5
318242.156000,0.86,-0.23,-0.489,-8.79,-10.5,5.01
318242.171000,0.858,-0.24,-0.484,-7.87,-6.78,4.3
318242.187000,0.859,-0.241,-0.474,-6.65,-3.94,3.36
318242.187000,0.856,-0.234,-0.469,-5.89,-2.32,1.98
318242.203000,0.852,-0.221,-0.458,-5.95,-1.43,0.21
318242.218000,0.847,-0.218,-0.458,-6.74,-1.71,-1.25
318242.218000,0.841,-0.224,-0.465,-7.14,-1.89,-2.08
318242.234000,0.84,-0.226,-0.458,-6.81,-2.14,-2.69
318242.234000,0.841,-0.221,-0.455,-5.31,-2.78,-3.02
318242.250000,0.845,-0.21,-0.454,-3.54,-3.08,-2.9
318242.250000,0.848,-0.199,-0.457,-1.98,-2.9,-2.5
318242.265000,0.851,-0.188,-0.458,-0.55,-1.95,-2.08
318242.281000,0.851,-0.181,-0.45,0.21,-1.28,-1.62
318242.296000,0.85,-0.176,-0.443,0.73,-1.65,-1.16
318242.296000,0.851,-0.17,-0.443,1.43,-2.29,-0.73
318242.296000,0.855,-0.167,-0.453,1.74,-2.81,-0.55
318242.312000,0.858,-0.161,-0.46,1.56,-2.69,-0.98
318242.328000,0.862,-0.152,-0.452,0.55,-2.14,-1.68
318242.343000,0.86,-0.145,-0.449,-0.89,-1.83,-2.38
318242.343000,0.857,-0.144,-0.444,-2.04,-1.86,-2.62
318242.359000,0.854,-0.141,-0.438,-2.9,-1.89,-2.78
318242.375000,0.845,-0.138,-0.434,-3.14,-2.17,-2.11
318242.375000,0.838,-0.144,-0.43,-2.72,-3.08,-0.79
318242.390000,0.838,-0.148,-0.436,-1.86,-4.61,0.73
318242.406000,0.837,-0.153,-0.451,-0.67,-6.04,2.35
318242.406000,0.844,-0.155,-0.456,0.15,-6.87,3.36
318242.421000,0.849,-0.157,-0.472,-0.03,-7.23,3.78
318242.421000,0.851,-0.162,-0.492,-0.49,-6.07,3.51
318242.453000,0.853,-0.166,-0.491,-1.13,-3.94,2.44
318242.453000,0.847,-0.162,-0.488,-2.53,-2.62,1.01
318242.453000,0.846,-0.162,-0.485,-3.72,-1.71,0.21
318242.468000,0.843,-0.16,-0.477,-4.3,-1.13,0.06
318242.468000,0.839,-0.164,-0.468,-4.36,-0.85,0.67
318242.484000,0.835,-0.175,-0.465,-3.42,-1.28,1.8
318242.500000,0.834,-0.18,-0.465,-1.59,-1.65,2.9
318242.515000,0.833,-0.179,-0.465,0.49,-1.95,4.0
318242.515000,0.835,-0.183,-0.462,1.92,-2.59,4.97
318242.531000,0.842,-0.188,-0.46,2.69,-3.33,5.65
318242.546000,0.847,-0.192,-0.471,2.84,-3.88,5.37
318242.546000,0.849,-0.191,-0.473,2.41,-3.6,4.7
318242.562000,0.852,-0.186,-0.477,1.1,-3.11,3.57
318242.578000,0.854,-0.18,-0.481,-0.52,-2.26,2.11
318242.578000,0.856,-0.179,-0.475,-1.89,-1.1,1.07
318242.593000,0.857,-0.181,-0.472,-2.56,-0.18,0.24
318242.593000,0.854,-0.179,-0.468,-2.56,0.27,-0.34
318242.609000,0.847,-0.174,-0.464,-2.35,0.03,-0.52
318242.625000,0.843,-0.168,-0.462,-2.17,-0.85,-0.06
318242.625000,0.844,-0.169,-0.468,-1.56,-1.65,1.07
318242.640000,0.844,-0.168,-0.473,-0.67,-1.8,2.01
318242.656000,0.846,-0.161,-0.468,-0.24,-1.68,2.59
318242.656000,0.847,-0.159,-0.477,-0.15,-1.4,3.05
318242.671000,0.851,-0.161,-0.479,-0.24,-0.82,3.42
318242.687000,0.848,-0.161,-0.47,-0.61,-0.21,3.3
318242.687000,0.846,-0.161,-0.466,-0.89,0.03,2.93
318242.703000,0.845,-0.161,-0.468,-1.59,0.12,2.56
318242.703000,0.841,-0.162,-0.468,-2.66,0.15,2.14
318242.718000,0.833,-0.167,-0.465,-3.42,0.21,1.92
318242.718000,0.833,-0.17,-0.467,-4.55,0.0,1.46
318242.734000,0.834,-0.166,-0.474,-6.5,-0.12,0.27
318242.750000,0.838,-0.167,-0.476,-9.0,0.12,-1.07
318242.765000,0.847,-0.169,-0.483,-12.63,0.85,-3.14
318242.765000,0.857,-0.173,-0.489,-17.64,2.47,-6.62
318242.781000,0.858,-0.174,-0.488,-23.56,4.09,-11.26
318242.796000,0.857,-0.174,-0.492,-29.45,5.8,-16.21
318242.796000,0.859,-0.174,-0.489,-34.67,7.81,-21.15
318242.812000,0.851,-0.172,-0.477,-38.7,9.19,-25.36
318242.812000,0.845,-0.171,-0.461,-39.95,9.64,-27.65
318242.828000,0.847,-0.165,-0.447,-38.42,8.73,-27.92
318242.828000,0.842,-0.154,-0.441,-35.16,6.47,-26.37
318242.843000,0.849,-0.136,-0.441,-29.94,4.09,-23.29
318242.859000,0.853,-0.119,-0.45,-23.87,1.77,-18.98
318242.875000,0.859,-0.109,-0.465,-18.01,0.61,-14.22
318242.875000,0.865,-0.1,-0.476,-12.76,0.61,-9.67
318242.890000,0.871,-0.092,-0.469,-8.24,1.46,-5.68
318242.906000,0.87,-0.092,-0.462,-4.58,1.5,-1.98
318242.906000,0.875,-0.096,-0.463,-1.4,1.19,1.04
318242.906000,0.876,-0.095,-0.461,0.15,1.25,2.32
318242.937000,0.875,-0.092,-0.46,-0.37,1.01,2.59
318242.937000,0.875,-0.093,-0.46,-1.98,1.5,2.01
318242.953000,0.87,-0.102,-0.447,-3.97,1.95,1.22
318242.968000,0.864,-0.109,-0.443,-5.19,1.86,0.43
318242.984000,0.864,-0.107,-0.444,-5.98,1.28,-0.58
318242.984000,0.859,-0.108,-0.447,-6.47,0.58,-1.04
318242.984000,0.853,-0.115,-0.449,-5.71,-0.18,-0.64
318243.000000,0.85,-0.119,-0.449,-4.52,-1.46,-0.15
318243.015000,0.85,-0.115,-0.455,-3.02,-2.72,0.31
318243.015000,0.855,-0.107,-0.466,-1.68,-2.93,0.76
318243.031000,0.855,-0.1,-0.473,-1.8,-2.53,1.19
318243.046000,0.855,-0.099,-0.468,-2.62,-1.5,1.43
318243.062000,0.854,-0.103,-0.465,-2.93,-0.89,1.53
318243.062000,0.855,-0.102,-0.463,-3.42,-0.43,0.95
318243.062000,0.849,-0.094,-0.466,-4.43,-0.31,-0.03
318243.078000,0.843,-0.089,-0.467,-5.34,0.21,-0.21
318243.093000,0.842,-0.085,-0.46,-5.8,0.61,0.18
318243.109000,0.837,-0.08,-0.453,-5.37,0.73,1.01
318243.109000,0.835,-0.073,-0.442,-4.3,0.34,2.38
318243.125000,0.829,-0.072,-0.444,-2.9,-0.64,4.39
318243.125000,0.829,-0.072,-0.453,-1.59,-1.95,6.59
318243.140000,0.83,-0.067,-0.454,-0.85,-3.48,8.15
318243.156000,0.827,-0.059,-0.46,-0.73,-5.01,9.64
318243.156000,0.835,-0.061,-0.475,-0.95,-5.4,11.02
318243.171000,0.84,-0.062,-0.483,-1.59,-4.79,11.51
318243.187000,0.841,-0.055,-0.481,-2.93,-4.0,11.05
318243.187000,0.847,-0.045,-0.472,-4.61,-3.63,10.5
318243.203000,0.848,-0.039,-0.471,-6.47,-4.0,10.35
318243.203000,0.846,-0.032,-0.472,-7.97,-4.27,10.44
318243.218000,0.843,-0.023,-0.467,-8.97,-3.78,10.71
318243.218000,0.835,-0.011,-0.463,-9.98,-4.03,12.27
318243.250000,0.836,-0.012,-0.464,-10.65,-4.85,14.68
318243.250000,0.836,-0.01,-0.464,-11.29,-5.58,16.79
318243.250000,0.828,0.0,-0.458,-12.24,-6.38,19.01
318243.250000,0.825,0.001,-0.451,-12.7,-7.35,21.97
318243.265000,0.829,0.006,-0.451,-12.91,-8.45,24.51
318243.296000,0.827,0.027,-0.452,-14.07,-9.61,26.67
318243.296000,0.835,0.05,-0.464,-15.35,-10.5,29.76
318243.312000,0.854,0.082,-0.482,-16.72,-10.53,32.47
318243.328000,0.863,0.125,-0.514,-18.89,-10.04,34.85
318243.328000,0.865,0.172,-0.538,-22.55,-6.74,38.36
318243.343000,0.857,0.197,-0.514,-26.8,-2.17,43.61
318243.343000,0.854,0.184,-0.518,-31.62,0.15,49.23
318243.359000,0.841,0.162,-0.498,-36.77,2.11,53.1
318243.375000,0.806,0.151,-0.471,-41.35,2.01,56.49
318243.375000,0.772,0.139,-0.461,-44.37,-0.31,61.19
318243.390000,0.748,0.092,-0.476,-46.17,-4.39,67.51
318243.390000,0.735,0.019,-0.494,-47.43,-9.31,73.61
318243.406000,0.733,-0.04,-0.511,-49.35,-15.32,77.12
318243.421000,0.737,-0.098,-0.573,-50.72,-20.33,78.19
318243.421000,0.754,-0.146,-0.592,-52.86,-21.73,76.63
318243.437000,0.752,-0.185,-0.62,-54.72,-22.95,73.92
318243.453000,0.749,-0.232,-0.67,-53.93,-22.52,71.93
318243.468000,0.762,-0.282,-0.695,-51.97,-18.52,69.06
318243.468000,0.774,-0.29,-0.699,-52.22,-14.62,64.39
318243.484000,0.766,-0.276,-0.7,-52.22,-11.11,59.97
318243.484000,0.754,-0.286,-0.682,-50.51,-6.47,57.56
318243.500000,0.75,-0.315,-0.658,-48.68,-1.89,56.4
318243.515000,0.748,-0.329,-0.646,-47.12,0.46,54.57
318243.515000,0.741,-0.324,-0.614,-46.21,0.43,52.03
318243.531000,0.72,-0.323,-0.614,-45.78,-1.65,50.6
318243.546000,0.721,-0.345,-0.631,-43.61,-2.32,50.23
318243.546000,0.724,-0.362,-0.614,-41.29,-1.83,49.2
318243.562000,0.719,-0.385,-0.616,-38.18,-2.87,48.25
318243.562000,0.731,-0.408,-0.613,-34.15,-3.02,47.21
318243.578000,0.734,-0.415,-0.603,-31.01,-2.14,45.35
318243.593000,0.743,-0.428,-0.604,-28.53,-0.89,43.34
318243.609000,0.758,-0.441,-0.595,-27.53,0.18,40.13
318243.609000,0.759,-0.445,-0.591,-29.18,1.83,32.29
318243.625000,0.748,-0.45,-0.57,-27.5,2.75,30.27
318243.625000,0.753,-0.475,-0.56,-25.39,2.38,27.53
318243.640000,0.757,-0.495,-0.551,-22.71,1.31,24.35
318243.656000,0.756,-0.501,-0.547,-19.65,0.43,21.24
318243.656000,0.767,-0.479,-0.558,-16.75,0.76,18.59
318243.671000,0.777,-0.462,-0.568,-13.67,2.14,16.42
318243.671000,0.784,-0.431,-0.57,-12.51,3.88,13.89
318243.687000,0.777,-0.415,-0.55,-11.81,6.2,12.12
318243.703000,0.777,-0.425,-0.541,-9.43,8.09,11.51
318243.718000,0.778,-0.423,-0.533,-6.74,8.97,9.95
318243.718000,0.773,-0.406,-0.518,-4.33,8.76,7.81
318243.718000,0.768,-0.387,-0.511,-2.26,8.0,6.29
318243.734000,0.773,-0.368,-0.511,-0.55,7.48,4.97
318243.750000,0.771,-0.344,-0.505,0.15,7.29,3.78
318243.765000,0.762,-0.33,-0.485,0.34,6.99,3.14
318243.781000,0.754,-0.334,-0.474,0.76,5.68,3.17
318243.781000,0.753,-0.342,-0.482,1.86,3.69,2.99
318243.796000,0.756,-0.34,-0.494,2.81,1.74,1.89
318243.796000,0.759,-0.328,-0.51,2.59,0.0,0.24
318243.812000,0.767,-0.31,-0.523,1.59,-0.46,-1.28
318243.828000,0.769,-0.301,-0.524,0.95,0.24,-2.04
318243.828000,0.769,-0.306,-0.524,1.62,1.1,-2.11
318243.843000,0.771,-0.309,-0.523,3.05,1.68,-2.38
318243.859000,0.767,-0.297,-0.517,3.72,1.22,-2.75
318243.859000,0.764,-0.292,-0.517,4.24,0.12,-2.23
318243.875000,0.765,-0.303,-0.524,5.43,-0.7,-1.46
318243.875000,0.772,-0.304,-0.529,6.1,-1.53,-1.95
318243.890000,0.775,-0.288,-0.546,5.58,-2.56,-3.17
318243.906000,0.781,-0.272,-0.562,4.21,-2.11,-4.18
318243.906000,0.779,-0.259,-0.556,2.69,-0.58,-4.97
318243.921000,0.774,-0.257,-0.542,1.65,0.76,-5.4
318243.921000,0.776,-0.253,-0.543,1.5,1.34,-5.71
318243.937000,0.78,-0.23,-0.541,1.04,0.92,-6.1
318243.953000,0.779,-0.205,-0.55,0.61,0.18,-5.07
318243.953000,0.778,-0.19,-0.556,1.04,0.21,-2.66
318243.968000,0.779,-0.177,-0.557,2.08,0.4,0.0
318243.968000,0.778,-0.158,-0.569,3.17,0.09,2.99
318243.984000,0.774,-0.134,-0.587,4.15,0.06,5.89
318244.000000,0.765,-0.112,-0.607,4.73,0.55,9.13
318244.000000,0.758,-0.091,-0.634,4.73,1.46,12.09
318244.015000,0.754,-0.061,-0.66,3.45,3.33,14.04
318244.031000,0.747,-0.02,-0.693,1.13,5.16,15.26
318244.031000,0.732,0.026,-0.725,-1.46,8.06,16.69
318244.046000,0.703,0.069,-0.749,-3.66,11.87,19.23
318244.062000,0.682,0.114,-0.771,-5.04,16.11,23.5
318244.062000,0.676,0.162,-0.799,-5.98,21.24,28.26
318244.078000,0.681,0.234,-0.813,-6.87,26.98,32.44
318244.093000,0.684,0.325,-0.828,-9.09,32.29,37.11
318244.093000,0.677,0.414,-0.85,-12.82,38.03,43.52
318244.109000,0.676,0.484,-0.842,-16.42,45.81,51.55
318244.125000,0.657,0.537,-0.829,-22.37,52.64,60.09
318244.125000,0.625,0.591,-0.826,-30.12,57.95,69.43
318244.140000,0.609,0.648,-0.803,-37.42,62.81,78.65
318244.156000,0.581,0.693,-0.804,-47.4,63.94,89.45
318244.156000,0.546,0.714,-0.798,-59.36,63.26,103.06
318244.171000,0.509,0.691,-0.795,-69.55,61.98,118.96
318244.171000,0.479,0.638,-0.791,-78.07,60.34,135.53
318244.187000,0.437,0.582,-0.806,-85.27,57.19,151.34
318244.203000,0.399,0.512,-0.848,-91.46,53.01,166.69
318244.203000,0.375,0.423,-0.903,-98.61,49.29,179.91
318244.218000,0.356,0.331,-0.951,-107.52,45.75,189.7
318244.234000,0.339,0.237,-1.038,-117.71,42.54,195.81
318244.250000,0.326,0.147,-1.133,-128.15,43.79,198.52
318244.250000,0.308,0.067,-1.207,-139.29,48.04,197.55
318244.265000,0.271,-0.009,-1.29,-150.49,53.87,195.44
318244.281000,0.237,-0.083,-1.343,-157.9,60.85,194.16
318244.281000,0.196,-0.188,-1.367,-159.95,67.02,196.05
318244.296000,0.156,-0.303,-1.375,-158.3,71.11,199.1
318244.296000,0.129,-0.399,-1.391,-155.77,73.85,200.63
318244.312000,0.121,-0.46,-1.395,-153.87,77.43,199.9
318244.328000,0.111,-0.5,-1.403,-155.83,79.13,196.97
318244.328000,0.098,-0.538,-1.424,-160.22,80.23,192.08
318244.343000,0.129,-0.573,-1.436,-165.2,82.09,184.73
318244.343000,0.137,-0.583,-1.469,-175.48,82.89,174.02
318244.359000,0.128,-0.595,-1.501,-186.65,86.86,161.81
318244.375000,0.135,-0.602,-1.5,-197.85,89.51,150.88
318244.390000,0.125,-0.608,-1.503,-207.46,89.18,144.2
318244.390000,0.112,-0.638,-1.468,-211.07,90.27,141.7
318244.406000,0.119,-0.65,-1.421,-213.54,87.19,142.67
318244.406000,0.129,-0.676,-1.42,-213.32,82.67,147.16
318244.421000,0.148,-0.724,-1.459,-210.49,79.35,151.28
318244.437000,0.165,-0.745,-1.492,-208.44,77.55,153.2
318244.437000,0.171,-0.73,-1.508,-208.47,77.09,155.71
318244.453000,0.154,-0.739,-1.51,-205.48,80.97,160.83
318244.468000,0.124,-0.769,-1.493,-200.93,84.48,168.83
318244.468000,0.098,-0.821,-1.463,-192.08,88.56,179.08
318244.484000,0.075,-0.87,-1.405,-179.54,92.59,189.25
318244.500000,0.05,-0.901,-1.412,-168.13,95.16,196.72
318244.500000,0.035,-0.922,-1.423,-161.81,100.07,198.92
318244.515000,0.001,-0.947,-1.395,-161.08,104.95,197.7
318244.531000,-0.039,-0.997,-1.351,-160.68,108.46,196.63
318244.531000,-0.04,-1.057,-1.288,-154.39,111.91,194.31
318244.546000,-0.044,-1.091,-1.249,-145.66,112.31,190.16
318244.546000,-0.044,-1.095,-1.209,-134.19,114.2,185.98
318244.562000,-0.036,-1.085,-1.186,-121.8,116.43,182.78
318244.578000,-0.02,-1.067,-1.155,-110.66,119.54,178.81
318244.578000,-0.012,-1.045,-1.108,-102.57,122.68,173.92
318244.593000,-0.01,-1.032,-1.035,-96.68,125.64,169.47
318244.609000,0.005,-1.031,-0.942,-91.53,129.18,163.12
318244.609000,0.009,-1.03,-0.855,-87.59,130.44,154.15
318244.625000,-0.006,-1.026,-0.773,-84.57,129.09,143.8
318244.640000,-0.024,-1.005,-0.714,-81.61,125.13,132.3
318244.640000,-0.035,-0.961,-0.675,-79.62,118.41,121.43
318244.656000,-0.023,-0.914,-0.64,-77.06,109.96,113.86
318244.671000,0.007,-0.873,-0.61,-70.41,101.35,109.68
318244.671000,0.053,-0.834,-0.579,-62.62,92.59,108.49
318244.671000,0.1,-0.788,-0.588,-56.86,84.63,106.97
318244.687000,0.135,-0.733,-0.618,-58.32,79.47,101.41
318244.703000,0.152,-0.694,-0.603,-67.48,77.76,93.94
318244.718000,0.134,-0.703,-0.54,-75.96,77.36,88.2
318244.718000,0.107,-0.739,-0.481,-78.86,75.41,84.48
318244.734000,0.098,-0.755,-0.444,-76.66,70.22,81.36
318244.734000,0.133,-0.766,-0.453,-70.86,61.07,80.48
318244.750000,0.171,-0.795,-0.511,-60.46,50.57,82.83
318244.750000,0.212,-0.81,-0.562,-48.52,44.13,86.49
318244.765000,0.24,-0.795,-0.598,-40.01,44.65,87.77
318244.781000,0.245,-0.788,-0.59,-35.43,49.26,87.71
318244.796000,0.233,-0.799,-0.553,-32.2,54.81,86.12
318244.796000,0.219,-0.817,-0.508,-29.57,58.26,82.67
318244.812000,0.2,-0.819,-0.448,-28.14,59.18,77.94
318244.812000,0.212,-0.802,-0.405,-26.86,56.25,73.21
318244.828000,0.248,-0.771,-0.385,-25.7,51.48,69.03
318244.843000,0.272,-0.743,-0.369,-25.57,46.42,66.19
318244.859000,0.278,-0.729,-0.355,-25.51,41.87,65.25
318244.859000,0.294,-0.715,-0.343,-25.24,37.08,65.43
318244.859000,0.291,-0.74,-0.354,-23.44,32.01,67.78
318244.875000,0.29,-0.779,-0.393,-21.73,25.94,70.22
318244.890000,0.277,-0.809,-0.442,-18.19,21.7,72.21
318244.906000,0.291,-0.84,-0.451,-13.15,19.35,74.62
318244.906000,0.316,-0.867,-0.468,-5.43,17.82,75.72
318244.921000,0.333,-0.871,-0.477,-0.12,16.97,74.59
318244.937000,0.346,-0.882,-0.471,2.9,17.21,72.18
318244.937000,0.361,-0.899,-0.478,4.91,17.37,67.54
318244.937000,0.377,-0.902,-0.48,4.91,17.09,60.15
318244.968000,0.379,-0.895,-0.48,2.08,15.26,51.06
318244.968000,0.387,-0.891,-0.477,-1.16,13.52,42.18
318244.968000,0.402,-0.877,-0.485,-3.66,12.27,33.57
318244.984000,0.399,-0.841,-0.495,-4.3,11.63,26.58
318245.000000,0.397,-0.805,-0.488,-3.17,11.81,22.77
318245.015000,0.432,-0.782,-0.471,-1.95,11.05,21.3
318245.015000,0.474,-0.763,-0.476,-2.72,8.82,19.38
318245.015000,0.498,-0.731,-0.492,-4.3,8.3,15.78
318245.031000,0.491,-0.689,-0.504,-7.08,8.36,13.0
318245.046000,0.485,-0.669,-0.509,-10.86,8.09,12.05
318245.046000,0.479,-0.666,-0.505,-14.34,6.62,12.6
318245.078000,0.462,-0.666,-0.493,-14.8,4.39,14.71
318245.078000,0.452,-0.665,-0.485,-12.36,0.82,19.01
318245.093000,0.449,-0.664,-0.499,-9.0,-3.66,24.45
318245.109000,0.445,-0.658,-0.522,-6.32,-7.69,29.66
318245.109000,0.436,-0.665,-0.537,-4.03,-10.22,33.88
318245.125000,0.422,-0.68,-0.55,-3.36,-12.91,36.9
318245.125000,0.399,-0.714,-0.567,-2.84,-15.38,38.91
318245.140000,0.389,-0.762,-0.585,-0.76,-17.18,40.74
318245.156000,0.38,-0.805,-0.613,2.96,-17.58,40.44
318245.156000,0.365,-0.823,-0.615,5.13,-16.54,38.06
318245.171000,0.354,-0.847,-0.622,7.75,-15.17,34.88
318245.187000,0.379,-0.847,-0.628,10.19,-9.67,22.1
318245.187000,0.384,-0.823,-0.627,8.73,-5.25,14.34
318245.203000,0.402,-0.812,-0.609,4.09,-2.93,5.34
318245.203000,0.414,-0.789,-0.576,-2.11,-3.91,-2.5
318245.218000,0.402,-0.762,-0.562,-5.92,-5.07,-7.9
318245.234000,0.4,-0.755,-0.563,-7.29,-5.43,-11.6
318245.234000,0.399,-0.737,-0.58,-6.29,-5.77,-13.34
318245.250000,0.404,-0.725,-0.584,-2.66,-4.09,-13.49
318245.265000,0.422,-0.699,-0.597,0.52,-2.14,-13.86
318245.265000,0.431,-0.672,-0.606,1.62,0.31,-13.31
318245.281000,0.439,-0.636,-0.554,2.62,1.83,-10.5
318245.281000,0.428,-0.655,-0.594,5.58,0.37,-8.15
318245.296000,0.453,-0.651,-0.574,5.34,2.32,-8.88
318245.312000,0.445,-0.636,-0.571,2.26,0.89,-9.03
318245.312000,0.445,-0.641,-0.578,1.5,0.58,-7.81
318245.328000,0.452,-0.656,-0.581,0.85,0.43,-7.51
318245.328000,0.453,-0.651,-0.59,0.21,-0.46,-8.42
318245.343000,0.451,-0.64,-0.604,0.7,-0.58,-8.55
318245.359000,0.446,-0.641,-0.605,3.23,0.92,-7.54
318245.375000,0.429,-0.642,-0.604,6.41,2.17,-5.43
318245.375000,0.44,-0.655,-0.605,10.22,3.48,-2.96
318245.390000,0.462,-0.658,-0.608,12.76,3.81,-2.32
318245.406000,0.469,-0.633,-0.611,12.82,4.06,-2.99
318245.406000,0.475,-0.619,-0.607,11.35,5.34,-3.11
318245.421000,0.472,-0.622,-0.595,9.16,6.74,-2.59
318245.437000,0.464,-0.634,-0.57,7.9,7.66,-1.28
318245.437000,0.457,-0.654,-0.551,8.67,7.02,0.0
318245.453000,0.456,-0.66,-0.558,9.58,4.97,0.4
318245.468000,0.455,-0.645,-0.568,10.16,3.48,0.12
318245.468000,0.453,-0.638,-0.581,10.59,2.75,0.34
318245.484000,0.453,-0.628,-0.58,9.46,2.78,0.89
318245.500000,0.449,-0.632,-0.572,8.03,3.75,1.89
318245.500000,0.452,-0.649,-0.546,8.45,5.68,2.87
318245.515000,0.438,-0.657,-0.54,7.72,4.94,3.17
318245.531000,0.437,-0.669,-0.534,7.6,4.06,3.3
318245.531000,0.438,-0.668,-0.518,7.32,2.11,3.36
318245.546000,0.432,-0.675,-0.539,7.23,-0.43,3.23
318245.546000,0.437,-0.671,-0.531,7.57,-0.98,3.33
318245.562000,0.435,-0.665,-0.544,8.33,-1.62,3.88
318245.562000,0.441,-0.662,-0.552,8.39,-1.01,4.7
318245.578000,0.442,-0.666,-0.54,7.26,0.12,4.79
318245.593000,0.439,-0.682,-0.526,5.92,0.24,4.79
318245.609000,0.435,-0.702,-0.517,3.91,-1.1,3.81
318245.609000,0.424,-0.719,-0.514,1.56,-2.66,2.17
318245.625000,0.419,-0.744,-0.519,0.67,-3.78,0.43
318245.625000,0.423,-0.757,-0.52,0.76,-5.37,-1.68
318245.640000,0.414,-0.743,-0.533,1.37,-7.39,-3.72
318245.656000,0.399,-0.74,-0.541,2.72,-7.97,-3.6
318245.656000,0.394,-0.752,-0.538,5.28,-7.08,-1.4
318245.671000,0.392,-0.755,-0.538,8.0,-6.16,0.43
318245.687000,0.399,-0.756,-0.522,10.01,-6.13,1.37
318245.687000,0.404,-0.767,-0.516,10.93,-7.57,0.95
318245.687000,0.402,-0.775,-0.516,10.68,-8.42,-1.34
318245.703000,0.393,-0.78,-0.508,9.61,-8.55,-4.79
318245.718000,0.382,-0.785,-0.504,8.58,-9.49,-8.55
318245.734000,0.374,-0.784,-0.506,7.02,-10.62,-12.09
318245.734000,0.363,-0.79,-0.512,5.92,-10.83,-14.8
318245.750000,0.358,-0.798,-0.496,5.68,-10.01,-16.66
318245.750000,0.347,-0.811,-0.472,6.59,-9.89,-17.46
318245.765000,0.328,-0.826,-0.471,8.55,-10.44,-17.79
318245.781000,0.331,-0.826,-0.463,10.38,-10.9,-18.25
318245.781000,0.335,-0.836,-0.444,10.86,-13.28,-18.22
318245.796000,0.343,-0.862,-0.44,11.44,-16.14,-18.77
318245.796000,0.35,-0.869,-0.442,12.09,-18.46,-21.52
318245.812000,0.326,-0.863,-0.438,12.18,-19.84,-24.29
318245.828000,0.304,-0.88,-0.428,12.63,-20.29,-25.85
318245.843000,0.292,-0.898,-0.411,12.91,-21.82,-28.47
318245.859000,0.282,-0.901,-0.409,12.97,-25.42,-31.5
318245.859000,0.277,-0.891,-0.415,13.18,-28.78,-33.97
318245.875000,0.272,-0.886,-0.419,14.59,-30.73,-35.07
318245.875000,0.256,-0.894,-0.425,17.58,-31.98,-34.91
318245.890000,0.241,-0.906,-0.419,20.94,-33.02,-34.39
318245.906000,0.246,-0.92,-0.415,24.17,-35.62,-34.64
318245.906000,0.246,-0.921,-0.425,26.49,-39.06,-36.56
318245.921000,0.234,-0.918,-0.422,28.29,-41.78,-38.97
318245.937000,0.233,-0.922,-0.425,29.42,-44.5,-41.54
318245.953000,0.239,-0.914,-0.439,30.06,-46.78,-45.81
318245.953000,0.241,-0.907,-0.449,28.23,-49.35,-51.7
318245.968000,0.237,-0.905,-0.47,24.05,-52.74,-58.78
318245.968000,0.234,-0.896,-0.492,20.45,-54.96,-66.07
318245.984000,0.239,-0.889,-0.5,18.52,-55.73,-72.08
318246.000000,0.247,-0.885,-0.506,18.22,-56.49,-76.72
318246.000000,0.235,-0.874,-0.512,19.01,-57.37,-80.05
318246.015000,0.213,-0.872,-0.521,22.55,-58.32,-81.15
318246.031000,0.212,-0.855,-0.547,27.77,-60.06,-80.84
318246.031000,0.249,-0.822,-0.553,30.85,-62.78,-81.24
318246.046000,0.278,-0.796,-0.586,31.04,-66.53,-82.83
318246.046000,0.284,-0.76,-0.625,29.76,-68.45,-85.33
318246.062000,0.295,-0.741,-0.628,29.27,-68.15,-86.18
318246.062000,0.305,-0.737,-0.649,30.55,-67.84,-86.4
318246.078000,0.301,-0.708,-0.676,33.36,-67.17,-87.07
318246.093000,0.295,-0.671,-0.67,37.05,-66.5,-85.54
318246.109000,0.291,-0.659,-0.685,42.27,-66.38,-81.42
318246.109000,0.298,-0.634,-0.741,47.3,-66.13,-79.26
318246.125000,0.356,-0.586,-0.757,47.52,-66.47,-78.92
318246.125000,0.414,-0.571,-0.784,42.66,-69.46,-79.5
318246.140000,0.457,-0.557,-0.85,37.23,-69.52,-83.22
318246.140000,0.464,-0.51,-0.864,31.77,-64.15,-88.47
318246.156000,0.453,-0.482,-0.837,29.91,-56.89,-90.33
318246.156000,0.461,-0.479,-0.827,31.28,-52.13,-88.38
318246.171000,0.449,-0.46,-0.822,34.3,-49.56,-85.45
318246.187000,0.417,-0.443,-0.792,39.34,-47.18,-80.51
318246.203000,0.393,-0.474,-0.78,43.89,-47.27,-73.61
318246.218000,0.404,-0.513,-0.768,47.06,-49.32,-68.12
318246.218000,0.406,-0.54,-0.782,48.71,-53.01,-65.0
318246.234000,0.41,-0.559,-0.803,51.36,-54.99,-63.26
318246.234000,0.405,-0.564,-0.816,52.61,-54.96,-62.81
318246.250000,0.376,-0.593,-0.819,52.49,-52.67,-61.92
318246.265000,0.38,-0.649,-0.787,54.99,-49.38,-61.16
318246.265000,0.375,-0.688,-0.754,58.63,-48.74,-62.44
318246.281000,0.366,-0.715,-0.759,61.95,-49.26,-64.94
318246.296000,0.379,-0.721,-0.768,63.3,-49.1,-69.37
318246.312000,0.374,-0.713,-0.764,62.11,-47.94,-74.89
318246.312000,0.362,-0.721,-0.748,59.33,-45.26,-81.12
318246.328000,0.364,-0.713,-0.725,55.79,-43.49,-88.84
318246.328000,0.352,-0.674,-0.713,52.0,-43.03,-96.01
318246.343000,0.328,-0.653,-0.698,49.1,-42.18,-99.55
318246.343000,0.323,-0.654,-0.665,48.89,-41.35,-99.31
318246.359000,0.326,-0.65,-0.641,52.0,-43.67,-95.71
318246.375000,0.322,-0.661,-0.635,58.53,-47.49,-89.36
318246.375000,0.33,-0.68,-0.636,65.52,-51.48,-82.95
318246.375000,0.359,-0.677,-0.647,70.1,-55.94,-79.32
318246.406000,0.369,-0.676,-0.663,71.75,-59.85,-77.88
318246.406000,0.363,-0.697,-0.677,72.45,-61.28,-77.76
318246.421000,0.358,-0.711,-0.684,71.72,-61.89,-79.93
318246.437000,0.36,-0.712,-0.691,70.74,-62.59,-83.44
318246.437000,0.349,-0.705,-0.703,69.09,-63.11,-87.8
318246.453000,0.337,-0.706,-0.703,67.81,-62.07,-91.4
318246.468000,0.333,-0.705,-0.704,68.64,-60.67,-93.97
318246.468000,0.308,-0.693,-0.701,70.65,-60.0,-95.07
318246.468000,0.294,-0.701,-0.682,74.13,-59.85,-93.2
318246.500000,0.305,-0.717,-0.676,78.49,-61.34,-91.04
318246.500000,0.322,-0.727,-0.689,81.7,-63.84,-91.19
318246.515000,0.339,-0.725,-0.709,82.13,-65.71,-94.94
318246.515000,0.35,-0.702,-0.742,79.26,-67.69,-102.15
318246.531000,0.339,-0.664,-0.774,74.95,-68.73,-109.74
318246.546000,0.325,-0.643,-0.777,72.36,-67.2,-113.99
318246.546000,0.318,-0.646,-0.772,73.73,-65.37,-114.51
318246.562000,0.297,-0.656,-0.764,79.07,-63.66,-112.03
318246.578000,0.284,-0.666,-0.75,86.0,-62.44,-108.16
318246.578000,0.291,-0.668,-0.758,90.64,-63.97,-106.42
318246.593000,0.312,-0.659,-0.775,91.37,-68.09,-108.13
318246.593000,0.333,-0.646,-0.801,89.11,-72.57,-112.16
318246.609000,0.349,-0.616,-0.843,86.15,-75.14,-117.19
318246.625000,0.349,-0.577,-0.869,85.15,-74.19,-120.46
318246.625000,0.341,-0.545,-0.878,86.61,-70.83,-120.15
318246.640000,0.326,-0.524,-0.866,90.12,-66.99,-116.79
318246.656000,0.306,-0.538,-0.845,95.31,-64.0,-111.09
318246.656000,0.302,-0.58,-0.808,99.92,-63.08,-106.48
318246.671000,0.321,-0.607,-0.794,102.63,-66.84,-106.39
318246.687000,0.35,-0.591,-0.836,101.35,-73.09,-112.7
318246.687000,0.373,-0.535,-0.9,94.79,-76.94,-122.99
318246.703000,0.415,-0.456,-0.948,86.67,-76.08,-132.6
318246.718000,0.395,-0.389,-0.955,81.48,-71.29,-136.57
318246.718000,0.328,-0.401,-0.908,83.68,-61.95,-131.53
318246.734000,0.28,-0.454,-0.836,91.98,-54.26,-122.99
318246.750000,0.225,-0.506,-0.794,100.86,-53.41,-116.92
318246.750000,0.235,-0.526,-0.754,107.36,-57.28,-116.37
318246.765000,0.296,-0.455,-0.77,98.3,-78.83,-130.04
318246.765000,0.375,-0.323,-0.872,87.62,-80.32,-131.84
318246.781000,0.418,-0.222,-0.922,83.19,-71.75,-123.54
318246.796000,0.395,-0.239,-0.883,89.97,-62.17,-111.45
318246.796000,0.422,-0.305,-0.803,98.97,-62.35,-101.9
318246.812000,0.445,-0.309,-0.762,106.33,-67.17,-93.84
318246.812000,0.448,-0.292,-0.796,109.84,-69.73,-88.44
318246.828000,0.484,-0.255,-0.832,106.6,-73.31,-87.89
318246.828000,0.532,-0.222,-0.854,99.03,-74.59,-89.79
318246.859000,0.584,-0.209,-0.865,89.63,-72.85,-92.87
318246.859000,0.562,-0.193,-0.859,80.05,-68.91,-95.58
318246.875000,0.52,-0.216,-0.83,75.59,-63.3,-93.72
318246.875000,0.512,-0.259,-0.801,75.26,-60.21,-90.46
318246.890000,0.504,-0.291,-0.797,75.01,-62.23,-87.65
318246.906000,0.528,-0.299,-0.818,75.05,-66.13,-85.57
318246.906000,0.576,-0.296,-0.86,74.86,-68.15,-85.24
318246.906000,0.602,-0.284,-0.891,70.07,-68.61,-87.37
318246.921000,0.622,-0.276,-0.89,63.08,-64.15,-91.56
318246.937000,0.6,-0.266,-0.87,55.36,-59.51,-94.21
318246.953000,0.593,-0.326,-0.856,53.56,-56.4,-91.16
318246.968000,0.609,-0.381,-0.842,56.92,-54.63,-88.14
318246.968000,0.626,-0.366,-0.864,62.84,-54.99,-87.86
318246.984000,0.638,-0.326,-0.905,67.17,-54.2,-87.56
318246.984000,0.66,-0.301,-0.946,66.84,-50.54,-87.19
318247.000000,0.663,-0.303,-0.943,64.0,-43.06,-88.99
318247.015000,0.636,-0.322,-0.907,61.01,-34.55,-92.62
318247.015000,0.627,-0.325,-0.895,56.86,-29.82,-98.85
318247.031000,0.621,-0.293,-0.891,50.29,-27.62,-107.36
318247.031000,0.603,-0.265,-0.871,43.79,-24.87,-113.99
318247.046000,0.607,-0.245,-0.856,40.89,-21.94,-117.47
318247.046000,0.598,-0.213,-0.843,40.35,-18.74,-119.14
318247.078000,0.592,-0.198,-0.831,41.26,-15.41,-118.2
318247.078000,0.575,-0.177,-0.81,43.31,-13.37,-116.61
318247.093000,0.523,-0.173,-0.775,44.68,-11.2,-114.63
318247.093000,0.512,-0.215,-0.733,45.01,-9.67,-112.06
318247.109000,0.518,-0.262,-0.731,44.13,-11.44,-113.5
318247.125000,0.556,-0.265,-0.739,42.12,-13.21,-119.88
318247.125000,0.627,-0.175,-0.805,36.35,-17.82,-129.86
318247.140000,0.603,-0.081,-0.827,28.9,-17.88,-134.34
318247.156000,0.594,-0.109,-0.77,28.75,-11.32,-127.02
318247.156000,0.61,-0.16,-0.72,34.91,-6.71,-118.14
318247.171000,0.597,-0.168,-0.696,43.21,-3.91,-111.45
318247.187000,0.606,-0.193,-0.694,50.84,-1.95,-105.99
318247.203000,0.669,-0.132,-0.663,53.16,-4.06,-105.11
318247.203000,0.716,-0.054,-0.734,50.87,-10.44,-104.56
318247.218000,0.747,-0.001,-0.775,44.83,-10.93,-102.27
318247.218000,0.737,0.025,-0.766,40.71,-6.26,-97.14
318247.234000,0.707,0.035,-0.709,41.32,1.4,-88.32
318247.250000,0.682,0.036,-0.673,45.56,7.81,-76.94
318247.250000,0.663,0.03,-0.62,49.62,11.35,-65.13
318247.265000,0.642,0.0,-0.563,53.93,11.9,-54.57
318247.281000,0.639,-0.017,-0.51,56.58,8.76,-48.4
318247.281000,0.686,-0.016,-0.525,57.31,2.01,-47.46
318247.296000,0.737,0.04,-0.569,51.12,-5.43,-52.67
318247.296000,0.745,0.105,-0.596,37.2,-9.95,-58.93
318247.312000,0.755,0.116,-0.601,22.71,-10.19,-62.41
318247.328000,0.736,0.088,-0.558,14.47,-8.21,-62.96
318247.328000,0.694,0.048,-0.535,14.22,-8.09,-59.39
318247.343000,0.662,0.013,-0.505,22.0,-8.76,-52.64
318247.359000,0.656,-0.009,-0.507,32.29,-12.76,-44.74
318247.359000,0.668,-0.007,-0.533,39.83,-18.92,-39.4
318247.359000,0.689,0.012,-0.593,43.86,-25.36,-36.56
318247.375000,0.72,0.04,-0.662,43.67,-28.9,-36.35
318247.390000,0.737,0.079,-0.702,36.96,-28.72,-38.64
318247.406000,0.739,0.092,-0.74,26.58,-24.9,-40.83
318247.406000,0.747,0.087,-0.749,17.18,-15.93,-43.31
318247.421000,0.746,0.097,-0.702,9.77,-6.38,-45.9
318247.437000,0.736,0.097,-0.671,5.77,-0.76,-46.54
318247.437000,0.728,0.101,-0.655,4.43,1.8,-45.69
318247.453000,0.707,0.122,-0.648,3.14,1.25,-43.98
318247.453000,0.69,0.138,-0.641,3.33,-0.64,-39.83
318247.468000,0.684,0.141,-0.638,5.46,-2.53,-34.33
318247.484000,0.688,0.162,-0.649,7.14,-3.2,-28.75
318247.484000,0.713,0.188,-0.655,6.81,-2.41,-23.96
318247.500000,0.747,0.204,-0.648,3.97,-1.46,-20.63
318247.515000,0.772,0.218,-0.636,-1.56,-1.83,-18.95
318247.515000,0.789,0.223,-0.633,-8.91,-2.99,-18.65
318247.531000,0.805,0.223,-0.617,-17.67,-3.51,-18.92
318247.546000,0.796,0.213,-0.613,-27.34,-5.04,-18.89
318247.546000,0.794,0.171,-0.61,-35.16,-6.99,-17.27
318247.562000,0.789,0.11,-0.624,-38.79,-10.25,-15.05
318247.578000,0.784,0.064,-0.642,-37.32,-13.82,-11.87
318247.578000,0.772,0.036,-0.677,-31.62,-16.27,-6.87
318247.593000,0.773,0.025,-0.713,-23.68,-16.14,-0.61
318247.609000,0.77,0.019,-0.733,-16.54,-14.04,5.55
318247.609000,0.771,0.006,-0.733,-10.74,-10.59,11.26
318247.625000,0.772,-0.015,-0.724,-6.1,-6.29,15.96
318247.625000,0.764,-0.036,-0.714,-3.23,-2.17,18.71
318247.640000,0.744,-0.051,-0.687,-1.56,1.07,20.33
318247.656000,0.735,-0.079,-0.657,0.09,3.02,21.73
318247.671000,0.729,-0.094,-0.633,1.19,3.45,21.61
318247.671000,0.724,-0.094,-0.622,1.34,3.36,20.63
318247.671000,0.725,-0.09,-0.61,0.55,3.02,19.23
318247.687000,0.738,-0.09,-0.612,-1.28,1.56,17.46
318247.703000,0.741,-0.087,-0.616,-3.75,-0.31,15.41
318247.718000,0.747,-0.082,-0.621,-6.23,-1.65,13.76
318247.718000,0.761,-0.075,-0.642,-8.12,-2.08,12.57
318247.734000,0.769,-0.07,-0.635,-9.37,-0.98,11.87
318247.734000,0.771,-0.076,-0.626,-10.04,-0.03,11.96
318247.750000,0.772,-0.092,-0.635,-9.52,0.89,12.51
318247.765000,0.771,-0.099,-0.626,-8.21,2.44,12.54
318247.781000,0.769,-0.106,-0.619,-6.26,2.99,12.79
318247.781000,0.766,-0.106,-0.622,-4.27,2.9,12.85
318247.781000,0.763,-0.102,-0.623,-3.57,3.14,12.54
318247.796000,0.756,-0.103,-0.63,-3.72,2.93,12.39
318247.812000,0.755,-0.104,-0.624,-4.61,2.72,12.05
318247.812000,0.76,-0.105,-0.632,-5.77,2.66,11.51
318247.828000,0.762,-0.096,-0.644,-7.69,3.78,10.38
318247.843000,0.762,-0.083,-0.649,-10.62,5.83,9.34
318247.843000,0.761,-0.078,-0.651,-14.8,7.97,8.73
318247.859000,0.77,-0.075,-0.653,-18.37,10.1,7.87
318247.875000,0.768,-0.061,-0.661,-22.25,13.15,5.95
318247.890000,0.762,-0.044,-0.658,-27.65,16.94,4.12
318247.890000,0.765,-0.034,-0.652,-33.17,20.78,2.72
318247.906000,0.759,-0.034,-0.617,-38.91,24.11,1.28
318247.906000,0.746,-0.042,-0.569,-42.12,24.96,0.49
318247.921000,0.735,-0.062,-0.543,-40.65,22.77,0.79
318247.937000,0.723,-0.079,-0.519,-35.31,19.29,2.41
318247.937000,0.71,-0.092,-0.507,-28.14,13.64,5.58
318247.953000,0.713,-0.099,-0.516,-18.68,7.14,9.98
318247.968000,0.723,-0.098,-0.521,-8.97,0.95,14.98
318247.968000,0.738,-0.092,-0.542,-0.73,-4.39,19.07
318247.984000,0.765,-0.082,-0.583,4.73,-8.12,20.94
318248.000000,0.784,-0.071,-0.603,6.32,-8.67,20.45
318248.000000,0.788,-0.072,-0.606,5.34,-7.6,18.4
318248.015000,0.79,-0.076,-0.616,2.59,-6.68,15.75
318248.015000,0.787,-0.079,-0.626,-0.55,-4.91,12.94
318248.031000,0.779,-0.093,-0.625,-3.02,-2.01,10.44
318248.046000,0.774,-0.105,-0.603,-3.81,0.27,8.61
318248.046000,0.762,-0.111,-0.593,-3.51,0.0,7.84
318248.046000,0.768,-0.117,-0.589,-2.53,-1.43,8.0
318248.078000,0.78,-0.115,-0.591,-1.13,-2.75,8.55
318248.078000,0.782,-0.11,-0.596,0.61,-3.6,8.85
318248.078000,0.79,-0.108,-0.602,2.2,-3.63,8.82
318248.109000,0.791,-0.098,-0.609,2.59,-3.88,8.0
318248.109000,0.787,-0.083,-0.623,2.14,-3.51,7.54
318248.125000,0.783,-0.08,-0.62,1.59,-1.59,7.63
318248.125000,0.775,-0.084,-0.611,0.95,-0.12,7.57
318248.140000,0.768,-0.09,-0.608,0.49,0.55,7.39
318248.156000,0.756,-0.088,-0.606,-0.34,0.15,6.9
318248.156000,0.751,-0.092,-0.608,-0.92,-1.13,6.81
318248.171000,0.754,-0.101,-0.61,-0.85,-2.2,7.14
318248.187000,0.755,-0.105,-0.618,-0.06,-2.32,7.14
318248.203000,0.757,-0.103,-0.618,0.73,-2.04,6.87
318248.203000,0.756,-0.102,-0.631,1.28,-1.95,6.71
318248.218000,0.754,-0.104,-0.631,1.46,-1.8,6.35
318248.218000,0.757,-0.105,-0.63,1.92,-1.92,5.74
318248.234000,0.761,-0.1,-0.628,2.14,-1.53,4.94
318248.234000,0.761,-0.092,-0.619,1.53,-0.55,3.85
318248.250000,0.758,-0.09,-0.611,0.55,0.12,2.9
318248.265000,0.759,-0.09,-0.609,-0.67,0.4,1.83
318248.265000,0.758,-0.085,-0.599,-2.56,0.15,0.55
318248.281000,0.76,-0.085,-0.587,-4.12,-0.43,0.15
318248.296000,0.768,-0.087,-0.585,-5.1,-1.19,0.31
318248.296000,0.776,-0.083,-0.594,-5.58,-2.08,0.37
318248.312000,0.781,-0.081,-0.608,-5.55,-2.62,0.61
318248.328000,0.786,-0.085,-0.618,-4.49,-2.35,1.19
318248.328000,0.788,-0.083,-0.623,-2.14,-0.58,1.68
318248.343000,0.781,-0.077,-0.629,-1.53,0.64,2.14
318248.343000,0.774,-0.073,-0.627,-1.43,1.43,2.69
318248.359000,0.767,-0.077,-0.635,-1.4,2.47,2.81
318248.375000,0.761,-0.078,-0.637,-1.28,3.39,2.72
318248.375000,0.752,-0.075,-0.629,-0.64,4.15,2.75
318248.390000,0.761,-0.084,-0.631,0.43,5.34,1.92
318248.390000,0.763,-0.074,-0.637,0.37,7.2,0.0
318248.406000,0.764,-0.063,-0.632,-1.07,9.09,-1.16
318248.421000,0.764,-0.065,-0.631,-3.02,9.92,-1.62
318248.421000,0.762,-0.076,-0.622,-4.39,11.23,-2.26
318248.437000,0.752,-0.075,-0.597,-5.25,11.47,-2.62
318248.437000,0.75,-0.073,-0.58,-4.55,10.5,-1.98
318248.468000,0.751,-0.066,-0.56,-3.66,8.18,-0.37
318248.468000,0.754,-0.066,-0.573,-2.72,4.39,2.08
318248.468000,0.761,-0.068,-0.577,-1.65,1.68,4.06
318248.500000,0.764,-0.07,-0.571,-1.25,-0.95,5.77
318248.500000,0.772,-0.075,-0.579,-0.46,-3.54,7.6
318248.515000,0.789,-0.083,-0.602,0.46,-4.52,8.39
318248.515000,0.799,-0.08,-0.629,1.04,-3.48,8.09
318248.531000,0.8,-0.081,-0.632,0.95,-0.67,7.23
318248.546000,0.79,-0.085,-0.626,0.06,1.89,6.1
318248.546000,0.776,-0.092,-0.614,-0.49,3.3,5.01
318248.562000,0.766,-0.103,-0.612,-0.34,3.85,4.27
318248.562000,0.76,-0.1,-0.608,0.09,3.81,3.69
318248.578000,0.753,-0.095,-0.608,0.7,3.54,3.88
318248.593000,0.755,-0.1,-0.607,2.04,3.94,4.79
318248.609000,0.757,-0.103,-0.607,3.33,4.09,5.01
318248.609000,0.761,-0.1,-0.6,3.57,3.45,4.91
318248.625000,0.77,-0.104,-0.598,3.17,2.2,4.43
318248.640000,0.781,-0.098,-0.612,2.78,2.11,3.54
318248.640000,0.784,-0.092,-0.612,2.69,3.94,2.59
318248.656000,0.779,-0.088,-0.6,1.92,5.49,1.89
318248.656000,0.767,-0.09,-0.585,0.49,5.62,1.71
318248.671000,0.762,-0.102,-0.571,0.12,5.04,2.41
318248.687000,0.761,-0.109,-0.571,1.22,4.18,3.14
318248.687000,0.763,-0.109,-0.573,2.29,3.11,3.78
318248.703000,0.772,-0.109,-0.58,2.9,2.08,4.46
318248.718000,0.779,-0.11,-0.582,2.72,1.01,4.58
318248.718000,0.782,-0.112,-0.592,2.32,0.61,4.52
318248.734000,0.78,-0.116,-0.59,1.71,0.61,3.94
318248.734000,0.779,-0.116,-0.584,1.5,0.18,3.63
318248.750000,0.774,-0.117,-0.59,1.46,-0.24,3.66
318248.765000,0.774,-0.117,-0.592,1.77,0.06,3.81
318248.765000,0.775,-0.117,-0.592,2.35,0.58,4.03
318248.781000,0.773,-0.119,-0.593,3.05,1.74,4.33
318248.796000,0.768,-0.117,-0.581,2.87,2.53,4.39
318248.796000,0.771,-0.123,-0.572,2.72,2.38,4.73
318248.796000,0.767,-0.128,-0.57,2.69,1.74,4.36
318248.828000,0.77,-0.123,-0.576,2.5,1.34,3.57
318248.828000,0.772,-0.121,-0.575,1.89,0.98,3.14
318248.828000,0.773,-0.122,-0.579,1.53,0.31,2.62
318248.843000,0.771,-0.115,-0.581,1.16,-0.46,1.74
318248.859000,0.771,-0.111,-0.58,0.73,-0.89,1.31
318248.875000,0.77,-0.109,-0.583,0.4,-1.07,1.13
318248.875000,0.771,-0.104,-0.587,0.09,-1.07,1.25
318248.875000,0.773,-0.1,-0.586,0.03,-1.07,1.62
318248.890000,0.772,-0.101,-0.591,0.4,-1.01,2.29
318248.906000,0.774,-0.104,-0.591,1.19,-0.67,2.93
318248.906000,0.772,-0.103,-0.592,1.28,-1.01,2.93
318248.921000,0.771,-0.095,-0.599,0.55,-1.86,2.66
318248.937000,0.773,-0.087,-0.6,-0.27,-2.41,2.29
318248.937000,0.776,-0.085,-0.6,-1.1,-2.53,1.89
318248.953000,0.774,-0.076,-0.605,-2.14,-2.23,1.04
318248.968000,0.773,-0.059,-0.601,-3.85,-1.53,0.37
318248.984000,0.768,-0.049,-0.602,-5.46,-1.13,0.7
318248.984000,0.762,-0.048,-0.601,-6.53,-1.16,1.25
318249.000000,0.757,-0.045,-0.597,-7.08,-1.5,2.14
318249.015000,0.758,-0.036,-0.599,-6.93,-2.14,3.23
318249.015000,0.76,-0.023,-0.617,-6.68,-3.3,4.55
318249.031000,0.766,-0.016,-0.635,-6.32,-3.54,6.07
318249.046000,0.766,0.001,-0.649,-5.95,-2.69,7.17
318249.046000,0.758,0.023,-0.661,-6.26,-1.4,8.12
318249.062000,0.754,0.044,-0.666,-7.35,-0.18,9.86
318249.062000,0.759,0.056,-0.667,-9.0,0.64,11.9
318249.078000,0.765,0.07,-0.676,-11.14,0.73,13.31
318249.093000,0.764,0.098,-0.696,-13.64,0.4,14.13
318249.093000,0.768,0.132,-0.725,-16.72,0.27,15.17
318249.109000,0.777,0.167,-0.765,-19.87,1.65,16.69
318249.125000,0.762,0.21,-0.794,-23.19,4.49,18.65
318249.125000,0.745,0.239,-0.806,-24.41,8.03,21.7
318249.125000,0.728,0.267,-0.843,-25.09,11.41,25.24
318249.156000,0.711,0.32,-0.826,-26.55,15.35,28.69
318249.156000,0.692,0.343,-0.816,-27.22,18.77,33.11
318249.171000,0.708,0.379,-0.833,-31.71,21.61,37.35
318249.187000,0.723,0.431,-0.833,-39.43,25.21,40.16
318249.187000,0.731,0.471,-0.825,-47.98,28.02,43.58
318249.203000,0.727,0.499,-0.828,-56.89,28.72,47.58
318249.218000,0.707,0.519,-0.837,-65.61,28.78,52.25
318249.218000,0.677,0.531,-0.847,-72.02,29.39,59.85
318249.234000,0.641,0.523,-0.842,-74.68,31.19,70.16
318249.250000,0.615,0.494,-0.795,-75.66,32.07,82.06
318249.250000,0.604,0.458,-0.777,-75.62,29.63,94.42
318249.265000,0.602,0.427,-0.802,-76.75,25.82,104.65
318249.265000,0.589,0.416,-0.837,-83.32,22.98,110.87
318249.281000,0.558,0.4,-0.875,-94.09,21.21,114.96
318249.296000,0.536,0.349,-0.912,-104.25,21.55,118.63
318249.296000,0.505,0.292,-0.942,-112.22,24.02,121.37
318249.296000,0.475,0.249,-0.951,-116.34,27.34,124.03
318249.328000,0.466,0.21,-0.927,-116.61,30.49,127.87
318249.328000,0.448,0.188,-0.912,-116.58,31.34,131.44
318249.343000,0.417,0.172,-0.926,-118.66,31.4,134.77
318249.359000,0.386,0.147,-0.927,-122.59,32.01,138.55
318249.359000,0.36,0.103,-0.919,-128.12,30.95,142.31
318249.375000,0.334,0.053,-0.943,-134.68,27.68,144.9
318249.390000,0.319,0.008,-0.971,-139.71,24.78,146.92
318249.390000,0.303,-0.039,-0.969,-140.42,24.35,149.57
318249.406000,0.276,-0.078,-0.965,-139.38,23.71,152.32
318249.421000,0.258,-0.106,-0.958,-139.62,24.17,154.03
318249.421000,0.255,-0.128,-0.928,-141.48,25.3,155.03
318249.437000,0.257,-0.159,-0.942,-147.5,23.59,154.76
318249.437000,0.275,-0.201,-0.957,-155.28,21.45,152.35
318249.453000,0.307,-0.235,-0.977,-163.52,17.09,148.69
318249.453000,0.338,-0.252,-1.03,-169.53,11.14,145.94
318249.468000,0.338,-0.257,-1.083,-171.09,9.46,144.99
318249.484000,0.328,-0.276,-1.08,-165.41,14.16,147.22
318249.500000,0.322,-0.288,-1.041,-154.94,20.02,151.89
318249.500000,0.315,-0.282,-1.035,-144.72,24.11,157.11
318249.500000,0.328,-0.276,-1.041,-138.16,26.28,162.14
318249.515000,0.339,-0.284,-1.027,-137.03,25.15,166.33
318249.531000,0.347,-0.313,-1.043,-138.37,21.12,170.42
318249.531000,0.36,-0.344,-1.097,-139.1,17.73,173.07
318249.546000,0.383,-0.365,-1.152,-137.55,18.25,174.23
318249.562000,0.39,-0.374,-1.18,-131.96,23.53,174.63
318249.562000,0.357,-0.358,-1.172,-124.52,31.31,175.51
318249.578000,0.323,-0.344,-1.162,-119.51,38.76,178.35
318249.593000,0.321,-0.363,-1.148,-117.01,44.68,181.92
318249.609000,0.302,-0.382,-1.107,-118.08,47.27,183.11
318249.609000,0.274,-0.404,-1.118,-122.81,45.63,183.23
318249.625000,0.27,-0.434,-1.116,-127.51,43.18,184.48
318249.625000,0.277,-0.485,-1.106,-126.83,41.75,186.38
318249.625000,0.302,-0.52,-1.134,-122.53,41.26,187.26
318249.656000,0.29,-0.515,-1.165,-118.05,44.5,185.55
318249.656000,0.273,-0.505,-1.178,-117.16,52.1,181.77
318249.671000,0.246,-0.487,-1.154,-123.42,60.55,174.75
318249.687000,0.214,-0.482,-1.106,-137.03,66.56,165.65
318249.687000,0.21,-0.505,-1.057,-153.97,67.05,156.56
318249.687000,0.231,-0.537,-1.051,-168.28,62.26,147.19
318249.718000,0.236,-0.554,-1.054,-173.25,57.68,139.38
318249.718000,0.217,-0.578,-1.052,-167.24,57.22,137.39
318249.734000,0.201,-0.603,-1.044,-151.95,59.85,139.56
318249.750000,0.193,-0.583,-1.033,-135.65,60.67,142.34
318249.750000,0.203,-0.548,-1.059,-122.87,59.94,144.81
318249.765000,0.215,-0.516,-1.084,-114.47,61.28,145.05
318249.781000,0.21,-0.486,-1.091,-112.98,64.12,142.74
318249.781000,0.196,-0.481,-1.074,-116.37,66.68,141.82
318249.796000,0.19,-0.533,-1.023,-115.94,69.61,144.81
318249.796000,0.178,-0.604,-0.963,-111.06,69.92,148.96
318249.812000,0.168,-0.66,-0.907,-101.75,67.57,153.32
318249.828000,0.181,-0.724,-0.874,-91.16,63.94,157.69
318249.828000,0.209,-0.777,-0.884,-79.47,60.06,158.67
318249.843000,0.239,-0.78,-0.909,-69.34,56.52,154.48
318249.843000,0.245,-0.752,-0.962,-63.23,53.96,148.41
318249.859000,0.261,-0.733,-0.993,-57.34,57.86,144.02
318249.859000,0.262,-0.711,-0.95,-49.62,63.91,142.03
318249.875000,0.249,-0.737,-0.881,-39.55,68.64,144.11
318249.890000,0.249,-0.784,-0.803,-29.24,71.5,146.4
318249.890000,0.243,-0.809,-0.729,-19.96,70.99,146.58
318249.921000,0.227,-0.806,-0.686,2.29,64.46,145.94
318249.921000,0.232,-0.829,-0.66,10.96,58.99,143.77
318249.921000,0.258,-0.858,-0.663,15.99,54.69,137.15
318249.937000,0.287,-0.86,-0.708,19.35,54.72,128.61
318249.937000,0.326,-0.863,-0.733,17.98,58.44,119.36
318249.953000,0.331,-0.867,-0.724,14.56,65.68,111.21
318249.953000,0.308,-0.889,-0.717,9.58,75.56,104.68
318249.984000,0.314,-0.931,-0.627,1.46,83.93,99.06
318249.984000,0.319,-0.981,-0.55,-3.08,87.62,90.88
318250.000000,0.321,-0.996,-0.513,-2.69,85.97,79.87
318250.015000,0.326,-0.98,-0.511,-1.56,81.33,68.39
318250.015000,0.343,-0.943,-0.524,-3.45,76.94,57.53
318250.031000,0.371,-0.9,-0.542,-9.7,75.01,47.46
318250.046000,0.384,-0.865,-0.543,-18.07,75.69,38.27
318250.046000,0.39,-0.86,-0.476,-24.51,78.68,31.77
318250.062000,0.375,-0.88,-0.414,-26.43,80.23,28.29
318250.078000,0.351,-0.873,-0.386,-24.51,80.08,25.24
318250.078000,0.344,-0.852,-0.349,-22.16,77.73,24.48
318250.093000,0.343,-0.856,-0.322,-20.02,72.02,24.87
318250.093000,0.361,-0.866,-0.33,-19.71,63.42,23.53
318250.109000,0.37,-0.857,-0.342,-21.64,54.99,19.44
318250.125000,0.361,-0.84,-0.344,-24.72,49.68,15.69
318250.125000,0.389,-0.851,-0.341,-27.07,47.21,12.42
318250.140000,0.425,-0.834,-0.335,-30.55,44.19,6.32
318250.156000,0.444,-0.803,-0.341,-32.56,40.93,1.13
318250.156000,0.458,-0.783,-0.352,-33.45,39.28,-1.68
318250.171000,0.456,-0.765,-0.339,-34.24,39.03,-3.23
318250.171000,0.451,-0.751,-0.329,-33.33,37.97,-3.36
318250.187000,0.45,-0.747,-0.331,-31.34,35.04,-2.44
318250.203000,0.445,-0.741,-0.331,-31.56,31.62,-1.89
318250.218000,0.44,-0.744,-0.315,-31.4,28.69,-1.07
318250.218000,0.454,-0.752,-0.327,-29.42,24.75,-0.58
318250.234000,0.478,-0.735,-0.349,-27.74,20.39,-1.46
318250.234000,0.495,-0.71,-0.345,-26.52,16.63,-1.74
318250.250000,0.513,-0.702,-0.349,-24.81,13.76,-0.92
318250.265000,0.533,-0.698,-0.371,-24.05,11.47,-0.64
318250.265000,0.545,-0.681,-0.389,-24.96,9.58,-2.08
318250.281000,0.544,-0.666,-0.395,-26.28,8.33,-2.96
318250.296000,0.546,-0.656,-0.4,-25.73,7.39,-2.47
318250.312000,0.547,-0.652,-0.433,-22.8,6.44,-0.79
318250.312000,0.543,-0.639,-0.474,-20.6,6.62,1.74
318250.312000,0.539,-0.638,-0.447,-17.52,8.15,5.8
318250.312000,0.553,-0.663,-0.43,-11.81,7.48,10.07
318250.343000,0.575,-0.665,-0.445,-8.85,3.78,10.8
318250.359000,0.584,-0.638,-0.463,-8.15,0.24,9.43
318250.375000,0.592,-0.629,-0.471,-7.72,-2.41,9.43
318250.375000,0.606,-0.632,-0.479,-6.44,-5.55,10.41
318250.375000,0.606,-0.619,-0.501,-3.39,-8.09,11.84
318250.390000,0.597,-0.607,-0.525,2.41,-8.15,15.47
318250.406000,0.602,-0.596,-0.554,8.82,-6.35,20.87
318250.406000,0.628,-0.586,-0.572,12.82,-4.18,25.7
318250.421000,0.655,-0.606,-0.552,14.83,-1.92,29.3
318250.437000,0.662,-0.649,-0.537,16.97,-0.43,30.43
318250.437000,0.656,-0.667,-0.538,19.47,0.27,28.9
318250.453000,0.647,-0.656,-0.551,20.63,0.43,26.4
318250.468000,0.641,-0.645,-0.541,21.0,1.16,25.06
318250.468000,0.64,-0.662,-0.527,22.34,1.53,24.87
318250.484000,0.65,-0.683,-0.528,22.58,1.89,22.95
318250.484000,0.656,-0.678,-0.541,20.08,3.14,18.77
318250.500000,0.658,-0.674,-0.535,15.9,5.83,13.46
318250.515000,0.656,-0.687,-0.514,10.19,8.58,7.35
318250.515000,0.649,-0.703,-0.496,3.94,10.01,0.46
318250.531000,0.64,-0.712,-0.477,-0.34,10.32,-5.8
318250.531000,0.633,-0.706,-0.47,-0.79,11.32,-10.74
318250.546000,0.625,-0.684,-0.476,-0.27,11.2,-14.62
318250.562000,0.631,-0.656,-0.476,-0.95,11.47,-16.94
318250.562000,0.625,-0.64,-0.465,-0.15,13.25,-17.27
318250.578000,0.609,-0.641,-0.448,1.53,13.86,-16.05
318250.593000,0.601,-0.636,-0.449,3.27,13.52,-15.02
318250.593000,0.589,-0.615,-0.447,3.94,13.46,-13.95
318250.609000,0.586,-0.606,-0.433,4.94,13.49,-12.21
318250.625000,0.604,-0.604,-0.437,3.66,11.66,-11.63
318250.625000,0.608,-0.594,-0.436,1.92,10.16,-12.3
318250.640000,0.609,-0.589,-0.428,0.89,9.03,-12.24
318250.656000,0.611,-0.579,-0.433,0.09,7.69,-11.87
318250.656000,0.605,-0.57,-0.427,0.27,7.02,-10.65
318250.671000,0.606,-0.58,-0.417,2.04,6.35,-8.12
318250.671000,0.609,-0.578,-0.426,3.78,5.01,-6.35
318250.687000,0.613,-0.559,-0.439,4.33,4.36,-5.22
318250.687000,0.615,-0.543,-0.45,3.94,4.33,-4.09
318250.718000,0.613,-0.545,-0.45,3.6,4.7,-2.32
318250.718000,0.612,-0.56,-0.437,3.11,4.55,-0.58
318250.718000,0.614,-0.573,-0.435,2.5,3.66,0.27
318250.734000,0.613,-0.587,-0.436,2.59,3.11,0.85
318250.734000,0.604,-0.599,-0.436,3.08,3.27,0.76
318250.750000,0.594,-0.601,-0.427,3.33,3.51,-0.24
318250.765000,0.593,-0.6,-0.422,3.69,2.78,-1.31
318250.781000,0.597,-0.597,-0.426,3.88,1.19,-2.29
318250.796000,0.605,-0.585,-0.434,3.2,0.0,-3.17
318250.796000,0.612,-0.572,-0.441,1.71,0.12,-3.72
318250.812000,0.613,-0.57,-0.442,1.04,1.77,-3.42
318250.828000,0.614,-0.572,-0.431,0.64,3.23,-2.78
318250.828000,0.616,-0.573,-0.421,-0.82,2.5,-2.14
318250.843000,0.611,-0.581,-0.419,-2.2,0.92,-1.43
318250.859000,0.603,-0.601,-0.404,-1.4,-0.27,0.49
318250.859000,0.597,-0.621,-0.398,1.19,-2.23,2.69
318250.875000,0.592,-0.629,-0.401,4.15,-5.37,4.12
318250.875000,0.605,-0.636,-0.419,6.29,-9.37,5.46
318250.890000,0.614,-0.641,-0.449,7.48,-12.45,5.92
318250.906000,0.634,-0.643,-0.477,7.54,-12.57,5.22
318250.906000,0.66,-0.636,-0.507,5.1,-10.74,2.69
318250.921000,0.664,-0.626,-0.528,0.37,-7.32,-0.58
318250.921000,0.655,-0.638,-0.515,-3.72,-2.66,-2.87
318250.937000,0.641,-0.659,-0.482,-4.55,0.27,-4.06
318250.953000,0.63,-0.668,-0.462,-1.95,-0.09,-4.18
318250.953000,0.632,-0.658,-0.466,2.04,-2.53,-3.33
318250.968000,0.639,-0.641,-0.479,5.89,-4.27,-1.8
318250.968000,0.641,-0.625,-0.486,9.0,-4.88,-0.27
318251.000000,0.653,-0.61,-0.489,10.25,-5.25,0.79
318251.000000,0.664,-0.598,-0.499,10.25,-4.94,1.46
318251.015000,0.67,-0.583,-0.507,9.49,-2.99,1.92
318251.015000,0.67,-0.576,-0.495,7.42,-0.15,1.95
318251.031000,0.665,-0.583,-0.48,5.34,2.29,1.22
318251.031000,0.651,-0.585,-0.47,3.2,3.2,-0.79
318251.046000,0.635,-0.586,-0.461,1.53,2.66,-2.32
318251.046000,0.639,-0.592,-0.452,1.25,1.46,-2.2
318251.062000,0.646,-0.582,-0.457,2.08,0.06,-2.17
318251.078000,0.64,-0.569,-0.465,2.93,-0.4,-1.74
318251.078000,0.648,-0.567,-0.464,3.08,-0.21,-0.43
318251.093000,0.648,-0.569,-0.467,2.17,-0.12,0.4
318251.093000,0.641,-0.574,-0.463,0.64,0.24,0.46
318251.125000,0.631,-0.587,-0.455,-0.4,0.58,0.46
318251.140000,0.629,-0.596,-0.454,-1.19,0.06,0.27
318251.140000,0.627,-0.59,-0.459,-1.83,-0.37,-0.34
318251.156000,0.623,-0.585,-0.464,-1.89,-0.85,-0.06
318251.156000,0.629,-0.591,-0.467,-0.98,-1.07,1.28
318251.171000,0.627,-0.596,-0.472,0.37,-1.07,2.62
318251.187000,0.623,-0.598,-0.48,2.01,-0.52,3.85
318251.187000,0.626,-0.603,-0.473,3.51,0.27,4.85
318251.203000,0.635,-0.607,-0.468,4.06,0.12,4.85
318251.218000,0.644,-0.601,-0.481,3.11,-0.52,3.3
318251.218000,0.651,-0.586,-0.491,0.49,-0.21,1.07
318251.234000,0.645,-0.585,-0.48,-2.87,1.25,-0.31
318251.234000,0.643,-0.596,-0.464,-4.15,2.5,-0.7
318251.250000,0.638,-0.594,-0.449,-3.63,2.56,-0.73
318251.265000,0.632,-0.586,-0.444,-1.8,1.83,0.27
318251.265000,0.635,-0.574,-0.449,0.31,0.89,2.2
318251.281000,0.635,-0.569,-0.456,1.83,-0.03,4.67
318251.296000,0.632,-0.578,-0.457,2.35,-0.61,6.68
318251.296000,0.634,-0.589,-0.459,2.23,-0.82,7.63
318251.312000,0.63,-0.595,-0.46,1.77,-1.31,7.66
318251.328000,0.623,-0.603,-0.466,1.74,-1.25,7.17
318251.328000,0.623,-0.609,-0.463,2.32,-0.82,6.44
318251.343000,0.625,-0.609,-0.469,1.8,-1.1,5.16
318251.343000,0.628,-0.604,-0.481,-0.24,-0.92,3.11
318251.359000,0.633,-0.602,-0.483,-2.26,0.24,1.19
318251.375000,0.63,-0.602,-0.484,-3.69,1.86,-0.37
318251.375000,0.621,-0.597,-0.476,-4.55,3.36,-1.22
318251.390000,0.625,-0.595,-0.465,-4.06,4.21,-0.64
318251.406000,0.624,-0.591,-0.457,-2.47,4.12,0.61
318251.406000,0.613,-0.593,-0.449,-0.37,3.85,2.44
318251.421000,0.612,-0.593,-0.441,1.4,2.9,4.21
318251.437000,0.617,-0.587,-0.444,2.17,1.28,5.37
318251.437000,0.61,-0.592,-0.447,2.23,0.61,6.47
318251.453000,0.615,-0.606,-0.445,2.81,0.85,7.39
318251.468000,0.624,-0.608,-0.454,2.9,0.4,7.08
318251.468000,0.622,-0.607,-0.461,2.47,0.43,6.2
318251.484000,0.62,-0.609,-0.462,1.07,2.5,4.18
318251.484000,0.621,-0.614,-0.456,-0.49,3.08,2.78
318251.500000,0.612,-0.623,-0.446,-1.34,3.17,1.25
318251.500000,0.606,-0.628,-0.439,-1.68,2.72,-0.09
318251.515000,0.607,-0.622,-0.436,-1.62,2.04,-0.49
318251.531000,0.605,-0.615,-0.431,-1.16,1.37,0.0
318251.546000,0.612,-0.612,-0.431,-0.67,0.34,1.16
318251.546000,0.615,-0.614,-0.435,-0.21,-0.24,1.89
318251.562000,0.609,-0.617,-0.439,0.31,-0.27,2.32
318251.562000,0.605,-0.627,-0.445,0.85,-0.37,2.66
318251.578000,0.604,-0.63,-0.445,0.92,-0.55,2.32
318251.593000,0.6,-0.628,-0.446,0.82,-0.82,2.01
318251.593000,0.599,-0.631,-0.443,1.92,-0.49,2.5
318251.609000,0.604,-0.639,-0.442,3.33,0.03,3.36
318251.625000,0.609,-0.633,-0.443,4.18,0.03,3.6
318251.625000,0.602,-0.63,-0.434,4.91,0.18,4.46
318251.640000,0.593,-0.648,-0.425,6.59,0.46,6.41
318251.640000,0.591,-0.661,-0.416,8.09,0.37,7.54
318251.656000,0.585,-0.669,-0.415,8.12,-0.09,7.69
318251.671000,0.577,-0.689,-0.411,7.6,0.0,7.42
318251.687000,0.575,-0.706,-0.391,6.93,0.27,6.01
318251.687000,0.558,-0.722,-0.366,6.71,-0.46,4.27
318251.703000,0.542,-0.745,-0.351,7.14,-1.5,2.5
318251.718000,0.538,-0.756,-0.342,7.51,-2.84,0.49
318251.718000,0.526,-0.756,-0.337,7.17,-4.76,-1.74
318251.734000,0.521,-0.769,-0.346,7.17,-7.11,-2.72
318251.750000,0.523,-0.782,-0.355,6.87,-9.06,-3.45
318251.750000,0.521,-0.788,-0.35,7.14,-9.4,-4.15
318251.765000,0.525,-0.787,-0.346,8.7,-9.16,-4.12
318251.765000,0.529,-0.79,-0.339,10.8,-9.64,-3.2
318251.781000,0.52,-0.79,-0.341,13.49,-10.41,-2.44
318251.796000,0.518,-0.791,-0.347,15.75,-11.17,-1.71
318251.796000,0.532,-0.788,-0.343,16.75,-12.45,-1.59
318251.812000,0.548,-0.782,-0.345,17.61,-14.04,-2.69
318251.828000,0.542,-0.765,-0.354,17.58,-15.14,-4.09
318251.828000,0.532,-0.762,-0.344,17.76,-15.23,-4.43
318251.843000,0.534,-0.768,-0.344,19.14,-16.05,-4.61
318251.843000,0.541,-0.766,-0.353,19.93,-18.65,-5.49
318251.859000,0.551,-0.748,-0.375,19.47,-21.45,-6.99
318251.875000,0.549,-0.737,-0.395,18.28,-23.01,-8.09
318251.875000,0.542,-0.751,-0.402,18.49,-23.1,-8.18
318251.890000,0.541,-0.758,-0.416,19.17,-23.8,-9.37
318251.906000,0.533,-0.752,-0.422,19.26,-25.15,-11.05
318251.906000,0.537,-0.757,-0.433,20.57,-25.91,-11.93
318251.921000,0.536,-0.763,-0.438,22.52,-25.82,-12.94
318251.921000,0.539,-0.768,-0.438,23.93,-25.15,-14.22
318251.937000,0.54,-0.762,-0.438,24.38,-24.75,-16.63
318251.953000,0.532,-0.76,-0.449,24.02,-24.9,-19.07
318251.968000,0.526,-0.775,-0.455,23.62,-24.02,-21.06
318251.968000,0.533,-0.777,-0.447,23.32,-23.35,-23.9
318251.984000,0.528,-0.778,-0.439,22.77,-23.68,-27.04
318252.000000,0.515,-0.79,-0.448,22.61,-23.5,-29.82
318252.000000,0.501,-0.794,-0.437,23.29,-22.13,-32.69
318252.015000,0.487,-0.802,-0.413,24.69,-21.06,-34.58
318252.015000,0.472,-0.809,-0.39,26.46,-20.75,-36.13
318252.031000,0.457,-0.81,-0.365,28.29,-21.36,-37.81
318252.031000,0.446,-0.811,-0.345,29.85,-23.01,-39.4
318252.046000,0.438,-0.81,-0.326,30.7,-26.52,-40.99
318252.062000,0.434,-0.814,-0.326,30.82,-31.5,-42.48
318252.078000,0.441,-0.81,-0.35,29.94,-36.71,-44.28
318252.078000,0.448,-0.802,-0.357,28.75,-40.71,-45.75
318252.093000,0.455,-0.814,-0.361,29.24,-44.01,-45.69
318252.109000,0.473,-0.824,-0.379,32.04,-46.88,-45.84
318252.109000,0.482,-0.809,-0.405,35.49,-48.92,-46.72
318252.125000,0.479,-0.792,-0.432,39.43,-49.78,-46.91
318252.125000,0.48,-0.784,-0.45,42.7,-49.47,-46.21
318252.140000,0.482,-0.788,-0.45,45.87,-49.01,-44.95
318252.156000,0.485,-0.789,-0.454,48.86,-48.98,-44.68
318252.156000,0.485,-0.784,-0.456,50.57,-49.13,-45.93
318252.171000,0.482,-0.781,-0.447,51.76,-49.56,-48.04
318252.187000,0.492,-0.773,-0.445,51.67,-51.64,-52.0
318252.203000,0.489,-0.752,-0.454,49.65,-54.11,-56.89
318252.203000,0.487,-0.731,-0.462,46.85,-55.67,-61.19
318252.218000,0.486,-0.722,-0.463,45.23,-56.46,-64.0
318252.218000,0.478,-0.711,-0.459,45.59,-56.76,-65.61
318252.234000,0.468,-0.692,-0.466,47.33,-58.05,-66.26
318252.250000,0.451,-0.671,-0.468,49.26,-60.0,-64.88
318252.250000,0.433,-0.667,-0.46,51.73,-62.2,-61.65
318252.265000,0.417,-0.673,-0.431,56.03,-64.97,-57.34
318252.281000,0.402,-0.685,-0.408,60.09,-69.37,-53.59
318252.281000,0.404,-0.697,-0.399,61.77,-75.59,-52.46
318252.296000,0.44,-0.69,-0.409,58.84,-82.77,-56.0
318252.296000,0.488,-0.659,-0.456,49.35,-90.06,-64.76
318252.312000,0.515,-0.607,-0.514,34.36,-94.39,-76.14
318252.328000,0.504,-0.565,-0.548,19.68,-93.87,-85.09
318252.328000,0.473,-0.576,-0.581,11.78,-90.95,-88.05
318252.343000,0.445,-0.639,-0.6,11.93,-89.05,-84.69
318252.343000,0.419,-0.691,-0.605,18.34,-89.72,-79.13
318252.359000,0.404,-0.72,-0.648,28.53,-92.72,-72.54
318252.359000,0.431,-0.735,-0.692,39.12,-93.69,-66.96
318252.375000,0.468,-0.735,-0.74,44.98,-93.2,-65.86
318252.390000,0.48,-0.75,-0.785,45.41,-91.95,-68.45
318252.406000,0.489,-0.785,-0.799,44.68,-88.81,-73.31
318252.406000,0.49,-0.793,-0.808,45.32,-84.51,-80.9
318252.421000,0.479,-0.762,-0.837,46.33,-78.86,-88.99
318252.437000,0.469,-0.737,-0.846,47.3,-71.9,-95.92
318252.437000,0.461,-0.724,-0.826,47.76,-66.44,-101.66
318252.453000,0.45,-0.706,-0.799,49.07,-63.45,-106.39
318252.453000,0.448,-0.676,-0.775,52.4,-61.53,-109.56
318252.468000,0.44,-0.633,-0.755,57.04,-60.79,-111.03
318252.484000,0.417,-0.606,-0.73,62.29,-60.95,-109.65
318252.500000,0.401,-0.586,-0.731,67.69,-61.89,-107.64
318252.500000,0.391,-0.536,-0.748,71.69,-63.51,-106.48
318252.515000,0.388,-0.488,-0.769,73.43,-64.24,-104.98
318252.515000,0.383,-0.466,-0.759,72.3,-63.45,-103.73
318252.531000,0.385,-0.461,-0.729,69.25,-62.5,-103.15
318252.546000,0.366,-0.457,-0.723,66.47,-63.11,-103.58
318252.546000,0.345,-0.454,-0.744,66.35,-63.48,-103.24
318252.562000,0.342,-0.443,-0.765,68.97,-62.69,-101.96
318252.578000,0.329,-0.412,-0.761,70.93,-62.29,-100.96
318252.578000,0.334,-0.399,-0.752,70.74,-64.94,-98.57
318252.593000,0.374,-0.418,-0.759,68.91,-70.38,-95.89
318252.593000,0.401,-0.426,-0.784,68.21,-74.4,-95.16
318252.609000,0.412,-0.416,-0.812,69.12,-75.2,-95.58
318252.625000,0.418,-0.401,-0.844,69.92,-73.85,-96.32
318252.625000,0.413,-0.387,-0.847,69.95,-71.17,-97.05
318252.640000,0.391,-0.39,-0.841,70.28,-67.38,-97.9
318252.656000,0.36,-0.389,-0.832,69.34,-66.32,-98.36
318252.656000,0.382,-0.394,-0.826,69.09,-67.78,-98.54
318252.671000,0.412,-0.392,-0.837,69.52,-70.96,-98.76
318252.687000,0.416,-0.381,-0.864,70.65,-72.85,-98.7
318252.687000,0.425,-0.376,-0.883,72.6,-72.48,-97.45
318252.703000,0.431,-0.373,-0.883,75.44,-71.17,-95.52
318252.703000,0.43,-0.379,-0.874,79.07,-70.44,-93.69
318252.718000,0.444,-0.393,-0.875,84.78,-70.53,-92.14
318252.734000,0.455,-0.39,-0.87,91.4,-71.11,-92.04
318252.750000,0.466,-0.365,-0.889,96.22,-72.51,-92.47
318252.750000,0.492,-0.33,-0.92,96.65,-72.54,-93.81
318252.765000,0.518,-0.313,-0.945,92.75,-69.89,-96.59
318252.781000,0.531,-0.321,-0.95,84.23,-64.21,-100.47
318252.781000,0.539,-0.353,-0.931,75.38,-57.34,-105.72
318252.796000,0.545,-0.388,-0.918,69.0,-52.37,-113.56
318252.796000,0.527,-0.394,-0.92,64.15,-50.54,-122.29
318252.812000,0.497,-0.375,-0.936,61.59,-49.9,-127.96
318252.812000,0.479,-0.354,-0.949,62.59,-48.22,-128.82
318252.828000,0.478,-0.344,-0.953,66.19,-44.8,-124.79
318252.843000,0.496,-0.348,-0.934,70.44,-40.93,-119.57
318252.843000,0.509,-0.354,-0.921,74.8,-38.15,-114.99
318252.859000,0.511,-0.344,-0.91,79.65,-36.47,-110.87
318252.875000,0.508,-0.332,-0.918,85.18,-35.4,-106.51
318252.890000,0.503,-0.323,-0.897,88.56,-34.24,-102.05
318252.890000,0.516,-0.317,-0.879,91.28,-34.46,-98.06
318252.890000,0.519,-0.312,-0.896,93.33,-34.12,-96.53
318252.906000,0.513,-0.294,-0.894,91.28,-32.41,-97.29
318252.921000,0.491,-0.282,-0.873,87.92,-30.67,-98.36
318252.921000,0.485,-0.282,-0.85,86.03,-29.79,-97.32
318252.937000,0.503,-0.276,-0.842,85.54,-30.92,-94.76
318252.953000,0.509,-0.272,-0.828,86.7,-33.2,-90.06
318252.968000,0.513,-0.292,-0.81,91.19,-34.85,-82.61
318252.968000,0.534,-0.32,-0.825,96.8,-36.81,-76.2
318252.984000,0.544,-0.325,-0.853,98.54,-38.7,-73.61
318253.000000,0.528,-0.34,-0.844,98.36,-39.09,-73.89
318253.000000,0.548,-0.367,-0.834,96.62,-40.86,-77.12
318253.015000,0.565,-0.359,-0.876,90.7,-42.54,-85.3
318253.031000,0.598,-0.303,-0.908,82.71,-41.93,-95.98
318253.031000,0.6,-0.221,-0.928,73.85,-41.26,-102.63
318253.046000,0.564,-0.223,-0.908,70.07,-37.35,-100.01
318253.046000,0.537,-0.308,-0.868,74.77,-30.98,-91.89
318253.062000,0.529,-0.355,-0.832,99.52,-27.1,-81.48
318253.078000,0.514,-0.342,-0.832,110.51,-28.69,-78.28
318253.078000,0.504,-0.335,-0.839,114.57,-31.8,-79.81
318253.093000,0.553,-0.317,-0.855,107.58,-35.92,-89.72
318253.109000,0.595,-0.253,-0.915,91.01,-35.19,-103.09
318253.109000,0.643,-0.176,-0.986,71.47,-27.41,-114.41
318253.125000,0.583,-0.162,-0.903,57.01,-15.81,-119.14
318253.125000,0.563,-0.238,-0.816,51.18,-5.86,-120.61
318253.140000,0.57,-0.257,-0.766,52.28,-3.75,-122.5
318253.140000,0.574,-0.235,-0.769,56.98,-7.35,-122.93
318253.156000,0.597,-0.193,-0.786,61.31,-12.18,-122.07
318253.171000,0.645,-0.129,-0.834,62.2,-16.02,-121.46
318253.171000,0.663,-0.069,-0.872,60.4,-14.83,-119.24
318253.187000,0.658,-0.056,-0.839,58.6,-8.88,-113.16
318253.203000,0.666,-0.086,-0.778,60.79,-1.74,-104.83
318253.218000,0.66,-0.109,-0.743,65.19,1.86,-96.47
318253.234000,0.641,-0.119,-0.716,69.67,2.08,-88.29
318253.234000,0.645,-0.141,-0.676,74.31,-0.95,-79.26
318253.234000,0.682,-0.162,-0.682,79.38,-6.5,-72.3
318253.250000,0.714,-0.143,-0.72,81.51,-11.44,-69.86
318253.265000,0.722,-0.113,-0.734,79.93,-12.27,-69.77
318253.265000,0.696,-0.115,-0.723,74.56,-9.67,-70.5
318253.281000,0.672,-0.143,-0.688,67.57,-5.19,-72.66
318253.296000,0.66,-0.163,-0.646,59.54,-2.32,-77.43
318253.296000,0.678,-0.144,-0.653,50.05,-3.72,-84.75
318253.312000,0.708,-0.089,-0.691,38.58,-6.62,-92.93
318253.328000,0.703,-0.035,-0.694,26.8,-7.14,-97.96
318253.328000,0.695,-0.021,-0.675,19.75,-4.67,-97.72
318253.328000,0.66,-0.035,-0.643,17.67,-0.46,-94.82
318253.343000,0.612,-0.066,-0.575,20.23,3.17,-89.88
318253.359000,0.58,-0.109,-0.525,27.65,3.05,-84.14
318253.359000,0.553,-0.135,-0.504,36.26,-1.34,-80.26
318253.375000,0.57,-0.121,-0.522,42.18,-9.09,-78.19
318253.390000,0.621,-0.072,-0.59,44.22,-17.91,-77.79
318253.390000,0.664,-0.026,-0.671,40.83,-23.26,-77.43
318253.406000,0.708,-0.008,-0.708,34.46,-21.61,-77.55
318253.421000,0.71,0.002,-0.696,28.2,-15.53,-78.22
318253.437000,0.699,-0.009,-0.682,25.18,-7.51,-77.46
318253.453000,0.688,-0.012,-0.648,25.21,0.49,-77.03
318253.453000,0.68,0.006,-0.605,25.91,5.19,-76.97
318253.453000,0.694,0.027,-0.6,26.34,5.01,-75.93
318253.468000,0.705,0.068,-0.609,25.15,2.78,-75.47
318253.484000,0.693,0.111,-0.607,23.65,1.56,-73.7
318253.500000,0.698,0.128,-0.608,22.98,2.2,-69.58
318253.500000,0.704,0.148,-0.604,22.4,3.63,-65.65
318253.515000,0.697,0.169,-0.592,22.77,4.33,-62.11
318253.515000,0.694,0.191,-0.574,21.06,3.3,-58.47
318253.531000,0.703,0.203,-0.574,18.77,2.26,-54.72
318253.546000,0.714,0.219,-0.563,15.78,0.98,-50.97
318253.546000,0.714,0.214,-0.556,14.83,-1.04,-45.96
318253.562000,0.713,0.196,-0.556,14.92,-3.78,-40.38
318253.562000,0.724,0.183,-0.567,16.21,-6.56,-34.52
318253.593000,0.732,0.188,-0.585,17.98,-8.82,-29.48
318253.593000,0.749,0.199,-0.603,19.01,-9.86,-24.99
318253.609000,0.76,0.2,-0.63,17.3,-10.71,-21.39
318253.609000,0.778,0.203,-0.642,13.73,-9.98,-19.35
318253.625000,0.78,0.207,-0.65,9.37,-8.33,-18.49
318253.640000,0.773,0.205,-0.651,4.79,-6.23,-17.67
318253.640000,0.764,0.191,-0.647,0.31,-4.52,-15.9
318253.656000,0.756,0.17,-0.626,-2.38,-3.78,-13.49
318253.656000,0.753,0.152,-0.614,-3.17,-4.58,-10.56
318253.671000,0.745,0.141,-0.631,-3.33,-6.04,-7.32
318253.671000,0.745,0.125,-0.631,-2.5,-6.26,-3.57
318253.687000,0.748,0.105,-0.631,-0.4,-6.5,0.15
318253.687000,0.755,0.095,-0.634,2.32,-6.87,3.14
318253.718000,0.769,0.088,-0.644,4.58,-6.96,5.74
318253.718000,0.775,0.083,-0.655,4.79,-6.56,7.02
318253.718000,0.777,0.082,-0.657,2.75,-6.41,7.14
318253.750000,0.782,0.083,-0.664,-0.31,-5.95,6.78
318253.750000,0.783,0.079,-0.66,-3.81,-3.85,6.23
318253.765000,0.782,0.067,-0.643,-7.39,-1.62,6.29
318253.765000,0.779,0.051,-0.63,-9.98,-0.73,6.65
318253.781000,0.773,0.035,-0.618,-10.99,-1.13,7.2
318253.796000,0.767,0.023,-0.622,-10.96,-2.23,8.55
318253.796000,0.765,0.012,-0.616,-9.03,-2.5,10.9
318253.812000,0.769,-0.007,-0.617,-6.59,-3.81,13.58
318253.828000,0.781,-0.027,-0.633,-4.12,-5.46,15.81
318253.828000,0.79,-0.037,-0.65,-1.5,-5.28,16.85
318253.843000,0.795,-0.04,-0.658,0.61,-3.57,17.37
318253.843000,0.794,-0.041,-0.648,1.01,-1.13,17.91
318253.859000,0.803,-0.052,-0.655,0.24,0.61,18.13
318253.875000,0.806,-0.063,-0.647,-1.28,2.84,17.0
318253.875000,0.801,-0.065,-0.629,-3.45,4.73,14.89
318253.890000,0.792,-0.077,-0.624,-5.37,5.4,13.18
318253.906000,0.785,-0.088,-0.618,-6.68,5.8,11.41
318253.906000,0.778,-0.09,-0.607,-6.84,5.89,9.8
318253.921000,0.77,-0.09,-0.602,-5.62,5.95,8.48
318253.937000,0.763,-0.076,-0.593,-4.15,6.07,7.63
318253.937000,0.763,-0.059,-0.578,-3.2,5.86,7.2
318253.953000,0.77,-0.047,-0.57,-3.36,4.94,6.87
318253.968000,0.782,-0.04,-0.579,-4.49,4.18,5.95
318253.984000,0.787,-0.022,-0.571,-7.23,4.3,3.51
318253.984000,0.79,-0.006,-0.558,-12.27,3.3,0.49
318253.984000,0.797,0.006,-0.554,-18.86,1.31,-2.78
318254.000000,0.793,0.02,-0.563,-25.85,-0.55,-6.29
318254.015000,0.777,0.021,-0.577,-30.85,-1.19,-7.97
318254.031000,0.758,-0.002,-0.577,-32.01,-1.95,-6.78
318254.031000,0.743,-0.033,-0.585,-28.63,-4.0,-3.39
318254.031000,0.739,-0.053,-0.591,-20.51,-5.74,1.46
318254.031000,0.749,-0.062,-0.61,-10.77,-6.99,6.56
318254.046000,0.764,-0.063,-0.645,-2.78,-7.08,10.71
318254.078000,0.774,-0.062,-0.666,1.89,-4.94,12.91
318254.093000,0.778,-0.068,-0.668,3.39,-1.74,13.25
318254.093000,0.778,-0.075,-0.648,2.47,0.95,11.69
318254.109000,0.78,-0.081,-0.632,0.52,2.78,9.37
318254.109000,0.778,-0.08,-0.626,-1.71,4.91,6.44
318254.125000,0.77,-0.071,-0.607,-3.97,7.17,3.39
318254.125000,0.751,-0.067,-0.598,-5.98,8.15,1.46
318254.140000,0.738,-0.065,-0.584,-6.2,9.13,1.01
318254.156000,0.736,-0.06,-0.559,-4.88,9.16,1.62
318254.171000,0.731,-0.061,-0.554,-2.14,7.72,3.3
318254.171000,0.729,-0.059,-0.541,1.19,5.71,5.01
318254.171000,0.741,-0.05,-0.539,4.09,3.48,6.68
318254.187000,0.751,-0.036,-0.555,5.65,1.37,7.48
318254.203000,0.765,-0.026,-0.562,5.49,0.15,7.42
318254.203000,0.772,-0.026,-0.566,4.15,-0.37,6.81
318254.218000,0.777,-0.029,-0.569,2.59,-0.12,5.58
318254.234000,0.778,-0.028,-0.567,0.67,0.09,4.03
318254.234000,0.778,-0.025,-0.57,-1.4,0.15,2.41
318254.250000,0.781,-0.025,-0.577,-3.27,0.15,1.13
318254.265000,0.775,-0.03,-0.582,-4.46,0.15,0.46
318254.265000,0.772,-0.031,-0.581,-4.7,0.18,0.27
318254.281000,0.771,-0.029,-0.578,-4.12,-0.18,0.92
318254.296000,0.77,-0.037,-0.578,-2.62,-0.82,2.32
318254.296000,0.771,-0.045,-0.582,0.18,-1.13,4.0
318254.312000,0.776,-0.04,-0.582,2.87,-1.34,5.28
318254.312000,0.778,-0.035,-0.592,4.67,-1.89,6.38
318254.328000,0.783,-0.036,-0.601,5.28,-2.11,7.11
318254.343000,0.791,-0.04,-0.606,4.85,-1.62,7.14
318254.343000,0.788,-0.04,-0.61,3.2,-1.46,6.38
318254.359000,0.787,-0.045,-0.607,2.9,-1.04,6.04
318254.359000,0.784,-0.054,-0.61,2.59,-0.43,5.92
318254.390000,0.783,-0.058,-0.612,1.4,0.18,5.4
318254.390000,0.782,-0.065,-0.612,1.19,0.52,4.64
318254.406000,0.78,-0.067,-0.608,1.4,0.49,3.69
318254.406000,0.782,-0.065,-0.61,1.5,1.01,2.72
318254.421000,0.782,-0.059,-0.605,1.37,1.19,1.86
318254.437000,0.78,-0.058,-0.604,1.31,1.13,1.5
318254.437000,0.781,-0.057,-0.605,1.37,1.31,1.25
318254.437000,0.778,-0.053,-0.605,1.01,1.4,1.19
318254.468000,0.776,-0.053,-0.604,0.89,1.5,1.43
318254.468000,0.78,-0.058,-0.604,1.19,1.74,2.26
318254.468000,0.78,-0.059,-0.603,1.74,1.83,2.78
318254.500000,0.778,-0.062,-0.596,2.53,2.17,3.2
318254.500000,0.78,-0.064,-0.592,3.45,2.01,3.51
318254.515000,0.777,-0.065,-0.595,3.91,1.34,3.78
318254.515000,0.78,-0.072,-0.593,4.24,0.92,4.24
318254.531000,0.78,-0.073,-0.598,4.64,0.49,4.03
318254.546000,0.78,-0.071,-0.601,4.52,0.31,3.39
318254.546000,0.781,-0.072,-0.599,3.72,0.67,2.96
318254.562000,0.784,-0.072,-0.599,2.9,1.53,2.04
318254.562000,0.786,-0.07,-0.59,1.95,2.23,0.82
318254.578000,0.779,-0.068,-0.59,0.82,2.11,-0.4
318254.593000,0.777,-0.064,-0.588,-0.06,1.98,-1.31
318254.593000,0.778,-0.06,-0.583,-0.4,1.68,-1.71
318254.609000,0.772,-0.054,-0.59,-0.34,1.46,-1.68
318254.625000,0.768,-0.052,-0.589,0.52,2.38,-0.82
318254.625000,0.769,-0.054,-0.571,2.41,1.53,1.28
318254.640000,0.769,-0.059,-0.573,3.11,0.61,1.56
318254.640000,0.768,-0.056,-0.579,2.81,0.27,1.77
318254.656000,0.774,-0.048,-0.577,2.04,-0.4,2.01
318254.671000,0.776,-0.049,-0.581,1.31,-1.04,2.14
318254.687000,0.771,-0.055,-0.582,0.7,-1.53,1.86
318254.687000,0.775,-0.057,-0.586,0.82,-1.59,2.14
318254.703000,0.772,-0.061,-0.593,1.01,-1.01,2.5
318254.703000,0.775,-0.063,-0.59,1.25,-0.37,2.62
318254.718000,0.778,-0.061,-0.6,1.37,-0.46,2.29
318254.734000,0.775,-0.059,-0.606,1.16,0.15,1.92
318254.734000,0.77,-0.058,-0.588,0.73,0.98,1.8
318254.750000,0.771,-0.066,-0.586,0.67,0.46,1.86
318254.765000,0.768,-0.068,-0.585,0.64,-0.34,1.74
318254.765000,0.766,-0.066,-0.579,0.76,-0.79,1.98
318254.765000,0.767,-0.071,-0.582,0.98,-1.62,2.26
318254.781000,0.769,-0.069,-0.587,1.4,-2.44,2.08
318254.796000,0.774,-0.059,-0.595,1.07,-3.08,1.8
318254.796000,0.781,-0.055,-0.609,0.55,-2.9,1.68
318254.828000,0.781,-0.055,-0.611,0.24,-2.08,1.68
318254.828000,0.779,-0.055,-0.612,0.27,-0.95,1.59
318254.828000,0.778,-0.054,-0.608,0.58,0.34,1.86
318254.843000,0.777,-0.051,-0.612,0.76,1.13,2.23
318254.843000,0.773,-0.048,-0.6,0.61,1.62,2.29
318254.875000,0.772,-0.049,-0.589,0.64,1.13,2.56
318254.890000,0.772,-0.05,-0.593,0.76,0.27,2.96
318254.890000,0.769,-0.048,-0.586,1.25,0.24,3.54
318254.890000,0.768,-0.05,-0.586,1.34,-0.12,4.24
318254.921000,0.771,-0.053,-0.59,0.98,-0.89,4.85
318254.921000,0.777,-0.057,-0.591,0.4,-1.62,5.25
318254.937000,0.779,-0.06,-0.603,-0.31,-2.5,5.37
318254.937000,0.78,-0.066,-0.61,-0.82,-2.38,5.16
318254.953000,0.782,-0.069,-0.611,-1.19,-1.71,4.85
318254.968000,0.784,-0.071,-0.616,-1.53,-1.04,4.67
318254.968000,0.784,-0.077,-0.608,-2.01,-0.24,4.3
318254.984000,0.784,-0.083,-0.606,-2.32,-0.24,3.88
318254.984000,0.786,-0.08,-0.611,-2.38,-0.18,3.39
318255.000000,0.788,-0.08,-0.613,-2.17,1.01,2.87
318255.015000,0.784,-0.078,-0.61,-2.75,1.43,2.38
318255.015000,0.785,-0.081,-0.606,-3.36,1.31,2.26
318255.031000,0.784,-0.08,-0.606,-3.69,0.82,2.01
318255.046000,0.783,-0.077,-0.61,-3.51,1.37,1.95
318255.046000,0.781,-0.078,-0.607,-3.57,1.86,2.44
318255.062000,0.778,-0.084,-0.604,-3.05,1.59,3.2
318255.078000,0.775,-0.092,-0.607,-2.01,1.22,3.69
318255.078000,0.771,-0.095,-0.609,-1.13,1.19,4.36
318255.093000,0.768,-0.096,-0.606,-0.27,1.4,4.7
318255.093000,0.773,-0.099,-0.598,0.09,1.59,4.64
318255.109000,0.774,-0.102,-0.599,-0.24,1.43,4.21
318255.109000,0.777,-0.103,-0.6,-0.95,1.8,3.45
318255.140000,0.782,-0.105,-0.601,-1.86,2.41,2.35
318255.140000,0.781,-0.103,-0.601,-2.96,2.23,1.07
318255.156000,0.776,-0.105,-0.605,-4.06,1.46,0.0
318255.156000,0.777,-0.109,-0.611,-4.24,1.16,-0.31
318255.171000,0.778,-0.104,-0.615,-3.54,1.53,-0.12
318255.187000,0.779,-0.102,-0.62,-2.08,1.89,0.4
318255.187000,0.784,-0.098,-0.618,-0.55,2.32,0.79
318255.187000,0.787,-0.089,-0.623,0.49,2.72,1.07
318255.218000,0.79,-0.082,-0.623,0.76,3.69,1.1
318255.218000,0.79,-0.078,-0.617,0.43,4.73,0.76
318255.234000,0.793,-0.078,-0.608,0.18,5.83,0.21
318255.250000,0.793,-0.075,-0.601,-0.31,6.35,-0.67
318255.250000,0.789,-0.068,-0.598,-1.22,6.38,-1.74
318255.265000,0.785,-0.065,-0.585,-2.17,6.56,-2.32
318255.265000,0.781,-0.065,-0.571,-2.81,6.65,-2.41
318255.281000,0.779,-0.066,-0.568,-2.78,6.16,-2.53
318255.296000,0.775,-0.069,-0.566,-2.11,5.65,-2.23
318255.296000,0.776,-0.067,-0.56,-0.98,5.07,-1.53
318255.312000,0.777,-0.059,-0.571,-0.27,4.15,-0.98
318255.312000,0.78,-0.054,-0.578,-0.21,3.94,-0.49
318255.328000,0.781,-0.053,-0.571,-0.82,4.15,-0.18
318255.328000,0.78,-0.056,-0.571,-1.5,3.94,-0.31
318255.343000,0.775,-0.054,-0.575,-2.23,3.88,-0.64
318255.359000,0.766,-0.056,-0.571,-2.81,3.85,-0.73
318255.375000,0.766,-0.063,-0.564,-2.81,3.27,-0.46
318255.375000,0.772,-0.065,-0.57,-2.23,2.53,-0.37
318255.390000,0.77,-0.058,-0.579,-1.53,2.41,-0.37
318255.390000,0.769,-0.053,-0.578,-1.5,2.75,-0.18
318255.406000,0.773,-0.05,-0.572,-1.89,2.62,0.0
318255.406000,0.773,-0.047,-0.572,-2.53,2.17,0.09
318255.437000,0.771,-0.045,-0.57,-3.48,1.77,0.03
318255.437000,0.775,-0.044,-0.565,-3.69,1.77,0.18
318255.437000,0.778,-0.044,-0.563,-3.57,1.46,0.18
318255.468000,0.781,-0.04,-0.565,-3.69,0.7,0.34
318255.468000,0.778,-0.032,-0.572,-4.03,0.03,0.64
318255.484000,0.78,-0.03,-0.571,-4.33,0.0,1.59
318255.500000,0.788,-0.036,-0.573,-4.12,0.18,2.78
318255.500000,0.794,-0.037,-0.576,-3.33,0.64,3.66
318255.515000,0.79,-0.03,-0.582,-3.23,0.89,4.06
318255.515000,0.785,-0.029,-0.576,-3.94,1.1,4.61
318255.531000,0.786,-0.038,-0.569,-4.24,0.82,5.58
318255.546000,0.783,-0.045,-0.575,-4.39,0.12,6.2
318255.546000,0.782,-0.049,-0.575,-4.58,-0.06,6.5
318255.562000,0.782,-0.049,-0.575,-4.49,-0.15,6.59
318255.578000,0.779,-0.051,-0.584,-4.76,-0.37,6.81
318255.578000,0.78,-0.053,-0.583,-5.37,-0.27,7.2
318255.593000,0.784,-0.058,-0.582,-5.71,-0.24,7.51
318255.593000,0.786,-0.064,-0.583,-5.58,-0.09,7.51
318255.609000,0.787,-0.07,-0.579,-5.74,0.31,7.45
318255.625000,0.786,-0.072,-0.579,-5.89,-0.03,7.42
318255.625000,0.792,-0.073,-0.584,-6.07,-0.7,7.32
318255.640000,0.794,-0.071,-0.592,-6.65,-1.13,6.62
318255.640000,0.798,-0.069,-0.595,-7.42,-0.76,6.1
318255.656000,0.801,-0.073,-0.593,-7.75,0.06,5.92
318255.656000,0.805,-0.076,-0.586,-7.87,0.58,5.31
318255.671000,0.803,-0.074,-0.587,-8.51,0.24,4.36
318255.687000,0.803,-0.074,-0.591,-9.03,-0.31,3.97
318255.703000,0.81,-0.076,-0.589,-9.28,-0.49,3.85
318255.718000,0.811,-0.076,-0.587,-9.37,-0.37,3.57
318255.718000,0.811,-0.077,-0.584,-9.37,-0.55,3.33
318255.734000,0.815,-0.079,-0.589,-9.58,-0.89,3.08
318255.750000,0.818,-0.076,-0.591,-10.28,-1.16,2.84
318255.750000,0.821,-0.078,-0.585,-11.14,-1.43,2.53
318255.765000,0.822,-0.083,-0.599,-11.51,-1.77,2.08
318255.765000,0.82,-0.079,-0.609,-12.48,-1.25,1.4
318255.781000,0.82,-0.077,-0.613,-13.34,-0.61,0.67
318255.796000,0.818,-0.081,-0.616,-13.09,0.37,0.34
318255.812000,0.81,-0.082,-0.623,-12.36,1.89,0.21
318255.812000,0.806,-0.077,-0.617,-11.08,3.81,0.21
318255.828000,0.8,-0.074,-0.608,-9.22,5.55,0.73
318255.828000,0.79,-0.075,-0.603,-7.17,6.9,1.59
318255.843000,0.782,-0.073,-0.587,-5.31,7.93,2.53
318255.843000,0.77,-0.075,-0.573,-3.75,7.97,3.33
318255.859000,0.767,-0.075,-0.562,-2.11,7.35,3.94
318255.875000,0.767,-0.07,-0.558,-0.61,6.41,4.27
318255.890000,0.763,-0.064,-0.551,0.03,6.04,4.52
318255.890000,0.76,-0.065,-0.548,0.43,5.86,4.97
318255.906000,0.763,-0.065,-0.541,0.73,5.49,4.88
318255.906000,0.765,-0.064,-0.532,0.4,4.55,4.33
318255.921000,0.766,-0.061,-0.534,-0.12,3.48,3.48
318255.937000,0.774,-0.053,-0.536,-1.22,2.96,2.62
318255.953000,0.778,-0.046,-0.538,-2.87,2.78,1.71
318255.953000,0.772,-0.046,-0.536,-4.52,2.78,1.13
318255.968000,0.765,-0.049,-0.53,-5.8,2.59,1.25
318255.968000,0.767,-0.054,-0.53,-5.98,1.95,1.53
318255.984000,0.767,-0.056,-0.537,-5.4,1.46,1.86
318255.984000,0.769,-0.054,-0.533,-4.55,0.95,2.5
318256.000000,0.772,-0.06,-0.531,-3.81,-0.67,3.6
318256.015000,0.778,-0.062,-0.544,-3.17,-2.23,4.15
318256.031000,0.781,-0.059,-0.555,-2.59,-2.47,4.24
318256.031000,0.782,-0.061,-0.56,-2.53,-2.69,4.39
318256.046000,0.785,-0.062,-0.571,-3.08,-3.02,4.12
318256.046000,0.783,-0.057,-0.577,-4.15,-2.47,3.51
318256.062000,0.778,-0.064,-0.575,-4.61,-1.59,3.66
318256.062000,0.783,-0.077,-0.566,-4.55,-1.46,3.54
318256.078000,0.786,-0.074,-0.574,-4.3,-2.08,2.78
318256.093000,0.784,-0.065,-0.588,-4.15,-1.95,2.35
318256.093000,0.788,-0.068,-0.581,-4.3,-1.16,2.38
318256.109000,0.792,-0.073,-0.577,-4.94,-1.25,1.77
318256.109000,0.798,-0.07,-0.582,-5.1,-1.77,0.92
318256.125000,0.8,-0.061,-0.586,-5.62,-1.83,-0.06
318256.140000,0.803,-0.053,-0.588,-6.53,-1.19,-0.61
318256.156000,0.806,-0.052,-0.575,-7.42,-0.24,-0.34
318256.156000,0.808,-0.059,-0.57,-7.78,-0.52,0.21
318256.171000,0.808,-0.066,-0.57,-7.57,-1.22,0.4
318256.171000,0.806,-0.068,-0.572,-6.41,-1.77,0.79
318256.187000,0.807,-0.069,-0.574,-4.79,-2.14,1.8
318256.187000,0.812,-0.072,-0.575,-3.02,-2.11,2.81
318256.203000,0.817,-0.075,-0.583,-1.37,-1.62,2.72
318256.218000,0.817,-0.073,-0.589,-1.74,-0.79,2.35
318256.218000,0.815,-0.07,-0.585,-2.2,-0.15,1.95
318256.234000,0.815,-0.072,-0.586,-2.72,0.4,1.31
318256.234000,0.815,-0.072,-0.591,-3.39,1.13,0.92
318256.250000,0.807,-0.068,-0.585,-3.66,2.26,1.07
318256.265000,0.802,-0.073,-0.577,-3.08,3.05,1.56
318256.265000,0.794,-0.08,-0.571,-1.59,3.14,2.35
318256.296000,0.79,-0.086,-0.57,0.31,3.08,3.02
318256.296000,0.783,-0.083,-0.568,1.86,2.66,3.42
318256.312000,0.781,-0.083,-0.567,3.11,1.68,4.12
318256.328000,0.781,-0.087,-0.569,3.75,1.07,4.03
318256.328000,0.785,-0.083,-0.575,3.6,0.79,2.93
318256.343000,0.783,-0.075,-0.575,2.32,0.92,1.62
318256.343000,0.782,-0.071,-0.571,0.7,1.1,0.37
318256.359000,0.782,-0.07,-0.568,-1.01,1.13,-1.1
318256.375000,0.777,-0.066,-0.566,-2.32,1.07,-2.44
318256.375000,0.778,-0.064,-0.56,-3.02,1.13,-3.08
318256.390000,0.778,-0.061,-0.559,-3.27,0.61,-3.51
318256.406000,0.779,-0.056,-0.564,-3.08,0.21,-3.63
318256.406000,0.782,-0.052,-0.561,-2.78,-0.21,-3.72
318256.421000,0.78,-0.046,-0.563,-3.17,-0.89,-3.88
318256.421000,0.781,-0.04,-0.565,-3.63,-1.62,-3.75
318256.437000,0.781,-0.042,-0.57,-3.6,-1.95,-3.36
318256.453000,0.789,-0.044,-0.578,-3.3,-1.92,-3.3
318256.468000,0.792,-0.038,-0.587,-2.99,-1.68,-3.66
318256.468000,0.789,-0.03,-0.596,-3.23,-1.01,-3.81
318256.484000,0.789,-0.022,-0.595,-4.09,0.0,-3.2
318256.484000,0.791,-0.034,-0.572,-3.75,0.55,-2.08
318256.500000,0.786,-0.049,-0.586,-2.59,0.03,-1.5
318256.500000,0.782,-0.039,-0.579,-1.98,-0.18,-1.53
318256.515000,0.785,-0.038,-0.574,-0.89,-0.73,-0.34
318256.531000,0.783,-0.044,-0.579,0.24,-1.8,0.79
318256.546000,0.786,-0.048,-0.581,1.04,-2.29,1.56
318256.546000,0.795,-0.046,-0.588,1.62,-2.23,1.92
318256.546000,0.802,-0.043,-0.597,1.56,-1.74,1.83
318256.562000,0.809,-0.041,-0.6,0.95,-0.67,1.5
318256.578000,0.815,-0.043,-0.598,0.27,0.58,0.92
318256.593000,0.818,-0.044,-0.598,-0.24,1.74,0.21
318256.593000,0.813,-0.043,-0.589,-0.76,2.78,-0.7
318256.609000,0.805,-0.044,-0.573,-1.25,3.17,-0.85
318256.609000,0.799,-0.047,-0.565,-0.98,2.47,-0.55
318256.625000,0.794,-0.047,-0.565,0.58,1.74,0.24
318256.640000,0.784,-0.042,-0.564,1.25,1.04,1.01
318256.640000,0.78,-0.042,-0.565,1.07,0.46,1.89
318256.656000,0.787,-0.045,-0.564,1.68,0.03,2.78
318256.656000,0.783,-0.048,-0.572,1.98,-0.61,2.96
318256.671000,0.783,-0.047,-0.576,1.5,-0.55,2.96
318256.687000,0.79,-0.05,-0.582,1.59,-0.06,3.39
318256.687000,0.79,-0.052,-0.579,1.89,0.43,3.45
318256.703000,0.789,-0.055,-0.57,1.71,0.7,3.08
318256.718000,0.789,-0.056,-0.574,1.59,0.49,2.81
318256.734000,0.791,-0.05,-0.58,2.2,0.73,2.81
318256.734000,0.785,-0.045,-0.579,2.2,1.22,2.87
318256.734000,0.781,-0.042,-0.583,1.95,1.37,3.11
318256.765000,0.781,-0.045,-0.585,1.92,1.71,3.66
318256.781000,0.768,-0.051,-0.553,2.47,2.78,4.36
318256.781000,0.772,-0.056,-0.567,1.95,0.61,4.73
318256.796000,0.772,-0.049,-0.559,1.43,-1.16,4.43
318256.796000,0.764,-0.063,-0.563,3.33,-1.89,4.88
318256.812000,0.77,-0.056,-0.574,2.87,-3.27,4.55
318256.828000,0.769,-0.052,-0.566,1.77,-4.27,3.66
318256.828000,0.775,-0.054,-0.562,0.85,-5.43,3.27
318256.843000,0.782,-0.053,-0.58,1.5,-5.28,3.02
318256.843000,0.789,-0.045,-0.591,1.5,-3.14,2.08
318256.859000,0.792,-0.039,-0.599,-0.43,-1.59,1.01
318256.859000,0.795,-0.038,-0.594,-2.47,-0.09,0.21
318256.875000,0.8,-0.043,-0.595,-3.42,1.01,-0.18
318256.890000,0.79,-0.044,-0.584,-4.24,1.77,-0.67
318256.906000,0.783,-0.042,-0.573,-4.27,1.68,-0.55
318256.906000,0.778,-0.041,-0.569,-3.48,0.67,0.61
318256.921000,0.776,-0.043,-0.57,-2.04,-0.55,2.26
318256.921000,0.781,-0.043,-0.579,-0.82,-1.34,3.75
318256.937000,0.779,-0.037,-0.574,0.06,-1.53,4.91
318256.953000,0.772,-0.047,-0.556,1.4,-1.8,6.13
318256.953000,0.781,-0.052,-0.568,1.34,-3.05,6.53
318256.968000,0.788,-0.044,-0.578,0.31,-3.69,5.95
318256.984000,0.791,-0.049,-0.587,-0.52,-3.3,5.55
318256.984000,0.794,-0.056,-0.596,-1.65,-2.23,4.97
318257.000000,0.79,-0.055,-0.587,-3.33,-1.43,4.03
318257.015000,0.783,-0.062,-0.583,-3.36,-1.37,3.75
318257.015000,0.775,-0.061,-0.584,-3.3,-1.83,3.42
318257.031000,0.767,-0.056,-0.584,-2.66,-2.29,3.72
318257.046000,0.765,-0.056,-0.602,-1.07,-2.01,4.55
318257.046000,0.767,-0.051,-0.595,-0.06,-1.07,4.91
318257.046000,0.758,-0.046,-0.59,0.7,-0.61,5.37
318257.062000,0.759,-0.032,-0.593,1.65,-0.43,5.95
318257.062000,0.759,-0.029,-0.617,1.71,-1.04,6.9
318257.093000,0.77,-0.045,-0.628,1.8,0.67,7.11
318257.093000,0.768,-0.039,-0.622,1.98,2.08,6.07
318257.109000,0.752,-0.021,-0.654,0.58,1.31,5.71
318257.109000,0.748,-0.017,-0.652,1.65,2.72,7.11
318257.125000,0.743,-0.014,-0.656,3.78,2.81,9.13
318257.140000,0.725,0.002,-0.683,5.71,1.86,11.78
318257.156000,0.695,0.004,-0.692,9.49,3.85,15.56
318257.156000,0.66,0.006,-0.697,14.13,6.29,19.65
318257.171000,0.627,0.004,-0.717,20.29,8.33,24.26
318257.187000,0.597,-0.007,-0.733,29.79,10.68,29.57
318257.203000,0.578,-0.014,-0.74,43.4,12.97,36.56
318257.203000,0.567,-0.019,-0.751,59.69,14.83,44.19
318257.218000,0.558,-0.008,-0.756,75.23,16.45,51.67
318257.218000,0.544,-0.003,-0.764,88.81,17.09,59.57
318257.234000,0.53,-0.022,-0.77,100.28,16.3,67.23
318257.250000,0.51,-0.055,-0.775,110.97,14.13,73.43
318257.250000,0.49,-0.091,-0.774,122.29,11.08,78.92
318257.265000,0.467,-0.124,-0.768,135.35,8.24,83.16
318257.281000,0.462,-0.161,-0.769,149.14,4.55,86.76
318257.281000,0.461,-0.193,-0.773,161.99,2.08,89.57
318257.296000,0.449,-0.206,-0.775,172.86,2.04,92.1
318257.296000,0.439,-0.211,-0.748,182.41,5.04,98.09
318257.312000,0.432,-0.248,-0.704,195.32,11.11,108.25
318257.328000,0.434,-0.313,-0.677,210.91,17.21,119.54
318257.328000,0.454,-0.373,-0.676,224.43,19.62,128.67
318257.343000,0.47,-0.404,-0.708,234.47,20.23,131.96
318257.343000,0.455,-0.41,-0.742,240.64,21.52,131.41
318257.359000,0.442,-0.419,-0.726,246.19,25.15,129.76
318257.375000,0.487,-0.429,-0.631,251.96,28.72,128.24
318257.375000,0.537,-0.45,-0.531,254.01,23.65,130.31
318257.390000,0.529,-0.491,-0.474,255.9,14.07,135.07
318257.406000,0.49,-0.548,-0.451,262.0,10.44,139.23
318257.406000,0.439,-0.598,-0.465,268.53,13.31,140.29
318257.421000,0.381,-0.631,-0.464,272.16,22.16,139.23
318257.437000,0.324,-0.66,-0.48,270.39,32.5,135.93
318257.437000,0.336,-0.68,-0.533,260.9,44.62,126.83
318257.453000,0.475,-0.673,-0.524,240.33,63.05,115.05
318257.453000,0.657,-0.673,-0.514,216.47,89.57,98.42
318257.468000,0.603,-0.637,-0.435,196.84,131.44,75.66
318257.468000,0.493,-0.626,-0.267,179.17,166.91,65.98
318257.484000,0.425,-0.663,-0.165,168.16,194.16,60.95
318257.500000,0.308,-0.728,-0.096,166.39,220.59,58.41
318257.500000,0.198,-0.761,0.048,163.55,240.79,57.34
318257.515000,0.143,-0.762,0.179,159.0,246.65,56.37
318257.515000,0.176,-0.765,0.274,153.32,241.04,55.27
318257.546000,0.252,-0.779,0.376,146.06,230.41,52.34
318257.562000,0.278,-0.806,0.475,140.02,222.48,48.37
318257.562000,0.235,-0.836,0.542,137.73,223.58,46.14
318257.578000,0.145,-0.884,0.589,137.85,233.38,44.47
318257.578000,0.088,-0.922,0.659,136.11,244.88,40.13
318257.593000,0.045,-0.917,0.725,129.8,251.56,28.75
318257.609000,-0.023,-0.89,0.768,117.31,250.5,12.94
318257.625000,-0.074,-0.867,0.808,99.28,245.74,-3.42
318257.625000,-0.038,-0.848,0.869,78.04,238.62,-20.48
318257.640000,-0.025,-0.826,0.932,56.43,228.25,-36.29
318257.640000,-0.059,-0.829,0.984,39.0,220.68,-45.66
318257.656000,-0.099,-0.862,1.065,31.5,221.41,-49.84
318257.671000,-0.115,-0.885,1.172,33.94,221.75,-52.1
318257.671000,-0.122,-0.877,1.243,41.75,215.64,-54.41
318257.687000,-0.116,-0.839,1.278,50.72,203.86,-57.68
318257.687000,-0.081,-0.762,1.28,54.78,186.32,-63.69
318257.703000,-0.026,-0.664,1.264,49.17,165.81,-72.42
318257.703000,0.013,-0.571,1.232,35.4,146.46,-81.0
318257.718000,0.03,-0.506,1.171,14.25,133.7,-85.6
318257.734000,0.031,-0.477,1.119,-14.71,129.67,-86.15
318257.734000,0.027,-0.506,1.107,-47.52,130.92,-84.23
318257.750000,0.039,-0.554,1.113,-80.63,130.41,-82.31
318257.750000,0.057,-0.596,1.105,-110.42,124.52,-82.64
318257.765000,0.054,-0.623,1.101,-132.36,116.52,-84.32
318257.781000,0.054,-0.654,1.101,-144.99,104.53,-81.61
318257.796000,0.052,-0.684,1.102,-137.76,99.73,-77.82
318257.796000,0.044,-0.719,1.116,-124.45,93.42,-73.24
318257.812000,0.034,-0.73,1.128,-107.97,84.78,-67.2
318257.828000,0.033,-0.713,1.124,-92.29,73.4,-58.47
318257.828000,0.046,-0.693,1.092,-80.36,61.92,-49.23
318257.828000,0.084,-0.648,0.983,-74.59,52.19,-41.32
318257.859000,0.103,-0.622,0.927,-76.88,43.31,-35.58
318257.859000,0.125,-0.598,0.88,-85.51,36.1,-31.92
318257.875000,0.134,-0.589,0.863,-97.14,31.43,-30.37
318257.875000,0.126,-0.606,0.889,-106.66,27.86,-28.63
318257.890000,0.103,-0.644,0.947,-108.4,24.96,-24.84
318257.906000,0.069,-0.691,1.01,-97.96,21.88,-18.04
318257.906000,0.052,-0.719,1.048,-77.73,16.66,-9.92
318257.921000,0.073,-0.708,1.062,-53.93,6.29,-3.36
318257.921000,0.074,-0.684,1.026,-33.11,-10.01,3.75
318257.953000,0.062,-0.677,0.959,-17.98,-25.36,13.03
318257.953000,0.063,-0.69,0.895,-8.58,-35.89,22.71
318257.953000,0.061,-0.703,0.845,-6.74,-43.52,29.85
318257.968000,0.054,-0.722,0.805,-12.76,-50.17,34.09
318257.984000,0.057,-0.758,0.782,-23.01,-55.76,35.77
318257.984000,0.066,-0.806,0.775,-32.62,-61.01,34.67
318258.000000,0.074,-0.839,0.749,-38.54,-66.44,31.92
318258.000000,0.096,-0.86,0.703,-40.65,-72.36,29.76
318258.015000,0.088,-0.875,0.666,-39.46,-77.61,28.14
318258.031000,0.098,-0.896,0.637,-33.97,-80.63,27.95
318258.046000,0.116,-0.898,0.602,-26.89,-84.69,28.29
318258.046000,0.114,-0.883,0.558,-20.84,-90.33,28.72
318258.062000,0.11,-0.869,0.511,-17.24,-95.16,29.6
318258.078000,0.098,-0.856,0.47,-16.51,-98.12,31.04
318258.078000,0.097,-0.885,0.382,-18.92,-100.65,34.21
318258.093000,0.121,-0.931,0.29,-26.61,-102.39,36.16
318258.109000,0.148,-0.97,0.229,-37.35,-101.9,35.37
318258.109000,0.18,-1.01,0.155,-47.61,-95.65,31.19
318258.125000,0.192,-1.019,0.11,-58.47,-84.66,23.13
318258.125000,0.179,-1.022,0.131,-66.29,-73.06,15.17
318258.140000,0.157,-1.033,0.19,-66.1,-65.03,9.52
318258.156000,0.127,-1.032,0.235,-56.49,-62.14,6.2
318258.156000,0.105,-1.019,0.235,-42.15,-62.84,6.01
318258.171000,0.118,-1.007,0.168,-29.97,-65.74,8.61
318258.187000,0.131,-0.997,0.099,-25.48,-69.61,10.28
318258.203000,0.161,-0.986,0.083,-27.92,-72.48,10.19
318258.203000,0.182,-0.98,0.06,-34.21,-71.38,9.77
318258.218000,0.187,-0.964,0.056,-42.39,-63.14,9.03
318258.218000,0.196,-0.947,0.086,-52.22,-51.79,7.11
318258.234000,0.195,-0.935,0.114,-62.81,-43.82,3.97
318258.250000,0.182,-0.925,0.15,-71.78,-40.13,0.92
318258.250000,0.147,-0.921,0.154,-76.2,-39.89,-0.43
318258.265000,0.082,-1.038,-0.209,-76.33,-39.7,-0.85
318258.265000,0.177,-0.866,-1.619,-118.53,0.18,-4.67
318258.281000,0.48,-0.759,-0.369,-102.39,101.26,-24.69
318258.296000,0.343,-1.572,0.146,30.76,97.02,-42.27
318258.296000,0.515,-1.396,0.267,-38.97,-12.3,-24.48
318258.312000,0.156,-0.921,0.08,-42.24,-75.81,1.86
318258.328000,0.041,-0.846,-0.26,5.46,-97.08,24.45
318258.328000,0.159,-1.126,-0.38,41.99,-68.36,34.49
318258.343000,0.297,-1.212,-0.263,61.4,-21.36,23.41
318258.343000,0.33,-1.008,-0.25,46.51,2.81,11.11
318258.359000,0.253,-1.057,-0.353,29.08,14.98,8.45
318258.375000,0.291,-1.125,-0.356,13.28,30.24,3.72
318258.375000,0.297,-1.141,-0.294,4.91,53.01,-7.72
318258.390000,0.255,-1.092,-0.193,-1.1,66.16,-23.1
318258.406000,0.236,-1.052,-0.107,-6.26,69.46,-30.55
318258.406000,0.222,-1.037,-0.046,-4.3,74.47,-31.37
318258.421000,0.207,-1.004,0.012,2.38,82.58,-29.82
318258.437000,0.198,-0.949,0.09,9.67,89.66,-25.67
318258.437000,0.187,-0.902,0.183,15.66,93.33,-18.98
318258.453000,0.182,-0.876,0.269,18.28,94.91,-12.21
318258.453000,0.166,-0.872,0.362,16.45,95.61,-8.3
318258.468000,0.144,-0.879,0.449,13.43,94.82,-6.96
318258.484000,0.124,-0.877,0.519,9.0,92.65,-7.6
318258.484000,0.119,-0.878,0.567,2.78,89.54,-9.13
318258.500000,0.09,-0.861,0.598,-4.88,85.76,-12.51
318258.500000,0.077,-0.863,0.653,-12.24,81.76,-12.51
318258.515000,0.076,-0.874,0.725,-15.23,76.27,-13.21
318258.531000,0.063,-0.857,0.775,-17.46,66.44,-14.37
318258.546000,0.046,-0.838,0.808,-18.07,55.51,-14.71
318258.546000,0.03,-0.822,0.844,-17.79,43.92,-13.7
318258.562000,0.012,-0.813,0.874,-17.52,29.27,-10.83
318258.578000,-0.012,-0.817,0.901,-16.05,12.48,-6.13
318258.578000,-0.029,-0.845,0.912,-11.08,-5.49,0.4
318258.593000,-0.034,-0.872,0.88,-3.94,-24.2,6.96
318258.593000,-0.021,-0.887,0.807,2.66,-42.05,12.33
318258.593000,0.005,-0.885,0.72,6.23,-58.63,15.23
318258.625000,0.011,-0.884,0.633,5.95,-71.9,16.3
318258.625000,0.017,-0.9,0.564,3.33,-79.99,16.6
318258.640000,0.031,-0.923,0.517,0.09,-84.78,15.17
318258.656000,0.029,-0.946,0.481,-3.05,-89.39,12.33
318258.656000,0.021,-0.972,0.461,-4.82,-94.0,10.59
318258.656000,0.016,-0.987,0.448,-3.39,-98.42,9.37
318258.687000,0.009,-0.978,0.427,-0.46,-103.52,8.39
318258.703000,0.01,-0.968,0.377,2.04,-110.17,9.19
318258.703000,0.022,-0.967,0.297,2.29,-117.86,11.02
318258.718000,0.068,-0.982,0.169,0.09,-126.56,13.0
318258.718000,0.122,-1.0,0.028,-4.43,-135.14,13.18
318258.734000,0.165,-1.009,-0.103,-10.96,-138.68,12.36
318258.734000,-0.14,-1.047,-2.077,-39.25,-118.66,13.98
318258.750000,0.637,-0.315,-1.996,-109.81,131.9,21.82
318258.765000,1.638,-1.689,0.582,65.34,217.75,4.24
318258.765000,0.608,-1.79,0.289,-107.49,-42.51,-31.59
318258.781000,-0.129,-1.176,0.199,-60.58,-101.84,-29.02
318258.796000,-0.188,-0.914,-0.416,53.71,-125.37,-13.61
318258.796000,0.011,-1.009,-0.552,135.26,-79.62,-1.31
318258.812000,0.412,-1.097,-0.349,152.29,-34.36,29.76
318258.812000,0.347,-0.914,-0.378,99.77,-27.38,29.51
318258.828000,0.197,-0.821,-0.52,62.96,3.88,25.27
318258.843000,0.288,-0.914,-0.395,34.73,53.13,25.79
318258.843000,0.357,-0.997,-0.168,-9.89,72.82,11.69
318258.859000,0.249,-1.02,-0.063,-48.31,73.49,-8.67
318258.859000,0.214,-1.072,0.013,-59.14,79.01,-18.89
318258.875000,0.208,-1.076,0.126,-50.29,88.53,-28.02
318258.890000,0.171,-1.023,0.227,-34.61,94.55,-31.31
318258.890000,0.143,-0.982,0.303,-15.29,97.11,-25.61
318258.906000,0.131,-0.964,0.369,4.33,96.38,-16.6
318258.921000,0.121,-0.94,0.436,20.69,92.87,-8.67
318258.921000,0.109,-0.911,0.491,32.38,86.12,-2.44
318258.937000,0.1,-0.896,0.524,38.54,77.03,2.29
318258.953000,0.1,-0.872,0.549,39.0,68.54,4.03
318258.968000,0.098,-0.843,0.56,32.78,62.11,3.3
318258.968000,0.091,-0.818,0.564,19.56,57.89,1.01
318258.984000,0.081,-0.809,0.582,2.38,55.54,-2.32
318259.000000,0.06,-0.808,0.619,-16.11,53.04,-6.32
318259.000000,0.03,-0.818,0.67,-32.93,49.1,-8.85
318259.015000,0.001,-0.849,0.734,-43.06,43.18,-8.88
318259.031000,-0.024,-0.891,0.808,-44.01,34.06,-7.35
318259.031000,-0.049,-0.921,0.864,-37.11,20.29,-4.24
318259.046000,-0.059,-0.926,0.88,-25.79,1.83,0.15
318259.046000,-0.054,-0.914,0.861,-14.16,-19.23,4.64
318259.046000,-0.039,-0.892,0.812,-5.31,-39.7,8.88
318259.078000,-0.021,-0.871,0.748,-1.22,-57.28,12.15
318259.078000,-0.006,-0.848,0.687,-2.29,-70.35,13.61
318259.093000,0.002,-0.834,0.644,-8.09,-79.71,14.22
318259.093000,0.007,-0.838,0.597,-16.82,-87.77,14.07
318259.109000,0.009,-0.858,0.539,-26.52,-95.98,13.76
318259.109000,0.013,-0.897,0.486,-33.48,-103.52,14.01
318259.125000,0.028,-0.943,0.425,-35.68,-111.0,14.04
318259.125000,0.029,-0.98,0.36,-33.36,-118.17,13.18
318259.156000,0.022,-1.006,0.312,-27.56,-124.0,12.7
318259.171000,0.022,-1.03,0.261,-17.67,-128.39,13.18
318259.171000,0.035,-1.038,0.161,-8.06,-133.58,14.16
318259.187000,0.02,-1.097,-0.242,-3.57,-140.39,15.66
318259.203000,0.056,-0.908,-3.356,-72.12,-58.96,12.15
318259.203000,1.506,-0.983,-1.162,55.12,230.26,-2.69
318259.218000,1.311,-1.774,0.621,-26.25,78.55,-28.72
318259.218000,0.203,-1.478,0.465,-75.26,-49.47,-36.47
318259.234000,-0.168,-0.855,-0.021,23.56,-126.41,-8.24
318259.250000,-0.154,-0.707,-0.564,69.98,-148.08,13.4
318259.250000,0.256,-1.008,-0.567,134.13,-58.6,37.11
318259.265000,0.456,-1.043,-0.312,109.41,-4.85,39.77
318259.265000,0.183,-0.875,-0.242,52.34,3.3,26.09
318259.281000,0.085,-0.899,-0.242,43.34,27.38,31.01
318259.296000,0.176,-1.044,-0.173,33.97,47.4,35.65
318259.296000,0.198,-1.112,-0.107,11.32,52.28,19.87
318259.312000,0.161,-1.107,-0.108,-5.71,52.89,-0.98
318259.328000,0.133,-1.059,-0.112,-14.86,59.3,-17.4
318259.328000,0.107,-0.983,-0.049,-17.03,73.09,-27.53
318259.343000,0.102,-0.953,0.02,-13.86,86.98,-27.53
318259.359000,0.089,-0.939,0.088,-9.13,95.77,-24.35
318259.359000,0.072,-0.919,0.163,6.26,100.1,-14.07
318259.375000,0.057,-0.898,0.221,15.9,99.61,-6.78
318259.375000,0.04,-0.889,0.261,24.6,97.48,0.06
318259.390000,0.042,-0.894,0.285,29.33,93.6,4.52
318259.406000,0.047,-0.893,0.3,29.45,89.3,5.68
318259.406000,0.058,-0.873,0.287,25.27,85.67,5.1
318259.421000,0.069,-0.873,0.296,17.64,83.41,3.72
318259.421000,0.075,-0.87,0.322,9.34,82.74,1.65
318259.437000,0.079,-0.866,0.342,2.26,83.25,-0.27
318259.453000,0.076,-0.866,0.356,-3.94,83.38,-1.16
318259.453000,0.071,-0.869,0.372,-9.19,82.46,-0.85
318259.468000,0.07,-0.869,0.389,-12.91,81.09,0.73
318259.484000,0.064,-0.866,0.408,-14.74,79.2,2.72
318259.484000,0.057,-0.87,0.428,-14.8,76.51,5.28
318259.515000,0.053,-0.881,0.435,-12.97,72.79,8.94
318259.515000,0.05,-0.89,0.433,-10.04,68.21,12.67
318259.515000,0.04,-0.907,0.437,-6.1,63.45,15.99
318259.515000,0.032,-0.927,0.449,-1.4,59.08,19.1
318259.531000,0.032,-0.939,0.45,3.2,54.35,21.64
318259.546000,0.03,-0.953,0.432,5.71,49.1,23.26
318259.562000,0.017,-0.973,0.424,5.62,45.2,24.11
318259.578000,0.013,-0.993,0.425,3.69,42.48,23.71
318259.578000,0.024,-1.009,0.413,0.06,39.09,22.1
318259.593000,0.038,-1.022,0.401,-4.3,34.67,19.2
318259.593000,0.041,-1.036,0.395,-7.05,31.19,16.02
318259.609000,0.055,-1.053,0.38,-6.62,29.66,14.07
318259.625000,0.064,-1.057,0.37,-4.91,28.63,12.45
318259.625000,0.062,-1.054,0.372,-2.93,27.38,10.9
318259.640000,0.067,-1.054,0.359,-0.61,26.15,10.22
318259.656000,0.079,-1.055,0.336,1.07,24.78,9.7
318259.656000,0.077,-1.055,0.325,1.62,23.77,8.51
318259.671000,0.072,-1.051,0.327,1.5,23.8,7.35
318259.671000,0.063,-1.053,0.333,0.98,24.17,6.41
318259.687000,0.056,-1.057,0.335,-0.27,24.02,5.46
318259.703000,0.053,-1.058,0.335,-1.71,23.47,3.85
318259.718000,0.051,-1.056,0.328,-2.44,22.49,1.74
318259.718000,0.046,-1.045,0.327,-2.87,20.66,-0.95
318259.734000,0.04,-1.036,0.319,-3.3,18.71,-3.51
318259.734000,0.044,-1.025,0.297,-4.33,16.45,-5.86
318259.750000,0.046,-1.011,0.283,-6.04,14.68,-8.33
318259.750000,0.024,-0.999,0.278,-7.97,14.86,-10.62
318259.765000,0.014,-1.0,0.298,-7.69,16.54,-10.04
318259.765000,-0.001,-1.003,0.338,-4.0,17.64,-9.34
318259.796000,-0.018,-0.999,0.36,1.4,16.42,-7.97
318259.796000,-0.019,-0.991,0.349,7.42,13.55,-6.23
318259.812000,-0.016,-0.975,0.342,11.75,9.77,-5.4
318259.828000,-0.015,-0.964,0.339,14.04,5.4,-5.71
318259.828000,-0.005,-0.95,0.314,14.07,-0.09,-6.26
318259.828000,0.012,-0.939,0.281,11.84,-5.31,-6.5
318259.859000,0.023,-0.937,0.27,9.37,-7.23,-6.47
318259.859000,0.028,-0.935,0.277,8.33,-5.52,-5.92
318259.859000,0.027,-0.93,0.293,8.33,-2.56,-4.97
318259.890000,0.026,-0.926,0.315,8.36,-0.21,-3.42
318259.890000,0.024,-0.921,0.333,7.51,1.5,-1.62
318259.906000,0.023,-0.914,0.359,5.77,2.32,0.12
318259.906000,0.02,-0.914,0.392,3.54,2.26,1.74
318259.921000,0.016,-0.92,0.423,1.16,0.7,2.87
318259.937000,0.014,-0.923,0.461,-0.67,-2.69,3.23
318259.937000,0.008,-0.919,0.503,-1.92,-8.0,3.11
318259.953000,-0.002,-0.915,0.55,-2.01,-13.76,2.9
318259.968000,-0.027,-0.909,0.616,-0.43,-18.28,4.15
318259.968000,-0.046,-0.903,0.664,1.1,-22.49,5.74
318259.984000,-0.063,-0.885,0.69,-3.54,-28.63,5.13
318259.984000,-0.106,-0.873,0.715,-16.39,-35.68,2.56
318260.000000,-0.144,-0.894,0.76,-32.5,-43.37,0.76
318260.015000,-0.165,-0.934,0.809,-47.12,-53.68,-1.04
318260.015000,-0.176,-0.964,0.838,-56.52,-67.84,-3.66
318260.031000,-0.188,-0.98,0.845,-59.05,-84.38,-6.41
318260.046000,-0.189,-0.996,0.824,-54.38,-101.84,-7.84
318260.062000,-0.19,-1.006,0.779,-44.83,-118.9,-8.88
318260.062000,-0.197,-1.008,0.726,-33.27,-134.62,-8.45
318260.078000,-0.198,-1.015,0.659,-21.7,-148.63,-5.68
318260.078000,-0.19,-1.023,0.586,-12.73,-161.53,-2.08
318260.093000,-0.187,-1.033,0.532,-6.32,-172.8,0.79
318260.093000,-0.178,-1.044,0.47,-1.43,-182.13,3.02
318260.109000,-0.144,-1.048,0.372,0.61,-190.16,3.51
318260.125000,-0.126,-1.036,0.273,-1.86,-195.04,1.4
318260.140000,-0.117,-1.019,0.191,-7.23,-195.14,-2.2
318260.140000,-0.11,-1.003,0.113,-14.44,-192.48,-6.23
318260.156000,-0.097,-0.991,0.026,-22.22,-189.86,-9.95
318260.156000,-0.059,-0.987,-0.096,-29.42,-189.55,-12.12
318260.171000,-0.013,-0.984,-0.232,-34.21,-191.26,-13.52
318260.187000,0.034,-0.963,-0.359,-36.5,-190.62,-13.67
318260.187000,0.083,-0.933,-0.476,-35.68,-183.69,-11.6
318260.203000,-0.415,-0.952,-2.587,-63.05,-126.19,-9.98
318260.203000,0.823,-0.743,-1.916,50.42,333.87,-21.7
318260.203000,2.261,-1.731,0.358,77.82,344.58,-61.16
318260.234000,0.486,-1.507,0.655,-98.12,3.27,-79.26
318260.250000,-0.391,-0.819,0.188,-37.78,-155.31,-34.27
318260.250000,-0.687,-0.36,-0.441,4.85,-234.02,-5.77
318260.265000,-0.009,-0.86,-0.782,127.14,-180.15,55.88
318260.281000,0.57,-1.261,-0.707,160.8,-95.83,75.23
318260.281000,0.402,-1.024,-0.539,101.69,-57.56,42.21
318260.296000,0.167,-0.798,-0.617,87.8,-0.43,23.01
318260.296000,0.212,-0.779,-0.521,75.29,62.69,26.64
318260.312000,0.274,-0.854,-0.297,37.6,92.87,21.42
318260.328000,0.22,-0.94,-0.133,-0.95,99.25,4.24
318260.328000,0.18,-0.999,-0.036,-25.97,100.68,-11.72
318260.343000,0.146,-0.994,0.075,-34.73,108.71,-25.21
318260.359000,0.098,-0.956,0.231,-29.45,122.75,-30.49
318260.359000,0.061,-0.94,0.402,-16.05,134.59,-26.06
318260.375000,0.046,-0.915,0.552,-1.16,136.17,-17.67
318260.375000,0.036,-0.896,0.666,14.4,128.73,-9.55
318260.390000,0.032,-0.864,0.764,23.96,114.96,-3.48
318260.390000,0.023,-0.835,0.816,23.44,94.58,1.34
318260.406000,-0.003,-0.835,0.827,16.02,73.7,4.91
318260.406000,-0.032,-0.85,0.835,4.52,56.31,7.2
318260.437000,-0.053,-0.879,0.854,-7.69,41.84,8.15
318260.437000,-0.077,-0.929,0.888,-18.19,27.8,7.84
318260.453000,-0.106,-0.986,0.912,-23.9,13.61,6.78
318260.468000,-0.122,-1.02,0.907,-24.45,-0.12,4.7
318260.468000,-0.124,-1.025,0.893,-21.76,-13.61,1.83
318260.484000,-0.11,-1.012,0.861,-18.28,-28.53,-0.76
318260.500000,-0.097,-0.992,0.802,-16.27,-46.14,-2.93
318260.500000,-0.087,-0.974,0.729,-16.24,-63.69,-4.46
318260.500000,-0.069,-0.963,0.652,-17.18,-78.52,-4.73
318260.500000,-0.059,-0.949,0.576,-18.92,-89.97,-4.64
318260.531000,-0.053,-0.935,0.505,-21.0,-99.43,-3.85
318260.546000,-0.063,-0.93,0.441,-22.98,-108.01,-2.26
318260.562000,-0.06,-0.946,0.357,-23.62,-116.61,1.04
318260.562000,-0.019,-0.979,0.239,-22.43,-127.38,4.67
318260.578000,0.023,-1.01,0.108,-19.14,-139.07,6.26
318260.593000,0.049,-1.038,-0.128,-13.0,-148.38,7.72
318260.593000,-0.233,-0.857,-2.935,-72.24,-75.44,11.08
318260.609000,1.251,-0.762,-0.446,16.88,264.9,2.2
318260.609000,1.525,-1.806,0.655,58.5,136.39,-32.07
318260.625000,0.201,-1.46,0.249,-94.94,-126.5,-43.92
318260.640000,-0.192,-1.001,-0.193,0.06,-169.26,-12.45
318260.640000,-0.244,-0.769,-0.821,85.3,-154.91,2.84
318260.656000,0.173,-0.888,-0.774,146.03,-48.62,20.17
318260.656000,0.441,-0.975,-0.521,106.11,11.08,35.13
318260.671000,0.183,-0.86,-0.376,25.09,22.86,21.52
318260.687000,0.119,-0.916,-0.327,3.85,54.2,16.21
318260.687000,0.23,-1.005,-0.197,-10.41,81.0,10.59
318260.703000,0.226,-1.031,-0.079,-31.62,88.81,-2.32
318260.703000,0.189,-1.071,-0.022,-35.43,94.67,-14.4
318260.718000,0.149,-1.068,0.046,-29.69,102.15,-24.93
318260.734000,0.09,-1.006,0.155,-22.1,109.56,-30.61
318260.750000,0.058,-0.966,0.287,-10.53,115.94,-27.47
318260.750000,0.045,-0.957,0.401,2.2,116.67,-20.26
318260.765000,0.035,-0.933,0.505,12.73,110.29,-13.79
318260.781000,0.028,-0.907,0.578,20.81,98.85,-7.45
318260.781000,0.021,-0.896,0.622,25.15,85.73,-1.98
318260.796000,0.015,-0.891,0.654,25.57,73.61,1.31
318260.796000,0.006,-0.883,0.67,20.75,62.14,2.72
318260.812000,-0.011,-0.881,0.683,10.5,51.52,2.01
318260.812000,-0.033,-0.887,0.709,-1.56,42.85,-0.12
318260.828000,-0.046,-0.899,0.746,-13.09,33.97,-2.96
318260.828000,-0.067,-0.909,0.783,-22.8,24.08,-5.28
318260.843000,-0.09,-0.915,0.816,-28.2,13.95,-6.62
318260.859000,-0.103,-0.917,0.839,-29.51,2.41,-6.9
318260.875000,-0.102,-0.913,0.849,-28.35,-12.33,-6.68
318260.890000,-0.102,-0.895,0.842,-26.09,-29.85,-5.62
318260.890000,-0.101,-0.875,0.812,-24.2,-48.62,-3.81
318260.906000,-0.099,-0.868,0.767,-23.44,-66.16,-0.64
318260.906000,-0.101,-0.87,0.71,-23.65,-80.54,2.5
318260.921000,-0.105,-0.875,0.659,-25.3,-92.81,4.73
318260.937000,-0.117,-0.888,0.619,-28.72,-116.4,7.84
318260.937000,-0.124,-0.901,0.567,-28.78,-130.07,8.76
318260.937000,-0.107,-0.919,0.487,-27.68,-145.39,10.5
318260.968000,-0.067,-0.952,0.361,-24.11,-159.64,12.45
318260.968000,-0.003,-0.99,0.197,-17.67,-170.75,14.01
318260.984000,0.076,-1.023,0.009,-43.82,-125.25,15.56
318261.000000,1.517,-1.085,-0.584,59.33,272.13,13.89
318261.015000,1.923,-1.666,0.873,-16.36,88.56,-18.56
318261.015000,0.111,-1.439,0.29,-68.76,-116.58,-39.77
318261.031000,-0.248,-1.038,-0.203,43.55,-150.67,-2.81
318261.031000,-0.248,-0.683,-0.805,85.42,-167.21,1.95
318261.046000,0.385,-0.898,-0.841,137.39,-46.27,22.77
318261.046000,0.521,-1.016,-0.516,83.19,22.49,30.49
318261.062000,0.178,-0.924,-0.342,-4.27,28.84,15.99
318261.078000,0.079,-0.946,-0.321,-21.97,61.34,8.85
318261.093000,0.195,-1.077,-0.195,-28.78,85.63,9.74
318261.093000,0.209,-1.17,-0.068,-42.33,84.9,-1.74
318261.093000,0.19,-1.208,-0.038,-39.19,78.98,-16.27
318261.109000,0.14,-1.145,-0.037,-22.43,81.42,-27.86
318261.125000,0.092,-1.042,0.028,-2.66,93.51,-29.27
318261.125000,0.097,-1.003,0.132,15.72,105.26,-20.66
318261.140000,0.087,-0.983,0.229,28.02,109.71,-14.13
318261.156000,0.055,-0.937,0.324,33.17,107.33,-9.61
318261.171000,0.046,-0.909,0.408,34.97,101.81,-4.85
318261.171000,0.046,-0.896,0.483,32.9,94.09,-2.11
318261.187000,0.036,-0.882,0.542,27.62,86.31,-2.41
318261.187000,0.024,-0.864,0.589,19.14,78.71,-5.01
318261.203000,0.003,-0.85,0.645,7.66,71.11,-8.21
318261.218000,-0.021,-0.85,0.698,-3.54,63.39,-10.1
318261.218000,-0.052,-0.863,0.744,-13.0,55.15,-10.62
318261.234000,-0.086,-0.881,0.803,-18.43,46.24,-9.8
318261.250000,-0.12,-0.898,0.862,-18.52,34.61,-6.96
318261.265000,-0.144,-0.904,0.902,-13.25,19.38,-2.56
318261.265000,-0.155,-0.901,0.911,-3.45,0.82,2.59
318261.265000,-0.157,-0.883,0.885,7.42,-21.0,7.84
318261.281000,-0.153,-0.853,0.835,15.26,-43.73,12.57
318261.296000,-0.148,-0.838,0.765,19.78,-63.36,16.79
318261.312000,-0.14,-0.832,0.702,19.17,-78.28,19.71
318261.312000,-0.13,-0.84,0.658,13.21,-89.66,21.55
318261.328000,-0.13,-0.861,0.622,5.22,-97.93,21.21
318261.328000,-0.132,-0.882,0.594,-2.72,-104.65,20.45
318261.343000,-0.134,-0.901,0.565,-10.22,-111.82,19.01
318261.359000,-0.136,-0.913,0.543,-17.21,-120.91,16.72
318261.359000,-0.129,-0.938,0.495,-22.58,-133.3,15.17
318261.375000,-0.063,-0.988,0.368,-24.54,-150.21,15.32
318261.375000,0.015,-1.03,0.216,-22.52,-168.71,15.05
318261.390000,-0.212,-1.315,-0.674,-17.67,-179.91,15.84
318261.390000,-0.035,-0.584,-2.478,-97.38,105.41,12.73
318261.421000,2.912,-1.72,0.79,101.17,383.16,-8.76
318261.421000,0.691,-1.865,0.822,-89.51,-64.55,-57.16
318261.437000,-0.037,-1.185,0.295,3.6,-148.05,-31.59
318261.437000,-0.171,-0.792,-0.88,63.02,-227.79,1.68
318261.453000,-0.03,-0.784,-0.882,87.22,-135.93,-4.76
318261.468000,0.31,-1.056,-0.405,120.3,-22.77,31.98
318261.468000,0.456,-1.166,-0.344,34.64,-10.71,36.81
318261.484000,0.191,-1.042,-0.357,-26.03,4.33,6.2
318261.500000,0.168,-1.06,-0.275,-14.53,55.67,-2.99
318261.500000,0.249,-1.121,-0.151,-15.63,83.13,-6.68
318261.515000,0.214,-1.148,-0.08,-28.75,85.63,-19.2
318261.531000,0.199,-1.136,-0.025,-27.95,85.33,-30.95
318261.531000,0.163,-1.053,0.03,-19.78,90.4,-40.41
318261.546000,0.131,-0.973,0.091,-8.55,101.44,-41.47
318261.546000,0.11,-0.92,0.178,-0.12,110.02,-35.71
318261.562000,0.085,-0.881,0.273,2.69,111.88,-28.29
318261.578000,0.07,-0.865,0.375,3.6,108.8,-21.3
318261.578000,0.065,-0.861,0.472,4.18,102.24,-15.78
318261.593000,0.05,-0.856,0.545,3.54,93.69,-12.45
318261.593000,0.024,-0.856,0.597,1.43,84.81,-9.64
318261.609000,-0.006,-0.87,0.643,-1.8,75.9,-7.17
318261.625000,-0.031,-0.887,0.696,-5.22,67.17,-5.37
318261.640000,-0.05,-0.894,0.75,-8.85,57.31,-4.52
318261.640000,-0.061,-0.899,0.799,-11.72,45.41,-4.27
318261.640000,-0.075,-0.9,0.848,-13.73,32.47,-4.79
318261.656000,-0.089,-0.893,0.885,-15.75,18.13,-5.4
318261.671000,-0.105,-0.879,0.902,-19.41,2.5,-5.89
318261.687000,-0.123,-0.88,0.902,-23.71,-14.71,-5.74
318261.703000,-0.138,-0.893,0.89,-28.2,-33.08,-4.73
318261.703000,-0.145,-0.902,0.871,-31.37,-51.88,-4.06
318261.703000,-0.146,-0.908,0.846,-31.74,-70.5,-3.97
318261.734000,-0.144,-0.913,0.799,-30.24,-88.29,-4.03
318261.734000,-0.142,-0.904,0.738,-28.41,-104.77,-4.18
318261.750000,-0.14,-0.898,0.665,-27.01,-119.69,-3.36
318261.750000,-0.111,-0.917,0.572,-25.06,-134.34,-0.46
318261.765000,-0.058,-0.94,0.457,-22.68,-150.06,2.2
318261.765000,-0.012,-0.953,0.329,-20.45,-164.68,3.57
318261.781000,0.035,-0.979,0.192,-16.27,-175.57,5.28
318261.796000,0.077,-1.018,0.045,-9.13,-181.71,7.6
318261.796000,-0.571,-0.742,-2.571,-32.75,-70.62,8.73
318261.812000,2.335,-1.298,-0.028,137.7,402.33,1.28
318261.828000,1.67,-1.718,0.608,-43.98,49.44,-37.11
318261.828000,-0.064,-1.328,0.285,-62.17,-129.22,-38.97
318261.843000,-0.235,-0.956,-0.263,31.95,-203.74,6.26
318261.859000,-0.269,-0.824,-0.931,55.42,-234.75,5.13
318261.859000,0.432,-1.046,-0.996,114.47,-97.96,17.4
318261.875000,0.597,-1.108,-0.676,74.07,-2.32,16.27
318261.890000,0.28,-0.936,-0.489,-14.19,23.77,-4.67
318261.890000,0.179,-0.919,-0.459,-31.46,66.13,-12.09
318261.906000,0.264,-1.022,-0.314,-31.8,99.37,-8.88
318261.906000,0.274,-1.084,-0.151,-45.01,105.66,-16.91
318261.921000,0.257,-1.107,-0.055,-43.92,102.82,-28.69
318261.937000,0.207,-1.039,0.015,-30.76,101.75,-36.59
318261.937000,0.146,-0.954,0.083,-13.18,107.85,-34.61
318261.953000,0.126,-0.927,0.171,5.68,118.56,-24.02
318261.968000,0.114,-0.913,0.304,18.28,123.81,-13.61
318261.968000,0.096,-0.897,0.421,25.24,119.79,-7.23
318261.984000,0.074,-0.874,0.508,24.63,108.43,-5.34
318262.000000,0.053,-0.862,0.571,17.94,93.26,-4.76
318262.000000,0.042,-0.865,0.625,11.35,80.72,-4.64
318262.015000,0.02,-0.873,0.667,5.22,71.69,-5.52
318262.015000,-0.006,-0.879,0.701,-1.74,62.35,-6.38
318262.031000,-0.026,-0.886,0.743,-8.42,51.61,-6.62
318262.046000,-0.048,-0.895,0.793,-12.7,39.12,-6.41
318262.062000,-0.072,-0.908,0.841,-14.19,24.45,-5.01
318262.062000,-0.093,-0.924,0.877,-13.06,7.93,-2.47
318262.078000,-0.091,-0.932,0.908,-9.74,-10.01,-0.03
318262.078000,-0.078,-0.922,0.914,-5.92,-30.37,1.19
318262.093000,-0.073,-0.897,0.884,-4.61,-51.67,2.2
318262.109000,-0.064,-0.88,0.822,-5.34,-70.68,4.06
318262.125000,-0.052,-0.868,0.761,-8.06,-85.54,5.04
318262.125000,-0.044,-0.85,0.711,-13.52,-98.61,4.85
318262.125000,-0.047,-0.833,0.661,-20.87,-111.48,4.52
318262.140000,-0.052,-0.833,0.609,-27.65,-123.57,4.58
318262.156000,-0.046,-0.857,0.547,-32.14,-135.78,5.55
318262.156000,-0.037,-0.895,0.463,-33.57,-148.14,6.99
318262.171000,-0.018,-0.931,0.34,-31.83,-159.34,8.12
318262.187000,0.014,-0.973,0.188,-26.95,-169.47,8.91
318262.203000,0.064,-1.015,0.014,-20.97,-177.22,9.55
318262.203000,-0.229,-1.149,-1.235,-20.05,-173.65,9.55
318262.218000,0.533,-1.088,-1.863,51.24,208.2,-3.39
318262.218000,2.667,-1.538,0.636,75.72,293.98,-29.97
318262.234000,0.487,-1.254,0.358,-88.2,-73.06,-47.98
318262.234000,-0.085,-1.053,0.056,-5.86,-151.07,-2.29
318262.250000,-0.455,-0.734,-0.73,8.76,-257.42,16.24
318262.281000,0.305,-0.919,-1.123,80.48,-167.64,34.0
318262.281000,0.719,-1.108,-0.992,107.36,-19.1,37.23
318262.281000,0.422,-0.912,-0.525,20.17,42.54,11.35
318262.296000,0.15,-0.813,-0.389,-29.27,68.73,-3.54
318262.296000,0.198,-0.947,-0.356,-38.06,87.53,5.31
318262.312000,0.257,-1.062,-0.218,-49.59,95.4,4.67
318262.328000,0.25,-1.15,-0.113,-50.48,97.99,-6.04
318262.328000,0.206,-1.14,-0.021,-37.2,100.96,-17.24
318262.343000,0.141,-1.047,0.077,-18.16,105.78,-20.6
318262.359000,0.119,-0.986,0.169,3.72,114.32,-14.07
318262.359000,0.126,-0.973,0.283,22.22,119.63,-4.18
318262.359000,0.108,-0.952,0.408,33.23,117.8,1.4
318262.375000,0.087,-0.927,0.521,37.05,108.62,5.31
318262.390000,0.081,-0.92,0.599,38.21,95.86,7.08
318262.406000,0.077,-0.901,0.66,34.97,82.0,6.47
318262.406000,0.06,-0.887,0.692,28.63,68.3,5.16
318262.421000,0.044,-0.877,0.711,19.93,56.46,3.23
318262.437000,0.022,-0.866,0.74,9.25,46.05,1.43
318262.437000,-0.003,-0.881,0.775,-1.4,35.98,0.46
318262.453000,-0.034,-0.91,0.803,-11.17,23.96,-0.61
318262.453000,-0.065,-0.937,0.823,-19.1,9.19,-0.89
318262.468000,-0.075,-0.958,0.837,-23.01,-7.48,-0.7
318262.484000,-0.071,-0.97,0.843,-21.85,-25.7,-1.1
318262.484000,-0.065,-0.965,0.818,-17.21,-45.5,-1.56
318262.500000,-0.061,-0.942,0.767,-12.15,-65.43,-1.37
318262.515000,-0.055,-0.916,0.705,-7.66,-96.65,1.1
318262.515000,-0.045,-0.894,0.626,-11.02,-109.13,2.29
318262.531000,-0.041,-0.88,0.548,-16.36,-119.63,2.9
318262.546000,-0.045,-0.881,0.486,-21.12,-129.61,3.3
318262.546000,-0.046,-0.9,0.426,-24.08,-140.72,3.78
318262.562000,-0.012,-0.967,0.229,-23.44,-152.17,4.52
318262.562000,0.041,-1.005,0.081,-18.68,-163.7,5.34
318262.578000,-0.108,-1.142,-0.763,-10.32,-173.35,6.74
318262.578000,0.005,-0.453,-2.792,4.39,76.14,6.62
318262.593000,2.613,-1.559,0.342,168.49,367.44,-3.14
318262.609000,0.932,-1.505,0.478,-87.41,-41.78,-37.69
318262.625000,0.017,-1.14,0.258,-43.92,-140.17,-13.21
318262.640000,-0.417,-0.835,-0.565,27.68,-250.34,25.27
318262.640000,-0.029,-0.873,-1.104,100.59,-192.36,31.92
318262.656000,0.663,-1.08,-1.004,149.85,-21.3,39.7
318262.671000,0.528,-0.97,-0.572,73.4,49.96,24.9
318262.671000,0.21,-0.865,-0.466,-10.77,62.5,9.31
318262.687000,0.186,-0.947,-0.438,-35.46,89.6,7.29
318262.687000,0.267,-1.073,-0.263,-47.12,110.87,5.95
318262.703000,0.279,-1.184,-0.113,-52.86,115.91,-5.4
318262.718000,0.24,-1.218,-0.023,-44.16,114.57,-20.78
318262.718000,0.168,-1.138,0.048,-26.03,115.18,-31.53
318262.734000,0.113,-1.046,0.127,-4.21,121.68,-30.52
318262.750000,0.111,-1.014,0.226,16.02,128.91,-21.97
318262.750000,0.094,-0.983,0.349,27.44,129.7,-15.81
318262.765000,0.062,-0.956,0.463,30.49,123.97,-10.99
318262.765000,0.043,-0.95,0.574,27.5,114.26,-7.69
318262.781000,0.037,-0.954,0.667,21.49,102.76,-7.81
318262.781000,0.016,-0.95,0.731,14.19,90.49,-10.93
318262.796000,-0.011,-0.94,0.771,5.86,77.33,-14.95
318262.812000,-0.026,-0.929,0.806,-3.02,62.93,-18.83
318262.812000,-0.044,-0.922,0.833,-11.2,48.34,-21.52
318262.828000,-0.064,-0.923,0.866,-17.3,33.51,-22.25
318262.828000,-0.078,-0.93,0.904,-20.6,18.37,-22.03
318262.843000,-0.088,-0.936,0.936,-19.93,2.08,-21.06
318262.859000,-0.083,-0.934,0.932,-15.72,-16.82,-19.32
318262.859000,-0.076,-0.919,0.881,-11.57,-37.87,-17.67
318262.875000,-0.076,-0.901,0.816,-10.96,-58.2,-16.51
318262.890000,-0.07,-0.894,0.749,-12.15,-75.66,-14.98
318262.890000,-0.06,-0.896,0.688,-15.17,-90.58,-14.19
318262.906000,-0.056,-0.904,0.631,-19.29,-104.43,-14.74
318262.906000,-0.056,-0.912,0.576,-24.14,-117.47,-16.08
318262.921000,-0.05,-0.929,0.521,-28.93,-130.22,-17.64
318262.937000,-0.032,-0.948,0.452,-30.98,-142.83,-19.17
318262.937000,-0.008,-0.966,0.357,-29.51,-155.03,-20.63
318262.968000,0.034,-0.977,0.219,-22.37,-166.84,-21.27
318262.968000,0.078,-0.967,0.033,-12.67,-178.26,-21.33
318262.968000,-0.864,-0.597,-2.41,-38.91,-70.96,-17.09
318262.984000,2.655,-1.119,0.607,84.69,402.36,-19.44
318263.000000,1.579,-1.505,0.78,-99.4,-35.04,-60.18
318263.000000,0.127,-1.167,0.101,-54.26,-199.71,-36.5
318263.015000,-0.08,-0.796,-0.586,46.72,-220.95,-9.86
318263.031000,0.166,-0.666,-0.904,65.77,-187.96,-5.13
318263.031000,0.601,-0.834,-1.031,103.58,-76.36,13.37
318263.031000,0.694,-0.912,-0.888,45.56,1.56,28.57
318263.062000,0.387,-0.887,-0.508,-48.01,35.34,11.05
318263.078000,0.264,-1.064,-0.357,-65.8,69.22,2.2
318263.078000,0.343,-1.223,-0.219,-56.49,90.88,3.91
318263.093000,0.349,-1.212,-0.066,-47.03,96.71,-6.41
318263.093000,0.306,-1.199,-0.01,-30.64,98.54,-19.99
318263.093000,0.247,-1.144,0.063,-16.14,101.81,-30.46
318263.125000,0.202,-1.057,0.183,-4.43,106.08,-33.17
318263.140000,0.188,-0.995,0.294,5.46,108.43,-31.25
318263.140000,0.174,-0.951,0.398,9.31,104.74,-29.51
318263.156000,0.158,-0.923,0.5,7.45,94.36,-28.41
318263.156000,0.145,-0.901,0.582,2.9,79.5,-27.47
318263.171000,0.131,-0.89,0.619,-1.31,63.36,-26.34
318263.187000,0.122,-0.888,0.647,-3.57,48.83,-24.78
318263.187000,0.117,-0.893,0.674,-4.52,35.28,-23.41
318263.203000,0.1,-0.89,0.698,-5.95,22.64,-23.29
318263.203000,0.086,-0.89,0.722,-7.45,10.8,-22.16
318263.218000,0.084,-0.907,0.745,-9.03,-2.81,-19.93
318263.234000,0.088,-0.937,0.756,-8.58,-19.23,-18.4
318263.234000,0.082,-0.968,0.747,-4.39,-37.26,-17.12
318263.250000,0.079,-0.984,0.728,1.65,-55.33,-15.84
318263.265000,0.092,-0.984,0.695,8.33,-72.76,-14.86
318263.265000,0.108,-0.968,0.65,12.6,-89.36,-14.92
318263.281000,0.121,-0.944,0.579,13.7,-103.92,-15.9
318263.281000,0.137,-0.923,0.515,11.81,-115.63,-17.73
318263.296000,0.138,-0.894,0.459,8.09,-125.43,-21.0
318263.296000,0.133,-0.876,0.393,4.33,-135.72,-21.73
318263.312000,0.157,-0.882,0.28,4.33,-147.92,-20.2
318263.328000,0.203,-0.885,0.128,9.0,-161.72,-17.94
318263.328000,-0.099,-1.015,-1.322,5.95,-165.32,-13.49
318263.359000,0.385,0.091,-2.173,-69.43,193.7,-13.12
318263.359000,2.481,-1.313,0.884,125.37,380.2,-35.43
318263.359000,0.852,-1.563,0.445,-96.68,-83.1,-52.25
318263.375000,0.394,-1.258,0.164,-66.56,-207.8,-21.67
318263.375000,-0.006,-0.912,-0.816,21.52,-277.5,-16.85
318263.390000,0.007,-0.929,-1.196,123.17,-176.49,-6.87
318263.421000,0.622,-1.121,-0.989,186.19,-12.94,15.56
318263.421000,0.657,-0.977,-0.538,102.97,51.0,0.64
318263.437000,0.338,-0.978,-0.328,13.37,54.48,-15.14
318263.437000,0.325,-1.155,-0.344,-19.41,68.51,-21.76
318263.453000,0.429,-1.203,-0.263,-48.65,83.16,-33.42
318263.468000,0.431,-1.208,-0.13,-68.03,92.96,-50.51
318263.468000,0.41,-1.234,0.013,-64.7,98.67,-65.1
318263.484000,0.372,-1.179,0.137,-51.79,97.69,-78.8
318263.500000,0.35,-1.07,0.2,-32.81,93.33,-85.85
318263.500000,0.376,-0.962,0.238,-13.89,89.88,-85.51
318263.515000,0.398,-0.856,0.288,-4.73,86.31,-80.78
318263.531000,0.391,-0.763,0.342,-1.07,83.38,-72.97
318263.531000,0.402,-0.703,0.411,1.59,81.36,-62.04
318263.546000,0.458,-0.703,0.408,-2.17,76.82,-53.35
318263.546000,0.425,-0.678,0.45,-12.15,72.3,-51.61
318263.562000,0.382,-0.66,0.514,-19.81,67.69,-51.18
318263.562000,0.36,-0.666,0.583,-27.99,59.82,-49.96
318263.578000,0.348,-0.69,0.662,-34.52,49.26,-48.92
318263.593000,0.314,-0.732,0.736,-34.39,38.36,-48.4
318263.609000,0.273,-0.781,0.813,-28.26,25.39,-45.26
318263.609000,0.264,-0.823,0.874,-17.03,8.27,-41.08
318263.625000,0.252,-0.832,0.891,-2.56,-12.15,-38.7
318263.625000,0.235,-0.808,0.87,9.4,-35.13,-36.56
318263.625000,0.23,-0.775,0.839,16.54,-58.66,-34.09
318263.640000,0.227,-0.749,0.776,20.54,-81.7,-30.7
318263.671000,0.218,-0.743,0.691,20.66,-103.0,-26.61
318263.671000,0.208,-0.759,0.6,19.07,-121.92,-23.07
318263.671000,0.215,-0.784,0.497,18.83,-139.93,-20.14
318263.687000,0.24,-0.804,0.352,21.3,-158.97,-17.58
318263.687000,0.281,-0.812,0.161,26.34,-178.47,-16.02
318263.718000,0.354,-0.806,-0.099,30.55,-197.97,-14.59
318263.718000,-0.349,-0.464,-2.252,-20.57,-94.88,-13.55
318263.734000,2.676,-0.538,1.247,80.97,436.81,-34.03
318263.750000,1.981,-1.402,0.26,21.24,111.73,-89.54
318263.750000,0.423,-1.284,-0.333,-144.17,-224.59,-73.46
318263.765000,0.309,-0.746,-0.757,-54.29,-235.76,-47.27
318263.781000,-0.001,-0.459,-0.95,18.28,-183.63,-23.99
318263.781000,0.338,-0.849,-0.981,91.22,-87.5,17.24
318263.796000,1.008,-0.964,-0.844,88.05,-34.55,23.41
318263.796000,0.982,-0.722,-0.723,21.97,-5.49,-9.7
318263.812000,0.661,-0.534,-0.744,-21.55,45.47,-28.75
318263.828000,0.625,-0.503,-0.557,-33.63,93.54,-23.56
318263.828000,0.702,-0.593,-0.328,-54.93,109.93,-18.59
318263.843000,0.69,-0.723,-0.209,-78.8,106.6,-18.52
318263.859000,0.604,-0.79,-0.118,-84.02,106.08,-22.95
318263.859000,0.573,-0.801,0.005,-76.66,112.37,-22.49
318263.875000,0.572,-0.793,0.134,-59.18,122.5,-18.65
318263.890000,0.552,-0.788,0.264,-37.97,127.05,-10.77
318263.890000,0.529,-0.794,0.391,-18.98,124.97,-0.18
318263.906000,0.519,-0.821,0.498,-1.83,121.43,9.61
318263.906000,0.521,-0.842,0.594,10.13,116.92,13.31
318263.921000,0.505,-0.829,0.681,14.44,110.05,9.98
318263.937000,0.479,-0.802,0.758,12.05,100.99,3.02
318263.937000,0.442,-0.783,0.823,4.97,89.94,-4.36
318263.953000,0.395,-0.789,0.883,-4.82,75.72,-10.28
318263.968000,0.353,-0.807,0.956,-13.89,57.04,-14.59
318263.968000,0.327,-0.837,1.021,-16.51,33.88,-16.51
318263.984000,0.336,-0.855,1.038,-11.54,7.72,-17.46
318263.984000,0.332,-0.845,1.004,-0.85,-19.26,-17.58
318264.000000,0.319,-0.829,0.943,12.12,-45.75,-15.17
318264.015000,0.317,-0.811,0.872,25.12,-70.65,-10.93
318264.015000,0.32,-0.791,0.799,35.98,-94.55,-6.87
318264.031000,0.317,-0.773,0.722,42.94,-117.16,-3.42
318264.031000,0.311,-0.772,0.635,47.67,-136.6,-0.7
318264.046000,0.309,-0.778,0.549,51.3,-153.94,0.89
318264.062000,0.303,-0.794,0.447,54.69,-170.78,1.5
318264.078000,0.324,-0.806,0.281,58.05,-188.73,1.8
318264.078000,0.396,-0.807,0.055,56.61,-226.75,-3.69
318264.093000,0.473,-0.797,-0.2,47.24,-235.45,-6.53
318264.093000,0.267,-0.945,-1.048,11.66,52.95,-8.58
318264.109000,0.456,0.058,-2.656,199.35,378.22,-15.11
318264.125000,3.086,-1.287,0.677,-95.43,-103.98,-66.71
318264.140000,1.263,-1.381,0.392,-58.99,-201.79,-60.09
318264.140000,-0.111,-0.288,-1.178,-4.27,-228.34,-22.49
318264.140000,0.3,-0.299,-1.092,69.25,-144.69,29.51
318264.171000,1.103,-0.866,-1.033,174.78,15.23,70.04
318264.171000,0.994,-0.875,-0.684,130.99,96.16,35.4
318264.187000,0.565,-0.559,-0.476,46.21,91.04,2.5
318264.187000,0.485,-0.421,-0.383,14.31,95.19,2.41
318264.203000,0.598,-0.48,-0.263,-2.04,105.2,12.05
318264.203000,0.667,-0.617,-0.139,-29.94,101.81,14.44
318264.218000,0.649,-0.759,-0.043,-46.45,96.04,7.75
318264.218000,0.588,-0.809,0.047,-46.66,100.77,-2.59
318264.234000,0.543,-0.78,0.171,-34.49,115.73,-5.49
318264.250000,0.508,-0.761,0.319,-15.53,126.16,1.8
318264.250000,0.508,-0.781,0.456,5.19,128.3,14.16
318264.265000,0.514,-0.814,0.559,25.09,123.66,24.05
318264.281000,0.483,-0.826,0.638,42.85,112.74,30.06
318264.296000,0.465,-0.827,0.693,56.67,98.54,33.78
318264.296000,0.462,-0.819,0.717,63.91,84.11,33.91
318264.312000,0.458,-0.815,0.752,62.5,72.76,30.06
318264.328000,0.457,-0.805,0.821,54.17,64.79,23.16
318264.328000,0.457,-0.782,0.904,43.03,56.58,14.31
318264.343000,0.436,-0.774,0.981,33.69,45.32,6.1
318264.359000,0.405,-0.789,1.042,27.95,29.73,0.49
318264.375000,0.398,-0.811,1.056,25.3,9.49,-2.26
318264.375000,0.4,-0.815,1.049,25.24,-13.82,-4.82
318264.390000,0.395,-0.804,1.01,26.7,-40.22,-6.16
318264.390000,0.38,-0.792,0.933,29.18,-65.19,-5.16
318264.406000,0.372,-0.788,0.843,32.5,-85.09,-1.65
318264.421000,0.368,-0.8,0.753,36.41,-101.44,1.92
318264.421000,0.369,-0.823,0.647,41.57,-116.64,5.01
318264.437000,0.384,-0.847,0.491,49.99,-133.37,7.17
318264.437000,0.413,-0.86,0.334,60.61,-151.55,8.67
318264.453000,0.494,-0.864,0.141,73.61,-164.8,8.67
318264.453000,0.484,-0.815,-0.043,84.23,-167.0,3.23
318264.468000,0.494,-0.781,-0.223,85.67,-164.71,4.12
318264.484000,-0.49,-0.013,-2.405,52.74,-3.2,11.26
318264.484000,2.091,-0.728,1.383,209.27,474.56,27.59
318264.500000,1.925,-1.58,0.837,86.06,117.4,-15.87
318264.500000,0.523,-0.983,0.142,-70.89,-224.13,-40.16
318264.515000,-0.166,-0.331,-0.325,0.46,-275.73,1.86
318264.531000,0.108,-0.401,-1.031,58.69,-227.48,50.75
318264.546000,0.709,-0.579,-1.043,137.7,-52.58,37.48
318264.546000,0.996,-0.737,-0.493,175.08,65.58,46.27
318264.562000,0.733,-0.51,-0.001,135.53,82.98,34.67
318264.562000,0.505,-0.209,0.03,125.58,80.87,33.2
318264.578000,0.613,-0.12,-0.017,151.19,85.36,60.06
318264.578000,0.707,-0.128,0.012,157.14,87.37,87.25
318264.609000,0.701,-0.18,0.04,153.23,96.41,105.59
318264.609000,0.653,-0.267,0.123,163.27,119.27,118.41
318264.625000,0.589,-0.333,0.331,179.3,142.46,129.12
318264.625000,0.492,-0.387,0.589,202.43,152.99,138.68
318264.640000,0.431,-0.468,0.77,235.72,149.05,149.39
318264.656000,0.363,-0.549,0.912,272.68,137.39,156.62
318264.656000,0.293,-0.632,1.063,312.81,124.3,160.62
318264.671000,0.25,-0.697,1.203,355.24,111.61,156.44
318264.687000,0.164,-0.691,1.35,390.09,98.79,148.32
318264.687000,0.117,-0.63,1.454,414.65,85.39,139.16
318264.703000,0.074,-0.521,1.493,421.16,68.97,124.42
318264.703000,0.003,-0.331,1.489,393.66,51.58,103.52
318264.718000,-0.071,-0.143,1.507,327.98,37.6,81.61
318264.734000,-0.121,-0.013,1.556,240.82,30.88,61.56
318264.750000,-0.114,0.011,1.664,149.24,22.49,50.36
318264.750000,-0.095,-0.089,1.727,65.16,4.61,45.11
318264.765000,-0.067,-0.228,1.755,2.32,-17.03,39.67
318264.765000,-0.028,-0.351,1.768,-26.58,-36.01,35.37
318264.781000,0.012,-0.428,1.738,-27.1,-58.47,34.97
318264.796000,0.046,-0.464,1.628,-11.02,-86.15,39.64
318264.796000,0.091,-0.505,1.439,13.64,-109.99,48.89
318264.812000,0.127,-0.546,1.265,36.44,-124.79,58.26
318264.828000,0.179,-0.575,1.107,50.72,-134.01,63.33
318264.828000,0.219,-0.571,0.958,52.83,-141.48,61.16
318264.843000,0.252,-0.554,0.827,43.98,-146.7,54.84
318264.859000,0.286,-0.54,0.719,29.02,-148.56,47.06
318264.859000,-0.096,0.05,-0.273,29.33,-157.48,38.82
318264.875000,0.116,-0.882,-0.717,231.48,187.96,66.01
318264.875000,2.057,-1.649,2.911,-47.06,299.26,47.18
318264.890000,0.232,-0.31,2.046,-116.76,-172.28,-23.32
318264.906000,-0.714,-0.038,0.322,69.43,-267.13,-32.44
318264.906000,-0.032,-0.257,-0.264,97.84,-164.04,7.02
318264.921000,0.545,-0.237,0.241,87.34,-29.97,3.17
318264.937000,0.552,-0.21,0.65,35.71,13.86,10.35
318264.937000,0.287,-0.271,0.541,-20.97,6.16,24.75
318264.953000,0.333,-0.421,0.511,-31.04,19.01,38.58
318264.968000,0.582,-0.508,0.59,-23.77,32.62,38.88
318264.984000,0.553,-0.476,0.599,-25.15,32.35,27.28
318264.984000,0.507,-0.503,0.643,-18.68,43.37,21.0
318265.000000,0.489,-0.561,0.771,-8.3,65.03,17.73
318265.000000,0.437,-0.588,0.921,-0.92,83.99,11.99
318265.000000,0.374,-0.585,1.076,3.91,96.9,4.21
318265.015000,0.313,-0.57,1.222,3.11,99.86,-4.33
318265.031000,0.246,-0.552,1.367,-1.56,90.33,-13.98
318265.031000,0.175,-0.532,1.492,-4.27,74.47,-23.38
318265.046000,0.128,-0.504,1.573,-3.88,55.76,-31.28
318265.062000,0.105,-0.46,1.608,-2.35,33.45,-37.05
318265.078000,0.104,-0.404,1.573,-1.5,8.88,-40.74
318265.078000,0.12,-0.323,1.501,-5.89,-16.66,-43.21
318265.093000,0.147,-0.253,1.434,-11.84,-37.45,-43.06
318265.109000,0.171,-0.209,1.373,-17.06,-50.51,-40.28
318265.109000,0.196,-0.175,1.343,-21.0,-59.85,-36.38
318265.125000,0.219,-0.129,1.313,-21.94,-69.61,-31.95
318265.125000,0.221,-0.105,1.265,-20.87,-79.87,-25.27
318265.140000,0.244,-0.107,1.196,-16.3,-87.68,-16.75
318265.156000,0.258,-0.092,1.121,-12.33,-94.49,-10.41
318265.156000,0.264,-0.06,1.059,-11.11,-99.7,-4.97
318265.171000,0.271,-0.055,0.975,-9.55,-103.18,2.56
318265.171000,0.289,-0.083,0.863,-10.01,-105.93,12.82
318265.187000,0.311,-0.121,0.765,-12.97,-107.43,23.53
318265.187000,0.34,-0.181,0.669,-12.63,-104.98,33.6
318265.218000,-0.966,0.389,-1.559,24.17,-15.81,41.6
318265.234000,1.986,-0.641,1.431,162.85,533.25,80.75
318265.234000,1.049,-1.49,3.292,-132.02,142.74,24.96
318265.250000,-0.397,-0.382,1.551,-154.3,-290.41,-2.9
318265.250000,-0.26,0.099,-0.126,68.09,-285.99,22.13
318265.265000,0.451,-0.491,-0.659,130.01,-164.92,51.09
318265.281000,0.856,-0.51,-0.16,126.04,-12.57,24.23
318265.281000,0.722,-0.224,0.328,83.71,57.59,2.72
318265.296000,0.418,-0.143,0.37,35.77,71.35,-3.39
318265.312000,0.253,-0.219,0.478,0.24,89.66,4.09
318265.312000,0.286,-0.354,0.786,-17.21,112.16,18.59
318265.328000,0.324,-0.485,1.031,-24.41,114.41,22.8
318265.328000,0.321,-0.521,1.134,-24.54,101.84,15.05
318265.343000,0.277,-0.452,1.192,-16.51,92.5,5.49
318265.359000,0.24,-0.387,1.284,-3.08,90.43,2.35
318265.359000,0.227,-0.366,1.4,7.02,86.21,3.2
318265.375000,0.223,-0.374,1.477,11.02,73.4,3.97
318265.375000,0.219,-0.373,1.516,11.05,53.04,2.23
318265.390000,0.212,-0.356,1.528,12.39,32.38,0.34
318265.406000,0.226,-0.327,1.509,13.09,13.64,0.79
318265.406000,0.261,-0.303,1.448,10.41,-5.49,2.47
318265.421000,0.297,-0.29,1.376,5.68,-22.43,3.3
318265.437000,0.331,-0.273,1.297,-0.31,-35.46,3.23
318265.453000,0.349,-0.248,1.237,-6.93,-44.98,2.53
318265.453000,0.349,-0.246,1.195,-12.02,-50.14,3.3
318265.453000,0.342,-0.268,1.161,-14.16,-52.25,5.25
318265.468000,0.317,-0.292,1.134,-14.53,-55.18,6.81
318265.468000,0.285,-0.315,1.104,-12.73,-59.18,8.67
318265.500000,0.274,-0.333,1.058,-9.31,-63.78,11.51
318265.500000,0.272,-0.333,0.98,-8.21,-70.83,13.98
318265.515000,0.283,-0.325,0.886,-10.25,-77.33,15.96
318265.515000,0.301,-0.321,0.815,-14.53,-80.57,17.24
318265.531000,0.323,-0.329,0.751,-18.46,-81.7,17.67
318265.546000,0.348,-0.327,0.682,-21.82,-81.55,16.72
318265.546000,0.364,-0.321,0.618,-24.75,-79.23,15.32
318265.546000,0.452,0.059,-0.431,-21.55,-87.56,15.11
318265.578000,-0.22,-0.227,-1.624,50.33,153.36,27.62
318265.578000,1.848,-1.271,3.106,-114.87,450.15,23.19
318265.593000,0.021,-0.588,2.239,-192.11,-67.96,-9.55
318265.609000,-0.558,-0.529,0.067,24.69,-208.14,-13.09
318265.609000,0.118,-0.36,-0.233,93.08,-92.47,-17.7
318265.625000,0.354,-0.111,0.419,99.52,12.51,-23.62
318265.640000,0.488,-0.144,0.706,71.72,45.5,1.16
318265.640000,0.383,-0.249,0.638,31.68,51.73,5.62
318265.656000,0.232,-0.278,0.686,6.29,90.52,4.46
318265.656000,0.282,-0.251,0.856,0.09,91.77,10.65
318265.671000,0.33,-0.266,0.953,-4.3,81.3,11.14
318265.687000,0.354,-0.325,0.945,-3.69,75.2,6.62
318265.687000,0.355,-0.317,0.924,2.41,78.83,3.51
318265.703000,0.318,-0.282,0.994,11.08,85.21,6.65
318265.718000,0.257,-0.362,1.232,16.27,84.41,9.46
318265.718000,0.235,-0.372,1.282,16.48,74.25,7.69
318265.734000,0.227,-0.34,1.284,12.18,59.08,3.54
318265.750000,0.239,-0.301,1.26,4.73,42.73,1.62
318265.750000,0.246,-0.279,1.229,-4.21,28.17,1.68
318265.765000,0.249,-0.298,1.23,-10.28,19.38,3.48
318265.765000,0.234,-0.345,1.272,-10.1,15.72,5.86
318265.781000,0.195,-0.4,1.339,-1.98,14.74,7.93
318265.796000,0.155,-0.425,1.371,8.0,10.28,9.03
318265.796000,0.116,-0.431,1.366,15.59,1.34,8.18
318265.812000,0.104,-0.442,1.349,19.44,-7.66,7.39
318265.828000,0.102,-0.419,1.315,16.11,-19.75,4.97
318265.828000,0.097,-0.401,1.271,10.16,-33.45,2.35
318265.843000,0.096,-0.407,1.252,5.74,-43.76,0.61
318265.843000,0.106,-0.414,1.242,3.36,-51.64,-0.21
318265.859000,0.124,-0.396,1.188,3.78,-60.82,-1.13
318265.875000,0.154,-0.36,1.104,4.46,-70.28,-1.34
318265.875000,0.197,-0.319,1.009,4.33,-78.1,-0.06
318265.890000,0.236,-0.276,0.917,1.34,-83.19,1.86
318265.890000,0.27,-0.239,0.788,-3.23,-84.51,4.46
318265.906000,-0.093,0.823,-2.398,-12.12,2.66,18.04
318265.921000,1.38,-1.184,1.175,86.46,372.72,39.03
318265.921000,0.396,-1.161,2.755,-151.86,91.31,-19.75
318265.937000,-0.256,-0.167,1.634,-105.84,-171.91,-37.81
318265.953000,-0.349,0.257,0.421,85.76,-167.82,0.43
318265.953000,0.223,-0.207,0.243,133.52,-60.58,49.62
318265.968000,0.603,-0.508,0.584,89.08,7.26,41.2
318265.984000,0.496,-0.289,0.722,23.26,25.64,3.51
318266.000000,0.269,-0.165,0.73,-15.47,31.68,-9.55
318266.000000,0.288,-0.25,0.811,-32.14,40.41,6.38
318266.000000,0.399,-0.382,0.896,-33.05,39.61,17.46
318266.031000,0.444,-0.449,0.891,-24.08,28.11,12.15
318266.031000,0.421,-0.413,0.837,-7.57,24.78,1.34
318266.046000,0.377,-0.358,0.866,8.3,37.42,-2.9
318266.046000,0.3,-0.347,0.957,14.31,54.17,-2.96
318266.062000,0.211,-0.384,1.061,8.97,64.27,-2.78
318266.078000,0.146,-0.412,1.164,-4.18,67.69,-5.25
318266.078000,0.08,-0.412,1.271,-19.87,63.33,-8.64
318266.093000,0.053,-0.444,1.367,-30.58,52.46,-9.4
318266.109000,0.051,-0.483,1.443,-36.04,36.84,-10.59
318266.109000,0.046,-0.501,1.496,-35.98,19.44,-13.09
318266.125000,0.053,-0.509,1.518,-28.99,3.14,-14.83
318266.140000,0.071,-0.496,1.492,-18.07,-13.37,-15.72
318266.140000,0.091,-0.464,1.422,-7.6,-30.09,-16.08
318266.140000,0.117,-0.425,1.338,-2.04,-43.76,-15.38
318266.156000,0.145,-0.396,1.256,-3.91,-53.9,-14.16
318266.171000,0.167,-0.37,1.181,-12.97,-61.13,-14.4
318266.187000,0.19,-0.347,1.122,-27.41,-66.62,-16.27
318266.187000,0.204,-0.331,1.069,-43.95,-72.12,-18.59
318266.203000,0.209,-0.347,1.043,-57.13,-75.47,-20.29
318266.203000,0.217,-0.368,1.033,-64.52,-77.06,-21.49
318266.218000,0.229,-0.369,1.012,-67.14,-79.81,-22.92
318266.234000,0.259,-0.348,0.956,-68.39,-84.9,-24.96
318266.234000,0.291,-0.318,0.88,-69.92,-91.43,-27.07
318266.250000,0.013,0.468,-0.243,-61.07,-99.58,-27.1
318266.265000,-0.381,-0.275,-1.675,132.45,222.91,11.69
318266.281000,2.271,-0.975,3.365,-164.31,453.29,-1.25
318266.281000,-0.012,-0.536,2.445,-265.3,-127.66,-17.37
318266.281000,-0.709,-0.633,0.473,-32.5,-260.54,-19.14
318266.296000,-0.18,-0.432,-0.031,4.0,-157.35,-28.63
318266.312000,0.453,-0.286,0.433,19.26,-18.98,-29.3
318266.312000,0.556,-0.388,0.973,1.65,45.44,-17.52
318266.328000,0.362,-0.615,1.025,-41.93,25.21,-4.91
318266.328000,0.23,-0.707,0.849,-57.41,7.48,-14.8
318266.343000,0.287,-0.639,0.821,-53.77,17.4,-25.73
318266.359000,0.401,-0.62,0.868,-55.6,19.44,-21.73
318266.375000,0.424,-0.659,0.818,-56.4,10.62,-21.0
318266.390000,0.406,-0.656,0.751,-48.43,7.32,-26.92
318266.390000,0.411,-0.607,0.734,-39.37,11.69,-31.65
318266.406000,0.425,-0.568,0.759,-36.62,19.23,-33.75
318266.421000,0.417,-0.568,0.81,-39.61,26.61,-35.4
318266.421000,0.379,-0.571,0.897,-49.96,33.51,-38.21
318266.437000,0.346,-0.566,0.995,-62.87,39.7,-42.02
318266.437000,0.329,-0.522,1.096,-78.34,41.51,-48.37
318266.453000,0.286,-0.489,1.227,-95.03,37.35,-55.12
318266.468000,0.245,-0.523,1.343,-104.25,30.43,-58.2
318266.468000,0.226,-0.536,1.402,-105.62,17.67,-61.34
318266.484000,0.235,-0.509,1.42,-102.36,-3.72,-65.25
318266.500000,0.24,-0.466,1.402,-95.68,-28.66,-65.43
318266.500000,0.245,-0.455,1.341,-82.58,-49.35,-59.57
318266.515000,0.261,-0.453,1.274,-69.89,-63.05,-51.42
318266.515000,0.281,-0.441,1.209,-61.71,-74.16,-44.77
318266.531000,0.296,-0.417,1.124,-57.89,-86.49,-40.35
318266.531000,0.313,-0.385,1.011,-61.19,-99.7,-36.84
318266.546000,0.327,-0.377,0.881,-68.48,-111.21,-32.32
318266.562000,0.351,-0.401,0.739,-77.15,-118.38,-26.73
318266.578000,0.372,-0.443,0.602,-87.28,-122.2,-21.21
318266.578000,-0.584,0.333,-1.828,-73.34,-81.79,-14.92
318266.593000,0.95,-0.768,-1.259,211.37,508.56,11.47
318266.609000,2.014,-1.328,1.973,-20.48,438.28,-13.25
318266.609000,0.07,-0.872,1.896,-160.95,-87.56,-29.24
318266.625000,-0.398,-0.666,1.117,-26.98,-272.5,-2.59
318266.625000,-0.311,-0.528,0.015,0.31,-322.82,31.56
318266.640000,0.072,-0.507,-0.649,-8.97,-200.2,28.38
318266.640000,0.592,-0.749,-0.195,-3.69,9.74,8.45
318266.656000,0.54,-0.924,0.484,-50.42,108.74,-13.73
318266.671000,0.313,-0.902,0.777,-117.62,96.47,-27.19
318266.687000,0.277,-0.876,0.765,-129.34,62.11,-32.01
318266.687000,0.376,-0.874,0.703,-104.92,43.61,-32.99
318266.687000,0.503,-0.873,0.607,-73.92,39.64,-31.71
318266.718000,0.552,-0.827,0.566,-51.76,43.31,-34.97
318266.734000,0.523,-0.734,0.614,-33.81,49.65,-39.98
318266.734000,0.492,-0.665,0.66,-18.19,54.75,-39.74
318266.734000,0.494,-0.631,0.697,-9.55,57.99,-35.28
318266.750000,0.493,-0.598,0.734,-11.81,58.17,-32.07
318266.765000,0.462,-0.571,0.768,-27.19,56.34,-31.31
318266.765000,0.423,-0.587,0.808,-47.67,55.15,-31.01
318266.781000,0.402,-0.635,0.878,-65.95,54.66,-31.4
318266.796000,0.384,-0.689,0.956,-76.69,50.97,-32.84
318266.812000,0.369,-0.74,1.02,-76.57,43.86,-34.7
318266.812000,0.361,-0.76,1.08,-70.01,33.97,-35.71
318266.828000,0.362,-0.76,1.103,-56.37,22.43,-36.04
318266.828000,0.357,-0.726,1.092,-38.64,11.14,-36.04
318266.843000,0.357,-0.671,1.06,-25.12,0.76,-34.7
318266.859000,0.353,-0.616,1.027,-20.11,-10.13,-33.11
318266.859000,0.33,-0.577,0.998,-24.96,-22.28,-32.9
318266.875000,0.303,-0.558,0.995,-38.48,-33.63,-32.53
318266.890000,0.287,-0.573,1.014,-52.49,-44.62,-30.64
318266.890000,0.273,-0.615,1.017,-62.59,-57.53,-27.65
318266.906000,0.274,-0.647,1.001,-70.65,-72.45,-25.51
318266.906000,0.284,-0.636,0.973,-74.4,-89.39,-25.67
318266.921000,0.29,-0.597,0.915,-72.36,-107.27,-26.03
318266.937000,0.274,-0.45,0.882,-68.54,-124.06,-22.55
318266.937000,-1.188,-0.256,-1.485,125.4,68.24,-13.52
318266.953000,2.739,-1.654,2.093,178.56,635.03,-4.15
318266.968000,1.21,-0.545,1.881,-273.2,-7.14,-37.48
318266.968000,-0.149,-0.408,0.912,-191.29,-287.64,-25.79
318266.984000,0.299,-0.966,0.136,-67.11,-313.49,30.18
318267.000000,-0.012,-0.711,-0.376,-96.44,-278.51,17.46
318267.000000,0.46,-0.809,-0.366,-44.28,-118.63,34.61
318267.015000,0.917,-1.325,-0.138,-23.74,2.47,32.26
318267.031000,0.803,-1.304,0.341,-78.92,31.83,-12.88
318267.031000,0.566,-1.028,0.394,-98.76,27.16,-59.66
318267.046000,0.527,-0.869,0.249,-79.5,24.2,-74.77
318267.046000,0.618,-0.827,0.149,-69.09,20.2,-65.16
318267.062000,0.645,-0.818,0.056,-71.66,22.43,-59.24
318267.078000,0.627,-0.807,0.053,-71.84,37.57,-60.91
318267.078000,0.621,-0.768,0.138,-68.67,55.42,-62.07
318267.093000,0.618,-0.703,0.231,-66.84,68.42,-59.82
318267.109000,0.597,-0.644,0.285,-66.84,77.64,-55.09
318267.109000,0.569,-0.615,0.345,-67.38,85.73,-48.83
318267.125000,0.543,-0.609,0.426,-69.95,92.84,-43.37
318267.125000,0.502,-0.605,0.527,-81.85,96.01,-41.2
318267.140000,0.467,-0.615,0.659,-96.8,92.23,-41.93
318267.156000,0.436,-0.648,0.797,-108.46,80.69,-43.58
318267.156000,0.424,-0.678,0.913,-117.22,62.9,-44.07
318267.171000,0.413,-0.69,0.995,-119.33,43.98,-44.89
318267.187000,0.375,-0.684,1.06,-114.08,26.28,-45.29
318267.187000,0.346,-0.664,1.103,-106.51,6.96,-42.79
318267.203000,0.331,-0.641,1.094,-100.19,-17.58,-37.81
318267.203000,0.325,-0.616,1.031,-95.68,-45.93,-31.86
318267.234000,0.317,-0.601,0.949,-91.98,-73.73,-25.79
318267.234000,0.311,-0.606,0.86,-79.81,-118.9,-10.32
318267.250000,0.294,-0.632,0.777,-66.62,-138.1,-0.31
318267.250000,0.283,-0.666,0.69,-47.55,-155.61,9.52
318267.265000,0.291,-0.698,0.546,-67.51,-135.56,19.5
318267.265000,-0.311,-1.111,-2.072,-98.15,342.2,-7.54
318267.281000,2.482,-1.594,2.028,68.0,210.61,-19.04
318267.296000,0.477,-1.397,-0.054,-152.65,-329.6,-25.15
318267.296000,0.225,-0.802,-0.901,-40.41,-251.26,-31.86
318267.312000,0.566,-0.477,-0.809,21.91,-116.55,-16.02
318267.312000,0.538,-0.449,-0.394,64.85,-27.19,-8.88
318267.328000,0.743,-0.723,-0.307,58.14,-21.94,22.55
318267.328000,0.954,-0.922,-0.608,-8.91,-48.92,36.16
318267.359000,0.789,-0.767,-0.712,-72.24,-26.73,0.4
318267.359000,0.695,-0.585,-0.487,-87.83,42.12,-23.56
318267.375000,0.729,-0.619,-0.284,-87.1,82.52,-16.79
318267.390000,0.697,-0.723,-0.197,-101.26,87.37,-10.83
318267.390000,0.636,-0.791,-0.153,-110.23,87.89,-14.37
318267.406000,0.611,-0.794,-0.077,-103.06,94.58,-17.7
318267.406000,0.588,-0.755,0.055,-85.97,103.15,-14.34
318267.406000,0.558,-0.74,0.18,-59.85,108.28,-4.0
318267.421000,0.538,-0.758,0.277,-28.35,110.69,9.16
318267.421000,0.517,-0.782,0.359,-2.53,111.18,21.0
318267.437000,0.493,-0.795,0.441,11.72,107.36,28.29
318267.468000,0.475,-0.779,0.539,13.0,98.21,28.99
318267.468000,0.448,-0.769,0.621,1.53,82.64,26.31
318267.484000,0.417,-0.786,0.713,-15.72,65.95,22.98
318267.500000,0.379,-0.817,0.804,-35.74,46.08,18.43
318267.500000,0.349,-0.869,0.858,-56.7,21.79,14.22
318267.515000,0.333,-0.944,0.894,-70.04,-2.69,9.16
318267.515000,0.327,-1.023,0.899,-69.55,-26.98,1.65
318267.531000,0.32,-1.042,0.885,-59.39,-52.74,-8.0
318267.531000,0.303,-0.997,0.857,-45.44,-82.34,-16.3
318267.546000,0.294,-0.94,0.779,-29.66,-115.05,-19.47
318267.562000,0.295,-0.899,0.662,-14.01,-144.87,-17.33
318267.578000,0.307,-0.871,0.524,1.74,-167.03,-11.72
318267.578000,0.361,-0.851,0.338,17.85,-188.3,-3.91
318267.593000,0.449,-0.816,0.091,30.64,-211.37,0.4
318267.609000,-0.048,-0.47,-1.167,57.34,-227.82,-1.5
318267.609000,1.386,-0.628,-0.201,189.58,212.99,-9.31
318267.625000,2.661,-1.452,1.492,47.06,171.36,-27.19
318267.625000,0.608,-0.73,-0.361,-101.78,-281.32,-51.12
318267.640000,0.216,-0.731,-1.111,-3.75,-218.05,-28.66
318267.656000,0.475,-0.402,-0.887,15.87,-115.05,-7.29
318267.656000,0.802,-0.457,-0.685,62.32,-19.65,8.0
318267.671000,0.84,-0.916,-0.726,69.28,22.77,6.29
318267.671000,0.782,-0.827,-0.718,17.64,29.51,-6.68
318267.703000,0.643,-0.541,-0.545,-29.69,63.3,-19.47
318267.703000,0.615,-0.49,-0.373,-31.25,100.13,-15.17
318267.718000,0.652,-0.633,-0.246,-31.65,103.09,-0.24
318267.718000,0.642,-0.778,-0.173,-41.47,93.3,3.27
318267.734000,0.601,-0.849,-0.15,-41.6,92.35,-4.58
318267.750000,0.565,-0.826,-0.101,-35.31,98.73,-11.84
318267.750000,0.534,-0.75,0.011,-31.07,105.69,-11.84
318267.765000,0.519,-0.714,0.109,-22.77,110.35,-5.46
318267.781000,0.506,-0.724,0.205,-12.67,113.1,2.62
318267.781000,0.505,-0.75,0.316,-4.49,113.68,10.93
318267.796000,0.508,-0.776,0.39,1.83,112.03,16.48
318267.796000,0.494,-0.777,0.435,1.65,107.94,16.39
318267.812000,0.461,-0.759,0.505,-6.71,99.28,11.44
318267.812000,0.423,-0.763,0.577,-23.56,82.31,6.04
318267.828000,0.404,-0.79,0.637,-45.69,61.28,2.62
318267.843000,0.405,-0.838,0.705,-63.36,42.24,-0.76
318267.859000,0.406,-0.886,0.772,-70.35,25.94,-5.16
318267.859000,0.396,-0.921,0.825,-67.69,8.64,-10.16
318267.875000,0.374,-0.933,0.871,-60.4,-12.97,-14.53
318267.875000,0.351,-0.915,0.893,-51.21,-41.11,-17.79
318267.890000,0.336,-0.876,0.868,-40.83,-74.31,-19.81
318267.906000,0.33,-0.825,0.812,-32.35,-110.23,-19.87
318267.906000,0.329,-0.777,0.729,-25.88,-145.48,-17.79
318267.921000,0.337,-0.743,0.606,-19.99,-175.51,-13.7
318267.937000,0.36,-0.724,0.432,-14.07,-200.63,-7.48
318267.953000,0.398,-0.694,0.238,-4.79,-221.72,-1.5
318267.953000,0.458,-0.674,0.021,9.74,-234.81,1.68
318267.968000,0.067,-0.761,-0.943,20.11,-236.82,2.01
318267.968000,1.033,-0.116,-1.214,53.29,166.39,-9.13
318267.984000,2.967,-0.857,0.934,226.29,357.19,-73.27
318267.984000,0.786,-0.981,-0.325,-52.61,-175.05,-63.05
318268.000000,0.384,-1.134,-0.348,8.03,-178.69,4.49
318268.015000,0.784,-0.585,-0.718,33.66,-197.82,-3.45
318268.031000,0.304,-0.116,-0.958,-8.67,-172.0,-32.56
318268.031000,0.493,-0.18,-0.912,24.84,-36.13,-13.49
318268.046000,0.887,-0.497,-0.93,25.18,28.05,33.39
318268.046000,0.779,-0.672,-0.857,-42.91,41.54,39.19
318268.062000,0.572,-0.627,-0.694,-102.15,83.71,19.99
318268.078000,0.577,-0.637,-0.508,-119.21,121.1,16.66
318268.078000,0.569,-0.742,-0.336,-120.09,123.91,23.26
318268.093000,0.56,-0.886,-0.148,-115.67,122.32,24.32
318268.093000,0.545,-1.022,-0.014,-106.81,117.83,17.21
318268.109000,0.516,-1.084,0.091,-93.39,113.56,7.72
318268.125000,0.5,-1.064,0.195,-74.25,111.82,2.47
318268.125000,0.493,-1.011,0.302,-53.32,108.71,1.92
318268.140000,0.478,-0.971,0.387,-36.99,100.28,2.5
318268.140000,0.455,-0.916,0.481,-30.79,85.09,2.04
318268.171000,0.45,-0.879,0.553,-34.61,60.3,3.23
318268.171000,0.457,-0.86,0.581,-45.87,31.59,2.35
318268.187000,0.456,-0.849,0.586,-61.4,4.7,-3.6
318268.187000,0.424,-0.841,0.612,-74.89,-17.64,-12.05
318268.203000,0.422,-0.838,0.64,-80.48,-39.25,-16.45
318268.203000,0.425,-0.818,0.65,-74.28,-58.02,-20.78
318268.218000,0.413,-0.774,0.64,-60.49,-80.39,-25.33
318268.218000,0.393,-0.707,0.605,-43.52,-104.95,-26.67
318268.250000,0.368,-0.628,0.566,-21.94,-126.93,-24.05
318268.250000,0.331,-0.569,0.506,3.69,-146.03,-16.75
318268.265000,0.291,-0.551,0.365,28.5,-163.95,-4.7
318268.281000,0.24,-0.468,-0.04,44.59,-183.36,8.15
318268.281000,0.185,0.008,-2.149,200.54,15.02,15.41
318268.296000,2.856,-0.844,0.934,380.69,377.45,-8.06
318268.296000,0.986,-1.175,-0.832,66.19,-133.09,2.11
318268.312000,0.076,-0.961,-0.751,11.38,-181.77,42.12
318268.328000,0.563,-0.515,-0.423,-2.81,-182.65,79.1
318268.328000,0.535,-0.582,-1.059,-55.39,-228.43,54.6
318268.343000,0.694,-0.78,-1.181,-57.62,-84.23,23.1
318268.343000,0.981,-0.94,-1.081,-50.2,41.51,23.71
318268.359000,0.89,-0.874,-0.858,-94.42,71.5,15.81
318268.375000,0.612,-0.734,-0.604,-127.66,89.88,-3.2
318268.390000,0.563,-0.831,-0.469,-121.95,110.6,-2.17
318268.390000,0.664,-1.035,-0.351,-107.27,111.45,1.53
318268.406000,0.697,-1.163,-0.23,-94.21,97.29,-9.0
318268.406000,0.657,-1.164,-0.158,-78.86,81.06,-25.91
318268.406000,0.601,-1.076,-0.15,-57.1,74.01,-36.62
318268.421000,0.594,-0.96,-0.144,-31.95,78.68,-35.16
318268.453000,0.62,-0.865,-0.122,-14.8,86.61,-28.53
318268.453000,0.616,-0.787,-0.093,-12.05,91.92,-25.54
318268.468000,0.621,-0.724,-0.053,-18.04,95.49,-26.34
318268.468000,0.68,-0.696,-0.037,-29.6,98.73,-32.11
318268.484000,0.667,-0.672,-0.208,-44.95,119.72,-58.72
318268.500000,0.599,-0.549,0.152,-48.22,184.97,-90.79
318268.500000,0.371,-0.576,0.26,-92.1,92.1,-64.46
318268.515000,0.403,-0.603,0.326,-123.54,76.24,-60.67
318268.515000,0.558,-0.697,0.314,-100.86,72.15,-61.28
318268.531000,0.507,-0.619,0.425,-95.25,52.25,-68.0
318268.546000,0.413,-0.484,0.433,-100.89,27.65,-72.45
318268.562000,0.402,-0.393,0.419,-105.29,4.76,-65.25
318268.562000,0.432,-0.365,0.44,-105.23,-13.37,-53.47
318268.578000,0.408,-0.365,0.428,-105.04,-35.1,-42.76
318268.578000,0.366,-0.384,0.381,-104.22,-64.58,-29.73
318268.593000,0.342,-0.426,0.315,-100.47,-98.57,-14.71
318268.609000,0.352,-0.481,0.192,-93.87,-133.18,-0.31
318268.609000,0.393,-0.511,0.022,-84.35,-164.49,9.92
318268.625000,0.457,-0.508,-0.121,-68.58,-189.79,16.57
318268.625000,0.447,-0.481,-0.241,-47.88,-210.3,21.52
318268.640000,0.372,-0.462,-0.297,-25.09,-228.31,23.56
318268.640000,0.298,-0.716,-1.274,-13.92,-260.41,21.7
318268.656000,1.787,0.045,-2.779,-84.78,15.14,-13.34
318268.671000,1.883,-0.396,0.325,72.24,257.33,-28.99
318268.687000,0.856,-0.926,-0.498,-20.51,-39.19,1.13
318268.687000,0.724,-0.612,-0.639,20.51,-52.71,19.71
318268.703000,0.359,-0.306,-0.549,19.59,-98.73,61.89
318268.718000,0.625,-0.636,-0.7,35.49,-151.98,96.59
318268.718000,1.015,-0.934,-1.323,56.55,-154.3,78.19
318268.734000,0.964,-0.738,-1.481,21.27,-80.23,32.93
318268.750000,0.728,-0.639,-1.2,-1.53,22.46,14.89
318268.750000,0.705,-0.771,-0.929,-11.81,92.62,13.92
318268.765000,0.732,-0.853,-0.747,-38.12,101.38,1.07
318268.781000,0.706,-0.9,-0.682,-47.21,83.65,-17.0
318268.781000,0.722,-0.938,-0.662,-30.85,81.06,-32.78
318268.796000,0.716,-0.875,-0.581,-9.31,94.06,-46.54
318268.812000,0.678,-0.74,-0.482,11.47,111.27,-45.81
318268.812000,0.65,-0.619,-0.385,17.43,114.99,-34.76
318268.828000,0.647,-0.557,-0.292,21.88,117.19,-26.18
318268.828000,0.645,-0.526,-0.217,22.77,116.03,-24.02
318268.843000,0.63,-0.491,-0.16,17.27,109.56,-25.45
318268.859000,0.595,-0.443,-0.128,5.77,98.85,-28.6
318268.859000,0.535,-0.33,-0.011,-7.81,84.14,-31.83
318268.859000,0.511,-0.308,0.066,-22.89,64.33,-33.05
318268.890000,0.498,-0.314,0.128,-36.16,41.44,-31.89
318268.890000,0.495,-0.31,0.179,-43.86,20.66,-29.42
318268.906000,0.494,-0.276,0.231,-47.61,1.62,-24.45
318268.906000,0.481,-0.238,0.286,-46.66,-15.5,-16.02
318268.921000,0.46,-0.209,0.348,-39.55,-31.77,-5.31
318268.921000,0.436,-0.209,0.363,-33.02,-54.32,6.81
318268.937000,0.407,-0.221,0.322,-30.49,-81.82,18.13
318268.937000,0.386,-0.253,0.225,-29.24,-109.87,29.66
318268.953000,0.391,-0.3,0.119,-29.6,-134.92,41.23
318268.968000,0.417,-0.332,0.014,-30.7,-156.99,49.71
318268.968000,0.445,-0.375,-0.136,-28.6,-175.3,55.85
318268.984000,1.264,-1.913,-2.125,-57.62,-161.93,44.34
318269.000000,1.206,0.113,-0.208,-350.9,107.36,-130.19
318269.000000,1.054,0.561,1.53,195.1,257.7,-94.12
318269.031000,1.159,-1.334,-1.101,325.6,14.8,8.15
318269.031000,0.664,-0.694,-1.352,138.31,-122.23,44.92
318269.046000,0.302,0.131,-1.072,45.56,-136.97,105.44
318269.062000,0.653,-0.448,-0.915,-6.62,-124.24,164.25
318269.062000,0.916,-1.045,-1.042,-52.22,-117.77,147.43
318269.078000,1.008,-1.068,-1.221,-98.61,-94.33,88.32
318269.078000,0.902,-0.986,-1.101,-79.07,-10.41,28.38
318269.093000,0.754,-0.941,-0.842,-23.71,69.64,-2.96
318269.109000,0.72,-0.849,-0.706,3.14,91.01,-18.68
318269.109000,0.657,-0.717,-0.664,15.26,80.39,-31.98
318269.125000,0.614,-0.677,-0.605,28.78,78.04,-36.84
318269.125000,0.648,-0.681,-0.509,35.52,83.25,-38.33
318269.140000,0.682,-0.633,-0.437,31.5,80.08,-40.62
318269.156000,0.672,-0.524,-0.379,25.39,75.99,-41.81
318269.156000,0.655,-0.45,-0.313,23.16,73.98,-34.49
318269.171000,0.645,-0.43,-0.232,23.41,73.09,-25.12
318269.187000,0.633,-0.43,-0.175,24.26,69.98,-20.6
318269.187000,0.603,-0.415,-0.169,19.62,62.96,-20.75
318269.203000,0.573,-0.4,-0.181,10.22,54.14,-21.7
318269.218000,0.567,-0.394,-0.165,-0.37,45.59,-20.97
318269.218000,0.56,-0.401,-0.128,-8.24,38.42,-18.95
318269.218000,0.558,-0.419,-0.094,-10.32,33.45,-15.29
318269.250000,0.557,-0.43,-0.056,-8.51,30.55,-11.57
318269.250000,0.557,-0.417,0.005,-6.38,27.5,-8.82
318269.265000,0.557,-0.381,0.085,-5.8,22.25,-7.69
318269.265000,0.543,-0.33,0.162,-7.63,12.94,-8.36
318269.281000,0.524,-0.285,0.225,-14.01,-2.56,-8.42
318269.296000,0.502,-0.247,0.281,-25.33,-24.72,-6.5
318269.296000,0.487,-0.236,0.304,-36.68,-50.69,0.15
318269.312000,0.484,-0.267,0.311,-43.58,-74.37,10.9
318269.328000,0.469,-0.326,0.308,-43.15,-93.45,21.7
318269.343000,0.447,-0.381,0.249,-37.08,-111.64,31.04
318269.343000,0.434,-0.412,0.127,-32.01,-131.57,37.6
318269.359000,0.438,-0.424,-0.017,-28.63,-153.48,41.2
318269.359000,0.471,-0.442,-0.156,-25.7,-174.78,43.43
318269.375000,0.519,-0.475,-0.343,-20.97,-190.98,42.48
318269.390000,0.724,-0.882,-1.067,-15.26,-198.92,39.83
318269.390000,0.981,-1.789,-1.601,-111.24,-100.56,-10.44
318269.406000,1.477,0.538,2.002,184.55,338.57,-94.33
318269.406000,1.201,-1.148,-1.465,333.63,66.1,-22.34
318269.421000,0.695,-0.98,-1.488,96.16,-117.47,42.51
318269.437000,0.249,-0.069,-0.987,-27.16,-125.92,74.31
318269.437000,0.538,-0.52,-1.005,-54.02,-92.5,113.16
318269.453000,0.95,-1.093,-1.234,-72.48,-73.79,100.92
318269.468000,1.125,-1.117,-1.0,-68.67,-6.23,41.81
318269.468000,0.785,-0.877,-0.592,-18.95,68.64,-22.49
318269.484000,0.563,-0.71,-0.491,25.85,92.9,-36.59
318269.484000,0.595,-0.603,-0.57,39.89,73.18,-31.31
318269.500000,0.583,-0.558,-0.588,45.78,57.89,-32.62
318269.515000,0.582,-0.575,-0.522,46.63,56.61,-32.65
318269.515000,0.618,-0.559,-0.445,37.54,58.2,-33.72
318269.531000,0.623,-0.488,-0.386,30.27,57.07,-34.97
318269.531000,0.603,-0.419,-0.321,35.49,57.31,-29.63
318269.546000,0.608,-0.391,-0.283,46.36,58.29,-16.6
318269.546000,0.631,-0.402,-0.278,50.45,56.67,-3.27
318269.562000,0.637,-0.433,-0.298,52.1,57.5,3.81
318269.578000,0.625,-0.438,-0.303,45.11,61.37,4.7
318269.578000,0.606,-0.423,-0.236,26.49,63.51,2.32
318269.609000,0.581,-0.423,-0.123,8.18,61.46,-0.58
318269.609000,0.556,-0.435,-0.005,-6.35,53.68,-1.68
318269.609000,0.53,-0.451,0.09,-13.43,43.09,-0.82
318269.625000,0.505,-0.469,0.154,-12.79,32.29,0.31
318269.640000,0.467,-0.474,0.169,-11.08,18.04,1.31
318269.656000,0.436,-0.483,0.152,-14.5,-0.95,3.51
318269.656000,0.419,-0.507,0.117,-21.21,-20.72,6.9
318269.671000,0.417,-0.54,0.05,-30.88,-37.97,9.7
318269.687000,0.434,-0.56,0.01,-47.88,-52.92,8.88
318269.703000,0.461,-0.56,0.032,-67.72,-68.0,2.87
318269.703000,0.468,-0.516,0.078,-81.82,-84.75,-6.68
318269.718000,0.496,-0.448,0.099,-86.34,-105.23,-10.9
318269.718000,0.532,-0.365,0.059,-76.14,-123.6,-9.98
318269.734000,0.52,-0.319,-0.162,-54.72,-141.36,-2.5
318269.750000,1.052,-1.788,-2.392,-148.78,-102.63,-15.84
318269.750000,1.133,0.75,2.16,-77.39,262.79,-98.3
318269.765000,1.15,-0.373,-0.216,285.53,114.6,-37.32
318269.765000,1.085,-1.242,-1.449,183.08,-102.02,33.45
318269.781000,0.626,-0.53,-1.261,76.24,-110.26,48.25
318269.796000,0.519,-0.095,-0.845,27.25,-71.99,81.24
318269.796000,0.669,-0.449,-0.823,-6.35,-88.29,127.48
318269.812000,0.88,-1.009,-1.162,-37.32,-94.64,127.23
318269.828000,0.898,-1.144,-1.069,-27.13,-28.69,77.73
318269.828000,0.832,-1.051,-0.767,15.02,54.38,24.6
318269.843000,0.739,-0.828,-0.597,35.68,90.4,-8.73
318269.859000,0.616,-0.643,-0.625,33.75,79.99,-22.25
318269.859000,0.533,-0.587,-0.578,27.86,69.22,-21.33
318269.875000,0.573,-0.631,-0.439,24.51,69.15,-13.4
318269.890000,0.6,-0.651,-0.319,24.08,69.03,-12.24
318269.890000,0.571,-0.618,-0.244,28.5,64.94,-12.39
318269.906000,0.539,-0.584,-0.193,38.09,60.73,-7.51
318269.906000,0.533,-0.592,-0.164,49.44,55.45,0.58
318269.921000,0.538,-0.616,-0.145,58.23,50.23,5.4
318269.937000,0.539,-0.614,-0.142,58.29,45.44,4.94
318269.937000,0.54,-0.579,-0.163,42.21,41.54,-0.55
318269.953000,0.528,-0.551,-0.144,13.86,39.16,-8.24
318269.953000,0.513,-0.554,-0.042,-11.69,38.64,-15.81
318269.968000,0.503,-0.567,0.077,-28.66,34.12,-22.19
318269.984000,0.491,-0.56,0.169,-34.03,23.71,-25.88
318270.000000,0.482,-0.537,0.229,-25.51,11.2,-25.12
318270.000000,0.477,-0.497,0.253,-9.58,-2.38,-20.75
318270.015000,0.471,-0.438,0.233,6.56,-18.04,-13.82
318270.031000,0.46,-0.378,0.172,17.4,-34.64,-3.91
318270.031000,0.452,-0.354,0.071,19.1,-50.63,8.06
318270.046000,0.47,-0.359,-0.009,7.75,-65.1,18.86
318270.046000,0.487,-0.385,-0.069,-14.65,-79.93,24.45
318270.062000,0.469,-0.457,-0.166,-39.86,-95.31,26.76
318270.078000,0.475,-0.55,-0.244,-65.49,-108.16,28.44
318270.078000,0.526,-0.617,-0.263,-84.63,-119.14,27.8
318270.093000,0.59,-0.663,-0.272,-86.98,-127.41,22.64
318270.109000,0.69,-1.049,-0.905,-74.25,-132.05,14.25
318270.109000,0.995,-1.491,-1.888,-248.79,19.5,-45.32
318270.125000,1.101,0.741,2.308,-36.59,338.18,-111.06
318270.140000,1.102,-0.839,-0.339,238.56,90.55,-39.09
318270.140000,1.038,-1.108,-1.112,129.8,-99.22,11.14
318270.140000,0.533,-0.319,-1.006,55.21,-121.59,34.36
318270.156000,0.396,-0.266,-0.866,20.36,-110.42,82.28
318270.171000,0.695,-0.726,-0.983,0.92,-114.69,120.76
318270.187000,0.915,-1.122,-1.209,-3.57,-87.28,96.44
318270.187000,0.879,-1.092,-1.153,2.62,-11.81,42.09
318270.187000,0.76,-0.882,-0.859,6.1,57.71,2.32
318270.203000,0.701,-0.749,-0.707,7.35,88.2,-16.66
318270.218000,0.628,-0.738,-0.656,2.08,86.18,-25.57
318270.218000,0.57,-0.778,-0.571,-4.36,80.72,-30.55
318270.250000,0.57,-0.801,-0.466,-5.95,82.58,-36.32
318270.250000,0.566,-0.749,-0.343,-4.52,83.22,-41.84
318270.250000,0.544,-0.657,-0.22,2.29,78.95,-41.93
318270.281000,0.548,-0.601,-0.136,15.08,71.6,-34.67
318270.281000,0.562,-0.592,-0.104,29.05,62.14,-25.94
318270.281000,0.562,-0.589,-0.102,39.0,53.25,-20.69
318270.312000,0.558,-0.562,-0.107,41.14,47.55,-19.68
318270.312000,0.544,-0.515,-0.106,33.11,43.95,-21.42
318270.312000,0.521,-0.482,-0.068,19.04,40.35,-23.9
318270.312000,0.502,-0.467,0.003,4.52,34.42,-24.72
318270.343000,0.491,-0.467,0.063,-6.62,25.67,-23.77
318270.359000,0.477,-0.472,0.112,-12.02,15.87,-21.76
318270.359000,0.467,-0.459,0.167,-12.45,6.13,-18.74
318270.375000,0.454,-0.431,0.203,-9.95,-19.17,-9.64
318270.375000,0.43,-0.406,0.203,-10.62,-34.64,-2.59
318270.390000,0.42,-0.391,0.189,-14.68,-50.2,4.79
318270.406000,0.415,-0.383,0.162,-21.73,-64.42,11.57
318270.406000,0.416,-0.396,0.088,-34.21,-78.01,15.87
318270.421000,0.443,-0.397,0.014,-45.72,-92.65,16.51
318270.437000,0.533,-0.344,-0.06,-50.48,-108.16,16.21
318270.437000,0.539,-0.308,-0.167,-46.42,-123.11,19.07
318270.453000,0.638,-0.774,-0.943,-37.48,-134.01,26.89
318270.468000,1.263,-1.402,-1.79,-289.56,24.84,-42.57
318270.468000,0.902,1.207,2.412,-128.57,372.17,-141.48
318270.484000,1.045,-0.764,-0.115,266.52,134.83,-26.49
318270.500000,1.077,-1.182,-1.056,151.86,-80.17,35.28
318270.500000,0.602,-0.467,-0.905,65.22,-124.3,66.47
318270.515000,0.436,-0.378,-0.891,30.76,-146.09,107.97
318270.515000,0.686,-0.693,-1.106,11.81,-145.45,134.22
318270.531000,0.994,-1.124,-1.357,7.75,-84.44,115.27
318270.531000,1.008,-1.169,-1.103,0.4,11.11,50.02
318270.546000,0.839,-0.897,-0.733,-4.76,70.65,-1.86
318270.562000,0.708,-0.686,-0.613,-0.21,87.16,-24.41
318270.562000,0.622,-0.668,-0.597,1.68,77.03,-29.42
318270.593000,0.6,-0.753,-0.531,2.66,69.92,-29.48
318270.593000,0.614,-0.786,-0.452,0.4,68.94,-32.5
318270.593000,0.614,-0.731,-0.366,-1.68,69.73,-36.81
318270.609000,0.606,-0.649,-0.263,3.85,70.44,-35.31
318270.625000,0.609,-0.599,-0.177,15.08,68.45,-27.89
318270.625000,0.618,-0.584,-0.139,26.28,63.88,-19.78
318270.625000,0.617,-0.574,-0.125,33.81,60.27,-15.41
318270.640000,0.606,-0.542,-0.1,34.52,58.14,-15.66
318270.656000,0.592,-0.498,-0.056,28.6,55.79,-17.88
318270.656000,0.576,-0.465,-0.009,17.43,51.0,-18.77
318270.671000,0.561,-0.452,0.045,4.67,44.71,-18.34
318270.687000,0.552,-0.452,0.117,-5.43,38.54,-17.64
318270.687000,0.539,-0.447,0.195,-12.36,29.76,-16.63
318270.718000,0.526,-0.427,0.265,-14.92,17.91,-14.74
318270.718000,0.51,-0.402,0.308,-14.34,4.24,-10.93
318270.734000,0.482,-0.391,0.319,-11.84,-10.96,-5.55
318270.750000,0.447,-0.39,0.312,-9.83,-29.45,0.89
318270.750000,0.431,-0.411,0.27,-10.77,-52.74,8.03
318270.765000,0.422,-0.447,0.198,-14.47,-77.12,14.53
318270.765000,0.416,-0.496,0.124,-19.1,-99.46,20.29
318270.781000,0.422,-0.547,0.055,-22.25,-118.35,23.44
318270.796000,0.443,-0.567,-0.025,-22.46,-136.02,23.22
318270.796000,0.475,-0.556,-0.141,-19.23,-152.44,21.15
318270.812000,0.662,-1.683,-1.774,-39.12,-152.99,15.2
318270.828000,1.168,0.371,0.864,-324.84,250.74,-96.99
318270.828000,1.282,0.41,1.697,134.37,380.29,-111.03
318270.843000,1.05,-1.28,-1.018,191.69,-54.26,-3.81
318270.843000,0.802,-0.912,-1.072,74.53,-141.18,27.99
318270.859000,0.526,-0.19,-0.832,56.95,-119.94,62.23
318270.875000,0.737,-0.223,-0.677,39.4,-129.95,108.34
318270.875000,0.813,-0.615,-0.976,-3.75,-161.6,125.13
318270.890000,0.796,-0.87,-1.389,-25.91,-115.09,96.77
318270.890000,0.785,-0.922,-1.163,-17.3,-0.46,47.94
318270.906000,0.777,-0.869,-0.708,-7.35,74.31,16.57
318270.921000,0.726,-0.835,-0.626,-13.4,79.35,-5.49
318270.937000,0.62,-0.799,-0.646,-20.33,66.5,-21.76
318270.937000,0.59,-0.775,-0.537,-11.93,72.6,-27.56
318270.953000,0.642,-0.766,-0.426,-2.32,82.95,-27.65
318270.953000,0.649,-0.7,-0.318,-0.73,84.2,-27.53
318270.968000,0.617,-0.624,-0.216,3.42,80.84,-23.87
318270.984000,0.617,-0.591,-0.145,13.18,76.88,-15.47
318270.984000,0.621,-0.587,-0.1,21.33,71.29,-8.09
318271.000000,0.607,-0.583,-0.099,25.33,64.85,-5.65
318271.000000,0.587,-0.574,-0.136,23.93,59.45,-5.55
318271.015000,0.581,-0.563,-0.136,15.59,55.82,-6.32
318271.031000,0.576,-0.56,-0.095,5.28,52.74,-7.66
318271.031000,0.567,-0.572,-0.046,-2.14,49.71,-8.55
318271.046000,0.557,-0.578,0.016,-5.98,47.24,-9.61
318271.046000,0.546,-0.575,0.086,-5.95,43.61,-10.8
318271.062000,0.543,-0.549,0.159,-2.69,37.72,-11.84
318271.078000,0.531,-0.505,0.214,0.58,28.32,-11.63
318271.093000,0.507,-0.47,0.246,2.29,14.65,-10.22
318271.109000,0.493,-0.434,0.275,0.4,-2.99,-9.03
318271.109000,0.46,-0.401,0.298,-6.1,-27.25,-7.63
318271.125000,0.45,-0.396,0.275,-14.92,-55.67,-3.69
318271.140000,0.437,-0.391,0.255,-22.43,-80.23,-0.15
318271.140000,0.409,-0.376,0.224,-29.24,-103.7,3.88
318271.156000,0.388,-0.38,0.152,-34.0,-127.02,10.71
318271.156000,0.401,-0.386,0.054,-35.8,-148.05,17.98
318271.171000,0.425,-0.386,-0.086,-33.42,-168.49,24.84
318271.171000,0.456,-0.411,-0.286,-26.52,-188.63,31.98
318271.187000,0.636,-1.947,-2.397,-59.08,-145.54,24.54
318271.203000,1.785,0.477,1.891,-156.07,406.05,-105.87
318271.218000,1.395,-0.052,0.603,172.7,208.11,-64.88
318271.218000,0.884,-1.505,-1.069,143.59,-124.61,34.39
318271.218000,0.666,-0.738,-0.724,49.47,-159.92,36.19
318271.250000,0.281,-0.05,-0.969,35.95,-175.18,60.46
318271.250000,0.446,-0.13,-0.998,19.81,-151.65,120.7
318271.250000,0.924,-0.87,-1.174,-0.79,-114.05,152.93
318271.281000,1.057,-1.271,-1.192,-8.42,-22.89,92.14
318271.281000,0.797,-1.02,-0.778,-11.66,59.69,22.49
318271.296000,0.609,-0.697,-0.534,-3.91,86.92,-6.71
318271.296000,0.596,-0.629,-0.625,-4.15,71.6,-9.52
318271.312000,0.583,-0.645,-0.608,-11.38,64.85,-10.41
318271.328000,0.582,-0.69,-0.453,-12.48,69.46,-9.89
318271.328000,0.587,-0.712,-0.359,-11.54,71.26,-11.63
318271.343000,0.571,-0.661,-0.284,-7.48,70.74,-13.31
318271.359000,0.534,-0.594,-0.209,2.32,68.82,-9.49
318271.375000,0.521,-0.574,-0.155,15.44,64.27,-0.49
318271.375000,0.533,-0.577,-0.121,27.22,56.95,7.93
318271.390000,0.541,-0.575,-0.11,34.64,49.17,12.7
318271.390000,0.544,-0.573,-0.097,36.84,44.68,14.37
318271.406000,0.538,-0.571,-0.076,32.75,42.05,14.37
318271.406000,0.526,-0.573,-0.04,23.62,40.25,13.58
318271.421000,0.521,-0.589,0.041,11.78,38.51,12.12
318271.437000,0.513,-0.61,0.161,1.19,34.21,9.61
318271.437000,0.49,-0.624,0.269,-6.1,23.93,6.96
318271.453000,0.462,-0.625,0.359,-10.32,8.64,5.52
318271.468000,0.431,-0.634,0.412,-10.96,-11.41,6.35
318271.468000,0.396,-0.669,0.426,-7.51,-34.7,9.83
318271.484000,0.371,-0.719,0.415,-1.56,-58.75,14.44
318271.484000,0.366,-0.765,0.366,4.03,-84.05,17.52
318271.500000,0.356,-0.788,0.279,8.55,-110.23,18.01
318271.515000,0.335,-0.798,0.181,13.21,-133.95,17.85
318271.515000,0.34,-0.792,0.077,19.65,-156.13,17.88
318271.531000,0.363,-0.778,-0.077,27.56,-179.36,18.01
318271.546000,0.442,-0.796,-0.407,38.27,-198.89,17.64
318271.546000,0.581,-0.553,-2.459,90.09,-25.45,-1.62
318271.562000,2.155,-0.146,1.877,185.64,443.25,-42.02
318271.578000,0.905,-1.056,-0.424,70.68,-31.31,-5.58
318271.593000,0.783,-1.443,-0.921,11.14,-189.67,53.83
318271.593000,0.483,-0.615,-0.558,30.7,-140.72,20.51
318271.609000,0.188,-0.252,-0.584,38.94,-130.56,37.9
318271.609000,0.526,-0.567,-0.643,104.25,-101.17,96.93
318271.625000,0.914,-0.876,-0.96,110.14,-82.31,108.04
318271.625000,0.762,-0.814,-0.894,68.48,-36.29,59.97
318271.640000,0.531,-0.687,-0.627,66.93,15.66,31.34
318271.656000,0.549,-0.7,-0.456,76.17,40.77,26.92
318271.656000,0.535,-0.765,-0.423,71.6,32.35,23.59
318271.671000,0.467,-0.819,-0.417,67.66,19.68,20.69
318271.687000,0.468,-0.839,-0.344,74.71,22.1,20.69
318271.687000,0.482,-0.839,-0.246,90.06,29.63,22.92
318271.703000,0.498,-0.815,-0.131,110.05,33.17,27.99
318271.703000,0.496,-0.773,-0.05,130.41,32.53,35.43
318271.718000,0.482,-0.746,-0.017,150.06,30.7,44.98
318271.718000,0.468,-0.735,0.026,166.2,30.58,54.26
318271.734000,0.459,-0.751,0.109,181.13,31.68,62.72
318271.750000,0.443,-0.785,0.231,197.12,28.93,68.85
318271.765000,0.423,-0.836,0.335,220.22,20.6,73.85
318271.765000,0.372,-0.879,0.386,244.7,6.84,77.3
318271.781000,0.316,-0.905,0.439,260.63,-12.21,80.29
318271.796000,0.275,-0.939,0.501,267.8,-35.0,80.26
318271.796000,0.263,-0.981,0.528,271.95,-58.08,76.91
318271.812000,0.214,-0.99,0.557,272.68,-75.35,69.09
318271.828000,0.157,-1.008,0.638,270.76,-94.09,67.14
318271.828000,0.169,-1.059,0.67,273.29,-111.12,67.02
318271.828000,0.189,-1.109,0.677,278.85,-125.46,60.91
318271.859000,0.176,-1.09,0.661,273.69,-140.81,48.01
318271.859000,0.149,-1.005,0.67,257.24,-151.28,37.57
318271.875000,0.204,-0.977,0.675,236.61,-157.75,34.55
318271.890000,0.236,-0.937,0.667,206.64,-165.44,28.6
318271.890000,0.267,-0.868,0.636,171.27,-171.54,21.85
318271.906000,0.316,-0.822,0.528,134.46,-175.15,16.3
318271.906000,0.363,-0.802,0.376,94.67,-179.05,13.18
318271.921000,0.228,-0.901,-0.364,56.73,-180.43,13.52
318271.921000,-0.356,-0.073,-2.878,-123.23,18.89,24.54
318271.921000,2.069,-0.738,0.15,33.08,451.95,43.43
318271.953000,1.319,-2.267,1.106,-139.74,-201.36,-67.29
318271.968000,0.175,-1.599,1.367,89.97,-267.59,-23.62
318271.968000,0.104,-0.936,-0.088,161.72,-192.85,2.78
318271.984000,0.265,-0.848,-0.811,191.81,-32.72,5.95
318272.000000,0.329,-0.962,-0.438,175.76,21.21,11.44
318272.000000,0.497,-0.947,0.123,91.89,5.01,-1.5
318272.015000,0.42,-0.871,-0.016,52.64,12.02,-22.92
318272.015000,0.425,-0.849,0.039,38.03,43.28,-26.31
318272.031000,0.458,-0.81,0.225,25.79,66.23,-21.3
318272.046000,0.456,-0.817,0.36,25.3,74.22,-20.45
318272.046000,0.447,-0.824,0.414,31.74,70.77,-25.06
318272.062000,0.438,-0.771,0.433,39.49,67.14,-32.38
318272.078000,0.425,-0.696,0.467,47.46,70.1,-36.99
318272.078000,0.409,-0.64,0.537,52.16,75.05,-36.1
318272.093000,0.379,-0.616,0.62,53.16,77.39,-32.41
318272.109000,0.351,-0.608,0.714,52.03,76.45,-28.2
318272.109000,0.339,-0.604,0.803,51.27,71.47,-24.78
318272.125000,0.345,-0.594,0.872,52.16,62.84,-21.76
318272.125000,0.355,-0.578,0.923,53.99,52.19,-19.01
318272.140000,0.35,-0.556,0.958,56.43,40.44,-16.02
318272.156000,0.336,-0.538,0.984,59.24,29.51,-12.63
318272.156000,0.312,-0.535,1.017,60.52,19.65,-8.27
318272.171000,0.289,-0.554,1.059,57.59,10.22,-1.46
318272.187000,0.281,-0.572,1.093,52.03,-0.95,5.01
318272.187000,0.286,-0.589,1.122,46.82,-14.4,8.48
318272.203000,0.282,-0.603,1.149,40.93,-28.57,11.75
318272.203000,0.28,-0.619,1.153,34.91,-42.09,16.21
318272.218000,0.289,-0.638,1.147,30.58,-55.57,19.84
318272.234000,0.31,-0.645,1.121,27.56,-70.19,21.18
318272.234000,0.322,-0.618,1.067,24.26,-85.67,20.72
318272.250000,0.328,-0.602,0.993,23.13,-99.28,20.66
318272.250000,0.329,-0.607,0.878,22.83,-112.4,24.14
318272.265000,0.342,-0.619,0.74,20.51,-125.89,30.76
318272.281000,0.353,-0.655,0.577,17.76,-139.59,40.01
318272.296000,0.076,-0.061,-2.421,-56.95,-99.4,48.49
318272.296000,1.022,-0.959,1.528,-109.16,349.59,59.69
318272.312000,1.323,-1.947,2.78,-277.47,103.37,38.12
318272.312000,0.27,-1.166,0.872,-128.3,-249.31,-5.58
318272.328000,-0.032,-1.06,-0.5,108.74,-208.72,3.94
318272.343000,0.365,-0.822,-0.428,149.57,-61.86,14.31
318272.343000,0.568,-0.7,-0.029,140.66,24.29,6.29
318272.343000,0.513,-0.701,0.265,82.25,26.55,5.43
318272.359000,0.444,-0.778,0.315,37.32,18.37,1.83
318272.375000,0.446,-0.828,0.292,26.83,26.7,-3.57
318272.390000,0.514,-0.735,0.275,25.51,44.53,-5.68
318272.406000,0.527,-0.592,0.231,24.26,62.81,-6.5
318272.421000,0.478,-0.509,0.27,17.7,78.55,-4.94
318272.421000,0.409,-0.557,0.394,10.16,89.82,-3.42
318272.437000,0.351,-0.626,0.549,0.49,95.46,-3.75
318272.453000,0.315,-0.658,0.697,-6.07,95.61,-5.52
318272.453000,0.285,-0.666,0.813,-7.51,90.67,-6.56
318272.468000,0.261,-0.657,0.891,-7.97,82.25,-5.31
318272.468000,0.251,-0.644,0.949,-9.25,71.96,-1.71
318272.484000,0.248,-0.655,1.015,-10.38,61.46,3.81
318272.500000,0.243,-0.694,1.1,-9.67,52.58,9.7
318272.500000,0.234,-0.725,1.185,-7.08,43.0,13.37
318272.515000,0.229,-0.74,1.262,-2.75,29.51,13.7
318272.515000,0.23,-0.746,1.313,2.75,11.63,11.63
318272.531000,0.243,-0.724,1.319,5.04,-9.52,8.42
318272.546000,0.262,-0.674,1.281,2.26,-33.02,5.16
318272.562000,0.274,-0.643,1.23,-3.23,-55.09,4.12
318272.562000,0.284,-0.645,1.176,-8.88,-71.6,6.38
318272.562000,0.292,-0.655,1.141,-13.55,-84.38,9.58
318272.578000,0.295,-0.659,1.113,-14.65,-97.17,11.6
318272.593000,0.3,-0.646,1.059,-12.09,-112.4,13.0
318272.609000,0.308,-0.617,0.978,-6.99,-128.85,15.11
318272.609000,0.323,-0.604,0.848,-0.49,-144.08,19.41
318272.625000,0.057,0.182,-1.776,-24.63,-144.84,24.9
318272.640000,0.646,-0.786,1.078,-44.07,341.93,52.1
318272.640000,1.315,-1.991,3.239,-273.02,144.23,72.73
318272.640000,0.131,-1.438,1.14,-85.63,-269.42,38.91
318272.656000,0.138,-1.299,-0.291,187.51,-231.39,8.06
318272.671000,0.276,-0.722,-0.329,187.41,-119.57,-21.0
318272.671000,0.464,-0.357,-0.041,166.3,-37.26,-11.72
318272.687000,0.47,-0.452,0.215,105.17,-23.5,13.52
318272.703000,0.489,-0.73,0.266,39.7,-26.25,18.49
318272.703000,0.45,-0.904,0.254,15.08,-13.46,7.6
318272.718000,0.461,-0.851,0.26,8.94,5.68,-2.04
318272.718000,0.496,-0.686,0.225,13.52,24.78,-6.62
318272.750000,0.498,-0.56,0.191,16.27,38.45,-5.43
318272.765000,0.485,-0.508,0.186,14.62,47.33,-1.71
318272.765000,0.462,-0.518,0.227,14.07,57.59,0.31
318272.765000,0.411,-0.553,0.311,13.52,67.45,1.43
318272.781000,0.349,-0.588,0.391,11.32,75.84,3.78
318272.796000,0.282,-0.616,0.503,8.67,87.34,8.12
318272.796000,0.227,-0.65,0.644,5.22,97.96,14.56
318272.812000,0.186,-0.694,0.783,0.52,101.17,20.33
318272.812000,0.168,-0.75,0.913,-1.43,98.09,22.95
318272.828000,0.162,-0.782,1.03,0.89,89.75,22.4
318272.843000,0.144,-0.802,1.13,6.84,76.85,20.11
318272.843000,0.12,-0.836,1.209,14.95,63.84,18.59
318272.859000,0.114,-0.861,1.273,22.4,50.54,15.87
318272.859000,0.11,-0.859,1.34,26.76,33.81,9.77
318272.875000,0.116,-0.821,1.378,25.42,12.42,3.17
318272.890000,0.139,-0.766,1.384,19.93,-13.0,-1.98
318272.890000,0.177,-0.729,1.36,16.02,-38.36,-3.81
318272.906000,0.205,-0.728,1.322,15.2,-58.9,-1.77
318272.906000,0.222,-0.753,1.3,16.63,-73.43,2.35
318272.921000,0.231,-0.768,1.276,20.57,-86.58,5.28
318272.937000,0.257,-0.746,1.222,24.96,-102.85,5.37
318272.937000,0.27,-0.687,1.129,27.07,-121.37,3.3
318272.953000,0.278,-0.636,0.988,25.91,-139.99,4.18
318272.968000,0.305,-0.634,0.812,22.28,-155.98,9.43
318272.968000,-0.026,0.467,-1.162,11.2,-148.14,17.82
318273.000000,0.701,-0.325,0.204,76.94,323.71,91.59
318273.000000,1.529,-2.681,3.095,-271.1,233.77,104.71
318273.015000,-0.227,-1.316,1.754,-229.83,-225.81,5.52
318273.015000,-0.044,-1.159,0.299,116.92,-245.4,-23.62
318273.031000,0.219,-0.819,-0.05,154.79,-165.87,-50.11
318273.046000,0.423,-0.408,-0.07,130.77,-96.99,-43.0
318273.046000,0.515,-0.352,0.055,73.49,-66.68,-11.08
318273.062000,0.511,-0.585,0.173,27.13,-33.97,1.92
318273.078000,0.431,-0.796,0.297,10.01,-2.72,-4.24
318273.078000,0.447,-0.792,0.382,-2.56,10.9,-7.66
318273.093000,0.485,-0.65,0.358,-3.11,18.71,-11.23
318273.093000,0.473,-0.533,0.292,2.69,29.08,-11.72
318273.109000,0.455,-0.49,0.264,2.81,39.46,-5.65
318273.125000,0.429,-0.502,0.292,4.12,54.63,0.52
318273.125000,0.379,-0.548,0.353,9.19,73.58,6.96
318273.140000,0.316,-0.623,0.447,12.24,91.86,11.23
318273.156000,0.231,-0.668,0.601,9.31,102.48,10.53
318273.156000,0.169,-0.684,0.757,2.59,101.02,7.87
318273.171000,0.146,-0.69,0.877,-4.27,89.79,5.13
318273.187000,0.147,-0.715,0.965,-5.8,74.74,4.12
318273.187000,0.165,-0.75,1.033,-1.43,62.29,4.0
318273.187000,0.183,-0.756,1.081,6.81,52.25,2.93
318273.203000,0.18,-0.748,1.141,17.94,43.58,1.16
318273.218000,0.164,-0.749,1.195,29.76,36.62,1.28
318273.234000,0.165,-0.74,1.231,35.1,27.25,0.76
318273.234000,0.169,-0.692,1.264,31.1,11.05,-3.39
318273.250000,0.164,-0.658,1.29,21.67,-9.31,-5.95
318273.265000,0.176,-0.666,1.289,11.96,-26.98,-3.94
318273.281000,0.206,-0.688,1.281,2.87,-42.12,-1.13
318273.281000,0.232,-0.708,1.262,-3.85,-56.92,0.27
318273.296000,0.251,-0.719,1.222,-6.84,-72.15,0.34
318273.296000,0.271,-0.721,1.17,-6.87,-87.98,0.12
318273.312000,0.296,-0.726,1.087,-3.23,-104.04,0.61
318273.312000,0.334,-0.714,0.959,2.84,-119.79,0.43
318273.328000,0.368,-0.682,0.819,6.38,-134.07,0.46
318273.343000,0.395,-0.673,0.665,8.91,-144.51,2.81
318273.343000,0.042,0.481,-0.315,27.31,-153.81,6.1
318273.359000,0.265,-0.24,0.012,103.76,300.21,61.16
318273.375000,1.941,-2.237,3.356,-203.38,353.65,101.38
318273.375000,-0.127,-1.028,1.859,-209.85,-203.53,0.15
318273.390000,-0.293,-0.922,0.353,43.73,-298.29,-23.26
318273.406000,0.089,-0.889,-0.396,104.53,-216.32,-31.37
318273.406000,0.574,-0.527,-0.266,129.37,-62.99,-50.9
318273.421000,0.54,-0.248,0.07,93.91,-2.32,-31.4
318273.421000,0.454,-0.322,0.265,30.06,13.09,-2.44
318273.437000,0.324,-0.571,0.279,4.76,19.5,4.82
318273.453000,0.385,-0.656,0.324,-6.26,30.98,6.26
318273.453000,0.474,-0.564,0.325,-9.86,41.05,1.92
318273.468000,0.438,-0.478,0.325,-2.87,54.26,-1.01
318273.468000,0.369,-0.49,0.409,5.01,73.73,5.68
318273.500000,0.316,-0.564,0.529,11.66,92.14,12.42
318273.500000,0.26,-0.603,0.648,14.28,106.91,12.85
318273.500000,0.196,-0.614,0.787,9.0,117.65,10.77
318273.515000,0.132,-0.644,0.954,-14.95,107.18,6.78
318273.531000,0.098,-0.691,1.12,-21.33,88.69,5.74
318273.546000,0.09,-0.744,1.257,-19.04,67.11,5.58
318273.546000,0.104,-0.784,1.333,-11.08,45.05,5.92
318273.546000,0.123,-0.799,1.366,-0.21,22.55,5.52
318273.578000,0.156,-0.789,1.353,8.3,-0.89,3.51
318273.578000,0.245,-0.7,1.188,11.26,-22.68,1.4
318273.593000,0.283,-0.678,1.109,12.36,-38.45,2.87
318273.609000,0.319,-0.693,1.031,13.49,-48.59,5.8
318273.609000,0.336,-0.715,0.965,12.51,-55.36,7.35
318273.625000,0.328,-0.76,0.941,11.17,-57.77,8.76
318273.640000,0.331,-0.8,0.931,10.1,-57.28,8.94
318273.640000,0.331,-0.8,0.925,7.54,-61.22,4.33
318273.656000,0.33,-0.791,0.907,5.4,-68.24,-1.98
318273.671000,0.345,-0.766,0.865,3.11,-75.99,-8.0
318273.671000,0.367,-0.73,0.794,1.59,-84.38,-13.43
318273.671000,0.384,-0.7,0.716,1.07,-91.01,-17.21
318273.703000,0.298,0.639,-0.219,10.04,-112.89,-19.99
318273.703000,-0.176,0.052,-0.398,93.3,280.04,43.76
318273.703000,1.769,-2.164,3.465,-207.31,410.54,117.65
318273.718000,-0.159,-1.028,1.997,-209.85,-133.09,-0.55
318273.734000,-0.281,-0.942,0.647,10.83,-234.78,-42.6
318273.734000,0.115,-0.715,0.117,82.55,-162.14,-61.46
318273.750000,0.361,-0.508,0.078,126.41,-41.69,-51.64
318273.765000,0.453,-0.368,0.41,78.59,9.09,-18.56
318273.765000,0.387,-0.392,0.476,19.99,9.89,5.68
318273.781000,0.265,-0.632,0.573,1.89,16.36,9.13
318273.796000,0.333,-0.745,0.664,-7.14,16.79,9.03
318273.796000,0.426,-0.681,0.622,-11.2,11.44,2.62
318273.812000,0.422,-0.612,0.57,-0.85,17.15,-3.02
318273.828000,0.406,-0.596,0.598,12.24,30.95,-1.89
318273.828000,0.386,-0.612,0.624,23.93,42.57,0.37
318273.843000,0.371,-0.613,0.643,31.77,49.32,0.21
318273.843000,0.334,-0.595,0.683,32.65,49.44,-1.46
318273.859000,0.296,-0.586,0.731,27.77,45.2,-1.77
318273.875000,0.282,-0.596,0.787,21.76,40.28,0.12
318273.875000,0.281,-0.626,0.848,18.98,36.71,2.56
318273.890000,0.276,-0.658,0.897,17.4,34.33,3.78
318273.906000,0.265,-0.672,0.949,15.84,31.86,3.23
318273.906000,0.261,-0.682,0.996,14.59,27.65,1.8
318273.921000,0.261,-0.688,1.026,13.4,21.76,0.18
318273.921000,0.27,-0.684,1.036,10.8,14.16,-1.62
318273.937000,0.276,-0.673,1.035,6.99,4.94,-4.46
318273.937000,0.278,-0.672,1.043,3.72,-3.27,-7.29
318273.968000,0.285,-0.67,1.056,2.23,-10.13,-8.58
318273.968000,0.29,-0.667,1.064,1.8,-17.79,-9.13
318273.984000,0.288,-0.666,1.05,3.17,-26.98,-9.55
318274.000000,0.297,-0.66,1.022,5.77,-35.83,-9.31
318274.000000,0.314,-0.649,0.98,8.09,-45.32,-8.64
318274.000000,0.332,-0.636,0.927,9.89,-54.6,-8.18
318274.031000,0.345,-0.628,0.863,10.74,-62.01,-7.39
318274.046000,0.286,-0.604,0.798,10.35,-68.48,-5.37
318274.046000,0.438,-0.656,0.77,12.54,-70.25,4.64
318274.046000,-0.602,0.882,-1.533,74.74,-28.53,4.49
318274.062000,1.385,-1.303,0.606,183.72,444.78,110.57
318274.078000,1.29,-1.249,3.613,-258.61,172.67,41.47
318274.078000,-0.606,-0.28,1.152,-172.58,-249.82,-45.72
318274.093000,-0.144,-1.112,-0.062,-12.85,-205.88,-15.05
318274.109000,0.158,-0.874,0.438,22.98,-40.31,-43.18
318274.109000,0.371,-0.547,0.712,67.69,47.46,-31.1
318274.125000,0.267,-0.389,0.806,31.34,44.04,-5.37
318274.140000,0.21,-0.575,0.808,-0.06,20.84,11.32
318274.140000,0.258,-0.789,0.823,-4.52,9.67,11.69
318274.156000,0.38,-0.778,0.845,-2.87,7.23,4.27
318274.156000,0.428,-0.678,0.806,6.65,6.84,-3.66
318274.171000,0.429,-0.604,0.75,17.82,8.3,-6.99
318274.187000,0.434,-0.555,0.71,25.09,10.56,-8.85
318274.187000,0.432,-0.519,0.687,25.76,12.94,-9.74
318274.203000,0.419,-0.506,0.683,20.75,15.35,-8.94
318274.218000,0.384,-0.517,0.711,12.02,17.24,-7.14
318274.218000,0.343,-0.54,0.756,1.25,17.27,-4.43
318274.234000,0.313,-0.557,0.801,-8.42,15.05,-2.23
318274.234000,0.293,-0.584,0.861,-13.64,13.28,-0.12
318274.250000,0.288,-0.621,0.914,-14.25,11.35,1.43
318274.265000,0.275,-0.641,0.93,-12.45,6.16,0.67
318274.265000,0.261,-0.647,0.932,-8.45,1.31,-0.49
318274.281000,0.254,-0.655,0.936,-3.66,-2.59,-0.76
318274.281000,0.255,-0.66,0.926,1.1,-7.42,-0.98
318274.296000,0.26,-0.659,0.897,4.52,-13.18,-2.04
318274.312000,0.265,-0.644,0.872,5.01,-18.77,-4.09
318274.328000,0.275,-0.628,0.852,2.75,-23.19,-5.52
318274.328000,0.291,-0.623,0.829,-0.43,-26.67,-5.71
318274.343000,0.312,-0.619,0.796,-4.21,-29.54,-5.58
318274.343000,0.328,-0.61,0.765,-7.78,-31.68,-5.28
318274.359000,0.343,-0.605,0.739,-9.74,-32.59,-4.33
318274.375000,0.363,-0.603,0.706,-9.77,-33.48,-2.62
318274.375000,0.381,-0.6,0.662,-9.49,-34.7,-1.04
318274.390000,0.394,-0.607,0.616,-9.61,-34.46,0.58
318274.406000,0.083,0.12,-0.837,4.94,-18.04,3.3
318274.406000,0.436,-0.354,-1.178,116.79,234.35,50.94
318274.421000,1.264,-1.425,3.205,-175.54,245.86,46.27
318274.421000,-0.023,-0.806,1.547,-216.28,-135.01,-12.21
318274.437000,-0.315,-0.822,0.156,-36.23,-173.65,-7.14
318274.453000,0.279,-0.883,0.145,54.84,-33.91,-10.19
318274.453000,0.373,-0.641,0.628,61.49,46.66,-28.99
318274.468000,0.271,-0.5,0.867,19.23,33.3,-12.91
318274.484000,0.205,-0.651,0.772,-0.12,10.53,4.15
318274.484000,0.276,-0.805,0.794,5.8,12.18,2.81
318274.500000,0.377,-0.758,0.819,7.57,12.21,-5.62
318274.500000,0.385,-0.637,0.764,8.03,10.38,-13.09
318274.515000,0.371,-0.582,0.767,8.12,13.86,-13.49
318274.515000,0.364,-0.598,0.794,5.74,16.05,-10.71
318274.531000,0.362,-0.617,0.804,1.1,15.59,-10.01
318274.562000,0.345,-0.616,0.83,-4.58,13.79,-11.05
318274.562000,0.317,-0.626,0.879,-9.74,10.53,-10.01
318274.578000,0.305,-0.656,0.913,-12.88,4.85,-7.84
318274.578000,0.304,-0.674,0.934,-13.25,-3.11,-7.66
318274.578000,0.31,-0.675,0.928,-11.14,-11.51,-8.85
318274.609000,0.321,-0.666,0.899,-8.15,-18.49,-9.61
318274.609000,0.33,-0.652,0.866,-5.4,-23.71,-9.7
318274.625000,0.331,-0.645,0.842,-3.14,-26.89,-9.43
318274.640000,0.34,-0.65,0.838,-0.24,-27.31,-8.76
318274.640000,0.347,-0.645,0.824,0.73,-29.08,-8.94
318274.656000,0.345,-0.639,0.812,0.27,-31.8,-9.67
318274.671000,0.348,-0.643,0.817,0.27,-33.45,-10.04
318274.671000,0.355,-0.638,0.82,-0.34,-36.29,-10.62
318274.687000,0.354,-0.629,0.817,-0.79,-40.77,-10.96
318274.687000,0.36,-0.622,0.814,-1.1,-45.35,-11.08
318274.703000,0.367,-0.6,0.785,-1.65,-50.08,-10.93
318274.718000,0.375,-0.581,0.744,-2.99,-53.8,-9.28
318274.718000,0.399,-0.577,0.691,-5.22,-56.76,-6.47
318274.734000,-0.154,-0.092,-1.011,-18.59,-47.36,-2.56
318274.734000,0.62,0.438,-0.68,-42.57,356.58,20.17
318274.750000,1.862,-1.501,3.515,-268.65,412.76,11.17
318274.765000,-0.25,-1.109,2.361,-347.42,-113.56,-36.13
318274.765000,-0.602,-1.304,0.803,-63.81,-242.96,-1.22
318274.781000,-0.001,-1.182,0.053,84.11,-154.24,14.71
318274.796000,0.514,-0.642,0.187,121.59,-25.39,-22.74
318274.796000,0.439,-0.404,0.538,108.04,15.81,-22.98
318274.812000,0.276,-0.458,0.744,54.75,7.32,5.71
318274.828000,0.277,-0.691,0.769,29.76,-1.98,19.38
318274.843000,0.387,-0.841,0.802,25.24,-3.42,15.08
318274.843000,0.487,-0.804,0.76,24.41,-5.52,3.78
318274.843000,0.489,-0.685,0.657,23.35,-5.8,-10.1
318274.859000,0.456,-0.572,0.588,15.11,-2.44,-16.51
318274.875000,0.47,-0.527,0.575,4.88,3.51,-14.74
318274.875000,0.485,-0.537,0.589,-2.35,9.0,-12.05
318274.890000,0.457,-0.551,0.599,-8.24,9.89,-10.1
318274.890000,0.41,-0.564,0.613,-12.15,10.16,-5.95
318274.906000,0.38,-0.601,0.646,-11.41,13.4,0.79
318274.921000,0.362,-0.642,0.695,-8.27,15.14,6.16
318274.921000,0.327,-0.682,0.741,-4.06,15.29,8.42
318274.937000,0.293,-0.719,0.788,-1.86,14.95,8.48
318274.937000,0.266,-0.729,0.821,-1.98,12.12,5.43
318274.953000,0.255,-0.727,0.856,-4.15,6.47,1.22
318274.968000,0.263,-0.724,0.875,-6.87,-1.77,-2.5
318274.984000,0.28,-0.714,0.858,-7.05,-10.47,-5.31
318275.000000,0.305,-0.702,0.829,-3.39,-16.17,-7.2
318275.000000,0.322,-0.678,0.827,1.19,-18.8,-7.42
318275.000000,0.329,-0.662,0.834,6.68,-21.0,-5.74
318275.015000,0.339,-0.648,0.829,10.9,-24.17,-3.02
318275.031000,0.347,-0.634,0.826,12.7,-28.17,0.03
318275.031000,0.354,-0.633,0.831,13.43,-32.72,2.32
318275.046000,0.356,-0.627,0.851,12.88,-38.18,2.81
318275.062000,0.368,-0.611,0.849,12.48,-47.24,2.78
318275.062000,0.387,-0.601,0.82,13.43,-56.79,3.42
318275.078000,0.42,-0.601,0.763,15.05,-64.36,5.37
318275.078000,0.439,-0.59,0.681,10.59,-70.77,10.41
318275.093000,0.388,-0.589,0.105,-62.72,62.78,12.02
318275.109000,-0.047,0.129,-2.684,-157.08,412.82,48.77
318275.125000,1.111,-0.485,2.388,-149.75,129.58,52.25
318275.140000,1.081,-1.365,2.469,-100.68,-178.9,-0.64
318275.140000,-0.226,-0.859,1.066,16.85,-220.92,23.35
318275.156000,0.426,-1.11,0.055,128.21,-100.19,26.76
318275.171000,0.535,-0.913,0.38,148.01,3.42,-6.78
318275.171000,0.238,-0.624,0.751,92.2,14.95,-8.33
318275.187000,0.232,-0.649,0.662,57.41,-1.95,11.51
318275.187000,0.388,-0.762,0.533,37.48,-1.77,15.26
318275.203000,0.505,-0.749,0.497,15.29,7.02,6.47
318275.218000,0.511,-0.684,0.457,-0.24,19.75,-4.67
318275.218000,0.458,-0.631,0.492,-8.73,34.79,-11.29
318275.234000,0.443,-0.624,0.563,-10.59,44.43,-11.99
318275.234000,0.432,-0.64,0.603,-7.14,46.6,-12.42
318275.250000,0.4,-0.645,0.637,-0.82,46.78,-11.51
318275.265000,0.383,-0.645,0.663,6.74,47.94,-6.68
318275.265000,0.381,-0.646,0.694,14.53,51.67,-1.43
318275.281000,0.358,-0.64,0.731,21.09,53.56,2.41
318275.296000,0.333,-0.629,0.757,24.32,52.86,4.61
318275.296000,0.313,-0.621,0.789,23.29,49.53,4.55
318275.312000,0.268,-0.626,0.838,18.22,43.79,2.41
318275.312000,0.228,-0.639,0.894,10.13,36.99,0.21
318275.328000,0.202,-0.652,0.958,0.31,29.66,-1.77
318275.343000,0.197,-0.681,1.013,-7.32,22.68,-2.72
318275.359000,0.205,-0.701,1.041,-11.63,14.56,-4.3
318275.359000,0.214,-0.7,1.052,-12.45,4.91,-7.05
318275.375000,0.222,-0.683,1.053,-10.13,-6.16,-8.85
318275.390000,0.232,-0.672,1.052,-5.13,-17.82,-8.58
318275.390000,0.248,-0.665,1.035,1.34,-30.03,-7.54
318275.406000,0.27,-0.648,1.0,6.84,-43.24,-6.81
318275.406000,0.297,-0.625,0.948,10.22,-56.95,-5.71
318275.421000,0.319,-0.607,0.878,11.69,-67.96,-3.33
318275.437000,0.35,-0.609,0.813,11.38,-74.77,-0.03
318275.437000,0.386,-0.61,0.755,7.14,-80.14,2.23
318275.437000,0.412,-0.608,0.686,0.15,-83.86,3.27
318275.453000,0.424,-0.612,0.621,-6.47,-84.26,4.52
318275.468000,0.25,0.256,-2.008,-19.29,-78.1,8.21
318275.468000,0.138,-0.942,-0.002,-31.65,287.33,47.18
318275.500000,1.434,-1.368,3.646,-195.78,273.29,44.47
318275.515000,0.296,-0.905,1.52,-133.21,-183.23,-6.65
318275.515000,-0.324,-0.891,-0.035,-28.99,-281.29,-16.57
318275.515000,0.18,-0.884,-0.527,67.75,-135.93,-10.38
318275.515000,0.587,-0.648,-0.015,101.44,28.99,-30.06
318275.531000,0.381,-0.463,0.599,44.59,53.16,-20.11
318275.562000,0.253,-0.556,0.694,0.43,25.39,4.21
318275.562000,0.272,-0.773,0.54,0.7,12.18,13.15
318275.578000,0.406,-0.812,0.529,2.35,19.93,5.92
318275.578000,0.468,-0.704,0.5,1.31,28.41,-7.17
318275.593000,0.443,-0.571,0.444,-1.28,37.69,-13.4
318275.609000,0.422,-0.52,0.434,-5.01,47.88,-10.93
318275.609000,0.407,-0.537,0.507,-10.53,57.92,-8.03
318275.625000,0.38,-0.576,0.622,-13.95,65.31,-6.9
318275.640000,0.32,-0.617,0.742,-13.67,68.27,-5.16
318275.640000,0.271,-0.665,0.869,-10.1,68.91,-1.19
318275.656000,0.237,-0.7,0.977,-4.64,66.47,2.38
318275.656000,0.219,-0.721,1.06,-0.64,59.85,4.58
318275.671000,0.213,-0.715,1.122,-2.41,49.04,4.33
318275.687000,0.199,-0.699,1.177,-9.67,34.21,2.2
318275.703000,0.191,-0.703,1.213,-17.43,17.55,0.03
318275.703000,0.201,-0.71,1.233,-23.47,-1.04,-2.32
318275.718000,0.236,-0.711,1.225,-25.24,-21.7,-4.21
318275.718000,0.274,-0.696,1.165,-23.16,-41.72,-5.22
318275.734000,0.296,-0.679,1.092,-18.62,-58.26,-5.07
318275.750000,0.301,-0.678,1.038,-11.05,-69.92,-2.56
318275.750000,0.311,-0.686,0.985,-2.5,-79.26,0.52
318275.765000,0.328,-0.676,0.908,3.42,-90.24,2.26
318275.765000,0.349,-0.663,0.799,6.59,-102.39,3.6
318275.781000,0.368,-0.67,0.686,8.24,-112.7,5.52
318275.796000,0.403,-0.427,-0.526,-1.37,-126.22,6.59
318275.796000,-1.052,0.526,-1.426,-59.6,126.5,14.89
318275.812000,2.159,-1.955,4.0,-195.04,579.21,88.17
318275.828000,0.464,-1.415,2.854,-229.32,-111.33,44.04
318275.843000,-0.374,-1.367,0.771,58.96,-337.05,-2.53
318275.843000,-0.127,-1.132,-0.357,171.27,-275.31,-30.85
318275.859000,0.379,-0.548,-0.713,205.18,-90.79,-66.1
318275.859000,0.55,-0.255,-0.175,138.16,29.82,-46.36
318275.875000,0.396,-0.174,0.49,20.2,58.78,-10.77
318275.890000,0.241,-0.473,0.51,-27.19,45.5,19.62
318275.890000,0.298,-0.819,0.39,-38.33,44.04,37.81
318275.906000,0.484,-0.87,0.403,-43.89,52.52,31.25
318275.906000,0.516,-0.705,0.46,-29.94,63.48,10.96
318275.921000,0.438,-0.584,0.49,-4.36,66.68,6.56
318275.937000,0.381,-0.615,0.474,24.29,70.31,16.14
318275.937000,0.363,-0.702,0.525,48.74,82.37,21.21
318275.953000,0.303,-0.733,0.621,58.57,91.77,17.76
318275.953000,0.203,-0.706,0.732,51.06,94.55,10.68
318275.968000,0.147,-0.692,0.865,33.27,91.59,6.62
318275.984000,0.133,-0.722,0.984,14.44,82.74,5.92
318275.984000,0.126,-0.783,1.096,0.06,70.16,4.58
318276.000000,0.127,-0.834,1.183,-4.64,56.52,0.76
318276.000000,0.128,-0.852,1.228,-1.43,41.72,-3.88
318276.015000,0.134,-0.834,1.239,5.92,26.25,-8.48
318276.031000,0.15,-0.785,1.223,13.95,11.02,-11.57
318276.046000,0.179,-0.723,1.175,18.56,-5.46,-12.27
318276.046000,0.207,-0.691,1.108,19.53,-20.87,-11.23
318276.062000,0.234,-0.684,1.067,16.69,-32.35,-9.43
318276.078000,0.24,-0.682,1.032,10.74,-41.41,-8.64
318276.078000,0.248,-0.682,1.005,3.11,-48.49,-8.55
318276.093000,0.268,-0.68,0.978,-5.4,-56.43,-9.52
318276.109000,0.287,-0.675,0.941,-11.84,-65.68,-11.41
318276.109000,0.301,-0.666,0.897,-14.83,-74.16,-12.82
318276.125000,0.311,-0.665,0.838,-14.44,-81.06,-12.02
318276.140000,0.345,-0.673,0.766,-10.96,-87.31,-10.32
318276.140000,0.379,-0.68,0.668,-6.59,-94.58,-9.19
318276.156000,0.411,-0.694,0.554,-4.64,-102.39,-7.29
318276.171000,-0.399,0.051,-0.661,3.48,-91.34,-3.23
318276.171000,0.238,0.498,-1.259,105.11,322.46,94.55
318276.187000,2.205,-2.261,3.885,-167.03,380.05,113.07
318276.187000,0.393,-1.44,2.585,-295.3,-213.57,-16.91
318276.203000,-0.633,-1.009,0.368,-60.91,-407.97,-56.83
318276.218000,-0.146,-0.964,-0.879,110.66,-256.39,-52.77
318276.218000,0.685,-0.583,-0.622,163.03,-25.85,-67.26
318276.234000,0.524,-0.311,0.01,91.49,42.94,-57.25
318276.250000,0.329,-0.399,0.267,6.59,42.48,-17.67
318276.250000,0.26,-0.772,0.18,-17.33,48.62,8.79
318276.265000,0.314,-0.982,0.281,-31.46,71.93,7.97
318276.281000,0.329,-0.966,0.427,-45.44,91.49,-8.88
318276.281000,0.306,-0.918,0.536,-48.68,105.9,-25.67
318276.296000,0.255,-0.882,0.675,-43.7,113.41,-38.42
318276.296000,0.225,-0.866,0.832,-29.02,113.5,-47.55
318276.312000,0.225,-0.851,0.937,-9.31,104.1,-53.83
318276.328000,0.22,-0.814,0.979,8.61,89.18,-59.08
318276.328000,0.22,-0.74,1.007,20.08,76.42,-61.92
318276.343000,0.231,-0.654,1.046,23.16,65.13,-60.73
318276.343000,0.245,-0.573,1.072,19.56,53.44,-56.52
318276.359000,0.26,-0.517,1.094,11.66,42.85,-50.33
318276.375000,0.275,-0.49,1.134,2.01,33.66,-43.34
318276.375000,0.279,-0.478,1.183,-6.53,23.8,-37.23
318276.390000,0.276,-0.466,1.237,-12.73,12.48,-33.2
318276.406000,0.265,-0.453,1.271,-16.33,-1.01,-30.24
318276.421000,0.253,-0.447,1.274,-19.81,-16.72,-26.73
318276.421000,0.248,-0.44,1.256,-23.71,-33.78,-22.64
318276.437000,0.244,-0.434,1.221,-26.25,-49.99,-17.37
318276.437000,0.249,-0.436,1.177,-26.58,-63.33,-11.66
318276.453000,0.263,-0.433,1.13,-26.28,-74.77,-6.29
318276.468000,0.276,-0.418,1.073,-26.06,-86.18,-2.47
318276.468000,0.283,-0.4,1.017,-24.6,-97.72,0.43
318276.484000,0.279,-0.394,0.942,-20.78,-108.49,5.13
318276.500000,0.275,-0.42,0.834,-15.11,-118.81,14.25
318276.500000,0.293,-0.49,0.673,-10.07,-130.5,27.38
318276.515000,0.332,-0.577,0.478,-8.64,-142.86,40.44
318276.515000,-0.613,-0.732,-1.476,-33.69,-136.17,53.22
318276.531000,0.221,-0.788,0.057,-155.19,357.04,75.99
318276.546000,2.578,-1.371,4.0,-148.69,417.65,27.34
318276.546000,0.446,-0.968,1.944,-189.79,-281.26,-22.8
318276.562000,-0.907,-1.207,-0.529,-13.76,-454.08,-0.7
318276.562000,-0.12,-1.414,-1.346,78.65,-293.28,56.18
318276.578000,0.887,-1.164,-0.749,132.66,-16.42,5.55
318276.593000,0.57,-1.054,-0.14,108.22,86.49,-41.2
318276.609000,0.271,-0.886,0.32,11.29,73.64,-32.87
318276.609000,0.281,-0.951,0.287,-19.75,53.47,-16.66
318276.609000,0.418,-1.038,0.146,-26.15,59.51,-19.17
318276.640000,0.52,-0.943,0.2,-44.47,79.59,-34.33
318276.640000,0.528,-0.873,0.336,-52.28,95.89,-46.63
318276.640000,0.47,-0.846,0.479,-47.55,104.34,-57.31
318276.656000,0.425,-0.81,0.589,-35.0,105.59,-68.15
318276.671000,0.42,-0.734,0.664,-16.02,98.21,-79.84
318276.671000,0.398,-0.622,0.703,-21.79,95.34,-76.82
318276.687000,0.364,-0.514,0.726,-42.42,95.34,-70.1
318276.687000,0.325,-0.437,0.77,-69.77,97.08,-60.0
318276.703000,0.297,-0.414,0.85,-98.3,97.69,-49.26
318276.718000,0.285,-0.444,0.953,-124.45,91.98,-41.75
318276.734000,0.263,-0.555,1.171,-141.42,79.81,-37.69
318276.750000,0.228,-0.592,1.264,-147.71,64.18,-36.1
318276.750000,0.234,-0.609,1.345,-140.54,44.43,-32.81
318276.750000,0.242,-0.61,1.362,-122.17,19.07,-28.47
318276.765000,0.243,-0.573,1.319,-101.87,-10.41,-23.47
318276.781000,0.25,-0.525,1.24,-83.77,-38.15,-16.51
318276.781000,0.268,-0.49,1.151,-69.67,-60.67,-7.87
318276.796000,0.274,-0.473,1.055,-61.65,-78.55,1.74
318276.812000,0.259,-0.472,0.972,-59.54,-92.72,11.78
318276.812000,0.236,-0.511,0.904,-59.24,-104.31,22.52
318276.828000,0.229,-0.588,0.814,-58.29,-116.95,33.51
318276.843000,0.256,-0.678,0.658,-57.71,-134.16,44.04
318276.859000,0.314,-0.753,0.432,-60.24,-154.94,51.85
318276.859000,0.387,-0.819,0.189,-65.89,-172.46,54.78
318276.875000,0.443,-0.894,-0.062,-74.4,-181.07,52.03
318276.890000,-1.018,-1.565,-2.789,-170.87,-66.65,45.41
318276.890000,1.321,-0.375,1.989,-161.17,594.62,33.88
318276.906000,2.057,-2.246,2.359,76.17,311.75,2.66
318276.906000,0.738,-1.533,0.735,-176.61,-289.16,-39.06
318276.921000,-0.007,-0.757,-0.464,-103.64,-390.21,-55.7
318276.937000,-0.218,-0.838,-1.279,9.03,-345.13,-11.29
318276.937000,0.209,-0.795,-1.239,100.07,-125.06,14.65
318276.953000,0.77,-1.128,-1.019,90.95,55.73,15.35
318276.968000,0.495,-1.064,-0.523,-18.19,105.29,-14.86
318276.968000,0.328,-0.877,-0.198,-98.88,114.54,-14.31
318276.984000,0.355,-0.843,-0.126,-121.37,129.22,-8.88
318276.984000,0.404,-0.874,-0.018,-132.66,144.54,-8.48
318277.000000,0.461,-0.978,0.134,-133.03,152.65,-9.74
318277.015000,0.446,-1.078,0.266,-121.01,150.91,-19.96
318277.015000,0.373,-1.044,0.386,-103.12,145.48,-34.03
318277.031000,0.34,-0.942,0.472,-77.58,142.67,-40.99
318277.031000,0.352,-0.853,0.552,-52.31,141.7,-40.71
318277.046000,0.364,-0.777,0.644,-34.0,137.64,-36.56
318277.062000,0.351,-0.721,0.721,-21.06,129.4,-28.75
318277.078000,0.328,-0.705,0.787,-11.9,120.12,-16.57
318277.078000,0.314,-0.732,0.858,-2.78,110.08,-3.2
318277.093000,0.293,-0.771,0.938,9.8,96.84,6.62
318277.093000,0.271,-0.794,1.031,23.16,75.32,11.44
318277.109000,0.245,-0.8,1.089,40.38,45.99,14.83
318277.109000,0.228,-0.778,1.077,59.88,12.82,19.26
318277.125000,0.225,-0.754,1.03,75.81,-20.02,24.57
318277.140000,0.224,-0.722,0.957,83.65,-49.59,28.9
318277.140000,0.231,-0.645,0.856,72.7,-72.08,31.34
318277.156000,0.235,-0.59,0.753,44.1,-84.11,33.69
318277.156000,0.221,-0.606,0.709,8.51,-86.64,36.04
318277.171000,0.208,-0.663,0.707,-27.83,-88.26,37.54
318277.187000,0.183,-0.737,0.724,-56.83,-95.1,37.11
318277.203000,0.141,-0.826,0.718,-71.14,-108.37,37.2
318277.218000,0.108,-0.913,0.657,-69.37,-127.08,39.46
318277.234000,0.102,-1.003,0.512,-53.01,-151.34,44.37
318277.234000,0.121,-1.107,0.196,-28.75,-179.42,51.3
318277.250000,-1.015,-1.633,-2.653,-113.83,-47.61,48.65
318277.250000,2.213,-0.934,2.077,-30.46,628.71,-7.42
318277.265000,1.95,-1.571,2.105,0.12,138.68,-24.05
318277.265000,0.175,-0.678,0.171,-161.53,-409.77,-7.78
318277.281000,-0.201,-1.072,-0.93,45.96,-339.79,19.78
318277.296000,0.12,-1.535,-0.809,172.15,-204.14,38.24
318277.296000,0.536,-1.62,-0.217,258.22,-120.64,43.58
318277.312000,0.694,-1.338,-0.641,266.91,-91.59,8.42
318277.328000,0.456,-0.772,-0.855,196.02,-61.19,-11.05
318277.328000,0.479,-0.58,-0.717,146.64,15.81,9.19
318277.343000,0.542,-0.661,-0.494,92.68,95.0,21.45
318277.359000,0.525,-0.82,-0.248,25.45,144.81,15.5
318277.359000,0.459,-0.973,-0.04,-31.95,166.51,-2.75
318277.375000,0.406,-1.046,0.163,-72.63,171.7,-29.27
318277.375000,0.34,-1.039,0.345,-91.68,170.45,-57.28
318277.390000,0.281,-1.017,0.467,-93.3,167.88,-75.62
318277.406000,0.251,-0.966,0.571,-90.43,164.1,-84.23
318277.421000,0.22,-0.902,0.668,-90.85,157.84,-85.36
318277.421000,0.196,-0.854,0.739,-94.52,149.33,-82.13
318277.437000,0.186,-0.813,0.808,-104.22,137.94,-78.49
318277.437000,0.182,-0.789,0.865,-121.89,122.35,-75.14
318277.453000,0.199,-0.795,0.888,-140.48,104.01,-72.27
318277.468000,0.212,-0.797,0.887,-159.67,85.91,-72.79
318277.468000,0.225,-0.792,0.868,-177.65,69.77,-76.14
318277.484000,0.228,-0.761,0.835,-196.84,56.52,-81.36
318277.500000,0.237,-0.746,0.807,-214.73,45.63,-85.79
318277.515000,0.22,-0.745,0.789,-228.58,33.57,-90.61
318277.515000,0.228,-0.731,0.766,-241.34,18.25,-94.0
318277.531000,0.235,-0.709,0.715,-253.09,0.15,-96.84
318277.531000,0.203,-0.665,0.645,-262.67,-17.98,-98.51
318277.546000,0.214,-0.613,0.591,-272.74,-35.19,-93.78
318277.546000,0.214,-0.593,0.572,-276.01,-52.49,-86.12
318277.562000,0.191,-0.588,0.593,-269.57,-74.62,-77.24
318277.562000,0.164,-0.592,0.577,-249.52,-103.64,-65.61
318277.578000,0.124,-0.617,0.485,-212.04,-140.29,-48.13
318277.593000,0.139,-0.691,0.248,-158.21,-184.55,-24.35
318277.609000,0.204,-0.779,-0.225,-103.06,-230.45,-4.0
318277.609000,-0.403,-0.703,-3.094,-151.19,-109.35,-4.61
318277.625000,2.39,0.003,2.151,-37.51,520.25,-0.03
318277.640000,2.393,-1.339,0.629,124.67,133.52,-32.69
318277.640000,0.295,-1.196,-1.079,22.43,-249.95,-37.2
318277.656000,0.428,-0.865,-0.807,44.56,-192.88,19.47
318277.656000,0.418,-0.692,-0.958,53.96,-159.98,21.61
318277.671000,0.255,-0.838,-0.712,61.01,-132.94,25.03
318277.687000,0.634,-1.04,-1.161,84.26,-110.23,45.93
318277.687000,0.908,-0.999,-1.331,101.11,-50.66,41.81
318277.703000,0.647,-0.771,-1.019,98.18,28.84,9.61
318277.718000,0.46,-0.643,-0.648,90.18,93.87,-4.85
318277.718000,0.514,-0.709,-0.386,72.66,114.35,-0.24
318277.734000,0.561,-0.827,-0.219,41.11,98.67,-0.95
318277.750000,0.517,-0.91,-0.16,14.68,78.55,-11.38
318277.750000,0.462,-0.921,-0.146,5.19,76.17,-23.96
318277.765000,0.459,-0.865,-0.072,6.74,86.25,-31.1
318277.781000,0.472,-0.79,0.037,9.7,90.98,-30.76
318277.781000,0.461,-0.738,0.104,13.37,87.86,-25.79
318277.796000,0.446,-0.708,0.138,18.19,84.11,-19.29
318277.812000,0.448,-0.694,0.169,20.08,82.19,-12.85
318277.812000,0.462,-0.69,0.223,17.88,80.84,-8.33
318277.828000,0.468,-0.687,0.281,11.72,76.75,-6.71
318277.828000,0.449,-0.681,0.335,-0.09,69.37,-8.18
318277.843000,0.416,-0.677,0.393,-13.58,59.79,-11.26
318277.859000,0.401,-0.679,0.45,-27.38,47.21,-15.5
318277.859000,0.394,-0.659,0.511,-42.85,29.82,-21.91
318277.875000,0.38,-0.607,0.56,-58.72,7.32,-27.62
318277.875000,0.368,-0.566,0.574,-71.44,-16.08,-28.99
318277.890000,0.356,-0.546,0.585,-80.23,-36.13,-26.28
318277.890000,0.33,-0.542,0.597,-85.21,-54.38,-21.76
318277.921000,0.278,-0.573,0.574,-89.48,-73.34,-14.34
318277.921000,0.216,-0.651,0.529,-92.29,-92.81,-4.12
318277.937000,0.163,-0.748,0.497,-89.79,-113.86,5.98
318277.937000,0.134,-0.843,0.451,-79.41,-139.1,15.02
318277.953000,0.13,-0.909,0.392,-62.26,-167.61,21.21
318277.968000,0.134,-0.934,0.297,-40.62,-195.14,23.32
318277.968000,0.13,-0.935,0.132,-15.41,-218.73,23.13
318277.984000,0.123,-0.974,-0.243,8.67,-241.98,23.83
318278.000000,-0.379,-1.504,-1.602,-171.61,-61.74,-2.41
318278.015000,2.814,1.043,2.649,-45.08,551.96,-103.95
318278.015000,1.507,-1.055,-0.52,381.63,75.78,-72.57
318278.031000,0.585,-2.203,-1.338,206.24,-192.69,29.54
318278.031000,0.727,-0.745,-0.989,103.52,-162.11,55.85
318278.046000,0.115,-0.258,-0.708,133.34,-159.98,56.92
318278.046000,0.216,-0.969,-0.856,282.48,-79.2,105.9
318278.062000,0.991,-1.34,-0.896,295.05,-27.01,128.3
318278.078000,0.945,-1.092,-0.74,218.27,-37.69,87.5
318278.078000,0.522,-0.952,-0.855,165.56,-49.1,49.04
318278.093000,0.444,-0.915,-0.827,138.43,-7.45,28.29
318278.109000,0.548,-0.923,-0.688,114.23,49.5,10.83
318278.109000,0.631,-0.96,-0.504,72.63,89.11,-8.58
318278.125000,0.549,-0.976,-0.314,26.95,108.07,-34.42
318278.125000,0.428,-0.953,-0.079,-8.36,114.29,-55.67
318278.140000,0.377,-0.926,0.056,-20.26,116.37,-68.76
318278.156000,0.377,-0.868,0.098,-20.23,113.96,-75.26
318278.171000,0.377,-0.769,0.13,-19.29,109.1,-75.17
318278.171000,0.373,-0.663,0.155,-15.87,106.75,-69.52
318278.187000,0.385,-0.578,0.185,-12.36,107.15,-60.4
318278.187000,0.401,-0.531,0.218,-10.9,107.67,-50.29
318278.203000,0.408,-0.526,0.251,-13.28,105.44,-41.14
318278.203000,0.412,-0.53,0.299,-20.78,100.34,-34.7
318278.218000,0.428,-0.531,0.355,-32.47,93.63,-31.43
318278.234000,0.444,-0.523,0.413,-46.97,84.48,-31.13
318278.250000,0.453,-0.516,0.467,-79.23,58.87,-28.53
318278.250000,0.449,-0.538,0.515,-87.59,46.97,-24.02
318278.265000,0.453,-0.595,0.572,-90.76,35.55,-19.9
318278.265000,0.459,-0.648,0.624,-88.17,22.95,-17.03
318278.281000,0.447,-0.69,0.664,-84.35,6.74,-15.17
318278.296000,0.438,-0.701,0.658,-86.25,-12.02,-14.31
318278.296000,0.396,-0.669,0.519,-91.53,-29.91,-13.73
318278.312000,0.355,-0.686,0.419,-100.28,-47.85,-11.69
318278.328000,0.31,-0.744,0.336,-111.42,-66.01,-8.09
318278.328000,0.282,-0.844,0.283,-118.75,-83.59,-4.18
318278.343000,0.281,-0.925,0.254,-120.24,-100.68,-4.55
318278.343000,0.271,-0.957,0.24,-116.55,-118.05,-9.22
318278.375000,0.258,-0.982,0.247,-104.83,-135.14,-14.07
318278.375000,0.256,-0.99,0.231,-86.15,-152.38,-18.22
318278.390000,0.271,-0.951,0.188,-63.36,-167.91,-21.91
318278.390000,0.317,-0.868,0.107,-40.59,-180.67,-25.73
318278.406000,0.357,-0.75,-0.042,-23.77,-192.69,-29.3
318278.406000,0.321,-0.655,-0.369,-14.28,-205.33,-27.34
318278.421000,0.28,-1.757,-3.027,-93.69,-114.81,-36.01
318278.437000,2.227,0.82,0.976,42.3,512.5,-149.05
318278.437000,1.652,-1.057,-0.472,213.23,263.1,-94.36
318278.453000,0.839,-1.417,-0.11,-93.63,-63.02,-25.61
318278.453000,0.595,-0.764,0.58,-89.33,-194.1,1.31
318278.453000,-0.008,-0.499,-0.841,28.84,-302.84,-32.17
318278.484000,0.262,-0.245,-1.348,127.72,-217.51,22.13
318278.500000,1.025,-0.603,-1.444,194.4,-81.24,98.18
318278.500000,1.106,-0.892,-1.254,169.5,14.83,78.1
318278.515000,0.58,-0.808,-0.952,111.21,47.12,32.47
318278.531000,0.564,-0.753,-0.636,81.0,76.33,17.03
318278.531000,0.595,-0.821,-0.407,78.37,87.86,5.04
318278.546000,0.566,-0.965,-0.556,71.35,82.28,-2.62
318278.546000,0.576,-0.875,-0.447,49.87,88.05,-14.56
318278.562000,0.525,-0.746,-0.242,50.94,103.12,-26.64
318278.578000,0.498,-0.692,-0.164,57.56,112.31,-27.56
318278.578000,0.506,-0.635,-0.084,57.1,117.4,-23.04
318278.593000,0.497,-0.566,0.009,52.22,120.58,-17.61
318278.609000,0.487,-0.507,0.103,45.11,124.12,-11.81
318278.625000,0.493,-0.487,0.194,38.82,128.12,-5.58
318278.625000,0.5,-0.508,0.293,31.1,128.3,-0.37
318278.640000,0.486,-0.539,0.4,18.65,121.92,2.11
318278.640000,0.456,-0.571,0.485,1.89,109.35,3.02
318278.656000,0.439,-0.603,0.572,-17.09,95.83,2.44
318278.656000,0.438,-0.623,0.688,-33.45,81.7,-0.12
318278.656000,0.431,-0.622,0.814,-43.95,62.87,-2.75
318278.671000,0.408,-0.629,0.913,-45.29,40.22,-3.11
318278.687000,0.373,-0.646,0.964,-37.14,15.99,-0.46
318278.703000,0.329,-0.669,0.972,-24.87,-10.5,4.46
318278.718000,0.28,-0.697,0.943,-12.54,-41.08,10.8
318278.718000,0.24,-0.715,0.899,-2.75,-75.56,18.04
318278.734000,0.216,-0.736,0.821,6.04,-110.9,25.97
318278.750000,0.204,-0.767,0.707,15.59,-143.28,33.39
318278.750000,0.2,-0.782,0.59,24.11,-171.42,39.49
318278.765000,0.194,-0.78,0.475,31.5,-195.81,43.79
318278.765000,0.167,-0.781,0.317,37.93,-217.47,48.95
318278.781000,0.145,-0.819,0.12,44.01,-235.88,57.68
318278.781000,0.153,-0.913,-0.093,51.18,-250.01,67.69
318278.796000,0.175,-1.087,-0.452,56.06,-266.03,74.89
318278.812000,0.123,-2.383,-3.107,-82.67,-136.39,42.94
318278.828000,2.092,-0.132,-0.981,-131.87,374.58,-98.79
318278.828000,1.979,-1.245,0.511,239.17,206.82,-140.63
318278.843000,0.623,-2.137,-0.098,18.98,-168.95,-74.89
318278.843000,0.376,-0.885,-0.334,-13.73,-236.92,-49.32
318278.859000,0.059,-0.376,-1.098,83.74,-274.45,-44.98
318278.875000,0.009,-0.385,-0.866,245.74,-174.47,32.2
318278.875000,0.826,-1.046,-0.934,323.65,-69.73,102.69
318278.875000,0.924,-1.091,-1.113,253.85,-30.79,74.1
318278.906000,0.673,-0.71,-1.176,175.18,-2.96,44.01
318278.921000,0.576,-0.468,-1.118,132.27,71.23,29.15
318278.921000,0.516,-0.399,-0.797,81.21,146.64,21.82
318278.937000,0.434,-0.499,-0.401,21.45,183.69,20.63
318278.953000,0.395,-0.742,-0.117,-31.37,179.14,17.24
318278.953000,0.395,-0.943,0.058,-70.07,157.9,2.81
318278.968000,0.396,-0.986,0.174,-83.16,149.45,-20.72
318278.968000,0.384,-0.901,0.294,-71.17,157.57,-39.7
318278.984000,0.364,-0.798,0.465,-48.92,164.16,-43.0
318279.000000,0.34,-0.748,0.632,-24.54,158.85,-32.23
318279.000000,0.329,-0.745,0.74,1.19,144.54,-13.55
318279.015000,0.337,-0.767,0.78,25.09,128.09,6.9
318279.031000,0.363,-0.796,0.783,44.28,114.05,22.83
318279.031000,0.38,-0.8,0.785,51.27,99.52,29.21
318279.046000,0.366,-0.766,0.842,42.18,80.9,26.92
318279.062000,0.351,-0.751,0.905,26.28,58.17,21.85
318279.062000,0.346,-0.758,0.939,8.55,33.36,16.14
318279.078000,0.33,-0.768,0.969,-7.72,8.85,7.66
318279.078000,0.3,-0.772,0.965,-19.84,-16.88,-0.82
318279.093000,0.272,-0.776,0.913,-27.31,-42.85,-5.98
318279.109000,0.244,-0.781,0.846,-29.73,-66.07,-7.05
318279.109000,0.215,-0.795,0.774,-28.81,-86.18,-4.52
318279.125000,0.188,-0.819,0.706,-27.01,-104.71,0.7
318279.140000,0.17,-0.859,0.629,-24.54,-122.47,7.29
318279.140000,0.164,-0.902,0.546,-20.75,-139.77,13.09
318279.156000,0.165,-0.923,0.464,-15.93,-156.65,16.14
318279.156000,0.18,-0.924,0.382,-9.8,-173.59,17.15
318279.171000,0.205,-0.926,0.256,-2.87,-192.18,18.01
318279.187000,0.255,-0.927,0.079,4.33,-211.55,19.1
318279.187000,0.311,-0.923,-0.121,12.02,-229.16,19.71
318279.203000,-0.529,-1.465,-1.906,-4.03,-220.71,22.8
318279.218000,0.161,0.25,-1.859,-248.12,279.09,38.79
318279.218000,3.257,-1.192,1.747,111.85,482.71,-0.15
318279.234000,1.15,-1.691,0.828,-77.21,-149.57,-37.42
318279.234000,0.61,-1.479,0.026,-8.18,-277.87,-25.7
318279.265000,0.313,-0.855,-0.979,34.58,-343.09,-57.37
318279.265000,-0.174,-0.255,-1.277,84.05,-260.48,-73.95
318279.281000,0.25,-0.448,-0.959,226.29,-56.76,16.6
318279.281000,0.804,-0.942,-1.06,202.28,29.57,63.33
318279.296000,0.644,-0.776,-0.774,74.13,26.4,54.69
318279.296000,0.484,-0.691,-0.652,38.7,58.96,55.79
318279.312000,0.527,-0.814,-0.508,47.24,119.97,57.62
318279.328000,0.547,-0.912,-0.254,43.7,155.52,52.37
318279.328000,0.526,-1.031,-0.064,44.71,163.58,41.72
