t_monotonic,left_distance_cm,left_status,right_distance_cm,right_status,sequence
502081.281000,74.0,Ok,80.0,Ok,0
502081.484000,73.0,Ok,80.0,Ok,1
502081.687000,76.0,Ok,77.0,Ok,2
502081.875000,76.0,Ok,81.0,Ok,3
502082.078000,76.0,Ok,77.0,Ok,4
502082.281000,70.0,Ok,77.0,Ok,5
502082.484000,74.0,Ok,78.0,Ok,6
502082.687000,77.0,Ok,78.0,Ok,7
502082.875000,75.0,Ok,81.0,Ok,8
502083.078000,68.0,Ok,77.0,Ok,9
502083.281000,76.0,Ok,82.0,Ok,10
502083.468000,71.0,Ok,79.0,Ok,11
502083.671000,70.0,Ok,79.0,Ok,12
502083.875000,67.0,Ok,82.0,Ok,13
502084.078000,72.0,Ok,78.0,Ok,14
502084.281000,76.0,Ok,79.0,Ok,15
502084.484000,69.0,Ok,84.0,Ok,16
502084.671000,70.0,Ok,81.0,Ok,17
502084.875000,72.0,Ok,77.0,Ok,18
502085.078000,69.0,Ok,78.0,Ok,19
502085.281000,72.0,Ok,81.0,Ok,20
502085.484000,73.0,Ok,83.0,Ok,21
502085.671000,66.0,Ok,84.0,Ok,22
502085.875000,66.0,Ok,87.0,Ok,23
502086.078000,70.0,Ok,82.0,Ok,24
502086.281000,72.0,Ok,83.0,Ok,25
502086.484000,69.0,Ok,84.0,Ok,26
502086.687000,73.0,Ok,82.0,Ok,27
502086.875000,75.0,Ok,78.0,Ok,28
502087.078000,69.0,Ok,80.0,Ok,29
502087.296000,69.0,Ok,81.0,Ok,30
502087.484000,74.0,Ok,80.0,Ok,31
502087.671000,69.0,Ok,84.0,Ok,32
502087.875000,68.0,Ok,83.0,Ok,33
502088.078000,73.0,Ok,76.0,Ok,34
502088.265000,75.0,Ok,82.0,Ok,35
502088.468000,71.0,Ok,78.0,Ok,36
502088.671000,70.0,Ok,77.0,Ok,37
502088.875000,76.0,Ok,84.0,Ok,38
502089.078000,77.0,Ok,81.0,Ok,39
502089.281000,70.0,Ok,81.0,Ok,40
502089.484000,71.0,Ok,81.0,Ok,41
502089.687000,73.0,Ok,78.0,Ok,42
502089.875000,73.0,Ok,81.0,Ok,43
502090.078000,70.0,Ok,79.0,Ok,44
502090.281000,73.0,Ok,80.0,Ok,45
502090.484000,73.0,Ok,79.0,Ok,46
502090.687000,73.0,Ok,82.0,Ok,47
502090.875000,71.0,Ok,75.0,Ok,48
502091.078000,75.0,Ok,79.0,Ok,49
502091.281000,74.0,Ok,80.0,Ok,50
502091.468000,78.0,Ok,80.0,Ok,51
502091.687000,88.0,Ok,84.0,Ok,52
502091.875000,80.0,Ok,80.0,Ok,53
502092.078000,89.0,Ok,86.0,Ok,54
502092.265000,57.0,Ok,84.0,Ok,55
502092.468000,91.0,Ok,87.0,Ok,56
502092.671000,93.0,Ok,88.0,Ok,57
502092.859000,85.0,Ok,83.0,Ok,58
502093.078000,90.0,Ok,83.0,Ok,59
502093.281000,81.0,Ok,86.0,Ok,60
502093.468000,88.0,Ok,81.0,Ok,61
502093.687000,88.0,Ok,86.0,Ok,62
502093.875000,90.0,Ok,85.0,Ok,63
502094.062000,87.0,Ok,81.0,Ok,64
502094.265000,89.0,Ok,87.0,Ok,65
502094.484000,87.0,Ok,87.0,Ok,66
502094.671000,84.0,Ok,87.0,Ok,67
502094.875000,86.0,Ok,90.0,Ok,68
502095.078000,82.0,Ok,90.0,Ok,69
502095.281000,82.0,Ok,90.0,Ok,70
502095.484000,80.0,Ok,83.0,Ok,71
502095.671000,82.0,Ok,82.0,Ok,72
502095.875000,87.0,Ok,86.0,Ok,73
502096.078000,84.0,Ok,88.0,Ok,74
502096.281000,76.0,Ok,83.0,Ok,75
502096.484000,71.0,Ok,90.0,Ok,76
502096.671000,71.0,Ok,103.0,Ok,77
502096.859000,70.0,Ok,122.0,Ok,78
502097.078000,77.0,Ok,111.0,Ok,79
502097.281000,71.0,Ok,128.0,Ok,80
502097.484000,78.0,Ok,103.0,Ok,81
502097.687000,75.0,Ok,105.0,Ok,82
502097.875000,80.0,Ok,92.0,Ok,83
502098.078000,76.0,Ok,84.0,Ok,84
502098.281000,76.0,Ok,84.0,Ok,85
502098.484000,79.0,Ok,78.0,Ok,86
502098.671000,93.0,Ok,100.0,Ok,87
502098.875000,107.0,Ok,103.0,Ok,88
502099.078000,82.0,Ok,95.0,Ok,89
502099.281000,93.0,Ok,108.0,Ok,90
502099.468000,95.0,Ok,110.0,Ok,91
502099.687000,91.0,Ok,105.0,Ok,92
502099.875000,88.0,Ok,92.0,Ok,93
502100.078000,85.0,Ok,93.0,Ok,94
502100.281000,90.0,Ok,102.0,Ok,95
502100.484000,92.0,Ok,114.0,Ok,96
502100.671000,88.0,Ok,108.0,Ok,97
502100.875000,85.0,Ok,99.0,Ok,98
502101.078000,76.0,Ok,95.0,Ok,99
502101.265000,74.0,Ok,99.0,Ok,100
502101.484000,74.0,Ok,106.0,Ok,101
502101.687000,69.0,Ok,101.0,Ok,102
502101.875000,67.0,Ok,111.0,Ok,103
502102.078000,70.0,Ok,126.0,Ok,104
502102.281000,77.0,Ok,69.0,Ok,105
502102.484000,79.0,Ok,62.0,Ok,106
502102.671000,82.0,Ok,83.0,Ok,107
502102.875000,87.0,Ok,94.0,Ok,108
502103.078000,86.0,Ok,82.0,Ok,109
502103.281000,77.0,Ok,77.0,Ok,110
502103.484000,106.0,Ok,96.0,Ok,111
502103.671000,114.0,Ok,101.0,Ok,112
502103.875000,136.0,Ok,92.0,Ok,113
502104.078000,122.0,Ok,104.0,Ok,114
502104.265000,108.0,Ok,89.0,Ok,115
502104.484000,116.0,Ok,84.0,Ok,116
502104.671000,122.0,Ok,78.0,Ok,117
502104.875000,84.0,Ok,78.0,Ok,118
502105.078000,90.0,Ok,77.0,Ok,119
502105.281000,84.0,Ok,88.0,Ok,120
502105.468000,108.0,Ok,94.0,Ok,121
502105.671000,61.0,Ok,82.0,Ok,122
502105.875000,95.0,Ok,76.0,Ok,123
502106.078000,99.0,Ok,77.0,Ok,124
502106.281000,91.0,Ok,77.0,Ok,125
502106.484000,88.0,Ok,84.0,Ok,126
502106.687000,91.0,Ok,86.0,Ok,127
502106.875000,93.0,Ok,85.0,Ok,128
502107.078000,78.0,Ok,94.0,Ok,129
502107.281000,66.0,Ok,72.0,Ok,130
502107.468000,98.0,Ok,91.0,Ok,131
502107.671000,117.0,Ok,82.0,Ok,132
502107.875000,114.0,Ok,76.0,Ok,133
502108.062000,84.0,Ok,81.0,Ok,134
502108.281000,75.0,Ok,75.0,Ok,135
502108.484000,79.0,Ok,82.0,Ok,136
502108.671000,86.0,Ok,82.0,Ok,137
502108.875000,90.0,Ok,94.0,Ok,138
502109.109000,78.0,Ok,89.0,Ok,139
502109.265000,93.0,Ok,83.0,Ok,140
502109.484000,93.0,Ok,93.0,Ok,141
502109.671000,80.0,Ok,94.0,Ok,142
502109.875000,92.0,Ok,80.0,Ok,143
502110.078000,93.0,Ok,80.0,Ok,144
502110.281000,97.0,Ok,90.0,Ok,145
502110.468000,82.0,Ok,82.0,Ok,146
502110.687000,98.0,Ok,91.0,Ok,147
502110.875000,54.0,Ok,80.0,Ok,148
502111.078000,108.0,Ok,84.0,Ok,149
502111.281000,92.0,Ok,87.0,Ok,150
502111.484000,75.0,Ok,71.0,Ok,151
502111.671000,110.0,Ok,78.0,Ok,152
502111.875000,116.0,Ok,93.0,Ok,153
502112.062000,96.0,Ok,87.0,Ok,154
502112.265000,95.0,Ok,87.0,Ok,155
502112.484000,104.0,Ok,84.0,Ok,156
502112.671000,120.0,Ok,63.0,Ok,157
502112.875000,103.0,Ok,70.0,Ok,158
502113.078000,113.0,Ok,75.0,Ok,159
502113.281000,107.0,Ok,96.0,Ok,160
502113.468000,108.0,Ok,83.0,Ok,161
502113.671000,94.0,Ok,77.0,Ok,162
502113.875000,76.0,Ok,93.0,Ok,163
502114.078000,62.0,Ok,88.0,Ok,164
502114.281000,87.0,Ok,93.0,Ok,165
502114.484000,94.0,Ok,89.0,Ok,166
502114.671000,86.0,Ok,94.0,Ok,167
502114.875000,79.0,Ok,96.0,Ok,168
502115.078000,78.0,Ok,98.0,Ok,169
502115.281000,79.0,Ok,78.0,Ok,170
502115.468000,64.0,Ok,67.0,Ok,171
502115.671000,68.0,Ok,63.0,Ok,172
502115.906000,49.0,Ok,61.0,Ok,173
502116.078000,66.0,Ok,69.0,Ok,174
502116.265000,105.0,Ok,74.0,Ok,175
502116.484000,71.0,Ok,80.0,Ok,176
502116.671000,100.0,Ok,78.0,Ok,177
502116.875000,92.0,Ok,79.0,Ok,178
502117.078000,76.0,Ok,83.0,Ok,179
502117.281000,74.0,Ok,74.0,Ok,180
502117.484000,65.0,Ok,71.0,Ok,181
502117.671000,74.0,Ok,69.0,Ok,182
502117.875000,84.0,Ok,69.0,Ok,183
502118.078000,103.0,Ok,80.0,Ok,184
502118.281000,92.0,Ok,80.0,Ok,185
502118.484000,92.0,Ok,72.0,Ok,186
502118.671000,97.0,Ok,69.0,Ok,187
502118.875000,102.0,Ok,64.0,Ok,188
502119.078000,86.0,Ok,63.0,Ok,189
502119.265000,92.0,Ok,65.0,Ok,190
502119.484000,93.0,Ok,61.0,Ok,191
502119.671000,97.0,Ok,63.0,Ok,192
502119.875000,92.0,Ok,69.0,Ok,193
502120.078000,84.0,Ok,73.0,Ok,194
502120.281000,84.0,Ok,74.0,Ok,195
502120.468000,96.0,Ok,67.0,Ok,196
502120.671000,85.0,Ok,75.0,Ok,197
502120.875000,88.0,Ok,68.0,Ok,198
502121.078000,90.0,Ok,70.0,Ok,199
502121.281000,87.0,Ok,71.0,Ok,200
502121.484000,89.0,Ok,75.0,Ok,201
502121.687000,93.0,Ok,77.0,Ok,202
502121.875000,94.0,Ok,73.0,Ok,203
502122.078000,96.0,Ok,74.0,Ok,204
502122.265000,90.0,Ok,72.0,Ok,205
502122.484000,92.0,Ok,74.0,Ok,206
502122.671000,91.0,Ok,73.0,Ok,207
502122.875000,88.0,Ok,69.0,Ok,208
502123.078000,91.0,Ok,69.0,Ok,209
502123.265000,86.0,Ok,73.0,Ok,210
502123.468000,90.0,Ok,71.0,Ok,211
502123.671000,91.0,Ok,73.0,Ok,212
502123.875000,88.0,Ok,71.0,Ok,213
502124.109000,88.0,Ok,75.0,Ok,214
502124.281000,85.0,Ok,71.0,Ok,215
502124.484000,85.0,Ok,70.0,Ok,216
502124.671000,88.0,Ok,71.0,Ok,217
502124.875000,90.0,Ok,71.0,Ok,218
502125.078000,89.0,Ok,72.0,Ok,219
502125.281000,91.0,Ok,69.0,Ok,220
502125.468000,107.0,Ok,64.0,Ok,221
502125.671000,105.0,Ok,62.0,Ok,222
502125.875000,73.0,Ok,68.0,Ok,223
502126.078000,74.0,Ok,68.0,Ok,224
502126.281000,71.0,Ok,66.0,Ok,225
502126.484000,85.0,Ok,69.0,Ok,226
502126.671000,87.0,Ok,68.0,Ok,227
502126.875000,91.0,Ok,68.0,Ok,228
502127.062000,90.0,Ok,69.0,Ok,229
502127.281000,84.0,Ok,71.0,Ok,230
502127.468000,92.0,Ok,73.0,Ok,231
502127.671000,123.0,Ok,73.0,Ok,232
502127.875000,79.0,Ok,102.0,Ok,233
502128.078000,69.0,Ok,78.0,Ok,234
502128.281000,78.0,Ok,76.0,Ok,235
502128.468000,87.0,Ok,79.0,Ok,236
502128.687000,103.0,Ok,78.0,Ok,237
502128.875000,107.0,Ok,83.0,Ok,238
502129.078000,91.0,Ok,74.0,Ok,239
502129.265000,84.0,Ok,75.0,Ok,240
502129.484000,81.0,Ok,73.0,Ok,241
502129.671000,89.0,Ok,81.0,Ok,242
502129.875000,81.0,Ok,84.0,Ok,243
502130.078000,84.0,Ok,87.0,Ok,244
502130.281000,89.0,Ok,75.0,Ok,245
502130.468000,85.0,Ok,70.0,Ok,246
502130.687000,89.0,Ok,73.0,Ok,247
502130.875000,101.0,Ok,69.0,Ok,248
502131.078000,93.0,Ok,73.0,Ok,249
502131.281000,69.0,Ok,79.0,Ok,250
502131.468000,98.0,Ok,77.0,Ok,251
502131.671000,102.0,Ok,78.0,Ok,252
502131.875000,108.0,Ok,85.0,Ok,253
502132.078000,105.0,Ok,88.0,Ok,254
502132.281000,105.0,Ok,90.0,Ok,255
502132.484000,105.0,Ok,83.0,Ok,256
502132.671000,105.0,Ok,86.0,Ok,257
502132.875000,102.0,Ok,82.0,Ok,258
502133.078000,101.0,Ok,87.0,Ok,259
502133.281000,101.0,Ok,87.0,Ok,260
502133.484000,97.0,Ok,84.0,Ok,261
502133.687000,99.0,Ok,85.0,Ok,262
502133.875000,106.0,Ok,89.0,Ok,263
502134.078000,106.0,Ok,83.0,Ok,264
502134.281000,107.0,Ok,85.0,Ok,265
502134.468000,104.0,Ok,88.0,Ok,266
502134.671000,104.0,Ok,85.0,Ok,267
502134.875000,100.0,Ok,81.0,Ok,268
502135.078000,99.0,Ok,82.0,Ok,269
502135.281000,91.0,Ok,77.0,Ok,270
502135.484000,85.0,Ok,80.0,Ok,271
502135.671000,92.0,Ok,114.0,Ok,272
502135.875000,81.0,Ok,106.0,Ok,273
502136.078000,85.0,Ok,156.0,Ok,274
502136.281000,85.0,Ok,105.0,Ok,275
502136.484000,84.0,Ok,107.0,Ok,276
502136.687000,88.0,Ok,119.0,Ok,277
502136.875000,74.0,Ok,75.0,Ok,278
502137.078000,90.0,Ok,78.0,Ok,279
502137.281000,98.0,Ok,83.0,Ok,280
502137.468000,95.0,Ok,74.0,Ok,281
502137.687000,108.0,Ok,75.0,Ok,282
502137.875000,95.0,Ok,81.0,Ok,283
502138.078000,107.0,Ok,76.0,Ok,284
502138.265000,109.0,Ok,82.0,Ok,285
502138.468000,113.0,Ok,81.0,Ok,286
502138.671000,108.0,Ok,85.0,Ok,287
502138.875000,110.0,Ok,84.0,Ok,288
502139.078000,107.0,Ok,79.0,Ok,289
502139.281000,91.0,Ok,81.0,Ok,290
502139.484000,101.0,Ok,84.0,Ok,291
502139.671000,93.0,Ok,86.0,Ok,292
502139.875000,98.0,Ok,86.0,Ok,293
502140.078000,102.0,Ok,80.0,Ok,294
502140.265000,100.0,Ok,85.0,Ok,295
502140.484000,105.0,Ok,85.0,Ok,296
502140.671000,102.0,Ok,86.0,Ok,297
502140.875000,112.0,Ok,85.0,Ok,298
502141.078000,108.0,Ok,84.0,Ok,299
502141.281000,102.0,Ok,85.0,Ok,300
502141.468000,102.0,Ok,86.0,Ok,301
502141.671000,102.0,Ok,84.0,Ok,302
502141.875000,103.0,Ok,87.0,Ok,303
502142.078000,105.0,Ok,88.0,Ok,304
502142.281000,107.0,Ok,88.0,Ok,305
502142.484000,103.0,Ok,86.0,Ok,306
502142.687000,100.0,Ok,87.0,Ok,307
502142.875000,105.0,Ok,89.0,Ok,308
502143.062000,106.0,Ok,84.0,Ok,309
502143.281000,103.0,Ok,81.0,Ok,310
502143.468000,110.0,Ok,80.0,Ok,311
502143.671000,111.0,Ok,74.0,Ok,312
502143.875000,109.0,Ok,75.0,Ok,313
502144.078000,112.0,Ok,67.0,Ok,314
502144.281000,115.0,Ok,74.0,Ok,315
502144.468000,112.0,Ok,66.0,Ok,316
502144.671000,104.0,Ok,69.0,Ok,317
502144.875000,111.0,Ok,79.0,Ok,318
502145.078000,109.0,Ok,80.0,Ok,319
502145.281000,111.0,Ok,78.0,Ok,320
502145.484000,101.0,Ok,87.0,Ok,321
502145.671000,106.0,Ok,81.0,Ok,322
502145.937000,109.0,Ok,89.0,Ok,323
502146.078000,108.0,Ok,84.0,Ok,324
502146.281000,109.0,Ok,85.0,Ok,325
502146.468000,108.0,Ok,80.0,Ok,326
502146.671000,104.0,Ok,80.0,Ok,327
502146.875000,107.0,Ok,80.0,Ok,328
502147.062000,107.0,Ok,80.0,Ok,329
502147.281000,107.0,Ok,88.0,Ok,330
502147.468000,115.0,Ok,83.0,Ok,331
502147.671000,107.0,Ok,84.0,Ok,332
502147.875000,110.0,Ok,81.0,Ok,333
502148.078000,110.0,Ok,87.0,Ok,334
502148.281000,105.0,Ok,87.0,Ok,335
502148.484000,108.0,Ok,82.0,Ok,336
502148.671000,109.0,Ok,84.0,Ok,337
502148.875000,110.0,Ok,82.0,Ok,338
502149.078000,107.0,Ok,81.0,Ok,339
502149.281000,109.0,Ok,81.0,Ok,340
502149.484000,111.0,Ok,84.0,Ok,341
502149.671000,108.0,Ok,87.0,Ok,342
502149.875000,109.0,Ok,81.0,Ok,343
502150.062000,103.0,Ok,86.0,Ok,344
502150.281000,103.0,Ok,81.0,Ok,345
502150.468000,109.0,Ok,85.0,Ok,346
502150.671000,106.0,Ok,86.0,Ok,347
502150.875000,105.0,Ok,93.0,Ok,348
502151.078000,106.0,Ok,88.0,Ok,349
502151.281000,100.0,Ok,83.0,Ok,350
502151.484000,106.0,Ok,86.0,Ok,351
502151.671000,107.0,Ok,83.0,Ok,352
502151.875000,107.0,Ok,88.0,Ok,353
502152.078000,110.0,Ok,88.0,Ok,354
502152.281000,102.0,Ok,86.0,Ok,355
502152.468000,100.0,Ok,94.0,Ok,356
502152.687000,105.0,Ok,99.0,Ok,357
502152.875000,111.0,Ok,105.0,Ok,358
502153.078000,108.0,Ok,153.0,Ok,359
502153.281000,104.0,Ok,107.0,Ok,360
502153.484000,106.0,Ok,81.0,Ok,361
502153.687000,108.0,Ok,59.0,Ok,362
502153.875000,103.0,Ok,62.0,Ok,363
502154.078000,107.0,Ok,73.0,Ok,364
502154.281000,108.0,Ok,79.0,Ok,365
502154.484000,111.0,Ok,80.0,Ok,366
502154.671000,110.0,Ok,82.0,Ok,367
502154.875000,111.0,Ok,81.0,Ok,368
502155.062000,107.0,Ok,87.0,Ok,369
502155.281000,108.0,Ok,81.0,Ok,370
502155.484000,109.0,Ok,86.0,Ok,371
502155.671000,110.0,Ok,81.0,Ok,372
502155.875000,107.0,Ok,81.0,Ok,373
502156.078000,109.0,Ok,86.0,Ok,374
502156.281000,109.0,Ok,82.0,Ok,375
502156.484000,112.0,Ok,84.0,Ok,376
502156.671000,110.0,Ok,85.0,Ok,377
502156.875000,109.0,Ok,84.0,Ok,378
502157.078000,107.0,Ok,82.0,Ok,379
502157.281000,108.0,Ok,81.0,Ok,380
502157.484000,107.0,Ok,82.0,Ok,381
502157.671000,108.0,Ok,87.0,Ok,382
502157.875000,110.0,Ok,82.0,Ok,383
502158.078000,110.0,Ok,81.0,Ok,384
502158.281000,107.0,Ok,81.0,Ok,385
502158.484000,107.0,Ok,85.0,Ok,386
502158.671000,110.0,Ok,84.0,Ok,387
502158.875000,108.0,Ok,82.0,Ok,388
502159.078000,109.0,Ok,83.0,Ok,389
502159.281000,110.0,Ok,85.0,Ok,390
502159.484000,111.0,Ok,86.0,Ok,391
502159.671000,110.0,Ok,88.0,Ok,392
502159.875000,109.0,Ok,81.0,Ok,393
502160.078000,110.0,Ok,88.0,Ok,394
502160.281000,108.0,Ok,87.0,Ok,395
502160.484000,104.0,Ok,92.0,Ok,396
502160.671000,106.0,Ok,103.0,Ok,397
502160.890000,104.0,Ok,114.0,Ok,398
502161.078000,107.0,Ok,99.0,Ok,399
502161.281000,106.0,Ok,79.0,Ok,400
502161.484000,112.0,Ok,65.0,Ok,401
502161.671000,113.0,Ok,73.0,Ok,402
502161.875000,114.0,Ok,83.0,Ok,403
502162.062000,102.0,Ok,83.0,Ok,404
502162.281000,104.0,Ok,86.0,Ok,405
502162.484000,103.0,Ok,82.0,Ok,406
502162.671000,101.0,Ok,80.0,Ok,407
502162.875000,103.0,Ok,81.0,Ok,408
502163.078000,103.0,Ok,79.0,Ok,409
502163.281000,104.0,Ok,82.0,Ok,410
502163.484000,103.0,Ok,79.0,Ok,411
502163.671000,101.0,Ok,85.0,Ok,412
502163.875000,102.0,Ok,78.0,Ok,413
502164.078000,102.0,Ok,77.0,Ok,414
502164.281000,104.0,Ok,79.0,Ok,415
502164.468000,101.0,Ok,83.0,Ok,416
502164.687000,102.0,Ok,83.0,Ok,417
502164.875000,100.0,Ok,81.0,Ok,418
502165.078000,102.0,Ok,87.0,Ok,419
502165.281000,104.0,Ok,84.0,Ok,420
502165.484000,101.0,Ok,87.0,Ok,421
502165.671000,105.0,Ok,81.0,Ok,422
502165.875000,106.0,Ok,79.0,Ok,423
502166.078000,105.0,Ok,89.0,Ok,424
502166.281000,105.0,Ok,96.0,Ok,425
502166.484000,107.0,Ok,116.0,Ok,426
502166.687000,108.0,Ok,105.0,Ok,427
502166.875000,103.0,Ok,84.0,Ok,428
502167.078000,109.0,Ok,81.0,Ok,429
502167.265000,123.0,Ok,65.0,Ok,430
502167.484000,119.0,Ok,77.0,Ok,431
502167.671000,110.0,Ok,75.0,Ok,432
502167.875000,109.0,Ok,82.0,Ok,433
502168.078000,105.0,Ok,81.0,Ok,434
502168.281000,106.0,Ok,79.0,Ok,435
502168.468000,102.0,Ok,77.0,Ok,436
502168.671000,103.0,Ok,83.0,Ok,437
502168.875000,104.0,Ok,80.0,Ok,438
502169.078000,103.0,Ok,74.0,Ok,439
502169.265000,102.0,Ok,73.0,Ok,440
502169.484000,104.0,Ok,73.0,Ok,441
502169.671000,103.0,Ok,75.0,Ok,442
502169.875000,103.0,Ok,81.0,Ok,443
502170.078000,105.0,Ok,75.0,Ok,444
502170.265000,105.0,Ok,78.0,Ok,445
502170.484000,103.0,Ok,82.0,Ok,446
502170.671000,105.0,Ok,85.0,Ok,447
502170.875000,103.0,Ok,78.0,Ok,448
502171.078000,100.0,Ok,85.0,Ok,449
502171.265000,102.0,Ok,84.0,Ok,450
502171.484000,105.0,Ok,82.0,Ok,451
502171.671000,99.0,Ok,82.0,Ok,452
502171.875000,101.0,Ok,77.0,Ok,453
502172.078000,103.0,Ok,77.0,Ok,454
502172.281000,105.0,Ok,80.0,Ok,455
502172.468000,102.0,Ok,85.0,Ok,456
502172.671000,103.0,Ok,77.0,Ok,457
502172.875000,101.0,Ok,78.0,Ok,458
502173.078000,97.0,Ok,90.0,Ok,459
502173.281000,100.0,Ok,98.0,Ok,460
502173.484000,104.0,Ok,111.0,Ok,461
502173.671000,107.0,Ok,142.0,Ok,462
502173.875000,113.0,Ok,91.0,Ok,463
502174.078000,110.0,Ok,73.0,Ok,464
502174.281000,108.0,Ok,74.0,Ok,465
502174.484000,107.0,Ok,76.0,Ok,466
502174.671000,106.0,Ok,77.0,Ok,467
502174.875000,104.0,Ok,84.0,Ok,468
502175.078000,107.0,Ok,87.0,Ok,469
502175.281000,106.0,Ok,81.0,Ok,470
502175.484000,105.0,Ok,83.0,Ok,471
502175.671000,102.0,Ok,78.0,Ok,472
502175.906000,107.0,Ok,81.0,Ok,473
502176.078000,106.0,Ok,81.0,Ok,474
502176.281000,107.0,Ok,85.0,Ok,475
502176.468000,108.0,Ok,87.0,Ok,476
502176.671000,111.0,Ok,81.0,Ok,477
502176.875000,108.0,Ok,81.0,Ok,478
502177.078000,104.0,Ok,81.0,Ok,479
502177.265000,109.0,Ok,84.0,Ok,480
502177.484000,105.0,Ok,88.0,Ok,481
502177.671000,109.0,Ok,95.0,Ok,482
502177.875000,106.0,Ok,119.0,Ok,483
502178.078000,105.0,Ok,130.0,Ok,484
502178.281000,109.0,Ok,91.0,Ok,485
502178.484000,104.0,Ok,120.0,Ok,486
502178.671000,110.0,Ok,68.0,Ok,487
502178.875000,107.0,Ok,72.0,Ok,488
502179.078000,111.0,Ok,73.0,Ok,489
502179.281000,105.0,Ok,79.0,Ok,490
502179.468000,107.0,Ok,83.0,Ok,491
502179.671000,104.0,Ok,77.0,Ok,492
502179.859000,105.0,Ok,87.0,Ok,493
502180.078000,110.0,Ok,86.0,Ok,494
502180.281000,107.0,Ok,84.0,Ok,495
502180.484000,110.0,Ok,77.0,Ok,496
502180.671000,109.0,Ok,86.0,Ok,497
502180.875000,109.0,Ok,84.0,Ok,498
502181.078000,106.0,Ok,80.0,Ok,499
502181.265000,105.0,Ok,85.0,Ok,500
502181.468000,104.0,Ok,85.0,Ok,501
502181.671000,65535.0,RangingRxTimeout,82.0,Ok,502
502181.875000,65535.0,RangingRxTimeout,84.0,Ok,503
502182.062000,105.0,Ok,82.0,Ok,504
502182.281000,104.0,Ok,83.0,Ok,505
502182.484000,105.0,Ok,83.0,Ok,506
502182.671000,103.0,Ok,83.0,Ok,507
502182.875000,106.0,Ok,82.0,Ok,508
502183.078000,104.0,Ok,89.0,Ok,509
502183.281000,106.0,Ok,94.0,Ok,510
502183.468000,108.0,Ok,118.0,Ok,511
502183.671000,105.0,Ok,115.0,Ok,512
502183.875000,114.0,Ok,84.0,Ok,513
502184.078000,105.0,Ok,86.0,Ok,514
502184.281000,112.0,Ok,71.0,Ok,515
502184.484000,120.0,Ok,80.0,Ok,516
502184.671000,115.0,Ok,84.0,Ok,517
502184.875000,109.0,Ok,77.0,Ok,518
502185.078000,107.0,Ok,86.0,Ok,519
502185.281000,112.0,Ok,83.0,Ok,520
502185.468000,107.0,Ok,78.0,Ok,521
502185.671000,106.0,Ok,82.0,Ok,522
502185.859000,102.0,Ok,87.0,Ok,523
502186.078000,103.0,Ok,84.0,Ok,524
502186.265000,109.0,Ok,84.0,Ok,525
502186.484000,107.0,Ok,78.0,Ok,526
502186.671000,104.0,Ok,81.0,Ok,527
502186.875000,99.0,Ok,88.0,Ok,528
502187.062000,102.0,Ok,78.0,Ok,529
502187.265000,106.0,Ok,83.0,Ok,530
502187.484000,107.0,Ok,78.0,Ok,531
502187.671000,111.0,Ok,79.0,Ok,532
502187.875000,103.0,Ok,86.0,Ok,533
502188.078000,103.0,Ok,88.0,Ok,534
502188.281000,103.0,Ok,86.0,Ok,535
502188.468000,105.0,Ok,86.0,Ok,536
502188.671000,105.0,Ok,86.0,Ok,537
502188.875000,111.0,Ok,81.0,Ok,538
502189.078000,105.0,Ok,86.0,Ok,539
502189.281000,107.0,Ok,86.0,Ok,540
502189.468000,104.0,Ok,84.0,Ok,541
502189.671000,104.0,Ok,83.0,Ok,542
502189.875000,107.0,Ok,78.0,Ok,543
502190.078000,103.0,Ok,81.0,Ok,544
502190.265000,103.0,Ok,80.0,Ok,545
502190.468000,104.0,Ok,78.0,Ok,546
502190.671000,103.0,Ok,79.0,Ok,547
502190.875000,102.0,Ok,83.0,Ok,548
502191.078000,102.0,Ok,79.0,Ok,549
502191.281000,103.0,Ok,80.0,Ok,550
502191.484000,104.0,Ok,78.0,Ok,551
502191.671000,104.0,Ok,87.0,Ok,552
502191.875000,103.0,Ok,79.0,Ok,553
502192.078000,102.0,Ok,84.0,Ok,554
502192.281000,104.0,Ok,95.0,Ok,555
502192.484000,104.0,Ok,94.0,Ok,556
502192.671000,105.0,Ok,134.0,Ok,557
502192.875000,106.0,Ok,92.0,Ok,558
502193.078000,107.0,Ok,69.0,Ok,559
502193.281000,114.0,Ok,67.0,Ok,560
502193.484000,108.0,Ok,72.0,Ok,561
502193.671000,107.0,Ok,80.0,Ok,562
502193.875000,108.0,Ok,80.0,Ok,563
502194.078000,99.0,Ok,81.0,Ok,564
502194.281000,105.0,Ok,86.0,Ok,565
502194.468000,107.0,Ok,81.0,Ok,566
502194.671000,105.0,Ok,81.0,Ok,567
502194.875000,103.0,Ok,83.0,Ok,568
502195.078000,107.0,Ok,83.0,Ok,569
502195.281000,106.0,Ok,82.0,Ok,570
502195.468000,109.0,Ok,87.0,Ok,571
502195.671000,94.0,Ok,85.0,Ok,572
502195.875000,88.0,Ok,81.0,Ok,573
502196.078000,88.0,Ok,84.0,Ok,574
502196.281000,100.0,Ok,90.0,Ok,575
502196.484000,119.0,Ok,79.0,Ok,576
502196.671000,103.0,Ok,82.0,Ok,577
502196.875000,91.0,Ok,84.0,Ok,578
502197.078000,113.0,Ok,88.0,Ok,579
502197.281000,104.0,Ok,80.0,Ok,580
502197.484000,100.0,Ok,83.0,Ok,581
502197.671000,122.0,Ok,82.0,Ok,582
502197.875000,114.0,Ok,81.0,Ok,583
502198.078000,34.0,Ok,81.0,Ok,584
502198.281000,141.0,Ok,85.0,Ok,585
502198.484000,110.0,Ok,84.0,Ok,586
502198.671000,101.0,Ok,79.0,Ok,587
502198.875000,94.0,Ok,79.0,Ok,588
502199.078000,101.0,Ok,80.0,Ok,589
502199.281000,108.0,Ok,79.0,Ok,590
502199.484000,90.0,Ok,86.0,Ok,591
502199.671000,99.0,Ok,78.0,Ok,592
502199.875000,104.0,Ok,84.0,Ok,593
502200.062000,105.0,Ok,84.0,Ok,594
502200.281000,103.0,Ok,79.0,Ok,595
502200.468000,106.0,Ok,83.0,Ok,596
502200.671000,100.0,Ok,84.0,Ok,597
502200.875000,101.0,Ok,80.0,Ok,598
502201.062000,103.0,Ok,81.0,Ok,599
502201.281000,102.0,Ok,90.0,Ok,600
502201.468000,104.0,Ok,82.0,Ok,601
502201.671000,105.0,Ok,77.0,Ok,602
502201.875000,105.0,Ok,81.0,Ok,603
502202.078000,104.0,Ok,84.0,Ok,604
502202.281000,104.0,Ok,89.0,Ok,605
502202.484000,107.0,Ok,80.0,Ok,606
502202.671000,111.0,Ok,80.0,Ok,607
502202.875000,108.0,Ok,79.0,Ok,608
502203.078000,106.0,Ok,78.0,Ok,609
502203.281000,107.0,Ok,73.0,Ok,610
502203.468000,107.0,Ok,78.0,Ok,611
502203.671000,107.0,Ok,85.0,Ok,612
502203.875000,107.0,Ok,82.0,Ok,613
502204.078000,111.0,Ok,80.0,Ok,614
502204.281000,107.0,Ok,78.0,Ok,615
502204.484000,106.0,Ok,79.0,Ok,616
502204.671000,109.0,Ok,92.0,Ok,617
502204.875000,101.0,Ok,99.0,Ok,618
502205.078000,113.0,Ok,100.0,Ok,619
502205.281000,105.0,Ok,132.0,Ok,620
502205.484000,106.0,Ok,69.0,Ok,621
502205.671000,108.0,Ok,83.0,Ok,622
502205.875000,110.0,Ok,71.0,Ok,623
502206.078000,110.0,Ok,68.0,Ok,624
502206.265000,117.0,Ok,86.0,Ok,625
502206.484000,105.0,Ok,75.0,Ok,626
502206.671000,108.0,Ok,80.0,Ok,627
502206.875000,102.0,Ok,83.0,Ok,628
502207.078000,106.0,Ok,83.0,Ok,629
502207.281000,108.0,Ok,83.0,Ok,630
502207.484000,108.0,Ok,82.0,Ok,631
502207.671000,102.0,Ok,85.0,Ok,632
502207.875000,108.0,Ok,85.0,Ok,633
502208.078000,103.0,Ok,84.0,Ok,634
502208.265000,111.0,Ok,84.0,Ok,635
502208.468000,106.0,Ok,83.0,Ok,636
502208.671000,104.0,Ok,84.0,Ok,637
502208.875000,100.0,Ok,87.0,Ok,638
502209.062000,96.0,Ok,82.0,Ok,639
502209.281000,99.0,Ok,82.0,Ok,640
502209.484000,103.0,Ok,87.0,Ok,641
502209.671000,65535.0,RangingRxTimeout,83.0,Ok,642
502209.875000,102.0,Ok,82.0,Ok,643
502210.078000,102.0,Ok,83.0,Ok,644
502210.281000,96.0,Ok,83.0,Ok,645
502210.468000,87.0,Ok,84.0,Ok,646
502210.671000,82.0,Ok,83.0,Ok,647
502210.875000,75.0,Ok,83.0,Ok,648
502211.078000,75.0,Ok,83.0,Ok,649
502211.281000,80.0,Ok,90.0,Ok,650
502211.468000,79.0,Ok,81.0,Ok,651
502211.687000,81.0,Ok,82.0,Ok,652
502211.875000,75.0,Ok,84.0,Ok,653
502212.078000,77.0,Ok,83.0,Ok,654
502212.281000,78.0,Ok,82.0,Ok,655
502212.484000,77.0,Ok,81.0,Ok,656
502212.671000,85.0,Ok,80.0,Ok,657
502212.875000,74.0,Ok,81.0,Ok,658
502213.078000,79.0,Ok,86.0,Ok,659
502213.281000,73.0,Ok,85.0,Ok,660
502213.484000,77.0,Ok,84.0,Ok,661
502213.671000,84.0,Ok,86.0,Ok,662
502213.875000,88.0,Ok,82.0,Ok,663
502214.078000,82.0,Ok,82.0,Ok,664
502214.281000,89.0,Ok,86.0,Ok,665
502214.468000,100.0,Ok,87.0,Ok,666
502214.687000,106.0,Ok,84.0,Ok,667
502214.875000,101.0,Ok,84.0,Ok,668
502215.078000,100.0,Ok,83.0,Ok,669
502215.265000,98.0,Ok,84.0,Ok,670
502215.484000,97.0,Ok,87.0,Ok,671
502215.671000,100.0,Ok,84.0,Ok,672
502215.875000,103.0,Ok,78.0,Ok,673
502216.078000,98.0,Ok,84.0,Ok,674
502216.265000,99.0,Ok,81.0,Ok,675
502216.468000,101.0,Ok,83.0,Ok,676
502216.671000,99.0,Ok,81.0,Ok,677
502216.875000,100.0,Ok,81.0,Ok,678
502217.078000,104.0,Ok,81.0,Ok,679
502217.265000,102.0,Ok,78.0,Ok,680
502217.468000,100.0,Ok,80.0,Ok,681
502217.687000,97.0,Ok,79.0,Ok,682
502217.875000,101.0,Ok,78.0,Ok,683
502218.078000,97.0,Ok,82.0,Ok,684
502218.265000,97.0,Ok,81.0,Ok,685
502218.484000,99.0,Ok,80.0,Ok,686
502218.671000,106.0,Ok,78.0,Ok,687
502218.875000,96.0,Ok,84.0,Ok,688
502219.078000,99.0,Ok,77.0,Ok,689
502219.281000,101.0,Ok,78.0,Ok,690
502219.468000,99.0,Ok,79.0,Ok,691
502219.671000,97.0,Ok,80.0,Ok,692
502219.875000,97.0,Ok,77.0,Ok,693
502220.078000,93.0,Ok,78.0,Ok,694
502220.281000,99.0,Ok,80.0,Ok,695
502220.484000,104.0,Ok,81.0,Ok,696
502220.671000,97.0,Ok,81.0,Ok,697
502220.906000,101.0,Ok,82.0,Ok,698
502221.062000,101.0,Ok,79.0,Ok,699
502221.265000,103.0,Ok,81.0,Ok,700
502221.468000,106.0,Ok,74.0,Ok,701
502221.671000,106.0,Ok,75.0,Ok,702
502221.875000,106.0,Ok,81.0,Ok,703
502222.078000,99.0,Ok,81.0,Ok,704
502222.281000,101.0,Ok,84.0,Ok,705
502222.484000,99.0,Ok,87.0,Ok,706
502222.656000,109.0,Ok,97.0,Ok,707
502222.875000,107.0,Ok,111.0,Ok,708
502223.078000,110.0,Ok,108.0,Ok,709
502223.281000,103.0,Ok,83.0,Ok,710
502223.484000,110.0,Ok,72.0,Ok,711
502223.671000,99.0,Ok,69.0,Ok,712
502223.859000,107.0,Ok,74.0,Ok,713
502224.078000,102.0,Ok,82.0,Ok,714
502224.265000,108.0,Ok,84.0,Ok,715
502224.484000,104.0,Ok,82.0,Ok,716
502224.671000,102.0,Ok,86.0,Ok,717
502224.875000,102.0,Ok,87.0,Ok,718
502225.078000,99.0,Ok,78.0,Ok,719
502225.281000,105.0,Ok,80.0,Ok,720
502225.484000,103.0,Ok,78.0,Ok,721
502225.671000,98.0,Ok,79.0,Ok,722
502225.875000,99.0,Ok,76.0,Ok,723
502226.062000,103.0,Ok,80.0,Ok,724
502226.265000,98.0,Ok,81.0,Ok,725
502226.484000,98.0,Ok,79.0,Ok,726
502226.671000,107.0,Ok,87.0,Ok,727
502226.875000,102.0,Ok,86.0,Ok,728
502227.078000,101.0,Ok,81.0,Ok,729
502227.281000,100.0,Ok,85.0,Ok,730
502227.468000,104.0,Ok,81.0,Ok,731
502227.671000,104.0,Ok,84.0,Ok,732
502227.875000,99.0,Ok,83.0,Ok,733
502228.078000,104.0,Ok,86.0,Ok,734
502228.265000,106.0,Ok,76.0,Ok,735
502228.484000,105.0,Ok,76.0,Ok,736
502228.671000,65535.0,RangingRxTimeout,84.0,Ok,737
502228.875000,105.0,Ok,85.0,Ok,738
502229.093000,107.0,Ok,85.0,Ok,739
502229.281000,107.0,Ok,81.0,Ok,740
502229.484000,106.0,Ok,82.0,Ok,741
502229.671000,105.0,Ok,79.0,Ok,742
502229.875000,107.0,Ok,84.0,Ok,743
502230.078000,107.0,Ok,76.0,Ok,744
502230.281000,109.0,Ok,92.0,Ok,745
502230.484000,111.0,Ok,97.0,Ok,746
502230.671000,106.0,Ok,103.0,Ok,747
502230.875000,106.0,Ok,114.0,Ok,748
502231.078000,107.0,Ok,76.0,Ok,749
502231.281000,108.0,Ok,73.0,Ok,750
502231.468000,110.0,Ok,64.0,Ok,751
502231.671000,103.0,Ok,70.0,Ok,752
502231.875000,107.0,Ok,70.0,Ok,753
502232.078000,107.0,Ok,77.0,Ok,754
502232.281000,103.0,Ok,87.0,Ok,755
502232.468000,104.0,Ok,76.0,Ok,756
502232.671000,107.0,Ok,76.0,Ok,757
502232.875000,102.0,Ok,73.0,Ok,758
502233.078000,106.0,Ok,75.0,Ok,759
502233.281000,103.0,Ok,78.0,Ok,760
502233.484000,103.0,Ok,79.0,Ok,761
502233.671000,102.0,Ok,74.0,Ok,762
502233.875000,104.0,Ok,74.0,Ok,763
502234.078000,107.0,Ok,77.0,Ok,764
502234.265000,110.0,Ok,75.0,Ok,765
502234.484000,107.0,Ok,96.0,Ok,766
502234.671000,104.0,Ok,121.0,Ok,767
502234.875000,102.0,Ok,125.0,Ok,768
502235.078000,111.0,Ok,119.0,Ok,769
502235.281000,106.0,Ok,117.0,Ok,770
502235.468000,107.0,Ok,108.0,Ok,771
502235.671000,104.0,Ok,105.0,Ok,772
502235.906000,102.0,Ok,111.0,Ok,773
502236.078000,103.0,Ok,113.0,Ok,774
502236.281000,101.0,Ok,120.0,Ok,775
502236.468000,105.0,Ok,116.0,Ok,776
502236.671000,102.0,Ok,121.0,Ok,777
502236.875000,97.0,Ok,77.0,Ok,778
502237.078000,105.0,Ok,77.0,Ok,779
502237.281000,107.0,Ok,83.0,Ok,780
502237.484000,107.0,Ok,77.0,Ok,781
502237.671000,108.0,Ok,79.0,Ok,782
502237.875000,109.0,Ok,77.0,Ok,783
502238.078000,114.0,Ok,77.0,Ok,784
502238.265000,107.0,Ok,84.0,Ok,785
502238.468000,110.0,Ok,79.0,Ok,786
502238.671000,109.0,Ok,81.0,Ok,787
502238.875000,106.0,Ok,83.0,Ok,788
502239.078000,107.0,Ok,81.0,Ok,789
502239.281000,112.0,Ok,81.0,Ok,790
502239.468000,106.0,Ok,76.0,Ok,791
502239.671000,108.0,Ok,82.0,Ok,792
502239.875000,102.0,Ok,79.0,Ok,793
502240.078000,105.0,Ok,78.0,Ok,794
502240.265000,108.0,Ok,86.0,Ok,795
502240.484000,109.0,Ok,86.0,Ok,796
502240.671000,105.0,Ok,85.0,Ok,797
502240.875000,107.0,Ok,76.0,Ok,798
502241.062000,114.0,Ok,66.0,Ok,799
502241.265000,113.0,Ok,71.0,Ok,800
502241.484000,111.0,Ok,104.0,Ok,801
502241.671000,107.0,Ok,103.0,Ok,802
502241.875000,107.0,Ok,85.0,Ok,803
502242.078000,111.0,Ok,88.0,Ok,804
502242.281000,107.0,Ok,79.0,Ok,805
502242.468000,109.0,Ok,81.0,Ok,806
502242.671000,115.0,Ok,77.0,Ok,807
502242.875000,109.0,Ok,81.0,Ok,808
502243.078000,108.0,Ok,83.0,Ok,809
502243.281000,109.0,Ok,79.0,Ok,810
502243.484000,107.0,Ok,76.0,Ok,811
502243.671000,109.0,Ok,82.0,Ok,812
502243.875000,113.0,Ok,79.0,Ok,813
502244.078000,110.0,Ok,83.0,Ok,814
502244.281000,110.0,Ok,85.0,Ok,815
502244.484000,112.0,Ok,85.0,Ok,816
502244.671000,107.0,Ok,87.0,Ok,817
502244.875000,110.0,Ok,85.0,Ok,818
502245.078000,108.0,Ok,88.0,Ok,819
502245.281000,109.0,Ok,84.0,Ok,820
502245.484000,110.0,Ok,78.0,Ok,821
502245.671000,110.0,Ok,78.0,Ok,822
502245.875000,110.0,Ok,72.0,Ok,823
502246.078000,105.0,Ok,66.0,Ok,824
502246.281000,114.0,Ok,77.0,Ok,825
502246.468000,109.0,Ok,145.0,Ok,826
502246.671000,109.0,Ok,92.0,Ok,827
502246.875000,105.0,Ok,87.0,Ok,828
502247.078000,102.0,Ok,83.0,Ok,829
502247.281000,108.0,Ok,91.0,Ok,830
502247.484000,106.0,Ok,84.0,Ok,831
502247.671000,106.0,Ok,82.0,Ok,832
502247.875000,107.0,Ok,85.0,Ok,833
502248.078000,106.0,Ok,85.0,Ok,834
502248.281000,96.0,Ok,81.0,Ok,835
502248.468000,107.0,Ok,84.0,Ok,836
502248.671000,108.0,Ok,81.0,Ok,837
502248.875000,108.0,Ok,89.0,Ok,838
502249.078000,114.0,Ok,80.0,Ok,839
502249.281000,113.0,Ok,78.0,Ok,840
502249.468000,110.0,Ok,83.0,Ok,841
502249.671000,107.0,Ok,83.0,Ok,842
502249.875000,106.0,Ok,86.0,Ok,843
502250.078000,107.0,Ok,82.0,Ok,844
502250.281000,106.0,Ok,74.0,Ok,845
502250.468000,105.0,Ok,69.0,Ok,846
502250.671000,113.0,Ok,77.0,Ok,847
502250.875000,113.0,Ok,127.0,Ok,848
502251.078000,111.0,Ok,85.0,Ok,849
502251.281000,107.0,Ok,84.0,Ok,850
502251.484000,107.0,Ok,81.0,Ok,851
502251.671000,105.0,Ok,76.0,Ok,852
502251.875000,105.0,Ok,71.0,Ok,853
502252.078000,103.0,Ok,75.0,Ok,854
502252.281000,99.0,Ok,73.0,Ok,855
502252.484000,107.0,Ok,75.0,Ok,856
502252.671000,104.0,Ok,73.0,Ok,857
502252.875000,104.0,Ok,82.0,Ok,858
502253.078000,103.0,Ok,75.0,Ok,859
502253.281000,106.0,Ok,77.0,Ok,860
502253.484000,105.0,Ok,77.0,Ok,861
502253.671000,114.0,Ok,69.0,Ok,862
502253.875000,121.0,Ok,69.0,Ok,863
502254.078000,114.0,Ok,68.0,Ok,864
502254.265000,121.0,Ok,88.0,Ok,865
502254.484000,106.0,Ok,134.0,Ok,866
502254.671000,106.0,Ok,95.0,Ok,867
502254.875000,112.0,Ok,91.0,Ok,868
502255.078000,113.0,Ok,81.0,Ok,869
502255.281000,105.0,Ok,78.0,Ok,870
502255.468000,105.0,Ok,77.0,Ok,871
502255.671000,109.0,Ok,78.0,Ok,872
502255.875000,101.0,Ok,82.0,Ok,873
502256.078000,107.0,Ok,86.0,Ok,874
502256.281000,103.0,Ok,77.0,Ok,875
502256.468000,102.0,Ok,80.0,Ok,876
502256.671000,107.0,Ok,80.0,Ok,877
502256.875000,110.0,Ok,82.0,Ok,878
502257.078000,109.0,Ok,78.0,Ok,879
502257.281000,112.0,Ok,86.0,Ok,880
502257.484000,111.0,Ok,84.0,Ok,881
502257.671000,111.0,Ok,85.0,Ok,882
502257.875000,125.0,Ok,85.0,Ok,883
502258.078000,118.0,Ok,77.0,Ok,884
502258.281000,114.0,Ok,69.0,Ok,885
502258.484000,116.0,Ok,103.0,Ok,886
502258.671000,116.0,Ok,116.0,Ok,887
502258.875000,109.0,Ok,92.0,Ok,888
502259.078000,115.0,Ok,84.0,Ok,889
502259.281000,104.0,Ok,82.0,Ok,890
502259.484000,113.0,Ok,81.0,Ok,891
502259.671000,114.0,Ok,80.0,Ok,892
502259.875000,107.0,Ok,75.0,Ok,893
502260.078000,112.0,Ok,77.0,Ok,894
502260.281000,112.0,Ok,84.0,Ok,895
502260.484000,104.0,Ok,82.0,Ok,896
502260.671000,104.0,Ok,82.0,Ok,897
502260.875000,105.0,Ok,83.0,Ok,898
502261.078000,108.0,Ok,77.0,Ok,899
502261.281000,107.0,Ok,79.0,Ok,900
502261.484000,109.0,Ok,77.0,Ok,901
502261.671000,109.0,Ok,80.0,Ok,902
502261.875000,103.0,Ok,79.0,Ok,903
502262.078000,108.0,Ok,77.0,Ok,904
502262.265000,104.0,Ok,81.0,Ok,905
502262.484000,113.0,Ok,76.0,Ok,906
502262.671000,105.0,Ok,78.0,Ok,907
502262.875000,106.0,Ok,77.0,Ok,908
502263.078000,102.0,Ok,77.0,Ok,909
502263.281000,110.0,Ok,79.0,Ok,910
502263.468000,108.0,Ok,77.0,Ok,911
502263.671000,107.0,Ok,79.0,Ok,912
502263.875000,111.0,Ok,79.0,Ok,913
502264.078000,107.0,Ok,78.0,Ok,914
502264.265000,108.0,Ok,78.0,Ok,915
502264.484000,111.0,Ok,78.0,Ok,916
502264.671000,107.0,Ok,78.0,Ok,917
502264.875000,107.0,Ok,78.0,Ok,918
502265.078000,105.0,Ok,79.0,Ok,919
502265.265000,111.0,Ok,82.0,Ok,920
502265.468000,114.0,Ok,77.0,Ok,921
502265.671000,108.0,Ok,83.0,Ok,922
502265.890000,114.0,Ok,70.0,Ok,923
502266.078000,120.0,Ok,74.0,Ok,924
502266.281000,114.0,Ok,92.0,Ok,925
502266.468000,108.0,Ok,85.0,Ok,926
502266.671000,107.0,Ok,89.0,Ok,927
502266.875000,105.0,Ok,85.0,Ok,928
502267.078000,108.0,Ok,84.0,Ok,929
502267.281000,103.0,Ok,78.0,Ok,930
502267.468000,105.0,Ok,77.0,Ok,931
502267.671000,111.0,Ok,81.0,Ok,932
502267.875000,108.0,Ok,83.0,Ok,933
502268.078000,105.0,Ok,72.0,Ok,934
502268.281000,107.0,Ok,77.0,Ok,935
502268.468000,102.0,Ok,77.0,Ok,936
502268.671000,113.0,Ok,76.0,Ok,937
502268.875000,109.0,Ok,77.0,Ok,938
502269.078000,109.0,Ok,79.0,Ok,939
502269.281000,113.0,Ok,76.0,Ok,940
502269.468000,113.0,Ok,80.0,Ok,941
502269.671000,116.0,Ok,76.0,Ok,942
502269.875000,112.0,Ok,77.0,Ok,943
502270.078000,113.0,Ok,77.0,Ok,944
502270.281000,113.0,Ok,79.0,Ok,945
502270.468000,112.0,Ok,78.0,Ok,946
502270.671000,116.0,Ok,77.0,Ok,947
502270.875000,111.0,Ok,80.0,Ok,948
502271.078000,109.0,Ok,77.0,Ok,949
502271.281000,87.0,Ok,90.0,Ok,950
502271.484000,114.0,Ok,100.0,Ok,951
502271.671000,110.0,Ok,97.0,Ok,952
502271.875000,105.0,Ok,89.0,Ok,953
502272.078000,111.0,Ok,87.0,Ok,954
502272.281000,108.0,Ok,78.0,Ok,955
502272.484000,113.0,Ok,75.0,Ok,956
502272.703000,107.0,Ok,73.0,Ok,957
502272.875000,112.0,Ok,83.0,Ok,958
502273.078000,112.0,Ok,73.0,Ok,959
502273.281000,107.0,Ok,72.0,Ok,960
502273.468000,108.0,Ok,74.0,Ok,961
502273.687000,110.0,Ok,72.0,Ok,962
502273.875000,111.0,Ok,75.0,Ok,963
502274.078000,103.0,Ok,74.0,Ok,964
502274.265000,104.0,Ok,76.0,Ok,965
502274.484000,106.0,Ok,74.0,Ok,966
502274.671000,107.0,Ok,75.0,Ok,967
502274.875000,107.0,Ok,76.0,Ok,968
502275.078000,104.0,Ok,75.0,Ok,969
502275.265000,106.0,Ok,74.0,Ok,970
502275.468000,106.0,Ok,75.0,Ok,971
502275.671000,108.0,Ok,75.0,Ok,972
502275.859000,103.0,Ok,74.0,Ok,973
502276.078000,106.0,Ok,72.0,Ok,974
502276.281000,107.0,Ok,80.0,Ok,975
502276.484000,106.0,Ok,73.0,Ok,976
502276.671000,104.0,Ok,71.0,Ok,977
502276.875000,106.0,Ok,73.0,Ok,978
502277.062000,106.0,Ok,73.0,Ok,979
502277.281000,106.0,Ok,75.0,Ok,980
502277.484000,110.0,Ok,74.0,Ok,981
502277.671000,103.0,Ok,69.0,Ok,982
502277.875000,103.0,Ok,74.0,Ok,983
502278.078000,106.0,Ok,76.0,Ok,984
502278.265000,104.0,Ok,79.0,Ok,985
502278.468000,105.0,Ok,77.0,Ok,986
502278.656000,108.0,Ok,74.0,Ok,987
502278.875000,106.0,Ok,76.0,Ok,988
502279.078000,104.0,Ok,80.0,Ok,989
502279.281000,109.0,Ok,78.0,Ok,990
502279.484000,107.0,Ok,81.0,Ok,991
502279.671000,109.0,Ok,74.0,Ok,992
502279.875000,106.0,Ok,82.0,Ok,993
502280.078000,116.0,Ok,83.0,Ok,994
502280.265000,117.0,Ok,77.0,Ok,995
502280.468000,65535.0,RangingRxPhyDecFailed,76.0,Ok,996
502280.671000,107.0,Ok,86.0,Ok,997
502280.875000,108.0,Ok,85.0,Ok,998
502281.078000,107.0,Ok,81.0,Ok,999
502281.281000,106.0,Ok,74.0,Ok,1000
502281.484000,107.0,Ok,76.0,Ok,1001
502281.671000,107.0,Ok,72.0,Ok,1002
502281.875000,108.0,Ok,81.0,Ok,1003
502282.078000,105.0,Ok,75.0,Ok,1004
502282.265000,107.0,Ok,85.0,Ok,1005
502282.484000,102.0,Ok,77.0,Ok,1006
502282.671000,99.0,Ok,78.0,Ok,1007
502282.875000,103.0,Ok,78.0,Ok,1008
502283.078000,106.0,Ok,71.0,Ok,1009
502283.281000,107.0,Ok,80.0,Ok,1010
502283.468000,112.0,Ok,86.0,Ok,1011
502283.671000,117.0,Ok,73.0,Ok,1012
502283.875000,115.0,Ok,80.0,Ok,1013
502284.078000,116.0,Ok,114.0,Ok,1014
502284.281000,114.0,Ok,132.0,Ok,1015
502284.484000,108.0,Ok,85.0,Ok,1016
502284.671000,101.0,Ok,85.0,Ok,1017
502284.875000,107.0,Ok,75.0,Ok,1018
502285.078000,113.0,Ok,73.0,Ok,1019
502285.281000,113.0,Ok,74.0,Ok,1020
502285.484000,104.0,Ok,73.0,Ok,1021
502285.671000,108.0,Ok,74.0,Ok,1022
502285.875000,111.0,Ok,75.0,Ok,1023
502286.078000,95.0,Ok,73.0,Ok,1024
502286.281000,103.0,Ok,79.0,Ok,1025
502286.468000,119.0,Ok,73.0,Ok,1026
502286.671000,119.0,Ok,82.0,Ok,1027
502286.875000,117.0,Ok,78.0,Ok,1028
502287.078000,96.0,Ok,76.0,Ok,1029
502287.265000,91.0,Ok,70.0,Ok,1030
502287.468000,91.0,Ok,73.0,Ok,1031
502287.703000,110.0,Ok,78.0,Ok,1032
502287.875000,113.0,Ok,77.0,Ok,1033
502288.078000,112.0,Ok,82.0,Ok,1034
502288.281000,106.0,Ok,78.0,Ok,1035
502288.468000,113.0,Ok,72.0,Ok,1036
502288.671000,109.0,Ok,80.0,Ok,1037
502288.875000,116.0,Ok,116.0,Ok,1038
502289.078000,113.0,Ok,97.0,Ok,1039
502289.281000,115.0,Ok,92.0,Ok,1040
502289.484000,114.0,Ok,81.0,Ok,1041
502289.671000,114.0,Ok,77.0,Ok,1042
502289.875000,117.0,Ok,79.0,Ok,1043
502290.078000,114.0,Ok,79.0,Ok,1044
502290.265000,122.0,Ok,81.0,Ok,1045
502290.484000,90.0,Ok,79.0,Ok,1046
502290.671000,103.0,Ok,78.0,Ok,1047
502290.875000,112.0,Ok,78.0,Ok,1048
502291.078000,103.0,Ok,79.0,Ok,1049
502291.281000,104.0,Ok,79.0,Ok,1050
502291.484000,103.0,Ok,78.0,Ok,1051
502291.671000,106.0,Ok,79.0,Ok,1052
502291.875000,111.0,Ok,81.0,Ok,1053
502292.078000,107.0,Ok,79.0,Ok,1054
502292.281000,111.0,Ok,87.0,Ok,1055
502292.484000,111.0,Ok,81.0,Ok,1056
502292.671000,115.0,Ok,78.0,Ok,1057
502292.875000,113.0,Ok,81.0,Ok,1058
502293.078000,121.0,Ok,124.0,Ok,1059
502293.281000,114.0,Ok,92.0,Ok,1060
502293.484000,111.0,Ok,88.0,Ok,1061
502293.671000,112.0,Ok,80.0,Ok,1062
502293.875000,106.0,Ok,75.0,Ok,1063
502294.078000,109.0,Ok,69.0,Ok,1064
502294.281000,112.0,Ok,77.0,Ok,1065
502294.484000,108.0,Ok,75.0,Ok,1066
502294.671000,112.0,Ok,79.0,Ok,1067
502294.875000,111.0,Ok,78.0,Ok,1068
502295.078000,109.0,Ok,83.0,Ok,1069
502295.281000,108.0,Ok,78.0,Ok,1070
502295.484000,106.0,Ok,79.0,Ok,1071
502295.671000,108.0,Ok,86.0,Ok,1072
502295.875000,113.0,Ok,80.0,Ok,1073
502296.078000,113.0,Ok,76.0,Ok,1074
502296.281000,110.0,Ok,74.0,Ok,1075
502296.468000,110.0,Ok,77.0,Ok,1076
502296.671000,113.0,Ok,81.0,Ok,1077
502296.875000,111.0,Ok,78.0,Ok,1078
502297.078000,107.0,Ok,77.0,Ok,1079
502297.265000,120.0,Ok,76.0,Ok,1080
502297.468000,109.0,Ok,90.0,Ok,1081
502297.671000,102.0,Ok,94.0,Ok,1082
502297.875000,100.0,Ok,92.0,Ok,1083
502298.078000,77.0,Ok,91.0,Ok,1084
502298.281000,96.0,Ok,97.0,Ok,1085
502298.468000,57.0,Ok,99.0,Ok,1086
502298.671000,104.0,Ok,106.0,Ok,1087
502298.875000,99.0,Ok,95.0,Ok,1088
502299.078000,126.0,Ok,84.0,Ok,1089
502299.281000,109.0,Ok,68.0,Ok,1090
502299.468000,117.0,Ok,59.0,Ok,1091
502299.687000,111.0,Ok,71.0,Ok,1092
502299.875000,120.0,Ok,76.0,Ok,1093
502300.078000,125.0,Ok,76.0,Ok,1094
502300.281000,118.0,Ok,76.0,Ok,1095
502300.468000,115.0,Ok,67.0,Ok,1096
502300.671000,107.0,Ok,67.0,Ok,1097
502300.859000,118.0,Ok,73.0,Ok,1098
502301.078000,106.0,Ok,80.0,Ok,1099
502301.265000,107.0,Ok,72.0,Ok,1100
502301.484000,116.0,Ok,61.0,Ok,1101
502301.671000,112.0,Ok,56.0,Ok,1102
502301.875000,105.0,Ok,69.0,Ok,1103
502302.078000,104.0,Ok,92.0,Ok,1104
502302.265000,103.0,Ok,98.0,Ok,1105
502302.484000,100.0,Ok,95.0,Ok,1106
502302.671000,107.0,Ok,97.0,Ok,1107
502302.875000,107.0,Ok,88.0,Ok,1108
502303.078000,106.0,Ok,76.0,Ok,1109
502303.281000,102.0,Ok,75.0,Ok,1110
502303.468000,108.0,Ok,75.0,Ok,1111
502303.671000,99.0,Ok,77.0,Ok,1112
502303.875000,116.0,Ok,77.0,Ok,1113
502304.078000,122.0,Ok,66.0,Ok,1114
502304.281000,121.0,Ok,54.0,Ok,1115
502304.484000,99.0,Ok,69.0,Ok,1116
502304.671000,107.0,Ok,88.0,Ok,1117
502304.875000,100.0,Ok,97.0,Ok,1118
502305.078000,99.0,Ok,83.0,Ok,1119
502305.281000,135.0,Ok,71.0,Ok,1120
502305.468000,111.0,Ok,73.0,Ok,1121
502305.671000,128.0,Ok,69.0,Ok,1122
502305.875000,121.0,Ok,73.0,Ok,1123
502306.078000,110.0,Ok,65535.0,RangingRxTimeout,1124
502306.265000,106.0,Ok,69.0,Ok,1125
502306.468000,100.0,Ok,67.0,Ok,1126
502306.671000,105.0,Ok,65.0,Ok,1127
502306.875000,109.0,Ok,68.0,Ok,1128
502307.078000,121.0,Ok,78.0,Ok,1129
502307.281000,118.0,Ok,70.0,Ok,1130
502307.468000,117.0,Ok,77.0,Ok,1131
502307.656000,114.0,Ok,76.0,Ok,1132
502307.875000,115.0,Ok,70.0,Ok,1133
502308.078000,113.0,Ok,72.0,Ok,1134
502308.281000,120.0,Ok,67.0,Ok,1135
502308.468000,122.0,Ok,69.0,Ok,1136
502308.671000,116.0,Ok,68.0,Ok,1137
502308.875000,114.0,Ok,65.0,Ok,1138
502309.078000,65535.0,RangingRxTimeout,65.0,Ok,1139
502309.281000,112.0,Ok,68.0,Ok,1140
502309.484000,115.0,Ok,68.0,Ok,1141
502309.671000,114.0,Ok,68.0,Ok,1142
502309.875000,114.0,Ok,73.0,Ok,1143
502310.078000,121.0,Ok,67.0,Ok,1144
502310.281000,119.0,Ok,53.0,Ok,1145
502310.468000,114.0,Ok,53.0,Ok,1146
502310.671000,101.0,Ok,85.0,Ok,1147
502310.875000,105.0,Ok,100.0,Ok,1148
502311.078000,101.0,Ok,103.0,Ok,1149
502311.281000,103.0,Ok,114.0,Ok,1150
502311.484000,100.0,Ok,112.0,Ok,1151
502311.671000,106.0,Ok,109.0,Ok,1152
502311.875000,104.0,Ok,112.0,Ok,1153
502312.062000,105.0,Ok,105.0,Ok,1154
502312.281000,107.0,Ok,110.0,Ok,1155
502312.468000,104.0,Ok,111.0,Ok,1156
502312.671000,103.0,Ok,106.0,Ok,1157
502312.875000,104.0,Ok,99.0,Ok,1158
502313.062000,105.0,Ok,107.0,Ok,1159
502313.265000,101.0,Ok,101.0,Ok,1160
502313.468000,106.0,Ok,84.0,Ok,1161
502313.671000,107.0,Ok,75.0,Ok,1162
502313.875000,111.0,Ok,69.0,Ok,1163
502314.078000,102.0,Ok,70.0,Ok,1164
502314.265000,133.0,Ok,75.0,Ok,1165
502314.484000,143.0,Ok,70.0,Ok,1166
502314.671000,130.0,Ok,67.0,Ok,1167
502314.875000,87.0,Ok,70.0,Ok,1168
502315.078000,121.0,Ok,69.0,Ok,1169
502315.281000,105.0,Ok,68.0,Ok,1170
502315.468000,117.0,Ok,68.0,Ok,1171
502315.671000,111.0,Ok,53.0,Ok,1172
502315.875000,99.0,Ok,58.0,Ok,1173
502316.078000,107.0,Ok,90.0,Ok,1174
502316.281000,100.0,Ok,105.0,Ok,1175
502316.468000,107.0,Ok,109.0,Ok,1176
502316.671000,105.0,Ok,104.0,Ok,1177
502316.890000,114.0,Ok,109.0,Ok,1178
502317.078000,105.0,Ok,111.0,Ok,1179
502317.281000,98.0,Ok,99.0,Ok,1180
502317.484000,99.0,Ok,87.0,Ok,1181
502317.671000,101.0,Ok,79.0,Ok,1182
502317.875000,108.0,Ok,76.0,Ok,1183
502318.078000,114.0,Ok,75.0,Ok,1184
502318.281000,120.0,Ok,69.0,Ok,1185
502318.484000,128.0,Ok,70.0,Ok,1186
502318.671000,97.0,Ok,62.0,Ok,1187
502318.875000,127.0,Ok,67.0,Ok,1188
502319.078000,134.0,Ok,64.0,Ok,1189
502319.281000,119.0,Ok,65.0,Ok,1190
502319.468000,114.0,Ok,62.0,Ok,1191
502319.671000,130.0,Ok,66.0,Ok,1192
502319.875000,129.0,Ok,65.0,Ok,1193
502320.078000,135.0,Ok,65.0,Ok,1194
502320.281000,117.0,Ok,67.0,Ok,1195
502320.468000,109.0,Ok,50.0,Ok,1196
502320.671000,103.0,Ok,61.0,Ok,1197
502320.875000,103.0,Ok,99.0,Ok,1198
502321.078000,98.0,Ok,113.0,Ok,1199
502321.265000,98.0,Ok,113.0,Ok,1200
502321.484000,104.0,Ok,118.0,Ok,1201
502321.671000,101.0,Ok,112.0,Ok,1202
502321.875000,101.0,Ok,111.0,Ok,1203
502322.062000,106.0,Ok,115.0,Ok,1204
502322.265000,102.0,Ok,115.0,Ok,1205
502322.468000,106.0,Ok,115.0,Ok,1206
502322.671000,103.0,Ok,117.0,Ok,1207
502322.875000,102.0,Ok,115.0,Ok,1208
502323.062000,101.0,Ok,113.0,Ok,1209
502323.281000,106.0,Ok,90.0,Ok,1210
502323.468000,107.0,Ok,83.0,Ok,1211
502323.671000,112.0,Ok,69.0,Ok,1212
502323.875000,137.0,Ok,68.0,Ok,1213
502324.078000,123.0,Ok,65.0,Ok,1214
502324.281000,130.0,Ok,64.0,Ok,1215
502324.468000,129.0,Ok,69.0,Ok,1216
502324.671000,122.0,Ok,62.0,Ok,1217
502324.875000,122.0,Ok,66.0,Ok,1218
502325.078000,122.0,Ok,61.0,Ok,1219
502325.281000,123.0,Ok,68.0,Ok,1220
502325.484000,118.0,Ok,58.0,Ok,1221
502325.671000,120.0,Ok,58.0,Ok,1222
502325.875000,109.0,Ok,73.0,Ok,1223
502326.093000,109.0,Ok,94.0,Ok,1224
502326.281000,105.0,Ok,102.0,Ok,1225
502326.468000,107.0,Ok,107.0,Ok,1226
502326.671000,102.0,Ok,104.0,Ok,1227
502326.875000,106.0,Ok,107.0,Ok,1228
502327.062000,115.0,Ok,105.0,Ok,1229
502327.281000,92.0,Ok,105.0,Ok,1230
502327.468000,98.0,Ok,105.0,Ok,1231
502327.671000,95.0,Ok,106.0,Ok,1232
502327.875000,95.0,Ok,104.0,Ok,1233
502328.078000,101.0,Ok,103.0,Ok,1234
502328.281000,105.0,Ok,107.0,Ok,1235
502328.468000,110.0,Ok,91.0,Ok,1236
502328.671000,107.0,Ok,77.0,Ok,1237
502328.875000,117.0,Ok,76.0,Ok,1238
502329.078000,118.0,Ok,72.0,Ok,1239
502329.281000,122.0,Ok,77.0,Ok,1240
502329.468000,128.0,Ok,66.0,Ok,1241
502329.671000,116.0,Ok,62.0,Ok,1242
502329.875000,116.0,Ok,49.0,Ok,1243
502330.078000,100.0,Ok,61.0,Ok,1244
502330.281000,107.0,Ok,92.0,Ok,1245
502330.484000,102.0,Ok,106.0,Ok,1246
502330.671000,105.0,Ok,117.0,Ok,1247
502330.875000,116.0,Ok,114.0,Ok,1248
502331.078000,108.0,Ok,114.0,Ok,1249
502331.281000,105.0,Ok,114.0,Ok,1250
502331.468000,105.0,Ok,107.0,Ok,1251
502331.671000,105.0,Ok,106.0,Ok,1252
502331.875000,106.0,Ok,109.0,Ok,1253
502332.062000,106.0,Ok,111.0,Ok,1254
502332.281000,107.0,Ok,106.0,Ok,1255
502332.468000,103.0,Ok,87.0,Ok,1256
502332.671000,130.0,Ok,73.0,Ok,1257
502332.875000,112.0,Ok,74.0,Ok,1258
502333.062000,116.0,Ok,77.0,Ok,1259
502333.281000,120.0,Ok,75.0,Ok,1260
502333.484000,125.0,Ok,73.0,Ok,1261
502333.671000,122.0,Ok,65.0,Ok,1262
502333.875000,122.0,Ok,63.0,Ok,1263
502334.078000,124.0,Ok,69.0,Ok,1264
502334.281000,123.0,Ok,67.0,Ok,1265
502334.484000,120.0,Ok,63.0,Ok,1266
502334.671000,134.0,Ok,62.0,Ok,1267
502334.875000,108.0,Ok,51.0,Ok,1268
502335.078000,102.0,Ok,54.0,Ok,1269
502335.265000,106.0,Ok,87.0,Ok,1270
502335.484000,106.0,Ok,105.0,Ok,1271
502335.671000,101.0,Ok,121.0,Ok,1272
502335.875000,101.0,Ok,121.0,Ok,1273
502336.078000,105.0,Ok,123.0,Ok,1274
502336.281000,104.0,Ok,122.0,Ok,1275
502336.468000,105.0,Ok,123.0,Ok,1276
502336.671000,100.0,Ok,119.0,Ok,1277
502336.875000,107.0,Ok,122.0,Ok,1278
502337.078000,106.0,Ok,120.0,Ok,1279
502337.281000,100.0,Ok,106.0,Ok,1280
502337.468000,102.0,Ok,97.0,Ok,1281
502337.671000,103.0,Ok,83.0,Ok,1282
502337.875000,119.0,Ok,77.0,Ok,1283
502338.078000,108.0,Ok,72.0,Ok,1284
502338.265000,140.0,Ok,75.0,Ok,1285
502338.468000,126.0,Ok,80.0,Ok,1286
502338.671000,129.0,Ok,73.0,Ok,1287
502338.875000,119.0,Ok,67.0,Ok,1288
502339.078000,120.0,Ok,68.0,Ok,1289
502339.281000,111.0,Ok,66.0,Ok,1290
502339.468000,110.0,Ok,45.0,Ok,1291
502339.671000,111.0,Ok,61.0,Ok,1292
502339.875000,104.0,Ok,92.0,Ok,1293
502340.078000,98.0,Ok,108.0,Ok,1294
502340.281000,105.0,Ok,108.0,Ok,1295
502340.484000,106.0,Ok,120.0,Ok,1296
502340.671000,100.0,Ok,119.0,Ok,1297
502340.875000,103.0,Ok,118.0,Ok,1298
502341.062000,104.0,Ok,118.0,Ok,1299
502341.281000,103.0,Ok,119.0,Ok,1300
502341.468000,105.0,Ok,123.0,Ok,1301
502341.671000,106.0,Ok,121.0,Ok,1302
502341.875000,106.0,Ok,105.0,Ok,1303
502342.078000,104.0,Ok,88.0,Ok,1304
502342.265000,109.0,Ok,79.0,Ok,1305
502342.484000,107.0,Ok,83.0,Ok,1306
502342.671000,122.0,Ok,74.0,Ok,1307
502342.875000,80.0,Ok,71.0,Ok,1308
502343.062000,97.0,Ok,72.0,Ok,1309
502343.281000,118.0,Ok,65.0,Ok,1310
502343.468000,117.0,Ok,68.0,Ok,1311
502343.671000,132.0,Ok,64.0,Ok,1312
502343.875000,113.0,Ok,71.0,Ok,1313
502344.078000,116.0,Ok,50.0,Ok,1314
502344.281000,104.0,Ok,54.0,Ok,1315
502344.468000,101.0,Ok,78.0,Ok,1316
502344.671000,98.0,Ok,100.0,Ok,1317
502344.875000,95.0,Ok,113.0,Ok,1318
502345.078000,99.0,Ok,116.0,Ok,1319
502345.265000,101.0,Ok,118.0,Ok,1320
502345.468000,95.0,Ok,123.0,Ok,1321
502345.671000,97.0,Ok,124.0,Ok,1322
502345.859000,103.0,Ok,122.0,Ok,1323
502346.078000,103.0,Ok,120.0,Ok,1324
502346.281000,102.0,Ok,122.0,Ok,1325
502346.468000,105.0,Ok,114.0,Ok,1326
502346.671000,106.0,Ok,98.0,Ok,1327
502346.875000,108.0,Ok,82.0,Ok,1328
502347.078000,122.0,Ok,77.0,Ok,1329
502347.281000,122.0,Ok,75.0,Ok,1330
502347.468000,141.0,Ok,73.0,Ok,1331
502347.671000,129.0,Ok,68.0,Ok,1332
502347.875000,90.0,Ok,69.0,Ok,1333
502348.078000,138.0,Ok,68.0,Ok,1334
502348.265000,145.0,Ok,66.0,Ok,1335
502348.468000,114.0,Ok,69.0,Ok,1336
502348.671000,112.0,Ok,65.0,Ok,1337
502348.875000,121.0,Ok,67.0,Ok,1338
502349.078000,122.0,Ok,54.0,Ok,1339
502349.281000,109.0,Ok,58.0,Ok,1340
502349.468000,109.0,Ok,114.0,Ok,1341
502349.671000,107.0,Ok,121.0,Ok,1342
502349.875000,107.0,Ok,124.0,Ok,1343
502350.078000,112.0,Ok,123.0,Ok,1344
502350.281000,102.0,Ok,124.0,Ok,1345
502350.484000,103.0,Ok,124.0,Ok,1346
502350.671000,107.0,Ok,129.0,Ok,1347
502350.875000,109.0,Ok,128.0,Ok,1348
502351.078000,101.0,Ok,129.0,Ok,1349
502351.281000,105.0,Ok,127.0,Ok,1350
502351.484000,108.0,Ok,105.0,Ok,1351
502351.671000,114.0,Ok,87.0,Ok,1352
502351.875000,130.0,Ok,73.0,Ok,1353
502352.078000,126.0,Ok,77.0,Ok,1354
502352.281000,142.0,Ok,74.0,Ok,1355
502352.468000,92.0,Ok,67.0,Ok,1356
502352.671000,169.0,Ok,71.0,Ok,1357
502352.875000,118.0,Ok,66.0,Ok,1358
502353.062000,114.0,Ok,67.0,Ok,1359
502353.281000,98.0,Ok,77.0,Ok,1360
502353.468000,91.0,Ok,77.0,Ok,1361
502353.671000,130.0,Ok,66.0,Ok,1362
502353.875000,123.0,Ok,49.0,Ok,1363
502354.078000,112.0,Ok,54.0,Ok,1364
502354.281000,105.0,Ok,95.0,Ok,1365
502354.593000,107.0,Ok,112.0,Ok,1366
502354.671000,107.0,Ok,130.0,Ok,1367
502354.875000,100.0,Ok,123.0,Ok,1368
502355.078000,98.0,Ok,125.0,Ok,1369
502355.281000,104.0,Ok,125.0,Ok,1370
502355.468000,100.0,Ok,122.0,Ok,1371
502355.671000,108.0,Ok,127.0,Ok,1372
502355.875000,110.0,Ok,128.0,Ok,1373
502356.062000,103.0,Ok,128.0,Ok,1374
502356.281000,107.0,Ok,128.0,Ok,1375
502356.484000,107.0,Ok,123.0,Ok,1376
502356.671000,109.0,Ok,124.0,Ok,1377
502356.875000,108.0,Ok,123.0,Ok,1378
502357.062000,105.0,Ok,126.0,Ok,1379
502357.281000,109.0,Ok,122.0,Ok,1380
502357.468000,109.0,Ok,116.0,Ok,1381
502357.671000,106.0,Ok,102.0,Ok,1382
502357.875000,101.0,Ok,99.0,Ok,1383
502358.062000,106.0,Ok,107.0,Ok,1384
502358.281000,101.0,Ok,122.0,Ok,1385
502358.468000,92.0,Ok,138.0,Ok,1386
502358.671000,86.0,Ok,131.0,Ok,1387
502358.875000,94.0,Ok,107.0,Ok,1388
502359.078000,89.0,Ok,101.0,Ok,1389
502359.281000,95.0,Ok,96.0,Ok,1390
502359.484000,100.0,Ok,90.0,Ok,1391
502359.671000,94.0,Ok,85.0,Ok,1392
502359.875000,91.0,Ok,84.0,Ok,1393
502360.078000,105.0,Ok,85.0,Ok,1394
502360.281000,98.0,Ok,79.0,Ok,1395
502360.484000,99.0,Ok,99.0,Ok,1396
502360.671000,101.0,Ok,91.0,Ok,1397
502360.875000,108.0,Ok,90.0,Ok,1398
502361.078000,111.0,Ok,88.0,Ok,1399
502361.265000,124.0,Ok,84.0,Ok,1400
502361.468000,114.0,Ok,91.0,Ok,1401
502361.671000,88.0,Ok,89.0,Ok,1402
502361.875000,77.0,Ok,96.0,Ok,1403
502362.078000,85.0,Ok,105.0,Ok,1404
502362.265000,98.0,Ok,106.0,Ok,1405
502362.484000,100.0,Ok,116.0,Ok,1406
502362.718000,100.0,Ok,126.0,Ok,1407
502362.875000,100.0,Ok,130.0,Ok,1408
502363.078000,97.0,Ok,122.0,Ok,1409
502363.265000,98.0,Ok,129.0,Ok,1410
502363.468000,103.0,Ok,122.0,Ok,1411
502363.671000,107.0,Ok,122.0,Ok,1412
502363.875000,107.0,Ok,122.0,Ok,1413
502364.078000,100.0,Ok,119.0,Ok,1414
502364.281000,106.0,Ok,122.0,Ok,1415
502364.468000,110.0,Ok,99.0,Ok,1416
502364.671000,128.0,Ok,61.0,Ok,1417
502364.875000,107.0,Ok,47.0,Ok,1418
502365.078000,82.0,Ok,69.0,Ok,1419
502365.281000,114.0,Ok,84.0,Ok,1420
502365.468000,114.0,Ok,80.0,Ok,1421
502365.671000,107.0,Ok,77.0,Ok,1422
502365.875000,105.0,Ok,75.0,Ok,1423
502366.078000,109.0,Ok,76.0,Ok,1424
502366.281000,115.0,Ok,72.0,Ok,1425
502366.468000,112.0,Ok,73.0,Ok,1426
502366.671000,117.0,Ok,74.0,Ok,1427
502366.875000,116.0,Ok,74.0,Ok,1428
502367.078000,118.0,Ok,68.0,Ok,1429
502367.265000,106.0,Ok,78.0,Ok,1430
502367.468000,103.0,Ok,102.0,Ok,1431
502367.671000,104.0,Ok,106.0,Ok,1432
502367.875000,99.0,Ok,109.0,Ok,1433
502368.078000,106.0,Ok,111.0,Ok,1434
502368.265000,110.0,Ok,114.0,Ok,1435
502368.484000,99.0,Ok,114.0,Ok,1436
502368.671000,105.0,Ok,120.0,Ok,1437
502368.875000,102.0,Ok,118.0,Ok,1438
502369.078000,104.0,Ok,113.0,Ok,1439
502369.281000,111.0,Ok,94.0,Ok,1440
502369.468000,104.0,Ok,65.0,Ok,1441
502369.671000,122.0,Ok,48.0,Ok,1442
502369.859000,117.0,Ok,49.0,Ok,1443
502370.078000,133.0,Ok,65.0,Ok,1444
502370.281000,137.0,Ok,80.0,Ok,1445
502370.468000,138.0,Ok,73.0,Ok,1446
502370.671000,142.0,Ok,76.0,Ok,1447
502370.875000,146.0,Ok,79.0,Ok,1448
502371.078000,139.0,Ok,73.0,Ok,1449
502371.265000,138.0,Ok,73.0,Ok,1450
502371.468000,148.0,Ok,77.0,Ok,1451
502371.671000,127.0,Ok,69.0,Ok,1452
502371.875000,123.0,Ok,75.0,Ok,1453
502372.078000,99.0,Ok,86.0,Ok,1454
502372.281000,105.0,Ok,99.0,Ok,1455
502372.468000,101.0,Ok,115.0,Ok,1456
502372.671000,100.0,Ok,114.0,Ok,1457
502372.875000,98.0,Ok,114.0,Ok,1458
502373.078000,107.0,Ok,115.0,Ok,1459
502373.265000,100.0,Ok,113.0,Ok,1460
502373.484000,99.0,Ok,112.0,Ok,1461
502373.671000,102.0,Ok,117.0,Ok,1462
502373.875000,105.0,Ok,96.0,Ok,1463
502374.078000,118.0,Ok,55.0,Ok,1464
502374.265000,118.0,Ok,46.0,Ok,1465
502374.484000,125.0,Ok,61.0,Ok,1466
502374.671000,147.0,Ok,76.0,Ok,1467
502374.875000,124.0,Ok,80.0,Ok,1468
502375.078000,146.0,Ok,82.0,Ok,1469
502375.281000,142.0,Ok,75.0,Ok,1470
502375.484000,77.0,Ok,81.0,Ok,1471
502375.671000,159.0,Ok,79.0,Ok,1472
502375.875000,162.0,Ok,81.0,Ok,1473
502376.078000,169.0,Ok,82.0,Ok,1474
502376.312000,148.0,Ok,74.0,Ok,1475
502376.484000,127.0,Ok,73.0,Ok,1476
502376.671000,114.0,Ok,84.0,Ok,1477
502376.875000,100.0,Ok,96.0,Ok,1478
502377.078000,94.0,Ok,98.0,Ok,1479
502377.281000,106.0,Ok,115.0,Ok,1480
502377.484000,100.0,Ok,114.0,Ok,1481
502377.671000,105.0,Ok,111.0,Ok,1482
502377.875000,105.0,Ok,109.0,Ok,1483
502378.062000,107.0,Ok,111.0,Ok,1484
502378.265000,84.0,Ok,112.0,Ok,1485
502378.468000,102.0,Ok,105.0,Ok,1486
502378.671000,111.0,Ok,65535.0,RangingRxPhyDecFailed,1487
502378.875000,120.0,Ok,52.0,Ok,1488
502379.078000,132.0,Ok,46.0,Ok,1489
502379.265000,122.0,Ok,65.0,Ok,1490
502379.484000,138.0,Ok,77.0,Ok,1491
502379.671000,164.0,Ok,86.0,Ok,1492
502379.875000,145.0,Ok,86.0,Ok,1493
502380.078000,150.0,Ok,89.0,Ok,1494
502380.281000,143.0,Ok,90.0,Ok,1495
502380.468000,148.0,Ok,85.0,Ok,1496
502380.671000,158.0,Ok,86.0,Ok,1497
502380.875000,159.0,Ok,82.0,Ok,1498
502381.078000,122.0,Ok,83.0,Ok,1499
502381.281000,111.0,Ok,77.0,Ok,1500
502381.468000,109.0,Ok,98.0,Ok,1501
502381.671000,112.0,Ok,114.0,Ok,1502
502381.875000,95.0,Ok,117.0,Ok,1503
502382.078000,106.0,Ok,112.0,Ok,1504
502382.265000,111.0,Ok,110.0,Ok,1505
502382.468000,110.0,Ok,111.0,Ok,1506
502382.671000,108.0,Ok,118.0,Ok,1507
502382.875000,121.0,Ok,121.0,Ok,1508
502383.078000,106.0,Ok,114.0,Ok,1509
502383.281000,113.0,Ok,96.0,Ok,1510
502383.468000,120.0,Ok,61.0,Ok,1511
502383.671000,136.0,Ok,43.0,Ok,1512
502383.875000,153.0,Ok,63.0,Ok,1513
502384.078000,147.0,Ok,77.0,Ok,1514
502384.265000,117.0,Ok,80.0,Ok,1515
502384.484000,151.0,Ok,83.0,Ok,1516
502384.671000,154.0,Ok,79.0,Ok,1517
502384.875000,123.0,Ok,78.0,Ok,1518
502385.078000,106.0,Ok,79.0,Ok,1519
502385.281000,127.0,Ok,79.0,Ok,1520
502385.468000,129.0,Ok,77.0,Ok,1521
502385.671000,130.0,Ok,77.0,Ok,1522
502385.875000,118.0,Ok,76.0,Ok,1523
502386.078000,112.0,Ok,78.0,Ok,1524
502386.265000,106.0,Ok,105.0,Ok,1525
502386.468000,107.0,Ok,119.0,Ok,1526
502386.671000,122.0,Ok,124.0,Ok,1527
502386.859000,100.0,Ok,119.0,Ok,1528
502387.062000,116.0,Ok,119.0,Ok,1529
502387.265000,99.0,Ok,117.0,Ok,1530
502387.484000,122.0,Ok,118.0,Ok,1531
502387.671000,110.0,Ok,117.0,Ok,1532
502387.875000,106.0,Ok,107.0,Ok,1533
502388.078000,122.0,Ok,126.0,Ok,1534
502388.281000,133.0,Ok,46.0,Ok,1535
502388.468000,138.0,Ok,56.0,Ok,1536
502388.671000,148.0,Ok,69.0,Ok,1537
502388.875000,118.0,Ok,81.0,Ok,1538
502389.078000,127.0,Ok,82.0,Ok,1539
502389.281000,137.0,Ok,82.0,Ok,1540
502389.468000,93.0,Ok,82.0,Ok,1541
502389.671000,132.0,Ok,79.0,Ok,1542
502389.875000,122.0,Ok,83.0,Ok,1543
502390.078000,119.0,Ok,79.0,Ok,1544
502390.265000,124.0,Ok,76.0,Ok,1545
502390.468000,126.0,Ok,82.0,Ok,1546
502390.671000,121.0,Ok,74.0,Ok,1547
502390.875000,112.0,Ok,81.0,Ok,1548
502391.078000,108.0,Ok,98.0,Ok,1549
502391.312000,110.0,Ok,109.0,Ok,1550
502391.468000,107.0,Ok,112.0,Ok,1551
502391.671000,112.0,Ok,108.0,Ok,1552
502391.875000,100.0,Ok,107.0,Ok,1553
502392.078000,103.0,Ok,105.0,Ok,1554
502392.281000,107.0,Ok,107.0,Ok,1555
502392.468000,116.0,Ok,107.0,Ok,1556
502392.718000,115.0,Ok,97.0,Ok,1557
502392.875000,122.0,Ok,75.0,Ok,1558
502393.062000,122.0,Ok,50.0,Ok,1559
502393.281000,121.0,Ok,54.0,Ok,1560
502393.468000,112.0,Ok,64.0,Ok,1561
502393.671000,162.0,Ok,80.0,Ok,1562
502393.875000,132.0,Ok,80.0,Ok,1563
502394.078000,124.0,Ok,87.0,Ok,1564
502394.281000,125.0,Ok,82.0,Ok,1565
502394.468000,128.0,Ok,79.0,Ok,1566
502394.671000,123.0,Ok,81.0,Ok,1567
502394.875000,126.0,Ok,81.0,Ok,1568
502395.078000,130.0,Ok,79.0,Ok,1569
502395.265000,120.0,Ok,69.0,Ok,1570
502395.484000,118.0,Ok,82.0,Ok,1571
502395.671000,106.0,Ok,82.0,Ok,1572
502395.875000,110.0,Ok,100.0,Ok,1573
502396.078000,113.0,Ok,101.0,Ok,1574
502396.281000,110.0,Ok,99.0,Ok,1575
502396.484000,111.0,Ok,99.0,Ok,1576
502396.671000,113.0,Ok,104.0,Ok,1577
502396.875000,114.0,Ok,105.0,Ok,1578
502397.078000,113.0,Ok,107.0,Ok,1579
502397.281000,109.0,Ok,100.0,Ok,1580
502397.468000,116.0,Ok,88.0,Ok,1581
502397.671000,118.0,Ok,58.0,Ok,1582
502397.875000,127.0,Ok,65535.0,RangingRxTimeout,1583
502398.078000,130.0,Ok,56.0,Ok,1584
502398.281000,141.0,Ok,67.0,Ok,1585
502398.468000,124.0,Ok,78.0,Ok,1586
502398.671000,122.0,Ok,73.0,Ok,1587
502398.875000,121.0,Ok,87.0,Ok,1588
502399.078000,123.0,Ok,86.0,Ok,1589
502399.281000,121.0,Ok,81.0,Ok,1590
502399.468000,122.0,Ok,89.0,Ok,1591
502399.671000,122.0,Ok,82.0,Ok,1592
502399.875000,135.0,Ok,77.0,Ok,1593
502400.078000,114.0,Ok,74.0,Ok,1594
502400.265000,115.0,Ok,83.0,Ok,1595
502400.484000,118.0,Ok,99.0,Ok,1596
502400.671000,114.0,Ok,107.0,Ok,1597
502400.875000,108.0,Ok,107.0,Ok,1598
502401.078000,114.0,Ok,105.0,Ok,1599
502401.281000,65535.0,RangingRxTimeout,101.0,Ok,1600
502401.468000,116.0,Ok,104.0,Ok,1601
502401.671000,103.0,Ok,102.0,Ok,1602
502401.875000,94.0,Ok,103.0,Ok,1603
502402.078000,121.0,Ok,108.0,Ok,1604
502402.281000,103.0,Ok,99.0,Ok,1605
502402.468000,114.0,Ok,77.0,Ok,1606
502402.671000,116.0,Ok,54.0,Ok,1607
502402.875000,138.0,Ok,55.0,Ok,1608
502403.078000,168.0,Ok,69.0,Ok,1609
502403.281000,165.0,Ok,90.0,Ok,1610
502403.468000,130.0,Ok,87.0,Ok,1611
502403.671000,134.0,Ok,95.0,Ok,1612
502403.875000,143.0,Ok,92.0,Ok,1613
502404.062000,130.0,Ok,91.0,Ok,1614
502404.281000,157.0,Ok,92.0,Ok,1615
502404.484000,138.0,Ok,82.0,Ok,1616
502404.671000,137.0,Ok,79.0,Ok,1617
502404.875000,122.0,Ok,79.0,Ok,1618
502405.078000,114.0,Ok,69.0,Ok,1619
502405.265000,115.0,Ok,94.0,Ok,1620
502405.468000,112.0,Ok,106.0,Ok,1621
502405.671000,103.0,Ok,107.0,Ok,1622
502405.875000,121.0,Ok,105.0,Ok,1623
502406.078000,87.0,Ok,107.0,Ok,1624
502406.281000,80.0,Ok,109.0,Ok,1625
502406.468000,72.0,Ok,104.0,Ok,1626
502406.671000,77.0,Ok,104.0,Ok,1627
502406.875000,131.0,Ok,109.0,Ok,1628
502407.078000,102.0,Ok,109.0,Ok,1629
502407.265000,83.0,Ok,107.0,Ok,1630
502407.468000,144.0,Ok,109.0,Ok,1631
502407.671000,118.0,Ok,97.0,Ok,1632
502407.875000,113.0,Ok,87.0,Ok,1633
502408.078000,117.0,Ok,53.0,Ok,1634
502408.281000,122.0,Ok,44.0,Ok,1635
502408.468000,132.0,Ok,70.0,Ok,1636
502408.671000,128.0,Ok,78.0,Ok,1637
502408.875000,125.0,Ok,88.0,Ok,1638
502409.078000,121.0,Ok,91.0,Ok,1639
502409.265000,129.0,Ok,91.0,Ok,1640
502409.484000,120.0,Ok,91.0,Ok,1641
502409.671000,123.0,Ok,91.0,Ok,1642
502409.875000,122.0,Ok,90.0,Ok,1643
502410.078000,119.0,Ok,90.0,Ok,1644
502410.265000,119.0,Ok,83.0,Ok,1645
502410.468000,114.0,Ok,81.0,Ok,1646
502410.671000,119.0,Ok,63.0,Ok,1647
502410.875000,112.0,Ok,70.0,Ok,1648
502411.078000,107.0,Ok,82.0,Ok,1649
502411.265000,109.0,Ok,90.0,Ok,1650
502411.468000,107.0,Ok,88.0,Ok,1651
502411.671000,103.0,Ok,95.0,Ok,1652
502411.875000,107.0,Ok,89.0,Ok,1653
502412.078000,107.0,Ok,79.0,Ok,1654
502412.281000,107.0,Ok,77.0,Ok,1655
502412.484000,104.0,Ok,83.0,Ok,1656
502412.671000,107.0,Ok,90.0,Ok,1657
502412.875000,102.0,Ok,82.0,Ok,1658
502413.078000,100.0,Ok,90.0,Ok,1659
502413.265000,98.0,Ok,76.0,Ok,1660
502413.468000,104.0,Ok,94.0,Ok,1661
502413.671000,100.0,Ok,85.0,Ok,1662
502413.875000,105.0,Ok,88.0,Ok,1663
502414.062000,99.0,Ok,88.0,Ok,1664
502414.281000,101.0,Ok,92.0,Ok,1665
502414.468000,90.0,Ok,88.0,Ok,1666
502414.671000,102.0,Ok,84.0,Ok,1667
502414.875000,104.0,Ok,88.0,Ok,1668
502415.078000,108.0,Ok,82.0,Ok,1669
502415.265000,107.0,Ok,92.0,Ok,1670
502415.468000,103.0,Ok,80.0,Ok,1671
502415.671000,107.0,Ok,90.0,Ok,1672
502415.875000,110.0,Ok,79.0,Ok,1673
502416.078000,105.0,Ok,83.0,Ok,1674
502416.281000,110.0,Ok,81.0,Ok,1675
502416.468000,98.0,Ok,83.0,Ok,1676
502416.671000,119.0,Ok,83.0,Ok,1677
502416.875000,105.0,Ok,86.0,Ok,1678
502417.078000,107.0,Ok,87.0,Ok,1679
502417.281000,109.0,Ok,77.0,Ok,1680
502417.468000,104.0,Ok,86.0,Ok,1681
502417.671000,106.0,Ok,81.0,Ok,1682
502417.875000,107.0,Ok,83.0,Ok,1683
502418.062000,114.0,Ok,91.0,Ok,1684
502418.281000,104.0,Ok,79.0,Ok,1685
502418.468000,110.0,Ok,74.0,Ok,1686
502418.671000,99.0,Ok,93.0,Ok,1687
502418.875000,107.0,Ok,78.0,Ok,1688
502419.078000,106.0,Ok,77.0,Ok,1689
502419.265000,108.0,Ok,77.0,Ok,1690
502419.468000,104.0,Ok,87.0,Ok,1691
502419.671000,107.0,Ok,65.0,Ok,1692
502419.875000,110.0,Ok,63.0,Ok,1693
502420.078000,111.0,Ok,82.0,Ok,1694
502420.265000,105.0,Ok,64.0,Ok,1695
502420.468000,107.0,Ok,66.0,Ok,1696
502420.671000,107.0,Ok,78.0,Ok,1697
502420.875000,105.0,Ok,70.0,Ok,1698
502421.078000,99.0,Ok,63.0,Ok,1699
502421.281000,109.0,Ok,74.0,Ok,1700
502421.468000,103.0,Ok,79.0,Ok,1701
502421.656000,104.0,Ok,71.0,Ok,1702
502421.875000,103.0,Ok,70.0,Ok,1703
502422.078000,105.0,Ok,79.0,Ok,1704
502422.281000,116.0,Ok,77.0,Ok,1705
502422.468000,118.0,Ok,83.0,Ok,1706
502422.671000,109.0,Ok,84.0,Ok,1707
502422.875000,102.0,Ok,87.0,Ok,1708
502423.062000,107.0,Ok,63.0,Ok,1709
502423.281000,99.0,Ok,73.0,Ok,1710
502423.468000,113.0,Ok,77.0,Ok,1711
502423.671000,102.0,Ok,68.0,Ok,1712
502423.875000,110.0,Ok,78.0,Ok,1713
502424.078000,110.0,Ok,74.0,Ok,1714
502424.265000,103.0,Ok,80.0,Ok,1715
502424.468000,105.0,Ok,68.0,Ok,1716
502424.671000,114.0,Ok,71.0,Ok,1717
502424.875000,113.0,Ok,75.0,Ok,1718
502425.078000,106.0,Ok,70.0,Ok,1719
502425.281000,106.0,Ok,63.0,Ok,1720
502425.468000,120.0,Ok,75.0,Ok,1721
502425.671000,112.0,Ok,80.0,Ok,1722
502425.875000,111.0,Ok,74.0,Ok,1723
502426.078000,106.0,Ok,66.0,Ok,1724
502426.281000,98.0,Ok,64.0,Ok,1725
502426.468000,104.0,Ok,77.0,Ok,1726
502426.671000,108.0,Ok,55.0,Ok,1727
502426.875000,123.0,Ok,61.0,Ok,1728
502427.078000,108.0,Ok,73.0,Ok,1729
502427.281000,107.0,Ok,68.0,Ok,1730
502427.468000,115.0,Ok,59.0,Ok,1731
502427.671000,97.0,Ok,66.0,Ok,1732
502427.875000,109.0,Ok,66.0,Ok,1733
502428.109000,113.0,Ok,61.0,Ok,1734
502428.281000,111.0,Ok,60.0,Ok,1735
502428.468000,103.0,Ok,69.0,Ok,1736
502428.671000,106.0,Ok,70.0,Ok,1737
502428.875000,110.0,Ok,67.0,Ok,1738
502429.078000,130.0,Ok,73.0,Ok,1739
502429.281000,109.0,Ok,70.0,Ok,1740
502429.468000,109.0,Ok,73.0,Ok,1741
502429.671000,108.0,Ok,73.0,Ok,1742
502429.875000,111.0,Ok,74.0,Ok,1743
502430.078000,107.0,Ok,79.0,Ok,1744
502430.281000,104.0,Ok,68.0,Ok,1745
502430.468000,100.0,Ok,67.0,Ok,1746
502430.671000,112.0,Ok,83.0,Ok,1747
502430.859000,113.0,Ok,75.0,Ok,1748
502431.078000,99.0,Ok,75.0,Ok,1749
502431.281000,102.0,Ok,84.0,Ok,1750
502431.468000,119.0,Ok,79.0,Ok,1751
502431.671000,106.0,Ok,79.0,Ok,1752
502431.875000,103.0,Ok,77.0,Ok,1753
502432.062000,105.0,Ok,72.0,Ok,1754
502432.281000,107.0,Ok,83.0,Ok,1755
502432.468000,110.0,Ok,74.0,Ok,1756
502432.671000,112.0,Ok,71.0,Ok,1757
502432.875000,107.0,Ok,65.0,Ok,1758
502433.078000,93.0,Ok,72.0,Ok,1759
502433.281000,108.0,Ok,75.0,Ok,1760
502433.484000,112.0,Ok,70.0,Ok,1761
502433.671000,107.0,Ok,69.0,Ok,1762
502433.875000,114.0,Ok,72.0,Ok,1763
502434.062000,111.0,Ok,71.0,Ok,1764
502434.281000,105.0,Ok,61.0,Ok,1765
502434.468000,111.0,Ok,68.0,Ok,1766
502434.671000,106.0,Ok,72.0,Ok,1767
502434.875000,110.0,Ok,72.0,Ok,1768
502435.078000,110.0,Ok,72.0,Ok,1769
502435.281000,105.0,Ok,71.0,Ok,1770
502435.468000,101.0,Ok,74.0,Ok,1771
502435.671000,104.0,Ok,77.0,Ok,1772
502435.875000,111.0,Ok,66.0,Ok,1773
502436.078000,105.0,Ok,71.0,Ok,1774
502436.281000,106.0,Ok,73.0,Ok,1775
502436.468000,102.0,Ok,73.0,Ok,1776
502436.671000,116.0,Ok,68.0,Ok,1777
502436.875000,104.0,Ok,72.0,Ok,1778
502437.078000,102.0,Ok,72.0,Ok,1779
502437.265000,107.0,Ok,70.0,Ok,1780
502437.468000,107.0,Ok,72.0,Ok,1781
502437.656000,100.0,Ok,70.0,Ok,1782
502437.875000,113.0,Ok,78.0,Ok,1783
502438.078000,117.0,Ok,69.0,Ok,1784
502438.281000,105.0,Ok,71.0,Ok,1785
502438.468000,106.0,Ok,77.0,Ok,1786
502438.671000,114.0,Ok,61.0,Ok,1787
502438.875000,108.0,Ok,65.0,Ok,1788
502439.078000,105.0,Ok,75.0,Ok,1789
502439.281000,107.0,Ok,71.0,Ok,1790
502439.468000,109.0,Ok,73.0,Ok,1791
502439.671000,122.0,Ok,70.0,Ok,1792
502439.875000,102.0,Ok,71.0,Ok,1793
502440.062000,106.0,Ok,72.0,Ok,1794
502440.265000,114.0,Ok,74.0,Ok,1795
502440.468000,118.0,Ok,76.0,Ok,1796
502440.671000,110.0,Ok,77.0,Ok,1797
502440.875000,105.0,Ok,73.0,Ok,1798
502441.078000,104.0,Ok,73.0,Ok,1799
502441.265000,101.0,Ok,78.0,Ok,1800
502441.468000,85.0,Ok,73.0,Ok,1801
502441.671000,104.0,Ok,78.0,Ok,1802
502441.875000,107.0,Ok,70.0,Ok,1803
502442.078000,104.0,Ok,80.0,Ok,1804
502442.281000,107.0,Ok,71.0,Ok,1805
502442.484000,111.0,Ok,74.0,Ok,1806
502442.671000,99.0,Ok,72.0,Ok,1807
502442.875000,112.0,Ok,77.0,Ok,1808
502443.078000,106.0,Ok,78.0,Ok,1809
502443.281000,108.0,Ok,68.0,Ok,1810
502443.468000,101.0,Ok,77.0,Ok,1811
502443.671000,111.0,Ok,68.0,Ok,1812
502443.875000,107.0,Ok,70.0,Ok,1813
502444.078000,107.0,Ok,84.0,Ok,1814
502444.265000,135.0,Ok,78.0,Ok,1815
502444.468000,108.0,Ok,72.0,Ok,1816
502444.671000,106.0,Ok,75.0,Ok,1817
502444.875000,120.0,Ok,76.0,Ok,1818
502445.062000,108.0,Ok,78.0,Ok,1819
502445.265000,106.0,Ok,81.0,Ok,1820
502445.468000,104.0,Ok,78.0,Ok,1821
502445.671000,107.0,Ok,80.0,Ok,1822
502445.875000,115.0,Ok,75.0,Ok,1823
502446.078000,110.0,Ok,82.0,Ok,1824
502446.265000,108.0,Ok,79.0,Ok,1825
502446.468000,84.0,Ok,77.0,Ok,1826
502446.671000,104.0,Ok,78.0,Ok,1827
502446.875000,108.0,Ok,74.0,Ok,1828
502447.078000,99.0,Ok,77.0,Ok,1829
502447.281000,102.0,Ok,73.0,Ok,1830
502447.468000,102.0,Ok,69.0,Ok,1831
502447.671000,124.0,Ok,74.0,Ok,1832
502447.875000,99.0,Ok,72.0,Ok,1833
502448.062000,106.0,Ok,72.0,Ok,1834
502448.265000,101.0,Ok,75.0,Ok,1835
502448.468000,113.0,Ok,71.0,Ok,1836
502448.671000,105.0,Ok,71.0,Ok,1837
502448.875000,106.0,Ok,73.0,Ok,1838
502449.078000,114.0,Ok,74.0,Ok,1839
502449.265000,116.0,Ok,72.0,Ok,1840
502449.468000,107.0,Ok,76.0,Ok,1841
502449.671000,118.0,Ok,73.0,Ok,1842
502449.875000,117.0,Ok,71.0,Ok,1843
502450.078000,101.0,Ok,75.0,Ok,1844
502450.281000,103.0,Ok,77.0,Ok,1845
502450.468000,107.0,Ok,75.0,Ok,1846
502450.671000,94.0,Ok,76.0,Ok,1847
502450.875000,108.0,Ok,79.0,Ok,1848
502451.078000,135.0,Ok,75.0,Ok,1849
502451.281000,109.0,Ok,77.0,Ok,1850
502451.468000,108.0,Ok,76.0,Ok,1851
502451.671000,107.0,Ok,71.0,Ok,1852
502451.875000,111.0,Ok,77.0,Ok,1853
502452.078000,112.0,Ok,73.0,Ok,1854
502452.265000,65535.0,RangingRxTimeout,76.0,Ok,1855
502452.468000,108.0,Ok,73.0,Ok,1856
502452.671000,105.0,Ok,75.0,Ok,1857
502452.875000,113.0,Ok,73.0,Ok,1858
502453.078000,104.0,Ok,73.0,Ok,1859
502453.265000,101.0,Ok,77.0,Ok,1860
502453.468000,116.0,Ok,77.0,Ok,1861
502453.671000,128.0,Ok,62.0,Ok,1862
502453.875000,101.0,Ok,70.0,Ok,1863
502454.078000,111.0,Ok,67.0,Ok,1864
502454.265000,114.0,Ok,63.0,Ok,1865
502454.468000,110.0,Ok,74.0,Ok,1866
502454.671000,107.0,Ok,58.0,Ok,1867
502454.875000,114.0,Ok,62.0,Ok,1868
502455.078000,110.0,Ok,73.0,Ok,1869
502455.265000,119.0,Ok,63.0,Ok,1870
502455.484000,105.0,Ok,66.0,Ok,1871
502455.671000,103.0,Ok,62.0,Ok,1872
502455.875000,109.0,Ok,70.0,Ok,1873
502456.078000,107.0,Ok,72.0,Ok,1874
502456.265000,109.0,Ok,62.0,Ok,1875
502456.468000,98.0,Ok,57.0,Ok,1876
502456.671000,109.0,Ok,70.0,Ok,1877
502456.875000,110.0,Ok,71.0,Ok,1878
502457.078000,114.0,Ok,65.0,Ok,1879
502457.281000,111.0,Ok,56.0,Ok,1880
502457.468000,109.0,Ok,69.0,Ok,1881
502457.671000,114.0,Ok,69.0,Ok,1882
502457.875000,108.0,Ok,67.0,Ok,1883
502458.078000,109.0,Ok,61.0,Ok,1884
502458.281000,111.0,Ok,73.0,Ok,1885
502458.468000,107.0,Ok,73.0,Ok,1886
502458.671000,111.0,Ok,65.0,Ok,1887
502458.875000,105.0,Ok,78.0,Ok,1888
502459.078000,108.0,Ok,68.0,Ok,1889
502459.281000,108.0,Ok,79.0,Ok,1890
502459.484000,119.0,Ok,77.0,Ok,1891
502459.671000,108.0,Ok,75.0,Ok,1892
502459.875000,107.0,Ok,80.0,Ok,1893
502460.062000,99.0,Ok,77.0,Ok,1894
502460.281000,100.0,Ok,79.0,Ok,1895
502460.468000,104.0,Ok,77.0,Ok,1896
502460.656000,105.0,Ok,77.0,Ok,1897
502460.875000,101.0,Ok,76.0,Ok,1898
502461.078000,105.0,Ok,77.0,Ok,1899
502461.281000,100.0,Ok,77.0,Ok,1900
502461.468000,106.0,Ok,82.0,Ok,1901
502461.671000,106.0,Ok,82.0,Ok,1902
502461.875000,101.0,Ok,74.0,Ok,1903
502462.078000,102.0,Ok,74.0,Ok,1904
502462.281000,105.0,Ok,76.0,Ok,1905
502462.468000,103.0,Ok,72.0,Ok,1906
502462.671000,97.0,Ok,76.0,Ok,1907
502462.859000,104.0,Ok,77.0,Ok,1908
502463.078000,97.0,Ok,80.0,Ok,1909
502463.281000,97.0,Ok,83.0,Ok,1910
502463.468000,125.0,Ok,86.0,Ok,1911
502463.671000,105.0,Ok,101.0,Ok,1912
502463.875000,93.0,Ok,98.0,Ok,1913
502464.078000,109.0,Ok,108.0,Ok,1914
502464.265000,85.0,Ok,96.0,Ok,1915
502464.468000,99.0,Ok,81.0,Ok,1916
502464.671000,92.0,Ok,94.0,Ok,1917
502464.875000,100.0,Ok,96.0,Ok,1918
502465.078000,72.0,Ok,92.0,Ok,1919
502465.281000,88.0,Ok,96.0,Ok,1920
502465.468000,96.0,Ok,96.0,Ok,1921
502465.671000,98.0,Ok,89.0,Ok,1922
502465.875000,101.0,Ok,98.0,Ok,1923
502466.078000,107.0,Ok,84.0,Ok,1924
502466.296000,102.0,Ok,96.0,Ok,1925
502466.468000,100.0,Ok,95.0,Ok,1926
502466.671000,114.0,Ok,95.0,Ok,1927
502466.875000,106.0,Ok,97.0,Ok,1928
502467.078000,99.0,Ok,98.0,Ok,1929
502467.265000,98.0,Ok,102.0,Ok,1930
502467.468000,90.0,Ok,99.0,Ok,1931
502467.703000,99.0,Ok,100.0,Ok,1932
502467.875000,105.0,Ok,93.0,Ok,1933
502468.062000,110.0,Ok,65.0,Ok,1934
502468.281000,112.0,Ok,47.0,Ok,1935
502468.468000,106.0,Ok,46.0,Ok,1936
502468.671000,118.0,Ok,59.0,Ok,1937
502468.875000,115.0,Ok,82.0,Ok,1938
502469.078000,98.0,Ok,100.0,Ok,1939
502469.265000,95.0,Ok,106.0,Ok,1940
502469.468000,102.0,Ok,101.0,Ok,1941
502469.671000,108.0,Ok,87.0,Ok,1942
502469.875000,117.0,Ok,63.0,Ok,1943
502470.078000,127.0,Ok,51.0,Ok,1944
502470.281000,126.0,Ok,49.0,Ok,1945
502470.468000,118.0,Ok,61.0,Ok,1946
502470.671000,118.0,Ok,79.0,Ok,1947
502470.875000,104.0,Ok,92.0,Ok,1948
502471.078000,98.0,Ok,105.0,Ok,1949
502471.265000,91.0,Ok,111.0,Ok,1950
502471.468000,103.0,Ok,99.0,Ok,1951
502471.671000,99.0,Ok,98.0,Ok,1952
502471.875000,99.0,Ok,96.0,Ok,1953
502472.078000,101.0,Ok,100.0,Ok,1954
502472.281000,98.0,Ok,101.0,Ok,1955
502472.468000,97.0,Ok,100.0,Ok,1956
502472.671000,93.0,Ok,100.0,Ok,1957
502472.875000,102.0,Ok,100.0,Ok,1958
502473.062000,99.0,Ok,88.0,Ok,1959
502473.265000,100.0,Ok,86.0,Ok,1960
502473.468000,95.0,Ok,100.0,Ok,1961
502473.671000,102.0,Ok,102.0,Ok,1962
502473.875000,96.0,Ok,93.0,Ok,1963
502474.078000,104.0,Ok,85.0,Ok,1964
502474.281000,104.0,Ok,104.0,Ok,1965
502474.484000,99.0,Ok,93.0,Ok,1966
502474.671000,90.0,Ok,110.0,Ok,1967
502474.875000,93.0,Ok,99.0,Ok,1968
502475.078000,100.0,Ok,99.0,Ok,1969
502475.265000,100.0,Ok,103.0,Ok,1970
502475.468000,93.0,Ok,117.0,Ok,1971
502475.671000,96.0,Ok,115.0,Ok,1972
502475.875000,96.0,Ok,120.0,Ok,1973
502476.078000,92.0,Ok,119.0,Ok,1974
502476.281000,91.0,Ok,119.0,Ok,1975
502476.468000,84.0,Ok,123.0,Ok,1976
502476.671000,104.0,Ok,98.0,Ok,1977
502476.875000,113.0,Ok,56.0,Ok,1978
502477.078000,110.0,Ok,42.0,Ok,1979
502477.281000,113.0,Ok,54.0,Ok,1980
502477.468000,105.0,Ok,78.0,Ok,1981
502477.671000,99.0,Ok,101.0,Ok,1982
502477.875000,84.0,Ok,116.0,Ok,1983
502478.078000,96.0,Ok,92.0,Ok,1984
502478.265000,101.0,Ok,68.0,Ok,1985
502478.468000,119.0,Ok,49.0,Ok,1986
502478.671000,115.0,Ok,42.0,Ok,1987
502478.875000,113.0,Ok,61.0,Ok,1988
502479.062000,101.0,Ok,89.0,Ok,1989
502479.281000,92.0,Ok,98.0,Ok,1990
502479.468000,96.0,Ok,109.0,Ok,1991
502479.671000,103.0,Ok,85.0,Ok,1992
502479.875000,107.0,Ok,77.0,Ok,1993
502480.062000,115.0,Ok,73.0,Ok,1994
502480.265000,114.0,Ok,85.0,Ok,1995
502480.468000,106.0,Ok,83.0,Ok,1996
502480.671000,65535.0,RangingRxTimeout,84.0,Ok,1997
502480.875000,101.0,Ok,98.0,Ok,1998
502481.078000,99.0,Ok,98.0,Ok,1999
502481.281000,98.0,Ok,99.0,Ok,2000
502481.468000,94.0,Ok,92.0,Ok,2001
502481.671000,96.0,Ok,99.0,Ok,2002
502481.875000,96.0,Ok,98.0,Ok,2003
502482.062000,99.0,Ok,93.0,Ok,2004
502482.281000,95.0,Ok,92.0,Ok,2005
502482.468000,97.0,Ok,94.0,Ok,2006
502482.671000,98.0,Ok,95.0,Ok,2007
502482.875000,99.0,Ok,99.0,Ok,2008
502483.078000,94.0,Ok,96.0,Ok,2009
502483.281000,96.0,Ok,97.0,Ok,2010
502483.468000,99.0,Ok,93.0,Ok,2011
502483.671000,95.0,Ok,96.0,Ok,2012
502483.875000,95.0,Ok,98.0,Ok,2013
502484.062000,96.0,Ok,91.0,Ok,2014
502484.281000,98.0,Ok,99.0,Ok,2015
502484.468000,97.0,Ok,98.0,Ok,2016
502484.671000,95.0,Ok,101.0,Ok,2017
502484.875000,99.0,Ok,92.0,Ok,2018
502485.078000,95.0,Ok,91.0,Ok,2019
502485.281000,100.0,Ok,87.0,Ok,2020
502485.468000,100.0,Ok,95.0,Ok,2021
502485.671000,97.0,Ok,93.0,Ok,2022
502485.875000,95.0,Ok,89.0,Ok,2023
502486.078000,102.0,Ok,92.0,Ok,2024
502486.265000,99.0,Ok,77.0,Ok,2025
502486.468000,103.0,Ok,84.0,Ok,2026
502486.671000,97.0,Ok,84.0,Ok,2027
502486.875000,95.0,Ok,84.0,Ok,2028
502487.078000,97.0,Ok,88.0,Ok,2029
502487.281000,97.0,Ok,90.0,Ok,2030
502487.468000,95.0,Ok,92.0,Ok,2031
502487.671000,97.0,Ok,92.0,Ok,2032
502487.875000,97.0,Ok,91.0,Ok,2033
502488.078000,95.0,Ok,89.0,Ok,2034
502488.281000,90.0,Ok,92.0,Ok,2035
502488.468000,91.0,Ok,85.0,Ok,2036
502488.671000,94.0,Ok,91.0,Ok,2037
502488.875000,94.0,Ok,78.0,Ok,2038
502489.078000,93.0,Ok,91.0,Ok,2039
502489.281000,93.0,Ok,90.0,Ok,2040
502489.468000,97.0,Ok,89.0,Ok,2041
502489.671000,92.0,Ok,88.0,Ok,2042
502489.875000,94.0,Ok,89.0,Ok,2043
502490.078000,93.0,Ok,82.0,Ok,2044
502490.281000,97.0,Ok,87.0,Ok,2045
502490.468000,99.0,Ok,84.0,Ok,2046
502490.671000,92.0,Ok,84.0,Ok,2047
502490.875000,97.0,Ok,84.0,Ok,2048
502491.078000,98.0,Ok,84.0,Ok,2049
502491.281000,92.0,Ok,85.0,Ok,2050
502491.468000,92.0,Ok,85.0,Ok,2051
502491.671000,96.0,Ok,84.0,Ok,2052
502491.875000,93.0,Ok,86.0,Ok,2053
502492.078000,99.0,Ok,90.0,Ok,2054
502492.265000,95.0,Ok,90.0,Ok,2055
502492.468000,93.0,Ok,93.0,Ok,2056
502492.671000,90.0,Ok,88.0,Ok,2057
502492.875000,91.0,Ok,84.0,Ok,2058
502493.078000,93.0,Ok,94.0,Ok,2059
502493.265000,95.0,Ok,92.0,Ok,2060
502493.468000,96.0,Ok,85.0,Ok,2061
502493.671000,94.0,Ok,92.0,Ok,2062
502493.875000,95.0,Ok,91.0,Ok,2063
502494.078000,95.0,Ok,85.0,Ok,2064
502494.281000,95.0,Ok,85.0,Ok,2065
502494.468000,92.0,Ok,96.0,Ok,2066
502494.671000,95.0,Ok,86.0,Ok,2067
502494.875000,95.0,Ok,95.0,Ok,2068
502495.078000,94.0,Ok,94.0,Ok,2069
502495.281000,93.0,Ok,93.0,Ok,2070
502495.468000,96.0,Ok,93.0,Ok,2071
502495.671000,93.0,Ok,88.0,Ok,2072
502495.875000,95.0,Ok,98.0,Ok,2073
502496.078000,94.0,Ok,94.0,Ok,2074
502496.265000,100.0,Ok,92.0,Ok,2075
502496.468000,100.0,Ok,80.0,Ok,2076
502496.671000,94.0,Ok,87.0,Ok,2077
502496.859000,97.0,Ok,93.0,Ok,2078
502497.078000,97.0,Ok,101.0,Ok,2079
502497.281000,104.0,Ok,101.0,Ok,2080
502497.468000,96.0,Ok,93.0,Ok,2081
502497.671000,95.0,Ok,98.0,Ok,2082
502497.875000,96.0,Ok,102.0,Ok,2083
502498.078000,95.0,Ok,94.0,Ok,2084
502498.265000,99.0,Ok,90.0,Ok,2085
502498.468000,99.0,Ok,96.0,Ok,2086
502498.656000,98.0,Ok,96.0,Ok,2087
502498.875000,97.0,Ok,98.0,Ok,2088
502499.078000,96.0,Ok,99.0,Ok,2089
502499.265000,95.0,Ok,98.0,Ok,2090
502499.468000,95.0,Ok,88.0,Ok,2091
502499.656000,96.0,Ok,91.0,Ok,2092
502499.875000,94.0,Ok,92.0,Ok,2093
502500.078000,93.0,Ok,95.0,Ok,2094
502500.281000,88.0,Ok,92.0,Ok,2095
502500.468000,95.0,Ok,84.0,Ok,2096
502500.671000,94.0,Ok,92.0,Ok,2097
502500.859000,95.0,Ok,88.0,Ok,2098
502501.078000,95.0,Ok,86.0,Ok,2099
502501.281000,97.0,Ok,88.0,Ok,2100
502501.468000,97.0,Ok,86.0,Ok,2101
502501.671000,91.0,Ok,89.0,Ok,2102
502501.875000,95.0,Ok,95.0,Ok,2103
502502.062000,96.0,Ok,92.0,Ok,2104
502502.281000,97.0,Ok,100.0,Ok,2105
502502.468000,98.0,Ok,94.0,Ok,2106
502502.671000,98.0,Ok,96.0,Ok,2107
502502.875000,98.0,Ok,95.0,Ok,2108
502503.109000,99.0,Ok,97.0,Ok,2109
502503.265000,99.0,Ok,92.0,Ok,2110
502503.468000,99.0,Ok,91.0,Ok,2111
502503.671000,100.0,Ok,91.0,Ok,2112
502503.875000,97.0,Ok,89.0,Ok,2113
502504.078000,94.0,Ok,93.0,Ok,2114
502504.281000,100.0,Ok,94.0,Ok,2115
502504.468000,99.0,Ok,89.0,Ok,2116
502504.671000,100.0,Ok,91.0,Ok,2117
502504.875000,103.0,Ok,92.0,Ok,2118
502505.078000,101.0,Ok,91.0,Ok,2119
502505.281000,99.0,Ok,96.0,Ok,2120
502505.468000,99.0,Ok,98.0,Ok,2121
502505.656000,101.0,Ok,99.0,Ok,2122
502505.875000,99.0,Ok,99.0,Ok,2123
502506.062000,99.0,Ok,92.0,Ok,2124
502506.281000,99.0,Ok,101.0,Ok,2125
502506.468000,99.0,Ok,101.0,Ok,2126
502506.671000,99.0,Ok,95.0,Ok,2127
502506.859000,97.0,Ok,100.0,Ok,2128
502507.078000,97.0,Ok,100.0,Ok,2129
502507.265000,96.0,Ok,103.0,Ok,2130
502507.468000,98.0,Ok,99.0,Ok,2131
502507.671000,95.0,Ok,100.0,Ok,2132
502507.875000,95.0,Ok,99.0,Ok,2133
502508.078000,97.0,Ok,100.0,Ok,2134
502508.265000,94.0,Ok,94.0,Ok,2135
502508.468000,97.0,Ok,98.0,Ok,2136
502508.671000,99.0,Ok,92.0,Ok,2137
502508.875000,98.0,Ok,97.0,Ok,2138
502509.078000,92.0,Ok,93.0,Ok,2139
502509.265000,112.0,Ok,96.0,Ok,2140
502509.468000,109.0,Ok,91.0,Ok,2141
502509.671000,124.0,Ok,83.0,Ok,2142
502509.875000,90.0,Ok,76.0,Ok,2143
502510.062000,99.0,Ok,88.0,Ok,2144
502510.281000,124.0,Ok,87.0,Ok,2145
502510.468000,118.0,Ok,92.0,Ok,2146
502510.671000,120.0,Ok,94.0,Ok,2147
502510.875000,112.0,Ok,72.0,Ok,2148
502511.078000,100.0,Ok,85.0,Ok,2149
502511.281000,105.0,Ok,81.0,Ok,2150
502511.468000,91.0,Ok,80.0,Ok,2151
502511.656000,99.0,Ok,90.0,Ok,2152
502511.875000,105.0,Ok,73.0,Ok,2153
502512.062000,93.0,Ok,61.0,Ok,2154
502512.281000,100.0,Ok,43.0,Ok,2155
502512.468000,103.0,Ok,45.0,Ok,2156
502512.671000,100.0,Ok,57.0,Ok,2157
502512.859000,104.0,Ok,73.0,Ok,2158
502513.078000,102.0,Ok,80.0,Ok,2159
502513.265000,92.0,Ok,93.0,Ok,2160
502513.468000,92.0,Ok,84.0,Ok,2161
502513.671000,90.0,Ok,81.0,Ok,2162
502513.875000,98.0,Ok,66.0,Ok,2163
502514.062000,102.0,Ok,52.0,Ok,2164
502514.281000,104.0,Ok,43.0,Ok,2165
502514.468000,95.0,Ok,51.0,Ok,2166
502514.671000,107.0,Ok,74.0,Ok,2167
502514.875000,91.0,Ok,92.0,Ok,2168
502515.078000,94.0,Ok,96.0,Ok,2169
502515.281000,90.0,Ok,94.0,Ok,2170
502515.468000,107.0,Ok,77.0,Ok,2171
502515.671000,106.0,Ok,46.0,Ok,2172
502515.875000,103.0,Ok,47.0,Ok,2173
502516.078000,92.0,Ok,45.0,Ok,2174
502516.281000,99.0,Ok,72.0,Ok,2175
502516.468000,90.0,Ok,101.0,Ok,2176
502516.671000,88.0,Ok,97.0,Ok,2177
502516.875000,85.0,Ok,97.0,Ok,2178
502517.078000,130.0,Ok,85.0,Ok,2179
502517.281000,117.0,Ok,91.0,Ok,2180
502517.468000,105.0,Ok,81.0,Ok,2181
502517.671000,98.0,Ok,77.0,Ok,2182
502517.875000,88.0,Ok,69.0,Ok,2183
502518.109000,99.0,Ok,75.0,Ok,2184
502518.281000,64.0,Ok,71.0,Ok,2185
502518.468000,103.0,Ok,72.0,Ok,2186
502518.671000,110.0,Ok,78.0,Ok,2187
502518.859000,130.0,Ok,93.0,Ok,2188
502519.062000,134.0,Ok,88.0,Ok,2189
502519.281000,128.0,Ok,90.0,Ok,2190
502519.468000,108.0,Ok,82.0,Ok,2191
502519.671000,84.0,Ok,87.0,Ok,2192
502519.859000,76.0,Ok,83.0,Ok,2193
502520.062000,99.0,Ok,100.0,Ok,2194
502520.265000,102.0,Ok,92.0,Ok,2195
502520.453000,98.0,Ok,92.0,Ok,2196
502520.671000,103.0,Ok,90.0,Ok,2197
502520.859000,98.0,Ok,82.0,Ok,2198
502521.078000,88.0,Ok,93.0,Ok,2199
502521.265000,105.0,Ok,76.0,Ok,2200
502521.468000,88.0,Ok,93.0,Ok,2201
502521.671000,98.0,Ok,92.0,Ok,2202
502521.859000,88.0,Ok,96.0,Ok,2203
502522.078000,104.0,Ok,93.0,Ok,2204
502522.281000,102.0,Ok,84.0,Ok,2205
502522.468000,107.0,Ok,81.0,Ok,2206
502522.671000,99.0,Ok,97.0,Ok,2207
502522.875000,99.0,Ok,92.0,Ok,2208
502523.078000,99.0,Ok,81.0,Ok,2209
502523.281000,106.0,Ok,71.0,Ok,2210
502523.468000,119.0,Ok,52.0,Ok,2211
502523.671000,118.0,Ok,42.0,Ok,2212
502523.859000,115.0,Ok,41.0,Ok,2213
502524.078000,122.0,Ok,43.0,Ok,2214
502524.281000,116.0,Ok,55.0,Ok,2215
502524.468000,107.0,Ok,67.0,Ok,2216
502524.671000,109.0,Ok,81.0,Ok,2217
502524.875000,103.0,Ok,86.0,Ok,2218
502525.078000,104.0,Ok,101.0,Ok,2219
502525.265000,106.0,Ok,93.0,Ok,2220
502525.468000,103.0,Ok,74.0,Ok,2221
502525.671000,110.0,Ok,67.0,Ok,2222
502525.875000,109.0,Ok,52.0,Ok,2223
502526.062000,114.0,Ok,47.0,Ok,2224
502526.281000,118.0,Ok,40.0,Ok,2225
502526.468000,117.0,Ok,45.0,Ok,2226
502526.671000,114.0,Ok,45.0,Ok,2227
502526.875000,115.0,Ok,49.0,Ok,2228
502527.062000,114.0,Ok,73.0,Ok,2229
502527.265000,94.0,Ok,71.0,Ok,2230
502527.468000,104.0,Ok,69.0,Ok,2231
502527.671000,95.0,Ok,98.0,Ok,2232
502527.875000,91.0,Ok,100.0,Ok,2233
502528.062000,92.0,Ok,109.0,Ok,2234
502528.265000,85.0,Ok,95.0,Ok,2235
502528.468000,82.0,Ok,96.0,Ok,2236
502528.671000,91.0,Ok,100.0,Ok,2237
502528.875000,120.0,Ok,99.0,Ok,2238
502529.078000,92.0,Ok,107.0,Ok,2239
502529.281000,90.0,Ok,111.0,Ok,2240
502529.468000,114.0,Ok,106.0,Ok,2241
502529.671000,92.0,Ok,106.0,Ok,2242
502529.875000,89.0,Ok,105.0,Ok,2243
502530.078000,100.0,Ok,97.0,Ok,2244
502530.281000,95.0,Ok,100.0,Ok,2245
502530.468000,98.0,Ok,98.0,Ok,2246
502530.671000,100.0,Ok,92.0,Ok,2247
502530.875000,119.0,Ok,105.0,Ok,2248
502531.078000,97.0,Ok,98.0,Ok,2249
502531.265000,92.0,Ok,89.0,Ok,2250
502531.468000,93.0,Ok,92.0,Ok,2251
502531.671000,97.0,Ok,82.0,Ok,2252
502531.875000,86.0,Ok,94.0,Ok,2253
502532.078000,92.0,Ok,95.0,Ok,2254
502532.265000,91.0,Ok,84.0,Ok,2255
502532.468000,104.0,Ok,92.0,Ok,2256
502532.671000,129.0,Ok,95.0,Ok,2257
502532.875000,107.0,Ok,92.0,Ok,2258
502533.078000,96.0,Ok,99.0,Ok,2259
502533.281000,111.0,Ok,100.0,Ok,2260
502533.468000,99.0,Ok,102.0,Ok,2261
502533.671000,104.0,Ok,98.0,Ok,2262
502533.875000,105.0,Ok,99.0,Ok,2263
502534.062000,90.0,Ok,91.0,Ok,2264
502534.265000,92.0,Ok,92.0,Ok,2265
502534.468000,88.0,Ok,100.0,Ok,2266
502534.671000,96.0,Ok,93.0,Ok,2267
502534.875000,97.0,Ok,95.0,Ok,2268
502535.078000,92.0,Ok,76.0,Ok,2269
502535.281000,113.0,Ok,55.0,Ok,2270
502535.468000,122.0,Ok,51.0,Ok,2271
502535.671000,122.0,Ok,52.0,Ok,2272
502535.875000,120.0,Ok,49.0,Ok,2273
502536.062000,107.0,Ok,46.0,Ok,2274
502536.281000,119.0,Ok,51.0,Ok,2275
502536.468000,101.0,Ok,65.0,Ok,2276
502536.671000,110.0,Ok,88.0,Ok,2277
502536.875000,100.0,Ok,88.0,Ok,2278
502537.062000,101.0,Ok,80.0,Ok,2279
502537.265000,122.0,Ok,69.0,Ok,2280
502537.468000,116.0,Ok,57.0,Ok,2281
502537.671000,109.0,Ok,46.0,Ok,2282
502537.875000,113.0,Ok,49.0,Ok,2283
502538.078000,109.0,Ok,49.0,Ok,2284
502538.281000,107.0,Ok,45.0,Ok,2285
502538.468000,116.0,Ok,53.0,Ok,2286
502538.671000,123.0,Ok,66.0,Ok,2287
502538.875000,97.0,Ok,97.0,Ok,2288
502539.062000,91.0,Ok,102.0,Ok,2289
502539.281000,91.0,Ok,102.0,Ok,2290
502539.468000,92.0,Ok,100.0,Ok,2291
502539.671000,99.0,Ok,114.0,Ok,2292
502539.875000,115.0,Ok,92.0,Ok,2293
502540.078000,96.0,Ok,95.0,Ok,2294
502540.265000,95.0,Ok,88.0,Ok,2295
502540.468000,83.0,Ok,66.0,Ok,2296
502540.671000,99.0,Ok,125.0,Ok,2297
502540.875000,98.0,Ok,94.0,Ok,2298
502541.062000,73.0,Ok,90.0,Ok,2299
502541.281000,87.0,Ok,93.0,Ok,2300
502541.468000,82.0,Ok,92.0,Ok,2301
502541.671000,67.0,Ok,85.0,Ok,2302
502541.875000,81.0,Ok,90.0,Ok,2303
502542.062000,79.0,Ok,74.0,Ok,2304
502542.265000,66.0,Ok,92.0,Ok,2305
502542.468000,84.0,Ok,94.0,Ok,2306
502542.671000,84.0,Ok,95.0,Ok,2307
502542.875000,78.0,Ok,91.0,Ok,2308
502543.062000,77.0,Ok,92.0,Ok,2309
502543.265000,81.0,Ok,100.0,Ok,2310
502543.468000,78.0,Ok,108.0,Ok,2311
502543.671000,78.0,Ok,80.0,Ok,2312
502543.875000,78.0,Ok,92.0,Ok,2313
502544.078000,82.0,Ok,87.0,Ok,2314
502544.265000,74.0,Ok,89.0,Ok,2315
502544.468000,86.0,Ok,88.0,Ok,2316
502544.671000,85.0,Ok,90.0,Ok,2317
502544.875000,84.0,Ok,89.0,Ok,2318
502545.078000,94.0,Ok,92.0,Ok,2319
502545.265000,105.0,Ok,98.0,Ok,2320
502545.468000,99.0,Ok,89.0,Ok,2321
502545.671000,97.0,Ok,93.0,Ok,2322
502545.875000,103.0,Ok,87.0,Ok,2323
502546.078000,96.0,Ok,90.0,Ok,2324
502546.281000,91.0,Ok,92.0,Ok,2325
502546.468000,99.0,Ok,93.0,Ok,2326
502546.671000,91.0,Ok,88.0,Ok,2327
502546.875000,98.0,Ok,94.0,Ok,2328
502547.078000,87.0,Ok,96.0,Ok,2329
502547.281000,99.0,Ok,95.0,Ok,2330
502547.468000,106.0,Ok,105.0,Ok,2331
502547.656000,92.0,Ok,86.0,Ok,2332
502547.859000,97.0,Ok,59.0,Ok,2333
502548.078000,106.0,Ok,40.0,Ok,2334
502548.281000,99.0,Ok,53.0,Ok,2335
502548.468000,95.0,Ok,62.0,Ok,2336
502548.671000,98.0,Ok,76.0,Ok,2337
502548.875000,92.0,Ok,104.0,Ok,2338
502549.062000,103.0,Ok,89.0,Ok,2339
502549.265000,100.0,Ok,66.0,Ok,2340
502549.468000,95.0,Ok,47.0,Ok,2341
502549.671000,104.0,Ok,44.0,Ok,2342
502549.875000,97.0,Ok,45.0,Ok,2343
502550.078000,99.0,Ok,65.0,Ok,2344
502550.265000,91.0,Ok,87.0,Ok,2345
502550.453000,86.0,Ok,94.0,Ok,2346
502550.671000,95.0,Ok,95.0,Ok,2347
502550.875000,91.0,Ok,84.0,Ok,2348
502551.078000,105.0,Ok,84.0,Ok,2349
502551.281000,116.0,Ok,58.0,Ok,2350
502551.453000,110.0,Ok,48.0,Ok,2351
502551.656000,104.0,Ok,49.0,Ok,2352
502551.875000,107.0,Ok,65.0,Ok,2353
502552.078000,92.0,Ok,77.0,Ok,2354
502552.265000,89.0,Ok,90.0,Ok,2355
502552.468000,90.0,Ok,94.0,Ok,2356
502552.656000,90.0,Ok,83.0,Ok,2357
502552.875000,92.0,Ok,81.0,Ok,2358
502553.078000,103.0,Ok,67.0,Ok,2359
502553.281000,109.0,Ok,54.0,Ok,2360
502553.468000,103.0,Ok,54.0,Ok,2361
502553.671000,98.0,Ok,61.0,Ok,2362
502553.875000,108.0,Ok,73.0,Ok,2363
502554.078000,70.0,Ok,98.0,Ok,2364
502554.265000,61.0,Ok,101.0,Ok,2365
502554.468000,62.0,Ok,137.0,Ok,2366
502554.671000,69.0,Ok,109.0,Ok,2367
502554.859000,72.0,Ok,106.0,Ok,2368
502555.078000,77.0,Ok,102.0,Ok,2369
502555.265000,73.0,Ok,93.0,Ok,2370
502555.468000,69.0,Ok,94.0,Ok,2371
502555.671000,74.0,Ok,99.0,Ok,2372
502555.875000,75.0,Ok,97.0,Ok,2373
502556.078000,72.0,Ok,102.0,Ok,2374
502556.265000,71.0,Ok,100.0,Ok,2375
502556.468000,65.0,Ok,98.0,Ok,2376
502556.671000,66.0,Ok,103.0,Ok,2377
502556.875000,70.0,Ok,95.0,Ok,2378
502557.062000,71.0,Ok,91.0,Ok,2379
502557.281000,69.0,Ok,104.0,Ok,2380
502557.468000,69.0,Ok,99.0,Ok,2381
502557.671000,79.0,Ok,105.0,Ok,2382
502557.875000,66.0,Ok,93.0,Ok,2383
502558.062000,79.0,Ok,90.0,Ok,2384
502558.265000,84.0,Ok,92.0,Ok,2385
502558.468000,79.0,Ok,98.0,Ok,2386
502558.656000,45.0,Ok,90.0,Ok,2387
502558.875000,109.0,Ok,88.0,Ok,2388
502559.078000,90.0,Ok,78.0,Ok,2389
502559.281000,109.0,Ok,51.0,Ok,2390
502559.468000,129.0,Ok,47.0,Ok,2391
502559.671000,100.0,Ok,52.0,Ok,2392
502559.875000,92.0,Ok,78.0,Ok,2393
502560.062000,72.0,Ok,84.0,Ok,2394
502560.265000,62.0,Ok,99.0,Ok,2395
502560.468000,62.0,Ok,97.0,Ok,2396
502560.656000,89.0,Ok,85.0,Ok,2397
502560.875000,78.0,Ok,70.0,Ok,2398
502561.078000,95.0,Ok,53.0,Ok,2399
502561.265000,100.0,Ok,43.0,Ok,2400
502561.468000,96.0,Ok,53.0,Ok,2401
502561.671000,101.0,Ok,79.0,Ok,2402
502561.875000,99.0,Ok,97.0,Ok,2403
502562.078000,97.0,Ok,94.0,Ok,2404
502562.265000,121.0,Ok,86.0,Ok,2405
502562.468000,101.0,Ok,76.0,Ok,2406
502562.671000,95.0,Ok,52.0,Ok,2407
502562.875000,105.0,Ok,65535.0,RangingRxTimeout,2408
502563.062000,104.0,Ok,46.0,Ok,2409
502563.265000,104.0,Ok,50.0,Ok,2410
502563.468000,102.0,Ok,54.0,Ok,2411
502563.671000,94.0,Ok,58.0,Ok,2412
502563.875000,107.0,Ok,77.0,Ok,2413
502564.078000,79.0,Ok,99.0,Ok,2414
502564.265000,76.0,Ok,99.0,Ok,2415
502564.468000,66.0,Ok,95.0,Ok,2416
502564.671000,115.0,Ok,71.0,Ok,2417
502564.875000,95.0,Ok,72.0,Ok,2418
502565.078000,82.0,Ok,89.0,Ok,2419
502565.265000,58.0,Ok,85.0,Ok,2420
502565.468000,73.0,Ok,95.0,Ok,2421
502565.671000,74.0,Ok,101.0,Ok,2422
502565.875000,74.0,Ok,93.0,Ok,2423
502566.078000,84.0,Ok,85.0,Ok,2424
502566.281000,93.0,Ok,90.0,Ok,2425
502566.468000,125.0,Ok,77.0,Ok,2426
502566.671000,86.0,Ok,89.0,Ok,2427
502566.875000,86.0,Ok,88.0,Ok,2428
502567.062000,87.0,Ok,95.0,Ok,2429
502567.265000,95.0,Ok,97.0,Ok,2430
502567.468000,82.0,Ok,75.0,Ok,2431
502567.671000,73.0,Ok,77.0,Ok,2432
502567.875000,77.0,Ok,77.0,Ok,2433
502568.078000,75.0,Ok,79.0,Ok,2434
502568.281000,72.0,Ok,82.0,Ok,2435
502568.468000,89.0,Ok,91.0,Ok,2436
502568.656000,103.0,Ok,93.0,Ok,2437
502568.875000,87.0,Ok,77.0,Ok,2438
502569.078000,96.0,Ok,63.0,Ok,2439
502569.281000,97.0,Ok,47.0,Ok,2440
502569.453000,109.0,Ok,53.0,Ok,2441
502569.656000,96.0,Ok,71.0,Ok,2442
502569.890000,121.0,Ok,88.0,Ok,2443
502570.078000,67.0,Ok,95.0,Ok,2444
502570.265000,95.0,Ok,80.0,Ok,2445
502570.468000,89.0,Ok,95.0,Ok,2446
502570.671000,104.0,Ok,94.0,Ok,2447
502570.875000,97.0,Ok,81.0,Ok,2448
502571.078000,122.0,Ok,77.0,Ok,2449
502571.265000,99.0,Ok,53.0,Ok,2450
502571.468000,99.0,Ok,54.0,Ok,2451
502571.671000,99.0,Ok,54.0,Ok,2452
502571.875000,100.0,Ok,75.0,Ok,2453
502572.062000,85.0,Ok,120.0,Ok,2454
502572.265000,107.0,Ok,106.0,Ok,2455
502572.468000,97.0,Ok,99.0,Ok,2456
502572.656000,94.0,Ok,114.0,Ok,2457
502572.875000,71.0,Ok,97.0,Ok,2458
502573.062000,88.0,Ok,92.0,Ok,2459
502573.281000,88.0,Ok,84.0,Ok,2460
502573.484000,79.0,Ok,90.0,Ok,2461
502573.671000,97.0,Ok,92.0,Ok,2462
502573.875000,104.0,Ok,103.0,Ok,2463
502574.078000,102.0,Ok,94.0,Ok,2464
502574.281000,100.0,Ok,96.0,Ok,2465
502574.468000,101.0,Ok,102.0,Ok,2466
502574.671000,100.0,Ok,97.0,Ok,2467
502574.875000,93.0,Ok,90.0,Ok,2468
502575.078000,107.0,Ok,100.0,Ok,2469
502575.265000,104.0,Ok,103.0,Ok,2470
502575.468000,90.0,Ok,103.0,Ok,2471
502575.671000,97.0,Ok,102.0,Ok,2472
502575.875000,92.0,Ok,92.0,Ok,2473
502576.078000,93.0,Ok,104.0,Ok,2474
502576.265000,76.0,Ok,102.0,Ok,2475
502576.484000,80.0,Ok,91.0,Ok,2476
502576.671000,122.0,Ok,109.0,Ok,2477
502576.875000,91.0,Ok,92.0,Ok,2478
502577.078000,67.0,Ok,105.0,Ok,2479
502577.281000,58.0,Ok,101.0,Ok,2480
502577.468000,63.0,Ok,104.0,Ok,2481
502577.671000,72.0,Ok,104.0,Ok,2482
502577.875000,89.0,Ok,103.0,Ok,2483
502578.078000,88.0,Ok,105.0,Ok,2484
502578.265000,88.0,Ok,100.0,Ok,2485
502578.468000,87.0,Ok,106.0,Ok,2486
502578.671000,89.0,Ok,103.0,Ok,2487
502578.875000,93.0,Ok,103.0,Ok,2488
502579.078000,87.0,Ok,103.0,Ok,2489
502579.265000,91.0,Ok,103.0,Ok,2490
502579.468000,92.0,Ok,108.0,Ok,2491
502579.671000,92.0,Ok,103.0,Ok,2492
502579.859000,89.0,Ok,105.0,Ok,2493
502580.078000,86.0,Ok,107.0,Ok,2494
502580.281000,88.0,Ok,104.0,Ok,2495
502580.468000,88.0,Ok,105.0,Ok,2496
502580.671000,89.0,Ok,105.0,Ok,2497
502580.875000,89.0,Ok,105.0,Ok,2498
502581.062000,88.0,Ok,104.0,Ok,2499
502581.265000,92.0,Ok,96.0,Ok,2500
502581.468000,80.0,Ok,106.0,Ok,2501
502581.671000,87.0,Ok,98.0,Ok,2502
502581.875000,71.0,Ok,96.0,Ok,2503
502582.078000,84.0,Ok,90.0,Ok,2504
502582.281000,88.0,Ok,97.0,Ok,2505
502582.468000,92.0,Ok,97.0,Ok,2506
502582.671000,117.0,Ok,103.0,Ok,2507
502582.875000,103.0,Ok,99.0,Ok,2508
502583.078000,100.0,Ok,105.0,Ok,2509
502583.281000,94.0,Ok,95.0,Ok,2510
502583.468000,82.0,Ok,106.0,Ok,2511
502583.671000,56.0,Ok,95.0,Ok,2512
502583.875000,110.0,Ok,77.0,Ok,2513
502584.078000,102.0,Ok,102.0,Ok,2514
502584.281000,62.0,Ok,99.0,Ok,2515
502584.468000,69.0,Ok,101.0,Ok,2516
502584.671000,129.0,Ok,92.0,Ok,2517
502584.906000,123.0,Ok,91.0,Ok,2518
502585.078000,98.0,Ok,97.0,Ok,2519
502585.281000,87.0,Ok,82.0,Ok,2520
502585.468000,111.0,Ok,99.0,Ok,2521
502585.671000,87.0,Ok,96.0,Ok,2522
502585.875000,99.0,Ok,106.0,Ok,2523
502586.078000,60.0,Ok,106.0,Ok,2524
502586.265000,55.0,Ok,101.0,Ok,2525
502586.468000,102.0,Ok,102.0,Ok,2526
502586.671000,130.0,Ok,96.0,Ok,2527
502586.875000,88.0,Ok,92.0,Ok,2528
502587.078000,95.0,Ok,72.0,Ok,2529
502587.265000,116.0,Ok,61.0,Ok,2530
502587.468000,115.0,Ok,47.0,Ok,2531
502587.671000,131.0,Ok,46.0,Ok,2532
502587.875000,131.0,Ok,46.0,Ok,2533
502588.062000,107.0,Ok,47.0,Ok,2534
502588.281000,112.0,Ok,48.0,Ok,2535
502588.468000,105.0,Ok,50.0,Ok,2536
502588.671000,92.0,Ok,48.0,Ok,2537
502588.859000,101.0,Ok,57.0,Ok,2538
502589.078000,101.0,Ok,69.0,Ok,2539
502589.281000,77.0,Ok,88.0,Ok,2540
502589.468000,71.0,Ok,97.0,Ok,2541
502589.671000,59.0,Ok,103.0,Ok,2542
502589.875000,65.0,Ok,105.0,Ok,2543
502590.078000,80.0,Ok,101.0,Ok,2544
502590.281000,96.0,Ok,65.0,Ok,2545
502590.468000,118.0,Ok,56.0,Ok,2546
502590.671000,111.0,Ok,47.0,Ok,2547
502590.875000,102.0,Ok,75.0,Ok,2548
502591.078000,50.0,Ok,104.0,Ok,2549
502591.281000,114.0,Ok,102.0,Ok,2550
502591.468000,84.0,Ok,94.0,Ok,2551
502591.703000,72.0,Ok,98.0,Ok,2552
502591.875000,50.0,Ok,95.0,Ok,2553
502592.078000,111.0,Ok,75.0,Ok,2554
502592.281000,148.0,Ok,58.0,Ok,2555
502592.468000,107.0,Ok,60.0,Ok,2556
502592.671000,78.0,Ok,84.0,Ok,2557
502592.875000,69.0,Ok,99.0,Ok,2558
502593.062000,65.0,Ok,106.0,Ok,2559
502593.281000,79.0,Ok,85.0,Ok,2560
502593.468000,88.0,Ok,57.0,Ok,2561
502593.671000,104.0,Ok,59.0,Ok,2562
502593.875000,108.0,Ok,77.0,Ok,2563
502594.078000,83.0,Ok,102.0,Ok,2564
502594.281000,72.0,Ok,85.0,Ok,2565
502594.468000,80.0,Ok,103.0,Ok,2566
502594.671000,100.0,Ok,88.0,Ok,2567
502594.875000,110.0,Ok,73.0,Ok,2568
502595.062000,104.0,Ok,91.0,Ok,2569
502595.281000,95.0,Ok,84.0,Ok,2570
502595.468000,95.0,Ok,81.0,Ok,2571
502595.671000,102.0,Ok,104.0,Ok,2572
502595.875000,101.0,Ok,95.0,Ok,2573
502596.078000,100.0,Ok,97.0,Ok,2574
502596.265000,94.0,Ok,91.0,Ok,2575
502596.468000,73.0,Ok,91.0,Ok,2576
502596.671000,106.0,Ok,87.0,Ok,2577
502596.875000,100.0,Ok,95.0,Ok,2578
502597.078000,99.0,Ok,97.0,Ok,2579
502597.265000,97.0,Ok,89.0,Ok,2580
502597.468000,98.0,Ok,86.0,Ok,2581
502597.671000,111.0,Ok,95.0,Ok,2582
502597.875000,102.0,Ok,98.0,Ok,2583
502598.078000,104.0,Ok,98.0,Ok,2584
502598.265000,88.0,Ok,96.0,Ok,2585
502598.468000,106.0,Ok,92.0,Ok,2586
502598.671000,105.0,Ok,96.0,Ok,2587
502598.875000,93.0,Ok,102.0,Ok,2588
502599.078000,96.0,Ok,69.0,Ok,2589
502599.265000,92.0,Ok,97.0,Ok,2590
502599.468000,80.0,Ok,97.0,Ok,2591
502599.671000,84.0,Ok,94.0,Ok,2592
502599.875000,106.0,Ok,78.0,Ok,2593
502600.078000,115.0,Ok,98.0,Ok,2594
502600.265000,82.0,Ok,84.0,Ok,2595
502600.468000,96.0,Ok,87.0,Ok,2596
502600.671000,85.0,Ok,99.0,Ok,2597
502600.875000,99.0,Ok,99.0,Ok,2598
502601.078000,101.0,Ok,93.0,Ok,2599
502601.265000,98.0,Ok,131.0,Ok,2600
502601.468000,98.0,Ok,92.0,Ok,2601
502601.671000,99.0,Ok,89.0,Ok,2602
502601.875000,108.0,Ok,94.0,Ok,2603
502602.078000,111.0,Ok,106.0,Ok,2604
502602.265000,104.0,Ok,100.0,Ok,2605
502602.468000,121.0,Ok,89.0,Ok,2606
502602.671000,99.0,Ok,97.0,Ok,2607
502602.859000,95.0,Ok,95.0,Ok,2608
502603.062000,101.0,Ok,98.0,Ok,2609
502603.265000,114.0,Ok,100.0,Ok,2610
502603.468000,111.0,Ok,95.0,Ok,2611
502603.671000,110.0,Ok,101.0,Ok,2612
502603.875000,110.0,Ok,94.0,Ok,2613
502604.062000,109.0,Ok,99.0,Ok,2614
502604.265000,102.0,Ok,97.0,Ok,2615
502604.484000,108.0,Ok,93.0,Ok,2616
502604.671000,100.0,Ok,99.0,Ok,2617
502604.875000,95.0,Ok,94.0,Ok,2618
502605.078000,88.0,Ok,94.0,Ok,2619
502605.281000,89.0,Ok,99.0,Ok,2620
502605.468000,90.0,Ok,98.0,Ok,2621
502605.671000,111.0,Ok,86.0,Ok,2622
502605.875000,99.0,Ok,68.0,Ok,2623
502606.078000,114.0,Ok,48.0,Ok,2624
502606.281000,108.0,Ok,47.0,Ok,2625
502606.468000,94.0,Ok,68.0,Ok,2626
502606.671000,87.0,Ok,84.0,Ok,2627
502606.875000,88.0,Ok,92.0,Ok,2628
502607.078000,97.0,Ok,85.0,Ok,2629
502607.265000,98.0,Ok,63.0,Ok,2630
502607.468000,102.0,Ok,46.0,Ok,2631
502607.671000,115.0,Ok,46.0,Ok,2632
502607.875000,106.0,Ok,56.0,Ok,2633
502608.062000,90.0,Ok,82.0,Ok,2634
502608.281000,98.0,Ok,99.0,Ok,2635
502608.468000,96.0,Ok,102.0,Ok,2636
502608.671000,97.0,Ok,69.0,Ok,2637
502608.875000,99.0,Ok,54.0,Ok,2638
502609.078000,121.0,Ok,43.0,Ok,2639
502609.281000,98.0,Ok,56.0,Ok,2640
502609.468000,99.0,Ok,69.0,Ok,2641
502609.671000,101.0,Ok,81.0,Ok,2642
502609.875000,95.0,Ok,91.0,Ok,2643
502610.078000,90.0,Ok,85.0,Ok,2644
502610.281000,91.0,Ok,89.0,Ok,2645
502610.468000,118.0,Ok,83.0,Ok,2646
502610.671000,117.0,Ok,88.0,Ok,2647
502610.875000,114.0,Ok,92.0,Ok,2648
502611.078000,113.0,Ok,92.0,Ok,2649
502611.281000,111.0,Ok,92.0,Ok,2650
502611.468000,118.0,Ok,94.0,Ok,2651
502611.671000,112.0,Ok,90.0,Ok,2652
502611.875000,108.0,Ok,94.0,Ok,2653
502612.078000,108.0,Ok,86.0,Ok,2654
502612.281000,107.0,Ok,97.0,Ok,2655
502612.468000,107.0,Ok,95.0,Ok,2656
502612.671000,109.0,Ok,91.0,Ok,2657
502612.859000,106.0,Ok,93.0,Ok,2658
502613.062000,109.0,Ok,94.0,Ok,2659
502613.265000,103.0,Ok,92.0,Ok,2660
502613.468000,131.0,Ok,84.0,Ok,2661
502613.671000,111.0,Ok,84.0,Ok,2662
502613.875000,107.0,Ok,72.0,Ok,2663
502614.078000,93.0,Ok,66.0,Ok,2664
502614.281000,110.0,Ok,51.0,Ok,2665
502614.468000,113.0,Ok,47.0,Ok,2666
502614.671000,132.0,Ok,46.0,Ok,2667
502614.890000,100.0,Ok,65.0,Ok,2668
502615.062000,103.0,Ok,86.0,Ok,2669
502615.281000,92.0,Ok,63.0,Ok,2670
502615.468000,93.0,Ok,122.0,Ok,2671
502615.671000,94.0,Ok,96.0,Ok,2672
502615.875000,97.0,Ok,92.0,Ok,2673
502616.062000,104.0,Ok,93.0,Ok,2674
502616.265000,100.0,Ok,89.0,Ok,2675
502616.468000,99.0,Ok,95.0,Ok,2676
502616.671000,106.0,Ok,96.0,Ok,2677
502616.875000,94.0,Ok,73.0,Ok,2678
502617.078000,93.0,Ok,56.0,Ok,2679
502617.265000,121.0,Ok,56.0,Ok,2680
502617.468000,103.0,Ok,48.0,Ok,2681
502617.656000,95.0,Ok,65.0,Ok,2682
502617.875000,100.0,Ok,82.0,Ok,2683
502618.062000,92.0,Ok,91.0,Ok,2684
502618.281000,85.0,Ok,92.0,Ok,2685
502618.468000,83.0,Ok,74.0,Ok,2686
502618.671000,88.0,Ok,100.0,Ok,2687
502618.875000,87.0,Ok,92.0,Ok,2688
502619.078000,85.0,Ok,91.0,Ok,2689
502619.265000,89.0,Ok,90.0,Ok,2690
502619.468000,92.0,Ok,95.0,Ok,2691
502619.671000,96.0,Ok,85.0,Ok,2692
502619.875000,97.0,Ok,96.0,Ok,2693
502620.078000,96.0,Ok,94.0,Ok,2694
502620.265000,99.0,Ok,92.0,Ok,2695
502620.468000,97.0,Ok,81.0,Ok,2696
502620.671000,99.0,Ok,96.0,Ok,2697
502620.875000,98.0,Ok,91.0,Ok,2698
502621.078000,99.0,Ok,85.0,Ok,2699
502621.265000,100.0,Ok,100.0,Ok,2700
502621.468000,94.0,Ok,99.0,Ok,2701
502621.703000,100.0,Ok,95.0,Ok,2702
502621.875000,96.0,Ok,98.0,Ok,2703
502622.078000,94.0,Ok,99.0,Ok,2704
502622.265000,104.0,Ok,95.0,Ok,2705
502622.468000,93.0,Ok,81.0,Ok,2706
502622.671000,102.0,Ok,67.0,Ok,2707
502622.875000,105.0,Ok,50.0,Ok,2708
502623.078000,116.0,Ok,45.0,Ok,2709
502623.265000,126.0,Ok,47.0,Ok,2710
502623.468000,106.0,Ok,49.0,Ok,2711
502623.671000,97.0,Ok,61.0,Ok,2712
502623.875000,93.0,Ok,74.0,Ok,2713
502624.078000,103.0,Ok,83.0,Ok,2714
502624.265000,95.0,Ok,93.0,Ok,2715
502624.468000,96.0,Ok,124.0,Ok,2716
502624.671000,93.0,Ok,110.0,Ok,2717
502624.875000,96.0,Ok,109.0,Ok,2718
502625.078000,100.0,Ok,114.0,Ok,2719
502625.265000,100.0,Ok,112.0,Ok,2720
502625.468000,97.0,Ok,98.0,Ok,2721
502625.671000,104.0,Ok,107.0,Ok,2722
502625.875000,102.0,Ok,95.0,Ok,2723
502626.078000,99.0,Ok,99.0,Ok,2724
502626.281000,88.0,Ok,97.0,Ok,2725
502626.468000,93.0,Ok,99.0,Ok,2726
502626.671000,91.0,Ok,95.0,Ok,2727
502626.875000,95.0,Ok,93.0,Ok,2728
502627.078000,91.0,Ok,93.0,Ok,2729
502627.265000,95.0,Ok,98.0,Ok,2730
502627.468000,92.0,Ok,90.0,Ok,2731
502627.671000,100.0,Ok,77.0,Ok,2732
502627.875000,105.0,Ok,66.0,Ok,2733
502628.062000,125.0,Ok,46.0,Ok,2734
502628.281000,121.0,Ok,46.0,Ok,2735
502628.468000,121.0,Ok,47.0,Ok,2736
502628.671000,104.0,Ok,52.0,Ok,2737
502628.875000,106.0,Ok,48.0,Ok,2738
502629.078000,111.0,Ok,48.0,Ok,2739
502629.265000,114.0,Ok,51.0,Ok,2740
502629.468000,111.0,Ok,49.0,Ok,2741
502629.671000,109.0,Ok,51.0,Ok,2742
502629.875000,104.0,Ok,62.0,Ok,2743
502630.062000,103.0,Ok,81.0,Ok,2744
502630.265000,111.0,Ok,92.0,Ok,2745
502630.468000,89.0,Ok,100.0,Ok,2746
502630.671000,89.0,Ok,73.0,Ok,2747
502630.875000,105.0,Ok,93.0,Ok,2748
502631.078000,91.0,Ok,99.0,Ok,2749
502631.265000,87.0,Ok,101.0,Ok,2750
502631.468000,89.0,Ok,98.0,Ok,2751
502631.671000,88.0,Ok,99.0,Ok,2752
502631.875000,93.0,Ok,92.0,Ok,2753
502632.078000,95.0,Ok,86.0,Ok,2754
502632.265000,99.0,Ok,93.0,Ok,2755
502632.468000,96.0,Ok,90.0,Ok,2756
502632.671000,99.0,Ok,94.0,Ok,2757
502632.875000,100.0,Ok,88.0,Ok,2758
502633.062000,98.0,Ok,91.0,Ok,2759
502633.265000,119.0,Ok,84.0,Ok,2760
502633.468000,87.0,Ok,54.0,Ok,2761
502633.671000,93.0,Ok,46.0,Ok,2762
502633.875000,91.0,Ok,60.0,Ok,2763
502634.078000,107.0,Ok,82.0,Ok,2764
502634.281000,98.0,Ok,91.0,Ok,2765
502634.468000,97.0,Ok,88.0,Ok,2766
502634.671000,101.0,Ok,90.0,Ok,2767
502634.875000,100.0,Ok,89.0,Ok,2768
502635.078000,107.0,Ok,83.0,Ok,2769
502635.281000,106.0,Ok,88.0,Ok,2770
502635.468000,111.0,Ok,89.0,Ok,2771
502635.671000,107.0,Ok,77.0,Ok,2772
502635.875000,107.0,Ok,47.0,Ok,2773
502636.078000,107.0,Ok,48.0,Ok,2774
502636.265000,110.0,Ok,55.0,Ok,2775
502636.468000,105.0,Ok,78.0,Ok,2776
502636.687000,107.0,Ok,94.0,Ok,2777
502636.875000,86.0,Ok,92.0,Ok,2778
502637.078000,89.0,Ok,95.0,Ok,2779
502637.265000,110.0,Ok,91.0,Ok,2780
502637.468000,93.0,Ok,66.0,Ok,2781
502637.671000,99.0,Ok,50.0,Ok,2782
502637.875000,112.0,Ok,53.0,Ok,2783
502638.078000,108.0,Ok,91.0,Ok,2784
502638.265000,104.0,Ok,98.0,Ok,2785
502638.468000,107.0,Ok,96.0,Ok,2786
502638.671000,110.0,Ok,91.0,Ok,2787
502638.875000,89.0,Ok,121.0,Ok,2788
502639.062000,91.0,Ok,112.0,Ok,2789
502639.281000,87.0,Ok,106.0,Ok,2790
502639.468000,98.0,Ok,86.0,Ok,2791
502639.671000,54.0,Ok,102.0,Ok,2792
502639.875000,81.0,Ok,102.0,Ok,2793
502640.062000,84.0,Ok,98.0,Ok,2794
502640.265000,67.0,Ok,94.0,Ok,2795
502640.468000,83.0,Ok,120.0,Ok,2796
502640.671000,98.0,Ok,97.0,Ok,2797
502640.875000,78.0,Ok,90.0,Ok,2798
502641.062000,91.0,Ok,70.0,Ok,2799
502641.265000,95.0,Ok,86.0,Ok,2800
502641.468000,100.0,Ok,97.0,Ok,2801
502641.671000,96.0,Ok,92.0,Ok,2802
502641.875000,99.0,Ok,81.0,Ok,2803
502642.062000,102.0,Ok,82.0,Ok,2804
502642.281000,100.0,Ok,82.0,Ok,2805
502642.468000,97.0,Ok,83.0,Ok,2806
502642.671000,99.0,Ok,79.0,Ok,2807
502642.875000,94.0,Ok,88.0,Ok,2808
502643.078000,93.0,Ok,97.0,Ok,2809
502643.265000,95.0,Ok,86.0,Ok,2810
502643.468000,103.0,Ok,93.0,Ok,2811
502643.671000,100.0,Ok,79.0,Ok,2812
502643.875000,83.0,Ok,87.0,Ok,2813
502644.078000,95.0,Ok,87.0,Ok,2814
502644.265000,88.0,Ok,86.0,Ok,2815
502644.468000,87.0,Ok,81.0,Ok,2816
502644.671000,84.0,Ok,68.0,Ok,2817
502644.875000,93.0,Ok,93.0,Ok,2818
502645.078000,103.0,Ok,87.0,Ok,2819
502645.265000,98.0,Ok,78.0,Ok,2820
502645.468000,96.0,Ok,80.0,Ok,2821
502645.671000,98.0,Ok,90.0,Ok,2822
502645.875000,98.0,Ok,87.0,Ok,2823
502646.078000,100.0,Ok,92.0,Ok,2824
502646.265000,99.0,Ok,93.0,Ok,2825
502646.468000,85.0,Ok,87.0,Ok,2826
502646.671000,104.0,Ok,98.0,Ok,2827
502646.875000,98.0,Ok,92.0,Ok,2828
502647.078000,93.0,Ok,85.0,Ok,2829
502647.265000,98.0,Ok,92.0,Ok,2830
502647.468000,103.0,Ok,91.0,Ok,2831
502647.671000,96.0,Ok,96.0,Ok,2832
502647.875000,96.0,Ok,94.0,Ok,2833
502648.078000,99.0,Ok,97.0,Ok,2834
502648.265000,96.0,Ok,84.0,Ok,2835
502648.468000,99.0,Ok,92.0,Ok,2836
502648.671000,105.0,Ok,81.0,Ok,2837
502648.875000,110.0,Ok,83.0,Ok,2838
502649.078000,104.0,Ok,87.0,Ok,2839
502649.281000,102.0,Ok,94.0,Ok,2840
502649.468000,101.0,Ok,81.0,Ok,2841
502649.671000,100.0,Ok,78.0,Ok,2842
502649.859000,102.0,Ok,77.0,Ok,2843
502650.078000,120.0,Ok,82.0,Ok,2844
502650.265000,106.0,Ok,88.0,Ok,2845
502650.468000,100.0,Ok,90.0,Ok,2846
502650.671000,102.0,Ok,93.0,Ok,2847
502650.875000,101.0,Ok,85.0,Ok,2848
502651.078000,103.0,Ok,81.0,Ok,2849
502651.265000,85.0,Ok,89.0,Ok,2850
502651.468000,87.0,Ok,88.0,Ok,2851
502651.703000,110.0,Ok,93.0,Ok,2852
502651.875000,61.0,Ok,93.0,Ok,2853
502652.062000,77.0,Ok,97.0,Ok,2854
502652.265000,66.0,Ok,93.0,Ok,2855
502652.453000,70.0,Ok,101.0,Ok,2856
502652.671000,75.0,Ok,113.0,Ok,2857
502652.859000,80.0,Ok,111.0,Ok,2858
502653.078000,82.0,Ok,103.0,Ok,2859
502653.265000,75.0,Ok,100.0,Ok,2860
502653.468000,84.0,Ok,101.0,Ok,2861
502653.671000,91.0,Ok,95.0,Ok,2862
502653.859000,98.0,Ok,98.0,Ok,2863
502654.062000,86.0,Ok,104.0,Ok,2864
502654.281000,89.0,Ok,94.0,Ok,2865
502654.468000,87.0,Ok,97.0,Ok,2866
502654.671000,88.0,Ok,101.0,Ok,2867
502654.875000,96.0,Ok,101.0,Ok,2868
502655.078000,94.0,Ok,106.0,Ok,2869
502655.265000,89.0,Ok,103.0,Ok,2870
502655.468000,89.0,Ok,104.0,Ok,2871
502655.671000,91.0,Ok,95.0,Ok,2872
502655.875000,90.0,Ok,98.0,Ok,2873
502656.078000,88.0,Ok,104.0,Ok,2874
502656.265000,79.0,Ok,102.0,Ok,2875
502656.468000,104.0,Ok,99.0,Ok,2876
502656.671000,80.0,Ok,99.0,Ok,2877
502656.875000,67.0,Ok,101.0,Ok,2878
502657.078000,65.0,Ok,110.0,Ok,2879
502657.265000,67.0,Ok,102.0,Ok,2880
502657.468000,74.0,Ok,103.0,Ok,2881
502657.671000,73.0,Ok,105.0,Ok,2882
502657.875000,76.0,Ok,112.0,Ok,2883
502658.078000,74.0,Ok,96.0,Ok,2884
502658.265000,67.0,Ok,84.0,Ok,2885
502658.468000,69.0,Ok,92.0,Ok,2886
502658.671000,74.0,Ok,136.0,Ok,2887
502658.875000,69.0,Ok,85.0,Ok,2888
502659.062000,66.0,Ok,112.0,Ok,2889
502659.281000,68.0,Ok,93.0,Ok,2890
502659.468000,67.0,Ok,100.0,Ok,2891
502659.671000,74.0,Ok,94.0,Ok,2892
502659.859000,73.0,Ok,115.0,Ok,2893
502660.078000,71.0,Ok,116.0,Ok,2894
502660.265000,114.0,Ok,59.0,Ok,2895
502660.468000,72.0,Ok,72.0,Ok,2896
502660.671000,72.0,Ok,110.0,Ok,2897
502660.875000,77.0,Ok,94.0,Ok,2898
502661.078000,67.0,Ok,85.0,Ok,2899
502661.265000,69.0,Ok,79.0,Ok,2900
502661.468000,71.0,Ok,83.0,Ok,2901
502661.671000,69.0,Ok,90.0,Ok,2902
502661.859000,70.0,Ok,105.0,Ok,2903
502662.062000,69.0,Ok,105.0,Ok,2904
502662.265000,74.0,Ok,103.0,Ok,2905
502662.468000,79.0,Ok,106.0,Ok,2906
502662.671000,79.0,Ok,99.0,Ok,2907
502662.875000,73.0,Ok,97.0,Ok,2908
502663.078000,75.0,Ok,107.0,Ok,2909
502663.265000,71.0,Ok,105.0,Ok,2910
502663.468000,68.0,Ok,97.0,Ok,2911
502663.671000,71.0,Ok,94.0,Ok,2912
502663.875000,70.0,Ok,93.0,Ok,2913
502664.062000,69.0,Ok,94.0,Ok,2914
502664.281000,78.0,Ok,80.0,Ok,2915
502664.468000,71.0,Ok,89.0,Ok,2916
502664.671000,75.0,Ok,82.0,Ok,2917
502664.875000,91.0,Ok,79.0,Ok,2918
502665.078000,103.0,Ok,86.0,Ok,2919
502665.265000,105.0,Ok,93.0,Ok,2920
502665.468000,90.0,Ok,83.0,Ok,2921
502665.671000,89.0,Ok,98.0,Ok,2922
502665.875000,110.0,Ok,98.0,Ok,2923
502666.078000,87.0,Ok,94.0,Ok,2924
502666.265000,91.0,Ok,92.0,Ok,2925
502666.468000,91.0,Ok,89.0,Ok,2926
502666.671000,82.0,Ok,87.0,Ok,2927
502666.875000,79.0,Ok,90.0,Ok,2928
502667.078000,86.0,Ok,85.0,Ok,2929
502667.265000,77.0,Ok,84.0,Ok,2930
502667.468000,82.0,Ok,86.0,Ok,2931
502667.671000,87.0,Ok,70.0,Ok,2932
502667.859000,82.0,Ok,91.0,Ok,2933
502668.062000,72.0,Ok,94.0,Ok,2934
502668.265000,69.0,Ok,74.0,Ok,2935
502668.468000,72.0,Ok,80.0,Ok,2936
502668.671000,75.0,Ok,82.0,Ok,2937
502668.875000,76.0,Ok,80.0,Ok,2938
502669.078000,74.0,Ok,79.0,Ok,2939
502669.265000,79.0,Ok,83.0,Ok,2940
502669.468000,78.0,Ok,85.0,Ok,2941
502669.671000,79.0,Ok,79.0,Ok,2942
502669.875000,77.0,Ok,78.0,Ok,2943
502670.062000,83.0,Ok,75.0,Ok,2944
502670.281000,93.0,Ok,71.0,Ok,2945
502670.468000,91.0,Ok,72.0,Ok,2946
502670.671000,98.0,Ok,70.0,Ok,2947
502670.875000,91.0,Ok,80.0,Ok,2948
502671.062000,98.0,Ok,82.0,Ok,2949
502671.265000,95.0,Ok,95.0,Ok,2950
502671.468000,97.0,Ok,94.0,Ok,2951
502671.671000,93.0,Ok,83.0,Ok,2952
502671.875000,94.0,Ok,82.0,Ok,2953
502672.062000,95.0,Ok,64.0,Ok,2954
502672.265000,99.0,Ok,77.0,Ok,2955
502672.468000,78.0,Ok,76.0,Ok,2956
502672.671000,87.0,Ok,85.0,Ok,2957
502672.859000,90.0,Ok,86.0,Ok,2958
502673.062000,88.0,Ok,95.0,Ok,2959
502673.265000,89.0,Ok,82.0,Ok,2960
502673.484000,95.0,Ok,86.0,Ok,2961
502673.671000,97.0,Ok,80.0,Ok,2962
502673.875000,86.0,Ok,92.0,Ok,2963
502674.062000,86.0,Ok,101.0,Ok,2964
502674.281000,98.0,Ok,90.0,Ok,2965
502674.468000,84.0,Ok,93.0,Ok,2966
502674.671000,85.0,Ok,93.0,Ok,2967
502674.875000,105.0,Ok,94.0,Ok,2968
502675.078000,112.0,Ok,121.0,Ok,2969
502675.265000,119.0,Ok,97.0,Ok,2970
502675.468000,87.0,Ok,96.0,Ok,2971
502675.671000,69.0,Ok,93.0,Ok,2972
502675.875000,115.0,Ok,67.0,Ok,2973
502676.078000,141.0,Ok,68.0,Ok,2974
502676.281000,99.0,Ok,90.0,Ok,2975
502676.468000,70.0,Ok,94.0,Ok,2976
502676.671000,80.0,Ok,92.0,Ok,2977
502676.875000,84.0,Ok,90.0,Ok,2978
502677.078000,105.0,Ok,83.0,Ok,2979
502677.265000,96.0,Ok,83.0,Ok,2980
502677.468000,98.0,Ok,105.0,Ok,2981
502677.671000,94.0,Ok,101.0,Ok,2982
502677.875000,77.0,Ok,116.0,Ok,2983
502678.078000,107.0,Ok,108.0,Ok,2984
502678.265000,77.0,Ok,107.0,Ok,2985
502678.468000,101.0,Ok,97.0,Ok,2986
502678.671000,87.0,Ok,100.0,Ok,2987
502678.875000,92.0,Ok,95.0,Ok,2988
502679.078000,86.0,Ok,94.0,Ok,2989
502679.265000,99.0,Ok,92.0,Ok,2990
502679.468000,82.0,Ok,93.0,Ok,2991
502679.671000,73.0,Ok,93.0,Ok,2992
502679.859000,64.0,Ok,94.0,Ok,2993
502680.062000,78.0,Ok,98.0,Ok,2994
502680.265000,84.0,Ok,94.0,Ok,2995
502680.468000,83.0,Ok,100.0,Ok,2996
502680.671000,75.0,Ok,94.0,Ok,2997
502680.875000,84.0,Ok,102.0,Ok,2998
502681.078000,85.0,Ok,103.0,Ok,2999
502681.265000,85.0,Ok,88.0,Ok,3000
502681.468000,77.0,Ok,80.0,Ok,3001
502681.656000,98.0,Ok,91.0,Ok,3002
502681.875000,78.0,Ok,88.0,Ok,3003
502682.078000,68.0,Ok,83.0,Ok,3004
502682.265000,85.0,Ok,93.0,Ok,3005
502682.468000,98.0,Ok,98.0,Ok,3006
502682.671000,101.0,Ok,98.0,Ok,3007
502682.875000,75.0,Ok,91.0,Ok,3008
502683.078000,102.0,Ok,90.0,Ok,3009
502683.265000,93.0,Ok,104.0,Ok,3010
502683.468000,107.0,Ok,93.0,Ok,3011
502683.671000,87.0,Ok,99.0,Ok,3012
502683.859000,101.0,Ok,88.0,Ok,3013
502684.062000,93.0,Ok,103.0,Ok,3014
502684.265000,66.0,Ok,102.0,Ok,3015
502684.453000,91.0,Ok,105.0,Ok,3016
502684.671000,74.0,Ok,105.0,Ok,3017
502684.859000,123.0,Ok,105.0,Ok,3018
502685.078000,121.0,Ok,76.0,Ok,3019
502685.281000,101.0,Ok,55.0,Ok,3020
502685.468000,117.0,Ok,50.0,Ok,3021
502685.671000,99.0,Ok,62.0,Ok,3022
502685.859000,101.0,Ok,78.0,Ok,3023
502686.062000,96.0,Ok,105.0,Ok,3024
502686.265000,93.0,Ok,94.0,Ok,3025
502686.468000,108.0,Ok,63.0,Ok,3026
502686.671000,94.0,Ok,49.0,Ok,3027
502686.875000,95.0,Ok,68.0,Ok,3028
502687.078000,93.0,Ok,77.0,Ok,3029
502687.265000,131.0,Ok,95.0,Ok,3030
502687.468000,113.0,Ok,100.0,Ok,3031
502687.671000,109.0,Ok,103.0,Ok,3032
502687.859000,93.0,Ok,56.0,Ok,3033
502688.062000,94.0,Ok,96.0,Ok,3034
502688.265000,81.0,Ok,90.0,Ok,3035
502688.500000,83.0,Ok,92.0,Ok,3036
502688.671000,89.0,Ok,94.0,Ok,3037
502688.875000,95.0,Ok,92.0,Ok,3038
502689.078000,119.0,Ok,66.0,Ok,3039
502689.265000,111.0,Ok,45.0,Ok,3040
502689.468000,105.0,Ok,43.0,Ok,3041
502689.671000,112.0,Ok,65.0,Ok,3042
502689.875000,94.0,Ok,83.0,Ok,3043
502690.078000,89.0,Ok,99.0,Ok,3044
502690.265000,89.0,Ok,95.0,Ok,3045
502690.468000,92.0,Ok,96.0,Ok,3046
502690.656000,89.0,Ok,92.0,Ok,3047
502690.859000,92.0,Ok,93.0,Ok,3048
502691.078000,95.0,Ok,92.0,Ok,3049
502691.281000,96.0,Ok,91.0,Ok,3050
502691.468000,92.0,Ok,94.0,Ok,3051
502691.671000,93.0,Ok,95.0,Ok,3052
502691.859000,92.0,Ok,94.0,Ok,3053
502692.062000,92.0,Ok,91.0,Ok,3054
502692.265000,89.0,Ok,93.0,Ok,3055
502692.468000,92.0,Ok,92.0,Ok,3056
502692.671000,91.0,Ok,98.0,Ok,3057
502692.875000,92.0,Ok,91.0,Ok,3058
502693.078000,104.0,Ok,60.0,Ok,3059
502693.265000,112.0,Ok,42.0,Ok,3060
502693.468000,109.0,Ok,46.0,Ok,3061
502693.671000,105.0,Ok,67.0,Ok,3062
502693.875000,97.0,Ok,88.0,Ok,3063
502694.078000,92.0,Ok,92.0,Ok,3064
502694.265000,90.0,Ok,91.0,Ok,3065
502694.468000,89.0,Ok,95.0,Ok,3066
502694.671000,85.0,Ok,90.0,Ok,3067
502694.875000,89.0,Ok,88.0,Ok,3068
502695.062000,87.0,Ok,86.0,Ok,3069
502695.296000,92.0,Ok,76.0,Ok,3070
502695.468000,92.0,Ok,86.0,Ok,3071
502695.671000,89.0,Ok,87.0,Ok,3072
502695.859000,90.0,Ok,90.0,Ok,3073
502696.078000,95.0,Ok,89.0,Ok,3074
502696.265000,89.0,Ok,92.0,Ok,3075
502696.468000,87.0,Ok,93.0,Ok,3076
502696.671000,94.0,Ok,85.0,Ok,3077
502696.875000,103.0,Ok,55.0,Ok,3078
502697.078000,105.0,Ok,45.0,Ok,3079
502697.265000,105.0,Ok,51.0,Ok,3080
502697.468000,112.0,Ok,72.0,Ok,3081
502697.671000,86.0,Ok,84.0,Ok,3082
502697.875000,66.0,Ok,99.0,Ok,3083
502698.078000,89.0,Ok,96.0,Ok,3084
502698.265000,89.0,Ok,94.0,Ok,3085
502698.468000,84.0,Ok,88.0,Ok,3086
502698.671000,88.0,Ok,96.0,Ok,3087
502698.875000,89.0,Ok,94.0,Ok,3088
502699.078000,87.0,Ok,96.0,Ok,3089
502699.265000,100.0,Ok,87.0,Ok,3090
502699.468000,94.0,Ok,95.0,Ok,3091
502699.671000,95.0,Ok,91.0,Ok,3092
502699.875000,89.0,Ok,83.0,Ok,3093
502700.078000,96.0,Ok,92.0,Ok,3094
502700.265000,106.0,Ok,82.0,Ok,3095
502700.468000,110.0,Ok,53.0,Ok,3096
502700.671000,115.0,Ok,47.0,Ok,3097
502700.875000,116.0,Ok,49.0,Ok,3098
502701.078000,102.0,Ok,61.0,Ok,3099
502701.265000,87.0,Ok,81.0,Ok,3100
502701.468000,99.0,Ok,100.0,Ok,3101
502701.671000,97.0,Ok,106.0,Ok,3102
502701.875000,90.0,Ok,93.0,Ok,3103
502702.062000,88.0,Ok,96.0,Ok,3104
502702.265000,90.0,Ok,93.0,Ok,3105
502702.468000,90.0,Ok,92.0,Ok,3106
502702.671000,91.0,Ok,92.0,Ok,3107
502702.875000,86.0,Ok,82.0,Ok,3108
502703.078000,89.0,Ok,84.0,Ok,3109
502703.265000,61.0,Ok,100.0,Ok,3110
502703.468000,108.0,Ok,96.0,Ok,3111
502703.656000,112.0,Ok,102.0,Ok,3112
502703.859000,110.0,Ok,98.0,Ok,3113
502704.078000,112.0,Ok,94.0,Ok,3114
502704.265000,106.0,Ok,92.0,Ok,3115
502704.468000,111.0,Ok,92.0,Ok,3116
502704.671000,114.0,Ok,96.0,Ok,3117
502704.906000,112.0,Ok,96.0,Ok,3118
502705.078000,114.0,Ok,93.0,Ok,3119
502705.265000,112.0,Ok,97.0,Ok,3120
502705.468000,107.0,Ok,97.0,Ok,3121
502705.671000,108.0,Ok,97.0,Ok,3122
502705.875000,102.0,Ok,104.0,Ok,3123
502706.062000,108.0,Ok,50.0,Ok,3124
502706.265000,110.0,Ok,119.0,Ok,3125
502706.468000,104.0,Ok,121.0,Ok,3126
502706.671000,99.0,Ok,108.0,Ok,3127
502706.875000,99.0,Ok,66.0,Ok,3128
502707.078000,109.0,Ok,111.0,Ok,3129
502707.265000,95.0,Ok,97.0,Ok,3130
502707.468000,95.0,Ok,118.0,Ok,3131
502707.671000,100.0,Ok,113.0,Ok,3132
502707.875000,102.0,Ok,106.0,Ok,3133
502708.078000,105.0,Ok,111.0,Ok,3134
502708.265000,105.0,Ok,107.0,Ok,3135
502708.468000,109.0,Ok,109.0,Ok,3136
502708.671000,107.0,Ok,108.0,Ok,3137
502708.875000,109.0,Ok,107.0,Ok,3138
502709.078000,104.0,Ok,107.0,Ok,3139
502709.265000,104.0,Ok,107.0,Ok,3140
502709.468000,107.0,Ok,100.0,Ok,3141
502709.671000,105.0,Ok,113.0,Ok,3142
502709.875000,110.0,Ok,112.0,Ok,3143
502710.078000,109.0,Ok,107.0,Ok,3144
502710.281000,110.0,Ok,100.0,Ok,3145
502710.468000,109.0,Ok,101.0,Ok,3146
502710.671000,110.0,Ok,101.0,Ok,3147
502710.875000,109.0,Ok,100.0,Ok,3148
502711.078000,110.0,Ok,99.0,Ok,3149
502711.265000,106.0,Ok,101.0,Ok,3150
502711.468000,110.0,Ok,81.0,Ok,3151
502711.671000,91.0,Ok,98.0,Ok,3152
502711.875000,90.0,Ok,97.0,Ok,3153
502712.062000,76.0,Ok,89.0,Ok,3154
502712.281000,74.0,Ok,97.0,Ok,3155
502712.468000,80.0,Ok,97.0,Ok,3156
502712.671000,81.0,Ok,117.0,Ok,3157
502712.875000,65.0,Ok,107.0,Ok,3158
502713.078000,63.0,Ok,103.0,Ok,3159
502713.265000,77.0,Ok,95.0,Ok,3160
502713.468000,75.0,Ok,98.0,Ok,3161
502713.671000,84.0,Ok,96.0,Ok,3162
502713.875000,79.0,Ok,94.0,Ok,3163
502714.078000,76.0,Ok,99.0,Ok,3164
502714.281000,75.0,Ok,98.0,Ok,3165
502714.468000,77.0,Ok,95.0,Ok,3166
502714.671000,76.0,Ok,100.0,Ok,3167
502714.875000,76.0,Ok,99.0,Ok,3168
502715.078000,70.0,Ok,92.0,Ok,3169
502715.265000,78.0,Ok,98.0,Ok,3170
502715.453000,86.0,Ok,97.0,Ok,3171
502715.671000,88.0,Ok,99.0,Ok,3172
502715.875000,103.0,Ok,98.0,Ok,3173
502716.062000,103.0,Ok,96.0,Ok,3174
502716.281000,91.0,Ok,95.0,Ok,3175
502716.468000,84.0,Ok,94.0,Ok,3176
502716.671000,84.0,Ok,96.0,Ok,3177
502716.875000,84.0,Ok,96.0,Ok,3178
502717.078000,84.0,Ok,96.0,Ok,3179
502717.265000,85.0,Ok,96.0,Ok,3180
502717.468000,84.0,Ok,95.0,Ok,3181
502717.671000,82.0,Ok,98.0,Ok,3182
502717.875000,86.0,Ok,92.0,Ok,3183
502718.062000,91.0,Ok,101.0,Ok,3184
502718.281000,77.0,Ok,99.0,Ok,3185
502718.468000,75.0,Ok,94.0,Ok,3186
502718.656000,85.0,Ok,99.0,Ok,3187
502718.859000,91.0,Ok,98.0,Ok,3188
502719.078000,86.0,Ok,98.0,Ok,3189
502719.265000,88.0,Ok,101.0,Ok,3190
502719.468000,89.0,Ok,101.0,Ok,3191
502719.671000,88.0,Ok,95.0,Ok,3192
502719.875000,87.0,Ok,98.0,Ok,3193
502720.078000,86.0,Ok,95.0,Ok,3194
502720.265000,88.0,Ok,96.0,Ok,3195
502720.468000,93.0,Ok,98.0,Ok,3196
502720.671000,87.0,Ok,98.0,Ok,3197
502720.859000,90.0,Ok,98.0,Ok,3198
502721.062000,93.0,Ok,98.0,Ok,3199
502721.265000,93.0,Ok,97.0,Ok,3200
502721.468000,90.0,Ok,97.0,Ok,3201
502721.671000,95.0,Ok,93.0,Ok,3202
502721.875000,94.0,Ok,98.0,Ok,3203
502722.078000,94.0,Ok,93.0,Ok,3204
502722.265000,91.0,Ok,91.0,Ok,3205
502722.468000,90.0,Ok,100.0,Ok,3206
502722.671000,89.0,Ok,96.0,Ok,3207
502722.875000,87.0,Ok,95.0,Ok,3208
502723.062000,92.0,Ok,97.0,Ok,3209
502723.265000,62.0,Ok,97.0,Ok,3210
502723.468000,84.0,Ok,94.0,Ok,3211
502723.656000,84.0,Ok,88.0,Ok,3212
502723.875000,74.0,Ok,94.0,Ok,3213
502724.078000,91.0,Ok,93.0,Ok,3214
502724.265000,87.0,Ok,98.0,Ok,3215
502724.468000,69.0,Ok,103.0,Ok,3216
502724.671000,77.0,Ok,101.0,Ok,3217
502724.875000,72.0,Ok,101.0,Ok,3218
502725.062000,85.0,Ok,89.0,Ok,3219
502725.265000,74.0,Ok,89.0,Ok,3220
502725.468000,72.0,Ok,96.0,Ok,3221
502725.671000,72.0,Ok,83.0,Ok,3222
502725.875000,84.0,Ok,92.0,Ok,3223
502726.078000,84.0,Ok,89.0,Ok,3224
502726.281000,91.0,Ok,89.0,Ok,3225
502726.468000,72.0,Ok,91.0,Ok,3226
502726.656000,86.0,Ok,86.0,Ok,3227
502726.859000,90.0,Ok,83.0,Ok,3228
502727.078000,91.0,Ok,84.0,Ok,3229
502727.265000,87.0,Ok,82.0,Ok,3230
502727.468000,74.0,Ok,83.0,Ok,3231
502727.671000,69.0,Ok,82.0,Ok,3232
502727.859000,75.0,Ok,87.0,Ok,3233
502728.078000,79.0,Ok,86.0,Ok,3234
502728.265000,85.0,Ok,88.0,Ok,3235
502728.468000,84.0,Ok,86.0,Ok,3236
502728.671000,74.0,Ok,84.0,Ok,3237
502728.875000,84.0,Ok,83.0,Ok,3238
502729.062000,83.0,Ok,89.0,Ok,3239
502729.265000,69.0,Ok,88.0,Ok,3240
502729.468000,79.0,Ok,92.0,Ok,3241
502729.656000,79.0,Ok,95.0,Ok,3242
502729.875000,79.0,Ok,94.0,Ok,3243
502730.062000,83.0,Ok,94.0,Ok,3244
502730.265000,82.0,Ok,86.0,Ok,3245
502730.468000,82.0,Ok,82.0,Ok,3246
502730.671000,95.0,Ok,92.0,Ok,3247
502730.859000,77.0,Ok,78.0,Ok,3248
502731.078000,86.0,Ok,83.0,Ok,3249
502731.265000,72.0,Ok,92.0,Ok,3250
502731.468000,70.0,Ok,92.0,Ok,3251
502731.671000,69.0,Ok,80.0,Ok,3252
502731.875000,80.0,Ok,91.0,Ok,3253
502732.078000,65.0,Ok,84.0,Ok,3254
502732.281000,91.0,Ok,78.0,Ok,3255
502732.468000,78.0,Ok,92.0,Ok,3256
502732.671000,93.0,Ok,87.0,Ok,3257
502732.875000,91.0,Ok,84.0,Ok,3258
502733.078000,99.0,Ok,84.0,Ok,3259
502733.265000,84.0,Ok,96.0,Ok,3260
502733.468000,65.0,Ok,85.0,Ok,3261
502733.671000,97.0,Ok,78.0,Ok,3262
502733.875000,52.0,Ok,77.0,Ok,3263
502734.078000,93.0,Ok,91.0,Ok,3264
502734.265000,81.0,Ok,92.0,Ok,3265
502734.468000,101.0,Ok,94.0,Ok,3266
502734.671000,106.0,Ok,77.0,Ok,3267
502734.890000,66.0,Ok,94.0,Ok,3268
502735.078000,86.0,Ok,88.0,Ok,3269
502735.265000,84.0,Ok,93.0,Ok,3270
502735.468000,86.0,Ok,78.0,Ok,3271
502735.671000,74.0,Ok,69.0,Ok,3272
502735.875000,93.0,Ok,93.0,Ok,3273
502736.078000,83.0,Ok,97.0,Ok,3274
502736.265000,94.0,Ok,93.0,Ok,3275
502736.468000,83.0,Ok,77.0,Ok,3276
502736.671000,61.0,Ok,87.0,Ok,3277
502736.875000,86.0,Ok,80.0,Ok,3278
502737.078000,87.0,Ok,120.0,Ok,3279
502737.265000,91.0,Ok,109.0,Ok,3280
502737.468000,90.0,Ok,120.0,Ok,3281
502737.671000,89.0,Ok,109.0,Ok,3282
502737.875000,87.0,Ok,99.0,Ok,3283
502738.062000,88.0,Ok,98.0,Ok,3284
502738.265000,87.0,Ok,105.0,Ok,3285
502738.468000,86.0,Ok,99.0,Ok,3286
502738.671000,87.0,Ok,94.0,Ok,3287
502738.875000,86.0,Ok,105.0,Ok,3288
502739.062000,84.0,Ok,96.0,Ok,3289
502739.265000,86.0,Ok,97.0,Ok,3290
502739.468000,87.0,Ok,93.0,Ok,3291
502739.671000,86.0,Ok,93.0,Ok,3292
502739.875000,84.0,Ok,93.0,Ok,3293
502740.078000,86.0,Ok,94.0,Ok,3294
502740.281000,79.0,Ok,87.0,Ok,3295
502740.468000,85.0,Ok,83.0,Ok,3296
502740.671000,72.0,Ok,81.0,Ok,3297
502740.859000,84.0,Ok,75.0,Ok,3298
502741.062000,87.0,Ok,80.0,Ok,3299
502741.265000,78.0,Ok,81.0,Ok,3300
502741.468000,94.0,Ok,94.0,Ok,3301
502741.671000,78.0,Ok,81.0,Ok,3302
502741.875000,103.0,Ok,99.0,Ok,3303
502742.078000,114.0,Ok,83.0,Ok,3304
502742.265000,77.0,Ok,93.0,Ok,3305
502742.468000,114.0,Ok,83.0,Ok,3306
502742.671000,88.0,Ok,84.0,Ok,3307
502742.875000,84.0,Ok,89.0,Ok,3308
502743.078000,91.0,Ok,88.0,Ok,3309
502743.265000,93.0,Ok,83.0,Ok,3310
502743.468000,103.0,Ok,97.0,Ok,3311
502743.671000,127.0,Ok,100.0,Ok,3312
502743.859000,99.0,Ok,100.0,Ok,3313
502744.062000,99.0,Ok,118.0,Ok,3314
502744.265000,103.0,Ok,68.0,Ok,3315
502744.468000,99.0,Ok,79.0,Ok,3316
502744.671000,91.0,Ok,77.0,Ok,3317
502744.875000,92.0,Ok,80.0,Ok,3318
502745.078000,79.0,Ok,79.0,Ok,3319
502745.265000,76.0,Ok,80.0,Ok,3320
502745.468000,82.0,Ok,85.0,Ok,3321
502745.671000,83.0,Ok,87.0,Ok,3322
502745.875000,81.0,Ok,88.0,Ok,3323
502746.078000,79.0,Ok,93.0,Ok,3324
502746.265000,75.0,Ok,85.0,Ok,3325
502746.468000,79.0,Ok,79.0,Ok,3326
502746.671000,69.0,Ok,75.0,Ok,3327
502746.875000,75.0,Ok,73.0,Ok,3328
502747.062000,77.0,Ok,86.0,Ok,3329
502747.265000,81.0,Ok,84.0,Ok,3330
502747.468000,78.0,Ok,96.0,Ok,3331
502747.671000,73.0,Ok,86.0,Ok,3332
502747.859000,81.0,Ok,85.0,Ok,3333
502748.078000,70.0,Ok,89.0,Ok,3334
502748.265000,60.0,Ok,105.0,Ok,3335
502748.468000,69.0,Ok,96.0,Ok,3336
502748.671000,82.0,Ok,88.0,Ok,3337
502748.875000,59.0,Ok,89.0,Ok,3338
502749.078000,62.0,Ok,93.0,Ok,3339
502749.265000,84.0,Ok,89.0,Ok,3340
502749.468000,60.0,Ok,82.0,Ok,3341
502749.671000,71.0,Ok,92.0,Ok,3342
502749.890000,75.0,Ok,72.0,Ok,3343
502750.078000,67.0,Ok,81.0,Ok,3344
502750.265000,74.0,Ok,60.0,Ok,3345
502750.468000,78.0,Ok,113.0,Ok,3346
502750.671000,79.0,Ok,107.0,Ok,3347
502750.875000,75.0,Ok,108.0,Ok,3348
502751.078000,75.0,Ok,110.0,Ok,3349
502751.281000,83.0,Ok,96.0,Ok,3350
502751.468000,73.0,Ok,79.0,Ok,3351
502751.656000,78.0,Ok,86.0,Ok,3352
502751.875000,83.0,Ok,88.0,Ok,3353
502752.062000,94.0,Ok,91.0,Ok,3354
502752.265000,107.0,Ok,94.0,Ok,3355
502752.468000,100.0,Ok,94.0,Ok,3356
502752.671000,99.0,Ok,94.0,Ok,3357
502752.875000,99.0,Ok,93.0,Ok,3358
502753.062000,95.0,Ok,92.0,Ok,3359
502753.265000,98.0,Ok,92.0,Ok,3360
502753.468000,95.0,Ok,99.0,Ok,3361
502753.656000,95.0,Ok,99.0,Ok,3362
502753.875000,92.0,Ok,111.0,Ok,3363
502754.062000,92.0,Ok,99.0,Ok,3364
502754.265000,90.0,Ok,86.0,Ok,3365
502754.468000,91.0,Ok,89.0,Ok,3366
502754.671000,95.0,Ok,87.0,Ok,3367
502754.859000,91.0,Ok,85.0,Ok,3368
502755.078000,94.0,Ok,86.0,Ok,3369
502755.265000,94.0,Ok,89.0,Ok,3370
502755.468000,92.0,Ok,90.0,Ok,3371
502755.671000,91.0,Ok,91.0,Ok,3372
502755.875000,87.0,Ok,91.0,Ok,3373
502756.062000,84.0,Ok,94.0,Ok,3374
502756.281000,87.0,Ok,89.0,Ok,3375
502756.468000,81.0,Ok,87.0,Ok,3376
502756.671000,87.0,Ok,89.0,Ok,3377
502756.859000,78.0,Ok,85.0,Ok,3378
502757.062000,86.0,Ok,89.0,Ok,3379
502757.265000,85.0,Ok,89.0,Ok,3380
502757.468000,86.0,Ok,89.0,Ok,3381
502757.671000,84.0,Ok,89.0,Ok,3382
502757.875000,87.0,Ok,89.0,Ok,3383
502758.062000,85.0,Ok,87.0,Ok,3384
502758.265000,89.0,Ok,88.0,Ok,3385
502758.468000,82.0,Ok,87.0,Ok,3386
502758.671000,78.0,Ok,85.0,Ok,3387
502758.859000,80.0,Ok,87.0,Ok,3388
502759.078000,83.0,Ok,88.0,Ok,3389
502759.265000,81.0,Ok,91.0,Ok,3390
502759.468000,89.0,Ok,92.0,Ok,3391
502759.671000,76.0,Ok,92.0,Ok,3392
502759.875000,81.0,Ok,87.0,Ok,3393
502760.062000,85.0,Ok,92.0,Ok,3394
502760.265000,83.0,Ok,86.0,Ok,3395
502760.468000,86.0,Ok,89.0,Ok,3396
502760.671000,88.0,Ok,92.0,Ok,3397
502760.875000,84.0,Ok,89.0,Ok,3398
502761.062000,83.0,Ok,81.0,Ok,3399
502761.281000,85.0,Ok,103.0,Ok,3400
502761.468000,84.0,Ok,81.0,Ok,3401
502761.656000,80.0,Ok,83.0,Ok,3402
502761.875000,77.0,Ok,83.0,Ok,3403
502762.062000,81.0,Ok,89.0,Ok,3404
502762.265000,81.0,Ok,91.0,Ok,3405
502762.468000,82.0,Ok,93.0,Ok,3406
502762.671000,76.0,Ok,93.0,Ok,3407
502762.875000,81.0,Ok,96.0,Ok,3408
502763.078000,84.0,Ok,94.0,Ok,3409
502763.265000,79.0,Ok,98.0,Ok,3410
502763.468000,84.0,Ok,95.0,Ok,3411
502763.671000,80.0,Ok,93.0,Ok,3412
502763.875000,78.0,Ok,88.0,Ok,3413
502764.078000,82.0,Ok,84.0,Ok,3414
502764.265000,82.0,Ok,85.0,Ok,3415
502764.468000,79.0,Ok,80.0,Ok,3416
502764.671000,83.0,Ok,80.0,Ok,3417
502764.890000,79.0,Ok,89.0,Ok,3418
502765.078000,80.0,Ok,88.0,Ok,3419
502765.265000,79.0,Ok,110.0,Ok,3420
502765.468000,72.0,Ok,94.0,Ok,3421
502765.656000,73.0,Ok,93.0,Ok,3422
502765.875000,70.0,Ok,92.0,Ok,3423
502766.078000,74.0,Ok,95.0,Ok,3424
502766.265000,75.0,Ok,95.0,Ok,3425
502766.468000,73.0,Ok,85.0,Ok,3426
502766.671000,69.0,Ok,92.0,Ok,3427
502766.875000,81.0,Ok,80.0,Ok,3428
502767.062000,85.0,Ok,77.0,Ok,3429
502767.281000,61.0,Ok,75.0,Ok,3430
502767.468000,105.0,Ok,82.0,Ok,3431
502767.656000,63.0,Ok,79.0,Ok,3432
502767.875000,122.0,Ok,84.0,Ok,3433
502768.078000,81.0,Ok,94.0,Ok,3434
502768.281000,83.0,Ok,91.0,Ok,3435
502768.468000,88.0,Ok,91.0,Ok,3436
502768.671000,79.0,Ok,95.0,Ok,3437
502768.859000,77.0,Ok,94.0,Ok,3438
502769.062000,81.0,Ok,91.0,Ok,3439
502769.265000,79.0,Ok,93.0,Ok,3440
502769.468000,88.0,Ok,91.0,Ok,3441
502769.671000,70.0,Ok,93.0,Ok,3442
502769.875000,77.0,Ok,94.0,Ok,3443
502770.078000,111.0,Ok,90.0,Ok,3444
502770.281000,105.0,Ok,92.0,Ok,3445
502770.468000,120.0,Ok,96.0,Ok,3446
502770.671000,111.0,Ok,96.0,Ok,3447
502770.859000,121.0,Ok,89.0,Ok,3448
502771.078000,83.0,Ok,90.0,Ok,3449
502771.265000,119.0,Ok,90.0,Ok,3450
502771.468000,74.0,Ok,88.0,Ok,3451
502771.671000,76.0,Ok,95.0,Ok,3452
502771.875000,95.0,Ok,94.0,Ok,3453
502772.062000,79.0,Ok,82.0,Ok,3454
502772.265000,63.0,Ok,84.0,Ok,3455
502772.468000,99.0,Ok,84.0,Ok,3456
502772.671000,86.0,Ok,105.0,Ok,3457
502772.875000,92.0,Ok,114.0,Ok,3458
502773.078000,87.0,Ok,98.0,Ok,3459
502773.265000,85.0,Ok,89.0,Ok,3460
502773.468000,77.0,Ok,73.0,Ok,3461
502773.671000,83.0,Ok,96.0,Ok,3462
502773.859000,99.0,Ok,94.0,Ok,3463
502774.078000,87.0,Ok,98.0,Ok,3464
502774.281000,71.0,Ok,120.0,Ok,3465
502774.500000,77.0,Ok,105.0,Ok,3466
502774.671000,73.0,Ok,105.0,Ok,3467
502774.875000,83.0,Ok,96.0,Ok,3468
502775.062000,75.0,Ok,111.0,Ok,3469
502775.265000,74.0,Ok,101.0,Ok,3470
502775.468000,77.0,Ok,109.0,Ok,3471
502775.671000,75.0,Ok,111.0,Ok,3472
502775.859000,68.0,Ok,97.0,Ok,3473
502776.078000,63.0,Ok,96.0,Ok,3474
502776.265000,74.0,Ok,98.0,Ok,3475
502776.468000,68.0,Ok,109.0,Ok,3476
502776.671000,69.0,Ok,105.0,Ok,3477
502776.875000,61.0,Ok,104.0,Ok,3478
502777.078000,68.0,Ok,98.0,Ok,3479
502777.265000,79.0,Ok,102.0,Ok,3480
502777.468000,72.0,Ok,103.0,Ok,3481
502777.671000,73.0,Ok,111.0,Ok,3482
502777.859000,77.0,Ok,97.0,Ok,3483
502778.078000,76.0,Ok,103.0,Ok,3484
502778.265000,76.0,Ok,107.0,Ok,3485
502778.468000,77.0,Ok,116.0,Ok,3486
502778.656000,77.0,Ok,111.0,Ok,3487
502778.875000,77.0,Ok,108.0,Ok,3488
502779.078000,59.0,Ok,98.0,Ok,3489
502779.265000,54.0,Ok,98.0,Ok,3490
502779.468000,69.0,Ok,71.0,Ok,3491
502779.671000,69.0,Ok,86.0,Ok,3492
502779.875000,84.0,Ok,90.0,Ok,3493
502780.062000,77.0,Ok,98.0,Ok,3494
502780.265000,77.0,Ok,72.0,Ok,3495
502780.468000,95.0,Ok,57.0,Ok,3496
502780.671000,101.0,Ok,77.0,Ok,3497
502780.875000,131.0,Ok,78.0,Ok,3498
502781.062000,63.0,Ok,87.0,Ok,3499
502781.265000,88.0,Ok,94.0,Ok,3500
502781.468000,89.0,Ok,92.0,Ok,3501
502781.671000,110.0,Ok,85.0,Ok,3502
502781.875000,98.0,Ok,84.0,Ok,3503
502782.062000,97.0,Ok,87.0,Ok,3504
502782.265000,97.0,Ok,87.0,Ok,3505
502782.468000,99.0,Ok,83.0,Ok,3506
502782.671000,99.0,Ok,84.0,Ok,3507
502782.859000,99.0,Ok,86.0,Ok,3508
502783.078000,97.0,Ok,85.0,Ok,3509
502783.265000,96.0,Ok,90.0,Ok,3510
502783.468000,87.0,Ok,91.0,Ok,3511
502783.671000,65.0,Ok,99.0,Ok,3512
502783.875000,69.0,Ok,107.0,Ok,3513
502784.078000,76.0,Ok,95.0,Ok,3514
502784.265000,78.0,Ok,93.0,Ok,3515
502784.468000,53.0,Ok,95.0,Ok,3516
502784.671000,62.0,Ok,86.0,Ok,3517
502784.875000,59.0,Ok,85.0,Ok,3518
502785.078000,61.0,Ok,84.0,Ok,3519
502785.281000,61.0,Ok,86.0,Ok,3520
502785.468000,62.0,Ok,92.0,Ok,3521
502785.671000,60.0,Ok,55.0,Ok,3522
502785.875000,73.0,Ok,88.0,Ok,3523
502786.078000,79.0,Ok,88.0,Ok,3524
502786.265000,70.0,Ok,90.0,Ok,3525
502786.468000,77.0,Ok,82.0,Ok,3526
502786.671000,69.0,Ok,87.0,Ok,3527
502786.859000,65.0,Ok,83.0,Ok,3528
502787.078000,65535.0,RangingRxPhyDecFailed,83.0,Ok,3529
502787.281000,65535.0,RangingRxTimeout,82.0,Ok,3530
502787.468000,60.0,Ok,76.0,Ok,3531
502787.656000,63.0,Ok,82.0,Ok,3532
502787.859000,60.0,Ok,84.0,Ok,3533
502788.109000,74.0,Ok,78.0,Ok,3534
502788.281000,71.0,Ok,78.0,Ok,3535
502788.468000,74.0,Ok,76.0,Ok,3536
502788.671000,77.0,Ok,75.0,Ok,3537
502788.875000,83.0,Ok,84.0,Ok,3538
502789.078000,78.0,Ok,94.0,Ok,3539
502789.265000,79.0,Ok,80.0,Ok,3540
502789.468000,74.0,Ok,81.0,Ok,3541
502789.671000,69.0,Ok,70.0,Ok,3542
502789.875000,84.0,Ok,109.0,Ok,3543
502790.078000,78.0,Ok,88.0,Ok,3544
502790.265000,76.0,Ok,88.0,Ok,3545
502790.468000,81.0,Ok,77.0,Ok,3546
502790.671000,78.0,Ok,89.0,Ok,3547
502790.875000,66.0,Ok,84.0,Ok,3548
502791.078000,51.0,Ok,75.0,Ok,3549
502791.265000,43.0,Ok,73.0,Ok,3550
502791.468000,46.0,Ok,70.0,Ok,3551
502791.671000,33.0,Ok,63.0,Ok,3552
502791.875000,34.0,Ok,87.0,Ok,3553
502792.078000,38.0,Ok,89.0,Ok,3554
502792.265000,31.0,Ok,46.0,Ok,3555
502792.468000,73.0,Ok,67.0,Ok,3556
502792.671000,45.0,Ok,76.0,Ok,3557
502792.875000,45.0,Ok,61.0,Ok,3558
502793.078000,42.0,Ok,53.0,Ok,3559
502793.265000,27.0,Ok,61.0,Ok,3560
502793.468000,39.0,Ok,63.0,Ok,3561
502793.671000,40.0,Ok,61.0,Ok,3562
502793.875000,38.0,Ok,60.0,Ok,3563
502794.078000,41.0,Ok,67.0,Ok,3564
502794.265000,13.0,Ok,55.0,Ok,3565
502794.468000,51.0,Ok,54.0,Ok,3566
502794.671000,46.0,Ok,44.0,Ok,3567
502794.875000,46.0,Ok,51.0,Ok,3568
502795.078000,44.0,Ok,56.0,Ok,3569
502795.265000,38.0,Ok,46.0,Ok,3570
502795.468000,38.0,Ok,59.0,Ok,3571
502795.671000,38.0,Ok,72.0,Ok,3572
502795.875000,31.0,Ok,60.0,Ok,3573
502796.078000,37.0,Ok,57.0,Ok,3574
502796.265000,32.0,Ok,54.0,Ok,3575
502796.468000,33.0,Ok,59.0,Ok,3576
502796.671000,29.0,Ok,56.0,Ok,3577
502796.875000,37.0,Ok,54.0,Ok,3578
502797.078000,35.0,Ok,48.0,Ok,3579
502797.265000,16.0,Ok,54.0,Ok,3580
502797.468000,10.0,Ok,54.0,Ok,3581
502797.671000,4.0,Ok,54.0,Ok,3582
502797.875000,9.0,Ok,53.0,Ok,3583
502798.062000,11.0,Ok,56.0,Ok,3584
502798.265000,11.0,Ok,54.0,Ok,3585
502798.468000,8.0,Ok,54.0,Ok,3586
502798.671000,9.0,Ok,54.0,Ok,3587
502798.875000,9.0,Ok,54.0,Ok,3588
502799.078000,8.0,Ok,51.0,Ok,3589
502799.265000,8.0,Ok,55.0,Ok,3590
502799.468000,3.0,Ok,54.0,Ok,3591
502799.671000,7.0,Ok,54.0,Ok,3592
502799.875000,8.0,Ok,53.0,Ok,3593
502800.078000,2.0,Ok,50.0,Ok,3594
502800.265000,14.0,Ok,51.0,Ok,3595
502800.468000,8.0,Ok,50.0,Ok,3596
502800.671000,17.0,Ok,49.0,Ok,3597
502800.875000,19.0,Ok,61.0,Ok,3598
502801.078000,25.0,Ok,52.0,Ok,3599
502801.265000,31.0,Ok,55.0,Ok,3600
502801.468000,26.0,Ok,52.0,Ok,3601
502801.671000,16.0,Ok,52.0,Ok,3602
502801.859000,14.0,Ok,52.0,Ok,3603
502802.078000,14.0,Ok,51.0,Ok,3604
502802.265000,13.0,Ok,51.0,Ok,3605
502802.468000,13.0,Ok,47.0,Ok,3606
502802.671000,16.0,Ok,48.0,Ok,3607
502802.875000,11.0,Ok,53.0,Ok,3608
502803.062000,17.0,Ok,54.0,Ok,3609
502803.265000,13.0,Ok,52.0,Ok,3610
502803.468000,22.0,Ok,49.0,Ok,3611
502803.671000,14.0,Ok,55.0,Ok,3612
502803.875000,30.0,Ok,52.0,Ok,3613
502804.078000,18.0,Ok,47.0,Ok,3614
502804.265000,55.0,Ok,48.0,Ok,3615
502804.468000,42.0,Ok,63.0,Ok,3616
502804.671000,41.0,Ok,47.0,Ok,3617
502804.875000,50.0,Ok,38.0,Ok,3618
502805.078000,47.0,Ok,58.0,Ok,3619
502805.265000,48.0,Ok,63.0,Ok,3620
502805.468000,49.0,Ok,56.0,Ok,3621
502805.671000,77.0,Ok,55.0,Ok,3622
502805.875000,24.0,Ok,59.0,Ok,3623
502806.078000,41.0,Ok,59.0,Ok,3624
502806.281000,67.0,Ok,61.0,Ok,3625
502806.468000,50.0,Ok,60.0,Ok,3626
502806.671000,52.0,Ok,64.0,Ok,3627
502806.859000,53.0,Ok,65.0,Ok,3628
502807.062000,80.0,Ok,72.0,Ok,3629
502807.265000,84.0,Ok,77.0,Ok,3630
502807.468000,50.0,Ok,62.0,Ok,3631
502807.671000,57.0,Ok,62.0,Ok,3632
502807.875000,81.0,Ok,61.0,Ok,3633
502808.078000,26.0,Ok,70.0,Ok,3634
502808.265000,50.0,Ok,51.0,Ok,3635
502808.468000,24.0,Ok,54.0,Ok,3636
502808.671000,45.0,Ok,59.0,Ok,3637
502808.875000,60.0,Ok,60.0,Ok,3638
502809.078000,30.0,Ok,73.0,Ok,3639
502809.265000,36.0,Ok,74.0,Ok,3640
502809.468000,29.0,Ok,61.0,Ok,3641
502809.671000,33.0,Ok,69.0,Ok,3642
502809.921000,27.0,Ok,62.0,Ok,3643
502810.062000,34.0,Ok,66.0,Ok,3644
502810.265000,35.0,Ok,59.0,Ok,3645
502810.468000,37.0,Ok,53.0,Ok,3646
502810.671000,50.0,Ok,61.0,Ok,3647
502810.875000,61.0,Ok,65535.0,RangingRxTimeout,3648
502811.062000,69.0,Ok,60.0,Ok,3649
502811.265000,93.0,Ok,65.0,Ok,3650
502811.468000,57.0,Ok,64.0,Ok,3651
502811.671000,69.0,Ok,69.0,Ok,3652
502811.875000,54.0,Ok,69.0,Ok,3653
502812.062000,60.0,Ok,58.0,Ok,3654
502812.265000,50.0,Ok,61.0,Ok,3655
502812.468000,55.0,Ok,57.0,Ok,3656
502812.671000,5.0,Ok,53.0,Ok,3657
502812.875000,36.0,Ok,65535.0,RangingRxPhyStsFailed,3658
502813.078000,41.0,Ok,86.0,Ok,3659
502813.265000,41.0,Ok,72.0,Ok,3660
502813.468000,36.0,Ok,72.0,Ok,3661
502813.671000,43.0,Ok,79.0,Ok,3662
502813.875000,36.0,Ok,77.0,Ok,3663
502814.062000,28.0,Ok,66.0,Ok,3664
502814.265000,39.0,Ok,59.0,Ok,3665
502814.468000,37.0,Ok,56.0,Ok,3666
502814.671000,35.0,Ok,58.0,Ok,3667
502814.875000,37.0,Ok,55.0,Ok,3668
502815.078000,31.0,Ok,55.0,Ok,3669
502815.265000,30.0,Ok,62.0,Ok,3670
502815.468000,31.0,Ok,68.0,Ok,3671
502815.671000,29.0,Ok,48.0,Ok,3672
502815.875000,37.0,Ok,55.0,Ok,3673
502816.062000,29.0,Ok,53.0,Ok,3674
502816.265000,38.0,Ok,54.0,Ok,3675
502816.468000,37.0,Ok,53.0,Ok,3676
502816.671000,39.0,Ok,92.0,Ok,3677
502816.875000,37.0,Ok,46.0,Ok,3678
502817.078000,32.0,Ok,55.0,Ok,3679
502817.265000,20.0,Ok,56.0,Ok,3680
502817.468000,16.0,Ok,59.0,Ok,3681
502817.671000,25.0,Ok,6.0,Ok,3682
502817.859000,24.0,Ok,71.0,Ok,3683
502818.078000,27.0,Ok,50.0,Ok,3684
502818.265000,29.0,Ok,48.0,Ok,3685
502818.468000,23.0,Ok,52.0,Ok,3686
502818.671000,53.0,Ok,54.0,Ok,3687
502818.875000,44.0,Ok,56.0,Ok,3688
502819.078000,55.0,Ok,56.0,Ok,3689
502819.265000,1.0,RangingNegativeDistance,61.0,Ok,3690
502819.468000,35.0,Ok,76.0,Ok,3691
502819.671000,39.0,Ok,66.0,Ok,3692
502819.875000,40.0,Ok,65.0,Ok,3693
502820.062000,35.0,Ok,62.0,Ok,3694
502820.265000,25.0,Ok,73.0,Ok,3695
502820.468000,49.0,Ok,38.0,Ok,3696
502820.671000,33.0,Ok,24.0,Ok,3697
502820.875000,47.0,Ok,52.0,Ok,3698
502821.078000,39.0,Ok,37.0,Ok,3699
502821.265000,69.0,Ok,43.0,Ok,3700
502821.468000,55.0,Ok,56.0,Ok,3701
502821.671000,54.0,Ok,65.0,Ok,3702
502821.875000,56.0,Ok,69.0,Ok,3703
502822.078000,77.0,Ok,59.0,Ok,3704
502822.265000,69.0,Ok,60.0,Ok,3705
502822.468000,67.0,Ok,59.0,Ok,3706
502822.671000,70.0,Ok,61.0,Ok,3707
502822.875000,71.0,Ok,61.0,Ok,3708
502823.078000,41.0,Ok,55.0,Ok,3709
502823.281000,30.0,Ok,63.0,Ok,3710
502823.468000,42.0,Ok,54.0,Ok,3711
502823.671000,31.0,Ok,59.0,Ok,3712
502823.875000,37.0,Ok,57.0,Ok,3713
502824.062000,41.0,Ok,58.0,Ok,3714
502824.265000,48.0,Ok,61.0,Ok,3715
502824.468000,62.0,Ok,68.0,Ok,3716
502824.671000,85.0,Ok,67.0,Ok,3717
502824.875000,90.0,Ok,64.0,Ok,3718
502825.078000,63.0,Ok,80.0,Ok,3719
502825.265000,75.0,Ok,79.0,Ok,3720
502825.468000,54.0,Ok,60.0,Ok,3721
502825.671000,66.0,Ok,54.0,Ok,3722
502825.875000,38.0,Ok,50.0,Ok,3723
502826.062000,26.0,Ok,66.0,Ok,3724
502826.281000,33.0,Ok,54.0,Ok,3725
502826.468000,31.0,Ok,76.0,Ok,3726
502826.671000,58.0,Ok,71.0,Ok,3727
502826.875000,52.0,Ok,60.0,Ok,3728
502827.078000,48.0,Ok,63.0,Ok,3729
502827.265000,24.0,Ok,70.0,Ok,3730
502827.468000,14.0,Ok,73.0,Ok,3731
502827.671000,31.0,Ok,64.0,Ok,3732
502827.875000,16.0,Ok,69.0,Ok,3733
502828.078000,34.0,Ok,60.0,Ok,3734
502828.265000,16.0,Ok,59.0,Ok,3735
502828.468000,25.0,Ok,56.0,Ok,3736
502828.671000,71.0,Ok,57.0,Ok,3737
502828.875000,37.0,Ok,57.0,Ok,3738
502829.062000,73.0,Ok,67.0,Ok,3739
502829.265000,27.0,Ok,61.0,Ok,3740
502829.468000,72.0,Ok,61.0,Ok,3741
502829.671000,71.0,Ok,79.0,Ok,3742
502829.875000,22.0,Ok,72.0,Ok,3743
502830.078000,69.0,Ok,72.0,Ok,3744
502830.265000,57.0,Ok,61.0,Ok,3745
502830.468000,69.0,Ok,71.0,Ok,3746
502830.671000,62.0,Ok,59.0,Ok,3747
502830.875000,63.0,Ok,62.0,Ok,3748
502831.078000,57.0,Ok,60.0,Ok,3749
502831.265000,38.0,Ok,54.0,Ok,3750
502831.468000,42.0,Ok,58.0,Ok,3751
502831.671000,38.0,Ok,39.0,Ok,3752
502831.875000,36.0,Ok,46.0,Ok,3753
502832.078000,40.0,Ok,49.0,Ok,3754
502832.265000,57.0,Ok,49.0,Ok,3755
502832.468000,40.0,Ok,71.0,Ok,3756
502832.671000,39.0,Ok,67.0,Ok,3757
502832.859000,73.0,Ok,66.0,Ok,3758
502833.078000,57.0,Ok,64.0,Ok,3759
502833.265000,37.0,Ok,62.0,Ok,3760
502833.468000,39.0,Ok,75.0,Ok,3761
502833.671000,42.0,Ok,55.0,Ok,3762
502833.875000,46.0,Ok,77.0,Ok,3763
502834.062000,48.0,Ok,104.0,Ok,3764
502834.265000,61.0,Ok,91.0,Ok,3765
502834.500000,55.0,Ok,82.0,Ok,3766
502834.671000,62.0,Ok,80.0,Ok,3767
502834.875000,73.0,Ok,105.0,Ok,3768
502835.062000,63.0,Ok,92.0,Ok,3769
502835.265000,61.0,Ok,79.0,Ok,3770
502835.468000,69.0,Ok,96.0,Ok,3771
502835.671000,58.0,Ok,93.0,Ok,3772
502835.875000,55.0,Ok,95.0,Ok,3773
502836.078000,50.0,Ok,106.0,Ok,3774
502836.265000,54.0,Ok,83.0,Ok,3775
502836.468000,66.0,Ok,84.0,Ok,3776
502836.671000,65.0,Ok,80.0,Ok,3777
502836.859000,62.0,Ok,91.0,Ok,3778
502837.062000,52.0,Ok,85.0,Ok,3779
502837.265000,59.0,Ok,79.0,Ok,3780
502837.453000,42.0,Ok,56.0,Ok,3781
502837.671000,36.0,Ok,53.0,Ok,3782
502837.875000,24.0,Ok,56.0,Ok,3783
502838.078000,19.0,Ok,52.0,Ok,3784
502838.265000,21.0,Ok,51.0,Ok,3785
502838.468000,27.0,Ok,51.0,Ok,3786
502838.671000,29.0,Ok,50.0,Ok,3787
502838.875000,26.0,Ok,51.0,Ok,3788
502839.078000,36.0,Ok,54.0,Ok,3789
502839.265000,45.0,Ok,60.0,Ok,3790
502839.468000,34.0,Ok,65.0,Ok,3791
502839.671000,42.0,Ok,66.0,Ok,3792
502839.875000,27.0,Ok,79.0,Ok,3793
502840.078000,37.0,Ok,58.0,Ok,3794
502840.265000,27.0,Ok,62.0,Ok,3795
502840.468000,35.0,Ok,43.0,Ok,3796
502840.671000,23.0,Ok,46.0,Ok,3797
502840.859000,29.0,Ok,44.0,Ok,3798
502841.062000,35.0,Ok,39.0,Ok,3799
502841.265000,38.0,Ok,36.0,Ok,3800
502841.468000,47.0,Ok,43.0,Ok,3801
502841.671000,43.0,Ok,52.0,Ok,3802
502841.859000,50.0,Ok,54.0,Ok,3803
502842.078000,39.0,Ok,58.0,Ok,3804
502842.265000,38.0,Ok,75.0,Ok,3805
502842.468000,30.0,Ok,50.0,Ok,3806
502842.671000,23.0,Ok,49.0,Ok,3807
502842.875000,30.0,Ok,30.0,Ok,3808
502843.078000,28.0,Ok,48.0,Ok,3809
502843.265000,60.0,Ok,40.0,Ok,3810
502843.468000,15.0,Ok,35.0,Ok,3811
502843.671000,12.0,Ok,42.0,Ok,3812
502843.875000,18.0,Ok,44.0,Ok,3813
502844.078000,15.0,Ok,40.0,Ok,3814
502844.265000,9.0,Ok,43.0,Ok,3815
502844.468000,18.0,Ok,39.0,Ok,3816
502844.671000,16.0,Ok,40.0,Ok,3817
502844.875000,16.0,Ok,41.0,Ok,3818
502845.062000,16.0,Ok,35.0,Ok,3819
502845.265000,20.0,Ok,38.0,Ok,3820
502845.468000,16.0,Ok,40.0,Ok,3821
502845.671000,19.0,Ok,41.0,Ok,3822
502845.875000,33.0,Ok,50.0,Ok,3823
502846.062000,21.0,Ok,38.0,Ok,3824
502846.265000,20.0,Ok,51.0,Ok,3825
502846.468000,27.0,Ok,49.0,Ok,3826
502846.671000,47.0,Ok,51.0,Ok,3827
502846.875000,64.0,Ok,51.0,Ok,3828
502847.078000,28.0,Ok,41.0,Ok,3829
502847.265000,41.0,Ok,40.0,Ok,3830
502847.468000,44.0,Ok,56.0,Ok,3831
502847.671000,51.0,Ok,60.0,Ok,3832
502847.875000,44.0,Ok,85.0,Ok,3833
502848.093000,25.0,Ok,43.0,Ok,3834
502848.265000,45.0,Ok,43.0,Ok,3835
502848.468000,62.0,Ok,67.0,Ok,3836
502848.671000,61.0,Ok,56.0,Ok,3837
502848.875000,68.0,Ok,41.0,Ok,3838
502849.062000,55.0,Ok,49.0,Ok,3839
502849.265000,44.0,Ok,51.0,Ok,3840
502849.468000,37.0,Ok,75.0,Ok,3841
502849.671000,50.0,Ok,35.0,Ok,3842
502849.875000,55.0,Ok,69.0,Ok,3843
502850.062000,69.0,Ok,54.0,Ok,3844
502850.265000,58.0,Ok,53.0,Ok,3845
502850.468000,59.0,Ok,54.0,Ok,3846
502850.671000,58.0,Ok,42.0,Ok,3847
502850.875000,60.0,Ok,42.0,Ok,3848
502851.062000,62.0,Ok,57.0,Ok,3849
502851.265000,42.0,Ok,48.0,Ok,3850
502851.468000,51.0,Ok,49.0,Ok,3851
502851.671000,73.0,Ok,52.0,Ok,3852
502851.875000,87.0,Ok,43.0,Ok,3853
502852.078000,41.0,Ok,42.0,Ok,3854
502852.265000,55.0,Ok,47.0,Ok,3855
502852.468000,52.0,Ok,50.0,Ok,3856
502852.671000,92.0,Ok,47.0,Ok,3857
502852.875000,62.0,Ok,51.0,Ok,3858
502853.078000,56.0,Ok,53.0,Ok,3859
502853.265000,92.0,Ok,55.0,Ok,3860
502853.468000,91.0,Ok,58.0,Ok,3861
502853.671000,73.0,Ok,53.0,Ok,3862
502853.875000,66.0,Ok,54.0,Ok,3863
502854.078000,78.0,Ok,49.0,Ok,3864
502854.265000,52.0,Ok,48.0,Ok,3865
502854.468000,76.0,Ok,47.0,Ok,3866
502854.671000,75.0,Ok,51.0,Ok,3867
502854.875000,63.0,Ok,53.0,Ok,3868
502855.078000,70.0,Ok,46.0,Ok,3869
502855.265000,87.0,Ok,44.0,Ok,3870
502855.468000,70.0,Ok,41.0,Ok,3871
502855.671000,90.0,Ok,38.0,Ok,3872
502855.875000,90.0,Ok,46.0,Ok,3873
502856.078000,94.0,Ok,54.0,Ok,3874
502856.265000,86.0,Ok,39.0,Ok,3875
502856.468000,77.0,Ok,41.0,Ok,3876
502856.671000,70.0,Ok,38.0,Ok,3877
502856.875000,54.0,Ok,45.0,Ok,3878
502857.078000,70.0,Ok,49.0,Ok,3879
502857.265000,65.0,Ok,39.0,Ok,3880
502857.468000,97.0,Ok,40.0,Ok,3881
502857.671000,93.0,Ok,41.0,Ok,3882
502857.875000,104.0,Ok,40.0,Ok,3883
502858.078000,94.0,Ok,40.0,Ok,3884
502858.265000,85.0,Ok,49.0,Ok,3885
502858.468000,70.0,Ok,53.0,Ok,3886
502858.671000,69.0,Ok,48.0,Ok,3887
502858.875000,73.0,Ok,51.0,Ok,3888
502859.062000,71.0,Ok,57.0,Ok,3889
502859.265000,61.0,Ok,55.0,Ok,3890
502859.468000,48.0,Ok,54.0,Ok,3891
502859.671000,90.0,Ok,55.0,Ok,3892
502859.875000,65.0,Ok,50.0,Ok,3893
502860.062000,86.0,Ok,50.0,Ok,3894
502860.265000,26.0,Ok,61.0,Ok,3895
502860.468000,26.0,Ok,61.0,Ok,3896
502860.671000,36.0,Ok,47.0,Ok,3897
502860.875000,39.0,Ok,45.0,Ok,3898
502861.078000,31.0,Ok,55.0,Ok,3899
502861.265000,20.0,Ok,59.0,Ok,3900
502861.468000,22.0,Ok,46.0,Ok,3901
502861.671000,16.0,Ok,45.0,Ok,3902
502861.875000,19.0,Ok,47.0,Ok,3903
502862.078000,21.0,Ok,61.0,Ok,3904
502862.265000,22.0,Ok,59.0,Ok,3905
502862.468000,24.0,Ok,47.0,Ok,3906
502862.671000,17.0,Ok,51.0,Ok,3907
502862.859000,25.0,Ok,55.0,Ok,3908
502863.062000,26.0,Ok,50.0,Ok,3909
502863.265000,22.0,Ok,49.0,Ok,3910
502863.468000,24.0,Ok,51.0,Ok,3911
502863.671000,21.0,Ok,54.0,Ok,3912
502863.875000,22.0,Ok,60.0,Ok,3913
502864.078000,22.0,Ok,54.0,Ok,3914
502864.265000,21.0,Ok,55.0,Ok,3915
502864.468000,19.0,Ok,54.0,Ok,3916
502864.671000,24.0,Ok,54.0,Ok,3917
502864.875000,21.0,Ok,61.0,Ok,3918
502865.078000,24.0,Ok,61.0,Ok,3919
502865.265000,26.0,Ok,49.0,Ok,3920
502865.468000,27.0,Ok,58.0,Ok,3921
502865.671000,31.0,Ok,59.0,Ok,3922
502865.875000,43.0,Ok,70.0,Ok,3923
502866.078000,46.0,Ok,74.0,Ok,3924
502866.265000,44.0,Ok,73.0,Ok,3925
502866.468000,48.0,Ok,67.0,Ok,3926
502866.671000,43.0,Ok,79.0,Ok,3927
502866.859000,56.0,Ok,82.0,Ok,3928
502867.078000,60.0,Ok,90.0,Ok,3929
502867.265000,66.0,Ok,126.0,Ok,3930
502867.468000,74.0,Ok,89.0,Ok,3931
502867.671000,81.0,Ok,72.0,Ok,3932
502867.859000,87.0,Ok,107.0,Ok,3933
502868.062000,90.0,Ok,112.0,Ok,3934
502868.265000,78.0,Ok,119.0,Ok,3935
502868.468000,84.0,Ok,125.0,Ok,3936
502868.671000,54.0,Ok,123.0,Ok,3937
502868.875000,103.0,Ok,117.0,Ok,3938
502869.078000,101.0,Ok,95.0,Ok,3939
502869.265000,104.0,Ok,118.0,Ok,3940
502869.468000,100.0,Ok,120.0,Ok,3941
502869.671000,100.0,Ok,129.0,Ok,3942
502869.875000,99.0,Ok,131.0,Ok,3943
502870.078000,96.0,Ok,116.0,Ok,3944
502870.265000,102.0,Ok,122.0,Ok,3945
502870.468000,99.0,Ok,119.0,Ok,3946
502870.656000,99.0,Ok,119.0,Ok,3947
502870.875000,99.0,Ok,120.0,Ok,3948
502871.078000,94.0,Ok,122.0,Ok,3949
502871.265000,99.0,Ok,118.0,Ok,3950
502871.453000,99.0,Ok,114.0,Ok,3951
502871.656000,99.0,Ok,115.0,Ok,3952
502871.875000,95.0,Ok,112.0,Ok,3953
502872.078000,95.0,Ok,107.0,Ok,3954
502872.265000,99.0,Ok,104.0,Ok,3955
502872.468000,97.0,Ok,106.0,Ok,3956
502872.656000,96.0,Ok,118.0,Ok,3957
502872.875000,93.0,Ok,98.0,Ok,3958
502873.062000,92.0,Ok,102.0,Ok,3959
502873.265000,94.0,Ok,100.0,Ok,3960
502873.468000,92.0,Ok,114.0,Ok,3961
502873.656000,92.0,Ok,122.0,Ok,3962
502873.875000,90.0,Ok,114.0,Ok,3963
502874.078000,89.0,Ok,116.0,Ok,3964
502874.265000,89.0,Ok,126.0,Ok,3965
502874.468000,90.0,Ok,126.0,Ok,3966
502874.671000,87.0,Ok,137.0,Ok,3967
502874.859000,89.0,Ok,91.0,Ok,3968
502875.062000,85.0,Ok,128.0,Ok,3969
502875.265000,85.0,Ok,137.0,Ok,3970
502875.468000,88.0,Ok,140.0,Ok,3971
502875.671000,85.0,Ok,130.0,Ok,3972
502875.875000,83.0,Ok,105.0,Ok,3973
502876.062000,84.0,Ok,105.0,Ok,3974
502876.265000,88.0,Ok,122.0,Ok,3975
502876.468000,96.0,Ok,114.0,Ok,3976
502876.671000,102.0,Ok,105.0,Ok,3977
502876.859000,77.0,Ok,112.0,Ok,3978
502877.062000,79.0,Ok,113.0,Ok,3979
502877.265000,78.0,Ok,111.0,Ok,3980
502877.468000,86.0,Ok,108.0,Ok,3981
502877.671000,57.0,Ok,105.0,Ok,3982
502877.875000,55.0,Ok,116.0,Ok,3983
502878.078000,70.0,Ok,127.0,Ok,3984
502878.265000,73.0,Ok,101.0,Ok,3985
502878.468000,88.0,Ok,119.0,Ok,3986
502878.671000,99.0,Ok,99.0,Ok,3987
502878.875000,85.0,Ok,102.0,Ok,3988
502879.062000,111.0,Ok,83.0,Ok,3989
502879.265000,108.0,Ok,83.0,Ok,3990
502879.468000,99.0,Ok,82.0,Ok,3991
502879.671000,69.0,Ok,79.0,Ok,3992
502879.875000,77.0,Ok,63.0,Ok,3993
502880.062000,82.0,Ok,71.0,Ok,3994
502880.265000,54.0,Ok,62.0,Ok,3995
502880.468000,58.0,Ok,79.0,Ok,3996
502880.671000,60.0,Ok,117.0,Ok,3997
502880.875000,58.0,Ok,59.0,Ok,3998
502881.078000,64.0,Ok,85.0,Ok,3999
502881.265000,60.0,Ok,34.0,Ok,4000
502881.468000,53.0,Ok,71.0,Ok,4001
502881.671000,88.0,Ok,63.0,Ok,4002
502881.859000,80.0,Ok,61.0,Ok,4003
502882.062000,49.0,Ok,61.0,Ok,4004
502882.265000,50.0,Ok,67.0,Ok,4005
502882.468000,46.0,Ok,89.0,Ok,4006
502882.671000,39.0,Ok,78.0,Ok,4007
502882.875000,44.0,Ok,88.0,Ok,4008
502883.062000,47.0,Ok,69.0,Ok,4009
502883.265000,51.0,Ok,58.0,Ok,4010
502883.468000,53.0,Ok,63.0,Ok,4011
502883.671000,39.0,Ok,67.0,Ok,4012
502883.875000,46.0,Ok,40.0,Ok,4013
502884.078000,48.0,Ok,81.0,Ok,4014
502884.265000,39.0,Ok,95.0,Ok,4015
502884.468000,41.0,Ok,51.0,Ok,4016
502884.671000,31.0,Ok,61.0,Ok,4017
502884.890000,52.0,Ok,54.0,Ok,4018
502885.078000,21.0,Ok,54.0,Ok,4019
502885.265000,41.0,Ok,47.0,Ok,4020
502885.468000,28.0,Ok,61.0,Ok,4021
502885.671000,21.0,Ok,59.0,Ok,4022
502885.875000,30.0,Ok,50.0,Ok,4023
502886.062000,32.0,Ok,59.0,Ok,4024
502886.265000,31.0,Ok,70.0,Ok,4025
502886.468000,32.0,Ok,65.0,Ok,4026
502886.671000,32.0,Ok,64.0,Ok,4027
502886.875000,30.0,Ok,72.0,Ok,4028
502887.078000,34.0,Ok,74.0,Ok,4029
502887.265000,25.0,Ok,79.0,Ok,4030
502887.468000,26.0,Ok,78.0,Ok,4031
502887.656000,28.0,Ok,69.0,Ok,4032
502887.875000,29.0,Ok,71.0,Ok,4033
502888.062000,29.0,Ok,70.0,Ok,4034
502888.265000,28.0,Ok,71.0,Ok,4035
502888.468000,27.0,Ok,69.0,Ok,4036
502888.671000,27.0,Ok,70.0,Ok,4037
502888.875000,29.0,Ok,69.0,Ok,4038
502889.062000,29.0,Ok,73.0,Ok,4039
502889.265000,26.0,Ok,74.0,Ok,4040
502889.468000,27.0,Ok,76.0,Ok,4041
502889.656000,27.0,Ok,75.0,Ok,4042
502889.875000,30.0,Ok,75.0,Ok,4043
502890.078000,30.0,Ok,74.0,Ok,4044
502890.265000,27.0,Ok,74.0,Ok,4045
502890.468000,28.0,Ok,60.0,Ok,4046
502890.671000,31.0,Ok,58.0,Ok,4047
502890.875000,26.0,Ok,51.0,Ok,4048
502891.062000,31.0,Ok,44.0,Ok,4049
502891.265000,32.0,Ok,47.0,Ok,4050
502891.468000,31.0,Ok,40.0,Ok,4051
502891.671000,30.0,Ok,46.0,Ok,4052
502891.875000,28.0,Ok,47.0,Ok,4053
502892.078000,35.0,Ok,54.0,Ok,4054
502892.265000,28.0,Ok,58.0,Ok,4055
502892.468000,32.0,Ok,70.0,Ok,4056
502892.671000,32.0,Ok,35.0,Ok,4057
502892.875000,34.0,Ok,70.0,Ok,4058
502893.078000,30.0,Ok,57.0,Ok,4059
502893.265000,30.0,Ok,73.0,Ok,4060
502893.468000,34.0,Ok,69.0,Ok,4061
502893.671000,43.0,Ok,99.0,Ok,4062
502893.859000,40.0,Ok,97.0,Ok,4063
502894.062000,42.0,Ok,70.0,Ok,4064
502894.265000,40.0,Ok,57.0,Ok,4065
502894.468000,42.0,Ok,52.0,Ok,4066
502894.671000,39.0,Ok,55.0,Ok,4067
502894.875000,42.0,Ok,49.0,Ok,4068
502895.078000,40.0,Ok,72.0,Ok,4069
502895.265000,40.0,Ok,72.0,Ok,4070
502895.468000,33.0,Ok,72.0,Ok,4071
502895.671000,24.0,Ok,71.0,Ok,4072
502895.875000,26.0,Ok,62.0,Ok,4073
502896.078000,32.0,Ok,56.0,Ok,4074
502896.265000,31.0,Ok,61.0,Ok,4075
502896.468000,31.0,Ok,63.0,Ok,4076
502896.671000,28.0,Ok,59.0,Ok,4077
502896.875000,23.0,Ok,55.0,Ok,4078
502897.062000,21.0,Ok,53.0,Ok,4079
502897.265000,33.0,Ok,59.0,Ok,4080
502897.468000,42.0,Ok,54.0,Ok,4081
502897.671000,30.0,Ok,55.0,Ok,4082
502897.875000,39.0,Ok,56.0,Ok,4083
502898.062000,39.0,Ok,49.0,Ok,4084
502898.265000,39.0,Ok,66.0,Ok,4085
502898.468000,38.0,Ok,58.0,Ok,4086
502898.671000,44.0,Ok,73.0,Ok,4087
502898.875000,44.0,Ok,78.0,Ok,4088
502899.078000,40.0,Ok,69.0,Ok,4089
502899.265000,38.0,Ok,60.0,Ok,4090
502899.468000,40.0,Ok,52.0,Ok,4091
502899.671000,30.0,Ok,52.0,Ok,4092
502899.875000,31.0,Ok,54.0,Ok,4093
502900.078000,33.0,Ok,48.0,Ok,4094
502900.265000,24.0,Ok,54.0,Ok,4095
502900.468000,35.0,Ok,42.0,Ok,4096
502900.671000,35.0,Ok,84.0,Ok,4097
502900.875000,39.0,Ok,76.0,Ok,4098
502901.062000,34.0,Ok,74.0,Ok,4099
502901.265000,37.0,Ok,52.0,Ok,4100
502901.468000,49.0,Ok,70.0,Ok,4101
502901.671000,41.0,Ok,59.0,Ok,4102
502901.875000,39.0,Ok,51.0,Ok,4103
502902.062000,44.0,Ok,59.0,Ok,4104
502902.265000,43.0,Ok,58.0,Ok,4105
502902.468000,35.0,Ok,85.0,Ok,4106
502902.671000,39.0,Ok,72.0,Ok,4107
502902.875000,38.0,Ok,71.0,Ok,4108
502903.078000,44.0,Ok,77.0,Ok,4109
502903.265000,41.0,Ok,62.0,Ok,4110
502903.468000,37.0,Ok,58.0,Ok,4111
502903.671000,32.0,Ok,81.0,Ok,4112
502903.859000,18.0,Ok,65.0,Ok,4113
502904.078000,17.0,Ok,42.0,Ok,4114
502904.265000,15.0,Ok,72.0,Ok,4115
502904.468000,13.0,Ok,80.0,Ok,4116
502904.671000,15.0,Ok,77.0,Ok,4117
502904.859000,18.0,Ok,74.0,Ok,4118
502905.062000,21.0,Ok,62.0,Ok,4119
502905.265000,22.0,Ok,53.0,Ok,4120
502905.468000,14.0,Ok,65.0,Ok,4121
502905.671000,20.0,Ok,61.0,Ok,4122
502905.875000,17.0,Ok,62.0,Ok,4123
502906.078000,18.0,Ok,58.0,Ok,4124
502906.265000,11.0,Ok,81.0,Ok,4125
502906.468000,13.0,Ok,82.0,Ok,4126
502906.671000,11.0,Ok,113.0,Ok,4127
502906.859000,13.0,Ok,43.0,Ok,4128
502907.062000,16.0,Ok,66.0,Ok,4129
502907.265000,16.0,Ok,77.0,Ok,4130
502907.468000,19.0,Ok,79.0,Ok,4131
502907.656000,17.0,Ok,68.0,Ok,4132
502907.875000,16.0,Ok,81.0,Ok,4133
502908.062000,12.0,Ok,68.0,Ok,4134
502908.265000,12.0,Ok,64.0,Ok,4135
502908.468000,17.0,Ok,61.0,Ok,4136
502908.656000,18.0,Ok,61.0,Ok,4137
502908.875000,16.0,Ok,67.0,Ok,4138
502909.062000,12.0,Ok,63.0,Ok,4139
502909.265000,11.0,Ok,67.0,Ok,4140
502909.468000,18.0,Ok,51.0,Ok,4141
502909.671000,11.0,Ok,65.0,Ok,4142
502909.875000,16.0,Ok,59.0,Ok,4143
502910.078000,20.0,Ok,60.0,Ok,4144
502910.265000,13.0,Ok,63.0,Ok,4145
502910.468000,18.0,Ok,60.0,Ok,4146
502910.671000,20.0,Ok,58.0,Ok,4147
502910.875000,11.0,Ok,59.0,Ok,4148
502911.062000,21.0,Ok,56.0,Ok,4149
502911.265000,14.0,Ok,54.0,Ok,4150
502911.468000,18.0,Ok,50.0,Ok,4151
502911.671000,15.0,Ok,51.0,Ok,4152
502911.875000,17.0,Ok,53.0,Ok,4153
502912.078000,18.0,Ok,46.0,Ok,4154
502912.265000,16.0,Ok,46.0,Ok,4155
502912.468000,16.0,Ok,30.0,Ok,4156
502912.671000,16.0,Ok,33.0,Ok,4157
502912.875000,17.0,Ok,39.0,Ok,4158
502913.078000,17.0,Ok,41.0,Ok,4159
502913.265000,19.0,Ok,48.0,Ok,4160
502913.468000,20.0,Ok,47.0,Ok,4161
502913.687000,27.0,Ok,51.0,Ok,4162
502913.875000,28.0,Ok,56.0,Ok,4163
502914.078000,26.0,Ok,65535.0,RangingRxTimeout,4164
502914.265000,26.0,Ok,62.0,Ok,4165
502914.468000,36.0,Ok,48.0,Ok,4166
502914.671000,31.0,Ok,42.0,Ok,4167
502914.859000,26.0,Ok,65.0,Ok,4168
502915.078000,29.0,Ok,54.0,Ok,4169
502915.265000,20.0,Ok,43.0,Ok,4170
502915.468000,26.0,Ok,43.0,Ok,4171
502915.671000,24.0,Ok,47.0,Ok,4172
502915.859000,29.0,Ok,64.0,Ok,4173
502916.062000,35.0,Ok,63.0,Ok,4174
502916.265000,46.0,Ok,62.0,Ok,4175
502916.468000,46.0,Ok,78.0,Ok,4176
502916.671000,43.0,Ok,75.0,Ok,4177
502916.875000,47.0,Ok,84.0,Ok,4178
502917.078000,46.0,Ok,66.0,Ok,4179
502917.265000,41.0,Ok,67.0,Ok,4180
502917.468000,39.0,Ok,68.0,Ok,4181
502917.671000,33.0,Ok,63.0,Ok,4182
502917.875000,38.0,Ok,53.0,Ok,4183
502918.062000,49.0,Ok,56.0,Ok,4184
502918.265000,42.0,Ok,55.0,Ok,4185
502918.468000,47.0,Ok,62.0,Ok,4186
502918.671000,38.0,Ok,68.0,Ok,4187
502918.859000,50.0,Ok,98.0,Ok,4188
502919.062000,65.0,Ok,85.0,Ok,4189
502919.281000,82.0,Ok,87.0,Ok,4190
502919.468000,52.0,Ok,85.0,Ok,4191
502919.671000,66.0,Ok,88.0,Ok,4192
502919.875000,69.0,Ok,78.0,Ok,4193
502920.078000,57.0,Ok,85.0,Ok,4194
502920.265000,60.0,Ok,65.0,Ok,4195
502920.468000,52.0,Ok,67.0,Ok,4196
502920.671000,56.0,Ok,61.0,Ok,4197
502920.875000,51.0,Ok,64.0,Ok,4198
502921.062000,47.0,Ok,68.0,Ok,4199
502921.265000,50.0,Ok,68.0,Ok,4200
502921.468000,53.0,Ok,73.0,Ok,4201
502921.687000,48.0,Ok,65.0,Ok,4202
502921.859000,55.0,Ok,70.0,Ok,4203
502922.078000,75.0,Ok,69.0,Ok,4204
502922.265000,62.0,Ok,71.0,Ok,4205
502922.468000,54.0,Ok,71.0,Ok,4206
502922.671000,51.0,Ok,86.0,Ok,4207
502922.875000,44.0,Ok,61.0,Ok,4208
502923.078000,61.0,Ok,71.0,Ok,4209
502923.265000,59.0,Ok,63.0,Ok,4210
502923.468000,48.0,Ok,90.0,Ok,4211
502923.671000,48.0,Ok,83.0,Ok,4212
502923.859000,53.0,Ok,85.0,Ok,4213
502924.062000,58.0,Ok,75.0,Ok,4214
502924.265000,62.0,Ok,85.0,Ok,4215
502924.468000,62.0,Ok,73.0,Ok,4216
502924.671000,60.0,Ok,79.0,Ok,4217
502924.875000,55.0,Ok,76.0,Ok,4218
502925.078000,54.0,Ok,69.0,Ok,4219
502925.265000,58.0,Ok,75.0,Ok,4220
502925.468000,53.0,Ok,60.0,Ok,4221
502925.671000,54.0,Ok,64.0,Ok,4222
502925.875000,53.0,Ok,67.0,Ok,4223
502926.078000,70.0,Ok,61.0,Ok,4224
502926.265000,52.0,Ok,68.0,Ok,4225
502926.468000,51.0,Ok,73.0,Ok,4226
502926.671000,52.0,Ok,70.0,Ok,4227
502926.875000,54.0,Ok,71.0,Ok,4228
502927.078000,50.0,Ok,69.0,Ok,4229
502927.265000,47.0,Ok,73.0,Ok,4230
502927.468000,47.0,Ok,76.0,Ok,4231
502927.671000,48.0,Ok,69.0,Ok,4232
502927.875000,46.0,Ok,78.0,Ok,4233
502928.062000,52.0,Ok,70.0,Ok,4234
502928.265000,53.0,Ok,69.0,Ok,4235
502928.468000,38.0,Ok,104.0,Ok,4236
502928.671000,46.0,Ok,84.0,Ok,4237
502928.875000,50.0,Ok,69.0,Ok,4238
502929.062000,43.0,Ok,68.0,Ok,4239
502929.265000,43.0,Ok,63.0,Ok,4240
502929.468000,69.0,Ok,68.0,Ok,4241
502929.671000,61.0,Ok,63.0,Ok,4242
502929.875000,61.0,Ok,73.0,Ok,4243
502930.078000,57.0,Ok,69.0,Ok,4244
502930.265000,58.0,Ok,72.0,Ok,4245
502930.468000,63.0,Ok,66.0,Ok,4246
502930.671000,45.0,Ok,55.0,Ok,4247
502930.859000,47.0,Ok,69.0,Ok,4248
502931.062000,58.0,Ok,56.0,Ok,4249
502931.265000,51.0,Ok,57.0,Ok,4250
502931.468000,53.0,Ok,66.0,Ok,4251
502931.671000,53.0,Ok,65.0,Ok,4252
502931.875000,40.0,Ok,67.0,Ok,4253
502932.078000,49.0,Ok,73.0,Ok,4254
502932.265000,81.0,Ok,58.0,Ok,4255
502932.468000,71.0,Ok,70.0,Ok,4256
502932.671000,73.0,Ok,72.0,Ok,4257
502932.875000,54.0,Ok,78.0,Ok,4258
502933.078000,52.0,Ok,79.0,Ok,4259
502933.265000,63.0,Ok,78.0,Ok,4260
502933.468000,42.0,Ok,75.0,Ok,4261
502933.671000,38.0,Ok,70.0,Ok,4262
502933.875000,39.0,Ok,72.0,Ok,4263
502934.062000,40.0,Ok,70.0,Ok,4264
502934.265000,43.0,Ok,74.0,Ok,4265
502934.468000,46.0,Ok,75.0,Ok,4266
502934.671000,40.0,Ok,70.0,Ok,4267
502934.875000,40.0,Ok,76.0,Ok,4268
502935.062000,38.0,Ok,68.0,Ok,4269
502935.265000,35.0,Ok,70.0,Ok,4270
502935.468000,44.0,Ok,74.0,Ok,4271
502935.671000,48.0,Ok,74.0,Ok,4272
502935.859000,48.0,Ok,64.0,Ok,4273
502936.062000,54.0,Ok,65.0,Ok,4274
502936.265000,47.0,Ok,72.0,Ok,4275
502936.468000,54.0,Ok,60.0,Ok,4276
502936.687000,54.0,Ok,66.0,Ok,4277
502936.875000,55.0,Ok,71.0,Ok,4278
502937.062000,53.0,Ok,79.0,Ok,4279
502937.265000,51.0,Ok,76.0,Ok,4280
502937.468000,51.0,Ok,70.0,Ok,4281
502937.671000,63.0,Ok,75.0,Ok,4282
502937.875000,53.0,Ok,72.0,Ok,4283
502938.125000,60.0,Ok,75.0,Ok,4284
502938.250000,58.0,Ok,80.0,Ok,4285
502938.468000,69.0,Ok,77.0,Ok,4286
502938.671000,73.0,Ok,68.0,Ok,4287
502938.875000,74.0,Ok,75.0,Ok,4288
502939.078000,76.0,Ok,76.0,Ok,4289
502939.265000,69.0,Ok,71.0,Ok,4290
502939.468000,62.0,Ok,63.0,Ok,4291
502939.671000,54.0,Ok,64.0,Ok,4292
502939.859000,46.0,Ok,56.0,Ok,4293
502940.078000,33.0,Ok,60.0,Ok,4294
502940.265000,29.0,Ok,42.0,Ok,4295
502940.468000,36.0,Ok,57.0,Ok,4296
502940.671000,43.0,Ok,55.0,Ok,4297
502940.875000,41.0,Ok,59.0,Ok,4298
502941.062000,36.0,Ok,61.0,Ok,4299
502941.265000,45.0,Ok,54.0,Ok,4300
502941.468000,46.0,Ok,60.0,Ok,4301
502941.671000,42.0,Ok,58.0,Ok,4302
502941.859000,43.0,Ok,64.0,Ok,4303
502942.062000,45.0,Ok,61.0,Ok,4304
502942.265000,45.0,Ok,60.0,Ok,4305
502942.468000,46.0,Ok,54.0,Ok,4306
502942.671000,45.0,Ok,55.0,Ok,4307
502942.875000,46.0,Ok,58.0,Ok,4308
502943.062000,45.0,Ok,53.0,Ok,4309
502943.265000,39.0,Ok,57.0,Ok,4310
502943.468000,54.0,Ok,59.0,Ok,4311
502943.671000,58.0,Ok,50.0,Ok,4312
502943.859000,48.0,Ok,54.0,Ok,4313
502944.078000,61.0,Ok,57.0,Ok,4314
502944.265000,50.0,Ok,53.0,Ok,4315
502944.468000,49.0,Ok,56.0,Ok,4316
502944.671000,50.0,Ok,61.0,Ok,4317
502944.875000,52.0,Ok,48.0,Ok,4318
502945.062000,45.0,Ok,55.0,Ok,4319
502945.265000,51.0,Ok,64.0,Ok,4320
502945.468000,49.0,Ok,62.0,Ok,4321
502945.671000,50.0,Ok,58.0,Ok,4322
502945.875000,46.0,Ok,55.0,Ok,4323
502946.062000,49.0,Ok,60.0,Ok,4324
502946.265000,56.0,Ok,57.0,Ok,4325
502946.468000,53.0,Ok,63.0,Ok,4326
502946.671000,45.0,Ok,65.0,Ok,4327
502946.859000,46.0,Ok,74.0,Ok,4328
502947.062000,46.0,Ok,62.0,Ok,4329
502947.265000,50.0,Ok,59.0,Ok,4330
502947.468000,44.0,Ok,50.0,Ok,4331
502947.671000,46.0,Ok,51.0,Ok,4332
502947.875000,46.0,Ok,44.0,Ok,4333
502948.078000,50.0,Ok,41.0,Ok,4334
502948.265000,39.0,Ok,60.0,Ok,4335
502948.468000,42.0,Ok,69.0,Ok,4336
502948.671000,46.0,Ok,82.0,Ok,4337
502948.875000,40.0,Ok,77.0,Ok,4338
502949.062000,48.0,Ok,89.0,Ok,4339
502949.265000,47.0,Ok,63.0,Ok,4340
502949.468000,52.0,Ok,61.0,Ok,4341
502949.671000,41.0,Ok,41.0,Ok,4342
502949.875000,49.0,Ok,65.0,Ok,4343
502950.062000,34.0,Ok,62.0,Ok,4344
502950.265000,46.0,Ok,64.0,Ok,4345
502950.468000,42.0,Ok,72.0,Ok,4346
502950.671000,53.0,Ok,61.0,Ok,4347
502950.875000,54.0,Ok,65.0,Ok,4348
502951.078000,61.0,Ok,73.0,Ok,4349
502951.265000,71.0,Ok,67.0,Ok,4350
502951.468000,67.0,Ok,73.0,Ok,4351
502951.671000,46.0,Ok,71.0,Ok,4352
502951.875000,42.0,Ok,72.0,Ok,4353
502952.062000,24.0,Ok,74.0,Ok,4354
502952.265000,12.0,Ok,68.0,Ok,4355
502952.468000,3.0,Ok,63.0,Ok,4356
502952.671000,8.0,Ok,67.0,Ok,4357
502952.875000,5.0,Ok,76.0,Ok,4358
502953.062000,6.0,Ok,68.0,Ok,4359
502953.265000,6.0,Ok,69.0,Ok,4360
502953.468000,2.0,Ok,78.0,Ok,4361
502953.671000,5.0,Ok,87.0,Ok,4362
502953.875000,3.0,Ok,90.0,Ok,4363
502954.062000,6.0,Ok,90.0,Ok,4364
502954.265000,6.0,Ok,87.0,Ok,4365
502954.468000,8.0,Ok,85.0,Ok,4366
502954.671000,5.0,Ok,69.0,Ok,4367
502954.875000,1.0,RangingNegativeDistance,72.0,Ok,4368
502955.062000,22.0,Ok,86.0,Ok,4369
502955.265000,61.0,Ok,58.0,Ok,4370
502955.468000,34.0,Ok,56.0,Ok,4371
502955.671000,33.0,Ok,58.0,Ok,4372
502955.875000,9.0,Ok,71.0,Ok,4373
502956.062000,31.0,Ok,69.0,Ok,4374
502956.265000,44.0,Ok,85.0,Ok,4375
502956.468000,49.0,Ok,79.0,Ok,4376
502956.671000,51.0,Ok,72.0,Ok,4377
502956.875000,30.0,Ok,85.0,Ok,4378
502957.062000,17.0,Ok,90.0,Ok,4379
502957.265000,8.0,Ok,64.0,Ok,4380
502957.468000,5.0,Ok,66.0,Ok,4381
502957.671000,3.0,Ok,71.0,Ok,4382
502957.859000,5.0,Ok,70.0,Ok,4383
502958.062000,8.0,Ok,71.0,Ok,4384
502958.265000,2.0,Ok,87.0,Ok,4385
502958.468000,3.0,Ok,78.0,Ok,4386
502958.671000,6.0,Ok,77.0,Ok,4387
502958.859000,9.0,Ok,73.0,Ok,4388
502959.062000,9.0,Ok,74.0,Ok,4389
502959.265000,4.0,Ok,74.0,Ok,4390
502959.453000,8.0,Ok,77.0,Ok,4391
502959.671000,13.0,Ok,66.0,Ok,4392
502959.921000,34.0,Ok,81.0,Ok,4393
502960.062000,37.0,Ok,75.0,Ok,4394
502960.265000,44.0,Ok,67.0,Ok,4395
502960.468000,44.0,Ok,76.0,Ok,4396
502960.671000,58.0,Ok,70.0,Ok,4397
502960.875000,40.0,Ok,78.0,Ok,4398
502961.062000,50.0,Ok,81.0,Ok,4399
502961.265000,54.0,Ok,83.0,Ok,4400
502961.468000,50.0,Ok,74.0,Ok,4401
502961.671000,39.0,Ok,33.0,Ok,4402
502961.875000,25.0,Ok,54.0,Ok,4403
502962.078000,48.0,Ok,36.0,Ok,4404
502962.265000,51.0,Ok,48.0,Ok,4405
502962.468000,58.0,Ok,42.0,Ok,4406
502962.656000,43.0,Ok,47.0,Ok,4407
502962.875000,82.0,Ok,58.0,Ok,4408
502963.062000,31.0,Ok,60.0,Ok,4409
502963.265000,45.0,Ok,95.0,Ok,4410
502963.468000,52.0,Ok,69.0,Ok,4411
502963.671000,48.0,Ok,65535.0,RangingRxTimeout,4412
502963.875000,40.0,Ok,65535.0,RangingRxTimeout,4413
502964.062000,51.0,Ok,99.0,Ok,4414
502964.265000,45.0,Ok,84.0,Ok,4415
502964.468000,43.0,Ok,75.0,Ok,4416
502964.671000,45.0,Ok,67.0,Ok,4417
502964.875000,48.0,Ok,76.0,Ok,4418
502965.062000,59.0,Ok,68.0,Ok,4419
502965.265000,61.0,Ok,58.0,Ok,4420
502965.468000,54.0,Ok,69.0,Ok,4421
502965.671000,52.0,Ok,70.0,Ok,4422
502965.875000,46.0,Ok,73.0,Ok,4423
502966.078000,55.0,Ok,74.0,Ok,4424
502966.265000,48.0,Ok,88.0,Ok,4425
502966.468000,56.0,Ok,71.0,Ok,4426
502966.671000,57.0,Ok,72.0,Ok,4427
502966.875000,51.0,Ok,103.0,Ok,4428
502967.062000,56.0,Ok,83.0,Ok,4429
502967.265000,64.0,Ok,73.0,Ok,4430
502967.468000,56.0,Ok,56.0,Ok,4431
502967.656000,44.0,Ok,77.0,Ok,4432
502967.875000,39.0,Ok,76.0,Ok,4433
502968.062000,29.0,Ok,72.0,Ok,4434
502968.265000,15.0,Ok,69.0,Ok,4435
502968.468000,9.0,Ok,77.0,Ok,4436
502968.671000,5.0,Ok,82.0,Ok,4437
502968.875000,9.0,Ok,78.0,Ok,4438
502969.062000,2.0,Ok,74.0,Ok,4439
502969.265000,2.0,Ok,74.0,Ok,4440
502969.468000,7.0,Ok,74.0,Ok,4441
502969.671000,3.0,Ok,72.0,Ok,4442
502969.875000,5.0,Ok,73.0,Ok,4443
502970.078000,9.0,Ok,76.0,Ok,4444
502970.265000,26.0,Ok,70.0,Ok,4445
502970.468000,22.0,Ok,71.0,Ok,4446
502970.671000,22.0,Ok,49.0,Ok,4447
502970.875000,25.0,Ok,55.0,Ok,4448
502971.062000,37.0,Ok,53.0,Ok,4449
502971.265000,35.0,Ok,63.0,Ok,4450
502971.468000,22.0,Ok,74.0,Ok,4451
502971.671000,44.0,Ok,85.0,Ok,4452
502971.859000,51.0,Ok,78.0,Ok,4453
502972.062000,52.0,Ok,65.0,Ok,4454
502972.265000,51.0,Ok,94.0,Ok,4455
502972.468000,52.0,Ok,75.0,Ok,4456
502972.671000,54.0,Ok,63.0,Ok,4457
502972.875000,48.0,Ok,53.0,Ok,4458
502973.062000,38.0,Ok,61.0,Ok,4459
502973.265000,37.0,Ok,59.0,Ok,4460
502973.468000,31.0,Ok,56.0,Ok,4461
502973.671000,34.0,Ok,56.0,Ok,4462
502973.875000,23.0,Ok,65.0,Ok,4463
502974.062000,41.0,Ok,73.0,Ok,4464
502974.265000,52.0,Ok,81.0,Ok,4465
502974.468000,67.0,Ok,90.0,Ok,4466
502974.671000,63.0,Ok,90.0,Ok,4467
502974.875000,66.0,Ok,97.0,Ok,4468
502975.062000,61.0,Ok,98.0,Ok,4469
502975.265000,65.0,Ok,101.0,Ok,4470
502975.468000,67.0,Ok,89.0,Ok,4471
502975.671000,59.0,Ok,85.0,Ok,4472
502975.875000,46.0,Ok,109.0,Ok,4473
502976.062000,41.0,Ok,82.0,Ok,4474
502976.265000,42.0,Ok,81.0,Ok,4475
502976.468000,35.0,Ok,62.0,Ok,4476
502976.671000,37.0,Ok,69.0,Ok,4477
502976.875000,41.0,Ok,79.0,Ok,4478
502977.062000,50.0,Ok,63.0,Ok,4479
502977.265000,56.0,Ok,74.0,Ok,4480
502977.453000,65.0,Ok,90.0,Ok,4481
502977.671000,73.0,Ok,86.0,Ok,4482
502977.859000,71.0,Ok,100.0,Ok,4483
502978.062000,70.0,Ok,101.0,Ok,4484
502978.265000,76.0,Ok,97.0,Ok,4485
502978.468000,77.0,Ok,116.0,Ok,4486
502978.671000,75.0,Ok,132.0,Ok,4487
502978.875000,71.0,Ok,117.0,Ok,4488
502979.062000,77.0,Ok,117.0,Ok,4489
502979.265000,71.0,Ok,121.0,Ok,4490
502979.468000,71.0,Ok,119.0,Ok,4491
502979.671000,69.0,Ok,124.0,Ok,4492
502979.875000,71.0,Ok,119.0,Ok,4493
502980.078000,69.0,Ok,127.0,Ok,4494
502980.265000,70.0,Ok,130.0,Ok,4495
502980.468000,71.0,Ok,120.0,Ok,4496
502980.671000,69.0,Ok,117.0,Ok,4497
502980.875000,68.0,Ok,116.0,Ok,4498
502981.062000,74.0,Ok,117.0,Ok,4499
502981.265000,70.0,Ok,119.0,Ok,4500
502981.468000,68.0,Ok,118.0,Ok,4501
502981.671000,69.0,Ok,65535.0,RangingRxTimeout,4502
502981.859000,74.0,Ok,114.0,Ok,4503
502982.078000,74.0,Ok,114.0,Ok,4504
502982.265000,67.0,Ok,116.0,Ok,4505
502982.468000,69.0,Ok,126.0,Ok,4506
502982.671000,72.0,Ok,123.0,Ok,4507
502982.875000,68.0,Ok,130.0,Ok,4508
502983.156000,70.0,Ok,128.0,Ok,4509
502983.265000,72.0,Ok,127.0,Ok,4510
502983.468000,69.0,Ok,125.0,Ok,4511
502983.656000,69.0,Ok,124.0,Ok,4512
502983.875000,70.0,Ok,117.0,Ok,4513
502984.062000,70.0,Ok,90.0,Ok,4514
502984.265000,75.0,Ok,116.0,Ok,4515
502984.468000,71.0,Ok,134.0,Ok,4516
502984.671000,66.0,Ok,143.0,Ok,4517
502984.875000,69.0,Ok,106.0,Ok,4518
502985.062000,91.0,Ok,89.0,Ok,4519
502985.265000,98.0,Ok,81.0,Ok,4520
502985.468000,107.0,Ok,81.0,Ok,4521
502985.671000,96.0,Ok,83.0,Ok,4522
502985.859000,79.0,Ok,60.0,Ok,4523
502986.062000,67.0,Ok,61.0,Ok,4524
502986.250000,52.0,Ok,63.0,Ok,4525
502986.468000,52.0,Ok,61.0,Ok,4526
502986.656000,48.0,Ok,57.0,Ok,4527
502986.859000,42.0,Ok,55.0,Ok,4528
502987.062000,53.0,Ok,63.0,Ok,4529
502987.265000,52.0,Ok,62.0,Ok,4530
502987.468000,63.0,Ok,94.0,Ok,4531
502987.671000,110.0,Ok,92.0,Ok,4532
502987.875000,95.0,Ok,69.0,Ok,4533
502988.062000,69.0,Ok,91.0,Ok,4534
502988.265000,61.0,Ok,93.0,Ok,4535
502988.453000,61.0,Ok,84.0,Ok,4536
502988.671000,62.0,Ok,84.0,Ok,4537
502988.859000,60.0,Ok,83.0,Ok,4538
502989.078000,64.0,Ok,104.0,Ok,4539
502989.265000,66.0,Ok,92.0,Ok,4540
502989.468000,67.0,Ok,116.0,Ok,4541
502989.671000,75.0,Ok,84.0,Ok,4542
502989.875000,80.0,Ok,76.0,Ok,4543
502990.062000,76.0,Ok,75.0,Ok,4544
502990.265000,59.0,Ok,103.0,Ok,4545
502990.468000,62.0,Ok,115.0,Ok,4546
502990.671000,57.0,Ok,86.0,Ok,4547
502990.875000,57.0,Ok,95.0,Ok,4548
502991.062000,55.0,Ok,81.0,Ok,4549
502991.265000,53.0,Ok,95.0,Ok,4550
502991.468000,51.0,Ok,93.0,Ok,4551
502991.671000,48.0,Ok,99.0,Ok,4552
502991.875000,52.0,Ok,94.0,Ok,4553
502992.062000,50.0,Ok,104.0,Ok,4554
502992.265000,50.0,Ok,96.0,Ok,4555
502992.468000,54.0,Ok,86.0,Ok,4556
502992.671000,59.0,Ok,93.0,Ok,4557
502992.875000,55.0,Ok,83.0,Ok,4558
502993.062000,54.0,Ok,84.0,Ok,4559
502993.265000,54.0,Ok,85.0,Ok,4560
502993.468000,59.0,Ok,92.0,Ok,4561
502993.671000,59.0,Ok,95.0,Ok,4562
502993.875000,60.0,Ok,92.0,Ok,4563
502994.078000,54.0,Ok,84.0,Ok,4564
502994.265000,62.0,Ok,87.0,Ok,4565
502994.468000,61.0,Ok,90.0,Ok,4566
502994.671000,56.0,Ok,89.0,Ok,4567
502994.875000,56.0,Ok,89.0,Ok,4568
502995.062000,44.0,Ok,83.0,Ok,4569
502995.265000,56.0,Ok,82.0,Ok,4570
502995.468000,51.0,Ok,82.0,Ok,4571
502995.671000,45.0,Ok,85.0,Ok,4572
502995.875000,70.0,Ok,80.0,Ok,4573
502996.078000,62.0,Ok,77.0,Ok,4574
502996.265000,51.0,Ok,92.0,Ok,4575
502996.468000,43.0,Ok,81.0,Ok,4576
502996.671000,44.0,Ok,74.0,Ok,4577
502996.875000,33.0,Ok,85.0,Ok,4578
502997.062000,32.0,Ok,52.0,Ok,4579
502997.265000,34.0,Ok,64.0,Ok,4580
502997.468000,40.0,Ok,62.0,Ok,4581
502997.671000,37.0,Ok,62.0,Ok,4582
502997.875000,40.0,Ok,68.0,Ok,4583
502998.062000,46.0,Ok,86.0,Ok,4584
502998.265000,45.0,Ok,99.0,Ok,4585
502998.468000,49.0,Ok,97.0,Ok,4586
502998.671000,52.0,Ok,75.0,Ok,4587
502998.859000,47.0,Ok,56.0,Ok,4588
502999.062000,53.0,Ok,112.0,Ok,4589
502999.265000,55.0,Ok,80.0,Ok,4590
502999.468000,56.0,Ok,82.0,Ok,4591
502999.671000,58.0,Ok,82.0,Ok,4592
502999.875000,54.0,Ok,82.0,Ok,4593
503000.062000,54.0,Ok,78.0,Ok,4594
503000.265000,43.0,Ok,63.0,Ok,4595
503000.468000,31.0,Ok,53.0,Ok,4596
503000.671000,51.0,Ok,14.0,Ok,4597
503000.875000,71.0,Ok,53.0,Ok,4598
503001.062000,24.0,Ok,57.0,Ok,4599
503001.265000,14.0,Ok,44.0,Ok,4600
503001.453000,16.0,Ok,86.0,Ok,4601
503001.671000,17.0,Ok,84.0,Ok,4602
503001.859000,16.0,Ok,94.0,Ok,4603
503002.062000,14.0,Ok,57.0,Ok,4604
503002.265000,13.0,Ok,61.0,Ok,4605
503002.468000,15.0,Ok,60.0,Ok,4606
503002.656000,13.0,Ok,60.0,Ok,4607
503002.859000,14.0,Ok,58.0,Ok,4608
503003.062000,14.0,Ok,57.0,Ok,4609
503003.250000,18.0,Ok,53.0,Ok,4610
503003.468000,19.0,Ok,58.0,Ok,4611
503003.656000,15.0,Ok,51.0,Ok,4612
503003.859000,10.0,Ok,50.0,Ok,4613
503004.062000,31.0,Ok,60.0,Ok,4614
503004.265000,28.0,Ok,61.0,Ok,4615
503004.468000,24.0,Ok,42.0,Ok,4616
503004.656000,8.0,Ok,41.0,Ok,4617
503004.875000,27.0,Ok,35.0,Ok,4618
503005.062000,45.0,Ok,42.0,Ok,4619
503005.265000,47.0,Ok,29.0,Ok,4620
503005.468000,31.0,Ok,35.0,Ok,4621
503005.671000,37.0,Ok,39.0,Ok,4622
503005.875000,61.0,Ok,41.0,Ok,4623
503006.062000,46.0,Ok,50.0,Ok,4624
503006.265000,49.0,Ok,47.0,Ok,4625
503006.468000,51.0,Ok,58.0,Ok,4626
503006.671000,50.0,Ok,69.0,Ok,4627
503006.875000,59.0,Ok,53.0,Ok,4628
503007.062000,39.0,Ok,61.0,Ok,4629
503007.265000,61.0,Ok,69.0,Ok,4630
503007.468000,61.0,Ok,59.0,Ok,4631
503007.671000,46.0,Ok,59.0,Ok,4632
503007.875000,55.0,Ok,69.0,Ok,4633
503008.062000,54.0,Ok,69.0,Ok,4634
503008.265000,75.0,Ok,66.0,Ok,4635
503008.468000,56.0,Ok,77.0,Ok,4636
503008.656000,62.0,Ok,77.0,Ok,4637
503008.875000,71.0,Ok,82.0,Ok,4638
503009.062000,79.0,Ok,74.0,Ok,4639
503009.265000,80.0,Ok,69.0,Ok,4640
503009.468000,72.0,Ok,79.0,Ok,4641
503009.671000,74.0,Ok,78.0,Ok,4642
503009.875000,60.0,Ok,86.0,Ok,4643
503010.062000,60.0,Ok,85.0,Ok,4644
503010.265000,63.0,Ok,73.0,Ok,4645
503010.468000,55.0,Ok,70.0,Ok,4646
503010.656000,63.0,Ok,69.0,Ok,4647
503010.875000,61.0,Ok,92.0,Ok,4648
503011.062000,63.0,Ok,87.0,Ok,4649
503011.265000,70.0,Ok,98.0,Ok,4650
503011.468000,63.0,Ok,97.0,Ok,4651
503011.671000,74.0,Ok,84.0,Ok,4652
503011.859000,64.0,Ok,104.0,Ok,4653
503012.062000,66.0,Ok,91.0,Ok,4654
503012.265000,68.0,Ok,86.0,Ok,4655
503012.468000,56.0,Ok,92.0,Ok,4656
503012.671000,51.0,Ok,101.0,Ok,4657
503012.875000,49.0,Ok,77.0,Ok,4658
503013.062000,45.0,Ok,70.0,Ok,4659
503013.265000,52.0,Ok,55.0,Ok,4660
503013.468000,61.0,Ok,61.0,Ok,4661
503013.671000,65.0,Ok,62.0,Ok,4662
503013.859000,72.0,Ok,61.0,Ok,4663
503014.062000,53.0,Ok,58.0,Ok,4664
503014.265000,87.0,Ok,58.0,Ok,4665
503014.468000,42.0,Ok,63.0,Ok,4666
503014.656000,45.0,Ok,66.0,Ok,4667
503014.875000,33.0,Ok,74.0,Ok,4668
503015.062000,44.0,Ok,68.0,Ok,4669
503015.265000,47.0,Ok,79.0,Ok,4670
503015.468000,50.0,Ok,75.0,Ok,4671
503015.671000,50.0,Ok,68.0,Ok,4672
503015.859000,56.0,Ok,65.0,Ok,4673
503016.062000,53.0,Ok,88.0,Ok,4674
503016.265000,66.0,Ok,82.0,Ok,4675
503016.468000,53.0,Ok,89.0,Ok,4676
503016.671000,52.0,Ok,82.0,Ok,4677
503016.859000,58.0,Ok,84.0,Ok,4678
503017.062000,95.0,Ok,80.0,Ok,4679
503017.265000,74.0,Ok,65.0,Ok,4680
503017.453000,74.0,Ok,78.0,Ok,4681
503017.656000,67.0,Ok,70.0,Ok,4682
503017.875000,64.0,Ok,77.0,Ok,4683
503018.062000,88.0,Ok,91.0,Ok,4684
503018.265000,73.0,Ok,68.0,Ok,4685
503018.468000,63.0,Ok,82.0,Ok,4686
503018.671000,61.0,Ok,80.0,Ok,4687
503018.859000,69.0,Ok,70.0,Ok,4688
503019.062000,71.0,Ok,69.0,Ok,4689
503019.265000,74.0,Ok,76.0,Ok,4690
503019.453000,68.0,Ok,77.0,Ok,4691
503019.656000,65.0,Ok,84.0,Ok,4692
503019.875000,67.0,Ok,94.0,Ok,4693
503020.062000,75.0,Ok,80.0,Ok,4694
503020.265000,66.0,Ok,77.0,Ok,4695
503020.468000,72.0,Ok,92.0,Ok,4696
503020.671000,80.0,Ok,81.0,Ok,4697
503020.859000,66.0,Ok,88.0,Ok,4698
503021.062000,62.0,Ok,79.0,Ok,4699
503021.265000,57.0,Ok,76.0,Ok,4700
503021.468000,59.0,Ok,75.0,Ok,4701
503021.671000,55.0,Ok,76.0,Ok,4702
503021.875000,57.0,Ok,77.0,Ok,4703
503022.062000,55.0,Ok,77.0,Ok,4704
503022.265000,61.0,Ok,75.0,Ok,4705
503022.468000,61.0,Ok,81.0,Ok,4706
503022.656000,57.0,Ok,89.0,Ok,4707
503022.875000,63.0,Ok,92.0,Ok,4708
503023.062000,69.0,Ok,87.0,Ok,4709
503023.265000,68.0,Ok,61.0,Ok,4710
503023.468000,69.0,Ok,92.0,Ok,4711
503023.671000,71.0,Ok,94.0,Ok,4712
503023.875000,64.0,Ok,93.0,Ok,4713
503024.078000,60.0,Ok,80.0,Ok,4714
503024.265000,58.0,Ok,83.0,Ok,4715
503024.468000,57.0,Ok,83.0,Ok,4716
503024.671000,55.0,Ok,86.0,Ok,4717
503024.875000,59.0,Ok,84.0,Ok,4718
503025.062000,62.0,Ok,90.0,Ok,4719
503025.265000,56.0,Ok,114.0,Ok,4720
503025.468000,62.0,Ok,92.0,Ok,4721
503025.656000,62.0,Ok,97.0,Ok,4722
503025.875000,62.0,Ok,109.0,Ok,4723
503026.062000,67.0,Ok,107.0,Ok,4724
503026.265000,68.0,Ok,117.0,Ok,4725
503026.468000,63.0,Ok,72.0,Ok,4726
503026.656000,63.0,Ok,93.0,Ok,4727
503026.859000,69.0,Ok,86.0,Ok,4728
503027.062000,67.0,Ok,81.0,Ok,4729
503027.265000,72.0,Ok,85.0,Ok,4730
503027.468000,73.0,Ok,81.0,Ok,4731
503027.671000,77.0,Ok,88.0,Ok,4732
503027.875000,79.0,Ok,99.0,Ok,4733
503028.078000,80.0,Ok,93.0,Ok,4734
503028.265000,80.0,Ok,107.0,Ok,4735
503028.468000,73.0,Ok,95.0,Ok,4736
503028.671000,79.0,Ok,70.0,Ok,4737
503028.875000,75.0,Ok,50.0,Ok,4738
503029.062000,88.0,Ok,95.0,Ok,4739
503029.265000,93.0,Ok,81.0,Ok,4740
503029.468000,98.0,Ok,90.0,Ok,4741
503029.671000,95.0,Ok,90.0,Ok,4742
503029.875000,103.0,Ok,90.0,Ok,4743
503030.078000,117.0,Ok,99.0,Ok,4744
503030.265000,103.0,Ok,93.0,Ok,4745
503030.468000,99.0,Ok,86.0,Ok,4746
503030.671000,108.0,Ok,98.0,Ok,4747
503030.875000,107.0,Ok,93.0,Ok,4748
503031.062000,103.0,Ok,101.0,Ok,4749
503031.265000,110.0,Ok,121.0,Ok,4750
503031.468000,122.0,Ok,108.0,Ok,4751
503031.671000,137.0,Ok,105.0,Ok,4752
503031.859000,107.0,Ok,53.0,Ok,4753
503032.062000,97.0,Ok,102.0,Ok,4754
503032.265000,92.0,Ok,99.0,Ok,4755
503032.468000,92.0,Ok,97.0,Ok,4756
503032.671000,90.0,Ok,95.0,Ok,4757
503032.875000,98.0,Ok,92.0,Ok,4758
503033.062000,105.0,Ok,61.0,Ok,4759
503033.265000,121.0,Ok,48.0,Ok,4760
503033.468000,115.0,Ok,52.0,Ok,4761
503033.671000,95.0,Ok,61.0,Ok,4762
503033.875000,99.0,Ok,90.0,Ok,4763
503034.078000,99.0,Ok,96.0,Ok,4764
503034.265000,89.0,Ok,63.0,Ok,4765
503034.453000,86.0,Ok,99.0,Ok,4766
503034.671000,84.0,Ok,102.0,Ok,4767
503034.890000,85.0,Ok,94.0,Ok,4768
503035.062000,91.0,Ok,98.0,Ok,4769
503035.265000,86.0,Ok,102.0,Ok,4770
503035.468000,89.0,Ok,107.0,Ok,4771
503035.671000,87.0,Ok,119.0,Ok,4772
503035.859000,84.0,Ok,116.0,Ok,4773
503036.062000,84.0,Ok,109.0,Ok,4774
503036.265000,83.0,Ok,89.0,Ok,4775
503036.468000,84.0,Ok,88.0,Ok,4776
503036.671000,88.0,Ok,102.0,Ok,4777
503036.859000,85.0,Ok,101.0,Ok,4778
503037.062000,97.0,Ok,111.0,Ok,4779
503037.265000,92.0,Ok,119.0,Ok,4780
503037.468000,74.0,Ok,120.0,Ok,4781
503037.671000,70.0,Ok,122.0,Ok,4782
503037.859000,74.0,Ok,116.0,Ok,4783
503038.062000,82.0,Ok,123.0,Ok,4784
503038.265000,90.0,Ok,121.0,Ok,4785
503038.468000,78.0,Ok,117.0,Ok,4786
503038.671000,89.0,Ok,117.0,Ok,4787
503038.859000,94.0,Ok,105.0,Ok,4788
503039.062000,93.0,Ok,95.0,Ok,4789
503039.265000,92.0,Ok,94.0,Ok,4790
503039.468000,87.0,Ok,95.0,Ok,4791
503039.671000,90.0,Ok,95.0,Ok,4792
503039.875000,90.0,Ok,98.0,Ok,4793
503040.078000,88.0,Ok,93.0,Ok,4794
503040.265000,82.0,Ok,91.0,Ok,4795
503040.468000,92.0,Ok,53.0,Ok,4796
503040.671000,107.0,Ok,49.0,Ok,4797
503040.875000,104.0,Ok,42.0,Ok,4798
503041.046000,94.0,Ok,56.0,Ok,4799
503041.265000,111.0,Ok,76.0,Ok,4800
503041.468000,87.0,Ok,96.0,Ok,4801
503041.671000,86.0,Ok,92.0,Ok,4802
503041.859000,88.0,Ok,91.0,Ok,4803
503042.062000,90.0,Ok,80.0,Ok,4804
503042.265000,94.0,Ok,88.0,Ok,4805
503042.468000,99.0,Ok,96.0,Ok,4806
503042.671000,94.0,Ok,95.0,Ok,4807
503042.859000,96.0,Ok,94.0,Ok,4808
503043.062000,89.0,Ok,94.0,Ok,4809
503043.265000,103.0,Ok,91.0,Ok,4810
503043.468000,103.0,Ok,114.0,Ok,4811
503043.671000,106.0,Ok,96.0,Ok,4812
503043.859000,113.0,Ok,67.0,Ok,4813
503044.062000,116.0,Ok,88.0,Ok,4814
503044.265000,126.0,Ok,88.0,Ok,4815
503044.468000,115.0,Ok,95.0,Ok,4816
503044.671000,110.0,Ok,86.0,Ok,4817
503044.859000,111.0,Ok,87.0,Ok,4818
503045.062000,114.0,Ok,89.0,Ok,4819
503045.265000,116.0,Ok,86.0,Ok,4820
503045.468000,114.0,Ok,90.0,Ok,4821
503045.671000,109.0,Ok,90.0,Ok,4822
503045.859000,106.0,Ok,96.0,Ok,4823
503046.062000,69.0,Ok,91.0,Ok,4824
503046.265000,102.0,Ok,67.0,Ok,4825
503046.468000,125.0,Ok,43.0,Ok,4826
503046.671000,109.0,Ok,44.0,Ok,4827
503046.875000,101.0,Ok,61.0,Ok,4828
503047.062000,105.0,Ok,77.0,Ok,4829
503047.265000,99.0,Ok,92.0,Ok,4830
503047.468000,92.0,Ok,88.0,Ok,4831
503047.671000,94.0,Ok,88.0,Ok,4832
503047.875000,95.0,Ok,90.0,Ok,4833
503048.062000,97.0,Ok,88.0,Ok,4834
503048.265000,98.0,Ok,89.0,Ok,4835
503048.468000,99.0,Ok,87.0,Ok,4836
503048.671000,99.0,Ok,90.0,Ok,4837
503048.859000,99.0,Ok,89.0,Ok,4838
503049.062000,100.0,Ok,87.0,Ok,4839
503049.265000,106.0,Ok,89.0,Ok,4840
503049.468000,96.0,Ok,92.0,Ok,4841
503049.656000,97.0,Ok,89.0,Ok,4842
503049.875000,96.0,Ok,91.0,Ok,4843
503050.062000,95.0,Ok,90.0,Ok,4844
503050.265000,95.0,Ok,88.0,Ok,4845
503050.468000,96.0,Ok,89.0,Ok,4846
503050.671000,95.0,Ok,87.0,Ok,4847
503050.875000,95.0,Ok,87.0,Ok,4848
503051.062000,94.0,Ok,85.0,Ok,4849
503051.265000,95.0,Ok,84.0,Ok,4850
503051.453000,99.0,Ok,84.0,Ok,4851
503051.671000,96.0,Ok,84.0,Ok,4852
503051.859000,96.0,Ok,88.0,Ok,4853
503052.062000,97.0,Ok,91.0,Ok,4854
503052.265000,97.0,Ok,89.0,Ok,4855
503052.468000,98.0,Ok,91.0,Ok,4856
503052.671000,98.0,Ok,90.0,Ok,4857
503052.875000,98.0,Ok,101.0,Ok,4858
503053.062000,101.0,Ok,97.0,Ok,4859
503053.265000,85.0,Ok,95.0,Ok,4860
503053.468000,93.0,Ok,99.0,Ok,4861
503053.671000,117.0,Ok,61.0,Ok,4862
503053.859000,110.0,Ok,97.0,Ok,4863
503054.062000,90.0,Ok,84.0,Ok,4864
503054.265000,97.0,Ok,91.0,Ok,4865
503054.453000,77.0,Ok,88.0,Ok,4866
503054.656000,127.0,Ok,125.0,Ok,4867
503054.859000,103.0,Ok,99.0,Ok,4868
503055.062000,99.0,Ok,79.0,Ok,4869
503055.265000,116.0,Ok,93.0,Ok,4870
503055.468000,72.0,Ok,107.0,Ok,4871
503055.671000,98.0,Ok,69.0,Ok,4872
503055.875000,108.0,Ok,61.0,Ok,4873
503056.062000,101.0,Ok,98.0,Ok,4874
503056.265000,90.0,Ok,131.0,Ok,4875
503056.468000,79.0,Ok,108.0,Ok,4876
503056.703000,83.0,Ok,81.0,Ok,4877
503056.875000,51.0,Ok,99.0,Ok,4878
503057.062000,89.0,Ok,72.0,Ok,4879
503057.265000,102.0,Ok,83.0,Ok,4880
503057.468000,64.0,Ok,91.0,Ok,4881
503057.671000,81.0,Ok,90.0,Ok,4882
503057.859000,77.0,Ok,75.0,Ok,4883
503058.062000,76.0,Ok,88.0,Ok,4884
503058.265000,70.0,Ok,77.0,Ok,4885
503058.468000,94.0,Ok,104.0,Ok,4886
503058.671000,69.0,Ok,85.0,Ok,4887
503058.875000,104.0,Ok,123.0,Ok,4888
503059.062000,83.0,Ok,89.0,Ok,4889
503059.265000,105.0,Ok,82.0,Ok,4890
503059.468000,94.0,Ok,94.0,Ok,4891
503059.671000,81.0,Ok,79.0,Ok,4892
503059.875000,76.0,Ok,71.0,Ok,4893
503060.078000,80.0,Ok,67.0,Ok,4894
503060.265000,89.0,Ok,80.0,Ok,4895
503060.468000,66.0,Ok,85.0,Ok,4896
503060.671000,129.0,Ok,111.0,Ok,4897
503060.875000,69.0,Ok,83.0,Ok,4898
503061.062000,94.0,Ok,87.0,Ok,4899
503061.265000,70.0,Ok,78.0,Ok,4900
503061.453000,104.0,Ok,76.0,Ok,4901
503061.671000,92.0,Ok,77.0,Ok,4902
503061.875000,70.0,Ok,106.0,Ok,4903
503062.078000,80.0,Ok,69.0,Ok,4904
503062.265000,91.0,Ok,95.0,Ok,4905
503062.468000,77.0,Ok,106.0,Ok,4906
503062.671000,68.0,Ok,92.0,Ok,4907
503062.875000,93.0,Ok,97.0,Ok,4908
503063.062000,82.0,Ok,79.0,Ok,4909
503063.265000,67.0,Ok,89.0,Ok,4910
503063.468000,108.0,Ok,96.0,Ok,4911
503063.656000,81.0,Ok,101.0,Ok,4912
503063.859000,90.0,Ok,95.0,Ok,4913
503064.062000,77.0,Ok,119.0,Ok,4914
503064.265000,84.0,Ok,86.0,Ok,4915
503064.468000,83.0,Ok,68.0,Ok,4916
503064.671000,82.0,Ok,84.0,Ok,4917
503064.875000,75.0,Ok,98.0,Ok,4918
503065.062000,80.0,Ok,100.0,Ok,4919
503065.265000,84.0,Ok,122.0,Ok,4920
503065.468000,70.0,Ok,120.0,Ok,4921
503065.656000,85.0,Ok,106.0,Ok,4922
503065.875000,77.0,Ok,97.0,Ok,4923
503066.078000,93.0,Ok,79.0,Ok,4924
503066.265000,106.0,Ok,77.0,Ok,4925
503066.453000,87.0,Ok,51.0,Ok,4926
503066.671000,98.0,Ok,117.0,Ok,4927
503066.875000,82.0,Ok,83.0,Ok,4928
503067.062000,95.0,Ok,128.0,Ok,4929
503067.265000,127.0,Ok,106.0,Ok,4930
503067.468000,79.0,Ok,78.0,Ok,4931
503067.671000,118.0,Ok,109.0,Ok,4932
503067.875000,83.0,Ok,93.0,Ok,4933
503068.062000,97.0,Ok,65.0,Ok,4934
503068.265000,96.0,Ok,85.0,Ok,4935
503068.468000,74.0,Ok,85.0,Ok,4936
503068.671000,85.0,Ok,92.0,Ok,4937
503068.875000,84.0,Ok,83.0,Ok,4938
503069.062000,119.0,Ok,108.0,Ok,4939
503069.265000,89.0,Ok,78.0,Ok,4940
503069.468000,85.0,Ok,81.0,Ok,4941
503069.656000,93.0,Ok,85.0,Ok,4942
503069.859000,88.0,Ok,79.0,Ok,4943
503070.062000,113.0,Ok,109.0,Ok,4944
503070.265000,80.0,Ok,80.0,Ok,4945
503070.468000,52.0,Ok,98.0,Ok,4946
503070.671000,87.0,Ok,76.0,Ok,4947
503070.875000,98.0,Ok,92.0,Ok,4948
503071.062000,101.0,Ok,103.0,Ok,4949
503071.265000,90.0,Ok,83.0,Ok,4950
503071.468000,101.0,Ok,94.0,Ok,4951
503071.687000,81.0,Ok,74.0,Ok,4952
503071.859000,99.0,Ok,90.0,Ok,4953
503072.078000,101.0,Ok,84.0,Ok,4954
503072.265000,82.0,Ok,71.0,Ok,4955
503072.468000,109.0,Ok,100.0,Ok,4956
503072.671000,83.0,Ok,72.0,Ok,4957
503072.859000,105.0,Ok,59.0,Ok,4958
503073.062000,90.0,Ok,84.0,Ok,4959
503073.265000,86.0,Ok,83.0,Ok,4960
503073.468000,85.0,Ok,89.0,Ok,4961
503073.671000,93.0,Ok,87.0,Ok,4962
503073.875000,114.0,Ok,69.0,Ok,4963
503074.062000,83.0,Ok,79.0,Ok,4964
503074.265000,119.0,Ok,76.0,Ok,4965
503074.468000,88.0,Ok,77.0,Ok,4966
503074.671000,109.0,Ok,83.0,Ok,4967
503074.859000,107.0,Ok,73.0,Ok,4968
503075.062000,92.0,Ok,82.0,Ok,4969
503075.265000,95.0,Ok,77.0,Ok,4970
503075.468000,95.0,Ok,79.0,Ok,4971
503075.671000,85.0,Ok,73.0,Ok,4972
503075.875000,108.0,Ok,84.0,Ok,4973
503076.062000,76.0,Ok,81.0,Ok,4974
503076.265000,113.0,Ok,75.0,Ok,4975
503076.453000,69.0,Ok,79.0,Ok,4976
503076.656000,102.0,Ok,84.0,Ok,4977
503076.875000,88.0,Ok,86.0,Ok,4978
503077.062000,88.0,Ok,79.0,Ok,4979
503077.265000,103.0,Ok,77.0,Ok,4980
503077.468000,84.0,Ok,71.0,Ok,4981
503077.656000,105.0,Ok,72.0,Ok,4982
503077.859000,98.0,Ok,80.0,Ok,4983
503078.062000,100.0,Ok,85.0,Ok,4984
503078.265000,104.0,Ok,73.0,Ok,4985
503078.468000,117.0,Ok,84.0,Ok,4986
503078.671000,114.0,Ok,78.0,Ok,4987
503078.875000,69.0,Ok,79.0,Ok,4988
503079.062000,113.0,Ok,82.0,Ok,4989
503079.250000,117.0,Ok,78.0,Ok,4990
503079.468000,94.0,Ok,81.0,Ok,4991
503079.656000,97.0,Ok,76.0,Ok,4992
503079.875000,82.0,Ok,81.0,Ok,4993
503080.062000,128.0,Ok,76.0,Ok,4994
503080.265000,111.0,Ok,80.0,Ok,4995
503080.468000,108.0,Ok,75.0,Ok,4996
503080.671000,66.0,Ok,79.0,Ok,4997
503080.875000,114.0,Ok,81.0,Ok,4998
503081.062000,83.0,Ok,82.0,Ok,4999
503081.265000,105.0,Ok,90.0,Ok,5000
503081.453000,83.0,Ok,86.0,Ok,5001
503081.671000,107.0,Ok,86.0,Ok,5002
503081.875000,84.0,Ok,73.0,Ok,5003
503082.062000,78.0,Ok,96.0,Ok,5004
503082.265000,117.0,Ok,83.0,Ok,5005
503082.468000,70.0,Ok,89.0,Ok,5006
503082.671000,121.0,Ok,110.0,Ok,5007
503082.875000,84.0,Ok,90.0,Ok,5008
503083.062000,101.0,Ok,82.0,Ok,5009
503083.265000,111.0,Ok,66.0,Ok,5010
503083.468000,74.0,Ok,79.0,Ok,5011
503083.671000,110.0,Ok,95.0,Ok,5012
503083.875000,78.0,Ok,92.0,Ok,5013
503084.062000,100.0,Ok,94.0,Ok,5014
503084.265000,119.0,Ok,102.0,Ok,5015
503084.468000,88.0,Ok,68.0,Ok,5016
503084.671000,106.0,Ok,94.0,Ok,5017
503084.859000,102.0,Ok,109.0,Ok,5018
503085.062000,88.0,Ok,79.0,Ok,5019
503085.265000,117.0,Ok,84.0,Ok,5020
503085.468000,96.0,Ok,75.0,Ok,5021
503085.671000,109.0,Ok,72.0,Ok,5022
503085.875000,88.0,Ok,79.0,Ok,5023
503086.062000,99.0,Ok,78.0,Ok,5024
503086.265000,91.0,Ok,76.0,Ok,5025
503086.468000,90.0,Ok,68.0,Ok,5026
503086.687000,114.0,Ok,75.0,Ok,5027
503086.859000,87.0,Ok,82.0,Ok,5028
503087.062000,100.0,Ok,79.0,Ok,5029
503087.265000,111.0,Ok,75.0,Ok,5030
503087.468000,98.0,Ok,80.0,Ok,5031
503087.671000,101.0,Ok,82.0,Ok,5032
503087.859000,84.0,Ok,73.0,Ok,5033
503088.062000,94.0,Ok,80.0,Ok,5034
503088.265000,83.0,Ok,77.0,Ok,5035
503088.453000,93.0,Ok,89.0,Ok,5036
503088.656000,78.0,Ok,76.0,Ok,5037
503088.859000,99.0,Ok,76.0,Ok,5038
503089.062000,71.0,Ok,82.0,Ok,5039
503089.265000,106.0,Ok,78.0,Ok,5040
503089.468000,77.0,Ok,83.0,Ok,5041
503089.656000,97.0,Ok,76.0,Ok,5042
503089.875000,82.0,Ok,75.0,Ok,5043
503090.062000,85.0,Ok,74.0,Ok,5044
503090.265000,103.0,Ok,74.0,Ok,5045
503090.468000,72.0,Ok,80.0,Ok,5046
503090.671000,100.0,Ok,84.0,Ok,5047
503090.875000,108.0,Ok,74.0,Ok,5048
503091.062000,95.0,Ok,82.0,Ok,5049
503091.265000,118.0,Ok,71.0,Ok,5050
503091.468000,77.0,Ok,86.0,Ok,5051
503091.671000,77.0,Ok,75.0,Ok,5052
503091.859000,88.0,Ok,84.0,Ok,5053
503092.062000,93.0,Ok,77.0,Ok,5054
503092.265000,68.0,Ok,77.0,Ok,5055
503092.468000,70.0,Ok,81.0,Ok,5056
503092.671000,98.0,Ok,75.0,Ok,5057
503092.875000,92.0,Ok,78.0,Ok,5058
503093.062000,87.0,Ok,89.0,Ok,5059
503093.265000,110.0,Ok,77.0,Ok,5060
503093.468000,86.0,Ok,75.0,Ok,5061
503093.671000,92.0,Ok,84.0,Ok,5062
503093.875000,97.0,Ok,77.0,Ok,5063
503094.062000,83.0,Ok,78.0,Ok,5064
503094.265000,98.0,Ok,83.0,Ok,5065
503094.468000,103.0,Ok,83.0,Ok,5066
503094.671000,85.0,Ok,85.0,Ok,5067
503094.859000,118.0,Ok,75.0,Ok,5068
503095.062000,86.0,Ok,83.0,Ok,5069
503095.265000,120.0,Ok,75.0,Ok,5070
503095.468000,92.0,Ok,80.0,Ok,5071
503095.656000,99.0,Ok,88.0,Ok,5072
503095.875000,89.0,Ok,96.0,Ok,5073
503096.078000,91.0,Ok,82.0,Ok,5074
503096.265000,87.0,Ok,96.0,Ok,5075
503096.468000,103.0,Ok,99.0,Ok,5076
503096.656000,117.0,Ok,78.0,Ok,5077
503096.859000,114.0,Ok,92.0,Ok,5078
503097.062000,110.0,Ok,92.0,Ok,5079
503097.265000,114.0,Ok,96.0,Ok,5080
503097.468000,104.0,Ok,97.0,Ok,5081
503097.671000,97.0,Ok,97.0,Ok,5082
503097.859000,95.0,Ok,91.0,Ok,5083
503098.062000,94.0,Ok,90.0,Ok,5084
503098.265000,98.0,Ok,92.0,Ok,5085
503098.468000,97.0,Ok,98.0,Ok,5086
503098.671000,98.0,Ok,94.0,Ok,5087
503098.859000,96.0,Ok,99.0,Ok,5088
503099.062000,99.0,Ok,103.0,Ok,5089
503099.265000,96.0,Ok,100.0,Ok,5090
503099.453000,98.0,Ok,99.0,Ok,5091
503099.671000,98.0,Ok,94.0,Ok,5092
503099.875000,101.0,Ok,93.0,Ok,5093
503100.062000,102.0,Ok,97.0,Ok,5094
503100.265000,101.0,Ok,92.0,Ok,5095
503100.468000,101.0,Ok,95.0,Ok,5096
503100.656000,103.0,Ok,95.0,Ok,5097
503100.875000,100.0,Ok,95.0,Ok,5098
503101.062000,100.0,Ok,94.0,Ok,5099
503101.265000,97.0,Ok,97.0,Ok,5100
503101.468000,99.0,Ok,100.0,Ok,5101
503101.703000,103.0,Ok,91.0,Ok,5102
503101.859000,106.0,Ok,95.0,Ok,5103
503102.062000,102.0,Ok,96.0,Ok,5104
503102.265000,123.0,Ok,93.0,Ok,5105
503102.468000,111.0,Ok,87.0,Ok,5106
503102.656000,100.0,Ok,85.0,Ok,5107
503102.875000,84.0,Ok,96.0,Ok,5108
503103.062000,87.0,Ok,83.0,Ok,5109
503103.265000,95.0,Ok,99.0,Ok,5110
503103.468000,111.0,Ok,71.0,Ok,5111
503103.671000,98.0,Ok,69.0,Ok,5112
503103.859000,99.0,Ok,72.0,Ok,5113
503104.062000,105.0,Ok,89.0,Ok,5114
503104.265000,107.0,Ok,99.0,Ok,5115
503104.468000,106.0,Ok,99.0,Ok,5116
503104.656000,98.0,Ok,96.0,Ok,5117
503104.875000,94.0,Ok,90.0,Ok,5118
503105.062000,97.0,Ok,89.0,Ok,5119
503105.265000,95.0,Ok,94.0,Ok,5120
503105.468000,99.0,Ok,94.0,Ok,5121
503105.671000,99.0,Ok,97.0,Ok,5122
503105.859000,102.0,Ok,105.0,Ok,5123
503106.062000,97.0,Ok,97.0,Ok,5124
503106.265000,74.0,Ok,88.0,Ok,5125
503106.468000,85.0,Ok,98.0,Ok,5126
503106.656000,86.0,Ok,89.0,Ok,5127
503106.875000,108.0,Ok,92.0,Ok,5128
503107.062000,77.0,Ok,98.0,Ok,5129
503107.265000,97.0,Ok,77.0,Ok,5130
503107.468000,87.0,Ok,99.0,Ok,5131
503107.656000,90.0,Ok,92.0,Ok,5132
503107.875000,101.0,Ok,105.0,Ok,5133
503108.062000,95.0,Ok,107.0,Ok,5134
503108.265000,96.0,Ok,91.0,Ok,5135
503108.500000,99.0,Ok,119.0,Ok,5136
503108.656000,90.0,Ok,56.0,Ok,5137
503108.875000,110.0,Ok,98.0,Ok,5138
503109.062000,113.0,Ok,94.0,Ok,5139
503109.265000,110.0,Ok,77.0,Ok,5140
503109.468000,99.0,Ok,86.0,Ok,5141
503109.671000,95.0,Ok,100.0,Ok,5142
503109.875000,96.0,Ok,100.0,Ok,5143
503110.062000,84.0,Ok,101.0,Ok,5144
503110.265000,92.0,Ok,97.0,Ok,5145
503110.468000,98.0,Ok,96.0,Ok,5146
503110.671000,103.0,Ok,93.0,Ok,5147
503110.875000,99.0,Ok,98.0,Ok,5148
503111.062000,97.0,Ok,96.0,Ok,5149
503111.265000,97.0,Ok,95.0,Ok,5150
503111.468000,100.0,Ok,102.0,Ok,5151
503111.671000,100.0,Ok,97.0,Ok,5152
503111.859000,103.0,Ok,95.0,Ok,5153
503112.062000,89.0,Ok,94.0,Ok,5154
503112.265000,92.0,Ok,99.0,Ok,5155
503112.468000,93.0,Ok,98.0,Ok,5156
503112.656000,99.0,Ok,96.0,Ok,5157
503112.859000,85.0,Ok,94.0,Ok,5158
503113.062000,95.0,Ok,98.0,Ok,5159
503113.265000,95.0,Ok,101.0,Ok,5160
503113.468000,96.0,Ok,99.0,Ok,5161
503113.671000,93.0,Ok,96.0,Ok,5162
503113.859000,94.0,Ok,99.0,Ok,5163
503114.062000,94.0,Ok,100.0,Ok,5164
503114.265000,93.0,Ok,100.0,Ok,5165
503114.453000,89.0,Ok,101.0,Ok,5166
503114.656000,93.0,Ok,102.0,Ok,5167
503114.875000,91.0,Ok,98.0,Ok,5168
503115.062000,88.0,Ok,100.0,Ok,5169
503115.265000,91.0,Ok,106.0,Ok,5170
503115.468000,96.0,Ok,102.0,Ok,5171
503115.671000,91.0,Ok,100.0,Ok,5172
503115.875000,101.0,Ok,93.0,Ok,5173
503116.062000,96.0,Ok,98.0,Ok,5174
503116.265000,89.0,Ok,96.0,Ok,5175
503116.468000,100.0,Ok,96.0,Ok,5176
503116.656000,87.0,Ok,95.0,Ok,5177
503116.875000,116.0,Ok,93.0,Ok,5178
503117.062000,107.0,Ok,92.0,Ok,5179
503117.265000,114.0,Ok,91.0,Ok,5180
503117.468000,52.0,Ok,94.0,Ok,5181
503117.671000,131.0,Ok,100.0,Ok,5182
503117.859000,98.0,Ok,93.0,Ok,5183
503118.062000,119.0,Ok,93.0,Ok,5184
503118.265000,94.0,Ok,96.0,Ok,5185
503118.468000,78.0,Ok,91.0,Ok,5186
503118.656000,98.0,Ok,101.0,Ok,5187
503118.859000,66.0,Ok,89.0,Ok,5188
503119.062000,75.0,Ok,91.0,Ok,5189
503119.250000,70.0,Ok,94.0,Ok,5190
503119.468000,67.0,Ok,95.0,Ok,5191
503119.656000,77.0,Ok,92.0,Ok,5192
503119.875000,63.0,Ok,94.0,Ok,5193
503120.062000,75.0,Ok,91.0,Ok,5194
503120.265000,74.0,Ok,94.0,Ok,5195
503120.468000,101.0,Ok,90.0,Ok,5196
503120.671000,93.0,Ok,87.0,Ok,5197
503120.859000,80.0,Ok,91.0,Ok,5198
503121.078000,78.0,Ok,97.0,Ok,5199
503121.265000,74.0,Ok,95.0,Ok,5200
503121.468000,79.0,Ok,93.0,Ok,5201
503121.656000,74.0,Ok,101.0,Ok,5202
503121.875000,77.0,Ok,95.0,Ok,5203
503122.062000,71.0,Ok,97.0,Ok,5204
503122.265000,75.0,Ok,99.0,Ok,5205
503122.468000,64.0,Ok,99.0,Ok,5206
503122.671000,67.0,Ok,99.0,Ok,5207
503122.875000,72.0,Ok,103.0,Ok,5208
503123.062000,69.0,Ok,98.0,Ok,5209
503123.265000,77.0,Ok,98.0,Ok,5210
503123.468000,80.0,Ok,99.0,Ok,5211
503123.671000,82.0,Ok,99.0,Ok,5212
503123.859000,76.0,Ok,100.0,Ok,5213
503124.062000,77.0,Ok,99.0,Ok,5214
503124.265000,88.0,Ok,101.0,Ok,5215
503124.468000,80.0,Ok,103.0,Ok,5216
503124.671000,74.0,Ok,104.0,Ok,5217
503124.890000,66.0,Ok,99.0,Ok,5218
503125.062000,60.0,Ok,108.0,Ok,5219
503125.265000,69.0,Ok,108.0,Ok,5220
503125.468000,63.0,Ok,107.0,Ok,5221
503125.671000,62.0,Ok,99.0,Ok,5222
503125.859000,74.0,Ok,96.0,Ok,5223
503126.062000,64.0,Ok,98.0,Ok,5224
503126.265000,70.0,Ok,99.0,Ok,5225
503126.468000,77.0,Ok,104.0,Ok,5226
503126.671000,76.0,Ok,97.0,Ok,5227
503126.859000,69.0,Ok,98.0,Ok,5228
503127.062000,75.0,Ok,100.0,Ok,5229
503127.265000,74.0,Ok,103.0,Ok,5230
503127.468000,74.0,Ok,102.0,Ok,5231
503127.671000,76.0,Ok,100.0,Ok,5232
503127.859000,72.0,Ok,98.0,Ok,5233
503128.062000,83.0,Ok,91.0,Ok,5234
503128.265000,82.0,Ok,90.0,Ok,5235
503128.468000,77.0,Ok,97.0,Ok,5236
503128.671000,89.0,Ok,99.0,Ok,5237
503128.875000,78.0,Ok,104.0,Ok,5238
503129.062000,78.0,Ok,103.0,Ok,5239
503129.265000,77.0,Ok,98.0,Ok,5240
503129.468000,83.0,Ok,93.0,Ok,5241
503129.671000,84.0,Ok,94.0,Ok,5242
503129.859000,84.0,Ok,94.0,Ok,5243
503130.062000,79.0,Ok,95.0,Ok,5244
503130.265000,78.0,Ok,65535.0,RangingRxPhyDecFailed,5245
503130.468000,74.0,Ok,99.0,Ok,5246
503130.671000,89.0,Ok,92.0,Ok,5247
503130.859000,77.0,Ok,90.0,Ok,5248
503131.062000,86.0,Ok,93.0,Ok,5249
503131.265000,72.0,Ok,96.0,Ok,5250
503131.468000,111.0,Ok,89.0,Ok,5251
503131.671000,91.0,Ok,99.0,Ok,5252
503131.859000,93.0,Ok,90.0,Ok,5253
503132.062000,90.0,Ok,92.0,Ok,5254
503132.265000,92.0,Ok,95.0,Ok,5255
503132.468000,88.0,Ok,95.0,Ok,5256
503132.671000,92.0,Ok,97.0,Ok,5257
503132.859000,94.0,Ok,96.0,Ok,5258
503133.062000,85.0,Ok,97.0,Ok,5259
503133.265000,130.0,Ok,89.0,Ok,5260
503133.468000,94.0,Ok,87.0,Ok,5261
503133.656000,80.0,Ok,88.0,Ok,5262
503133.875000,83.0,Ok,84.0,Ok,5263
503134.062000,56.0,Ok,83.0,Ok,5264
503134.265000,96.0,Ok,97.0,Ok,5265
503134.468000,101.0,Ok,107.0,Ok,5266
503134.671000,103.0,Ok,108.0,Ok,5267
503134.859000,103.0,Ok,98.0,Ok,5268
503135.062000,102.0,Ok,93.0,Ok,5269
503135.265000,127.0,Ok,85.0,Ok,5270
503135.468000,106.0,Ok,97.0,Ok,5271
503135.671000,144.0,Ok,94.0,Ok,5272
503135.875000,119.0,Ok,98.0,Ok,5273
503136.062000,123.0,Ok,95.0,Ok,5274
503136.265000,108.0,Ok,73.0,Ok,5275
503136.468000,114.0,Ok,48.0,Ok,5276
503136.656000,101.0,Ok,68.0,Ok,5277
503136.875000,70.0,Ok,105.0,Ok,5278
503137.062000,63.0,Ok,107.0,Ok,5279
503137.265000,113.0,Ok,71.0,Ok,5280
503137.468000,111.0,Ok,53.0,Ok,5281
503137.671000,120.0,Ok,63.0,Ok,5282
503137.859000,73.0,Ok,89.0,Ok,5283
503138.062000,64.0,Ok,110.0,Ok,5284
503138.265000,99.0,Ok,70.0,Ok,5285
503138.484000,108.0,Ok,50.0,Ok,5286
503138.671000,113.0,Ok,69.0,Ok,5287
503138.875000,76.0,Ok,103.0,Ok,5288
503139.062000,61.0,Ok,113.0,Ok,5289
503139.265000,93.0,Ok,85.0,Ok,5290
503139.468000,108.0,Ok,56.0,Ok,5291
503139.671000,107.0,Ok,66.0,Ok,5292
503139.875000,77.0,Ok,87.0,Ok,5293
503140.062000,57.0,Ok,107.0,Ok,5294
503140.265000,77.0,Ok,104.0,Ok,5295
503140.468000,119.0,Ok,61.0,Ok,5296
503140.671000,106.0,Ok,53.0,Ok,5297
503140.875000,88.0,Ok,77.0,Ok,5298
503141.062000,56.0,Ok,114.0,Ok,5299
503141.265000,68.0,Ok,107.0,Ok,5300
503141.468000,108.0,Ok,73.0,Ok,5301
503141.671000,113.0,Ok,49.0,Ok,5302
503141.859000,116.0,Ok,60.0,Ok,5303
503142.062000,70.0,Ok,90.0,Ok,5304
503142.265000,60.0,Ok,111.0,Ok,5305
503142.468000,75.0,Ok,99.0,Ok,5306
503142.671000,112.0,Ok,59.0,Ok,5307
503142.859000,106.0,Ok,47.0,Ok,5308
503143.062000,87.0,Ok,69.0,Ok,5309
503143.265000,64.0,Ok,105.0,Ok,5310
503143.453000,63.0,Ok,109.0,Ok,5311
503143.671000,84.0,Ok,82.0,Ok,5312
503143.859000,114.0,Ok,61.0,Ok,5313
503144.062000,101.0,Ok,50.0,Ok,5314
503144.265000,88.0,Ok,77.0,Ok,5315
503144.468000,60.0,Ok,107.0,Ok,5316
503144.671000,56.0,Ok,102.0,Ok,5317
503144.875000,100.0,Ok,80.0,Ok,5318
503145.062000,118.0,Ok,48.0,Ok,5319
503145.265000,100.0,Ok,54.0,Ok,5320
503145.468000,77.0,Ok,85.0,Ok,5321
503145.656000,60.0,Ok,118.0,Ok,5322
503145.859000,70.0,Ok,107.0,Ok,5323
503146.062000,117.0,Ok,61.0,Ok,5324
503146.265000,117.0,Ok,51.0,Ok,5325
503146.468000,103.0,Ok,55.0,Ok,5326
503146.671000,96.0,Ok,85.0,Ok,5327
503146.875000,50.0,Ok,99.0,Ok,5328
503147.062000,70.0,Ok,91.0,Ok,5329
503147.265000,115.0,Ok,58.0,Ok,5330
503147.453000,111.0,Ok,47.0,Ok,5331
503147.671000,94.0,Ok,72.0,Ok,5332
503147.875000,75.0,Ok,103.0,Ok,5333
503148.062000,56.0,Ok,102.0,Ok,5334
503148.265000,83.0,Ok,84.0,Ok,5335
503148.468000,112.0,Ok,58.0,Ok,5336
503148.656000,114.0,Ok,51.0,Ok,5337
503148.875000,88.0,Ok,77.0,Ok,5338
503149.062000,56.0,Ok,101.0,Ok,5339
503149.265000,63.0,Ok,114.0,Ok,5340
503149.468000,90.0,Ok,78.0,Ok,5341
503149.671000,104.0,Ok,58.0,Ok,5342
503149.859000,117.0,Ok,60.0,Ok,5343
503150.062000,72.0,Ok,84.0,Ok,5344
503150.265000,49.0,Ok,103.0,Ok,5345
503150.468000,72.0,Ok,99.0,Ok,5346
503150.656000,109.0,Ok,59.0,Ok,5347
503150.859000,110.0,Ok,54.0,Ok,5348
503151.062000,94.0,Ok,70.0,Ok,5349
503151.265000,66.0,Ok,98.0,Ok,5350
503151.468000,64.0,Ok,118.0,Ok,5351
503151.671000,79.0,Ok,87.0,Ok,5352
503151.875000,138.0,Ok,51.0,Ok,5353
503152.062000,149.0,Ok,54.0,Ok,5354
503152.265000,88.0,Ok,84.0,Ok,5355
503152.468000,44.0,Ok,114.0,Ok,5356
503152.671000,70.0,Ok,98.0,Ok,5357
503152.859000,121.0,Ok,65.0,Ok,5358
503153.062000,120.0,Ok,54.0,Ok,5359
503153.265000,124.0,Ok,62.0,Ok,5360
503153.468000,69.0,Ok,94.0,Ok,5361
503153.671000,57.0,Ok,100.0,Ok,5362
503153.875000,72.0,Ok,90.0,Ok,5363
503154.062000,132.0,Ok,55.0,Ok,5364
503154.265000,111.0,Ok,51.0,Ok,5365
503154.468000,88.0,Ok,80.0,Ok,5366
503154.671000,52.0,Ok,100.0,Ok,5367
503154.859000,70.0,Ok,103.0,Ok,5368
503155.062000,99.0,Ok,71.0,Ok,5369
503155.265000,128.0,Ok,50.0,Ok,5370
503155.468000,103.0,Ok,53.0,Ok,5371
503155.671000,99.0,Ok,88.0,Ok,5372
503155.875000,59.0,Ok,105.0,Ok,5373
503156.062000,82.0,Ok,92.0,Ok,5374
503156.265000,109.0,Ok,52.0,Ok,5375
503156.468000,102.0,Ok,58.0,Ok,5376
503156.671000,60.0,Ok,102.0,Ok,5377
503156.875000,59.0,Ok,102.0,Ok,5378
503157.062000,86.0,Ok,76.0,Ok,5379
503157.265000,109.0,Ok,50.0,Ok,5380
503157.468000,100.0,Ok,69.0,Ok,5381
503157.656000,55.0,Ok,98.0,Ok,5382
503157.875000,75.0,Ok,97.0,Ok,5383
503158.062000,119.0,Ok,63.0,Ok,5384
503158.265000,114.0,Ok,52.0,Ok,5385
503158.468000,101.0,Ok,77.0,Ok,5386
503158.671000,54.0,Ok,107.0,Ok,5387
503158.875000,85.0,Ok,90.0,Ok,5388
503159.062000,111.0,Ok,54.0,Ok,5389
503159.265000,111.0,Ok,53.0,Ok,5390
503159.468000,84.0,Ok,92.0,Ok,5391
503159.671000,54.0,Ok,100.0,Ok,5392
503159.875000,92.0,Ok,66.0,Ok,5393
503160.062000,114.0,Ok,59.0,Ok,5394
503160.265000,102.0,Ok,71.0,Ok,5395
503160.468000,54.0,Ok,103.0,Ok,5396
503160.656000,67.0,Ok,91.0,Ok,5397
503160.859000,103.0,Ok,49.0,Ok,5398
503161.062000,107.0,Ok,47.0,Ok,5399
503161.265000,81.0,Ok,80.0,Ok,5400
503161.468000,52.0,Ok,101.0,Ok,5401
503161.687000,81.0,Ok,80.0,Ok,5402
503161.859000,112.0,Ok,54.0,Ok,5403
503162.062000,114.0,Ok,58.0,Ok,5404
503162.265000,78.0,Ok,87.0,Ok,5405
503162.468000,51.0,Ok,103.0,Ok,5406
503162.671000,74.0,Ok,86.0,Ok,5407
503162.875000,104.0,Ok,57.0,Ok,5408
503163.062000,110.0,Ok,53.0,Ok,5409
503163.265000,74.0,Ok,91.0,Ok,5410
503163.468000,50.0,Ok,105.0,Ok,5411
503163.656000,73.0,Ok,86.0,Ok,5412
503163.859000,109.0,Ok,60.0,Ok,5413
503164.062000,119.0,Ok,50.0,Ok,5414
503164.265000,99.0,Ok,74.0,Ok,5415
503164.468000,54.0,Ok,112.0,Ok,5416
503164.671000,86.0,Ok,98.0,Ok,5417
503164.875000,104.0,Ok,56.0,Ok,5418
503165.062000,118.0,Ok,50.0,Ok,5419
503165.265000,77.0,Ok,71.0,Ok,5420
503165.468000,55.0,Ok,107.0,Ok,5421
503165.671000,69.0,Ok,97.0,Ok,5422
503165.875000,106.0,Ok,55.0,Ok,5423
503166.062000,135.0,Ok,46.0,Ok,5424
503166.265000,83.0,Ok,70.0,Ok,5425
503166.468000,53.0,Ok,108.0,Ok,5426
503166.671000,65.0,Ok,100.0,Ok,5427
503166.875000,97.0,Ok,73.0,Ok,5428
503167.062000,122.0,Ok,52.0,Ok,5429
503167.265000,137.0,Ok,61.0,Ok,5430
503167.468000,70.0,Ok,92.0,Ok,5431
503167.656000,56.0,Ok,112.0,Ok,5432
503167.859000,86.0,Ok,79.0,Ok,5433
503168.062000,109.0,Ok,45.0,Ok,5434
503168.265000,116.0,Ok,60.0,Ok,5435
503168.515000,60.0,Ok,101.0,Ok,5436
503168.656000,58.0,Ok,108.0,Ok,5437
503168.875000,87.0,Ok,75.0,Ok,5438
503169.062000,106.0,Ok,48.0,Ok,5439
503169.265000,104.0,Ok,56.0,Ok,5440
503169.468000,96.0,Ok,92.0,Ok,5441
503169.671000,54.0,Ok,102.0,Ok,5442
503169.875000,79.0,Ok,87.0,Ok,5443
503170.062000,122.0,Ok,54.0,Ok,5444
503170.265000,110.0,Ok,49.0,Ok,5445
503170.468000,88.0,Ok,81.0,Ok,5446
503170.656000,56.0,Ok,114.0,Ok,5447
503170.859000,80.0,Ok,84.0,Ok,5448
503171.062000,109.0,Ok,53.0,Ok,5449
503171.265000,141.0,Ok,54.0,Ok,5450
503171.468000,113.0,Ok,84.0,Ok,5451
503171.671000,49.0,Ok,103.0,Ok,5452
503171.875000,103.0,Ok,83.0,Ok,5453
503172.062000,105.0,Ok,51.0,Ok,5454
503172.265000,116.0,Ok,46.0,Ok,5455
503172.468000,115.0,Ok,75.0,Ok,5456
503172.671000,51.0,Ok,116.0,Ok,5457
503172.859000,65535.0,RangingRxTimeout,106.0,Ok,5458
503173.062000,109.0,Ok,66.0,Ok,5459
503173.265000,122.0,Ok,45.0,Ok,5460
503173.468000,116.0,Ok,47.0,Ok,5461
503173.671000,114.0,Ok,58.0,Ok,5462
503173.859000,115.0,Ok,55.0,Ok,5463
503174.062000,128.0,Ok,71.0,Ok,5464
503174.265000,112.0,Ok,72.0,Ok,5465
503174.453000,114.0,Ok,79.0,Ok,5466
503174.671000,110.0,Ok,75.0,Ok,5467
503174.859000,107.0,Ok,78.0,Ok,5468
503175.062000,112.0,Ok,89.0,Ok,5469
503175.250000,118.0,Ok,102.0,Ok,5470
503175.468000,113.0,Ok,138.0,Ok,5471
503175.671000,114.0,Ok,128.0,Ok,5472
503175.875000,116.0,Ok,88.0,Ok,5473
503176.062000,109.0,Ok,92.0,Ok,5474
503176.265000,73.0,Ok,103.0,Ok,5475
503176.453000,63.0,Ok,119.0,Ok,5476
503176.671000,66.0,Ok,91.0,Ok,5477
503176.875000,66.0,Ok,93.0,Ok,5478
503177.062000,69.0,Ok,95.0,Ok,5479
503177.265000,59.0,Ok,85.0,Ok,5480
503177.468000,68.0,Ok,103.0,Ok,5481
503177.656000,66.0,Ok,110.0,Ok,5482
503177.859000,70.0,Ok,83.0,Ok,5483
503178.078000,46.0,Ok,86.0,Ok,5484
503178.265000,116.0,Ok,74.0,Ok,5485
503178.468000,65.0,Ok,127.0,Ok,5486
503178.671000,71.0,Ok,122.0,Ok,5487
503178.859000,65.0,Ok,107.0,Ok,5488
503179.062000,64.0,Ok,75.0,Ok,5489
503179.265000,61.0,Ok,65.0,Ok,5490
503179.453000,63.0,Ok,90.0,Ok,5491
503179.671000,60.0,Ok,132.0,Ok,5492
503179.859000,64.0,Ok,125.0,Ok,5493
503180.062000,63.0,Ok,114.0,Ok,5494
503180.250000,61.0,Ok,73.0,Ok,5495
503180.468000,63.0,Ok,77.0,Ok,5496
503180.656000,62.0,Ok,86.0,Ok,5497
503180.875000,61.0,Ok,89.0,Ok,5498
503181.062000,56.0,Ok,102.0,Ok,5499
503181.265000,67.0,Ok,79.0,Ok,5500
503181.468000,84.0,Ok,86.0,Ok,5501
503181.656000,69.0,Ok,85.0,Ok,5502
503181.875000,87.0,Ok,77.0,Ok,5503
503182.062000,130.0,Ok,97.0,Ok,5504
503182.250000,77.0,Ok,92.0,Ok,5505
503182.468000,69.0,Ok,126.0,Ok,5506
503182.671000,63.0,Ok,109.0,Ok,5507
503182.859000,62.0,Ok,105.0,Ok,5508
503183.062000,67.0,Ok,108.0,Ok,5509
503183.250000,68.0,Ok,72.0,Ok,5510
503183.468000,63.0,Ok,72.0,Ok,5511
503183.656000,61.0,Ok,84.0,Ok,5512
503183.875000,66.0,Ok,93.0,Ok,5513
503184.062000,58.0,Ok,95.0,Ok,5514
503184.250000,49.0,Ok,79.0,Ok,5515
503184.453000,49.0,Ok,82.0,Ok,5516
503184.656000,51.0,Ok,81.0,Ok,5517
503184.890000,139.0,Ok,77.0,Ok,5518
503185.062000,62.0,Ok,63.0,Ok,5519
503185.265000,72.0,Ok,81.0,Ok,5520
503185.468000,75.0,Ok,63.0,Ok,5521
503185.671000,55.0,Ok,81.0,Ok,5522
503185.859000,58.0,Ok,114.0,Ok,5523
503186.062000,50.0,Ok,69.0,Ok,5524
503186.265000,78.0,Ok,73.0,Ok,5525
503186.468000,58.0,Ok,84.0,Ok,5526
503186.671000,57.0,Ok,65.0,Ok,5527
503186.859000,50.0,Ok,69.0,Ok,5528
503187.062000,51.0,Ok,64.0,Ok,5529
503187.265000,52.0,Ok,68.0,Ok,5530
503187.468000,49.0,Ok,65.0,Ok,5531
503187.671000,55.0,Ok,68.0,Ok,5532
503187.859000,57.0,Ok,82.0,Ok,5533
503188.062000,45.0,Ok,69.0,Ok,5534
503188.265000,54.0,Ok,77.0,Ok,5535
503188.468000,60.0,Ok,69.0,Ok,5536
503188.671000,61.0,Ok,68.0,Ok,5537
503188.859000,55.0,Ok,69.0,Ok,5538
503189.062000,52.0,Ok,72.0,Ok,5539
503189.265000,50.0,Ok,71.0,Ok,5540
503189.468000,54.0,Ok,71.0,Ok,5541
503189.656000,54.0,Ok,69.0,Ok,5542
503189.859000,49.0,Ok,71.0,Ok,5543
503190.062000,50.0,Ok,69.0,Ok,5544
503190.265000,56.0,Ok,77.0,Ok,5545
503190.453000,57.0,Ok,70.0,Ok,5546
503190.671000,65.0,Ok,65.0,Ok,5547
503190.859000,59.0,Ok,69.0,Ok,5548
503191.046000,63.0,Ok,66.0,Ok,5549
503191.265000,65.0,Ok,69.0,Ok,5550
503191.468000,56.0,Ok,67.0,Ok,5551
503191.671000,64.0,Ok,71.0,Ok,5552
503191.859000,62.0,Ok,66.0,Ok,5553
503192.062000,104.0,Ok,64.0,Ok,5554
503192.265000,65.0,Ok,68.0,Ok,5555
503192.468000,57.0,Ok,70.0,Ok,5556
503192.656000,60.0,Ok,69.0,Ok,5557
503192.859000,58.0,Ok,72.0,Ok,5558
503193.062000,56.0,Ok,75.0,Ok,5559
503193.265000,51.0,Ok,75.0,Ok,5560
503193.468000,59.0,Ok,74.0,Ok,5561
503193.671000,65.0,Ok,83.0,Ok,5562
503193.859000,60.0,Ok,82.0,Ok,5563
503194.062000,63.0,Ok,102.0,Ok,5564
503194.265000,71.0,Ok,96.0,Ok,5565
503194.468000,71.0,Ok,96.0,Ok,5566
503194.656000,83.0,Ok,105.0,Ok,5567
503194.859000,83.0,Ok,94.0,Ok,5568
503195.062000,42.0,Ok,94.0,Ok,5569
503195.265000,65.0,Ok,93.0,Ok,5570
503195.468000,69.0,Ok,95.0,Ok,5571
503195.656000,74.0,Ok,99.0,Ok,5572
503195.875000,66.0,Ok,104.0,Ok,5573
503196.062000,71.0,Ok,114.0,Ok,5574
503196.265000,67.0,Ok,117.0,Ok,5575
503196.468000,68.0,Ok,119.0,Ok,5576
503196.656000,72.0,Ok,128.0,Ok,5577
503196.875000,82.0,Ok,58.0,Ok,5578
503197.062000,77.0,Ok,124.0,Ok,5579
503197.265000,71.0,Ok,103.0,Ok,5580
503197.468000,92.0,Ok,94.0,Ok,5581
503197.656000,58.0,Ok,103.0,Ok,5582
503197.875000,61.0,Ok,95.0,Ok,5583
503198.062000,66.0,Ok,98.0,Ok,5584
503198.250000,75.0,Ok,107.0,Ok,5585
503198.468000,84.0,Ok,77.0,Ok,5586
503198.671000,75.0,Ok,77.0,Ok,5587
503198.859000,71.0,Ok,82.0,Ok,5588
503199.062000,68.0,Ok,88.0,Ok,5589
503199.265000,53.0,Ok,61.0,Ok,5590
503199.468000,69.0,Ok,64.0,Ok,5591
503199.671000,77.0,Ok,69.0,Ok,5592
503199.875000,82.0,Ok,75.0,Ok,5593
503200.062000,76.0,Ok,66.0,Ok,5594
503200.265000,91.0,Ok,86.0,Ok,5595
503200.468000,63.0,Ok,101.0,Ok,5596
503200.656000,101.0,Ok,87.0,Ok,5597
503200.859000,66.0,Ok,79.0,Ok,5598
503201.062000,76.0,Ok,83.0,Ok,5599
503201.265000,70.0,Ok,65.0,Ok,5600
503201.468000,122.0,Ok,67.0,Ok,5601
503201.656000,53.0,Ok,65535.0,RangingRxTimeout,5602
503201.859000,114.0,Ok,108.0,Ok,5603
503202.062000,76.0,Ok,107.0,Ok,5604
503202.265000,77.0,Ok,64.0,Ok,5605
503202.468000,71.0,Ok,96.0,Ok,5606
503202.656000,63.0,Ok,104.0,Ok,5607
503202.859000,84.0,Ok,97.0,Ok,5608
503203.062000,84.0,Ok,90.0,Ok,5609
503203.265000,83.0,Ok,95.0,Ok,5610
503203.468000,73.0,Ok,100.0,Ok,5611
503203.656000,145.0,Ok,114.0,Ok,5612
503203.875000,82.0,Ok,84.0,Ok,5613
503204.062000,78.0,Ok,92.0,Ok,5614
503204.265000,81.0,Ok,95.0,Ok,5615
503204.468000,74.0,Ok,92.0,Ok,5616
503204.656000,71.0,Ok,90.0,Ok,5617
503204.859000,122.0,Ok,82.0,Ok,5618
503205.062000,92.0,Ok,93.0,Ok,5619
503205.265000,77.0,Ok,91.0,Ok,5620
503205.468000,82.0,Ok,85.0,Ok,5621
503205.656000,83.0,Ok,82.0,Ok,5622
503205.859000,70.0,Ok,79.0,Ok,5623
503206.062000,75.0,Ok,77.0,Ok,5624
503206.265000,69.0,Ok,81.0,Ok,5625
503206.468000,70.0,Ok,79.0,Ok,5626
503206.671000,74.0,Ok,76.0,Ok,5627
503206.875000,71.0,Ok,77.0,Ok,5628
503207.062000,69.0,Ok,69.0,Ok,5629
503207.265000,98.0,Ok,74.0,Ok,5630
503207.453000,80.0,Ok,73.0,Ok,5631
503207.671000,80.0,Ok,70.0,Ok,5632
503207.875000,85.0,Ok,86.0,Ok,5633
503208.062000,96.0,Ok,83.0,Ok,5634
503208.265000,95.0,Ok,80.0,Ok,5635
503208.468000,76.0,Ok,76.0,Ok,5636
503208.671000,72.0,Ok,84.0,Ok,5637
503208.859000,98.0,Ok,89.0,Ok,5638
503209.062000,83.0,Ok,118.0,Ok,5639
503209.265000,103.0,Ok,107.0,Ok,5640
503209.468000,69.0,Ok,133.0,Ok,5641
503209.656000,95.0,Ok,89.0,Ok,5642
503209.875000,92.0,Ok,117.0,Ok,5643
503210.062000,56.0,Ok,101.0,Ok,5644
503210.265000,74.0,Ok,95.0,Ok,5645
503210.468000,80.0,Ok,82.0,Ok,5646
503210.656000,60.0,Ok,76.0,Ok,5647
503210.859000,46.0,Ok,107.0,Ok,5648
503211.062000,43.0,Ok,84.0,Ok,5649
503211.250000,60.0,Ok,92.0,Ok,5650
503211.468000,69.0,Ok,72.0,Ok,5651
503211.656000,95.0,Ok,78.0,Ok,5652
503211.875000,46.0,Ok,55.0,Ok,5653
503212.046000,69.0,Ok,108.0,Ok,5654
503212.265000,63.0,Ok,108.0,Ok,5655
503212.468000,64.0,Ok,88.0,Ok,5656
503212.671000,64.0,Ok,72.0,Ok,5657
503212.859000,67.0,Ok,99.0,Ok,5658
503213.062000,63.0,Ok,118.0,Ok,5659
503213.265000,44.0,Ok,104.0,Ok,5660
503213.468000,49.0,Ok,71.0,Ok,5661
503213.671000,71.0,Ok,96.0,Ok,5662
503213.859000,51.0,Ok,94.0,Ok,5663
503214.062000,59.0,Ok,149.0,Ok,5664
503214.265000,67.0,Ok,109.0,Ok,5665
503214.453000,49.0,Ok,108.0,Ok,5666
503214.671000,58.0,Ok,81.0,Ok,5667
503214.875000,61.0,Ok,84.0,Ok,5668
503215.062000,61.0,Ok,90.0,Ok,5669
503215.265000,55.0,Ok,105.0,Ok,5670
503215.468000,61.0,Ok,102.0,Ok,5671
503215.656000,68.0,Ok,118.0,Ok,5672
503215.859000,70.0,Ok,113.0,Ok,5673
503216.062000,72.0,Ok,87.0,Ok,5674
503216.281000,66.0,Ok,97.0,Ok,5675
503216.468000,70.0,Ok,97.0,Ok,5676
503216.656000,69.0,Ok,91.0,Ok,5677
503216.859000,69.0,Ok,112.0,Ok,5678
503217.062000,67.0,Ok,110.0,Ok,5679
503217.250000,57.0,Ok,108.0,Ok,5680
503217.468000,55.0,Ok,107.0,Ok,5681
503217.671000,57.0,Ok,130.0,Ok,5682
503217.875000,60.0,Ok,111.0,Ok,5683
503218.062000,62.0,Ok,128.0,Ok,5684
503218.265000,67.0,Ok,130.0,Ok,5685
503218.468000,86.0,Ok,85.0,Ok,5686
503218.671000,61.0,Ok,122.0,Ok,5687
503218.875000,60.0,Ok,107.0,Ok,5688
503219.062000,71.0,Ok,141.0,Ok,5689
503219.265000,99.0,Ok,103.0,Ok,5690
503219.468000,89.0,Ok,108.0,Ok,5691
503219.656000,133.0,Ok,95.0,Ok,5692
503219.859000,99.0,Ok,99.0,Ok,5693
503220.062000,72.0,Ok,90.0,Ok,5694
503220.265000,66.0,Ok,81.0,Ok,5695
503220.468000,68.0,Ok,69.0,Ok,5696
503220.656000,66.0,Ok,86.0,Ok,5697
503220.859000,68.0,Ok,97.0,Ok,5698
503221.062000,70.0,Ok,102.0,Ok,5699
503221.265000,67.0,Ok,92.0,Ok,5700
503221.468000,67.0,Ok,90.0,Ok,5701
503221.703000,69.0,Ok,95.0,Ok,5702
503221.875000,65.0,Ok,97.0,Ok,5703
503222.062000,71.0,Ok,102.0,Ok,5704
503222.265000,87.0,Ok,113.0,Ok,5705
503222.468000,74.0,Ok,92.0,Ok,5706
503222.671000,80.0,Ok,78.0,Ok,5707
503222.859000,72.0,Ok,88.0,Ok,5708
503223.062000,70.0,Ok,65535.0,RangingRxPhyDecFailed,5709
503223.265000,46.0,Ok,78.0,Ok,5710
503223.468000,64.0,Ok,76.0,Ok,5711
503223.671000,65.0,Ok,71.0,Ok,5712
503223.875000,59.0,Ok,83.0,Ok,5713
503224.062000,62.0,Ok,99.0,Ok,5714
503224.265000,58.0,Ok,46.0,Ok,5715
503224.468000,68.0,Ok,82.0,Ok,5716
503224.671000,73.0,Ok,52.0,Ok,5717
503224.875000,66.0,Ok,110.0,Ok,5718
503225.062000,64.0,Ok,115.0,Ok,5719
503225.265000,59.0,Ok,127.0,Ok,5720
503225.468000,59.0,Ok,124.0,Ok,5721
503225.671000,73.0,Ok,104.0,Ok,5722
503225.859000,78.0,Ok,104.0,Ok,5723
503226.062000,76.0,Ok,93.0,Ok,5724
503226.250000,57.0,Ok,91.0,Ok,5725
503226.468000,61.0,Ok,85.0,Ok,5726
503226.671000,68.0,Ok,84.0,Ok,5727
503226.859000,73.0,Ok,97.0,Ok,5728
503227.062000,70.0,Ok,90.0,Ok,5729
503227.265000,69.0,Ok,93.0,Ok,5730
503227.468000,53.0,Ok,101.0,Ok,5731
503227.671000,61.0,Ok,107.0,Ok,5732
503227.875000,58.0,Ok,106.0,Ok,5733
503228.062000,62.0,Ok,112.0,Ok,5734
503228.265000,57.0,Ok,100.0,Ok,5735
503228.468000,64.0,Ok,112.0,Ok,5736
503228.656000,64.0,Ok,110.0,Ok,5737
503228.859000,65.0,Ok,92.0,Ok,5738
503229.062000,60.0,Ok,98.0,Ok,5739
503229.265000,64.0,Ok,82.0,Ok,5740
503229.468000,72.0,Ok,82.0,Ok,5741
503229.671000,72.0,Ok,85.0,Ok,5742
503229.875000,69.0,Ok,84.0,Ok,5743
503230.062000,73.0,Ok,89.0,Ok,5744
503230.265000,71.0,Ok,92.0,Ok,5745
503230.468000,73.0,Ok,87.0,Ok,5746
503230.671000,74.0,Ok,88.0,Ok,5747
503230.859000,76.0,Ok,86.0,Ok,5748
503231.062000,77.0,Ok,93.0,Ok,5749
503231.250000,86.0,Ok,87.0,Ok,5750
503231.468000,79.0,Ok,94.0,Ok,5751
503231.671000,81.0,Ok,89.0,Ok,5752
503231.859000,84.0,Ok,99.0,Ok,5753
503232.062000,81.0,Ok,93.0,Ok,5754
503232.265000,81.0,Ok,96.0,Ok,5755
503232.468000,79.0,Ok,99.0,Ok,5756
503232.656000,89.0,Ok,96.0,Ok,5757
503232.859000,84.0,Ok,89.0,Ok,5758
503233.062000,83.0,Ok,94.0,Ok,5759
503233.265000,83.0,Ok,93.0,Ok,5760
503233.468000,83.0,Ok,107.0,Ok,5761
503233.671000,87.0,Ok,93.0,Ok,5762
503233.875000,79.0,Ok,88.0,Ok,5763
503234.062000,82.0,Ok,84.0,Ok,5764
503234.265000,89.0,Ok,95.0,Ok,5765
503234.468000,93.0,Ok,96.0,Ok,5766
503234.656000,76.0,Ok,90.0,Ok,5767
503234.859000,85.0,Ok,88.0,Ok,5768
503235.062000,77.0,Ok,95.0,Ok,5769
503235.265000,94.0,Ok,94.0,Ok,5770
503235.468000,88.0,Ok,90.0,Ok,5771
503235.656000,96.0,Ok,82.0,Ok,5772
503235.859000,75.0,Ok,91.0,Ok,5773
503236.062000,118.0,Ok,101.0,Ok,5774
503236.265000,111.0,Ok,112.0,Ok,5775
503236.453000,99.0,Ok,121.0,Ok,5776
503236.687000,108.0,Ok,115.0,Ok,5777
503236.875000,107.0,Ok,102.0,Ok,5778
503237.062000,118.0,Ok,118.0,Ok,5779
503237.265000,119.0,Ok,114.0,Ok,5780
503237.453000,122.0,Ok,122.0,Ok,5781
503237.671000,138.0,Ok,122.0,Ok,5782
503237.859000,212.0,Ok,124.0,Ok,5783
503238.062000,110.0,Ok,117.0,Ok,5784
503238.265000,114.0,Ok,119.0,Ok,5785
503238.468000,107.0,Ok,117.0,Ok,5786
503238.671000,120.0,Ok,118.0,Ok,5787
503238.875000,114.0,Ok,115.0,Ok,5788
503239.062000,119.0,Ok,132.0,Ok,5789
503239.265000,106.0,Ok,122.0,Ok,5790
503239.468000,121.0,Ok,121.0,Ok,5791
503239.671000,125.0,Ok,122.0,Ok,5792
503239.859000,124.0,Ok,120.0,Ok,5793
503240.062000,115.0,Ok,117.0,Ok,5794
503240.250000,121.0,Ok,120.0,Ok,5795
503240.468000,117.0,Ok,117.0,Ok,5796
503240.671000,121.0,Ok,116.0,Ok,5797
503240.875000,132.0,Ok,117.0,Ok,5798
503241.062000,133.0,Ok,115.0,Ok,5799
503241.265000,204.0,Ok,118.0,Ok,5800
503241.453000,137.0,Ok,120.0,Ok,5801
503241.671000,128.0,Ok,119.0,Ok,5802
503241.875000,124.0,Ok,118.0,Ok,5803
503242.062000,126.0,Ok,116.0,Ok,5804
503242.265000,148.0,Ok,115.0,Ok,5805
503242.468000,130.0,Ok,119.0,Ok,5806
503242.656000,190.0,Ok,116.0,Ok,5807
503242.859000,141.0,Ok,118.0,Ok,5808
503243.062000,137.0,Ok,118.0,Ok,5809
503243.265000,120.0,Ok,120.0,Ok,5810
503243.453000,118.0,Ok,119.0,Ok,5811
503243.656000,137.0,Ok,120.0,Ok,5812
503243.859000,130.0,Ok,116.0,Ok,5813
503244.062000,119.0,Ok,118.0,Ok,5814
503244.265000,116.0,Ok,117.0,Ok,5815
503244.468000,118.0,Ok,118.0,Ok,5816
503244.671000,177.0,Ok,120.0,Ok,5817
503244.859000,112.0,Ok,115.0,Ok,5818
503245.062000,118.0,Ok,114.0,Ok,5819
503245.265000,122.0,Ok,123.0,Ok,5820
503245.468000,108.0,Ok,124.0,Ok,5821
503245.656000,118.0,Ok,128.0,Ok,5822
503245.859000,115.0,Ok,120.0,Ok,5823
503246.062000,115.0,Ok,121.0,Ok,5824
503246.265000,129.0,Ok,115.0,Ok,5825
503246.468000,114.0,Ok,113.0,Ok,5826
503246.656000,122.0,Ok,113.0,Ok,5827
503246.859000,113.0,Ok,117.0,Ok,5828
503247.062000,121.0,Ok,123.0,Ok,5829
503247.265000,121.0,Ok,120.0,Ok,5830
503247.468000,110.0,Ok,120.0,Ok,5831
503247.656000,119.0,Ok,120.0,Ok,5832
503247.859000,120.0,Ok,117.0,Ok,5833
503248.062000,122.0,Ok,121.0,Ok,5834
503248.265000,113.0,Ok,124.0,Ok,5835
503248.468000,109.0,Ok,121.0,Ok,5836
503248.656000,122.0,Ok,121.0,Ok,5837
503248.875000,170.0,Ok,121.0,Ok,5838
503249.062000,124.0,Ok,120.0,Ok,5839
503249.265000,125.0,Ok,120.0,Ok,5840
503249.468000,125.0,Ok,121.0,Ok,5841
503249.656000,115.0,Ok,121.0,Ok,5842
503249.859000,108.0,Ok,122.0,Ok,5843
503250.062000,107.0,Ok,125.0,Ok,5844
503250.265000,107.0,Ok,130.0,Ok,5845
503250.468000,107.0,Ok,129.0,Ok,5846
503250.656000,114.0,Ok,127.0,Ok,5847
503250.875000,117.0,Ok,128.0,Ok,5848
503251.062000,118.0,Ok,128.0,Ok,5849
503251.265000,121.0,Ok,128.0,Ok,5850
503251.468000,119.0,Ok,128.0,Ok,5851
503251.671000,117.0,Ok,127.0,Ok,5852
503251.859000,110.0,Ok,125.0,Ok,5853
503252.062000,122.0,Ok,129.0,Ok,5854
503252.265000,123.0,Ok,129.0,Ok,5855
503252.468000,117.0,Ok,128.0,Ok,5856
503252.656000,122.0,Ok,130.0,Ok,5857
503252.859000,118.0,Ok,128.0,Ok,5858
503253.062000,114.0,Ok,125.0,Ok,5859
503253.265000,115.0,Ok,125.0,Ok,5860
503253.468000,123.0,Ok,122.0,Ok,5861
503253.656000,119.0,Ok,128.0,Ok,5862
503253.859000,122.0,Ok,127.0,Ok,5863
503254.062000,122.0,Ok,125.0,Ok,5864
503254.250000,119.0,Ok,123.0,Ok,5865
503254.468000,122.0,Ok,126.0,Ok,5866
503254.671000,111.0,Ok,127.0,Ok,5867
503254.859000,113.0,Ok,125.0,Ok,5868
503255.062000,110.0,Ok,128.0,Ok,5869
503255.265000,114.0,Ok,124.0,Ok,5870
503255.468000,121.0,Ok,129.0,Ok,5871
503255.671000,124.0,Ok,127.0,Ok,5872
503255.859000,121.0,Ok,128.0,Ok,5873
503256.062000,122.0,Ok,125.0,Ok,5874
503256.265000,123.0,Ok,124.0,Ok,5875
503256.453000,118.0,Ok,127.0,Ok,5876
503256.656000,123.0,Ok,128.0,Ok,5877
503256.875000,120.0,Ok,124.0,Ok,5878
503257.062000,121.0,Ok,127.0,Ok,5879
503257.265000,120.0,Ok,125.0,Ok,5880
503257.468000,120.0,Ok,127.0,Ok,5881
503257.656000,118.0,Ok,125.0,Ok,5882
503257.875000,118.0,Ok,130.0,Ok,5883
503258.062000,123.0,Ok,126.0,Ok,5884
503258.265000,127.0,Ok,125.0,Ok,5885
503258.468000,124.0,Ok,126.0,Ok,5886
503258.671000,123.0,Ok,126.0,Ok,5887
503258.859000,112.0,Ok,130.0,Ok,5888
503259.062000,111.0,Ok,118.0,Ok,5889
503259.265000,106.0,Ok,114.0,Ok,5890
503259.468000,107.0,Ok,105.0,Ok,5891
503259.671000,112.0,Ok,113.0,Ok,5892
503259.875000,109.0,Ok,112.0,Ok,5893
503260.062000,111.0,Ok,111.0,Ok,5894
503260.265000,110.0,Ok,115.0,Ok,5895
503260.468000,111.0,Ok,116.0,Ok,5896
503260.671000,111.0,Ok,111.0,Ok,5897
503260.859000,110.0,Ok,109.0,Ok,5898
503261.062000,111.0,Ok,117.0,Ok,5899
503261.265000,111.0,Ok,116.0,Ok,5900
503261.453000,104.0,Ok,115.0,Ok,5901
503261.671000,112.0,Ok,114.0,Ok,5902
503261.859000,120.0,Ok,124.0,Ok,5903
503262.062000,115.0,Ok,126.0,Ok,5904
503262.265000,127.0,Ok,125.0,Ok,5905
503262.468000,122.0,Ok,125.0,Ok,5906
503262.671000,126.0,Ok,123.0,Ok,5907
503262.859000,121.0,Ok,122.0,Ok,5908
503263.062000,121.0,Ok,126.0,Ok,5909
503263.265000,119.0,Ok,124.0,Ok,5910
503263.468000,120.0,Ok,127.0,Ok,5911
503263.671000,114.0,Ok,129.0,Ok,5912
503263.875000,110.0,Ok,124.0,Ok,5913
503264.062000,106.0,Ok,119.0,Ok,5914
503264.265000,107.0,Ok,111.0,Ok,5915
503264.468000,113.0,Ok,112.0,Ok,5916
503264.671000,107.0,Ok,113.0,Ok,5917
503264.859000,110.0,Ok,112.0,Ok,5918
503265.062000,110.0,Ok,111.0,Ok,5919
503265.265000,108.0,Ok,115.0,Ok,5920
503265.468000,105.0,Ok,114.0,Ok,5921
503265.656000,104.0,Ok,114.0,Ok,5922
503265.859000,109.0,Ok,117.0,Ok,5923
503266.062000,111.0,Ok,122.0,Ok,5924
503266.265000,118.0,Ok,122.0,Ok,5925
503266.468000,121.0,Ok,122.0,Ok,5926
503266.656000,117.0,Ok,122.0,Ok,5927
503266.859000,120.0,Ok,126.0,Ok,5928
503267.062000,122.0,Ok,125.0,Ok,5929
503267.265000,122.0,Ok,128.0,Ok,5930
503267.468000,121.0,Ok,130.0,Ok,5931
503267.671000,121.0,Ok,125.0,Ok,5932
503267.859000,121.0,Ok,124.0,Ok,5933
503268.062000,115.0,Ok,124.0,Ok,5934
503268.265000,128.0,Ok,127.0,Ok,5935
503268.468000,120.0,Ok,122.0,Ok,5936
503268.671000,110.0,Ok,124.0,Ok,5937
503268.875000,110.0,Ok,112.0,Ok,5938
503269.062000,109.0,Ok,113.0,Ok,5939
503269.265000,109.0,Ok,117.0,Ok,5940
503269.468000,107.0,Ok,116.0,Ok,5941
503269.656000,108.0,Ok,113.0,Ok,5942
503269.859000,111.0,Ok,114.0,Ok,5943
503270.062000,107.0,Ok,115.0,Ok,5944
503270.250000,105.0,Ok,115.0,Ok,5945
503270.468000,108.0,Ok,112.0,Ok,5946
503270.656000,117.0,Ok,117.0,Ok,5947
503270.875000,117.0,Ok,124.0,Ok,5948
503271.046000,122.0,Ok,123.0,Ok,5949
503271.250000,122.0,Ok,122.0,Ok,5950
503271.453000,118.0,Ok,126.0,Ok,5951
503271.656000,125.0,Ok,122.0,Ok,5952
503271.859000,126.0,Ok,121.0,Ok,5953
503272.062000,123.0,Ok,121.0,Ok,5954
503272.265000,126.0,Ok,120.0,Ok,5955
503272.468000,119.0,Ok,125.0,Ok,5956
503272.656000,115.0,Ok,123.0,Ok,5957
503272.875000,114.0,Ok,117.0,Ok,5958
503273.062000,107.0,Ok,116.0,Ok,5959
503273.265000,101.0,Ok,107.0,Ok,5960
503273.500000,101.0,Ok,107.0,Ok,5961
503273.671000,108.0,Ok,111.0,Ok,5962
503273.859000,108.0,Ok,110.0,Ok,5963
503274.062000,106.0,Ok,113.0,Ok,5964
503274.265000,104.0,Ok,116.0,Ok,5965
503274.453000,108.0,Ok,115.0,Ok,5966
503274.671000,106.0,Ok,114.0,Ok,5967
503274.875000,106.0,Ok,112.0,Ok,5968
503275.062000,112.0,Ok,113.0,Ok,5969
503275.265000,112.0,Ok,121.0,Ok,5970
503275.468000,110.0,Ok,123.0,Ok,5971
503275.671000,114.0,Ok,124.0,Ok,5972
503275.875000,112.0,Ok,123.0,Ok,5973
503276.062000,114.0,Ok,121.0,Ok,5974
503276.265000,123.0,Ok,125.0,Ok,5975
503276.468000,65535.0,RangingRxTimeout,125.0,Ok,5976
503276.671000,120.0,Ok,122.0,Ok,5977
503276.875000,120.0,Ok,125.0,Ok,5978
503277.062000,111.0,Ok,123.0,Ok,5979
503277.265000,106.0,Ok,114.0,Ok,5980
503277.468000,102.0,Ok,101.0,Ok,5981
503277.671000,100.0,Ok,114.0,Ok,5982
503277.875000,101.0,Ok,116.0,Ok,5983
503278.062000,103.0,Ok,114.0,Ok,5984
503278.250000,102.0,Ok,115.0,Ok,5985
503278.468000,98.0,Ok,109.0,Ok,5986
503278.656000,102.0,Ok,114.0,Ok,5987
503278.875000,95.0,Ok,114.0,Ok,5988
503279.062000,106.0,Ok,107.0,Ok,5989
503279.265000,102.0,Ok,114.0,Ok,5990
503279.453000,116.0,Ok,123.0,Ok,5991
503279.671000,65535.0,RangingRxTimeout,123.0,Ok,5992
503279.859000,121.0,Ok,124.0,Ok,5993
503280.062000,120.0,Ok,125.0,Ok,5994
503280.265000,123.0,Ok,128.0,Ok,5995
503280.468000,123.0,Ok,128.0,Ok,5996
503280.671000,115.0,Ok,126.0,Ok,5997
503280.859000,117.0,Ok,129.0,Ok,5998
503281.062000,122.0,Ok,124.0,Ok,5999
503281.265000,127.0,Ok,123.0,Ok,6000
503281.468000,117.0,Ok,122.0,Ok,6001
503281.671000,101.0,Ok,110.0,Ok,6002
503281.859000,106.0,Ok,116.0,Ok,6003
503282.062000,101.0,Ok,119.0,Ok,6004
503282.265000,107.0,Ok,114.0,Ok,6005
503282.468000,106.0,Ok,108.0,Ok,6006
503282.656000,107.0,Ok,113.0,Ok,6007
503282.859000,106.0,Ok,104.0,Ok,6008
503283.062000,104.0,Ok,107.0,Ok,6009
503283.265000,106.0,Ok,109.0,Ok,6010
503283.453000,109.0,Ok,110.0,Ok,6011
503283.671000,107.0,Ok,120.0,Ok,6012
503283.859000,113.0,Ok,128.0,Ok,6013
503284.062000,120.0,Ok,128.0,Ok,6014
503284.265000,123.0,Ok,128.0,Ok,6015
503284.468000,118.0,Ok,124.0,Ok,6016
503284.656000,124.0,Ok,129.0,Ok,6017
503284.859000,125.0,Ok,125.0,Ok,6018
503285.062000,120.0,Ok,128.0,Ok,6019
503285.265000,120.0,Ok,130.0,Ok,6020
503285.468000,120.0,Ok,126.0,Ok,6021
503285.671000,122.0,Ok,125.0,Ok,6022
503285.859000,121.0,Ok,123.0,Ok,6023
503286.062000,112.0,Ok,124.0,Ok,6024
503286.265000,113.0,Ok,118.0,Ok,6025
503286.468000,109.0,Ok,120.0,Ok,6026
503286.671000,100.0,Ok,113.0,Ok,6027
503286.859000,104.0,Ok,113.0,Ok,6028
503287.062000,106.0,Ok,106.0,Ok,6029
503287.265000,110.0,Ok,115.0,Ok,6030
503287.468000,110.0,Ok,111.0,Ok,6031
503287.671000,103.0,Ok,111.0,Ok,6032
503287.859000,109.0,Ok,112.0,Ok,6033
503288.062000,109.0,Ok,114.0,Ok,6034
503288.265000,105.0,Ok,110.0,Ok,6035
503288.500000,104.0,Ok,119.0,Ok,6036
503288.656000,118.0,Ok,117.0,Ok,6037
503288.859000,117.0,Ok,123.0,Ok,6038
503289.062000,119.0,Ok,124.0,Ok,6039
503289.265000,116.0,Ok,122.0,Ok,6040
503289.468000,125.0,Ok,121.0,Ok,6041
503289.656000,117.0,Ok,124.0,Ok,6042
503289.859000,115.0,Ok,122.0,Ok,6043
503290.062000,122.0,Ok,125.0,Ok,6044
503290.265000,65535.0,RangingRxTimeout,121.0,Ok,6045
503290.468000,124.0,Ok,114.0,Ok,6046
503290.671000,111.0,Ok,119.0,Ok,6047
503290.859000,115.0,Ok,117.0,Ok,6048
503291.062000,108.0,Ok,122.0,Ok,6049
503291.265000,109.0,Ok,109.0,Ok,6050
503291.468000,103.0,Ok,114.0,Ok,6051
503291.671000,103.0,Ok,103.0,Ok,6052
503291.859000,99.0,Ok,114.0,Ok,6053
503292.062000,102.0,Ok,111.0,Ok,6054
503292.265000,101.0,Ok,113.0,Ok,6055
503292.468000,106.0,Ok,109.0,Ok,6056
503292.656000,99.0,Ok,114.0,Ok,6057
503292.859000,105.0,Ok,111.0,Ok,6058
503293.062000,110.0,Ok,113.0,Ok,6059
503293.265000,107.0,Ok,116.0,Ok,6060
503293.468000,111.0,Ok,122.0,Ok,6061
503293.656000,111.0,Ok,121.0,Ok,6062
503293.859000,109.0,Ok,122.0,Ok,6063
503294.062000,115.0,Ok,123.0,Ok,6064
503294.265000,114.0,Ok,120.0,Ok,6065
503294.468000,115.0,Ok,120.0,Ok,6066
503294.656000,112.0,Ok,120.0,Ok,6067
503294.859000,114.0,Ok,120.0,Ok,6068
503295.062000,119.0,Ok,120.0,Ok,6069
503295.265000,122.0,Ok,119.0,Ok,6070
503295.468000,104.0,Ok,115.0,Ok,6071
503295.671000,104.0,Ok,120.0,Ok,6072
503295.859000,105.0,Ok,103.0,Ok,6073
503296.062000,94.0,Ok,103.0,Ok,6074
503296.265000,99.0,Ok,104.0,Ok,6075
503296.468000,102.0,Ok,105.0,Ok,6076
503296.671000,100.0,Ok,112.0,Ok,6077
503296.859000,99.0,Ok,114.0,Ok,6078
503297.062000,99.0,Ok,114.0,Ok,6079
503297.265000,103.0,Ok,112.0,Ok,6080
503297.468000,113.0,Ok,118.0,Ok,6081
503297.671000,115.0,Ok,122.0,Ok,6082
503297.859000,124.0,Ok,125.0,Ok,6083
503298.062000,121.0,Ok,127.0,Ok,6084
503298.265000,101.0,Ok,126.0,Ok,6085
503298.468000,120.0,Ok,125.0,Ok,6086
503298.671000,117.0,Ok,124.0,Ok,6087
503298.859000,116.0,Ok,129.0,Ok,6088
503299.062000,114.0,Ok,125.0,Ok,6089
503299.265000,120.0,Ok,127.0,Ok,6090
503299.468000,115.0,Ok,118.0,Ok,6091
503299.671000,109.0,Ok,112.0,Ok,6092
503299.875000,100.0,Ok,116.0,Ok,6093
503300.062000,103.0,Ok,112.0,Ok,6094
503300.265000,99.0,Ok,109.0,Ok,6095
503300.468000,102.0,Ok,111.0,Ok,6096
503300.671000,104.0,Ok,109.0,Ok,6097
503300.859000,101.0,Ok,107.0,Ok,6098
503301.062000,98.0,Ok,111.0,Ok,6099
503301.265000,105.0,Ok,109.0,Ok,6100
503301.468000,104.0,Ok,111.0,Ok,6101
503301.656000,109.0,Ok,103.0,Ok,6102
503301.859000,106.0,Ok,111.0,Ok,6103
503302.062000,106.0,Ok,111.0,Ok,6104
503302.265000,109.0,Ok,111.0,Ok,6105
503302.468000,110.0,Ok,114.0,Ok,6106
503302.671000,103.0,Ok,113.0,Ok,6107
503302.859000,110.0,Ok,111.0,Ok,6108
503303.062000,105.0,Ok,111.0,Ok,6109
503303.265000,109.0,Ok,108.0,Ok,6110
503303.468000,107.0,Ok,111.0,Ok,6111
503303.656000,102.0,Ok,109.0,Ok,6112
503303.859000,112.0,Ok,112.0,Ok,6113
503304.062000,103.0,Ok,111.0,Ok,6114
503304.265000,107.0,Ok,114.0,Ok,6115
503304.468000,107.0,Ok,107.0,Ok,6116
503304.671000,100.0,Ok,103.0,Ok,6117
503304.859000,89.0,Ok,88.0,Ok,6118
503305.062000,101.0,Ok,98.0,Ok,6119
503305.265000,75.0,Ok,117.0,Ok,6120
503305.468000,97.0,Ok,117.0,Ok,6121
503305.671000,94.0,Ok,110.0,Ok,6122
503305.859000,92.0,Ok,122.0,Ok,6123
503306.062000,88.0,Ok,113.0,Ok,6124
503306.265000,97.0,Ok,107.0,Ok,6125
503306.468000,82.0,Ok,103.0,Ok,6126
503306.671000,77.0,Ok,92.0,Ok,6127
503306.859000,69.0,Ok,80.0,Ok,6128
503307.062000,72.0,Ok,84.0,Ok,6129
503307.265000,89.0,Ok,79.0,Ok,6130
503307.468000,71.0,Ok,84.0,Ok,6131
503307.671000,92.0,Ok,90.0,Ok,6132
503307.859000,82.0,Ok,92.0,Ok,6133
503308.062000,81.0,Ok,89.0,Ok,6134
503308.265000,84.0,Ok,114.0,Ok,6135
503308.453000,93.0,Ok,91.0,Ok,6136
503308.671000,95.0,Ok,107.0,Ok,6137
503308.859000,95.0,Ok,101.0,Ok,6138
503309.062000,103.0,Ok,101.0,Ok,6139
503309.265000,87.0,Ok,93.0,Ok,6140
503309.453000,96.0,Ok,104.0,Ok,6141
503309.671000,99.0,Ok,98.0,Ok,6142
503309.875000,104.0,Ok,106.0,Ok,6143
503310.062000,100.0,Ok,106.0,Ok,6144
503310.265000,91.0,Ok,99.0,Ok,6145
503310.468000,99.0,Ok,98.0,Ok,6146
503310.671000,101.0,Ok,100.0,Ok,6147
503310.859000,103.0,Ok,103.0,Ok,6148
503311.062000,96.0,Ok,98.0,Ok,6149
503311.265000,99.0,Ok,104.0,Ok,6150
503311.468000,84.0,Ok,102.0,Ok,6151
503311.656000,115.0,Ok,115.0,Ok,6152
503311.875000,94.0,Ok,109.0,Ok,6153
503312.062000,102.0,Ok,114.0,Ok,6154
503312.265000,101.0,Ok,116.0,Ok,6155
503312.468000,97.0,Ok,109.0,Ok,6156
503312.656000,103.0,Ok,105.0,Ok,6157
503312.859000,104.0,Ok,111.0,Ok,6158
503313.062000,103.0,Ok,116.0,Ok,6159
503313.265000,103.0,Ok,117.0,Ok,6160
503313.453000,103.0,Ok,109.0,Ok,6161
503313.671000,102.0,Ok,113.0,Ok,6162
503313.859000,96.0,Ok,114.0,Ok,6163
503314.062000,99.0,Ok,108.0,Ok,6164
503314.265000,102.0,Ok,108.0,Ok,6165
503314.468000,96.0,Ok,108.0,Ok,6166
503314.671000,98.0,Ok,103.0,Ok,6167
503314.859000,99.0,Ok,100.0,Ok,6168
503315.062000,96.0,Ok,94.0,Ok,6169
503315.265000,76.0,Ok,96.0,Ok,6170
503315.468000,70.0,Ok,77.0,Ok,6171
503315.656000,62.0,Ok,72.0,Ok,6172
503315.859000,71.0,Ok,71.0,Ok,6173
503316.062000,63.0,Ok,45.0,Ok,6174
503316.265000,59.0,Ok,80.0,Ok,6175
503316.453000,56.0,Ok,74.0,Ok,6176
503316.671000,75.0,Ok,80.0,Ok,6177
503316.859000,62.0,Ok,64.0,Ok,6178
503317.062000,65.0,Ok,72.0,Ok,6179
503317.265000,55.0,Ok,69.0,Ok,6180
503317.453000,65.0,Ok,67.0,Ok,6181
503317.671000,63.0,Ok,71.0,Ok,6182
503317.859000,63.0,Ok,71.0,Ok,6183
503318.062000,64.0,Ok,76.0,Ok,6184
503318.265000,67.0,Ok,84.0,Ok,6185
503318.468000,69.0,Ok,73.0,Ok,6186
503318.656000,68.0,Ok,96.0,Ok,6187
503318.859000,103.0,Ok,99.0,Ok,6188
503319.062000,97.0,Ok,98.0,Ok,6189
503319.265000,101.0,Ok,104.0,Ok,6190
503319.468000,94.0,Ok,108.0,Ok,6191
503319.671000,95.0,Ok,116.0,Ok,6192
503319.859000,94.0,Ok,114.0,Ok,6193
503320.062000,100.0,Ok,116.0,Ok,6194
503320.250000,107.0,Ok,114.0,Ok,6195
503320.468000,99.0,Ok,115.0,Ok,6196
503320.671000,110.0,Ok,119.0,Ok,6197
503320.859000,110.0,Ok,115.0,Ok,6198
503321.062000,97.0,Ok,120.0,Ok,6199
503321.265000,107.0,Ok,118.0,Ok,6200
503321.468000,102.0,Ok,120.0,Ok,6201
503321.671000,108.0,Ok,121.0,Ok,6202
503321.859000,98.0,Ok,119.0,Ok,6203
503322.062000,106.0,Ok,120.0,Ok,6204
503322.265000,111.0,Ok,121.0,Ok,6205
503322.468000,112.0,Ok,122.0,Ok,6206
503322.671000,98.0,Ok,122.0,Ok,6207
503322.859000,97.0,Ok,117.0,Ok,6208
503323.062000,103.0,Ok,120.0,Ok,6209
503323.265000,99.0,Ok,122.0,Ok,6210
503323.468000,100.0,Ok,117.0,Ok,6211
503323.671000,99.0,Ok,117.0,Ok,6212
503323.859000,99.0,Ok,120.0,Ok,6213
503324.062000,105.0,Ok,117.0,Ok,6214
503324.265000,99.0,Ok,121.0,Ok,6215
503324.468000,100.0,Ok,118.0,Ok,6216
503324.656000,101.0,Ok,116.0,Ok,6217
503324.859000,96.0,Ok,117.0,Ok,6218
503325.062000,99.0,Ok,117.0,Ok,6219
503325.296000,99.0,Ok,114.0,Ok,6220
503325.453000,95.0,Ok,116.0,Ok,6221
503325.671000,97.0,Ok,120.0,Ok,6222
503325.859000,98.0,Ok,115.0,Ok,6223
503326.062000,97.0,Ok,114.0,Ok,6224
503326.265000,98.0,Ok,115.0,Ok,6225
503326.468000,94.0,Ok,114.0,Ok,6226
503326.656000,94.0,Ok,118.0,Ok,6227
503326.859000,95.0,Ok,114.0,Ok,6228
503327.062000,94.0,Ok,116.0,Ok,6229
503327.265000,99.0,Ok,118.0,Ok,6230
503327.468000,96.0,Ok,118.0,Ok,6231
503327.656000,95.0,Ok,114.0,Ok,6232
503327.859000,99.0,Ok,117.0,Ok,6233
503328.062000,98.0,Ok,115.0,Ok,6234
503328.265000,98.0,Ok,113.0,Ok,6235
503328.468000,97.0,Ok,115.0,Ok,6236
503328.656000,97.0,Ok,118.0,Ok,6237
503328.859000,97.0,Ok,116.0,Ok,6238
503329.062000,94.0,Ok,121.0,Ok,6239
503329.265000,98.0,Ok,116.0,Ok,6240
503329.468000,98.0,Ok,119.0,Ok,6241
503329.671000,98.0,Ok,119.0,Ok,6242
503329.859000,100.0,Ok,116.0,Ok,6243
503330.062000,100.0,Ok,116.0,Ok,6244
503330.265000,102.0,Ok,117.0,Ok,6245
503330.468000,99.0,Ok,115.0,Ok,6246
503330.656000,102.0,Ok,115.0,Ok,6247
503330.859000,102.0,Ok,114.0,Ok,6248
503331.062000,106.0,Ok,115.0,Ok,6249
503331.265000,105.0,Ok,115.0,Ok,6250
503331.468000,106.0,Ok,117.0,Ok,6251
503331.671000,105.0,Ok,119.0,Ok,6252
503331.875000,98.0,Ok,116.0,Ok,6253
503332.062000,94.0,Ok,116.0,Ok,6254
503332.265000,96.0,Ok,117.0,Ok,6255
503332.468000,99.0,Ok,118.0,Ok,6256
503332.656000,96.0,Ok,115.0,Ok,6257
503332.859000,98.0,Ok,115.0,Ok,6258
503333.062000,101.0,Ok,118.0,Ok,6259
503333.265000,104.0,Ok,115.0,Ok,6260
503333.468000,109.0,Ok,118.0,Ok,6261
503333.671000,99.0,Ok,118.0,Ok,6262
503333.859000,108.0,Ok,115.0,Ok,6263
503334.062000,103.0,Ok,119.0,Ok,6264
503334.265000,105.0,Ok,120.0,Ok,6265
503334.468000,101.0,Ok,116.0,Ok,6266
503334.671000,103.0,Ok,119.0,Ok,6267
503334.859000,92.0,Ok,120.0,Ok,6268
503335.062000,116.0,Ok,116.0,Ok,6269
503335.265000,118.0,Ok,123.0,Ok,6270
503335.468000,108.0,Ok,121.0,Ok,6271
503335.671000,104.0,Ok,117.0,Ok,6272
503335.859000,106.0,Ok,114.0,Ok,6273
503336.062000,103.0,Ok,115.0,Ok,6274
503336.250000,102.0,Ok,119.0,Ok,6275
503336.453000,102.0,Ok,119.0,Ok,6276
503336.671000,107.0,Ok,117.0,Ok,6277
503336.859000,103.0,Ok,121.0,Ok,6278
503337.062000,99.0,Ok,120.0,Ok,6279
503337.265000,103.0,Ok,122.0,Ok,6280
503337.468000,104.0,Ok,119.0,Ok,6281
503337.656000,101.0,Ok,117.0,Ok,6282
503337.859000,106.0,Ok,121.0,Ok,6283
503338.062000,107.0,Ok,120.0,Ok,6284
503338.265000,104.0,Ok,116.0,Ok,6285
503338.468000,104.0,Ok,118.0,Ok,6286
503338.671000,101.0,Ok,116.0,Ok,6287
503338.859000,102.0,Ok,120.0,Ok,6288
503339.062000,103.0,Ok,115.0,Ok,6289
503339.265000,99.0,Ok,121.0,Ok,6290
503339.468000,101.0,Ok,118.0,Ok,6291
503339.656000,101.0,Ok,120.0,Ok,6292
503339.859000,104.0,Ok,120.0,Ok,6293
503340.062000,103.0,Ok,115.0,Ok,6294
503340.265000,108.0,Ok,117.0,Ok,6295
503340.468000,107.0,Ok,118.0,Ok,6296
503340.656000,107.0,Ok,118.0,Ok,6297
503340.859000,101.0,Ok,119.0,Ok,6298
503341.062000,104.0,Ok,121.0,Ok,6299
503341.250000,104.0,Ok,117.0,Ok,6300
503341.453000,115.0,Ok,103.0,Ok,6301
503341.671000,77.0,Ok,93.0,Ok,6302
503341.859000,65.0,Ok,60.0,Ok,6303
503342.062000,69.0,Ok,77.0,Ok,6304
503342.265000,82.0,Ok,84.0,Ok,6305
503342.468000,85.0,Ok,88.0,Ok,6306
503342.656000,76.0,Ok,88.0,Ok,6307
503342.859000,84.0,Ok,86.0,Ok,6308
503343.062000,81.0,Ok,88.0,Ok,6309
503343.250000,84.0,Ok,93.0,Ok,6310
503343.468000,84.0,Ok,81.0,Ok,6311
503343.656000,77.0,Ok,85.0,Ok,6312
503343.859000,71.0,Ok,76.0,Ok,6313
503344.062000,76.0,Ok,97.0,Ok,6314
503344.265000,113.0,Ok,127.0,Ok,6315
503344.468000,96.0,Ok,112.0,Ok,6316
503344.671000,105.0,Ok,114.0,Ok,6317
503344.859000,105.0,Ok,119.0,Ok,6318
503345.062000,107.0,Ok,112.0,Ok,6319
503345.265000,104.0,Ok,114.0,Ok,6320
503345.468000,106.0,Ok,114.0,Ok,6321
503345.671000,100.0,Ok,113.0,Ok,6322
503345.859000,99.0,Ok,113.0,Ok,6323
503346.062000,110.0,Ok,110.0,Ok,6324
503346.265000,112.0,Ok,97.0,Ok,6325
503346.468000,75.0,Ok,85.0,Ok,6326
503346.671000,62.0,Ok,85.0,Ok,6327
503346.859000,66.0,Ok,82.0,Ok,6328
503347.062000,79.0,Ok,83.0,Ok,6329
503347.265000,87.0,Ok,82.0,Ok,6330
503347.468000,83.0,Ok,86.0,Ok,6331
503347.656000,84.0,Ok,82.0,Ok,6332
503347.859000,76.0,Ok,75.0,Ok,6333
503348.062000,76.0,Ok,86.0,Ok,6334
503348.265000,75.0,Ok,79.0,Ok,6335
503348.468000,69.0,Ok,100.0,Ok,6336
503348.671000,95.0,Ok,102.0,Ok,6337
503348.859000,101.0,Ok,111.0,Ok,6338
503349.062000,114.0,Ok,119.0,Ok,6339
503349.265000,108.0,Ok,114.0,Ok,6340
503349.453000,112.0,Ok,117.0,Ok,6341
503349.671000,103.0,Ok,112.0,Ok,6342
503349.859000,104.0,Ok,119.0,Ok,6343
503350.062000,102.0,Ok,114.0,Ok,6344
503350.265000,103.0,Ok,118.0,Ok,6345
503350.468000,106.0,Ok,119.0,Ok,6346
503350.671000,126.0,Ok,108.0,Ok,6347
503350.859000,74.0,Ok,82.0,Ok,6348
503351.062000,69.0,Ok,93.0,Ok,6349
503351.265000,72.0,Ok,75.0,Ok,6350
503351.468000,82.0,Ok,89.0,Ok,6351
503351.656000,79.0,Ok,80.0,Ok,6352
503351.859000,75.0,Ok,86.0,Ok,6353
503352.046000,77.0,Ok,87.0,Ok,6354
503352.265000,75.0,Ok,88.0,Ok,6355
503352.468000,73.0,Ok,85.0,Ok,6356
503352.671000,72.0,Ok,79.0,Ok,6357
503352.859000,69.0,Ok,88.0,Ok,6358
503353.062000,114.0,Ok,73.0,Ok,6359
503353.265000,100.0,Ok,112.0,Ok,6360
503353.468000,113.0,Ok,126.0,Ok,6361
503353.671000,104.0,Ok,117.0,Ok,6362
503353.859000,113.0,Ok,120.0,Ok,6363
503354.062000,105.0,Ok,121.0,Ok,6364
503354.265000,105.0,Ok,121.0,Ok,6365
503354.468000,109.0,Ok,117.0,Ok,6366
503354.671000,101.0,Ok,119.0,Ok,6367
503354.859000,85.0,Ok,116.0,Ok,6368
503355.062000,65.0,Ok,56.0,Ok,6369
503355.281000,68.0,Ok,94.0,Ok,6370
503355.468000,69.0,Ok,77.0,Ok,6371
503355.671000,74.0,Ok,86.0,Ok,6372
503355.859000,77.0,Ok,83.0,Ok,6373
503356.062000,73.0,Ok,86.0,Ok,6374
503356.265000,80.0,Ok,75.0,Ok,6375
503356.468000,74.0,Ok,82.0,Ok,6376
503356.671000,75.0,Ok,80.0,Ok,6377
503356.859000,70.0,Ok,90.0,Ok,6378
503357.062000,126.0,Ok,85.0,Ok,6379
503357.265000,103.0,Ok,116.0,Ok,6380
503357.468000,111.0,Ok,117.0,Ok,6381
503357.671000,109.0,Ok,115.0,Ok,6382
503357.859000,109.0,Ok,120.0,Ok,6383
503358.062000,101.0,Ok,118.0,Ok,6384
503358.265000,107.0,Ok,118.0,Ok,6385
503358.468000,113.0,Ok,120.0,Ok,6386
503358.671000,109.0,Ok,119.0,Ok,6387
503358.859000,104.0,Ok,108.0,Ok,6388
503359.046000,97.0,Ok,135.0,Ok,6389
503359.296000,61.0,Ok,89.0,Ok,6390
503359.468000,67.0,Ok,78.0,Ok,6391
503359.671000,85.0,Ok,88.0,Ok,6392
503359.859000,80.0,Ok,84.0,Ok,6393
503360.062000,87.0,Ok,90.0,Ok,6394
503360.265000,74.0,Ok,83.0,Ok,6395
503360.453000,78.0,Ok,87.0,Ok,6396
503360.656000,84.0,Ok,86.0,Ok,6397
503360.859000,84.0,Ok,84.0,Ok,6398
503361.062000,79.0,Ok,83.0,Ok,6399
503361.265000,73.0,Ok,96.0,Ok,6400
503361.453000,114.0,Ok,91.0,Ok,6401
503361.671000,102.0,Ok,115.0,Ok,6402
503361.859000,111.0,Ok,116.0,Ok,6403
503362.062000,106.0,Ok,114.0,Ok,6404
503362.265000,108.0,Ok,114.0,Ok,6405
503362.468000,106.0,Ok,118.0,Ok,6406
503362.656000,108.0,Ok,119.0,Ok,6407
503362.859000,106.0,Ok,120.0,Ok,6408
503363.062000,100.0,Ok,120.0,Ok,6409
503363.265000,99.0,Ok,114.0,Ok,6410
503363.453000,102.0,Ok,101.0,Ok,6411
503363.656000,61.0,Ok,85.0,Ok,6412
503363.859000,66.0,Ok,74.0,Ok,6413
503364.062000,74.0,Ok,88.0,Ok,6414
503364.265000,80.0,Ok,99.0,Ok,6415
503364.468000,85.0,Ok,92.0,Ok,6416
503364.656000,84.0,Ok,85.0,Ok,6417
503364.859000,85.0,Ok,88.0,Ok,6418
503365.062000,81.0,Ok,88.0,Ok,6419
503365.265000,79.0,Ok,89.0,Ok,6420
503365.453000,80.0,Ok,89.0,Ok,6421
503365.671000,76.0,Ok,81.0,Ok,6422
503365.859000,63.0,Ok,102.0,Ok,6423
503366.062000,93.0,Ok,103.0,Ok,6424
503366.250000,101.0,Ok,118.0,Ok,6425
503366.468000,116.0,Ok,121.0,Ok,6426
503366.671000,120.0,Ok,120.0,Ok,6427
503366.859000,112.0,Ok,122.0,Ok,6428
503367.062000,111.0,Ok,119.0,Ok,6429
503367.265000,108.0,Ok,121.0,Ok,6430
503367.468000,110.0,Ok,121.0,Ok,6431
503367.671000,107.0,Ok,120.0,Ok,6432
503367.875000,94.0,Ok,107.0,Ok,6433
503368.062000,77.0,Ok,85.0,Ok,6434
503368.265000,65.0,Ok,94.0,Ok,6435
503368.468000,77.0,Ok,79.0,Ok,6436
503368.671000,77.0,Ok,86.0,Ok,6437
503368.859000,84.0,Ok,90.0,Ok,6438
503369.062000,77.0,Ok,85.0,Ok,6439
503369.265000,79.0,Ok,85.0,Ok,6440
503369.453000,76.0,Ok,84.0,Ok,6441
503369.656000,79.0,Ok,83.0,Ok,6442
503369.859000,73.0,Ok,83.0,Ok,6443
503370.062000,76.0,Ok,89.0,Ok,6444
503370.250000,72.0,Ok,81.0,Ok,6445
503370.468000,86.0,Ok,108.0,Ok,6446
503370.656000,91.0,Ok,111.0,Ok,6447
503370.859000,108.0,Ok,120.0,Ok,6448
503371.062000,114.0,Ok,121.0,Ok,6449
503371.265000,107.0,Ok,122.0,Ok,6450
503371.468000,109.0,Ok,125.0,Ok,6451
503371.671000,104.0,Ok,121.0,Ok,6452
503371.859000,106.0,Ok,122.0,Ok,6453
503372.062000,109.0,Ok,122.0,Ok,6454
503372.250000,96.0,Ok,120.0,Ok,6455
503372.468000,99.0,Ok,125.0,Ok,6456
503372.671000,63.0,Ok,94.0,Ok,6457
503372.859000,64.0,Ok,74.0,Ok,6458
503373.062000,79.0,Ok,81.0,Ok,6459
503373.265000,84.0,Ok,93.0,Ok,6460
503373.453000,80.0,Ok,87.0,Ok,6461
503373.671000,80.0,Ok,87.0,Ok,6462
503373.859000,77.0,Ok,86.0,Ok,6463
503374.062000,79.0,Ok,82.0,Ok,6464
503374.265000,79.0,Ok,78.0,Ok,6465
503374.468000,73.0,Ok,86.0,Ok,6466
503374.671000,71.0,Ok,77.0,Ok,6467
503374.859000,87.0,Ok,101.0,Ok,6468
503375.062000,107.0,Ok,111.0,Ok,6469
503375.265000,110.0,Ok,124.0,Ok,6470
503375.453000,114.0,Ok,121.0,Ok,6471
503375.656000,114.0,Ok,114.0,Ok,6472
503375.859000,109.0,Ok,113.0,Ok,6473
503376.062000,106.0,Ok,117.0,Ok,6474
503376.265000,107.0,Ok,115.0,Ok,6475
503376.468000,109.0,Ok,119.0,Ok,6476
503376.671000,103.0,Ok,111.0,Ok,6477
503376.859000,91.0,Ok,110.0,Ok,6478
503377.062000,60.0,Ok,89.0,Ok,6479
503377.265000,62.0,Ok,80.0,Ok,6480
503377.468000,75.0,Ok,82.0,Ok,6481
503377.656000,73.0,Ok,86.0,Ok,6482
503377.859000,75.0,Ok,84.0,Ok,6483
503378.062000,78.0,Ok,82.0,Ok,6484
503378.265000,82.0,Ok,84.0,Ok,6485
503378.468000,74.0,Ok,84.0,Ok,6486
503378.656000,78.0,Ok,84.0,Ok,6487
503378.875000,77.0,Ok,83.0,Ok,6488
503379.062000,68.0,Ok,92.0,Ok,6489
503379.265000,120.0,Ok,111.0,Ok,6490
503379.453000,103.0,Ok,114.0,Ok,6491
503379.656000,110.0,Ok,118.0,Ok,6492
503379.859000,108.0,Ok,117.0,Ok,6493
503380.062000,108.0,Ok,121.0,Ok,6494
503380.250000,108.0,Ok,116.0,Ok,6495
503380.468000,108.0,Ok,114.0,Ok,6496
503380.656000,107.0,Ok,116.0,Ok,6497
503380.859000,110.0,Ok,122.0,Ok,6498
503381.062000,100.0,Ok,109.0,Ok,6499
503381.265000,79.0,Ok,98.0,Ok,6500
503381.468000,59.0,Ok,82.0,Ok,6501
503381.656000,70.0,Ok,79.0,Ok,6502
503381.859000,75.0,Ok,86.0,Ok,6503
503382.062000,77.0,Ok,86.0,Ok,6504
503382.265000,77.0,Ok,84.0,Ok,6505
503382.453000,70.0,Ok,86.0,Ok,6506
503382.656000,74.0,Ok,81.0,Ok,6507
503382.859000,72.0,Ok,84.0,Ok,6508
503383.062000,75.0,Ok,86.0,Ok,6509
503383.265000,70.0,Ok,84.0,Ok,6510
503383.468000,69.0,Ok,81.0,Ok,6511
503383.671000,68.0,Ok,111.0,Ok,6512
503383.843000,120.0,Ok,103.0,Ok,6513
503384.062000,129.0,Ok,120.0,Ok,6514
503384.265000,114.0,Ok,124.0,Ok,6515
503384.468000,104.0,Ok,118.0,Ok,6516
503384.671000,118.0,Ok,121.0,Ok,6517
503384.859000,134.0,Ok,122.0,Ok,6518
503385.062000,99.0,Ok,123.0,Ok,6519
503385.296000,107.0,Ok,118.0,Ok,6520
503385.453000,100.0,Ok,100.0,Ok,6521
503385.656000,108.0,Ok,113.0,Ok,6522
503385.859000,100.0,Ok,103.0,Ok,6523
503386.062000,103.0,Ok,111.0,Ok,6524
503386.265000,94.0,Ok,113.0,Ok,6525
503386.468000,93.0,Ok,113.0,Ok,6526
503386.671000,79.0,Ok,102.0,Ok,6527
503386.859000,99.0,Ok,121.0,Ok,6528
503387.062000,103.0,Ok,103.0,Ok,6529
503387.265000,114.0,Ok,79.0,Ok,6530
503387.468000,98.0,Ok,78.0,Ok,6531
503387.671000,106.0,Ok,78.0,Ok,6532
503387.859000,102.0,Ok,86.0,Ok,6533
503388.062000,87.0,Ok,82.0,Ok,6534
503388.265000,115.0,Ok,100.0,Ok,6535
503388.468000,114.0,Ok,83.0,Ok,6536
503388.656000,99.0,Ok,74.0,Ok,6537
503388.859000,99.0,Ok,64.0,Ok,6538
503389.062000,107.0,Ok,61.0,Ok,6539
503389.265000,94.0,Ok,49.0,Ok,6540
503389.468000,94.0,Ok,56.0,Ok,6541
503389.671000,100.0,Ok,48.0,Ok,6542
503389.859000,92.0,Ok,42.0,Ok,6543
503390.062000,86.0,Ok,33.0,Ok,6544
503390.250000,91.0,Ok,31.0,Ok,6545
503390.468000,76.0,Ok,28.0,Ok,6546
503390.671000,85.0,Ok,30.0,Ok,6547
503390.843000,83.0,Ok,28.0,Ok,6548
503391.062000,87.0,Ok,30.0,Ok,6549
503391.250000,91.0,Ok,31.0,Ok,6550
503391.453000,84.0,Ok,27.0,Ok,6551
503391.671000,79.0,Ok,28.0,Ok,6552
503391.859000,71.0,Ok,36.0,Ok,6553
503392.062000,74.0,Ok,28.0,Ok,6554
503392.250000,82.0,Ok,27.0,Ok,6555
503392.453000,75.0,Ok,37.0,Ok,6556
503392.671000,88.0,Ok,32.0,Ok,6557
503392.859000,96.0,Ok,37.0,Ok,6558
503393.062000,95.0,Ok,39.0,Ok,6559
503393.265000,85.0,Ok,39.0,Ok,6560
503393.468000,93.0,Ok,32.0,Ok,6561
503393.671000,87.0,Ok,39.0,Ok,6562
503393.859000,95.0,Ok,34.0,Ok,6563
503394.062000,87.0,Ok,43.0,Ok,6564
503394.265000,103.0,Ok,45.0,Ok,6565
503394.468000,91.0,Ok,34.0,Ok,6566
503394.656000,80.0,Ok,38.0,Ok,6567
503394.859000,61.0,Ok,32.0,Ok,6568
503395.062000,92.0,Ok,35.0,Ok,6569
503395.265000,95.0,Ok,32.0,Ok,6570
503395.468000,89.0,Ok,32.0,Ok,6571
503395.671000,93.0,Ok,31.0,Ok,6572
503395.859000,94.0,Ok,32.0,Ok,6573
503396.062000,92.0,Ok,31.0,Ok,6574
503396.265000,94.0,Ok,33.0,Ok,6575
503396.468000,93.0,Ok,34.0,Ok,6576
503396.656000,92.0,Ok,34.0,Ok,6577
503396.859000,92.0,Ok,34.0,Ok,6578
503397.062000,92.0,Ok,33.0,Ok,6579
503397.265000,92.0,Ok,33.0,Ok,6580
503397.453000,92.0,Ok,35.0,Ok,6581
503397.656000,91.0,Ok,35.0,Ok,6582
503397.859000,86.0,Ok,37.0,Ok,6583
503398.046000,86.0,Ok,34.0,Ok,6584
503398.265000,90.0,Ok,34.0,Ok,6585
503398.468000,86.0,Ok,33.0,Ok,6586
503398.656000,86.0,Ok,33.0,Ok,6587
503398.859000,90.0,Ok,34.0,Ok,6588
503399.062000,89.0,Ok,33.0,Ok,6589
503399.250000,95.0,Ok,33.0,Ok,6590
503399.468000,98.0,Ok,28.0,Ok,6591
503399.671000,90.0,Ok,34.0,Ok,6592
503399.859000,94.0,Ok,34.0,Ok,6593
503400.062000,95.0,Ok,35.0,Ok,6594
503400.250000,89.0,Ok,31.0,Ok,6595
503400.468000,91.0,Ok,34.0,Ok,6596
503400.656000,87.0,Ok,33.0,Ok,6597
503400.859000,87.0,Ok,32.0,Ok,6598
503401.062000,90.0,Ok,34.0,Ok,6599
503401.250000,88.0,Ok,33.0,Ok,6600
503401.468000,94.0,Ok,32.0,Ok,6601
503401.656000,88.0,Ok,33.0,Ok,6602
503401.859000,94.0,Ok,32.0,Ok,6603
503402.062000,94.0,Ok,33.0,Ok,6604
503402.265000,92.0,Ok,32.0,Ok,6605
503402.468000,91.0,Ok,33.0,Ok,6606
503402.656000,93.0,Ok,31.0,Ok,6607
503402.859000,91.0,Ok,32.0,Ok,6608
503403.062000,94.0,Ok,35.0,Ok,6609
503403.265000,91.0,Ok,33.0,Ok,6610
503403.468000,91.0,Ok,37.0,Ok,6611
503403.671000,94.0,Ok,38.0,Ok,6612
503403.859000,92.0,Ok,30.0,Ok,6613
503404.062000,91.0,Ok,37.0,Ok,6614
503404.265000,98.0,Ok,39.0,Ok,6615
503404.468000,99.0,Ok,34.0,Ok,6616
503404.671000,101.0,Ok,39.0,Ok,6617
503404.859000,109.0,Ok,33.0,Ok,6618
503405.062000,81.0,Ok,38.0,Ok,6619
503405.265000,79.0,Ok,38.0,Ok,6620
503405.468000,96.0,Ok,37.0,Ok,6621
503405.671000,102.0,Ok,36.0,Ok,6622
503405.859000,96.0,Ok,40.0,Ok,6623
503406.062000,96.0,Ok,33.0,Ok,6624
503406.265000,98.0,Ok,39.0,Ok,6625
503406.468000,95.0,Ok,34.0,Ok,6626
503406.671000,94.0,Ok,29.0,Ok,6627
503406.859000,92.0,Ok,34.0,Ok,6628
503407.062000,97.0,Ok,31.0,Ok,6629
503407.265000,96.0,Ok,33.0,Ok,6630
503407.468000,92.0,Ok,33.0,Ok,6631
503407.671000,95.0,Ok,39.0,Ok,6632
503407.859000,93.0,Ok,35.0,Ok,6633
503408.062000,89.0,Ok,33.0,Ok,6634
503408.265000,88.0,Ok,38.0,Ok,6635
503408.484000,101.0,Ok,37.0,Ok,6636
503408.656000,100.0,Ok,33.0,Ok,6637
503408.859000,100.0,Ok,31.0,Ok,6638
503409.062000,103.0,Ok,36.0,Ok,6639
503409.265000,103.0,Ok,37.0,Ok,6640
503409.468000,103.0,Ok,34.0,Ok,6641
503409.671000,96.0,Ok,36.0,Ok,6642
503409.859000,95.0,Ok,34.0,Ok,6643
503410.062000,96.0,Ok,35.0,Ok,6644
503410.265000,102.0,Ok,37.0,Ok,6645
503410.453000,102.0,Ok,36.0,Ok,6646
503410.671000,98.0,Ok,37.0,Ok,6647
503410.859000,95.0,Ok,35.0,Ok,6648
503411.062000,96.0,Ok,34.0,Ok,6649
503411.265000,96.0,Ok,35.0,Ok,6650
503411.453000,95.0,Ok,32.0,Ok,6651
503411.656000,92.0,Ok,37.0,Ok,6652
503411.843000,90.0,Ok,36.0,Ok,6653
503412.062000,93.0,Ok,31.0,Ok,6654
503412.265000,97.0,Ok,33.0,Ok,6655
503412.468000,94.0,Ok,32.0,Ok,6656
503412.671000,91.0,Ok,37.0,Ok,6657
503412.859000,95.0,Ok,40.0,Ok,6658
503413.062000,89.0,Ok,38.0,Ok,6659
503413.265000,87.0,Ok,31.0,Ok,6660
503413.468000,85.0,Ok,37.0,Ok,6661
503413.656000,93.0,Ok,33.0,Ok,6662
503413.859000,89.0,Ok,39.0,Ok,6663
503414.062000,87.0,Ok,65535.0,RangingRxTimeout,6664
503414.265000,93.0,Ok,32.0,Ok,6665
503414.468000,94.0,Ok,37.0,Ok,6666
503414.671000,91.0,Ok,36.0,Ok,6667
503414.859000,95.0,Ok,36.0,Ok,6668
503415.062000,96.0,Ok,35.0,Ok,6669
503415.281000,93.0,Ok,31.0,Ok,6670
503415.453000,98.0,Ok,31.0,Ok,6671
503415.656000,92.0,Ok,37.0,Ok,6672
503415.859000,90.0,Ok,35.0,Ok,6673
503416.062000,97.0,Ok,35.0,Ok,6674
503416.265000,94.0,Ok,37.0,Ok,6675
503416.453000,93.0,Ok,36.0,Ok,6676
503416.671000,95.0,Ok,31.0,Ok,6677
503416.859000,99.0,Ok,38.0,Ok,6678
503417.062000,92.0,Ok,29.0,Ok,6679
503417.265000,98.0,Ok,35.0,Ok,6680
503417.453000,95.0,Ok,34.0,Ok,6681
503417.656000,96.0,Ok,29.0,Ok,6682
503417.859000,99.0,Ok,34.0,Ok,6683
503418.062000,93.0,Ok,35.0,Ok,6684
503418.265000,95.0,Ok,34.0,Ok,6685
503418.468000,98.0,Ok,31.0,Ok,6686
503418.656000,96.0,Ok,37.0,Ok,6687
503418.859000,93.0,Ok,38.0,Ok,6688
503419.062000,91.0,Ok,32.0,Ok,6689
503419.265000,92.0,Ok,35.0,Ok,6690
503419.468000,92.0,Ok,36.0,Ok,6691
503419.671000,89.0,Ok,31.0,Ok,6692
503419.859000,93.0,Ok,31.0,Ok,6693
503420.062000,92.0,Ok,31.0,Ok,6694
503420.265000,94.0,Ok,29.0,Ok,6695
503420.468000,91.0,Ok,34.0,Ok,6696
503420.671000,97.0,Ok,30.0,Ok,6697
503420.859000,98.0,Ok,31.0,Ok,6698
503421.062000,98.0,Ok,28.0,Ok,6699
503421.265000,96.0,Ok,36.0,Ok,6700
503421.468000,98.0,Ok,34.0,Ok,6701
503421.671000,97.0,Ok,33.0,Ok,6702
503421.859000,99.0,Ok,31.0,Ok,6703
503422.062000,97.0,Ok,31.0,Ok,6704
503422.265000,98.0,Ok,34.0,Ok,6705
503422.468000,97.0,Ok,37.0,Ok,6706
503422.671000,93.0,Ok,28.0,Ok,6707
503422.859000,98.0,Ok,37.0,Ok,6708
503423.062000,97.0,Ok,30.0,Ok,6709
503423.265000,92.0,Ok,28.0,Ok,6710
503423.468000,95.0,Ok,27.0,Ok,6711
503423.671000,94.0,Ok,33.0,Ok,6712
503423.859000,93.0,Ok,30.0,Ok,6713
503424.062000,93.0,Ok,29.0,Ok,6714
503424.265000,95.0,Ok,33.0,Ok,6715
503424.453000,94.0,Ok,32.0,Ok,6716
503424.671000,94.0,Ok,33.0,Ok,6717
503424.859000,94.0,Ok,29.0,Ok,6718
503425.046000,96.0,Ok,32.0,Ok,6719
503425.265000,95.0,Ok,31.0,Ok,6720
503425.468000,94.0,Ok,31.0,Ok,6721
503425.671000,92.0,Ok,31.0,Ok,6722
503425.859000,90.0,Ok,39.0,Ok,6723
503426.062000,91.0,Ok,36.0,Ok,6724
503426.265000,92.0,Ok,32.0,Ok,6725
503426.468000,92.0,Ok,34.0,Ok,6726
503426.671000,92.0,Ok,31.0,Ok,6727
503426.859000,92.0,Ok,26.0,Ok,6728
503427.062000,92.0,Ok,32.0,Ok,6729
503427.265000,95.0,Ok,32.0,Ok,6730
503427.453000,94.0,Ok,33.0,Ok,6731
503427.656000,93.0,Ok,31.0,Ok,6732
503427.859000,96.0,Ok,35.0,Ok,6733
503428.062000,93.0,Ok,34.0,Ok,6734
503428.265000,92.0,Ok,31.0,Ok,6735
503428.468000,93.0,Ok,32.0,Ok,6736
503428.671000,96.0,Ok,35.0,Ok,6737
503428.859000,93.0,Ok,34.0,Ok,6738
503429.062000,94.0,Ok,39.0,Ok,6739
503429.265000,100.0,Ok,37.0,Ok,6740
503429.468000,102.0,Ok,30.0,Ok,6741
503429.671000,103.0,Ok,37.0,Ok,6742
503429.859000,106.0,Ok,33.0,Ok,6743
503430.062000,103.0,Ok,39.0,Ok,6744
503430.281000,94.0,Ok,36.0,Ok,6745
503430.468000,101.0,Ok,34.0,Ok,6746
503430.671000,112.0,Ok,33.0,Ok,6747
503430.859000,100.0,Ok,37.0,Ok,6748
503431.062000,97.0,Ok,35.0,Ok,6749
503431.250000,94.0,Ok,38.0,Ok,6750
503431.468000,97.0,Ok,32.0,Ok,6751
503431.671000,95.0,Ok,32.0,Ok,6752
503431.859000,94.0,Ok,33.0,Ok,6753
503432.062000,93.0,Ok,31.0,Ok,6754
503432.265000,95.0,Ok,32.0,Ok,6755
503432.468000,95.0,Ok,38.0,Ok,6756
503432.656000,97.0,Ok,39.0,Ok,6757
503432.859000,97.0,Ok,39.0,Ok,6758
503433.062000,95.0,Ok,29.0,Ok,6759
503433.265000,98.0,Ok,32.0,Ok,6760
503433.468000,104.0,Ok,31.0,Ok,6761
503433.671000,100.0,Ok,33.0,Ok,6762
503433.859000,99.0,Ok,32.0,Ok,6763
503434.062000,93.0,Ok,36.0,Ok,6764
503434.250000,92.0,Ok,35.0,Ok,6765
503434.468000,93.0,Ok,27.0,Ok,6766
503434.656000,95.0,Ok,36.0,Ok,6767
503434.859000,97.0,Ok,37.0,Ok,6768
503435.062000,94.0,Ok,35.0,Ok,6769
503435.265000,96.0,Ok,30.0,Ok,6770
503435.468000,95.0,Ok,39.0,Ok,6771
503435.671000,96.0,Ok,38.0,Ok,6772
503435.859000,90.0,Ok,34.0,Ok,6773
503436.062000,96.0,Ok,34.0,Ok,6774
503436.265000,99.0,Ok,32.0,Ok,6775
503436.468000,98.0,Ok,30.0,Ok,6776
503436.656000,97.0,Ok,38.0,Ok,6777
503436.859000,99.0,Ok,42.0,Ok,6778
503437.062000,97.0,Ok,37.0,Ok,6779
503437.265000,96.0,Ok,34.0,Ok,6780
503437.468000,91.0,Ok,36.0,Ok,6781
503437.656000,95.0,Ok,35.0,Ok,6782
503437.859000,96.0,Ok,28.0,Ok,6783
503438.062000,95.0,Ok,36.0,Ok,6784
503438.265000,95.0,Ok,38.0,Ok,6785
503438.468000,95.0,Ok,34.0,Ok,6786
503438.671000,92.0,Ok,37.0,Ok,6787
503438.859000,93.0,Ok,33.0,Ok,6788
503439.062000,90.0,Ok,38.0,Ok,6789
503439.265000,92.0,Ok,31.0,Ok,6790
503439.453000,93.0,Ok,34.0,Ok,6791
503439.671000,95.0,Ok,33.0,Ok,6792
503439.859000,99.0,Ok,38.0,Ok,6793
503440.062000,100.0,Ok,34.0,Ok,6794
503440.265000,100.0,Ok,32.0,Ok,6795
503440.453000,97.0,Ok,39.0,Ok,6796
503440.656000,96.0,Ok,37.0,Ok,6797
503440.859000,101.0,Ok,36.0,Ok,6798
503441.062000,101.0,Ok,28.0,Ok,6799
503441.265000,98.0,Ok,38.0,Ok,6800
503441.453000,98.0,Ok,37.0,Ok,6801
503441.656000,94.0,Ok,35.0,Ok,6802
503441.859000,94.0,Ok,34.0,Ok,6803
503442.062000,96.0,Ok,37.0,Ok,6804
503442.265000,94.0,Ok,35.0,Ok,6805
503442.468000,92.0,Ok,37.0,Ok,6806
503442.656000,92.0,Ok,33.0,Ok,6807
503442.859000,95.0,Ok,31.0,Ok,6808
503443.062000,96.0,Ok,37.0,Ok,6809
503443.265000,94.0,Ok,37.0,Ok,6810
503443.468000,92.0,Ok,34.0,Ok,6811
503443.671000,94.0,Ok,28.0,Ok,6812
503443.859000,96.0,Ok,35.0,Ok,6813
503444.062000,95.0,Ok,36.0,Ok,6814
503444.250000,92.0,Ok,35.0,Ok,6815
503444.468000,97.0,Ok,30.0,Ok,6816
503444.656000,92.0,Ok,34.0,Ok,6817
503444.859000,87.0,Ok,36.0,Ok,6818
503445.062000,95.0,Ok,31.0,Ok,6819
503445.265000,99.0,Ok,32.0,Ok,6820
503445.453000,96.0,Ok,36.0,Ok,6821
503445.671000,95.0,Ok,33.0,Ok,6822
503445.859000,94.0,Ok,37.0,Ok,6823
503446.062000,95.0,Ok,33.0,Ok,6824
503446.265000,95.0,Ok,44.0,Ok,6825
503446.468000,99.0,Ok,45.0,Ok,6826
503446.656000,94.0,Ok,76.0,Ok,6827
503446.859000,111.0,Ok,90.0,Ok,6828
503447.062000,100.0,Ok,62.0,Ok,6829
503447.265000,107.0,Ok,52.0,Ok,6830
503447.468000,96.0,Ok,60.0,Ok,6831
503447.656000,86.0,Ok,58.0,Ok,6832
503447.859000,95.0,Ok,63.0,Ok,6833
503448.062000,96.0,Ok,56.0,Ok,6834
503448.265000,88.0,Ok,51.0,Ok,6835
503448.468000,111.0,Ok,54.0,Ok,6836
503448.671000,116.0,Ok,55.0,Ok,6837
503448.859000,126.0,Ok,52.0,Ok,6838
503449.062000,127.0,Ok,39.0,Ok,6839
503449.265000,104.0,Ok,34.0,Ok,6840
503449.468000,90.0,Ok,40.0,Ok,6841
503449.656000,99.0,Ok,38.0,Ok,6842
503449.859000,95.0,Ok,39.0,Ok,6843
503450.046000,125.0,Ok,50.0,Ok,6844
503450.265000,110.0,Ok,52.0,Ok,6845
503450.468000,109.0,Ok,86.0,Ok,6846
503450.656000,99.0,Ok,84.0,Ok,6847
503450.859000,112.0,Ok,46.0,Ok,6848
503451.062000,108.0,Ok,56.0,Ok,6849
503451.250000,102.0,Ok,55.0,Ok,6850
503451.453000,90.0,Ok,54.0,Ok,6851
503451.656000,95.0,Ok,56.0,Ok,6852
503451.859000,97.0,Ok,53.0,Ok,6853
503452.093000,107.0,Ok,52.0,Ok,6854
503452.265000,101.0,Ok,102.0,Ok,6855
503452.453000,102.0,Ok,81.0,Ok,6856
503452.656000,90.0,Ok,44.0,Ok,6857
503452.859000,99.0,Ok,55.0,Ok,6858
503453.062000,92.0,Ok,51.0,Ok,6859
503453.265000,98.0,Ok,44.0,Ok,6860
503453.468000,95.0,Ok,86.0,Ok,6861
503453.656000,103.0,Ok,58.0,Ok,6862
503453.859000,102.0,Ok,48.0,Ok,6863
503454.062000,124.0,Ok,45.0,Ok,6864
503454.265000,121.0,Ok,42.0,Ok,6865
503454.468000,98.0,Ok,37.0,Ok,6866
503454.671000,103.0,Ok,35.0,Ok,6867
503454.859000,98.0,Ok,33.0,Ok,6868
503455.062000,93.0,Ok,32.0,Ok,6869
503455.265000,96.0,Ok,36.0,Ok,6870
503455.453000,95.0,Ok,32.0,Ok,6871
503455.671000,100.0,Ok,28.0,Ok,6872
503455.859000,100.0,Ok,26.0,Ok,6873
503456.062000,97.0,Ok,27.0,Ok,6874
503456.265000,95.0,Ok,34.0,Ok,6875
503456.468000,98.0,Ok,39.0,Ok,6876
503456.671000,100.0,Ok,36.0,Ok,6877
503456.859000,98.0,Ok,25.0,Ok,6878
503457.062000,94.0,Ok,31.0,Ok,6879
503457.265000,95.0,Ok,31.0,Ok,6880
503457.453000,104.0,Ok,21.0,Ok,6881
503457.671000,106.0,Ok,21.0,Ok,6882
503457.859000,102.0,Ok,22.0,Ok,6883
503458.062000,108.0,Ok,26.0,Ok,6884
503458.265000,105.0,Ok,28.0,Ok,6885
503458.453000,108.0,Ok,21.0,Ok,6886
503458.656000,105.0,Ok,23.0,Ok,6887
503458.859000,108.0,Ok,27.0,Ok,6888
503459.062000,109.0,Ok,20.0,Ok,6889
503459.265000,107.0,Ok,26.0,Ok,6890
503459.453000,107.0,Ok,23.0,Ok,6891
503459.671000,106.0,Ok,25.0,Ok,6892
503459.859000,113.0,Ok,28.0,Ok,6893
503460.062000,107.0,Ok,23.0,Ok,6894
503460.265000,107.0,Ok,27.0,Ok,6895
503460.453000,113.0,Ok,23.0,Ok,6896
503460.671000,111.0,Ok,26.0,Ok,6897
503460.859000,111.0,Ok,24.0,Ok,6898
503461.062000,117.0,Ok,30.0,Ok,6899
503461.265000,106.0,Ok,26.0,Ok,6900
503461.468000,111.0,Ok,21.0,Ok,6901
503461.671000,104.0,Ok,27.0,Ok,6902
503461.859000,99.0,Ok,24.0,Ok,6903
503462.062000,109.0,Ok,24.0,Ok,6904
503462.265000,109.0,Ok,18.0,Ok,6905
503462.468000,105.0,Ok,16.0,Ok,6906
503462.656000,112.0,Ok,23.0,Ok,6907
503462.859000,105.0,Ok,25.0,Ok,6908
503463.062000,111.0,Ok,25.0,Ok,6909
503463.265000,107.0,Ok,17.0,Ok,6910
503463.468000,103.0,Ok,20.0,Ok,6911
503463.656000,107.0,Ok,21.0,Ok,6912
503463.859000,106.0,Ok,25.0,Ok,6913
503464.062000,105.0,Ok,22.0,Ok,6914
503464.265000,105.0,Ok,22.0,Ok,6915
503464.468000,103.0,Ok,20.0,Ok,6916
503464.671000,107.0,Ok,24.0,Ok,6917
503464.859000,107.0,Ok,27.0,Ok,6918
503465.062000,107.0,Ok,17.0,Ok,6919
503465.265000,103.0,Ok,21.0,Ok,6920
503465.468000,100.0,Ok,20.0,Ok,6921
503465.656000,105.0,Ok,25.0,Ok,6922
503465.859000,106.0,Ok,28.0,Ok,6923
503466.062000,101.0,Ok,24.0,Ok,6924
503466.265000,102.0,Ok,24.0,Ok,6925
503466.468000,104.0,Ok,23.0,Ok,6926
503466.671000,105.0,Ok,25.0,Ok,6927
503466.843000,101.0,Ok,22.0,Ok,6928
503467.093000,107.0,Ok,27.0,Ok,6929
503467.265000,104.0,Ok,26.0,Ok,6930
503467.453000,104.0,Ok,24.0,Ok,6931
503467.656000,104.0,Ok,24.0,Ok,6932
503467.859000,108.0,Ok,23.0,Ok,6933
503468.046000,103.0,Ok,24.0,Ok,6934
503468.265000,107.0,Ok,31.0,Ok,6935
503468.468000,107.0,Ok,18.0,Ok,6936
503468.671000,104.0,Ok,20.0,Ok,6937
503468.859000,105.0,Ok,25.0,Ok,6938
503469.062000,107.0,Ok,24.0,Ok,6939
503469.265000,106.0,Ok,21.0,Ok,6940
503469.468000,105.0,Ok,25.0,Ok,6941
503469.671000,106.0,Ok,25.0,Ok,6942
503469.859000,107.0,Ok,20.0,Ok,6943
503470.062000,107.0,Ok,28.0,Ok,6944
503470.265000,106.0,Ok,23.0,Ok,6945
503470.453000,105.0,Ok,24.0,Ok,6946
503470.656000,105.0,Ok,27.0,Ok,6947
503470.859000,104.0,Ok,24.0,Ok,6948
503471.062000,105.0,Ok,28.0,Ok,6949
503471.265000,108.0,Ok,20.0,Ok,6950
503471.468000,108.0,Ok,23.0,Ok,6951
503471.656000,107.0,Ok,27.0,Ok,6952
503471.859000,106.0,Ok,26.0,Ok,6953
503472.062000,107.0,Ok,29.0,Ok,6954
503472.265000,106.0,Ok,25.0,Ok,6955
503472.468000,106.0,Ok,25.0,Ok,6956
503472.656000,107.0,Ok,21.0,Ok,6957
503472.859000,107.0,Ok,28.0,Ok,6958
503473.062000,105.0,Ok,27.0,Ok,6959
503473.265000,108.0,Ok,25.0,Ok,6960
503473.453000,106.0,Ok,23.0,Ok,6961
503473.656000,107.0,Ok,24.0,Ok,6962
503473.859000,106.0,Ok,29.0,Ok,6963
503474.062000,106.0,Ok,25.0,Ok,6964
503474.265000,105.0,Ok,22.0,Ok,6965
503474.453000,109.0,Ok,21.0,Ok,6966
503474.656000,108.0,Ok,25.0,Ok,6967
503474.859000,105.0,Ok,23.0,Ok,6968
503475.062000,107.0,Ok,27.0,Ok,6969
503475.265000,106.0,Ok,25.0,Ok,6970
503475.453000,107.0,Ok,23.0,Ok,6971
503475.671000,106.0,Ok,23.0,Ok,6972
503475.859000,107.0,Ok,23.0,Ok,6973
503476.062000,105.0,Ok,29.0,Ok,6974
503476.265000,106.0,Ok,33.0,Ok,6975
503476.468000,108.0,Ok,25.0,Ok,6976
503476.656000,107.0,Ok,23.0,Ok,6977
503476.859000,107.0,Ok,30.0,Ok,6978
503477.062000,104.0,Ok,25.0,Ok,6979
503477.265000,107.0,Ok,25.0,Ok,6980
503477.468000,108.0,Ok,24.0,Ok,6981
503477.671000,106.0,Ok,22.0,Ok,6982
503477.859000,104.0,Ok,25.0,Ok,6983
503478.062000,105.0,Ok,28.0,Ok,6984
503478.265000,105.0,Ok,27.0,Ok,6985
503478.468000,108.0,Ok,29.0,Ok,6986
503478.671000,106.0,Ok,27.0,Ok,6987
503478.859000,105.0,Ok,26.0,Ok,6988
503479.062000,105.0,Ok,27.0,Ok,6989
503479.265000,105.0,Ok,28.0,Ok,6990
503479.453000,105.0,Ok,30.0,Ok,6991
503479.671000,105.0,Ok,27.0,Ok,6992
503479.859000,105.0,Ok,28.0,Ok,6993
503480.062000,106.0,Ok,27.0,Ok,6994
503480.265000,107.0,Ok,30.0,Ok,6995
503480.453000,106.0,Ok,26.0,Ok,6996
503480.671000,107.0,Ok,24.0,Ok,6997
503480.859000,105.0,Ok,31.0,Ok,6998
503481.078000,104.0,Ok,28.0,Ok,6999
503481.250000,107.0,Ok,27.0,Ok,7000
503481.468000,104.0,Ok,26.0,Ok,7001
503481.656000,105.0,Ok,26.0,Ok,7002
503481.859000,103.0,Ok,24.0,Ok,7003
503482.093000,106.0,Ok,27.0,Ok,7004
503482.265000,106.0,Ok,29.0,Ok,7005
503482.468000,106.0,Ok,26.0,Ok,7006
503482.671000,107.0,Ok,31.0,Ok,7007
503482.859000,105.0,Ok,23.0,Ok,7008
503483.046000,107.0,Ok,29.0,Ok,7009
503483.265000,106.0,Ok,26.0,Ok,7010
503483.468000,105.0,Ok,26.0,Ok,7011
503483.671000,106.0,Ok,27.0,Ok,7012
503483.859000,106.0,Ok,29.0,Ok,7013
503484.062000,104.0,Ok,27.0,Ok,7014
503484.250000,102.0,Ok,28.0,Ok,7015
503484.468000,104.0,Ok,27.0,Ok,7016
503484.656000,106.0,Ok,31.0,Ok,7017
503484.859000,103.0,Ok,31.0,Ok,7018
503485.062000,106.0,Ok,28.0,Ok,7019
503485.265000,104.0,Ok,29.0,Ok,7020
503485.468000,104.0,Ok,32.0,Ok,7021
503485.671000,106.0,Ok,27.0,Ok,7022
503485.859000,108.0,Ok,24.0,Ok,7023
503486.062000,107.0,Ok,29.0,Ok,7024
503486.265000,110.0,Ok,28.0,Ok,7025
503486.468000,106.0,Ok,25.0,Ok,7026
503486.671000,100.0,Ok,24.0,Ok,7027
503486.859000,105.0,Ok,26.0,Ok,7028
503487.062000,106.0,Ok,25.0,Ok,7029
503487.265000,107.0,Ok,26.0,Ok,7030
503487.468000,108.0,Ok,27.0,Ok,7031
503487.671000,106.0,Ok,30.0,Ok,7032
503487.859000,105.0,Ok,28.0,Ok,7033
503488.062000,106.0,Ok,24.0,Ok,7034
503488.265000,107.0,Ok,26.0,Ok,7035
503488.468000,104.0,Ok,24.0,Ok,7036
503488.671000,107.0,Ok,24.0,Ok,7037
503488.859000,106.0,Ok,28.0,Ok,7038
503489.062000,107.0,Ok,23.0,Ok,7039
503489.265000,107.0,Ok,24.0,Ok,7040
503489.468000,107.0,Ok,22.0,Ok,7041
503489.656000,106.0,Ok,25.0,Ok,7042
503489.859000,107.0,Ok,25.0,Ok,7043
503490.062000,107.0,Ok,24.0,Ok,7044
503490.265000,107.0,Ok,22.0,Ok,7045
503490.468000,106.0,Ok,24.0,Ok,7046
503490.671000,107.0,Ok,31.0,Ok,7047
503490.859000,106.0,Ok,29.0,Ok,7048
503491.062000,106.0,Ok,24.0,Ok,7049
503491.265000,108.0,Ok,23.0,Ok,7050
503491.468000,102.0,Ok,26.0,Ok,7051
503491.671000,106.0,Ok,20.0,Ok,7052
503491.859000,108.0,Ok,30.0,Ok,7053
503492.062000,111.0,Ok,22.0,Ok,7054
503492.250000,107.0,Ok,24.0,Ok,7055
503492.468000,106.0,Ok,34.0,Ok,7056
503492.671000,105.0,Ok,27.0,Ok,7057
503492.859000,108.0,Ok,28.0,Ok,7058
503493.062000,108.0,Ok,29.0,Ok,7059
503493.265000,105.0,Ok,29.0,Ok,7060
503493.468000,108.0,Ok,25.0,Ok,7061
503493.671000,110.0,Ok,28.0,Ok,7062
503493.859000,108.0,Ok,23.0,Ok,7063
503494.062000,107.0,Ok,30.0,Ok,7064
503494.265000,107.0,Ok,28.0,Ok,7065
503494.468000,107.0,Ok,26.0,Ok,7066
503494.656000,105.0,Ok,28.0,Ok,7067
503494.859000,107.0,Ok,25.0,Ok,7068
503495.062000,108.0,Ok,29.0,Ok,7069
503495.250000,107.0,Ok,24.0,Ok,7070
503495.453000,106.0,Ok,29.0,Ok,7071
503495.656000,105.0,Ok,27.0,Ok,7072
503495.859000,104.0,Ok,27.0,Ok,7073
503496.062000,106.0,Ok,26.0,Ok,7074
503496.265000,104.0,Ok,24.0,Ok,7075
503496.468000,105.0,Ok,27.0,Ok,7076
503496.656000,104.0,Ok,28.0,Ok,7077
503496.859000,106.0,Ok,32.0,Ok,7078
503497.062000,106.0,Ok,28.0,Ok,7079
503497.265000,103.0,Ok,24.0,Ok,7080
503497.468000,106.0,Ok,27.0,Ok,7081
503497.656000,103.0,Ok,26.0,Ok,7082
503497.859000,105.0,Ok,28.0,Ok,7083
503498.062000,107.0,Ok,25.0,Ok,7084
503498.265000,106.0,Ok,30.0,Ok,7085
503498.453000,104.0,Ok,27.0,Ok,7086
503498.671000,107.0,Ok,25.0,Ok,7087
503498.859000,107.0,Ok,31.0,Ok,7088
503499.062000,109.0,Ok,27.0,Ok,7089
503499.265000,106.0,Ok,28.0,Ok,7090
503499.453000,104.0,Ok,27.0,Ok,7091
503499.671000,103.0,Ok,28.0,Ok,7092
503499.859000,103.0,Ok,33.0,Ok,7093
503500.062000,104.0,Ok,30.0,Ok,7094
503500.265000,100.0,Ok,27.0,Ok,7095
503500.468000,107.0,Ok,24.0,Ok,7096
503500.671000,107.0,Ok,26.0,Ok,7097
503500.859000,106.0,Ok,29.0,Ok,7098
503501.062000,107.0,Ok,29.0,Ok,7099
503501.265000,102.0,Ok,35.0,Ok,7100
503501.468000,107.0,Ok,28.0,Ok,7101
503501.671000,106.0,Ok,29.0,Ok,7102
503501.859000,105.0,Ok,26.0,Ok,7103
503502.062000,107.0,Ok,26.0,Ok,7104
503502.265000,107.0,Ok,25.0,Ok,7105
503502.468000,107.0,Ok,28.0,Ok,7106
503502.671000,107.0,Ok,22.0,Ok,7107
503502.859000,108.0,Ok,26.0,Ok,7108
503503.062000,106.0,Ok,31.0,Ok,7109
503503.265000,107.0,Ok,24.0,Ok,7110
503503.453000,109.0,Ok,28.0,Ok,7111
503503.671000,109.0,Ok,26.0,Ok,7112
503503.890000,106.0,Ok,28.0,Ok,7113
503504.062000,106.0,Ok,30.0,Ok,7114
503504.265000,110.0,Ok,28.0,Ok,7115
503504.453000,105.0,Ok,24.0,Ok,7116
503504.671000,105.0,Ok,29.0,Ok,7117
503504.859000,106.0,Ok,26.0,Ok,7118
503505.062000,106.0,Ok,24.0,Ok,7119
503505.250000,108.0,Ok,31.0,Ok,7120
503505.453000,101.0,Ok,24.0,Ok,7121
503505.656000,106.0,Ok,25.0,Ok,7122
503505.859000,106.0,Ok,30.0,Ok,7123
503506.062000,105.0,Ok,26.0,Ok,7124
503506.265000,106.0,Ok,31.0,Ok,7125
503506.468000,104.0,Ok,30.0,Ok,7126
503506.671000,107.0,Ok,27.0,Ok,7127
503506.859000,105.0,Ok,27.0,Ok,7128
503507.062000,107.0,Ok,27.0,Ok,7129
503507.265000,104.0,Ok,25.0,Ok,7130
503507.468000,104.0,Ok,21.0,Ok,7131
503507.656000,109.0,Ok,24.0,Ok,7132
503507.859000,109.0,Ok,25.0,Ok,7133
503508.062000,108.0,Ok,24.0,Ok,7134
503508.265000,110.0,Ok,30.0,Ok,7135
503508.468000,112.0,Ok,24.0,Ok,7136
503508.656000,108.0,Ok,20.0,Ok,7137
503508.859000,112.0,Ok,30.0,Ok,7138
503509.062000,114.0,Ok,27.0,Ok,7139
503509.265000,110.0,Ok,24.0,Ok,7140
503509.453000,111.0,Ok,24.0,Ok,7141
503509.671000,113.0,Ok,24.0,Ok,7142
503509.859000,109.0,Ok,24.0,Ok,7143
503510.062000,107.0,Ok,29.0,Ok,7144
503510.265000,108.0,Ok,22.0,Ok,7145
503510.468000,107.0,Ok,26.0,Ok,7146
503510.671000,107.0,Ok,27.0,Ok,7147
503510.859000,109.0,Ok,23.0,Ok,7148
503511.062000,112.0,Ok,25.0,Ok,7149
503511.265000,109.0,Ok,27.0,Ok,7150
503511.468000,106.0,Ok,24.0,Ok,7151
503511.656000,106.0,Ok,37.0,Ok,7152
503511.859000,102.0,Ok,28.0,Ok,7153
503512.062000,109.0,Ok,32.0,Ok,7154
503512.265000,111.0,Ok,36.0,Ok,7155
503512.468000,109.0,Ok,26.0,Ok,7156
503512.671000,92.0,Ok,51.0,Ok,7157
503512.843000,97.0,Ok,35.0,Ok,7158
503513.062000,95.0,Ok,39.0,Ok,7159
503513.265000,92.0,Ok,44.0,Ok,7160
503513.468000,101.0,Ok,78.0,Ok,7161
503513.656000,100.0,Ok,105.0,Ok,7162
503513.859000,70.0,Ok,108.0,Ok,7163
503514.046000,80.0,Ok,98.0,Ok,7164
503514.265000,57.0,Ok,85.0,Ok,7165
503514.468000,70.0,Ok,92.0,Ok,7166
503514.671000,70.0,Ok,64.0,Ok,7167
503514.859000,61.0,Ok,53.0,Ok,7168
503515.062000,57.0,Ok,54.0,Ok,7169
503515.265000,61.0,Ok,54.0,Ok,7170
503515.468000,58.0,Ok,50.0,Ok,7171
503515.671000,57.0,Ok,64.0,Ok,7172
503515.859000,105.0,Ok,47.0,Ok,7173
503516.046000,92.0,Ok,31.0,Ok,7174
503516.265000,97.0,Ok,31.0,Ok,7175
503516.468000,95.0,Ok,33.0,Ok,7176
503516.656000,114.0,Ok,33.0,Ok,7177
503516.859000,94.0,Ok,23.0,Ok,7178
503517.062000,100.0,Ok,23.0,Ok,7179
503517.265000,84.0,Ok,25.0,Ok,7180
503517.468000,106.0,Ok,27.0,Ok,7181
503517.671000,90.0,Ok,23.0,Ok,7182
503517.859000,89.0,Ok,23.0,Ok,7183
503518.046000,92.0,Ok,19.0,Ok,7184
503518.265000,95.0,Ok,21.0,Ok,7185
503518.453000,97.0,Ok,35.0,Ok,7186
503518.656000,93.0,Ok,30.0,Ok,7187
503518.875000,91.0,Ok,38.0,Ok,7188
503519.062000,92.0,Ok,26.0,Ok,7189
503519.265000,88.0,Ok,21.0,Ok,7190
503519.468000,123.0,Ok,24.0,Ok,7191
503519.671000,91.0,Ok,29.0,Ok,7192
503519.859000,87.0,Ok,31.0,Ok,7193
503520.062000,86.0,Ok,33.0,Ok,7194
503520.265000,89.0,Ok,26.0,Ok,7195
503520.468000,87.0,Ok,25.0,Ok,7196
503520.656000,92.0,Ok,24.0,Ok,7197
503520.859000,89.0,Ok,27.0,Ok,7198
503521.062000,88.0,Ok,31.0,Ok,7199
503521.250000,89.0,Ok,27.0,Ok,7200
503521.453000,92.0,Ok,33.0,Ok,7201
503521.671000,93.0,Ok,28.0,Ok,7202
503521.859000,94.0,Ok,23.0,Ok,7203
503522.062000,85.0,Ok,28.0,Ok,7204
503522.250000,84.0,Ok,24.0,Ok,7205
503522.453000,84.0,Ok,25.0,Ok,7206
503522.671000,80.0,Ok,15.0,Ok,7207
503522.859000,98.0,Ok,17.0,Ok,7208
503523.062000,83.0,Ok,23.0,Ok,7209
503523.265000,76.0,Ok,32.0,Ok,7210
503523.468000,58.0,Ok,32.0,Ok,7211
503523.671000,48.0,Ok,31.0,Ok,7212
503523.859000,37.0,Ok,30.0,Ok,7213
503524.062000,54.0,Ok,25.0,Ok,7214
503524.265000,68.0,Ok,31.0,Ok,7215
503524.468000,51.0,Ok,30.0,Ok,7216
503524.656000,62.0,Ok,26.0,Ok,7217
503524.859000,59.0,Ok,29.0,Ok,7218
503525.046000,68.0,Ok,24.0,Ok,7219
503525.265000,29.0,Ok,30.0,Ok,7220
503525.453000,46.0,Ok,28.0,Ok,7221
503525.671000,44.0,Ok,29.0,Ok,7222
503525.859000,40.0,Ok,29.0,Ok,7223
503526.062000,40.0,Ok,25.0,Ok,7224
503526.265000,41.0,Ok,26.0,Ok,7225
503526.468000,31.0,Ok,24.0,Ok,7226
503526.656000,47.0,Ok,27.0,Ok,7227
503526.843000,60.0,Ok,36.0,Ok,7228
503527.062000,46.0,Ok,39.0,Ok,7229
503527.265000,46.0,Ok,39.0,Ok,7230
503527.453000,50.0,Ok,37.0,Ok,7231
503527.656000,50.0,Ok,37.0,Ok,7232
503527.859000,56.0,Ok,36.0,Ok,7233
503528.046000,54.0,Ok,39.0,Ok,7234
503528.250000,54.0,Ok,39.0,Ok,7235
503528.468000,48.0,Ok,32.0,Ok,7236
503528.656000,78.0,Ok,34.0,Ok,7237
503528.859000,113.0,Ok,30.0,Ok,7238
503529.062000,101.0,Ok,31.0,Ok,7239
503529.265000,81.0,Ok,29.0,Ok,7240
503529.453000,83.0,Ok,27.0,Ok,7241
503529.656000,87.0,Ok,26.0,Ok,7242
503529.859000,47.0,Ok,29.0,Ok,7243
503530.062000,75.0,Ok,31.0,Ok,7244
503530.250000,67.0,Ok,36.0,Ok,7245
503530.468000,74.0,Ok,31.0,Ok,7246
503530.656000,54.0,Ok,28.0,Ok,7247
503530.859000,49.0,Ok,31.0,Ok,7248
503531.062000,60.0,Ok,30.0,Ok,7249
503531.250000,53.0,Ok,39.0,Ok,7250
503531.468000,56.0,Ok,24.0,Ok,7251
503531.656000,53.0,Ok,31.0,Ok,7252
503531.859000,46.0,Ok,36.0,Ok,7253
503532.062000,46.0,Ok,34.0,Ok,7254
503532.250000,55.0,Ok,34.0,Ok,7255
503532.468000,43.0,Ok,34.0,Ok,7256
503532.656000,40.0,Ok,33.0,Ok,7257
503532.859000,44.0,Ok,29.0,Ok,7258
503533.062000,39.0,Ok,30.0,Ok,7259
503533.265000,43.0,Ok,32.0,Ok,7260
503533.468000,41.0,Ok,32.0,Ok,7261
503533.656000,42.0,Ok,31.0,Ok,7262
503533.859000,44.0,Ok,28.0,Ok,7263
503534.062000,40.0,Ok,39.0,Ok,7264
503534.265000,46.0,Ok,36.0,Ok,7265
503534.468000,41.0,Ok,36.0,Ok,7266
503534.656000,47.0,Ok,36.0,Ok,7267
503534.859000,47.0,Ok,32.0,Ok,7268
503535.062000,42.0,Ok,33.0,Ok,7269
503535.250000,52.0,Ok,36.0,Ok,7270
503535.468000,49.0,Ok,31.0,Ok,7271
503535.656000,50.0,Ok,30.0,Ok,7272
503535.859000,51.0,Ok,39.0,Ok,7273
503536.062000,44.0,Ok,39.0,Ok,7274
503536.265000,70.0,Ok,32.0,Ok,7275
503536.453000,19.0,Ok,53.0,Ok,7276
503536.656000,47.0,Ok,56.0,Ok,7277
503536.859000,39.0,Ok,47.0,Ok,7278
503537.062000,20.0,Ok,74.0,Ok,7279
503537.250000,73.0,Ok,33.0,Ok,7280
503537.468000,53.0,Ok,34.0,Ok,7281
503537.656000,47.0,Ok,32.0,Ok,7282
503537.859000,62.0,Ok,39.0,Ok,7283
503538.062000,77.0,Ok,37.0,Ok,7284
503538.265000,59.0,Ok,40.0,Ok,7285
503538.468000,59.0,Ok,40.0,Ok,7286
503538.656000,62.0,Ok,41.0,Ok,7287
503538.859000,59.0,Ok,38.0,Ok,7288
503539.062000,54.0,Ok,46.0,Ok,7289
503539.250000,56.0,Ok,43.0,Ok,7290
503539.453000,56.0,Ok,44.0,Ok,7291
503539.656000,80.0,Ok,38.0,Ok,7292
503539.859000,89.0,Ok,39.0,Ok,7293
503540.062000,107.0,Ok,39.0,Ok,7294
503540.250000,97.0,Ok,44.0,Ok,7295
503540.468000,67.0,Ok,57.0,Ok,7296
503540.656000,80.0,Ok,56.0,Ok,7297
503540.859000,63.0,Ok,56.0,Ok,7298
503541.062000,98.0,Ok,56.0,Ok,7299
503541.265000,50.0,Ok,31.0,Ok,7300
503541.453000,68.0,Ok,29.0,Ok,7301
503541.656000,106.0,Ok,30.0,Ok,7302
503541.859000,58.0,Ok,28.0,Ok,7303
503542.062000,94.0,Ok,34.0,Ok,7304
503542.265000,99.0,Ok,22.0,Ok,7305
503542.468000,100.0,Ok,33.0,Ok,7306
503542.656000,104.0,Ok,27.0,Ok,7307
503542.859000,82.0,Ok,27.0,Ok,7308
503543.062000,83.0,Ok,37.0,Ok,7309
503543.265000,90.0,Ok,34.0,Ok,7310
503543.468000,86.0,Ok,29.0,Ok,7311
503543.656000,88.0,Ok,31.0,Ok,7312
503543.859000,87.0,Ok,30.0,Ok,7313
503544.046000,84.0,Ok,24.0,Ok,7314
503544.265000,88.0,Ok,25.0,Ok,7315
503544.453000,87.0,Ok,30.0,Ok,7316
503544.656000,91.0,Ok,31.0,Ok,7317
503544.859000,84.0,Ok,32.0,Ok,7318
503545.062000,90.0,Ok,52.0,Ok,7319
503545.265000,85.0,Ok,25.0,Ok,7320
503545.468000,84.0,Ok,33.0,Ok,7321
503545.656000,83.0,Ok,36.0,Ok,7322
503545.859000,84.0,Ok,42.0,Ok,7323
503546.062000,77.0,Ok,45.0,Ok,7324
503546.265000,77.0,Ok,41.0,Ok,7325
503546.468000,61.0,Ok,44.0,Ok,7326
503546.656000,52.0,Ok,40.0,Ok,7327
503546.859000,52.0,Ok,43.0,Ok,7328
503547.062000,51.0,Ok,41.0,Ok,7329
503547.265000,54.0,Ok,54.0,Ok,7330
503547.453000,58.0,Ok,46.0,Ok,7331
503547.656000,53.0,Ok,39.0,Ok,7332
503547.859000,57.0,Ok,40.0,Ok,7333
503548.062000,54.0,Ok,37.0,Ok,7334
503548.265000,51.0,Ok,41.0,Ok,7335
503548.453000,56.0,Ok,45.0,Ok,7336
503548.656000,50.0,Ok,42.0,Ok,7337
503548.859000,54.0,Ok,44.0,Ok,7338
503549.062000,58.0,Ok,49.0,Ok,7339
503549.250000,67.0,Ok,46.0,Ok,7340
503549.453000,64.0,Ok,44.0,Ok,7341
503549.671000,76.0,Ok,39.0,Ok,7342
503549.859000,75.0,Ok,29.0,Ok,7343
503550.062000,80.0,Ok,31.0,Ok,7344
503550.265000,76.0,Ok,23.0,Ok,7345
503550.453000,91.0,Ok,27.0,Ok,7346
503550.656000,79.0,Ok,27.0,Ok,7347
503550.859000,97.0,Ok,26.0,Ok,7348
503551.062000,88.0,Ok,30.0,Ok,7349
503551.265000,95.0,Ok,29.0,Ok,7350
503551.468000,81.0,Ok,33.0,Ok,7351
503551.656000,81.0,Ok,38.0,Ok,7352
503551.859000,84.0,Ok,34.0,Ok,7353
503552.062000,85.0,Ok,34.0,Ok,7354
503552.265000,93.0,Ok,33.0,Ok,7355
503552.453000,88.0,Ok,29.0,Ok,7356
503552.656000,94.0,Ok,27.0,Ok,7357
503552.859000,92.0,Ok,31.0,Ok,7358
503553.062000,93.0,Ok,35.0,Ok,7359
503553.250000,93.0,Ok,26.0,Ok,7360
503553.468000,87.0,Ok,31.0,Ok,7361
503553.656000,97.0,Ok,29.0,Ok,7362
503553.859000,92.0,Ok,25.0,Ok,7363
503554.062000,94.0,Ok,37.0,Ok,7364
503554.265000,95.0,Ok,26.0,Ok,7365
503554.468000,92.0,Ok,24.0,Ok,7366
503554.656000,92.0,Ok,24.0,Ok,7367
503554.859000,96.0,Ok,37.0,Ok,7368
503555.062000,90.0,Ok,35.0,Ok,7369
503555.265000,88.0,Ok,29.0,Ok,7370
503555.453000,95.0,Ok,38.0,Ok,7371
503555.656000,92.0,Ok,24.0,Ok,7372
503555.859000,92.0,Ok,28.0,Ok,7373
503556.062000,94.0,Ok,24.0,Ok,7374
503556.265000,92.0,Ok,34.0,Ok,7375
503556.468000,92.0,Ok,33.0,Ok,7376
503556.671000,93.0,Ok,78.0,Ok,7377
503556.859000,93.0,Ok,26.0,Ok,7378
503557.062000,92.0,Ok,25.0,Ok,7379
503557.265000,94.0,Ok,37.0,Ok,7380
503557.468000,91.0,Ok,36.0,Ok,7381
503557.656000,93.0,Ok,22.0,Ok,7382
503557.843000,92.0,Ok,23.0,Ok,7383
503558.062000,93.0,Ok,31.0,Ok,7384
503558.250000,94.0,Ok,38.0,Ok,7385
503558.468000,92.0,Ok,39.0,Ok,7386
503558.656000,94.0,Ok,25.0,Ok,7387
503558.859000,97.0,Ok,30.0,Ok,7388
503559.062000,94.0,Ok,21.0,Ok,7389
503559.250000,93.0,Ok,40.0,Ok,7390
503559.453000,90.0,Ok,31.0,Ok,7391
503559.671000,93.0,Ok,31.0,Ok,7392
503559.859000,97.0,Ok,22.0,Ok,7393
503560.062000,96.0,Ok,29.0,Ok,7394
503560.265000,99.0,Ok,27.0,Ok,7395
503560.468000,98.0,Ok,37.0,Ok,7396
503560.656000,92.0,Ok,35.0,Ok,7397
503560.859000,96.0,Ok,25.0,Ok,7398
503561.062000,93.0,Ok,27.0,Ok,7399
503561.265000,94.0,Ok,27.0,Ok,7400
503561.453000,88.0,Ok,24.0,Ok,7401
503561.671000,93.0,Ok,38.0,Ok,7402
503561.859000,99.0,Ok,38.0,Ok,7403
503562.062000,95.0,Ok,28.0,Ok,7404
503562.250000,94.0,Ok,28.0,Ok,7405
503562.453000,98.0,Ok,29.0,Ok,7406
503562.656000,96.0,Ok,30.0,Ok,7407
503562.859000,97.0,Ok,27.0,Ok,7408
503563.062000,92.0,Ok,25.0,Ok,7409
503563.265000,94.0,Ok,28.0,Ok,7410
503563.453000,94.0,Ok,27.0,Ok,7411
503563.656000,94.0,Ok,27.0,Ok,7412
503563.859000,92.0,Ok,33.0,Ok,7413
503564.062000,97.0,Ok,26.0,Ok,7414
503564.265000,94.0,Ok,26.0,Ok,7415
503564.453000,96.0,Ok,31.0,Ok,7416
503564.656000,89.0,Ok,27.0,Ok,7417
503564.859000,86.0,Ok,38.0,Ok,7418
503565.046000,97.0,Ok,24.0,Ok,7419
503565.250000,93.0,Ok,24.0,Ok,7420
503565.453000,92.0,Ok,24.0,Ok,7421
503565.656000,87.0,Ok,22.0,Ok,7422
503565.859000,93.0,Ok,36.0,Ok,7423
503566.062000,95.0,Ok,39.0,Ok,7424
503566.265000,89.0,Ok,28.0,Ok,7425
503566.453000,92.0,Ok,30.0,Ok,7426
503566.656000,93.0,Ok,25.0,Ok,7427
503566.859000,90.0,Ok,39.0,Ok,7428
503567.062000,89.0,Ok,31.0,Ok,7429
503567.265000,93.0,Ok,24.0,Ok,7430
503567.453000,83.0,Ok,24.0,Ok,7431
503567.656000,92.0,Ok,23.0,Ok,7432
503567.859000,95.0,Ok,25.0,Ok,7433
503568.062000,98.0,Ok,36.0,Ok,7434
503568.265000,95.0,Ok,32.0,Ok,7435
503568.468000,92.0,Ok,29.0,Ok,7436
503568.656000,92.0,Ok,24.0,Ok,7437
503568.859000,107.0,Ok,29.0,Ok,7438
503569.062000,96.0,Ok,28.0,Ok,7439
503569.250000,92.0,Ok,22.0,Ok,7440
503569.453000,96.0,Ok,25.0,Ok,7441
503569.656000,95.0,Ok,21.0,Ok,7442
503569.859000,95.0,Ok,23.0,Ok,7443
503570.062000,94.0,Ok,26.0,Ok,7444
503570.265000,89.0,Ok,36.0,Ok,7445
503570.453000,99.0,Ok,33.0,Ok,7446
503570.687000,99.0,Ok,33.0,Ok,7447
503570.859000,88.0,Ok,43.0,Ok,7448
503571.062000,92.0,Ok,25.0,Ok,7449
503571.265000,97.0,Ok,30.0,Ok,7450
503571.468000,96.0,Ok,25.0,Ok,7451
503571.656000,95.0,Ok,24.0,Ok,7452
503571.859000,65535.0,RangingRxTimeout,24.0,Ok,7453
503572.062000,97.0,Ok,33.0,Ok,7454
503572.265000,92.0,Ok,31.0,Ok,7455
503572.468000,96.0,Ok,27.0,Ok,7456
503572.656000,89.0,Ok,24.0,Ok,7457
503572.859000,93.0,Ok,31.0,Ok,7458
503573.062000,93.0,Ok,36.0,Ok,7459
503573.265000,91.0,Ok,37.0,Ok,7460
503573.468000,95.0,Ok,19.0,Ok,7461
503573.656000,92.0,Ok,32.0,Ok,7462
503573.859000,92.0,Ok,27.0,Ok,7463
503574.062000,94.0,Ok,34.0,Ok,7464
503574.265000,93.0,Ok,35.0,Ok,7465
503574.468000,96.0,Ok,30.0,Ok,7466
503574.656000,90.0,Ok,26.0,Ok,7467
503574.859000,92.0,Ok,52.0,Ok,7468
503575.062000,94.0,Ok,32.0,Ok,7469
503575.265000,95.0,Ok,23.0,Ok,7470
503575.468000,91.0,Ok,22.0,Ok,7471
503575.671000,92.0,Ok,24.0,Ok,7472
503575.859000,97.0,Ok,39.0,Ok,7473
503576.062000,92.0,Ok,31.0,Ok,7474
503576.265000,90.0,Ok,40.0,Ok,7475
503576.453000,93.0,Ok,20.0,Ok,7476
503576.656000,95.0,Ok,23.0,Ok,7477
503576.859000,88.0,Ok,26.0,Ok,7478
503577.062000,92.0,Ok,28.0,Ok,7479
503577.265000,95.0,Ok,31.0,Ok,7480
503577.468000,94.0,Ok,25.0,Ok,7481
503577.656000,94.0,Ok,25.0,Ok,7482
503577.859000,94.0,Ok,24.0,Ok,7483
503578.062000,95.0,Ok,36.0,Ok,7484
503578.265000,92.0,Ok,32.0,Ok,7485
503578.453000,98.0,Ok,45.0,Ok,7486
503578.656000,95.0,Ok,24.0,Ok,7487
503578.859000,94.0,Ok,27.0,Ok,7488
503579.062000,98.0,Ok,43.0,Ok,7489
503579.250000,92.0,Ok,42.0,Ok,7490
503579.468000,92.0,Ok,39.0,Ok,7491
503579.656000,92.0,Ok,25.0,Ok,7492
503579.859000,90.0,Ok,23.0,Ok,7493
503580.062000,92.0,Ok,39.0,Ok,7494
503580.281000,94.0,Ok,32.0,Ok,7495
503580.468000,92.0,Ok,34.0,Ok,7496
503580.656000,92.0,Ok,29.0,Ok,7497
503580.859000,93.0,Ok,27.0,Ok,7498
503581.062000,93.0,Ok,25.0,Ok,7499
503581.265000,100.0,Ok,33.0,Ok,7500
503581.468000,92.0,Ok,30.0,Ok,7501
503581.671000,91.0,Ok,29.0,Ok,7502
503581.859000,88.0,Ok,30.0,Ok,7503
503582.062000,96.0,Ok,32.0,Ok,7504
503582.265000,94.0,Ok,34.0,Ok,7505
503582.468000,88.0,Ok,32.0,Ok,7506
503582.656000,90.0,Ok,26.0,Ok,7507
503582.859000,85.0,Ok,26.0,Ok,7508
503583.062000,92.0,Ok,27.0,Ok,7509
503583.265000,92.0,Ok,43.0,Ok,7510
503583.468000,90.0,Ok,43.0,Ok,7511
503583.656000,90.0,Ok,24.0,Ok,7512
503583.859000,93.0,Ok,26.0,Ok,7513
503584.062000,90.0,Ok,26.0,Ok,7514
503584.265000,95.0,Ok,38.0,Ok,7515
503584.453000,95.0,Ok,33.0,Ok,7516
503584.656000,87.0,Ok,27.0,Ok,7517
503584.859000,83.0,Ok,28.0,Ok,7518
503585.062000,96.0,Ok,28.0,Ok,7519
503585.265000,86.0,Ok,30.0,Ok,7520
503585.468000,90.0,Ok,35.0,Ok,7521
503585.656000,90.0,Ok,40.0,Ok,7522
503585.859000,96.0,Ok,31.0,Ok,7523
503586.062000,93.0,Ok,30.0,Ok,7524
503586.265000,93.0,Ok,24.0,Ok,7525
503586.468000,94.0,Ok,46.0,Ok,7526
503586.656000,93.0,Ok,30.0,Ok,7527
503586.859000,91.0,Ok,47.0,Ok,7528
503587.062000,92.0,Ok,27.0,Ok,7529
503587.265000,96.0,Ok,29.0,Ok,7530
503587.453000,96.0,Ok,27.0,Ok,7531
503587.656000,92.0,Ok,28.0,Ok,7532
503587.859000,94.0,Ok,32.0,Ok,7533
503588.046000,92.0,Ok,27.0,Ok,7534
503588.265000,96.0,Ok,28.0,Ok,7535
503588.453000,92.0,Ok,31.0,Ok,7536
503588.656000,94.0,Ok,31.0,Ok,7537
503588.859000,100.0,Ok,39.0,Ok,7538
503589.046000,95.0,Ok,43.0,Ok,7539
503589.265000,93.0,Ok,28.0,Ok,7540
503589.468000,96.0,Ok,29.0,Ok,7541
503589.656000,95.0,Ok,39.0,Ok,7542
503589.859000,93.0,Ok,39.0,Ok,7543
503590.062000,96.0,Ok,25.0,Ok,7544
503590.250000,87.0,Ok,23.0,Ok,7545
503590.468000,93.0,Ok,23.0,Ok,7546
503590.656000,92.0,Ok,28.0,Ok,7547
503590.859000,93.0,Ok,39.0,Ok,7548
503591.062000,96.0,Ok,37.0,Ok,7549
503591.265000,96.0,Ok,26.0,Ok,7550
503591.468000,92.0,Ok,21.0,Ok,7551
503591.656000,96.0,Ok,29.0,Ok,7552
503591.859000,97.0,Ok,36.0,Ok,7553
503592.062000,98.0,Ok,34.0,Ok,7554
503592.265000,95.0,Ok,29.0,Ok,7555
503592.453000,92.0,Ok,24.0,Ok,7556
503592.656000,91.0,Ok,28.0,Ok,7557
503592.859000,96.0,Ok,31.0,Ok,7558
503593.062000,95.0,Ok,32.0,Ok,7559
503593.250000,95.0,Ok,24.0,Ok,7560
503593.453000,92.0,Ok,26.0,Ok,7561
503593.671000,93.0,Ok,25.0,Ok,7562
503593.859000,95.0,Ok,31.0,Ok,7563
503594.062000,89.0,Ok,39.0,Ok,7564
503594.250000,95.0,Ok,26.0,Ok,7565
503594.468000,91.0,Ok,28.0,Ok,7566
503594.656000,93.0,Ok,27.0,Ok,7567
503594.859000,97.0,Ok,37.0,Ok,7568
503595.062000,94.0,Ok,33.0,Ok,7569
503595.265000,92.0,Ok,30.0,Ok,7570
503595.468000,94.0,Ok,27.0,Ok,7571
503595.656000,94.0,Ok,30.0,Ok,7572
503595.859000,88.0,Ok,29.0,Ok,7573
503596.062000,88.0,Ok,40.0,Ok,7574
503596.250000,94.0,Ok,41.0,Ok,7575
503596.468000,91.0,Ok,29.0,Ok,7576
503596.656000,91.0,Ok,25.0,Ok,7577
503596.859000,96.0,Ok,26.0,Ok,7578
503597.062000,94.0,Ok,36.0,Ok,7579
503597.265000,94.0,Ok,36.0,Ok,7580
503597.468000,94.0,Ok,27.0,Ok,7581
503597.656000,94.0,Ok,28.0,Ok,7582
503597.859000,91.0,Ok,28.0,Ok,7583
503598.062000,94.0,Ok,37.0,Ok,7584
503598.250000,92.0,Ok,39.0,Ok,7585
503598.468000,85.0,Ok,24.0,Ok,7586
503598.656000,91.0,Ok,31.0,Ok,7587
503598.859000,89.0,Ok,34.0,Ok,7588
503599.062000,93.0,Ok,35.0,Ok,7589
503599.265000,92.0,Ok,38.0,Ok,7590
503599.468000,88.0,Ok,28.0,Ok,7591
503599.656000,91.0,Ok,26.0,Ok,7592
503599.859000,92.0,Ok,24.0,Ok,7593
503600.062000,89.0,Ok,42.0,Ok,7594
503600.265000,94.0,Ok,29.0,Ok,7595
503600.468000,96.0,Ok,25.0,Ok,7596
503600.656000,93.0,Ok,30.0,Ok,7597
503600.859000,92.0,Ok,23.0,Ok,7598
503601.062000,91.0,Ok,40.0,Ok,7599
503601.265000,91.0,Ok,38.0,Ok,7600
503601.453000,93.0,Ok,23.0,Ok,7601
503601.656000,92.0,Ok,25.0,Ok,7602
503601.859000,91.0,Ok,23.0,Ok,7603
503602.062000,97.0,Ok,41.0,Ok,7604
503602.265000,93.0,Ok,40.0,Ok,7605
503602.468000,97.0,Ok,27.0,Ok,7606
503602.656000,92.0,Ok,27.0,Ok,7607
503602.859000,94.0,Ok,23.0,Ok,7608
503603.046000,93.0,Ok,40.0,Ok,7609
503603.265000,89.0,Ok,36.0,Ok,7610
503603.453000,89.0,Ok,27.0,Ok,7611
503603.656000,90.0,Ok,26.0,Ok,7612
503603.859000,89.0,Ok,27.0,Ok,7613
503604.046000,95.0,Ok,39.0,Ok,7614
503604.265000,92.0,Ok,38.0,Ok,7615
503604.453000,94.0,Ok,22.0,Ok,7616
503604.656000,94.0,Ok,22.0,Ok,7617
503604.859000,91.0,Ok,20.0,Ok,7618
503605.062000,97.0,Ok,35.0,Ok,7619
503605.250000,93.0,Ok,35.0,Ok,7620
503605.468000,89.0,Ok,28.0,Ok,7621
503605.656000,94.0,Ok,24.0,Ok,7622
503605.859000,92.0,Ok,20.0,Ok,7623
503606.062000,100.0,Ok,43.0,Ok,7624
503606.265000,91.0,Ok,40.0,Ok,7625
503606.468000,96.0,Ok,23.0,Ok,7626
503606.656000,93.0,Ok,25.0,Ok,7627
503606.859000,92.0,Ok,22.0,Ok,7628
503607.062000,94.0,Ok,40.0,Ok,7629
503607.265000,95.0,Ok,36.0,Ok,7630
503607.468000,94.0,Ok,42.0,Ok,7631
503607.656000,95.0,Ok,20.0,Ok,7632
503607.859000,92.0,Ok,20.0,Ok,7633
503608.062000,91.0,Ok,19.0,Ok,7634
503608.265000,97.0,Ok,42.0,Ok,7635
503608.453000,94.0,Ok,37.0,Ok,7636
503608.656000,95.0,Ok,39.0,Ok,7637
503608.859000,92.0,Ok,29.0,Ok,7638
503609.062000,89.0,Ok,26.0,Ok,7639
503609.265000,92.0,Ok,36.0,Ok,7640
503609.468000,91.0,Ok,65535.0,RangingRxTimeout,7641
503609.656000,93.0,Ok,37.0,Ok,7642
503609.859000,94.0,Ok,26.0,Ok,7643
503610.062000,93.0,Ok,24.0,Ok,7644
503610.265000,95.0,Ok,61.0,Ok,7645
503610.453000,98.0,Ok,43.0,Ok,7646
503610.656000,86.0,Ok,24.0,Ok,7647
503610.859000,90.0,Ok,25.0,Ok,7648
503611.062000,93.0,Ok,21.0,Ok,7649
503611.265000,97.0,Ok,33.0,Ok,7650
503611.468000,96.0,Ok,35.0,Ok,7651
503611.656000,96.0,Ok,27.0,Ok,7652
503611.859000,93.0,Ok,23.0,Ok,7653
503612.062000,92.0,Ok,27.0,Ok,7654
503612.265000,93.0,Ok,40.0,Ok,7655
503612.453000,95.0,Ok,40.0,Ok,7656
503612.656000,91.0,Ok,40.0,Ok,7657
503612.859000,91.0,Ok,25.0,Ok,7658
503613.062000,94.0,Ok,24.0,Ok,7659
503613.250000,95.0,Ok,65.0,Ok,7660
503613.453000,94.0,Ok,37.0,Ok,7661
503613.656000,92.0,Ok,23.0,Ok,7662
503613.859000,92.0,Ok,19.0,Ok,7663
503614.062000,92.0,Ok,26.0,Ok,7664
503614.265000,92.0,Ok,48.0,Ok,7665
503614.468000,95.0,Ok,36.0,Ok,7666
503614.656000,93.0,Ok,26.0,Ok,7667
503614.859000,92.0,Ok,30.0,Ok,7668
503615.062000,94.0,Ok,23.0,Ok,7669
503615.265000,92.0,Ok,39.0,Ok,7670
503615.468000,92.0,Ok,26.0,Ok,7671
503615.656000,96.0,Ok,37.0,Ok,7672
503615.859000,94.0,Ok,23.0,Ok,7673
503616.062000,95.0,Ok,24.0,Ok,7674
503616.265000,89.0,Ok,26.0,Ok,7675
503616.453000,95.0,Ok,41.0,Ok,7676
503616.656000,94.0,Ok,35.0,Ok,7677
503616.859000,92.0,Ok,24.0,Ok,7678
503617.093000,92.0,Ok,23.0,Ok,7679
503617.265000,96.0,Ok,41.0,Ok,7680
503617.453000,95.0,Ok,34.0,Ok,7681
503617.656000,92.0,Ok,37.0,Ok,7682
503617.859000,93.0,Ok,25.0,Ok,7683
503618.062000,97.0,Ok,18.0,Ok,7684
503618.265000,91.0,Ok,21.0,Ok,7685
503618.453000,92.0,Ok,34.0,Ok,7686
503618.656000,95.0,Ok,35.0,Ok,7687
503618.859000,91.0,Ok,22.0,Ok,7688
503619.062000,93.0,Ok,25.0,Ok,7689
503619.250000,92.0,Ok,20.0,Ok,7690
503619.468000,95.0,Ok,44.0,Ok,7691
503619.656000,96.0,Ok,39.0,Ok,7692
503619.859000,90.0,Ok,24.0,Ok,7693
503620.062000,93.0,Ok,24.0,Ok,7694
503620.250000,93.0,Ok,22.0,Ok,7695
503620.468000,96.0,Ok,28.0,Ok,7696
503620.656000,97.0,Ok,34.0,Ok,7697
503620.859000,92.0,Ok,27.0,Ok,7698
503621.062000,92.0,Ok,25.0,Ok,7699
503621.265000,92.0,Ok,24.0,Ok,7700
503621.453000,96.0,Ok,60.0,Ok,7701
503621.656000,92.0,Ok,38.0,Ok,7702
503621.859000,94.0,Ok,42.0,Ok,7703
503622.062000,91.0,Ok,28.0,Ok,7704
503622.250000,89.0,Ok,25.0,Ok,7705
503622.453000,90.0,Ok,24.0,Ok,7706
503622.656000,96.0,Ok,41.0,Ok,7707
503622.859000,94.0,Ok,31.0,Ok,7708
503623.062000,96.0,Ok,21.0,Ok,7709
503623.250000,95.0,Ok,24.0,Ok,7710
503623.453000,89.0,Ok,24.0,Ok,7711
503623.656000,96.0,Ok,36.0,Ok,7712
503623.859000,92.0,Ok,40.0,Ok,7713
503624.062000,93.0,Ok,26.0,Ok,7714
503624.265000,89.0,Ok,28.0,Ok,7715
503624.468000,94.0,Ok,37.0,Ok,7716
503624.656000,94.0,Ok,33.0,Ok,7717
503624.859000,94.0,Ok,31.0,Ok,7718
503625.062000,93.0,Ok,24.0,Ok,7719
503625.250000,91.0,Ok,22.0,Ok,7720
503625.468000,93.0,Ok,26.0,Ok,7721
503625.656000,97.0,Ok,40.0,Ok,7722
503625.859000,93.0,Ok,39.0,Ok,7723
503626.062000,94.0,Ok,27.0,Ok,7724
503626.265000,93.0,Ok,27.0,Ok,7725
503626.468000,94.0,Ok,30.0,Ok,7726
503626.656000,98.0,Ok,38.0,Ok,7727
503626.859000,97.0,Ok,42.0,Ok,7728
503627.062000,94.0,Ok,25.0,Ok,7729
503627.265000,95.0,Ok,21.0,Ok,7730
503627.468000,100.0,Ok,27.0,Ok,7731
503627.656000,94.0,Ok,49.0,Ok,7732
503627.859000,93.0,Ok,27.0,Ok,7733
503628.062000,93.0,Ok,24.0,Ok,7734
503628.250000,87.0,Ok,25.0,Ok,7735
503628.453000,93.0,Ok,28.0,Ok,7736
503628.656000,97.0,Ok,34.0,Ok,7737
503628.859000,97.0,Ok,51.0,Ok,7738
503629.062000,94.0,Ok,23.0,Ok,7739
503629.250000,98.0,Ok,21.0,Ok,7740
503629.468000,93.0,Ok,27.0,Ok,7741
503629.656000,94.0,Ok,28.0,Ok,7742
503629.859000,89.0,Ok,31.0,Ok,7743
503630.062000,88.0,Ok,42.0,Ok,7744
