dataset_name,source_session,collector,gesture,trial_index,t_start,t_end,duration_s,imu_sample_count,imu_mean_rate_hz,mmwave_frame_count,mmwave_mean_rate_hz,uwb_round_count,uwb_mean_rate_hz,npz_path,session_dir
gesture_new3_plus_eric_v1,C:\Users\Prutha Pandit\cosmos_final_project\data\raw\session_20260726_154516,evelyn,Push,1,506958.546000,506960.625000,2.079000,44,21.16,20,9.62,42,20.20,C:\Users\Prutha Pandit\cosmos_final_project\datasets\gesture_new3_plus_eric_v1\trials\evelyn_Push_001.npz,C:\Users\Prutha Pandit\cosmos_final_project\data\raw\session_20260726_154516
gesture_new3_plus_eric_v1,C:\Users\Prutha Pandit\cosmos_final_project\data\raw\session_20260726_154516,evelyn,Push,2,506968.046000,506970.109000,2.063000,43,20.84,19,9.21,41,19.87,C:\Users\Prutha Pandit\cosmos_final_project\datasets\gesture_new3_plus_eric_v1\trials\evelyn_Push_002.npz,C:\Users\Prutha Pandit\cosmos_final_project\data\raw\session_20260726_154516
gesture_new3_plus_eric_v1,C:\Users\Prutha Pandit\cosmos_final_project\data\raw\session_20260726_154516,evelyn,Push,3,506974.265000,506976.265000,2.000000,43,21.50,20,10.00,40,20.00,C:\Users\Prutha Pandit\cosmos_final_project\datasets\gesture_new3_plus_eric_v1\trials\evelyn_Push_003.npz,C:\Users\Prutha Pandit\cosmos_final_project\data\raw\session_20260726_154516
gesture_new3_plus_eric_v1,C:\Users\Prutha Pandit\cosmos_final_project\data\raw\session_20260726_154516,evelyn,Push,4,506986.156000,506988.250000,2.094000,44,21.01,21,10.03,41,19.58,C:\Users\Prutha Pandit\cosmos_final_project\datasets\gesture_new3_plus_eric_v1\trials\evelyn_Push_004.npz,C:\Users\Prutha Pandit\cosmos_final_project\data\raw\session_20260726_154516
gesture_new3_plus_eric_v1,C:\Users\Prutha Pandit\cosmos_final_project\data\raw\session_20260726_154516,evelyn,Push,5,506991.671000,506993.765000,2.094000,44,21.01,21,10.03,42,20.06,C:\Users\Prutha Pandit\cosmos_final_project\datasets\gesture_new3_plus_eric_v1\trials\evelyn_Push_005.npz,C:\Users\Prutha Pandit\cosmos_final_project\data\raw\session_20260726_154516
gesture_new3_plus_eric_v1,C:\Users\Prutha Pandit\cosmos_final_project\data\raw\session_20260726_154516,evelyn,Push,6,507000.234000,507002.296000,2.062000,44,21.34,21,10.18,42,20.37,C:\Users\Prutha Pandit\cosmos_final_project\datasets\gesture_new3_plus_eric_v1\trials\evelyn_Push_006.npz,C:\Users\Prutha Pandit\cosmos_final_project\data\raw\session_20260726_154516
gesture_new3_plus_eric_v1,C:\Users\Prutha Pandit\cosmos_final_project\data\raw\session_20260726_154516,evelyn,Push,7,507005.281000,507007.359000,2.078000,45,21.66,21,10.11,42,20.21,C:\Users\Prutha Pandit\cosmos_final_project\datasets\gesture_new3_plus_eric_v1\trials\evelyn_Push_007.npz,C:\Users\Prutha Pandit\cosmos_final_project\data\raw\session_20260726_154516
gesture_new3_plus_eric_v1,C:\Users\Prutha Pandit\cosmos_final_project\data\raw\session_20260726_154516,evelyn,Push,8,507010.234000,507012.343000,2.109000,45,21.34,21,9.96,42,19.91,C:\Users\Prutha Pandit\cosmos_final_project\datasets\gesture_new3_plus_eric_v1\trials\evelyn_Push_008.npz,C:\Users\Prutha Pandit\cosmos_final_project\data\raw\session_20260726_154516
gesture_new3_plus_eric_v1,C:\Users\Prutha Pandit\cosmos_final_project\data\raw\session_20260726_154516,evelyn,Push,9,507014.984000,507017.046000,2.062000,44,21.34,21,10.18,42,20.37,C:\Users\Prutha Pandit\cosmos_final_project\datasets\gesture_new3_plus_eric_v1\trials\evelyn_Push_009.npz,C:\Users\Prutha Pandit\cosmos_final_project\data\raw\session_20260726_154516
gesture_new3_plus_eric_v1,C:\Users\Prutha Pandit\cosmos_final_project\data\raw\session_20260726_154516,evelyn,Push,10,507020.031000,507022.062000,2.031000,43,21.17,21,10.34,41,20.19,C:\Users\Prutha Pandit\cosmos_final_project\datasets\gesture_new3_plus_eric_v1\trials\evelyn_Push_010.npz,C:\Users\Prutha Pandit\cosmos_final_project\data\raw\session_20260726_154516
gesture_new3_plus_eric_v1,C:\Users\Prutha Pandit\cosmos_final_project\data\raw\session_20260726_154516,evelyn,Pull,11,507034.250000,507036.343000,2.093000,44,21.02,21,10.03,42,20.07,C:\Users\Prutha Pandit\cosmos_final_project\datasets\gesture_new3_plus_eric_v1\trials\evelyn_Pull_011.npz,C:\Users\Prutha Pandit\cosmos_final_project\data\raw\session_20260726_154516
gesture_new3_plus_eric_v1,C:\Users\Prutha Pandit\cosmos_final_project\data\raw\session_20260726_154516,evelyn,Pull,12,507039.562000,507041.625000,2.063000,44,21.33,20,9.69,42,20.36,C:\Users\Prutha Pandit\cosmos_final_project\datasets\gesture_new3_plus_eric_v1\trials\evelyn_Pull_012.npz,C:\Users\Prutha Pandit\cosmos_final_project\data\raw\session_20260726_154516
gesture_new3_plus_eric_v1,C:\Users\Prutha Pandit\cosmos_final_project\data\raw\session_20260726_154516,evelyn,Pull,13,507044.593000,507046.656000,2.063000,45,21.81,21,10.18,41,19.87,C:\Users\Prutha Pandit\cosmos_final_project\datasets\gesture_new3_plus_eric_v1\trials\evelyn_Pull_013.npz,C:\Users\Prutha Pandit\cosmos_final_project\data\raw\session_20260726_154516
gesture_new3_plus_eric_v1,C:\Users\Prutha Pandit\cosmos_final_project\data\raw\session_20260726_154516,evelyn,Pull,14,507049.828000,507051.906000,2.078000,45,21.66,21,10.11,42,20.21,C:\Users\Prutha Pandit\cosmos_final_project\datasets\gesture_new3_plus_eric_v1\trials\evelyn_Pull_014.npz,C:\Users\Prutha Pandit\cosmos_final_project\data\raw\session_20260726_154516
gesture_new3_plus_eric_v1,C:\Users\Prutha Pandit\cosmos_final_project\data\raw\session_20260726_154516,evelyn,Pull,15,507055.093000,507057.093000,2.000000,42,21.00,20,10.00,41,20.50,C:\Users\Prutha Pandit\cosmos_final_project\datasets\gesture_new3_plus_eric_v1\trials\evelyn_Pull_015.npz,C:\Users\Prutha Pandit\cosmos_final_project\data\raw\session_20260726_154516
gesture_new3_plus_eric_v1,C:\Users\Prutha Pandit\cosmos_final_project\data\raw\session_20260726_154516,evelyn,Pull,16,507062.703000,507064.734000,2.031000,43,21.17,21,10.34,41,20.19,C:\Users\Prutha Pandit\cosmos_final_project\datasets\gesture_new3_plus_eric_v1\trials\evelyn_Pull_016.npz,C:\Users\Prutha Pandit\cosmos_final_project\data\raw\session_20260726_154516
gesture_new3_plus_eric_v1,C:\Users\Prutha Pandit\cosmos_final_project\data\raw\session_20260726_154516,evelyn,Pull,17,507068.171000,507070.250000,2.079000,45,21.65,21,10.10,42,20.20,C:\Users\Prutha Pandit\cosmos_final_project\datasets\gesture_new3_plus_eric_v1\trials\evelyn_Pull_017.npz,C:\Users\Prutha Pandit\cosmos_final_project\data\raw\session_20260726_154516
gesture_new3_plus_eric_v1,C:\Users\Prutha Pandit\cosmos_final_project\data\raw\session_20260726_154516,evelyn,Pull,18,507073.953000,507076.000000,2.047000,44,21.49,20,9.77,41,20.03,C:\Users\Prutha Pandit\cosmos_final_project\datasets\gesture_new3_plus_eric_v1\trials\evelyn_Pull_018.npz,C:\Users\Prutha Pandit\cosmos_final_project\data\raw\session_20260726_154516
gesture_new3_plus_eric_v1,C:\Users\Prutha Pandit\cosmos_final_project\data\raw\session_20260726_154516,evelyn,Pull,19,507079.796000,507081.859000,2.063000,44,21.33,21,10.18,41,19.87,C:\Users\Prutha Pandit\cosmos_final_project\datasets\gesture_new3_plus_eric_v1\trials\evelyn_Pull_019.npz,C:\Users\Prutha Pandit\cosmos_final_project\data\raw\session_20260726_154516
gesture_new3_plus_eric_v1,C:\Users\Prutha Pandit\cosmos_final_project\data\raw\session_20260726_154516,evelyn,Pull,20,507084.953000,507087.000000,2.047000,44,21.49,20,9.77,41,20.03,C:\Users\Prutha Pandit\cosmos_final_project\datasets\gesture_new3_plus_eric_v1\trials\evelyn_Pull_020.npz,C:\Users\Prutha Pandit\cosmos_final_project\data\raw\session_20260726_154516
gesture_new3_plus_eric_v1,C:\Users\Prutha Pandit\cosmos_final_project\data\raw\session_20260726_154516,evelyn,Clockwise,21,507092.593000,507094.640000,2.047000,43,21.01,21,10.26,41,20.03,C:\Users\Prutha Pandit\cosmos_final_project\datasets\gesture_new3_plus_eric_v1\trials\evelyn_Clockwise_021.npz,C:\Users\Prutha Pandit\cosmos_final_project\data\raw\session_20260726_154516
gesture_new3_plus_eric_v1,C:\Users\Prutha Pandit\cosmos_final_project\data\raw\session_20260726_154516,evelyn,Clockwise,22,507123.703000,507125.703000,2.000000,42,21.00,20,10.00,40,20.00,C:\Users\Prutha Pandit\cosmos_final_project\datasets\gesture_new3_plus_eric_v1\trials\evelyn_Clockwise_022.npz,C:\Users\Prutha Pandit\cosmos_final_project\data\raw\session_20260726_154516
gesture_new3_plus_eric_v1,C:\Users\Prutha Pandit\cosmos_final_project\data\raw\session_20260726_154516,evelyn,Clockwise,23,507128.281000,507130.375000,2.094000,45,21.49,21,10.03,43,20.53,C:\Users\Prutha Pandit\cosmos_final_project\datasets\gesture_new3_plus_eric_v1\trials\evelyn_Clockwise_023.npz,C:\Users\Prutha Pandit\cosmos_final_project\data\raw\session_20260726_154516
gesture_new3_plus_eric_v1,C:\Users\Prutha Pandit\cosmos_final_project\data\raw\session_20260726_154516,evelyn,Clockwise,24,507132.984000,507135.046000,2.062000,45,21.82,21,10.18,42,20.37,C:\Users\Prutha Pandit\cosmos_final_project\datasets\gesture_new3_plus_eric_v1\trials\evelyn_Clockwise_024.npz,C:\Users\Prutha Pandit\cosmos_final_project\data\raw\session_20260726_154516
gesture_new3_plus_eric_v1,C:\Users\Prutha Pandit\cosmos_final_project\data\raw\session_20260726_154516,evelyn,Clockwise,25,507138.000000,507140.093000,2.093000,45,21.50,21,10.03,42,20.07,C:\Users\Prutha Pandit\cosmos_final_project\datasets\gesture_new3_plus_eric_v1\trials\evelyn_Clockwise_025.npz,C:\Users\Prutha Pandit\cosmos_final_project\data\raw\session_20260726_154516
gesture_new3_plus_eric_v1,C:\Users\Prutha Pandit\cosmos_final_project\data\raw\session_20260726_154516,evelyn,Clockwise,26,507142.859000,507144.921000,2.062000,44,21.34,20,9.70,41,19.88,C:\Users\Prutha Pandit\cosmos_final_project\datasets\gesture_new3_plus_eric_v1\trials\evelyn_Clockwise_026.npz,C:\Users\Prutha Pandit\cosmos_final_project\data\raw\session_20260726_154516
gesture_new3_plus_eric_v1,C:\Users\Prutha Pandit\cosmos_final_project\data\raw\session_20260726_154516,evelyn,Clockwise,27,507148.125000,507150.187000,2.062000,43,20.85,21,10.18,42,20.37,C:\Users\Prutha Pandit\cosmos_final_project\datasets\gesture_new3_plus_eric_v1\trials\evelyn_Clockwise_027.npz,C:\Users\Prutha Pandit\cosmos_final_project\data\raw\session_20260726_154516
gesture_new3_plus_eric_v1,C:\Users\Prutha Pandit\cosmos_final_project\data\raw\session_20260726_154516,evelyn,Clockwise,28,507153.765000,507155.859000,2.094000,44,21.01,21,10.03,42,20.06,C:\Users\Prutha Pandit\cosmos_final_project\datasets\gesture_new3_plus_eric_v1\trials\evelyn_Clockwise_028.npz,C:\Users\Prutha Pandit\cosmos_final_project\data\raw\session_20260726_154516
gesture_new3_plus_eric_v1,C:\Users\Prutha Pandit\cosmos_final_project\data\raw\session_20260726_154516,evelyn,Clockwise,29,507158.562000,507160.625000,2.063000,43,20.84,20,9.69,42,20.36,C:\Users\Prutha Pandit\cosmos_final_project\datasets\gesture_new3_plus_eric_v1\trials\evelyn_Clockwise_029.npz,C:\Users\Prutha Pandit\cosmos_final_project\data\raw\session_20260726_154516
gesture_new3_plus_eric_v1,C:\Users\Prutha Pandit\cosmos_final_project\data\raw\session_20260726_154516,evelyn,Clockwise,30,507164.078000,507166.156000,2.078000,44,21.17,21,10.11,42,20.21,C:\Users\Prutha Pandit\cosmos_final_project\datasets\gesture_new3_plus_eric_v1\trials\evelyn_Clockwise_030.npz,C:\Users\Prutha Pandit\cosmos_final_project\data\raw\session_20260726_154516
gesture_new3_plus_eric_v1,C:\Users\Prutha Pandit\cosmos_final_project\data\raw\session_20260726_154516,evelyn,Anti-clockwise,31,507201.390000,507203.406000,2.016000,43,21.33,20,9.92,40,19.84,C:\Users\Prutha Pandit\cosmos_final_project\datasets\gesture_new3_plus_eric_v1\trials\evelyn_Anti-clockwise_031.npz,C:\Users\Prutha Pandit\cosmos_final_project\data\raw\session_20260726_154516
gesture_new3_plus_eric_v1,C:\Users\Prutha Pandit\cosmos_final_project\data\raw\session_20260726_154516,evelyn,Anti-clockwise,32,507205.984000,507208.046000,2.062000,44,21.34,21,10.18,42,20.37,C:\Users\Prutha Pandit\cosmos_final_project\datasets\gesture_new3_plus_eric_v1\trials\evelyn_Anti-clockwise_032.npz,C:\Users\Prutha Pandit\cosmos_final_project\data\raw\session_20260726_154516
gesture_new3_plus_eric_v1,C:\Users\Prutha Pandit\cosmos_final_project\data\raw\session_20260726_154516,evelyn,Anti-clockwise,33,507210.484000,507212.531000,2.047000,44,21.49,20,9.77,42,20.52,C:\Users\Prutha Pandit\cosmos_final_project\datasets\gesture_new3_plus_eric_v1\trials\evelyn_Anti-clockwise_033.npz,C:\Users\Prutha Pandit\cosmos_final_project\data\raw\session_20260726_154516
gesture_new3_plus_eric_v1,C:\Users\Prutha Pandit\cosmos_final_project\data\raw\session_20260726_154516,evelyn,Anti-clockwise,34,507214.921000,507216.968000,2.047000,43,21.01,21,10.26,41,20.03,C:\Users\Prutha Pandit\cosmos_final_project\datasets\gesture_new3_plus_eric_v1\trials\evelyn_Anti-clockwise_034.npz,C:\Users\Prutha Pandit\cosmos_final_project\data\raw\session_20260726_154516
gesture_new3_plus_eric_v1,C:\Users\Prutha Pandit\cosmos_final_project\data\raw\session_20260726_154516,evelyn,Anti-clockwise,35,507219.203000,507221.281000,2.078000,44,21.17,21,10.11,42,20.21,C:\Users\Prutha Pandit\cosmos_final_project\datasets\gesture_new3_plus_eric_v1\trials\evelyn_Anti-clockwise_035.npz,C:\Users\Prutha Pandit\cosmos_final_project\data\raw\session_20260726_154516
gesture_new3_plus_eric_v1,C:\Users\Prutha Pandit\cosmos_final_project\data\raw\session_20260726_154516,evelyn,Anti-clockwise,36,507223.656000,507225.687000,2.031000,43,21.17,20,9.85,41,20.19,C:\Users\Prutha Pandit\cosmos_final_project\datasets\gesture_new3_plus_eric_v1\trials\evelyn_Anti-clockwise_036.npz,C:\Users\Prutha Pandit\cosmos_final_project\data\raw\session_20260726_154516
gesture_new3_plus_eric_v1,C:\Users\Prutha Pandit\cosmos_final_project\data\raw\session_20260726_154516,evelyn,Anti-clockwise,37,507228.906000,507230.968000,2.062000,42,20.37,21,10.18,41,19.88,C:\Users\Prutha Pandit\cosmos_final_project\datasets\gesture_new3_plus_eric_v1\trials\evelyn_Anti-clockwise_037.npz,C:\Users\Prutha Pandit\cosmos_final_project\data\raw\session_20260726_154516
gesture_new3_plus_eric_v1,C:\Users\Prutha Pandit\cosmos_final_project\data\raw\session_20260726_154516,evelyn,Anti-clockwise,38,507233.734000,507235.796000,2.062000,43,20.85,21,10.18,42,20.37,C:\Users\Prutha Pandit\cosmos_final_project\datasets\gesture_new3_plus_eric_v1\trials\evelyn_Anti-clockwise_038.npz,C:\Users\Prutha Pandit\cosmos_final_project\data\raw\session_20260726_154516
gesture_new3_plus_eric_v1,C:\Users\Prutha Pandit\cosmos_final_project\data\raw\session_20260726_154516,evelyn,Anti-clockwise,39,507238.296000,507240.296000,2.000000,42,21.00,20,10.00,40,20.00,C:\Users\Prutha Pandit\cosmos_final_project\datasets\gesture_new3_plus_eric_v1\trials\evelyn_Anti-clockwise_039.npz,C:\Users\Prutha Pandit\cosmos_final_project\data\raw\session_20260726_154516
gesture_new3_plus_eric_v1,C:\Users\Prutha Pandit\cosmos_final_project\data\raw\session_20260726_154516,evelyn,Anti-clockwise,40,507242.703000,507244.812000,2.109000,44,20.86,21,9.96,42,19.91,C:\Users\Prutha Pandit\cosmos_final_project\datasets\gesture_new3_plus_eric_v1\trials\evelyn_Anti-clockwise_040.npz,C:\Users\Prutha Pandit\cosmos_final_project\data\raw\session_20260726_154516
gesture_new3_plus_eric_v1,C:\Users\Prutha Pandit\cosmos_final_project\data\raw\session_20260726_154516,evelyn,Right,41,507255.296000,507257.390000,2.094000,45,21.49,21,10.03,42,20.06,C:\Users\Prutha Pandit\cosmos_final_project\datasets\gesture_new3_plus_eric_v1\trials\evelyn_Right_041.npz,C:\Users\Prutha Pandit\cosmos_final_project\data\raw\session_20260726_154516
gesture_new3_plus_eric_v1,C:\Users\Prutha Pandit\cosmos_final_project\data\raw\session_20260726_154516,evelyn,Right,42,507276.250000,507278.250000,2.000000,43,21.50,20,10.00,40,20.00,C:\Users\Prutha Pandit\cosmos_final_project\datasets\gesture_new3_plus_eric_v1\trials\evelyn_Right_042.npz,C:\Users\Prutha Pandit\cosmos_final_project\data\raw\session_20260726_154516
gesture_new3_plus_eric_v1,C:\Users\Prutha Pandit\cosmos_final_project\data\raw\session_20260726_154516,evelyn,Right,43,507281.906000,507283.937000,2.031000,43,21.17,21,10.34,41,20.19,C:\Users\Prutha Pandit\cosmos_final_project\datasets\gesture_new3_plus_eric_v1\trials\evelyn_Right_043.npz,C:\Users\Prutha Pandit\cosmos_final_project\data\raw\session_20260726_154516
gesture_new3_plus_eric_v1,C:\Users\Prutha Pandit\cosmos_final_project\data\raw\session_20260726_154516,evelyn,Right,44,507286.968000,507289.000000,2.032000,44,21.65,20,9.84,41,20.18,C:\Users\Prutha Pandit\cosmos_final_project\datasets\gesture_new3_plus_eric_v1\trials\evelyn_Right_044.npz,C:\Users\Prutha Pandit\cosmos_final_project\data\raw\session_20260726_154516
gesture_new3_plus_eric_v1,C:\Users\Prutha Pandit\cosmos_final_project\data\raw\session_20260726_154516,evelyn,Right,45,507292.906000,507294.984000,2.078000,44,21.17,21,10.11,42,20.21,C:\Users\Prutha Pandit\cosmos_final_project\datasets\gesture_new3_plus_eric_v1\trials\evelyn_Right_045.npz,C:\Users\Prutha Pandit\cosmos_final_project\data\raw\session_20260726_154516
gesture_new3_plus_eric_v1,C:\Users\Prutha Pandit\cosmos_final_project\data\raw\session_20260726_154516,evelyn,Right,46,507298.890000,507300.937000,2.047000,43,21.01,21,10.26,41,20.03,C:\Users\Prutha Pandit\cosmos_final_project\datasets\gesture_new3_plus_eric_v1\trials\evelyn_Right_046.npz,C:\Users\Prutha Pandit\cosmos_final_project\data\raw\session_20260726_154516
gesture_new3_plus_eric_v1,C:\Users\Prutha Pandit\cosmos_final_project\data\raw\session_20260726_154516,evelyn,Right,47,507305.500000,507307.593000,2.093000,45,21.50,21,10.03,42,20.07,C:\Users\Prutha Pandit\cosmos_final_project\datasets\gesture_new3_plus_eric_v1\trials\evelyn_Right_047.npz,C:\Users\Prutha Pandit\cosmos_final_project\data\raw\session_20260726_154516
gesture_new3_plus_eric_v1,C:\Users\Prutha Pandit\cosmos_final_project\data\raw\session_20260726_154516,evelyn,Right,48,507310.953000,507313.015000,2.062000,44,21.34,20,9.70,41,19.88,C:\Users\Prutha Pandit\cosmos_final_project\datasets\gesture_new3_plus_eric_v1\trials\evelyn_Right_048.npz,C:\Users\Prutha Pandit\cosmos_final_project\data\raw\session_20260726_154516
gesture_new3_plus_eric_v1,C:\Users\Prutha Pandit\cosmos_final_project\data\raw\session_20260726_154516,evelyn,Right,49,507316.703000,507318.703000,2.000000,43,21.50,20,10.00,40,20.00,C:\Users\Prutha Pandit\cosmos_final_project\datasets\gesture_new3_plus_eric_v1\trials\evelyn_Right_049.npz,C:\Users\Prutha Pandit\cosmos_final_project\data\raw\session_20260726_154516
gesture_new3_plus_eric_v1,C:\Users\Prutha Pandit\cosmos_final_project\data\raw\session_20260726_154516,evelyn,Right,50,507323.390000,507325.468000,2.078000,43,20.69,20,9.62,41,19.73,C:\Users\Prutha Pandit\cosmos_final_project\datasets\gesture_new3_plus_eric_v1\trials\evelyn_Right_050.npz,C:\Users\Prutha Pandit\cosmos_final_project\data\raw\session_20260726_154516
gesture_new3_plus_eric_v1,C:\Users\Prutha Pandit\cosmos_final_project\data\raw\session_20260726_154516,evelyn,Left,51,507331.609000,507333.703000,2.094000,44,21.01,21,10.03,42,20.06,C:\Users\Prutha Pandit\cosmos_final_project\datasets\gesture_new3_plus_eric_v1\trials\evelyn_Left_051.npz,C:\Users\Prutha Pandit\cosmos_final_project\data\raw\session_20260726_154516
gesture_new3_plus_eric_v1,C:\Users\Prutha Pandit\cosmos_final_project\data\raw\session_20260726_154516,evelyn,Left,52,507339.906000,507341.984000,2.078000,44,21.17,21,10.11,42,20.21,C:\Users\Prutha Pandit\cosmos_final_project\datasets\gesture_new3_plus_eric_v1\trials\evelyn_Left_052.npz,C:\Users\Prutha Pandit\cosmos_final_project\data\raw\session_20260726_154516
gesture_new3_plus_eric_v1,C:\Users\Prutha Pandit\cosmos_final_project\data\raw\session_20260726_154516,evelyn,Left,53,507359.515000,507361.609000,2.094000,45,21.49,20,9.55,42,20.06,C:\Users\Prutha Pandit\cosmos_final_project\datasets\gesture_new3_plus_eric_v1\trials\evelyn_Left_053.npz,C:\Users\Prutha Pandit\cosmos_final_project\data\raw\session_20260726_154516
gesture_new3_plus_eric_v1,C:\Users\Prutha Pandit\cosmos_final_project\data\raw\session_20260726_154516,evelyn,Left,54,507365.156000,507367.250000,2.094000,43,20.53,21,10.03,42,20.06,C:\Users\Prutha Pandit\cosmos_final_project\datasets\gesture_new3_plus_eric_v1\trials\evelyn_Left_054.npz,C:\Users\Prutha Pandit\cosmos_final_project\data\raw\session_20260726_154516
gesture_new3_plus_eric_v1,C:\Users\Prutha Pandit\cosmos_final_project\data\raw\session_20260726_154516,evelyn,Left,55,507370.781000,507372.875000,2.094000,44,21.01,21,10.03,43,20.53,C:\Users\Prutha Pandit\cosmos_final_project\datasets\gesture_new3_plus_eric_v1\trials\evelyn_Left_055.npz,C:\Users\Prutha Pandit\cosmos_final_project\data\raw\session_20260726_154516
gesture_new3_plus_eric_v1,C:\Users\Prutha Pandit\cosmos_final_project\data\raw\session_20260726_154516,evelyn,Left,56,507380.453000,507382.500000,2.047000,43,21.01,20,9.77,41,20.03,C:\Users\Prutha Pandit\cosmos_final_project\datasets\gesture_new3_plus_eric_v1\trials\evelyn_Left_056.npz,C:\Users\Prutha Pandit\cosmos_final_project\data\raw\session_20260726_154516
gesture_new3_plus_eric_v1,C:\Users\Prutha Pandit\cosmos_final_project\data\raw\session_20260726_154516,evelyn,Left,57,507387.500000,507389.578000,2.078000,44,21.17,21,10.11,42,20.21,C:\Users\Prutha Pandit\cosmos_final_project\datasets\gesture_new3_plus_eric_v1\trials\evelyn_Left_057.npz,C:\Users\Prutha Pandit\cosmos_final_project\data\raw\session_20260726_154516
gesture_new3_plus_eric_v1,C:\Users\Prutha Pandit\cosmos_final_project\data\raw\session_20260726_154516,evelyn,Left,58,507398.796000,507400.843000,2.047000,44,21.49,21,10.26,41,20.03,C:\Users\Prutha Pandit\cosmos_final_project\datasets\gesture_new3_plus_eric_v1\trials\evelyn_Left_058.npz,C:\Users\Prutha Pandit\cosmos_final_project\data\raw\session_20260726_154516
gesture_new3_plus_eric_v1,C:\Users\Prutha Pandit\cosmos_final_project\data\raw\session_20260726_154516,evelyn,Left,59,507405.421000,507407.421000,2.000000,43,21.50,20,10.00,41,20.50,C:\Users\Prutha Pandit\cosmos_final_project\datasets\gesture_new3_plus_eric_v1\trials\evelyn_Left_059.npz,C:\Users\Prutha Pandit\cosmos_final_project\data\raw\session_20260726_154516
gesture_new3_plus_eric_v1,C:\Users\Prutha Pandit\cosmos_final_project\data\raw\session_20260726_154516,evelyn,Left,60,507412.328000,507414.421000,2.093000,45,21.50,21,10.03,43,20.54,C:\Users\Prutha Pandit\cosmos_final_project\datasets\gesture_new3_plus_eric_v1\trials\evelyn_Left_060.npz,C:\Users\Prutha Pandit\cosmos_final_project\data\raw\session_20260726_154516
gesture_new3_plus_eric_v1,C:\Users\Prutha Pandit\cosmos_final_project\data\raw\session_20260726_154516,evelyn,Bye-Bye,61,507422.359000,507424.421000,2.062000,44,21.34,20,9.70,42,20.37,C:\Users\Prutha Pandit\cosmos_final_project\datasets\gesture_new3_plus_eric_v1\trials\evelyn_Bye-Bye_061.npz,C:\Users\Prutha Pandit\cosmos_final_project\data\raw\session_20260726_154516
gesture_new3_plus_eric_v1,C:\Users\Prutha Pandit\cosmos_final_project\data\raw\session_20260726_154516,evelyn,Bye-Bye,62,507427.562000,507429.671000,2.109000,45,21.34,21,9.96,43,20.39,C:\Users\Prutha Pandit\cosmos_final_project\datasets\gesture_new3_plus_eric_v1\trials\evelyn_Bye-Bye_062.npz,C:\Users\Prutha Pandit\cosmos_final_project\data\raw\session_20260726_154516
gesture_new3_plus_eric_v1,C:\Users\Prutha Pandit\cosmos_final_project\data\raw\session_20260726_154516,evelyn,Bye-Bye,63,507431.281000,507433.312000,2.031000,43,21.17,20,9.85,40,19.69,C:\Users\Prutha Pandit\cosmos_final_project\datasets\gesture_new3_plus_eric_v1\trials\evelyn_Bye-Bye_063.npz,C:\Users\Prutha Pandit\cosmos_final_project\data\raw\session_20260726_154516
gesture_new3_plus_eric_v1,C:\Users\Prutha Pandit\cosmos_final_project\data\raw\session_20260726_154516,evelyn,Bye-Bye,64,507434.984000,507437.078000,2.094000,44,21.01,21,10.03,42,20.06,C:\Users\Prutha Pandit\cosmos_final_project\datasets\gesture_new3_plus_eric_v1\trials\evelyn_Bye-Bye_064.npz,C:\Users\Prutha Pandit\cosmos_final_project\data\raw\session_20260726_154516
gesture_new3_plus_eric_v1,C:\Users\Prutha Pandit\cosmos_final_project\data\raw\session_20260726_154516,evelyn,Bye-Bye,65,507438.796000,507440.843000,2.047000,44,21.49,21,10.26,41,20.03,C:\Users\Prutha Pandit\cosmos_final_project\datasets\gesture_new3_plus_eric_v1\trials\evelyn_Bye-Bye_065.npz,C:\Users\Prutha Pandit\cosmos_final_project\data\raw\session_20260726_154516
gesture_new3_plus_eric_v1,C:\Users\Prutha Pandit\cosmos_final_project\data\raw\session_20260726_154516,evelyn,Bye-Bye,66,507442.609000,507444.718000,2.109000,45,21.34,21,9.96,43,20.39,C:\Users\Prutha Pandit\cosmos_final_project\datasets\gesture_new3_plus_eric_v1\trials\evelyn_Bye-Bye_066.npz,C:\Users\Prutha Pandit\cosmos_final_project\data\raw\session_20260726_154516
gesture_new3_plus_eric_v1,C:\Users\Prutha Pandit\cosmos_final_project\data\raw\session_20260726_154516,evelyn,Bye-Bye,67,507446.750000,507448.843000,2.093000,45,21.50,21,10.03,42,20.07,C:\Users\Prutha Pandit\cosmos_final_project\datasets\gesture_new3_plus_eric_v1\trials\evelyn_Bye-Bye_067.npz,C:\Users\Prutha Pandit\cosmos_final_project\data\raw\session_20260726_154516
gesture_new3_plus_eric_v1,C:\Users\Prutha Pandit\cosmos_final_project\data\raw\session_20260726_154516,evelyn,Bye-Bye,68,507450.953000,507453.000000,2.047000,43,21.01,20,9.77,41,20.03,C:\Users\Prutha Pandit\cosmos_final_project\datasets\gesture_new3_plus_eric_v1\trials\evelyn_Bye-Bye_068.npz,C:\Users\Prutha Pandit\cosmos_final_project\data\raw\session_20260726_154516
gesture_new3_plus_eric_v1,C:\Users\Prutha Pandit\cosmos_final_project\data\raw\session_20260726_154516,evelyn,Bye-Bye,69,507455.234000,507457.312000,2.078000,44,21.17,21,10.11,41,19.73,C:\Users\Prutha Pandit\cosmos_final_project\datasets\gesture_new3_plus_eric_v1\trials\evelyn_Bye-Bye_069.npz,C:\Users\Prutha Pandit\cosmos_final_project\data\raw\session_20260726_154516
gesture_new3_plus_eric_v1,C:\Users\Prutha Pandit\cosmos_final_project\data\raw\session_20260726_154516,evelyn,Bye-Bye,70,507459.609000,507461.640000,2.031000,43,21.17,21,10.34,41,20.19,C:\Users\Prutha Pandit\cosmos_final_project\datasets\gesture_new3_plus_eric_v1\trials\evelyn_Bye-Bye_070.npz,C:\Users\Prutha Pandit\cosmos_final_project\data\raw\session_20260726_154516
gesture_new3_plus_eric_v1,C:\Users\Prutha Pandit\cosmos_final_project\data\raw\session_20260726_154516,evelyn,One-Arm Boxing,71,507477.593000,507479.593000,2.000000,42,21.00,20,10.00,40,20.00,C:\Users\Prutha Pandit\cosmos_final_project\datasets\gesture_new3_plus_eric_v1\trials\evelyn_One-Arm_Boxing_071.npz,C:\Users\Prutha Pandit\cosmos_final_project\data\raw\session_20260726_154516
gesture_new3_plus_eric_v1,C:\Users\Prutha Pandit\cosmos_final_project\data\raw\session_20260726_154516,evelyn,One-Arm Boxing,72,507484.109000,507486.171000,2.062000,43,20.85,21,10.18,42,20.37,C:\Users\Prutha Pandit\cosmos_final_project\datasets\gesture_new3_plus_eric_v1\trials\evelyn_One-Arm_Boxing_072.npz,C:\Users\Prutha Pandit\cosmos_final_project\data\raw\session_20260726_154516
gesture_new3_plus_eric_v1,C:\Users\Prutha Pandit\cosmos_final_project\data\raw\session_20260726_154516,evelyn,One-Arm Boxing,73,507488.921000,507491.015000,2.094000,44,21.01,21,10.03,42,20.06,C:\Users\Prutha Pandit\cosmos_final_project\datasets\gesture_new3_plus_eric_v1\trials\evelyn_One-Arm_Boxing_073.npz,C:\Users\Prutha Pandit\cosmos_final_project\data\raw\session_20260726_154516
gesture_new3_plus_eric_v1,C:\Users\Prutha Pandit\cosmos_final_project\data\raw\session_20260726_154516,evelyn,One-Arm Boxing,74,507494.015000,507496.062000,2.047000,44,21.49,21,10.26,41,20.03,C:\Users\Prutha Pandit\cosmos_final_project\datasets\gesture_new3_plus_eric_v1\trials\evelyn_One-Arm_Boxing_074.npz,C:\Users\Prutha Pandit\cosmos_final_project\data\raw\session_20260726_154516
gesture_new3_plus_eric_v1,C:\Users\Prutha Pandit\cosmos_final_project\data\raw\session_20260726_154516,evelyn,One-Arm Boxing,75,507498.906000,507500.937000,2.031000,42,20.68,21,10.34,41,20.19,C:\Users\Prutha Pandit\cosmos_final_project\datasets\gesture_new3_plus_eric_v1\trials\evelyn_One-Arm_Boxing_075.npz,C:\Users\Prutha Pandit\cosmos_final_project\data\raw\session_20260726_154516
gesture_new3_plus_eric_v1,C:\Users\Prutha Pandit\cosmos_final_project\data\raw\session_20260726_154516,evelyn,One-Arm Boxing,76,507503.843000,507505.921000,2.078000,44,21.17,21,10.11,42,20.21,C:\Users\Prutha Pandit\cosmos_final_project\datasets\gesture_new3_plus_eric_v1\trials\evelyn_One-Arm_Boxing_076.npz,C:\Users\Prutha Pandit\cosmos_final_project\data\raw\session_20260726_154516
gesture_new3_plus_eric_v1,C:\Users\Prutha Pandit\cosmos_final_project\data\raw\session_20260726_154516,evelyn,One-Arm Boxing,77,507509.375000,507511.437000,2.062000,43,20.85,21,10.18,42,20.37,C:\Users\Prutha Pandit\cosmos_final_project\datasets\gesture_new3_plus_eric_v1\trials\evelyn_One-Arm_Boxing_077.npz,C:\Users\Prutha Pandit\cosmos_final_project\data\raw\session_20260726_154516
gesture_new3_plus_eric_v1,C:\Users\Prutha Pandit\cosmos_final_project\data\raw\session_20260726_154516,evelyn,One-Arm Boxing,78,507515.250000,507517.328000,2.078000,43,20.69,20,9.62,42,20.21,C:\Users\Prutha Pandit\cosmos_final_project\datasets\gesture_new3_plus_eric_v1\trials\evelyn_One-Arm_Boxing_078.npz,C:\Users\Prutha Pandit\cosmos_final_project\data\raw\session_20260726_154516
gesture_new3_plus_eric_v1,C:\Users\Prutha Pandit\cosmos_final_project\data\raw\session_20260726_154516,evelyn,One-Arm Boxing,79,507520.296000,507522.343000,2.047000,43,21.01,21,10.26,41,20.03,C:\Users\Prutha Pandit\cosmos_final_project\datasets\gesture_new3_plus_eric_v1\trials\evelyn_One-Arm_Boxing_079.npz,C:\Users\Prutha Pandit\cosmos_final_project\data\raw\session_20260726_154516
gesture_new3_plus_eric_v1,C:\Users\Prutha Pandit\cosmos_final_project\data\raw\session_20260726_154516,evelyn,One-Arm Boxing,80,507525.609000,507527.703000,2.094000,44,21.01,21,10.03,42,20.06,C:\Users\Prutha Pandit\cosmos_final_project\datasets\gesture_new3_plus_eric_v1\trials\evelyn_One-Arm_Boxing_080.npz,C:\Users\Prutha Pandit\cosmos_final_project\data\raw\session_20260726_154516
gesture_new3_plus_eric_v1,C:\Users\Prutha Pandit\cosmos_final_project\data\raw\session_20260726_154516,evelyn,Clapping,81,507533.703000,507535.781000,2.078000,44,21.17,21,10.11,42,20.21,C:\Users\Prutha Pandit\cosmos_final_project\datasets\gesture_new3_plus_eric_v1\trials\evelyn_Clapping_081.npz,C:\Users\Prutha Pandit\cosmos_final_project\data\raw\session_20260726_154516
gesture_new3_plus_eric_v1,C:\Users\Prutha Pandit\cosmos_final_project\data\raw\session_20260726_154516,evelyn,Clapping,82,507537.500000,507539.578000,2.078000,45,21.66,21,10.11,42,20.21,C:\Users\Prutha Pandit\cosmos_final_project\datasets\gesture_new3_plus_eric_v1\trials\evelyn_Clapping_082.npz,C:\Users\Prutha Pandit\cosmos_final_project\data\raw\session_20260726_154516
gesture_new3_plus_eric_v1,C:\Users\Prutha Pandit\cosmos_final_project\data\raw\session_20260726_154516,evelyn,Clapping,83,507541.125000,507543.203000,2.078000,45,21.66,21,10.11,42,20.21,C:\Users\Prutha Pandit\cosmos_final_project\datasets\gesture_new3_plus_eric_v1\trials\evelyn_Clapping_083.npz,C:\Users\Prutha Pandit\cosmos_final_project\data\raw\session_20260726_154516
gesture_new3_plus_eric_v1,C:\Users\Prutha Pandit\cosmos_final_project\data\raw\session_20260726_154516,evelyn,Clapping,84,507545.437000,507547.468000,2.031000,43,21.17,21,10.34,41,20.19,C:\Users\Prutha Pandit\cosmos_final_project\datasets\gesture_new3_plus_eric_v1\trials\evelyn_Clapping_084.npz,C:\Users\Prutha Pandit\cosmos_final_project\data\raw\session_20260726_154516
gesture_new3_plus_eric_v1,C:\Users\Prutha Pandit\cosmos_final_project\data\raw\session_20260726_154516,evelyn,Clapping,85,507548.546000,507550.656000,2.110000,45,21.33,21,9.95,42,19.91,C:\Users\Prutha Pandit\cosmos_final_project\datasets\gesture_new3_plus_eric_v1\trials\evelyn_Clapping_085.npz,C:\Users\Prutha Pandit\cosmos_final_project\data\raw\session_20260726_154516
gesture_new3_plus_eric_v1,C:\Users\Prutha Pandit\cosmos_final_project\data\raw\session_20260726_154516,evelyn,Clapping,86,507551.875000,507553.890000,2.015000,43,21.34,20,9.93,41,20.35,C:\Users\Prutha Pandit\cosmos_final_project\datasets\gesture_new3_plus_eric_v1\trials\evelyn_Clapping_086.npz,C:\Users\Prutha Pandit\cosmos_final_project\data\raw\session_20260726_154516
gesture_new3_plus_eric_v1,C:\Users\Prutha Pandit\cosmos_final_project\data\raw\session_20260726_154516,evelyn,Clapping,87,507556.406000,507558.468000,2.062000,44,21.34,21,10.18,42,20.37,C:\Users\Prutha Pandit\cosmos_final_project\datasets\gesture_new3_plus_eric_v1\trials\evelyn_Clapping_087.npz,C:\Users\Prutha Pandit\cosmos_final_project\data\raw\session_20260726_154516
gesture_new3_plus_eric_v1,C:\Users\Prutha Pandit\cosmos_final_project\data\raw\session_20260726_154516,evelyn,Clapping,88,507559.578000,507561.640000,2.062000,44,21.34,21,10.18,42,20.37,C:\Users\Prutha Pandit\cosmos_final_project\datasets\gesture_new3_plus_eric_v1\trials\evelyn_Clapping_088.npz,C:\Users\Prutha Pandit\cosmos_final_project\data\raw\session_20260726_154516
gesture_new3_plus_eric_v1,C:\Users\Prutha Pandit\cosmos_final_project\data\raw\session_20260726_154516,evelyn,Clapping,89,507563.125000,507565.171000,2.046000,44,21.51,21,10.26,42,20.53,C:\Users\Prutha Pandit\cosmos_final_project\datasets\gesture_new3_plus_eric_v1\trials\evelyn_Clapping_089.npz,C:\Users\Prutha Pandit\cosmos_final_project\data\raw\session_20260726_154516
gesture_new3_plus_eric_v1,C:\Users\Prutha Pandit\cosmos_final_project\data\raw\session_20260726_154516,evelyn,Clapping,90,507570.734000,507572.781000,2.047000,44,21.49,21,10.26,41,20.03,C:\Users\Prutha Pandit\cosmos_final_project\datasets\gesture_new3_plus_eric_v1\trials\evelyn_Clapping_090.npz,C:\Users\Prutha Pandit\cosmos_final_project\data\raw\session_20260726_154516
gesture_new3_plus_eric_v1,C:\Users\Prutha Pandit\cosmos_final_project\data\raw\session_20260726_154516,evelyn,Two-Arm Boxing,91,507580.765000,507582.828000,2.063000,44,21.33,20,9.69,42,20.36,C:\Users\Prutha Pandit\cosmos_final_project\datasets\gesture_new3_plus_eric_v1\trials\evelyn_Two-Arm_Boxing_091.npz,C:\Users\Prutha Pandit\cosmos_final_project\data\raw\session_20260726_154516
gesture_new3_plus_eric_v1,C:\Users\Prutha Pandit\cosmos_final_project\data\raw\session_20260726_154516,evelyn,Two-Arm Boxing,92,507599.000000,507601.093000,2.093000,44,21.02,21,10.03,42,20.07,C:\Users\Prutha Pandit\cosmos_final_project\datasets\gesture_new3_plus_eric_v1\trials\evelyn_Two-Arm_Boxing_092.npz,C:\Users\Prutha Pandit\cosmos_final_project\data\raw\session_20260726_154516
gesture_new3_plus_eric_v1,C:\Users\Prutha Pandit\cosmos_final_project\data\raw\session_20260726_154516,evelyn,Two-Arm Boxing,93,507605.593000,507607.671000,2.078000,44,21.17,21,10.11,42,20.21,C:\Users\Prutha Pandit\cosmos_final_project\datasets\gesture_new3_plus_eric_v1\trials\evelyn_Two-Arm_Boxing_093.npz,C:\Users\Prutha Pandit\cosmos_final_project\data\raw\session_20260726_154516
gesture_new3_plus_eric_v1,C:\Users\Prutha Pandit\cosmos_final_project\data\raw\session_20260726_154516,evelyn,Two-Arm Boxing,94,507610.375000,507612.453000,2.078000,44,21.17,21,10.11,42,20.21,C:\Users\Prutha Pandit\cosmos_final_project\datasets\gesture_new3_plus_eric_v1\trials\evelyn_Two-Arm_Boxing_094.npz,C:\Users\Prutha Pandit\cosmos_final_project\data\raw\session_20260726_154516
gesture_new3_plus_eric_v1,C:\Users\Prutha Pandit\cosmos_final_project\data\raw\session_20260726_154516,evelyn,Two-Arm Boxing,95,507615.187000,507617.281000,2.094000,44,21.01,21,10.03,42,20.06,C:\Users\Prutha Pandit\cosmos_final_project\datasets\gesture_new3_plus_eric_v1\trials\evelyn_Two-Arm_Boxing_095.npz,C:\Users\Prutha Pandit\cosmos_final_project\data\raw\session_20260726_154516
gesture_new3_plus_eric_v1,C:\Users\Prutha Pandit\cosmos_final_project\data\raw\session_20260726_154516,evelyn,Two-Arm Boxing,96,507620.203000,507622.250000,2.047000,43,21.01,21,10.26,41,20.03,C:\Users\Prutha Pandit\cosmos_final_project\datasets\gesture_new3_plus_eric_v1\trials\evelyn_Two-Arm_Boxing_096.npz,C:\Users\Prutha Pandit\cosmos_final_project\data\raw\session_20260726_154516
gesture_new3_plus_eric_v1,C:\Users\Prutha Pandit\cosmos_final_project\data\raw\session_20260726_154516,evelyn,Two-Arm Boxing,97,507625.312000,507627.375000,2.063000,43,20.84,21,10.18,42,20.36,C:\Users\Prutha Pandit\cosmos_final_project\datasets\gesture_new3_plus_eric_v1\trials\evelyn_Two-Arm_Boxing_097.npz,C:\Users\Prutha Pandit\cosmos_final_project\data\raw\session_20260726_154516
gesture_new3_plus_eric_v1,C:\Users\Prutha Pandit\cosmos_final_project\data\raw\session_20260726_154516,evelyn,Two-Arm Boxing,98,507630.546000,507632.625000,2.079000,45,21.65,21,10.10,42,20.20,C:\Users\Prutha Pandit\cosmos_final_project\datasets\gesture_new3_plus_eric_v1\trials\evelyn_Two-Arm_Boxing_098.npz,C:\Users\Prutha Pandit\cosmos_final_project\data\raw\session_20260726_154516
gesture_new3_plus_eric_v1,C:\Users\Prutha Pandit\cosmos_final_project\data\raw\session_20260726_154516,evelyn,Two-Arm Boxing,99,507637.031000,507639.109000,2.078000,44,21.17,21,10.11,41,19.73,C:\Users\Prutha Pandit\cosmos_final_project\datasets\gesture_new3_plus_eric_v1\trials\evelyn_Two-Arm_Boxing_099.npz,C:\Users\Prutha Pandit\cosmos_final_project\data\raw\session_20260726_154516
gesture_new3_plus_eric_v1,C:\Users\Prutha Pandit\cosmos_final_project\data\raw\session_20260726_154516,evelyn,Two-Arm Boxing,100,507643.015000,507645.046000,2.031000,43,21.17,21,10.34,41,20.19,C:\Users\Prutha Pandit\cosmos_final_project\datasets\gesture_new3_plus_eric_v1\trials\evelyn_Two-Arm_Boxing_100.npz,C:\Users\Prutha Pandit\cosmos_final_project\data\raw\session_20260726_154516
gesture_new3_plus_eric_v1,C:\Users\Prutha Pandit\cosmos_final_project\data\raw\session_20260726_154516,evelyn,T-Arm,101,507653.234000,507655.281000,2.047000,44,21.49,21,10.26,41,20.03,C:\Users\Prutha Pandit\cosmos_final_project\datasets\gesture_new3_plus_eric_v1\trials\evelyn_T-Arm_101.npz,C:\Users\Prutha Pandit\cosmos_final_project\data\raw\session_20260726_154516
gesture_new3_plus_eric_v1,C:\Users\Prutha Pandit\cosmos_final_project\data\raw\session_20260726_154516,evelyn,T-Arm,102,507658.390000,507660.484000,2.094000,44,21.01,21,10.03,42,20.06,C:\Users\Prutha Pandit\cosmos_final_project\datasets\gesture_new3_plus_eric_v1\trials\evelyn_T-Arm_102.npz,C:\Users\Prutha Pandit\cosmos_final_project\data\raw\session_20260726_154516
gesture_new3_plus_eric_v1,C:\Users\Prutha Pandit\cosmos_final_project\data\raw\session_20260726_154516,evelyn,T-Arm,103,507664.625000,507666.687000,2.062000,44,21.34,21,10.18,42,20.37,C:\Users\Prutha Pandit\cosmos_final_project\datasets\gesture_new3_plus_eric_v1\trials\evelyn_T-Arm_103.npz,C:\Users\Prutha Pandit\cosmos_final_project\data\raw\session_20260726_154516
gesture_new3_plus_eric_v1,C:\Users\Prutha Pandit\cosmos_final_project\data\raw\session_20260726_154516,evelyn,T-Arm,104,507669.640000,507671.703000,2.063000,44,21.33,21,10.18,41,19.87,C:\Users\Prutha Pandit\cosmos_final_project\datasets\gesture_new3_plus_eric_v1\trials\evelyn_T-Arm_104.npz,C:\Users\Prutha Pandit\cosmos_final_project\data\raw\session_20260726_154516
gesture_new3_plus_eric_v1,C:\Users\Prutha Pandit\cosmos_final_project\data\raw\session_20260726_154516,evelyn,T-Arm,105,507674.718000,507676.781000,2.063000,45,21.81,21,10.18,42,20.36,C:\Users\Prutha Pandit\cosmos_final_project\datasets\gesture_new3_plus_eric_v1\trials\evelyn_T-Arm_105.npz,C:\Users\Prutha Pandit\cosmos_final_project\data\raw\session_20260726_154516
gesture_new3_plus_eric_v1,C:\Users\Prutha Pandit\cosmos_final_project\data\raw\session_20260726_154516,evelyn,T-Arm,106,507680.031000,507682.078000,2.047000,43,21.01,21,10.26,41,20.03,C:\Users\Prutha Pandit\cosmos_final_project\datasets\gesture_new3_plus_eric_v1\trials\evelyn_T-Arm_106.npz,C:\Users\Prutha Pandit\cosmos_final_project\data\raw\session_20260726_154516
gesture_new3_plus_eric_v1,C:\Users\Prutha Pandit\cosmos_final_project\data\raw\session_20260726_154516,evelyn,T-Arm,107,507685.250000,507687.296000,2.046000,44,21.51,21,10.26,41,20.04,C:\Users\Prutha Pandit\cosmos_final_project\datasets\gesture_new3_plus_eric_v1\trials\evelyn_T-Arm_107.npz,C:\Users\Prutha Pandit\cosmos_final_project\data\raw\session_20260726_154516
gesture_new3_plus_eric_v1,C:\Users\Prutha Pandit\cosmos_final_project\data\raw\session_20260726_154516,evelyn,T-Arm,108,507689.953000,507692.031000,2.078000,44,21.17,20,9.62,42,20.21,C:\Users\Prutha Pandit\cosmos_final_project\datasets\gesture_new3_plus_eric_v1\trials\evelyn_T-Arm_108.npz,C:\Users\Prutha Pandit\cosmos_final_project\data\raw\session_20260726_154516
gesture_new3_plus_eric_v1,C:\Users\Prutha Pandit\cosmos_final_project\data\raw\session_20260726_154516,evelyn,T-Arm,109,507694.953000,507697.031000,2.078000,45,21.66,20,9.62,42,20.21,C:\Users\Prutha Pandit\cosmos_final_project\datasets\gesture_new3_plus_eric_v1\trials\evelyn_T-Arm_109.npz,C:\Users\Prutha Pandit\cosmos_final_project\data\raw\session_20260726_154516
gesture_new3_plus_eric_v1,C:\Users\Prutha Pandit\cosmos_final_project\data\raw\session_20260726_154516,evelyn,T-Arm,110,507700.234000,507702.312000,2.078000,44,21.17,21,10.11,41,19.73,C:\Users\Prutha Pandit\cosmos_final_project\datasets\gesture_new3_plus_eric_v1\trials\evelyn_T-Arm_110.npz,C:\Users\Prutha Pandit\cosmos_final_project\data\raw\session_20260726_154516
gesture_new3_plus_eric_v1,C:\Users\Prutha Pandit\cosmos_final_project\data\raw\session_20260726_154516,evelyn,Raise Arms,111,507731.515000,507733.578000,2.063000,44,21.33,21,10.18,42,20.36,C:\Users\Prutha Pandit\cosmos_final_project\datasets\gesture_new3_plus_eric_v1\trials\evelyn_Raise_Arms_111.npz,C:\Users\Prutha Pandit\cosmos_final_project\data\raw\session_20260726_154516
gesture_new3_plus_eric_v1,C:\Users\Prutha Pandit\cosmos_final_project\data\raw\session_20260726_154516,evelyn,Raise Arms,112,507737.171000,507739.234000,2.063000,44,21.33,20,9.69,42,20.36,C:\Users\Prutha Pandit\cosmos_final_project\datasets\gesture_new3_plus_eric_v1\trials\evelyn_Raise_Arms_112.npz,C:\Users\Prutha Pandit\cosmos_final_project\data\raw\session_20260726_154516
gesture_new3_plus_eric_v1,C:\Users\Prutha Pandit\cosmos_final_project\data\raw\session_20260726_154516,evelyn,Raise Arms,113,507742.437000,507744.500000,2.063000,43,20.84,21,10.18,41,19.87,C:\Users\Prutha Pandit\cosmos_final_project\datasets\gesture_new3_plus_eric_v1\trials\evelyn_Raise_Arms_113.npz,C:\Users\Prutha Pandit\cosmos_final_project\data\raw\session_20260726_154516
gesture_new3_plus_eric_v1,C:\Users\Prutha Pandit\cosmos_final_project\data\raw\session_20260726_154516,evelyn,Raise Arms,114,507748.093000,507750.171000,2.078000,44,21.17,21,10.11,42,20.21,C:\Users\Prutha Pandit\cosmos_final_project\datasets\gesture_new3_plus_eric_v1\trials\evelyn_Raise_Arms_114.npz,C:\Users\Prutha Pandit\cosmos_final_project\data\raw\session_20260726_154516
gesture_new3_plus_eric_v1,C:\Users\Prutha Pandit\cosmos_final_project\data\raw\session_20260726_154516,evelyn,Raise Arms,115,507753.578000,507755.656000,2.078000,44,21.17,21,10.11,42,20.21,C:\Users\Prutha Pandit\cosmos_final_project\datasets\gesture_new3_plus_eric_v1\trials\evelyn_Raise_Arms_115.npz,C:\Users\Prutha Pandit\cosmos_final_project\data\raw\session_20260726_154516
gesture_new3_plus_eric_v1,C:\Users\Prutha Pandit\cosmos_final_project\data\raw\session_20260726_154516,evelyn,Raise Arms,116,507758.953000,507761.015000,2.062000,44,21.34,20,9.70,42,20.37,C:\Users\Prutha Pandit\cosmos_final_project\datasets\gesture_new3_plus_eric_v1\trials\evelyn_Raise_Arms_116.npz,C:\Users\Prutha Pandit\cosmos_final_project\data\raw\session_20260726_154516
gesture_new3_plus_eric_v1,C:\Users\Prutha Pandit\cosmos_final_project\data\raw\session_20260726_154516,evelyn,Raise Arms,117,507764.453000,507766.453000,2.000000,43,21.50,20,10.00,40,20.00,C:\Users\Prutha Pandit\cosmos_final_project\datasets\gesture_new3_plus_eric_v1\trials\evelyn_Raise_Arms_117.npz,C:\Users\Prutha Pandit\cosmos_final_project\data\raw\session_20260726_154516
gesture_new3_plus_eric_v1,C:\Users\Prutha Pandit\cosmos_final_project\data\raw\session_20260726_154516,evelyn,Raise Arms,118,507771.687000,507773.718000,2.031000,43,21.17,20,9.85,41,20.19,C:\Users\Prutha Pandit\cosmos_final_project\datasets\gesture_new3_plus_eric_v1\trials\evelyn_Raise_Arms_118.npz,C:\Users\Prutha Pandit\cosmos_final_project\data\raw\session_20260726_154516
gesture_new3_plus_eric_v1,C:\Users\Prutha Pandit\cosmos_final_project\data\raw\session_20260726_154516,evelyn,Raise Arms,119,507777.234000,507779.234000,2.000000,42,21.00,20,10.00,40,20.00,C:\Users\Prutha Pandit\cosmos_final_project\datasets\gesture_new3_plus_eric_v1\trials\evelyn_Raise_Arms_119.npz,C:\Users\Prutha Pandit\cosmos_final_project\data\raw\session_20260726_154516
gesture_new3_plus_eric_v1,C:\Users\Prutha Pandit\cosmos_final_project\data\raw\session_20260726_154516,evelyn,Raise Arms,120,507784.859000,507786.921000,2.062000,44,21.34,20,9.70,42,20.37,C:\Users\Prutha Pandit\cosmos_final_project\datasets\gesture_new3_plus_eric_v1\trials\evelyn_Raise_Arms_120.npz,C:\Users\Prutha Pandit\cosmos_final_project\data\raw\session_20260726_154516
gesture_new3_plus_eric_v1,C:\Users\Prutha Pandit\cosmos_final_project\data\raw\session_20260726_154516,evelyn,Soli,121,507815.765000,507817.843000,2.078000,43,20.69,20,9.62,42,20.21,C:\Users\Prutha Pandit\cosmos_final_project\datasets\gesture_new3_plus_eric_v1\trials\evelyn_Soli_121.npz,C:\Users\Prutha Pandit\cosmos_final_project\data\raw\session_20260726_154516
gesture_new3_plus_eric_v1,C:\Users\Prutha Pandit\cosmos_final_project\data\raw\session_20260726_154516,evelyn,Soli,122,507821.625000,507823.687000,2.062000,45,21.82,21,10.18,42,20.37,C:\Users\Prutha Pandit\cosmos_final_project\datasets\gesture_new3_plus_eric_v1\trials\evelyn_Soli_122.npz,C:\Users\Prutha Pandit\cosmos_final_project\data\raw\session_20260726_154516
gesture_new3_plus_eric_v1,C:\Users\Prutha Pandit\cosmos_final_project\data\raw\session_20260726_154516,evelyn,Soli,123,507825.968000,507828.062000,2.094000,44,21.01,21,10.03,42,20.06,C:\Users\Prutha Pandit\cosmos_final_project\datasets\gesture_new3_plus_eric_v1\trials\evelyn_Soli_123.npz,C:\Users\Prutha Pandit\cosmos_final_project\data\raw\session_20260726_154516
gesture_new3_plus_eric_v1,C:\Users\Prutha Pandit\cosmos_final_project\data\raw\session_20260726_154516,evelyn,Soli,124,507830.562000,507832.640000,2.078000,44,21.17,21,10.11,42,20.21,C:\Users\Prutha Pandit\cosmos_final_project\datasets\gesture_new3_plus_eric_v1\trials\evelyn_Soli_124.npz,C:\Users\Prutha Pandit\cosmos_final_project\data\raw\session_20260726_154516
gesture_new3_plus_eric_v1,C:\Users\Prutha Pandit\cosmos_final_project\data\raw\session_20260726_154516,evelyn,Soli,125,507835.734000,507837.796000,2.062000,44,21.34,21,10.18,41,19.88,C:\Users\Prutha Pandit\cosmos_final_project\datasets\gesture_new3_plus_eric_v1\trials\evelyn_Soli_125.npz,C:\Users\Prutha Pandit\cosmos_final_project\data\raw\session_20260726_154516
gesture_new3_plus_eric_v1,C:\Users\Prutha Pandit\cosmos_final_project\data\raw\session_20260726_154516,evelyn,Soli,126,507840.234000,507842.281000,2.047000,42,20.52,21,10.26,41,20.03,C:\Users\Prutha Pandit\cosmos_final_project\datasets\gesture_new3_plus_eric_v1\trials\evelyn_Soli_126.npz,C:\Users\Prutha Pandit\cosmos_final_project\data\raw\session_20260726_154516
gesture_new3_plus_eric_v1,C:\Users\Prutha Pandit\cosmos_final_project\data\raw\session_20260726_154516,evelyn,Soli,127,507843.890000,507845.953000,2.063000,44,21.33,21,10.18,41,19.87,C:\Users\Prutha Pandit\cosmos_final_project\datasets\gesture_new3_plus_eric_v1\trials\evelyn_Soli_127.npz,C:\Users\Prutha Pandit\cosmos_final_project\data\raw\session_20260726_154516
gesture_new3_plus_eric_v1,C:\Users\Prutha Pandit\cosmos_final_project\data\raw\session_20260726_154516,evelyn,Soli,128,507847.250000,507849.281000,2.031000,44,21.66,21,10.34,41,20.19,C:\Users\Prutha Pandit\cosmos_final_project\datasets\gesture_new3_plus_eric_v1\trials\evelyn_Soli_128.npz,C:\Users\Prutha Pandit\cosmos_final_project\data\raw\session_20260726_154516
gesture_new3_plus_eric_v1,C:\Users\Prutha Pandit\cosmos_final_project\data\raw\session_20260726_154516,evelyn,Soli,129,507850.984000,507853.062000,2.078000,44,21.17,21,10.11,42,20.21,C:\Users\Prutha Pandit\cosmos_final_project\datasets\gesture_new3_plus_eric_v1\trials\evelyn_Soli_129.npz,C:\Users\Prutha Pandit\cosmos_final_project\data\raw\session_20260726_154516
gesture_new3_plus_eric_v1,C:\Users\Prutha Pandit\cosmos_final_project\data\raw\session_20260726_154516,evelyn,Soli,130,507855.296000,507857.359000,2.063000,44,21.33,21,10.18,41,19.87,C:\Users\Prutha Pandit\cosmos_final_project\datasets\gesture_new3_plus_eric_v1\trials\evelyn_Soli_130.npz,C:\Users\Prutha Pandit\cosmos_final_project\data\raw\session_20260726_154516
gesture_new3_plus_eric_v1,C:\Users\Prutha Pandit\cosmos_final_project\data\raw\session_20260726_154516,evelyn,Making Fist and Open,131,507894.046000,507896.093000,2.047000,43,21.01,20,9.77,41,20.03,C:\Users\Prutha Pandit\cosmos_final_project\datasets\gesture_new3_plus_eric_v1\trials\evelyn_Making_Fist_and_Open_131.npz,C:\Users\Prutha Pandit\cosmos_final_project\data\raw\session_20260726_154516
gesture_new3_plus_eric_v1,C:\Users\Prutha Pandit\cosmos_final_project\data\raw\session_20260726_154516,evelyn,Making Fist and Open,132,507898.593000,507900.687000,2.094000,45,21.49,21,10.03,42,20.06,C:\Users\Prutha Pandit\cosmos_final_project\datasets\gesture_new3_plus_eric_v1\trials\evelyn_Making_Fist_and_Open_132.npz,C:\Users\Prutha Pandit\cosmos_final_project\data\raw\session_20260726_154516
gesture_new3_plus_eric_v1,C:\Users\Prutha Pandit\cosmos_final_project\data\raw\session_20260726_154516,evelyn,Making Fist and Open,133,507903.000000,507905.093000,2.093000,44,21.02,21,10.03,42,20.07,C:\Users\Prutha Pandit\cosmos_final_project\datasets\gesture_new3_plus_eric_v1\trials\evelyn_Making_Fist_and_Open_133.npz,C:\Users\Prutha Pandit\cosmos_final_project\data\raw\session_20260726_154516
gesture_new3_plus_eric_v1,C:\Users\Prutha Pandit\cosmos_final_project\data\raw\session_20260726_154516,evelyn,Making Fist and Open,134,507910.625000,507912.703000,2.078000,44,21.17,21,10.11,41,19.73,C:\Users\Prutha Pandit\cosmos_final_project\datasets\gesture_new3_plus_eric_v1\trials\evelyn_Making_Fist_and_Open_134.npz,C:\Users\Prutha Pandit\cosmos_final_project\data\raw\session_20260726_154516
gesture_new3_plus_eric_v1,C:\Users\Prutha Pandit\cosmos_final_project\data\raw\session_20260726_154516,evelyn,Making Fist and Open,135,507915.156000,507917.203000,2.047000,44,21.49,20,9.77,41,20.03,C:\Users\Prutha Pandit\cosmos_final_project\datasets\gesture_new3_plus_eric_v1\trials\evelyn_Making_Fist_and_Open_135.npz,C:\Users\Prutha Pandit\cosmos_final_project\data\raw\session_20260726_154516
gesture_new3_plus_eric_v1,C:\Users\Prutha Pandit\cosmos_final_project\data\raw\session_20260726_154516,evelyn,Making Fist and Open,136,507919.703000,507921.734000,2.031000,43,21.17,20,9.85,41,20.19,C:\Users\Prutha Pandit\cosmos_final_project\datasets\gesture_new3_plus_eric_v1\trials\evelyn_Making_Fist_and_Open_136.npz,C:\Users\Prutha Pandit\cosmos_final_project\data\raw\session_20260726_154516
gesture_new3_plus_eric_v1,C:\Users\Prutha Pandit\cosmos_final_project\data\raw\session_20260726_154516,evelyn,Making Fist and Open,137,507988.296000,507990.390000,2.094000,44,21.01,21,10.03,42,20.06,C:\Users\Prutha Pandit\cosmos_final_project\datasets\gesture_new3_plus_eric_v1\trials\evelyn_Making_Fist_and_Open_137.npz,C:\Users\Prutha Pandit\cosmos_final_project\data\raw\session_20260726_154516
gesture_new3_plus_eric_v1,C:\Users\Prutha Pandit\cosmos_final_project\data\raw\session_20260726_154516,evelyn,Making Fist and Open,138,507993.968000,507996.000000,2.032000,44,21.65,20,9.84,41,20.18,C:\Users\Prutha Pandit\cosmos_final_project\datasets\gesture_new3_plus_eric_v1\trials\evelyn_Making_Fist_and_Open_138.npz,C:\Users\Prutha Pandit\cosmos_final_project\data\raw\session_20260726_154516
gesture_new3_plus_eric_v1,C:\Users\Prutha Pandit\cosmos_final_project\data\raw\session_20260726_154516,evelyn,Making Fist and Open,139,507998.562000,508000.640000,2.078000,44,21.17,21,10.11,42,20.21,C:\Users\Prutha Pandit\cosmos_final_project\datasets\gesture_new3_plus_eric_v1\trials\evelyn_Making_Fist_and_Open_139.npz,C:\Users\Prutha Pandit\cosmos_final_project\data\raw\session_20260726_154516
gesture_new3_plus_eric_v1,C:\Users\Prutha Pandit\cosmos_final_project\data\raw\session_20260726_154516,evelyn,Making Fist and Open,140,508003.562000,508005.625000,2.063000,44,21.33,20,9.69,42,20.36,C:\Users\Prutha Pandit\cosmos_final_project\datasets\gesture_new3_plus_eric_v1\trials\evelyn_Making_Fist_and_Open_140.npz,C:\Users\Prutha Pandit\cosmos_final_project\data\raw\session_20260726_154516
gesture_new3_plus_eric_v1,C:\Users\Prutha Pandit\cosmos_final_project\data\raw\session_20260726_154516,evelyn,Palm Up-Down,141,508014.500000,508016.562000,2.062000,43,20.85,21,10.18,41,19.88,C:\Users\Prutha Pandit\cosmos_final_project\datasets\gesture_new3_plus_eric_v1\trials\evelyn_Palm_Up-Down_141.npz,C:\Users\Prutha Pandit\cosmos_final_project\data\raw\session_20260726_154516
gesture_new3_plus_eric_v1,C:\Users\Prutha Pandit\cosmos_final_project\data\raw\session_20260726_154516,evelyn,Palm Up-Down,142,508039.921000,508041.953000,2.032000,43,21.16,21,10.33,41,20.18,C:\Users\Prutha Pandit\cosmos_final_project\datasets\gesture_new3_plus_eric_v1\trials\evelyn_Palm_Up-Down_142.npz,C:\Users\Prutha Pandit\cosmos_final_project\data\raw\session_20260726_154516
gesture_new3_plus_eric_v1,C:\Users\Prutha Pandit\cosmos_final_project\data\raw\session_20260726_154516,evelyn,Palm Up-Down,143,508046.437000,508048.515000,2.078000,44,21.17,21,10.11,42,20.21,C:\Users\Prutha Pandit\cosmos_final_project\datasets\gesture_new3_plus_eric_v1\trials\evelyn_Palm_Up-Down_143.npz,C:\Users\Prutha Pandit\cosmos_final_project\data\raw\session_20260726_154516
gesture_new3_plus_eric_v1,C:\Users\Prutha Pandit\cosmos_final_project\data\raw\session_20260726_154516,evelyn,Palm Up-Down,144,508066.234000,508068.328000,2.094000,44,21.01,21,10.03,42,20.06,C:\Users\Prutha Pandit\cosmos_final_project\datasets\gesture_new3_plus_eric_v1\trials\evelyn_Palm_Up-Down_144.npz,C:\Users\Prutha Pandit\cosmos_final_project\data\raw\session_20260726_154516
gesture_new3_plus_eric_v1,C:\Users\Prutha Pandit\cosmos_final_project\data\raw\session_20260726_154516,evelyn,Palm Up-Down,145,508075.031000,508077.109000,2.078000,44,21.17,21,10.11,41,19.73,C:\Users\Prutha Pandit\cosmos_final_project\datasets\gesture_new3_plus_eric_v1\trials\evelyn_Palm_Up-Down_145.npz,C:\Users\Prutha Pandit\cosmos_final_project\data\raw\session_20260726_154516
gesture_new3_plus_eric_v1,C:\Users\Prutha Pandit\cosmos_final_project\data\raw\session_20260726_154516,evelyn,Palm Up-Down,146,508105.296000,508107.359000,2.063000,43,20.84,21,10.18,42,20.36,C:\Users\Prutha Pandit\cosmos_final_project\datasets\gesture_new3_plus_eric_v1\trials\evelyn_Palm_Up-Down_146.npz,C:\Users\Prutha Pandit\cosmos_final_project\data\raw\session_20260726_154516
gesture_new3_plus_eric_v1,C:\Users\Prutha Pandit\cosmos_final_project\data\raw\session_20260726_154516,evelyn,Palm Up-Down,147,508119.953000,508122.015000,2.062000,44,21.34,21,10.18,42,20.37,C:\Users\Prutha Pandit\cosmos_final_project\datasets\gesture_new3_plus_eric_v1\trials\evelyn_Palm_Up-Down_147.npz,C:\Users\Prutha Pandit\cosmos_final_project\data\raw\session_20260726_154516
gesture_new3_plus_eric_v1,C:\Users\Prutha Pandit\cosmos_final_project\data\raw\session_20260726_154516,evelyn,Palm Up-Down,148,508126.015000,508128.046000,2.031000,43,21.17,21,10.34,41,20.19,C:\Users\Prutha Pandit\cosmos_final_project\datasets\gesture_new3_plus_eric_v1\trials\evelyn_Palm_Up-Down_148.npz,C:\Users\Prutha Pandit\cosmos_final_project\data\raw\session_20260726_154516
gesture_new3_plus_eric_v1,C:\Users\Prutha Pandit\cosmos_final_project\data\raw\session_20260726_154516,evelyn,Palm Up-Down,149,508165.734000,508167.781000,2.047000,43,21.01,21,10.26,41,20.03,C:\Users\Prutha Pandit\cosmos_final_project\datasets\gesture_new3_plus_eric_v1\trials\evelyn_Palm_Up-Down_149.npz,C:\Users\Prutha Pandit\cosmos_final_project\data\raw\session_20260726_154516
gesture_new3_plus_eric_v1,C:\Users\Prutha Pandit\cosmos_final_project\data\raw\session_20260726_154516,evelyn,Palm Up-Down,150,508171.546000,508173.609000,2.063000,44,21.33,21,10.18,42,20.36,C:\Users\Prutha Pandit\cosmos_final_project\datasets\gesture_new3_plus_eric_v1\trials\evelyn_Palm_Up-Down_150.npz,C:\Users\Prutha Pandit\cosmos_final_project\data\raw\session_20260726_154516
gesture_new3_plus_eric_v1,C:\Users\Prutha Pandit\cosmos_final_project\data\raw\session_20260726_161036,shanmu,Push,1,508479.859000,508481.953000,2.094000,44,21.01,21,10.03,42,20.06,C:\Users\Prutha Pandit\cosmos_final_project\datasets\gesture_new3_plus_eric_v1\trials\shanmu_Push_001.npz,C:\Users\Prutha Pandit\cosmos_final_project\data\raw\session_20260726_161036
gesture_new3_plus_eric_v1,C:\Users\Prutha Pandit\cosmos_final_project\data\raw\session_20260726_161036,shanmu,Push,2,508491.078000,508493.156000,2.078000,44,21.17,21,10.11,42,20.21,C:\Users\Prutha Pandit\cosmos_final_project\datasets\gesture_new3_plus_eric_v1\trials\shanmu_Push_002.npz,C:\Users\Prutha Pandit\cosmos_final_project\data\raw\session_20260726_161036
gesture_new3_plus_eric_v1,C:\Users\Prutha Pandit\cosmos_final_project\data\raw\session_20260726_161036,shanmu,Push,3,508497.140000,508499.203000,2.063000,44,21.33,21,10.18,42,20.36,C:\Users\Prutha Pandit\cosmos_final_project\datasets\gesture_new3_plus_eric_v1\trials\shanmu_Push_003.npz,C:\Users\Prutha Pandit\cosmos_final_project\data\raw\session_20260726_161036
gesture_new3_plus_eric_v1,C:\Users\Prutha Pandit\cosmos_final_project\data\raw\session_20260726_161036,shanmu,Push,4,508503.125000,508505.203000,2.078000,44,21.17,21,10.11,42,20.21,C:\Users\Prutha Pandit\cosmos_final_project\datasets\gesture_new3_plus_eric_v1\trials\shanmu_Push_004.npz,C:\Users\Prutha Pandit\cosmos_final_project\data\raw\session_20260726_161036
gesture_new3_plus_eric_v1,C:\Users\Prutha Pandit\cosmos_final_project\data\raw\session_20260726_161036,shanmu,Push,5,508509.046000,508511.093000,2.047000,44,21.49,21,10.26,40,19.54,C:\Users\Prutha Pandit\cosmos_final_project\datasets\gesture_new3_plus_eric_v1\trials\shanmu_Push_005.npz,C:\Users\Prutha Pandit\cosmos_final_project\data\raw\session_20260726_161036
gesture_new3_plus_eric_v1,C:\Users\Prutha Pandit\cosmos_final_project\data\raw\session_20260726_161036,shanmu,Push,6,508513.640000,508515.671000,2.031000,43,21.17,21,10.34,41,20.19,C:\Users\Prutha Pandit\cosmos_final_project\datasets\gesture_new3_plus_eric_v1\trials\shanmu_Push_006.npz,C:\Users\Prutha Pandit\cosmos_final_project\data\raw\session_20260726_161036
gesture_new3_plus_eric_v1,C:\Users\Prutha Pandit\cosmos_final_project\data\raw\session_20260726_161036,shanmu,Push,7,508518.984000,508521.031000,2.047000,44,21.49,20,9.77,41,20.03,C:\Users\Prutha Pandit\cosmos_final_project\datasets\gesture_new3_plus_eric_v1\trials\shanmu_Push_007.npz,C:\Users\Prutha Pandit\cosmos_final_project\data\raw\session_20260726_161036
gesture_new3_plus_eric_v1,C:\Users\Prutha Pandit\cosmos_final_project\data\raw\session_20260726_161036,shanmu,Push,8,508524.046000,508526.093000,2.047000,43,21.01,20,9.77,41,20.03,C:\Users\Prutha Pandit\cosmos_final_project\datasets\gesture_new3_plus_eric_v1\trials\shanmu_Push_008.npz,C:\Users\Prutha Pandit\cosmos_final_project\data\raw\session_20260726_161036
gesture_new3_plus_eric_v1,C:\Users\Prutha Pandit\cosmos_final_project\data\raw\session_20260726_161036,shanmu,Push,9,508528.906000,508530.953000,2.047000,44,21.49,21,10.26,41,20.03,C:\Users\Prutha Pandit\cosmos_final_project\datasets\gesture_new3_plus_eric_v1\trials\shanmu_Push_009.npz,C:\Users\Prutha Pandit\cosmos_final_project\data\raw\session_20260726_161036
gesture_new3_plus_eric_v1,C:\Users\Prutha Pandit\cosmos_final_project\data\raw\session_20260726_161036,shanmu,Push,10,508533.703000,508535.750000,2.047000,44,21.49,21,10.26,41,20.03,C:\Users\Prutha Pandit\cosmos_final_project\datasets\gesture_new3_plus_eric_v1\trials\shanmu_Push_010.npz,C:\Users\Prutha Pandit\cosmos_final_project\data\raw\session_20260726_161036
gesture_new3_plus_eric_v1,C:\Users\Prutha Pandit\cosmos_final_project\data\raw\session_20260726_161036,shanmu,Pull,11,508542.359000,508544.437000,2.078000,44,21.17,20,9.62,42,20.21,C:\Users\Prutha Pandit\cosmos_final_project\datasets\gesture_new3_plus_eric_v1\trials\shanmu_Pull_011.npz,C:\Users\Prutha Pandit\cosmos_final_project\data\raw\session_20260726_161036
gesture_new3_plus_eric_v1,C:\Users\Prutha Pandit\cosmos_final_project\data\raw\session_20260726_161036,shanmu,Pull,12,508547.734000,508549.828000,2.094000,45,21.49,21,10.03,43,20.53,C:\Users\Prutha Pandit\cosmos_final_project\datasets\gesture_new3_plus_eric_v1\trials\shanmu_Pull_012.npz,C:\Users\Prutha Pandit\cosmos_final_project\data\raw\session_20260726_161036
gesture_new3_plus_eric_v1,C:\Users\Prutha Pandit\cosmos_final_project\data\raw\session_20260726_161036,shanmu,Pull,13,508552.609000,508554.640000,2.031000,43,21.17,21,10.34,41,20.19,C:\Users\Prutha Pandit\cosmos_final_project\datasets\gesture_new3_plus_eric_v1\trials\shanmu_Pull_013.npz,C:\Users\Prutha Pandit\cosmos_final_project\data\raw\session_20260726_161036
gesture_new3_plus_eric_v1,C:\Users\Prutha Pandit\cosmos_final_project\data\raw\session_20260726_161036,shanmu,Pull,14,508557.546000,508559.578000,2.032000,42,20.67,21,10.33,41,20.18,C:\Users\Prutha Pandit\cosmos_final_project\datasets\gesture_new3_plus_eric_v1\trials\shanmu_Pull_014.npz,C:\Users\Prutha Pandit\cosmos_final_project\data\raw\session_20260726_161036
gesture_new3_plus_eric_v1,C:\Users\Prutha Pandit\cosmos_final_project\data\raw\session_20260726_161036,shanmu,Pull,15,508562.500000,508564.546000,2.046000,44,21.51,21,10.26,41,20.04,C:\Users\Prutha Pandit\cosmos_final_project\datasets\gesture_new3_plus_eric_v1\trials\shanmu_Pull_015.npz,C:\Users\Prutha Pandit\cosmos_final_project\data\raw\session_20260726_161036
gesture_new3_plus_eric_v1,C:\Users\Prutha Pandit\cosmos_final_project\data\raw\session_20260726_161036,shanmu,Pull,16,508567.687000,508569.750000,2.063000,43,20.84,21,10.18,42,20.36,C:\Users\Prutha Pandit\cosmos_final_project\datasets\gesture_new3_plus_eric_v1\trials\shanmu_Pull_016.npz,C:\Users\Prutha Pandit\cosmos_final_project\data\raw\session_20260726_161036
gesture_new3_plus_eric_v1,C:\Users\Prutha Pandit\cosmos_final_project\data\raw\session_20260726_161036,shanmu,Pull,17,508572.562000,508574.625000,2.063000,43,20.84,20,9.69,42,20.36,C:\Users\Prutha Pandit\cosmos_final_project\datasets\gesture_new3_plus_eric_v1\trials\shanmu_Pull_017.npz,C:\Users\Prutha Pandit\cosmos_final_project\data\raw\session_20260726_161036
gesture_new3_plus_eric_v1,C:\Users\Prutha Pandit\cosmos_final_project\data\raw\session_20260726_161036,shanmu,Pull,18,508577.546000,508579.593000,2.047000,43,21.01,21,10.26,41,20.03,C:\Users\Prutha Pandit\cosmos_final_project\datasets\gesture_new3_plus_eric_v1\trials\shanmu_Pull_018.npz,C:\Users\Prutha Pandit\cosmos_final_project\data\raw\session_20260726_161036
gesture_new3_plus_eric_v1,C:\Users\Prutha Pandit\cosmos_final_project\data\raw\session_20260726_161036,shanmu,Pull,19,508582.328000,508584.390000,2.062000,43,20.85,21,10.18,42,20.37,C:\Users\Prutha Pandit\cosmos_final_project\datasets\gesture_new3_plus_eric_v1\trials\shanmu_Pull_019.npz,C:\Users\Prutha Pandit\cosmos_final_project\data\raw\session_20260726_161036
gesture_new3_plus_eric_v1,C:\Users\Prutha Pandit\cosmos_final_project\data\raw\session_20260726_161036,shanmu,Pull,20,508587.218000,508589.265000,2.047000,44,21.49,21,10.26,41,20.03,C:\Users\Prutha Pandit\cosmos_final_project\datasets\gesture_new3_plus_eric_v1\trials\shanmu_Pull_020.npz,C:\Users\Prutha Pandit\cosmos_final_project\data\raw\session_20260726_161036
gesture_new3_plus_eric_v1,C:\Users\Prutha Pandit\cosmos_final_project\data\raw\session_20260726_161036,shanmu,Clockwise,21,508600.171000,508602.265000,2.094000,44,21.01,21,10.03,42,20.06,C:\Users\Prutha Pandit\cosmos_final_project\datasets\gesture_new3_plus_eric_v1\trials\shanmu_Clockwise_021.npz,C:\Users\Prutha Pandit\cosmos_final_project\data\raw\session_20260726_161036
gesture_new3_plus_eric_v1,C:\Users\Prutha Pandit\cosmos_final_project\data\raw\session_20260726_161036,shanmu,Clockwise,22,508605.984000,508608.031000,2.047000,43,21.01,21,10.26,42,20.52,C:\Users\Prutha Pandit\cosmos_final_project\datasets\gesture_new3_plus_eric_v1\trials\shanmu_Clockwise_022.npz,C:\Users\Prutha Pandit\cosmos_final_project\data\raw\session_20260726_161036
gesture_new3_plus_eric_v1,C:\Users\Prutha Pandit\cosmos_final_project\data\raw\session_20260726_161036,shanmu,Clockwise,23,508611.656000,508613.718000,2.062000,44,21.34,20,9.70,41,19.88,C:\Users\Prutha Pandit\cosmos_final_project\datasets\gesture_new3_plus_eric_v1\trials\shanmu_Clockwise_023.npz,C:\Users\Prutha Pandit\cosmos_final_project\data\raw\session_20260726_161036
gesture_new3_plus_eric_v1,C:\Users\Prutha Pandit\cosmos_final_project\data\raw\session_20260726_161036,shanmu,Clockwise,24,508618.500000,508620.593000,2.093000,44,21.02,21,10.03,42,20.07,C:\Users\Prutha Pandit\cosmos_final_project\datasets\gesture_new3_plus_eric_v1\trials\shanmu_Clockwise_024.npz,C:\Users\Prutha Pandit\cosmos_final_project\data\raw\session_20260726_161036
gesture_new3_plus_eric_v1,C:\Users\Prutha Pandit\cosmos_final_project\data\raw\session_20260726_161036,shanmu,Clockwise,25,508623.187000,508625.281000,2.094000,44,21.01,21,10.03,42,20.06,C:\Users\Prutha Pandit\cosmos_final_project\datasets\gesture_new3_plus_eric_v1\trials\shanmu_Clockwise_025.npz,C:\Users\Prutha Pandit\cosmos_final_project\data\raw\session_20260726_161036
gesture_new3_plus_eric_v1,C:\Users\Prutha Pandit\cosmos_final_project\data\raw\session_20260726_161036,shanmu,Clockwise,26,508627.468000,508629.531000,2.063000,44,21.33,20,9.69,42,20.36,C:\Users\Prutha Pandit\cosmos_final_project\datasets\gesture_new3_plus_eric_v1\trials\shanmu_Clockwise_026.npz,C:\Users\Prutha Pandit\cosmos_final_project\data\raw\session_20260726_161036
gesture_new3_plus_eric_v1,C:\Users\Prutha Pandit\cosmos_final_project\data\raw\session_20260726_161036,shanmu,Clockwise,27,508632.078000,508634.156000,2.078000,44,21.17,21,10.11,42,20.21,C:\Users\Prutha Pandit\cosmos_final_project\datasets\gesture_new3_plus_eric_v1\trials\shanmu_Clockwise_027.npz,C:\Users\Prutha Pandit\cosmos_final_project\data\raw\session_20260726_161036
gesture_new3_plus_eric_v1,C:\Users\Prutha Pandit\cosmos_final_project\data\raw\session_20260726_161036,shanmu,Clockwise,28,508638.250000,508640.296000,2.046000,43,21.02,21,10.26,41,20.04,C:\Users\Prutha Pandit\cosmos_final_project\datasets\gesture_new3_plus_eric_v1\trials\shanmu_Clockwise_028.npz,C:\Users\Prutha Pandit\cosmos_final_project\data\raw\session_20260726_161036
gesture_new3_plus_eric_v1,C:\Users\Prutha Pandit\cosmos_final_project\data\raw\session_20260726_161036,shanmu,Clockwise,29,508649.765000,508651.828000,2.063000,44,21.33,20,9.69,42,20.36,C:\Users\Prutha Pandit\cosmos_final_project\datasets\gesture_new3_plus_eric_v1\trials\shanmu_Clockwise_029.npz,C:\Users\Prutha Pandit\cosmos_final_project\data\raw\session_20260726_161036
gesture_new3_plus_eric_v1,C:\Users\Prutha Pandit\cosmos_final_project\data\raw\session_20260726_161036,shanmu,Clockwise,30,508657.328000,508659.375000,2.047000,44,21.49,21,10.26,41,20.03,C:\Users\Prutha Pandit\cosmos_final_project\datasets\gesture_new3_plus_eric_v1\trials\shanmu_Clockwise_030.npz,C:\Users\Prutha Pandit\cosmos_final_project\data\raw\session_20260726_161036
gesture_new3_plus_eric_v1,C:\Users\Prutha Pandit\cosmos_final_project\data\raw\session_20260726_161036,shanmu,Anti-clockwise,31,508666.218000,508668.312000,2.094000,44,21.01,21,10.03,42,20.06,C:\Users\Prutha Pandit\cosmos_final_project\datasets\gesture_new3_plus_eric_v1\trials\shanmu_Anti-clockwise_031.npz,C:\Users\Prutha Pandit\cosmos_final_project\data\raw\session_20260726_161036
gesture_new3_plus_eric_v1,C:\Users\Prutha Pandit\cosmos_final_project\data\raw\session_20260726_161036,shanmu,Anti-clockwise,32,508671.046000,508673.109000,2.063000,44,21.33,21,10.18,41,19.87,C:\Users\Prutha Pandit\cosmos_final_project\datasets\gesture_new3_plus_eric_v1\trials\shanmu_Anti-clockwise_032.npz,C:\Users\Prutha Pandit\cosmos_final_project\data\raw\session_20260726_161036
gesture_new3_plus_eric_v1,C:\Users\Prutha Pandit\cosmos_final_project\data\raw\session_20260726_161036,shanmu,Anti-clockwise,33,508675.406000,508677.421000,2.015000,43,21.34,19,9.43,40,19.85,C:\Users\Prutha Pandit\cosmos_final_project\datasets\gesture_new3_plus_eric_v1\trials\shanmu_Anti-clockwise_033.npz,C:\Users\Prutha Pandit\cosmos_final_project\data\raw\session_20260726_161036
gesture_new3_plus_eric_v1,C:\Users\Prutha Pandit\cosmos_final_project\data\raw\session_20260726_161036,shanmu,Anti-clockwise,34,508679.906000,508681.921000,2.015000,43,21.34,20,9.93,40,19.85,C:\Users\Prutha Pandit\cosmos_final_project\datasets\gesture_new3_plus_eric_v1\trials\shanmu_Anti-clockwise_034.npz,C:\Users\Prutha Pandit\cosmos_final_project\data\raw\session_20260726_161036
gesture_new3_plus_eric_v1,C:\Users\Prutha Pandit\cosmos_final_project\data\raw\session_20260726_161036,shanmu,Anti-clockwise,35,508684.265000,508686.328000,2.063000,43,20.84,20,9.69,42,20.36,C:\Users\Prutha Pandit\cosmos_final_project\datasets\gesture_new3_plus_eric_v1\trials\shanmu_Anti-clockwise_035.npz,C:\Users\Prutha Pandit\cosmos_final_project\data\raw\session_20260726_161036
gesture_new3_plus_eric_v1,C:\Users\Prutha Pandit\cosmos_final_project\data\raw\session_20260726_161036,shanmu,Anti-clockwise,36,508688.515000,508690.593000,2.078000,44,21.17,21,10.11,42,20.21,C:\Users\Prutha Pandit\cosmos_final_project\datasets\gesture_new3_plus_eric_v1\trials\shanmu_Anti-clockwise_036.npz,C:\Users\Prutha Pandit\cosmos_final_project\data\raw\session_20260726_161036
gesture_new3_plus_eric_v1,C:\Users\Prutha Pandit\cosmos_final_project\data\raw\session_20260726_161036,shanmu,Anti-clockwise,37,508693.078000,508695.171000,2.093000,44,21.02,21,10.03,42,20.07,C:\Users\Prutha Pandit\cosmos_final_project\datasets\gesture_new3_plus_eric_v1\trials\shanmu_Anti-clockwise_037.npz,C:\Users\Prutha Pandit\cosmos_final_project\data\raw\session_20260726_161036
gesture_new3_plus_eric_v1,C:\Users\Prutha Pandit\cosmos_final_project\data\raw\session_20260726_161036,shanmu,Anti-clockwise,38,508697.640000,508699.718000,2.078000,44,21.17,21,10.11,41,19.73,C:\Users\Prutha Pandit\cosmos_final_project\datasets\gesture_new3_plus_eric_v1\trials\shanmu_Anti-clockwise_038.npz,C:\Users\Prutha Pandit\cosmos_final_project\data\raw\session_20260726_161036
gesture_new3_plus_eric_v1,C:\Users\Prutha Pandit\cosmos_final_project\data\raw\session_20260726_161036,shanmu,Anti-clockwise,39,508706.640000,508708.718000,2.078000,44,21.17,21,10.11,41,19.73,C:\Users\Prutha Pandit\cosmos_final_project\datasets\gesture_new3_plus_eric_v1\trials\shanmu_Anti-clockwise_039.npz,C:\Users\Prutha Pandit\cosmos_final_project\data\raw\session_20260726_161036
gesture_new3_plus_eric_v1,C:\Users\Prutha Pandit\cosmos_final_project\data\raw\session_20260726_161036,shanmu,Anti-clockwise,40,508711.718000,508713.781000,2.063000,43,20.84,21,10.18,42,20.36,C:\Users\Prutha Pandit\cosmos_final_project\datasets\gesture_new3_plus_eric_v1\trials\shanmu_Anti-clockwise_040.npz,C:\Users\Prutha Pandit\cosmos_final_project\data\raw\session_20260726_161036
gesture_new3_plus_eric_v1,C:\Users\Prutha Pandit\cosmos_final_project\data\raw\session_20260726_161036,shanmu,Right,41,508724.796000,508726.843000,2.047000,43,21.01,21,10.26,41,20.03,C:\Users\Prutha Pandit\cosmos_final_project\datasets\gesture_new3_plus_eric_v1\trials\shanmu_Right_041.npz,C:\Users\Prutha Pandit\cosmos_final_project\data\raw\session_20260726_161036
gesture_new3_plus_eric_v1,C:\Users\Prutha Pandit\cosmos_final_project\data\raw\session_20260726_161036,shanmu,Right,42,508731.796000,508733.859000,2.063000,44,21.33,21,10.18,41,19.87,C:\Users\Prutha Pandit\cosmos_final_project\datasets\gesture_new3_plus_eric_v1\trials\shanmu_Right_042.npz,C:\Users\Prutha Pandit\cosmos_final_project\data\raw\session_20260726_161036
gesture_new3_plus_eric_v1,C:\Users\Prutha Pandit\cosmos_final_project\data\raw\session_20260726_161036,shanmu,Right,43,508736.515000,508738.609000,2.094000,44,21.01,21,10.03,42,20.06,C:\Users\Prutha Pandit\cosmos_final_project\datasets\gesture_new3_plus_eric_v1\trials\shanmu_Right_043.npz,C:\Users\Prutha Pandit\cosmos_final_project\data\raw\session_20260726_161036
gesture_new3_plus_eric_v1,C:\Users\Prutha Pandit\cosmos_final_project\data\raw\session_20260726_161036,shanmu,Right,44,508741.734000,508743.812000,2.078000,44,21.17,21,10.11,42,20.21,C:\Users\Prutha Pandit\cosmos_final_project\datasets\gesture_new3_plus_eric_v1\trials\shanmu_Right_044.npz,C:\Users\Prutha Pandit\cosmos_final_project\data\raw\session_20260726_161036
gesture_new3_plus_eric_v1,C:\Users\Prutha Pandit\cosmos_final_project\data\raw\session_20260726_161036,shanmu,Right,45,508747.296000,508749.375000,2.079000,43,20.68,21,10.10,42,20.20,C:\Users\Prutha Pandit\cosmos_final_project\datasets\gesture_new3_plus_eric_v1\trials\shanmu_Right_045.npz,C:\Users\Prutha Pandit\cosmos_final_project\data\raw\session_20260726_161036
gesture_new3_plus_eric_v1,C:\Users\Prutha Pandit\cosmos_final_project\data\raw\session_20260726_161036,shanmu,Right,46,508752.968000,508755.062000,2.094000,45,21.49,21,10.03,42,20.06,C:\Users\Prutha Pandit\cosmos_final_project\datasets\gesture_new3_plus_eric_v1\trials\shanmu_Right_046.npz,C:\Users\Prutha Pandit\cosmos_final_project\data\raw\session_20260726_161036
gesture_new3_plus_eric_v1,C:\Users\Prutha Pandit\cosmos_final_project\data\raw\session_20260726_161036,shanmu,Right,47,508758.312000,508760.390000,2.078000,44,21.17,21,10.11,42,20.21,C:\Users\Prutha Pandit\cosmos_final_project\datasets\gesture_new3_plus_eric_v1\trials\shanmu_Right_047.npz,C:\Users\Prutha Pandit\cosmos_final_project\data\raw\session_20260726_161036
gesture_new3_plus_eric_v1,C:\Users\Prutha Pandit\cosmos_final_project\data\raw\session_20260726_161036,shanmu,Right,48,508763.875000,508765.953000,2.078000,43,20.69,21,10.11,42,20.21,C:\Users\Prutha Pandit\cosmos_final_project\datasets\gesture_new3_plus_eric_v1\trials\shanmu_Right_048.npz,C:\Users\Prutha Pandit\cosmos_final_project\data\raw\session_20260726_161036
gesture_new3_plus_eric_v1,C:\Users\Prutha Pandit\cosmos_final_project\data\raw\session_20260726_161036,shanmu,Right,49,508770.078000,508772.156000,2.078000,45,21.66,21,10.11,42,20.21,C:\Users\Prutha Pandit\cosmos_final_project\datasets\gesture_new3_plus_eric_v1\trials\shanmu_Right_049.npz,C:\Users\Prutha Pandit\cosmos_final_project\data\raw\session_20260726_161036
gesture_new3_plus_eric_v1,C:\Users\Prutha Pandit\cosmos_final_project\data\raw\session_20260726_161036,shanmu,Right,50,508776.578000,508778.671000,2.093000,44,21.02,21,10.03,42,20.07,C:\Users\Prutha Pandit\cosmos_final_project\datasets\gesture_new3_plus_eric_v1\trials\shanmu_Right_050.npz,C:\Users\Prutha Pandit\cosmos_final_project\data\raw\session_20260726_161036
gesture_new3_plus_eric_v1,C:\Users\Prutha Pandit\cosmos_final_project\data\raw\session_20260726_161036,shanmu,Left,51,508789.828000,508791.906000,2.078000,45,21.66,21,10.11,42,20.21,C:\Users\Prutha Pandit\cosmos_final_project\datasets\gesture_new3_plus_eric_v1\trials\shanmu_Left_051.npz,C:\Users\Prutha Pandit\cosmos_final_project\data\raw\session_20260726_161036
gesture_new3_plus_eric_v1,C:\Users\Prutha Pandit\cosmos_final_project\data\raw\session_20260726_161036,shanmu,Left,52,508796.062000,508798.156000,2.094000,45,21.49,21,10.03,42,20.06,C:\Users\Prutha Pandit\cosmos_final_project\datasets\gesture_new3_plus_eric_v1\trials\shanmu_Left_052.npz,C:\Users\Prutha Pandit\cosmos_final_project\data\raw\session_20260726_161036
gesture_new3_plus_eric_v1,C:\Users\Prutha Pandit\cosmos_final_project\data\raw\session_20260726_161036,shanmu,Left,53,508803.031000,508805.078000,2.047000,44,21.49,21,10.26,41,20.03,C:\Users\Prutha Pandit\cosmos_final_project\datasets\gesture_new3_plus_eric_v1\trials\shanmu_Left_053.npz,C:\Users\Prutha Pandit\cosmos_final_project\data\raw\session_20260726_161036
gesture_new3_plus_eric_v1,C:\Users\Prutha Pandit\cosmos_final_project\data\raw\session_20260726_161036,shanmu,Left,54,508808.734000,508810.828000,2.094000,45,21.49,21,10.03,43,20.53,C:\Users\Prutha Pandit\cosmos_final_project\datasets\gesture_new3_plus_eric_v1\trials\shanmu_Left_054.npz,C:\Users\Prutha Pandit\cosmos_final_project\data\raw\session_20260726_161036
gesture_new3_plus_eric_v1,C:\Users\Prutha Pandit\cosmos_final_project\data\raw\session_20260726_161036,shanmu,Left,55,508813.937000,508816.015000,2.078000,45,21.66,21,10.11,43,20.69,C:\Users\Prutha Pandit\cosmos_final_project\datasets\gesture_new3_plus_eric_v1\trials\shanmu_Left_055.npz,C:\Users\Prutha Pandit\cosmos_final_project\data\raw\session_20260726_161036
gesture_new3_plus_eric_v1,C:\Users\Prutha Pandit\cosmos_final_project\data\raw\session_20260726_161036,shanmu,Left,56,508824.484000,508826.546000,2.062000,44,21.34,21,10.18,42,20.37,C:\Users\Prutha Pandit\cosmos_final_project\datasets\gesture_new3_plus_eric_v1\trials\shanmu_Left_056.npz,C:\Users\Prutha Pandit\cosmos_final_project\data\raw\session_20260726_161036
gesture_new3_plus_eric_v1,C:\Users\Prutha Pandit\cosmos_final_project\data\raw\session_20260726_161036,shanmu,Left,57,508829.609000,508831.687000,2.078000,45,21.66,21,10.11,42,20.21,C:\Users\Prutha Pandit\cosmos_final_project\datasets\gesture_new3_plus_eric_v1\trials\shanmu_Left_057.npz,C:\Users\Prutha Pandit\cosmos_final_project\data\raw\session_20260726_161036
gesture_new3_plus_eric_v1,C:\Users\Prutha Pandit\cosmos_final_project\data\raw\session_20260726_161036,shanmu,Left,58,508835.062000,508837.125000,2.063000,44,21.33,20,9.69,42,20.36,C:\Users\Prutha Pandit\cosmos_final_project\datasets\gesture_new3_plus_eric_v1\trials\shanmu_Left_058.npz,C:\Users\Prutha Pandit\cosmos_final_project\data\raw\session_20260726_161036
gesture_new3_plus_eric_v1,C:\Users\Prutha Pandit\cosmos_final_project\data\raw\session_20260726_161036,shanmu,Left,59,508840.531000,508842.640000,2.109000,43,20.39,22,10.43,43,20.39,C:\Users\Prutha Pandit\cosmos_final_project\datasets\gesture_new3_plus_eric_v1\trials\shanmu_Left_059.npz,C:\Users\Prutha Pandit\cosmos_final_project\data\raw\session_20260726_161036
gesture_new3_plus_eric_v1,C:\Users\Prutha Pandit\cosmos_final_project\data\raw\session_20260726_161036,shanmu,Left,60,508845.968000,508848.046000,2.078000,44,21.17,21,10.11,42,20.21,C:\Users\Prutha Pandit\cosmos_final_project\datasets\gesture_new3_plus_eric_v1\trials\shanmu_Left_060.npz,C:\Users\Prutha Pandit\cosmos_final_project\data\raw\session_20260726_161036
gesture_new3_plus_eric_v1,C:\Users\Prutha Pandit\cosmos_final_project\data\raw\session_20260726_161036,shanmu,Bye-Bye,61,508863.093000,508865.171000,2.078000,45,21.66,21,10.11,42,20.21,C:\Users\Prutha Pandit\cosmos_final_project\datasets\gesture_new3_plus_eric_v1\trials\shanmu_Bye-Bye_061.npz,C:\Users\Prutha Pandit\cosmos_final_project\data\raw\session_20260726_161036
gesture_new3_plus_eric_v1,C:\Users\Prutha Pandit\cosmos_final_project\data\raw\session_20260726_161036,shanmu,Bye-Bye,62,508875.781000,508877.875000,2.094000,44,21.01,21,10.03,42,20.06,C:\Users\Prutha Pandit\cosmos_final_project\datasets\gesture_new3_plus_eric_v1\trials\shanmu_Bye-Bye_062.npz,C:\Users\Prutha Pandit\cosmos_final_project\data\raw\session_20260726_161036
gesture_new3_plus_eric_v1,C:\Users\Prutha Pandit\cosmos_final_project\data\raw\session_20260726_161036,shanmu,Bye-Bye,63,508879.500000,508881.562000,2.062000,44,21.34,21,10.18,41,19.88,C:\Users\Prutha Pandit\cosmos_final_project\datasets\gesture_new3_plus_eric_v1\trials\shanmu_Bye-Bye_063.npz,C:\Users\Prutha Pandit\cosmos_final_project\data\raw\session_20260726_161036
gesture_new3_plus_eric_v1,C:\Users\Prutha Pandit\cosmos_final_project\data\raw\session_20260726_161036,shanmu,Bye-Bye,64,508882.890000,508884.953000,2.063000,44,21.33,21,10.18,41,19.87,C:\Users\Prutha Pandit\cosmos_final_project\datasets\gesture_new3_plus_eric_v1\trials\shanmu_Bye-Bye_064.npz,C:\Users\Prutha Pandit\cosmos_final_project\data\raw\session_20260726_161036
gesture_new3_plus_eric_v1,C:\Users\Prutha Pandit\cosmos_final_project\data\raw\session_20260726_161036,shanmu,Bye-Bye,65,508890.843000,508892.921000,2.078000,44,21.17,21,10.11,42,20.21,C:\Users\Prutha Pandit\cosmos_final_project\datasets\gesture_new3_plus_eric_v1\trials\shanmu_Bye-Bye_065.npz,C:\Users\Prutha Pandit\cosmos_final_project\data\raw\session_20260726_161036
gesture_new3_plus_eric_v1,C:\Users\Prutha Pandit\cosmos_final_project\data\raw\session_20260726_161036,shanmu,Bye-Bye,66,508894.609000,508896.703000,2.094000,45,21.49,21,10.03,42,20.06,C:\Users\Prutha Pandit\cosmos_final_project\datasets\gesture_new3_plus_eric_v1\trials\shanmu_Bye-Bye_066.npz,C:\Users\Prutha Pandit\cosmos_final_project\data\raw\session_20260726_161036
gesture_new3_plus_eric_v1,C:\Users\Prutha Pandit\cosmos_final_project\data\raw\session_20260726_161036,shanmu,Bye-Bye,67,508898.562000,508900.609000,2.047000,43,21.01,20,9.77,41,20.03,C:\Users\Prutha Pandit\cosmos_final_project\datasets\gesture_new3_plus_eric_v1\trials\shanmu_Bye-Bye_067.npz,C:\Users\Prutha Pandit\cosmos_final_project\data\raw\session_20260726_161036
gesture_new3_plus_eric_v1,C:\Users\Prutha Pandit\cosmos_final_project\data\raw\session_20260726_161036,shanmu,Bye-Bye,68,508902.281000,508904.343000,2.062000,43,20.85,21,10.18,42,20.37,C:\Users\Prutha Pandit\cosmos_final_project\datasets\gesture_new3_plus_eric_v1\trials\shanmu_Bye-Bye_068.npz,C:\Users\Prutha Pandit\cosmos_final_project\data\raw\session_20260726_161036
gesture_new3_plus_eric_v1,C:\Users\Prutha Pandit\cosmos_final_project\data\raw\session_20260726_161036,shanmu,Bye-Bye,69,508906.546000,508908.593000,2.047000,44,21.49,20,9.77,41,20.03,C:\Users\Prutha Pandit\cosmos_final_project\datasets\gesture_new3_plus_eric_v1\trials\shanmu_Bye-Bye_069.npz,C:\Users\Prutha Pandit\cosmos_final_project\data\raw\session_20260726_161036
gesture_new3_plus_eric_v1,C:\Users\Prutha Pandit\cosmos_final_project\data\raw\session_20260726_161036,shanmu,Bye-Bye,70,508911.734000,508913.796000,2.062000,44,21.34,21,10.18,41,19.88,C:\Users\Prutha Pandit\cosmos_final_project\datasets\gesture_new3_plus_eric_v1\trials\shanmu_Bye-Bye_070.npz,C:\Users\Prutha Pandit\cosmos_final_project\data\raw\session_20260726_161036
gesture_new3_plus_eric_v1,C:\Users\Prutha Pandit\cosmos_final_project\data\raw\session_20260726_161036,shanmu,One-Arm Boxing,71,508921.078000,508923.140000,2.062000,44,21.34,21,10.18,42,20.37,C:\Users\Prutha Pandit\cosmos_final_project\datasets\gesture_new3_plus_eric_v1\trials\shanmu_One-Arm_Boxing_071.npz,C:\Users\Prutha Pandit\cosmos_final_project\data\raw\session_20260726_161036
gesture_new3_plus_eric_v1,C:\Users\Prutha Pandit\cosmos_final_project\data\raw\session_20260726_161036,shanmu,One-Arm Boxing,72,508926.343000,508928.406000,2.063000,43,20.84,21,10.18,41,19.87,C:\Users\Prutha Pandit\cosmos_final_project\datasets\gesture_new3_plus_eric_v1\trials\shanmu_One-Arm_Boxing_072.npz,C:\Users\Prutha Pandit\cosmos_final_project\data\raw\session_20260726_161036
gesture_new3_plus_eric_v1,C:\Users\Prutha Pandit\cosmos_final_project\data\raw\session_20260726_161036,shanmu,One-Arm Boxing,73,508931.093000,508933.156000,2.063000,44,21.33,21,10.18,43,20.84,C:\Users\Prutha Pandit\cosmos_final_project\datasets\gesture_new3_plus_eric_v1\trials\shanmu_One-Arm_Boxing_073.npz,C:\Users\Prutha Pandit\cosmos_final_project\data\raw\session_20260726_161036
gesture_new3_plus_eric_v1,C:\Users\Prutha Pandit\cosmos_final_project\data\raw\session_20260726_161036,shanmu,One-Arm Boxing,74,508935.265000,508937.312000,2.047000,44,21.49,20,9.77,41,20.03,C:\Users\Prutha Pandit\cosmos_final_project\datasets\gesture_new3_plus_eric_v1\trials\shanmu_One-Arm_Boxing_074.npz,C:\Users\Prutha Pandit\cosmos_final_project\data\raw\session_20260726_161036
gesture_new3_plus_eric_v1,C:\Users\Prutha Pandit\cosmos_final_project\data\raw\session_20260726_161036,shanmu,One-Arm Boxing,75,508939.296000,508941.390000,2.094000,44,21.01,21,10.03,42,20.06,C:\Users\Prutha Pandit\cosmos_final_project\datasets\gesture_new3_plus_eric_v1\trials\shanmu_One-Arm_Boxing_075.npz,C:\Users\Prutha Pandit\cosmos_final_project\data\raw\session_20260726_161036
gesture_new3_plus_eric_v1,C:\Users\Prutha Pandit\cosmos_final_project\data\raw\session_20260726_161036,shanmu,One-Arm Boxing,76,508943.375000,508945.453000,2.078000,44,21.17,21,10.11,42,20.21,C:\Users\Prutha Pandit\cosmos_final_project\datasets\gesture_new3_plus_eric_v1\trials\shanmu_One-Arm_Boxing_076.npz,C:\Users\Prutha Pandit\cosmos_final_project\data\raw\session_20260726_161036
gesture_new3_plus_eric_v1,C:\Users\Prutha Pandit\cosmos_final_project\data\raw\session_20260726_161036,shanmu,One-Arm Boxing,77,508947.734000,508949.796000,2.062000,44,21.34,21,10.18,42,20.37,C:\Users\Prutha Pandit\cosmos_final_project\datasets\gesture_new3_plus_eric_v1\trials\shanmu_One-Arm_Boxing_077.npz,C:\Users\Prutha Pandit\cosmos_final_project\data\raw\session_20260726_161036
gesture_new3_plus_eric_v1,C:\Users\Prutha Pandit\cosmos_final_project\data\raw\session_20260726_161036,shanmu,One-Arm Boxing,78,508953.328000,508955.328000,2.000000,43,21.50,20,10.00,41,20.50,C:\Users\Prutha Pandit\cosmos_final_project\datasets\gesture_new3_plus_eric_v1\trials\shanmu_One-Arm_Boxing_078.npz,C:\Users\Prutha Pandit\cosmos_final_project\data\raw\session_20260726_161036
gesture_new3_plus_eric_v1,C:\Users\Prutha Pandit\cosmos_final_project\data\raw\session_20260726_161036,shanmu,One-Arm Boxing,79,508957.718000,508959.765000,2.047000,43,21.01,21,10.26,41,20.03,C:\Users\Prutha Pandit\cosmos_final_project\datasets\gesture_new3_plus_eric_v1\trials\shanmu_One-Arm_Boxing_079.npz,C:\Users\Prutha Pandit\cosmos_final_project\data\raw\session_20260726_161036
gesture_new3_plus_eric_v1,C:\Users\Prutha Pandit\cosmos_final_project\data\raw\session_20260726_161036,shanmu,One-Arm Boxing,80,508962.265000,508964.343000,2.078000,44,21.17,20,9.62,42,20.21,C:\Users\Prutha Pandit\cosmos_final_project\datasets\gesture_new3_plus_eric_v1\trials\shanmu_One-Arm_Boxing_080.npz,C:\Users\Prutha Pandit\cosmos_final_project\data\raw\session_20260726_161036
gesture_new3_plus_eric_v1,C:\Users\Prutha Pandit\cosmos_final_project\data\raw\session_20260726_161036,shanmu,Clapping,81,508970.015000,508972.093000,2.078000,45,21.66,21,10.11,42,20.21,C:\Users\Prutha Pandit\cosmos_final_project\datasets\gesture_new3_plus_eric_v1\trials\shanmu_Clapping_081.npz,C:\Users\Prutha Pandit\cosmos_final_project\data\raw\session_20260726_161036
gesture_new3_plus_eric_v1,C:\Users\Prutha Pandit\cosmos_final_project\data\raw\session_20260726_161036,shanmu,Clapping,82,508973.406000,508975.406000,2.000000,43,21.50,19,9.50,40,20.00,C:\Users\Prutha Pandit\cosmos_final_project\datasets\gesture_new3_plus_eric_v1\trials\shanmu_Clapping_082.npz,C:\Users\Prutha Pandit\cosmos_final_project\data\raw\session_20260726_161036
gesture_new3_plus_eric_v1,C:\Users\Prutha Pandit\cosmos_final_project\data\raw\session_20260726_161036,shanmu,Clapping,83,508976.453000,508978.546000,2.093000,44,21.02,22,10.51,42,20.07,C:\Users\Prutha Pandit\cosmos_final_project\datasets\gesture_new3_plus_eric_v1\trials\shanmu_Clapping_083.npz,C:\Users\Prutha Pandit\cosmos_final_project\data\raw\session_20260726_161036
gesture_new3_plus_eric_v1,C:\Users\Prutha Pandit\cosmos_final_project\data\raw\session_20260726_161036,shanmu,Clapping,84,508979.765000,508981.828000,2.063000,43,20.84,20,9.69,42,20.36,C:\Users\Prutha Pandit\cosmos_final_project\datasets\gesture_new3_plus_eric_v1\trials\shanmu_Clapping_084.npz,C:\Users\Prutha Pandit\cosmos_final_project\data\raw\session_20260726_161036
gesture_new3_plus_eric_v1,C:\Users\Prutha Pandit\cosmos_final_project\data\raw\session_20260726_161036,shanmu,Clapping,85,508983.156000,508985.218000,2.062000,44,21.34,20,9.70,41,19.88,C:\Users\Prutha Pandit\cosmos_final_project\datasets\gesture_new3_plus_eric_v1\trials\shanmu_Clapping_085.npz,C:\Users\Prutha Pandit\cosmos_final_project\data\raw\session_20260726_161036
gesture_new3_plus_eric_v1,C:\Users\Prutha Pandit\cosmos_final_project\data\raw\session_20260726_161036,shanmu,Clapping,86,508986.390000,508988.453000,2.063000,43,20.84,21,10.18,41,19.87,C:\Users\Prutha Pandit\cosmos_final_project\datasets\gesture_new3_plus_eric_v1\trials\shanmu_Clapping_086.npz,C:\Users\Prutha Pandit\cosmos_final_project\data\raw\session_20260726_161036
gesture_new3_plus_eric_v1,C:\Users\Prutha Pandit\cosmos_final_project\data\raw\session_20260726_161036,shanmu,Clapping,87,508989.687000,508991.750000,2.063000,44,21.33,20,9.69,41,19.87,C:\Users\Prutha Pandit\cosmos_final_project\datasets\gesture_new3_plus_eric_v1\trials\shanmu_Clapping_087.npz,C:\Users\Prutha Pandit\cosmos_final_project\data\raw\session_20260726_161036
gesture_new3_plus_eric_v1,C:\Users\Prutha Pandit\cosmos_final_project\data\raw\session_20260726_161036,shanmu,Clapping,88,508992.937000,508995.015000,2.078000,44,21.17,21,10.11,41,19.73,C:\Users\Prutha Pandit\cosmos_final_project\datasets\gesture_new3_plus_eric_v1\trials\shanmu_Clapping_088.npz,C:\Users\Prutha Pandit\cosmos_final_project\data\raw\session_20260726_161036
gesture_new3_plus_eric_v1,C:\Users\Prutha Pandit\cosmos_final_project\data\raw\session_20260726_161036,shanmu,Clapping,89,508996.312000,508998.359000,2.047000,44,21.49,21,10.26,41,20.03,C:\Users\Prutha Pandit\cosmos_final_project\datasets\gesture_new3_plus_eric_v1\trials\shanmu_Clapping_089.npz,C:\Users\Prutha Pandit\cosmos_final_project\data\raw\session_20260726_161036
gesture_new3_plus_eric_v1,C:\Users\Prutha Pandit\cosmos_final_project\data\raw\session_20260726_161036,shanmu,Clapping,90,508999.671000,509001.765000,2.094000,44,21.01,21,10.03,43,20.53,C:\Users\Prutha Pandit\cosmos_final_project\datasets\gesture_new3_plus_eric_v1\trials\shanmu_Clapping_090.npz,C:\Users\Prutha Pandit\cosmos_final_project\data\raw\session_20260726_161036
gesture_new3_plus_eric_v1,C:\Users\Prutha Pandit\cosmos_final_project\data\raw\session_20260726_161036,shanmu,Two-Arm Boxing,91,509017.593000,509019.671000,2.078000,44,21.17,21,10.11,42,20.21,C:\Users\Prutha Pandit\cosmos_final_project\datasets\gesture_new3_plus_eric_v1\trials\shanmu_Two-Arm_Boxing_091.npz,C:\Users\Prutha Pandit\cosmos_final_project\data\raw\session_20260726_161036
gesture_new3_plus_eric_v1,C:\Users\Prutha Pandit\cosmos_final_project\data\raw\session_20260726_161036,shanmu,Two-Arm Boxing,92,509022.484000,509024.515000,2.031000,43,21.17,20,9.85,41,20.19,C:\Users\Prutha Pandit\cosmos_final_project\datasets\gesture_new3_plus_eric_v1\trials\shanmu_Two-Arm_Boxing_092.npz,C:\Users\Prutha Pandit\cosmos_final_project\data\raw\session_20260726_161036
gesture_new3_plus_eric_v1,C:\Users\Prutha Pandit\cosmos_final_project\data\raw\session_20260726_161036,shanmu,Two-Arm Boxing,93,509032.375000,509034.468000,2.093000,44,21.02,21,10.03,42,20.07,C:\Users\Prutha Pandit\cosmos_final_project\datasets\gesture_new3_plus_eric_v1\trials\shanmu_Two-Arm_Boxing_093.npz,C:\Users\Prutha Pandit\cosmos_final_project\data\raw\session_20260726_161036
gesture_new3_plus_eric_v1,C:\Users\Prutha Pandit\cosmos_final_project\data\raw\session_20260726_161036,shanmu,Two-Arm Boxing,94,509037.609000,509039.687000,2.078000,44,21.17,21,10.11,42,20.21,C:\Users\Prutha Pandit\cosmos_final_project\datasets\gesture_new3_plus_eric_v1\trials\shanmu_Two-Arm_Boxing_094.npz,C:\Users\Prutha Pandit\cosmos_final_project\data\raw\session_20260726_161036
gesture_new3_plus_eric_v1,C:\Users\Prutha Pandit\cosmos_final_project\data\raw\session_20260726_161036,shanmu,Two-Arm Boxing,95,509042.515000,509044.609000,2.094000,45,21.49,21,10.03,42,20.06,C:\Users\Prutha Pandit\cosmos_final_project\datasets\gesture_new3_plus_eric_v1\trials\shanmu_Two-Arm_Boxing_095.npz,C:\Users\Prutha Pandit\cosmos_final_project\data\raw\session_20260726_161036
gesture_new3_plus_eric_v1,C:\Users\Prutha Pandit\cosmos_final_project\data\raw\session_20260726_161036,shanmu,Two-Arm Boxing,96,509047.171000,509049.250000,2.079000,45,21.65,21,10.10,42,20.20,C:\Users\Prutha Pandit\cosmos_final_project\datasets\gesture_new3_plus_eric_v1\trials\shanmu_Two-Arm_Boxing_096.npz,C:\Users\Prutha Pandit\cosmos_final_project\data\raw\session_20260726_161036
gesture_new3_plus_eric_v1,C:\Users\Prutha Pandit\cosmos_final_project\data\raw\session_20260726_161036,shanmu,Two-Arm Boxing,97,509051.906000,509053.984000,2.078000,45,21.66,21,10.11,42,20.21,C:\Users\Prutha Pandit\cosmos_final_project\datasets\gesture_new3_plus_eric_v1\trials\shanmu_Two-Arm_Boxing_097.npz,C:\Users\Prutha Pandit\cosmos_final_project\data\raw\session_20260726_161036
gesture_new3_plus_eric_v1,C:\Users\Prutha Pandit\cosmos_final_project\data\raw\session_20260726_161036,shanmu,Two-Arm Boxing,98,509056.359000,509058.406000,2.047000,44,21.49,20,9.77,41,20.03,C:\Users\Prutha Pandit\cosmos_final_project\datasets\gesture_new3_plus_eric_v1\trials\shanmu_Two-Arm_Boxing_098.npz,C:\Users\Prutha Pandit\cosmos_final_project\data\raw\session_20260726_161036
gesture_new3_plus_eric_v1,C:\Users\Prutha Pandit\cosmos_final_project\data\raw\session_20260726_161036,shanmu,Two-Arm Boxing,99,509061.828000,509063.890000,2.062000,45,21.82,21,10.18,42,20.37,C:\Users\Prutha Pandit\cosmos_final_project\datasets\gesture_new3_plus_eric_v1\trials\shanmu_Two-Arm_Boxing_099.npz,C:\Users\Prutha Pandit\cosmos_final_project\data\raw\session_20260726_161036
gesture_new3_plus_eric_v1,C:\Users\Prutha Pandit\cosmos_final_project\data\raw\session_20260726_161036,shanmu,Two-Arm Boxing,100,509066.765000,509068.843000,2.078000,45,21.66,21,10.11,42,20.21,C:\Users\Prutha Pandit\cosmos_final_project\datasets\gesture_new3_plus_eric_v1\trials\shanmu_Two-Arm_Boxing_100.npz,C:\Users\Prutha Pandit\cosmos_final_project\data\raw\session_20260726_161036
gesture_new3_plus_eric_v1,C:\Users\Prutha Pandit\cosmos_final_project\data\raw\session_20260726_161036,shanmu,T-Arm,101,509079.546000,509081.609000,2.063000,44,21.33,21,10.18,41,19.87,C:\Users\Prutha Pandit\cosmos_final_project\datasets\gesture_new3_plus_eric_v1\trials\shanmu_T-Arm_101.npz,C:\Users\Prutha Pandit\cosmos_final_project\data\raw\session_20260726_161036
gesture_new3_plus_eric_v1,C:\Users\Prutha Pandit\cosmos_final_project\data\raw\session_20260726_161036,shanmu,T-Arm,102,509087.328000,509089.421000,2.093000,44,21.02,21,10.03,42,20.07,C:\Users\Prutha Pandit\cosmos_final_project\datasets\gesture_new3_plus_eric_v1\trials\shanmu_T-Arm_102.npz,C:\Users\Prutha Pandit\cosmos_final_project\data\raw\session_20260726_161036
gesture_new3_plus_eric_v1,C:\Users\Prutha Pandit\cosmos_final_project\data\raw\session_20260726_161036,shanmu,T-Arm,103,509091.968000,509094.031000,2.063000,44,21.33,19,9.21,42,20.36,C:\Users\Prutha Pandit\cosmos_final_project\datasets\gesture_new3_plus_eric_v1\trials\shanmu_T-Arm_103.npz,C:\Users\Prutha Pandit\cosmos_final_project\data\raw\session_20260726_161036
gesture_new3_plus_eric_v1,C:\Users\Prutha Pandit\cosmos_final_project\data\raw\session_20260726_161036,shanmu,T-Arm,104,509096.781000,509098.781000,2.000000,43,21.50,19,9.50,41,20.50,C:\Users\Prutha Pandit\cosmos_final_project\datasets\gesture_new3_plus_eric_v1\trials\shanmu_T-Arm_104.npz,C:\Users\Prutha Pandit\cosmos_final_project\data\raw\session_20260726_161036
gesture_new3_plus_eric_v1,C:\Users\Prutha Pandit\cosmos_final_project\data\raw\session_20260726_161036,shanmu,T-Arm,105,509101.687000,509103.687000,2.000000,43,21.50,20,10.00,40,20.00,C:\Users\Prutha Pandit\cosmos_final_project\datasets\gesture_new3_plus_eric_v1\trials\shanmu_T-Arm_105.npz,C:\Users\Prutha Pandit\cosmos_final_project\data\raw\session_20260726_161036
gesture_new3_plus_eric_v1,C:\Users\Prutha Pandit\cosmos_final_project\data\raw\session_20260726_161036,shanmu,T-Arm,106,509106.453000,509108.500000,2.047000,42,20.52,20,9.77,41,20.03,C:\Users\Prutha Pandit\cosmos_final_project\datasets\gesture_new3_plus_eric_v1\trials\shanmu_T-Arm_106.npz,C:\Users\Prutha Pandit\cosmos_final_project\data\raw\session_20260726_161036
gesture_new3_plus_eric_v1,C:\Users\Prutha Pandit\cosmos_final_project\data\raw\session_20260726_161036,shanmu,T-Arm,107,509111.078000,509113.156000,2.078000,44,21.17,21,10.11,43,20.69,C:\Users\Prutha Pandit\cosmos_final_project\datasets\gesture_new3_plus_eric_v1\trials\shanmu_T-Arm_107.npz,C:\Users\Prutha Pandit\cosmos_final_project\data\raw\session_20260726_161036
gesture_new3_plus_eric_v1,C:\Users\Prutha Pandit\cosmos_final_project\data\raw\session_20260726_161036,shanmu,T-Arm,108,509116.000000,509118.046000,2.046000,43,21.02,21,10.26,41,20.04,C:\Users\Prutha Pandit\cosmos_final_project\datasets\gesture_new3_plus_eric_v1\trials\shanmu_T-Arm_108.npz,C:\Users\Prutha Pandit\cosmos_final_project\data\raw\session_20260726_161036
gesture_new3_plus_eric_v1,C:\Users\Prutha Pandit\cosmos_final_project\data\raw\session_20260726_161036,shanmu,T-Arm,109,509120.609000,509122.703000,2.094000,45,21.49,20,9.55,42,20.06,C:\Users\Prutha Pandit\cosmos_final_project\datasets\gesture_new3_plus_eric_v1\trials\shanmu_T-Arm_109.npz,C:\Users\Prutha Pandit\cosmos_final_project\data\raw\session_20260726_161036
gesture_new3_plus_eric_v1,C:\Users\Prutha Pandit\cosmos_final_project\data\raw\session_20260726_161036,shanmu,T-Arm,110,509126.703000,509128.781000,2.078000,43,20.69,20,9.62,42,20.21,C:\Users\Prutha Pandit\cosmos_final_project\datasets\gesture_new3_plus_eric_v1\trials\shanmu_T-Arm_110.npz,C:\Users\Prutha Pandit\cosmos_final_project\data\raw\session_20260726_161036
gesture_new3_plus_eric_v1,C:\Users\Prutha Pandit\cosmos_final_project\data\raw\session_20260726_161036,shanmu,Raise Arms,111,509153.546000,509155.609000,2.063000,44,21.33,20,9.69,41,19.87,C:\Users\Prutha Pandit\cosmos_final_project\datasets\gesture_new3_plus_eric_v1\trials\shanmu_Raise_Arms_111.npz,C:\Users\Prutha Pandit\cosmos_final_project\data\raw\session_20260726_161036
gesture_new3_plus_eric_v1,C:\Users\Prutha Pandit\cosmos_final_project\data\raw\session_20260726_161036,shanmu,Raise Arms,112,509181.656000,509183.687000,2.031000,43,21.17,20,9.85,41,20.19,C:\Users\Prutha Pandit\cosmos_final_project\datasets\gesture_new3_plus_eric_v1\trials\shanmu_Raise_Arms_112.npz,C:\Users\Prutha Pandit\cosmos_final_project\data\raw\session_20260726_161036
gesture_new3_plus_eric_v1,C:\Users\Prutha Pandit\cosmos_final_project\data\raw\session_20260726_161036,shanmu,Raise Arms,113,509186.218000,509188.281000,2.063000,44,21.33,21,10.18,42,20.36,C:\Users\Prutha Pandit\cosmos_final_project\datasets\gesture_new3_plus_eric_v1\trials\shanmu_Raise_Arms_113.npz,C:\Users\Prutha Pandit\cosmos_final_project\data\raw\session_20260726_161036
gesture_new3_plus_eric_v1,C:\Users\Prutha Pandit\cosmos_final_project\data\raw\session_20260726_161036,shanmu,Raise Arms,114,509191.281000,509193.312000,2.031000,43,21.17,20,9.85,41,20.19,C:\Users\Prutha Pandit\cosmos_final_project\datasets\gesture_new3_plus_eric_v1\trials\shanmu_Raise_Arms_114.npz,C:\Users\Prutha Pandit\cosmos_final_project\data\raw\session_20260726_161036
gesture_new3_plus_eric_v1,C:\Users\Prutha Pandit\cosmos_final_project\data\raw\session_20260726_161036,shanmu,Raise Arms,115,509196.687000,509198.781000,2.094000,45,21.49,21,10.03,42,20.06,C:\Users\Prutha Pandit\cosmos_final_project\datasets\gesture_new3_plus_eric_v1\trials\shanmu_Raise_Arms_115.npz,C:\Users\Prutha Pandit\cosmos_final_project\data\raw\session_20260726_161036
gesture_new3_plus_eric_v1,C:\Users\Prutha Pandit\cosmos_final_project\data\raw\session_20260726_161036,shanmu,Raise Arms,116,509201.671000,509203.734000,2.063000,44,21.33,20,9.69,42,20.36,C:\Users\Prutha Pandit\cosmos_final_project\datasets\gesture_new3_plus_eric_v1\trials\shanmu_Raise_Arms_116.npz,C:\Users\Prutha Pandit\cosmos_final_project\data\raw\session_20260726_161036
gesture_new3_plus_eric_v1,C:\Users\Prutha Pandit\cosmos_final_project\data\raw\session_20260726_161036,shanmu,Raise Arms,117,509206.890000,509208.984000,2.094000,44,21.01,21,10.03,42,20.06,C:\Users\Prutha Pandit\cosmos_final_project\datasets\gesture_new3_plus_eric_v1\trials\shanmu_Raise_Arms_117.npz,C:\Users\Prutha Pandit\cosmos_final_project\data\raw\session_20260726_161036
gesture_new3_plus_eric_v1,C:\Users\Prutha Pandit\cosmos_final_project\data\raw\session_20260726_161036,shanmu,Raise Arms,118,509212.750000,509214.796000,2.046000,43,21.02,21,10.26,41,20.04,C:\Users\Prutha Pandit\cosmos_final_project\datasets\gesture_new3_plus_eric_v1\trials\shanmu_Raise_Arms_118.npz,C:\Users\Prutha Pandit\cosmos_final_project\data\raw\session_20260726_161036
gesture_new3_plus_eric_v1,C:\Users\Prutha Pandit\cosmos_final_project\data\raw\session_20260726_161036,shanmu,Raise Arms,119,509217.812000,509219.859000,2.047000,44,21.49,21,10.26,41,20.03,C:\Users\Prutha Pandit\cosmos_final_project\datasets\gesture_new3_plus_eric_v1\trials\shanmu_Raise_Arms_119.npz,C:\Users\Prutha Pandit\cosmos_final_project\data\raw\session_20260726_161036
gesture_new3_plus_eric_v1,C:\Users\Prutha Pandit\cosmos_final_project\data\raw\session_20260726_161036,shanmu,Raise Arms,120,509223.234000,509225.312000,2.078000,44,21.17,21,10.11,41,19.73,C:\Users\Prutha Pandit\cosmos_final_project\datasets\gesture_new3_plus_eric_v1\trials\shanmu_Raise_Arms_120.npz,C:\Users\Prutha Pandit\cosmos_final_project\data\raw\session_20260726_161036
gesture_new3_plus_eric_v1,C:\Users\Prutha Pandit\cosmos_final_project\data\raw\session_20260726_161036,shanmu,Soli,121,509239.843000,509241.921000,2.078000,44,21.17,21,10.11,42,20.21,C:\Users\Prutha Pandit\cosmos_final_project\datasets\gesture_new3_plus_eric_v1\trials\shanmu_Soli_121.npz,C:\Users\Prutha Pandit\cosmos_final_project\data\raw\session_20260726_161036
gesture_new3_plus_eric_v1,C:\Users\Prutha Pandit\cosmos_final_project\data\raw\session_20260726_161036,shanmu,Soli,122,509244.890000,509246.953000,2.063000,44,21.33,21,10.18,41,19.87,C:\Users\Prutha Pandit\cosmos_final_project\datasets\gesture_new3_plus_eric_v1\trials\shanmu_Soli_122.npz,C:\Users\Prutha Pandit\cosmos_final_project\data\raw\session_20260726_161036
gesture_new3_plus_eric_v1,C:\Users\Prutha Pandit\cosmos_final_project\data\raw\session_20260726_161036,shanmu,Soli,123,509249.109000,509251.156000,2.047000,43,21.01,20,9.77,41,20.03,C:\Users\Prutha Pandit\cosmos_final_project\datasets\gesture_new3_plus_eric_v1\trials\shanmu_Soli_123.npz,C:\Users\Prutha Pandit\cosmos_final_project\data\raw\session_20260726_161036
gesture_new3_plus_eric_v1,C:\Users\Prutha Pandit\cosmos_final_project\data\raw\session_20260726_161036,shanmu,Soli,124,509253.328000,509255.375000,2.047000,44,21.49,21,10.26,42,20.52,C:\Users\Prutha Pandit\cosmos_final_project\datasets\gesture_new3_plus_eric_v1\trials\shanmu_Soli_124.npz,C:\Users\Prutha Pandit\cosmos_final_project\data\raw\session_20260726_161036
gesture_new3_plus_eric_v1,C:\Users\Prutha Pandit\cosmos_final_project\data\raw\session_20260726_161036,shanmu,Soli,125,509257.562000,509259.609000,2.047000,44,21.49,20,9.77,41,20.03,C:\Users\Prutha Pandit\cosmos_final_project\datasets\gesture_new3_plus_eric_v1\trials\shanmu_Soli_125.npz,C:\Users\Prutha Pandit\cosmos_final_project\data\raw\session_20260726_161036
gesture_new3_plus_eric_v1,C:\Users\Prutha Pandit\cosmos_final_project\data\raw\session_20260726_161036,shanmu,Soli,126,509262.125000,509264.171000,2.046000,44,21.51,21,10.26,42,20.53,C:\Users\Prutha Pandit\cosmos_final_project\datasets\gesture_new3_plus_eric_v1\trials\shanmu_Soli_126.npz,C:\Users\Prutha Pandit\cosmos_final_project\data\raw\session_20260726_161036
gesture_new3_plus_eric_v1,C:\Users\Prutha Pandit\cosmos_final_project\data\raw\session_20260726_161036,shanmu,Soli,127,509266.156000,509268.250000,2.094000,45,21.49,21,10.03,42,20.06,C:\Users\Prutha Pandit\cosmos_final_project\datasets\gesture_new3_plus_eric_v1\trials\shanmu_Soli_127.npz,C:\Users\Prutha Pandit\cosmos_final_project\data\raw\session_20260726_161036
gesture_new3_plus_eric_v1,C:\Users\Prutha Pandit\cosmos_final_project\data\raw\session_20260726_161036,shanmu,Soli,128,509270.906000,509272.937000,2.031000,43,21.17,20,9.85,41,20.19,C:\Users\Prutha Pandit\cosmos_final_project\datasets\gesture_new3_plus_eric_v1\trials\shanmu_Soli_128.npz,C:\Users\Prutha Pandit\cosmos_final_project\data\raw\session_20260726_161036
gesture_new3_plus_eric_v1,C:\Users\Prutha Pandit\cosmos_final_project\data\raw\session_20260726_161036,shanmu,Soli,129,509275.578000,509277.656000,2.078000,45,21.66,21,10.11,42,20.21,C:\Users\Prutha Pandit\cosmos_final_project\datasets\gesture_new3_plus_eric_v1\trials\shanmu_Soli_129.npz,C:\Users\Prutha Pandit\cosmos_final_project\data\raw\session_20260726_161036
gesture_new3_plus_eric_v1,C:\Users\Prutha Pandit\cosmos_final_project\data\raw\session_20260726_161036,shanmu,Soli,130,509280.546000,509282.609000,2.063000,44,21.33,21,10.18,41,19.87,C:\Users\Prutha Pandit\cosmos_final_project\datasets\gesture_new3_plus_eric_v1\trials\shanmu_Soli_130.npz,C:\Users\Prutha Pandit\cosmos_final_project\data\raw\session_20260726_161036
gesture_new3_plus_eric_v1,C:\Users\Prutha Pandit\cosmos_final_project\data\raw\session_20260726_161036,shanmu,Making Fist and Open,131,509291.921000,509293.937000,2.016000,43,21.33,20,9.92,41,20.34,C:\Users\Prutha Pandit\cosmos_final_project\datasets\gesture_new3_plus_eric_v1\trials\shanmu_Making_Fist_and_Open_131.npz,C:\Users\Prutha Pandit\cosmos_final_project\data\raw\session_20260726_161036
gesture_new3_plus_eric_v1,C:\Users\Prutha Pandit\cosmos_final_project\data\raw\session_20260726_161036,shanmu,Making Fist and Open,132,509295.781000,509297.828000,2.047000,44,21.49,20,9.77,41,20.03,C:\Users\Prutha Pandit\cosmos_final_project\datasets\gesture_new3_plus_eric_v1\trials\shanmu_Making_Fist_and_Open_132.npz,C:\Users\Prutha Pandit\cosmos_final_project\data\raw\session_20260726_161036
gesture_new3_plus_eric_v1,C:\Users\Prutha Pandit\cosmos_final_project\data\raw\session_20260726_161036,shanmu,Making Fist and Open,133,509299.218000,509301.296000,2.078000,44,21.17,21,10.11,42,20.21,C:\Users\Prutha Pandit\cosmos_final_project\datasets\gesture_new3_plus_eric_v1\trials\shanmu_Making_Fist_and_Open_133.npz,C:\Users\Prutha Pandit\cosmos_final_project\data\raw\session_20260726_161036
gesture_new3_plus_eric_v1,C:\Users\Prutha Pandit\cosmos_final_project\data\raw\session_20260726_161036,shanmu,Making Fist and Open,134,509302.843000,509304.921000,2.078000,44,21.17,21,10.11,42,20.21,C:\Users\Prutha Pandit\cosmos_final_project\datasets\gesture_new3_plus_eric_v1\trials\shanmu_Making_Fist_and_Open_134.npz,C:\Users\Prutha Pandit\cosmos_final_project\data\raw\session_20260726_161036
gesture_new3_plus_eric_v1,C:\Users\Prutha Pandit\cosmos_final_project\data\raw\session_20260726_161036,shanmu,Making Fist and Open,135,509306.203000,509308.234000,2.031000,44,21.66,20,9.85,41,20.19,C:\Users\Prutha Pandit\cosmos_final_project\datasets\gesture_new3_plus_eric_v1\trials\shanmu_Making_Fist_and_Open_135.npz,C:\Users\Prutha Pandit\cosmos_final_project\data\raw\session_20260726_161036
gesture_new3_plus_eric_v1,C:\Users\Prutha Pandit\cosmos_final_project\data\raw\session_20260726_161036,shanmu,Making Fist and Open,136,509309.609000,509311.656000,2.047000,44,21.49,20,9.77,41,20.03,C:\Users\Prutha Pandit\cosmos_final_project\datasets\gesture_new3_plus_eric_v1\trials\shanmu_Making_Fist_and_Open_136.npz,C:\Users\Prutha Pandit\cosmos_final_project\data\raw\session_20260726_161036
gesture_new3_plus_eric_v1,C:\Users\Prutha Pandit\cosmos_final_project\data\raw\session_20260726_161036,shanmu,Making Fist and Open,137,509313.000000,509315.046000,2.046000,43,21.02,21,10.26,41,20.04,C:\Users\Prutha Pandit\cosmos_final_project\datasets\gesture_new3_plus_eric_v1\trials\shanmu_Making_Fist_and_Open_137.npz,C:\Users\Prutha Pandit\cosmos_final_project\data\raw\session_20260726_161036
gesture_new3_plus_eric_v1,C:\Users\Prutha Pandit\cosmos_final_project\data\raw\session_20260726_161036,shanmu,Making Fist and Open,138,509316.343000,509318.406000,2.063000,44,21.33,21,10.18,41,19.87,C:\Users\Prutha Pandit\cosmos_final_project\datasets\gesture_new3_plus_eric_v1\trials\shanmu_Making_Fist_and_Open_138.npz,C:\Users\Prutha Pandit\cosmos_final_project\data\raw\session_20260726_161036
gesture_new3_plus_eric_v1,C:\Users\Prutha Pandit\cosmos_final_project\data\raw\session_20260726_161036,shanmu,Making Fist and Open,139,509320.421000,509322.515000,2.094000,44,21.01,21,10.03,42,20.06,C:\Users\Prutha Pandit\cosmos_final_project\datasets\gesture_new3_plus_eric_v1\trials\shanmu_Making_Fist_and_Open_139.npz,C:\Users\Prutha Pandit\cosmos_final_project\data\raw\session_20260726_161036
gesture_new3_plus_eric_v1,C:\Users\Prutha Pandit\cosmos_final_project\data\raw\session_20260726_161036,shanmu,Making Fist and Open,140,509325.015000,509327.078000,2.063000,44,21.33,21,10.18,42,20.36,C:\Users\Prutha Pandit\cosmos_final_project\datasets\gesture_new3_plus_eric_v1\trials\shanmu_Making_Fist_and_Open_140.npz,C:\Users\Prutha Pandit\cosmos_final_project\data\raw\session_20260726_161036
gesture_new3_plus_eric_v1,C:\Users\Prutha Pandit\cosmos_final_project\data\raw\session_20260726_161036,shanmu,Palm Up-Down,141,509337.093000,509339.140000,2.047000,44,21.49,20,9.77,41,20.03,C:\Users\Prutha Pandit\cosmos_final_project\datasets\gesture_new3_plus_eric_v1\trials\shanmu_Palm_Up-Down_141.npz,C:\Users\Prutha Pandit\cosmos_final_project\data\raw\session_20260726_161036
gesture_new3_plus_eric_v1,C:\Users\Prutha Pandit\cosmos_final_project\data\raw\session_20260726_161036,shanmu,Palm Up-Down,142,509340.843000,509342.906000,2.063000,43,20.84,21,10.18,41,19.87,C:\Users\Prutha Pandit\cosmos_final_project\datasets\gesture_new3_plus_eric_v1\trials\shanmu_Palm_Up-Down_142.npz,C:\Users\Prutha Pandit\cosmos_final_project\data\raw\session_20260726_161036
gesture_new3_plus_eric_v1,C:\Users\Prutha Pandit\cosmos_final_project\data\raw\session_20260726_161036,shanmu,Palm Up-Down,143,509344.156000,509346.250000,2.094000,45,21.49,21,10.03,42,20.06,C:\Users\Prutha Pandit\cosmos_final_project\datasets\gesture_new3_plus_eric_v1\trials\shanmu_Palm_Up-Down_143.npz,C:\Users\Prutha Pandit\cosmos_final_project\data\raw\session_20260726_161036
gesture_new3_plus_eric_v1,C:\Users\Prutha Pandit\cosmos_final_project\data\raw\session_20260726_161036,shanmu,Palm Up-Down,144,509347.390000,509349.453000,2.063000,43,20.84,21,10.18,41,19.87,C:\Users\Prutha Pandit\cosmos_final_project\datasets\gesture_new3_plus_eric_v1\trials\shanmu_Palm_Up-Down_144.npz,C:\Users\Prutha Pandit\cosmos_final_project\data\raw\session_20260726_161036
gesture_new3_plus_eric_v1,C:\Users\Prutha Pandit\cosmos_final_project\data\raw\session_20260726_161036,shanmu,Palm Up-Down,145,509350.578000,509352.640000,2.062000,43,20.85,20,9.70,41,19.88,C:\Users\Prutha Pandit\cosmos_final_project\datasets\gesture_new3_plus_eric_v1\trials\shanmu_Palm_Up-Down_145.npz,C:\Users\Prutha Pandit\cosmos_final_project\data\raw\session_20260726_161036
gesture_new3_plus_eric_v1,C:\Users\Prutha Pandit\cosmos_final_project\data\raw\session_20260726_161036,shanmu,Palm Up-Down,146,509353.781000,509355.843000,2.062000,43,20.85,21,10.18,41,19.88,C:\Users\Prutha Pandit\cosmos_final_project\datasets\gesture_new3_plus_eric_v1\trials\shanmu_Palm_Up-Down_146.npz,C:\Users\Prutha Pandit\cosmos_final_project\data\raw\session_20260726_161036
gesture_new3_plus_eric_v1,C:\Users\Prutha Pandit\cosmos_final_project\data\raw\session_20260726_161036,shanmu,Palm Up-Down,147,509356.921000,509358.984000,2.063000,44,21.33,21,10.18,42,20.36,C:\Users\Prutha Pandit\cosmos_final_project\datasets\gesture_new3_plus_eric_v1\trials\shanmu_Palm_Up-Down_147.npz,C:\Users\Prutha Pandit\cosmos_final_project\data\raw\session_20260726_161036
gesture_new3_plus_eric_v1,C:\Users\Prutha Pandit\cosmos_final_project\data\raw\session_20260726_161036,shanmu,Palm Up-Down,148,509360.218000,509362.265000,2.047000,43,21.01,21,10.26,42,20.52,C:\Users\Prutha Pandit\cosmos_final_project\datasets\gesture_new3_plus_eric_v1\trials\shanmu_Palm_Up-Down_148.npz,C:\Users\Prutha Pandit\cosmos_final_project\data\raw\session_20260726_161036
gesture_new3_plus_eric_v1,C:\Users\Prutha Pandit\cosmos_final_project\data\raw\session_20260726_161036,shanmu,Palm Up-Down,149,509363.593000,509365.703000,2.110000,45,21.33,21,9.95,42,19.91,C:\Users\Prutha Pandit\cosmos_final_project\datasets\gesture_new3_plus_eric_v1\trials\shanmu_Palm_Up-Down_149.npz,C:\Users\Prutha Pandit\cosmos_final_project\data\raw\session_20260726_161036
gesture_new3_plus_eric_v1,C:\Users\Prutha Pandit\cosmos_final_project\data\raw\session_20260726_161036,shanmu,Palm Up-Down,150,509367.109000,509369.171000,2.062000,43,20.85,21,10.18,42,20.37,C:\Users\Prutha Pandit\cosmos_final_project\datasets\gesture_new3_plus_eric_v1\trials\shanmu_Palm_Up-Down_150.npz,C:\Users\Prutha Pandit\cosmos_final_project\data\raw\session_20260726_161036
gesture_new3_plus_eric_v1,C:\Users\Prutha Pandit\cosmos_final_project\data\raw\session_20260726_162953,joycelyn,Push,1,509636.484000,509638.578000,2.094000,43,20.53,21,10.03,42,20.06,C:\Users\Prutha Pandit\cosmos_final_project\datasets\gesture_new3_plus_eric_v1\trials\joycelyn_Push_001.npz,C:\Users\Prutha Pandit\cosmos_final_project\data\raw\session_20260726_162953
gesture_new3_plus_eric_v1,C:\Users\Prutha Pandit\cosmos_final_project\data\raw\session_20260726_162953,joycelyn,Push,2,509643.015000,509645.078000,2.063000,45,21.81,21,10.18,41,19.87,C:\Users\Prutha Pandit\cosmos_final_project\datasets\gesture_new3_plus_eric_v1\trials\joycelyn_Push_002.npz,C:\Users\Prutha Pandit\cosmos_final_project\data\raw\session_20260726_162953
gesture_new3_plus_eric_v1,C:\Users\Prutha Pandit\cosmos_final_project\data\raw\session_20260726_162953,joycelyn,Push,3,509648.921000,509650.984000,2.063000,44,21.33,21,10.18,41,19.87,C:\Users\Prutha Pandit\cosmos_final_project\datasets\gesture_new3_plus_eric_v1\trials\joycelyn_Push_003.npz,C:\Users\Prutha Pandit\cosmos_final_project\data\raw\session_20260726_162953
gesture_new3_plus_eric_v1,C:\Users\Prutha Pandit\cosmos_final_project\data\raw\session_20260726_162953,joycelyn,Push,4,509654.437000,509656.515000,2.078000,44,21.17,21,10.11,42,20.21,C:\Users\Prutha Pandit\cosmos_final_project\datasets\gesture_new3_plus_eric_v1\trials\joycelyn_Push_004.npz,C:\Users\Prutha Pandit\cosmos_final_project\data\raw\session_20260726_162953
gesture_new3_plus_eric_v1,C:\Users\Prutha Pandit\cosmos_final_project\data\raw\session_20260726_162953,joycelyn,Push,5,509661.109000,509663.171000,2.062000,44,21.34,21,10.18,41,19.88,C:\Users\Prutha Pandit\cosmos_final_project\datasets\gesture_new3_plus_eric_v1\trials\joycelyn_Push_005.npz,C:\Users\Prutha Pandit\cosmos_final_project\data\raw\session_20260726_162953
gesture_new3_plus_eric_v1,C:\Users\Prutha Pandit\cosmos_final_project\data\raw\session_20260726_162953,joycelyn,Push,6,509670.171000,509672.265000,2.094000,44,21.01,21,10.03,42,20.06,C:\Users\Prutha Pandit\cosmos_final_project\datasets\gesture_new3_plus_eric_v1\trials\joycelyn_Push_006.npz,C:\Users\Prutha Pandit\cosmos_final_project\data\raw\session_20260726_162953
gesture_new3_plus_eric_v1,C:\Users\Prutha Pandit\cosmos_final_project\data\raw\session_20260726_162953,joycelyn,Push,7,509676.750000,509678.781000,2.031000,44,21.66,21,10.34,41,20.19,C:\Users\Prutha Pandit\cosmos_final_project\datasets\gesture_new3_plus_eric_v1\trials\joycelyn_Push_007.npz,C:\Users\Prutha Pandit\cosmos_final_project\data\raw\session_20260726_162953
gesture_new3_plus_eric_v1,C:\Users\Prutha Pandit\cosmos_final_project\data\raw\session_20260726_162953,joycelyn,Push,8,509685.453000,509687.515000,2.062000,44,21.34,21,10.18,42,20.37,C:\Users\Prutha Pandit\cosmos_final_project\datasets\gesture_new3_plus_eric_v1\trials\joycelyn_Push_008.npz,C:\Users\Prutha Pandit\cosmos_final_project\data\raw\session_20260726_162953
gesture_new3_plus_eric_v1,C:\Users\Prutha Pandit\cosmos_final_project\data\raw\session_20260726_162953,joycelyn,Push,9,509722.687000,509724.796000,2.109000,44,20.86,21,9.96,42,19.91,C:\Users\Prutha Pandit\cosmos_final_project\datasets\gesture_new3_plus_eric_v1\trials\joycelyn_Push_009.npz,C:\Users\Prutha Pandit\cosmos_final_project\data\raw\session_20260726_162953
gesture_new3_plus_eric_v1,C:\Users\Prutha Pandit\cosmos_final_project\data\raw\session_20260726_162953,joycelyn,Push,10,509731.906000,509733.968000,2.062000,45,21.82,21,10.18,41,19.88,C:\Users\Prutha Pandit\cosmos_final_project\datasets\gesture_new3_plus_eric_v1\trials\joycelyn_Push_010.npz,C:\Users\Prutha Pandit\cosmos_final_project\data\raw\session_20260726_162953
gesture_new3_plus_eric_v1,C:\Users\Prutha Pandit\cosmos_final_project\data\raw\session_20260726_162953,joycelyn,Pull,11,509740.796000,509742.843000,2.047000,42,20.52,20,9.77,41,20.03,C:\Users\Prutha Pandit\cosmos_final_project\datasets\gesture_new3_plus_eric_v1\trials\joycelyn_Pull_011.npz,C:\Users\Prutha Pandit\cosmos_final_project\data\raw\session_20260726_162953
gesture_new3_plus_eric_v1,C:\Users\Prutha Pandit\cosmos_final_project\data\raw\session_20260726_162953,joycelyn,Pull,12,509746.281000,509748.343000,2.062000,43,20.85,20,9.70,41,19.88,C:\Users\Prutha Pandit\cosmos_final_project\datasets\gesture_new3_plus_eric_v1\trials\joycelyn_Pull_012.npz,C:\Users\Prutha Pandit\cosmos_final_project\data\raw\session_20260726_162953
gesture_new3_plus_eric_v1,C:\Users\Prutha Pandit\cosmos_final_project\data\raw\session_20260726_162953,joycelyn,Pull,13,509754.000000,509756.109000,2.109000,45,21.34,21,9.96,43,20.39,C:\Users\Prutha Pandit\cosmos_final_project\datasets\gesture_new3_plus_eric_v1\trials\joycelyn_Pull_013.npz,C:\Users\Prutha Pandit\cosmos_final_project\data\raw\session_20260726_162953
gesture_new3_plus_eric_v1,C:\Users\Prutha Pandit\cosmos_final_project\data\raw\session_20260726_162953,joycelyn,Pull,14,509763.031000,509765.078000,2.047000,43,21.01,21,10.26,41,20.03,C:\Users\Prutha Pandit\cosmos_final_project\datasets\gesture_new3_plus_eric_v1\trials\joycelyn_Pull_014.npz,C:\Users\Prutha Pandit\cosmos_final_project\data\raw\session_20260726_162953
gesture_new3_plus_eric_v1,C:\Users\Prutha Pandit\cosmos_final_project\data\raw\session_20260726_162953,joycelyn,Pull,15,509770.812000,509772.906000,2.094000,44,21.01,20,9.55,42,20.06,C:\Users\Prutha Pandit\cosmos_final_project\datasets\gesture_new3_plus_eric_v1\trials\joycelyn_Pull_015.npz,C:\Users\Prutha Pandit\cosmos_final_project\data\raw\session_20260726_162953
gesture_new3_plus_eric_v1,C:\Users\Prutha Pandit\cosmos_final_project\data\raw\session_20260726_162953,joycelyn,Pull,16,509776.625000,509778.703000,2.078000,44,21.17,21,10.11,42,20.21,C:\Users\Prutha Pandit\cosmos_final_project\datasets\gesture_new3_plus_eric_v1\trials\joycelyn_Pull_016.npz,C:\Users\Prutha Pandit\cosmos_final_project\data\raw\session_20260726_162953
gesture_new3_plus_eric_v1,C:\Users\Prutha Pandit\cosmos_final_project\data\raw\session_20260726_162953,joycelyn,Pull,17,509782.500000,509784.578000,2.078000,44,21.17,21,10.11,42,20.21,C:\Users\Prutha Pandit\cosmos_final_project\datasets\gesture_new3_plus_eric_v1\trials\joycelyn_Pull_017.npz,C:\Users\Prutha Pandit\cosmos_final_project\data\raw\session_20260726_162953
gesture_new3_plus_eric_v1,C:\Users\Prutha Pandit\cosmos_final_project\data\raw\session_20260726_162953,joycelyn,Pull,18,509787.843000,509789.859000,2.016000,43,21.33,21,10.42,41,20.34,C:\Users\Prutha Pandit\cosmos_final_project\datasets\gesture_new3_plus_eric_v1\trials\joycelyn_Pull_018.npz,C:\Users\Prutha Pandit\cosmos_final_project\data\raw\session_20260726_162953
gesture_new3_plus_eric_v1,C:\Users\Prutha Pandit\cosmos_final_project\data\raw\session_20260726_162953,joycelyn,Pull,19,509793.312000,509795.390000,2.078000,45,21.66,21,10.11,41,19.73,C:\Users\Prutha Pandit\cosmos_final_project\datasets\gesture_new3_plus_eric_v1\trials\joycelyn_Pull_019.npz,C:\Users\Prutha Pandit\cosmos_final_project\data\raw\session_20260726_162953
gesture_new3_plus_eric_v1,C:\Users\Prutha Pandit\cosmos_final_project\data\raw\session_20260726_162953,joycelyn,Pull,20,509799.296000,509801.312000,2.016000,43,21.33,20,9.92,41,20.34,C:\Users\Prutha Pandit\cosmos_final_project\datasets\gesture_new3_plus_eric_v1\trials\joycelyn_Pull_020.npz,C:\Users\Prutha Pandit\cosmos_final_project\data\raw\session_20260726_162953
gesture_new3_plus_eric_v1,C:\Users\Prutha Pandit\cosmos_final_project\data\raw\session_20260726_162953,joycelyn,Clockwise,21,509810.656000,509812.750000,2.094000,44,21.01,21,10.03,43,20.53,C:\Users\Prutha Pandit\cosmos_final_project\datasets\gesture_new3_plus_eric_v1\trials\joycelyn_Clockwise_021.npz,C:\Users\Prutha Pandit\cosmos_final_project\data\raw\session_20260726_162953
gesture_new3_plus_eric_v1,C:\Users\Prutha Pandit\cosmos_final_project\data\raw\session_20260726_162953,joycelyn,Clockwise,22,509858.593000,509860.671000,2.078000,44,21.17,21,10.11,42,20.21,C:\Users\Prutha Pandit\cosmos_final_project\datasets\gesture_new3_plus_eric_v1\trials\joycelyn_Clockwise_022.npz,C:\Users\Prutha Pandit\cosmos_final_project\data\raw\session_20260726_162953
gesture_new3_plus_eric_v1,C:\Users\Prutha Pandit\cosmos_final_project\data\raw\session_20260726_162953,joycelyn,Clockwise,23,509871.343000,509873.390000,2.047000,44,21.49,21,10.26,41,20.03,C:\Users\Prutha Pandit\cosmos_final_project\datasets\gesture_new3_plus_eric_v1\trials\joycelyn_Clockwise_023.npz,C:\Users\Prutha Pandit\cosmos_final_project\data\raw\session_20260726_162953
gesture_new3_plus_eric_v1,C:\Users\Prutha Pandit\cosmos_final_project\data\raw\session_20260726_162953,joycelyn,Clockwise,24,509877.250000,509879.328000,2.078000,45,21.66,21,10.11,42,20.21,C:\Users\Prutha Pandit\cosmos_final_project\datasets\gesture_new3_plus_eric_v1\trials\joycelyn_Clockwise_024.npz,C:\Users\Prutha Pandit\cosmos_final_project\data\raw\session_20260726_162953
gesture_new3_plus_eric_v1,C:\Users\Prutha Pandit\cosmos_final_project\data\raw\session_20260726_162953,joycelyn,Clockwise,25,509882.734000,509884.796000,2.062000,43,20.85,21,10.18,42,20.37,C:\Users\Prutha Pandit\cosmos_final_project\datasets\gesture_new3_plus_eric_v1\trials\joycelyn_Clockwise_025.npz,C:\Users\Prutha Pandit\cosmos_final_project\data\raw\session_20260726_162953
gesture_new3_plus_eric_v1,C:\Users\Prutha Pandit\cosmos_final_project\data\raw\session_20260726_162953,joycelyn,Clockwise,26,509888.281000,509890.328000,2.047000,44,21.49,21,10.26,41,20.03,C:\Users\Prutha Pandit\cosmos_final_project\datasets\gesture_new3_plus_eric_v1\trials\joycelyn_Clockwise_026.npz,C:\Users\Prutha Pandit\cosmos_final_project\data\raw\session_20260726_162953
gesture_new3_plus_eric_v1,C:\Users\Prutha Pandit\cosmos_final_project\data\raw\session_20260726_162953,joycelyn,Clockwise,27,509893.968000,509896.062000,2.094000,44,21.01,21,10.03,42,20.06,C:\Users\Prutha Pandit\cosmos_final_project\datasets\gesture_new3_plus_eric_v1\trials\joycelyn_Clockwise_027.npz,C:\Users\Prutha Pandit\cosmos_final_project\data\raw\session_20260726_162953
gesture_new3_plus_eric_v1,C:\Users\Prutha Pandit\cosmos_final_project\data\raw\session_20260726_162953,joycelyn,Clockwise,28,509900.484000,509902.500000,2.016000,43,21.33,20,9.92,41,20.34,C:\Users\Prutha Pandit\cosmos_final_project\datasets\gesture_new3_plus_eric_v1\trials\joycelyn_Clockwise_028.npz,C:\Users\Prutha Pandit\cosmos_final_project\data\raw\session_20260726_162953
gesture_new3_plus_eric_v1,C:\Users\Prutha Pandit\cosmos_final_project\data\raw\session_20260726_162953,joycelyn,Clockwise,29,509906.453000,509908.484000,2.031000,44,21.66,21,10.34,40,19.69,C:\Users\Prutha Pandit\cosmos_final_project\datasets\gesture_new3_plus_eric_v1\trials\joycelyn_Clockwise_029.npz,C:\Users\Prutha Pandit\cosmos_final_project\data\raw\session_20260726_162953
gesture_new3_plus_eric_v1,C:\Users\Prutha Pandit\cosmos_final_project\data\raw\session_20260726_162953,joycelyn,Clockwise,30,509911.828000,509913.890000,2.062000,43,20.85,21,10.18,41,19.88,C:\Users\Prutha Pandit\cosmos_final_project\datasets\gesture_new3_plus_eric_v1\trials\joycelyn_Clockwise_030.npz,C:\Users\Prutha Pandit\cosmos_final_project\data\raw\session_20260726_162953
gesture_new3_plus_eric_v1,C:\Users\Prutha Pandit\cosmos_final_project\data\raw\session_20260726_162953,joycelyn,Anti-clockwise,31,509920.984000,509923.031000,2.047000,44,21.49,20,9.77,41,20.03,C:\Users\Prutha Pandit\cosmos_final_project\datasets\gesture_new3_plus_eric_v1\trials\joycelyn_Anti-clockwise_031.npz,C:\Users\Prutha Pandit\cosmos_final_project\data\raw\session_20260726_162953
gesture_new3_plus_eric_v1,C:\Users\Prutha Pandit\cosmos_final_project\data\raw\session_20260726_162953,joycelyn,Anti-clockwise,32,509926.296000,509928.375000,2.079000,44,21.16,21,10.10,42,20.20,C:\Users\Prutha Pandit\cosmos_final_project\datasets\gesture_new3_plus_eric_v1\trials\joycelyn_Anti-clockwise_032.npz,C:\Users\Prutha Pandit\cosmos_final_project\data\raw\session_20260726_162953
gesture_new3_plus_eric_v1,C:\Users\Prutha Pandit\cosmos_final_project\data\raw\session_20260726_162953,joycelyn,Anti-clockwise,33,509931.468000,509933.531000,2.063000,45,21.81,21,10.18,41,19.87,C:\Users\Prutha Pandit\cosmos_final_project\datasets\gesture_new3_plus_eric_v1\trials\joycelyn_Anti-clockwise_033.npz,C:\Users\Prutha Pandit\cosmos_final_project\data\raw\session_20260726_162953
gesture_new3_plus_eric_v1,C:\Users\Prutha Pandit\cosmos_final_project\data\raw\session_20260726_162953,joycelyn,Anti-clockwise,34,509936.406000,509938.484000,2.078000,45,21.66,20,9.62,42,20.21,C:\Users\Prutha Pandit\cosmos_final_project\datasets\gesture_new3_plus_eric_v1\trials\joycelyn_Anti-clockwise_034.npz,C:\Users\Prutha Pandit\cosmos_final_project\data\raw\session_20260726_162953
gesture_new3_plus_eric_v1,C:\Users\Prutha Pandit\cosmos_final_project\data\raw\session_20260726_162953,joycelyn,Anti-clockwise,35,509941.515000,509943.578000,2.063000,42,20.36,21,10.18,41,19.87,C:\Users\Prutha Pandit\cosmos_final_project\datasets\gesture_new3_plus_eric_v1\trials\joycelyn_Anti-clockwise_035.npz,C:\Users\Prutha Pandit\cosmos_final_project\data\raw\session_20260726_162953
gesture_new3_plus_eric_v1,C:\Users\Prutha Pandit\cosmos_final_project\data\raw\session_20260726_162953,joycelyn,Anti-clockwise,36,509947.500000,509949.609000,2.109000,45,21.34,21,9.96,43,20.39,C:\Users\Prutha Pandit\cosmos_final_project\datasets\gesture_new3_plus_eric_v1\trials\joycelyn_Anti-clockwise_036.npz,C:\Users\Prutha Pandit\cosmos_final_project\data\raw\session_20260726_162953
gesture_new3_plus_eric_v1,C:\Users\Prutha Pandit\cosmos_final_project\data\raw\session_20260726_162953,joycelyn,Anti-clockwise,37,509952.812000,509954.875000,2.063000,44,21.33,21,10.18,41,19.87,C:\Users\Prutha Pandit\cosmos_final_project\datasets\gesture_new3_plus_eric_v1\trials\joycelyn_Anti-clockwise_037.npz,C:\Users\Prutha Pandit\cosmos_final_project\data\raw\session_20260726_162953
gesture_new3_plus_eric_v1,C:\Users\Prutha Pandit\cosmos_final_project\data\raw\session_20260726_162953,joycelyn,Anti-clockwise,38,509958.078000,509960.171000,2.093000,45,21.50,21,10.03,42,20.07,C:\Users\Prutha Pandit\cosmos_final_project\datasets\gesture_new3_plus_eric_v1\trials\joycelyn_Anti-clockwise_038.npz,C:\Users\Prutha Pandit\cosmos_final_project\data\raw\session_20260726_162953
gesture_new3_plus_eric_v1,C:\Users\Prutha Pandit\cosmos_final_project\data\raw\session_20260726_162953,joycelyn,Anti-clockwise,39,509962.968000,509965.000000,2.032000,44,21.65,21,10.33,41,20.18,C:\Users\Prutha Pandit\cosmos_final_project\datasets\gesture_new3_plus_eric_v1\trials\joycelyn_Anti-clockwise_039.npz,C:\Users\Prutha Pandit\cosmos_final_project\data\raw\session_20260726_162953
gesture_new3_plus_eric_v1,C:\Users\Prutha Pandit\cosmos_final_project\data\raw\session_20260726_162953,joycelyn,Anti-clockwise,40,509968.390000,509970.437000,2.047000,43,21.01,20,9.77,41,20.03,C:\Users\Prutha Pandit\cosmos_final_project\datasets\gesture_new3_plus_eric_v1\trials\joycelyn_Anti-clockwise_040.npz,C:\Users\Prutha Pandit\cosmos_final_project\data\raw\session_20260726_162953
gesture_new3_plus_eric_v1,C:\Users\Prutha Pandit\cosmos_final_project\data\raw\session_20260726_162953,joycelyn,Right,41,509981.640000,509983.687000,2.047000,43,21.01,21,10.26,41,20.03,C:\Users\Prutha Pandit\cosmos_final_project\datasets\gesture_new3_plus_eric_v1\trials\joycelyn_Right_041.npz,C:\Users\Prutha Pandit\cosmos_final_project\data\raw\session_20260726_162953
gesture_new3_plus_eric_v1,C:\Users\Prutha Pandit\cosmos_final_project\data\raw\session_20260726_162953,joycelyn,Right,42,509989.515000,509991.546000,2.031000,43,21.17,20,9.85,41,20.19,C:\Users\Prutha Pandit\cosmos_final_project\datasets\gesture_new3_plus_eric_v1\trials\joycelyn_Right_042.npz,C:\Users\Prutha Pandit\cosmos_final_project\data\raw\session_20260726_162953
gesture_new3_plus_eric_v1,C:\Users\Prutha Pandit\cosmos_final_project\data\raw\session_20260726_162953,joycelyn,Right,43,509995.015000,509997.031000,2.016000,43,21.33,19,9.42,40,19.84,C:\Users\Prutha Pandit\cosmos_final_project\datasets\gesture_new3_plus_eric_v1\trials\joycelyn_Right_043.npz,C:\Users\Prutha Pandit\cosmos_final_project\data\raw\session_20260726_162953
gesture_new3_plus_eric_v1,C:\Users\Prutha Pandit\cosmos_final_project\data\raw\session_20260726_162953,joycelyn,Right,44,510000.484000,510002.546000,2.062000,44,21.34,20,9.70,41,19.88,C:\Users\Prutha Pandit\cosmos_final_project\datasets\gesture_new3_plus_eric_v1\trials\joycelyn_Right_044.npz,C:\Users\Prutha Pandit\cosmos_final_project\data\raw\session_20260726_162953
gesture_new3_plus_eric_v1,C:\Users\Prutha Pandit\cosmos_final_project\data\raw\session_20260726_162953,joycelyn,Right,45,510006.109000,510008.187000,2.078000,44,21.17,21,10.11,41,19.73,C:\Users\Prutha Pandit\cosmos_final_project\datasets\gesture_new3_plus_eric_v1\trials\joycelyn_Right_045.npz,C:\Users\Prutha Pandit\cosmos_final_project\data\raw\session_20260726_162953
gesture_new3_plus_eric_v1,C:\Users\Prutha Pandit\cosmos_final_project\data\raw\session_20260726_162953,joycelyn,Right,46,510011.828000,510013.906000,2.078000,44,21.17,20,9.62,42,20.21,C:\Users\Prutha Pandit\cosmos_final_project\datasets\gesture_new3_plus_eric_v1\trials\joycelyn_Right_046.npz,C:\Users\Prutha Pandit\cosmos_final_project\data\raw\session_20260726_162953
gesture_new3_plus_eric_v1,C:\Users\Prutha Pandit\cosmos_final_project\data\raw\session_20260726_162953,joycelyn,Right,47,510017.156000,510019.250000,2.094000,45,21.49,21,10.03,43,20.53,C:\Users\Prutha Pandit\cosmos_final_project\datasets\gesture_new3_plus_eric_v1\trials\joycelyn_Right_047.npz,C:\Users\Prutha Pandit\cosmos_final_project\data\raw\session_20260726_162953
gesture_new3_plus_eric_v1,C:\Users\Prutha Pandit\cosmos_final_project\data\raw\session_20260726_162953,joycelyn,Right,48,510022.671000,510024.734000,2.063000,44,21.33,20,9.69,41,19.87,C:\Users\Prutha Pandit\cosmos_final_project\datasets\gesture_new3_plus_eric_v1\trials\joycelyn_Right_048.npz,C:\Users\Prutha Pandit\cosmos_final_project\data\raw\session_20260726_162953
gesture_new3_plus_eric_v1,C:\Users\Prutha Pandit\cosmos_final_project\data\raw\session_20260726_162953,joycelyn,Right,49,510028.468000,510030.468000,2.000000,42,21.00,21,10.50,40,20.00,C:\Users\Prutha Pandit\cosmos_final_project\datasets\gesture_new3_plus_eric_v1\trials\joycelyn_Right_049.npz,C:\Users\Prutha Pandit\cosmos_final_project\data\raw\session_20260726_162953
gesture_new3_plus_eric_v1,C:\Users\Prutha Pandit\cosmos_final_project\data\raw\session_20260726_162953,joycelyn,Right,50,510040.515000,510042.593000,2.078000,44,21.17,21,10.11,41,19.73,C:\Users\Prutha Pandit\cosmos_final_project\datasets\gesture_new3_plus_eric_v1\trials\joycelyn_Right_050.npz,C:\Users\Prutha Pandit\cosmos_final_project\data\raw\session_20260726_162953
gesture_new3_plus_eric_v1,C:\Users\Prutha Pandit\cosmos_final_project\data\raw\session_20260726_162953,joycelyn,Left,51,510052.046000,510054.109000,2.063000,44,21.33,21,10.18,42,20.36,C:\Users\Prutha Pandit\cosmos_final_project\datasets\gesture_new3_plus_eric_v1\trials\joycelyn_Left_051.npz,C:\Users\Prutha Pandit\cosmos_final_project\data\raw\session_20260726_162953
gesture_new3_plus_eric_v1,C:\Users\Prutha Pandit\cosmos_final_project\data\raw\session_20260726_162953,joycelyn,Left,52,510057.625000,510059.718000,2.093000,44,21.02,21,10.03,42,20.07,C:\Users\Prutha Pandit\cosmos_final_project\datasets\gesture_new3_plus_eric_v1\trials\joycelyn_Left_052.npz,C:\Users\Prutha Pandit\cosmos_final_project\data\raw\session_20260726_162953
gesture_new3_plus_eric_v1,C:\Users\Prutha Pandit\cosmos_final_project\data\raw\session_20260726_162953,joycelyn,Left,53,510064.062000,510066.125000,2.063000,43,20.84,21,10.18,41,19.87,C:\Users\Prutha Pandit\cosmos_final_project\datasets\gesture_new3_plus_eric_v1\trials\joycelyn_Left_053.npz,C:\Users\Prutha Pandit\cosmos_final_project\data\raw\session_20260726_162953
gesture_new3_plus_eric_v1,C:\Users\Prutha Pandit\cosmos_final_project\data\raw\session_20260726_162953,joycelyn,Left,54,510070.062000,510072.062000,2.000000,42,21.00,19,9.50,40,20.00,C:\Users\Prutha Pandit\cosmos_final_project\datasets\gesture_new3_plus_eric_v1\trials\joycelyn_Left_054.npz,C:\Users\Prutha Pandit\cosmos_final_project\data\raw\session_20260726_162953
gesture_new3_plus_eric_v1,C:\Users\Prutha Pandit\cosmos_final_project\data\raw\session_20260726_162953,joycelyn,Left,55,510075.421000,510077.515000,2.094000,45,21.49,21,10.03,42,20.06,C:\Users\Prutha Pandit\cosmos_final_project\datasets\gesture_new3_plus_eric_v1\trials\joycelyn_Left_055.npz,C:\Users\Prutha Pandit\cosmos_final_project\data\raw\session_20260726_162953
gesture_new3_plus_eric_v1,C:\Users\Prutha Pandit\cosmos_final_project\data\raw\session_20260726_162953,joycelyn,Left,56,510081.234000,510083.296000,2.062000,43,20.85,21,10.18,42,20.37,C:\Users\Prutha Pandit\cosmos_final_project\datasets\gesture_new3_plus_eric_v1\trials\joycelyn_Left_056.npz,C:\Users\Prutha Pandit\cosmos_final_project\data\raw\session_20260726_162953
gesture_new3_plus_eric_v1,C:\Users\Prutha Pandit\cosmos_final_project\data\raw\session_20260726_162953,joycelyn,Left,57,510086.859000,510088.937000,2.078000,45,21.66,21,10.11,41,19.73,C:\Users\Prutha Pandit\cosmos_final_project\datasets\gesture_new3_plus_eric_v1\trials\joycelyn_Left_057.npz,C:\Users\Prutha Pandit\cosmos_final_project\data\raw\session_20260726_162953
gesture_new3_plus_eric_v1,C:\Users\Prutha Pandit\cosmos_final_project\data\raw\session_20260726_162953,joycelyn,Left,58,510092.343000,510094.359000,2.016000,43,21.33,20,9.92,41,20.34,C:\Users\Prutha Pandit\cosmos_final_project\datasets\gesture_new3_plus_eric_v1\trials\joycelyn_Left_058.npz,C:\Users\Prutha Pandit\cosmos_final_project\data\raw\session_20260726_162953
gesture_new3_plus_eric_v1,C:\Users\Prutha Pandit\cosmos_final_project\data\raw\session_20260726_162953,joycelyn,Left,59,510097.406000,510099.421000,2.015000,43,21.34,20,9.93,40,19.85,C:\Users\Prutha Pandit\cosmos_final_project\datasets\gesture_new3_plus_eric_v1\trials\joycelyn_Left_059.npz,C:\Users\Prutha Pandit\cosmos_final_project\data\raw\session_20260726_162953
gesture_new3_plus_eric_v1,C:\Users\Prutha Pandit\cosmos_final_project\data\raw\session_20260726_162953,joycelyn,Left,60,510102.750000,510104.828000,2.078000,44,21.17,21,10.11,42,20.21,C:\Users\Prutha Pandit\cosmos_final_project\datasets\gesture_new3_plus_eric_v1\trials\joycelyn_Left_060.npz,C:\Users\Prutha Pandit\cosmos_final_project\data\raw\session_20260726_162953
gesture_new3_plus_eric_v1,C:\Users\Prutha Pandit\cosmos_final_project\data\raw\session_20260726_162953,joycelyn,Bye-Bye,61,510113.281000,510115.375000,2.094000,45,21.49,21,10.03,42,20.06,C:\Users\Prutha Pandit\cosmos_final_project\datasets\gesture_new3_plus_eric_v1\trials\joycelyn_Bye-Bye_061.npz,C:\Users\Prutha Pandit\cosmos_final_project\data\raw\session_20260726_162953
gesture_new3_plus_eric_v1,C:\Users\Prutha Pandit\cosmos_final_project\data\raw\session_20260726_162953,joycelyn,Bye-Bye,62,510117.984000,510120.062000,2.078000,45,21.66,21,10.11,42,20.21,C:\Users\Prutha Pandit\cosmos_final_project\datasets\gesture_new3_plus_eric_v1\trials\joycelyn_Bye-Bye_062.npz,C:\Users\Prutha Pandit\cosmos_final_project\data\raw\session_20260726_162953
gesture_new3_plus_eric_v1,C:\Users\Prutha Pandit\cosmos_final_project\data\raw\session_20260726_162953,joycelyn,Bye-Bye,63,510122.078000,510124.156000,2.078000,44,21.17,20,9.62,42,20.21,C:\Users\Prutha Pandit\cosmos_final_project\datasets\gesture_new3_plus_eric_v1\trials\joycelyn_Bye-Bye_063.npz,C:\Users\Prutha Pandit\cosmos_final_project\data\raw\session_20260726_162953
gesture_new3_plus_eric_v1,C:\Users\Prutha Pandit\cosmos_final_project\data\raw\session_20260726_162953,joycelyn,Bye-Bye,64,510126.640000,510128.671000,2.031000,43,21.17,21,10.34,41,20.19,C:\Users\Prutha Pandit\cosmos_final_project\datasets\gesture_new3_plus_eric_v1\trials\joycelyn_Bye-Bye_064.npz,C:\Users\Prutha Pandit\cosmos_final_project\data\raw\session_20260726_162953
gesture_new3_plus_eric_v1,C:\Users\Prutha Pandit\cosmos_final_project\data\raw\session_20260726_162953,joycelyn,Bye-Bye,65,510131.062000,510133.156000,2.094000,44,21.01,21,10.03,42,20.06,C:\Users\Prutha Pandit\cosmos_final_project\datasets\gesture_new3_plus_eric_v1\trials\joycelyn_Bye-Bye_065.npz,C:\Users\Prutha Pandit\cosmos_final_project\data\raw\session_20260726_162953
gesture_new3_plus_eric_v1,C:\Users\Prutha Pandit\cosmos_final_project\data\raw\session_20260726_162953,joycelyn,Bye-Bye,66,510135.390000,510137.468000,2.078000,44,21.17,21,10.11,42,20.21,C:\Users\Prutha Pandit\cosmos_final_project\datasets\gesture_new3_plus_eric_v1\trials\joycelyn_Bye-Bye_066.npz,C:\Users\Prutha Pandit\cosmos_final_project\data\raw\session_20260726_162953
gesture_new3_plus_eric_v1,C:\Users\Prutha Pandit\cosmos_final_project\data\raw\session_20260726_162953,joycelyn,Bye-Bye,67,510139.937000,510142.000000,2.063000,44,21.33,21,10.18,42,20.36,C:\Users\Prutha Pandit\cosmos_final_project\datasets\gesture_new3_plus_eric_v1\trials\joycelyn_Bye-Bye_067.npz,C:\Users\Prutha Pandit\cosmos_final_project\data\raw\session_20260726_162953
gesture_new3_plus_eric_v1,C:\Users\Prutha Pandit\cosmos_final_project\data\raw\session_20260726_162953,joycelyn,Bye-Bye,68,510143.468000,510145.531000,2.063000,43,20.84,21,10.18,41,19.87,C:\Users\Prutha Pandit\cosmos_final_project\datasets\gesture_new3_plus_eric_v1\trials\joycelyn_Bye-Bye_068.npz,C:\Users\Prutha Pandit\cosmos_final_project\data\raw\session_20260726_162953
gesture_new3_plus_eric_v1,C:\Users\Prutha Pandit\cosmos_final_project\data\raw\session_20260726_162953,joycelyn,Bye-Bye,69,510148.421000,510150.468000,2.047000,43,21.01,21,10.26,41,20.03,C:\Users\Prutha Pandit\cosmos_final_project\datasets\gesture_new3_plus_eric_v1\trials\joycelyn_Bye-Bye_069.npz,C:\Users\Prutha Pandit\cosmos_final_project\data\raw\session_20260726_162953
gesture_new3_plus_eric_v1,C:\Users\Prutha Pandit\cosmos_final_project\data\raw\session_20260726_162953,joycelyn,Bye-Bye,70,510153.062000,510155.156000,2.094000,45,21.49,22,10.51,42,20.06,C:\Users\Prutha Pandit\cosmos_final_project\datasets\gesture_new3_plus_eric_v1\trials\joycelyn_Bye-Bye_070.npz,C:\Users\Prutha Pandit\cosmos_final_project\data\raw\session_20260726_162953
gesture_new3_plus_eric_v1,C:\Users\Prutha Pandit\cosmos_final_project\data\raw\session_20260726_162953,joycelyn,One-Arm Boxing,71,510169.828000,510171.890000,2.062000,44,21.34,21,10.18,41,19.88,C:\Users\Prutha Pandit\cosmos_final_project\datasets\gesture_new3_plus_eric_v1\trials\joycelyn_One-Arm_Boxing_071.npz,C:\Users\Prutha Pandit\cosmos_final_project\data\raw\session_20260726_162953
gesture_new3_plus_eric_v1,C:\Users\Prutha Pandit\cosmos_final_project\data\raw\session_20260726_162953,joycelyn,One-Arm Boxing,72,510175.187000,510177.234000,2.047000,43,21.01,20,9.77,41,20.03,C:\Users\Prutha Pandit\cosmos_final_project\datasets\gesture_new3_plus_eric_v1\trials\joycelyn_One-Arm_Boxing_072.npz,C:\Users\Prutha Pandit\cosmos_final_project\data\raw\session_20260726_162953
gesture_new3_plus_eric_v1,C:\Users\Prutha Pandit\cosmos_final_project\data\raw\session_20260726_162953,joycelyn,One-Arm Boxing,73,510180.437000,510182.515000,2.078000,45,21.66,21,10.11,42,20.21,C:\Users\Prutha Pandit\cosmos_final_project\datasets\gesture_new3_plus_eric_v1\trials\joycelyn_One-Arm_Boxing_073.npz,C:\Users\Prutha Pandit\cosmos_final_project\data\raw\session_20260726_162953
gesture_new3_plus_eric_v1,C:\Users\Prutha Pandit\cosmos_final_project\data\raw\session_20260726_162953,joycelyn,One-Arm Boxing,74,510185.625000,510187.703000,2.078000,45,21.66,21,10.11,42,20.21,C:\Users\Prutha Pandit\cosmos_final_project\datasets\gesture_new3_plus_eric_v1\trials\joycelyn_One-Arm_Boxing_074.npz,C:\Users\Prutha Pandit\cosmos_final_project\data\raw\session_20260726_162953
gesture_new3_plus_eric_v1,C:\Users\Prutha Pandit\cosmos_final_project\data\raw\session_20260726_162953,joycelyn,One-Arm Boxing,75,510190.859000,510192.953000,2.094000,45,21.49,22,10.51,42,20.06,C:\Users\Prutha Pandit\cosmos_final_project\datasets\gesture_new3_plus_eric_v1\trials\joycelyn_One-Arm_Boxing_075.npz,C:\Users\Prutha Pandit\cosmos_final_project\data\raw\session_20260726_162953
gesture_new3_plus_eric_v1,C:\Users\Prutha Pandit\cosmos_final_project\data\raw\session_20260726_162953,joycelyn,One-Arm Boxing,76,510196.187000,510198.281000,2.094000,45,21.49,21,10.03,42,20.06,C:\Users\Prutha Pandit\cosmos_final_project\datasets\gesture_new3_plus_eric_v1\trials\joycelyn_One-Arm_Boxing_076.npz,C:\Users\Prutha Pandit\cosmos_final_project\data\raw\session_20260726_162953
gesture_new3_plus_eric_v1,C:\Users\Prutha Pandit\cosmos_final_project\data\raw\session_20260726_162953,joycelyn,One-Arm Boxing,77,510201.203000,510203.281000,2.078000,44,21.17,21,10.11,42,20.21,C:\Users\Prutha Pandit\cosmos_final_project\datasets\gesture_new3_plus_eric_v1\trials\joycelyn_One-Arm_Boxing_077.npz,C:\Users\Prutha Pandit\cosmos_final_project\data\raw\session_20260726_162953
gesture_new3_plus_eric_v1,C:\Users\Prutha Pandit\cosmos_final_project\data\raw\session_20260726_162953,joycelyn,One-Arm Boxing,78,510210.015000,510212.062000,2.047000,44,21.49,21,10.26,41,20.03,C:\Users\Prutha Pandit\cosmos_final_project\datasets\gesture_new3_plus_eric_v1\trials\joycelyn_One-Arm_Boxing_078.npz,C:\Users\Prutha Pandit\cosmos_final_project\data\raw\session_20260726_162953
gesture_new3_plus_eric_v1,C:\Users\Prutha Pandit\cosmos_final_project\data\raw\session_20260726_162953,joycelyn,One-Arm Boxing,79,510214.828000,510216.890000,2.062000,44,21.34,21,10.18,41,19.88,C:\Users\Prutha Pandit\cosmos_final_project\datasets\gesture_new3_plus_eric_v1\trials\joycelyn_One-Arm_Boxing_079.npz,C:\Users\Prutha Pandit\cosmos_final_project\data\raw\session_20260726_162953
gesture_new3_plus_eric_v1,C:\Users\Prutha Pandit\cosmos_final_project\data\raw\session_20260726_162953,joycelyn,One-Arm Boxing,80,510219.828000,510221.859000,2.031000,44,21.66,20,9.85,41,20.19,C:\Users\Prutha Pandit\cosmos_final_project\datasets\gesture_new3_plus_eric_v1\trials\joycelyn_One-Arm_Boxing_080.npz,C:\Users\Prutha Pandit\cosmos_final_project\data\raw\session_20260726_162953
gesture_new3_plus_eric_v1,C:\Users\Prutha Pandit\cosmos_final_project\data\raw\session_20260726_162953,joycelyn,Clapping,81,510227.078000,510229.125000,2.047000,44,21.49,20,9.77,41,20.03,C:\Users\Prutha Pandit\cosmos_final_project\datasets\gesture_new3_plus_eric_v1\trials\joycelyn_Clapping_081.npz,C:\Users\Prutha Pandit\cosmos_final_project\data\raw\session_20260726_162953
gesture_new3_plus_eric_v1,C:\Users\Prutha Pandit\cosmos_final_project\data\raw\session_20260726_162953,joycelyn,Clapping,82,510231.578000,510233.656000,2.078000,44,21.17,20,9.62,42,20.21,C:\Users\Prutha Pandit\cosmos_final_project\datasets\gesture_new3_plus_eric_v1\trials\joycelyn_Clapping_082.npz,C:\Users\Prutha Pandit\cosmos_final_project\data\raw\session_20260726_162953
gesture_new3_plus_eric_v1,C:\Users\Prutha Pandit\cosmos_final_project\data\raw\session_20260726_162953,joycelyn,Clapping,83,510235.421000,510237.468000,2.047000,44,21.49,21,10.26,41,20.03,C:\Users\Prutha Pandit\cosmos_final_project\datasets\gesture_new3_plus_eric_v1\trials\joycelyn_Clapping_083.npz,C:\Users\Prutha Pandit\cosmos_final_project\data\raw\session_20260726_162953
gesture_new3_plus_eric_v1,C:\Users\Prutha Pandit\cosmos_final_project\data\raw\session_20260726_162953,joycelyn,Clapping,84,510239.906000,510241.921000,2.015000,43,21.34,20,9.93,40,19.85,C:\Users\Prutha Pandit\cosmos_final_project\datasets\gesture_new3_plus_eric_v1\trials\joycelyn_Clapping_084.npz,C:\Users\Prutha Pandit\cosmos_final_project\data\raw\session_20260726_162953
gesture_new3_plus_eric_v1,C:\Users\Prutha Pandit\cosmos_final_project\data\raw\session_20260726_162953,joycelyn,Clapping,85,510243.734000,510245.796000,2.062000,44,21.34,21,10.18,42,20.37,C:\Users\Prutha Pandit\cosmos_final_project\datasets\gesture_new3_plus_eric_v1\trials\joycelyn_Clapping_085.npz,C:\Users\Prutha Pandit\cosmos_final_project\data\raw\session_20260726_162953
gesture_new3_plus_eric_v1,C:\Users\Prutha Pandit\cosmos_final_project\data\raw\session_20260726_162953,joycelyn,Clapping,86,510248.718000,510250.812000,2.094000,44,21.01,21,10.03,42,20.06,C:\Users\Prutha Pandit\cosmos_final_project\datasets\gesture_new3_plus_eric_v1\trials\joycelyn_Clapping_086.npz,C:\Users\Prutha Pandit\cosmos_final_project\data\raw\session_20260726_162953
gesture_new3_plus_eric_v1,C:\Users\Prutha Pandit\cosmos_final_project\data\raw\session_20260726_162953,joycelyn,Clapping,87,510252.906000,510254.984000,2.078000,44,21.17,20,9.62,42,20.21,C:\Users\Prutha Pandit\cosmos_final_project\datasets\gesture_new3_plus_eric_v1\trials\joycelyn_Clapping_087.npz,C:\Users\Prutha Pandit\cosmos_final_project\data\raw\session_20260726_162953
gesture_new3_plus_eric_v1,C:\Users\Prutha Pandit\cosmos_final_project\data\raw\session_20260726_162953,joycelyn,Clapping,88,510256.921000,510258.968000,2.047000,44,21.49,21,10.26,41,20.03,C:\Users\Prutha Pandit\cosmos_final_project\datasets\gesture_new3_plus_eric_v1\trials\joycelyn_Clapping_088.npz,C:\Users\Prutha Pandit\cosmos_final_project\data\raw\session_20260726_162953
gesture_new3_plus_eric_v1,C:\Users\Prutha Pandit\cosmos_final_project\data\raw\session_20260726_162953,joycelyn,Clapping,89,510260.671000,510262.718000,2.047000,43,21.01,21,10.26,41,20.03,C:\Users\Prutha Pandit\cosmos_final_project\datasets\gesture_new3_plus_eric_v1\trials\joycelyn_Clapping_089.npz,C:\Users\Prutha Pandit\cosmos_final_project\data\raw\session_20260726_162953
gesture_new3_plus_eric_v1,C:\Users\Prutha Pandit\cosmos_final_project\data\raw\session_20260726_162953,joycelyn,Clapping,90,510264.656000,510266.687000,2.031000,43,21.17,21,10.34,40,19.69,C:\Users\Prutha Pandit\cosmos_final_project\datasets\gesture_new3_plus_eric_v1\trials\joycelyn_Clapping_090.npz,C:\Users\Prutha Pandit\cosmos_final_project\data\raw\session_20260726_162953
gesture_new3_plus_eric_v1,C:\Users\Prutha Pandit\cosmos_final_project\data\raw\session_20260726_162953,joycelyn,Two-Arm Boxing,91,510290.515000,510292.609000,2.094000,44,21.01,21,10.03,42,20.06,C:\Users\Prutha Pandit\cosmos_final_project\datasets\gesture_new3_plus_eric_v1\trials\joycelyn_Two-Arm_Boxing_091.npz,C:\Users\Prutha Pandit\cosmos_final_project\data\raw\session_20260726_162953
gesture_new3_plus_eric_v1,C:\Users\Prutha Pandit\cosmos_final_project\data\raw\session_20260726_162953,joycelyn,Two-Arm Boxing,92,510297.515000,510299.562000,2.047000,43,21.01,20,9.77,41,20.03,C:\Users\Prutha Pandit\cosmos_final_project\datasets\gesture_new3_plus_eric_v1\trials\joycelyn_Two-Arm_Boxing_092.npz,C:\Users\Prutha Pandit\cosmos_final_project\data\raw\session_20260726_162953
gesture_new3_plus_eric_v1,C:\Users\Prutha Pandit\cosmos_final_project\data\raw\session_20260726_162953,joycelyn,Two-Arm Boxing,93,510304.203000,510306.281000,2.078000,43,20.69,21,10.11,42,20.21,C:\Users\Prutha Pandit\cosmos_final_project\datasets\gesture_new3_plus_eric_v1\trials\joycelyn_Two-Arm_Boxing_093.npz,C:\Users\Prutha Pandit\cosmos_final_project\data\raw\session_20260726_162953
gesture_new3_plus_eric_v1,C:\Users\Prutha Pandit\cosmos_final_project\data\raw\session_20260726_162953,joycelyn,Two-Arm Boxing,94,510309.296000,510311.390000,2.094000,44,21.01,21,10.03,42,20.06,C:\Users\Prutha Pandit\cosmos_final_project\datasets\gesture_new3_plus_eric_v1\trials\joycelyn_Two-Arm_Boxing_094.npz,C:\Users\Prutha Pandit\cosmos_final_project\data\raw\session_20260726_162953
gesture_new3_plus_eric_v1,C:\Users\Prutha Pandit\cosmos_final_project\data\raw\session_20260726_162953,joycelyn,Two-Arm Boxing,95,510314.421000,510316.500000,2.079000,44,21.16,21,10.10,42,20.20,C:\Users\Prutha Pandit\cosmos_final_project\datasets\gesture_new3_plus_eric_v1\trials\joycelyn_Two-Arm_Boxing_095.npz,C:\Users\Prutha Pandit\cosmos_final_project\data\raw\session_20260726_162953
gesture_new3_plus_eric_v1,C:\Users\Prutha Pandit\cosmos_final_project\data\raw\session_20260726_162953,joycelyn,Two-Arm Boxing,96,510319.828000,510321.906000,2.078000,44,21.17,20,9.62,42,20.21,C:\Users\Prutha Pandit\cosmos_final_project\datasets\gesture_new3_plus_eric_v1\trials\joycelyn_Two-Arm_Boxing_096.npz,C:\Users\Prutha Pandit\cosmos_final_project\data\raw\session_20260726_162953
gesture_new3_plus_eric_v1,C:\Users\Prutha Pandit\cosmos_final_project\data\raw\session_20260726_162953,joycelyn,Two-Arm Boxing,97,510325.828000,510327.890000,2.062000,45,21.82,21,10.18,42,20.37,C:\Users\Prutha Pandit\cosmos_final_project\datasets\gesture_new3_plus_eric_v1\trials\joycelyn_Two-Arm_Boxing_097.npz,C:\Users\Prutha Pandit\cosmos_final_project\data\raw\session_20260726_162953
gesture_new3_plus_eric_v1,C:\Users\Prutha Pandit\cosmos_final_project\data\raw\session_20260726_162953,joycelyn,Two-Arm Boxing,98,510331.687000,510333.781000,2.094000,45,21.49,21,10.03,42,20.06,C:\Users\Prutha Pandit\cosmos_final_project\datasets\gesture_new3_plus_eric_v1\trials\joycelyn_Two-Arm_Boxing_098.npz,C:\Users\Prutha Pandit\cosmos_final_project\data\raw\session_20260726_162953
gesture_new3_plus_eric_v1,C:\Users\Prutha Pandit\cosmos_final_project\data\raw\session_20260726_162953,joycelyn,Two-Arm Boxing,99,510347.546000,510349.640000,2.094000,43,20.53,21,10.03,43,20.53,C:\Users\Prutha Pandit\cosmos_final_project\datasets\gesture_new3_plus_eric_v1\trials\joycelyn_Two-Arm_Boxing_099.npz,C:\Users\Prutha Pandit\cosmos_final_project\data\raw\session_20260726_162953
gesture_new3_plus_eric_v1,C:\Users\Prutha Pandit\cosmos_final_project\data\raw\session_20260726_162953,joycelyn,Two-Arm Boxing,100,510356.562000,510358.640000,2.078000,44,21.17,21,10.11,42,20.21,C:\Users\Prutha Pandit\cosmos_final_project\datasets\gesture_new3_plus_eric_v1\trials\joycelyn_Two-Arm_Boxing_100.npz,C:\Users\Prutha Pandit\cosmos_final_project\data\raw\session_20260726_162953
gesture_new3_plus_eric_v1,C:\Users\Prutha Pandit\cosmos_final_project\data\raw\session_20260726_162953,joycelyn,T-Arm,101,510369.000000,510371.062000,2.062000,44,21.34,20,9.70,42,20.37,C:\Users\Prutha Pandit\cosmos_final_project\datasets\gesture_new3_plus_eric_v1\trials\joycelyn_T-Arm_101.npz,C:\Users\Prutha Pandit\cosmos_final_project\data\raw\session_20260726_162953
gesture_new3_plus_eric_v1,C:\Users\Prutha Pandit\cosmos_final_project\data\raw\session_20260726_162953,joycelyn,T-Arm,102,510387.218000,510389.296000,2.078000,44,21.17,21,10.11,42,20.21,C:\Users\Prutha Pandit\cosmos_final_project\datasets\gesture_new3_plus_eric_v1\trials\joycelyn_T-Arm_102.npz,C:\Users\Prutha Pandit\cosmos_final_project\data\raw\session_20260726_162953
gesture_new3_plus_eric_v1,C:\Users\Prutha Pandit\cosmos_final_project\data\raw\session_20260726_162953,joycelyn,T-Arm,103,510394.375000,510396.437000,2.062000,44,21.34,21,10.18,41,19.88,C:\Users\Prutha Pandit\cosmos_final_project\datasets\gesture_new3_plus_eric_v1\trials\joycelyn_T-Arm_103.npz,C:\Users\Prutha Pandit\cosmos_final_project\data\raw\session_20260726_162953
gesture_new3_plus_eric_v1,C:\Users\Prutha Pandit\cosmos_final_project\data\raw\session_20260726_162953,joycelyn,T-Arm,104,510400.000000,510402.046000,2.046000,43,21.02,20,9.78,42,20.53,C:\Users\Prutha Pandit\cosmos_final_project\datasets\gesture_new3_plus_eric_v1\trials\joycelyn_T-Arm_104.npz,C:\Users\Prutha Pandit\cosmos_final_project\data\raw\session_20260726_162953
gesture_new3_plus_eric_v1,C:\Users\Prutha Pandit\cosmos_final_project\data\raw\session_20260726_162953,joycelyn,T-Arm,105,510405.656000,510407.765000,2.109000,45,21.34,22,10.43,42,19.91,C:\Users\Prutha Pandit\cosmos_final_project\datasets\gesture_new3_plus_eric_v1\trials\joycelyn_T-Arm_105.npz,C:\Users\Prutha Pandit\cosmos_final_project\data\raw\session_20260726_162953
gesture_new3_plus_eric_v1,C:\Users\Prutha Pandit\cosmos_final_project\data\raw\session_20260726_162953,joycelyn,T-Arm,106,510411.718000,510413.812000,2.094000,44,21.01,21,10.03,42,20.06,C:\Users\Prutha Pandit\cosmos_final_project\datasets\gesture_new3_plus_eric_v1\trials\joycelyn_T-Arm_106.npz,C:\Users\Prutha Pandit\cosmos_final_project\data\raw\session_20260726_162953
gesture_new3_plus_eric_v1,C:\Users\Prutha Pandit\cosmos_final_project\data\raw\session_20260726_162953,joycelyn,T-Arm,107,510417.218000,510419.281000,2.063000,44,21.33,21,10.18,41,19.87,C:\Users\Prutha Pandit\cosmos_final_project\datasets\gesture_new3_plus_eric_v1\trials\joycelyn_T-Arm_107.npz,C:\Users\Prutha Pandit\cosmos_final_project\data\raw\session_20260726_162953
gesture_new3_plus_eric_v1,C:\Users\Prutha Pandit\cosmos_final_project\data\raw\session_20260726_162953,joycelyn,T-Arm,108,510423.109000,510425.187000,2.078000,44,21.17,21,10.11,41,19.73,C:\Users\Prutha Pandit\cosmos_final_project\datasets\gesture_new3_plus_eric_v1\trials\joycelyn_T-Arm_108.npz,C:\Users\Prutha Pandit\cosmos_final_project\data\raw\session_20260726_162953
gesture_new3_plus_eric_v1,C:\Users\Prutha Pandit\cosmos_final_project\data\raw\session_20260726_162953,joycelyn,T-Arm,109,510432.968000,510435.046000,2.078000,43,20.69,21,10.11,42,20.21,C:\Users\Prutha Pandit\cosmos_final_project\datasets\gesture_new3_plus_eric_v1\trials\joycelyn_T-Arm_109.npz,C:\Users\Prutha Pandit\cosmos_final_project\data\raw\session_20260726_162953
gesture_new3_plus_eric_v1,C:\Users\Prutha Pandit\cosmos_final_project\data\raw\session_20260726_162953,joycelyn,T-Arm,110,510439.593000,510441.671000,2.078000,44,21.17,21,10.11,42,20.21,C:\Users\Prutha Pandit\cosmos_final_project\datasets\gesture_new3_plus_eric_v1\trials\joycelyn_T-Arm_110.npz,C:\Users\Prutha Pandit\cosmos_final_project\data\raw\session_20260726_162953
gesture_new3_plus_eric_v1,C:\Users\Prutha Pandit\cosmos_final_project\data\raw\session_20260726_162953,joycelyn,Raise Arms,111,510495.875000,510497.937000,2.062000,43,20.85,21,10.18,41,19.88,C:\Users\Prutha Pandit\cosmos_final_project\datasets\gesture_new3_plus_eric_v1\trials\joycelyn_Raise_Arms_111.npz,C:\Users\Prutha Pandit\cosmos_final_project\data\raw\session_20260726_162953
gesture_new3_plus_eric_v1,C:\Users\Prutha Pandit\cosmos_final_project\data\raw\session_20260726_162953,joycelyn,Raise Arms,112,510504.312000,510506.375000,2.063000,43,20.84,21,10.18,41,19.87,C:\Users\Prutha Pandit\cosmos_final_project\datasets\gesture_new3_plus_eric_v1\trials\joycelyn_Raise_Arms_112.npz,C:\Users\Prutha Pandit\cosmos_final_project\data\raw\session_20260726_162953
gesture_new3_plus_eric_v1,C:\Users\Prutha Pandit\cosmos_final_project\data\raw\session_20260726_162953,joycelyn,Raise Arms,113,510515.187000,510517.281000,2.094000,45,21.49,21,10.03,42,20.06,C:\Users\Prutha Pandit\cosmos_final_project\datasets\gesture_new3_plus_eric_v1\trials\joycelyn_Raise_Arms_113.npz,C:\Users\Prutha Pandit\cosmos_final_project\data\raw\session_20260726_162953
gesture_new3_plus_eric_v1,C:\Users\Prutha Pandit\cosmos_final_project\data\raw\session_20260726_162953,joycelyn,Raise Arms,114,510539.343000,510541.343000,2.000000,43,21.50,20,10.00,41,20.50,C:\Users\Prutha Pandit\cosmos_final_project\datasets\gesture_new3_plus_eric_v1\trials\joycelyn_Raise_Arms_114.npz,C:\Users\Prutha Pandit\cosmos_final_project\data\raw\session_20260726_162953
gesture_new3_plus_eric_v1,C:\Users\Prutha Pandit\cosmos_final_project\data\raw\session_20260726_162953,joycelyn,Raise Arms,115,510548.203000,510550.234000,2.031000,44,21.66,20,9.85,41,20.19,C:\Users\Prutha Pandit\cosmos_final_project\datasets\gesture_new3_plus_eric_v1\trials\joycelyn_Raise_Arms_115.npz,C:\Users\Prutha Pandit\cosmos_final_project\data\raw\session_20260726_162953
gesture_new3_plus_eric_v1,C:\Users\Prutha Pandit\cosmos_final_project\data\raw\session_20260726_162953,joycelyn,Raise Arms,116,510579.156000,510581.218000,2.062000,44,21.34,21,10.18,41,19.88,C:\Users\Prutha Pandit\cosmos_final_project\datasets\gesture_new3_plus_eric_v1\trials\joycelyn_Raise_Arms_116.npz,C:\Users\Prutha Pandit\cosmos_final_project\data\raw\session_20260726_162953
gesture_new3_plus_eric_v1,C:\Users\Prutha Pandit\cosmos_final_project\data\raw\session_20260726_162953,joycelyn,Raise Arms,117,510584.000000,510586.062000,2.062000,43,20.85,20,9.70,42,20.37,C:\Users\Prutha Pandit\cosmos_final_project\datasets\gesture_new3_plus_eric_v1\trials\joycelyn_Raise_Arms_117.npz,C:\Users\Prutha Pandit\cosmos_final_project\data\raw\session_20260726_162953
gesture_new3_plus_eric_v1,C:\Users\Prutha Pandit\cosmos_final_project\data\raw\session_20260726_162953,joycelyn,Raise Arms,118,510589.187000,510591.265000,2.078000,45,21.66,21,10.11,42,20.21,C:\Users\Prutha Pandit\cosmos_final_project\datasets\gesture_new3_plus_eric_v1\trials\joycelyn_Raise_Arms_118.npz,C:\Users\Prutha Pandit\cosmos_final_project\data\raw\session_20260726_162953
gesture_new3_plus_eric_v1,C:\Users\Prutha Pandit\cosmos_final_project\data\raw\session_20260726_162953,joycelyn,Raise Arms,119,510594.953000,510596.984000,2.031000,43,21.17,21,10.34,40,19.69,C:\Users\Prutha Pandit\cosmos_final_project\datasets\gesture_new3_plus_eric_v1\trials\joycelyn_Raise_Arms_119.npz,C:\Users\Prutha Pandit\cosmos_final_project\data\raw\session_20260726_162953
gesture_new3_plus_eric_v1,C:\Users\Prutha Pandit\cosmos_final_project\data\raw\session_20260726_162953,joycelyn,Raise Arms,120,510600.765000,510602.859000,2.094000,44,21.01,21,10.03,42,20.06,C:\Users\Prutha Pandit\cosmos_final_project\datasets\gesture_new3_plus_eric_v1\trials\joycelyn_Raise_Arms_120.npz,C:\Users\Prutha Pandit\cosmos_final_project\data\raw\session_20260726_162953
gesture_new3_plus_eric_v1,C:\Users\Prutha Pandit\cosmos_final_project\data\raw\session_20260726_162953,joycelyn,Soli,121,510612.390000,510614.468000,2.078000,44,21.17,21,10.11,42,20.21,C:\Users\Prutha Pandit\cosmos_final_project\datasets\gesture_new3_plus_eric_v1\trials\joycelyn_Soli_121.npz,C:\Users\Prutha Pandit\cosmos_final_project\data\raw\session_20260726_162953
gesture_new3_plus_eric_v1,C:\Users\Prutha Pandit\cosmos_final_project\data\raw\session_20260726_162953,joycelyn,Soli,122,510617.687000,510619.718000,2.031000,43,21.17,19,9.35,41,20.19,C:\Users\Prutha Pandit\cosmos_final_project\datasets\gesture_new3_plus_eric_v1\trials\joycelyn_Soli_122.npz,C:\Users\Prutha Pandit\cosmos_final_project\data\raw\session_20260726_162953
gesture_new3_plus_eric_v1,C:\Users\Prutha Pandit\cosmos_final_project\data\raw\session_20260726_162953,joycelyn,Soli,123,510621.875000,510623.953000,2.078000,44,21.17,21,10.11,42,20.21,C:\Users\Prutha Pandit\cosmos_final_project\datasets\gesture_new3_plus_eric_v1\trials\joycelyn_Soli_123.npz,C:\Users\Prutha Pandit\cosmos_final_project\data\raw\session_20260726_162953
gesture_new3_plus_eric_v1,C:\Users\Prutha Pandit\cosmos_final_project\data\raw\session_20260726_162953,joycelyn,Soli,124,510625.984000,510628.015000,2.031000,43,21.17,20,9.85,41,20.19,C:\Users\Prutha Pandit\cosmos_final_project\datasets\gesture_new3_plus_eric_v1\trials\joycelyn_Soli_124.npz,C:\Users\Prutha Pandit\cosmos_final_project\data\raw\session_20260726_162953
gesture_new3_plus_eric_v1,C:\Users\Prutha Pandit\cosmos_final_project\data\raw\session_20260726_162953,joycelyn,Soli,125,510636.546000,510638.640000,2.094000,45,21.49,21,10.03,43,20.53,C:\Users\Prutha Pandit\cosmos_final_project\datasets\gesture_new3_plus_eric_v1\trials\joycelyn_Soli_125.npz,C:\Users\Prutha Pandit\cosmos_final_project\data\raw\session_20260726_162953
gesture_new3_plus_eric_v1,C:\Users\Prutha Pandit\cosmos_final_project\data\raw\session_20260726_162953,joycelyn,Soli,126,510642.890000,510644.937000,2.047000,44,21.49,20,9.77,42,20.52,C:\Users\Prutha Pandit\cosmos_final_project\datasets\gesture_new3_plus_eric_v1\trials\joycelyn_Soli_126.npz,C:\Users\Prutha Pandit\cosmos_final_project\data\raw\session_20260726_162953
gesture_new3_plus_eric_v1,C:\Users\Prutha Pandit\cosmos_final_project\data\raw\session_20260726_162953,joycelyn,Soli,127,510646.843000,510648.906000,2.063000,44,21.33,21,10.18,42,20.36,C:\Users\Prutha Pandit\cosmos_final_project\datasets\gesture_new3_plus_eric_v1\trials\joycelyn_Soli_127.npz,C:\Users\Prutha Pandit\cosmos_final_project\data\raw\session_20260726_162953
gesture_new3_plus_eric_v1,C:\Users\Prutha Pandit\cosmos_final_project\data\raw\session_20260726_162953,joycelyn,Soli,128,510650.890000,510652.984000,2.094000,44,21.01,21,10.03,42,20.06,C:\Users\Prutha Pandit\cosmos_final_project\datasets\gesture_new3_plus_eric_v1\trials\joycelyn_Soli_128.npz,C:\Users\Prutha Pandit\cosmos_final_project\data\raw\session_20260726_162953
gesture_new3_plus_eric_v1,C:\Users\Prutha Pandit\cosmos_final_project\data\raw\session_20260726_162953,joycelyn,Soli,129,510657.531000,510659.609000,2.078000,44,21.17,21,10.11,42,20.21,C:\Users\Prutha Pandit\cosmos_final_project\datasets\gesture_new3_plus_eric_v1\trials\joycelyn_Soli_129.npz,C:\Users\Prutha Pandit\cosmos_final_project\data\raw\session_20260726_162953
gesture_new3_plus_eric_v1,C:\Users\Prutha Pandit\cosmos_final_project\data\raw\session_20260726_162953,joycelyn,Soli,130,510661.359000,510663.359000,2.000000,41,20.50,20,10.00,40,20.00,C:\Users\Prutha Pandit\cosmos_final_project\datasets\gesture_new3_plus_eric_v1\trials\joycelyn_Soli_130.npz,C:\Users\Prutha Pandit\cosmos_final_project\data\raw\session_20260726_162953
gesture_new3_plus_eric_v1,C:\Users\Prutha Pandit\cosmos_final_project\data\raw\session_20260726_162953,joycelyn,Making Fist and Open,131,510669.281000,510671.375000,2.094000,44,21.01,22,10.51,42,20.06,C:\Users\Prutha Pandit\cosmos_final_project\datasets\gesture_new3_plus_eric_v1\trials\joycelyn_Making_Fist_and_Open_131.npz,C:\Users\Prutha Pandit\cosmos_final_project\data\raw\session_20260726_162953
gesture_new3_plus_eric_v1,C:\Users\Prutha Pandit\cosmos_final_project\data\raw\session_20260726_162953,joycelyn,Making Fist and Open,132,510678.468000,510680.515000,2.047000,44,21.49,21,10.26,41,20.03,C:\Users\Prutha Pandit\cosmos_final_project\datasets\gesture_new3_plus_eric_v1\trials\joycelyn_Making_Fist_and_Open_132.npz,C:\Users\Prutha Pandit\cosmos_final_project\data\raw\session_20260726_162953
gesture_new3_plus_eric_v1,C:\Users\Prutha Pandit\cosmos_final_project\data\raw\session_20260726_162953,joycelyn,Making Fist and Open,133,510682.671000,510684.765000,2.094000,45,21.49,21,10.03,42,20.06,C:\Users\Prutha Pandit\cosmos_final_project\datasets\gesture_new3_plus_eric_v1\trials\joycelyn_Making_Fist_and_Open_133.npz,C:\Users\Prutha Pandit\cosmos_final_project\data\raw\session_20260726_162953
gesture_new3_plus_eric_v1,C:\Users\Prutha Pandit\cosmos_final_project\data\raw\session_20260726_162953,joycelyn,Making Fist and Open,134,510687.125000,510689.156000,2.031000,43,21.17,20,9.85,41,20.19,C:\Users\Prutha Pandit\cosmos_final_project\datasets\gesture_new3_plus_eric_v1\trials\joycelyn_Making_Fist_and_Open_134.npz,C:\Users\Prutha Pandit\cosmos_final_project\data\raw\session_20260726_162953
gesture_new3_plus_eric_v1,C:\Users\Prutha Pandit\cosmos_final_project\data\raw\session_20260726_162953,joycelyn,Making Fist and Open,135,510691.781000,510693.843000,2.062000,44,21.34,21,10.18,42,20.37,C:\Users\Prutha Pandit\cosmos_final_project\datasets\gesture_new3_plus_eric_v1\trials\joycelyn_Making_Fist_and_Open_135.npz,C:\Users\Prutha Pandit\cosmos_final_project\data\raw\session_20260726_162953
gesture_new3_plus_eric_v1,C:\Users\Prutha Pandit\cosmos_final_project\data\raw\session_20260726_162953,joycelyn,Making Fist and Open,136,510696.078000,510698.156000,2.078000,44,21.17,20,9.62,42,20.21,C:\Users\Prutha Pandit\cosmos_final_project\datasets\gesture_new3_plus_eric_v1\trials\joycelyn_Making_Fist_and_Open_136.npz,C:\Users\Prutha Pandit\cosmos_final_project\data\raw\session_20260726_162953
gesture_new3_plus_eric_v1,C:\Users\Prutha Pandit\cosmos_final_project\data\raw\session_20260726_162953,joycelyn,Making Fist and Open,137,510700.156000,510702.203000,2.047000,44,21.49,21,10.26,41,20.03,C:\Users\Prutha Pandit\cosmos_final_project\datasets\gesture_new3_plus_eric_v1\trials\joycelyn_Making_Fist_and_Open_137.npz,C:\Users\Prutha Pandit\cosmos_final_project\data\raw\session_20260726_162953
gesture_new3_plus_eric_v1,C:\Users\Prutha Pandit\cosmos_final_project\data\raw\session_20260726_162953,joycelyn,Making Fist and Open,138,510705.250000,510707.343000,2.093000,45,21.50,21,10.03,42,20.07,C:\Users\Prutha Pandit\cosmos_final_project\datasets\gesture_new3_plus_eric_v1\trials\joycelyn_Making_Fist_and_Open_138.npz,C:\Users\Prutha Pandit\cosmos_final_project\data\raw\session_20260726_162953
gesture_new3_plus_eric_v1,C:\Users\Prutha Pandit\cosmos_final_project\data\raw\session_20260726_162953,joycelyn,Making Fist and Open,139,510709.609000,510711.687000,2.078000,44,21.17,21,10.11,42,20.21,C:\Users\Prutha Pandit\cosmos_final_project\datasets\gesture_new3_plus_eric_v1\trials\joycelyn_Making_Fist_and_Open_139.npz,C:\Users\Prutha Pandit\cosmos_final_project\data\raw\session_20260726_162953
gesture_new3_plus_eric_v1,C:\Users\Prutha Pandit\cosmos_final_project\data\raw\session_20260726_162953,joycelyn,Making Fist and Open,140,510713.781000,510715.875000,2.094000,45,21.49,21,10.03,42,20.06,C:\Users\Prutha Pandit\cosmos_final_project\datasets\gesture_new3_plus_eric_v1\trials\joycelyn_Making_Fist_and_Open_140.npz,C:\Users\Prutha Pandit\cosmos_final_project\data\raw\session_20260726_162953
gesture_new3_plus_eric_v1,C:\Users\Prutha Pandit\cosmos_final_project\data\raw\session_20260726_162953,joycelyn,Palm Up-Down,141,510723.406000,510725.484000,2.078000,44,21.17,21,10.11,41,19.73,C:\Users\Prutha Pandit\cosmos_final_project\datasets\gesture_new3_plus_eric_v1\trials\joycelyn_Palm_Up-Down_141.npz,C:\Users\Prutha Pandit\cosmos_final_project\data\raw\session_20260726_162953
gesture_new3_plus_eric_v1,C:\Users\Prutha Pandit\cosmos_final_project\data\raw\session_20260726_162953,joycelyn,Palm Up-Down,142,510727.375000,510729.468000,2.093000,44,21.02,22,10.51,42,20.07,C:\Users\Prutha Pandit\cosmos_final_project\datasets\gesture_new3_plus_eric_v1\trials\joycelyn_Palm_Up-Down_142.npz,C:\Users\Prutha Pandit\cosmos_final_project\data\raw\session_20260726_162953
gesture_new3_plus_eric_v1,C:\Users\Prutha Pandit\cosmos_final_project\data\raw\session_20260726_162953,joycelyn,Palm Up-Down,143,510731.187000,510733.203000,2.016000,42,20.83,20,9.92,40,19.84,C:\Users\Prutha Pandit\cosmos_final_project\datasets\gesture_new3_plus_eric_v1\trials\joycelyn_Palm_Up-Down_143.npz,C:\Users\Prutha Pandit\cosmos_final_project\data\raw\session_20260726_162953
gesture_new3_plus_eric_v1,C:\Users\Prutha Pandit\cosmos_final_project\data\raw\session_20260726_162953,joycelyn,Palm Up-Down,144,510736.359000,510738.390000,2.031000,43,21.17,21,10.34,41,20.19,C:\Users\Prutha Pandit\cosmos_final_project\datasets\gesture_new3_plus_eric_v1\trials\joycelyn_Palm_Up-Down_144.npz,C:\Users\Prutha Pandit\cosmos_final_project\data\raw\session_20260726_162953
gesture_new3_plus_eric_v1,C:\Users\Prutha Pandit\cosmos_final_project\data\raw\session_20260726_162953,joycelyn,Palm Up-Down,145,510739.875000,510741.968000,2.093000,44,21.02,22,10.51,42,20.07,C:\Users\Prutha Pandit\cosmos_final_project\datasets\gesture_new3_plus_eric_v1\trials\joycelyn_Palm_Up-Down_145.npz,C:\Users\Prutha Pandit\cosmos_final_project\data\raw\session_20260726_162953
gesture_new3_plus_eric_v1,C:\Users\Prutha Pandit\cosmos_final_project\data\raw\session_20260726_162953,joycelyn,Palm Up-Down,146,510743.328000,510745.390000,2.062000,44,21.34,21,10.18,42,20.37,C:\Users\Prutha Pandit\cosmos_final_project\datasets\gesture_new3_plus_eric_v1\trials\joycelyn_Palm_Up-Down_146.npz,C:\Users\Prutha Pandit\cosmos_final_project\data\raw\session_20260726_162953
gesture_new3_plus_eric_v1,C:\Users\Prutha Pandit\cosmos_final_project\data\raw\session_20260726_162953,joycelyn,Palm Up-Down,147,510746.781000,510748.859000,2.078000,44,21.17,20,9.62,42,20.21,C:\Users\Prutha Pandit\cosmos_final_project\datasets\gesture_new3_plus_eric_v1\trials\joycelyn_Palm_Up-Down_147.npz,C:\Users\Prutha Pandit\cosmos_final_project\data\raw\session_20260726_162953
gesture_new3_plus_eric_v1,C:\Users\Prutha Pandit\cosmos_final_project\data\raw\session_20260726_162953,joycelyn,Palm Up-Down,148,510752.546000,510754.625000,2.079000,44,21.16,21,10.10,42,20.20,C:\Users\Prutha Pandit\cosmos_final_project\datasets\gesture_new3_plus_eric_v1\trials\joycelyn_Palm_Up-Down_148.npz,C:\Users\Prutha Pandit\cosmos_final_project\data\raw\session_20260726_162953
gesture_new3_plus_eric_v1,C:\Users\Prutha Pandit\cosmos_final_project\data\raw\session_20260726_162953,joycelyn,Palm Up-Down,149,510756.843000,510758.906000,2.063000,44,21.33,21,10.18,42,20.36,C:\Users\Prutha Pandit\cosmos_final_project\datasets\gesture_new3_plus_eric_v1\trials\joycelyn_Palm_Up-Down_149.npz,C:\Users\Prutha Pandit\cosmos_final_project\data\raw\session_20260726_162953
gesture_new3_plus_eric_v1,C:\Users\Prutha Pandit\cosmos_final_project\data\raw\session_20260726_162953,joycelyn,Palm Up-Down,150,510760.937000,510763.031000,2.094000,45,21.49,21,10.03,42,20.06,C:\Users\Prutha Pandit\cosmos_final_project\datasets\gesture_new3_plus_eric_v1\trials\joycelyn_Palm_Up-Down_150.npz,C:\Users\Prutha Pandit\cosmos_final_project\data\raw\session_20260726_162953
gesture_new3_plus_eric_v1,C:\Users\Prutha Pandit\cosmos_final_project\data\raw\session_20260724_131536,eric,Pull,1,325205.000000,325207.000000,2.000000,201,100.50,20,10.00,11,5.50,C:\Users\Prutha Pandit\cosmos_final_project\datasets\gesture_new3_plus_eric_v1\trials\eric_Pull_001.npz,C:\Users\Prutha Pandit\cosmos_final_project\data\raw\session_20260724_131536
gesture_new3_plus_eric_v1,C:\Users\Prutha Pandit\cosmos_final_project\data\raw\session_20260724_131536,eric,Pull,2,325211.734000,325213.781000,2.047000,206,100.64,20,9.77,10,4.89,C:\Users\Prutha Pandit\cosmos_final_project\datasets\gesture_new3_plus_eric_v1\trials\eric_Pull_002.npz,C:\Users\Prutha Pandit\cosmos_final_project\data\raw\session_20260724_131536
gesture_new3_plus_eric_v1,C:\Users\Prutha Pandit\cosmos_final_project\data\raw\session_20260724_131536,eric,Pull,3,325217.656000,325219.718000,2.062000,207,100.39,21,10.18,10,4.85,C:\Users\Prutha Pandit\cosmos_final_project\datasets\gesture_new3_plus_eric_v1\trials\eric_Pull_003.npz,C:\Users\Prutha Pandit\cosmos_final_project\data\raw\session_20260724_131536
gesture_new3_plus_eric_v1,C:\Users\Prutha Pandit\cosmos_final_project\data\raw\session_20260724_131536,eric,Pull,4,325223.359000,325225.359000,2.000000,201,100.50,20,10.00,10,5.00,C:\Users\Prutha Pandit\cosmos_final_project\datasets\gesture_new3_plus_eric_v1\trials\eric_Pull_004.npz,C:\Users\Prutha Pandit\cosmos_final_project\data\raw\session_20260724_131536
gesture_new3_plus_eric_v1,C:\Users\Prutha Pandit\cosmos_final_project\data\raw\session_20260724_131536,eric,Pull,5,325234.578000,325236.625000,2.047000,205,100.15,21,10.26,11,5.37,C:\Users\Prutha Pandit\cosmos_final_project\datasets\gesture_new3_plus_eric_v1\trials\eric_Pull_005.npz,C:\Users\Prutha Pandit\cosmos_final_project\data\raw\session_20260724_131536
gesture_new3_plus_eric_v1,C:\Users\Prutha Pandit\cosmos_final_project\data\raw\session_20260724_131536,eric,Pull,6,325243.296000,325245.375000,2.079000,209,100.53,21,10.10,10,4.81,C:\Users\Prutha Pandit\cosmos_final_project\datasets\gesture_new3_plus_eric_v1\trials\eric_Pull_006.npz,C:\Users\Prutha Pandit\cosmos_final_project\data\raw\session_20260724_131536
gesture_new3_plus_eric_v1,C:\Users\Prutha Pandit\cosmos_final_project\data\raw\session_20260724_131536,eric,Pull,7,325253.406000,325255.500000,2.094000,211,100.76,21,10.03,10,4.78,C:\Users\Prutha Pandit\cosmos_final_project\datasets\gesture_new3_plus_eric_v1\trials\eric_Pull_007.npz,C:\Users\Prutha Pandit\cosmos_final_project\data\raw\session_20260724_131536
gesture_new3_plus_eric_v1,C:\Users\Prutha Pandit\cosmos_final_project\data\raw\session_20260724_131536,eric,Pull,8,325260.781000,325262.828000,2.047000,205,100.15,21,10.26,11,5.37,C:\Users\Prutha Pandit\cosmos_final_project\datasets\gesture_new3_plus_eric_v1\trials\eric_Pull_008.npz,C:\Users\Prutha Pandit\cosmos_final_project\data\raw\session_20260724_131536
gesture_new3_plus_eric_v1,C:\Users\Prutha Pandit\cosmos_final_project\data\raw\session_20260724_131536,eric,Push,10,325350.796000,325352.875000,2.079000,209,100.53,21,10.10,11,5.29,C:\Users\Prutha Pandit\cosmos_final_project\datasets\gesture_new3_plus_eric_v1\trials\eric_Push_010.npz,C:\Users\Prutha Pandit\cosmos_final_project\data\raw\session_20260724_131536
gesture_new3_plus_eric_v1,C:\Users\Prutha Pandit\cosmos_final_project\data\raw\session_20260724_131536,eric,Push,11,325357.265000,325359.328000,2.063000,207,100.34,21,10.18,10,4.85,C:\Users\Prutha Pandit\cosmos_final_project\datasets\gesture_new3_plus_eric_v1\trials\eric_Push_011.npz,C:\Users\Prutha Pandit\cosmos_final_project\data\raw\session_20260724_131536
gesture_new3_plus_eric_v1,C:\Users\Prutha Pandit\cosmos_final_project\data\raw\session_20260724_131536,eric,Push,12,325365.906000,325367.968000,2.062000,208,100.87,21,10.18,10,4.85,C:\Users\Prutha Pandit\cosmos_final_project\datasets\gesture_new3_plus_eric_v1\trials\eric_Push_012.npz,C:\Users\Prutha Pandit\cosmos_final_project\data\raw\session_20260724_131536
gesture_new3_plus_eric_v1,C:\Users\Prutha Pandit\cosmos_final_project\data\raw\session_20260724_131536,eric,Push,13,325373.187000,325375.234000,2.047000,205,100.15,21,10.26,11,5.37,C:\Users\Prutha Pandit\cosmos_final_project\datasets\gesture_new3_plus_eric_v1\trials\eric_Push_013.npz,C:\Users\Prutha Pandit\cosmos_final_project\data\raw\session_20260724_131536
gesture_new3_plus_eric_v1,C:\Users\Prutha Pandit\cosmos_final_project\data\raw\session_20260724_131536,eric,Push,14,325387.750000,325389.828000,2.078000,209,100.58,21,10.11,11,5.29,C:\Users\Prutha Pandit\cosmos_final_project\datasets\gesture_new3_plus_eric_v1\trials\eric_Push_014.npz,C:\Users\Prutha Pandit\cosmos_final_project\data\raw\session_20260724_131536
gesture_new3_plus_eric_v1,C:\Users\Prutha Pandit\cosmos_final_project\data\raw\session_20260724_131536,eric,Push,15,325396.828000,325398.906000,2.078000,209,100.58,21,10.11,10,4.81,C:\Users\Prutha Pandit\cosmos_final_project\datasets\gesture_new3_plus_eric_v1\trials\eric_Push_015.npz,C:\Users\Prutha Pandit\cosmos_final_project\data\raw\session_20260724_131536
gesture_new3_plus_eric_v1,C:\Users\Prutha Pandit\cosmos_final_project\data\raw\session_20260724_131536,eric,Push,16,325402.781000,325404.781000,2.000000,200,100.00,20,10.00,10,5.00,C:\Users\Prutha Pandit\cosmos_final_project\datasets\gesture_new3_plus_eric_v1\trials\eric_Push_016.npz,C:\Users\Prutha Pandit\cosmos_final_project\data\raw\session_20260724_131536
gesture_new3_plus_eric_v1,C:\Users\Prutha Pandit\cosmos_final_project\data\raw\session_20260724_131536,eric,Right,17,325420.062000,325422.125000,2.063000,207,100.34,21,10.18,10,4.85,C:\Users\Prutha Pandit\cosmos_final_project\datasets\gesture_new3_plus_eric_v1\trials\eric_Right_017.npz,C:\Users\Prutha Pandit\cosmos_final_project\data\raw\session_20260724_131536
gesture_new3_plus_eric_v1,C:\Users\Prutha Pandit\cosmos_final_project\data\raw\session_20260724_131536,eric,Right,18,325426.937000,325429.015000,2.078000,209,100.58,19,9.14,11,5.29,C:\Users\Prutha Pandit\cosmos_final_project\datasets\gesture_new3_plus_eric_v1\trials\eric_Right_018.npz,C:\Users\Prutha Pandit\cosmos_final_project\data\raw\session_20260724_131536
gesture_new3_plus_eric_v1,C:\Users\Prutha Pandit\cosmos_final_project\data\raw\session_20260724_131536,eric,Right,19,325432.609000,325434.703000,2.094000,210,100.29,21,10.03,10,4.78,C:\Users\Prutha Pandit\cosmos_final_project\datasets\gesture_new3_plus_eric_v1\trials\eric_Right_019.npz,C:\Users\Prutha Pandit\cosmos_final_project\data\raw\session_20260724_131536
gesture_new3_plus_eric_v1,C:\Users\Prutha Pandit\cosmos_final_project\data\raw\session_20260724_131536,eric,Right,20,325437.828000,325439.890000,2.062000,208,100.87,20,9.70,10,4.85,C:\Users\Prutha Pandit\cosmos_final_project\datasets\gesture_new3_plus_eric_v1\trials\eric_Right_020.npz,C:\Users\Prutha Pandit\cosmos_final_project\data\raw\session_20260724_131536
gesture_new3_plus_eric_v1,C:\Users\Prutha Pandit\cosmos_final_project\data\raw\session_20260724_131536,eric,Right,21,325445.375000,325447.468000,2.093000,210,100.33,21,10.03,11,5.26,C:\Users\Prutha Pandit\cosmos_final_project\datasets\gesture_new3_plus_eric_v1\trials\eric_Right_021.npz,C:\Users\Prutha Pandit\cosmos_final_project\data\raw\session_20260724_131536
gesture_new3_plus_eric_v1,C:\Users\Prutha Pandit\cosmos_final_project\data\raw\session_20260724_131536,eric,Right,22,325453.046000,325455.125000,2.079000,209,100.53,21,10.10,10,4.81,C:\Users\Prutha Pandit\cosmos_final_project\datasets\gesture_new3_plus_eric_v1\trials\eric_Right_022.npz,C:\Users\Prutha Pandit\cosmos_final_project\data\raw\session_20260724_131536
gesture_new3_plus_eric_v1,C:\Users\Prutha Pandit\cosmos_final_project\data\raw\session_20260724_131536,eric,Right,23,325459.812000,325461.906000,2.094000,210,100.29,21,10.03,10,4.78,C:\Users\Prutha Pandit\cosmos_final_project\datasets\gesture_new3_plus_eric_v1\trials\eric_Right_023.npz,C:\Users\Prutha Pandit\cosmos_final_project\data\raw\session_20260724_131536
gesture_new3_plus_eric_v1,C:\Users\Prutha Pandit\cosmos_final_project\data\raw\session_20260724_131536,eric,Right,24,325465.406000,325467.484000,2.078000,209,100.58,21,10.11,10,4.81,C:\Users\Prutha Pandit\cosmos_final_project\datasets\gesture_new3_plus_eric_v1\trials\eric_Right_024.npz,C:\Users\Prutha Pandit\cosmos_final_project\data\raw\session_20260724_131536
gesture_new3_plus_eric_v1,C:\Users\Prutha Pandit\cosmos_final_project\data\raw\session_20260724_131536,eric,Left,25,325475.953000,325477.968000,2.015000,202,100.25,20,9.93,10,4.96,C:\Users\Prutha Pandit\cosmos_final_project\datasets\gesture_new3_plus_eric_v1\trials\eric_Left_025.npz,C:\Users\Prutha Pandit\cosmos_final_project\data\raw\session_20260724_131536
gesture_new3_plus_eric_v1,C:\Users\Prutha Pandit\cosmos_final_project\data\raw\session_20260724_131536,eric,Left,26,325482.593000,325484.656000,2.063000,206,99.85,21,10.18,11,5.33,C:\Users\Prutha Pandit\cosmos_final_project\datasets\gesture_new3_plus_eric_v1\trials\eric_Left_026.npz,C:\Users\Prutha Pandit\cosmos_final_project\data\raw\session_20260724_131536
gesture_new3_plus_eric_v1,C:\Users\Prutha Pandit\cosmos_final_project\data\raw\session_20260724_131536,eric,Left,27,325487.750000,325489.812000,2.062000,208,100.87,19,9.21,11,5.33,C:\Users\Prutha Pandit\cosmos_final_project\datasets\gesture_new3_plus_eric_v1\trials\eric_Left_027.npz,C:\Users\Prutha Pandit\cosmos_final_project\data\raw\session_20260724_131536
gesture_new3_plus_eric_v1,C:\Users\Prutha Pandit\cosmos_final_project\data\raw\session_20260724_131536,eric,Left,28,325492.671000,325494.734000,2.063000,206,99.85,21,10.18,10,4.85,C:\Users\Prutha Pandit\cosmos_final_project\datasets\gesture_new3_plus_eric_v1\trials\eric_Left_028.npz,C:\Users\Prutha Pandit\cosmos_final_project\data\raw\session_20260724_131536
gesture_new3_plus_eric_v1,C:\Users\Prutha Pandit\cosmos_final_project\data\raw\session_20260724_131536,eric,Left,29,325498.859000,325500.921000,2.062000,206,99.90,21,10.18,10,4.85,C:\Users\Prutha Pandit\cosmos_final_project\datasets\gesture_new3_plus_eric_v1\trials\eric_Left_029.npz,C:\Users\Prutha Pandit\cosmos_final_project\data\raw\session_20260724_131536
gesture_new3_plus_eric_v1,C:\Users\Prutha Pandit\cosmos_final_project\data\raw\session_20260724_131536,eric,Left,30,325504.625000,325506.734000,2.109000,211,100.05,22,10.43,10,4.74,C:\Users\Prutha Pandit\cosmos_final_project\datasets\gesture_new3_plus_eric_v1\trials\eric_Left_030.npz,C:\Users\Prutha Pandit\cosmos_final_project\data\raw\session_20260724_131536
gesture_new3_plus_eric_v1,C:\Users\Prutha Pandit\cosmos_final_project\data\raw\session_20260724_131536,eric,Left,31,325510.859000,325512.921000,2.062000,206,99.90,20,9.70,10,4.85,C:\Users\Prutha Pandit\cosmos_final_project\datasets\gesture_new3_plus_eric_v1\trials\eric_Left_031.npz,C:\Users\Prutha Pandit\cosmos_final_project\data\raw\session_20260724_131536
gesture_new3_plus_eric_v1,C:\Users\Prutha Pandit\cosmos_final_project\data\raw\session_20260724_131536,eric,Left,32,325518.671000,325520.718000,2.047000,206,100.64,19,9.28,10,4.89,C:\Users\Prutha Pandit\cosmos_final_project\datasets\gesture_new3_plus_eric_v1\trials\eric_Left_032.npz,C:\Users\Prutha Pandit\cosmos_final_project\data\raw\session_20260724_131536
gesture_new3_plus_eric_v1,C:\Users\Prutha Pandit\cosmos_final_project\data\raw\session_20260724_131536,eric,Clapping,33,325526.796000,325528.843000,2.047000,206,100.64,21,10.26,11,5.37,C:\Users\Prutha Pandit\cosmos_final_project\datasets\gesture_new3_plus_eric_v1\trials\eric_Clapping_033.npz,C:\Users\Prutha Pandit\cosmos_final_project\data\raw\session_20260724_131536
gesture_new3_plus_eric_v1,C:\Users\Prutha Pandit\cosmos_final_project\data\raw\session_20260724_131536,eric,Clapping,34,325533.250000,325535.281000,2.031000,203,99.95,20,9.85,10,4.92,C:\Users\Prutha Pandit\cosmos_final_project\datasets\gesture_new3_plus_eric_v1\trials\eric_Clapping_034.npz,C:\Users\Prutha Pandit\cosmos_final_project\data\raw\session_20260724_131536
gesture_new3_plus_eric_v1,C:\Users\Prutha Pandit\cosmos_final_project\data\raw\session_20260724_131536,eric,Clapping,35,325537.875000,325539.937000,2.062000,208,100.87,21,10.18,10,4.85,C:\Users\Prutha Pandit\cosmos_final_project\datasets\gesture_new3_plus_eric_v1\trials\eric_Clapping_035.npz,C:\Users\Prutha Pandit\cosmos_final_project\data\raw\session_20260724_131536
gesture_new3_plus_eric_v1,C:\Users\Prutha Pandit\cosmos_final_project\data\raw\session_20260724_131536,eric,Clapping,36,325542.203000,325544.296000,2.093000,211,100.81,21,10.03,10,4.78,C:\Users\Prutha Pandit\cosmos_final_project\datasets\gesture_new3_plus_eric_v1\trials\eric_Clapping_036.npz,C:\Users\Prutha Pandit\cosmos_final_project\data\raw\session_20260724_131536
gesture_new3_plus_eric_v1,C:\Users\Prutha Pandit\cosmos_final_project\data\raw\session_20260724_131536,eric,Clapping,37,325546.625000,325548.671000,2.046000,206,100.68,21,10.26,10,4.89,C:\Users\Prutha Pandit\cosmos_final_project\datasets\gesture_new3_plus_eric_v1\trials\eric_Clapping_037.npz,C:\Users\Prutha Pandit\cosmos_final_project\data\raw\session_20260724_131536
gesture_new3_plus_eric_v1,C:\Users\Prutha Pandit\cosmos_final_project\data\raw\session_20260724_131536,eric,Clapping,38,325550.296000,325552.296000,2.000000,201,100.50,20,10.00,10,5.00,C:\Users\Prutha Pandit\cosmos_final_project\datasets\gesture_new3_plus_eric_v1\trials\eric_Clapping_038.npz,C:\Users\Prutha Pandit\cosmos_final_project\data\raw\session_20260724_131536
gesture_new3_plus_eric_v1,C:\Users\Prutha Pandit\cosmos_final_project\data\raw\session_20260724_131536,eric,Clapping,39,325554.156000,325556.203000,2.047000,206,100.64,20,9.77,11,5.37,C:\Users\Prutha Pandit\cosmos_final_project\datasets\gesture_new3_plus_eric_v1\trials\eric_Clapping_039.npz,C:\Users\Prutha Pandit\cosmos_final_project\data\raw\session_20260724_131536
gesture_new3_plus_eric_v1,C:\Users\Prutha Pandit\cosmos_final_project\data\raw\session_20260724_131536,eric,Clapping,40,325558.140000,325560.218000,2.078000,208,100.10,20,9.62,11,5.29,C:\Users\Prutha Pandit\cosmos_final_project\datasets\gesture_new3_plus_eric_v1\trials\eric_Clapping_040.npz,C:\Users\Prutha Pandit\cosmos_final_project\data\raw\session_20260724_131536
gesture_new3_plus_eric_v1,C:\Users\Prutha Pandit\cosmos_final_project\data\raw\session_20260724_161748,eric,Clockwise,1,336163.031000,336165.093000,2.062000,45,21.82,21,10.18,11,5.33,C:\Users\Prutha Pandit\cosmos_final_project\datasets\gesture_new3_plus_eric_v1\trials\eric_Clockwise_001.npz,C:\Users\Prutha Pandit\cosmos_final_project\data\raw\session_20260724_161748
gesture_new3_plus_eric_v1,C:\Users\Prutha Pandit\cosmos_final_project\data\raw\session_20260724_161748,eric,Clockwise,2,336213.375000,336215.468000,2.093000,45,21.50,21,10.03,10,4.78,C:\Users\Prutha Pandit\cosmos_final_project\datasets\gesture_new3_plus_eric_v1\trials\eric_Clockwise_002.npz,C:\Users\Prutha Pandit\cosmos_final_project\data\raw\session_20260724_161748
gesture_new3_plus_eric_v1,C:\Users\Prutha Pandit\cosmos_final_project\data\raw\session_20260724_161748,eric,Clockwise,3,336219.859000,336221.953000,2.094000,45,21.49,21,10.03,11,5.25,C:\Users\Prutha Pandit\cosmos_final_project\datasets\gesture_new3_plus_eric_v1\trials\eric_Clockwise_003.npz,C:\Users\Prutha Pandit\cosmos_final_project\data\raw\session_20260724_161748
gesture_new3_plus_eric_v1,C:\Users\Prutha Pandit\cosmos_final_project\data\raw\session_20260724_161748,eric,Clockwise,4,336225.140000,336227.250000,2.110000,45,21.33,21,9.95,10,4.74,C:\Users\Prutha Pandit\cosmos_final_project\datasets\gesture_new3_plus_eric_v1\trials\eric_Clockwise_004.npz,C:\Users\Prutha Pandit\cosmos_final_project\data\raw\session_20260724_161748
gesture_new3_plus_eric_v1,C:\Users\Prutha Pandit\cosmos_final_project\data\raw\session_20260724_161748,eric,Clockwise,5,336234.125000,336236.140000,2.015000,43,21.34,20,9.93,10,4.96,C:\Users\Prutha Pandit\cosmos_final_project\datasets\gesture_new3_plus_eric_v1\trials\eric_Clockwise_005.npz,C:\Users\Prutha Pandit\cosmos_final_project\data\raw\session_20260724_161748
gesture_new3_plus_eric_v1,C:\Users\Prutha Pandit\cosmos_final_project\data\raw\session_20260724_161748,eric,Clockwise,6,336239.250000,336241.312000,2.062000,44,21.34,21,10.18,11,5.33,C:\Users\Prutha Pandit\cosmos_final_project\datasets\gesture_new3_plus_eric_v1\trials\eric_Clockwise_006.npz,C:\Users\Prutha Pandit\cosmos_final_project\data\raw\session_20260724_161748
gesture_new3_plus_eric_v1,C:\Users\Prutha Pandit\cosmos_final_project\data\raw\session_20260724_161748,eric,Clockwise,7,336247.031000,336249.078000,2.047000,43,21.01,20,9.77,11,5.37,C:\Users\Prutha Pandit\cosmos_final_project\datasets\gesture_new3_plus_eric_v1\trials\eric_Clockwise_007.npz,C:\Users\Prutha Pandit\cosmos_final_project\data\raw\session_20260724_161748
gesture_new3_plus_eric_v1,C:\Users\Prutha Pandit\cosmos_final_project\data\raw\session_20260724_161748,eric,Clockwise,8,336251.906000,336253.968000,2.062000,44,21.34,20,9.70,10,4.85,C:\Users\Prutha Pandit\cosmos_final_project\datasets\gesture_new3_plus_eric_v1\trials\eric_Clockwise_008.npz,C:\Users\Prutha Pandit\cosmos_final_project\data\raw\session_20260724_161748
gesture_new3_plus_eric_v1,C:\Users\Prutha Pandit\cosmos_final_project\data\raw\session_20260724_161748,eric,Clockwise,9,336274.515000,336276.593000,2.078000,44,21.17,21,10.11,10,4.81,C:\Users\Prutha Pandit\cosmos_final_project\datasets\gesture_new3_plus_eric_v1\trials\eric_Clockwise_009.npz,C:\Users\Prutha Pandit\cosmos_final_project\data\raw\session_20260724_161748
gesture_new3_plus_eric_v1,C:\Users\Prutha Pandit\cosmos_final_project\data\raw\session_20260724_161748,eric,Clockwise,10,336301.421000,336303.468000,2.047000,43,21.01,20,9.77,10,4.89,C:\Users\Prutha Pandit\cosmos_final_project\datasets\gesture_new3_plus_eric_v1\trials\eric_Clockwise_010.npz,C:\Users\Prutha Pandit\cosmos_final_project\data\raw\session_20260724_161748
gesture_new3_plus_eric_v1,C:\Users\Prutha Pandit\cosmos_final_project\data\raw\session_20260724_161748,eric,Anti-clockwise,11,336323.375000,336325.437000,2.062000,44,21.34,21,10.18,10,4.85,C:\Users\Prutha Pandit\cosmos_final_project\datasets\gesture_new3_plus_eric_v1\trials\eric_Anti-clockwise_011.npz,C:\Users\Prutha Pandit\cosmos_final_project\data\raw\session_20260724_161748
gesture_new3_plus_eric_v1,C:\Users\Prutha Pandit\cosmos_final_project\data\raw\session_20260724_161748,eric,Anti-clockwise,12,336331.953000,336333.968000,2.015000,43,21.34,20,9.93,10,4.96,C:\Users\Prutha Pandit\cosmos_final_project\datasets\gesture_new3_plus_eric_v1\trials\eric_Anti-clockwise_012.npz,C:\Users\Prutha Pandit\cosmos_final_project\data\raw\session_20260724_161748
gesture_new3_plus_eric_v1,C:\Users\Prutha Pandit\cosmos_final_project\data\raw\session_20260724_161748,eric,Anti-clockwise,13,336369.000000,336371.046000,2.046000,43,21.02,20,9.78,10,4.89,C:\Users\Prutha Pandit\cosmos_final_project\datasets\gesture_new3_plus_eric_v1\trials\eric_Anti-clockwise_013.npz,C:\Users\Prutha Pandit\cosmos_final_project\data\raw\session_20260724_161748
gesture_new3_plus_eric_v1,C:\Users\Prutha Pandit\cosmos_final_project\data\raw\session_20260724_161748,eric,Anti-clockwise,14,336380.031000,336382.078000,2.047000,44,21.49,20,9.77,11,5.37,C:\Users\Prutha Pandit\cosmos_final_project\datasets\gesture_new3_plus_eric_v1\trials\eric_Anti-clockwise_014.npz,C:\Users\Prutha Pandit\cosmos_final_project\data\raw\session_20260724_161748
gesture_new3_plus_eric_v1,C:\Users\Prutha Pandit\cosmos_final_project\data\raw\session_20260724_161748,eric,Anti-clockwise,15,336386.218000,336388.265000,2.047000,44,21.49,20,9.77,10,4.89,C:\Users\Prutha Pandit\cosmos_final_project\datasets\gesture_new3_plus_eric_v1\trials\eric_Anti-clockwise_015.npz,C:\Users\Prutha Pandit\cosmos_final_project\data\raw\session_20260724_161748
gesture_new3_plus_eric_v1,C:\Users\Prutha Pandit\cosmos_final_project\data\raw\session_20260724_161748,eric,Anti-clockwise,16,336394.906000,336396.921000,2.015000,43,21.34,20,9.93,10,4.96,C:\Users\Prutha Pandit\cosmos_final_project\datasets\gesture_new3_plus_eric_v1\trials\eric_Anti-clockwise_016.npz,C:\Users\Prutha Pandit\cosmos_final_project\data\raw\session_20260724_161748
gesture_new3_plus_eric_v1,C:\Users\Prutha Pandit\cosmos_final_project\data\raw\session_20260724_161748,eric,Anti-clockwise,17,336405.765000,336407.781000,2.016000,43,21.33,19,9.42,10,4.96,C:\Users\Prutha Pandit\cosmos_final_project\datasets\gesture_new3_plus_eric_v1\trials\eric_Anti-clockwise_017.npz,C:\Users\Prutha Pandit\cosmos_final_project\data\raw\session_20260724_161748
gesture_new3_plus_eric_v1,C:\Users\Prutha Pandit\cosmos_final_project\data\raw\session_20260724_161748,eric,Anti-clockwise,18,336411.031000,336413.093000,2.062000,45,21.82,21,10.18,11,5.33,C:\Users\Prutha Pandit\cosmos_final_project\datasets\gesture_new3_plus_eric_v1\trials\eric_Anti-clockwise_018.npz,C:\Users\Prutha Pandit\cosmos_final_project\data\raw\session_20260724_161748
gesture_new3_plus_eric_v1,C:\Users\Prutha Pandit\cosmos_final_project\data\raw\session_20260724_161748,eric,Anti-clockwise,19,336417.687000,336419.765000,2.078000,45,21.66,21,10.11,10,4.81,C:\Users\Prutha Pandit\cosmos_final_project\datasets\gesture_new3_plus_eric_v1\trials\eric_Anti-clockwise_019.npz,C:\Users\Prutha Pandit\cosmos_final_project\data\raw\session_20260724_161748
gesture_new3_plus_eric_v1,C:\Users\Prutha Pandit\cosmos_final_project\data\raw\session_20260724_161748,eric,Anti-clockwise,20,336422.437000,336424.484000,2.047000,44,21.49,21,10.26,11,5.37,C:\Users\Prutha Pandit\cosmos_final_project\datasets\gesture_new3_plus_eric_v1\trials\eric_Anti-clockwise_020.npz,C:\Users\Prutha Pandit\cosmos_final_project\data\raw\session_20260724_161748
gesture_new3_plus_eric_v1,C:\Users\Prutha Pandit\cosmos_final_project\data\raw\session_20260724_161748,eric,Right,21,336432.234000,336434.265000,2.031000,44,21.66,20,9.85,10,4.92,C:\Users\Prutha Pandit\cosmos_final_project\datasets\gesture_new3_plus_eric_v1\trials\eric_Right_021.npz,C:\Users\Prutha Pandit\cosmos_final_project\data\raw\session_20260724_161748
gesture_new3_plus_eric_v1,C:\Users\Prutha Pandit\cosmos_final_project\data\raw\session_20260724_161748,eric,Right,22,336437.375000,336439.406000,2.031000,44,21.66,21,10.34,10,4.92,C:\Users\Prutha Pandit\cosmos_final_project\datasets\gesture_new3_plus_eric_v1\trials\eric_Right_022.npz,C:\Users\Prutha Pandit\cosmos_final_project\data\raw\session_20260724_161748
gesture_new3_plus_eric_v1,C:\Users\Prutha Pandit\cosmos_final_project\data\raw\session_20260724_161748,eric,Right,23,336441.953000,336444.000000,2.047000,44,21.49,21,10.26,10,4.89,C:\Users\Prutha Pandit\cosmos_final_project\datasets\gesture_new3_plus_eric_v1\trials\eric_Right_023.npz,C:\Users\Prutha Pandit\cosmos_final_project\data\raw\session_20260724_161748
gesture_new3_plus_eric_v1,C:\Users\Prutha Pandit\cosmos_final_project\data\raw\session_20260724_161748,eric,Right,24,336452.593000,336454.656000,2.063000,44,21.33,21,10.18,10,4.85,C:\Users\Prutha Pandit\cosmos_final_project\datasets\gesture_new3_plus_eric_v1\trials\eric_Right_024.npz,C:\Users\Prutha Pandit\cosmos_final_project\data\raw\session_20260724_161748
gesture_new3_plus_eric_v1,C:\Users\Prutha Pandit\cosmos_final_project\data\raw\session_20260724_161748,eric,Right,25,336465.468000,336467.515000,2.047000,44,21.49,21,10.26,11,5.37,C:\Users\Prutha Pandit\cosmos_final_project\datasets\gesture_new3_plus_eric_v1\trials\eric_Right_025.npz,C:\Users\Prutha Pandit\cosmos_final_project\data\raw\session_20260724_161748
gesture_new3_plus_eric_v1,C:\Users\Prutha Pandit\cosmos_final_project\data\raw\session_20260724_161748,eric,Right,26,336473.406000,336475.406000,2.000000,43,21.50,20,10.00,10,5.00,C:\Users\Prutha Pandit\cosmos_final_project\datasets\gesture_new3_plus_eric_v1\trials\eric_Right_026.npz,C:\Users\Prutha Pandit\cosmos_final_project\data\raw\session_20260724_161748
gesture_new3_plus_eric_v1,C:\Users\Prutha Pandit\cosmos_final_project\data\raw\session_20260724_161748,eric,Right,27,336478.109000,336480.140000,2.031000,43,21.17,20,9.85,10,4.92,C:\Users\Prutha Pandit\cosmos_final_project\datasets\gesture_new3_plus_eric_v1\trials\eric_Right_027.npz,C:\Users\Prutha Pandit\cosmos_final_project\data\raw\session_20260724_161748
gesture_new3_plus_eric_v1,C:\Users\Prutha Pandit\cosmos_final_project\data\raw\session_20260724_161748,eric,Right,28,336501.734000,336503.781000,2.047000,44,21.49,20,9.77,10,4.89,C:\Users\Prutha Pandit\cosmos_final_project\datasets\gesture_new3_plus_eric_v1\trials\eric_Right_028.npz,C:\Users\Prutha Pandit\cosmos_final_project\data\raw\session_20260724_161748
gesture_new3_plus_eric_v1,C:\Users\Prutha Pandit\cosmos_final_project\data\raw\session_20260724_161748,eric,Right,29,336506.203000,336508.234000,2.031000,43,21.17,20,9.85,10,4.92,C:\Users\Prutha Pandit\cosmos_final_project\datasets\gesture_new3_plus_eric_v1\trials\eric_Right_029.npz,C:\Users\Prutha Pandit\cosmos_final_project\data\raw\session_20260724_161748
gesture_new3_plus_eric_v1,C:\Users\Prutha Pandit\cosmos_final_project\data\raw\session_20260724_161748,eric,Right,30,336510.281000,336512.375000,2.094000,45,21.49,20,9.55,10,4.78,C:\Users\Prutha Pandit\cosmos_final_project\datasets\gesture_new3_plus_eric_v1\trials\eric_Right_030.npz,C:\Users\Prutha Pandit\cosmos_final_project\data\raw\session_20260724_161748
gesture_new3_plus_eric_v1,C:\Users\Prutha Pandit\cosmos_final_project\data\raw\session_20260724_161748,eric,Left,31,336517.937000,336519.984000,2.047000,44,21.49,20,9.77,10,4.89,C:\Users\Prutha Pandit\cosmos_final_project\datasets\gesture_new3_plus_eric_v1\trials\eric_Left_031.npz,C:\Users\Prutha Pandit\cosmos_final_project\data\raw\session_20260724_161748
gesture_new3_plus_eric_v1,C:\Users\Prutha Pandit\cosmos_final_project\data\raw\session_20260724_161748,eric,Left,32,336522.125000,336524.187000,2.062000,45,21.82,20,9.70,10,4.85,C:\Users\Prutha Pandit\cosmos_final_project\datasets\gesture_new3_plus_eric_v1\trials\eric_Left_032.npz,C:\Users\Prutha Pandit\cosmos_final_project\data\raw\session_20260724_161748
gesture_new3_plus_eric_v1,C:\Users\Prutha Pandit\cosmos_final_project\data\raw\session_20260724_161748,eric,Left,33,336526.265000,336528.296000,2.031000,44,21.66,21,10.34,11,5.42,C:\Users\Prutha Pandit\cosmos_final_project\datasets\gesture_new3_plus_eric_v1\trials\eric_Left_033.npz,C:\Users\Prutha Pandit\cosmos_final_project\data\raw\session_20260724_161748
gesture_new3_plus_eric_v1,C:\Users\Prutha Pandit\cosmos_final_project\data\raw\session_20260724_161748,eric,Left,34,336530.484000,336532.515000,2.031000,44,21.66,21,10.34,10,4.92,C:\Users\Prutha Pandit\cosmos_final_project\datasets\gesture_new3_plus_eric_v1\trials\eric_Left_034.npz,C:\Users\Prutha Pandit\cosmos_final_project\data\raw\session_20260724_161748
gesture_new3_plus_eric_v1,C:\Users\Prutha Pandit\cosmos_final_project\data\raw\session_20260724_161748,eric,Left,35,336535.265000,336537.328000,2.063000,43,20.84,21,10.18,11,5.33,C:\Users\Prutha Pandit\cosmos_final_project\datasets\gesture_new3_plus_eric_v1\trials\eric_Left_035.npz,C:\Users\Prutha Pandit\cosmos_final_project\data\raw\session_20260724_161748
gesture_new3_plus_eric_v1,C:\Users\Prutha Pandit\cosmos_final_project\data\raw\session_20260724_161748,eric,Left,36,336539.687000,336541.718000,2.031000,44,21.66,21,10.34,10,4.92,C:\Users\Prutha Pandit\cosmos_final_project\datasets\gesture_new3_plus_eric_v1\trials\eric_Left_036.npz,C:\Users\Prutha Pandit\cosmos_final_project\data\raw\session_20260724_161748
gesture_new3_plus_eric_v1,C:\Users\Prutha Pandit\cosmos_final_project\data\raw\session_20260724_161748,eric,Left,37,336544.187000,336546.234000,2.047000,44,21.49,21,10.26,10,4.89,C:\Users\Prutha Pandit\cosmos_final_project\datasets\gesture_new3_plus_eric_v1\trials\eric_Left_037.npz,C:\Users\Prutha Pandit\cosmos_final_project\data\raw\session_20260724_161748
gesture_new3_plus_eric_v1,C:\Users\Prutha Pandit\cosmos_final_project\data\raw\session_20260724_161748,eric,Left,38,336554.093000,336556.171000,2.078000,45,21.66,21,10.11,10,4.81,C:\Users\Prutha Pandit\cosmos_final_project\datasets\gesture_new3_plus_eric_v1\trials\eric_Left_038.npz,C:\Users\Prutha Pandit\cosmos_final_project\data\raw\session_20260724_161748
gesture_new3_plus_eric_v1,C:\Users\Prutha Pandit\cosmos_final_project\data\raw\session_20260724_161748,eric,Left,39,336565.031000,336567.046000,2.015000,43,21.34,20,9.93,10,4.96,C:\Users\Prutha Pandit\cosmos_final_project\datasets\gesture_new3_plus_eric_v1\trials\eric_Left_039.npz,C:\Users\Prutha Pandit\cosmos_final_project\data\raw\session_20260724_161748
gesture_new3_plus_eric_v1,C:\Users\Prutha Pandit\cosmos_final_project\data\raw\session_20260724_161748,eric,Left,40,336571.453000,336573.484000,2.031000,43,21.17,21,10.34,11,5.42,C:\Users\Prutha Pandit\cosmos_final_project\datasets\gesture_new3_plus_eric_v1\trials\eric_Left_040.npz,C:\Users\Prutha Pandit\cosmos_final_project\data\raw\session_20260724_161748
gesture_new3_plus_eric_v1,C:\Users\Prutha Pandit\cosmos_final_project\data\raw\session_20260724_161748,eric,Bye-Bye,41,336613.718000,336615.750000,2.032000,43,21.16,19,9.35,10,4.92,C:\Users\Prutha Pandit\cosmos_final_project\datasets\gesture_new3_plus_eric_v1\trials\eric_Bye-Bye_041.npz,C:\Users\Prutha Pandit\cosmos_final_project\data\raw\session_20260724_161748
gesture_new3_plus_eric_v1,C:\Users\Prutha Pandit\cosmos_final_project\data\raw\session_20260724_161748,eric,Bye-Bye,42,336618.093000,336620.125000,2.032000,44,21.65,21,10.33,10,4.92,C:\Users\Prutha Pandit\cosmos_final_project\datasets\gesture_new3_plus_eric_v1\trials\eric_Bye-Bye_042.npz,C:\Users\Prutha Pandit\cosmos_final_project\data\raw\session_20260724_161748
gesture_new3_plus_eric_v1,C:\Users\Prutha Pandit\cosmos_final_project\data\raw\session_20260724_161748,eric,Bye-Bye,43,336621.859000,336623.906000,2.047000,44,21.49,21,10.26,11,5.37,C:\Users\Prutha Pandit\cosmos_final_project\datasets\gesture_new3_plus_eric_v1\trials\eric_Bye-Bye_043.npz,C:\Users\Prutha Pandit\cosmos_final_project\data\raw\session_20260724_161748
gesture_new3_plus_eric_v1,C:\Users\Prutha Pandit\cosmos_final_project\data\raw\session_20260724_161748,eric,Bye-Bye,44,336625.937000,336627.953000,2.016000,44,21.83,20,9.92,10,4.96,C:\Users\Prutha Pandit\cosmos_final_project\datasets\gesture_new3_plus_eric_v1\trials\eric_Bye-Bye_044.npz,C:\Users\Prutha Pandit\cosmos_final_project\data\raw\session_20260724_161748
gesture_new3_plus_eric_v1,C:\Users\Prutha Pandit\cosmos_final_project\data\raw\session_20260724_161748,eric,Bye-Bye,45,336630.062000,336632.109000,2.047000,44,21.49,21,10.26,11,5.37,C:\Users\Prutha Pandit\cosmos_final_project\datasets\gesture_new3_plus_eric_v1\trials\eric_Bye-Bye_045.npz,C:\Users\Prutha Pandit\cosmos_final_project\data\raw\session_20260724_161748
gesture_new3_plus_eric_v1,C:\Users\Prutha Pandit\cosmos_final_project\data\raw\session_20260724_161748,eric,Bye-Bye,46,336654.968000,336657.015000,2.047000,44,21.49,21,10.26,10,4.89,C:\Users\Prutha Pandit\cosmos_final_project\datasets\gesture_new3_plus_eric_v1\trials\eric_Bye-Bye_046.npz,C:\Users\Prutha Pandit\cosmos_final_project\data\raw\session_20260724_161748
gesture_new3_plus_eric_v1,C:\Users\Prutha Pandit\cosmos_final_project\data\raw\session_20260724_161748,eric,Bye-Bye,47,336658.968000,336661.015000,2.047000,43,21.01,21,10.26,10,4.89,C:\Users\Prutha Pandit\cosmos_final_project\datasets\gesture_new3_plus_eric_v1\trials\eric_Bye-Bye_047.npz,C:\Users\Prutha Pandit\cosmos_final_project\data\raw\session_20260724_161748
gesture_new3_plus_eric_v1,C:\Users\Prutha Pandit\cosmos_final_project\data\raw\session_20260724_161748,eric,Bye-Bye,48,336663.546000,336665.546000,2.000000,43,21.50,20,10.00,10,5.00,C:\Users\Prutha Pandit\cosmos_final_project\datasets\gesture_new3_plus_eric_v1\trials\eric_Bye-Bye_048.npz,C:\Users\Prutha Pandit\cosmos_final_project\data\raw\session_20260724_161748
gesture_new3_plus_eric_v1,C:\Users\Prutha Pandit\cosmos_final_project\data\raw\session_20260724_161748,eric,Bye-Bye,49,336667.687000,336669.703000,2.016000,42,20.83,21,10.42,10,4.96,C:\Users\Prutha Pandit\cosmos_final_project\datasets\gesture_new3_plus_eric_v1\trials\eric_Bye-Bye_049.npz,C:\Users\Prutha Pandit\cosmos_final_project\data\raw\session_20260724_161748
gesture_new3_plus_eric_v1,C:\Users\Prutha Pandit\cosmos_final_project\data\raw\session_20260724_161748,eric,Bye-Bye,50,336671.875000,336673.875000,2.000000,43,21.50,20,10.00,11,5.50,C:\Users\Prutha Pandit\cosmos_final_project\datasets\gesture_new3_plus_eric_v1\trials\eric_Bye-Bye_050.npz,C:\Users\Prutha Pandit\cosmos_final_project\data\raw\session_20260724_161748
gesture_new3_plus_eric_v1,C:\Users\Prutha Pandit\cosmos_final_project\data\raw\session_20260724_161748,eric,One-Arm Boxing,51,336706.843000,336708.890000,2.047000,44,21.49,20,9.77,11,5.37,C:\Users\Prutha Pandit\cosmos_final_project\datasets\gesture_new3_plus_eric_v1\trials\eric_One-Arm_Boxing_051.npz,C:\Users\Prutha Pandit\cosmos_final_project\data\raw\session_20260724_161748
gesture_new3_plus_eric_v1,C:\Users\Prutha Pandit\cosmos_final_project\data\raw\session_20260724_161748,eric,One-Arm Boxing,52,336712.187000,336714.203000,2.016000,43,21.33,21,10.42,10,4.96,C:\Users\Prutha Pandit\cosmos_final_project\datasets\gesture_new3_plus_eric_v1\trials\eric_One-Arm_Boxing_052.npz,C:\Users\Prutha Pandit\cosmos_final_project\data\raw\session_20260724_161748
gesture_new3_plus_eric_v1,C:\Users\Prutha Pandit\cosmos_final_project\data\raw\session_20260724_161748,eric,One-Arm Boxing,53,336716.718000,336718.718000,2.000000,43,21.50,20,10.00,10,5.00,C:\Users\Prutha Pandit\cosmos_final_project\datasets\gesture_new3_plus_eric_v1\trials\eric_One-Arm_Boxing_053.npz,C:\Users\Prutha Pandit\cosmos_final_project\data\raw\session_20260724_161748
gesture_new3_plus_eric_v1,C:\Users\Prutha Pandit\cosmos_final_project\data\raw\session_20260724_161748,eric,One-Arm Boxing,54,336721.125000,336723.187000,2.062000,44,21.34,21,10.18,10,4.85,C:\Users\Prutha Pandit\cosmos_final_project\datasets\gesture_new3_plus_eric_v1\trials\eric_One-Arm_Boxing_054.npz,C:\Users\Prutha Pandit\cosmos_final_project\data\raw\session_20260724_161748
gesture_new3_plus_eric_v1,C:\Users\Prutha Pandit\cosmos_final_project\data\raw\session_20260724_161748,eric,One-Arm Boxing,55,336725.140000,336727.203000,2.063000,44,21.33,21,10.18,10,4.85,C:\Users\Prutha Pandit\cosmos_final_project\datasets\gesture_new3_plus_eric_v1\trials\eric_One-Arm_Boxing_055.npz,C:\Users\Prutha Pandit\cosmos_final_project\data\raw\session_20260724_161748
gesture_new3_plus_eric_v1,C:\Users\Prutha Pandit\cosmos_final_project\data\raw\session_20260724_161748,eric,One-Arm Boxing,56,336729.500000,336731.546000,2.046000,44,21.51,21,10.26,10,4.89,C:\Users\Prutha Pandit\cosmos_final_project\datasets\gesture_new3_plus_eric_v1\trials\eric_One-Arm_Boxing_056.npz,C:\Users\Prutha Pandit\cosmos_final_project\data\raw\session_20260724_161748
gesture_new3_plus_eric_v1,C:\Users\Prutha Pandit\cosmos_final_project\data\raw\session_20260724_161748,eric,One-Arm Boxing,57,336734.109000,336736.156000,2.047000,43,21.01,20,9.77,10,4.89,C:\Users\Prutha Pandit\cosmos_final_project\datasets\gesture_new3_plus_eric_v1\trials\eric_One-Arm_Boxing_057.npz,C:\Users\Prutha Pandit\cosmos_final_project\data\raw\session_20260724_161748
gesture_new3_plus_eric_v1,C:\Users\Prutha Pandit\cosmos_final_project\data\raw\session_20260724_161748,eric,One-Arm Boxing,58,336738.671000,336740.718000,2.047000,44,21.49,21,10.26,11,5.37,C:\Users\Prutha Pandit\cosmos_final_project\datasets\gesture_new3_plus_eric_v1\trials\eric_One-Arm_Boxing_058.npz,C:\Users\Prutha Pandit\cosmos_final_project\data\raw\session_20260724_161748
gesture_new3_plus_eric_v1,C:\Users\Prutha Pandit\cosmos_final_project\data\raw\session_20260724_161748,eric,One-Arm Boxing,59,336742.953000,336745.000000,2.047000,44,21.49,21,10.26,10,4.89,C:\Users\Prutha Pandit\cosmos_final_project\datasets\gesture_new3_plus_eric_v1\trials\eric_One-Arm_Boxing_059.npz,C:\Users\Prutha Pandit\cosmos_final_project\data\raw\session_20260724_161748
gesture_new3_plus_eric_v1,C:\Users\Prutha Pandit\cosmos_final_project\data\raw\session_20260724_161748,eric,One-Arm Boxing,60,336749.796000,336751.843000,2.047000,44,21.49,21,10.26,10,4.89,C:\Users\Prutha Pandit\cosmos_final_project\datasets\gesture_new3_plus_eric_v1\trials\eric_One-Arm_Boxing_060.npz,C:\Users\Prutha Pandit\cosmos_final_project\data\raw\session_20260724_161748
gesture_new3_plus_eric_v1,C:\Users\Prutha Pandit\cosmos_final_project\data\raw\session_20260724_161748,eric,Clapping,61,336761.765000,336763.812000,2.047000,44,21.49,21,10.26,10,4.89,C:\Users\Prutha Pandit\cosmos_final_project\datasets\gesture_new3_plus_eric_v1\trials\eric_Clapping_061.npz,C:\Users\Prutha Pandit\cosmos_final_project\data\raw\session_20260724_161748
gesture_new3_plus_eric_v1,C:\Users\Prutha Pandit\cosmos_final_project\data\raw\session_20260724_161748,eric,Clapping,62,336769.234000,336771.281000,2.047000,44,21.49,20,9.77,11,5.37,C:\Users\Prutha Pandit\cosmos_final_project\datasets\gesture_new3_plus_eric_v1\trials\eric_Clapping_062.npz,C:\Users\Prutha Pandit\cosmos_final_project\data\raw\session_20260724_161748
gesture_new3_plus_eric_v1,C:\Users\Prutha Pandit\cosmos_final_project\data\raw\session_20260724_161748,eric,Clapping,63,336773.828000,336775.843000,2.015000,43,21.34,20,9.93,10,4.96,C:\Users\Prutha Pandit\cosmos_final_project\datasets\gesture_new3_plus_eric_v1\trials\eric_Clapping_063.npz,C:\Users\Prutha Pandit\cosmos_final_project\data\raw\session_20260724_161748
gesture_new3_plus_eric_v1,C:\Users\Prutha Pandit\cosmos_final_project\data\raw\session_20260724_161748,eric,Clapping,64,336777.781000,336779.843000,2.062000,44,21.34,21,10.18,10,4.85,C:\Users\Prutha Pandit\cosmos_final_project\datasets\gesture_new3_plus_eric_v1\trials\eric_Clapping_064.npz,C:\Users\Prutha Pandit\cosmos_final_project\data\raw\session_20260724_161748
gesture_new3_plus_eric_v1,C:\Users\Prutha Pandit\cosmos_final_project\data\raw\session_20260724_161748,eric,Clapping,65,336781.765000,336783.828000,2.063000,45,21.81,21,10.18,10,4.85,C:\Users\Prutha Pandit\cosmos_final_project\datasets\gesture_new3_plus_eric_v1\trials\eric_Clapping_065.npz,C:\Users\Prutha Pandit\cosmos_final_project\data\raw\session_20260724_161748
gesture_new3_plus_eric_v1,C:\Users\Prutha Pandit\cosmos_final_project\data\raw\session_20260724_161748,eric,Clapping,66,336785.906000,336787.953000,2.047000,44,21.49,20,9.77,10,4.89,C:\Users\Prutha Pandit\cosmos_final_project\datasets\gesture_new3_plus_eric_v1\trials\eric_Clapping_066.npz,C:\Users\Prutha Pandit\cosmos_final_project\data\raw\session_20260724_161748
gesture_new3_plus_eric_v1,C:\Users\Prutha Pandit\cosmos_final_project\data\raw\session_20260724_161748,eric,Clapping,67,336790.671000,336792.718000,2.047000,44,21.49,21,10.26,11,5.37,C:\Users\Prutha Pandit\cosmos_final_project\datasets\gesture_new3_plus_eric_v1\trials\eric_Clapping_067.npz,C:\Users\Prutha Pandit\cosmos_final_project\data\raw\session_20260724_161748
gesture_new3_plus_eric_v1,C:\Users\Prutha Pandit\cosmos_final_project\data\raw\session_20260724_161748,eric,Clapping,68,336794.921000,336796.953000,2.032000,43,21.16,20,9.84,10,4.92,C:\Users\Prutha Pandit\cosmos_final_project\datasets\gesture_new3_plus_eric_v1\trials\eric_Clapping_068.npz,C:\Users\Prutha Pandit\cosmos_final_project\data\raw\session_20260724_161748
gesture_new3_plus_eric_v1,C:\Users\Prutha Pandit\cosmos_final_project\data\raw\session_20260724_161748,eric,Clapping,69,336799.062000,336801.093000,2.031000,43,21.17,21,10.34,11,5.42,C:\Users\Prutha Pandit\cosmos_final_project\datasets\gesture_new3_plus_eric_v1\trials\eric_Clapping_069.npz,C:\Users\Prutha Pandit\cosmos_final_project\data\raw\session_20260724_161748
gesture_new3_plus_eric_v1,C:\Users\Prutha Pandit\cosmos_final_project\data\raw\session_20260724_161748,eric,Clapping,70,336803.468000,336805.562000,2.094000,45,21.49,21,10.03,11,5.25,C:\Users\Prutha Pandit\cosmos_final_project\datasets\gesture_new3_plus_eric_v1\trials\eric_Clapping_070.npz,C:\Users\Prutha Pandit\cosmos_final_project\data\raw\session_20260724_161748
gesture_new3_plus_eric_v1,C:\Users\Prutha Pandit\cosmos_final_project\data\raw\session_20260724_161748,eric,Two-Arm Boxing,71,336812.671000,336814.734000,2.063000,45,21.81,21,10.18,11,5.33,C:\Users\Prutha Pandit\cosmos_final_project\datasets\gesture_new3_plus_eric_v1\trials\eric_Two-Arm_Boxing_071.npz,C:\Users\Prutha Pandit\cosmos_final_project\data\raw\session_20260724_161748
gesture_new3_plus_eric_v1,C:\Users\Prutha Pandit\cosmos_final_project\data\raw\session_20260724_161748,eric,Two-Arm Boxing,72,336817.593000,336819.640000,2.047000,44,21.49,21,10.26,10,4.89,C:\Users\Prutha Pandit\cosmos_final_project\datasets\gesture_new3_plus_eric_v1\trials\eric_Two-Arm_Boxing_072.npz,C:\Users\Prutha Pandit\cosmos_final_project\data\raw\session_20260724_161748
gesture_new3_plus_eric_v1,C:\Users\Prutha Pandit\cosmos_final_project\data\raw\session_20260724_161748,eric,Two-Arm Boxing,73,336821.656000,336823.718000,2.062000,44,21.34,21,10.18,11,5.33,C:\Users\Prutha Pandit\cosmos_final_project\datasets\gesture_new3_plus_eric_v1\trials\eric_Two-Arm_Boxing_073.npz,C:\Users\Prutha Pandit\cosmos_final_project\data\raw\session_20260724_161748
gesture_new3_plus_eric_v1,C:\Users\Prutha Pandit\cosmos_final_project\data\raw\session_20260724_161748,eric,Two-Arm Boxing,74,336825.359000,336827.437000,2.078000,45,21.66,21,10.11,10,4.81,C:\Users\Prutha Pandit\cosmos_final_project\datasets\gesture_new3_plus_eric_v1\trials\eric_Two-Arm_Boxing_074.npz,C:\Users\Prutha Pandit\cosmos_final_project\data\raw\session_20260724_161748
gesture_new3_plus_eric_v1,C:\Users\Prutha Pandit\cosmos_final_project\data\raw\session_20260724_161748,eric,Two-Arm Boxing,75,336829.531000,336831.593000,2.062000,44,21.34,21,10.18,10,4.85,C:\Users\Prutha Pandit\cosmos_final_project\datasets\gesture_new3_plus_eric_v1\trials\eric_Two-Arm_Boxing_075.npz,C:\Users\Prutha Pandit\cosmos_final_project\data\raw\session_20260724_161748
gesture_new3_plus_eric_v1,C:\Users\Prutha Pandit\cosmos_final_project\data\raw\session_20260724_161748,eric,Two-Arm Boxing,76,336837.406000,336839.453000,2.047000,44,21.49,20,9.77,10,4.89,C:\Users\Prutha Pandit\cosmos_final_project\datasets\gesture_new3_plus_eric_v1\trials\eric_Two-Arm_Boxing_076.npz,C:\Users\Prutha Pandit\cosmos_final_project\data\raw\session_20260724_161748
gesture_new3_plus_eric_v1,C:\Users\Prutha Pandit\cosmos_final_project\data\raw\session_20260724_161748,eric,Two-Arm Boxing,77,336841.546000,336843.625000,2.079000,44,21.16,21,10.10,10,4.81,C:\Users\Prutha Pandit\cosmos_final_project\datasets\gesture_new3_plus_eric_v1\trials\eric_Two-Arm_Boxing_077.npz,C:\Users\Prutha Pandit\cosmos_final_project\data\raw\session_20260724_161748
gesture_new3_plus_eric_v1,C:\Users\Prutha Pandit\cosmos_final_project\data\raw\session_20260724_161748,eric,Two-Arm Boxing,78,336845.531000,336847.578000,2.047000,44,21.49,20,9.77,10,4.89,C:\Users\Prutha Pandit\cosmos_final_project\datasets\gesture_new3_plus_eric_v1\trials\eric_Two-Arm_Boxing_078.npz,C:\Users\Prutha Pandit\cosmos_final_project\data\raw\session_20260724_161748
gesture_new3_plus_eric_v1,C:\Users\Prutha Pandit\cosmos_final_project\data\raw\session_20260724_161748,eric,Two-Arm Boxing,79,336849.359000,336851.406000,2.047000,44,21.49,21,10.26,10,4.89,C:\Users\Prutha Pandit\cosmos_final_project\datasets\gesture_new3_plus_eric_v1\trials\eric_Two-Arm_Boxing_079.npz,C:\Users\Prutha Pandit\cosmos_final_project\data\raw\session_20260724_161748
gesture_new3_plus_eric_v1,C:\Users\Prutha Pandit\cosmos_final_project\data\raw\session_20260724_161748,eric,Two-Arm Boxing,80,336853.046000,336855.078000,2.032000,44,21.65,20,9.84,11,5.41,C:\Users\Prutha Pandit\cosmos_final_project\datasets\gesture_new3_plus_eric_v1\trials\eric_Two-Arm_Boxing_080.npz,C:\Users\Prutha Pandit\cosmos_final_project\data\raw\session_20260724_161748
gesture_new3_plus_eric_v1,C:\Users\Prutha Pandit\cosmos_final_project\data\raw\session_20260724_161748,eric,T-Arm,81,336872.359000,336874.421000,2.062000,45,21.82,21,10.18,10,4.85,C:\Users\Prutha Pandit\cosmos_final_project\datasets\gesture_new3_plus_eric_v1\trials\eric_T-Arm_081.npz,C:\Users\Prutha Pandit\cosmos_final_project\data\raw\session_20260724_161748
gesture_new3_plus_eric_v1,C:\Users\Prutha Pandit\cosmos_final_project\data\raw\session_20260724_161748,eric,T-Arm,82,336880.515000,336882.593000,2.078000,44,21.17,21,10.11,10,4.81,C:\Users\Prutha Pandit\cosmos_final_project\datasets\gesture_new3_plus_eric_v1\trials\eric_T-Arm_082.npz,C:\Users\Prutha Pandit\cosmos_final_project\data\raw\session_20260724_161748
gesture_new3_plus_eric_v1,C:\Users\Prutha Pandit\cosmos_final_project\data\raw\session_20260724_161748,eric,T-Arm,83,336884.609000,336886.640000,2.031000,44,21.66,20,9.85,10,4.92,C:\Users\Prutha Pandit\cosmos_final_project\datasets\gesture_new3_plus_eric_v1\trials\eric_T-Arm_083.npz,C:\Users\Prutha Pandit\cosmos_final_project\data\raw\session_20260724_161748
gesture_new3_plus_eric_v1,C:\Users\Prutha Pandit\cosmos_final_project\data\raw\session_20260724_161748,eric,T-Arm,84,336888.890000,336890.953000,2.063000,44,21.33,21,10.18,10,4.85,C:\Users\Prutha Pandit\cosmos_final_project\datasets\gesture_new3_plus_eric_v1\trials\eric_T-Arm_084.npz,C:\Users\Prutha Pandit\cosmos_final_project\data\raw\session_20260724_161748
gesture_new3_plus_eric_v1,C:\Users\Prutha Pandit\cosmos_final_project\data\raw\session_20260724_161748,eric,T-Arm,85,336893.296000,336895.343000,2.047000,44,21.49,21,10.26,10,4.89,C:\Users\Prutha Pandit\cosmos_final_project\datasets\gesture_new3_plus_eric_v1\trials\eric_T-Arm_085.npz,C:\Users\Prutha Pandit\cosmos_final_project\data\raw\session_20260724_161748
gesture_new3_plus_eric_v1,C:\Users\Prutha Pandit\cosmos_final_project\data\raw\session_20260724_161748,eric,T-Arm,86,336897.921000,336899.953000,2.032000,43,21.16,20,9.84,10,4.92,C:\Users\Prutha Pandit\cosmos_final_project\datasets\gesture_new3_plus_eric_v1\trials\eric_T-Arm_086.npz,C:\Users\Prutha Pandit\cosmos_final_project\data\raw\session_20260724_161748
gesture_new3_plus_eric_v1,C:\Users\Prutha Pandit\cosmos_final_project\data\raw\session_20260724_161748,eric,T-Arm,87,336902.453000,336904.500000,2.047000,44,21.49,21,10.26,11,5.37,C:\Users\Prutha Pandit\cosmos_final_project\datasets\gesture_new3_plus_eric_v1\trials\eric_T-Arm_087.npz,C:\Users\Prutha Pandit\cosmos_final_project\data\raw\session_20260724_161748
gesture_new3_plus_eric_v1,C:\Users\Prutha Pandit\cosmos_final_project\data\raw\session_20260724_161748,eric,T-Arm,88,336906.515000,336908.593000,2.078000,44,21.17,21,10.11,10,4.81,C:\Users\Prutha Pandit\cosmos_final_project\datasets\gesture_new3_plus_eric_v1\trials\eric_T-Arm_088.npz,C:\Users\Prutha Pandit\cosmos_final_project\data\raw\session_20260724_161748
gesture_new3_plus_eric_v1,C:\Users\Prutha Pandit\cosmos_final_project\data\raw\session_20260724_161748,eric,T-Arm,89,336910.578000,336912.609000,2.031000,44,21.66,21,10.34,10,4.92,C:\Users\Prutha Pandit\cosmos_final_project\datasets\gesture_new3_plus_eric_v1\trials\eric_T-Arm_089.npz,C:\Users\Prutha Pandit\cosmos_final_project\data\raw\session_20260724_161748
gesture_new3_plus_eric_v1,C:\Users\Prutha Pandit\cosmos_final_project\data\raw\session_20260724_161748,eric,T-Arm,90,336914.781000,336916.843000,2.062000,44,21.34,21,10.18,10,4.85,C:\Users\Prutha Pandit\cosmos_final_project\datasets\gesture_new3_plus_eric_v1\trials\eric_T-Arm_090.npz,C:\Users\Prutha Pandit\cosmos_final_project\data\raw\session_20260724_161748
gesture_new3_plus_eric_v1,C:\Users\Prutha Pandit\cosmos_final_project\data\raw\session_20260724_161748,eric,Raise Arms,91,336935.640000,336937.687000,2.047000,44,21.49,20,9.77,11,5.37,C:\Users\Prutha Pandit\cosmos_final_project\datasets\gesture_new3_plus_eric_v1\trials\eric_Raise_Arms_091.npz,C:\Users\Prutha Pandit\cosmos_final_project\data\raw\session_20260724_161748
gesture_new3_plus_eric_v1,C:\Users\Prutha Pandit\cosmos_final_project\data\raw\session_20260724_161748,eric,Raise Arms,92,336940.203000,336942.218000,2.015000,43,21.34,20,9.93,10,4.96,C:\Users\Prutha Pandit\cosmos_final_project\datasets\gesture_new3_plus_eric_v1\trials\eric_Raise_Arms_092.npz,C:\Users\Prutha Pandit\cosmos_final_project\data\raw\session_20260724_161748
gesture_new3_plus_eric_v1,C:\Users\Prutha Pandit\cosmos_final_project\data\raw\session_20260724_161748,eric,Raise Arms,93,336945.078000,336947.140000,2.062000,44,21.34,21,10.18,11,5.33,C:\Users\Prutha Pandit\cosmos_final_project\datasets\gesture_new3_plus_eric_v1\trials\eric_Raise_Arms_093.npz,C:\Users\Prutha Pandit\cosmos_final_project\data\raw\session_20260724_161748
gesture_new3_plus_eric_v1,C:\Users\Prutha Pandit\cosmos_final_project\data\raw\session_20260724_161748,eric,Raise Arms,94,336950.109000,336952.125000,2.016000,43,21.33,20,9.92,10,4.96,C:\Users\Prutha Pandit\cosmos_final_project\datasets\gesture_new3_plus_eric_v1\trials\eric_Raise_Arms_094.npz,C:\Users\Prutha Pandit\cosmos_final_project\data\raw\session_20260724_161748
gesture_new3_plus_eric_v1,C:\Users\Prutha Pandit\cosmos_final_project\data\raw\session_20260724_161748,eric,Raise Arms,95,336954.843000,336956.906000,2.063000,44,21.33,21,10.18,11,5.33,C:\Users\Prutha Pandit\cosmos_final_project\datasets\gesture_new3_plus_eric_v1\trials\eric_Raise_Arms_095.npz,C:\Users\Prutha Pandit\cosmos_final_project\data\raw\session_20260724_161748
gesture_new3_plus_eric_v1,C:\Users\Prutha Pandit\cosmos_final_project\data\raw\session_20260724_161748,eric,Raise Arms,96,336959.296000,336961.375000,2.079000,44,21.16,21,10.10,10,4.81,C:\Users\Prutha Pandit\cosmos_final_project\datasets\gesture_new3_plus_eric_v1\trials\eric_Raise_Arms_096.npz,C:\Users\Prutha Pandit\cosmos_final_project\data\raw\session_20260724_161748
gesture_new3_plus_eric_v1,C:\Users\Prutha Pandit\cosmos_final_project\data\raw\session_20260724_161748,eric,Raise Arms,97,336963.765000,336965.812000,2.047000,44,21.49,21,10.26,10,4.89,C:\Users\Prutha Pandit\cosmos_final_project\datasets\gesture_new3_plus_eric_v1\trials\eric_Raise_Arms_097.npz,C:\Users\Prutha Pandit\cosmos_final_project\data\raw\session_20260724_161748
gesture_new3_plus_eric_v1,C:\Users\Prutha Pandit\cosmos_final_project\data\raw\session_20260724_161748,eric,Raise Arms,98,336967.906000,336969.968000,2.062000,44,21.34,20,9.70,10,4.85,C:\Users\Prutha Pandit\cosmos_final_project\datasets\gesture_new3_plus_eric_v1\trials\eric_Raise_Arms_098.npz,C:\Users\Prutha Pandit\cosmos_final_project\data\raw\session_20260724_161748
gesture_new3_plus_eric_v1,C:\Users\Prutha Pandit\cosmos_final_project\data\raw\session_20260724_161748,eric,Raise Arms,99,336972.296000,336974.343000,2.047000,43,21.01,21,10.26,10,4.89,C:\Users\Prutha Pandit\cosmos_final_project\datasets\gesture_new3_plus_eric_v1\trials\eric_Raise_Arms_099.npz,C:\Users\Prutha Pandit\cosmos_final_project\data\raw\session_20260724_161748
gesture_new3_plus_eric_v1,C:\Users\Prutha Pandit\cosmos_final_project\data\raw\session_20260724_161748,eric,Raise Arms,100,336976.171000,336978.218000,2.047000,43,21.01,21,10.26,10,4.89,C:\Users\Prutha Pandit\cosmos_final_project\datasets\gesture_new3_plus_eric_v1\trials\eric_Raise_Arms_100.npz,C:\Users\Prutha Pandit\cosmos_final_project\data\raw\session_20260724_161748
gesture_new3_plus_eric_v1,C:\Users\Prutha Pandit\cosmos_final_project\data\raw\session_20260724_161748,eric,Soli,101,337059.921000,337062.000000,2.079000,44,21.16,21,10.10,10,4.81,C:\Users\Prutha Pandit\cosmos_final_project\datasets\gesture_new3_plus_eric_v1\trials\eric_Soli_101.npz,C:\Users\Prutha Pandit\cosmos_final_project\data\raw\session_20260724_161748
gesture_new3_plus_eric_v1,C:\Users\Prutha Pandit\cosmos_final_project\data\raw\session_20260724_161748,eric,Soli,102,337064.171000,337066.171000,2.000000,43,21.50,20,10.00,10,5.00,C:\Users\Prutha Pandit\cosmos_final_project\datasets\gesture_new3_plus_eric_v1\trials\eric_Soli_102.npz,C:\Users\Prutha Pandit\cosmos_final_project\data\raw\session_20260724_161748
gesture_new3_plus_eric_v1,C:\Users\Prutha Pandit\cosmos_final_project\data\raw\session_20260724_161748,eric,Soli,103,337068.187000,337070.203000,2.016000,43,21.33,21,10.42,10,4.96,C:\Users\Prutha Pandit\cosmos_final_project\datasets\gesture_new3_plus_eric_v1\trials\eric_Soli_103.npz,C:\Users\Prutha Pandit\cosmos_final_project\data\raw\session_20260724_161748
gesture_new3_plus_eric_v1,C:\Users\Prutha Pandit\cosmos_final_project\data\raw\session_20260724_161748,eric,Soli,104,337072.328000,337074.406000,2.078000,44,21.17,21,10.11,10,4.81,C:\Users\Prutha Pandit\cosmos_final_project\datasets\gesture_new3_plus_eric_v1\trials\eric_Soli_104.npz,C:\Users\Prutha Pandit\cosmos_final_project\data\raw\session_20260724_161748
gesture_new3_plus_eric_v1,C:\Users\Prutha Pandit\cosmos_final_project\data\raw\session_20260724_161748,eric,Soli,105,337076.234000,337078.281000,2.047000,43,21.01,20,9.77,11,5.37,C:\Users\Prutha Pandit\cosmos_final_project\datasets\gesture_new3_plus_eric_v1\trials\eric_Soli_105.npz,C:\Users\Prutha Pandit\cosmos_final_project\data\raw\session_20260724_161748
gesture_new3_plus_eric_v1,C:\Users\Prutha Pandit\cosmos_final_project\data\raw\session_20260724_161748,eric,Soli,106,337080.109000,337082.187000,2.078000,44,21.17,21,10.11,10,4.81,C:\Users\Prutha Pandit\cosmos_final_project\datasets\gesture_new3_plus_eric_v1\trials\eric_Soli_106.npz,C:\Users\Prutha Pandit\cosmos_final_project\data\raw\session_20260724_161748
gesture_new3_plus_eric_v1,C:\Users\Prutha Pandit\cosmos_final_project\data\raw\session_20260724_161748,eric,Soli,107,337083.875000,337085.953000,2.078000,44,21.17,21,10.11,11,5.29,C:\Users\Prutha Pandit\cosmos_final_project\datasets\gesture_new3_plus_eric_v1\trials\eric_Soli_107.npz,C:\Users\Prutha Pandit\cosmos_final_project\data\raw\session_20260724_161748
gesture_new3_plus_eric_v1,C:\Users\Prutha Pandit\cosmos_final_project\data\raw\session_20260724_161748,eric,Soli,108,337095.250000,337097.281000,2.031000,43,21.17,20,9.85,11,5.42,C:\Users\Prutha Pandit\cosmos_final_project\datasets\gesture_new3_plus_eric_v1\trials\eric_Soli_108.npz,C:\Users\Prutha Pandit\cosmos_final_project\data\raw\session_20260724_161748
gesture_new3_plus_eric_v1,C:\Users\Prutha Pandit\cosmos_final_project\data\raw\session_20260724_161748,eric,Soli,109,337100.218000,337102.312000,2.094000,45,21.49,21,10.03,11,5.25,C:\Users\Prutha Pandit\cosmos_final_project\datasets\gesture_new3_plus_eric_v1\trials\eric_Soli_109.npz,C:\Users\Prutha Pandit\cosmos_final_project\data\raw\session_20260724_161748
gesture_new3_plus_eric_v1,C:\Users\Prutha Pandit\cosmos_final_project\data\raw\session_20260724_161748,eric,Soli,110,337104.359000,337106.406000,2.047000,44,21.49,21,10.26,10,4.89,C:\Users\Prutha Pandit\cosmos_final_project\datasets\gesture_new3_plus_eric_v1\trials\eric_Soli_110.npz,C:\Users\Prutha Pandit\cosmos_final_project\data\raw\session_20260724_161748
gesture_new3_plus_eric_v1,C:\Users\Prutha Pandit\cosmos_final_project\data\raw\session_20260724_161748,eric,Making Fist and Open,111,337136.234000,337138.250000,2.016000,43,21.33,20,9.92,10,4.96,C:\Users\Prutha Pandit\cosmos_final_project\datasets\gesture_new3_plus_eric_v1\trials\eric_Making_Fist_and_Open_111.npz,C:\Users\Prutha Pandit\cosmos_final_project\data\raw\session_20260724_161748
gesture_new3_plus_eric_v1,C:\Users\Prutha Pandit\cosmos_final_project\data\raw\session_20260724_161748,eric,Making Fist and Open,112,337150.156000,337152.218000,2.062000,44,21.34,21,10.18,10,4.85,C:\Users\Prutha Pandit\cosmos_final_project\datasets\gesture_new3_plus_eric_v1\trials\eric_Making_Fist_and_Open_112.npz,C:\Users\Prutha Pandit\cosmos_final_project\data\raw\session_20260724_161748
gesture_new3_plus_eric_v1,C:\Users\Prutha Pandit\cosmos_final_project\data\raw\session_20260724_161748,eric,Making Fist and Open,113,337154.421000,337156.484000,2.063000,44,21.33,20,9.69,11,5.33,C:\Users\Prutha Pandit\cosmos_final_project\datasets\gesture_new3_plus_eric_v1\trials\eric_Making_Fist_and_Open_113.npz,C:\Users\Prutha Pandit\cosmos_final_project\data\raw\session_20260724_161748
gesture_new3_plus_eric_v1,C:\Users\Prutha Pandit\cosmos_final_project\data\raw\session_20260724_161748,eric,Making Fist and Open,114,337158.078000,337160.109000,2.031000,43,21.17,21,10.34,11,5.42,C:\Users\Prutha Pandit\cosmos_final_project\datasets\gesture_new3_plus_eric_v1\trials\eric_Making_Fist_and_Open_114.npz,C:\Users\Prutha Pandit\cosmos_final_project\data\raw\session_20260724_161748
gesture_new3_plus_eric_v1,C:\Users\Prutha Pandit\cosmos_final_project\data\raw\session_20260724_161748,eric,Making Fist and Open,115,337161.703000,337163.781000,2.078000,44,21.17,20,9.62,10,4.81,C:\Users\Prutha Pandit\cosmos_final_project\datasets\gesture_new3_plus_eric_v1\trials\eric_Making_Fist_and_Open_115.npz,C:\Users\Prutha Pandit\cosmos_final_project\data\raw\session_20260724_161748
gesture_new3_plus_eric_v1,C:\Users\Prutha Pandit\cosmos_final_project\data\raw\session_20260724_161748,eric,Making Fist and Open,116,337165.484000,337167.531000,2.047000,44,21.49,21,10.26,10,4.89,C:\Users\Prutha Pandit\cosmos_final_project\datasets\gesture_new3_plus_eric_v1\trials\eric_Making_Fist_and_Open_116.npz,C:\Users\Prutha Pandit\cosmos_final_project\data\raw\session_20260724_161748
gesture_new3_plus_eric_v1,C:\Users\Prutha Pandit\cosmos_final_project\data\raw\session_20260724_161748,eric,Making Fist and Open,117,337169.296000,337171.328000,2.032000,44,21.65,21,10.33,10,4.92,C:\Users\Prutha Pandit\cosmos_final_project\datasets\gesture_new3_plus_eric_v1\trials\eric_Making_Fist_and_Open_117.npz,C:\Users\Prutha Pandit\cosmos_final_project\data\raw\session_20260724_161748
gesture_new3_plus_eric_v1,C:\Users\Prutha Pandit\cosmos_final_project\data\raw\session_20260724_161748,eric,Making Fist and Open,118,337175.250000,337177.281000,2.031000,43,21.17,20,9.85,11,5.42,C:\Users\Prutha Pandit\cosmos_final_project\datasets\gesture_new3_plus_eric_v1\trials\eric_Making_Fist_and_Open_118.npz,C:\Users\Prutha Pandit\cosmos_final_project\data\raw\session_20260724_161748
gesture_new3_plus_eric_v1,C:\Users\Prutha Pandit\cosmos_final_project\data\raw\session_20260724_161748,eric,Making Fist and Open,119,337179.375000,337181.406000,2.031000,44,21.66,21,10.34,10,4.92,C:\Users\Prutha Pandit\cosmos_final_project\datasets\gesture_new3_plus_eric_v1\trials\eric_Making_Fist_and_Open_119.npz,C:\Users\Prutha Pandit\cosmos_final_project\data\raw\session_20260724_161748
gesture_new3_plus_eric_v1,C:\Users\Prutha Pandit\cosmos_final_project\data\raw\session_20260724_161748,eric,Making Fist and Open,120,337183.578000,337185.640000,2.062000,44,21.34,20,9.70,10,4.85,C:\Users\Prutha Pandit\cosmos_final_project\datasets\gesture_new3_plus_eric_v1\trials\eric_Making_Fist_and_Open_120.npz,C:\Users\Prutha Pandit\cosmos_final_project\data\raw\session_20260724_161748
gesture_new3_plus_eric_v1,C:\Users\Prutha Pandit\cosmos_final_project\data\raw\session_20260724_161748,eric,Palm Up-Down,121,337198.796000,337200.859000,2.063000,44,21.33,21,10.18,10,4.85,C:\Users\Prutha Pandit\cosmos_final_project\datasets\gesture_new3_plus_eric_v1\trials\eric_Palm_Up-Down_121.npz,C:\Users\Prutha Pandit\cosmos_final_project\data\raw\session_20260724_161748
gesture_new3_plus_eric_v1,C:\Users\Prutha Pandit\cosmos_final_project\data\raw\session_20260724_161748,eric,Palm Up-Down,122,337212.109000,337214.187000,2.078000,43,20.69,20,9.62,10,4.81,C:\Users\Prutha Pandit\cosmos_final_project\datasets\gesture_new3_plus_eric_v1\trials\eric_Palm_Up-Down_122.npz,C:\Users\Prutha Pandit\cosmos_final_project\data\raw\session_20260724_161748
gesture_new3_plus_eric_v1,C:\Users\Prutha Pandit\cosmos_final_project\data\raw\session_20260724_161748,eric,Palm Up-Down,123,337218.875000,337220.875000,2.000000,43,21.50,20,10.00,11,5.50,C:\Users\Prutha Pandit\cosmos_final_project\datasets\gesture_new3_plus_eric_v1\trials\eric_Palm_Up-Down_123.npz,C:\Users\Prutha Pandit\cosmos_final_project\data\raw\session_20260724_161748
gesture_new3_plus_eric_v1,C:\Users\Prutha Pandit\cosmos_final_project\data\raw\session_20260724_161748,eric,Palm Up-Down,124,337223.671000,337225.718000,2.047000,44,21.49,21,10.26,11,5.37,C:\Users\Prutha Pandit\cosmos_final_project\datasets\gesture_new3_plus_eric_v1\trials\eric_Palm_Up-Down_124.npz,C:\Users\Prutha Pandit\cosmos_final_project\data\raw\session_20260724_161748
gesture_new3_plus_eric_v1,C:\Users\Prutha Pandit\cosmos_final_project\data\raw\session_20260724_161748,eric,Palm Up-Down,125,337227.968000,337230.046000,2.078000,44,21.17,21,10.11,10,4.81,C:\Users\Prutha Pandit\cosmos_final_project\datasets\gesture_new3_plus_eric_v1\trials\eric_Palm_Up-Down_125.npz,C:\Users\Prutha Pandit\cosmos_final_project\data\raw\session_20260724_161748
gesture_new3_plus_eric_v1,C:\Users\Prutha Pandit\cosmos_final_project\data\raw\session_20260724_161748,eric,Palm Up-Down,126,337232.328000,337234.375000,2.047000,44,21.49,20,9.77,10,4.89,C:\Users\Prutha Pandit\cosmos_final_project\datasets\gesture_new3_plus_eric_v1\trials\eric_Palm_Up-Down_126.npz,C:\Users\Prutha Pandit\cosmos_final_project\data\raw\session_20260724_161748
gesture_new3_plus_eric_v1,C:\Users\Prutha Pandit\cosmos_final_project\data\raw\session_20260724_161748,eric,Palm Up-Down,127,337237.328000,337239.359000,2.031000,44,21.66,20,9.85,10,4.92,C:\Users\Prutha Pandit\cosmos_final_project\datasets\gesture_new3_plus_eric_v1\trials\eric_Palm_Up-Down_127.npz,C:\Users\Prutha Pandit\cosmos_final_project\data\raw\session_20260724_161748
gesture_new3_plus_eric_v1,C:\Users\Prutha Pandit\cosmos_final_project\data\raw\session_20260724_161748,eric,Palm Up-Down,128,337241.625000,337243.671000,2.046000,44,21.51,20,9.78,11,5.38,C:\Users\Prutha Pandit\cosmos_final_project\datasets\gesture_new3_plus_eric_v1\trials\eric_Palm_Up-Down_128.npz,C:\Users\Prutha Pandit\cosmos_final_project\data\raw\session_20260724_161748
gesture_new3_plus_eric_v1,C:\Users\Prutha Pandit\cosmos_final_project\data\raw\session_20260724_161748,eric,Palm Up-Down,129,337246.984000,337249.015000,2.031000,44,21.66,21,10.34,10,4.92,C:\Users\Prutha Pandit\cosmos_final_project\datasets\gesture_new3_plus_eric_v1\trials\eric_Palm_Up-Down_129.npz,C:\Users\Prutha Pandit\cosmos_final_project\data\raw\session_20260724_161748
gesture_new3_plus_eric_v1,C:\Users\Prutha Pandit\cosmos_final_project\data\raw\session_20260724_161748,eric,Palm Up-Down,130,337251.703000,337253.765000,2.062000,44,21.34,20,9.70,10,4.85,C:\Users\Prutha Pandit\cosmos_final_project\datasets\gesture_new3_plus_eric_v1\trials\eric_Palm_Up-Down_130.npz,C:\Users\Prutha Pandit\cosmos_final_project\data\raw\session_20260724_161748
