dataset_name,source_session,collector,gesture,trial_index,t_start,t_end,duration_s,imu_sample_count,imu_mean_rate_hz,mmwave_frame_count,mmwave_mean_rate_hz,uwb_round_count,uwb_mean_rate_hz,npz_path,session_dir
gesture_all3_v1,C:\Users\Prutha Pandit\cosmos_final_project\data\raw\session_20260724_131536,eric,Pull,1,325205.000000,325207.000000,2.000000,201,100.50,20,10.00,11,5.50,C:\Users\Prutha Pandit\cosmos_final_project\datasets\gesture_all3_v1\trials\eric_Pull_001.npz,C:\Users\Prutha Pandit\cosmos_final_project\data\raw\session_20260724_131536
gesture_all3_v1,C:\Users\Prutha Pandit\cosmos_final_project\data\raw\session_20260724_131536,eric,Pull,2,325211.734000,325213.781000,2.047000,206,100.64,20,9.77,10,4.89,C:\Users\Prutha Pandit\cosmos_final_project\datasets\gesture_all3_v1\trials\eric_Pull_002.npz,C:\Users\Prutha Pandit\cosmos_final_project\data\raw\session_20260724_131536
gesture_all3_v1,C:\Users\Prutha Pandit\cosmos_final_project\data\raw\session_20260724_131536,eric,Pull,3,325217.656000,325219.718000,2.062000,207,100.39,21,10.18,10,4.85,C:\Users\Prutha Pandit\cosmos_final_project\datasets\gesture_all3_v1\trials\eric_Pull_003.npz,C:\Users\Prutha Pandit\cosmos_final_project\data\raw\session_20260724_131536
gesture_all3_v1,C:\Users\Prutha Pandit\cosmos_final_project\data\raw\session_20260724_131536,eric,Pull,4,325223.359000,325225.359000,2.000000,201,100.50,20,10.00,10,5.00,C:\Users\Prutha Pandit\cosmos_final_project\datasets\gesture_all3_v1\trials\eric_Pull_004.npz,C:\Users\Prutha Pandit\cosmos_final_project\data\raw\session_20260724_131536
gesture_all3_v1,C:\Users\Prutha Pandit\cosmos_final_project\data\raw\session_20260724_131536,eric,Pull,5,325234.578000,325236.625000,2.047000,205,100.15,21,10.26,11,5.37,C:\Users\Prutha Pandit\cosmos_final_project\datasets\gesture_all3_v1\trials\eric_Pull_005.npz,C:\Users\Prutha Pandit\cosmos_final_project\data\raw\session_20260724_131536
gesture_all3_v1,C:\Users\Prutha Pandit\cosmos_final_project\data\raw\session_20260724_131536,eric,Pull,6,325243.296000,325245.375000,2.079000,209,100.53,21,10.10,10,4.81,C:\Users\Prutha Pandit\cosmos_final_project\datasets\gesture_all3_v1\trials\eric_Pull_006.npz,C:\Users\Prutha Pandit\cosmos_final_project\data\raw\session_20260724_131536
gesture_all3_v1,C:\Users\Prutha Pandit\cosmos_final_project\data\raw\session_20260724_131536,eric,Pull,7,325253.406000,325255.500000,2.094000,211,100.76,21,10.03,10,4.78,C:\Users\Prutha Pandit\cosmos_final_project\datasets\gesture_all3_v1\trials\eric_Pull_007.npz,C:\Users\Prutha Pandit\cosmos_final_project\data\raw\session_20260724_131536
gesture_all3_v1,C:\Users\Prutha Pandit\cosmos_final_project\data\raw\session_20260724_131536,eric,Pull,8,325260.781000,325262.828000,2.047000,205,100.15,21,10.26,11,5.37,C:\Users\Prutha Pandit\cosmos_final_project\datasets\gesture_all3_v1\trials\eric_Pull_008.npz,C:\Users\Prutha Pandit\cosmos_final_project\data\raw\session_20260724_131536
gesture_all3_v1,C:\Users\Prutha Pandit\cosmos_final_project\data\raw\session_20260724_131536,eric,Push,10,325350.796000,325352.875000,2.079000,209,100.53,21,10.10,11,5.29,C:\Users\Prutha Pandit\cosmos_final_project\datasets\gesture_all3_v1\trials\eric_Push_010.npz,C:\Users\Prutha Pandit\cosmos_final_project\data\raw\session_20260724_131536
gesture_all3_v1,C:\Users\Prutha Pandit\cosmos_final_project\data\raw\session_20260724_131536,eric,Push,11,325357.265000,325359.328000,2.063000,207,100.34,21,10.18,10,4.85,C:\Users\Prutha Pandit\cosmos_final_project\datasets\gesture_all3_v1\trials\eric_Push_011.npz,C:\Users\Prutha Pandit\cosmos_final_project\data\raw\session_20260724_131536
gesture_all3_v1,C:\Users\Prutha Pandit\cosmos_final_project\data\raw\session_20260724_131536,eric,Push,12,325365.906000,325367.968000,2.062000,208,100.87,21,10.18,10,4.85,C:\Users\Prutha Pandit\cosmos_final_project\datasets\gesture_all3_v1\trials\eric_Push_012.npz,C:\Users\Prutha Pandit\cosmos_final_project\data\raw\session_20260724_131536
gesture_all3_v1,C:\Users\Prutha Pandit\cosmos_final_project\data\raw\session_20260724_131536,eric,Push,13,325373.187000,325375.234000,2.047000,205,100.15,21,10.26,11,5.37,C:\Users\Prutha Pandit\cosmos_final_project\datasets\gesture_all3_v1\trials\eric_Push_013.npz,C:\Users\Prutha Pandit\cosmos_final_project\data\raw\session_20260724_131536
gesture_all3_v1,C:\Users\Prutha Pandit\cosmos_final_project\data\raw\session_20260724_131536,eric,Push,14,325387.750000,325389.828000,2.078000,209,100.58,21,10.11,11,5.29,C:\Users\Prutha Pandit\cosmos_final_project\datasets\gesture_all3_v1\trials\eric_Push_014.npz,C:\Users\Prutha Pandit\cosmos_final_project\data\raw\session_20260724_131536
gesture_all3_v1,C:\Users\Prutha Pandit\cosmos_final_project\data\raw\session_20260724_131536,eric,Push,15,325396.828000,325398.906000,2.078000,209,100.58,21,10.11,10,4.81,C:\Users\Prutha Pandit\cosmos_final_project\datasets\gesture_all3_v1\trials\eric_Push_015.npz,C:\Users\Prutha Pandit\cosmos_final_project\data\raw\session_20260724_131536
gesture_all3_v1,C:\Users\Prutha Pandit\cosmos_final_project\data\raw\session_20260724_131536,eric,Push,16,325402.781000,325404.781000,2.000000,200,100.00,20,10.00,10,5.00,C:\Users\Prutha Pandit\cosmos_final_project\datasets\gesture_all3_v1\trials\eric_Push_016.npz,C:\Users\Prutha Pandit\cosmos_final_project\data\raw\session_20260724_131536
gesture_all3_v1,C:\Users\Prutha Pandit\cosmos_final_project\data\raw\session_20260724_131536,eric,Right,17,325420.062000,325422.125000,2.063000,207,100.34,21,10.18,10,4.85,C:\Users\Prutha Pandit\cosmos_final_project\datasets\gesture_all3_v1\trials\eric_Right_017.npz,C:\Users\Prutha Pandit\cosmos_final_project\data\raw\session_20260724_131536
gesture_all3_v1,C:\Users\Prutha Pandit\cosmos_final_project\data\raw\session_20260724_131536,eric,Right,18,325426.937000,325429.015000,2.078000,209,100.58,19,9.14,11,5.29,C:\Users\Prutha Pandit\cosmos_final_project\datasets\gesture_all3_v1\trials\eric_Right_018.npz,C:\Users\Prutha Pandit\cosmos_final_project\data\raw\session_20260724_131536
gesture_all3_v1,C:\Users\Prutha Pandit\cosmos_final_project\data\raw\session_20260724_131536,eric,Right,19,325432.609000,325434.703000,2.094000,210,100.29,21,10.03,10,4.78,C:\Users\Prutha Pandit\cosmos_final_project\datasets\gesture_all3_v1\trials\eric_Right_019.npz,C:\Users\Prutha Pandit\cosmos_final_project\data\raw\session_20260724_131536
gesture_all3_v1,C:\Users\Prutha Pandit\cosmos_final_project\data\raw\session_20260724_131536,eric,Right,20,325437.828000,325439.890000,2.062000,208,100.87,20,9.70,10,4.85,C:\Users\Prutha Pandit\cosmos_final_project\datasets\gesture_all3_v1\trials\eric_Right_020.npz,C:\Users\Prutha Pandit\cosmos_final_project\data\raw\session_20260724_131536
gesture_all3_v1,C:\Users\Prutha Pandit\cosmos_final_project\data\raw\session_20260724_131536,eric,Right,21,325445.375000,325447.468000,2.093000,210,100.33,21,10.03,11,5.26,C:\Users\Prutha Pandit\cosmos_final_project\datasets\gesture_all3_v1\trials\eric_Right_021.npz,C:\Users\Prutha Pandit\cosmos_final_project\data\raw\session_20260724_131536
gesture_all3_v1,C:\Users\Prutha Pandit\cosmos_final_project\data\raw\session_20260724_131536,eric,Right,22,325453.046000,325455.125000,2.079000,209,100.53,21,10.10,10,4.81,C:\Users\Prutha Pandit\cosmos_final_project\datasets\gesture_all3_v1\trials\eric_Right_022.npz,C:\Users\Prutha Pandit\cosmos_final_project\data\raw\session_20260724_131536
gesture_all3_v1,C:\Users\Prutha Pandit\cosmos_final_project\data\raw\session_20260724_131536,eric,Right,23,325459.812000,325461.906000,2.094000,210,100.29,21,10.03,10,4.78,C:\Users\Prutha Pandit\cosmos_final_project\datasets\gesture_all3_v1\trials\eric_Right_023.npz,C:\Users\Prutha Pandit\cosmos_final_project\data\raw\session_20260724_131536
gesture_all3_v1,C:\Users\Prutha Pandit\cosmos_final_project\data\raw\session_20260724_131536,eric,Right,24,325465.406000,325467.484000,2.078000,209,100.58,21,10.11,10,4.81,C:\Users\Prutha Pandit\cosmos_final_project\datasets\gesture_all3_v1\trials\eric_Right_024.npz,C:\Users\Prutha Pandit\cosmos_final_project\data\raw\session_20260724_131536
gesture_all3_v1,C:\Users\Prutha Pandit\cosmos_final_project\data\raw\session_20260724_131536,eric,Left,25,325475.953000,325477.968000,2.015000,202,100.25,20,9.93,10,4.96,C:\Users\Prutha Pandit\cosmos_final_project\datasets\gesture_all3_v1\trials\eric_Left_025.npz,C:\Users\Prutha Pandit\cosmos_final_project\data\raw\session_20260724_131536
gesture_all3_v1,C:\Users\Prutha Pandit\cosmos_final_project\data\raw\session_20260724_131536,eric,Left,26,325482.593000,325484.656000,2.063000,206,99.85,21,10.18,11,5.33,C:\Users\Prutha Pandit\cosmos_final_project\datasets\gesture_all3_v1\trials\eric_Left_026.npz,C:\Users\Prutha Pandit\cosmos_final_project\data\raw\session_20260724_131536
gesture_all3_v1,C:\Users\Prutha Pandit\cosmos_final_project\data\raw\session_20260724_131536,eric,Left,27,325487.750000,325489.812000,2.062000,208,100.87,19,9.21,11,5.33,C:\Users\Prutha Pandit\cosmos_final_project\datasets\gesture_all3_v1\trials\eric_Left_027.npz,C:\Users\Prutha Pandit\cosmos_final_project\data\raw\session_20260724_131536
gesture_all3_v1,C:\Users\Prutha Pandit\cosmos_final_project\data\raw\session_20260724_131536,eric,Left,28,325492.671000,325494.734000,2.063000,206,99.85,21,10.18,10,4.85,C:\Users\Prutha Pandit\cosmos_final_project\datasets\gesture_all3_v1\trials\eric_Left_028.npz,C:\Users\Prutha Pandit\cosmos_final_project\data\raw\session_20260724_131536
gesture_all3_v1,C:\Users\Prutha Pandit\cosmos_final_project\data\raw\session_20260724_131536,eric,Left,29,325498.859000,325500.921000,2.062000,206,99.90,21,10.18,10,4.85,C:\Users\Prutha Pandit\cosmos_final_project\datasets\gesture_all3_v1\trials\eric_Left_029.npz,C:\Users\Prutha Pandit\cosmos_final_project\data\raw\session_20260724_131536
gesture_all3_v1,C:\Users\Prutha Pandit\cosmos_final_project\data\raw\session_20260724_131536,eric,Left,30,325504.625000,325506.734000,2.109000,211,100.05,22,10.43,10,4.74,C:\Users\Prutha Pandit\cosmos_final_project\datasets\gesture_all3_v1\trials\eric_Left_030.npz,C:\Users\Prutha Pandit\cosmos_final_project\data\raw\session_20260724_131536
gesture_all3_v1,C:\Users\Prutha Pandit\cosmos_final_project\data\raw\session_20260724_131536,eric,Left,31,325510.859000,325512.921000,2.062000,206,99.90,20,9.70,10,4.85,C:\Users\Prutha Pandit\cosmos_final_project\datasets\gesture_all3_v1\trials\eric_Left_031.npz,C:\Users\Prutha Pandit\cosmos_final_project\data\raw\session_20260724_131536
gesture_all3_v1,C:\Users\Prutha Pandit\cosmos_final_project\data\raw\session_20260724_131536,eric,Left,32,325518.671000,325520.718000,2.047000,206,100.64,19,9.28,10,4.89,C:\Users\Prutha Pandit\cosmos_final_project\datasets\gesture_all3_v1\trials\eric_Left_032.npz,C:\Users\Prutha Pandit\cosmos_final_project\data\raw\session_20260724_131536
gesture_all3_v1,C:\Users\Prutha Pandit\cosmos_final_project\data\raw\session_20260724_131536,eric,Clapping,33,325526.796000,325528.843000,2.047000,206,100.64,21,10.26,11,5.37,C:\Users\Prutha Pandit\cosmos_final_project\datasets\gesture_all3_v1\trials\eric_Clapping_033.npz,C:\Users\Prutha Pandit\cosmos_final_project\data\raw\session_20260724_131536
gesture_all3_v1,C:\Users\Prutha Pandit\cosmos_final_project\data\raw\session_20260724_131536,eric,Clapping,34,325533.250000,325535.281000,2.031000,203,99.95,20,9.85,10,4.92,C:\Users\Prutha Pandit\cosmos_final_project\datasets\gesture_all3_v1\trials\eric_Clapping_034.npz,C:\Users\Prutha Pandit\cosmos_final_project\data\raw\session_20260724_131536
gesture_all3_v1,C:\Users\Prutha Pandit\cosmos_final_project\data\raw\session_20260724_131536,eric,Clapping,35,325537.875000,325539.937000,2.062000,208,100.87,21,10.18,10,4.85,C:\Users\Prutha Pandit\cosmos_final_project\datasets\gesture_all3_v1\trials\eric_Clapping_035.npz,C:\Users\Prutha Pandit\cosmos_final_project\data\raw\session_20260724_131536
gesture_all3_v1,C:\Users\Prutha Pandit\cosmos_final_project\data\raw\session_20260724_131536,eric,Clapping,36,325542.203000,325544.296000,2.093000,211,100.81,21,10.03,10,4.78,C:\Users\Prutha Pandit\cosmos_final_project\datasets\gesture_all3_v1\trials\eric_Clapping_036.npz,C:\Users\Prutha Pandit\cosmos_final_project\data\raw\session_20260724_131536
gesture_all3_v1,C:\Users\Prutha Pandit\cosmos_final_project\data\raw\session_20260724_131536,eric,Clapping,37,325546.625000,325548.671000,2.046000,206,100.68,21,10.26,10,4.89,C:\Users\Prutha Pandit\cosmos_final_project\datasets\gesture_all3_v1\trials\eric_Clapping_037.npz,C:\Users\Prutha Pandit\cosmos_final_project\data\raw\session_20260724_131536
gesture_all3_v1,C:\Users\Prutha Pandit\cosmos_final_project\data\raw\session_20260724_131536,eric,Clapping,38,325550.296000,325552.296000,2.000000,201,100.50,20,10.00,10,5.00,C:\Users\Prutha Pandit\cosmos_final_project\datasets\gesture_all3_v1\trials\eric_Clapping_038.npz,C:\Users\Prutha Pandit\cosmos_final_project\data\raw\session_20260724_131536
gesture_all3_v1,C:\Users\Prutha Pandit\cosmos_final_project\data\raw\session_20260724_131536,eric,Clapping,39,325554.156000,325556.203000,2.047000,206,100.64,20,9.77,11,5.37,C:\Users\Prutha Pandit\cosmos_final_project\datasets\gesture_all3_v1\trials\eric_Clapping_039.npz,C:\Users\Prutha Pandit\cosmos_final_project\data\raw\session_20260724_131536
gesture_all3_v1,C:\Users\Prutha Pandit\cosmos_final_project\data\raw\session_20260724_131536,eric,Clapping,40,325558.140000,325560.218000,2.078000,208,100.10,20,9.62,11,5.29,C:\Users\Prutha Pandit\cosmos_final_project\datasets\gesture_all3_v1\trials\eric_Clapping_040.npz,C:\Users\Prutha Pandit\cosmos_final_project\data\raw\session_20260724_131536
gesture_all3_v1,C:\Users\Prutha Pandit\cosmos_final_project\data\raw\session_20260724_161748,eric,Clockwise,1,336163.031000,336165.093000,2.062000,45,21.82,21,10.18,11,5.33,C:\Users\Prutha Pandit\cosmos_final_project\datasets\gesture_all3_v1\trials\eric_Clockwise_001.npz,C:\Users\Prutha Pandit\cosmos_final_project\data\raw\session_20260724_161748
gesture_all3_v1,C:\Users\Prutha Pandit\cosmos_final_project\data\raw\session_20260724_161748,eric,Clockwise,2,336213.375000,336215.468000,2.093000,45,21.50,21,10.03,10,4.78,C:\Users\Prutha Pandit\cosmos_final_project\datasets\gesture_all3_v1\trials\eric_Clockwise_002.npz,C:\Users\Prutha Pandit\cosmos_final_project\data\raw\session_20260724_161748
gesture_all3_v1,C:\Users\Prutha Pandit\cosmos_final_project\data\raw\session_20260724_161748,eric,Clockwise,3,336219.859000,336221.953000,2.094000,45,21.49,21,10.03,11,5.25,C:\Users\Prutha Pandit\cosmos_final_project\datasets\gesture_all3_v1\trials\eric_Clockwise_003.npz,C:\Users\Prutha Pandit\cosmos_final_project\data\raw\session_20260724_161748
gesture_all3_v1,C:\Users\Prutha Pandit\cosmos_final_project\data\raw\session_20260724_161748,eric,Clockwise,4,336225.140000,336227.250000,2.110000,45,21.33,21,9.95,10,4.74,C:\Users\Prutha Pandit\cosmos_final_project\datasets\gesture_all3_v1\trials\eric_Clockwise_004.npz,C:\Users\Prutha Pandit\cosmos_final_project\data\raw\session_20260724_161748
gesture_all3_v1,C:\Users\Prutha Pandit\cosmos_final_project\data\raw\session_20260724_161748,eric,Clockwise,5,336234.125000,336236.140000,2.015000,43,21.34,20,9.93,10,4.96,C:\Users\Prutha Pandit\cosmos_final_project\datasets\gesture_all3_v1\trials\eric_Clockwise_005.npz,C:\Users\Prutha Pandit\cosmos_final_project\data\raw\session_20260724_161748
gesture_all3_v1,C:\Users\Prutha Pandit\cosmos_final_project\data\raw\session_20260724_161748,eric,Clockwise,6,336239.250000,336241.312000,2.062000,44,21.34,21,10.18,11,5.33,C:\Users\Prutha Pandit\cosmos_final_project\datasets\gesture_all3_v1\trials\eric_Clockwise_006.npz,C:\Users\Prutha Pandit\cosmos_final_project\data\raw\session_20260724_161748
gesture_all3_v1,C:\Users\Prutha Pandit\cosmos_final_project\data\raw\session_20260724_161748,eric,Clockwise,7,336247.031000,336249.078000,2.047000,43,21.01,20,9.77,11,5.37,C:\Users\Prutha Pandit\cosmos_final_project\datasets\gesture_all3_v1\trials\eric_Clockwise_007.npz,C:\Users\Prutha Pandit\cosmos_final_project\data\raw\session_20260724_161748
gesture_all3_v1,C:\Users\Prutha Pandit\cosmos_final_project\data\raw\session_20260724_161748,eric,Clockwise,8,336251.906000,336253.968000,2.062000,44,21.34,20,9.70,10,4.85,C:\Users\Prutha Pandit\cosmos_final_project\datasets\gesture_all3_v1\trials\eric_Clockwise_008.npz,C:\Users\Prutha Pandit\cosmos_final_project\data\raw\session_20260724_161748
gesture_all3_v1,C:\Users\Prutha Pandit\cosmos_final_project\data\raw\session_20260724_161748,eric,Clockwise,9,336274.515000,336276.593000,2.078000,44,21.17,21,10.11,10,4.81,C:\Users\Prutha Pandit\cosmos_final_project\datasets\gesture_all3_v1\trials\eric_Clockwise_009.npz,C:\Users\Prutha Pandit\cosmos_final_project\data\raw\session_20260724_161748
gesture_all3_v1,C:\Users\Prutha Pandit\cosmos_final_project\data\raw\session_20260724_161748,eric,Clockwise,10,336301.421000,336303.468000,2.047000,43,21.01,20,9.77,10,4.89,C:\Users\Prutha Pandit\cosmos_final_project\datasets\gesture_all3_v1\trials\eric_Clockwise_010.npz,C:\Users\Prutha Pandit\cosmos_final_project\data\raw\session_20260724_161748
gesture_all3_v1,C:\Users\Prutha Pandit\cosmos_final_project\data\raw\session_20260724_161748,eric,Anti-clockwise,11,336323.375000,336325.437000,2.062000,44,21.34,21,10.18,10,4.85,C:\Users\Prutha Pandit\cosmos_final_project\datasets\gesture_all3_v1\trials\eric_Anti-clockwise_011.npz,C:\Users\Prutha Pandit\cosmos_final_project\data\raw\session_20260724_161748
gesture_all3_v1,C:\Users\Prutha Pandit\cosmos_final_project\data\raw\session_20260724_161748,eric,Anti-clockwise,12,336331.953000,336333.968000,2.015000,43,21.34,20,9.93,10,4.96,C:\Users\Prutha Pandit\cosmos_final_project\datasets\gesture_all3_v1\trials\eric_Anti-clockwise_012.npz,C:\Users\Prutha Pandit\cosmos_final_project\data\raw\session_20260724_161748
gesture_all3_v1,C:\Users\Prutha Pandit\cosmos_final_project\data\raw\session_20260724_161748,eric,Anti-clockwise,13,336369.000000,336371.046000,2.046000,43,21.02,20,9.78,10,4.89,C:\Users\Prutha Pandit\cosmos_final_project\datasets\gesture_all3_v1\trials\eric_Anti-clockwise_013.npz,C:\Users\Prutha Pandit\cosmos_final_project\data\raw\session_20260724_161748
gesture_all3_v1,C:\Users\Prutha Pandit\cosmos_final_project\data\raw\session_20260724_161748,eric,Anti-clockwise,14,336380.031000,336382.078000,2.047000,44,21.49,20,9.77,11,5.37,C:\Users\Prutha Pandit\cosmos_final_project\datasets\gesture_all3_v1\trials\eric_Anti-clockwise_014.npz,C:\Users\Prutha Pandit\cosmos_final_project\data\raw\session_20260724_161748
gesture_all3_v1,C:\Users\Prutha Pandit\cosmos_final_project\data\raw\session_20260724_161748,eric,Anti-clockwise,15,336386.218000,336388.265000,2.047000,44,21.49,20,9.77,10,4.89,C:\Users\Prutha Pandit\cosmos_final_project\datasets\gesture_all3_v1\trials\eric_Anti-clockwise_015.npz,C:\Users\Prutha Pandit\cosmos_final_project\data\raw\session_20260724_161748
gesture_all3_v1,C:\Users\Prutha Pandit\cosmos_final_project\data\raw\session_20260724_161748,eric,Anti-clockwise,16,336394.906000,336396.921000,2.015000,43,21.34,20,9.93,10,4.96,C:\Users\Prutha Pandit\cosmos_final_project\datasets\gesture_all3_v1\trials\eric_Anti-clockwise_016.npz,C:\Users\Prutha Pandit\cosmos_final_project\data\raw\session_20260724_161748
gesture_all3_v1,C:\Users\Prutha Pandit\cosmos_final_project\data\raw\session_20260724_161748,eric,Anti-clockwise,17,336405.765000,336407.781000,2.016000,43,21.33,19,9.42,10,4.96,C:\Users\Prutha Pandit\cosmos_final_project\datasets\gesture_all3_v1\trials\eric_Anti-clockwise_017.npz,C:\Users\Prutha Pandit\cosmos_final_project\data\raw\session_20260724_161748
gesture_all3_v1,C:\Users\Prutha Pandit\cosmos_final_project\data\raw\session_20260724_161748,eric,Anti-clockwise,18,336411.031000,336413.093000,2.062000,45,21.82,21,10.18,11,5.33,C:\Users\Prutha Pandit\cosmos_final_project\datasets\gesture_all3_v1\trials\eric_Anti-clockwise_018.npz,C:\Users\Prutha Pandit\cosmos_final_project\data\raw\session_20260724_161748
gesture_all3_v1,C:\Users\Prutha Pandit\cosmos_final_project\data\raw\session_20260724_161748,eric,Anti-clockwise,19,336417.687000,336419.765000,2.078000,45,21.66,21,10.11,10,4.81,C:\Users\Prutha Pandit\cosmos_final_project\datasets\gesture_all3_v1\trials\eric_Anti-clockwise_019.npz,C:\Users\Prutha Pandit\cosmos_final_project\data\raw\session_20260724_161748
gesture_all3_v1,C:\Users\Prutha Pandit\cosmos_final_project\data\raw\session_20260724_161748,eric,Anti-clockwise,20,336422.437000,336424.484000,2.047000,44,21.49,21,10.26,11,5.37,C:\Users\Prutha Pandit\cosmos_final_project\datasets\gesture_all3_v1\trials\eric_Anti-clockwise_020.npz,C:\Users\Prutha Pandit\cosmos_final_project\data\raw\session_20260724_161748
gesture_all3_v1,C:\Users\Prutha Pandit\cosmos_final_project\data\raw\session_20260724_161748,eric,Right,21,336432.234000,336434.265000,2.031000,44,21.66,20,9.85,10,4.92,C:\Users\Prutha Pandit\cosmos_final_project\datasets\gesture_all3_v1\trials\eric_Right_021.npz,C:\Users\Prutha Pandit\cosmos_final_project\data\raw\session_20260724_161748
gesture_all3_v1,C:\Users\Prutha Pandit\cosmos_final_project\data\raw\session_20260724_161748,eric,Right,22,336437.375000,336439.406000,2.031000,44,21.66,21,10.34,10,4.92,C:\Users\Prutha Pandit\cosmos_final_project\datasets\gesture_all3_v1\trials\eric_Right_022.npz,C:\Users\Prutha Pandit\cosmos_final_project\data\raw\session_20260724_161748
gesture_all3_v1,C:\Users\Prutha Pandit\cosmos_final_project\data\raw\session_20260724_161748,eric,Right,23,336441.953000,336444.000000,2.047000,44,21.49,21,10.26,10,4.89,C:\Users\Prutha Pandit\cosmos_final_project\datasets\gesture_all3_v1\trials\eric_Right_023.npz,C:\Users\Prutha Pandit\cosmos_final_project\data\raw\session_20260724_161748
gesture_all3_v1,C:\Users\Prutha Pandit\cosmos_final_project\data\raw\session_20260724_161748,eric,Right,24,336452.593000,336454.656000,2.063000,44,21.33,21,10.18,10,4.85,C:\Users\Prutha Pandit\cosmos_final_project\datasets\gesture_all3_v1\trials\eric_Right_024.npz,C:\Users\Prutha Pandit\cosmos_final_project\data\raw\session_20260724_161748
gesture_all3_v1,C:\Users\Prutha Pandit\cosmos_final_project\data\raw\session_20260724_161748,eric,Right,25,336465.468000,336467.515000,2.047000,44,21.49,21,10.26,11,5.37,C:\Users\Prutha Pandit\cosmos_final_project\datasets\gesture_all3_v1\trials\eric_Right_025.npz,C:\Users\Prutha Pandit\cosmos_final_project\data\raw\session_20260724_161748
gesture_all3_v1,C:\Users\Prutha Pandit\cosmos_final_project\data\raw\session_20260724_161748,eric,Right,26,336473.406000,336475.406000,2.000000,43,21.50,20,10.00,10,5.00,C:\Users\Prutha Pandit\cosmos_final_project\datasets\gesture_all3_v1\trials\eric_Right_026.npz,C:\Users\Prutha Pandit\cosmos_final_project\data\raw\session_20260724_161748
gesture_all3_v1,C:\Users\Prutha Pandit\cosmos_final_project\data\raw\session_20260724_161748,eric,Right,27,336478.109000,336480.140000,2.031000,43,21.17,20,9.85,10,4.92,C:\Users\Prutha Pandit\cosmos_final_project\datasets\gesture_all3_v1\trials\eric_Right_027.npz,C:\Users\Prutha Pandit\cosmos_final_project\data\raw\session_20260724_161748
gesture_all3_v1,C:\Users\Prutha Pandit\cosmos_final_project\data\raw\session_20260724_161748,eric,Right,28,336501.734000,336503.781000,2.047000,44,21.49,20,9.77,10,4.89,C:\Users\Prutha Pandit\cosmos_final_project\datasets\gesture_all3_v1\trials\eric_Right_028.npz,C:\Users\Prutha Pandit\cosmos_final_project\data\raw\session_20260724_161748
gesture_all3_v1,C:\Users\Prutha Pandit\cosmos_final_project\data\raw\session_20260724_161748,eric,Right,29,336506.203000,336508.234000,2.031000,43,21.17,20,9.85,10,4.92,C:\Users\Prutha Pandit\cosmos_final_project\datasets\gesture_all3_v1\trials\eric_Right_029.npz,C:\Users\Prutha Pandit\cosmos_final_project\data\raw\session_20260724_161748
gesture_all3_v1,C:\Users\Prutha Pandit\cosmos_final_project\data\raw\session_20260724_161748,eric,Right,30,336510.281000,336512.375000,2.094000,45,21.49,20,9.55,10,4.78,C:\Users\Prutha Pandit\cosmos_final_project\datasets\gesture_all3_v1\trials\eric_Right_030.npz,C:\Users\Prutha Pandit\cosmos_final_project\data\raw\session_20260724_161748
gesture_all3_v1,C:\Users\Prutha Pandit\cosmos_final_project\data\raw\session_20260724_161748,eric,Left,31,336517.937000,336519.984000,2.047000,44,21.49,20,9.77,10,4.89,C:\Users\Prutha Pandit\cosmos_final_project\datasets\gesture_all3_v1\trials\eric_Left_031.npz,C:\Users\Prutha Pandit\cosmos_final_project\data\raw\session_20260724_161748
gesture_all3_v1,C:\Users\Prutha Pandit\cosmos_final_project\data\raw\session_20260724_161748,eric,Left,32,336522.125000,336524.187000,2.062000,45,21.82,20,9.70,10,4.85,C:\Users\Prutha Pandit\cosmos_final_project\datasets\gesture_all3_v1\trials\eric_Left_032.npz,C:\Users\Prutha Pandit\cosmos_final_project\data\raw\session_20260724_161748
gesture_all3_v1,C:\Users\Prutha Pandit\cosmos_final_project\data\raw\session_20260724_161748,eric,Left,33,336526.265000,336528.296000,2.031000,44,21.66,21,10.34,11,5.42,C:\Users\Prutha Pandit\cosmos_final_project\datasets\gesture_all3_v1\trials\eric_Left_033.npz,C:\Users\Prutha Pandit\cosmos_final_project\data\raw\session_20260724_161748
gesture_all3_v1,C:\Users\Prutha Pandit\cosmos_final_project\data\raw\session_20260724_161748,eric,Left,34,336530.484000,336532.515000,2.031000,44,21.66,21,10.34,10,4.92,C:\Users\Prutha Pandit\cosmos_final_project\datasets\gesture_all3_v1\trials\eric_Left_034.npz,C:\Users\Prutha Pandit\cosmos_final_project\data\raw\session_20260724_161748
gesture_all3_v1,C:\Users\Prutha Pandit\cosmos_final_project\data\raw\session_20260724_161748,eric,Left,35,336535.265000,336537.328000,2.063000,43,20.84,21,10.18,11,5.33,C:\Users\Prutha Pandit\cosmos_final_project\datasets\gesture_all3_v1\trials\eric_Left_035.npz,C:\Users\Prutha Pandit\cosmos_final_project\data\raw\session_20260724_161748
gesture_all3_v1,C:\Users\Prutha Pandit\cosmos_final_project\data\raw\session_20260724_161748,eric,Left,36,336539.687000,336541.718000,2.031000,44,21.66,21,10.34,10,4.92,C:\Users\Prutha Pandit\cosmos_final_project\datasets\gesture_all3_v1\trials\eric_Left_036.npz,C:\Users\Prutha Pandit\cosmos_final_project\data\raw\session_20260724_161748
gesture_all3_v1,C:\Users\Prutha Pandit\cosmos_final_project\data\raw\session_20260724_161748,eric,Left,37,336544.187000,336546.234000,2.047000,44,21.49,21,10.26,10,4.89,C:\Users\Prutha Pandit\cosmos_final_project\datasets\gesture_all3_v1\trials\eric_Left_037.npz,C:\Users\Prutha Pandit\cosmos_final_project\data\raw\session_20260724_161748
gesture_all3_v1,C:\Users\Prutha Pandit\cosmos_final_project\data\raw\session_20260724_161748,eric,Left,38,336554.093000,336556.171000,2.078000,45,21.66,21,10.11,10,4.81,C:\Users\Prutha Pandit\cosmos_final_project\datasets\gesture_all3_v1\trials\eric_Left_038.npz,C:\Users\Prutha Pandit\cosmos_final_project\data\raw\session_20260724_161748
gesture_all3_v1,C:\Users\Prutha Pandit\cosmos_final_project\data\raw\session_20260724_161748,eric,Left,39,336565.031000,336567.046000,2.015000,43,21.34,20,9.93,10,4.96,C:\Users\Prutha Pandit\cosmos_final_project\datasets\gesture_all3_v1\trials\eric_Left_039.npz,C:\Users\Prutha Pandit\cosmos_final_project\data\raw\session_20260724_161748
gesture_all3_v1,C:\Users\Prutha Pandit\cosmos_final_project\data\raw\session_20260724_161748,eric,Left,40,336571.453000,336573.484000,2.031000,43,21.17,21,10.34,11,5.42,C:\Users\Prutha Pandit\cosmos_final_project\datasets\gesture_all3_v1\trials\eric_Left_040.npz,C:\Users\Prutha Pandit\cosmos_final_project\data\raw\session_20260724_161748
gesture_all3_v1,C:\Users\Prutha Pandit\cosmos_final_project\data\raw\session_20260724_161748,eric,Bye-Bye,41,336613.718000,336615.750000,2.032000,43,21.16,19,9.35,10,4.92,C:\Users\Prutha Pandit\cosmos_final_project\datasets\gesture_all3_v1\trials\eric_Bye-Bye_041.npz,C:\Users\Prutha Pandit\cosmos_final_project\data\raw\session_20260724_161748
gesture_all3_v1,C:\Users\Prutha Pandit\cosmos_final_project\data\raw\session_20260724_161748,eric,Bye-Bye,42,336618.093000,336620.125000,2.032000,44,21.65,21,10.33,10,4.92,C:\Users\Prutha Pandit\cosmos_final_project\datasets\gesture_all3_v1\trials\eric_Bye-Bye_042.npz,C:\Users\Prutha Pandit\cosmos_final_project\data\raw\session_20260724_161748
gesture_all3_v1,C:\Users\Prutha Pandit\cosmos_final_project\data\raw\session_20260724_161748,eric,Bye-Bye,43,336621.859000,336623.906000,2.047000,44,21.49,21,10.26,11,5.37,C:\Users\Prutha Pandit\cosmos_final_project\datasets\gesture_all3_v1\trials\eric_Bye-Bye_043.npz,C:\Users\Prutha Pandit\cosmos_final_project\data\raw\session_20260724_161748
gesture_all3_v1,C:\Users\Prutha Pandit\cosmos_final_project\data\raw\session_20260724_161748,eric,Bye-Bye,44,336625.937000,336627.953000,2.016000,44,21.83,20,9.92,10,4.96,C:\Users\Prutha Pandit\cosmos_final_project\datasets\gesture_all3_v1\trials\eric_Bye-Bye_044.npz,C:\Users\Prutha Pandit\cosmos_final_project\data\raw\session_20260724_161748
gesture_all3_v1,C:\Users\Prutha Pandit\cosmos_final_project\data\raw\session_20260724_161748,eric,Bye-Bye,45,336630.062000,336632.109000,2.047000,44,21.49,21,10.26,11,5.37,C:\Users\Prutha Pandit\cosmos_final_project\datasets\gesture_all3_v1\trials\eric_Bye-Bye_045.npz,C:\Users\Prutha Pandit\cosmos_final_project\data\raw\session_20260724_161748
gesture_all3_v1,C:\Users\Prutha Pandit\cosmos_final_project\data\raw\session_20260724_161748,eric,Bye-Bye,46,336654.968000,336657.015000,2.047000,44,21.49,21,10.26,10,4.89,C:\Users\Prutha Pandit\cosmos_final_project\datasets\gesture_all3_v1\trials\eric_Bye-Bye_046.npz,C:\Users\Prutha Pandit\cosmos_final_project\data\raw\session_20260724_161748
gesture_all3_v1,C:\Users\Prutha Pandit\cosmos_final_project\data\raw\session_20260724_161748,eric,Bye-Bye,47,336658.968000,336661.015000,2.047000,43,21.01,21,10.26,10,4.89,C:\Users\Prutha Pandit\cosmos_final_project\datasets\gesture_all3_v1\trials\eric_Bye-Bye_047.npz,C:\Users\Prutha Pandit\cosmos_final_project\data\raw\session_20260724_161748
gesture_all3_v1,C:\Users\Prutha Pandit\cosmos_final_project\data\raw\session_20260724_161748,eric,Bye-Bye,48,336663.546000,336665.546000,2.000000,43,21.50,20,10.00,10,5.00,C:\Users\Prutha Pandit\cosmos_final_project\datasets\gesture_all3_v1\trials\eric_Bye-Bye_048.npz,C:\Users\Prutha Pandit\cosmos_final_project\data\raw\session_20260724_161748
gesture_all3_v1,C:\Users\Prutha Pandit\cosmos_final_project\data\raw\session_20260724_161748,eric,Bye-Bye,49,336667.687000,336669.703000,2.016000,42,20.83,21,10.42,10,4.96,C:\Users\Prutha Pandit\cosmos_final_project\datasets\gesture_all3_v1\trials\eric_Bye-Bye_049.npz,C:\Users\Prutha Pandit\cosmos_final_project\data\raw\session_20260724_161748
gesture_all3_v1,C:\Users\Prutha Pandit\cosmos_final_project\data\raw\session_20260724_161748,eric,Bye-Bye,50,336671.875000,336673.875000,2.000000,43,21.50,20,10.00,11,5.50,C:\Users\Prutha Pandit\cosmos_final_project\datasets\gesture_all3_v1\trials\eric_Bye-Bye_050.npz,C:\Users\Prutha Pandit\cosmos_final_project\data\raw\session_20260724_161748
gesture_all3_v1,C:\Users\Prutha Pandit\cosmos_final_project\data\raw\session_20260724_161748,eric,One-Arm Boxing,51,336706.843000,336708.890000,2.047000,44,21.49,20,9.77,11,5.37,C:\Users\Prutha Pandit\cosmos_final_project\datasets\gesture_all3_v1\trials\eric_One-Arm_Boxing_051.npz,C:\Users\Prutha Pandit\cosmos_final_project\data\raw\session_20260724_161748
gesture_all3_v1,C:\Users\Prutha Pandit\cosmos_final_project\data\raw\session_20260724_161748,eric,One-Arm Boxing,52,336712.187000,336714.203000,2.016000,43,21.33,21,10.42,10,4.96,C:\Users\Prutha Pandit\cosmos_final_project\datasets\gesture_all3_v1\trials\eric_One-Arm_Boxing_052.npz,C:\Users\Prutha Pandit\cosmos_final_project\data\raw\session_20260724_161748
gesture_all3_v1,C:\Users\Prutha Pandit\cosmos_final_project\data\raw\session_20260724_161748,eric,One-Arm Boxing,53,336716.718000,336718.718000,2.000000,43,21.50,20,10.00,10,5.00,C:\Users\Prutha Pandit\cosmos_final_project\datasets\gesture_all3_v1\trials\eric_One-Arm_Boxing_053.npz,C:\Users\Prutha Pandit\cosmos_final_project\data\raw\session_20260724_161748
gesture_all3_v1,C:\Users\Prutha Pandit\cosmos_final_project\data\raw\session_20260724_161748,eric,One-Arm Boxing,54,336721.125000,336723.187000,2.062000,44,21.34,21,10.18,10,4.85,C:\Users\Prutha Pandit\cosmos_final_project\datasets\gesture_all3_v1\trials\eric_One-Arm_Boxing_054.npz,C:\Users\Prutha Pandit\cosmos_final_project\data\raw\session_20260724_161748
gesture_all3_v1,C:\Users\Prutha Pandit\cosmos_final_project\data\raw\session_20260724_161748,eric,One-Arm Boxing,55,336725.140000,336727.203000,2.063000,44,21.33,21,10.18,10,4.85,C:\Users\Prutha Pandit\cosmos_final_project\datasets\gesture_all3_v1\trials\eric_One-Arm_Boxing_055.npz,C:\Users\Prutha Pandit\cosmos_final_project\data\raw\session_20260724_161748
gesture_all3_v1,C:\Users\Prutha Pandit\cosmos_final_project\data\raw\session_20260724_161748,eric,One-Arm Boxing,56,336729.500000,336731.546000,2.046000,44,21.51,21,10.26,10,4.89,C:\Users\Prutha Pandit\cosmos_final_project\datasets\gesture_all3_v1\trials\eric_One-Arm_Boxing_056.npz,C:\Users\Prutha Pandit\cosmos_final_project\data\raw\session_20260724_161748
gesture_all3_v1,C:\Users\Prutha Pandit\cosmos_final_project\data\raw\session_20260724_161748,eric,One-Arm Boxing,57,336734.109000,336736.156000,2.047000,43,21.01,20,9.77,10,4.89,C:\Users\Prutha Pandit\cosmos_final_project\datasets\gesture_all3_v1\trials\eric_One-Arm_Boxing_057.npz,C:\Users\Prutha Pandit\cosmos_final_project\data\raw\session_20260724_161748
gesture_all3_v1,C:\Users\Prutha Pandit\cosmos_final_project\data\raw\session_20260724_161748,eric,One-Arm Boxing,58,336738.671000,336740.718000,2.047000,44,21.49,21,10.26,11,5.37,C:\Users\Prutha Pandit\cosmos_final_project\datasets\gesture_all3_v1\trials\eric_One-Arm_Boxing_058.npz,C:\Users\Prutha Pandit\cosmos_final_project\data\raw\session_20260724_161748
gesture_all3_v1,C:\Users\Prutha Pandit\cosmos_final_project\data\raw\session_20260724_161748,eric,One-Arm Boxing,59,336742.953000,336745.000000,2.047000,44,21.49,21,10.26,10,4.89,C:\Users\Prutha Pandit\cosmos_final_project\datasets\gesture_all3_v1\trials\eric_One-Arm_Boxing_059.npz,C:\Users\Prutha Pandit\cosmos_final_project\data\raw\session_20260724_161748
gesture_all3_v1,C:\Users\Prutha Pandit\cosmos_final_project\data\raw\session_20260724_161748,eric,One-Arm Boxing,60,336749.796000,336751.843000,2.047000,44,21.49,21,10.26,10,4.89,C:\Users\Prutha Pandit\cosmos_final_project\datasets\gesture_all3_v1\trials\eric_One-Arm_Boxing_060.npz,C:\Users\Prutha Pandit\cosmos_final_project\data\raw\session_20260724_161748
gesture_all3_v1,C:\Users\Prutha Pandit\cosmos_final_project\data\raw\session_20260724_161748,eric,Clapping,61,336761.765000,336763.812000,2.047000,44,21.49,21,10.26,10,4.89,C:\Users\Prutha Pandit\cosmos_final_project\datasets\gesture_all3_v1\trials\eric_Clapping_061.npz,C:\Users\Prutha Pandit\cosmos_final_project\data\raw\session_20260724_161748
gesture_all3_v1,C:\Users\Prutha Pandit\cosmos_final_project\data\raw\session_20260724_161748,eric,Clapping,62,336769.234000,336771.281000,2.047000,44,21.49,20,9.77,11,5.37,C:\Users\Prutha Pandit\cosmos_final_project\datasets\gesture_all3_v1\trials\eric_Clapping_062.npz,C:\Users\Prutha Pandit\cosmos_final_project\data\raw\session_20260724_161748
gesture_all3_v1,C:\Users\Prutha Pandit\cosmos_final_project\data\raw\session_20260724_161748,eric,Clapping,63,336773.828000,336775.843000,2.015000,43,21.34,20,9.93,10,4.96,C:\Users\Prutha Pandit\cosmos_final_project\datasets\gesture_all3_v1\trials\eric_Clapping_063.npz,C:\Users\Prutha Pandit\cosmos_final_project\data\raw\session_20260724_161748
gesture_all3_v1,C:\Users\Prutha Pandit\cosmos_final_project\data\raw\session_20260724_161748,eric,Clapping,64,336777.781000,336779.843000,2.062000,44,21.34,21,10.18,10,4.85,C:\Users\Prutha Pandit\cosmos_final_project\datasets\gesture_all3_v1\trials\eric_Clapping_064.npz,C:\Users\Prutha Pandit\cosmos_final_project\data\raw\session_20260724_161748
gesture_all3_v1,C:\Users\Prutha Pandit\cosmos_final_project\data\raw\session_20260724_161748,eric,Clapping,65,336781.765000,336783.828000,2.063000,45,21.81,21,10.18,10,4.85,C:\Users\Prutha Pandit\cosmos_final_project\datasets\gesture_all3_v1\trials\eric_Clapping_065.npz,C:\Users\Prutha Pandit\cosmos_final_project\data\raw\session_20260724_161748
gesture_all3_v1,C:\Users\Prutha Pandit\cosmos_final_project\data\raw\session_20260724_161748,eric,Clapping,66,336785.906000,336787.953000,2.047000,44,21.49,20,9.77,10,4.89,C:\Users\Prutha Pandit\cosmos_final_project\datasets\gesture_all3_v1\trials\eric_Clapping_066.npz,C:\Users\Prutha Pandit\cosmos_final_project\data\raw\session_20260724_161748
gesture_all3_v1,C:\Users\Prutha Pandit\cosmos_final_project\data\raw\session_20260724_161748,eric,Clapping,67,336790.671000,336792.718000,2.047000,44,21.49,21,10.26,11,5.37,C:\Users\Prutha Pandit\cosmos_final_project\datasets\gesture_all3_v1\trials\eric_Clapping_067.npz,C:\Users\Prutha Pandit\cosmos_final_project\data\raw\session_20260724_161748
gesture_all3_v1,C:\Users\Prutha Pandit\cosmos_final_project\data\raw\session_20260724_161748,eric,Clapping,68,336794.921000,336796.953000,2.032000,43,21.16,20,9.84,10,4.92,C:\Users\Prutha Pandit\cosmos_final_project\datasets\gesture_all3_v1\trials\eric_Clapping_068.npz,C:\Users\Prutha Pandit\cosmos_final_project\data\raw\session_20260724_161748
gesture_all3_v1,C:\Users\Prutha Pandit\cosmos_final_project\data\raw\session_20260724_161748,eric,Clapping,69,336799.062000,336801.093000,2.031000,43,21.17,21,10.34,11,5.42,C:\Users\Prutha Pandit\cosmos_final_project\datasets\gesture_all3_v1\trials\eric_Clapping_069.npz,C:\Users\Prutha Pandit\cosmos_final_project\data\raw\session_20260724_161748
gesture_all3_v1,C:\Users\Prutha Pandit\cosmos_final_project\data\raw\session_20260724_161748,eric,Clapping,70,336803.468000,336805.562000,2.094000,45,21.49,21,10.03,11,5.25,C:\Users\Prutha Pandit\cosmos_final_project\datasets\gesture_all3_v1\trials\eric_Clapping_070.npz,C:\Users\Prutha Pandit\cosmos_final_project\data\raw\session_20260724_161748
gesture_all3_v1,C:\Users\Prutha Pandit\cosmos_final_project\data\raw\session_20260724_161748,eric,Two-Arm Boxing,71,336812.671000,336814.734000,2.063000,45,21.81,21,10.18,11,5.33,C:\Users\Prutha Pandit\cosmos_final_project\datasets\gesture_all3_v1\trials\eric_Two-Arm_Boxing_071.npz,C:\Users\Prutha Pandit\cosmos_final_project\data\raw\session_20260724_161748
gesture_all3_v1,C:\Users\Prutha Pandit\cosmos_final_project\data\raw\session_20260724_161748,eric,Two-Arm Boxing,72,336817.593000,336819.640000,2.047000,44,21.49,21,10.26,10,4.89,C:\Users\Prutha Pandit\cosmos_final_project\datasets\gesture_all3_v1\trials\eric_Two-Arm_Boxing_072.npz,C:\Users\Prutha Pandit\cosmos_final_project\data\raw\session_20260724_161748
gesture_all3_v1,C:\Users\Prutha Pandit\cosmos_final_project\data\raw\session_20260724_161748,eric,Two-Arm Boxing,73,336821.656000,336823.718000,2.062000,44,21.34,21,10.18,11,5.33,C:\Users\Prutha Pandit\cosmos_final_project\datasets\gesture_all3_v1\trials\eric_Two-Arm_Boxing_073.npz,C:\Users\Prutha Pandit\cosmos_final_project\data\raw\session_20260724_161748
gesture_all3_v1,C:\Users\Prutha Pandit\cosmos_final_project\data\raw\session_20260724_161748,eric,Two-Arm Boxing,74,336825.359000,336827.437000,2.078000,45,21.66,21,10.11,10,4.81,C:\Users\Prutha Pandit\cosmos_final_project\datasets\gesture_all3_v1\trials\eric_Two-Arm_Boxing_074.npz,C:\Users\Prutha Pandit\cosmos_final_project\data\raw\session_20260724_161748
gesture_all3_v1,C:\Users\Prutha Pandit\cosmos_final_project\data\raw\session_20260724_161748,eric,Two-Arm Boxing,75,336829.531000,336831.593000,2.062000,44,21.34,21,10.18,10,4.85,C:\Users\Prutha Pandit\cosmos_final_project\datasets\gesture_all3_v1\trials\eric_Two-Arm_Boxing_075.npz,C:\Users\Prutha Pandit\cosmos_final_project\data\raw\session_20260724_161748
gesture_all3_v1,C:\Users\Prutha Pandit\cosmos_final_project\data\raw\session_20260724_161748,eric,Two-Arm Boxing,76,336837.406000,336839.453000,2.047000,44,21.49,20,9.77,10,4.89,C:\Users\Prutha Pandit\cosmos_final_project\datasets\gesture_all3_v1\trials\eric_Two-Arm_Boxing_076.npz,C:\Users\Prutha Pandit\cosmos_final_project\data\raw\session_20260724_161748
gesture_all3_v1,C:\Users\Prutha Pandit\cosmos_final_project\data\raw\session_20260724_161748,eric,Two-Arm Boxing,77,336841.546000,336843.625000,2.079000,44,21.16,21,10.10,10,4.81,C:\Users\Prutha Pandit\cosmos_final_project\datasets\gesture_all3_v1\trials\eric_Two-Arm_Boxing_077.npz,C:\Users\Prutha Pandit\cosmos_final_project\data\raw\session_20260724_161748
gesture_all3_v1,C:\Users\Prutha Pandit\cosmos_final_project\data\raw\session_20260724_161748,eric,Two-Arm Boxing,78,336845.531000,336847.578000,2.047000,44,21.49,20,9.77,10,4.89,C:\Users\Prutha Pandit\cosmos_final_project\datasets\gesture_all3_v1\trials\eric_Two-Arm_Boxing_078.npz,C:\Users\Prutha Pandit\cosmos_final_project\data\raw\session_20260724_161748
gesture_all3_v1,C:\Users\Prutha Pandit\cosmos_final_project\data\raw\session_20260724_161748,eric,Two-Arm Boxing,79,336849.359000,336851.406000,2.047000,44,21.49,21,10.26,10,4.89,C:\Users\Prutha Pandit\cosmos_final_project\datasets\gesture_all3_v1\trials\eric_Two-Arm_Boxing_079.npz,C:\Users\Prutha Pandit\cosmos_final_project\data\raw\session_20260724_161748
gesture_all3_v1,C:\Users\Prutha Pandit\cosmos_final_project\data\raw\session_20260724_161748,eric,Two-Arm Boxing,80,336853.046000,336855.078000,2.032000,44,21.65,20,9.84,11,5.41,C:\Users\Prutha Pandit\cosmos_final_project\datasets\gesture_all3_v1\trials\eric_Two-Arm_Boxing_080.npz,C:\Users\Prutha Pandit\cosmos_final_project\data\raw\session_20260724_161748
gesture_all3_v1,C:\Users\Prutha Pandit\cosmos_final_project\data\raw\session_20260724_161748,eric,T-Arm,81,336872.359000,336874.421000,2.062000,45,21.82,21,10.18,10,4.85,C:\Users\Prutha Pandit\cosmos_final_project\datasets\gesture_all3_v1\trials\eric_T-Arm_081.npz,C:\Users\Prutha Pandit\cosmos_final_project\data\raw\session_20260724_161748
gesture_all3_v1,C:\Users\Prutha Pandit\cosmos_final_project\data\raw\session_20260724_161748,eric,T-Arm,82,336880.515000,336882.593000,2.078000,44,21.17,21,10.11,10,4.81,C:\Users\Prutha Pandit\cosmos_final_project\datasets\gesture_all3_v1\trials\eric_T-Arm_082.npz,C:\Users\Prutha Pandit\cosmos_final_project\data\raw\session_20260724_161748
gesture_all3_v1,C:\Users\Prutha Pandit\cosmos_final_project\data\raw\session_20260724_161748,eric,T-Arm,83,336884.609000,336886.640000,2.031000,44,21.66,20,9.85,10,4.92,C:\Users\Prutha Pandit\cosmos_final_project\datasets\gesture_all3_v1\trials\eric_T-Arm_083.npz,C:\Users\Prutha Pandit\cosmos_final_project\data\raw\session_20260724_161748
gesture_all3_v1,C:\Users\Prutha Pandit\cosmos_final_project\data\raw\session_20260724_161748,eric,T-Arm,84,336888.890000,336890.953000,2.063000,44,21.33,21,10.18,10,4.85,C:\Users\Prutha Pandit\cosmos_final_project\datasets\gesture_all3_v1\trials\eric_T-Arm_084.npz,C:\Users\Prutha Pandit\cosmos_final_project\data\raw\session_20260724_161748
gesture_all3_v1,C:\Users\Prutha Pandit\cosmos_final_project\data\raw\session_20260724_161748,eric,T-Arm,85,336893.296000,336895.343000,2.047000,44,21.49,21,10.26,10,4.89,C:\Users\Prutha Pandit\cosmos_final_project\datasets\gesture_all3_v1\trials\eric_T-Arm_085.npz,C:\Users\Prutha Pandit\cosmos_final_project\data\raw\session_20260724_161748
gesture_all3_v1,C:\Users\Prutha Pandit\cosmos_final_project\data\raw\session_20260724_161748,eric,T-Arm,86,336897.921000,336899.953000,2.032000,43,21.16,20,9.84,10,4.92,C:\Users\Prutha Pandit\cosmos_final_project\datasets\gesture_all3_v1\trials\eric_T-Arm_086.npz,C:\Users\Prutha Pandit\cosmos_final_project\data\raw\session_20260724_161748
gesture_all3_v1,C:\Users\Prutha Pandit\cosmos_final_project\data\raw\session_20260724_161748,eric,T-Arm,87,336902.453000,336904.500000,2.047000,44,21.49,21,10.26,11,5.37,C:\Users\Prutha Pandit\cosmos_final_project\datasets\gesture_all3_v1\trials\eric_T-Arm_087.npz,C:\Users\Prutha Pandit\cosmos_final_project\data\raw\session_20260724_161748
gesture_all3_v1,C:\Users\Prutha Pandit\cosmos_final_project\data\raw\session_20260724_161748,eric,T-Arm,88,336906.515000,336908.593000,2.078000,44,21.17,21,10.11,10,4.81,C:\Users\Prutha Pandit\cosmos_final_project\datasets\gesture_all3_v1\trials\eric_T-Arm_088.npz,C:\Users\Prutha Pandit\cosmos_final_project\data\raw\session_20260724_161748
gesture_all3_v1,C:\Users\Prutha Pandit\cosmos_final_project\data\raw\session_20260724_161748,eric,T-Arm,89,336910.578000,336912.609000,2.031000,44,21.66,21,10.34,10,4.92,C:\Users\Prutha Pandit\cosmos_final_project\datasets\gesture_all3_v1\trials\eric_T-Arm_089.npz,C:\Users\Prutha Pandit\cosmos_final_project\data\raw\session_20260724_161748
gesture_all3_v1,C:\Users\Prutha Pandit\cosmos_final_project\data\raw\session_20260724_161748,eric,T-Arm,90,336914.781000,336916.843000,2.062000,44,21.34,21,10.18,10,4.85,C:\Users\Prutha Pandit\cosmos_final_project\datasets\gesture_all3_v1\trials\eric_T-Arm_090.npz,C:\Users\Prutha Pandit\cosmos_final_project\data\raw\session_20260724_161748
gesture_all3_v1,C:\Users\Prutha Pandit\cosmos_final_project\data\raw\session_20260724_161748,eric,Raise Arms,91,336935.640000,336937.687000,2.047000,44,21.49,20,9.77,11,5.37,C:\Users\Prutha Pandit\cosmos_final_project\datasets\gesture_all3_v1\trials\eric_Raise_Arms_091.npz,C:\Users\Prutha Pandit\cosmos_final_project\data\raw\session_20260724_161748
gesture_all3_v1,C:\Users\Prutha Pandit\cosmos_final_project\data\raw\session_20260724_161748,eric,Raise Arms,92,336940.203000,336942.218000,2.015000,43,21.34,20,9.93,10,4.96,C:\Users\Prutha Pandit\cosmos_final_project\datasets\gesture_all3_v1\trials\eric_Raise_Arms_092.npz,C:\Users\Prutha Pandit\cosmos_final_project\data\raw\session_20260724_161748
gesture_all3_v1,C:\Users\Prutha Pandit\cosmos_final_project\data\raw\session_20260724_161748,eric,Raise Arms,93,336945.078000,336947.140000,2.062000,44,21.34,21,10.18,11,5.33,C:\Users\Prutha Pandit\cosmos_final_project\datasets\gesture_all3_v1\trials\eric_Raise_Arms_093.npz,C:\Users\Prutha Pandit\cosmos_final_project\data\raw\session_20260724_161748
gesture_all3_v1,C:\Users\Prutha Pandit\cosmos_final_project\data\raw\session_20260724_161748,eric,Raise Arms,94,336950.109000,336952.125000,2.016000,43,21.33,20,9.92,10,4.96,C:\Users\Prutha Pandit\cosmos_final_project\datasets\gesture_all3_v1\trials\eric_Raise_Arms_094.npz,C:\Users\Prutha Pandit\cosmos_final_project\data\raw\session_20260724_161748
gesture_all3_v1,C:\Users\Prutha Pandit\cosmos_final_project\data\raw\session_20260724_161748,eric,Raise Arms,95,336954.843000,336956.906000,2.063000,44,21.33,21,10.18,11,5.33,C:\Users\Prutha Pandit\cosmos_final_project\datasets\gesture_all3_v1\trials\eric_Raise_Arms_095.npz,C:\Users\Prutha Pandit\cosmos_final_project\data\raw\session_20260724_161748
gesture_all3_v1,C:\Users\Prutha Pandit\cosmos_final_project\data\raw\session_20260724_161748,eric,Raise Arms,96,336959.296000,336961.375000,2.079000,44,21.16,21,10.10,10,4.81,C:\Users\Prutha Pandit\cosmos_final_project\datasets\gesture_all3_v1\trials\eric_Raise_Arms_096.npz,C:\Users\Prutha Pandit\cosmos_final_project\data\raw\session_20260724_161748
gesture_all3_v1,C:\Users\Prutha Pandit\cosmos_final_project\data\raw\session_20260724_161748,eric,Raise Arms,97,336963.765000,336965.812000,2.047000,44,21.49,21,10.26,10,4.89,C:\Users\Prutha Pandit\cosmos_final_project\datasets\gesture_all3_v1\trials\eric_Raise_Arms_097.npz,C:\Users\Prutha Pandit\cosmos_final_project\data\raw\session_20260724_161748
gesture_all3_v1,C:\Users\Prutha Pandit\cosmos_final_project\data\raw\session_20260724_161748,eric,Raise Arms,98,336967.906000,336969.968000,2.062000,44,21.34,20,9.70,10,4.85,C:\Users\Prutha Pandit\cosmos_final_project\datasets\gesture_all3_v1\trials\eric_Raise_Arms_098.npz,C:\Users\Prutha Pandit\cosmos_final_project\data\raw\session_20260724_161748
gesture_all3_v1,C:\Users\Prutha Pandit\cosmos_final_project\data\raw\session_20260724_161748,eric,Raise Arms,99,336972.296000,336974.343000,2.047000,43,21.01,21,10.26,10,4.89,C:\Users\Prutha Pandit\cosmos_final_project\datasets\gesture_all3_v1\trials\eric_Raise_Arms_099.npz,C:\Users\Prutha Pandit\cosmos_final_project\data\raw\session_20260724_161748
gesture_all3_v1,C:\Users\Prutha Pandit\cosmos_final_project\data\raw\session_20260724_161748,eric,Raise Arms,100,336976.171000,336978.218000,2.047000,43,21.01,21,10.26,10,4.89,C:\Users\Prutha Pandit\cosmos_final_project\datasets\gesture_all3_v1\trials\eric_Raise_Arms_100.npz,C:\Users\Prutha Pandit\cosmos_final_project\data\raw\session_20260724_161748
gesture_all3_v1,C:\Users\Prutha Pandit\cosmos_final_project\data\raw\session_20260724_161748,eric,Soli,101,337059.921000,337062.000000,2.079000,44,21.16,21,10.10,10,4.81,C:\Users\Prutha Pandit\cosmos_final_project\datasets\gesture_all3_v1\trials\eric_Soli_101.npz,C:\Users\Prutha Pandit\cosmos_final_project\data\raw\session_20260724_161748
gesture_all3_v1,C:\Users\Prutha Pandit\cosmos_final_project\data\raw\session_20260724_161748,eric,Soli,102,337064.171000,337066.171000,2.000000,43,21.50,20,10.00,10,5.00,C:\Users\Prutha Pandit\cosmos_final_project\datasets\gesture_all3_v1\trials\eric_Soli_102.npz,C:\Users\Prutha Pandit\cosmos_final_project\data\raw\session_20260724_161748
gesture_all3_v1,C:\Users\Prutha Pandit\cosmos_final_project\data\raw\session_20260724_161748,eric,Soli,103,337068.187000,337070.203000,2.016000,43,21.33,21,10.42,10,4.96,C:\Users\Prutha Pandit\cosmos_final_project\datasets\gesture_all3_v1\trials\eric_Soli_103.npz,C:\Users\Prutha Pandit\cosmos_final_project\data\raw\session_20260724_161748
gesture_all3_v1,C:\Users\Prutha Pandit\cosmos_final_project\data\raw\session_20260724_161748,eric,Soli,104,337072.328000,337074.406000,2.078000,44,21.17,21,10.11,10,4.81,C:\Users\Prutha Pandit\cosmos_final_project\datasets\gesture_all3_v1\trials\eric_Soli_104.npz,C:\Users\Prutha Pandit\cosmos_final_project\data\raw\session_20260724_161748
gesture_all3_v1,C:\Users\Prutha Pandit\cosmos_final_project\data\raw\session_20260724_161748,eric,Soli,105,337076.234000,337078.281000,2.047000,43,21.01,20,9.77,11,5.37,C:\Users\Prutha Pandit\cosmos_final_project\datasets\gesture_all3_v1\trials\eric_Soli_105.npz,C:\Users\Prutha Pandit\cosmos_final_project\data\raw\session_20260724_161748
gesture_all3_v1,C:\Users\Prutha Pandit\cosmos_final_project\data\raw\session_20260724_161748,eric,Soli,106,337080.109000,337082.187000,2.078000,44,21.17,21,10.11,10,4.81,C:\Users\Prutha Pandit\cosmos_final_project\datasets\gesture_all3_v1\trials\eric_Soli_106.npz,C:\Users\Prutha Pandit\cosmos_final_project\data\raw\session_20260724_161748
gesture_all3_v1,C:\Users\Prutha Pandit\cosmos_final_project\data\raw\session_20260724_161748,eric,Soli,107,337083.875000,337085.953000,2.078000,44,21.17,21,10.11,11,5.29,C:\Users\Prutha Pandit\cosmos_final_project\datasets\gesture_all3_v1\trials\eric_Soli_107.npz,C:\Users\Prutha Pandit\cosmos_final_project\data\raw\session_20260724_161748
gesture_all3_v1,C:\Users\Prutha Pandit\cosmos_final_project\data\raw\session_20260724_161748,eric,Soli,108,337095.250000,337097.281000,2.031000,43,21.17,20,9.85,11,5.42,C:\Users\Prutha Pandit\cosmos_final_project\datasets\gesture_all3_v1\trials\eric_Soli_108.npz,C:\Users\Prutha Pandit\cosmos_final_project\data\raw\session_20260724_161748
gesture_all3_v1,C:\Users\Prutha Pandit\cosmos_final_project\data\raw\session_20260724_161748,eric,Soli,109,337100.218000,337102.312000,2.094000,45,21.49,21,10.03,11,5.25,C:\Users\Prutha Pandit\cosmos_final_project\datasets\gesture_all3_v1\trials\eric_Soli_109.npz,C:\Users\Prutha Pandit\cosmos_final_project\data\raw\session_20260724_161748
gesture_all3_v1,C:\Users\Prutha Pandit\cosmos_final_project\data\raw\session_20260724_161748,eric,Soli,110,337104.359000,337106.406000,2.047000,44,21.49,21,10.26,10,4.89,C:\Users\Prutha Pandit\cosmos_final_project\datasets\gesture_all3_v1\trials\eric_Soli_110.npz,C:\Users\Prutha Pandit\cosmos_final_project\data\raw\session_20260724_161748
gesture_all3_v1,C:\Users\Prutha Pandit\cosmos_final_project\data\raw\session_20260724_161748,eric,Making Fist and Open,111,337136.234000,337138.250000,2.016000,43,21.33,20,9.92,10,4.96,C:\Users\Prutha Pandit\cosmos_final_project\datasets\gesture_all3_v1\trials\eric_Making_Fist_and_Open_111.npz,C:\Users\Prutha Pandit\cosmos_final_project\data\raw\session_20260724_161748
gesture_all3_v1,C:\Users\Prutha Pandit\cosmos_final_project\data\raw\session_20260724_161748,eric,Making Fist and Open,112,337150.156000,337152.218000,2.062000,44,21.34,21,10.18,10,4.85,C:\Users\Prutha Pandit\cosmos_final_project\datasets\gesture_all3_v1\trials\eric_Making_Fist_and_Open_112.npz,C:\Users\Prutha Pandit\cosmos_final_project\data\raw\session_20260724_161748
gesture_all3_v1,C:\Users\Prutha Pandit\cosmos_final_project\data\raw\session_20260724_161748,eric,Making Fist and Open,113,337154.421000,337156.484000,2.063000,44,21.33,20,9.69,11,5.33,C:\Users\Prutha Pandit\cosmos_final_project\datasets\gesture_all3_v1\trials\eric_Making_Fist_and_Open_113.npz,C:\Users\Prutha Pandit\cosmos_final_project\data\raw\session_20260724_161748
gesture_all3_v1,C:\Users\Prutha Pandit\cosmos_final_project\data\raw\session_20260724_161748,eric,Making Fist and Open,114,337158.078000,337160.109000,2.031000,43,21.17,21,10.34,11,5.42,C:\Users\Prutha Pandit\cosmos_final_project\datasets\gesture_all3_v1\trials\eric_Making_Fist_and_Open_114.npz,C:\Users\Prutha Pandit\cosmos_final_project\data\raw\session_20260724_161748
gesture_all3_v1,C:\Users\Prutha Pandit\cosmos_final_project\data\raw\session_20260724_161748,eric,Making Fist and Open,115,337161.703000,337163.781000,2.078000,44,21.17,20,9.62,10,4.81,C:\Users\Prutha Pandit\cosmos_final_project\datasets\gesture_all3_v1\trials\eric_Making_Fist_and_Open_115.npz,C:\Users\Prutha Pandit\cosmos_final_project\data\raw\session_20260724_161748
gesture_all3_v1,C:\Users\Prutha Pandit\cosmos_final_project\data\raw\session_20260724_161748,eric,Making Fist and Open,116,337165.484000,337167.531000,2.047000,44,21.49,21,10.26,10,4.89,C:\Users\Prutha Pandit\cosmos_final_project\datasets\gesture_all3_v1\trials\eric_Making_Fist_and_Open_116.npz,C:\Users\Prutha Pandit\cosmos_final_project\data\raw\session_20260724_161748
gesture_all3_v1,C:\Users\Prutha Pandit\cosmos_final_project\data\raw\session_20260724_161748,eric,Making Fist and Open,117,337169.296000,337171.328000,2.032000,44,21.65,21,10.33,10,4.92,C:\Users\Prutha Pandit\cosmos_final_project\datasets\gesture_all3_v1\trials\eric_Making_Fist_and_Open_117.npz,C:\Users\Prutha Pandit\cosmos_final_project\data\raw\session_20260724_161748
gesture_all3_v1,C:\Users\Prutha Pandit\cosmos_final_project\data\raw\session_20260724_161748,eric,Making Fist and Open,118,337175.250000,337177.281000,2.031000,43,21.17,20,9.85,11,5.42,C:\Users\Prutha Pandit\cosmos_final_project\datasets\gesture_all3_v1\trials\eric_Making_Fist_and_Open_118.npz,C:\Users\Prutha Pandit\cosmos_final_project\data\raw\session_20260724_161748
gesture_all3_v1,C:\Users\Prutha Pandit\cosmos_final_project\data\raw\session_20260724_161748,eric,Making Fist and Open,119,337179.375000,337181.406000,2.031000,44,21.66,21,10.34,10,4.92,C:\Users\Prutha Pandit\cosmos_final_project\datasets\gesture_all3_v1\trials\eric_Making_Fist_and_Open_119.npz,C:\Users\Prutha Pandit\cosmos_final_project\data\raw\session_20260724_161748
gesture_all3_v1,C:\Users\Prutha Pandit\cosmos_final_project\data\raw\session_20260724_161748,eric,Making Fist and Open,120,337183.578000,337185.640000,2.062000,44,21.34,20,9.70,10,4.85,C:\Users\Prutha Pandit\cosmos_final_project\datasets\gesture_all3_v1\trials\eric_Making_Fist_and_Open_120.npz,C:\Users\Prutha Pandit\cosmos_final_project\data\raw\session_20260724_161748
gesture_all3_v1,C:\Users\Prutha Pandit\cosmos_final_project\data\raw\session_20260724_161748,eric,Palm Up-Down,121,337198.796000,337200.859000,2.063000,44,21.33,21,10.18,10,4.85,C:\Users\Prutha Pandit\cosmos_final_project\datasets\gesture_all3_v1\trials\eric_Palm_Up-Down_121.npz,C:\Users\Prutha Pandit\cosmos_final_project\data\raw\session_20260724_161748
gesture_all3_v1,C:\Users\Prutha Pandit\cosmos_final_project\data\raw\session_20260724_161748,eric,Palm Up-Down,122,337212.109000,337214.187000,2.078000,43,20.69,20,9.62,10,4.81,C:\Users\Prutha Pandit\cosmos_final_project\datasets\gesture_all3_v1\trials\eric_Palm_Up-Down_122.npz,C:\Users\Prutha Pandit\cosmos_final_project\data\raw\session_20260724_161748
gesture_all3_v1,C:\Users\Prutha Pandit\cosmos_final_project\data\raw\session_20260724_161748,eric,Palm Up-Down,123,337218.875000,337220.875000,2.000000,43,21.50,20,10.00,11,5.50,C:\Users\Prutha Pandit\cosmos_final_project\datasets\gesture_all3_v1\trials\eric_Palm_Up-Down_123.npz,C:\Users\Prutha Pandit\cosmos_final_project\data\raw\session_20260724_161748
gesture_all3_v1,C:\Users\Prutha Pandit\cosmos_final_project\data\raw\session_20260724_161748,eric,Palm Up-Down,124,337223.671000,337225.718000,2.047000,44,21.49,21,10.26,11,5.37,C:\Users\Prutha Pandit\cosmos_final_project\datasets\gesture_all3_v1\trials\eric_Palm_Up-Down_124.npz,C:\Users\Prutha Pandit\cosmos_final_project\data\raw\session_20260724_161748
gesture_all3_v1,C:\Users\Prutha Pandit\cosmos_final_project\data\raw\session_20260724_161748,eric,Palm Up-Down,125,337227.968000,337230.046000,2.078000,44,21.17,21,10.11,10,4.81,C:\Users\Prutha Pandit\cosmos_final_project\datasets\gesture_all3_v1\trials\eric_Palm_Up-Down_125.npz,C:\Users\Prutha Pandit\cosmos_final_project\data\raw\session_20260724_161748
gesture_all3_v1,C:\Users\Prutha Pandit\cosmos_final_project\data\raw\session_20260724_161748,eric,Palm Up-Down,126,337232.328000,337234.375000,2.047000,44,21.49,20,9.77,10,4.89,C:\Users\Prutha Pandit\cosmos_final_project\datasets\gesture_all3_v1\trials\eric_Palm_Up-Down_126.npz,C:\Users\Prutha Pandit\cosmos_final_project\data\raw\session_20260724_161748
gesture_all3_v1,C:\Users\Prutha Pandit\cosmos_final_project\data\raw\session_20260724_161748,eric,Palm Up-Down,127,337237.328000,337239.359000,2.031000,44,21.66,20,9.85,10,4.92,C:\Users\Prutha Pandit\cosmos_final_project\datasets\gesture_all3_v1\trials\eric_Palm_Up-Down_127.npz,C:\Users\Prutha Pandit\cosmos_final_project\data\raw\session_20260724_161748
gesture_all3_v1,C:\Users\Prutha Pandit\cosmos_final_project\data\raw\session_20260724_161748,eric,Palm Up-Down,128,337241.625000,337243.671000,2.046000,44,21.51,20,9.78,11,5.38,C:\Users\Prutha Pandit\cosmos_final_project\datasets\gesture_all3_v1\trials\eric_Palm_Up-Down_128.npz,C:\Users\Prutha Pandit\cosmos_final_project\data\raw\session_20260724_161748
gesture_all3_v1,C:\Users\Prutha Pandit\cosmos_final_project\data\raw\session_20260724_161748,eric,Palm Up-Down,129,337246.984000,337249.015000,2.031000,44,21.66,21,10.34,10,4.92,C:\Users\Prutha Pandit\cosmos_final_project\datasets\gesture_all3_v1\trials\eric_Palm_Up-Down_129.npz,C:\Users\Prutha Pandit\cosmos_final_project\data\raw\session_20260724_161748
gesture_all3_v1,C:\Users\Prutha Pandit\cosmos_final_project\data\raw\session_20260724_161748,eric,Palm Up-Down,130,337251.703000,337253.765000,2.062000,44,21.34,20,9.70,10,4.85,C:\Users\Prutha Pandit\cosmos_final_project\datasets\gesture_all3_v1\trials\eric_Palm_Up-Down_130.npz,C:\Users\Prutha Pandit\cosmos_final_project\data\raw\session_20260724_161748
gesture_all3_v1,C:\Users\Prutha Pandit\cosmos_final_project\data\raw\session_20260726_142402,shanmu,Clockwise,1,502151.578000,502153.640000,2.062000,44,21.34,21,10.18,10,4.85,C:\Users\Prutha Pandit\cosmos_final_project\datasets\gesture_all3_v1\trials\shanmu_Clockwise_001.npz,C:\Users\Prutha Pandit\cosmos_final_project\data\raw\session_20260726_142402
gesture_all3_v1,C:\Users\Prutha Pandit\cosmos_final_project\data\raw\session_20260726_142402,shanmu,Clockwise,2,502159.531000,502161.609000,2.078000,44,21.17,21,10.11,10,4.81,C:\Users\Prutha Pandit\cosmos_final_project\datasets\gesture_all3_v1\trials\shanmu_Clockwise_002.npz,C:\Users\Prutha Pandit\cosmos_final_project\data\raw\session_20260726_142402
gesture_all3_v1,C:\Users\Prutha Pandit\cosmos_final_project\data\raw\session_20260726_142402,shanmu,Clockwise,3,502165.218000,502167.218000,2.000000,41,20.50,20,10.00,10,5.00,C:\Users\Prutha Pandit\cosmos_final_project\datasets\gesture_all3_v1\trials\shanmu_Clockwise_003.npz,C:\Users\Prutha Pandit\cosmos_final_project\data\raw\session_20260726_142402
gesture_all3_v1,C:\Users\Prutha Pandit\cosmos_final_project\data\raw\session_20260726_142402,shanmu,Clockwise,4,502172.218000,502174.265000,2.047000,44,21.49,21,10.26,10,4.89,C:\Users\Prutha Pandit\cosmos_final_project\datasets\gesture_all3_v1\trials\shanmu_Clockwise_004.npz,C:\Users\Prutha Pandit\cosmos_final_project\data\raw\session_20260726_142402
gesture_all3_v1,C:\Users\Prutha Pandit\cosmos_final_project\data\raw\session_20260726_142402,shanmu,Clockwise,5,502176.812000,502178.890000,2.078000,45,21.66,21,10.11,11,5.29,C:\Users\Prutha Pandit\cosmos_final_project\datasets\gesture_all3_v1\trials\shanmu_Clockwise_005.npz,C:\Users\Prutha Pandit\cosmos_final_project\data\raw\session_20260726_142402
gesture_all3_v1,C:\Users\Prutha Pandit\cosmos_final_project\data\raw\session_20260726_142402,shanmu,Clockwise,6,502182.484000,502184.531000,2.047000,43,21.01,20,9.77,11,5.37,C:\Users\Prutha Pandit\cosmos_final_project\datasets\gesture_all3_v1\trials\shanmu_Clockwise_006.npz,C:\Users\Prutha Pandit\cosmos_final_project\data\raw\session_20260726_142402
gesture_all3_v1,C:\Users\Prutha Pandit\cosmos_final_project\data\raw\session_20260726_142402,shanmu,Clockwise,7,502191.343000,502193.437000,2.094000,45,21.49,21,10.03,10,4.78,C:\Users\Prutha Pandit\cosmos_final_project\datasets\gesture_all3_v1\trials\shanmu_Clockwise_007.npz,C:\Users\Prutha Pandit\cosmos_final_project\data\raw\session_20260726_142402
gesture_all3_v1,C:\Users\Prutha Pandit\cosmos_final_project\data\raw\session_20260726_142402,shanmu,Clockwise,8,502203.875000,502205.937000,2.062000,43,20.85,20,9.70,11,5.33,C:\Users\Prutha Pandit\cosmos_final_project\datasets\gesture_all3_v1\trials\shanmu_Clockwise_008.npz,C:\Users\Prutha Pandit\cosmos_final_project\data\raw\session_20260726_142402
gesture_all3_v1,C:\Users\Prutha Pandit\cosmos_final_project\data\raw\session_20260726_142402,shanmu,Clockwise,9,502221.500000,502223.562000,2.062000,43,20.85,21,10.18,10,4.85,C:\Users\Prutha Pandit\cosmos_final_project\datasets\gesture_all3_v1\trials\shanmu_Clockwise_009.npz,C:\Users\Prutha Pandit\cosmos_final_project\data\raw\session_20260726_142402
gesture_all3_v1,C:\Users\Prutha Pandit\cosmos_final_project\data\raw\session_20260726_142402,shanmu,Clockwise,10,502229.578000,502231.656000,2.078000,44,21.17,21,10.11,10,4.81,C:\Users\Prutha Pandit\cosmos_final_project\datasets\gesture_all3_v1\trials\shanmu_Clockwise_010.npz,C:\Users\Prutha Pandit\cosmos_final_project\data\raw\session_20260726_142402
gesture_all3_v1,C:\Users\Prutha Pandit\cosmos_final_project\data\raw\session_20260726_142402,shanmu,Anti-clockwise,11,502239.968000,502242.031000,2.063000,43,20.84,20,9.69,10,4.85,C:\Users\Prutha Pandit\cosmos_final_project\datasets\gesture_all3_v1\trials\shanmu_Anti-clockwise_011.npz,C:\Users\Prutha Pandit\cosmos_final_project\data\raw\session_20260726_142402
gesture_all3_v1,C:\Users\Prutha Pandit\cosmos_final_project\data\raw\session_20260726_142402,shanmu,Anti-clockwise,12,502245.015000,502247.093000,2.078000,43,20.69,21,10.11,11,5.29,C:\Users\Prutha Pandit\cosmos_final_project\datasets\gesture_all3_v1\trials\shanmu_Anti-clockwise_012.npz,C:\Users\Prutha Pandit\cosmos_final_project\data\raw\session_20260726_142402
gesture_all3_v1,C:\Users\Prutha Pandit\cosmos_final_project\data\raw\session_20260726_142402,shanmu,Anti-clockwise,13,502249.375000,502251.390000,2.015000,43,21.34,20,9.93,10,4.96,C:\Users\Prutha Pandit\cosmos_final_project\datasets\gesture_all3_v1\trials\shanmu_Anti-clockwise_013.npz,C:\Users\Prutha Pandit\cosmos_final_project\data\raw\session_20260726_142402
gesture_all3_v1,C:\Users\Prutha Pandit\cosmos_final_project\data\raw\session_20260726_142402,shanmu,Anti-clockwise,14,502253.078000,502255.140000,2.062000,44,21.34,21,10.18,11,5.33,C:\Users\Prutha Pandit\cosmos_final_project\datasets\gesture_all3_v1\trials\shanmu_Anti-clockwise_014.npz,C:\Users\Prutha Pandit\cosmos_final_project\data\raw\session_20260726_142402
gesture_all3_v1,C:\Users\Prutha Pandit\cosmos_final_project\data\raw\session_20260726_142402,shanmu,Anti-clockwise,15,502256.984000,502259.031000,2.047000,43,21.01,20,9.77,10,4.89,C:\Users\Prutha Pandit\cosmos_final_project\datasets\gesture_all3_v1\trials\shanmu_Anti-clockwise_015.npz,C:\Users\Prutha Pandit\cosmos_final_project\data\raw\session_20260726_142402
gesture_all3_v1,C:\Users\Prutha Pandit\cosmos_final_project\data\raw\session_20260726_142402,shanmu,Anti-clockwise,16,502264.937000,502267.015000,2.078000,45,21.66,20,9.62,10,4.81,C:\Users\Prutha Pandit\cosmos_final_project\datasets\gesture_all3_v1\trials\shanmu_Anti-clockwise_016.npz,C:\Users\Prutha Pandit\cosmos_final_project\data\raw\session_20260726_142402
gesture_all3_v1,C:\Users\Prutha Pandit\cosmos_final_project\data\raw\session_20260726_142402,shanmu,Anti-clockwise,17,502270.015000,502272.109000,2.094000,45,21.49,21,10.03,11,5.25,C:\Users\Prutha Pandit\cosmos_final_project\datasets\gesture_all3_v1\trials\shanmu_Anti-clockwise_017.npz,C:\Users\Prutha Pandit\cosmos_final_project\data\raw\session_20260726_142402
gesture_all3_v1,C:\Users\Prutha Pandit\cosmos_final_project\data\raw\session_20260726_142402,shanmu,Anti-clockwise,18,502282.546000,502284.656000,2.110000,45,21.33,20,9.48,10,4.74,C:\Users\Prutha Pandit\cosmos_final_project\datasets\gesture_all3_v1\trials\shanmu_Anti-clockwise_018.npz,C:\Users\Prutha Pandit\cosmos_final_project\data\raw\session_20260726_142402
gesture_all3_v1,C:\Users\Prutha Pandit\cosmos_final_project\data\raw\session_20260726_142402,shanmu,Anti-clockwise,19,502287.265000,502289.359000,2.094000,44,21.01,21,10.03,11,5.25,C:\Users\Prutha Pandit\cosmos_final_project\datasets\gesture_all3_v1\trials\shanmu_Anti-clockwise_019.npz,C:\Users\Prutha Pandit\cosmos_final_project\data\raw\session_20260726_142402
gesture_all3_v1,C:\Users\Prutha Pandit\cosmos_final_project\data\raw\session_20260726_142402,shanmu,Anti-clockwise,20,502291.468000,502293.546000,2.078000,45,21.66,21,10.11,11,5.29,C:\Users\Prutha Pandit\cosmos_final_project\datasets\gesture_all3_v1\trials\shanmu_Anti-clockwise_020.npz,C:\Users\Prutha Pandit\cosmos_final_project\data\raw\session_20260726_142402
gesture_all3_v1,C:\Users\Prutha Pandit\cosmos_final_project\data\raw\session_20260726_142402,shanmu,Right,21,502309.453000,502311.531000,2.078000,44,21.17,20,9.62,11,5.29,C:\Users\Prutha Pandit\cosmos_final_project\datasets\gesture_all3_v1\trials\shanmu_Right_021.npz,C:\Users\Prutha Pandit\cosmos_final_project\data\raw\session_20260726_142402
gesture_all3_v1,C:\Users\Prutha Pandit\cosmos_final_project\data\raw\session_20260726_142402,shanmu,Right,22,502314.765000,502316.812000,2.047000,43,21.01,20,9.77,10,4.89,C:\Users\Prutha Pandit\cosmos_final_project\datasets\gesture_all3_v1\trials\shanmu_Right_022.npz,C:\Users\Prutha Pandit\cosmos_final_project\data\raw\session_20260726_142402
gesture_all3_v1,C:\Users\Prutha Pandit\cosmos_final_project\data\raw\session_20260726_142402,shanmu,Right,23,502319.828000,502321.921000,2.093000,45,21.50,21,10.03,11,5.26,C:\Users\Prutha Pandit\cosmos_final_project\datasets\gesture_all3_v1\trials\shanmu_Right_023.npz,C:\Users\Prutha Pandit\cosmos_final_project\data\raw\session_20260726_142402
gesture_all3_v1,C:\Users\Prutha Pandit\cosmos_final_project\data\raw\session_20260726_142402,shanmu,Right,24,502324.640000,502326.687000,2.047000,44,21.49,21,10.26,11,5.37,C:\Users\Prutha Pandit\cosmos_final_project\datasets\gesture_all3_v1\trials\shanmu_Right_024.npz,C:\Users\Prutha Pandit\cosmos_final_project\data\raw\session_20260726_142402
gesture_all3_v1,C:\Users\Prutha Pandit\cosmos_final_project\data\raw\session_20260726_142402,shanmu,Right,25,502329.218000,502331.296000,2.078000,44,21.17,21,10.11,11,5.29,C:\Users\Prutha Pandit\cosmos_final_project\datasets\gesture_all3_v1\trials\shanmu_Right_025.npz,C:\Users\Prutha Pandit\cosmos_final_project\data\raw\session_20260726_142402
gesture_all3_v1,C:\Users\Prutha Pandit\cosmos_final_project\data\raw\session_20260726_142402,shanmu,Right,26,502333.953000,502336.046000,2.093000,45,21.50,21,10.03,10,4.78,C:\Users\Prutha Pandit\cosmos_final_project\datasets\gesture_all3_v1\trials\shanmu_Right_026.npz,C:\Users\Prutha Pandit\cosmos_final_project\data\raw\session_20260726_142402
gesture_all3_v1,C:\Users\Prutha Pandit\cosmos_final_project\data\raw\session_20260726_142402,shanmu,Right,27,502338.687000,502340.765000,2.078000,44,21.17,21,10.11,10,4.81,C:\Users\Prutha Pandit\cosmos_final_project\datasets\gesture_all3_v1\trials\shanmu_Right_027.npz,C:\Users\Prutha Pandit\cosmos_final_project\data\raw\session_20260726_142402
gesture_all3_v1,C:\Users\Prutha Pandit\cosmos_final_project\data\raw\session_20260726_142402,shanmu,Right,28,502343.359000,502345.421000,2.062000,43,20.85,20,9.70,10,4.85,C:\Users\Prutha Pandit\cosmos_final_project\datasets\gesture_all3_v1\trials\shanmu_Right_028.npz,C:\Users\Prutha Pandit\cosmos_final_project\data\raw\session_20260726_142402
gesture_all3_v1,C:\Users\Prutha Pandit\cosmos_final_project\data\raw\session_20260726_142402,shanmu,Right,29,502348.250000,502350.312000,2.062000,44,21.34,20,9.70,11,5.33,C:\Users\Prutha Pandit\cosmos_final_project\datasets\gesture_all3_v1\trials\shanmu_Right_029.npz,C:\Users\Prutha Pandit\cosmos_final_project\data\raw\session_20260726_142402
gesture_all3_v1,C:\Users\Prutha Pandit\cosmos_final_project\data\raw\session_20260726_142402,shanmu,Right,30,502353.109000,502355.187000,2.078000,45,21.66,21,10.11,10,4.81,C:\Users\Prutha Pandit\cosmos_final_project\datasets\gesture_all3_v1\trials\shanmu_Right_030.npz,C:\Users\Prutha Pandit\cosmos_final_project\data\raw\session_20260726_142402
gesture_all3_v1,C:\Users\Prutha Pandit\cosmos_final_project\data\raw\session_20260726_142402,shanmu,Left,31,502363.781000,502365.875000,2.094000,44,21.01,21,10.03,11,5.25,C:\Users\Prutha Pandit\cosmos_final_project\datasets\gesture_all3_v1\trials\shanmu_Left_031.npz,C:\Users\Prutha Pandit\cosmos_final_project\data\raw\session_20260726_142402
gesture_all3_v1,C:\Users\Prutha Pandit\cosmos_final_project\data\raw\session_20260726_142402,shanmu,Left,32,502368.468000,502370.531000,2.063000,43,20.84,20,9.69,11,5.33,C:\Users\Prutha Pandit\cosmos_final_project\datasets\gesture_all3_v1\trials\shanmu_Left_032.npz,C:\Users\Prutha Pandit\cosmos_final_project\data\raw\session_20260726_142402
gesture_all3_v1,C:\Users\Prutha Pandit\cosmos_final_project\data\raw\session_20260726_142402,shanmu,Left,33,502373.187000,502375.250000,2.063000,45,21.81,21,10.18,10,4.85,C:\Users\Prutha Pandit\cosmos_final_project\datasets\gesture_all3_v1\trials\shanmu_Left_033.npz,C:\Users\Prutha Pandit\cosmos_final_project\data\raw\session_20260726_142402
gesture_all3_v1,C:\Users\Prutha Pandit\cosmos_final_project\data\raw\session_20260726_142402,shanmu,Left,34,502377.765000,502379.828000,2.063000,44,21.33,20,9.69,10,4.85,C:\Users\Prutha Pandit\cosmos_final_project\datasets\gesture_all3_v1\trials\shanmu_Left_034.npz,C:\Users\Prutha Pandit\cosmos_final_project\data\raw\session_20260726_142402
gesture_all3_v1,C:\Users\Prutha Pandit\cosmos_final_project\data\raw\session_20260726_142402,shanmu,Left,35,502382.437000,502384.515000,2.078000,44,21.17,21,10.11,11,5.29,C:\Users\Prutha Pandit\cosmos_final_project\datasets\gesture_all3_v1\trials\shanmu_Left_035.npz,C:\Users\Prutha Pandit\cosmos_final_project\data\raw\session_20260726_142402
gesture_all3_v1,C:\Users\Prutha Pandit\cosmos_final_project\data\raw\session_20260726_142402,shanmu,Left,36,502387.234000,502389.296000,2.062000,44,21.34,21,10.18,11,5.33,C:\Users\Prutha Pandit\cosmos_final_project\datasets\gesture_all3_v1\trials\shanmu_Left_036.npz,C:\Users\Prutha Pandit\cosmos_final_project\data\raw\session_20260726_142402
gesture_all3_v1,C:\Users\Prutha Pandit\cosmos_final_project\data\raw\session_20260726_142402,shanmu,Left,37,502392.000000,502394.062000,2.062000,43,20.85,21,10.18,10,4.85,C:\Users\Prutha Pandit\cosmos_final_project\datasets\gesture_all3_v1\trials\shanmu_Left_037.npz,C:\Users\Prutha Pandit\cosmos_final_project\data\raw\session_20260726_142402
gesture_all3_v1,C:\Users\Prutha Pandit\cosmos_final_project\data\raw\session_20260726_142402,shanmu,Left,38,502396.625000,502398.656000,2.031000,43,21.17,21,10.34,10,4.92,C:\Users\Prutha Pandit\cosmos_final_project\datasets\gesture_all3_v1\trials\shanmu_Left_038.npz,C:\Users\Prutha Pandit\cosmos_final_project\data\raw\session_20260726_142402
gesture_all3_v1,C:\Users\Prutha Pandit\cosmos_final_project\data\raw\session_20260726_142402,shanmu,Left,39,502401.265000,502403.343000,2.078000,44,21.17,21,10.11,11,5.29,C:\Users\Prutha Pandit\cosmos_final_project\datasets\gesture_all3_v1\trials\shanmu_Left_039.npz,C:\Users\Prutha Pandit\cosmos_final_project\data\raw\session_20260726_142402
gesture_all3_v1,C:\Users\Prutha Pandit\cosmos_final_project\data\raw\session_20260726_142402,shanmu,Left,40,502406.968000,502409.046000,2.078000,44,21.17,21,10.11,10,4.81,C:\Users\Prutha Pandit\cosmos_final_project\datasets\gesture_all3_v1\trials\shanmu_Left_040.npz,C:\Users\Prutha Pandit\cosmos_final_project\data\raw\session_20260726_142402
gesture_all3_v1,C:\Users\Prutha Pandit\cosmos_final_project\data\raw\session_20260726_142402,shanmu,Bye-Bye,41,502414.937000,502417.000000,2.063000,44,21.33,21,10.18,10,4.85,C:\Users\Prutha Pandit\cosmos_final_project\datasets\gesture_all3_v1\trials\shanmu_Bye-Bye_041.npz,C:\Users\Prutha Pandit\cosmos_final_project\data\raw\session_20260726_142402
gesture_all3_v1,C:\Users\Prutha Pandit\cosmos_final_project\data\raw\session_20260726_142402,shanmu,Bye-Bye,42,502423.484000,502425.531000,2.047000,43,21.01,20,9.77,10,4.89,C:\Users\Prutha Pandit\cosmos_final_project\datasets\gesture_all3_v1\trials\shanmu_Bye-Bye_042.npz,C:\Users\Prutha Pandit\cosmos_final_project\data\raw\session_20260726_142402
gesture_all3_v1,C:\Users\Prutha Pandit\cosmos_final_project\data\raw\session_20260726_142402,shanmu,Bye-Bye,43,502428.375000,502430.453000,2.078000,44,21.17,20,9.62,10,4.81,C:\Users\Prutha Pandit\cosmos_final_project\datasets\gesture_all3_v1\trials\shanmu_Bye-Bye_043.npz,C:\Users\Prutha Pandit\cosmos_final_project\data\raw\session_20260726_142402
gesture_all3_v1,C:\Users\Prutha Pandit\cosmos_final_project\data\raw\session_20260726_142402,shanmu,Bye-Bye,44,502432.453000,502434.453000,2.000000,41,20.50,19,9.50,10,5.00,C:\Users\Prutha Pandit\cosmos_final_project\datasets\gesture_all3_v1\trials\shanmu_Bye-Bye_044.npz,C:\Users\Prutha Pandit\cosmos_final_project\data\raw\session_20260726_142402
gesture_all3_v1,C:\Users\Prutha Pandit\cosmos_final_project\data\raw\session_20260726_142402,shanmu,Bye-Bye,45,502437.875000,502439.937000,2.062000,44,21.34,21,10.18,11,5.33,C:\Users\Prutha Pandit\cosmos_final_project\datasets\gesture_all3_v1\trials\shanmu_Bye-Bye_045.npz,C:\Users\Prutha Pandit\cosmos_final_project\data\raw\session_20260726_142402
gesture_all3_v1,C:\Users\Prutha Pandit\cosmos_final_project\data\raw\session_20260726_142402,shanmu,Bye-Bye,46,502442.125000,502444.218000,2.093000,45,21.50,21,10.03,10,4.78,C:\Users\Prutha Pandit\cosmos_final_project\datasets\gesture_all3_v1\trials\shanmu_Bye-Bye_046.npz,C:\Users\Prutha Pandit\cosmos_final_project\data\raw\session_20260726_142402
gesture_all3_v1,C:\Users\Prutha Pandit\cosmos_final_project\data\raw\session_20260726_142402,shanmu,Bye-Bye,47,502445.687000,502447.734000,2.047000,43,21.01,20,9.77,10,4.89,C:\Users\Prutha Pandit\cosmos_final_project\datasets\gesture_all3_v1\trials\shanmu_Bye-Bye_047.npz,C:\Users\Prutha Pandit\cosmos_final_project\data\raw\session_20260726_142402
gesture_all3_v1,C:\Users\Prutha Pandit\cosmos_final_project\data\raw\session_20260726_142402,shanmu,Bye-Bye,48,502449.281000,502451.375000,2.094000,44,21.01,21,10.03,10,4.78,C:\Users\Prutha Pandit\cosmos_final_project\datasets\gesture_all3_v1\trials\shanmu_Bye-Bye_048.npz,C:\Users\Prutha Pandit\cosmos_final_project\data\raw\session_20260726_142402
gesture_all3_v1,C:\Users\Prutha Pandit\cosmos_final_project\data\raw\session_20260726_142402,shanmu,Bye-Bye,49,502452.984000,502455.078000,2.094000,45,21.49,21,10.03,11,5.25,C:\Users\Prutha Pandit\cosmos_final_project\datasets\gesture_all3_v1\trials\shanmu_Bye-Bye_049.npz,C:\Users\Prutha Pandit\cosmos_final_project\data\raw\session_20260726_142402
gesture_all3_v1,C:\Users\Prutha Pandit\cosmos_final_project\data\raw\session_20260726_142402,shanmu,Bye-Bye,50,502456.296000,502458.390000,2.094000,45,21.49,21,10.03,10,4.78,C:\Users\Prutha Pandit\cosmos_final_project\datasets\gesture_all3_v1\trials\shanmu_Bye-Bye_050.npz,C:\Users\Prutha Pandit\cosmos_final_project\data\raw\session_20260726_142402
gesture_all3_v1,C:\Users\Prutha Pandit\cosmos_final_project\data\raw\session_20260726_142402,shanmu,One-Arm Boxing,51,502475.906000,502477.968000,2.062000,44,21.34,21,10.18,10,4.85,C:\Users\Prutha Pandit\cosmos_final_project\datasets\gesture_all3_v1\trials\shanmu_One-Arm_Boxing_051.npz,C:\Users\Prutha Pandit\cosmos_final_project\data\raw\session_20260726_142402
gesture_all3_v1,C:\Users\Prutha Pandit\cosmos_final_project\data\raw\session_20260726_142402,shanmu,One-Arm Boxing,52,502604.828000,502606.906000,2.078000,43,20.69,21,10.11,11,5.29,C:\Users\Prutha Pandit\cosmos_final_project\datasets\gesture_all3_v1\trials\shanmu_One-Arm_Boxing_052.npz,C:\Users\Prutha Pandit\cosmos_final_project\data\raw\session_20260726_142402
gesture_all3_v1,C:\Users\Prutha Pandit\cosmos_final_project\data\raw\session_20260726_142402,shanmu,One-Arm Boxing,53,502621.593000,502623.671000,2.078000,44,21.17,21,10.11,11,5.29,C:\Users\Prutha Pandit\cosmos_final_project\datasets\gesture_all3_v1\trials\shanmu_One-Arm_Boxing_053.npz,C:\Users\Prutha Pandit\cosmos_final_project\data\raw\session_20260726_142402
gesture_all3_v1,C:\Users\Prutha Pandit\cosmos_final_project\data\raw\session_20260726_142402,shanmu,One-Arm Boxing,54,502688.187000,502690.187000,2.000000,43,21.50,20,10.00,10,5.00,C:\Users\Prutha Pandit\cosmos_final_project\datasets\gesture_all3_v1\trials\shanmu_One-Arm_Boxing_054.npz,C:\Users\Prutha Pandit\cosmos_final_project\data\raw\session_20260726_142402
gesture_all3_v1,C:\Users\Prutha Pandit\cosmos_final_project\data\raw\session_20260726_142402,shanmu,One-Arm Boxing,55,502692.203000,502694.203000,2.000000,42,21.00,20,10.00,10,5.00,C:\Users\Prutha Pandit\cosmos_final_project\datasets\gesture_all3_v1\trials\shanmu_One-Arm_Boxing_055.npz,C:\Users\Prutha Pandit\cosmos_final_project\data\raw\session_20260726_142402
gesture_all3_v1,C:\Users\Prutha Pandit\cosmos_final_project\data\raw\session_20260726_142402,shanmu,One-Arm Boxing,56,502696.015000,502698.062000,2.047000,44,21.49,21,10.26,10,4.89,C:\Users\Prutha Pandit\cosmos_final_project\datasets\gesture_all3_v1\trials\shanmu_One-Arm_Boxing_056.npz,C:\Users\Prutha Pandit\cosmos_final_project\data\raw\session_20260726_142402
gesture_all3_v1,C:\Users\Prutha Pandit\cosmos_final_project\data\raw\session_20260726_142402,shanmu,One-Arm Boxing,57,502699.531000,502701.578000,2.047000,44,21.49,21,10.26,10,4.89,C:\Users\Prutha Pandit\cosmos_final_project\datasets\gesture_all3_v1\trials\shanmu_One-Arm_Boxing_057.npz,C:\Users\Prutha Pandit\cosmos_final_project\data\raw\session_20260726_142402
gesture_all3_v1,C:\Users\Prutha Pandit\cosmos_final_project\data\raw\session_20260726_142402,shanmu,One-Arm Boxing,58,503032.000000,503034.062000,2.062000,43,20.85,21,10.18,10,4.85,C:\Users\Prutha Pandit\cosmos_final_project\datasets\gesture_all3_v1\trials\shanmu_One-Arm_Boxing_058.npz,C:\Users\Prutha Pandit\cosmos_final_project\data\raw\session_20260726_142402
gesture_all3_v1,C:\Users\Prutha Pandit\cosmos_final_project\data\raw\session_20260726_142402,shanmu,One-Arm Boxing,59,503039.531000,503041.609000,2.078000,44,21.17,21,10.11,10,4.81,C:\Users\Prutha Pandit\cosmos_final_project\datasets\gesture_all3_v1\trials\shanmu_One-Arm_Boxing_059.npz,C:\Users\Prutha Pandit\cosmos_final_project\data\raw\session_20260726_142402
gesture_all3_v1,C:\Users\Prutha Pandit\cosmos_final_project\data\raw\session_20260726_142402,shanmu,One-Arm Boxing,60,503045.437000,503047.515000,2.078000,44,21.17,21,10.11,11,5.29,C:\Users\Prutha Pandit\cosmos_final_project\datasets\gesture_all3_v1\trials\shanmu_One-Arm_Boxing_060.npz,C:\Users\Prutha Pandit\cosmos_final_project\data\raw\session_20260726_142402
gesture_all3_v1,C:\Users\Prutha Pandit\cosmos_final_project\data\raw\session_20260726_142402,shanmu,Clapping,61,503056.546000,503058.609000,2.063000,44,21.33,21,10.18,10,4.85,C:\Users\Prutha Pandit\cosmos_final_project\datasets\gesture_all3_v1\trials\shanmu_Clapping_061.npz,C:\Users\Prutha Pandit\cosmos_final_project\data\raw\session_20260726_142402
gesture_all3_v1,C:\Users\Prutha Pandit\cosmos_final_project\data\raw\session_20260726_142402,shanmu,Clapping,62,503060.390000,503062.468000,2.078000,43,20.69,21,10.11,11,5.29,C:\Users\Prutha Pandit\cosmos_final_project\datasets\gesture_all3_v1\trials\shanmu_Clapping_062.npz,C:\Users\Prutha Pandit\cosmos_final_project\data\raw\session_20260726_142402
gesture_all3_v1,C:\Users\Prutha Pandit\cosmos_final_project\data\raw\session_20260726_142402,shanmu,Clapping,63,503064.171000,503066.234000,2.063000,43,20.84,20,9.69,10,4.85,C:\Users\Prutha Pandit\cosmos_final_project\datasets\gesture_all3_v1\trials\shanmu_Clapping_063.npz,C:\Users\Prutha Pandit\cosmos_final_project\data\raw\session_20260726_142402
gesture_all3_v1,C:\Users\Prutha Pandit\cosmos_final_project\data\raw\session_20260726_142402,shanmu,Clapping,64,503067.828000,503069.890000,2.062000,44,21.34,21,10.18,11,5.33,C:\Users\Prutha Pandit\cosmos_final_project\datasets\gesture_all3_v1\trials\shanmu_Clapping_064.npz,C:\Users\Prutha Pandit\cosmos_final_project\data\raw\session_20260726_142402
gesture_all3_v1,C:\Users\Prutha Pandit\cosmos_final_project\data\raw\session_20260726_142402,shanmu,Clapping,65,503071.500000,503073.562000,2.062000,44,21.34,21,10.18,10,4.85,C:\Users\Prutha Pandit\cosmos_final_project\datasets\gesture_all3_v1\trials\shanmu_Clapping_065.npz,C:\Users\Prutha Pandit\cosmos_final_project\data\raw\session_20260726_142402
gesture_all3_v1,C:\Users\Prutha Pandit\cosmos_final_project\data\raw\session_20260726_142402,shanmu,Clapping,66,503074.953000,503076.984000,2.031000,42,20.68,20,9.85,10,4.92,C:\Users\Prutha Pandit\cosmos_final_project\datasets\gesture_all3_v1\trials\shanmu_Clapping_066.npz,C:\Users\Prutha Pandit\cosmos_final_project\data\raw\session_20260726_142402
gesture_all3_v1,C:\Users\Prutha Pandit\cosmos_final_project\data\raw\session_20260726_142402,shanmu,Clapping,67,503078.609000,503080.671000,2.062000,43,20.85,21,10.18,11,5.33,C:\Users\Prutha Pandit\cosmos_final_project\datasets\gesture_all3_v1\trials\shanmu_Clapping_067.npz,C:\Users\Prutha Pandit\cosmos_final_project\data\raw\session_20260726_142402
gesture_all3_v1,C:\Users\Prutha Pandit\cosmos_final_project\data\raw\session_20260726_142402,shanmu,Clapping,68,503082.328000,503084.328000,2.000000,42,21.00,20,10.00,10,5.00,C:\Users\Prutha Pandit\cosmos_final_project\datasets\gesture_all3_v1\trials\shanmu_Clapping_068.npz,C:\Users\Prutha Pandit\cosmos_final_project\data\raw\session_20260726_142402
gesture_all3_v1,C:\Users\Prutha Pandit\cosmos_final_project\data\raw\session_20260726_142402,shanmu,Clapping,69,503086.218000,503088.312000,2.094000,44,21.01,21,10.03,11,5.25,C:\Users\Prutha Pandit\cosmos_final_project\datasets\gesture_all3_v1\trials\shanmu_Clapping_069.npz,C:\Users\Prutha Pandit\cosmos_final_project\data\raw\session_20260726_142402
gesture_all3_v1,C:\Users\Prutha Pandit\cosmos_final_project\data\raw\session_20260726_142402,shanmu,Clapping,70,503090.593000,503092.656000,2.063000,44,21.33,21,10.18,10,4.85,C:\Users\Prutha Pandit\cosmos_final_project\datasets\gesture_all3_v1\trials\shanmu_Clapping_070.npz,C:\Users\Prutha Pandit\cosmos_final_project\data\raw\session_20260726_142402
gesture_all3_v1,C:\Users\Prutha Pandit\cosmos_final_project\data\raw\session_20260726_142402,shanmu,Two-Arm Boxing,71,503135.671000,503137.718000,2.047000,43,21.01,20,9.77,11,5.37,C:\Users\Prutha Pandit\cosmos_final_project\datasets\gesture_all3_v1\trials\shanmu_Two-Arm_Boxing_071.npz,C:\Users\Prutha Pandit\cosmos_final_project\data\raw\session_20260726_142402
gesture_all3_v1,C:\Users\Prutha Pandit\cosmos_final_project\data\raw\session_20260726_142402,shanmu,Two-Arm Boxing,72,503140.109000,503142.218000,2.109000,45,21.34,21,9.96,10,4.74,C:\Users\Prutha Pandit\cosmos_final_project\datasets\gesture_all3_v1\trials\shanmu_Two-Arm_Boxing_072.npz,C:\Users\Prutha Pandit\cosmos_final_project\data\raw\session_20260726_142402
gesture_all3_v1,C:\Users\Prutha Pandit\cosmos_final_project\data\raw\session_20260726_142402,shanmu,Two-Arm Boxing,73,503144.000000,503146.000000,2.000000,42,21.00,20,10.00,10,5.00,C:\Users\Prutha Pandit\cosmos_final_project\datasets\gesture_all3_v1\trials\shanmu_Two-Arm_Boxing_073.npz,C:\Users\Prutha Pandit\cosmos_final_project\data\raw\session_20260726_142402
gesture_all3_v1,C:\Users\Prutha Pandit\cosmos_final_project\data\raw\session_20260726_142402,shanmu,Two-Arm Boxing,74,503147.515000,503149.609000,2.094000,44,21.01,21,10.03,10,4.78,C:\Users\Prutha Pandit\cosmos_final_project\datasets\gesture_all3_v1\trials\shanmu_Two-Arm_Boxing_074.npz,C:\Users\Prutha Pandit\cosmos_final_project\data\raw\session_20260726_142402
gesture_all3_v1,C:\Users\Prutha Pandit\cosmos_final_project\data\raw\session_20260726_142402,shanmu,Two-Arm Boxing,75,503150.953000,503153.015000,2.062000,43,20.85,20,9.70,10,4.85,C:\Users\Prutha Pandit\cosmos_final_project\datasets\gesture_all3_v1\trials\shanmu_Two-Arm_Boxing_075.npz,C:\Users\Prutha Pandit\cosmos_final_project\data\raw\session_20260726_142402
gesture_all3_v1,C:\Users\Prutha Pandit\cosmos_final_project\data\raw\session_20260726_142402,shanmu,Two-Arm Boxing,76,503154.421000,503156.468000,2.047000,44,21.49,21,10.26,11,5.37,C:\Users\Prutha Pandit\cosmos_final_project\datasets\gesture_all3_v1\trials\shanmu_Two-Arm_Boxing_076.npz,C:\Users\Prutha Pandit\cosmos_final_project\data\raw\session_20260726_142402
gesture_all3_v1,C:\Users\Prutha Pandit\cosmos_final_project\data\raw\session_20260726_142402,shanmu,Two-Arm Boxing,77,503157.671000,503159.671000,2.000000,42,21.00,20,10.00,10,5.00,C:\Users\Prutha Pandit\cosmos_final_project\datasets\gesture_all3_v1\trials\shanmu_Two-Arm_Boxing_077.npz,C:\Users\Prutha Pandit\cosmos_final_project\data\raw\session_20260726_142402
gesture_all3_v1,C:\Users\Prutha Pandit\cosmos_final_project\data\raw\session_20260726_142402,shanmu,Two-Arm Boxing,78,503161.109000,503163.125000,2.016000,43,21.33,20,9.92,10,4.96,C:\Users\Prutha Pandit\cosmos_final_project\datasets\gesture_all3_v1\trials\shanmu_Two-Arm_Boxing_078.npz,C:\Users\Prutha Pandit\cosmos_final_project\data\raw\session_20260726_142402
gesture_all3_v1,C:\Users\Prutha Pandit\cosmos_final_project\data\raw\session_20260726_142402,shanmu,Two-Arm Boxing,79,503164.781000,503166.828000,2.047000,44,21.49,20,9.77,10,4.89,C:\Users\Prutha Pandit\cosmos_final_project\datasets\gesture_all3_v1\trials\shanmu_Two-Arm_Boxing_079.npz,C:\Users\Prutha Pandit\cosmos_final_project\data\raw\session_20260726_142402
gesture_all3_v1,C:\Users\Prutha Pandit\cosmos_final_project\data\raw\session_20260726_142402,shanmu,Two-Arm Boxing,80,503168.359000,503170.421000,2.062000,44,21.34,20,9.70,10,4.85,C:\Users\Prutha Pandit\cosmos_final_project\datasets\gesture_all3_v1\trials\shanmu_Two-Arm_Boxing_080.npz,C:\Users\Prutha Pandit\cosmos_final_project\data\raw\session_20260726_142402
gesture_all3_v1,C:\Users\Prutha Pandit\cosmos_final_project\data\raw\session_20260726_142402,shanmu,T-Arm,81,503257.953000,503260.015000,2.062000,44,21.34,21,10.18,10,4.85,C:\Users\Prutha Pandit\cosmos_final_project\datasets\gesture_all3_v1\trials\shanmu_T-Arm_081.npz,C:\Users\Prutha Pandit\cosmos_final_project\data\raw\session_20260726_142402
gesture_all3_v1,C:\Users\Prutha Pandit\cosmos_final_project\data\raw\session_20260726_142402,shanmu,T-Arm,82,503262.781000,503264.828000,2.047000,43,21.01,20,9.77,10,4.89,C:\Users\Prutha Pandit\cosmos_final_project\datasets\gesture_all3_v1\trials\shanmu_T-Arm_082.npz,C:\Users\Prutha Pandit\cosmos_final_project\data\raw\session_20260726_142402
gesture_all3_v1,C:\Users\Prutha Pandit\cosmos_final_project\data\raw\session_20260726_142402,shanmu,T-Arm,83,503267.375000,503269.437000,2.062000,44,21.34,20,9.70,10,4.85,C:\Users\Prutha Pandit\cosmos_final_project\datasets\gesture_all3_v1\trials\shanmu_T-Arm_083.npz,C:\Users\Prutha Pandit\cosmos_final_project\data\raw\session_20260726_142402
gesture_all3_v1,C:\Users\Prutha Pandit\cosmos_final_project\data\raw\session_20260726_142402,shanmu,T-Arm,84,503271.781000,503273.875000,2.094000,44,21.01,20,9.55,11,5.25,C:\Users\Prutha Pandit\cosmos_final_project\datasets\gesture_all3_v1\trials\shanmu_T-Arm_084.npz,C:\Users\Prutha Pandit\cosmos_final_project\data\raw\session_20260726_142402
gesture_all3_v1,C:\Users\Prutha Pandit\cosmos_final_project\data\raw\session_20260726_142402,shanmu,T-Arm,85,503276.093000,503278.125000,2.032000,42,20.67,20,9.84,10,4.92,C:\Users\Prutha Pandit\cosmos_final_project\datasets\gesture_all3_v1\trials\shanmu_T-Arm_085.npz,C:\Users\Prutha Pandit\cosmos_final_project\data\raw\session_20260726_142402
gesture_all3_v1,C:\Users\Prutha Pandit\cosmos_final_project\data\raw\session_20260726_142402,shanmu,T-Arm,86,503280.453000,503282.531000,2.078000,45,21.66,20,9.62,11,5.29,C:\Users\Prutha Pandit\cosmos_final_project\datasets\gesture_all3_v1\trials\shanmu_T-Arm_086.npz,C:\Users\Prutha Pandit\cosmos_final_project\data\raw\session_20260726_142402
gesture_all3_v1,C:\Users\Prutha Pandit\cosmos_final_project\data\raw\session_20260726_142402,shanmu,T-Arm,87,503284.968000,503287.062000,2.094000,45,21.49,21,10.03,11,5.25,C:\Users\Prutha Pandit\cosmos_final_project\datasets\gesture_all3_v1\trials\shanmu_T-Arm_087.npz,C:\Users\Prutha Pandit\cosmos_final_project\data\raw\session_20260726_142402
gesture_all3_v1,C:\Users\Prutha Pandit\cosmos_final_project\data\raw\session_20260726_142402,shanmu,T-Arm,88,503289.531000,503291.625000,2.094000,44,21.01,21,10.03,10,4.78,C:\Users\Prutha Pandit\cosmos_final_project\datasets\gesture_all3_v1\trials\shanmu_T-Arm_088.npz,C:\Users\Prutha Pandit\cosmos_final_project\data\raw\session_20260726_142402
gesture_all3_v1,C:\Users\Prutha Pandit\cosmos_final_project\data\raw\session_20260726_142402,shanmu,T-Arm,89,503294.093000,503296.187000,2.094000,45,21.49,21,10.03,10,4.78,C:\Users\Prutha Pandit\cosmos_final_project\datasets\gesture_all3_v1\trials\shanmu_T-Arm_089.npz,C:\Users\Prutha Pandit\cosmos_final_project\data\raw\session_20260726_142402
gesture_all3_v1,C:\Users\Prutha Pandit\cosmos_final_project\data\raw\session_20260726_142402,shanmu,T-Arm,90,503298.468000,503300.546000,2.078000,44,21.17,21,10.11,11,5.29,C:\Users\Prutha Pandit\cosmos_final_project\datasets\gesture_all3_v1\trials\shanmu_T-Arm_090.npz,C:\Users\Prutha Pandit\cosmos_final_project\data\raw\session_20260726_142402
gesture_all3_v1,C:\Users\Prutha Pandit\cosmos_final_project\data\raw\session_20260726_142402,shanmu,Raise Arms,91,503340.703000,503342.765000,2.062000,44,21.34,21,10.18,10,4.85,C:\Users\Prutha Pandit\cosmos_final_project\datasets\gesture_all3_v1\trials\shanmu_Raise_Arms_091.npz,C:\Users\Prutha Pandit\cosmos_final_project\data\raw\session_20260726_142402
gesture_all3_v1,C:\Users\Prutha Pandit\cosmos_final_project\data\raw\session_20260726_142402,shanmu,Raise Arms,92,503345.250000,503347.296000,2.046000,44,21.51,21,10.26,11,5.38,C:\Users\Prutha Pandit\cosmos_final_project\datasets\gesture_all3_v1\trials\shanmu_Raise_Arms_092.npz,C:\Users\Prutha Pandit\cosmos_final_project\data\raw\session_20260726_142402
gesture_all3_v1,C:\Users\Prutha Pandit\cosmos_final_project\data\raw\session_20260726_142402,shanmu,Raise Arms,93,503349.593000,503351.640000,2.047000,44,21.49,21,10.26,10,4.89,C:\Users\Prutha Pandit\cosmos_final_project\datasets\gesture_all3_v1\trials\shanmu_Raise_Arms_093.npz,C:\Users\Prutha Pandit\cosmos_final_project\data\raw\session_20260726_142402
gesture_all3_v1,C:\Users\Prutha Pandit\cosmos_final_project\data\raw\session_20260726_142402,shanmu,Raise Arms,94,503353.843000,503355.906000,2.063000,44,21.33,21,10.18,11,5.33,C:\Users\Prutha Pandit\cosmos_final_project\datasets\gesture_all3_v1\trials\shanmu_Raise_Arms_094.npz,C:\Users\Prutha Pandit\cosmos_final_project\data\raw\session_20260726_142402
gesture_all3_v1,C:\Users\Prutha Pandit\cosmos_final_project\data\raw\session_20260726_142402,shanmu,Raise Arms,95,503358.093000,503360.156000,2.063000,44,21.33,21,10.18,10,4.85,C:\Users\Prutha Pandit\cosmos_final_project\datasets\gesture_all3_v1\trials\shanmu_Raise_Arms_095.npz,C:\Users\Prutha Pandit\cosmos_final_project\data\raw\session_20260726_142402
gesture_all3_v1,C:\Users\Prutha Pandit\cosmos_final_project\data\raw\session_20260726_142402,shanmu,Raise Arms,96,503362.593000,503364.671000,2.078000,44,21.17,21,10.11,11,5.29,C:\Users\Prutha Pandit\cosmos_final_project\datasets\gesture_all3_v1\trials\shanmu_Raise_Arms_096.npz,C:\Users\Prutha Pandit\cosmos_final_project\data\raw\session_20260726_142402
gesture_all3_v1,C:\Users\Prutha Pandit\cosmos_final_project\data\raw\session_20260726_142402,shanmu,Raise Arms,97,503367.125000,503369.187000,2.062000,44,21.34,21,10.18,10,4.85,C:\Users\Prutha Pandit\cosmos_final_project\datasets\gesture_all3_v1\trials\shanmu_Raise_Arms_097.npz,C:\Users\Prutha Pandit\cosmos_final_project\data\raw\session_20260726_142402
gesture_all3_v1,C:\Users\Prutha Pandit\cosmos_final_project\data\raw\session_20260726_142402,shanmu,Raise Arms,98,503371.515000,503373.515000,2.000000,43,21.50,20,10.00,10,5.00,C:\Users\Prutha Pandit\cosmos_final_project\datasets\gesture_all3_v1\trials\shanmu_Raise_Arms_098.npz,C:\Users\Prutha Pandit\cosmos_final_project\data\raw\session_20260726_142402
gesture_all3_v1,C:\Users\Prutha Pandit\cosmos_final_project\data\raw\session_20260726_142402,shanmu,Raise Arms,99,503375.906000,503377.937000,2.031000,43,21.17,20,9.85,10,4.92,C:\Users\Prutha Pandit\cosmos_final_project\datasets\gesture_all3_v1\trials\shanmu_Raise_Arms_099.npz,C:\Users\Prutha Pandit\cosmos_final_project\data\raw\session_20260726_142402
gesture_all3_v1,C:\Users\Prutha Pandit\cosmos_final_project\data\raw\session_20260726_142402,shanmu,Raise Arms,100,503380.281000,503382.343000,2.062000,44,21.34,21,10.18,10,4.85,C:\Users\Prutha Pandit\cosmos_final_project\datasets\gesture_all3_v1\trials\shanmu_Raise_Arms_100.npz,C:\Users\Prutha Pandit\cosmos_final_project\data\raw\session_20260726_142402
gesture_all3_v1,C:\Users\Prutha Pandit\cosmos_final_project\data\raw\session_20260726_142402,shanmu,Soli,101,503400.703000,503402.781000,2.078000,44,21.17,21,10.11,10,4.81,C:\Users\Prutha Pandit\cosmos_final_project\datasets\gesture_all3_v1\trials\shanmu_Soli_101.npz,C:\Users\Prutha Pandit\cosmos_final_project\data\raw\session_20260726_142402
gesture_all3_v1,C:\Users\Prutha Pandit\cosmos_final_project\data\raw\session_20260726_142402,shanmu,Soli,102,503405.187000,503407.281000,2.094000,44,21.01,21,10.03,11,5.25,C:\Users\Prutha Pandit\cosmos_final_project\datasets\gesture_all3_v1\trials\shanmu_Soli_102.npz,C:\Users\Prutha Pandit\cosmos_final_project\data\raw\session_20260726_142402
gesture_all3_v1,C:\Users\Prutha Pandit\cosmos_final_project\data\raw\session_20260726_142402,shanmu,Soli,103,503413.234000,503415.296000,2.062000,44,21.34,21,10.18,11,5.33,C:\Users\Prutha Pandit\cosmos_final_project\datasets\gesture_all3_v1\trials\shanmu_Soli_103.npz,C:\Users\Prutha Pandit\cosmos_final_project\data\raw\session_20260726_142402
gesture_all3_v1,C:\Users\Prutha Pandit\cosmos_final_project\data\raw\session_20260726_142402,shanmu,Soli,104,503417.218000,503419.312000,2.094000,44,21.01,21,10.03,11,5.25,C:\Users\Prutha Pandit\cosmos_final_project\datasets\gesture_all3_v1\trials\shanmu_Soli_104.npz,C:\Users\Prutha Pandit\cosmos_final_project\data\raw\session_20260726_142402
gesture_all3_v1,C:\Users\Prutha Pandit\cosmos_final_project\data\raw\session_20260726_142402,shanmu,Soli,105,503420.890000,503422.953000,2.063000,43,20.84,21,10.18,10,4.85,C:\Users\Prutha Pandit\cosmos_final_project\datasets\gesture_all3_v1\trials\shanmu_Soli_105.npz,C:\Users\Prutha Pandit\cosmos_final_project\data\raw\session_20260726_142402
gesture_all3_v1,C:\Users\Prutha Pandit\cosmos_final_project\data\raw\session_20260726_142402,shanmu,Soli,106,503424.625000,503426.687000,2.062000,44,21.34,21,10.18,11,5.33,C:\Users\Prutha Pandit\cosmos_final_project\datasets\gesture_all3_v1\trials\shanmu_Soli_106.npz,C:\Users\Prutha Pandit\cosmos_final_project\data\raw\session_20260726_142402
gesture_all3_v1,C:\Users\Prutha Pandit\cosmos_final_project\data\raw\session_20260726_142402,shanmu,Soli,107,503428.218000,503430.281000,2.063000,44,21.33,21,10.18,11,5.33,C:\Users\Prutha Pandit\cosmos_final_project\datasets\gesture_all3_v1\trials\shanmu_Soli_107.npz,C:\Users\Prutha Pandit\cosmos_final_project\data\raw\session_20260726_142402
gesture_all3_v1,C:\Users\Prutha Pandit\cosmos_final_project\data\raw\session_20260726_142402,shanmu,Soli,108,503431.953000,503434.015000,2.062000,44,21.34,21,10.18,10,4.85,C:\Users\Prutha Pandit\cosmos_final_project\datasets\gesture_all3_v1\trials\shanmu_Soli_108.npz,C:\Users\Prutha Pandit\cosmos_final_project\data\raw\session_20260726_142402
gesture_all3_v1,C:\Users\Prutha Pandit\cosmos_final_project\data\raw\session_20260726_142402,shanmu,Soli,109,503437.125000,503439.171000,2.046000,44,21.51,21,10.26,10,4.89,C:\Users\Prutha Pandit\cosmos_final_project\datasets\gesture_all3_v1\trials\shanmu_Soli_109.npz,C:\Users\Prutha Pandit\cosmos_final_project\data\raw\session_20260726_142402
gesture_all3_v1,C:\Users\Prutha Pandit\cosmos_final_project\data\raw\session_20260726_142402,shanmu,Soli,110,503440.828000,503442.906000,2.078000,44,21.17,21,10.11,11,5.29,C:\Users\Prutha Pandit\cosmos_final_project\datasets\gesture_all3_v1\trials\shanmu_Soli_110.npz,C:\Users\Prutha Pandit\cosmos_final_project\data\raw\session_20260726_142402
gesture_all3_v1,C:\Users\Prutha Pandit\cosmos_final_project\data\raw\session_20260726_142402,shanmu,Making Fist and Open,111,503464.250000,503466.343000,2.093000,45,21.50,20,9.56,11,5.26,C:\Users\Prutha Pandit\cosmos_final_project\datasets\gesture_all3_v1\trials\shanmu_Making_Fist_and_Open_111.npz,C:\Users\Prutha Pandit\cosmos_final_project\data\raw\session_20260726_142402
gesture_all3_v1,C:\Users\Prutha Pandit\cosmos_final_project\data\raw\session_20260726_142402,shanmu,Making Fist and Open,112,503470.562000,503472.640000,2.078000,43,20.69,20,9.62,10,4.81,C:\Users\Prutha Pandit\cosmos_final_project\datasets\gesture_all3_v1\trials\shanmu_Making_Fist_and_Open_112.npz,C:\Users\Prutha Pandit\cosmos_final_project\data\raw\session_20260726_142402
gesture_all3_v1,C:\Users\Prutha Pandit\cosmos_final_project\data\raw\session_20260726_142402,shanmu,Making Fist and Open,113,503474.531000,503476.593000,2.062000,44,21.34,21,10.18,10,4.85,C:\Users\Prutha Pandit\cosmos_final_project\datasets\gesture_all3_v1\trials\shanmu_Making_Fist_and_Open_113.npz,C:\Users\Prutha Pandit\cosmos_final_project\data\raw\session_20260726_142402
gesture_all3_v1,C:\Users\Prutha Pandit\cosmos_final_project\data\raw\session_20260726_142402,shanmu,Making Fist and Open,114,503478.203000,503480.281000,2.078000,45,21.66,21,10.11,11,5.29,C:\Users\Prutha Pandit\cosmos_final_project\datasets\gesture_all3_v1\trials\shanmu_Making_Fist_and_Open_114.npz,C:\Users\Prutha Pandit\cosmos_final_project\data\raw\session_20260726_142402
gesture_all3_v1,C:\Users\Prutha Pandit\cosmos_final_project\data\raw\session_20260726_142402,shanmu,Making Fist and Open,115,503482.281000,503484.359000,2.078000,43,20.69,21,10.11,10,4.81,C:\Users\Prutha Pandit\cosmos_final_project\datasets\gesture_all3_v1\trials\shanmu_Making_Fist_and_Open_115.npz,C:\Users\Prutha Pandit\cosmos_final_project\data\raw\session_20260726_142402
gesture_all3_v1,C:\Users\Prutha Pandit\cosmos_final_project\data\raw\session_20260726_142402,shanmu,Making Fist and Open,116,503486.687000,503488.765000,2.078000,44,21.17,20,9.62,10,4.81,C:\Users\Prutha Pandit\cosmos_final_project\datasets\gesture_all3_v1\trials\shanmu_Making_Fist_and_Open_116.npz,C:\Users\Prutha Pandit\cosmos_final_project\data\raw\session_20260726_142402
gesture_all3_v1,C:\Users\Prutha Pandit\cosmos_final_project\data\raw\session_20260726_142402,shanmu,Making Fist and Open,117,503490.312000,503492.375000,2.063000,43,20.84,21,10.18,10,4.85,C:\Users\Prutha Pandit\cosmos_final_project\datasets\gesture_all3_v1\trials\shanmu_Making_Fist_and_Open_117.npz,C:\Users\Prutha Pandit\cosmos_final_project\data\raw\session_20260726_142402
gesture_all3_v1,C:\Users\Prutha Pandit\cosmos_final_project\data\raw\session_20260726_142402,shanmu,Making Fist and Open,118,503494.171000,503496.250000,2.079000,44,21.16,21,10.10,10,4.81,C:\Users\Prutha Pandit\cosmos_final_project\datasets\gesture_all3_v1\trials\shanmu_Making_Fist_and_Open_118.npz,C:\Users\Prutha Pandit\cosmos_final_project\data\raw\session_20260726_142402
gesture_all3_v1,C:\Users\Prutha Pandit\cosmos_final_project\data\raw\session_20260726_142402,shanmu,Making Fist and Open,119,503499.984000,503502.062000,2.078000,43,20.69,21,10.11,11,5.29,C:\Users\Prutha Pandit\cosmos_final_project\datasets\gesture_all3_v1\trials\shanmu_Making_Fist_and_Open_119.npz,C:\Users\Prutha Pandit\cosmos_final_project\data\raw\session_20260726_142402
gesture_all3_v1,C:\Users\Prutha Pandit\cosmos_final_project\data\raw\session_20260726_142402,shanmu,Making Fist and Open,120,503505.468000,503507.500000,2.032000,43,21.16,20,9.84,10,4.92,C:\Users\Prutha Pandit\cosmos_final_project\datasets\gesture_all3_v1\trials\shanmu_Making_Fist_and_Open_120.npz,C:\Users\Prutha Pandit\cosmos_final_project\data\raw\session_20260726_142402
gesture_all3_v1,C:\Users\Prutha Pandit\cosmos_final_project\data\raw\session_20260726_142402,shanmu,Palm Up-Down,121,503556.046000,503558.078000,2.032000,43,21.16,21,10.33,11,5.41,C:\Users\Prutha Pandit\cosmos_final_project\datasets\gesture_all3_v1\trials\shanmu_Palm_Up-Down_121.npz,C:\Users\Prutha Pandit\cosmos_final_project\data\raw\session_20260726_142402
gesture_all3_v1,C:\Users\Prutha Pandit\cosmos_final_project\data\raw\session_20260726_142402,shanmu,Palm Up-Down,122,503571.843000,503573.921000,2.078000,45,21.66,21,10.11,11,5.29,C:\Users\Prutha Pandit\cosmos_final_project\datasets\gesture_all3_v1\trials\shanmu_Palm_Up-Down_122.npz,C:\Users\Prutha Pandit\cosmos_final_project\data\raw\session_20260726_142402
gesture_all3_v1,C:\Users\Prutha Pandit\cosmos_final_project\data\raw\session_20260726_142402,shanmu,Palm Up-Down,123,503585.046000,503587.125000,2.079000,44,21.16,21,10.10,11,5.29,C:\Users\Prutha Pandit\cosmos_final_project\datasets\gesture_all3_v1\trials\shanmu_Palm_Up-Down_123.npz,C:\Users\Prutha Pandit\cosmos_final_project\data\raw\session_20260726_142402
gesture_all3_v1,C:\Users\Prutha Pandit\cosmos_final_project\data\raw\session_20260726_142402,shanmu,Palm Up-Down,124,503590.750000,503592.812000,2.062000,43,20.85,21,10.18,10,4.85,C:\Users\Prutha Pandit\cosmos_final_project\datasets\gesture_all3_v1\trials\shanmu_Palm_Up-Down_124.npz,C:\Users\Prutha Pandit\cosmos_final_project\data\raw\session_20260726_142402
gesture_all3_v1,C:\Users\Prutha Pandit\cosmos_final_project\data\raw\session_20260726_142402,shanmu,Palm Up-Down,125,503598.500000,503600.531000,2.031000,43,21.17,20,9.85,10,4.92,C:\Users\Prutha Pandit\cosmos_final_project\datasets\gesture_all3_v1\trials\shanmu_Palm_Up-Down_125.npz,C:\Users\Prutha Pandit\cosmos_final_project\data\raw\session_20260726_142402
gesture_all3_v1,C:\Users\Prutha Pandit\cosmos_final_project\data\raw\session_20260726_142402,shanmu,Palm Up-Down,126,503605.406000,503607.453000,2.047000,43,21.01,21,10.26,10,4.89,C:\Users\Prutha Pandit\cosmos_final_project\datasets\gesture_all3_v1\trials\shanmu_Palm_Up-Down_126.npz,C:\Users\Prutha Pandit\cosmos_final_project\data\raw\session_20260726_142402
gesture_all3_v1,C:\Users\Prutha Pandit\cosmos_final_project\data\raw\session_20260726_142402,shanmu,Palm Up-Down,127,503610.015000,503612.093000,2.078000,45,21.66,21,10.11,11,5.29,C:\Users\Prutha Pandit\cosmos_final_project\datasets\gesture_all3_v1\trials\shanmu_Palm_Up-Down_127.npz,C:\Users\Prutha Pandit\cosmos_final_project\data\raw\session_20260726_142402
gesture_all3_v1,C:\Users\Prutha Pandit\cosmos_final_project\data\raw\session_20260726_142402,shanmu,Palm Up-Down,128,503614.703000,503616.796000,2.093000,45,21.50,21,10.03,10,4.78,C:\Users\Prutha Pandit\cosmos_final_project\datasets\gesture_all3_v1\trials\shanmu_Palm_Up-Down_128.npz,C:\Users\Prutha Pandit\cosmos_final_project\data\raw\session_20260726_142402
gesture_all3_v1,C:\Users\Prutha Pandit\cosmos_final_project\data\raw\session_20260726_142402,shanmu,Palm Up-Down,129,503619.750000,503621.828000,2.078000,45,21.66,21,10.11,10,4.81,C:\Users\Prutha Pandit\cosmos_final_project\datasets\gesture_all3_v1\trials\shanmu_Palm_Up-Down_129.npz,C:\Users\Prutha Pandit\cosmos_final_project\data\raw\session_20260726_142402
gesture_all3_v1,C:\Users\Prutha Pandit\cosmos_final_project\data\raw\session_20260726_142402,shanmu,Palm Up-Down,130,503625.921000,503627.921000,2.000000,42,21.00,20,10.00,10,5.00,C:\Users\Prutha Pandit\cosmos_final_project\datasets\gesture_all3_v1\trials\shanmu_Palm_Up-Down_130.npz,C:\Users\Prutha Pandit\cosmos_final_project\data\raw\session_20260726_142402
gesture_all3_v1,C:\Users\Prutha Pandit\cosmos_final_project\data\raw\session_20260726_145403,shanmu,Push,1,503885.421000,503887.453000,2.032000,43,21.16,21,10.33,10,4.92,C:\Users\Prutha Pandit\cosmos_final_project\datasets\gesture_all3_v1\trials\shanmu_Push_001.npz,C:\Users\Prutha Pandit\cosmos_final_project\data\raw\session_20260726_145403
gesture_all3_v1,C:\Users\Prutha Pandit\cosmos_final_project\data\raw\session_20260726_145403,shanmu,Push,2,503890.453000,503892.515000,2.062000,43,20.85,20,9.70,10,4.85,C:\Users\Prutha Pandit\cosmos_final_project\datasets\gesture_all3_v1\trials\shanmu_Push_002.npz,C:\Users\Prutha Pandit\cosmos_final_project\data\raw\session_20260726_145403
gesture_all3_v1,C:\Users\Prutha Pandit\cosmos_final_project\data\raw\session_20260726_145403,shanmu,Push,3,503896.468000,503898.562000,2.094000,45,21.49,21,10.03,10,4.78,C:\Users\Prutha Pandit\cosmos_final_project\datasets\gesture_all3_v1\trials\shanmu_Push_003.npz,C:\Users\Prutha Pandit\cosmos_final_project\data\raw\session_20260726_145403
gesture_all3_v1,C:\Users\Prutha Pandit\cosmos_final_project\data\raw\session_20260726_145403,shanmu,Push,4,503900.968000,503903.062000,2.094000,44,21.01,21,10.03,11,5.25,C:\Users\Prutha Pandit\cosmos_final_project\datasets\gesture_all3_v1\trials\shanmu_Push_004.npz,C:\Users\Prutha Pandit\cosmos_final_project\data\raw\session_20260726_145403
gesture_all3_v1,C:\Users\Prutha Pandit\cosmos_final_project\data\raw\session_20260726_145403,shanmu,Push,5,503905.250000,503907.343000,2.093000,45,21.50,21,10.03,10,4.78,C:\Users\Prutha Pandit\cosmos_final_project\datasets\gesture_all3_v1\trials\shanmu_Push_005.npz,C:\Users\Prutha Pandit\cosmos_final_project\data\raw\session_20260726_145403
gesture_all3_v1,C:\Users\Prutha Pandit\cosmos_final_project\data\raw\session_20260726_145403,shanmu,Push,6,503909.578000,503911.640000,2.062000,44,21.34,21,10.18,11,5.33,C:\Users\Prutha Pandit\cosmos_final_project\datasets\gesture_all3_v1\trials\shanmu_Push_006.npz,C:\Users\Prutha Pandit\cosmos_final_project\data\raw\session_20260726_145403
gesture_all3_v1,C:\Users\Prutha Pandit\cosmos_final_project\data\raw\session_20260726_145403,shanmu,Push,7,503913.984000,503916.031000,2.047000,44,21.49,21,10.26,11,5.37,C:\Users\Prutha Pandit\cosmos_final_project\datasets\gesture_all3_v1\trials\shanmu_Push_007.npz,C:\Users\Prutha Pandit\cosmos_final_project\data\raw\session_20260726_145403
gesture_all3_v1,C:\Users\Prutha Pandit\cosmos_final_project\data\raw\session_20260726_145403,shanmu,Push,8,503918.859000,503920.937000,2.078000,44,21.17,21,10.11,10,4.81,C:\Users\Prutha Pandit\cosmos_final_project\datasets\gesture_all3_v1\trials\shanmu_Push_008.npz,C:\Users\Prutha Pandit\cosmos_final_project\data\raw\session_20260726_145403
gesture_all3_v1,C:\Users\Prutha Pandit\cosmos_final_project\data\raw\session_20260726_145403,shanmu,Push,9,503923.406000,503925.468000,2.062000,44,21.34,21,10.18,11,5.33,C:\Users\Prutha Pandit\cosmos_final_project\datasets\gesture_all3_v1\trials\shanmu_Push_009.npz,C:\Users\Prutha Pandit\cosmos_final_project\data\raw\session_20260726_145403
gesture_all3_v1,C:\Users\Prutha Pandit\cosmos_final_project\data\raw\session_20260726_145403,shanmu,Push,10,503927.359000,503929.406000,2.047000,43,21.01,19,9.28,11,5.37,C:\Users\Prutha Pandit\cosmos_final_project\datasets\gesture_all3_v1\trials\shanmu_Push_010.npz,C:\Users\Prutha Pandit\cosmos_final_project\data\raw\session_20260726_145403
gesture_all3_v1,C:\Users\Prutha Pandit\cosmos_final_project\data\raw\session_20260726_145403,shanmu,Pull,11,503937.968000,503940.046000,2.078000,44,21.17,21,10.11,11,5.29,C:\Users\Prutha Pandit\cosmos_final_project\datasets\gesture_all3_v1\trials\shanmu_Pull_011.npz,C:\Users\Prutha Pandit\cosmos_final_project\data\raw\session_20260726_145403
gesture_all3_v1,C:\Users\Prutha Pandit\cosmos_final_project\data\raw\session_20260726_145403,shanmu,Pull,12,503942.328000,503944.359000,2.031000,44,21.66,21,10.34,10,4.92,C:\Users\Prutha Pandit\cosmos_final_project\datasets\gesture_all3_v1\trials\shanmu_Pull_012.npz,C:\Users\Prutha Pandit\cosmos_final_project\data\raw\session_20260726_145403
gesture_all3_v1,C:\Users\Prutha Pandit\cosmos_final_project\data\raw\session_20260726_145403,shanmu,Pull,13,503946.765000,503948.796000,2.031000,42,20.68,20,9.85,10,4.92,C:\Users\Prutha Pandit\cosmos_final_project\datasets\gesture_all3_v1\trials\shanmu_Pull_013.npz,C:\Users\Prutha Pandit\cosmos_final_project\data\raw\session_20260726_145403
gesture_all3_v1,C:\Users\Prutha Pandit\cosmos_final_project\data\raw\session_20260726_145403,shanmu,Pull,14,503951.406000,503953.421000,2.015000,43,21.34,19,9.43,11,5.46,C:\Users\Prutha Pandit\cosmos_final_project\datasets\gesture_all3_v1\trials\shanmu_Pull_014.npz,C:\Users\Prutha Pandit\cosmos_final_project\data\raw\session_20260726_145403
gesture_all3_v1,C:\Users\Prutha Pandit\cosmos_final_project\data\raw\session_20260726_145403,shanmu,Pull,15,503955.718000,503957.781000,2.063000,44,21.33,21,10.18,10,4.85,C:\Users\Prutha Pandit\cosmos_final_project\datasets\gesture_all3_v1\trials\shanmu_Pull_015.npz,C:\Users\Prutha Pandit\cosmos_final_project\data\raw\session_20260726_145403
gesture_all3_v1,C:\Users\Prutha Pandit\cosmos_final_project\data\raw\session_20260726_145403,shanmu,Pull,16,503960.234000,503962.312000,2.078000,44,21.17,20,9.62,10,4.81,C:\Users\Prutha Pandit\cosmos_final_project\datasets\gesture_all3_v1\trials\shanmu_Pull_016.npz,C:\Users\Prutha Pandit\cosmos_final_project\data\raw\session_20260726_145403
gesture_all3_v1,C:\Users\Prutha Pandit\cosmos_final_project\data\raw\session_20260726_145403,shanmu,Pull,17,503964.921000,503967.000000,2.079000,44,21.16,21,10.10,10,4.81,C:\Users\Prutha Pandit\cosmos_final_project\datasets\gesture_all3_v1\trials\shanmu_Pull_017.npz,C:\Users\Prutha Pandit\cosmos_final_project\data\raw\session_20260726_145403
gesture_all3_v1,C:\Users\Prutha Pandit\cosmos_final_project\data\raw\session_20260726_145403,shanmu,Pull,18,503969.625000,503971.625000,2.000000,43,21.50,21,10.50,10,5.00,C:\Users\Prutha Pandit\cosmos_final_project\datasets\gesture_all3_v1\trials\shanmu_Pull_018.npz,C:\Users\Prutha Pandit\cosmos_final_project\data\raw\session_20260726_145403
gesture_all3_v1,C:\Users\Prutha Pandit\cosmos_final_project\data\raw\session_20260726_145403,shanmu,Pull,19,503973.875000,503975.875000,2.000000,43,21.50,20,10.00,10,5.00,C:\Users\Prutha Pandit\cosmos_final_project\datasets\gesture_all3_v1\trials\shanmu_Pull_019.npz,C:\Users\Prutha Pandit\cosmos_final_project\data\raw\session_20260726_145403
gesture_all3_v1,C:\Users\Prutha Pandit\cosmos_final_project\data\raw\session_20260726_145403,shanmu,Pull,20,503978.265000,503980.328000,2.063000,43,20.84,21,10.18,10,4.85,C:\Users\Prutha Pandit\cosmos_final_project\datasets\gesture_all3_v1\trials\shanmu_Pull_020.npz,C:\Users\Prutha Pandit\cosmos_final_project\data\raw\session_20260726_145403
gesture_all3_v1,C:\Users\Prutha Pandit\cosmos_final_project\data\raw\session_20260724_135750,jianhao,Pull,1,327719.687000,327721.734000,2.047000,205,100.15,20,9.77,0,0,C:\Users\Prutha Pandit\cosmos_final_project\datasets\gesture_all3_v1\trials\jianhao_Pull_001.npz,C:\Users\Prutha Pandit\cosmos_final_project\data\raw\session_20260724_135750
gesture_all3_v1,C:\Users\Prutha Pandit\cosmos_final_project\data\raw\session_20260724_135750,jianhao,Pull,2,327726.750000,327728.828000,2.078000,210,101.06,21,10.11,0,0,C:\Users\Prutha Pandit\cosmos_final_project\datasets\gesture_all3_v1\trials\jianhao_Pull_002.npz,C:\Users\Prutha Pandit\cosmos_final_project\data\raw\session_20260724_135750
gesture_all3_v1,C:\Users\Prutha Pandit\cosmos_final_project\data\raw\session_20260724_135750,jianhao,Pull,3,327732.125000,327734.203000,2.078000,209,100.58,21,10.11,0,0,C:\Users\Prutha Pandit\cosmos_final_project\datasets\gesture_all3_v1\trials\jianhao_Pull_003.npz,C:\Users\Prutha Pandit\cosmos_final_project\data\raw\session_20260724_135750
gesture_all3_v1,C:\Users\Prutha Pandit\cosmos_final_project\data\raw\session_20260724_135750,jianhao,Pull,4,327736.750000,327738.750000,2.000000,200,100.00,20,10.00,0,0,C:\Users\Prutha Pandit\cosmos_final_project\datasets\gesture_all3_v1\trials\jianhao_Pull_004.npz,C:\Users\Prutha Pandit\cosmos_final_project\data\raw\session_20260724_135750
gesture_all3_v1,C:\Users\Prutha Pandit\cosmos_final_project\data\raw\session_20260724_135750,jianhao,Pull,5,327741.640000,327743.734000,2.094000,209,99.81,21,10.03,0,0,C:\Users\Prutha Pandit\cosmos_final_project\datasets\gesture_all3_v1\trials\jianhao_Pull_005.npz,C:\Users\Prutha Pandit\cosmos_final_project\data\raw\session_20260724_135750
gesture_all3_v1,C:\Users\Prutha Pandit\cosmos_final_project\data\raw\session_20260724_135750,jianhao,Pull,6,327746.687000,327748.687000,2.000000,202,101.00,21,10.50,0,0,C:\Users\Prutha Pandit\cosmos_final_project\datasets\gesture_all3_v1\trials\jianhao_Pull_006.npz,C:\Users\Prutha Pandit\cosmos_final_project\data\raw\session_20260724_135750
gesture_all3_v1,C:\Users\Prutha Pandit\cosmos_final_project\data\raw\session_20260724_135750,jianhao,Pull,7,327751.015000,327753.093000,2.078000,208,100.10,21,10.11,0,0,C:\Users\Prutha Pandit\cosmos_final_project\datasets\gesture_all3_v1\trials\jianhao_Pull_007.npz,C:\Users\Prutha Pandit\cosmos_final_project\data\raw\session_20260724_135750
gesture_all3_v1,C:\Users\Prutha Pandit\cosmos_final_project\data\raw\session_20260724_135750,jianhao,Pull,8,327756.078000,327758.187000,2.109000,212,100.52,22,10.43,0,0,C:\Users\Prutha Pandit\cosmos_final_project\datasets\gesture_all3_v1\trials\jianhao_Pull_008.npz,C:\Users\Prutha Pandit\cosmos_final_project\data\raw\session_20260724_135750
gesture_all3_v1,C:\Users\Prutha Pandit\cosmos_final_project\data\raw\session_20260724_135750,jianhao,Push,9,327763.875000,327765.968000,2.093000,209,99.86,21,10.03,0,0,C:\Users\Prutha Pandit\cosmos_final_project\datasets\gesture_all3_v1\trials\jianhao_Push_009.npz,C:\Users\Prutha Pandit\cosmos_final_project\data\raw\session_20260724_135750
gesture_all3_v1,C:\Users\Prutha Pandit\cosmos_final_project\data\raw\session_20260724_135750,jianhao,Push,10,327804.187000,327806.250000,2.063000,206,99.85,21,10.18,0,0,C:\Users\Prutha Pandit\cosmos_final_project\datasets\gesture_all3_v1\trials\jianhao_Push_010.npz,C:\Users\Prutha Pandit\cosmos_final_project\data\raw\session_20260724_135750
gesture_all3_v1,C:\Users\Prutha Pandit\cosmos_final_project\data\raw\session_20260724_135750,jianhao,Push,11,327809.734000,327811.796000,2.062000,208,100.87,21,10.18,0,0,C:\Users\Prutha Pandit\cosmos_final_project\datasets\gesture_all3_v1\trials\jianhao_Push_011.npz,C:\Users\Prutha Pandit\cosmos_final_project\data\raw\session_20260724_135750
gesture_all3_v1,C:\Users\Prutha Pandit\cosmos_final_project\data\raw\session_20260724_135750,jianhao,Push,12,327814.906000,327817.000000,2.094000,210,100.29,21,10.03,0,0,C:\Users\Prutha Pandit\cosmos_final_project\datasets\gesture_all3_v1\trials\jianhao_Push_012.npz,C:\Users\Prutha Pandit\cosmos_final_project\data\raw\session_20260724_135750
gesture_all3_v1,C:\Users\Prutha Pandit\cosmos_final_project\data\raw\session_20260724_135750,jianhao,Push,13,327819.890000,327821.968000,2.078000,208,100.10,20,9.62,0,0,C:\Users\Prutha Pandit\cosmos_final_project\datasets\gesture_all3_v1\trials\jianhao_Push_013.npz,C:\Users\Prutha Pandit\cosmos_final_project\data\raw\session_20260724_135750
gesture_all3_v1,C:\Users\Prutha Pandit\cosmos_final_project\data\raw\session_20260724_135750,jianhao,Push,14,327824.875000,327826.968000,2.093000,210,100.33,21,10.03,0,0,C:\Users\Prutha Pandit\cosmos_final_project\datasets\gesture_all3_v1\trials\jianhao_Push_014.npz,C:\Users\Prutha Pandit\cosmos_final_project\data\raw\session_20260724_135750
gesture_all3_v1,C:\Users\Prutha Pandit\cosmos_final_project\data\raw\session_20260724_135750,jianhao,Push,15,327829.906000,327831.953000,2.047000,204,99.66,20,9.77,0,0,C:\Users\Prutha Pandit\cosmos_final_project\datasets\gesture_all3_v1\trials\jianhao_Push_015.npz,C:\Users\Prutha Pandit\cosmos_final_project\data\raw\session_20260724_135750
gesture_all3_v1,C:\Users\Prutha Pandit\cosmos_final_project\data\raw\session_20260724_135750,jianhao,Push,16,327835.343000,327837.437000,2.094000,210,100.29,21,10.03,0,0,C:\Users\Prutha Pandit\cosmos_final_project\datasets\gesture_all3_v1\trials\jianhao_Push_016.npz,C:\Users\Prutha Pandit\cosmos_final_project\data\raw\session_20260724_135750
gesture_all3_v1,C:\Users\Prutha Pandit\cosmos_final_project\data\raw\session_20260724_135750,jianhao,Right,17,327860.296000,327862.375000,2.079000,209,100.53,21,10.10,0,0,C:\Users\Prutha Pandit\cosmos_final_project\datasets\gesture_all3_v1\trials\jianhao_Right_017.npz,C:\Users\Prutha Pandit\cosmos_final_project\data\raw\session_20260724_135750
gesture_all3_v1,C:\Users\Prutha Pandit\cosmos_final_project\data\raw\session_20260724_135750,jianhao,Right,18,327983.812000,327985.859000,2.047000,207,101.12,20,9.77,0,0,C:\Users\Prutha Pandit\cosmos_final_project\datasets\gesture_all3_v1\trials\jianhao_Right_018.npz,C:\Users\Prutha Pandit\cosmos_final_project\data\raw\session_20260724_135750
gesture_all3_v1,C:\Users\Prutha Pandit\cosmos_final_project\data\raw\session_20260724_135750,jianhao,Right,19,327992.328000,327994.406000,2.078000,209,100.58,21,10.11,0,0,C:\Users\Prutha Pandit\cosmos_final_project\datasets\gesture_all3_v1\trials\jianhao_Right_019.npz,C:\Users\Prutha Pandit\cosmos_final_project\data\raw\session_20260724_135750
gesture_all3_v1,C:\Users\Prutha Pandit\cosmos_final_project\data\raw\session_20260724_135750,jianhao,Right,20,328009.765000,328011.859000,2.094000,210,100.29,21,10.03,0,0,C:\Users\Prutha Pandit\cosmos_final_project\datasets\gesture_all3_v1\trials\jianhao_Right_020.npz,C:\Users\Prutha Pandit\cosmos_final_project\data\raw\session_20260724_135750
gesture_all3_v1,C:\Users\Prutha Pandit\cosmos_final_project\data\raw\session_20260724_135750,jianhao,Right,21,328016.375000,328018.453000,2.078000,209,100.58,21,10.11,0,0,C:\Users\Prutha Pandit\cosmos_final_project\datasets\gesture_all3_v1\trials\jianhao_Right_021.npz,C:\Users\Prutha Pandit\cosmos_final_project\data\raw\session_20260724_135750
gesture_all3_v1,C:\Users\Prutha Pandit\cosmos_final_project\data\raw\session_20260724_135750,jianhao,Right,22,328022.109000,328024.171000,2.062000,207,100.39,20,9.70,0,0,C:\Users\Prutha Pandit\cosmos_final_project\datasets\gesture_all3_v1\trials\jianhao_Right_022.npz,C:\Users\Prutha Pandit\cosmos_final_project\data\raw\session_20260724_135750
gesture_all3_v1,C:\Users\Prutha Pandit\cosmos_final_project\data\raw\session_20260724_135750,jianhao,Right,23,328027.984000,328030.031000,2.047000,206,100.64,21,10.26,0,0,C:\Users\Prutha Pandit\cosmos_final_project\datasets\gesture_all3_v1\trials\jianhao_Right_023.npz,C:\Users\Prutha Pandit\cosmos_final_project\data\raw\session_20260724_135750
gesture_all3_v1,C:\Users\Prutha Pandit\cosmos_final_project\data\raw\session_20260724_135750,jianhao,Right,24,328033.750000,328035.843000,2.093000,210,100.33,21,10.03,0,0,C:\Users\Prutha Pandit\cosmos_final_project\datasets\gesture_all3_v1\trials\jianhao_Right_024.npz,C:\Users\Prutha Pandit\cosmos_final_project\data\raw\session_20260724_135750
gesture_all3_v1,C:\Users\Prutha Pandit\cosmos_final_project\data\raw\session_20260724_135750,jianhao,Left,25,328042.265000,328044.343000,2.078000,209,100.58,21,10.11,0,0,C:\Users\Prutha Pandit\cosmos_final_project\datasets\gesture_all3_v1\trials\jianhao_Left_025.npz,C:\Users\Prutha Pandit\cosmos_final_project\data\raw\session_20260724_135750
gesture_all3_v1,C:\Users\Prutha Pandit\cosmos_final_project\data\raw\session_20260724_135750,jianhao,Left,26,328047.890000,328049.953000,2.063000,208,100.82,19,9.21,0,0,C:\Users\Prutha Pandit\cosmos_final_project\datasets\gesture_all3_v1\trials\jianhao_Left_026.npz,C:\Users\Prutha Pandit\cosmos_final_project\data\raw\session_20260724_135750
gesture_all3_v1,C:\Users\Prutha Pandit\cosmos_final_project\data\raw\session_20260724_135750,jianhao,Left,27,328053.640000,328055.687000,2.047000,205,100.15,21,10.26,0,0,C:\Users\Prutha Pandit\cosmos_final_project\datasets\gesture_all3_v1\trials\jianhao_Left_027.npz,C:\Users\Prutha Pandit\cosmos_final_project\data\raw\session_20260724_135750
gesture_all3_v1,C:\Users\Prutha Pandit\cosmos_final_project\data\raw\session_20260724_135750,jianhao,Left,28,328059.125000,328061.171000,2.046000,205,100.20,20,9.78,0,0,C:\Users\Prutha Pandit\cosmos_final_project\datasets\gesture_all3_v1\trials\jianhao_Left_028.npz,C:\Users\Prutha Pandit\cosmos_final_project\data\raw\session_20260724_135750
gesture_all3_v1,C:\Users\Prutha Pandit\cosmos_final_project\data\raw\session_20260724_135750,jianhao,Left,29,328064.281000,328066.328000,2.047000,205,100.15,21,10.26,0,0,C:\Users\Prutha Pandit\cosmos_final_project\datasets\gesture_all3_v1\trials\jianhao_Left_029.npz,C:\Users\Prutha Pandit\cosmos_final_project\data\raw\session_20260724_135750
gesture_all3_v1,C:\Users\Prutha Pandit\cosmos_final_project\data\raw\session_20260724_135750,jianhao,Left,30,328069.968000,328072.046000,2.078000,207,99.62,21,10.11,0,0,C:\Users\Prutha Pandit\cosmos_final_project\datasets\gesture_all3_v1\trials\jianhao_Left_030.npz,C:\Users\Prutha Pandit\cosmos_final_project\data\raw\session_20260724_135750
gesture_all3_v1,C:\Users\Prutha Pandit\cosmos_final_project\data\raw\session_20260724_135750,jianhao,Left,31,328075.421000,328077.484000,2.063000,207,100.34,20,9.69,0,0,C:\Users\Prutha Pandit\cosmos_final_project\datasets\gesture_all3_v1\trials\jianhao_Left_031.npz,C:\Users\Prutha Pandit\cosmos_final_project\data\raw\session_20260724_135750
gesture_all3_v1,C:\Users\Prutha Pandit\cosmos_final_project\data\raw\session_20260724_135750,jianhao,Left,32,328081.062000,328083.093000,2.031000,203,99.95,21,10.34,0,0,C:\Users\Prutha Pandit\cosmos_final_project\datasets\gesture_all3_v1\trials\jianhao_Left_032.npz,C:\Users\Prutha Pandit\cosmos_final_project\data\raw\session_20260724_135750
gesture_all3_v1,C:\Users\Prutha Pandit\cosmos_final_project\data\raw\session_20260724_135750,jianhao,Clapping,33,328100.031000,328102.078000,2.047000,206,100.64,20,9.77,0,0,C:\Users\Prutha Pandit\cosmos_final_project\datasets\gesture_all3_v1\trials\jianhao_Clapping_033.npz,C:\Users\Prutha Pandit\cosmos_final_project\data\raw\session_20260724_135750
gesture_all3_v1,C:\Users\Prutha Pandit\cosmos_final_project\data\raw\session_20260724_135750,jianhao,Clapping,34,328105.125000,328107.203000,2.078000,209,100.58,21,10.11,0,0,C:\Users\Prutha Pandit\cosmos_final_project\datasets\gesture_all3_v1\trials\jianhao_Clapping_034.npz,C:\Users\Prutha Pandit\cosmos_final_project\data\raw\session_20260724_135750
gesture_all3_v1,C:\Users\Prutha Pandit\cosmos_final_project\data\raw\session_20260724_135750,jianhao,Clapping,35,328110.546000,328112.609000,2.063000,207,100.34,21,10.18,0,0,C:\Users\Prutha Pandit\cosmos_final_project\datasets\gesture_all3_v1\trials\jianhao_Clapping_035.npz,C:\Users\Prutha Pandit\cosmos_final_project\data\raw\session_20260724_135750
gesture_all3_v1,C:\Users\Prutha Pandit\cosmos_final_project\data\raw\session_20260724_135750,jianhao,Clapping,36,328115.656000,328117.734000,2.078000,209,100.58,21,10.11,0,0,C:\Users\Prutha Pandit\cosmos_final_project\datasets\gesture_all3_v1\trials\jianhao_Clapping_036.npz,C:\Users\Prutha Pandit\cosmos_final_project\data\raw\session_20260724_135750
gesture_all3_v1,C:\Users\Prutha Pandit\cosmos_final_project\data\raw\session_20260724_135750,jianhao,Clapping,37,328120.562000,328122.625000,2.063000,207,100.34,21,10.18,0,0,C:\Users\Prutha Pandit\cosmos_final_project\datasets\gesture_all3_v1\trials\jianhao_Clapping_037.npz,C:\Users\Prutha Pandit\cosmos_final_project\data\raw\session_20260724_135750
gesture_all3_v1,C:\Users\Prutha Pandit\cosmos_final_project\data\raw\session_20260724_135750,jianhao,Clapping,38,328125.062000,328127.125000,2.063000,208,100.82,21,10.18,0,0,C:\Users\Prutha Pandit\cosmos_final_project\datasets\gesture_all3_v1\trials\jianhao_Clapping_038.npz,C:\Users\Prutha Pandit\cosmos_final_project\data\raw\session_20260724_135750
gesture_all3_v1,C:\Users\Prutha Pandit\cosmos_final_project\data\raw\session_20260724_135750,jianhao,Clapping,39,328129.875000,328131.921000,2.046000,206,100.68,21,10.26,0,0,C:\Users\Prutha Pandit\cosmos_final_project\datasets\gesture_all3_v1\trials\jianhao_Clapping_039.npz,C:\Users\Prutha Pandit\cosmos_final_project\data\raw\session_20260724_135750
gesture_all3_v1,C:\Users\Prutha Pandit\cosmos_final_project\data\raw\session_20260724_135750,jianhao,Clapping,40,328134.265000,328136.296000,2.031000,205,100.94,21,10.34,0,0,C:\Users\Prutha Pandit\cosmos_final_project\datasets\gesture_all3_v1\trials\jianhao_Clapping_040.npz,C:\Users\Prutha Pandit\cosmos_final_project\data\raw\session_20260724_135750
