t_monotonic,ax,ay,az,gx,gy,gz
1628858.558580,-0.745,-0.673,0.466,5.55,-4.79,5.68
1628858.603211,-0.756,-0.694,0.436,30.67,-15.5,-0.61
1628858.648657,-0.717,-0.665,0.417,51.09,-28.23,-20.84
1628858.688692,-0.703,-0.615,0.443,36.5,-37.39,-42.05
1628858.728788,-0.771,-0.619,0.455,23.41,-23.13,-42.3
1628858.773578,-0.665,-0.707,0.563,3.69,-30.85,-41.2
1628858.819529,-0.495,-0.762,0.605,-10.93,-79.2,-67.72
1628858.869290,-0.446,-0.907,0.838,38.0,-99.0,-38.76
1628858.909582,-0.509,-0.95,0.871,169.71,-162.72,20.05
1628858.952833,-0.34,-0.816,0.817,190.47,-199.07,37.32
1628858.999474,-0.132,-0.464,0.826,74.4,-144.14,-34.42
1628859.039890,-0.087,-0.361,0.937,-15.17,-122.04,-69.86
1628859.080329,-0.003,-0.339,0.897,-28.63,-109.78,-52.8
1628859.133595,0.084,-0.403,0.81,-39.77,-90.33,-41.57
1628859.179050,0.117,-0.434,0.719,-49.71,-77.91,-46.78
1628859.219094,0.184,-0.48,0.635,-66.59,-63.54,-44.8
1628859.259184,0.223,-0.516,0.584,-61.8,-47.98,-49.56
1628859.299332,0.276,-0.494,0.507,-51.85,-36.87,-39.0
1628859.339424,0.298,-0.501,0.499,-34.91,-22.98,-17.27
1628859.379643,0.339,-0.498,0.483,-2.47,-11.96,11.23
1628859.423759,0.411,-0.528,0.524,21.52,-1.4,27.86
1628859.468944,0.434,-0.569,0.664,35.16,25.15,39.09
1628859.509573,0.27,-0.672,0.879,32.72,60.12,36.38
1628859.559091,0.079,-0.664,1.024,8.33,23.01,3.45
1628859.604068,0.159,-0.574,0.927,-15.69,-17.37,-3.78
1628859.654063,0.275,-0.458,0.783,-6.44,-17.94,7.54
1628859.704224,0.281,-0.549,0.687,-20.84,-2.23,23.13
1628859.749757,0.351,-0.699,0.726,-20.11,-21.03,22.83
1628859.798998,0.306,-0.871,0.747,8.06,-3.2,28.75
1628859.843389,0.167,-0.919,0.819,0.58,4.06,12.91
1628859.890293,0.151,-0.782,0.783,-1.53,-30.0,-13.18
1628859.940479,0.241,-0.549,0.661,-1.13,-41.72,-15.41
1628859.990032,0.303,-0.492,0.632,-9.37,-27.19,6.96
1628860.030154,0.332,-0.532,0.647,-13.12,-11.78,21.06
1628860.071123,0.339,-0.584,0.666,-16.02,1.65,26.58
1628860.120719,0.321,-0.688,0.679,-17.49,14.28,23.35
1628860.173257,0.257,-0.772,0.735,-1.28,16.24,17.49
1628860.220703,0.206,-0.775,0.745,3.27,8.67,4.49
1628860.269776,0.205,-0.744,0.687,-6.78,-4.06,-1.68
1628860.320606,0.234,-0.757,0.629,-12.76,-3.02,-0.89
1628860.363774,0.244,-0.76,0.586,-9.25,-3.23,-1.46
1628860.409819,0.253,-0.761,0.554,4.06,-0.03,0.64
1628860.459521,0.227,-0.756,0.581,16.21,26.12,5.92
1628860.509714,0.195,-0.741,0.642,34.73,44.98,-1.22
1628860.560398,0.174,-0.689,0.68,48.16,58.32,-6.38
1628860.610384,0.17,-0.682,0.77,65.03,59.45,-10.38
1628860.663711,0.365,-0.617,0.863,162.97,96.29,6.96
1628860.710014,0.283,-0.266,1.105,197.88,165.17,27.04
1628860.755894,-0.057,0.021,1.464,130.13,112.89,13.25
1628860.803177,-0.505,0.192,1.405,7.32,-61.92,8.85
1628860.853658,-0.442,-0.042,1.067,-59.97,-113.93,6.62
1628860.899855,-0.052,-0.512,0.68,-81.06,-133.09,7.84
1628860.940007,0.175,-0.989,0.463,-104.04,-95.13,-41.84
1628860.980157,0.212,-1.021,0.342,-33.63,-88.5,-89.79
1628861.020841,0.15,-0.708,0.379,32.84,-32.72,-96.62
1628861.073243,0.097,-0.228,0.569,54.9,37.17,-106.14
1628861.113708,0.063,0.072,0.778,27.04,62.5,-92.56
1628861.153828,0.07,0.229,0.898,-18.68,69.43,-40.86
1628861.203726,0.091,0.161,1.0,-103.4,61.74,33.51
1628861.249986,0.192,-0.306,1.027,-176.12,45.17,90.0
1628861.290283,0.261,-0.681,1.11,-141.06,32.47,88.69
1628861.330397,0.215,-0.91,1.183,-57.19,31.5,80.32
1628861.383418,0.015,-0.861,1.219,37.23,-9.55,24.84
1628861.433923,-0.051,-0.726,1.0,34.39,-53.13,-11.05
1628861.479602,0.067,-0.753,0.765,-7.54,-64.91,-59.11
1628861.523851,0.132,-0.682,0.653,-6.5,-50.97,-80.81
1628861.569550,0.171,-0.52,0.592,6.74,-18.52,-60.7
1628861.613622,0.143,-0.427,0.634,12.54,-3.91,-27.68
1628861.660438,0.158,-0.384,0.643,-17.55,-10.93,17.24
1628861.700462,0.196,-0.397,0.646,-49.75,-12.36,24.84
1628861.750457,0.238,-0.484,0.625,-88.99,14.98,41.41
1628861.793388,0.19,-0.577,0.608,-135.38,47.73,48.59
1628861.833861,0.096,-0.672,0.764,-180.15,77.82,42.66
1628861.879994,-0.006,-0.691,0.931,-100.92,55.88,55.82
1628861.920367,-0.128,-0.607,0.856,-30.21,-19.62,78.89
1628861.973420,-0.302,-0.526,0.618,-20.94,-87.04,135.17
1628862.013834,-0.372,-0.718,0.567,-40.89,-91.62,180.55
1628862.060206,-0.521,-0.515,0.29,-86.18,-122.9,142.12
1628862.103543,-0.5,-0.67,0.211,-125.77,-95.65,185.49
1628862.150397,-0.763,-1.083,-0.111,-181.52,-76.33,210.24
1628862.193395,-0.61,-1.381,-0.003,-119.08,9.28,103.98
1628862.233658,-0.777,-1.252,-0.132,-57.95,10.74,102.11
1628862.279061,-0.587,-1.462,-0.103,30.52,-42.21,122.9
1628862.329664,-0.564,-1.185,-0.103,91.04,-10.74,63.72
1628862.380078,-0.552,-0.935,0.062,69.58,38.54,8.67
1628862.433297,-0.617,-0.77,0.183,34.3,69.64,-30.82
1628862.478883,-0.699,-0.696,0.257,1.92,70.41,-50.54
1628862.523365,-0.738,-0.685,0.289,-5.98,55.27,-40.59
1628862.573585,-0.73,-0.686,0.285,-1.19,24.72,-23.13
1628862.613608,-0.707,-0.671,0.271,-2.9,11.84,-21.61
1628862.660491,-0.673,-0.652,0.27,0.06,5.34,-18.71
1628862.710268,-0.638,-0.635,0.238,-10.96,2.78,-15.2
1628862.760491,-0.639,-0.648,0.232,-21.09,4.97,-5.98
1628862.805748,-0.656,-0.682,0.219,-25.85,1.1,5.28
1628862.849312,-0.698,-0.725,0.209,-20.33,-9.92,22.77
1628862.891387,-0.697,-0.786,0.189,-4.09,-28.9,35.25
1628862.939371,-0.642,-0.868,0.116,14.77,-51.88,44.37
1628862.979387,-0.626,-1.01,0.174,57.16,-62.87,36.04
1628863.019387,-0.665,-0.994,0.169,95.65,-84.38,12.82
1628863.069674,-0.617,-0.924,0.292,98.51,-73.0,-19.68
1628863.110186,-0.633,-0.87,0.483,109.26,-61.22,-38.97
1628863.154040,-0.636,-0.825,0.69,115.79,-86.46,-27.8
1628863.199548,-0.554,-0.723,0.919,156.96,-108.22,4.09
1628863.239918,-0.419,-0.579,1.191,151.52,-147.22,0.49
1628863.280422,-0.417,-0.45,1.203,75.84,-165.9,-23.26
1628863.333643,-0.355,-0.347,1.092,0.98,-183.42,-69.61
1628863.373687,-0.256,-0.225,0.843,16.11,-183.84,-55.76
1628863.420003,-0.128,-0.188,0.624,-5.62,-144.41,-48.22
1628863.472076,-0.032,-0.247,0.514,-10.74,-101.29,-33.36
1628863.523409,0.135,-0.302,0.517,-18.89,-35.83,-15.35
1628863.563626,0.048,-0.416,0.678,-41.75,15.11,-24.87
1628863.613574,0.153,-0.477,0.722,5.19,-5.52,10.32
1628863.663778,0.253,-0.479,0.682,24.75,16.66,4.09
1628863.713849,0.198,-0.431,0.851,18.1,25.06,-10.19
1628863.754989,0.169,-0.415,0.941,15.02,16.94,0.92
1628863.800305,0.189,-0.339,0.937,-1.28,-0.82,5.46
1628863.849956,0.2,-0.355,1.009,-31.62,-8.48,3.14
1628863.899937,0.173,-0.361,0.977,-26.52,-23.53,17.21
1628863.939956,0.197,-0.426,0.916,-43.21,-32.78,23.56
1628863.993100,0.33,-0.613,0.774,-58.05,-30.12,8.0
1628864.043327,0.323,-0.683,0.745,-17.55,-4.91,2.81
1628864.093241,0.216,-0.503,0.866,26.95,-50.6,23.53
1628864.144303,0.233,-0.59,0.813,-29.85,11.44,-0.06
1628864.193257,0.063,-0.654,0.759,26.58,-13.64,16.88
1628864.233591,0.255,-0.493,0.907,72.94,-42.73,22.64
1628864.279620,0.367,-0.493,0.78,63.63,-32.17,7.63
1628864.323811,0.236,-0.428,0.887,34.39,-7.05,-13.43
1628864.369269,0.322,-0.344,0.857,7.26,-24.2,-16.51
1628864.409296,0.382,-0.376,0.797,-1.43,-11.57,-12.09
1628864.451931,0.356,-0.415,0.824,-28.38,-9.09,-8.61
1628864.500510,0.403,-0.408,0.795,-22.43,-4.36,-10.56
1628864.553798,0.422,-0.457,0.796,-38.76,24.9,-7.39
1628864.603668,0.301,-0.472,0.869,-38.27,27.53,-12.82
1628864.649537,0.286,-0.484,0.881,-26.83,20.11,2.38
1628864.693607,0.273,-0.544,0.869,-19.07,5.4,-0.98
1628864.740257,0.336,-0.485,0.817,-1.28,-20.72,1.04
1628864.789952,0.369,-0.483,0.805,-3.02,-27.74,-0.27
1628864.839632,0.379,-0.51,0.781,0.79,-14.59,5.74
1628864.883892,0.351,-0.516,0.808,1.56,-11.93,-0.61
1628864.933626,0.4,-0.496,0.748,4.33,-26.67,1.83
1628864.980306,0.403,-0.517,0.762,1.77,-1.13,5.77
1628865.030074,0.394,-0.517,0.772,11.32,15.23,12.21
1628865.070781,0.38,-0.489,0.783,26.12,13.76,4.27
1628865.120129,0.37,-0.49,0.77,29.69,13.89,4.73
1628865.169982,0.361,-0.499,0.758,16.69,15.66,-4.52
1628865.222555,0.381,-0.469,0.733,30.06,33.11,-6.96
1628865.270559,0.265,-0.457,0.873,61.4,14.59,-10.04
1628865.320647,0.269,-0.427,0.995,20.87,6.26,-16.48
1628865.373544,0.281,-0.437,0.997,35.49,-13.92,-20.33
1628865.413567,0.35,-0.256,0.87,52.77,-18.19,-14.44
1628865.463972,0.355,-0.188,0.883,-17.91,-4.61,-12.94
1628865.504022,0.359,-0.261,0.941,-43.58,-12.24,-21.52
1628865.549506,0.448,-0.201,0.681,-168.98,28.32,-41.38
1628865.589818,0.339,-0.49,0.849,-327.04,58.99,-88.08
1628865.630053,0.349,-0.622,0.657,-366.77,37.84,-95.0
1628865.670832,0.421,-0.789,0.47,-412.61,7.32,-103.24
1628865.723940,0.453,-0.852,0.248,-373.79,10.47,-95.25
1628865.770268,0.506,-0.864,0.024,-300.61,-32.75,-98.73
1628865.810427,0.475,-0.629,-0.075,-232.28,-44.19,-80.48
1628865.853710,0.696,-0.718,-0.443,-133.85,-56.43,-45.26
1628865.903934,0.639,-0.755,-0.468,39.95,5.07,-22.06
1628865.949811,0.643,-0.749,-0.339,45.44,-17.61,18.49
1628865.999379,0.692,-0.759,-0.41,40.93,-4.24,1.34
1628866.043693,0.646,-0.765,-0.408,29.08,11.26,-8.48
1628866.093656,0.639,-0.741,-0.284,18.8,8.67,4.58
1628866.140419,0.6,-0.74,-0.323,26.55,4.73,1.4
1628866.190364,0.579,-0.782,-0.243,9.03,16.02,-17.46
1628866.230703,0.584,-0.715,-0.283,10.47,25.82,-12.21
1628866.280652,0.613,-0.626,-0.219,-22.49,21.55,-0.67
1628866.330799,0.623,-0.629,-0.158,-11.6,15.59,-4.3
1628866.383551,0.634,-0.597,-0.208,-16.63,14.34,7.35
1628866.433855,0.658,-0.637,-0.232,17.18,74.31,-27.07
1628866.479782,0.756,-0.818,-0.353,107.06,72.18,-8.09
1628866.520562,0.77,-0.973,-0.127,267.71,54.14,99.8
1628866.573613,0.578,-0.859,0.29,443.68,64.46,176.82
1628866.620863,0.348,-0.597,0.661,469.77,21.36,191.53
1628866.673914,0.485,-0.169,0.705,379.22,-21.39,149.85
1628866.720487,0.364,-0.043,0.813,155.16,-12.24,87.34
1628866.773428,0.283,-0.113,0.935,12.85,20.14,37.87
1628866.820610,0.285,-0.266,0.947,8.39,-4.21,51.21
1628866.870667,0.387,-0.322,0.797,-15.17,6.65,28.96
1628866.923880,0.176,-0.373,0.998,-29.05,8.36,30.58
1628866.970458,0.322,-0.533,0.935,-34.18,34.58,19.04
1628867.019440,0.234,-0.448,0.874,-38.18,48.52,-3.11
1628867.059896,0.156,-0.44,0.983,-81.67,65.92,-17.98
1628867.109778,0.153,-0.411,0.969,-60.0,38.0,-2.01
1628867.159883,0.144,-0.488,0.837,-8.42,5.89,18.95
1628867.209231,0.057,-0.554,0.917,-1.59,-1.89,7.35
1628867.254257,0.124,-0.571,0.862,-42.27,1.13,-15.35
1628867.303628,0.181,-0.548,0.811,-51.79,7.39,-28.99
1628867.349175,0.193,-0.539,0.723,-64.82,20.45,-29.27
1628867.399726,0.124,-0.548,0.816,-30.27,14.53,-10.53
1628867.449153,0.107,-0.567,0.737,-9.37,-1.1,11.14
1628867.499208,0.076,-0.49,0.566,-76.2,0.82,6.32
1628867.549390,0.069,-0.572,0.443,-91.8,34.55,-8.06
1628867.589444,-0.054,-0.718,0.39,-110.93,19.5,33.75
1628867.629584,-0.038,-0.931,0.318,-64.52,24.48,40.8
1628867.669925,-0.032,-0.925,0.313,9.77,69.15,51.39
1628867.720588,-0.146,-0.953,0.381,38.94,169.62,47.58
1628867.760672,-0.294,-0.835,0.427,65.58,224.07,5.98
1628867.813686,-0.577,-0.716,0.658,99.0,249.09,12.79
1628867.860356,-0.615,-0.653,0.827,120.18,149.94,29.45
1628867.903251,-0.598,-0.572,0.853,149.48,147.34,19.81
1628867.949909,-0.58,-0.388,0.877,108.92,123.57,-26.86
1628867.990277,-0.545,-0.312,0.823,55.76,103.27,-67.51
1628868.033447,-0.406,-0.226,0.603,-45.14,101.41,-90.15
1628868.080101,-0.608,-0.36,0.552,-145.82,166.11,-78.28
1628868.120688,-0.503,-0.299,0.22,-217.96,108.43,-81.21
1628868.163860,-0.91,-0.447,0.241,-199.53,146.7,35.68
1628868.210382,-0.89,-0.424,-0.063,-89.75,62.56,114.96
1628868.254312,-1.073,-0.424,-0.188,-89.63,52.77,160.1
1628868.299764,-1.256,-0.626,-0.068,68.03,102.3,185.77
1628868.340323,-1.31,-0.563,0.004,130.86,81.64,159.67
1628868.383611,-1.308,-0.472,0.095,181.68,71.78,113.41
1628868.423936,-1.139,-0.344,0.079,118.11,7.45,42.97
1628868.470906,-1.046,-0.364,0.064,33.2,-28.66,12.33
1628868.520438,-1.03,-0.488,0.078,3.88,-5.95,13.25
1628868.570469,-1.038,-0.513,0.051,-7.26,-17.94,-15.66
1628868.619500,-1.01,-0.442,0.038,10.47,-20.54,-18.98
1628868.670441,-0.981,-0.401,0.02,0.98,-33.81,-25.85
1628868.720335,-0.973,-0.371,0.01,-0.37,-42.51,-26.67
1628868.770592,-0.946,-0.333,0.015,-0.15,-40.62,-27.13
1628868.820453,-0.937,-0.348,0.047,24.17,-38.54,-17.21
1628868.860588,-0.918,-0.34,0.082,29.94,-37.17,-12.39
1628868.913190,-0.949,-0.362,0.174,31.53,-27.16,-0.89
1628868.963436,-0.949,-0.39,0.247,22.03,-35.49,-3.48
1628869.013437,-1.069,-0.458,0.464,2.14,-49.23,-9.37
1628869.059059,-1.039,-0.489,0.472,-43.09,-107.03,-40.25
1628869.099898,-0.933,-0.546,0.478,-45.9,-114.35,-46.54
1628869.139928,-0.878,-0.511,0.48,-24.78,-111.12,-54.05
1628869.180318,-0.843,-0.479,0.493,-17.27,-110.63,-52.31
1628869.220579,-0.787,-0.457,0.484,-40.71,-107.43,-62.78
1628869.263691,-0.804,-0.521,0.577,-12.7,-104.65,-51.48
1628869.304462,-0.763,-0.536,0.598,-12.36,-125.16,-41.66
1628869.350047,-0.83,-0.742,0.858,-27.13,-125.64,-44.5
1628869.404152,-0.75,-0.821,0.917,-58.66,-206.46,-67.35
1628869.449990,-0.47,-0.92,0.823,-114.96,-224.46,-94.0
1628869.490638,-0.323,-0.939,0.802,-81.85,-240.03,-129.92
1628869.534003,-0.099,-0.792,0.515,-92.72,-260.57,-138.13
1628869.583562,0.099,-0.73,0.301,-161.9,-168.74,-184.3
1628869.630695,0.078,-0.588,0.177,-120.52,-149.45,-196.87
1628869.673961,0.201,-0.47,-0.028,-52.71,-142.19,-173.56
1628869.720498,0.37,-0.364,-0.235,-32.44,-94.7,-137.85
1628869.763393,0.455,-0.349,-0.245,-40.04,-56.18,-116.21
1628869.803562,0.539,-0.346,-0.23,-33.94,-48.86,-86.95
1628869.843644,0.675,-0.324,-0.29,-12.51,-46.82,-64.0
1628869.893935,0.79,-0.273,-0.335,10.41,-39.74,-25.76
1628869.933972,0.901,-0.337,-0.302,14.65,-23.59,-0.06
1628869.979410,0.977,-0.329,-0.208,21.73,-5.83,21.39
1628870.023708,0.971,-0.371,-0.178,4.85,13.0,32.41
1628870.073617,0.931,-0.471,-0.083,-14.19,-6.23,26.28
1628870.123886,0.889,-0.538,-0.155,-1.71,-12.39,-3.2
1628870.173849,0.815,-0.494,-0.179,-10.13,-13.92,-21.06
1628870.219706,0.794,-0.465,-0.174,-22.64,-6.23,-19.84
1628870.264056,0.793,-0.425,-0.187,-17.09,-3.88,-15.02
1628870.310825,0.826,-0.438,-0.21,-4.39,-0.58,-6.68
1628870.359928,0.859,-0.462,-0.23,6.26,4.12,-3.3
1628870.409173,0.869,-0.477,-0.222,2.04,9.22,-3.57
1628870.450400,0.88,-0.485,-0.202,2.56,8.64,-2.84
1628870.499719,0.879,-0.458,-0.176,3.11,1.56,-4.94
1628870.543867,0.872,-0.424,-0.186,14.59,-2.78,-3.42
1628870.590564,0.863,-0.404,-0.204,5.52,2.23,-2.26
1628870.639861,0.846,-0.415,-0.161,-5.01,7.11,-0.21
1628870.689126,0.839,-0.462,-0.145,-2.81,8.03,2.84
1628870.730203,0.839,-0.49,-0.16,3.05,4.67,1.98
1628870.779341,0.854,-0.484,-0.183,4.97,3.6,-4.12
1628870.823695,0.866,-0.46,-0.19,3.17,5.95,-4.97
1628870.869951,0.867,-0.442,-0.164,4.76,7.45,-3.66
1628870.919272,0.867,-0.42,-0.142,8.88,2.32,-0.24
1628870.960494,0.869,-0.415,-0.14,3.72,3.94,-0.21
1628871.009478,0.863,-0.435,-0.124,-2.04,5.04,-1.65
1628871.054266,0.868,-0.426,-0.138,-1.77,-2.35,-0.49
1628871.100162,0.878,-0.435,-0.153,-4.43,-1.56,-1.1
1628871.149192,0.882,-0.455,-0.149,0.52,3.97,-1.71
1628871.190600,0.872,-0.453,-0.143,1.4,2.08,-2.84
1628871.239813,0.881,-0.429,-0.143,1.68,-0.82,-4.49
1628871.284037,0.877,-0.419,-0.145,2.56,1.62,-3.78
1628871.330304,0.873,-0.428,-0.137,2.41,1.25,-2.08
1628871.379457,0.868,-0.448,-0.127,2.38,1.04,-1.86
1628871.420913,0.868,-0.442,-0.133,3.11,0.31,-2.81
1628871.470430,0.872,-0.431,-0.139,1.34,0.46,-2.26
1628871.519145,0.877,-0.436,-0.141,2.23,0.52,-1.74
1628871.560485,0.878,-0.426,-0.141,0.89,0.03,-2.08
1628871.609537,0.886,-0.416,-0.144,1.34,0.06,-0.76
1628871.654334,0.879,-0.423,-0.138,0.21,1.19,-0.15
1628871.700195,0.873,-0.425,-0.134,0.31,0.89,0.52
1628871.749420,0.873,-0.43,-0.134,2.29,1.74,0.7
1628871.790482,0.874,-0.425,-0.133,0.55,0.12,0.52
1628871.839607,0.877,-0.436,-0.136,-0.76,-0.4,0.21
1628871.883384,0.883,-0.442,-0.142,-0.52,-1.01,-0.85
1628871.930047,0.87,-0.439,-0.13,-0.21,0.76,-2.08
1628871.979254,0.862,-0.444,-0.119,2.78,-1.01,-2.04
1628872.020614,0.855,-0.455,-0.117,4.91,-0.98,-2.75
1628872.070315,0.835,-0.475,-0.116,8.82,0.06,-5.43
1628872.113986,0.837,-0.469,-0.131,8.55,2.17,-10.53
1628872.160810,0.901,-0.281,-0.235,3.75,4.03,-9.37
1628872.210479,1.079,-0.077,-0.209,10.28,12.7,26.15
1628872.250549,1.22,0.085,-0.144,9.8,12.39,80.72
1628872.303994,1.372,0.238,-0.055,-51.58,-27.44,157.32
1628872.350504,1.319,0.245,-0.114,-184.27,-130.65,239.36
1628872.393724,1.096,0.082,-0.186,-257.39,-165.11,247.11
1628872.443523,0.778,0.333,-0.544,-281.93,-222.3,333.63
1628872.490589,0.318,0.761,-0.647,-268.53,-114.69,382.73
1628872.533994,-1.652,1.496,-0.759,-359.66,116.21,440.08
1628872.583674,-2.855,-0.791,-4.0,-789.79,15.41,363.08
1628872.630063,-0.857,-1.015,-1.828,195.1,-39.28,35.16
1628872.670806,-0.198,1.037,-1.794,125.89,2.11,-139.32
1628872.713594,-0.337,0.456,-1.248,-12.57,57.1,-94.27
1628872.754616,-0.759,-0.397,-1.26,123.87,83.32,-167.46
1628872.803629,-0.979,-0.253,-1.441,214.91,169.56,-253.15
1628872.850830,-0.491,-0.152,-1.231,293.01,110.93,-228.61
1628872.899852,-0.156,-0.32,-0.745,296.43,116.21,-275.7
1628872.943357,0.147,-0.172,-0.448,372.69,100.07,-281.17
1628872.990265,0.608,0.014,-0.543,311.35,36.74,-231.3
1628873.033513,0.745,0.243,-0.691,175.97,48.65,-184.61
1628873.080274,0.999,0.188,-0.567,119.05,64.18,-119.45
1628873.123203,1.039,0.284,-0.459,102.66,49.68,-75.35
1628873.163428,1.166,0.21,-0.347,65.71,71.69,-50.17
1628873.204659,1.083,0.154,-0.223,22.13,37.78,-21.06
1628873.254051,1.014,-0.16,-0.07,-10.96,52.83,-7.78
1628873.300685,0.876,-0.246,-0.02,0.85,14.16,11.6
1628873.350105,0.927,-0.355,0.002,-7.54,-8.12,6.29
1628873.399370,0.95,-0.414,-0.06,-4.24,4.49,1.53
1628873.440722,0.936,-0.418,-0.025,14.68,-4.3,0.37
1628873.482483,0.923,-0.344,-0.03,13.89,-6.47,-3.45
1628873.529453,0.897,-0.351,-0.031,21.0,-11.66,-1.46
1628873.570248,0.913,-0.323,-0.091,20.14,-20.05,0.06
1628873.614656,0.914,-0.362,-0.08,8.73,-1.86,-0.43
1628873.660156,0.895,-0.38,-0.06,18.37,-5.4,-1.74
1628873.700340,0.901,-0.345,-0.079,12.36,-12.88,1.13
1628873.749535,0.899,-0.334,-0.068,6.07,-8.18,3.33
1628873.793615,0.9,-0.351,-0.066,-2.5,-14.37,3.88
1628873.840420,0.91,-0.354,-0.099,-1.65,-11.9,-0.64
1628873.889834,0.913,-0.384,-0.118,10.77,-5.92,8.21
1628873.939265,0.906,-0.384,-0.103,8.85,-1.65,8.33
1628873.983547,0.914,-0.402,-0.095,-0.37,-0.98,7.54
1628874.029883,0.904,-0.388,-0.09,5.19,-3.51,3.69
1628874.079424,0.921,-0.366,-0.119,8.03,-11.32,6.9
1628874.120607,0.912,-0.375,-0.148,-3.45,-5.22,6.38
1628874.170930,0.876,-0.425,-0.121,-15.38,-6.35,5.43
1628874.220391,0.888,-0.431,-0.102,-8.45,-5.34,1.07
1628874.264099,0.897,-0.377,-0.089,-6.81,-4.36,-4.21
1628874.310185,0.9,-0.354,-0.105,-2.2,-1.34,-4.36
1628874.359328,0.912,-0.341,-0.151,-9.4,-2.23,-1.83
1628874.404372,0.905,-0.354,-0.119,-11.29,-5.28,2.53
1628874.450564,0.887,-0.412,-0.152,0.89,-2.66,11.47
1628874.500008,0.875,-0.467,-0.146,-3.08,-1.34,5.16
1628874.548995,0.881,-0.433,-0.139,-0.43,0.58,-2.9
1628874.590220,0.889,-0.382,-0.144,4.06,0.31,-4.18
1628874.639493,0.894,-0.36,-0.133,1.04,2.44,-2.5
1628874.683993,0.892,-0.37,-0.127,0.09,3.39,-0.03
1628874.730201,0.897,-0.399,-0.133,4.43,-0.7,2.9
1628874.779397,0.904,-0.41,-0.153,1.04,-1.13,1.68
1628874.820384,0.902,-0.418,-0.144,1.77,0.43,0.37
1628874.870178,0.884,-0.413,-0.134,6.16,-1.86,-0.03
1628874.914135,0.893,-0.396,-0.139,3.39,-1.77,-2.26
1628874.960329,0.882,-0.369,-0.144,-2.38,-3.05,-3.05
1628875.009395,0.881,-0.372,-0.158,-0.64,0.46,-0.55
1628875.050817,0.873,-0.382,-0.138,-0.58,1.4,0.24
1628875.099969,0.881,-0.403,-0.138,-0.85,3.81,0.92
1628875.149523,0.889,-0.412,-0.129,1.65,2.84,0.4
1628875.190256,0.904,-0.395,-0.126,-2.56,1.16,-1.77
1628875.239640,0.922,-0.388,-0.142,1.43,-3.57,-2.14
1628875.283856,0.908,-0.381,-0.146,0.64,-3.02,-1.4
1628875.330338,0.886,-0.387,-0.149,-1.77,-1.53,-3.2
1628875.379539,0.877,-0.379,-0.143,0.37,0.89,-2.75
1628875.420795,0.884,-0.363,-0.147,2.26,2.62,-0.79
1628875.470540,0.891,-0.37,-0.131,2.26,4.73,0.95
1628875.514066,0.896,-0.382,-0.133,1.95,2.69,2.11
1628875.560232,0.909,-0.401,-0.128,2.2,1.04,1.71
1628875.609429,0.9,-0.402,-0.131,-0.46,0.76,-0.06
1628875.650747,0.899,-0.396,-0.138,0.64,0.15,-1.13
1628875.699917,0.892,-0.396,-0.125,-0.55,0.58,-1.86
1628875.749211,0.895,-0.393,-0.129,-1.31,-0.06,-2.32
1628875.790313,0.896,-0.377,-0.14,-1.62,0.7,-0.67
1628875.839625,0.9,-0.385,-0.141,-2.87,1.86,0.34
1628875.883819,0.893,-0.389,-0.136,-2.56,3.97,-0.43
1628875.930228,0.895,-0.393,-0.116,-1.28,0.82,-0.98
1628875.979471,0.901,-0.378,-0.129,-2.01,0.46,-2.01
1628876.020563,0.906,-0.373,-0.13,-1.43,1.4,-2.17
1628876.070693,0.901,-0.36,-0.129,0.09,1.04,-0.73
1628876.113957,0.9,-0.37,-0.126,-0.89,2.9,-0.85
1628876.159862,0.901,-0.375,-0.122,0.09,1.31,-0.64
1628876.209087,0.903,-0.365,-0.125,0.21,2.23,0.55
1628876.250801,0.901,-0.384,-0.122,-0.27,4.55,0.24
1628876.299608,0.903,-0.382,-0.112,0.7,2.99,0.4
1628876.343697,0.907,-0.375,-0.112,0.92,2.41,-0.43
1628876.390249,0.906,-0.372,-0.115,-0.73,0.67,-0.15
1628876.439336,0.908,-0.375,-0.118,0.73,-0.31,0.27
1628876.481193,0.907,-0.375,-0.115,0.18,0.7,-0.4
1628876.530026,0.903,-0.372,-0.116,1.13,0.67,-0.79
1628876.579207,0.904,-0.365,-0.118,0.89,0.79,-0.12
1628876.620764,0.901,-0.369,-0.111,0.37,0.73,0.52
1628876.670056,0.905,-0.383,-0.112,0.76,-0.79,1.01
1628876.713821,0.902,-0.386,-0.112,0.95,-0.98,0.18
1628876.759908,0.903,-0.383,-0.116,0.31,-1.16,-1.43
1628876.809358,0.905,-0.378,-0.127,-1.04,-1.4,-1.07
1628876.850531,0.896,-0.378,-0.125,0.24,-1.46,-0.7
1628876.899858,0.899,-0.37,-0.123,-0.4,-0.7,-0.89
1628876.944004,0.9,-0.37,-0.13,-0.15,0.24,-0.12
1628876.990250,0.901,-0.38,-0.115,-0.15,0.67,-0.49
1628877.039235,0.9,-0.368,-0.123,-0.24,0.4,-0.58
1628877.081300,0.902,-0.364,-0.128,-0.61,0.43,0.67
1628877.130002,0.905,-0.381,-0.117,-0.55,1.28,1.1
1628877.179119,0.898,-0.382,-0.113,0.85,1.86,-0.55
1628877.220394,0.903,-0.371,-0.119,1.53,1.25,-0.64
1628877.269229,0.902,-0.372,-0.124,-0.06,0.67,-0.46
1628877.310456,0.903,-0.367,-0.119,-0.21,0.92,-0.27
1628877.359732,0.904,-0.358,-0.125,0.34,1.68,0.95
1628877.409123,0.903,-0.369,-0.105,-0.61,2.2,2.04
1628877.450494,0.906,-0.381,-0.107,-0.49,1.68,1.25
1628877.499832,0.905,-0.382,-0.109,0.03,0.18,-0.24
1628877.543980,0.893,-0.375,-0.122,-0.58,1.1,-1.04
1628877.590296,0.92,-0.3,-0.208,-14.04,9.92,-4.7
1628877.630448,1.083,0.025,-0.569,-151.95,111.09,-39.74
1628877.673767,1.039,0.239,-0.271,-348.06,204.63,-109.2
1628877.720707,0.992,0.366,-0.361,-394.45,312.54,-119.08
1628877.771204,0.785,0.141,0.719,-367.69,217.9,-186.22
1628877.813736,0.605,0.449,0.797,-216.07,58.72,-116.15
1628877.860516,0.542,0.208,0.477,-184.09,-152.71,61.89
1628877.903837,0.817,-0.104,0.019,-168.77,-129.34,81.64
1628877.950331,0.708,-0.284,-0.233,-208.53,-99.0,-78.92
1628877.993576,0.483,-0.212,-0.545,-174.5,-163.15,-78.46
1628878.040335,0.869,0.018,-1.242,-208.56,-203.96,-135.14
1628878.083922,0.815,0.239,-1.462,-207.65,-179.17,-105.23
1628878.130609,1.397,-0.492,-0.927,-96.87,-106.02,106.27
1628878.170637,1.433,-0.534,-0.831,8.06,-18.95,33.2
1628878.220735,0.782,0.294,-0.56,25.88,27.19,-39.0
1628878.273806,0.9,0.214,-0.509,11.6,-5.58,6.23
1628878.323801,0.916,0.159,-0.478,15.26,5.83,17.49
1628878.375925,0.796,0.105,-0.433,12.09,12.6,17.46
1628878.418869,0.785,0.085,-0.432,3.6,5.92,-12.76
1628878.460230,0.8,0.168,-0.456,5.86,1.31,-11.44
1628878.509829,0.801,0.134,-0.423,6.04,-0.31,17.24
1628878.549989,0.871,0.105,-0.46,1.98,-4.39,13.92
1628878.590355,0.93,0.087,-0.481,-1.25,-3.23,1.71
1628878.639757,0.951,0.093,-0.466,-2.5,1.19,3.36
1628878.683987,0.94,0.049,-0.459,-1.1,6.44,11.35
1628878.730800,0.895,0.026,-0.465,4.49,10.56,19.71
1628878.783701,0.883,0.036,-0.442,4.64,11.84,16.36
1628878.833719,0.863,0.047,-0.426,0.21,10.86,12.09
1628878.880753,0.871,0.008,-0.398,0.0,7.51,18.86
1628878.930187,0.839,-0.036,-0.388,-1.16,4.39,18.37
1628878.979703,0.866,-0.056,-0.408,-0.37,-1.04,5.52
1628879.028955,0.834,-0.024,-0.367,6.53,0.76,2.69
1628879.070230,0.819,-0.02,-0.339,8.36,-4.91,8.09
1628879.120198,0.859,-0.035,-0.396,1.43,-7.6,-3.14
1628879.163778,0.879,-0.038,-0.406,2.23,-12.39,-8.51
1628879.210294,0.919,-0.004,-0.429,-4.79,-9.13,-4.82
1628879.259995,0.929,-0.052,-0.429,-8.0,-10.77,5.83
1628879.309455,0.927,-0.075,-0.468,-7.32,-7.54,-4.15
1628879.350822,0.902,-0.065,-0.45,-2.04,-5.46,-7.51
1628879.400018,0.85,-0.015,-0.431,0.46,-1.56,-8.0
1628879.449359,0.804,0.029,-0.41,-0.64,-5.31,-5.65
1628879.490414,0.803,0.03,-0.403,5.74,-7.81,6.13
1628879.540028,0.821,0.024,-0.488,2.47,-17.58,-3.75
1628879.589710,0.863,-0.002,-0.509,-7.45,-13.7,-1.13
1628879.634145,0.892,-0.037,-0.499,-5.83,-8.15,2.44
1628879.680821,0.878,-0.025,-0.523,-1.53,-1.34,0.18
1628879.729396,0.861,-0.01,-0.506,-2.2,-2.26,0.92
1628879.770657,0.884,-0.016,-0.532,-1.95,-0.52,0.0
1628879.819645,0.862,-0.037,-0.498,1.62,-0.27,4.79
1628879.869106,0.867,-0.04,-0.514,1.77,1.56,-1.59
1628879.910487,0.838,-0.017,-0.487,0.06,2.32,-1.16
1628879.959666,0.829,-0.008,-0.502,0.7,-0.49,4.64
1628880.005326,0.829,-0.033,-0.483,0.21,0.95,2.56
1628880.049926,0.845,-0.017,-0.485,1.25,-3.94,-1.68
1628880.099340,0.845,0.008,-0.507,-0.76,0.15,-2.08
1628880.140808,0.856,-0.003,-0.5,-0.76,-2.29,0.31
1628880.198616,0.861,0.011,-0.506,-2.14,1.19,-3.54
1628880.241505,0.854,-0.0,-0.487,-2.29,2.72,-1.86
1628880.290585,0.854,-0.016,-0.477,-2.26,2.62,-2.01
1628880.339434,0.854,-0.022,-0.43,-2.75,0.55,-3.78
1628880.383586,0.852,-0.039,-0.46,-3.14,-0.7,-3.11
1628880.430102,0.854,-0.063,-0.438,-1.13,2.59,-3.94
1628880.479464,0.789,-0.026,-0.477,5.43,0.67,-11.81
1628880.529479,0.747,0.037,-0.66,32.59,13.92,4.27
1628880.569631,0.885,-0.092,-0.83,71.75,32.56,38.94
1628880.609866,1.014,-0.198,-1.286,109.81,86.31,-0.76
1628880.650281,0.655,-0.039,-1.226,95.58,134.16,-68.03
1628880.703450,0.564,-0.059,-0.868,66.81,107.82,-18.07
1628880.744107,0.659,-0.024,-0.717,113.96,79.2,-36.26
1628880.790193,0.767,0.083,-0.201,81.91,115.57,-36.96
1628880.830623,0.879,0.097,0.053,54.14,73.31,-36.13
1628880.873856,0.879,0.08,0.215,19.68,58.93,-2.84
1628880.920245,0.992,-0.015,0.484,-12.57,39.67,61.56
1628880.960591,0.904,0.027,0.638,-32.07,44.34,94.97
1628881.003937,0.752,0.07,0.816,-83.01,32.56,114.81
1628881.049924,0.81,-0.117,0.581,-131.2,-25.3,99.03
1628881.100806,1.113,-0.424,0.39,-108.1,-29.57,64.36
1628881.153460,1.138,-0.507,0.365,-31.07,13.25,45.23
1628881.203648,1.02,-0.454,0.226,12.54,20.87,-1.5
1628881.249533,0.894,-0.336,0.122,21.45,15.87,-24.45
1628881.289554,0.9,-0.307,0.04,22.74,7.45,-11.54
1628881.333979,0.895,-0.344,-0.027,10.9,7.66,-5.43
1628881.381164,0.877,-0.35,0.001,12.51,4.46,6.9
1628881.430598,0.913,-0.369,0.013,7.08,-2.04,9.8
1628881.479637,0.92,-0.364,0.055,1.13,-3.39,4.85
1628881.520659,0.906,-0.355,0.069,-0.79,0.82,7.93
1628881.571084,0.93,-0.395,0.065,3.39,1.43,11.41
1628881.619823,0.906,-0.375,0.089,4.97,0.92,12.33
1628881.670025,0.902,-0.392,0.094,2.35,-1.13,7.11
1628881.710580,0.929,-0.423,0.065,-0.21,-1.77,-0.89
1628881.760027,0.9,-0.39,0.065,0.95,-0.18,-1.95
1628881.809190,0.9,-0.393,0.059,3.57,-0.21,4.12
1628881.850503,0.901,-0.408,0.061,1.1,-0.4,0.21
1628881.899668,0.874,-0.381,0.079,-0.58,-2.9,1.56
1628881.943856,0.886,-0.393,0.061,-1.8,-3.78,3.88
1628881.990137,0.908,-0.401,0.057,-1.92,-4.12,1.56
1628882.039253,0.931,-0.393,0.056,-3.51,-1.34,2.99
1628882.081001,0.93,-0.402,0.052,-2.38,0.55,5.13
1628882.129823,0.9,-0.392,0.073,-3.23,2.9,-0.52
1628882.174061,0.875,-0.395,0.094,-3.11,-0.85,0.46
1628882.223308,0.894,-0.434,0.068,-0.37,-5.74,-0.73
1628882.269296,0.911,-0.44,0.042,-0.18,-1.71,-6.16
1628882.310937,0.908,-0.418,0.038,4.7,2.41,-3.91
1628882.359953,0.88,-0.379,0.06,5.4,2.75,2.29
1628882.404269,0.879,-0.38,0.056,2.81,-0.52,5.34
1628882.450460,0.908,-0.412,0.048,1.83,-4.64,4.43
1628882.499420,0.914,-0.398,0.04,0.58,-3.51,0.43
1628882.540549,0.914,-0.396,0.039,-1.31,-0.58,0.7
1628882.589881,0.903,-0.406,0.049,-2.41,0.58,0.09
1628882.639373,0.892,-0.418,0.044,-2.9,1.22,1.5
1628882.681086,0.881,-0.413,0.06,-2.14,0.06,2.44
1628882.729896,0.886,-0.416,0.05,-1.1,-0.89,0.52
1628882.774119,0.881,-0.407,0.073,-1.46,1.71,-0.03
1628882.820578,0.894,-0.443,0.039,-1.62,-1.83,1.28
1628882.870262,0.908,-0.426,0.052,1.25,1.71,-0.18
1628882.910581,0.915,-0.405,0.054,0.21,-0.37,0.61
1628882.959937,0.919,-0.397,0.048,0.58,4.52,-0.85
1628883.004447,0.904,-0.397,0.052,-0.95,2.35,-0.67
1628883.050006,0.892,-0.417,0.055,-1.53,0.95,-1.53
1628883.099528,0.878,-0.409,0.071,-0.76,-1.19,-2.23
1628883.140740,0.878,-0.403,0.06,-0.95,-4.03,0.0
1628883.190062,0.903,-0.415,0.039,-1.5,-3.45,0.76
1628883.239377,0.902,-0.396,0.042,-0.18,-0.67,0.85
1628883.284315,0.903,-0.401,0.04,-1.71,1.22,3.81
1628883.329705,0.909,-0.437,0.046,-1.01,0.49,3.11
1628883.374054,0.903,-0.438,0.044,-0.4,-1.92,-0.15
1628883.420666,0.896,-0.418,0.05,0.85,-1.74,-2.62
1628883.469401,0.889,-0.407,0.05,1.56,-1.25,-0.46
1628883.511414,0.879,-0.402,0.054,1.22,0.06,0.79
1628883.562081,0.891,-0.414,0.049,2.08,-1.98,2.78
1628883.603632,0.9,-0.413,0.042,1.86,-1.1,1.53
1628883.650318,0.901,-0.397,0.032,2.11,-0.85,0.85
1628883.699599,0.89,-0.382,0.038,-2.23,-2.41,1.43
1628883.740711,0.895,-0.429,0.041,-5.46,-3.39,2.5
1628883.790116,0.9,-0.448,0.036,-1.46,-1.77,-2.01
1628883.834088,0.888,-0.441,0.041,2.41,-0.79,-0.92
1628883.880887,0.887,-0.416,0.04,2.5,0.49,-0.46
1628883.929783,0.895,-0.405,0.031,1.37,0.79,-0.24
1628883.970968,0.909,-0.409,0.025,0.18,1.53,0.4
1628884.021173,0.909,-0.414,0.034,-1.53,2.75,-0.37
1628884.069448,0.9,-0.409,0.051,-0.03,3.48,0.85
1628884.110504,0.888,-0.403,0.065,-0.46,1.07,-0.15
1628884.159753,0.883,-0.412,0.06,0.73,-3.14,-0.03
1628884.204292,0.898,-0.428,0.042,3.42,-4.7,-0.43
1628884.250096,0.911,-0.416,0.038,3.33,-4.67,-2.11
1628884.299305,0.909,-0.41,0.019,4.24,-0.46,-1.1
1628884.340350,0.891,-0.403,0.031,4.09,2.32,0.03
1628884.389915,0.876,-0.388,0.035,0.37,-0.52,0.31
1628884.434244,0.895,-0.417,0.021,-1.19,-0.85,1.77
1628884.480950,0.905,-0.41,0.036,-1.07,1.43,1.34
1628884.529621,0.908,-0.4,0.04,-4.61,0.37,2.99
1628884.571500,0.904,-0.416,0.036,-5.28,2.78,2.59
1628884.620621,0.874,-0.413,0.058,-5.55,-0.09,0.67
1628884.669313,0.879,-0.434,0.054,-5.01,-3.33,0.7
1628884.710509,0.889,-0.441,0.036,-1.5,-5.07,0.31
1628884.760200,0.903,-0.431,0.02,-1.25,-3.3,-0.24
1628884.800552,0.907,-0.419,0.019,-0.55,-0.4,0.92
1628884.850015,0.898,-0.41,0.029,0.09,2.17,1.53
1628884.899403,0.882,-0.409,0.041,-1.71,1.34,0.21
1628884.940563,0.888,-0.441,0.029,-1.13,-1.04,1.37
1628884.989798,0.889,-0.427,0.037,1.28,-1.53,-0.15
1628885.034167,0.903,-0.42,0.026,1.53,-2.44,-0.27
1628885.080437,0.906,-0.411,0.029,0.73,-0.98,-0.4
1628885.132809,0.909,-0.423,0.022,1.46,1.98,-0.46
1628885.183648,0.889,-0.407,0.029,1.86,1.8,-1.34
1628885.230379,0.889,-0.414,0.027,0.27,1.34,-1.34
1628885.279163,0.884,-0.415,0.033,1.25,1.4,-0.24
1628885.320378,0.883,-0.401,0.032,0.43,-0.37,0.7
1628885.369617,0.9,-0.42,0.024,-1.71,-1.71,2.32
1628885.413832,0.908,-0.431,0.025,0.18,0.0,1.16
1628885.460882,0.9,-0.425,0.034,0.06,1.4,0.37
1628885.509591,0.906,-0.433,0.031,1.31,2.44,-0.55
1628885.550861,0.918,-0.452,0.017,2.69,5.07,-1.31
1628885.600038,0.969,-0.474,-0.003,4.18,4.7,-7.02
1628885.650028,0.924,-0.403,0.028,10.01,15.08,-12.7
1628885.699637,0.817,-0.283,0.113,7.05,11.26,-3.6
1628885.755301,0.827,-0.316,0.108,-4.79,2.04,-1.37
1628885.804345,0.874,-0.438,0.072,-10.83,-4.55,-0.64
1628885.850198,0.908,-0.467,0.031,-2.53,-2.29,3.08
1628885.899458,0.921,-0.41,0.024,0.89,-3.39,0.89
1628885.940606,0.925,-0.381,0.021,0.73,-0.34,1.56
1628885.989885,0.903,-0.368,0.054,-2.53,1.43,2.41
1628886.034225,0.88,-0.397,0.069,-3.42,-1.46,3.11
1628886.081210,0.892,-0.42,0.05,-1.68,-2.99,0.52
1628886.129673,0.901,-0.403,0.041,-1.16,-1.8,0.52
1628886.170871,0.905,-0.411,0.031,-0.85,-0.95,3.33
1628886.220457,0.897,-0.396,0.038,-0.58,-0.09,2.17
1628886.264096,0.894,-0.405,0.048,-3.39,-0.46,1.98
1628886.310421,0.903,-0.436,0.033,-2.56,-1.13,1.5
1628886.359661,0.909,-0.413,0.036,-1.19,0.24,0.31
1628886.400938,0.91,-0.408,0.035,-2.01,1.62,-0.09
1628886.450152,0.91,-0.421,0.036,-1.83,4.03,-0.82
1628886.499386,0.887,-0.415,0.052,-1.8,2.93,-1.71
1628886.540531,0.886,-0.421,0.046,-1.89,1.74,-1.34
1628886.589846,0.876,-0.388,0.06,-1.04,0.58,-1.4
1628886.634163,0.884,-0.393,0.049,-2.96,-3.63,1.43
1628886.681029,0.913,-0.421,0.041,-2.53,0.0,-0.21
1628886.729603,0.916,-0.423,0.038,-0.12,0.06,1.62
1628886.771260,0.913,-0.404,0.042,1.92,1.77,-0.82
1628886.814957,0.911,-0.396,0.046,1.13,1.25,-1.92
1628886.863719,0.906,-0.414,0.038,1.28,2.78,-1.74
1628886.910347,0.887,-0.415,0.044,4.55,1.4,-2.44
1628886.959572,0.891,-0.407,0.036,2.08,1.13,-0.98
1628887.000934,0.892,-0.388,0.057,0.92,0.03,0.55
1628887.050166,0.898,-0.404,0.048,-1.46,-1.01,-0.4
1628887.099413,0.902,-0.411,0.051,-1.28,1.53,0.12
1628887.140501,0.906,-0.405,0.048,-2.41,1.01,-1.22
1628887.189786,0.913,-0.402,0.03,-1.98,2.01,-0.43
1628887.233831,0.9,-0.397,0.043,-1.59,2.17,0.18
1628887.282102,0.89,-0.393,0.045,-3.51,-0.18,-1.4
1628887.329306,0.9,-0.41,0.041,-5.19,-0.09,-0.06
1628887.371098,0.905,-0.41,0.042,-3.11,1.77,0.46
1628887.420912,0.903,-0.395,0.042,-3.02,2.9,0.18
1628887.464002,0.891,-0.382,0.055,-5.46,2.93,2.14
1628887.510350,0.907,-0.423,0.044,-5.34,2.9,4.55
1628887.559594,0.96,-0.48,0.044,-1.71,6.59,0.61
1628887.603967,0.938,-0.493,0.13,10.99,18.13,4.43
1628887.654095,0.871,-0.561,0.354,49.44,33.91,18.04
1628887.694296,0.847,-0.527,0.61,88.66,52.4,21.73
1628887.739880,0.868,-0.303,0.812,130.92,55.02,-2.59
1628887.780832,0.738,0.131,0.944,130.38,60.55,-60.73
1628887.833659,0.642,0.28,1.148,53.1,9.86,-69.12
1628887.884308,0.803,-0.01,0.756,9.95,-68.0,25.67
1628887.929583,1.046,-0.377,0.214,-62.11,-85.85,-18.49
1628887.981279,0.597,0.013,0.147,-132.3,-109.26,-126.68
1628888.024066,0.543,0.01,-0.559,-104.71,-170.63,17.03
1628888.071086,0.101,-0.122,-1.297,-161.72,-221.9,66.81
1628888.113897,0.696,-0.317,-1.905,-178.53,-231.15,78.19
1628888.160535,1.377,-0.989,-0.975,-130.13,-95.98,-13.67
1628888.211399,0.973,-0.213,-0.725,33.6,47.06,-14.95
1628888.263888,0.483,0.164,-0.448,6.5,14.92,1.25
1628888.314100,0.927,-0.162,-0.518,-16.94,-30.52,14.1
1628888.363985,0.938,-0.287,-0.489,-5.28,-5.16,-5.31
1628888.410819,0.838,-0.115,-0.494,-4.49,5.34,-23.62
1628888.459938,0.834,-0.146,-0.475,-4.24,2.69,-0.15
1628888.509398,0.838,-0.212,-0.486,-2.17,7.02,2.41
1628888.550717,0.818,-0.162,-0.461,-0.61,3.3,-11.6
1628888.600150,0.824,-0.135,-0.471,-5.8,3.54,-4.61
1628888.649428,0.835,-0.141,-0.455,-1.89,0.7,0.95
1628888.690650,0.839,-0.145,-0.443,-4.12,0.49,-0.06
1628888.739821,0.832,-0.138,-0.459,-7.69,1.13,-0.92
1628888.783787,0.832,-0.183,-0.478,-7.2,0.49,2.99
1628888.830387,0.847,-0.169,-0.487,-3.72,-1.1,-2.2
1628888.870389,0.851,-0.16,-0.475,-0.92,-3.45,0.49
1628888.910445,0.888,-0.146,-0.49,0.67,1.89,4.94
1628888.959287,0.842,-0.149,-0.469,-0.31,4.7,-4.18
1628889.000498,0.827,-0.113,-0.47,0.43,2.99,-0.55
1628889.049832,0.823,-0.152,-0.458,-0.73,-0.61,5.07
1628889.093977,0.84,-0.16,-0.461,-1.5,-0.98,0.73
1628889.140437,0.831,-0.148,-0.475,-1.28,0.58,-0.15
1628889.189655,0.83,-0.15,-0.474,-1.4,-1.92,1.62
1628889.231068,0.85,-0.163,-0.46,-1.62,-2.9,-0.03
1628889.281252,0.867,-0.153,-0.487,-0.27,-1.8,1.65
1628889.329524,0.865,-0.149,-0.479,1.89,0.34,1.56
1628889.370797,0.843,-0.152,-0.477,-0.37,-0.34,0.76
1628889.420288,0.838,-0.163,-0.488,-1.22,1.59,-1.95
1628889.464216,0.838,-0.156,-0.474,-0.43,1.07,-3.36
1628889.510041,0.852,-0.138,-0.485,1.1,0.12,-2.38
1628889.559362,0.859,-0.136,-0.48,-1.77,2.62,-3.54
1628889.600891,0.844,-0.137,-0.476,-0.61,1.86,-0.85
1628889.649771,0.835,-0.144,-0.471,-2.5,1.5,-6.2
1628889.694153,0.839,-0.138,-0.473,-1.65,1.25,-2.81
1628889.740416,0.834,-0.137,-0.474,-0.09,-0.61,-1.95
1628889.789763,0.84,-0.12,-0.472,-1.37,1.22,-1.8
1628889.830487,0.844,-0.123,-0.468,-1.56,-1.46,-1.1
1628889.880560,0.855,-0.119,-0.478,-0.95,-0.27,0.67
1628889.929422,0.858,-0.129,-0.478,0.27,-0.27,6.38
1628889.971016,0.842,-0.145,-0.473,-0.4,0.61,3.33
1628890.019779,0.832,-0.125,-0.471,-0.06,-0.79,3.23
1628890.063922,0.856,-0.15,-0.487,-1.1,-3.3,2.04
1628890.113291,0.874,-0.147,-0.495,-0.24,-1.01,0.24
1628890.159504,0.842,-0.144,-0.475,1.07,0.67,3.11
1628890.200769,0.829,-0.155,-0.457,-0.55,1.65,0.92
1628890.249939,0.84,-0.157,-0.468,-1.74,-0.21,-2.56
1628890.294153,0.848,-0.162,-0.476,-0.4,-0.64,-2.66
1628890.340443,0.842,-0.158,-0.478,0.06,-0.09,-5.13
1628890.389676,0.851,-0.134,-0.475,1.74,0.12,-2.35
1628890.430855,0.852,-0.138,-0.461,0.73,1.31,-3.23
1628890.480417,0.854,-0.127,-0.481,0.0,0.49,-6.16
1628890.527344,0.851,-0.132,-0.482,1.16,0.27,-1.92
1628890.570097,0.829,-0.12,-0.48,1.83,2.04,-4.61
1628890.619518,0.826,-0.1,-0.483,0.76,-0.58,-3.88
1628890.660691,0.833,-0.109,-0.484,-0.15,0.21,-2.41
1628890.710153,0.837,-0.102,-0.482,0.09,-1.31,-2.93
1628890.759376,0.848,-0.11,-0.478,-1.92,-2.08,-2.14
1628890.800525,0.85,-0.111,-0.476,-1.65,-0.61,-2.41
1628890.849911,0.843,-0.12,-0.483,-2.62,-0.85,-1.98
1628890.894371,0.848,-0.117,-0.494,-1.37,0.06,-2.14
1628890.940264,0.836,-0.117,-0.485,-1.89,-0.95,-2.11
1628890.983601,0.85,-0.117,-0.486,-1.98,-0.31,-3.51
1628891.030604,0.857,-0.11,-0.489,-1.04,0.55,-1.65
1628891.080834,0.864,-0.109,-0.499,-0.67,0.55,-0.79
1628891.124036,0.858,-0.115,-0.488,-0.37,1.92,-0.89
1628891.170306,0.848,-0.097,-0.477,-0.21,1.62,-1.1
1628891.219558,0.849,-0.099,-0.479,-1.22,2.87,0.73
1628891.261023,0.847,-0.099,-0.477,-1.04,1.25,-0.37
1628891.310112,0.844,-0.085,-0.475,-1.19,3.02,0.64
1628891.359340,0.844,-0.095,-0.465,-2.29,-0.06,1.16
1628891.400551,0.86,-0.087,-0.476,-3.81,-0.15,-1.56
1628891.449870,0.874,-0.107,-0.483,-5.95,1.37,-0.67
1628891.490969,0.872,-0.126,-0.481,-3.42,3.39,0.79
1628891.534881,0.841,-0.123,-0.469,-2.11,4.33,-1.4
1628891.579678,0.827,-0.098,-0.474,-0.37,2.87,-1.59
1628891.620808,0.833,-0.093,-0.464,-0.64,1.56,-0.7
1628891.669643,0.825,-0.086,-0.459,-1.22,0.85,-1.31
1628891.712044,0.837,-0.082,-0.46,-1.8,-0.85,-2.44
1628891.760435,0.849,-0.073,-0.475,-2.44,-1.83,-2.62
1628891.804148,0.862,-0.088,-0.472,-1.46,-0.55,0.4
1628891.850690,0.921,-0.103,-0.516,10.01,3.27,5.28
1628891.900382,0.915,-0.127,-0.507,23.74,14.19,12.91
1628891.953559,0.879,-0.058,-0.5,25.42,24.96,12.18
1628892.003668,0.857,-0.021,-0.398,-11.44,7.84,-35.68
1628892.053847,0.895,0.0,-0.42,-26.28,-2.17,-13.4
1628892.104018,0.894,-0.124,-0.462,-19.78,-0.52,20.54
1628892.154182,0.836,-0.169,-0.428,-15.11,6.1,5.19
1628892.204151,0.808,-0.115,-0.42,-13.25,3.91,-11.69
1628892.254216,0.834,-0.09,-0.399,-11.51,-2.99,-8.79
1628892.300908,0.841,-0.087,-0.421,-7.39,-2.2,-2.26
1628892.349871,0.873,-0.101,-0.433,-5.46,-4.18,-2.62
1628892.394303,0.881,-0.091,-0.446,-2.41,-1.77,-5.13
1628892.440576,0.871,-0.063,-0.434,0.31,-0.76,-3.42
1628892.489760,0.876,-0.037,-0.449,2.23,-0.95,-0.95
1628892.530892,0.874,-0.039,-0.448,1.98,-0.06,-1.74
1628892.580256,0.875,-0.024,-0.442,1.04,0.49,-3.85
1628892.624247,0.865,-0.022,-0.435,-0.46,-0.27,-2.59
1628892.670609,0.87,-0.043,-0.441,0.7,-1.01,0.95
1628892.720305,0.863,-0.041,-0.44,-0.03,0.03,-3.2
1628892.761737,0.854,-0.043,-0.434,0.52,-0.89,-0.37
1628892.810217,0.864,-0.051,-0.454,1.13,-2.35,-1.74
1628892.859493,0.866,-0.038,-0.454,1.53,-2.84,-1.68
1628892.900657,0.875,-0.035,-0.458,1.04,-1.95,-0.92
1628892.949914,0.876,-0.034,-0.462,1.98,-1.59,0.4
1628892.994187,0.888,-0.032,-0.47,1.13,-1.1,0.37
1628893.040230,0.909,-0.051,-0.479,0.18,-0.09,-2.66
1628893.089420,0.892,-0.032,-0.462,2.66,5.01,0.73
1628893.130806,0.839,-0.034,-0.446,2.69,4.97,0.21
1628893.180573,0.818,-0.02,-0.433,0.21,-0.12,-1.01
1628893.224261,0.832,-0.036,-0.435,0.06,-1.5,2.23
1628893.270750,0.848,-0.04,-0.445,-1.13,-3.08,-1.62
1628893.319663,0.87,-0.029,-0.458,-0.76,-4.27,0.06
1628893.361483,0.878,-0.041,-0.46,-2.59,-4.49,-0.15
1628893.410349,0.899,-0.053,-0.496,-0.89,-4.61,2.29
1628893.459074,0.876,-0.048,-0.467,-0.64,-1.25,-0.82
1628893.500606,0.876,-0.042,-0.467,-0.06,-1.01,1.13
1628893.549929,0.876,-0.037,-0.478,-0.82,1.13,0.06
1628893.594141,0.846,-0.037,-0.45,-0.43,0.43,-0.03
1628893.640401,0.82,-0.025,-0.466,-0.73,-2.93,0.79
1628893.689555,0.841,-0.043,-0.457,-2.62,-4.33,1.19
1628893.730914,0.867,-0.052,-0.473,-1.68,-5.89,2.04
1628893.780289,0.874,-0.061,-0.483,0.61,-2.81,2.2
1628893.824183,0.874,-0.047,-0.482,0.52,-0.95,1.74
1628893.870528,0.872,-0.037,-0.482,-0.27,2.59,2.17
1628893.919727,0.869,-0.045,-0.471,1.22,2.96,-1.1
1628893.960705,0.862,-0.044,-0.481,1.37,1.53,0.52
1628894.009834,0.887,-0.047,-0.489,2.93,2.99,0.73
1628894.054153,0.878,-0.032,-0.466,1.65,5.71,0.67
1628894.100383,0.882,-0.047,-0.454,4.52,1.56,7.2
1628894.150119,0.899,-0.11,-0.464,5.01,4.24,7.29
1628894.199347,0.914,-0.141,-0.424,3.02,3.02,-6.07
1628894.240392,0.92,-0.157,-0.41,9.13,7.75,-4.03
1628894.290176,0.825,-0.135,-0.341,10.74,1.95,-2.56
1628894.339616,0.738,-0.084,-0.449,12.63,-8.91,8.67
1628894.384424,0.672,-0.081,-0.564,24.51,-1.25,5.31
1628894.429758,0.953,-0.272,-1.07,112.98,42.33,25.18
1628894.470987,0.648,-0.194,-1.402,134.4,105.56,-49.04
1628894.511129,0.48,0.114,-1.345,103.92,99.06,-71.26
1628894.564304,0.634,0.051,-1.112,124.18,88.44,-54.23
1628894.610564,0.828,0.11,-0.48,73.52,117.04,-61.8
1628894.651000,0.819,0.186,-0.06,27.95,121.13,-61.01
1628894.704692,0.982,0.041,0.165,-38.7,80.72,-11.23
1628894.750155,0.844,-0.051,0.495,-85.02,91.62,6.04
1628894.790334,0.781,-0.077,0.761,-103.85,54.63,61.46
1628894.843119,0.952,-0.092,0.577,-210.7,-20.42,31.37
1628894.893947,0.788,-0.48,0.546,-187.93,15.38,69.49
1628894.934017,0.856,-0.626,0.605,-115.63,8.33,98.36
1628894.979382,1.017,-0.492,0.462,-82.16,30.37,-6.74
1628895.029809,0.988,-0.52,0.407,-36.44,39.52,-22.34
1628895.079934,0.956,-0.379,0.318,-0.12,53.47,-4.97
1628895.129859,0.866,-0.259,0.321,17.98,33.02,-8.55
1628895.170127,0.86,-0.223,0.268,5.04,19.07,-11.99
1628895.220180,0.884,-0.225,0.245,14.01,8.91,-1.46
1628895.264140,0.902,-0.235,0.231,10.99,6.56,2.99
1628895.310953,0.944,-0.311,0.217,5.71,5.1,1.74
1628895.360018,0.886,-0.25,0.257,12.39,13.61,-2.11
1628895.410508,0.874,-0.24,0.297,15.14,1.62,4.52
1628895.459739,0.888,-0.219,0.276,12.7,-2.01,5.16
1628895.501180,0.944,-0.278,0.246,6.29,-2.84,4.85
1628895.550606,0.929,-0.294,0.252,14.62,4.76,8.3
1628895.600035,0.902,-0.26,0.277,12.18,4.18,5.98
1628895.649919,0.91,-0.273,0.267,12.27,-1.04,8.33
1628895.693931,0.927,-0.265,0.252,5.86,2.23,1.28
1628895.740344,0.896,-0.268,0.273,5.46,-1.22,4.0
1628895.789463,0.926,-0.281,0.251,3.85,-6.78,5.49
1628895.830897,0.94,-0.294,0.251,-2.41,-4.97,-2.35
1628895.880748,0.933,-0.288,0.258,0.37,-1.19,-4.0
1628895.924086,0.91,-0.249,0.281,3.81,0.64,-0.61
1628895.970541,0.911,-0.266,0.277,-1.68,-2.32,-1.56
1628896.019517,0.9,-0.271,0.283,-2.2,-5.28,-2.75
1628896.061078,0.903,-0.268,0.271,0.18,-5.74,0.37
1628896.110375,0.917,-0.282,0.272,0.0,-5.74,1.89
1628896.154655,0.924,-0.291,0.254,-2.14,-9.25,-1.25
1628896.200611,0.938,-0.282,0.249,1.56,-6.44,-4.03
1628896.249705,0.913,-0.235,0.266,7.29,-4.46,0.95
1628896.290938,0.911,-0.246,0.248,2.78,-6.59,1.68
1628896.340254,0.946,-0.31,0.206,4.43,-3.11,2.78
1628896.389547,0.919,-0.268,0.219,7.87,0.67,-0.4
1628896.430867,0.894,-0.247,0.239,5.19,-2.08,2.04
1628896.480745,0.904,-0.269,0.241,1.98,-7.23,2.66
1628896.524383,0.946,-0.279,0.201,1.56,-8.24,-3.2
1628896.570708,0.938,-0.244,0.224,-2.62,-3.14,-8.18
1628896.619671,0.927,-0.235,0.209,-1.28,0.03,1.74
1628896.660849,0.926,-0.252,0.216,-3.08,1.74,2.69
1628896.710028,0.939,-0.295,0.214,-5.34,0.55,1.04
1628896.754823,0.933,-0.279,0.228,0.0,1.95,-0.03
1628896.800330,0.918,-0.247,0.244,0.27,-4.09,-2.99
1628896.849466,0.92,-0.231,0.254,-2.32,-5.65,-4.06
1628896.890653,0.928,-0.244,0.245,-4.27,-3.39,-0.55
1628896.940170,0.938,-0.29,0.229,0.4,-1.19,1.68
1628896.984523,0.928,-0.268,0.229,3.63,0.73,1.1
1628897.030763,0.928,-0.262,0.224,4.27,0.58,-0.15
1628897.080580,0.939,-0.259,0.208,5.01,-5.58,-3.88
1628897.123947,0.95,-0.243,0.188,5.22,-7.14,-10.53
1628897.171414,0.977,-0.198,0.154,-1.74,-7.81,-20.81
1628897.220944,0.939,-0.173,0.188,-1.65,1.4,-6.56
1628897.269758,0.904,-0.232,0.221,-1.07,2.56,6.23
1628897.311959,0.903,-0.265,0.218,-2.81,0.76,2.84
1628897.360114,0.9,-0.269,0.239,0.09,-3.27,1.83
1628897.404510,0.951,-0.237,0.202,2.41,-8.73,-0.85
1628897.450702,0.988,-0.185,0.173,-3.14,-2.87,-10.56
1628897.500021,0.978,-0.196,0.17,-3.02,3.11,-1.46
1628897.544117,0.943,-0.215,0.189,-2.38,7.6,2.17
1628897.590506,0.915,-0.231,0.214,-3.02,6.23,-0.76
1628897.639697,0.916,-0.224,0.22,-2.14,2.32,-1.46
1628897.680869,0.923,-0.209,0.223,-1.65,1.01,-0.4
1628897.730381,0.939,-0.22,0.22,-2.01,0.92,2.5
1628897.774356,0.939,-0.236,0.222,-1.65,2.78,2.93
1628897.819847,0.947,-0.232,0.22,-0.58,3.36,1.53
1628897.869618,0.954,-0.228,0.208,-4.46,2.11,-2.04
1628897.911789,0.957,-0.21,0.199,1.92,0.49,-1.56
1628897.961204,0.943,-0.214,0.208,-0.24,-0.43,-0.98
1628898.009361,0.934,-0.24,0.209,0.37,2.32,0.15
1628898.050738,0.919,-0.229,0.222,0.95,2.04,-0.06
1628898.099904,0.928,-0.211,0.223,0.06,-1.46,1.28
1628898.144080,0.944,-0.223,0.214,-0.4,-0.76,1.56
1628898.190456,0.965,-0.245,0.196,2.11,0.12,1.89
1628898.239388,0.969,-0.231,0.195,3.05,3.97,-2.81
1628898.280810,0.949,-0.21,0.207,2.93,6.5,-2.01
1628898.330259,0.929,-0.211,0.215,1.77,5.68,-1.1
1628898.374281,0.912,-0.206,0.227,0.82,5.01,-0.76
1628898.421019,0.91,-0.21,0.243,-1.25,1.86,1.04
1628898.469839,0.924,-0.228,0.226,-0.43,-0.4,2.44
1628898.511154,0.935,-0.222,0.241,0.06,1.4,1.4
1628898.560698,0.947,-0.225,0.23,0.37,0.09,3.23
1628898.604551,0.958,-0.226,0.221,0.61,2.59,0.95
1628898.650607,0.943,-0.214,0.231,1.16,1.86,0.61
1628898.699887,0.939,-0.212,0.236,-1.04,1.43,-1.56
1628898.741047,0.932,-0.215,0.244,-0.64,1.19,-0.92
1628898.790410,0.938,-0.226,0.23,0.27,0.4,-0.79
1628898.839547,0.938,-0.219,0.231,1.65,3.02,-2.29
1628898.880744,0.928,-0.195,0.235,0.73,1.95,-1.28
1628898.929628,0.925,-0.214,0.229,-1.92,1.4,1.04
1628898.973898,0.934,-0.222,0.23,-1.43,2.29,1.04
1628899.020128,0.934,-0.216,0.24,-2.23,0.76,0.06
1628899.069443,0.942,-0.211,0.236,-3.11,1.43,-1.1
1628899.111286,0.932,-0.202,0.248,-2.5,1.59,0.67
1628899.160106,0.934,-0.217,0.253,-3.3,1.95,3.6
1628899.204645,0.946,-0.24,0.248,-3.39,1.5,3.14
1628899.250560,0.942,-0.223,0.247,-2.23,3.75,-0.7
1628899.299791,0.96,-0.232,0.231,-3.81,4.58,-4.43
1628899.340972,0.957,-0.216,0.225,-2.23,6.01,-5.71
1628899.390396,0.926,-0.213,0.242,-0.24,8.42,-0.92
1628899.439548,0.911,-0.223,0.262,3.17,5.74,4.88
1628899.480661,0.897,-0.232,0.278,3.11,2.84,2.53
1628899.530117,0.902,-0.227,0.286,2.35,2.44,-2.01
1628899.570936,0.909,-0.232,0.282,3.17,-0.79,-0.55
1628899.620763,0.926,-0.208,0.258,2.66,1.4,-0.49
1628899.669531,0.925,-0.189,0.259,1.8,0.43,3.14
1628899.711908,0.936,-0.21,0.253,0.34,-0.27,3.66
1628899.760070,0.931,-0.22,0.264,1.95,1.4,6.41
1628899.804400,0.926,-0.227,0.269,2.93,0.06,8.15
1628899.850550,0.927,-0.25,0.271,1.37,0.7,2.62
1628899.899796,0.929,-0.23,0.271,1.71,0.34,-2.5
1628899.940896,0.932,-0.217,0.267,1.5,0.52,-2.14
1628899.990285,0.924,-0.218,0.267,1.59,2.47,0.79
1628900.034339,0.915,-0.228,0.273,-0.15,0.61,-0.43
1628900.080478,0.924,-0.235,0.266,-0.06,1.34,-0.43
1628900.129854,0.924,-0.231,0.266,1.13,0.7,0.09
1628900.170969,0.923,-0.229,0.274,0.67,1.5,-0.67
1628900.220284,0.929,-0.237,0.277,2.69,1.43,-0.31
1628900.269487,0.943,-0.25,0.276,5.62,6.1,-1.1
1628900.312300,0.945,-0.266,0.26,10.68,8.7,-2.23
1628900.361443,0.883,-0.211,0.334,17.33,15.08,-0.58
1628900.414221,0.813,-0.19,0.513,22.34,10.77,19.47
1628900.464152,0.826,-0.293,0.603,59.82,2.32,58.9
1628900.515150,0.832,-0.285,0.729,72.3,15.38,37.02
1628900.560683,0.655,-0.04,0.98,107.21,29.51,50.9
1628900.611568,0.612,-0.342,1.079,99.52,-20.69,101.69
1628900.664375,0.653,-0.451,1.004,74.92,-59.82,71.6
1628900.704798,0.729,-0.394,0.759,28.44,-105.14,20.14
1628900.750482,0.903,-0.092,0.418,-65.16,-126.5,-92.04
1628900.790922,0.576,0.061,0.238,-103.55,-137.55,-87.19
1628900.834192,0.258,0.033,-0.484,-111.7,-208.66,-10.07
1628900.880719,0.485,-0.242,-1.821,-165.01,-290.23,25.51
1628900.924359,1.237,-0.341,-1.956,-251.11,-163.46,-229.26
1628900.970752,1.026,-0.337,-0.631,-20.91,-32.62,15.56
1628901.010960,0.881,-0.041,-0.662,69.73,12.3,87.98
1628901.060677,0.64,0.222,-0.363,22.28,4.79,-17.43
1628901.113840,0.817,0.122,-0.478,-23.68,-33.81,-38.48
1628901.159390,0.965,0.1,-0.499,-7.69,-22.06,-3.85
1628901.200757,0.926,0.047,-0.518,0.7,-5.07,18.46
1628901.250425,0.861,-0.011,-0.483,-8.27,-3.17,-5.52
1628901.300743,0.866,0.0,-0.478,-10.25,-5.1,-15.63
1628901.350125,0.84,0.018,-0.503,-5.62,-0.67,-0.61
1628901.394101,0.841,-0.031,-0.477,-2.11,-1.1,7.17
1628901.440387,0.851,-0.02,-0.493,-4.06,-0.7,-6.71
1628901.480593,0.834,-0.005,-0.469,-5.16,0.92,-7.63
1628901.520902,0.85,-0.004,-0.493,-1.37,-2.99,1.56
1628901.570932,0.851,-0.009,-0.488,0.18,-0.85,3.3
1628901.611146,0.836,-0.012,-0.492,0.27,-0.92,0.12
1628901.661856,0.852,-0.001,-0.506,1.4,-0.34,-0.43
1628901.709451,0.865,0.026,-0.484,2.44,0.89,-1.16
1628901.750809,0.84,0.043,-0.492,0.85,4.09,1.01
1628901.799866,0.837,-0.0,-0.492,-4.94,0.15,2.26
1628901.844008,0.858,-0.021,-0.506,-1.62,-0.95,4.85
1628901.890489,0.859,-0.015,-0.503,1.4,0.64,0.49
1628901.939572,0.844,0.022,-0.476,4.18,2.72,-1.28
1628901.980903,0.814,0.049,-0.472,1.98,2.32,0.55
1628902.029950,0.805,0.035,-0.475,-1.25,-2.75,4.91
1628902.074403,0.823,0.009,-0.483,-4.15,-3.75,3.17
1628902.120383,0.856,-0.013,-0.501,-5.34,-6.53,2.75
1628902.169553,0.841,-0.025,-0.491,-3.36,-1.65,0.58
1628902.211673,0.842,-0.013,-0.498,-3.72,-2.84,-2.69
1628902.262631,0.846,0.001,-0.5,-4.73,-4.3,-1.86
1628902.305170,0.857,-0.012,-0.499,-2.9,-3.2,2.96
1628902.350787,0.857,-0.016,-0.515,-2.38,-2.9,-0.46
1628902.399963,0.845,-0.002,-0.51,-1.74,-1.5,-3.05
1628902.441064,0.852,0.015,-0.515,-1.22,-1.13,-3.02
1628902.490431,0.849,0.017,-0.513,-1.65,-1.62,-0.34
1628902.539631,0.844,0.012,-0.505,-1.46,0.73,0.31
1628902.580910,0.847,0.013,-0.516,-1.74,-0.37,-0.31
1628902.630286,0.83,0.019,-0.504,-2.01,1.22,-0.4
1628902.674280,0.829,0.01,-0.502,-2.38,-0.4,0.37
1628902.720554,0.829,0.009,-0.502,-2.9,1.34,1.28
1628902.769603,0.816,0.016,-0.498,-1.43,-0.79,-0.92
1628902.811579,0.831,0.008,-0.508,-2.23,-2.93,0.64
1628902.860153,0.851,-0.009,-0.518,-1.89,-1.86,-0.06
1628902.904612,0.852,-0.006,-0.528,-0.52,-0.92,-1.34
1628902.950717,0.851,-0.0,-0.527,1.07,-0.21,-1.16
1628902.999864,0.85,0.021,-0.527,2.29,1.59,-2.01
1628903.041023,0.832,0.027,-0.509,1.56,2.93,-0.55
1628903.090150,0.822,0.026,-0.502,0.27,0.82,1.34
1628903.139497,0.825,0.019,-0.501,-0.49,0.85,-0.73
1628903.180558,0.823,0.026,-0.478,-1.56,2.32,-0.76
1628903.229801,0.829,0.015,-0.497,-1.43,-1.1,-0.06
1628903.271097,0.835,0.008,-0.513,-1.34,-1.04,-0.82
1628903.321075,0.845,0.0,-0.525,-0.92,-1.68,-1.5
1628903.369596,0.847,0.012,-0.523,1.04,0.4,-3.48
1628903.411448,0.83,0.026,-0.516,2.17,1.22,-1.89
1628903.460066,0.83,0.042,-0.508,1.68,1.68,-1.98
1628903.504326,0.822,0.041,-0.502,0.37,0.7,-1.74
1628903.550659,0.811,0.048,-0.488,2.44,2.72,0.64
1628903.599827,0.808,0.064,-0.495,-1.4,-0.98,0.46
1628903.640978,0.809,0.036,-0.501,-5.46,-4.24,1.68
1628903.690239,0.856,0.005,-0.532,-5.28,-6.2,0.67
1628903.734629,0.863,-0.005,-0.548,-3.11,-1.86,0.7
1628903.780535,0.863,0.006,-0.542,0.61,0.52,-0.55
1628903.830032,0.841,0.027,-0.505,0.64,3.39,1.07
1628903.871087,0.829,0.025,-0.486,-0.15,1.83,2.38
1628903.920916,0.836,0.022,-0.503,-0.61,4.27,3.05
1628903.969683,0.818,0.012,-0.494,-0.52,1.59,3.02
1628904.011364,0.821,0.013,-0.524,-2.38,1.56,0.76
1628904.060074,0.813,-0.002,-0.509,-1.5,-1.89,0.4
1628904.104619,0.823,0.017,-0.525,0.09,0.24,-1.59
1628904.150453,0.831,0.015,-0.547,-0.37,-0.61,-0.52
1628904.199785,0.844,0.021,-0.51,2.01,7.6,-1.46
1628904.240868,0.838,0.035,-0.515,-0.4,3.75,-1.16
1628904.290323,0.857,0.025,-0.512,-2.01,0.7,2.47
1628904.334635,0.847,0.016,-0.503,-1.46,1.5,2.84
1628904.380716,0.836,0.014,-0.498,-2.38,1.65,3.33
1628904.430124,0.833,0.0,-0.497,-0.92,1.28,2.56
1628904.471003,0.833,0.009,-0.5,-1.4,2.2,0.18
1628904.520251,0.836,0.002,-0.512,-1.01,-0.03,0.95
1628904.564794,0.846,0.006,-0.523,-1.59,-0.12,-1.22
1628904.611693,0.84,0.01,-0.516,-0.31,0.73,0.58
1628904.659792,0.851,0.011,-0.521,-0.89,0.82,-0.7
1628904.700810,0.84,0.014,-0.506,0.09,1.86,0.0
1628904.750127,0.831,0.016,-0.502,0.37,1.59,0.49
1628904.799380,0.83,0.021,-0.501,-0.67,0.61,-0.64
1628904.840578,0.824,0.012,-0.502,-1.74,-1.68,2.69
1628904.890267,0.821,0.008,-0.491,-0.89,-0.09,0.03
1628904.934453,0.824,0.016,-0.506,-1.46,-1.56,-0.18
1628904.980547,0.833,-0.0,-0.504,0.18,-1.04,1.07
1628905.021052,0.832,0.014,-0.509,0.7,-0.43,-1.92
1628905.071199,0.848,0.02,-0.516,0.34,-2.14,-0.89
1628905.120660,0.861,-0.025,-0.532,5.13,1.92,3.27
1628905.173037,1.051,-0.233,-0.712,49.78,27.62,13.28
1628905.220812,0.774,-0.244,-1.023,179.42,108.19,99.12
1628905.271174,0.841,-0.242,-1.533,199.16,131.75,4.12
1628905.312535,0.638,-0.054,-0.982,159.0,176.82,-56.49
1628905.354625,0.738,-0.03,-0.479,144.6,110.57,-3.51
1628905.400257,0.846,-0.096,0.0,99.77,89.02,-19.68
1628905.450840,0.767,-0.123,0.131,67.87,39.74,-25.97
1628905.501151,0.876,-0.024,0.242,57.89,46.57,-8.0
1628905.554280,0.818,0.002,0.413,-12.27,58.02,-42.51
1628905.600181,0.853,0.058,0.443,0.76,30.79,-16.02
1628905.644207,0.956,0.08,0.492,-20.29,8.58,-9.28
1628905.694178,0.911,0.234,0.218,-54.51,24.14,27.01
1628905.734608,0.86,-0.077,0.53,-123.2,58.32,29.21
1628905.780434,0.894,-0.43,0.466,-101.63,1.07,26.22
1628905.821093,0.927,-0.486,0.514,-94.49,44.01,-13.55
1628905.870895,0.854,-0.279,0.555,-63.08,15.47,-37.97
1628905.911047,0.848,-0.127,0.48,-56.15,12.63,-34.82
1628905.961622,0.876,-0.214,0.389,-23.53,-8.45,-11.54
1628906.010879,0.924,-0.179,0.263,-9.28,-1.37,-7.93
1628906.060731,0.943,-0.177,0.253,-10.59,8.42,1.25
1628906.104445,0.946,-0.205,0.247,-2.5,8.67,13.28
1628906.154567,0.942,-0.23,0.256,-1.16,15.29,10.74
1628906.201137,0.944,-0.238,0.265,2.47,7.11,3.57
1628906.250708,0.936,-0.219,0.279,0.73,10.35,-0.95
1628906.300198,0.942,-0.243,0.278,-2.41,11.41,-3.05
1628906.349916,0.934,-0.236,0.269,3.66,11.35,-4.73
1628906.394211,0.913,-0.198,0.302,4.12,15.38,-5.28
1628906.440821,0.909,-0.182,0.303,8.85,5.95,3.91
1628906.490254,0.912,-0.202,0.31,-10.1,8.73,-2.66
1628906.534670,0.922,-0.232,0.324,-5.16,7.39,-0.4
1628906.580626,0.914,-0.223,0.36,2.96,7.54,4.76
1628906.630178,0.93,-0.231,0.342,2.32,5.04,1.19
1628906.671066,0.926,-0.227,0.367,4.21,9.34,-6.65
1628906.720844,0.924,-0.181,0.363,8.3,7.05,-7.97
1628906.770931,0.94,-0.168,0.328,-3.2,17.52,-15.69
1628906.811123,0.907,-0.197,0.342,-13.61,18.92,-18.19
1628906.859908,0.877,-0.19,0.331,1.31,22.95,-1.4
1628906.900259,0.85,-0.241,0.411,15.32,31.13,11.29
1628906.950094,0.83,-0.184,0.43,21.09,15.69,9.4
1628906.999780,0.837,-0.175,0.436,11.23,7.84,4.3
1628907.040539,0.853,-0.204,0.434,6.07,-7.2,0.18
1628907.080884,0.874,-0.188,0.417,4.36,-8.12,-1.86
1628907.121055,0.881,-0.174,0.414,7.29,-6.71,4.06
1628907.170739,0.876,-0.168,0.43,2.81,-10.22,5.25
1628907.211093,0.847,-0.155,0.462,17.76,-13.43,21.0
1628907.261250,0.921,-0.169,0.333,11.47,-32.23,19.53
1628907.310308,0.92,-0.242,0.388,-1.46,0.64,6.59
1628907.354570,0.945,-0.231,0.338,6.32,-6.56,6.47
1628907.400814,0.921,-0.207,0.357,-1.19,3.75,-5.65
1628907.450005,0.893,-0.191,0.392,8.48,5.43,0.89
1628907.491107,0.895,-0.192,0.37,-0.49,5.68,-4.46
1628907.540382,0.888,-0.237,0.402,0.92,1.74,-6.41
1628907.580495,0.939,-0.32,0.378,12.67,-9.74,-3.42
1628907.624075,0.927,-0.212,0.351,30.12,-9.8,-14.4
1628907.674170,0.869,-0.01,0.375,41.26,-3.05,-1.04
1628907.724160,0.843,-0.054,0.418,27.89,11.2,23.19
1628907.769465,0.866,-0.224,0.432,8.58,0.46,11.69
1628907.810452,0.874,-0.192,0.421,-5.16,0.73,-6.74
1628907.860266,0.888,-0.167,0.416,-4.18,7.63,-13.18
1628907.900306,0.885,-0.106,0.44,3.94,1.56,-6.41
1628907.940666,0.889,-0.119,0.413,-1.89,5.77,-8.18
1628907.980855,0.816,-0.115,0.541,1.89,0.58,0.4
1628908.024030,0.861,-0.201,0.52,21.82,-16.05,21.7
1628908.064226,0.896,-0.21,0.484,29.42,-17.91,4.61
1628908.114301,0.712,-0.126,0.695,91.8,4.39,41.41
1628908.154695,0.766,-0.108,0.603,96.16,-15.2,51.73
1628908.199920,0.797,-0.178,0.539,56.61,-6.99,27.83
1628908.244136,0.696,-0.105,0.65,80.02,-4.64,36.47
1628908.294403,0.88,0.097,0.504,-22.55,14.1,-0.09
1628908.340704,1.017,-0.044,0.568,-15.87,-24.57,-34.67
1628908.380873,0.925,0.099,0.634,-30.3,2.14,-50.39
1628908.424461,0.792,0.073,0.654,-31.89,-33.91,-17.76
1628908.464483,0.822,-0.039,0.488,-32.53,-49.44,44.37
1628908.511049,0.841,-0.217,0.26,-64.15,-79.04,20.94
1628908.561561,0.735,-0.217,0.184,-86.98,-88.96,-25.79
1628908.612293,0.79,-0.158,-0.124,-83.32,-118.53,-22.92
1628908.654218,0.691,-0.116,-0.164,-99.98,-140.63,-40.59
1628908.700711,0.746,0.03,-0.517,-102.76,-163.43,-56.09
1628908.741216,0.719,0.133,-0.766,-141.73,-170.66,-83.1
1628908.784616,0.906,0.217,-1.057,-142.4,-168.71,-49.17
1628908.831071,0.839,0.007,-0.885,-99.15,-87.86,43.06
1628908.884273,1.201,-0.285,-0.742,-30.0,-55.27,74.56
1628908.934101,0.897,-0.014,-0.636,11.23,16.63,2.14
1628908.983890,0.792,0.129,-0.596,-0.85,-2.59,-13.55
1628909.030454,0.855,0.076,-0.541,4.46,3.42,8.18
1628909.080307,0.835,0.067,-0.501,9.34,1.04,16.66
1628909.130121,0.811,0.059,-0.476,1.01,2.9,1.1
1628909.171141,0.826,0.057,-0.465,-0.82,-4.55,2.75
1628909.211523,0.832,0.018,-0.472,-2.5,-0.82,16.24
1628909.260075,0.848,-0.048,-0.483,-5.55,-5.13,11.44
1628909.301178,0.835,-0.035,-0.498,-8.24,-7.02,-1.65
1628909.350549,0.826,-0.033,-0.502,-4.21,-1.65,8.94
1628909.404768,0.85,-0.09,-0.513,-2.44,-8.48,9.74
1628909.454544,0.861,-0.094,-0.529,0.85,2.59,1.4
1628909.500797,0.8,-0.039,-0.506,3.33,2.38,-1.62
1628909.550104,0.787,-0.02,-0.482,0.15,2.23,-2.2
1628909.590971,0.82,-0.029,-0.494,0.21,-6.04,3.33
1628909.640455,0.849,-0.054,-0.521,0.98,-1.92,4.67
1628909.689605,0.867,-0.03,-0.528,1.22,-3.94,0.89
1628909.731074,0.884,-0.03,-0.548,-2.29,-3.27,-2.14
1628909.783037,0.879,-0.04,-0.545,1.43,5.04,3.72
1628909.824156,0.806,-0.052,-0.506,2.5,6.32,4.67
1628909.870388,0.796,-0.049,-0.523,0.55,0.76,1.98
1628909.910558,0.778,-0.051,-0.475,-1.62,0.55,-0.64
1628909.950831,0.776,-0.06,-0.466,0.49,-0.52,1.4
1628909.999992,0.786,-0.053,-0.475,-0.85,-0.7,-1.62
1628910.040897,0.823,-0.036,-0.548,-3.42,-5.74,-4.76
1628910.081567,0.892,0.016,-0.555,-5.98,-6.13,-10.38
1628910.124071,0.861,0.037,-0.527,-5.65,-2.78,-1.92
1628910.170520,0.846,0.006,-0.516,-9.03,-4.36,8.27
1628910.220574,0.826,-0.044,-0.519,-10.16,-1.71,4.18
1628910.264592,0.803,-0.068,-0.518,-9.4,-2.23,4.82
1628910.315502,0.778,-0.083,-0.526,-6.74,-2.5,2.08
1628910.359818,0.774,-0.067,-0.519,-3.05,-6.26,-1.28
1628910.401057,0.806,-0.05,-0.547,-2.87,-5.92,-2.38
1628910.450371,0.825,-0.032,-0.54,-0.43,-5.95,-1.01
1628910.494424,0.845,-0.005,-0.559,-1.28,-7.39,-2.93
1628910.540742,0.865,-0.002,-0.578,-5.62,-4.97,-3.85
1628910.590171,0.881,-0.022,-0.6,-2.53,-2.81,1.92
1628910.631231,0.877,-0.034,-0.598,-0.43,2.47,2.47
1628910.680480,0.828,-0.033,-0.56,1.25,6.84,0.61
1628910.729535,0.799,-0.022,-0.544,-0.92,5.34,-1.04
1628910.770905,0.787,-0.024,-0.531,0.09,6.1,0.18
1628910.820666,0.779,-0.012,-0.507,-0.55,1.5,-3.14
1628910.864394,0.795,0.013,-0.523,-3.08,-1.04,-6.13
1628910.910989,0.841,0.015,-0.552,-5.25,-2.26,-2.62
1628910.959786,0.861,0.018,-0.568,-4.85,0.73,-0.85
1628911.000960,0.856,0.019,-0.57,-5.8,3.57,-0.73
1628911.050297,0.843,0.009,-0.564,-4.21,4.97,2.26
1628911.094607,0.82,-0.015,-0.536,-3.6,8.36,3.17
1628911.140431,0.794,-0.022,-0.512,-2.9,5.98,2.62
1628911.190053,0.788,-0.022,-0.504,-2.44,4.58,1.16
1628911.230966,0.774,-0.023,-0.493,-1.46,2.93,1.01
1628911.280410,0.787,-0.008,-0.494,-1.56,-1.43,-0.73
1628911.324417,0.8,-0.004,-0.501,-1.65,-2.72,0.58
1628911.370863,0.814,-0.002,-0.511,-2.56,-4.18,0.4
1628911.420942,0.838,-0.015,-0.538,-1.62,-4.15,2.59
1628911.461409,0.831,-0.024,-0.532,0.12,-2.72,2.93
1628911.511588,0.842,-0.019,-0.546,0.37,-2.32,-1.13
1628911.559758,0.822,-0.008,-0.54,1.25,-0.31,-0.15
1628911.601021,0.8,-0.006,-0.524,2.32,-0.92,-0.79
1628911.650193,0.807,0.007,-0.532,0.76,-3.54,-1.86
1628911.694361,0.81,0.004,-0.536,0.52,-2.62,0.09
1628911.740649,0.813,0.004,-0.545,0.79,-4.64,0.49
1628911.790007,0.821,0.015,-0.54,0.12,-4.06,-0.95
1628911.831049,0.815,0.02,-0.556,1.19,-4.49,2.96
1628911.872367,0.81,0.018,-0.543,0.76,-3.11,4.39
1628911.924358,0.814,-0.001,-0.561,-0.61,-4.24,6.1
1628911.970591,0.815,-0.023,-0.554,-1.19,-3.91,5.89
1628912.019961,0.808,-0.027,-0.55,-1.34,-0.89,5.01
1628912.061637,0.807,-0.026,-0.562,-2.5,-2.81,3.57
1628912.110714,0.805,-0.041,-0.554,-0.12,-1.31,6.62
1628912.160143,0.819,-0.082,-0.557,8.91,-0.49,16.42
1628912.209727,0.991,-0.216,-0.618,42.6,8.64,30.92
1628912.250152,1.097,-0.377,-0.912,170.75,50.17,98.15
1628912.290743,0.706,-0.265,-1.158,226.11,89.69,89.18
1628912.334127,0.687,-0.199,-0.516,114.38,109.16,-78.4
1628912.374549,0.804,-0.112,-0.182,62.47,63.05,-96.53
1628912.414609,0.855,-0.012,0.001,22.77,53.25,-70.93
1628912.460466,0.877,-0.077,0.08,11.93,16.91,-17.0
1628912.511468,0.885,-0.103,0.18,-14.71,15.96,-25.73
1628912.560892,0.745,-0.072,0.244,-44.25,-18.31,-34.91
1628912.611458,0.726,-0.031,-0.018,-71.05,-68.48,-16.45
1628912.664707,0.779,0.016,-0.393,-115.85,-91.98,-60.15
1628912.711817,0.717,0.136,-0.631,-158.24,-103.15,-109.32
1628912.755160,0.587,0.23,-0.727,-138.52,-90.91,-58.69
1628912.800352,0.762,0.052,-0.701,-43.64,-102.05,120.46
1628912.840404,1.191,-0.441,-0.785,4.03,-60.15,146.12
1628912.880464,1.128,-0.276,-0.836,42.27,-3.81,33.69
1628912.930614,0.789,0.102,-0.632,-2.5,3.33,-80.84
1628912.970749,0.801,0.186,-0.6,-4.7,-2.66,-40.47
1628913.014460,0.866,0.149,-0.634,18.46,3.85,27.01
1628913.064389,0.783,0.006,-0.584,21.45,8.82,38.7
1628913.114469,0.756,0.016,-0.567,7.93,5.83,-5.77
1628913.161477,0.733,0.054,-0.52,0.15,-0.12,-15.44
1628913.210279,0.752,0.051,-0.513,4.88,0.03,7.35
1628913.260137,0.815,-0.04,-0.523,4.79,-6.53,13.43
1628913.304655,0.914,-0.135,-0.616,18.77,11.87,5.62
1628913.350586,0.862,-0.21,-0.607,34.33,32.17,-22.68
1628913.400775,0.82,-0.087,-0.514,43.28,43.64,-40.71
1628913.451047,0.76,0.042,-0.436,26.09,35.1,-41.87
1628913.504581,0.827,0.131,-0.441,5.25,1.37,-35.43
1628913.551468,0.762,0.117,-0.449,-22.16,-7.45,-21.42
1628913.604667,0.755,0.075,-0.471,-27.13,-19.41,-30.79
1628913.650802,0.793,0.095,-0.499,-28.08,-31.37,-41.29
1628913.700596,0.88,0.176,-0.618,-17.18,-27.95,-28.57
1628913.750902,0.939,0.074,-0.618,-5.89,6.68,-32.44
1628913.800905,0.905,0.201,-0.592,-5.13,18.95,-101.08
1628913.850871,0.821,0.386,-0.565,5.62,22.98,-59.69
1628913.901342,0.74,0.486,-0.49,13.06,20.08,5.22
1628913.954203,0.73,0.393,-0.443,9.4,13.4,48.19
1628914.004108,0.782,0.276,-0.464,-5.52,1.43,30.73
1628914.051098,0.808,0.291,-0.487,-14.22,-2.72,8.18
1628914.101082,0.817,0.191,-0.475,-4.88,-1.43,26.25
1628914.151080,0.806,0.153,-0.465,9.25,5.71,32.44
1628914.201104,0.806,0.139,-0.515,17.27,6.87,40.83
1628914.253981,0.857,0.082,-0.454,21.33,10.5,48.52
1628914.304494,0.85,0.065,-0.449,5.71,4.55,4.88
1628914.350869,0.85,0.11,-0.457,5.28,3.23,1.65
1628914.400028,0.864,0.12,-0.454,7.05,1.43,4.27
1628914.441126,0.856,0.11,-0.455,4.64,1.53,4.49
1628914.490406,0.855,0.125,-0.462,0.76,1.4,-0.24
1628914.534747,0.85,0.124,-0.458,1.31,2.66,4.39
1628914.580930,0.853,0.117,-0.476,-0.27,2.14,0.55
1628914.630183,0.829,0.122,-0.463,-0.24,-0.06,5.71
1628914.674480,0.848,0.104,-0.473,1.68,0.89,11.66
1628914.720854,0.85,0.083,-0.45,-0.95,-0.12,2.81
1628914.770400,0.842,0.084,-0.453,-1.53,-5.04,12.79
1628914.810681,0.843,0.073,-0.445,-0.67,-6.23,12.57
1628914.851342,0.836,0.06,-0.485,-4.12,-10.93,11.47
1628914.901080,0.834,0.036,-0.493,-3.97,-8.42,11.11
1628914.950210,0.839,0.059,-0.491,-0.21,-6.81,4.49
1628914.994491,0.845,0.069,-0.488,2.78,-1.04,4.09
1628915.040498,0.884,0.084,-0.48,-0.12,-0.37,-2.44
1628915.090213,0.86,0.069,-0.418,3.3,8.85,-0.46
1628915.134351,0.874,0.033,-0.467,13.34,12.02,0.67
1628915.184379,0.842,0.013,-0.537,22.25,13.15,5.28
1628915.230175,0.931,-0.1,-0.678,54.14,37.29,31.89
1628915.280635,0.927,-0.222,-0.788,101.02,69.46,37.11
1628915.331165,0.812,-0.042,-0.726,92.44,76.78,-28.93
1628915.384287,0.847,-0.029,-0.544,83.47,67.32,5.71
1628915.434636,0.83,-0.013,-0.37,43.98,61.98,-24.66
1628915.480533,0.9,-0.048,-0.319,35.16,44.1,-5.46
1628915.521304,0.893,-0.03,-0.369,22.83,38.48,-23.16
1628915.571003,0.867,-0.159,-0.197,33.88,19.23,21.52
1628915.611312,0.978,-0.083,-0.29,50.48,12.67,-4.18
1628915.661101,0.906,-0.018,-0.13,29.15,24.32,-22.98
1628915.711661,0.927,0.035,-0.042,22.31,14.34,3.81
1628915.761345,0.968,0.008,0.03,36.04,-11.69,16.85
1628915.810909,1.057,-0.119,-0.118,-9.67,2.32,27.16
1628915.850987,1.077,-0.195,0.047,-2.26,25.67,36.62
1628915.901420,1.075,-0.141,-0.035,-36.44,32.96,35.49
1628915.954300,0.924,-0.283,0.177,-48.86,45.59,25.94
1628916.000008,0.912,-0.298,0.27,-65.98,83.74,5.34
1628916.050087,0.848,-0.126,0.303,-27.1,43.82,14.04
1628916.100571,0.823,-0.291,0.356,-68.18,74.07,7.9
1628916.151143,0.925,-0.375,0.292,-3.51,52.64,29.45
1628916.201100,0.949,-0.264,0.176,-22.13,94.67,-5.77
1628916.254015,0.774,-0.115,0.432,-27.56,77.3,2.69
1628916.294117,0.79,-0.057,0.485,-28.87,64.18,16.39
1628916.334415,0.781,-0.257,0.637,-42.7,42.85,17.09
1628916.385134,0.916,-0.443,0.523,0.15,-11.63,24.48
1628916.434875,0.985,-0.383,0.313,-10.53,-16.36,-18.62
1628916.484980,0.899,-0.23,0.308,7.17,5.16,-16.14
1628916.531391,0.827,-0.234,0.362,10.41,1.4,8.21
1628916.584403,0.861,-0.341,0.342,10.47,3.6,10.44
1628916.631153,0.887,-0.355,0.337,14.86,-1.8,6.53
1628916.680723,0.891,-0.274,0.312,7.11,0.27,-0.03
1628916.729974,0.886,-0.284,0.311,4.97,1.22,4.64
1628916.771107,0.885,-0.349,0.331,5.86,1.86,5.68
1628916.820639,0.895,-0.33,0.32,4.18,4.52,-2.66
1628916.864602,0.868,-0.286,0.342,5.16,1.37,-0.31
1628916.910552,0.871,-0.274,0.339,2.56,-0.4,0.82
1628916.961317,0.847,-0.286,0.367,9.77,-0.34,14.83
1628917.004449,0.887,-0.3,0.331,5.65,-1.83,16.82
1628917.050943,0.877,-0.355,0.374,-6.5,-6.68,7.81
1628917.100572,0.889,-0.341,0.348,0.58,-8.06,4.76
1628917.150012,0.887,-0.338,0.321,0.31,-10.28,3.69
1628917.191247,0.898,-0.36,0.299,0.31,-3.02,0.06
1628917.240461,0.884,-0.347,0.305,4.3,3.23,1.89
1628917.284785,0.873,-0.347,0.333,7.63,0.7,1.98
1628917.331549,0.873,-0.317,0.329,19.56,0.24,11.66
1628917.373103,0.904,-0.324,0.292,20.57,4.49,13.89
1628917.420917,0.886,-0.355,0.343,14.44,13.58,7.93
1628917.461299,0.855,-0.339,0.378,13.7,5.28,7.32
1628917.510706,0.855,-0.336,0.357,5.8,-5.71,3.66
1628917.551400,0.848,-0.339,0.357,-1.77,-5.68,-4.94
1628917.600695,0.85,-0.348,0.34,2.08,-2.96,-0.46
1628917.650036,0.862,-0.323,0.332,2.29,6.59,-0.64
1628917.691357,0.86,-0.346,0.368,5.52,10.16,6.07
1628917.740540,0.869,-0.334,0.361,2.84,-1.1,5.49
1628917.789718,0.866,-0.349,0.37,-6.23,-4.21,-3.54
1628917.831136,0.871,-0.342,0.354,0.98,-3.45,-0.67
1628917.880265,0.85,-0.302,0.349,-2.08,0.34,-3.17
1628917.923974,0.842,-0.334,0.368,0.12,2.59,1.5
1628917.973601,0.862,-0.331,0.356,0.79,4.0,-1.92
1628918.019596,0.865,-0.325,0.37,0.46,6.87,1.89
1628918.060711,0.864,-0.351,0.379,-0.06,-1.31,3.85
1628918.111198,0.856,-0.353,0.359,1.5,-4.06,0.03
1628918.154555,0.868,-0.348,0.328,0.0,1.62,-1.43
1628918.200771,0.852,-0.341,0.353,1.83,6.16,0.24
1628918.250131,0.858,-0.33,0.37,1.25,3.33,1.77
1628918.291238,0.866,-0.337,0.361,1.37,-0.52,2.04
1628918.340429,0.886,-0.364,0.346,-2.11,-0.92,-1.74
1628918.385303,0.879,-0.333,0.344,-2.41,-1.8,-6.84
1628918.431245,0.865,-0.301,0.339,-2.35,2.38,-4.79
1628918.480450,0.851,-0.33,0.357,1.04,5.68,0.98
1628918.521327,0.843,-0.349,0.382,-1.22,3.88,-0.03
1628918.571600,0.858,-0.323,0.368,-3.57,2.56,-2.26
1628918.619703,0.85,-0.323,0.385,-2.62,6.9,0.61
1628918.661143,0.841,-0.342,0.398,-2.17,3.14,4.12
1628918.711374,0.852,-0.353,0.391,-2.78,2.23,1.07
1628918.754467,0.853,-0.348,0.39,-0.58,1.4,1.19
1628918.800880,0.872,-0.347,0.364,-1.56,1.28,-2.32
1628918.849817,0.865,-0.329,0.367,-7.75,5.37,-8.06
1628918.891110,0.853,-0.331,0.381,-9.49,5.43,-6.16
1628918.932560,0.848,-0.34,0.386,-4.27,2.84,-1.95
1628918.974557,0.85,-0.341,0.39,1.13,1.5,1.01
1628919.021174,0.843,-0.323,0.39,1.43,-1.56,1.71
1628919.069876,0.855,-0.319,0.374,-0.85,1.37,1.19
1628919.111330,0.853,-0.35,0.387,2.62,1.95,5.13
1628919.160638,0.86,-0.33,0.387,-0.76,3.6,0.09
1628919.204633,0.85,-0.332,0.398,1.46,2.56,2.26
1628919.250817,0.85,-0.354,0.387,1.71,-0.18,0.79
1628919.300130,0.853,-0.329,0.376,2.9,0.0,0.03
1628919.341179,0.845,-0.335,0.378,1.68,1.46,1.25
1628919.390209,0.848,-0.346,0.396,0.85,0.64,2.26
1628919.434393,0.858,-0.34,0.386,-0.76,0.12,0.61
1628919.480583,0.865,-0.36,0.391,-0.27,1.28,-0.18
1628919.529959,0.848,-0.327,0.408,1.01,1.46,-2.84
1628919.571115,0.839,-0.307,0.407,-0.92,0.73,-0.7
1628919.620795,0.845,-0.352,0.409,1.31,-0.03,0.76
1628919.669885,0.848,-0.27,0.387,-0.49,-1.5,-2.14
1628919.712008,0.828,-0.249,0.385,-3.33,1.37,6.78
1628919.760561,0.838,-0.305,0.386,-4.61,4.3,14.5
1628919.811322,0.857,-0.197,0.355,-7.69,6.59,17.88
1628919.860737,0.854,-0.173,0.323,-40.96,15.26,32.5
1628919.900746,0.798,-0.568,0.481,-3.51,24.11,91.71
1628919.941062,0.745,-0.739,0.463,51.7,30.49,115.7
1628919.981245,0.66,-0.655,0.522,54.9,34.97,74.5
1628920.021365,0.566,-0.549,0.592,27.04,12.12,22.37
1628920.071707,0.586,-0.482,0.647,20.69,-17.37,8.39
1628920.124092,0.663,-0.503,0.753,36.41,-47.79,54.78
1628920.164498,0.562,-0.407,0.916,84.29,-86.7,135.78
1628920.210890,0.461,-0.496,0.702,74.28,-196.57,165.99
1628920.254456,0.434,-0.75,0.524,30.92,-250.98,119.14
1628920.300765,0.494,-0.887,0.361,94.0,-217.84,45.99
1628920.340930,0.613,-0.808,0.171,87.19,-201.27,14.74
1628920.381015,0.685,-0.954,0.094,64.36,-198.89,-6.41
1628920.421320,0.678,-0.936,0.024,93.05,-166.91,-31.28
1628920.464182,0.705,-0.923,-0.099,86.34,-144.6,-39.46
1628920.504429,0.711,-0.966,-0.219,67.35,-117.1,-54.35
1628920.550816,0.717,-0.825,-0.258,40.25,-76.24,-79.78
1628920.600942,0.691,-0.568,-0.248,47.91,-60.03,-65.74
1628920.654537,0.715,-0.482,-0.236,26.46,-28.96,-47.98
1628920.700620,0.719,-0.421,-0.181,19.96,-21.21,-37.78
1628920.750309,0.78,-0.372,-0.149,8.51,-7.75,-29.54
1628920.794695,0.79,-0.336,-0.078,8.27,-5.46,-18.59
1628920.844672,0.874,-0.379,-0.009,25.12,-21.94,-2.29
1628920.890290,0.962,-0.421,-0.108,3.48,-28.57,-3.75
1628920.934725,0.968,-0.431,-0.119,-15.84,-23.9,-17.7
1628920.980974,0.904,-0.371,-0.159,-4.46,-24.84,-14.86
1628921.024577,0.883,-0.359,-0.186,-8.76,-20.08,-14.07
1628921.071350,0.83,-0.323,-0.181,-4.15,-4.43,-7.9
1628921.111501,0.831,-0.316,-0.178,-1.16,-1.86,-3.3
1628921.154426,0.86,-0.335,-0.152,-1.77,0.31,1.77
1628921.200899,0.903,-0.354,-0.179,-0.67,-8.42,0.55
1628921.250431,0.953,-0.372,-0.189,-1.16,-9.61,0.61
1628921.294441,0.929,-0.369,-0.174,-1.43,-2.99,1.65
1628921.340551,0.913,-0.378,-0.183,-1.25,-9.4,-2.93
1628921.380706,0.907,-0.355,-0.19,5.04,-9.49,-5.19
1628921.420987,0.886,-0.333,-0.196,3.02,-2.99,-4.21
1628921.471119,0.879,-0.339,-0.171,-0.58,0.79,0.03
1628921.514789,0.888,-0.375,-0.168,2.62,0.95,3.2
1628921.561419,0.897,-0.39,-0.179,1.95,-10.53,-0.15
1628921.610913,0.917,-0.365,-0.234,-6.01,-14.37,0.61
1628921.661505,0.905,-0.375,-0.233,-17.21,-14.95,-2.72
1628921.710422,0.896,-0.343,-0.296,-8.42,-20.08,-3.6
1628921.750599,0.866,-0.322,-0.31,-12.63,-7.05,-1.95
1628921.791434,0.823,-0.3,-0.274,-8.45,-0.46,3.27
1628921.840658,0.818,-0.342,-0.212,5.98,4.91,7.6
1628921.881011,0.841,-0.355,-0.199,15.75,0.43,11.02
1628921.924363,0.874,-0.389,-0.207,3.63,2.96,9.7
1628921.970816,0.897,-0.409,-0.241,-6.93,-6.26,6.71
1628922.011139,0.905,-0.415,-0.295,-16.79,-6.5,0.85
1628922.054789,0.882,-0.425,-0.306,-22.16,-7.39,-3.2
1628922.100879,0.867,-0.389,-0.313,-5.43,-5.92,-1.83
1628922.150508,0.874,-0.36,-0.298,-2.72,4.64,-2.17
1628922.194591,0.876,-0.353,-0.28,-8.0,3.94,-2.78
1628922.240717,0.874,-0.341,-0.252,-3.78,7.11,-1.28
1628922.290098,0.865,-0.339,-0.246,-2.23,1.68,-0.7
1628922.331373,0.878,-0.347,-0.26,0.61,1.74,0.92
1628922.380516,0.876,-0.359,-0.272,-6.23,0.82,-1.22
1628922.424628,0.894,-0.362,-0.288,-6.1,0.52,-3.14
1628922.471212,0.878,-0.361,-0.277,-2.23,4.3,-1.62
1628922.520372,0.869,-0.35,-0.275,9.09,3.42,-0.49
1628922.567133,0.862,-0.362,-0.265,7.87,5.22,-1.28
1628922.610257,0.836,-0.396,-0.266,2.41,5.01,-1.8
1628922.661005,0.922,-0.362,-0.285,-32.62,16.88,5.25
1628922.711156,1.084,-0.188,-0.209,-39.83,4.12,11.87
1628922.761595,1.318,0.471,-0.169,-21.82,-53.53,38.09
1628922.803066,1.342,0.602,-0.158,-42.39,-136.2,99.46
1628922.844343,1.012,0.443,-0.316,-126.22,-252.17,143.89
1628922.894164,0.692,0.178,-0.549,-201.79,-328.07,212.47
1628922.941185,0.419,0.038,-0.843,-216.71,-270.79,289.01
1628922.990767,-0.118,0.031,-0.771,-218.73,-79.2,326.7
1628923.034399,-0.695,0.211,-0.475,-212.38,42.48,268.17
1628923.074923,-1.411,0.729,-0.633,-147.28,39.16,211.49
1628923.121405,-1.443,0.046,-1.739,-290.84,-5.77,182.29
1628923.164174,-0.418,-1.54,-1.519,117.01,-17.7,138.04
1628923.204416,-0.155,0.448,-1.797,169.13,28.41,-142.95
1628923.250703,-0.177,0.456,-1.353,175.54,84.08,-51.73
1628923.291326,-0.164,-0.469,-1.087,183.26,28.9,-139.44
1628923.334855,-0.223,-0.457,-1.824,336.65,28.66,-143.19
1628923.381373,-0.473,-0.671,-1.141,270.46,105.93,-184.61
1628923.424517,-0.22,-0.814,-0.861,243.63,70.1,-183.9
1628923.471184,0.171,-0.835,-0.565,262.92,44.25,-197.67
1628923.514818,0.426,-0.631,-0.428,236.3,1.71,-200.87
1628923.560912,0.652,-0.351,-0.351,203.22,-11.11,-206.82
1628923.605238,0.692,-0.086,-0.373,166.48,-13.49,-192.14
1628923.650940,0.716,0.315,-0.35,99.64,-39.37,-168.34
1628923.701427,0.869,0.396,-0.535,42.66,-3.66,-98.18
1628923.755180,0.864,0.133,-0.399,17.37,-3.45,-31.89
1628923.804517,0.986,-0.081,-0.46,-30.43,0.82,1.62
1628923.854725,0.906,-0.185,-0.155,-36.81,31.53,10.04
1628923.905043,1.012,-0.234,-0.24,-12.7,-3.51,22.31
1628923.950335,0.932,-0.254,-0.183,-27.71,31.22,1.28
1628923.994249,1.017,-0.294,-0.216,-13.64,10.86,-6.16
1628924.044402,0.878,-0.254,-0.272,-9.06,51.88,-12.79
1628924.090037,0.857,-0.279,-0.242,-26.25,32.38,-8.15
1628924.140092,0.849,-0.185,-0.159,-24.11,19.38,-1.56
1628924.189866,1.034,-0.112,-0.094,-20.17,5.19,10.04
1628924.230210,0.933,-0.091,-0.1,-14.74,20.39,13.49
1628924.271310,0.859,-0.153,-0.13,-42.66,11.32,23.74
1628924.314940,0.882,-0.22,-0.21,-58.23,11.17,37.02
1628924.361610,0.868,-0.266,-0.096,-84.69,22.68,56.83
1628924.410454,0.884,-0.224,-0.051,-37.54,-3.51,79.53
1628924.450638,1.124,-0.19,0.018,-35.98,-23.41,78.62
1628924.500842,1.281,0.099,-0.064,-65.98,-52.25,98.06
1628924.544366,1.452,0.172,-0.06,-140.05,-104.43,107.64
1628924.592711,1.291,0.148,-0.214,-133.03,-166.39,149.88
1628924.640913,0.888,0.206,-0.516,-129.06,-173.89,227.42
1628924.684564,0.478,0.225,-0.675,-239.66,-170.23,285.07
1628924.734247,-0.432,0.341,-0.667,-246.01,-35.77,339.64
1628924.775105,-2.64,0.667,-0.716,-162.94,42.42,344.04
1628924.821333,-1.528,-1.116,-2.352,-413.53,-54.29,248.63
1628924.864340,0.055,-2.838,-1.802,-41.2,36.9,-55.79
1628924.904757,-0.374,0.382,-1.725,137.52,34.55,-134.4
1628924.951072,-0.419,-0.238,-1.263,84.48,40.71,-131.72
1628924.991512,-0.664,-0.717,-1.567,155.4,54.69,-195.38
1628925.040751,-0.861,-0.766,-1.446,214.15,112.31,-245.37
1628925.084741,-0.493,-0.813,-0.909,300.42,83.1,-255.75
1628925.130916,0.034,-0.434,-0.767,287.79,34.0,-279.64
1628925.174422,0.471,0.047,-0.308,242.16,70.22,-268.78
1628925.220812,0.737,0.225,-0.238,173.86,9.16,-211.1
1628925.261793,0.879,0.884,-0.666,134.62,-27.74,-150.79
1628925.314760,1.13,0.288,-0.653,6.44,55.24,-54.87
1628925.361005,0.84,0.082,-0.263,59.18,65.07,-0.55
1628925.415204,0.943,-0.259,-0.297,-29.15,5.65,9.52
1628925.460144,0.874,-0.446,-0.205,-9.43,16.08,10.47
1628925.500331,0.939,-0.433,-0.26,-16.21,-0.31,-7.42
1628925.544602,0.903,-0.39,-0.213,-20.2,35.13,-16.11
1628925.584749,0.898,-0.287,-0.174,-7.84,18.31,-12.79
1628925.634616,0.843,-0.263,-0.368,-55.33,35.77,-8.82
1628925.682571,0.797,-0.309,-0.258,-72.05,24.35,-6.29
1628925.724153,0.957,-0.206,-0.229,-7.48,-2.66,15.84
1628925.764436,1.047,-0.205,-0.263,-11.47,13.76,14.07
1628925.811349,0.958,-0.245,-0.128,-40.74,22.74,9.89
1628925.864568,0.894,-0.297,-0.071,-14.71,19.84,19.9
1628925.904641,0.919,-0.297,0.024,9.89,14.71,14.68
1628925.954969,0.953,-0.331,-0.022,30.98,-2.81,6.65
1628926.001444,0.949,-0.316,-0.037,28.08,-3.23,1.77
1628926.051021,0.869,-0.362,-0.063,28.26,-9.77,1.71
1628926.101147,0.92,-0.434,-0.126,41.9,-21.94,4.73
1628926.151120,0.879,-0.452,-0.14,28.38,-7.32,1.22
1628926.200774,0.85,-0.483,-0.112,25.57,-8.64,6.01
1628926.250835,0.843,-0.454,-0.137,30.79,-20.6,4.67
1628926.300832,0.877,-0.471,-0.174,8.48,-17.15,2.78
1628926.350404,0.871,-0.49,-0.196,-10.22,-11.26,-0.27
1628926.400085,0.851,-0.511,-0.203,-2.38,-5.71,-0.76
1628926.441028,0.856,-0.473,-0.216,-2.47,-1.37,-5.13
1628926.490480,0.882,-0.401,-0.183,2.47,1.13,-1.53
1628926.534786,0.888,-0.369,-0.19,-4.27,5.43,-3.66
1628926.581118,0.895,-0.349,-0.172,-16.21,8.94,-1.83
1628926.631496,0.872,-0.366,-0.159,-19.2,15.44,1.43
1628926.681584,0.874,-0.412,-0.149,-14.47,12.09,4.73
1628926.731403,0.913,-0.44,-0.151,-11.44,9.86,4.7
1628926.781079,0.9,-0.419,-0.13,-15.72,10.38,-1.22
1628926.821414,0.899,-0.394,-0.117,-9.43,6.07,-2.44
1628926.864433,0.906,-0.372,-0.105,-5.55,5.8,-3.14
1628926.911875,0.895,-0.356,-0.115,-5.55,4.09,-1.77
1628926.960806,0.888,-0.394,-0.136,-3.33,3.39,-1.74
1628927.001336,0.894,-0.383,-0.147,0.79,2.72,-3.48
1628927.050566,0.897,-0.36,-0.146,-0.34,6.01,0.06
1628927.095064,0.888,-0.374,-0.131,-5.22,8.67,-0.31
1628927.141087,0.891,-0.38,-0.115,-4.85,8.09,-2.26
1628927.190420,0.899,-0.384,-0.093,-1.77,7.6,-2.5
1628927.231495,0.913,-0.385,-0.094,-1.25,3.69,-2.9
1628927.280680,0.915,-0.365,-0.12,-1.22,1.62,-3.11
1628927.329931,0.91,-0.351,-0.136,-1.25,1.28,-1.1
1628927.370809,0.904,-0.356,-0.115,-0.52,1.68,0.37
1628927.420067,0.887,-0.35,-0.103,-1.8,2.32,3.05
1628927.464337,0.903,-0.383,-0.078,0.18,1.86,4.27
1628927.510571,0.903,-0.381,-0.078,3.27,0.24,1.68
1628927.560713,0.902,-0.364,-0.081,4.3,-2.99,0.67
1628927.601226,0.92,-0.334,-0.122,0.98,-1.65,0.18
1628927.650761,0.978,-0.184,-0.213,-24.45,0.43,0.92
1628927.701011,1.168,0.09,-0.473,-139.96,103.98,10.28
1628927.744337,1.064,0.089,-0.237,-296.18,198.34,-26.37
1628927.791049,1.043,-0.027,-0.074,-396.28,273.35,-79.13
1628927.834355,0.916,-0.052,0.438,-363.11,219.64,-138.25
1628927.881474,0.669,0.102,0.693,-162.02,103.06,-84.26
1628927.924394,0.676,0.087,0.54,-139.16,-68.64,-33.3
1628927.970977,0.793,-0.013,-0.104,-175.36,-151.65,-48.86
1628928.014383,0.7,-0.084,-0.389,-142.06,-115.12,-48.43
1628928.061577,0.59,0.058,-0.847,-170.72,-166.57,-91.74
1628928.104671,0.748,0.24,-1.264,-195.44,-173.83,-98.36
1628928.150896,0.711,0.092,-1.037,-142.7,-108.13,36.53
1628928.191023,1.281,-0.44,-0.827,-56.06,-70.53,135.62
1628928.231257,1.256,-0.34,-0.721,17.76,-13.28,37.93
1628928.271361,0.881,0.174,-0.51,18.83,22.68,-24.6
1628928.311518,0.853,0.223,-0.432,-0.58,-19.07,2.17
1628928.361147,0.972,0.116,-0.517,5.68,-9.16,26.25
1628928.411007,0.945,0.022,-0.521,-2.87,3.75,14.13
1628928.454232,0.917,-0.039,-0.509,-1.1,10.65,13.09
1628928.501565,0.965,0.008,-0.491,4.24,15.35,-12.82
1628928.555139,0.887,0.097,-0.43,8.0,21.06,-12.02
1628928.601376,0.797,0.108,-0.375,2.81,18.68,2.47
1628928.650720,0.839,0.05,-0.395,-3.02,5.55,9.52
1628928.700421,0.892,0.021,-0.411,-0.31,8.03,0.55
1628928.741271,0.858,0.045,-0.386,4.18,8.36,-1.65
1628928.790541,0.852,0.05,-0.375,2.93,4.27,-1.13
1628928.834528,0.86,0.051,-0.362,6.56,1.31,1.19
1628928.880835,0.829,0.032,-0.352,3.33,-0.21,9.43
1628928.930350,0.862,-0.007,-0.371,2.41,-4.12,11.05
1628928.974545,0.895,-0.025,-0.405,4.67,-2.87,3.54
1628929.020872,0.898,0.003,-0.417,7.9,1.13,-3.08
1628929.070218,0.913,0.021,-0.41,11.38,-1.19,0.27
1628929.120179,0.874,0.019,-0.401,12.15,5.16,4.12
1628929.165119,0.892,0.014,-0.393,12.18,-0.34,3.6
1628929.211560,0.846,0.006,-0.405,13.21,3.69,7.35
1628929.261214,0.856,-0.055,-0.41,25.15,0.34,14.19
1628929.314291,0.878,-0.125,-0.411,46.11,11.47,21.79
1628929.354526,0.866,-0.069,-0.385,60.82,21.12,13.52
1628929.404685,0.853,0.014,-0.36,31.92,6.2,-20.66
1628929.454741,0.997,0.142,-0.333,-16.17,-15.93,-49.84
1628929.495258,0.948,0.142,-0.321,-18.83,-30.24,-33.3
1628929.540613,0.87,0.043,-0.427,-18.8,-30.85,11.57
1628929.590689,0.812,-0.207,-0.431,-17.98,-17.76,24.78
1628929.640828,0.925,-0.424,-0.502,40.96,5.25,24.72
1628929.680997,0.908,-0.267,-0.718,102.21,57.22,-14.62
1628929.721192,0.647,-0.066,-0.403,75.87,65.34,-65.58
1628929.771335,0.814,0.166,-0.202,45.38,25.18,-52.19
1628929.811670,0.94,0.169,-0.138,21.39,6.5,-30.79
1628929.861560,1.001,0.172,-0.231,-3.23,-20.84,-7.26
1628929.911391,1.018,0.064,-0.363,-11.87,-25.57,18.59
1628929.964339,0.925,0.025,-0.365,-26.55,-25.88,3.17
1628930.014716,0.947,-0.018,-0.43,-28.53,-28.53,-0.27
1628930.062146,0.855,0.06,-0.448,-36.13,-20.02,-24.81
1628930.104758,0.859,0.075,-0.464,-26.8,-26.12,5.98
1628930.150733,0.836,0.029,-0.481,-24.87,-16.24,19.41
1628930.200792,0.88,-0.022,-0.491,-17.15,-18.01,22.77
1628930.240859,0.868,-0.029,-0.511,-13.92,-14.22,15.08
1628930.290789,0.867,-0.034,-0.487,-8.3,-9.86,10.5
1628930.340859,0.864,-0.004,-0.501,-9.25,-14.04,8.91
1628930.390066,0.849,0.013,-0.442,-7.02,-10.28,9.8
1628930.434841,0.874,0.047,-0.444,-18.86,-34.36,8.09
1628930.477099,0.901,0.033,-0.532,-25.18,-36.96,16.33
1628930.520579,0.863,-0.021,-0.569,-28.38,-26.73,15.78
1628930.561483,0.841,-0.082,-0.649,-4.82,-7.63,23.93
1628930.605004,0.814,-0.108,-0.663,17.82,10.07,30.15
1628930.650674,0.758,-0.135,-0.67,36.29,37.42,12.57
1628930.700822,0.747,-0.093,-0.704,64.27,60.49,-6.32
1628930.750643,0.762,-0.028,-0.798,68.3,70.07,-41.08
1628930.790901,0.731,0.022,-0.646,79.62,94.45,-13.58
1628930.841050,0.817,-0.14,-0.804,56.49,66.87,-5.22
1628930.891095,0.731,-0.279,-0.921,64.3,88.53,6.2
1628930.931854,0.767,-0.221,-0.614,90.67,76.78,17.03
1628930.981755,0.741,0.034,-0.325,54.93,107.94,-21.73
1628931.034781,0.773,-0.008,0.136,46.94,74.04,0.82
1628931.074900,0.857,0.038,0.071,17.43,35.92,-20.08
1628931.119946,0.887,0.083,0.263,-9.34,56.92,-1.8
1628931.164646,0.859,-0.064,0.447,-16.54,29.48,55.06
1628931.211310,1.1,-0.087,0.294,-60.95,-4.67,47.03
1628931.254399,0.954,-0.299,0.393,-87.31,4.82,71.11
1628931.294847,1.025,-0.476,0.329,-44.68,4.15,126.56
1628931.339764,0.911,-0.467,0.362,-61.25,41.2,65.89
1628931.379782,0.927,-0.454,0.298,-44.83,36.16,34.0
1628931.430204,0.921,-0.437,0.296,-38.7,40.47,-2.62
1628931.480651,0.839,-0.477,0.312,-14.01,29.82,18.13
1628931.530929,0.829,-0.494,0.236,-9.09,9.31,4.03
1628931.574781,0.85,-0.537,0.163,3.57,-4.79,6.59
1628931.621519,0.835,-0.493,0.155,8.24,-6.71,4.97
1628931.670998,0.897,-0.454,0.093,10.71,-11.38,4.24
1628931.711243,0.897,-0.451,0.066,5.92,-5.65,-0.06
1628931.761225,0.864,-0.492,0.107,8.85,0.31,7.14
1628931.810742,0.836,-0.498,0.093,10.28,-2.87,5.89
1628931.860376,0.854,-0.503,0.093,11.29,-13.58,5.19
1628931.901589,0.881,-0.426,0.046,8.33,-10.74,-0.73
1628931.955412,0.854,-0.427,0.086,2.14,-4.55,3.23
1628932.000859,0.861,-0.535,0.072,3.94,-6.41,8.03
1628932.049746,0.838,-0.496,0.077,2.32,-4.46,-3.6
1628932.091340,0.803,-0.438,0.1,-2.78,-6.44,-0.58
1628932.141007,0.863,-0.466,0.035,-10.35,-15.29,-0.49
1628932.191013,0.917,-0.502,-0.001,-10.1,-8.33,-4.0
1628932.240313,0.914,-0.528,0.026,-1.37,7.45,9.64
1628932.284975,0.872,-0.52,0.076,0.24,9.98,3.85
1628932.331062,0.828,-0.463,0.073,0.0,0.7,-2.99
1628932.379856,0.839,-0.466,0.07,-7.11,-5.52,-3.88
1628932.421036,0.865,-0.494,0.038,-8.76,-7.17,-4.91
1628932.461193,0.865,-0.496,0.041,-1.16,-1.53,2.23
1628932.501465,0.87,-0.502,0.041,-1.86,-1.53,4.43
1628932.550742,0.862,-0.5,0.042,-0.76,-0.82,0.95
1628932.595114,0.857,-0.493,0.049,2.66,1.59,2.41
1628932.641092,0.872,-0.488,0.031,1.34,-0.4,-1.43
1628932.690395,0.855,-0.485,0.04,0.52,1.83,1.01
1628932.731815,0.857,-0.506,0.031,1.65,1.92,2.32
1628932.780829,0.839,-0.471,0.057,0.34,-1.07,5.19
1628932.830268,0.868,-0.499,0.051,0.03,-1.22,5.1
1628932.871523,0.857,-0.492,0.056,0.67,3.27,0.4
1628932.920418,0.837,-0.486,0.065,3.14,-0.98,3.57
1628932.964699,0.844,-0.501,0.036,-0.89,-6.99,2.04
1628933.010982,0.85,-0.51,0.047,1.16,-0.06,-1.46
1628933.060919,0.85,-0.497,0.043,1.22,-0.06,0.24
1628933.101408,0.855,-0.503,0.041,4.61,1.68,-0.34
1628933.150698,0.853,-0.496,0.055,4.46,-0.82,-0.89
1628933.194683,0.854,-0.495,0.04,0.06,-0.85,0.4
1628933.240950,0.853,-0.496,0.039,-3.17,-0.55,0.15
1628933.290341,0.863,-0.506,0.04,0.98,-1.62,2.11
1628933.331690,0.862,-0.505,0.068,0.61,-3.17,-0.43
1628933.380951,0.887,-0.515,0.033,2.9,-3.6,-2.01
1628933.421048,0.877,-0.508,0.04,5.68,0.61,-5.22
1628933.471292,0.834,-0.475,0.066,6.13,0.79,-2.93
1628933.511300,0.824,-0.481,0.062,2.53,-0.31,-1.22
1628933.551422,0.829,-0.502,0.064,2.53,-0.73,-0.31
1628933.600326,0.839,-0.509,0.058,4.06,-6.01,-0.58
1628933.644545,0.857,-0.498,0.054,3.6,-2.17,-1.86
1628933.690984,0.865,-0.484,0.051,5.04,-0.67,-0.43
1628933.740389,0.864,-0.484,0.034,5.98,-2.29,-0.67
1628933.781684,0.86,-0.477,0.026,1.95,0.43,-1.4
1628933.830525,0.845,-0.46,0.047,-1.86,0.27,1.22
1628933.874714,0.85,-0.485,0.045,-3.36,-1.22,1.37
1628933.921055,0.855,-0.509,0.038,-2.44,-1.01,3.2
1628933.971305,0.856,-0.495,0.046,-1.28,0.61,0.18
1628934.014440,0.863,-0.494,0.031,-0.98,1.62,0.27
1628934.061366,0.86,-0.481,0.035,-3.51,1.8,0.0
1628934.109705,0.857,-0.487,0.034,-5.07,1.92,1.04
1628934.151365,0.847,-0.488,0.051,-2.99,2.66,2.81
1628934.200515,0.859,-0.504,0.043,-5.55,0.64,1.22
1628934.244863,0.863,-0.509,0.044,-2.35,1.19,1.16
1628934.290717,0.857,-0.498,0.057,-2.35,2.41,1.1
1628934.339982,0.848,-0.499,0.054,-0.61,0.89,1.83
1628934.381199,0.847,-0.494,0.056,-1.5,-0.95,0.64
1628934.421503,0.855,-0.494,0.041,-1.37,-2.53,0.85
1628934.474901,0.853,-0.491,0.046,0.98,-1.71,1.22
1628934.521233,0.845,-0.506,0.043,-0.82,-4.43,1.34
1628934.571178,0.861,-0.507,0.032,0.24,-2.9,0.82
1628934.624414,0.871,-0.51,0.022,2.5,0.18,-0.37
1628934.670644,0.865,-0.515,0.015,3.3,1.59,-0.76
1628934.720066,0.87,-0.508,0.019,5.22,6.35,-4.27
1628934.761280,0.842,-0.47,0.05,4.52,6.38,-4.55
1628934.810492,0.829,-0.45,0.072,-2.14,0.7,-0.31
1628934.860280,0.84,-0.473,0.05,-5.89,-3.17,1.74
1628934.901236,0.858,-0.506,0.039,-4.27,-2.53,1.19
1628934.950476,0.865,-0.526,0.026,-3.02,-0.09,1.4
1628934.994609,0.85,-0.507,0.037,-1.86,1.1,1.53
1628935.040875,0.859,-0.495,0.033,-1.65,0.89,-0.24
1628935.089884,0.864,-0.491,0.042,-2.44,1.04,-0.52
1628935.131482,0.857,-0.5,0.045,-1.98,0.98,0.58
1628935.180641,0.855,-0.509,0.042,0.18,2.08,-0.92
1628935.224605,0.843,-0.501,0.052,0.09,1.04,-1.25
1628935.271356,0.845,-0.498,0.047,1.46,1.59,-0.58
1628935.320920,0.842,-0.501,0.049,1.43,-0.03,1.19
1628935.361131,0.853,-0.503,0.049,2.56,-0.4,0.85
1628935.410316,0.861,-0.492,0.041,0.95,-0.82,-0.52
1628935.454540,0.87,-0.498,0.033,-0.15,-2.08,-0.15
1628935.500747,0.869,-0.505,0.038,0.55,1.16,-1.95
1628935.550024,0.86,-0.5,0.049,1.46,2.81,-1.86
1628935.591243,0.853,-0.49,0.048,1.71,2.96,-2.56
1628935.640492,0.86,-0.489,0.037,1.4,3.6,-3.33
1628935.689731,0.857,-0.479,0.039,1.22,5.46,-2.81
1628935.731085,0.855,-0.473,0.049,-0.89,3.2,-3.75
1628935.782996,0.86,-0.476,0.061,-3.69,2.2,-3.11
1628935.824231,0.87,-0.48,0.053,-2.75,2.17,-3.66
1628935.870633,0.865,-0.486,0.061,-2.2,4.27,-3.36
1628935.919778,0.862,-0.482,0.066,1.19,2.99,-4.43
1628935.960991,0.857,-0.46,0.059,2.2,0.06,-7.17
1628936.010355,0.876,-0.459,0.055,-1.43,-1.92,-5.49
1628936.054355,0.877,-0.473,0.061,-1.53,-0.15,-4.43
1628936.100623,0.879,-0.466,0.054,0.61,1.04,-4.43
1628936.150000,0.874,-0.458,0.063,-1.86,1.83,-4.76
1628936.191143,0.862,-0.452,0.056,-0.79,2.23,-1.83
1628936.240352,0.864,-0.45,0.065,-2.84,2.04,-3.69
1628936.284549,0.865,-0.452,0.067,-3.51,0.18,-1.31
1628936.331019,0.887,-0.451,0.055,-4.55,1.1,-2.56
1628936.380085,0.888,-0.445,0.058,-3.23,1.46,-1.28
1628936.421249,0.89,-0.456,0.047,-4.39,1.19,-1.89
1628936.470521,0.875,-0.437,0.065,-4.46,3.11,-1.65
1628936.510707,0.874,-0.442,0.065,-3.63,2.84,-0.7
1628936.552920,0.879,-0.449,0.066,-3.85,3.39,-0.09
1628936.606288,0.881,-0.451,0.071,-2.75,3.63,-0.52
1628936.654402,0.886,-0.46,0.066,0.27,3.78,-0.7
1628936.700589,0.899,-0.466,0.073,3.11,7.66,-3.66
1628936.750183,0.9,-0.456,0.079,7.11,13.55,-5.71
1628936.799960,0.874,-0.429,0.104,10.35,17.79,-4.21
1628936.850033,0.84,-0.414,0.183,12.76,19.17,0.61
1628936.900277,0.841,-0.484,0.295,27.8,23.74,10.9
1628936.950717,0.847,-0.469,0.457,40.35,22.22,4.03
1628937.000745,0.817,-0.377,0.671,67.29,15.05,-5.13
1628937.050773,0.791,-0.277,0.757,101.44,0.64,4.27
1628937.100907,0.832,-0.09,0.867,92.47,-21.03,-15.11
1628937.140989,0.99,-0.098,0.805,48.4,-48.77,-37.42
1628937.181306,0.95,-0.334,0.632,44.8,-53.38,27.77
1628937.221526,0.975,-0.577,0.33,-5.58,-87.16,4.21
1628937.271750,0.815,-0.416,0.094,-65.28,-71.05,-113.59
1628937.314524,0.762,-0.239,-0.148,-64.91,-101.11,-100.89
1628937.360848,0.631,-0.093,-0.451,-74.28,-111.97,-76.08
1628937.401301,0.532,0.012,-0.649,-103.95,-148.23,-50.9
1628937.444405,0.551,0.081,-0.919,-113.62,-156.13,-36.26
1628937.491169,0.667,0.124,-0.987,-125.19,-113.62,10.07
1628937.531449,0.673,-0.103,-0.84,-79.81,-77.76,92.84
1628937.571506,1.049,-0.332,-0.715,-45.2,-46.54,34.49
1628937.620851,0.909,-0.019,-0.667,-2.23,4.55,-9.03
1628937.670224,0.797,0.065,-0.555,-3.02,-0.24,9.31
1628937.711373,0.906,0.016,-0.575,-8.73,-5.07,-1.89
1628937.760967,0.878,-0.066,-0.512,-1.25,3.78,10.8
1628937.810270,0.84,-0.044,-0.511,2.14,10.59,-7.29
1628937.854992,0.829,-0.001,-0.48,-0.73,6.62,-8.94
1628937.901061,0.819,-0.032,-0.482,-0.7,3.48,2.62
1628937.950357,0.845,-0.066,-0.465,3.17,3.94,10.5
1628937.994858,0.814,-0.045,-0.46,-0.31,2.93,-5.86
1628938.040918,0.832,-0.021,-0.478,-1.65,0.7,0.61
1628938.090393,0.825,-0.058,-0.48,-0.92,-1.86,6.47
1628938.131472,0.835,-0.076,-0.496,0.09,-2.32,2.99
1628938.180311,0.831,-0.045,-0.492,0.58,-3.69,-1.31
1628938.224662,0.845,-0.052,-0.485,1.53,-4.43,1.65
1628938.270992,0.877,-0.051,-0.504,0.85,-1.43,0.98
1628938.321394,0.862,-0.023,-0.496,2.96,0.58,-2.14
1628938.374818,0.864,-0.019,-0.504,0.79,-1.07,0.43
1628938.421975,0.87,-0.031,-0.51,-0.24,1.16,1.5
1628938.470683,0.863,-0.037,-0.5,2.41,1.22,4.82
1628938.511644,0.847,-0.046,-0.49,-0.7,-0.15,1.95
1628938.560666,0.838,-0.056,-0.487,-0.31,3.23,-1.16
1628938.609714,0.828,-0.061,-0.498,-0.82,2.41,-0.95
1628938.650942,0.819,-0.044,-0.504,1.01,3.02,-1.5
1628938.700201,0.835,-0.037,-0.511,-0.09,-0.09,-1.28
1628938.741447,0.868,-0.028,-0.528,0.24,0.15,0.89
1628938.790523,0.86,-0.039,-0.492,-0.46,0.79,1.1
1628938.840177,0.854,-0.034,-0.487,-2.47,3.54,-1.01
1628938.881356,0.84,-0.048,-0.473,-1.13,0.89,0.12
1628938.930523,0.834,-0.052,-0.485,-2.23,0.55,0.18
1628938.974535,0.824,-0.061,-0.467,-1.71,1.4,-0.49
1628939.020650,0.827,-0.047,-0.467,-2.9,-1.46,-2.41
1628939.070117,0.834,-0.035,-0.48,-1.5,-1.16,1.07
1628939.111224,0.834,-0.05,-0.486,-0.61,-3.66,1.62
1628939.160956,0.854,-0.037,-0.509,-2.69,-3.36,-2.78
1628939.205089,0.86,-0.043,-0.52,-0.89,-2.47,0.58
1628939.251243,0.849,-0.037,-0.506,0.4,2.2,-2.62
1628939.300177,0.835,-0.028,-0.494,-1.13,0.09,-1.53
1628939.341537,0.84,-0.022,-0.505,-2.38,-2.08,-1.56
1628939.390587,0.849,-0.031,-0.507,-2.41,-1.16,-1.62
1628939.440138,0.855,-0.03,-0.5,-0.7,1.43,-0.37
1628939.481215,0.845,-0.02,-0.508,-1.13,-0.12,0.27
1628939.530435,0.842,-0.031,-0.501,-1.16,1.71,1.31
1628939.574845,0.836,-0.028,-0.508,1.07,0.43,4.39
1628939.621239,0.819,-0.042,-0.488,-0.64,-0.03,4.76
1628939.661357,0.833,-0.034,-0.484,-1.25,-0.49,1.46
1628939.711204,0.839,-0.037,-0.498,-2.84,-2.44,0.67
1628939.761002,0.844,-0.051,-0.491,-1.37,-0.03,2.47
1628939.806434,0.833,-0.043,-0.493,-0.67,-1.92,3.88
1628939.851144,0.84,-0.052,-0.5,-1.4,-0.34,3.69
1628939.900699,0.838,-0.052,-0.504,1.22,-0.34,6.35
1628939.941281,0.835,-0.053,-0.506,-0.73,-1.8,1.53
1628939.990630,0.837,-0.05,-0.496,-1.16,-3.02,-0.92
1628940.035460,0.848,-0.047,-0.52,-1.89,-1.4,-0.79
1628940.081086,0.841,-0.041,-0.51,-1.13,-0.06,-0.03
1628940.122767,0.846,-0.042,-0.517,-1.07,1.83,0.34
1628940.171374,0.841,-0.046,-0.511,-1.62,1.13,-1.5
1628940.220932,0.849,-0.041,-0.511,-1.65,1.1,0.21
1628940.261525,0.836,-0.045,-0.509,-1.19,0.18,0.98
1628940.311100,0.835,-0.04,-0.505,-2.11,1.04,-0.24
1628940.360510,0.837,-0.046,-0.512,-1.34,0.06,1.74
1628940.404664,0.834,-0.049,-0.509,-1.31,1.16,1.16
1628940.450714,0.82,-0.041,-0.496,-0.34,0.79,1.8
1628940.500332,0.83,-0.048,-0.506,-0.73,-0.15,1.01
1628940.541473,0.824,-0.041,-0.503,-0.46,-0.34,0.58
1628940.590746,0.827,-0.046,-0.509,-0.31,-1.71,2.75
1628940.635155,0.823,-0.049,-0.499,2.08,-0.61,2.66
1628940.681101,0.818,-0.047,-0.504,0.85,-2.47,5.22
1628940.731097,0.839,-0.053,-0.513,-1.65,-3.88,2.17
1628940.771557,0.85,-0.055,-0.523,-1.65,-3.05,1.1
1628940.821350,0.852,-0.063,-0.528,-1.8,-2.08,0.24
1628940.870012,0.855,-0.063,-0.531,-0.95,-0.79,0.76
1628940.911124,0.848,-0.065,-0.526,-0.64,1.31,0.64
1628940.960267,0.83,-0.056,-0.525,-0.43,0.79,-0.58
1628941.004351,0.824,-0.057,-0.517,-1.04,2.2,-0.67
1628941.050703,0.811,-0.056,-0.515,-0.79,1.4,-0.85
1628941.099950,0.814,-0.056,-0.511,-0.21,-0.4,0.46
1628941.141184,0.81,-0.077,-0.508,4.91,2.29,5.52
1628941.191394,0.871,-0.143,-0.552,23.13,4.73,20.05
1628941.244451,0.87,-0.309,-0.611,89.97,27.8,69.61
1628941.285131,0.732,-0.444,-0.692,172.52,38.36,139.07
1628941.331768,0.598,-0.581,-0.649,231.15,1.34,124.85
1628941.374950,0.544,-0.65,-0.622,265.69,-49.35,106.48
1628941.421272,0.484,-0.803,-0.515,278.45,-75.11,92.9
1628941.461756,0.528,-0.917,-0.304,265.57,-57.07,117.34
1628941.505175,0.589,-0.99,-0.095,254.55,-103.15,116.4
1628941.555124,0.637,-0.912,-0.062,238.35,-107.94,76.2
1628941.600973,0.6,-0.792,0.218,182.07,-95.16,30.4
1628941.641381,0.661,-0.749,0.208,149.78,-137.39,9.4
1628941.681885,0.691,-0.689,0.03,97.35,-135.59,-10.25
1628941.724662,0.562,-0.631,0.238,40.71,-79.74,-10.62
1628941.774966,0.582,-0.643,0.237,26.4,-128.76,1.98
1628941.814979,0.714,-0.656,0.085,3.85,-70.41,-20.78
1628941.860551,0.69,-0.745,0.24,-40.62,-36.16,-37.84
1628941.900931,0.708,-0.617,0.161,-34.18,-32.99,-59.57
1628941.941953,0.707,-0.549,0.137,-39.55,-19.68,-56.31
1628941.990628,0.705,-0.517,0.119,-54.66,3.36,-45.5
1628942.040755,0.71,-0.517,0.053,-62.38,-1.19,-39.31
1628942.080949,0.782,-0.573,0.04,-71.47,-2.44,-31.86
1628942.130811,0.833,-0.574,0.032,-39.52,1.07,-23.32
1628942.181098,0.881,-0.532,-0.009,-19.47,-15.9,-12.63
1628942.230807,0.868,-0.556,0.01,0.34,-2.01,5.74
1628942.274878,0.833,-0.545,-0.0,3.27,-12.18,3.88
1628942.321568,0.81,-0.583,0.007,17.43,2.35,7.84
1628942.371570,0.78,-0.608,0.009,2.66,-1.07,1.13
1628942.420108,0.772,-0.643,0.016,3.51,0.06,-4.97
1628942.461170,0.784,-0.637,-0.003,5.34,-4.88,-6.81
1628942.510458,0.783,-0.609,-0.01,-9.58,-3.33,-10.99
1628942.561153,0.778,-0.588,-0.018,-0.34,-9.8,-4.61
1628942.601572,0.799,-0.602,-0.034,8.03,-5.04,-0.73
1628942.650887,0.782,-0.6,-0.024,8.85,-3.75,2.08
1628942.700317,0.781,-0.601,-0.016,8.3,-3.6,1.74
1628942.741482,0.785,-0.599,-0.006,0.98,-3.54,-0.24
1628942.790711,0.785,-0.594,-0.012,-0.18,-8.64,-1.07
1628942.835152,0.792,-0.603,-0.025,-1.92,-4.27,-3.51
1628942.881028,0.788,-0.617,-0.022,2.87,-3.69,-1.31
1628942.930499,0.784,-0.595,-0.04,-1.1,-4.21,-2.84
1628942.971754,0.779,-0.598,-0.027,-2.81,-0.98,-2.5
1628943.021199,0.782,-0.596,-0.022,-1.34,-2.59,-1.1
1628943.065100,0.784,-0.593,-0.034,-3.94,-2.96,-1.25
1628943.111072,0.795,-0.608,-0.038,-5.13,-3.45,-2.23
1628943.161349,0.793,-0.591,-0.042,-2.66,-1.89,-3.02
1628943.201733,0.796,-0.583,-0.048,-3.17,-0.52,-2.87
1628943.250974,0.798,-0.59,-0.031,-4.43,-1.43,-2.78
1628943.300221,0.798,-0.594,-0.04,-3.6,-1.71,-1.68
1628943.341436,0.794,-0.592,-0.055,-4.46,-1.98,-4.97
1628943.388120,0.797,-0.574,-0.066,-5.1,-1.53,-5.55
1628943.434582,0.8,-0.573,-0.057,-0.52,1.98,-0.55
1628943.481178,0.803,-0.558,-0.054,-1.68,1.74,-2.26
1628943.521243,0.812,-0.572,-0.046,-2.44,3.45,-0.76
1628943.571515,0.808,-0.569,-0.056,-3.75,1.31,-1.95
1628943.620849,0.801,-0.563,-0.047,-0.7,4.49,-1.68
1628943.664880,0.809,-0.559,-0.046,-0.18,3.17,-1.25
1628943.711081,0.813,-0.556,-0.048,-0.15,2.01,-0.21
1628943.760346,0.815,-0.564,-0.031,-0.09,1.25,-0.92
1628943.801551,0.812,-0.543,-0.051,0.03,-0.49,-0.09
1628943.851426,0.802,-0.569,-0.044,-1.31,0.79,0.03
1628943.900139,0.804,-0.566,-0.049,0.46,-1.19,2.38
1628943.941012,0.8,-0.584,-0.045,-0.43,0.15,1.62
1628943.990285,0.806,-0.591,-0.047,0.4,-1.59,-0.18
1628944.034439,0.806,-0.58,-0.051,1.31,-1.98,-1.13
1628944.080722,0.81,-0.563,-0.057,0.46,-0.95,-1.34
1628944.130162,0.799,-0.568,-0.047,0.82,0.27,0.52
1628944.171511,0.795,-0.582,-0.044,-1.04,-0.37,0.55
1628944.220795,0.802,-0.569,-0.057,0.15,-1.5,0.0
1628944.264970,0.812,-0.558,-0.063,-1.28,0.95,1.16
1628944.310960,0.806,-0.569,-0.048,0.12,3.05,3.17
1628944.364374,0.807,-0.573,-0.04,-1.86,1.31,3.17
1628944.414786,0.802,-0.597,-0.029,0.73,0.89,2.87
1628944.460863,0.809,-0.583,-0.048,0.61,-1.25,-0.15
1628944.510363,0.81,-0.56,-0.056,1.16,1.13,0.79
1628944.551333,0.801,-0.571,-0.042,0.15,1.74,1.1
1628944.600818,0.8,-0.578,-0.04,-0.18,-0.46,1.65
1628944.644947,0.803,-0.581,-0.043,-0.64,-1.37,0.64
1628944.691104,0.803,-0.576,-0.048,0.31,-1.53,0.85
1628944.740107,0.796,-0.581,-0.038,0.64,-2.01,0.34
1628944.781463,0.8,-0.566,-0.054,-0.61,-2.9,0.21
1628944.830809,0.797,-0.579,-0.062,0.12,-0.76,1.34
1628944.879888,0.792,-0.594,-0.044,0.55,-0.18,1.19
1628944.920967,0.795,-0.589,-0.046,0.12,-2.26,0.61
1628944.971401,0.795,-0.586,-0.058,-0.67,-2.23,-0.18
1628945.014661,0.794,-0.586,-0.063,0.15,-1.22,0.18
1628945.060801,0.796,-0.579,-0.061,0.52,-0.09,-0.03
1628945.110290,0.797,-0.576,-0.052,1.65,0.82,0.85
1628945.151550,0.796,-0.587,-0.051,1.95,0.95,0.89
1628945.200610,0.797,-0.591,-0.047,2.2,0.24,-0.67
1628945.244956,0.808,-0.56,-0.063,2.81,-0.46,-0.15
1628945.291173,0.784,-0.58,-0.079,4.03,3.17,3.17
1628945.340248,0.773,-0.544,-0.072,5.25,2.04,1.19
1628945.381677,0.837,-0.516,-0.062,8.21,3.94,8.3
1628945.431865,0.858,-0.603,-0.004,-1.19,10.13,11.72
1628945.481646,0.743,-0.754,0.045,-5.25,10.1,5.43
1628945.530705,0.698,-0.684,0.007,-2.2,-6.41,-11.63
1628945.571038,0.726,-0.539,-0.071,2.87,-11.2,-13.18
1628945.611456,0.799,-0.437,-0.107,4.06,-8.21,-5.37
1628945.660901,0.866,-0.505,-0.089,-2.41,9.28,13.06
1628945.701725,0.834,-0.627,-0.023,-7.05,13.7,15.84
1628945.751007,0.774,-0.735,0.035,-2.56,13.09,9.58
1628945.800111,0.74,-0.666,0.028,2.01,-1.89,-6.84
1628945.841113,0.753,-0.584,-0.01,2.96,-5.55,-8.7
1628945.890293,0.785,-0.543,-0.047,0.73,-4.52,-2.72
1628945.934865,0.803,-0.57,-0.053,-3.02,-0.43,3.45
1628945.981227,0.794,-0.617,-0.021,-2.66,2.08,4.43
1628946.030526,0.78,-0.639,-0.001,-0.55,1.37,2.32
1628946.071705,0.773,-0.638,0.003,0.21,-0.37,-1.04
1628946.121484,0.784,-0.616,-0.017,1.74,-2.44,-3.33
1628946.166568,0.784,-0.594,-0.031,2.78,-1.92,-2.72
1628946.210920,0.782,-0.592,-0.029,0.46,-0.79,-0.73
1628946.252981,0.774,-0.608,-0.011,-0.31,-1.1,0.12
1628946.301698,0.774,-0.611,-0.012,-0.79,-1.4,-0.55
1628946.350988,0.788,-0.61,-0.026,0.76,-3.23,0.4
1628946.400201,0.792,-0.602,-0.035,1.1,-1.59,-0.31
1628946.441354,0.791,-0.6,-0.035,2.01,0.27,0.52
1628946.490642,0.785,-0.599,-0.026,-0.73,-1.37,0.27
1628946.531888,0.789,-0.601,-0.035,-3.14,-2.01,-0.15
1628946.581213,0.778,-0.614,-0.033,-2.2,-1.89,-0.37
1628946.630629,0.785,-0.603,-0.038,-3.51,-1.01,-1.71
1628946.671594,0.789,-0.592,-0.044,-2.96,-1.71,-1.22
1628946.721372,0.784,-0.594,-0.045,-2.35,-0.49,-0.09
1628946.764615,0.779,-0.604,-0.04,-1.28,-0.55,0.67
1628946.811595,0.78,-0.604,-0.053,-1.68,-0.79,-0.58
1628946.860299,0.788,-0.593,-0.063,-1.77,0.52,-0.34
1628946.901623,0.787,-0.596,-0.044,-1.31,2.23,0.82
1628946.945787,0.788,-0.606,-0.04,-0.37,1.89,1.19
1628946.994983,0.783,-0.611,-0.046,-2.38,0.55,-1.04
1628947.041141,0.788,-0.597,-0.058,-5.01,0.82,-3.05
1628947.090593,0.791,-0.588,-0.055,-2.72,1.62,-0.82
1628947.131610,0.784,-0.595,-0.044,-0.98,1.83,1.04
1628947.181040,0.788,-0.599,-0.05,-3.36,1.1,-0.18
1628947.221128,0.788,-0.595,-0.056,-2.59,1.92,0.0
1628947.271303,0.786,-0.599,-0.047,-2.41,2.56,-0.24
1628947.320224,0.787,-0.598,-0.047,-2.29,2.75,-0.95
1628947.364893,0.792,-0.595,-0.045,-1.83,1.86,-0.49
1628947.410825,0.785,-0.597,-0.04,-1.25,2.04,-0.64
1628947.460355,0.789,-0.587,-0.047,-2.56,1.4,-0.34
1628947.501609,0.79,-0.586,-0.042,-1.46,1.56,0.55
1628947.550796,0.79,-0.598,-0.042,-2.47,1.22,0.82
1628947.594937,0.79,-0.603,-0.046,-1.8,0.73,0.12
1628947.641180,0.794,-0.592,-0.053,-1.28,0.61,0.85
1628947.690461,0.792,-0.594,-0.046,-1.4,0.24,1.19
1628947.731668,0.784,-0.592,-0.048,-2.53,1.01,1.28
1628947.780573,0.779,-0.601,-0.047,-1.95,1.5,2.04
1628947.824697,0.777,-0.606,-0.055,-2.5,1.59,1.74
1628947.871340,0.781,-0.603,-0.051,-0.95,3.08,1.89
1628947.921034,0.781,-0.595,-0.054,-2.47,4.85,1.8
1628947.961470,0.784,-0.595,-0.054,-2.93,5.68,2.87
1628948.010900,0.78,-0.618,-0.043,-4.85,7.08,4.91
1628948.060464,0.777,-0.645,-0.033,-3.69,4.55,1.86
1628948.101560,0.786,-0.63,-0.038,-2.62,2.38,-0.06
1628948.150593,0.78,-0.629,-0.044,-0.18,2.78,-1.53
1628948.194792,0.751,-0.621,-0.035,2.35,-0.89,-2.72
1628948.241105,0.758,-0.616,-0.01,7.08,-2.81,-2.44
1628948.290420,0.752,-0.631,0.016,8.94,-4.21,9.06
1628948.342928,0.798,-0.588,-0.019,-3.27,-7.11,13.37
1628948.384601,0.939,-0.53,-0.052,-8.09,-15.11,44.22
1628948.434759,1.061,-0.441,-0.097,-3.75,-24.41,66.26
1628948.480403,1.15,-0.587,-0.268,-38.42,-26.95,49.84
1628948.521462,0.932,-0.539,-0.086,-15.84,-16.45,20.69
1628948.571030,0.716,-0.396,-0.164,7.26,-106.97,58.32
1628948.611209,0.979,-0.289,-0.3,-100.41,-103.67,76.6
1628948.654340,1.212,-0.012,-0.109,-112.43,-105.2,122.53
1628948.701059,1.142,0.389,-0.737,-75.9,-161.08,319.83
1628948.744662,0.537,0.211,-0.946,-187.14,16.51,419.39
1628948.791640,-1.47,0.473,-0.484,-193.21,336.41,415.94
1628948.835170,-3.812,0.811,-2.019,-203.25,197.21,322.64
1628948.881875,-1.347,-2.78,-0.244,197.52,155.49,202.89
1628948.931396,-1.605,-1.324,-1.2,199.84,-245.77,-336.92
1628948.975053,-1.892,-0.955,-1.907,167.55,-233.92,-491.65
1628949.021459,-1.32,-0.875,-0.872,186.99,-118.14,-351.05
1628949.071885,-0.159,-0.742,-0.328,181.34,-106.81,-323.56
1628949.114999,0.343,-0.244,-0.308,84.78,-125.55,-289.59
1628949.161063,0.655,0.083,-0.44,3.97,-82.92,-240.76
1628949.201471,0.736,0.31,-0.628,-24.9,-71.84,-191.38
1628949.241895,0.827,0.366,-0.801,-13.64,-20.11,-132.08
1628949.284732,0.725,0.514,-0.761,-23.59,19.81,-76.2
1628949.335090,0.649,0.353,-0.863,-82.4,14.95,23.59
1628949.375285,0.752,0.222,-0.709,-46.48,40.41,57.1
1628949.420549,0.914,0.026,-0.656,1.89,57.34,138.37
1628949.460814,0.925,-0.16,-0.345,-31.25,93.69,147.89
1628949.501061,1.016,-0.42,-0.188,0.0,55.36,162.21
1628949.541222,1.199,-0.419,-0.332,-45.59,5.43,140.42
1628949.581375,1.475,-0.208,-0.216,-149.14,-4.27,81.51
1628949.624363,1.511,0.114,0.0,-103.06,-68.12,124.88
1628949.665127,1.161,0.193,-0.404,-55.24,-123.02,215.89
1628949.714441,0.613,0.133,-0.637,-177.37,-96.71,296.88
1628949.761289,-1.264,0.478,-0.475,-110.6,174.02,298.53
1628949.805022,-4.0,0.626,-1.869,-16.45,125.06,412.34
1628949.851131,-0.517,-3.902,0.788,-357.16,87.47,46.14
1628949.891787,-1.177,-1.777,-1.023,443.16,-8.39,-119.42
1628949.940974,-1.45,-0.641,-1.781,-41.57,-147.89,-391.67
1628949.981602,-1.578,-0.527,-1.021,142.25,-4.12,-337.93
1628950.024835,-0.382,-0.612,-0.957,97.42,-93.23,-283.09
1628950.065114,0.142,-0.409,-0.778,62.78,-18.56,-260.54
1628950.110817,0.607,-0.207,-0.479,61.01,-7.9,-208.9
1628950.151296,0.616,0.041,-0.364,40.47,3.45,-193.98
1628950.191501,0.691,0.228,-0.394,21.97,-29.11,-171.27
1628950.231564,0.829,0.35,-0.619,95.43,9.46,-108.74
1628950.274608,0.883,0.557,-0.71,81.73,10.04,-56.31
1628950.325083,0.94,0.203,-1.138,-44.34,6.96,5.55
1628950.370958,0.66,-0.074,-0.752,-10.99,103.4,46.48
1628950.411582,0.727,-0.277,-0.504,26.98,71.54,76.75
1628950.452726,0.807,-0.28,-0.38,22.16,78.34,77.39
1628950.495371,0.936,-0.254,-0.348,-10.8,37.23,91.25
1628950.540511,1.147,-0.204,-0.392,-64.67,12.42,85.51
1628950.580975,1.3,-0.075,-0.264,-101.69,-3.14,90.91
1628950.621959,1.38,0.217,-0.241,-113.38,-49.75,127.32
1628950.675034,1.04,0.057,-0.404,-217.38,-80.94,193.46
1628950.721523,0.576,0.041,-0.466,-241.25,-38.15,217.81
1628950.764946,-0.571,0.298,-0.296,-201.45,-40.07,253.4
1628950.811010,-2.814,0.764,-1.256,-44.74,-82.19,309.34
1628950.854410,-2.173,-0.854,-4.0,-561.48,-124.52,256.51
1628950.906765,-0.261,-2.246,-1.243,243.75,136.48,147.86
1628950.950630,-0.932,-0.089,-2.106,52.19,-46.45,-273.17
1628950.990854,-1.4,-0.157,-1.294,49.9,78.95,-292.52
1628951.031489,-1.119,-0.186,-1.208,149.82,42.12,-269.66
1628951.071825,-0.565,-0.337,-1.029,98.94,39.22,-287.45
1628951.114870,-0.061,-0.128,-0.984,130.89,57.28,-292.83
1628951.161480,0.425,0.087,-0.858,106.17,92.32,-220.01
1628951.205152,0.64,0.056,-0.385,98.12,119.66,-197.73
1628951.251888,0.641,0.371,-0.387,91.8,112.16,-174.23
1628951.295453,0.724,0.426,-0.292,108.92,93.72,-155.86
1628951.341468,0.857,0.588,-0.676,65.0,20.08,-98.27
1628951.394361,0.859,0.419,-0.729,6.62,40.83,-39.95
1628951.444541,0.732,0.013,-0.761,-27.83,49.71,23.44
1628951.484763,0.733,-0.066,-0.587,12.57,34.67,33.72
1628951.530165,0.897,-0.051,-0.41,5.58,37.02,59.21
1628951.575127,0.903,-0.218,-0.289,-27.07,26.49,60.73
1628951.621998,0.834,-0.342,-0.278,-31.37,10.28,43.76
1628951.670898,0.892,-0.406,-0.317,9.19,-0.76,29.15
1628951.711086,0.86,-0.436,-0.359,26.18,2.96,12.57
1628951.751698,0.855,-0.415,-0.397,29.21,-8.0,0.85
1628951.801476,0.804,-0.383,-0.395,29.51,1.8,-1.37
1628951.850869,0.751,-0.399,-0.355,38.88,4.67,-0.24
1628951.900514,0.773,-0.465,-0.386,30.61,9.43,0.85
1628951.941050,0.778,-0.462,-0.378,12.27,17.94,-7.39
1628951.985150,0.815,-0.459,-0.371,20.42,14.65,-3.51
1628952.035095,0.87,-0.43,-0.402,28.78,1.68,0.27
1628952.081889,0.856,-0.47,-0.386,4.0,11.84,2.59
1628952.131232,0.833,-0.483,-0.344,4.64,4.73,2.5
1628952.181004,0.793,-0.427,-0.325,-2.66,-0.46,-0.21
1628952.221443,0.774,-0.414,-0.327,-9.64,3.39,5.95
1628952.271697,0.763,-0.418,-0.308,-13.52,10.59,8.88
1628952.320617,0.801,-0.418,-0.329,-1.83,7.57,10.93
1628952.371258,0.834,-0.433,-0.346,-12.48,10.53,12.54
1628952.421609,0.856,-0.478,-0.31,-14.59,9.92,9.28
1628952.470818,0.862,-0.456,-0.322,-3.81,5.01,6.56
1628952.513227,0.851,-0.474,-0.294,-2.81,7.02,4.61
1628952.560610,0.834,-0.44,-0.283,1.59,0.82,-0.58
1628952.615777,0.837,-0.435,-0.302,1.92,-0.18,-0.52
1628952.661327,0.814,-0.451,-0.288,-4.27,1.59,-1.31
1628952.710811,0.821,-0.45,-0.312,-2.59,3.69,-2.04
1628952.755091,0.797,-0.436,-0.32,-6.16,5.83,-2.38
1628952.802870,0.82,-0.417,-0.327,-0.73,4.91,1.07
1628952.850297,0.831,-0.412,-0.32,-3.66,7.72,4.64
1628952.891441,0.834,-0.446,-0.307,-6.78,7.39,5.89
1628952.940708,0.833,-0.458,-0.301,-4.76,4.94,2.84
1628952.984940,0.826,-0.459,-0.305,-5.04,7.93,2.17
1628953.031397,0.827,-0.44,-0.291,-4.94,6.23,0.89
1628953.080962,0.84,-0.43,-0.281,-3.51,7.42,2.59
1628953.121757,0.836,-0.429,-0.273,-0.98,5.19,3.51
1628953.171409,0.856,-0.414,-0.286,-4.21,0.76,3.88
1628953.221144,0.844,-0.433,-0.257,-0.89,4.7,1.4
1628953.261319,0.824,-0.431,-0.264,2.11,4.09,1.5
1628953.310501,0.839,-0.438,-0.271,2.53,1.56,1.68
1628953.355056,0.816,-0.456,-0.318,-9.19,2.41,0.37
1628953.401732,0.807,-0.441,-0.324,-19.32,4.91,0.79
1628953.451404,0.821,-0.434,-0.314,-8.0,4.36,11.41
1628953.501678,0.887,-0.442,-0.287,-34.67,7.93,20.33
1628953.551552,0.94,-0.537,-0.187,-37.02,-9.74,9.61
1628953.601551,0.901,-0.519,-0.255,-13.73,-21.52,-5.86
1628953.641560,0.802,-0.463,-0.266,-21.64,-20.69,-20.97
1628953.681720,0.777,-0.407,-0.333,-20.33,-20.81,-25.88
1628953.735021,0.759,-0.371,-0.426,-15.75,-16.08,-26.8
1628953.785259,0.759,-0.32,-0.454,-2.14,-5.89,-13.31
1628953.831663,0.794,-0.331,-0.421,4.06,7.32,-3.05
1628953.880857,0.811,-0.341,-0.377,5.58,6.84,2.59
1628953.924953,0.82,-0.365,-0.353,-0.55,2.59,4.58
1628953.971323,0.84,-0.395,-0.363,-1.83,-6.35,4.7
1628954.020992,0.842,-0.416,-0.406,-9.13,-4.79,-0.09
1628954.064830,0.827,-0.411,-0.396,-12.27,-3.81,-4.03
1628954.111059,0.815,-0.378,-0.401,1.74,-4.94,-4.27
1628954.160232,0.799,-0.357,-0.404,0.37,-0.06,-2.93
1628954.201791,0.798,-0.345,-0.394,2.23,1.74,-0.7
1628954.251059,0.803,-0.355,-0.397,0.03,-2.9,3.17
1628954.295093,0.816,-0.382,-0.411,-5.04,-1.98,3.27
1628954.341417,0.814,-0.391,-0.396,-0.85,-0.43,4.27
1628954.390409,0.821,-0.394,-0.412,-2.04,0.0,2.99
1628954.431488,0.811,-0.389,-0.407,-0.37,-0.4,1.59
1628954.480752,0.808,-0.377,-0.405,-0.79,-1.74,0.49
1628954.530102,0.814,-0.372,-0.406,-2.01,-0.64,1.01
1628954.571351,0.816,-0.369,-0.405,-0.52,0.03,1.43
1628954.621018,0.812,-0.382,-0.394,-1.07,1.46,1.74
1628954.664870,0.805,-0.38,-0.388,0.0,0.52,1.01
1628954.710936,0.807,-0.36,-0.412,1.34,0.18,1.5
1628954.760283,0.811,-0.374,-0.421,0.18,1.86,2.26
1628954.801707,0.814,-0.384,-0.409,0.34,3.36,3.14
1628954.850683,0.814,-0.391,-0.397,2.78,1.56,1.16
1628954.895069,0.824,-0.397,-0.402,1.19,2.78,-0.31
1628954.941302,0.819,-0.387,-0.4,1.43,2.23,-1.65
1628954.981427,0.813,-0.387,-0.393,0.37,1.37,-1.28
1628955.021590,0.818,-0.393,-0.395,0.89,1.04,-1.16
1628955.071283,0.814,-0.395,-0.402,-0.15,2.17,-3.11
1628955.114773,0.816,-0.388,-0.396,1.19,1.92,-3.3
1628955.161034,0.819,-0.372,-0.396,-0.24,1.46,-3.48
1628955.210439,0.82,-0.361,-0.401,-2.01,0.92,-2.11
1628955.251747,0.822,-0.366,-0.396,-2.32,2.87,-1.22
1628955.300903,0.815,-0.362,-0.378,-2.99,1.56,-0.21
1628955.345228,0.817,-0.372,-0.385,-2.78,0.52,-0.15
1628955.391337,0.819,-0.364,-0.397,-1.56,1.07,-0.7
1628955.440524,0.824,-0.361,-0.396,-1.31,1.1,-0.58
1628955.481749,0.826,-0.364,-0.4,-0.73,1.65,0.21
1628955.531108,0.824,-0.359,-0.396,0.31,1.68,0.03
1628955.574983,0.819,-0.365,-0.396,0.4,2.47,0.31
1628955.621300,0.815,-0.373,-0.389,1.68,1.8,0.98
1628955.670609,0.812,-0.372,-0.4,-0.98,2.66,1.25
1628955.711708,0.801,-0.385,-0.395,-2.5,4.49,1.77
1628955.760921,0.79,-0.445,-0.392,-5.04,8.61,0.52
1628955.810196,0.787,-0.506,-0.371,-6.99,8.24,-8.42
1628955.855179,0.804,-0.516,-0.377,-17.15,11.44,-18.25
1628955.900940,0.851,-0.355,-0.355,-0.92,7.97,-39.0
1628955.945500,0.893,-0.23,-0.391,41.2,9.31,-32.56
1628955.990672,0.892,-0.111,-0.383,59.94,9.89,-17.15
1628956.035182,0.892,0.104,-0.363,83.25,-4.33,21.79
1628956.080504,1.188,0.188,-0.397,62.53,-17.67,90.24
1628956.121224,1.328,0.29,-0.196,-10.38,26.73,130.13
1628956.171556,1.557,1.05,-0.2,-80.36,-52.19,174.02
1628956.214600,1.524,1.372,-0.495,-93.69,-194.04,333.87
1628956.261572,0.894,0.731,-1.203,-277.38,-77.33,491.74
1628956.305078,-1.198,0.485,-0.898,-443.34,267.04,479.48
1628956.352018,-3.989,1.412,-2.299,83.62,-100.31,488.75
1628956.394848,-0.733,-3.825,-0.959,-525.22,-10.1,34.88
1628956.444520,-1.255,-1.23,-1.732,421.09,-71.29,-260.26
1628956.491313,-1.976,-0.278,-1.602,160.13,-6.1,-460.52
1628956.532188,-1.016,-0.527,-1.118,240.97,-88.08,-321.36
1628956.574832,-0.289,-0.598,-0.676,210.0,-47.33,-286.87
1628956.621525,0.434,-0.414,-0.482,136.85,-67.38,-260.66
1628956.664657,0.599,-0.164,-0.56,68.64,-36.16,-257.36
1628956.710564,0.673,0.081,-0.4,41.99,-5.8,-215.09
1628956.750987,0.752,0.219,-0.522,20.91,-14.1,-171.24
1628956.801261,0.815,0.485,-0.653,-24.17,8.09,-131.35
1628956.841673,0.737,0.678,-0.945,-107.64,-36.56,-67.72
1628956.881766,0.726,0.572,-1.11,-104.37,-25.61,14.16
1628956.935154,0.496,0.123,-0.616,-48.31,94.91,80.75
1628956.975240,0.605,-0.05,-0.355,-1.37,23.01,114.35
1628957.021112,0.843,-0.118,-0.522,13.89,9.37,127.93
1628957.071848,0.906,-0.129,-0.405,-6.29,17.27,135.17
1628957.121486,1.339,-0.223,-0.3,-1.53,13.89,103.0
1628957.175002,1.491,0.05,-0.206,-79.9,14.83,74.74
1628957.221578,1.37,0.282,-0.035,-56.95,-56.86,83.38
1628957.271622,1.126,0.404,-0.402,-19.38,-180.82,198.19
1628957.315581,0.439,0.381,-0.626,-95.71,-167.09,302.53
1628957.361597,-1.555,0.232,-0.342,-68.97,38.36,383.53
1628957.405320,-4.0,0.293,-1.814,86.76,101.93,509.78
1628957.451471,-0.443,-4.0,0.607,-67.9,78.62,185.46
1628957.494637,-1.597,-1.192,-1.279,284.13,-110.11,-332.35
1628957.541418,-1.938,-0.57,-1.072,-24.32,16.54,-376.84
1628957.582046,-1.414,-0.628,-0.794,144.63,-72.18,-322.43
1628957.624798,-0.581,-0.801,-0.815,106.54,-54.87,-296.33
1628957.670905,0.165,-0.592,-0.665,52.28,-48.43,-264.41
1628957.711286,0.526,-0.269,-0.524,55.3,19.81,-242.53
1628957.752847,0.507,0.039,-0.299,54.93,41.63,-241.46
1628957.795018,0.634,0.247,-0.454,43.79,-1.1,-205.33
1628957.836066,0.846,0.36,-0.568,29.88,0.98,-162.97
1628957.880932,0.767,0.729,-0.928,20.69,4.7,-100.25
1628957.921809,0.845,0.647,-1.301,-4.73,-48.46,-17.4
1628957.965299,0.701,0.073,-1.156,-69.95,96.8,70.96
1628958.011474,0.35,-0.549,-0.159,-110.84,105.23,84.54
1628958.051815,0.706,-0.549,-0.393,51.94,-37.42,82.06
1628958.104803,0.845,-0.383,-0.684,-79.04,9.89,78.98
1628958.145106,0.873,-0.348,-0.486,-102.76,19.62,84.78
1628958.185342,1.072,-0.32,-0.345,-15.2,40.31,85.94
1628958.231281,1.29,-0.079,-0.181,19.96,16.51,62.9
1628958.282033,1.375,0.287,-0.326,-30.21,-46.42,48.13
1628958.331470,1.274,0.382,-0.384,-4.06,-70.47,116.18
1628958.371851,0.96,0.376,-0.47,-82.95,-84.11,211.71
1628958.414939,0.413,0.254,-0.587,-188.7,-83.99,305.43
1628958.461359,-0.778,0.178,-0.401,-232.46,46.14,329.26
1628958.505119,-3.008,0.341,-0.417,0.43,24.78,334.67
1628958.551429,-1.48,-1.741,-3.546,-559.25,-113.22,257.09
1628958.591793,-0.126,-2.897,-0.742,203.13,200.84,129.58
1628958.635505,-1.214,-0.771,-1.889,308.91,-68.3,-225.01
1628958.682027,-1.615,-0.731,-1.277,124.21,29.3,-323.13
1628958.724967,-1.045,-0.787,-1.181,195.41,-13.89,-285.41
1628958.771426,-0.027,-0.798,-0.951,113.32,-8.91,-278.66
1628958.811899,0.372,-0.469,-0.725,97.17,32.41,-256.66
1628958.855028,0.594,-0.215,-0.22,86.92,86.98,-251.29
1628958.901480,0.603,0.313,-0.058,78.68,35.0,-222.79
1628958.941509,0.823,0.57,-0.195,29.79,-6.78,-177.19
1628958.981533,0.859,0.695,-0.357,14.04,14.44,-119.57
1628959.021620,0.874,0.573,-0.678,-19.29,-24.78,-42.09
1628959.071687,0.949,0.009,-0.694,-45.38,14.5,11.02
1628959.124921,0.784,-0.176,-0.635,-22.8,43.12,32.47
1628959.170825,0.613,-0.287,-0.604,-74.13,56.67,36.23
1628959.210951,0.617,-0.142,-0.403,-55.67,31.28,35.77
1628959.255298,0.843,-0.112,-0.453,-11.38,-4.91,70.31
1628959.301101,0.848,-0.274,-0.398,-43.28,58.57,83.29
1628959.341114,0.794,-0.454,-0.177,-20.05,70.1,87.86
1628959.390866,0.837,-0.475,-0.143,41.9,36.77,67.87
1628959.431950,0.917,-0.431,-0.185,35.31,36.62,54.93
1628959.481477,0.937,-0.48,-0.114,6.38,45.47,40.62
1628959.521565,0.941,-0.555,-0.028,29.48,42.82,35.19
1628959.571928,0.948,-0.545,0.039,81.73,8.21,31.04
1628959.625249,0.935,-0.523,-0.008,117.83,-26.95,42.36
1628959.671451,0.862,-0.51,0.186,83.25,-44.71,47.76
1628959.721935,0.813,-0.516,0.314,185.06,-80.94,112.67
1628959.765207,0.658,-0.583,0.307,162.54,-68.58,178.96
1628959.811412,0.37,-0.798,0.465,94.76,-95.03,216.53
1628959.854841,0.08,-0.916,0.388,55.7,-114.66,196.42
1628959.901413,-0.213,-1.18,0.331,-9.89,-107.03,129.8
1628959.941795,-0.34,-1.189,0.2,-53.29,-138.58,79.41
1628959.984384,-0.287,-1.257,0.06,-47.03,-118.2,39.34
1628960.024598,-0.266,-1.132,-0.106,-47.49,-54.66,-16.6
1628960.070237,-0.203,-1.035,-0.171,-43.37,-67.48,-46.97
1628960.120623,-0.022,-0.929,-0.272,-18.16,-43.64,-53.07
1628960.160836,0.056,-0.928,-0.256,-28.93,-12.76,-35.55
1628960.201024,0.172,-0.967,-0.216,-24.87,-19.1,-30.46
1628960.251138,0.303,-0.972,-0.283,-4.12,9.61,-27.53
1628960.301451,0.37,-0.909,-0.179,-14.47,32.56,-7.69
1628960.351495,0.391,-0.874,-0.137,-0.06,16.24,15.9
1628960.401582,0.338,-0.933,-0.117,-6.81,10.8,31.04
1628960.451725,0.221,-0.937,-0.154,-17.21,-14.04,22.86
1628960.501803,0.182,-0.974,-0.217,-20.6,10.38,2.5
1628960.551984,0.079,-1.023,-0.187,-14.19,34.42,7.08
1628960.601909,0.059,-1.017,-0.15,12.82,16.63,-13.49
1628960.655230,0.125,-0.954,-0.186,26.28,17.03,-22.28
1628960.701110,0.156,-0.949,-0.179,10.19,39.77,-18.56
1628960.750952,0.191,-1.0,-0.161,-9.34,61.53,-25.76
1628960.791153,0.21,-1.003,-0.16,-12.57,78.68,-35.31
1628960.831356,0.208,-0.979,-0.166,-23.62,92.35,-32.75
1628960.871573,0.279,-1.005,-0.131,-23.29,96.41,-43.09
1628960.921352,0.303,-0.918,-0.132,-5.46,116.58,-46.3
1628960.972118,0.35,-0.855,-0.01,3.08,123.26,-34.94
1628961.015286,0.388,-0.865,0.042,16.51,116.34,-31.95
1628961.055392,0.416,-0.809,0.088,18.4,102.39,-25.21
1628961.100618,0.506,-0.832,0.131,3.45,98.7,-5.28
1628961.145232,0.524,-0.844,0.221,-9.95,115.36,1.22
1628961.185335,0.517,-0.859,0.271,-39.12,119.27,-0.31
1628961.231408,0.505,-0.89,0.307,-43.82,109.81,-11.66
1628961.271575,0.506,-0.863,0.392,-22.19,97.05,-15.96
1628961.321696,0.535,-0.86,0.489,8.73,76.63,-20.57
1628961.372199,0.533,-0.755,0.495,21.42,53.74,-35.37
1628961.425163,0.549,-0.693,0.463,-0.64,27.22,-22.58
1628961.471210,0.535,-0.72,0.38,-25.36,2.35,-12.15
1628961.515103,0.541,-0.804,0.341,-42.27,-8.88,-11.84
1628961.560845,0.533,-0.829,0.275,-34.94,-20.63,-15.84
1628961.600872,0.528,-0.843,0.176,-22.98,-31.56,-8.79
1628961.645089,0.535,-0.871,0.109,-11.44,-29.05,-4.15
1628961.694886,0.51,-0.888,0.103,13.25,-16.94,-6.38
1628961.744984,0.507,-0.862,0.137,25.7,-12.51,-1.8
1628961.794909,0.509,-0.806,0.15,26.06,-7.87,2.66
1628961.841615,0.506,-0.799,0.162,5.65,4.21,5.25
1628961.891177,0.495,-0.819,0.233,-5.16,9.67,4.39
1628961.940414,0.508,-0.821,0.244,2.62,3.05,8.85
1628961.981734,0.503,-0.81,0.25,0.92,-0.37,10.35
1628962.032630,0.504,-0.843,0.238,-3.51,-8.06,11.78
1628962.081281,0.513,-0.869,0.192,-9.95,-14.53,4.73
1628962.130900,0.502,-0.886,0.184,-9.16,-8.36,-2.75
1628962.175108,0.49,-0.844,0.13,-8.51,-10.5,-5.49
1628962.224999,0.524,-0.733,0.087,-8.18,-16.97,-3.02
1628962.271771,0.559,-0.787,0.081,4.82,-1.77,16.69
1628962.321908,0.521,-0.852,0.159,-0.73,14.01,11.29
1628962.371913,0.546,-0.91,0.285,35.98,4.03,24.9
1628962.425075,0.43,-0.894,0.37,43.64,28.26,22.49
1628962.475258,0.353,-0.779,0.398,17.24,-0.49,-6.65
1628962.525232,0.419,-0.841,0.271,-14.8,-24.96,-24.9
1628962.565301,0.476,-0.913,0.15,-31.62,-19.38,-38.39
1628962.610405,0.411,-0.89,0.108,-41.57,26.18,-35.34
1628962.651006,0.42,-0.82,0.105,-3.72,8.67,-13.64
1628962.691995,0.525,-0.806,0.056,34.12,-3.94,13.25
1628962.744868,0.541,-0.833,0.108,40.99,-0.67,29.3
1628962.794615,0.533,-0.882,0.22,35.28,18.59,30.37
1628962.835332,0.526,-0.848,0.323,18.8,31.53,13.18
1628962.885147,0.54,-0.922,0.363,-17.91,35.92,-3.42
1628962.931281,0.477,-0.98,0.443,-36.53,37.32,-36.59
1628962.971300,0.473,-0.939,0.413,-37.93,18.25,-45.44
1628963.020884,0.515,-0.858,0.266,-80.17,5.13,-50.6
1628963.061118,0.514,-0.825,0.218,-117.62,10.62,-54.75
1628963.111211,0.516,-0.729,0.262,-46.82,-45.59,-42.63
1628963.161543,0.678,-0.728,0.133,19.59,-85.79,-0.06
1628963.211527,0.675,-0.674,0.113,26.4,-52.06,0.76
1628963.252315,0.665,-0.761,0.011,-35.55,-23.32,10.62
1628963.302008,0.596,-0.829,0.032,-117.59,2.66,-51.18
1628963.355149,0.535,-0.763,0.077,-49.93,-18.43,-72.45
1628963.401044,0.595,-0.645,-0.054,40.65,-37.51,-44.59
1628963.451135,0.657,-0.568,-0.118,57.89,-1.92,-34.61
1628963.501770,0.657,-0.511,-0.17,29.02,24.41,-20.94
1628963.551720,0.684,-0.612,-0.114,-2.35,53.01,-5.31
1628963.601996,0.681,-0.695,-0.041,38.82,53.32,24.96
1628963.655244,0.791,-0.753,0.105,45.38,22.64,33.51
1628963.700869,0.796,-0.74,0.085,2.32,-5.55,29.05
1628963.750871,0.748,-0.762,0.129,-36.96,-34.27,3.63
1628963.790884,0.734,-0.737,0.109,-10.5,-29.69,2.35
1628963.832079,0.7,-0.719,0.099,-0.85,-19.23,6.78
1628963.882007,0.676,-0.782,0.075,-11.47,-10.53,4.3
1628963.931591,0.624,-0.774,-0.01,3.51,-6.78,-17.55
1628963.981313,0.642,-0.641,-0.043,9.7,-0.34,-19.65
1628964.021435,0.662,-0.612,-0.003,20.14,15.81,-0.06
1628964.071252,0.66,-0.648,0.022,18.89,25.54,14.68
1628964.121424,0.686,-0.719,0.05,1.86,19.29,20.14
1628964.171818,0.726,-0.802,0.095,10.19,14.19,17.85
1628964.221491,0.727,-0.796,0.102,-0.18,8.36,4.55
1628964.271361,0.696,-0.768,0.134,-7.6,3.08,-4.76
1628964.311810,0.675,-0.745,0.141,-5.83,-1.13,-9.89
1628964.361335,0.657,-0.736,0.107,-9.0,-3.94,-11.29
1628964.411287,0.657,-0.713,0.083,-7.97,-2.29,-12.36
1628964.460750,0.662,-0.685,0.057,-1.92,-1.86,-6.38
1628964.504922,0.676,-0.734,0.061,-6.96,0.7,-0.98
1628964.551704,0.706,-0.769,0.077,-16.21,0.92,-0.27
1628964.601747,0.732,-0.799,0.093,-24.51,-11.72,-6.65
1628964.652052,0.732,-0.746,0.104,-16.42,-20.75,-10.19
1628964.701961,0.683,-0.639,0.073,-9.46,-27.53,-6.71
1628964.755198,0.723,-0.645,-0.089,-47.55,-46.08,-20.84
1628964.800864,0.783,-0.641,-0.082,-34.85,-28.44,-26.7
1628964.841085,0.783,-0.649,-0.095,-17.4,-20.45,-20.36
1628964.890917,0.804,-0.648,-0.034,5.92,-37.26,-36.68
1628964.931558,0.77,-0.564,-0.094,22.1,-55.91,-45.2
1628964.981660,0.814,-0.5,-0.159,11.14,-55.3,-45.9
1628965.021677,0.804,-0.449,-0.201,14.59,-41.93,-35.49
1628965.072072,0.793,-0.46,-0.175,15.84,-27.74,-31.68
1628965.125377,0.834,-0.398,-0.223,57.13,-36.53,-16.54
1628965.170251,0.777,-0.653,-0.244,23.59,23.59,6.84
1628965.215060,0.658,-0.803,-0.14,-21.82,24.96,-7.81
1628965.264923,0.68,-0.735,-0.184,9.74,-12.67,-16.94
1628965.310308,0.753,-0.569,-0.253,15.59,-9.8,-18.77
1628965.352173,0.768,-0.495,-0.238,6.07,0.58,-14.25
1628965.401531,0.782,-0.491,-0.218,-8.76,6.23,-4.0
1628965.451282,0.811,-0.493,-0.184,-12.39,2.84,-1.13
1628965.500583,0.852,-0.491,-0.193,-0.12,0.03,-1.4
1628965.541763,0.821,-0.508,-0.219,0.24,11.35,-1.13
1628965.591468,0.787,-0.514,-0.201,3.3,12.33,-3.39
1628965.640950,0.825,-0.516,-0.211,3.33,10.68,0.98
1628965.685240,0.818,-0.519,-0.164,-3.66,14.07,0.49
1628965.734257,0.833,-0.513,-0.142,5.77,4.7,3.14
1628965.781067,0.84,-0.511,-0.152,-1.16,5.62,1.56
1628965.825319,0.82,-0.513,-0.117,-10.04,8.94,-0.55
1628965.871755,0.817,-0.505,-0.135,-3.08,5.71,0.43
1628965.921057,0.825,-0.537,-0.147,-6.41,11.38,1.19
1628965.970976,0.815,-0.563,-0.144,-11.93,15.32,1.53
1628966.021668,0.852,-0.541,-0.138,-20.26,17.82,8.48
1628966.071784,0.958,-0.378,-0.072,5.92,3.3,20.33
1628966.121489,1.291,-0.135,-0.054,-12.05,-3.45,86.76
1628966.171975,1.35,0.081,0.137,-106.11,-41.35,69.83
1628966.215527,1.25,0.075,0.029,-117.04,-129.03,130.74
1628966.264714,1.1,-0.157,-0.251,-196.91,-151.07,145.91
1628966.311755,0.697,-0.192,-0.407,-256.23,-104.65,178.44
1628966.361599,0.306,-0.161,-0.489,-277.17,-116.58,198.16
1628966.404773,0.159,-0.035,-0.61,-229.96,-87.68,170.75
1628966.451608,-1.116,0.594,-0.48,-134.13,-53.25,68.76
1628966.492230,-2.276,1.051,-2.384,-255.1,-112.28,164.65
1628966.535702,-1.251,-0.755,-1.062,-288.95,65.65,144.11
1628966.581758,0.09,-1.55,-1.382,24.17,-38.79,-52.22
1628966.624637,-0.227,0.522,-1.792,177.01,85.3,-118.5
1628966.665616,-0.369,-0.136,-1.275,140.17,95.16,-79.81
1628966.711530,-0.469,-0.308,-1.626,106.02,60.37,-182.04
1628966.754829,-0.44,-0.268,-1.48,172.28,101.14,-174.23
1628966.801579,-0.235,-0.408,-1.122,249.86,88.02,-179.97
1628966.844830,0.015,-0.314,-0.693,306.68,61.28,-183.29
1628966.891553,0.326,-0.152,-0.604,253.82,31.04,-204.26
1628966.935061,0.47,-0.173,-0.434,225.62,31.53,-174.29
1628966.981876,0.692,-0.115,-0.5,215.64,21.12,-146.95
1628967.024935,0.706,-0.014,-0.383,143.35,18.28,-122.14
1628967.065168,0.871,-0.054,-0.437,93.78,-2.75,-87.89
1628967.105256,0.954,-0.008,-0.426,48.4,11.32,-69.43
1628967.155230,1.09,0.062,-0.451,-8.45,30.67,-44.31
1628967.201217,1.004,0.071,-0.209,-16.27,30.85,-10.5
1628967.245059,1.053,0.009,-0.249,-4.91,14.83,10.44
1628967.285211,0.97,-0.118,-0.175,-15.9,13.61,21.24
1628967.335264,0.944,-0.348,-0.197,-6.59,12.94,26.06
1628967.385518,0.879,-0.449,-0.181,7.11,15.47,15.08
1628967.438901,0.876,-0.48,-0.145,15.96,4.67,6.62
1628967.485101,0.864,-0.454,-0.119,12.33,10.28,-1.8
1628967.531685,0.89,-0.422,-0.148,3.51,-7.84,-3.48
1628967.581199,0.897,-0.409,-0.183,11.75,-2.66,-0.89
1628967.625275,0.87,-0.433,-0.164,2.78,2.38,-1.92
1628967.671482,0.866,-0.439,-0.15,8.58,0.55,1.62
1628967.721349,0.854,-0.411,-0.149,5.74,1.46,0.64
1628967.765004,0.876,-0.409,-0.167,2.99,-1.25,4.97
1628967.811172,0.872,-0.435,-0.154,3.94,4.64,6.68
1628967.860379,0.879,-0.469,-0.15,-0.98,3.63,6.35
1628967.901891,0.876,-0.496,-0.111,-0.18,8.03,3.45
1628967.951106,0.867,-0.454,-0.116,4.33,-3.45,-2.99
1628967.995258,0.873,-0.431,-0.135,2.23,-3.39,-4.36
1628968.041545,0.867,-0.408,-0.151,3.72,-2.81,-3.05
1628968.090580,0.867,-0.435,-0.151,-1.28,1.1,0.46
1628968.131960,0.863,-0.461,-0.121,-1.07,-0.15,-1.13
1628968.181299,0.882,-0.425,-0.148,4.43,-2.44,-2.38
1628968.225420,0.884,-0.432,-0.146,2.99,0.58,-0.58
1628968.271746,0.869,-0.438,-0.143,1.68,-3.27,-0.73
1628968.321214,0.879,-0.435,-0.162,1.83,-3.11,0.95
1628968.361787,0.86,-0.436,-0.158,1.83,0.89,1.5
1628968.411136,0.863,-0.459,-0.129,0.61,2.93,1.86
1628968.460349,0.865,-0.439,-0.131,0.61,0.31,-0.49
1628968.508418,0.862,-0.428,-0.131,-1.59,0.82,1.01
1628968.551040,0.873,-0.444,-0.147,-6.56,2.32,2.32
1628968.595722,0.858,-0.454,-0.136,-0.12,4.88,1.68
1628968.641334,0.863,-0.422,-0.148,2.2,5.52,3.05
1628968.690725,0.876,-0.455,-0.117,0.31,5.22,4.85
1628968.731962,0.885,-0.444,-0.123,2.41,1.16,2.62
1628968.781163,0.886,-0.454,-0.124,-0.43,1.53,1.71
1628968.825453,0.866,-0.462,-0.114,0.43,0.24,0.46
1628968.871633,0.855,-0.456,-0.122,-0.34,-2.84,-2.38
1628968.920886,0.853,-0.439,-0.14,3.66,2.29,-3.81
1628968.961848,0.848,-0.429,-0.121,1.95,5.55,-0.24
1628969.011086,0.875,-0.43,-0.117,-2.96,4.33,3.42
1628969.060372,0.892,-0.471,-0.117,-2.9,0.52,2.59
1628969.101728,0.894,-0.473,-0.144,-3.02,-1.56,-0.49
1628969.151056,0.863,-0.45,-0.137,0.43,0.03,-1.34
1628969.195147,0.845,-0.447,-0.133,1.43,1.92,0.0
1628969.241457,0.829,-0.45,-0.128,-2.41,5.62,-0.52
1628969.290662,0.857,-0.441,-0.14,-2.38,7.48,1.77
1628969.331887,0.894,-0.442,-0.132,-6.01,9.8,2.81
1628969.372040,0.895,-0.453,-0.103,-0.92,7.72,2.84
1628969.425427,0.884,-0.467,-0.092,-2.38,7.57,0.34
1628969.471588,0.862,-0.467,-0.09,-0.24,5.77,-2.9
1628969.521541,0.854,-0.441,-0.109,0.31,6.35,-4.12
1628969.561877,0.847,-0.433,-0.093,-1.56,8.73,-2.56
1628969.611079,0.871,-0.431,-0.075,-1.34,7.75,2.35
1628969.660287,0.892,-0.415,-0.068,0.73,4.49,4.97
1628969.701779,0.9,-0.439,-0.082,-3.48,2.17,5.95
1628969.750973,0.892,-0.472,-0.094,-0.98,1.28,4.88
1628969.794984,0.886,-0.473,-0.096,2.01,1.56,2.59
1628969.841793,0.877,-0.454,-0.072,0.0,2.47,-1.8
1628969.890387,0.869,-0.449,-0.059,-0.43,2.87,-0.79
1628969.931686,0.871,-0.454,-0.062,-0.89,0.03,-0.76
1628969.971750,0.871,-0.455,-0.072,0.43,-1.65,0.0
1628970.025098,0.87,-0.452,-0.086,-0.85,-0.58,0.98
1628970.071278,0.869,-0.458,-0.072,1.19,1.28,1.19
1628970.120469,0.875,-0.455,-0.07,1.65,0.49,1.95
1628970.162249,0.876,-0.459,-0.074,0.0,-0.34,1.98
1628970.210994,0.866,-0.477,-0.077,-0.06,0.43,1.1
1628970.255473,0.869,-0.476,-0.06,-0.92,0.31,0.95
1628970.301695,0.871,-0.463,-0.059,-1.77,-0.12,0.24
1628970.350977,0.864,-0.456,-0.045,1.07,-1.71,-0.12
1628970.392224,0.863,-0.431,-0.082,-5.19,-2.2,0.31
1628970.442127,0.855,-0.451,-0.081,-18.28,2.84,-1.19
1628970.491347,0.865,-0.455,-0.098,-7.23,-0.79,1.92
1628970.540704,0.868,-0.455,-0.12,-10.28,4.61,3.85
1628970.585135,0.877,-0.424,-0.082,-12.05,1.98,4.58
1628970.631692,0.881,-0.423,-0.093,-7.08,-1.01,11.23
1628970.681785,0.875,-0.46,-0.108,-29.48,-1.22,9.22
1628970.731799,0.849,-0.551,-0.112,-28.69,-4.55,8.48
1628970.781037,0.845,-0.548,-0.152,-22.0,-9.61,2.62
1628970.825468,0.854,-0.512,-0.16,-18.65,-9.37,-0.7
1628970.872133,0.847,-0.465,-0.158,-5.8,-10.62,-0.73
1628970.921845,0.857,-0.447,-0.164,-4.18,-9.98,1.95
1628970.971910,0.845,-0.459,-0.175,-23.13,-5.34,-2.87
1628971.021150,0.838,-0.476,-0.183,-22.95,-5.89,-7.57
1628971.065406,0.84,-0.461,-0.242,-17.12,-2.99,-8.21
1628971.111823,0.844,-0.46,-0.249,-8.24,0.98,-6.26
1628971.161437,0.843,-0.44,-0.234,3.75,8.06,-2.69
1628971.210651,0.825,-0.442,-0.181,-0.34,11.29,1.01
1628971.255534,0.823,-0.444,-0.17,-2.26,11.41,3.45
1628971.301818,0.855,-0.455,-0.188,-2.29,-0.49,1.59
1628971.350760,0.886,-0.436,-0.227,-2.62,-0.67,0.09
1628971.392141,0.887,-0.444,-0.217,-6.41,2.62,0.95
1628971.441444,0.869,-0.448,-0.199,-3.6,3.48,0.85
1628971.490705,0.859,-0.441,-0.196,-4.91,2.14,0.03
1628971.531928,0.854,-0.443,-0.191,-4.27,2.29,0.09
1628971.581161,0.85,-0.439,-0.188,-2.75,1.65,0.79
1628971.625219,0.853,-0.437,-0.193,-1.53,1.53,2.32
1628971.671846,0.855,-0.435,-0.192,-1.37,3.39,3.51
1628971.721305,0.862,-0.455,-0.189,-1.4,3.57,3.2
1628971.761762,0.868,-0.457,-0.198,-0.89,3.63,3.02
1628971.811030,0.864,-0.46,-0.193,-1.59,3.14,1.31
1628971.855344,0.852,-0.468,-0.181,-1.16,4.24,-0.12
1628971.901683,0.846,-0.463,-0.165,-0.61,3.54,-0.64
1628971.950958,0.849,-0.457,-0.181,-2.32,-0.24,-0.76
1628971.992026,0.85,-0.45,-0.188,-1.98,0.95,0.67
1628972.041325,0.849,-0.456,-0.183,-1.86,2.35,1.43
1628972.090462,0.855,-0.459,-0.18,-2.84,1.34,1.28
1628972.131772,0.862,-0.471,-0.187,-3.2,1.4,0.03
1628972.181131,0.86,-0.458,-0.182,-2.01,2.32,-2.23
1628972.225406,0.859,-0.444,-0.172,-2.17,4.09,-2.56
1628972.272544,0.858,-0.438,-0.165,-0.09,2.59,-1.92
1628972.320359,0.869,-0.425,-0.176,-1.46,2.04,-0.73
1628972.361570,0.865,-0.429,-0.185,-1.56,1.86,-0.03
1628972.410843,0.859,-0.455,-0.175,-2.38,2.47,0.37
1628972.455163,0.855,-0.459,-0.171,-1.46,2.35,-0.43
1628972.501391,0.847,-0.46,-0.165,-1.65,2.2,-0.98
1628972.551233,0.847,-0.486,-0.194,-10.41,5.04,1.59
1628972.595433,0.85,-0.482,-0.205,-24.81,14.86,-0.06
1628972.641038,0.907,-0.337,-0.177,-27.65,18.77,8.3
1628972.690933,1.029,-0.135,-0.173,-15.32,9.34,30.21
1628972.731440,1.245,0.132,-0.113,-32.84,-10.77,57.44
1628972.773330,1.321,0.224,-0.159,-60.15,-40.13,123.08
1628972.822168,1.191,0.045,-0.242,-182.96,-99.49,152.17
1628972.872094,1.002,-0.111,-0.406,-212.01,-150.46,190.31
1628972.915175,0.717,-0.174,-0.517,-200.75,-107.49,212.65
1628972.961895,0.303,-0.081,-0.605,-233.16,-75.38,242.96
1628973.005248,-0.017,-0.028,-0.581,-258.03,-78.1,234.17
1628973.051977,-1.227,0.709,-0.851,-218.94,3.97,172.37
1628973.094761,-1.638,0.668,-2.829,-474.81,-28.44,181.52
1628973.141583,-0.385,-2.467,-2.065,71.69,53.13,258.61
1628973.181931,-0.695,0.988,-1.323,110.29,41.17,-187.32
1628973.222267,-0.317,0.923,-1.061,125.06,46.6,-15.2
1628973.274864,-0.11,-0.355,-1.16,24.29,-22.19,-86.52
1628973.314924,-0.285,-0.211,-1.796,165.72,31.25,-113.5
1628973.364441,-0.676,-0.234,-1.298,191.93,109.99,-169.65
1628973.411431,-0.211,-0.358,-1.222,248.39,115.27,-159.22
1628973.455008,0.031,-0.427,-0.628,172.28,83.74,-175.88
1628973.501619,0.475,-0.251,-0.68,253.76,57.41,-208.56
1628973.545093,0.63,-0.104,-0.561,179.14,76.11,-170.87
1628973.591769,0.622,-0.032,-0.358,182.23,82.34,-165.01
1628973.635222,0.808,0.073,-0.383,164.4,74.31,-120.3
1628973.681867,0.881,0.167,-0.198,109.1,37.23,-102.45
1628973.721874,1.113,0.189,-0.463,66.53,38.33,-66.29
1628973.763421,1.033,0.13,-0.149,49.1,66.1,-35.4
1628973.811737,1.114,0.103,-0.246,71.02,7.54,6.41
1628973.861579,1.062,-0.186,-0.081,2.17,21.15,8.48
1628973.911893,0.977,-0.26,-0.139,10.71,-15.72,13.79
1628973.961649,0.909,-0.296,-0.114,-39.09,15.38,3.91
1628974.013344,0.835,-0.417,-0.011,-23.8,9.43,9.46
1628974.061612,0.896,-0.494,-0.128,23.32,-11.17,4.58
1628974.111214,0.929,-0.408,-0.175,22.86,-2.53,-4.36
1628974.151376,0.913,-0.377,-0.13,14.53,6.74,-3.54
1628974.191995,0.9,-0.341,-0.09,6.2,1.37,-1.56
1628974.241274,0.907,-0.348,-0.105,-0.89,-3.2,-0.76
1628974.285548,0.904,-0.351,-0.125,-3.66,-6.81,-0.27
1628974.333659,0.908,-0.38,-0.14,-8.12,-3.27,0.76
1628974.380918,0.892,-0.397,-0.119,-2.9,-0.43,-1.1
1628974.421797,0.885,-0.34,-0.11,2.26,0.12,-1.65
1628974.471084,0.914,-0.324,-0.123,2.38,0.73,3.02
1628974.520310,0.925,-0.324,-0.124,-3.14,8.12,7.48
1628974.561962,0.911,-0.384,-0.113,-7.2,11.81,6.99
1628974.611376,0.904,-0.418,-0.098,2.32,1.65,2.01
1628974.660559,0.896,-0.387,-0.085,2.66,-0.27,-2.66
1628974.702015,0.897,-0.342,-0.098,3.42,-2.93,-0.79
1628974.751386,0.913,-0.37,-0.128,-2.93,-7.2,2.14
1628974.795163,0.909,-0.386,-0.137,-0.98,-5.83,1.34
1628974.841681,0.902,-0.383,-0.135,-1.37,-2.96,0.03
1628974.890709,0.901,-0.382,-0.105,-1.28,-0.43,1.37
1628974.932197,0.909,-0.375,-0.095,-1.19,-7.23,2.01
1628974.982000,0.916,-0.386,-0.146,-3.72,-9.16,-1.07
1628975.031029,0.882,-0.382,-0.159,-2.84,-4.61,-3.17
1628975.072121,0.883,-0.367,-0.158,0.24,-2.08,-1.1
1628975.121481,0.889,-0.366,-0.142,1.43,2.38,1.19
1628975.165462,0.896,-0.371,-0.123,0.92,1.56,1.62
1628975.211473,0.937,-0.36,-0.137,2.84,-7.35,2.04
1628975.261212,0.913,-0.388,-0.156,-5.86,-3.51,-0.7
1628975.302190,0.885,-0.386,-0.148,-2.17,-3.33,-2.47
1628975.351628,0.872,-0.356,-0.15,2.5,-1.31,-2.29
1628975.400635,0.87,-0.35,-0.151,0.92,3.17,1.77
1628975.441803,0.886,-0.375,-0.142,1.71,0.7,4.3
1628975.490841,0.894,-0.376,-0.15,8.15,-1.37,7.81
1628975.530896,0.911,-0.399,-0.175,9.95,0.27,8.42
1628975.571818,0.905,-0.396,-0.162,0.34,2.87,4.43
1628975.620657,0.892,-0.411,-0.13,-3.94,3.2,1.31
1628975.661976,0.886,-0.414,-0.136,-2.78,0.95,-0.24
1628975.711104,0.885,-0.384,-0.138,-2.08,1.53,-1.19
1628975.755532,0.892,-0.378,-0.138,0.27,0.0,1.43
1628975.801563,0.888,-0.396,-0.129,7.51,-2.04,4.64
1628975.851446,0.895,-0.436,-0.147,26.37,-6.68,8.03
1628975.901118,0.89,-0.434,-0.145,32.5,-6.04,4.7
1628975.946281,0.883,-0.4,-0.13,23.71,-3.85,1.5
1628975.995170,0.872,-0.407,-0.115,16.17,-1.46,0.49
1628976.041550,0.872,-0.39,-0.126,8.24,-2.29,1.56
1628976.091085,0.873,-0.412,-0.112,-1.65,3.17,3.48
1628976.136043,0.881,-0.422,-0.12,-1.59,2.17,4.33
1628976.181763,0.891,-0.44,-0.11,-0.4,4.33,4.82
1628976.221844,0.886,-0.45,-0.099,6.5,3.48,4.15
1628976.262078,0.881,-0.447,-0.11,13.64,2.11,3.85
1628976.311214,0.881,-0.412,-0.114,6.47,1.65,2.96
1628976.360434,0.88,-0.413,-0.093,-0.76,3.63,5.58
1628976.401986,0.878,-0.448,-0.083,-1.5,2.78,7.05
1628976.451202,0.877,-0.431,-0.084,2.96,0.67,5.43
1628976.494967,0.877,-0.424,-0.093,3.97,1.59,8.12
1628976.541266,0.878,-0.499,-0.09,0.03,2.87,7.45
1628976.590532,0.876,-0.507,-0.081,1.71,-0.4,1.1
1628976.631858,0.875,-0.466,-0.092,3.27,-3.08,-1.68
1628976.681353,0.867,-0.436,-0.094,1.1,-3.02,-0.46
1628976.725407,0.855,-0.429,-0.101,-0.58,-0.79,1.65
1628976.771739,0.848,-0.405,-0.133,-12.39,5.31,5.04
1628976.821738,0.817,-0.314,-0.18,-52.83,23.41,6.38
1628976.872431,0.71,-0.291,-0.186,-91.65,48.95,22.58
1628976.925609,0.66,-0.457,-0.24,-93.72,55.7,54.84
1628976.971491,0.703,-0.639,-0.266,-86.64,69.95,66.07
1628977.021792,0.82,-0.793,-0.225,-47.55,62.47,67.23
1628977.061894,0.823,-0.72,-0.218,-53.04,99.55,51.0
1628977.102233,0.759,-0.686,-0.208,-106.3,159.73,27.5
1628977.145235,0.732,-0.855,-0.211,-195.17,225.17,-19.41
1628977.192046,0.614,-0.829,-0.128,-239.75,338.94,-109.84
1628977.236257,0.573,-0.768,0.17,-234.17,345.35,-150.58
1628977.285240,0.708,-0.676,0.634,-161.96,182.5,-161.05
1628977.331914,0.78,-0.502,0.544,-101.26,39.19,-105.59
1628977.371964,0.883,-0.408,0.55,-50.84,11.63,-45.78
1628977.425040,0.904,-0.342,0.478,-38.15,18.68,-30.61
1628977.475567,0.877,-0.345,0.506,-27.22,3.6,-31.8
1628977.521881,0.944,-0.336,0.356,-33.63,21.49,-56.28
1628977.571992,0.856,-0.285,0.35,-18.31,23.53,-40.04
1628977.621907,0.83,-0.22,0.406,-2.44,23.19,-16.08
1628977.671916,0.837,-0.202,0.385,-9.8,16.97,-10.41
1628977.721535,0.842,-0.236,0.412,-1.37,4.06,10.5
1628977.772015,0.879,-0.24,0.319,4.39,4.85,20.14
1628977.815380,0.889,-0.256,0.363,2.35,-0.52,20.6
1628977.865220,0.913,-0.265,0.333,3.57,-6.04,20.72
1628977.912222,0.913,-0.303,0.37,-0.95,2.53,9.61
1628977.960846,0.88,-0.296,0.369,1.22,-6.99,6.9
1628978.004976,0.87,-0.297,0.333,3.48,-6.47,9.06
1628978.051427,0.89,-0.315,0.341,0.4,-9.7,1.4
1628978.100983,0.881,-0.316,0.301,-2.11,-1.01,-6.47
1628978.142171,0.898,-0.288,0.342,-0.37,5.31,-4.18
1628978.191439,0.875,-0.271,0.335,-5.71,7.29,-0.52
1628978.240771,0.848,-0.286,0.375,-1.95,6.71,8.36
1628978.282232,0.862,-0.321,0.376,-3.63,-0.24,9.43
1628978.331678,0.876,-0.336,0.364,-5.22,-0.34,-1.46
1628978.375566,0.864,-0.329,0.369,-2.08,-1.62,-0.31
1628978.421997,0.877,-0.31,0.354,5.52,-3.23,-1.98
1628978.471619,0.882,-0.29,0.344,-2.11,-0.34,-7.9
1628978.512203,0.91,-0.314,0.323,-5.71,1.83,-6.26
1628978.561456,0.9,-0.31,0.341,-0.61,9.61,-0.67
1628978.610485,0.877,-0.297,0.36,-1.46,10.04,-0.89
1628978.652128,0.848,-0.289,0.386,1.22,8.27,2.69
1628978.701380,0.839,-0.289,0.381,1.25,1.86,1.83
1628978.745433,0.858,-0.302,0.383,-3.02,-2.84,-2.2
1628978.791709,0.867,-0.313,0.364,0.27,-5.52,0.76
1628978.841058,0.883,-0.276,0.35,-2.62,-5.52,-1.65
1628978.882388,0.876,-0.27,0.36,-3.78,-5.8,1.1
1628978.931588,0.883,-0.317,0.379,-1.74,-5.65,2.78
1628978.971725,0.884,-0.318,0.357,0.92,-6.5,3.02
1628979.021951,0.892,-0.287,0.341,1.98,-3.51,-8.3
1628979.071587,0.878,-0.275,0.351,2.38,-5.43,-1.62
1628979.115046,0.908,-0.294,0.325,-0.61,-0.98,-3.14
1628979.161281,0.881,-0.293,0.329,2.04,1.46,-2.04
1628979.210515,0.87,-0.291,0.339,4.39,0.82,-1.28
1628979.252021,0.876,-0.284,0.339,3.23,1.31,-3.11
1628979.301299,0.888,-0.287,0.327,2.2,-3.23,-0.34
1628979.345356,0.906,-0.274,0.318,1.22,-0.43,-4.18
1628979.391594,0.895,-0.293,0.329,-2.23,-2.17,-2.78
1628979.440594,0.89,-0.282,0.323,3.39,0.31,-1.28
1628979.481903,0.876,-0.283,0.324,1.71,-1.43,-0.09
1628979.531190,0.905,-0.27,0.316,1.28,-1.5,-2.93
1628979.575427,0.895,-0.285,0.32,-0.31,-2.96,0.31
1628979.621707,0.895,-0.327,0.324,4.09,-3.2,7.14
1628979.671682,0.895,-0.336,0.33,8.48,-2.23,5.95
1628979.715531,0.886,-0.286,0.342,15.41,-1.59,9.09
1628979.762068,0.893,-0.177,0.338,9.13,0.34,0.15
1628979.811420,0.888,-0.224,0.348,-2.78,-0.12,1.8
1628979.860567,0.892,-0.317,0.336,1.83,-0.85,10.22
1628979.901740,0.882,-0.29,0.357,1.43,3.72,1.43
1628979.951100,0.903,-0.291,0.339,0.92,-0.27,-5.74
1628979.995242,0.896,-0.285,0.34,8.15,3.2,-4.88
1628980.041830,0.867,-0.275,0.365,12.6,4.09,-2.96
1628980.091443,0.893,-0.256,0.344,10.83,-2.14,-6.65
1628980.131498,0.887,-0.27,0.364,12.21,-0.52,-5.71
1628980.176543,0.895,-0.295,0.361,18.62,-0.73,1.01
1628980.221648,0.862,-0.223,0.367,22.98,0.43,-0.79
1628980.271497,0.826,-0.217,0.419,17.61,-3.48,7.93
1628980.321935,0.794,-0.232,0.477,19.32,-5.92,22.55
1628980.371673,0.748,-0.162,0.59,19.65,-8.88,32.38
1628980.422389,0.634,-0.167,0.806,23.1,-14.8,56.03
1628980.475555,0.807,-0.346,0.757,31.5,-42.66,23.83
1628980.522323,0.748,-0.235,0.805,38.54,-21.7,-19.38
1628980.572130,0.878,-0.126,0.756,41.44,-70.38,-15.02
1628980.622109,1.064,-0.189,0.478,2.62,-83.65,-22.1
1628980.675087,1.022,-0.268,0.304,-13.92,-78.74,-30.52
1628980.720781,0.958,-0.169,0.1,-50.08,-66.47,-68.67
1628980.760825,0.761,-0.079,-0.022,-68.67,-91.8,-74.8
1628980.801237,0.693,-0.053,-0.341,-78.22,-122.68,-38.24
1628980.851558,0.693,-0.178,-0.724,-71.32,-147.59,22.64
1628980.891911,0.662,-0.114,-0.857,-101.47,-151.43,-27.89
1628980.935509,0.817,0.045,-1.088,-122.53,-143.25,-54.84
1628980.981813,0.741,0.001,-0.889,-100.68,-107.36,19.81
1628981.035637,0.953,-0.154,-0.769,-53.9,-53.53,8.0
1628981.085166,0.891,0.046,-0.686,-7.93,-14.19,2.69
1628981.132040,0.798,0.122,-0.614,-0.7,-1.4,8.51
1628981.181376,0.827,0.091,-0.604,2.78,1.74,0.98
1628981.225540,0.792,0.07,-0.535,-0.18,4.79,-4.12
1628981.271971,0.757,0.058,-0.495,0.18,5.4,-11.17
1628981.321978,0.808,0.073,-0.523,-5.04,3.57,-12.39
1628981.371952,0.855,0.081,-0.474,-11.81,2.56,-17.88
1628981.421838,0.858,0.033,-0.505,-15.05,-4.55,-14.83
1628981.465778,0.876,0.018,-0.514,-8.79,1.19,1.25
1628981.511685,0.81,0.024,-0.516,-4.03,1.77,-6.04
1628981.561052,0.779,0.092,-0.526,-1.25,1.19,-3.14
1628981.602202,0.791,0.087,-0.517,1.31,0.67,1.43
1628981.651309,0.801,0.079,-0.521,-1.53,-4.12,1.56
1628981.700585,0.809,0.046,-0.52,5.83,-1.56,2.23
1628981.741990,0.804,0.094,-0.524,0.4,-0.92,-5.86
1628981.791274,0.846,0.111,-0.522,-0.79,1.31,1.4
1628981.835612,0.871,0.119,-0.533,-1.86,0.31,4.79
1628981.881929,0.81,0.112,-0.518,2.56,2.72,13.0
1628981.931333,0.816,0.08,-0.513,-1.74,1.22,6.53
1628981.980773,0.819,0.067,-0.525,-4.39,-0.55,2.47
1628982.021995,0.844,0.042,-0.544,-3.17,1.34,6.26
1628982.072102,0.841,0.018,-0.535,1.01,0.37,7.87
1628982.115270,0.826,0.025,-0.538,0.18,2.11,-0.58
1628982.161570,0.841,0.056,-0.52,2.59,0.89,0.52
1628982.210880,0.831,0.071,-0.51,1.68,2.41,-1.86
1628982.252241,0.852,0.074,-0.502,4.21,1.31,10.8
1628982.301897,0.813,0.044,-0.495,2.38,3.08,10.74
1628982.351208,0.81,0.027,-0.521,-0.43,-0.43,4.06
1628982.392273,0.822,0.023,-0.515,0.49,0.09,0.92
1628982.435765,0.819,0.038,-0.516,-0.43,0.4,-3.69
1628982.480972,0.819,0.067,-0.486,0.03,1.01,-2.08
1628982.521788,0.842,0.079,-0.479,0.12,-5.13,4.94
1628982.571887,0.863,0.035,-0.522,-3.11,-0.03,8.97
1628982.615158,0.838,-0.003,-0.538,-5.07,-2.32,1.5
1628982.661471,0.832,-0.024,-0.545,-2.44,-0.12,2.47
1628982.710591,0.822,-0.008,-0.528,2.01,3.05,-0.76
1628982.752153,0.814,0.037,-0.511,2.53,3.23,-5.98
1628982.804616,0.822,0.072,-0.492,1.77,0.09,-2.11
1628982.845548,0.838,0.075,-0.515,0.09,0.15,0.31
1628982.891956,0.828,0.054,-0.522,-2.04,0.46,-0.21
1628982.941181,0.825,0.044,-0.523,-3.02,0.85,0.82
1628982.982363,0.811,0.029,-0.517,-4.3,1.1,1.65
1628983.033908,0.827,0.025,-0.513,-2.04,0.55,2.08
1628983.075485,0.813,0.027,-0.495,-2.38,-0.95,0.46
1628983.121879,0.811,0.033,-0.513,-2.08,-3.6,3.23
1628983.171423,0.835,0.013,-0.521,-1.1,-3.14,3.88
1628983.212065,0.842,0.009,-0.528,0.12,-2.72,1.19
1628983.261367,0.834,0.012,-0.526,1.1,0.82,-1.31
1628983.310858,0.825,0.034,-0.526,1.62,-0.31,1.28
1628983.352069,0.83,0.023,-0.536,2.66,-0.12,4.43
1628983.401359,0.826,0.021,-0.524,3.27,-0.46,2.47
1628983.445404,0.823,0.012,-0.527,4.33,-0.34,4.91
1628983.491735,0.84,-0.029,-0.537,4.55,2.93,3.11
1628983.540990,0.853,-0.021,-0.541,9.49,5.55,-3.11
1628983.585399,0.883,-0.036,-0.585,18.83,9.25,0.76
1628983.636322,0.876,-0.047,-0.572,26.7,20.75,-2.66
1628983.685639,0.873,-0.033,-0.564,36.32,30.12,-3.81
1628983.736416,0.854,-0.072,-0.566,53.99,44.07,1.77
1628983.781233,0.813,-0.107,-0.565,67.96,47.73,-4.0
1628983.825454,0.759,-0.095,-0.635,95.1,58.44,11.99
1628983.865560,0.775,-0.128,-0.502,90.24,80.14,17.24
1628983.911170,0.774,-0.138,-0.476,89.6,75.81,8.73
1628983.951206,0.822,-0.198,-0.396,84.81,58.87,12.73
1628983.995458,0.913,-0.269,-0.359,82.8,52.77,4.33
1628984.035973,0.912,-0.245,-0.262,85.91,26.09,-11.14
1628984.081296,0.964,-0.144,-0.303,51.7,46.02,-10.77
1628984.125486,1.006,-0.113,-0.167,70.22,54.63,-9.64
1628984.166405,0.992,-0.001,-0.228,31.04,24.2,-29.97
1628984.211229,0.924,-0.003,-0.302,22.43,36.47,13.76
1628984.251396,0.904,-0.132,-0.268,10.71,44.65,51.0
1628984.295390,0.874,-0.072,0.011,5.68,16.79,46.05
1628984.336233,0.848,0.1,0.044,51.15,46.75,98.73
1628984.381932,0.851,-0.172,0.226,-67.05,163.0,140.23
1628984.424632,0.614,-0.627,0.463,-119.3,210.06,113.86
1628984.471588,0.43,-1.024,0.935,-139.62,199.13,24.66
1628984.514679,0.599,-0.91,0.991,-107.06,70.47,-70.77
1628984.555242,0.726,-0.655,0.638,-117.31,-11.32,-157.35
1628984.601728,0.61,-0.471,0.589,-103.43,18.71,-169.32
1628984.642110,0.698,-0.259,0.463,-55.27,-37.45,-104.83
1628984.682296,0.926,-0.221,0.149,-58.47,-67.6,-83.07
1628984.736220,0.95,-0.315,0.186,-30.15,-7.26,-20.54
1628984.782397,1.001,-0.322,0.172,11.81,-1.43,38.39
1628984.822449,0.957,-0.368,0.236,17.76,13.15,40.59
1628984.864873,0.958,-0.373,0.21,15.66,4.09,16.21
1628984.911525,0.887,-0.322,0.23,14.04,-2.9,-3.69
1628984.961160,0.903,-0.331,0.239,23.99,-7.23,2.93
1628985.001307,0.885,-0.336,0.24,23.59,-14.47,3.17
1628985.045464,0.937,-0.322,0.167,27.47,-20.02,0.15
1628985.095409,0.942,-0.306,0.169,23.01,-1.77,-9.28
1628985.142344,0.953,-0.3,0.156,23.8,1.77,1.4
1628985.191981,0.923,-0.289,0.157,14.59,3.08,-0.58
1628985.232589,0.889,-0.323,0.165,14.22,4.21,6.56
1628985.281173,0.863,-0.342,0.193,16.63,2.32,11.11
1628985.321646,0.888,-0.323,0.184,12.3,-12.48,5.52
1628985.362234,0.89,-0.272,0.203,4.21,-17.49,1.37
1628985.411780,0.925,-0.294,0.171,0.24,-18.86,8.06
1628985.461415,0.973,-0.314,0.137,-3.14,-12.09,-0.82
1628985.510701,0.935,-0.331,0.141,-3.36,-6.74,0.7
1628985.552252,0.932,-0.346,0.132,-0.24,0.15,2.23
1628985.601453,0.908,-0.335,0.131,-2.56,0.34,-2.38
1628985.645555,0.885,-0.313,0.15,-2.62,-0.49,3.14
1628985.691814,0.924,-0.335,0.123,-4.46,-2.47,2.5
1628985.741150,0.934,-0.341,0.146,-6.68,-1.62,-1.5
1628985.782468,0.941,-0.343,0.132,-4.24,-2.32,0.7
1628985.831639,0.942,-0.342,0.136,-1.16,-0.61,-0.61
1628985.871728,0.911,-0.313,0.154,1.8,-2.5,-0.64
1628985.922059,0.921,-0.309,0.133,-1.65,-2.78,-5.16
1628985.971783,0.919,-0.307,0.146,-1.31,-0.67,-1.77
1628986.015685,0.922,-0.333,0.139,-2.35,-1.71,-0.49
1628986.061708,0.927,-0.356,0.131,-3.3,0.73,2.01
1628986.110615,0.924,-0.349,0.121,2.62,-1.25,3.63
1628986.152121,0.926,-0.324,0.11,3.88,-0.67,0.15
1628986.201392,0.922,-0.31,0.122,0.4,-0.34,-0.76
1628986.245486,0.908,-0.312,0.14,-0.79,-0.82,1.95
1628986.291759,0.907,-0.35,0.145,-1.46,-6.81,2.87
1628986.341086,0.94,-0.344,0.109,-2.87,-6.5,-4.15
1628986.382361,0.95,-0.335,0.105,-1.22,-2.04,-3.72
1628986.432073,0.938,-0.32,0.115,1.65,2.29,-0.98
1628986.475679,0.907,-0.308,0.14,0.89,4.3,-0.24
1628986.521836,0.904,-0.341,0.123,1.07,-0.85,0.64
1628986.571733,0.915,-0.344,0.118,4.0,-2.35,0.95
1628986.612334,0.917,-0.354,0.124,3.97,-1.31,-0.89
1628986.661515,0.92,-0.332,0.129,8.15,-4.91,-0.4
1628986.710642,0.966,-0.304,0.09,1.92,-4.94,-9.7
1628986.752336,0.941,-0.302,0.124,0.79,1.46,-9.25
1628986.801473,0.889,-0.261,0.182,7.78,6.99,6.96
1628986.850834,0.866,-0.211,0.279,0.61,5.86,8.82
1628986.892318,0.89,-0.273,0.394,5.01,2.87,17.21
1628986.945289,0.85,-0.245,0.552,33.11,11.54,27.22
1628986.995546,0.887,-0.365,0.647,52.25,-5.58,15.84
1628987.040710,0.859,-0.251,0.694,65.65,-15.26,9.0
1628987.085349,1.013,-0.495,0.516,54.66,-51.09,6.87
1628987.136192,1.099,-0.407,0.297,37.14,-31.22,-18.65
1628987.181110,1.138,-0.159,0.109,-3.72,-40.8,-67.23
1628987.221302,0.966,0.084,0.09,-50.02,-27.77,-89.02
1628987.261338,0.898,-0.024,-0.075,-66.74,-56.25,-26.09
1628987.311812,0.734,-0.081,-0.169,-86.58,-73.58,-13.49
1628987.362301,0.633,-0.255,-0.437,-87.04,-115.15,36.53
1628987.405089,0.632,-0.342,-0.758,-117.01,-128.79,5.4
1628987.451757,0.7,-0.304,-0.856,-130.86,-134.46,-36.35
1628987.492252,0.707,-0.179,-0.868,-109.26,-94.49,-39.46
1628987.532484,0.692,-0.221,-0.664,-73.06,-62.59,26.58
1628987.585708,0.905,-0.213,-0.714,-26.28,-42.63,21.97
1628987.636459,0.892,-0.09,-0.598,0.64,-6.16,-8.79
1628987.682081,0.867,0.069,-0.604,3.88,-2.66,-14.83
1628987.731478,0.854,0.037,-0.57,0.46,4.0,1.25
1628987.780770,0.819,-0.032,-0.532,0.79,-2.08,2.56
1628987.821917,0.824,-0.047,-0.536,-2.08,0.24,-0.85
1628987.871254,0.778,-0.079,-0.518,-4.0,-0.52,-9.98
1628987.915476,0.79,-0.028,-0.519,-1.04,-2.56,-2.5
1628987.961821,0.795,-0.097,-0.519,-1.04,0.61,1.77
1628988.010930,0.82,-0.088,-0.539,3.05,-1.95,1.28
1628988.052377,0.838,-0.1,-0.543,1.62,1.65,0.92
1628988.101536,0.825,-0.071,-0.535,2.41,2.17,-1.1
1628988.150667,0.824,-0.07,-0.544,2.14,2.41,-1.98
1628988.191966,0.852,-0.043,-0.538,3.69,2.59,3.17
1628988.241438,0.85,-0.068,-0.543,0.03,4.09,-7.02
1628988.282553,0.851,-0.049,-0.533,0.18,4.36,-2.62
1628988.331756,0.793,-0.066,-0.528,1.77,4.52,0.7
1628988.372111,0.784,-0.065,-0.506,1.98,3.17,4.49
1628988.421911,0.778,-0.066,-0.48,1.37,-4.06,2.04
1628988.471956,0.795,-0.078,-0.501,-0.49,-1.4,-5.86
1628988.515357,0.8,-0.031,-0.52,-0.73,-5.77,-6.38
1628988.561806,0.86,-0.041,-0.558,-5.31,-4.3,-2.47
1628988.610789,0.858,-0.078,-0.555,-2.75,0.52,-0.85
1628988.652259,0.832,-0.073,-0.542,-0.03,2.29,-0.92
1628988.701197,0.804,-0.055,-0.519,0.27,1.62,-6.07
1628988.745334,0.81,-0.028,-0.521,-2.29,-2.72,-7.45
1628988.791579,0.802,-0.023,-0.509,-2.72,-2.53,-5.07
1628988.841202,0.829,-0.033,-0.541,-1.53,-4.21,3.3
1628988.882463,0.833,-0.057,-0.525,-1.89,-0.67,1.22
1628988.931812,0.816,-0.037,-0.544,-1.77,-0.95,-2.11
1628988.980978,0.811,-0.036,-0.537,-3.54,0.43,-3.3
1628989.021813,0.828,-0.042,-0.569,-5.8,-2.96,-5.92
1628989.071932,0.792,-0.033,-0.524,-2.62,-0.52,-10.1
1628989.121127,0.803,-0.01,-0.553,-1.68,-5.68,-0.58
1628989.162074,0.819,-0.029,-0.551,-0.85,-1.68,3.3
1628989.211121,0.831,-0.042,-0.559,-0.15,-0.92,0.12
1628989.255532,0.823,-0.03,-0.563,0.76,0.27,-0.55
1628989.301804,0.81,-0.021,-0.561,1.62,2.08,-0.34
1628989.351087,0.796,-0.012,-0.536,1.83,1.71,-0.06
1628989.392181,0.795,-0.015,-0.528,0.7,0.18,-0.18
1628989.441511,0.793,-0.029,-0.538,0.24,-2.53,-6.04
1628989.485325,0.816,-0.007,-0.55,1.16,-2.56,-6.2
1628989.531674,0.812,-0.023,-0.531,0.24,-0.76,-2.5
1628989.581086,0.837,-0.014,-0.559,-0.24,-1.07,-3.94
1628989.622369,0.823,0.002,-0.565,0.64,0.49,-0.12
1628989.672009,0.823,-0.011,-0.563,0.64,2.38,0.58
1628989.721456,0.798,-0.01,-0.55,-2.04,0.15,-3.51
1628989.761888,0.815,-0.009,-0.55,0.0,-1.13,0.15
1628989.811201,0.811,-0.02,-0.552,0.46,2.41,1.34
1628989.852453,0.808,-0.014,-0.55,0.21,-0.43,0.24
1628989.901753,0.807,-0.017,-0.551,1.65,0.79,2.78
1628989.950988,0.802,-0.022,-0.546,3.02,1.62,3.72
1628989.992118,0.79,-0.011,-0.537,4.97,0.31,6.71
1628990.041674,0.786,-0.022,-0.529,6.38,0.37,14.16
1628990.091134,0.809,-0.058,-0.55,5.49,-2.17,11.29
1628990.135187,0.805,-0.056,-0.545,3.08,-0.7,2.81
1628990.181893,0.814,-0.038,-0.555,2.35,-1.86,2.53
1628990.231137,0.836,-0.05,-0.572,3.08,-1.25,5.89
1628990.272152,0.827,-0.059,-0.558,3.63,0.61,3.85
1628990.321685,0.835,-0.064,-0.582,4.18,1.59,3.42
1628990.365832,0.834,-0.083,-0.558,5.31,7.75,4.85
1628990.411890,0.807,-0.097,-0.539,8.7,9.22,5.1
1628990.462175,0.768,-0.123,-0.543,15.75,14.98,10.19
1628990.512192,0.731,-0.28,-0.597,50.54,17.21,54.05
1628990.552462,0.797,-0.306,-0.576,82.0,33.6,67.42
1628990.605467,0.771,-0.398,-0.671,105.66,38.82,47.49
1628990.651859,0.79,-0.314,-0.68,120.85,63.05,30.92
1628990.692148,0.64,-0.315,-0.752,122.41,71.96,57.59
1628990.736029,0.776,-0.527,-0.431,137.12,71.54,73.58
1628990.781530,0.697,-0.552,-0.51,101.47,17.82,-23.04
1628990.822405,0.725,-0.508,-0.197,89.91,32.53,-19.32
1628990.871679,0.664,-0.451,-0.149,93.14,-10.44,-10.86
1628990.911993,0.735,-0.457,0.011,116.82,-37.29,17.12
1628990.952067,0.792,-0.402,-0.046,86.64,-71.93,-7.05
1628991.005338,0.887,-0.316,-0.124,62.01,-91.16,-56.37
1628991.055794,0.937,-0.22,-0.018,47.82,-24.14,8.24
1628991.100983,0.917,-0.274,0.101,48.98,14.89,107.85
1628991.141032,0.988,-0.353,0.092,58.26,11.78,151.43
1628991.181622,1.033,-0.442,-0.001,50.39,19.2,167.67
1628991.221795,0.985,-0.624,0.043,-32.65,94.67,100.1
1628991.262328,0.763,-0.732,0.301,-64.64,115.3,47.18
1628991.305471,0.654,-0.774,0.373,-47.67,79.99,34.0
1628991.351453,0.63,-0.997,0.219,-60.52,27.04,19.9
1628991.395640,0.615,-1.096,0.153,-42.12,20.11,-40.59
1628991.436294,0.558,-0.896,0.111,-40.16,19.14,-72.33
1628991.481739,0.592,-0.586,-0.023,-18.01,-3.57,-55.73
1628991.522082,0.897,-0.688,-0.419,-31.74,-30.95,-33.51
1628991.571648,0.89,-0.702,-0.467,-52.61,120.52,-19.47
1628991.611897,0.636,-0.661,-0.093,-35.34,144.78,11.32
1628991.652415,0.427,-0.666,0.205,12.7,143.65,71.32
1628991.695445,0.277,-0.704,0.379,38.73,122.04,112.06
1628991.741606,0.215,-0.913,0.608,22.16,16.42,98.15
1628991.785488,0.118,-0.948,0.56,64.06,-89.91,86.67
1628991.835257,0.04,-1.14,0.755,186.35,-207.86,167.42
1628991.885510,0.253,-1.127,0.349,199.35,-316.93,124.33
1628991.931848,0.468,-0.924,0.395,53.77,-205.88,-20.36
1628991.972224,0.469,-0.909,0.379,19.01,-166.3,-35.28
1628992.012469,0.523,-0.906,0.237,10.9,-167.76,-68.51
1628992.055523,0.595,-0.847,0.069,7.11,-142.19,-73.89
1628992.101408,0.602,-0.817,0.019,11.9,-94.42,-65.95
1628992.141413,0.613,-0.777,0.01,18.22,-63.91,-53.9
1628992.181501,0.608,-0.751,-0.023,18.8,-58.14,-44.28
1628992.225813,0.647,-0.725,-0.061,-3.72,-48.92,-53.96
1628992.272182,0.679,-0.621,-0.048,-16.08,-43.03,-54.08
1628992.321680,0.716,-0.56,-0.077,5.62,-38.06,-33.57
1628992.372099,0.752,-0.538,-0.07,2.08,-26.92,-23.47
1628992.422016,0.769,-0.511,-0.086,-6.2,-12.02,-17.67
1628992.471863,0.76,-0.553,-0.033,-23.9,2.41,-14.86
1628992.521723,0.76,-0.504,-0.028,-10.41,-4.36,-7.66
1628992.571955,0.785,-0.511,-0.031,-10.83,0.52,0.34
1628992.621570,0.828,-0.522,-0.036,-14.34,25.45,7.11
1628992.671927,0.819,-0.567,0.033,-14.28,14.19,5.52
1628992.715545,0.838,-0.588,0.019,1.5,-16.3,3.66
1628992.762312,0.845,-0.582,-0.042,1.07,-12.02,-5.86
1628992.812315,0.834,-0.582,-0.049,-5.25,-12.18,-11.32
1628992.861997,0.819,-0.524,-0.086,2.56,-4.55,-10.13
1628992.911114,0.803,-0.509,-0.077,-2.78,0.76,-6.35
1628992.952541,0.795,-0.525,-0.046,-2.2,3.81,-3.48
1628993.001571,0.798,-0.518,-0.041,1.56,0.06,0.34
1628993.050987,0.841,-0.551,-0.053,-2.84,0.21,-0.79
1628993.092162,0.846,-0.554,-0.047,-1.98,1.13,-2.23
1628993.141395,0.85,-0.536,-0.054,3.78,-0.55,-1.71
1628993.185464,0.852,-0.538,-0.06,3.27,0.31,-4.27
1628993.231980,0.832,-0.527,-0.058,4.46,0.85,-4.24
1628993.281337,0.829,-0.539,-0.054,4.18,1.77,-4.36
1628993.322425,0.823,-0.53,-0.055,-0.61,1.8,-5.25
1628993.372025,0.821,-0.535,-0.038,1.1,-1.65,-5.74
1628993.415768,0.846,-0.523,-0.078,0.58,-4.27,-6.78
1628993.461983,0.853,-0.523,-0.071,-5.86,0.0,-9.09
1628993.511082,0.853,-0.504,-0.071,-1.28,1.37,-6.16
1628993.552434,0.852,-0.489,-0.078,-6.93,0.73,-8.48
1628993.601399,0.845,-0.481,-0.072,-7.26,6.1,-8.76
1628993.650923,0.853,-0.479,-0.068,-8.03,5.55,-6.65
1628993.692076,0.849,-0.473,-0.062,-9.61,7.2,-5.13
1628993.741357,0.849,-0.463,-0.056,-8.7,7.87,-2.2
1628993.785624,0.862,-0.475,-0.07,-10.62,7.11,-1.4
1628993.832165,0.872,-0.452,-0.063,-8.64,5.8,-0.37
1628993.881678,0.866,-0.462,-0.038,-9.58,8.64,1.53
1628993.925665,0.853,-0.444,-0.034,-7.35,5.62,3.88
1628993.971991,0.85,-0.453,-0.021,-4.09,3.51,7.9
1628994.021554,0.862,-0.476,-0.043,-6.53,0.89,9.0
1628994.062334,0.868,-0.48,-0.057,-6.26,3.17,7.48
1628994.106068,0.872,-0.489,-0.055,-1.77,3.54,8.3
1628994.155344,0.861,-0.512,-0.031,-0.4,6.78,7.26
1628994.201672,0.854,-0.52,-0.02,1.1,3.48,4.27
1628994.251417,0.844,-0.511,-0.023,2.08,1.1,2.44
1628994.292426,0.847,-0.52,-0.041,0.43,0.37,0.43
1628994.341684,0.853,-0.528,-0.052,3.05,0.18,-0.7
1628994.390985,0.861,-0.501,-0.048,0.95,1.28,-2.44
1628994.431762,0.859,-0.506,-0.033,-0.34,2.81,-2.81
1628994.481095,0.851,-0.5,-0.023,1.01,1.86,-1.8
1628994.525240,0.842,-0.508,-0.012,-0.12,1.86,-2.5
1628994.571567,0.838,-0.501,-0.021,0.37,-0.06,-2.59
1628994.621045,0.846,-0.521,-0.032,-0.55,0.27,-3.36
1628994.662097,0.85,-0.52,-0.047,-0.09,-0.03,-4.0
1628994.711330,0.848,-0.535,-0.038,0.98,0.67,-3.78
1628994.755885,0.833,-0.537,-0.022,5.37,-0.34,-5.16
1628994.801956,0.856,-0.523,0.006,11.99,-7.11,-9.34
1628994.852392,1.016,-0.315,-0.044,13.73,-23.44,-2.2
1628994.905429,1.345,-0.036,0.069,-40.28,-33.48,20.26
1628994.951581,1.382,0.174,0.181,-32.26,-86.95,42.02
1628995.002374,1.175,0.195,0.021,-82.06,-131.32,116.03
1628995.045404,0.966,0.039,-0.037,-157.38,-153.48,149.54
1628995.095230,0.555,0.052,-0.194,-220.44,-175.76,183.05
1628995.142303,0.136,-0.078,-0.488,-289.25,-189.76,230.99
1628995.191884,-0.753,-0.017,-0.535,-174.9,-59.42,217.41
1628995.232579,-1.594,0.449,-1.418,-206.67,-67.57,245.19
1628995.275900,-1.142,-0.199,-2.869,-474.59,-37.26,151.68
1628995.321817,-0.544,-0.762,-0.874,-176.37,148.96,1.62
1628995.362031,-0.591,-0.416,-1.311,416.12,14.68,10.32
1628995.404928,-0.48,0.173,-1.987,266.85,-70.62,-130.83
1628995.452014,-0.627,-0.045,-1.442,145.54,140.93,-173.31
1628995.501621,-0.341,-0.461,-1.146,163.55,111.58,-153.2
1628995.545029,-0.083,-0.488,-1.032,195.59,90.61,-190.16
1628995.591690,0.398,-0.315,-0.737,159.34,72.39,-206.73
1628995.635124,0.574,-0.179,-0.574,111.51,89.75,-207.95
1628995.681772,0.717,-0.077,-0.234,106.75,120.21,-165.23
1628995.725248,0.761,0.048,-0.085,139.16,96.8,-150.7
1628995.773577,0.867,0.285,-0.193,132.48,28.02,-136.42
1628995.814684,0.948,0.458,-0.36,109.9,-15.44,-103.03
1628995.855475,1.001,0.518,-0.547,72.51,-26.92,-71.5
1628995.901393,0.971,0.379,-0.601,5.83,29.97,-13.03
1628995.945485,0.842,0.176,-0.465,-63.42,58.72,28.41
1628995.991552,0.873,0.061,-0.303,-30.73,13.67,55.91
1628996.035808,1.055,0.085,-0.355,20.81,7.81,76.88
1628996.081254,1.095,0.094,-0.238,-19.81,21.03,83.65
1628996.122061,1.11,0.127,-0.126,-57.22,-1.86,85.39
1628996.165730,1.111,0.141,-0.115,-102.66,-30.15,103.76
1628996.212459,1.102,-0.032,-0.22,-153.05,-100.07,133.67
1628996.256389,0.996,-0.068,-0.311,-143.22,-81.48,128.51
1628996.302408,0.664,0.009,-0.304,-154.76,-112.67,191.05
1628996.352260,0.339,0.106,-0.385,-186.47,-185.43,231.21
1628996.395661,-0.242,0.165,-0.523,-160.44,-145.42,268.11
1628996.442453,-2.018,0.449,-0.905,-95.03,-28.32,276.41
1628996.485490,-1.673,-0.433,-3.343,-360.18,-104.53,271.61
1628996.532093,-0.249,-2.013,-1.013,228.4,79.65,171.79
1628996.575604,-0.618,-0.683,-1.895,277.63,-49.5,-158.7
1628996.616619,-0.965,-0.455,-1.582,55.02,16.14,-282.39
1628996.662173,-0.718,-0.416,-1.407,184.67,50.45,-223.18
1628996.705518,-0.366,-0.757,-1.189,46.14,64.67,-248.6
1628996.745753,-0.017,-0.434,-0.95,69.86,81.21,-260.08
1628996.791942,0.38,-0.16,-0.76,31.98,80.57,-230.6
1628996.832517,0.527,-0.029,-0.545,26.64,108.86,-216.22
1628996.875459,0.542,0.152,-0.368,49.87,122.71,-194.13
1628996.922204,0.576,0.317,-0.214,88.9,93.94,-148.2
1628996.965538,0.7,0.435,-0.219,104.46,68.03,-123.36
1628997.011230,0.829,0.578,-0.405,48.62,48.19,-86.15
1628997.051372,0.895,0.536,-0.453,-5.65,36.53,-47.85
1628997.091442,0.923,0.422,-0.496,-7.11,42.88,-4.49
1628997.135634,0.862,0.274,-0.418,-1.77,49.29,26.76
1628997.181191,0.868,0.186,-0.332,-19.01,1.62,47.36
1628997.225754,1.054,0.096,-0.353,-2.66,-31.62,59.63
1628997.275719,1.048,0.211,-0.384,-7.57,5.68,56.92
1628997.325718,1.016,0.213,-0.247,-29.21,13.76,77.64
1628997.372251,1.058,0.217,-0.164,-36.84,-12.79,90.18
1628997.422053,1.043,0.221,-0.14,-67.32,-69.22,125.34
1628997.462486,0.948,0.069,-0.114,-75.99,-119.51,158.24
1628997.507000,0.854,-0.003,-0.286,-82.58,-141.45,171.79
1628997.554917,0.472,0.003,-0.393,-124.55,-129.49,227.21
1628997.602257,-0.148,-0.011,-0.526,-178.78,-132.36,269.2
1628997.645664,-0.644,0.02,-0.7,-172.34,-62.47,255.17
1628997.692366,-1.575,0.409,-1.778,-275.58,-75.29,238.38
1628997.736336,-0.871,-0.217,-2.576,-460.34,-69.03,110.54
1628997.782181,-0.572,-1.082,-0.882,284.92,76.51,195.29
1628997.825399,-0.119,-0.65,-2.106,212.65,-77.24,-48.34
1628997.865841,-0.536,-0.445,-1.699,46.39,70.77,-203.28
1628997.912380,-0.793,-0.237,-1.294,135.23,120.33,-197.82
1628997.955897,-0.417,-0.301,-1.295,82.4,72.6,-198.22
1628998.001771,-0.151,-0.081,-0.983,76.57,92.75,-208.26
1628998.044499,0.18,-0.012,-0.774,99.61,66.71,-189.06
1628998.085176,0.415,0.105,-0.681,86.43,88.66,-162.6
1628998.131727,0.523,0.07,-0.438,77.33,132.63,-139.19
1628998.174851,0.625,0.098,-0.346,95.89,113.22,-129.03
1628998.221431,0.825,0.118,-0.3,125.74,79.78,-80.81
1628998.262056,0.878,0.169,-0.359,123.63,55.48,-80.72
1628998.302442,0.955,0.185,-0.353,96.77,58.78,-78.43
1628998.355671,1.023,0.199,-0.38,87.92,62.81,-32.65
1628998.395757,1.019,0.165,-0.294,46.54,60.4,-21.97
1628998.445867,1.002,0.032,-0.336,24.45,11.51,14.98
1628998.491234,0.988,-0.172,-0.334,-3.66,26.06,8.09
1628998.532515,0.911,-0.218,-0.258,1.68,24.23,11.78
1628998.582316,0.902,-0.305,-0.23,3.08,7.57,2.56
1628998.631555,0.902,-0.271,-0.274,6.9,-2.9,-4.39
1628998.675632,0.924,-0.237,-0.322,2.5,1.01,-0.95
1628998.722334,0.896,-0.269,-0.261,5.34,15.08,-0.73
1628998.772021,0.913,-0.253,-0.266,24.2,2.99,4.18
1628998.822040,0.922,-0.279,-0.262,6.56,5.13,2.75
1628998.865996,0.94,-0.282,-0.253,4.55,1.89,0.92
1628998.911934,0.93,-0.242,-0.274,7.97,-1.28,1.04
1628998.961333,0.901,-0.272,-0.273,-3.66,-0.55,0.76
1628999.005608,0.888,-0.297,-0.249,-8.33,1.19,-2.41
1628999.051830,0.889,-0.271,-0.26,4.76,3.72,-3.94
1628999.101153,0.884,-0.236,-0.243,1.25,-5.1,-0.98
1628999.142304,0.907,-0.257,-0.268,-2.04,-0.67,-0.61
1628999.191546,0.916,-0.239,-0.271,-5.28,2.44,-3.48
1628999.235858,0.925,-0.247,-0.286,-12.15,8.7,-4.21
1628999.287992,0.953,-0.137,-0.303,-26.18,27.86,-8.88
1628999.330986,1.01,0.01,-0.366,-72.27,108.62,-0.64
1628999.381757,0.864,-0.171,-0.048,-104.68,132.91,-1.86
1628999.432308,0.913,-0.376,0.023,-25.12,62.44,30.12
1628999.485392,0.927,-0.349,-0.005,11.14,27.25,13.64
1628999.535184,0.919,-0.252,0.065,16.17,-9.46,5.58
1628999.585390,0.937,-0.189,-0.063,9.55,-18.16,-1.56
1628999.632167,0.915,-0.191,-0.114,-13.67,-3.3,6.35
1628999.672190,0.932,-0.259,-0.107,-20.42,9.34,15.81
1628999.722445,0.93,-0.273,-0.052,-18.46,11.44,25.94
1628999.775767,0.957,-0.318,-0.011,-19.26,15.14,26.67
1628999.821845,0.953,-0.224,0.004,-22.25,32.47,22.1
1628999.871970,0.957,-0.248,0.079,-40.53,50.72,22.06
1628999.922488,0.93,-0.236,0.125,-65.19,83.19,14.5
1628999.975750,0.998,-0.251,0.128,-78.37,105.23,14.86
1629000.026136,0.907,-0.422,0.173,-131.41,126.01,-14.8
1629000.075559,0.839,-0.696,0.298,-81.79,72.33,-9.83
1629000.125465,0.882,-0.661,0.232,20.66,17.0,4.18
1629000.171462,0.86,-0.345,0.232,28.41,10.16,-25.27
1629000.216584,0.834,-0.147,0.291,16.91,7.2,-30.52
1629000.265552,0.875,-0.188,0.348,-4.97,2.08,-3.97
1629000.312297,0.899,-0.347,0.319,-0.98,-14.77,20.91
1629000.365053,0.915,-0.473,0.279,15.05,-16.88,23.22
1629000.415461,0.929,-0.344,0.28,17.33,2.75,0.12
1629000.465713,0.98,-0.09,0.343,0.0,22.83,-24.08
1629000.508625,1.162,0.341,0.388,-2.69,112.03,-78.55
1629000.551871,0.798,0.563,0.896,-114.84,148.53,-187.93
1629000.596047,0.602,0.526,1.161,-209.91,-13.34,-194.22
1629000.641723,0.432,0.462,0.562,-179.82,-161.57,-91.25
1629000.682756,0.48,0.237,0.069,-151.8,-180.21,16.17
1629000.725882,0.623,-0.318,-0.868,-191.26,-219.18,22.16
1629000.775527,0.649,-0.293,-1.534,-215.58,-278.85,-41.6
1629000.815641,1.17,-0.151,-1.774,-226.69,-227.58,-81.33
1629000.862089,1.274,-0.628,-0.824,-84.96,-66.9,106.51
1629000.912359,1.112,-0.475,-0.662,22.46,12.02,13.25
1629000.952644,0.786,-0.05,-0.489,32.14,26.4,-49.9
1629001.005858,0.754,0.115,-0.464,11.17,-0.4,-22.58
1629001.052301,0.864,0.094,-0.505,9.34,-7.75,2.66
1629001.101873,0.86,0.036,-0.5,6.23,-1.25,-3.36
1629001.151140,0.841,0.023,-0.47,13.31,8.64,6.62
1629001.195403,0.843,0.019,-0.475,11.75,5.07,-9.89
1629001.242598,0.844,0.076,-0.452,5.4,10.8,-23.04
1629001.292407,0.797,0.028,-0.402,5.89,6.38,-5.16
1629001.341682,0.842,-0.095,-0.426,4.52,-2.17,6.01
1629001.386074,0.904,-0.096,-0.487,10.1,0.34,-14.59
1629001.432253,0.852,-0.036,-0.439,12.73,5.52,-22.0
1629001.475735,0.836,0.003,-0.456,21.06,3.17,-10.68
1629001.525665,0.854,0.026,-0.429,20.45,-1.28,-12.97
1629001.575737,0.854,0.067,-0.456,15.11,-3.27,-16.14
1629001.625739,0.877,0.136,-0.463,9.03,-7.35,-14.1
1629001.675623,0.933,0.224,-0.542,-6.93,-1.65,-20.2
1629001.722731,0.895,0.248,-0.524,-10.35,-6.47,-9.49
1629001.772269,0.876,0.107,-0.489,-7.17,-3.57,19.32
1629001.822054,0.851,-0.042,-0.48,-7.11,-0.03,12.02
1629001.872059,0.749,-0.033,-0.38,0.55,-14.92,-13.03
1629001.921481,0.69,-0.022,-0.42,18.16,-40.53,-6.29
1629001.971722,0.746,0.003,-0.457,5.04,-24.96,-9.77
1629002.022045,0.787,0.019,-0.508,1.83,-13.61,-13.37
1629002.071952,0.79,0.067,-0.525,8.09,-8.64,-5.1
1629002.115695,0.836,0.068,-0.565,-4.3,-14.86,-6.96
1629002.162484,0.972,0.088,-0.667,2.32,-11.23,-9.74
1629002.212154,0.991,0.17,-0.63,-4.73,2.99,-19.17
1629002.262032,0.88,0.147,-0.61,-1.86,18.89,-4.64
1629002.311378,0.747,0.104,-0.516,0.52,17.82,0.43
1629002.360938,0.709,0.101,-0.49,-6.68,7.11,-7.32
1629002.405611,0.715,0.116,-0.479,-8.58,3.78,-12.05
1629002.452052,0.741,0.127,-0.498,-5.74,-2.01,-3.05
1629002.501361,0.788,0.154,-0.51,-7.63,-3.88,-3.94
1629002.542440,0.812,0.163,-0.538,-5.86,-9.16,1.65
1629002.591686,0.838,0.126,-0.563,-7.57,-4.06,8.45
1629002.635817,0.849,0.112,-0.59,-7.63,-6.16,8.45
1629002.682417,0.935,0.07,-0.635,-2.29,-3.27,9.98
1629002.731644,0.886,0.097,-0.583,2.75,17.21,-1.31
1629002.781255,0.807,0.135,-0.504,5.74,23.56,-1.1
1629002.831289,0.769,0.144,-0.466,-2.17,20.87,-2.14
1629002.875605,0.771,0.148,-0.47,-5.25,11.11,-0.4
1629002.921864,0.854,0.112,-0.516,-2.62,3.51,8.33
1629002.971593,0.867,0.108,-0.534,5.01,16.75,9.28
1629003.021257,0.797,0.097,-0.449,5.43,17.76,2.81
1629003.065868,0.809,0.107,-0.475,11.29,13.89,6.01
1629003.111353,0.878,-0.042,-0.53,36.65,5.22,31.37
1629003.161419,1.0,-0.066,-0.864,85.09,18.19,58.35
1629003.211603,0.875,-0.037,-0.764,87.41,76.36,-9.03
1629003.262197,0.754,0.216,-0.469,63.08,94.55,-26.34
1629003.312419,0.716,0.082,-0.363,30.58,31.34,19.53
1629003.352514,0.785,-0.127,-0.482,28.99,20.6,17.09
1629003.405597,0.753,-0.136,-0.644,6.2,-20.75,-18.59
1629003.455736,0.808,-0.135,-0.564,65.95,41.11,-45.53
1629003.495903,0.802,-0.038,-0.421,43.92,7.69,-47.18
1629003.541722,0.897,-0.074,-0.332,45.35,30.06,-46.02
1629003.581952,0.848,0.089,-0.134,32.23,38.54,-62.17
1629003.622558,0.859,0.057,0.026,50.66,30.98,-26.73
1629003.673883,0.944,0.091,0.138,113.77,-36.87,3.08
1629003.722561,1.149,0.236,-0.046,101.05,-2.56,7.6
1629003.762691,1.026,0.36,0.031,144.81,52.28,24.17
1629003.805598,0.786,0.363,0.011,27.68,169.74,24.41
1629003.845918,0.923,-0.042,0.088,18.74,70.13,111.76
1629003.891976,0.819,-0.342,0.245,-99.92,184.45,42.7
1629003.932525,0.832,-0.281,0.488,-58.78,124.06,74.95
1629003.985666,0.927,-0.16,0.354,-123.75,64.3,18.89
1629004.031751,1.0,-0.475,0.45,-60.18,50.57,64.46
1629004.071836,0.979,-0.489,0.461,-22.68,22.34,28.05
1629004.111891,0.967,-0.367,0.414,-16.24,-11.05,-15.9
1629004.161281,0.929,-0.314,0.249,-4.33,-21.49,-14.07
1629004.211038,0.902,-0.359,0.227,3.2,-4.61,-1.43
1629004.252280,0.874,-0.395,0.227,5.65,0.21,6.38
1629004.302138,0.882,-0.388,0.214,16.17,6.81,11.32
1629004.351570,0.892,-0.418,0.234,3.08,8.97,5.8
1629004.395509,0.901,-0.374,0.197,8.82,12.79,6.59
1629004.445175,0.855,-0.318,0.283,5.55,16.51,22.68
1629004.495252,0.869,-0.4,0.259,2.41,6.84,22.28
1629004.541801,0.852,-0.43,0.272,-8.15,2.78,-1.01
1629004.591103,0.866,-0.444,0.266,2.38,-4.55,0.34
1629004.632540,0.889,-0.43,0.261,8.82,-6.71,5.43
1629004.682034,0.87,-0.388,0.257,1.83,-0.92,-3.2
1629004.731161,0.853,-0.378,0.254,-3.23,-4.3,-2.66
1629004.772151,0.864,-0.416,0.251,-4.91,-1.77,-0.73
1629004.821444,0.858,-0.415,0.296,4.55,-0.09,7.14
1629004.865708,0.893,-0.419,0.263,11.41,0.27,12.73
1629004.912542,0.882,-0.411,0.265,2.99,4.0,-4.12
1629004.962861,0.859,-0.39,0.257,-2.47,6.44,-5.77
1629005.010805,0.823,-0.368,0.303,-0.55,1.22,1.86
1629005.052279,0.842,-0.42,0.296,-1.53,-9.95,5.58
1629005.101621,0.862,-0.423,0.294,2.62,-2.04,0.92
1629005.145801,0.867,-0.379,0.286,3.14,-3.57,0.27
1629005.192097,0.887,-0.417,0.233,4.46,-2.69,1.95
1629005.241294,0.876,-0.399,0.275,5.43,6.1,5.25
1629005.282821,0.854,-0.403,0.285,1.25,-2.04,2.35
1629005.332007,0.851,-0.42,0.275,0.95,2.75,-1.19
1629005.381192,0.848,-0.403,0.28,3.14,-2.04,-0.24
1629005.422277,0.875,-0.434,0.257,0.49,-3.66,1.28
1629005.471960,0.871,-0.421,0.261,0.52,0.79,-1.1
1629005.512610,0.857,-0.384,0.27,-0.76,1.92,0.43
1629005.561885,0.833,-0.367,0.296,-4.76,-5.22,3.17
1629005.611210,0.865,-0.432,0.301,0.85,-8.45,11.02
1629005.655675,0.899,-0.456,0.264,4.06,-10.65,1.71
1629005.702325,0.889,-0.399,0.236,1.77,-7.84,-11.51
1629005.751940,0.861,-0.365,0.239,-2.9,-2.72,-10.25
1629005.801240,0.843,-0.385,0.257,-2.9,1.86,-2.14
1629005.842514,0.837,-0.42,0.262,-3.39,-1.19,3.45
1629005.891694,0.85,-0.442,0.239,-1.89,-1.65,3.05
1629005.935705,0.853,-0.427,0.245,2.01,-3.23,3.54
1629005.982107,0.879,-0.418,0.222,10.04,-5.86,11.54
1629006.032347,0.91,-0.381,0.215,8.55,-3.11,8.09
1629006.081807,0.911,-0.383,0.23,-4.58,-6.9,1.37
1629006.125702,0.9,-0.424,0.216,-8.36,-0.46,1.25
1629006.172144,0.872,-0.439,0.247,-4.61,1.83,-3.54
1629006.221663,0.852,-0.443,0.246,-2.99,2.35,-3.94
1629006.262265,0.85,-0.438,0.231,-2.14,1.8,-2.41
1629006.311513,0.849,-0.4,0.221,-0.95,3.91,-1.98
1629006.355690,0.862,-0.397,0.231,-2.26,2.17,-1.92
1629006.401868,0.879,-0.405,0.214,-3.23,-3.78,-1.19
1629006.451302,0.884,-0.409,0.219,-2.96,0.89,1.13
1629006.492513,0.876,-0.425,0.233,-3.48,2.56,2.01
1629006.541735,0.861,-0.415,0.237,-4.09,3.85,0.21
1629006.591032,0.864,-0.403,0.231,-5.01,1.22,1.59
1629006.632398,0.871,-0.409,0.241,-7.08,0.0,3.05
1629006.681601,0.881,-0.434,0.235,-8.67,1.19,-0.27
1629006.722683,0.868,-0.417,0.249,-4.58,1.71,-1.22
1629006.772112,0.866,-0.433,0.248,-0.15,-3.27,2.17
1629006.821931,0.867,-0.426,0.246,1.74,-1.83,-0.15
1629006.862301,0.875,-0.431,0.224,1.37,-5.92,0.12
1629006.911420,0.885,-0.437,0.194,1.5,-1.43,-2.75
1629006.955902,0.865,-0.42,0.208,1.56,3.69,-2.17
1629007.002118,0.853,-0.417,0.2,-0.89,2.29,1.89
1629007.050985,0.859,-0.424,0.215,-0.92,-1.1,3.33
1629007.092464,0.864,-0.416,0.216,-0.06,-4.09,3.42
1629007.141889,0.89,-0.417,0.198,-4.18,-5.68,1.56
1629007.191409,0.862,-0.408,0.255,-16.54,-0.89,5.34
1629007.235818,0.873,-0.467,0.225,-6.41,-5.07,9.52
1629007.282095,0.872,-0.483,0.203,-4.58,-0.46,-5.31
1629007.322138,0.857,-0.436,0.2,-3.08,-1.01,-7.93
1629007.372166,0.854,-0.409,0.184,-1.4,0.49,-0.82
1629007.421381,0.87,-0.437,0.182,-4.21,-1.25,1.25
1629007.467141,0.88,-0.447,0.179,-3.17,-2.5,1.53
1629007.511901,0.88,-0.426,0.172,-2.66,-0.12,-0.92
1629007.561146,0.871,-0.419,0.177,-5.49,-0.79,-0.27
1629007.602485,0.86,-0.42,0.196,-5.55,-1.16,0.64
1629007.651827,0.864,-0.442,0.186,-8.18,-2.72,1.62
1629007.701124,0.866,-0.449,0.188,-4.64,-0.73,2.75
1629007.749588,0.864,-0.441,0.193,-3.72,0.89,2.62
1629007.791359,0.871,-0.449,0.163,-2.59,0.27,3.75
1629007.835483,0.868,-0.44,0.172,-2.08,4.12,3.78
1629007.882078,0.869,-0.456,0.172,-2.62,0.92,5.37
1629007.931314,0.852,-0.439,0.191,-1.98,2.04,5.34
1629007.972428,0.863,-0.465,0.189,-2.9,-1.77,6.59
1629008.021877,0.879,-0.476,0.183,-2.17,-2.47,2.72
1629008.065460,0.879,-0.466,0.179,-0.06,-0.4,1.37
1629008.112040,0.866,-0.457,0.172,1.4,1.8,0.64
1629008.161277,0.856,-0.456,0.175,-0.7,2.32,-0.27
1629008.202530,0.853,-0.476,0.173,-0.49,0.06,-0.31
1629008.251780,0.85,-0.464,0.175,1.53,0.03,-0.18
1629008.295884,0.854,-0.448,0.177,0.31,-0.64,-0.34
1629008.342287,0.865,-0.46,0.177,-1.92,-0.64,0.49
1629008.391496,0.865,-0.466,0.175,0.09,2.53,0.92
1629008.433130,0.863,-0.461,0.177,0.24,2.47,1.19
1629008.482087,0.859,-0.453,0.181,0.09,3.36,-0.58
1629008.531252,0.856,-0.461,0.167,-1.74,1.62,0.37
1629008.572317,0.856,-0.457,0.175,-1.68,2.99,0.49
1629008.622154,0.851,-0.463,0.185,-2.93,1.22,1.07
1629008.665833,0.852,-0.461,0.186,-3.81,2.32,0.95
1629008.712063,0.852,-0.458,0.189,-4.39,1.53,1.77
1629008.761476,0.852,-0.475,0.192,-4.3,-0.37,4.03
1629008.802527,0.86,-0.49,0.18,-2.66,-1.37,3.85
1629008.851504,0.862,-0.476,0.174,-1.56,-1.31,2.11
1629008.895716,0.865,-0.472,0.173,-0.67,-2.44,1.28
1629008.942203,0.852,-0.466,0.174,-1.8,-0.09,0.64
1629008.991444,0.837,-0.472,0.186,-1.86,-2.53,1.89
1629009.032482,0.836,-0.476,0.171,0.85,-5.62,4.76
1629009.081691,0.812,-0.436,0.209,2.29,-7.81,6.04
1629009.132092,0.779,-0.343,0.286,17.09,-28.6,30.85
1629009.182819,0.813,-0.104,0.384,82.31,-61.71,114.69
1629009.226099,0.868,-0.318,0.37,104.71,-107.24,203.53
1629009.275609,0.704,-0.903,0.249,135.9,-161.14,271.22
1629009.322550,0.655,-1.174,0.318,107.97,-82.77,145.3
1629009.375689,0.374,-1.201,0.44,-8.51,-38.94,-28.81
1629009.421679,0.283,-1.3,0.377,24.63,-117.98,-43.95
1629009.472084,0.408,-1.154,0.05,65.46,-132.73,-51.06
1629009.512310,0.46,-1.09,0.006,14.77,-113.07,-97.32
1629009.555383,0.483,-0.95,-0.08,5.65,-114.38,-125.77
1629009.601841,0.526,-0.702,-0.156,12.54,-103.85,-120.76
1629009.642537,0.591,-0.641,-0.174,26.67,-95.22,-102.11
1629009.682824,0.644,-0.514,-0.209,23.41,-81.76,-92.14
1629009.736000,0.683,-0.378,-0.236,18.04,-69.22,-78.19
1629009.776043,0.718,-0.315,-0.255,31.28,-46.14,-51.12
1629009.821637,0.72,-0.265,-0.192,30.37,-25.7,-29.6
1629009.861957,0.735,-0.217,-0.204,31.34,-31.53,-11.08
1629009.911394,0.823,-0.209,-0.235,22.98,-26.86,7.66
1629009.952071,0.887,-0.313,-0.268,12.91,-25.54,17.33
1629010.001796,0.935,-0.48,-0.325,-27.25,-7.72,3.39
1629010.051665,0.896,-0.52,-0.243,-47.4,11.84,-8.91
1629010.101419,0.867,-0.481,-0.215,-0.31,-4.88,-2.29
1629010.145621,0.873,-0.46,-0.264,11.05,-5.37,-3.94
1629010.191740,0.817,-0.424,-0.25,4.73,-1.77,-7.63
1629010.241345,0.82,-0.396,-0.255,5.62,-3.88,-2.62
1629010.282476,0.829,-0.397,-0.255,3.02,-1.59,1.1
1629010.331757,0.85,-0.4,-0.263,0.43,-5.19,1.19
1629010.375907,0.868,-0.423,-0.275,0.18,-1.19,1.8
1629010.422205,0.863,-0.454,-0.262,1.53,2.69,0.64
1629010.472048,0.854,-0.455,-0.258,3.27,2.59,-1.89
1629010.512381,0.843,-0.444,-0.245,5.68,7.75,-3.97
1629010.561842,0.838,-0.391,-0.231,5.68,1.65,-3.66
1629010.606395,0.854,-0.377,-0.257,-2.81,-0.12,-1.59
1629010.652325,0.85,-0.394,-0.262,-7.45,3.2,3.14
1629010.701610,0.85,-0.424,-0.281,-6.81,5.22,6.16
1629010.745928,0.848,-0.423,-0.256,-5.92,8.76,6.99
1629010.792273,0.859,-0.365,-0.255,-6.38,10.93,9.83
1629010.842374,0.849,-0.398,-0.214,-6.01,17.03,18.34
1629010.892536,0.849,-0.488,-0.178,-7.35,15.38,19.56
1629010.942291,0.852,-0.529,-0.188,-8.58,4.91,10.93
1629010.991536,0.843,-0.514,-0.204,-3.97,0.64,2.87
1629011.032879,0.816,-0.469,-0.217,0.27,1.8,1.92
1629011.082100,0.822,-0.441,-0.211,3.23,8.27,5.07
1629011.131575,0.844,-0.456,-0.21,1.16,7.11,6.2
1629011.172512,0.876,-0.49,-0.206,-2.72,4.06,5.74
1629011.222122,0.88,-0.503,-0.215,-3.63,3.02,2.99
1629011.266060,0.862,-0.502,-0.195,-1.8,2.78,0.52
1629011.311831,0.837,-0.48,-0.191,0.21,1.19,-0.92
1629011.361082,0.81,-0.468,-0.194,-3.88,4.18,-2.14
1629011.402136,0.801,-0.464,-0.197,-4.03,4.85,-0.52
1629011.451435,0.83,-0.467,-0.202,-1.28,2.72,3.17
1629011.495589,0.86,-0.486,-0.215,-4.36,3.2,2.81
1629011.541890,0.875,-0.488,-0.211,-6.26,2.9,1.13
1629011.591160,0.864,-0.501,-0.193,-2.32,5.28,-0.09
1629011.632438,0.846,-0.486,-0.183,0.61,6.16,-2.53
1629011.681848,0.824,-0.48,-0.157,4.94,6.71,-2.66
1629011.731375,0.812,-0.451,-0.172,-1.25,4.09,-2.62
1629011.772284,0.825,-0.471,-0.173,-2.23,2.23,0.31
1629011.822191,0.847,-0.472,-0.188,-0.43,0.55,0.7
1629011.865906,0.869,-0.488,-0.2,-0.52,1.13,-0.12
1629011.912000,0.86,-0.485,-0.196,0.34,0.79,-1.37
1629011.961162,0.837,-0.475,-0.198,0.98,2.59,-3.91
1629012.002620,0.833,-0.463,-0.206,0.21,6.87,-3.05
1629012.051695,0.837,-0.478,-0.169,4.15,11.05,0.0
1629012.101123,0.847,-0.502,-0.157,-1.8,7.48,0.03
1629012.142526,0.862,-0.512,-0.149,-10.32,8.79,6.59
1629012.192768,0.949,-0.417,-0.137,-10.5,7.66,17.06
1629012.245499,1.204,-0.312,-0.055,-19.59,-3.33,47.61
1629012.295690,1.423,0.208,0.037,4.85,-50.81,19.2
1629012.335869,1.389,0.42,-0.065,-1.5,-103.55,88.08
1629012.382688,1.11,0.241,-0.199,-132.94,-146.15,147.62
1629012.426051,0.806,0.037,-0.285,-235.88,-183.81,190.13
1629012.475725,0.268,-0.062,-0.376,-260.41,-170.69,250.92
1629012.522943,-0.593,-0.035,-0.346,-170.48,-101.44,273.69
1629012.565908,-1.667,0.137,-0.577,-54.08,-39.25,241.31
1629012.612134,-1.434,-0.457,-2.876,-392.96,-42.05,209.94
1629012.655943,-0.581,-1.664,-0.964,-42.57,152.99,126.47
1629012.701462,-0.535,-0.871,-1.66,223.36,-34.76,-134.22
1629012.742478,-1.036,-0.538,-1.685,170.69,54.35,-263.5
1629012.785859,-1.114,-0.554,-1.448,236.73,95.49,-269.11
1629012.832711,-0.643,-0.913,-1.003,135.38,84.32,-277.14
1629012.875757,-0.066,-0.695,-0.79,174.99,27.28,-256.54
1629012.922262,0.529,-0.172,-0.735,111.39,24.69,-267.49
1629012.962697,0.58,0.054,-0.48,57.92,71.6,-236.82
1629013.006093,0.672,0.236,-0.343,62.29,72.94,-197.27
1629013.051250,0.756,0.483,-0.275,40.65,50.39,-157.51
1629013.091579,0.862,0.751,-0.416,-7.63,30.0,-108.43
1629013.141788,0.886,0.829,-0.567,0.46,-0.95,-11.75
1629013.191890,0.836,0.497,-0.608,-39.19,42.85,58.93
1629013.232190,0.852,0.33,-0.187,-37.69,32.07,102.18
1629013.272621,1.028,0.281,-0.248,-20.63,-23.59,143.62
1629013.315555,1.169,0.159,-0.3,-72.66,-17.58,143.59
1629013.355979,1.177,0.131,-0.078,-105.23,-50.81,128.82
1629013.402315,1.14,0.12,-0.08,-63.23,-167.21,174.14
1629013.445708,1.069,-0.02,-0.422,-69.49,-185.95,208.87
1629013.492563,0.475,0.05,-0.476,-127.84,-102.51,253.36
1629013.535980,-0.334,0.088,-0.41,-128.61,-90.7,303.6
1629013.582771,-2.396,0.497,-0.805,-40.31,29.21,339.09
1629013.622915,-2.405,-0.513,-2.765,-369.27,-59.05,331.19
1629013.666227,-0.454,-2.767,-1.431,9.25,59.54,194.13
1629013.712029,-0.754,-0.335,-2.147,182.47,-27.89,-211.77
1629013.752414,-1.405,-0.521,-1.387,85.67,89.18,-297.37
1629013.796178,-1.182,-0.46,-1.405,178.11,18.62,-293.5
1629013.842518,-0.608,-0.746,-1.068,113.07,48.62,-306.92
1629013.885796,-0.015,-0.369,-0.864,144.96,16.82,-289.86
1629013.932427,0.282,-0.117,-0.567,134.83,48.13,-270.06
1629013.975494,0.528,0.129,-0.437,78.74,45.44,-244.88
1629014.015713,0.579,0.39,-0.302,31.1,26.37,-213.51
1629014.056167,0.619,0.556,-0.422,36.5,1.89,-167.09
1629014.109552,0.78,0.659,-0.67,12.67,2.08,-97.48
1629014.151307,0.705,0.511,-0.789,-7.6,15.9,-24.35
1629014.201670,0.735,0.101,-0.763,-32.17,60.06,28.29
1629014.241729,0.703,-0.081,-0.506,-24.2,25.27,46.97
1629014.291849,0.906,-0.025,-0.561,-12.3,2.84,54.78
1629014.332250,0.909,0.008,-0.492,-53.9,9.98,59.18
1629014.372859,0.929,0.0,-0.444,-40.53,7.54,57.8
1629014.421843,1.012,0.171,-0.402,-29.36,12.3,59.27
1629014.471751,1.135,0.48,-0.317,-37.45,-6.38,100.13
1629014.512053,1.141,0.552,-0.333,-50.14,-82.77,166.08
1629014.555261,1.139,0.522,-0.395,-93.91,-126.59,226.78
1629014.602486,0.636,0.497,-0.434,-109.01,-128.09,312.14
1629014.646065,-0.368,0.519,-0.44,-143.5,-75.11,392.01
1629014.692640,-3.447,0.313,-0.725,-101.87,31.37,408.89
1629014.735496,-1.656,-1.732,-3.605,-659.2,-134.25,284.1
1629014.782531,-0.224,-2.326,-1.406,253.61,61.71,-11.81
1629014.825712,-1.039,-0.158,-2.385,148.72,-15.75,-273.93
1629014.872159,-1.522,-0.21,-1.254,185.95,97.45,-287.48
1629014.915506,-0.653,-0.308,-1.443,135.96,90.98,-252.69
1629014.962113,0.021,-0.184,-0.903,103.34,72.27,-240.76
1629015.002687,0.504,-0.081,-0.563,100.59,90.37,-226.05
1629015.045982,0.607,0.08,-0.358,96.93,104.19,-192.45
1629015.092203,0.922,0.329,-0.14,47.64,65.0,-169.47
1629015.132747,0.896,0.526,-0.117,43.06,59.6,-135.29
1629015.198639,0.94,0.714,-0.408,10.19,-9.58,-82.92
1629015.241569,0.944,0.34,-0.568,-39.0,12.63,-20.2
1629015.281643,0.795,0.166,-0.656,3.36,30.27,18.65
1629015.322089,0.705,0.027,-0.667,-40.35,28.08,27.83
1629015.371916,0.733,0.005,-0.408,-20.81,12.48,31.5
1629015.422080,0.899,-0.001,-0.407,-15.96,-22.16,42.36
1629015.472432,0.931,-0.08,-0.465,-40.25,2.9,33.42
1629015.522626,0.808,-0.138,-0.336,3.63,1.98,34.12
1629015.575797,0.829,-0.191,-0.467,39.89,-9.22,34.64
1629015.625904,0.8,-0.264,-0.427,15.69,-1.25,21.45
1629015.675962,0.762,-0.35,-0.424,28.5,-5.98,18.59
1629015.722579,0.791,-0.388,-0.472,44.13,-16.39,9.55
1629015.765772,0.808,-0.44,-0.51,44.62,0.92,-9.83
1629015.815787,0.8,-0.415,-0.48,57.47,-13.82,-17.79
1629015.855810,0.817,-0.37,-0.556,55.06,-20.87,-10.44
1629015.901813,0.782,-0.36,-0.476,24.96,-2.11,-20.48
1629015.945895,0.818,-0.363,-0.435,41.2,-10.38,-13.09
1629015.985979,0.804,-0.326,-0.537,36.04,-8.27,-9.74
1629016.032953,0.811,-0.325,-0.5,-15.53,4.73,-10.01
1629016.082231,0.733,-0.27,-0.481,7.14,4.61,-2.35
1629016.122282,0.775,-0.317,-0.6,2.99,1.37,7.11
1629016.162661,0.724,-0.371,-0.56,-9.98,13.43,11.26
1629016.212469,0.694,-0.377,-0.532,-5.95,-3.85,14.47
1629016.262312,0.741,-0.303,-0.512,-5.46,-10.35,22.83
1629016.312539,0.775,-0.331,-0.483,-19.53,-0.18,26.09
1629016.362526,0.78,-0.34,-0.459,-11.05,0.89,29.15
1629016.412380,0.825,-0.375,-0.448,0.24,-0.98,24.9
1629016.462082,0.816,-0.348,-0.491,-8.48,6.07,21.85
1629016.511818,0.791,-0.439,-0.456,-5.86,1.95,22.46
1629016.551846,0.776,-0.419,-0.499,-0.27,-0.21,17.24
1629016.596409,0.747,-0.366,-0.505,-5.1,4.61,18.8
1629016.642487,0.704,-0.368,-0.503,-7.11,-1.13,29.27
1629016.692084,0.665,-0.453,-0.487,11.14,12.12,34.52
1629016.732183,0.617,-0.543,-0.547,11.14,15.35,37.26
1629016.782553,0.619,-0.707,-0.491,-14.04,27.07,27.8
1629016.835643,0.649,-0.693,-0.388,-1.8,10.38,8.48
1629016.882494,0.713,-0.561,-0.439,7.42,-7.75,-0.27
1629016.931772,0.677,-0.541,-0.421,10.9,-5.37,1.28
1629016.976081,0.746,-0.641,-0.462,19.41,-5.07,-6.59
1629017.026120,0.821,-0.699,-0.483,47.46,-2.84,-14.19
1629017.072334,0.866,-0.565,-0.479,29.18,6.2,-37.17
1629017.116064,0.815,-0.457,-0.424,12.51,15.08,-45.41
1629017.156458,0.771,-0.391,-0.378,2.35,22.1,-47.79
1629017.205915,0.725,-0.374,-0.33,-4.06,15.14,-36.93
1629017.255934,0.729,-0.378,-0.318,-4.43,5.25,-26.83
1629017.302713,0.767,-0.369,-0.328,-6.38,1.68,-19.44
1629017.352612,0.774,-0.325,-0.357,-14.13,5.89,-11.23
1629017.402243,0.776,-0.353,-0.407,-31.16,6.41,-4.58
1629017.452206,0.76,-0.408,-0.393,-16.39,7.51,1.04
1629017.501549,0.793,-0.416,-0.453,1.07,-1.92,6.01
1629017.542651,0.817,-0.406,-0.441,0.73,4.61,6.74
1629017.591944,0.829,-0.411,-0.39,2.62,6.35,7.66
1629017.636135,0.844,-0.411,-0.359,3.2,2.47,6.87
1629017.682696,0.849,-0.41,-0.349,3.88,4.79,4.06
1629017.731673,0.829,-0.433,-0.31,2.99,7.54,-0.12
1629017.772908,0.813,-0.421,-0.317,7.93,3.69,-2.59
1629017.821997,0.808,-0.404,-0.344,3.05,2.01,-3.54
1629017.871873,0.812,-0.398,-0.363,6.56,-0.49,-1.16
1629017.912470,0.815,-0.403,-0.381,2.9,-0.03,0.61
1629017.961696,0.823,-0.432,-0.37,3.94,3.02,1.59
1629018.005948,0.826,-0.432,-0.361,1.98,2.26,0.24
1629018.052231,0.834,-0.437,-0.355,2.59,0.64,-2.84
1629018.101498,0.824,-0.417,-0.355,0.31,-1.77,-6.29
1629018.142587,0.818,-0.386,-0.35,0.98,-1.04,-4.18
1629018.191887,0.796,-0.375,-0.352,-0.31,-0.06,-0.37
1629018.236111,0.795,-0.397,-0.349,-3.48,0.85,1.28
1629018.282536,0.795,-0.418,-0.37,-6.23,0.03,3.75
1629018.331581,0.792,-0.408,-0.377,-4.39,1.07,6.26
1629018.372802,0.795,-0.406,-0.379,-2.78,5.34,8.51
1629018.422455,0.837,-0.433,-0.353,-1.4,4.52,11.02
1629018.471760,0.855,-0.464,-0.328,0.61,3.88,6.65
1629018.515924,0.85,-0.462,-0.324,-0.67,2.29,1.53
1629018.562137,0.834,-0.436,-0.324,0.76,0.37,-1.56
1629018.611330,0.809,-0.429,-0.349,-5.04,1.1,-2.01
1629018.652626,0.781,-0.434,-0.352,-5.71,1.34,-1.65
1629018.701904,0.8,-0.432,-0.356,-3.33,-0.55,-0.64
1629018.745922,0.815,-0.425,-0.362,-3.3,-0.7,-0.18
1629018.792302,0.832,-0.431,-0.351,-3.33,1.8,-1.28
1629018.841549,0.831,-0.425,-0.345,-1.83,1.65,-3.39
1629018.882870,0.828,-0.391,-0.348,-0.24,1.56,-4.12
1629018.931957,0.826,-0.395,-0.356,-3.14,2.81,-2.69
1629018.976080,0.824,-0.389,-0.362,-1.77,1.65,-0.89
1629019.022448,0.822,-0.415,-0.358,-5.07,4.85,-0.64
1629019.071709,0.817,-0.425,-0.353,-2.78,2.66,-0.4
1629019.112691,0.812,-0.43,-0.341,-3.05,1.89,-2.01
1629019.161698,0.82,-0.449,-0.33,2.66,2.08,-3.2
1629019.211123,0.812,-0.423,-0.345,0.0,0.21,-6.84
1629019.252370,0.816,-0.387,-0.336,-2.69,-1.59,-6.71
1629019.301766,0.841,-0.362,-0.354,-0.27,-3.88,-4.85
1629019.345775,0.845,-0.355,-0.37,-2.75,-3.2,-2.84
1629019.392131,0.828,-0.369,-0.354,-2.9,0.73,1.13
1629019.432214,0.764,-0.462,-0.337,-2.66,5.98,8.15
1629019.475963,0.698,-0.6,-0.318,-21.24,18.1,15.87
1629019.515978,0.744,-0.383,-0.337,-28.75,8.55,20.39
1629019.565930,1.23,0.151,-0.235,28.08,-20.69,24.96
1629019.606023,1.596,1.028,-0.319,121.22,-105.75,76.69
1629019.652575,1.598,0.971,-0.854,-66.47,-159.09,225.04
1629019.702501,0.843,0.186,-0.637,-167.7,-168.8,348.28
1629019.745902,-0.067,-0.447,-0.19,-190.77,-96.26,363.29
1629019.791964,-1.704,0.12,-0.376,92.23,6.16,317.21
1629019.833895,-3.869,0.112,-2.142,-110.72,151.37,431.35
1629019.875721,-1.35,-3.191,0.018,-135.93,102.6,197.45
1629019.922688,-1.523,-1.617,-1.261,233.5,-78.25,-290.2
1629019.965761,-2.129,-0.986,-1.245,44.13,-11.08,-440.05
1629020.012930,-1.19,-0.78,-0.958,179.27,-96.77,-368.42
1629020.052931,-0.212,-0.654,-0.523,90.06,-41.84,-336.31
1629020.096844,0.432,-0.204,-0.709,82.74,-47.21,-299.66
1629020.141467,0.46,0.057,-0.489,14.34,14.37,-262.34
1629020.181604,0.578,0.543,-0.555,28.99,-7.63,-211.13
1629020.232179,0.802,0.668,-0.733,-23.9,11.23,-128.88
1629020.282560,0.801,0.653,-1.005,2.35,11.26,-35.4
1629020.335741,0.488,0.235,-0.908,-110.81,70.96,66.44
1629020.382104,0.782,0.042,-0.401,-17.55,20.94,125.58
1629020.422157,1.171,0.251,-0.588,-4.06,11.11,132.82
1629020.462371,1.597,0.434,-0.568,-94.49,-15.26,156.29
1629020.502718,1.508,0.779,-0.35,-86.64,-71.93,175.27
1629020.546033,1.331,1.018,-0.575,-43.49,-183.23,286.2
1629020.595279,0.656,0.463,-0.672,-187.17,-133.4,425.15
1629020.642446,-2.053,0.12,0.466,-73.06,132.33,451.16
1629020.685934,-3.988,0.997,-3.028,78.8,79.5,586.84
1629020.732189,0.159,-4.0,-2.021,-155.98,38.7,100.07
1629020.772915,-1.423,-0.357,-2.693,303.96,-9.49,-270.73
1629020.816095,-2.182,-0.208,-1.092,89.57,89.82,-376.23
1629020.862309,-1.0,-0.712,-1.193,166.72,-76.42,-331.89
1629020.906126,-0.307,-0.438,-0.983,98.73,-19.5,-324.9
1629020.952140,0.43,-0.32,-0.617,116.73,18.22,-281.75
1629020.992901,0.412,0.067,-0.429,100.28,28.17,-273.81
1629021.035647,0.698,0.231,-0.352,33.88,15.41,-226.48
1629021.076215,0.825,0.605,-0.426,54.14,31.5,-179.97
1629021.122097,0.855,0.849,-0.812,12.79,-5.49,-83.62
1629021.172227,0.642,0.52,-1.068,-36.01,69.34,23.83
1629021.222518,0.712,0.133,-0.653,-23.29,40.28,93.91
1629021.275858,1.241,0.052,-0.488,-9.46,43.64,140.63
1629021.321945,1.392,0.006,-0.522,-77.09,41.96,142.0
1629021.362673,1.223,0.072,-0.36,-196.42,51.7,121.56
1629021.405895,1.255,0.299,0.074,-170.02,-67.45,138.13
1629021.452811,0.913,0.583,-0.339,-48.4,-212.07,265.72
1629021.495940,-0.055,0.568,-0.472,-60.12,-167.03,367.66
1629021.542489,-3.042,0.692,-0.131,37.29,169.19,469.22
1629021.585978,-3.719,-0.644,-4.0,-279.82,14.44,610.92
1629021.632292,-0.308,-3.419,-1.145,226.05,80.9,77.27
1629021.674825,-1.767,-0.476,-1.976,147.92,-122.32,-325.3
1629021.715982,-1.916,-0.275,-1.41,90.27,-24.29,-387.98
1629021.762335,-0.924,-0.598,-0.909,125.52,-59.57,-355.78
1629021.802731,0.058,-0.363,-1.061,66.9,-86.31,-307.44
1629021.845576,0.383,-0.267,-0.798,-1.98,10.19,-278.97
1629021.885961,0.526,-0.091,-0.427,18.59,22.86,-250.98
1629021.926203,0.619,0.061,-0.375,48.55,39.22,-210.43
1629021.972438,0.729,0.184,-0.409,48.77,18.62,-160.22
1629022.012598,0.777,0.416,-0.56,24.84,42.76,-126.07
1629022.063018,0.842,0.491,-0.751,-5.68,17.06,-54.6
1629022.116287,0.817,0.236,-0.968,-45.38,42.33,22.58
1629022.156834,0.669,0.044,-0.609,-51.76,89.91,58.99
1629022.201600,0.882,-0.192,-0.501,13.95,9.28,80.94
1629022.241624,0.901,-0.231,-0.538,-25.15,49.53,65.37
1629022.281830,0.753,-0.414,-0.304,-42.7,41.72,66.53
1629022.326175,0.745,-0.544,-0.275,13.82,-4.61,53.38
1629022.372695,0.721,-0.599,-0.305,50.39,14.4,36.07
1629022.421843,0.703,-0.668,-0.294,56.52,-6.68,10.74
1629022.466153,0.676,-0.674,-0.332,47.24,-1.22,-9.61
1629022.515915,0.654,-0.695,-0.325,25.94,0.24,-15.02
1629022.566116,0.699,-0.634,-0.345,32.17,-9.52,-21.97
1629022.615869,0.698,-0.59,-0.411,31.95,-11.81,-27.95
1629022.655975,0.707,-0.554,-0.478,21.7,-18.65,-25.48
1629022.696127,0.751,-0.548,-0.486,10.86,-11.41,-21.18
1629022.741815,0.798,-0.522,-0.483,10.74,2.9,-10.68
1629022.782493,0.788,-0.495,-0.45,-0.76,4.24,-5.19
1629022.831687,0.734,-0.49,-0.41,-9.49,-0.4,-2.23
1629022.876211,0.723,-0.485,-0.397,0.34,5.4,2.14
1629022.922798,0.705,-0.497,-0.386,-6.9,16.88,6.96
1629022.972682,0.731,-0.554,-0.341,-8.18,16.6,10.68
1629023.022395,0.756,-0.542,-0.338,-2.01,10.28,3.97
1629023.072145,0.799,-0.494,-0.398,-4.24,0.06,-1.95
1629023.115936,0.807,-0.482,-0.384,-10.35,14.44,-0.37
1629023.162584,0.783,-0.473,-0.323,-5.49,15.59,2.08
1629023.212863,0.793,-0.488,-0.318,-0.03,12.54,1.65
1629023.261986,0.783,-0.508,-0.321,-0.09,9.03,2.5
1629023.306290,0.784,-0.507,-0.319,-0.61,3.42,1.59
1629023.352317,0.773,-0.511,-0.333,-1.68,10.65,-0.27
1629023.402109,0.763,-0.531,-0.297,-4.24,9.34,-0.79
1629023.446200,0.769,-0.51,-0.304,0.95,1.22,-1.25
1629023.492507,0.78,-0.508,-0.32,1.46,1.31,-1.46
1629023.541706,0.776,-0.493,-0.325,-0.7,2.26,0.52
1629023.582942,0.789,-0.499,-0.313,-0.43,0.92,2.11
1629023.632055,0.788,-0.519,-0.32,-2.69,4.36,1.74
1629023.672354,0.774,-0.524,-0.288,-0.55,7.9,-0.09
1629023.722508,0.794,-0.522,-0.303,1.62,-1.31,-0.15
1629023.771848,0.794,-0.5,-0.311,0.92,-0.4,-1.53
1629023.815952,0.791,-0.475,-0.318,0.15,2.11,0.03
1629023.862141,0.773,-0.501,-0.284,-1.56,2.99,1.71
1629023.911479,0.777,-0.511,-0.29,-3.42,1.83,0.06
1629023.952743,0.787,-0.516,-0.286,-2.26,1.59,-0.15
1629024.002137,0.794,-0.512,-0.314,-0.12,-1.07,0.06
1629024.046340,0.794,-0.508,-0.327,-1.89,1.5,-0.79
1629024.092494,0.786,-0.508,-0.313,-3.54,5.62,-0.12
1629024.141623,0.783,-0.511,-0.3,-5.8,3.88,1.92
1629024.182802,0.79,-0.528,-0.303,-7.42,6.62,0.21
1629024.232180,0.781,-0.513,-0.303,-7.23,8.12,-2.87
1629024.281375,0.789,-0.498,-0.292,-1.34,4.33,0.24
1629024.322656,0.797,-0.495,-0.29,-2.9,3.72,0.82
1629024.372398,0.793,-0.482,-0.311,-5.22,-0.76,2.75
1629024.416261,0.796,-0.506,-0.316,-4.21,2.84,3.08
1629024.461935,0.795,-0.518,-0.311,-4.67,3.63,1.8
1629024.511202,0.783,-0.519,-0.289,-2.81,3.94,-0.52
1629024.552390,0.786,-0.483,-0.283,-0.06,0.73,-1.74
1629024.601614,0.796,-0.466,-0.311,4.61,1.13,2.11
1629024.645923,0.8,-0.491,-0.303,-3.14,3.91,2.75
1629024.692384,0.799,-0.506,-0.3,1.13,4.79,2.38
1629024.741634,0.794,-0.518,-0.286,-0.37,6.38,1.56
1629024.782615,0.794,-0.521,-0.281,-1.53,6.62,-0.79
1629024.831885,0.8,-0.511,-0.285,0.67,4.64,-1.31
1629024.876437,0.806,-0.487,-0.28,1.86,4.24,-0.7
1629024.922544,0.808,-0.446,-0.287,-1.19,6.78,5.1
1629024.972517,0.817,-0.411,-0.254,6.5,15.59,16.05
1629025.022763,0.827,-0.342,-0.243,19.47,7.11,28.11
1629025.072844,0.834,-0.436,-0.304,55.73,-0.27,51.15
1629025.112999,0.8,-0.592,-0.261,47.73,26.0,61.4
1629025.166295,0.673,-0.78,-0.1,40.53,21.85,48.16
1629025.206414,0.666,-0.769,-0.129,34.39,12.63,25.94
1629025.251642,0.612,-0.804,-0.078,4.97,23.53,21.55
1629025.301371,0.639,-0.796,-0.073,1.77,6.62,8.55
1629025.343093,0.647,-0.778,-0.067,0.73,13.0,-1.34
1629025.392326,0.676,-0.746,-0.081,-0.24,5.4,-3.81
1629025.432446,0.684,-0.735,-0.089,-2.41,8.45,-5.28
1629025.472713,0.678,-0.764,-0.073,-8.0,11.17,-9.52
1629025.522974,0.664,-0.755,-0.053,-17.67,7.14,-19.1
1629025.575956,0.695,-0.722,-0.08,-23.9,-3.23,-24.45
1629025.625839,0.718,-0.677,-0.112,-24.32,-5.46,-28.38
1629025.676158,0.732,-0.646,-0.136,-25.09,-5.62,-28.75
1629025.726287,0.74,-0.578,-0.158,-20.75,-9.13,-23.41
1629025.771674,0.775,-0.571,-0.17,-4.12,-11.32,-9.64
1629025.815823,0.783,-0.546,-0.19,4.88,-7.02,-10.99
1629025.862305,0.813,-0.538,-0.198,0.92,-6.16,-5.13
1629025.911521,0.808,-0.537,-0.184,4.18,5.74,-6.99
1629025.952784,0.79,-0.54,-0.178,-1.13,0.95,-0.18
1629026.002215,0.757,-0.621,-0.149,-2.87,11.63,1.62
1629026.051428,0.743,-0.617,-0.141,-2.53,5.52,0.76
1629026.092759,0.794,-0.545,-0.18,-5.34,-10.38,-1.89
1629026.142625,0.932,-0.454,-0.228,11.6,-15.38,0.37
1629026.183595,1.002,-0.29,-0.24,23.19,-18.8,11.84
1629026.232691,1.195,-0.096,-0.284,-2.56,-31.71,43.95
1629026.272815,1.321,0.197,-0.347,-46.17,-49.35,51.97
1629026.326194,1.305,0.34,-0.225,-44.01,-85.82,148.9
1629026.372526,1.194,0.719,-0.336,-64.88,-204.96,228.8
1629026.415662,0.976,0.635,-1.047,-70.47,-160.59,369.4
1629026.462492,-1.927,0.302,0.023,-198.71,202.37,490.62
1629026.505438,-3.987,0.428,-1.445,186.56,29.91,595.11
1629026.552275,-1.218,-3.971,1.64,-93.11,267.25,68.97
1629026.596676,-2.361,-1.325,-1.471,350.93,-124.03,-347.0
1629026.642244,-2.418,-0.604,-1.093,84.17,-63.26,-468.06
1629026.682874,-1.252,-0.691,-0.667,53.32,-76.51,-404.1
1629026.726059,-0.244,-0.577,-0.476,156.47,6.59,-342.39
1629026.772491,0.297,-0.102,-0.119,128.91,4.33,-301.92
1629026.813203,0.56,0.333,-0.166,90.61,-6.59,-263.31
1629026.865967,0.963,0.446,-0.554,-67.14,-27.04,-179.33
1629026.911868,1.198,0.98,-0.774,31.46,-5.07,-149.72
1629026.952290,0.987,1.254,-1.382,94.09,-52.98,-17.82
1629027.005525,0.824,-0.127,-0.803,-183.72,120.88,98.51
1629027.051746,0.834,0.031,-0.006,-61.1,30.15,99.06
1629027.091999,1.255,0.387,-0.531,79.96,-66.99,147.95
1629027.132404,1.568,0.444,-0.806,-23.13,-20.81,146.95
1629027.175666,1.465,0.286,-0.416,-123.94,43.4,155.19
1629027.216082,1.22,0.407,-0.075,-73.46,-35.43,212.65
1629027.262173,0.66,0.263,-0.418,-85.63,-69.83,331.74
1629027.305750,-0.741,0.124,-0.184,-217.57,102.94,430.34
1629027.352559,-3.84,0.057,-0.731,52.13,106.14,435.35
1629027.392981,-1.29,-3.127,-3.607,-680.93,-42.79,166.02
1629027.435858,-0.932,-3.019,-0.929,326.09,235.6,33.85
1629027.482814,-2.26,-0.854,-1.743,223.7,-146.43,-356.79
1629027.526229,-1.71,-0.745,-1.37,20.2,-88.44,-407.15
1629027.572530,-0.162,-0.479,-0.726,147.19,8.76,-318.7
1629027.612960,0.373,-0.154,-0.231,139.26,37.84,-288.31
1629027.656561,0.522,0.227,-0.135,85.82,7.66,-268.62
1629027.702353,0.883,0.764,-0.261,0.12,-24.29,-241.07
1629027.752797,1.062,1.794,-1.116,138.86,-62.93,-161.93
1629027.796154,1.294,1.003,-1.423,140.75,-0.98,10.01
1629027.842526,0.62,-0.18,-0.236,-140.93,221.41,90.55
1629027.882714,0.828,-0.147,0.047,-70.16,-20.48,48.31
1629027.922856,1.308,0.127,-0.565,118.08,-65.83,67.87
1629027.976327,1.28,0.369,-0.669,5.19,-3.63,108.65
1629028.016326,1.206,0.257,-0.461,-122.75,-14.65,151.34
1629028.062758,1.027,0.154,-0.288,-135.38,-55.15,204.26
1629028.106364,0.609,0.127,-0.329,-145.27,-89.69,277.29
1629028.153577,0.017,0.023,-0.465,-166.51,-51.33,373.09
1629028.196063,-1.42,0.052,-0.104,-95.68,70.56,347.67
1629028.242185,-3.415,-0.151,-2.584,-64.36,17.18,454.33
1629028.282906,-0.646,-3.45,-0.08,-413.56,10.13,128.27
1629028.326071,-1.011,-2.175,-0.815,322.4,54.26,-110.72
1629028.373098,-1.76,-0.939,-1.427,38.76,-109.16,-354.81
1629028.416068,-1.544,-0.788,-1.149,75.9,-32.35,-331.13
1629028.457048,-0.585,-0.685,-1.041,20.54,-36.56,-314.95
1629028.502421,-0.021,-0.313,-0.723,28.14,19.62,-276.25
1629028.542705,0.316,-0.085,-0.425,11.96,58.32,-250.65
1629028.583017,0.385,0.169,-0.116,14.86,62.44,-221.66
1629028.626261,0.717,0.359,-0.135,17.91,27.1,-185.49
1629028.666379,0.848,0.62,-0.216,53.5,60.12,-150.88
1629028.712100,0.965,1.09,-0.654,30.18,6.71,-73.37
1629028.752164,1.027,0.834,-1.199,22.68,-11.26,15.72
1629028.802716,0.817,-0.174,-0.813,-65.25,149.21,94.06
1629028.842832,0.853,-0.413,0.01,-30.79,67.14,46.69
1629028.885702,1.203,-0.134,-0.324,140.57,-62.93,28.53
1629028.926109,1.187,0.152,-0.745,44.34,-58.26,31.01
1629028.966118,1.18,0.215,-0.564,-68.54,-33.11,44.89
1629029.011479,1.13,0.408,-0.361,19.29,-41.47,96.44
1629029.052187,0.958,0.525,-0.39,70.83,-56.43,204.78
1629029.103121,0.581,0.346,-0.469,-117.74,-54.99,352.21
1629029.146062,-0.203,0.129,-0.619,-248.94,35.55,427.9
1629029.192930,-3.0,0.047,-0.024,-67.48,58.29,403.06
1629029.236234,-2.823,-1.135,-4.0,-374.31,-61.01,450.3
1629029.282107,-0.552,-2.678,-0.945,241.83,194.83,121.65
1629029.322853,-1.231,-0.745,-1.574,197.09,-70.5,-239.66
1629029.365920,-1.417,-0.35,-1.137,40.1,1.4,-318.52
1629029.407062,-0.813,-0.31,-1.085,95.19,-0.37,-246.59
1629029.452347,-0.196,-0.416,-1.07,79.74,47.09,-221.72
1629029.492475,0.17,-0.421,-0.72,96.5,70.89,-185.28
1629029.533164,0.379,-0.334,-0.552,95.22,90.7,-187.11
1629029.576171,0.461,-0.177,-0.401,74.37,105.78,-178.41
1629029.622829,0.589,-0.024,-0.183,99.52,118.56,-129.03
1629029.666232,0.749,0.027,0.017,112.46,102.42,-92.23
1629029.712254,1.113,0.136,-0.053,87.83,78.71,-51.21
1629029.752381,1.136,0.089,-0.135,28.96,29.73,-40.74
1629029.802239,1.22,-0.197,-0.182,45.81,-4.58,16.21
1629029.852442,1.036,-0.421,-0.222,48.71,12.79,27.16
1629029.917846,0.95,-0.538,-0.247,2.56,-29.21,11.51
1629029.965617,0.884,-0.573,-0.323,-32.2,2.84,3.05
1629030.015608,0.777,-0.591,-0.17,-28.47,26.25,-5.1
1629030.065562,0.747,-0.561,-0.136,23.71,15.63,4.64
1629030.115760,0.757,-0.563,-0.157,7.81,13.95,-7.66
1629030.162442,0.804,-0.549,-0.138,-1.25,6.13,-7.17
1629030.211623,0.822,-0.528,-0.119,14.86,-3.85,1.5
1629030.261824,0.84,-0.524,-0.185,12.85,-14.74,7.42
1629030.305930,0.83,-0.576,-0.201,-4.33,-5.4,2.93
1629030.352313,0.816,-0.578,-0.174,-2.99,-0.03,-5.34
1629030.401591,0.821,-0.541,-0.182,-0.55,0.31,-4.27
1629030.442897,0.796,-0.566,-0.147,-5.07,6.2,-8.55
1629030.492479,0.796,-0.502,-0.122,10.38,3.51,-7.84
1629030.542033,0.812,-0.471,-0.157,8.61,2.29,-1.31
1629030.586300,0.84,-0.492,-0.177,-1.59,7.66,-0.98
1629030.633008,0.849,-0.583,-0.151,-9.46,11.93,2.72
1629030.682521,0.861,-0.535,-0.111,2.93,2.32,-4.3
1629030.732413,0.91,-0.418,-0.082,31.68,-24.96,0.09
1629030.782585,0.906,-0.419,-0.101,13.58,-16.45,-4.0
1629030.832178,0.863,-0.494,-0.067,9.0,-20.6,-5.8
1629030.872708,0.879,-0.565,-0.147,-1.86,-20.05,-9.4
1629030.916317,0.907,-0.561,-0.159,-14.83,-18.22,-22.83
1629030.961477,0.868,-0.503,-0.166,7.87,-32.5,-28.08
1629031.001962,0.804,-0.479,-0.167,31.71,-57.65,-46.57
1629031.052077,0.807,-0.443,-0.294,22.89,-30.76,-15.23
1629031.102058,0.697,-0.496,-0.173,-13.76,-4.03,-15.17
1629031.142220,0.64,-0.487,-0.169,15.38,-12.27,-16.72
1629031.182918,0.684,-0.468,-0.266,29.45,-16.69,-10.25
1629031.231984,0.782,-0.414,-0.315,20.17,-9.37,-9.34
1629031.281569,0.93,-0.417,-0.355,11.84,-5.77,-3.63
1629031.322928,0.96,-0.392,-0.373,-6.29,-3.02,2.87
1629031.372743,0.949,-0.422,-0.324,-19.38,4.0,0.7
1629031.422112,0.873,-0.417,-0.265,-8.03,8.42,-2.62
1629031.466380,0.81,-0.394,-0.239,-5.01,6.38,-4.18
1629031.512640,0.794,-0.392,-0.245,-14.34,4.85,-2.14
1629031.562190,0.803,-0.406,-0.256,-11.99,9.61,-0.34
1629031.611554,0.847,-0.399,-0.257,-6.99,9.55,3.2
1629031.657303,0.893,-0.41,-0.24,-6.59,10.5,4.09
1629031.702643,0.908,-0.412,-0.219,3.39,1.43,-0.55
1629031.751865,0.906,-0.375,-0.243,-0.79,-6.38,-2.62
1629031.792951,0.884,-0.358,-0.276,-5.13,-5.04,-1.65
1629031.842319,0.856,-0.383,-0.258,-5.52,0.7,0.76
1629031.891521,0.849,-0.38,-0.257,-2.14,0.7,1.8
1629031.933432,0.856,-0.399,-0.254,-1.37,0.73,1.13
1629031.982177,0.863,-0.389,-0.257,-0.24,-0.73,2.04
1629032.026085,0.883,-0.392,-0.282,-0.18,-0.21,3.3
1629032.072503,0.859,-0.411,-0.272,0.18,3.91,4.03
1629032.122162,0.853,-0.422,-0.259,1.53,3.51,1.83
1629032.162771,0.852,-0.402,-0.246,2.93,2.5,1.74
1629032.212033,0.853,-0.413,-0.235,-0.24,4.49,1.46
1629032.256056,0.864,-0.416,-0.24,0.64,3.14,0.7
1629032.302547,0.85,-0.417,-0.24,-0.98,5.74,-0.06
1629032.351648,0.862,-0.422,-0.235,-1.13,3.11,-0.24
1629032.392623,0.867,-0.414,-0.242,-0.46,2.23,0.92
1629032.442164,0.867,-0.42,-0.241,0.06,3.66,0.98
1629032.486521,0.864,-0.412,-0.224,-1.31,3.05,-0.03
1629032.533233,0.866,-0.402,-0.229,1.62,1.8,0.21
1629032.582284,0.872,-0.417,-0.227,-0.89,3.48,0.06
1629032.623105,0.867,-0.425,-0.225,-0.49,1.74,-0.64
1629032.672436,0.862,-0.428,-0.23,-2.29,2.2,-1.74
1629032.721930,0.853,-0.422,-0.234,-0.98,0.73,-2.56
1629032.762566,0.857,-0.412,-0.247,-2.32,2.75,-2.47
1629032.811615,0.863,-0.417,-0.236,-1.92,3.85,-1.98
1629032.856137,0.854,-0.407,-0.228,-0.89,3.39,-0.95
1629032.902121,0.865,-0.443,-0.218,-7.29,4.94,-0.27
1629032.951714,0.859,-0.434,-0.218,-6.16,2.11,-3.97
1629032.992899,0.877,-0.414,-0.234,-6.13,5.19,-5.86
1629033.041855,0.885,-0.355,-0.239,-3.66,4.88,-6.62
1629033.086320,0.889,-0.346,-0.222,1.22,7.75,-2.99
1629033.132714,0.87,-0.365,-0.219,1.19,9.13,1.53
1629033.182432,0.844,-0.4,-0.208,-17.85,17.91,12.85
1629033.223844,0.89,-0.33,-0.207,-21.33,12.73,18.4
1629033.272157,1.071,-0.096,-0.2,0.12,2.44,53.19
1629033.322687,1.337,0.417,-0.312,-21.24,-24.26,87.77
1629033.362723,1.396,0.514,-0.432,-73.46,-73.89,160.44
1629033.406732,1.347,0.269,-0.446,-188.82,-95.68,206.18
1629033.456044,0.923,0.141,-0.403,-239.72,-142.67,269.54
1629033.502941,0.494,-0.141,-0.571,-287.45,-153.94,300.73
1629033.546326,-0.117,-0.21,-0.276,-213.81,-82.52,266.49
1629033.592740,-1.42,0.583,-0.417,-207.83,-74.5,271.95
1629033.636340,-3.389,1.25,-2.843,-300.21,47.09,322.37
1629033.682998,-0.422,-2.494,-2.452,-336.65,53.83,112.49
1629033.726171,-0.75,0.748,-1.471,396.59,191.35,-83.47
1629033.772022,-0.532,0.58,-1.058,65.98,41.6,-90.24
1629033.822728,-0.619,-0.312,-1.517,138.55,53.22,-158.64
1629033.866272,-0.706,-0.33,-1.644,238.29,113.68,-203.38
1629033.915896,-0.433,-0.531,-0.985,286.02,85.7,-241.65
1629033.962233,0.187,-0.195,-0.914,271.55,60.4,-264.17
1629034.006848,0.432,-0.041,-0.804,195.17,67.05,-249.24
1629034.052485,0.594,0.137,-0.48,173.04,77.64,-217.17
1629034.092932,0.636,0.25,-0.581,138.74,70.19,-173.83
1629034.136378,0.697,0.213,-0.396,74.68,77.43,-118.5
1629034.182405,0.83,0.141,-0.53,52.77,9.37,-84.35
1629034.222477,0.953,0.185,-0.568,-8.7,43.37,-68.97
1629034.272593,0.892,0.208,-0.342,-19.96,27.65,-28.14
1629034.322371,0.952,0.07,-0.328,-2.93,18.1,6.56
1629034.372760,0.963,-0.13,-0.268,-28.96,-2.38,13.79
1629034.422626,0.948,-0.198,-0.323,-14.25,-0.18,7.14
1629034.471698,0.917,-0.258,-0.361,21.15,3.02,5.74
1629034.521667,0.883,-0.215,-0.33,28.26,17.43,1.95
1629034.571838,0.853,-0.258,-0.268,10.96,22.71,7.17
1629034.621964,0.872,-0.262,-0.24,20.08,19.78,7.45
1629034.661990,0.919,-0.253,-0.235,22.8,9.06,11.11
1629034.711488,1.0,-0.294,-0.292,-0.79,-1.34,7.81
1629034.752702,0.968,-0.319,-0.292,-4.24,-9.09,1.4
1629034.802319,0.912,-0.311,-0.298,1.4,-17.91,-0.24
1629034.851765,0.846,-0.309,-0.318,-0.43,-8.79,-2.81
1629034.895866,0.824,-0.307,-0.317,5.83,0.7,-0.12
1629034.942509,0.841,-0.306,-0.292,4.33,10.99,1.1
1629034.992229,0.884,-0.326,-0.249,-1.16,15.75,0.67
1629035.041140,0.927,-0.304,-0.265,5.1,-6.5,-0.46
1629035.082378,0.939,-0.287,-0.311,5.58,-7.72,-0.21
1629035.122565,0.914,-0.281,-0.333,-2.38,-4.64,-1.62
1629035.162892,0.884,-0.286,-0.316,0.73,-2.69,-3.42
1629035.212112,0.868,-0.276,-0.291,-2.84,4.03,-2.23
1629035.257397,0.863,-0.272,-0.259,-3.88,3.91,1.01
1629035.302382,0.88,-0.3,-0.248,-1.34,3.48,2.26
1629035.351626,0.9,-0.281,-0.277,-0.98,-3.08,0.12
1629035.392746,0.901,-0.301,-0.283,-0.55,-0.27,0.49
1629035.442110,0.892,-0.292,-0.303,-0.21,0.76,-1.59
1629035.482124,0.895,-0.279,-0.306,0.64,2.35,-1.68
1629035.522392,0.886,-0.282,-0.288,0.06,4.88,-0.89
1629035.572153,0.89,-0.284,-0.286,-0.52,2.69,-1.1
1629035.612644,0.891,-0.271,-0.273,-0.79,2.96,-0.89
1629035.661945,0.894,-0.274,-0.277,-2.38,3.54,0.18
1629035.705933,0.905,-0.286,-0.28,-4.36,1.28,0.37
1629035.752360,0.904,-0.289,-0.269,-3.14,0.37,-0.52
1629035.801932,0.897,-0.278,-0.274,-0.24,-0.7,-1.95
1629035.842935,0.891,-0.259,-0.28,-0.09,0.21,-2.11
1629035.892043,0.891,-0.262,-0.283,0.76,0.79,0.61
1629035.936461,0.891,-0.277,-0.261,1.92,3.69,1.71
1629035.982385,0.902,-0.289,-0.274,0.27,1.65,2.26
1629036.026149,0.902,-0.289,-0.276,-1.31,2.14,0.67
1629036.072925,0.906,-0.267,-0.284,-2.96,2.99,0.79
1629036.122483,0.899,-0.286,-0.261,-5.4,2.59,2.2
1629036.172269,0.893,-0.305,-0.274,-0.12,1.59,2.32
1629036.212538,0.898,-0.307,-0.278,1.25,1.31,-0.18
1629036.262255,0.89,-0.275,-0.269,1.74,1.92,-0.46
1629036.306211,0.902,-0.281,-0.26,0.18,2.56,1.25
1629036.352334,0.894,-0.284,-0.259,1.98,2.78,2.17
1629036.401534,0.902,-0.3,-0.254,0.37,2.41,2.23
1629036.442923,0.908,-0.3,-0.257,2.53,2.56,1.4
1629036.492151,0.91,-0.303,-0.256,-0.58,3.02,-0.49
1629036.536481,0.91,-0.28,-0.264,2.69,0.49,-0.24
1629036.582650,0.903,-0.297,-0.247,0.67,1.28,0.98
1629036.631936,0.89,-0.298,-0.249,1.19,1.65,0.7
1629036.673085,0.889,-0.304,-0.246,-0.09,0.82,0.73
1629036.721923,0.906,-0.289,-0.26,2.26,-0.21,0.76
1629036.771427,0.904,-0.311,-0.244,-0.55,1.16,0.64
1629036.812531,0.902,-0.298,-0.243,3.39,-0.09,0.61
1629036.861970,0.894,-0.298,-0.233,4.06,0.7,1.22
1629036.906228,0.896,-0.296,-0.248,2.84,-0.52,1.62
1629036.952263,0.896,-0.304,-0.26,3.23,-0.82,1.46
1629037.001309,0.905,-0.314,-0.262,1.68,1.31,2.23
1629037.042477,0.905,-0.317,-0.25,0.31,0.64,1.46
1629037.091798,0.904,-0.316,-0.246,0.64,-0.4,0.95
1629037.136062,0.902,-0.313,-0.25,0.09,-1.22,0.4
1629037.182511,0.893,-0.316,-0.251,-1.59,-0.98,-0.37
1629037.231951,0.894,-0.319,-0.262,-2.01,-0.18,-1.07
1629037.273021,0.898,-0.304,-0.265,-2.01,0.64,-1.89
1629037.322406,0.891,-0.295,-0.246,-2.04,1.92,-0.58
1629037.372340,0.902,-0.3,-0.246,0.89,0.82,0.27
1629037.412632,0.905,-0.299,-0.261,-0.82,1.07,0.18
1629037.461718,0.9,-0.315,-0.233,0.67,1.98,-0.64
1629037.503266,0.895,-0.298,-0.237,4.88,-0.06,0.49
1629037.552404,0.901,-0.31,-0.238,2.5,-0.55,0.03
1629037.601621,0.9,-0.308,-0.254,1.89,-3.05,-0.21
1629037.642747,0.902,-0.305,-0.254,1.53,-1.8,-1.1
1629037.691701,0.898,-0.309,-0.268,-0.67,0.0,-1.59
1629037.736248,0.907,-0.31,-0.268,1.22,0.7,-1.25
1629037.782582,0.896,-0.287,-0.254,2.69,1.1,0.27
1629037.831786,0.907,-0.283,-0.248,3.2,0.85,3.36
1629037.873081,0.909,-0.303,-0.232,-2.38,0.89,3.11
1629037.922241,0.906,-0.315,-0.234,-0.85,0.18,1.34
1629037.966025,0.909,-0.307,-0.252,-0.89,-1.37,-0.18
1629038.013901,0.902,-0.306,-0.268,0.0,-0.52,0.46
1629038.061711,0.891,-0.314,-0.258,-0.82,-0.03,0.85
1629038.102824,0.889,-0.32,-0.246,-0.4,0.82,0.15
1629038.152361,0.885,-0.311,-0.239,-1.83,-1.34,-0.18
1629038.201670,0.892,-0.312,-0.26,-1.37,-1.25,-0.43
1629038.242693,0.899,-0.302,-0.27,-0.55,-0.92,-0.89
1629038.291982,0.908,-0.286,-0.265,0.61,0.21,-0.12
1629038.333397,0.898,-0.294,-0.256,-0.27,1.65,0.61
1629038.382465,0.898,-0.31,-0.251,-0.12,1.25,0.98
1629038.422598,0.894,-0.31,-0.257,0.37,-0.15,0.15
1629038.472975,0.891,-0.301,-0.269,-0.31,1.1,1.4
1629038.522236,0.883,-0.303,-0.259,0.0,4.15,2.81
1629038.566371,0.878,-0.302,-0.252,-0.31,7.23,3.78
1629038.612818,0.911,-0.326,-0.234,-0.09,10.8,2.62
1629038.662199,0.914,-0.329,-0.237,-1.98,9.03,1.07
1629038.711426,0.908,-0.336,-0.238,-5.43,4.88,0.0
1629038.756758,0.908,-0.318,-0.245,-6.81,1.19,0.09
1629038.801958,0.898,-0.31,-0.227,-8.06,1.74,0.95
1629038.846241,0.888,-0.314,-0.215,-9.52,1.37,1.31
1629038.892567,0.888,-0.317,-0.21,-5.86,2.56,-0.06
1629038.941772,0.895,-0.312,-0.227,-1.77,1.34,-0.52
1629038.983045,0.905,-0.305,-0.246,-2.66,3.81,-0.52
1629039.032037,0.909,-0.307,-0.246,-3.05,3.57,1.1
1629039.076573,0.905,-0.311,-0.244,-5.13,3.85,1.53
1629039.122532,0.911,-0.318,-0.235,-6.23,3.81,1.13
1629039.172442,0.899,-0.322,-0.221,-8.03,2.78,0.27
1629039.213059,0.889,-0.342,-0.217,-9.77,4.21,-0.55
1629039.262929,0.877,-0.378,-0.212,-14.25,7.02,-3.97
1629039.312265,0.88,-0.332,-0.213,-18.43,9.34,-3.36
1629039.362232,0.895,-0.287,-0.234,-15.78,12.15,2.62
1629039.402342,0.956,-0.207,-0.229,-20.97,10.68,14.89
1629039.452706,1.128,0.051,-0.262,-32.44,22.0,54.63
1629039.492747,1.435,0.565,-0.364,-46.6,-20.78,60.91
1629039.532882,1.471,0.937,-0.383,-17.94,-37.42,152.23
1629039.576053,1.273,0.775,-0.35,-175.42,-5.98,213.75
1629039.622689,0.671,0.352,-0.023,-323.53,-92.99,264.17
1629039.666050,0.426,-0.052,-0.357,-362.38,-199.77,302.71
1629039.715701,-0.148,-0.267,-0.367,-316.78,-204.26,249.98
1629039.762405,-1.663,0.72,-1.048,-93.45,-94.58,244.36
1629039.805790,-2.575,0.596,-2.984,-422.65,-25.97,197.39
1629039.846419,-1.042,-1.414,-1.683,-298.9,85.54,175.54
1629039.892946,-0.592,0.008,-1.308,191.72,89.51,-177.22
1629039.936599,-0.636,0.62,-1.711,262.67,106.63,-97.54
1629039.984503,-0.622,-0.178,-1.302,39.55,70.28,-182.13
1629040.025768,-0.635,-0.26,-1.725,167.06,112.31,-177.68
1629040.072721,-0.455,-0.391,-1.343,201.39,144.11,-201.67
1629040.122244,0.078,-0.164,-0.86,260.11,87.34,-216.56
1629040.165427,0.281,0.117,-0.808,197.49,93.57,-211.98
1629040.212416,0.53,0.187,-0.296,127.63,89.82,-193.58
1629040.256382,0.624,0.304,-0.272,141.73,60.03,-160.47
1629040.302576,0.758,0.497,-0.496,122.81,28.53,-99.89
1629040.352960,0.9,0.383,-0.466,42.02,51.82,-50.36
1629040.406505,0.923,0.23,-0.348,39.12,34.67,-15.29
1629040.452140,0.999,0.094,-0.502,20.84,14.07,5.07
1629040.495925,0.976,-0.046,-0.384,-18.8,39.22,9.19
1629040.546882,0.946,-0.121,-0.283,10.93,18.25,19.78
1629040.597221,0.962,-0.206,-0.378,-13.64,20.29,15.02
1629040.642409,0.884,-0.281,-0.255,-3.91,21.36,17.33
1629040.692321,0.905,-0.341,-0.295,15.75,12.27,17.18
1629040.742435,0.871,-0.33,-0.248,4.39,14.07,7.81
1629040.791974,0.894,-0.346,-0.263,11.51,2.9,8.64
1629040.836034,0.879,-0.344,-0.268,9.19,6.44,5.13
1629040.882556,0.866,-0.349,-0.317,5.13,17.03,-0.4
1629040.932852,0.848,-0.316,-0.182,33.6,32.9,3.2
1629040.979529,0.898,-0.256,-0.181,30.61,9.13,3.63
1629041.021559,0.997,-0.31,-0.257,11.08,-5.22,9.0
1629041.065937,0.954,-0.349,-0.26,9.0,-5.34,10.53
1629041.112396,0.915,-0.412,-0.232,2.44,-5.16,8.51
1629041.161732,0.854,-0.41,-0.206,8.39,-9.25,2.35
1629041.202968,0.843,-0.378,-0.237,4.85,-4.33,-1.56
1629041.252432,0.85,-0.349,-0.218,7.45,0.06,0.89
1629041.301683,0.883,-0.37,-0.236,7.54,1.01,3.45
1629041.342827,0.902,-0.379,-0.244,-4.09,-3.14,1.37
1629041.392103,0.9,-0.383,-0.247,-3.23,-2.96,1.25
1629041.436350,0.892,-0.374,-0.244,0.49,-1.86,2.66
1629041.482548,0.872,-0.364,-0.228,0.98,-1.43,2.04
1629041.522797,0.873,-0.378,-0.245,0.58,0.92,2.62
1629041.573071,0.866,-0.385,-0.239,0.49,3.39,1.77
1629041.622561,0.871,-0.384,-0.246,-1.65,7.2,1.22
1629041.666143,0.892,-0.389,-0.219,3.81,9.64,1.56
1629041.712452,0.901,-0.387,-0.178,4.27,3.85,0.43
1629041.761843,0.893,-0.381,-0.167,3.78,-1.59,-0.82
1629041.802904,0.869,-0.386,-0.196,3.11,-2.29,-1.5
1629041.852358,0.859,-0.38,-0.227,5.49,-1.8,0.18
1629041.901585,0.87,-0.37,-0.235,3.33,-0.61,1.68
1629041.942776,0.885,-0.386,-0.233,4.06,0.7,3.23
1629041.991984,0.892,-0.417,-0.202,4.79,1.25,2.99
1629042.033301,0.89,-0.416,-0.193,3.94,-1.62,0.37
1629042.084211,0.877,-0.413,-0.206,5.1,-0.73,-2.01
1629042.131869,0.867,-0.393,-0.217,4.88,-1.25,-3.02
1629042.172813,0.862,-0.375,-0.204,6.23,1.34,-2.08
1629042.222228,0.871,-0.38,-0.214,2.87,3.45,0.46
1629042.266469,0.874,-0.396,-0.2,-2.26,6.01,-0.24
1629042.312371,0.887,-0.403,-0.184,0.46,6.5,-0.43
1629042.361759,0.892,-0.4,-0.178,4.85,3.97,-0.64
1629042.402894,0.889,-0.392,-0.185,3.78,1.5,-1.59
1629042.452322,0.887,-0.396,-0.19,-3.88,4.58,-3.94
1629042.496359,0.879,-0.386,-0.179,0.37,2.96,-2.59
1629042.542720,0.882,-0.385,-0.175,7.42,2.44,0.18
1629042.591948,0.89,-0.376,-0.176,5.62,1.92,0.18
1629042.633290,0.892,-0.364,-0.175,-2.14,3.23,-0.89
1629042.682446,0.885,-0.39,-0.162,-1.1,2.72,1.07
1629042.731777,0.89,-0.392,-0.172,-1.25,1.25,-0.15
1629042.772998,0.893,-0.384,-0.168,1.34,1.37,0.09
1629042.820011,0.892,-0.382,-0.175,2.59,1.68,0.43
1629042.866091,0.893,-0.376,-0.171,-0.7,1.92,1.04
1629042.912607,0.897,-0.388,-0.158,-0.21,0.55,0.64
1629042.961507,0.892,-0.386,-0.161,-0.31,0.09,0.31
1629043.003091,0.891,-0.39,-0.159,0.09,0.52,0.21
1629043.051916,0.886,-0.38,-0.168,0.27,-0.34,-0.49
1629043.095929,0.886,-0.38,-0.167,-0.49,-0.34,0.34
1629043.142249,0.882,-0.393,-0.163,1.43,2.04,1.43
1629043.191540,0.89,-0.4,-0.164,-0.98,1.22,-0.06
1629043.232969,0.886,-0.396,-0.159,0.18,0.24,0.4
1629043.282368,0.891,-0.391,-0.166,-0.95,-1.31,-0.58
1629043.326505,0.89,-0.379,-0.177,-1.68,-0.82,-0.12
1629043.372826,0.888,-0.384,-0.162,-0.79,2.32,1.77
1629043.422383,0.889,-0.404,-0.153,-1.89,0.85,1.25
1629043.463004,0.894,-0.397,-0.165,-2.2,-0.61,-0.31
1629043.512421,0.882,-0.389,-0.182,-2.26,1.31,-0.4
1629043.561685,0.892,-0.399,-0.171,-3.14,1.25,-0.21
1629043.602983,0.888,-0.39,-0.15,-0.31,1.46,-0.15
1629043.652163,0.887,-0.368,-0.147,-0.49,-1.28,-0.21
1629043.697282,0.887,-0.366,-0.165,-1.13,-2.96,0.46
1629043.742539,0.879,-0.378,-0.181,-0.24,-0.21,1.68
1629043.791837,0.878,-0.384,-0.179,-0.06,-0.06,3.85
1629043.833135,0.878,-0.374,-0.178,-2.66,-2.01,6.29
1629043.882769,0.904,-0.365,-0.227,-23.99,-2.04,14.83
1629043.933183,0.883,-0.4,-0.206,-52.67,14.86,12.09
1629043.986234,0.853,-0.465,-0.15,-35.34,10.8,8.3
1629044.032939,0.868,-0.463,-0.182,-4.67,-6.81,4.15
1629044.082274,0.88,-0.413,-0.222,-1.8,-3.66,-3.42
1629044.123275,0.882,-0.377,-0.228,-4.94,-0.43,-1.04
1629044.172539,0.863,-0.382,-0.208,-7.54,0.03,2.99
1629044.221689,0.861,-0.409,-0.203,-8.91,-2.72,6.35
1629044.262907,0.862,-0.417,-0.208,-9.28,-3.85,6.59
1629044.311961,0.871,-0.425,-0.218,-3.75,-4.24,2.75
1629044.356654,0.879,-0.412,-0.22,0.0,-4.76,-0.24
1629044.402731,0.873,-0.4,-0.23,3.27,-2.14,-0.52
1629044.451610,0.858,-0.4,-0.229,2.5,-0.95,-1.1
1629044.492672,0.861,-0.404,-0.221,5.07,-1.92,0.37
1629044.541977,0.863,-0.398,-0.229,5.37,-0.49,0.34
1629044.586198,0.861,-0.401,-0.23,1.53,0.43,1.56
1629044.632665,0.865,-0.42,-0.235,0.27,0.98,2.72
1629044.682271,0.869,-0.435,-0.231,1.01,1.31,1.25
1629044.723063,0.871,-0.421,-0.226,-0.49,2.2,-0.15
1629044.772501,0.865,-0.408,-0.223,-0.43,1.34,0.0
1629044.822033,0.86,-0.407,-0.227,-2.38,2.23,0.21
1629044.862759,0.863,-0.416,-0.221,-2.26,2.29,2.69
1629044.912137,0.858,-0.437,-0.21,-2.11,0.61,1.04
1629044.956816,0.869,-0.428,-0.214,-1.22,0.7,-1.31
1629045.002630,0.872,-0.41,-0.224,-1.28,0.31,-2.11
1629045.051867,0.866,-0.405,-0.225,-2.32,0.24,-2.04
1629045.092946,0.869,-0.404,-0.229,-1.4,0.27,-1.19
1629045.142303,0.861,-0.403,-0.221,-0.7,1.89,-1.53
1629045.186374,0.864,-0.4,-0.22,-0.43,2.01,-0.73
1629045.232795,0.866,-0.41,-0.211,0.89,2.59,-0.95
1629045.282181,0.874,-0.412,-0.219,-0.52,1.34,-0.52
1629045.323041,0.867,-0.407,-0.22,1.53,1.56,-0.64
1629045.372470,0.869,-0.399,-0.217,1.74,1.95,-0.95
1629045.416699,0.873,-0.393,-0.214,1.13,0.49,-0.4
1629045.462623,0.876,-0.401,-0.227,-0.85,0.34,-0.92
1629045.511972,0.873,-0.416,-0.221,0.34,2.69,-1.56
1629045.553237,0.867,-0.406,-0.201,1.28,3.63,-1.62
1629045.602593,0.866,-0.397,-0.194,0.49,1.62,-0.58
1629045.651741,0.874,-0.394,-0.215,-1.1,-0.24,-0.15
1629045.692929,0.871,-0.402,-0.226,-3.45,0.46,0.15
1629045.742146,0.874,-0.417,-0.226,-1.65,2.44,0.7
1629045.786550,0.868,-0.413,-0.212,-1.46,1.43,-0.06
1629045.832696,0.866,-0.394,-0.218,-2.47,0.0,-0.7
1629045.882078,0.869,-0.379,-0.224,-2.2,0.37,0.89
1629045.923104,0.867,-0.386,-0.22,-0.37,2.81,3.54
1629045.972601,0.866,-0.416,-0.21,-4.73,2.41,3.72
1629046.016476,0.868,-0.425,-0.211,-4.18,2.11,2.5
1629046.062466,0.878,-0.412,-0.209,-2.87,0.79,2.01
1629046.111947,0.881,-0.392,-0.211,-2.72,-1.37,0.52
1629046.153017,0.879,-0.386,-0.213,-1.13,0.03,1.28
1629046.202462,0.865,-0.411,-0.224,-3.05,1.34,1.4
1629046.251491,0.855,-0.435,-0.219,-1.43,2.84,1.04
1629046.294326,0.86,-0.415,-0.213,-1.07,1.89,0.21
1629046.341913,0.856,-0.412,-0.211,-0.24,0.98,1.98
1629046.386347,0.844,-0.457,-0.202,-4.24,0.79,0.85
1629046.432461,0.827,-0.54,-0.218,-13.98,4.03,-3.72
1629046.472516,0.815,-0.522,-0.259,-42.27,14.68,-15.75
1629046.523057,0.885,-0.269,-0.28,-32.59,11.14,-10.68
1629046.573087,1.143,0.05,-0.416,-14.53,-6.53,30.7
1629046.622846,1.384,0.42,-0.164,-7.39,-8.51,66.62
1629046.663030,1.401,0.857,-0.152,58.72,-72.33,172.8
1629046.706156,1.288,0.477,-0.295,-96.01,-106.72,271.25
1629046.753278,0.769,0.093,-0.304,-272.53,-122.78,288.16
1629046.803071,0.323,-0.136,-0.511,-319.56,-90.73,321.76
1629046.846295,-0.9,0.175,-0.37,-214.73,-9.7,326.24
1629046.892556,-3.008,0.776,-1.828,-63.6,-52.95,396.28
1629046.934367,-1.373,-1.615,-1.918,-357.13,39.89,214.67
1629046.976430,-0.42,-2.498,-1.061,267.53,72.12,139.53
1629047.023015,-1.142,-0.628,-1.901,69.7,-74.47,-308.36
1629047.065913,-1.825,-0.464,-1.216,219.86,40.99,-341.53
1629047.112576,-0.844,-0.795,-1.096,156.77,-59.08,-326.76
1629047.153506,-0.277,-0.72,-0.752,192.63,-61.25,-323.07
1629047.196385,0.244,-0.389,-0.76,138.89,-50.54,-311.96
1629047.242454,0.479,-0.083,-0.29,87.34,15.9,-251.63
1629047.282656,0.565,0.14,-0.44,76.24,-13.98,-233.31
1629047.322713,0.681,0.291,-0.399,78.89,3.33,-191.9
1629047.362925,0.759,0.612,-0.583,91.37,-26.58,-133.92
1629047.402981,0.986,0.873,-1.227,-1.95,-51.88,-66.99
1629047.443124,0.954,0.486,-1.138,-55.54,40.86,38.03
1629047.486174,0.61,-0.218,-0.535,-40.93,130.74,103.24
1629047.526399,0.729,-0.376,-0.202,-2.87,35.4,92.23
1629047.576587,1.023,-0.157,-0.541,7.63,12.45,60.0
1629047.623093,1.047,-0.017,-0.553,-65.71,13.21,77.33
1629047.672617,1.134,0.157,-0.395,-99.28,21.33,110.35
1629047.713039,1.186,0.162,-0.237,-103.73,-28.6,150.61
1629047.757190,1.372,-0.013,-0.497,-86.98,-9.31,149.39
1629047.802425,0.739,0.098,-0.433,-98.61,43.0,218.39
1629047.842859,0.088,0.111,-0.243,-209.39,-121.28,291.79
1629047.892863,-0.79,0.163,-0.681,-150.64,-55.36,329.54
1629047.945737,-3.177,-0.481,-3.369,-232.15,-13.82,473.37
1629047.986675,-0.694,-2.896,-0.101,-239.81,163.18,117.53
1629048.033430,-0.967,-1.031,-1.464,114.72,-92.04,-279.31
1629048.075984,-1.464,-0.469,-1.386,72.94,-1.28,-333.26
1629048.116625,-0.967,-0.4,-1.219,162.18,-31.62,-225.32
1629048.162970,-0.255,-0.705,-0.809,137.79,-3.66,-204.47
1629048.207166,0.21,-0.585,-0.912,133.3,-25.79,-213.29
1629048.252942,0.562,-0.399,-0.484,111.33,66.41,-226.08
1629048.296569,0.593,-0.106,-0.347,96.9,52.28,-226.54
1629048.341989,0.689,0.17,-0.349,131.9,19.81,-222.39
1629048.382930,0.73,0.436,-0.398,143.16,6.74,-154.12
1629048.426240,0.934,0.516,-0.65,60.4,-25.36,-124.91
1629048.466320,1.031,0.371,-0.891,-19.07,-14.4,-58.57
1629048.506551,0.842,-0.057,-0.757,-22.92,76.78,30.27
1629048.552201,0.567,-0.334,-0.404,-31.86,57.44,58.23
1629048.602080,1.037,-0.176,-0.422,3.17,-33.81,75.5
1629048.642222,1.124,-0.116,-0.577,-30.98,12.27,92.41
1629048.682236,1.05,-0.127,-0.382,-58.6,10.32,84.11
1629048.722386,1.086,0.056,-0.429,-50.81,-31.46,89.54
1629048.772646,1.101,0.077,-0.503,-113.99,-94.15,139.77
1629048.816248,1.209,-0.133,-0.889,-212.65,-105.29,135.84
1629048.862970,0.914,-0.049,-0.373,-157.29,-49.71,194.46
1629048.907419,0.382,0.087,-0.258,-102.51,-54.2,254.07
1629048.953138,-0.647,0.307,-0.179,-156.71,-104.8,318.61
1629048.996423,-2.246,0.518,-0.525,-156.9,-47.76,311.08
1629049.043768,-1.948,-0.747,-3.874,-643.45,-102.27,266.27
1629049.086635,-0.276,-1.816,-0.967,58.5,115.3,179.78
1629049.133522,-0.805,-0.099,-1.961,209.97,0.34,-202.0
1629049.175822,-1.22,-0.065,-1.414,117.8,124.27,-236.79
1629049.223109,-0.673,-0.09,-1.217,179.2,85.3,-164.59
1629049.266030,-0.238,-0.388,-1.228,30.46,57.59,-161.44
1629049.307302,0.094,-0.278,-1.101,74.86,91.43,-156.01
1629049.353191,0.356,-0.238,-0.996,65.71,95.03,-135.32
1629049.396126,0.438,-0.306,-0.548,102.88,148.08,-122.93
1629049.443093,0.529,-0.187,-0.467,128.06,131.84,-140.2
1629049.486660,0.684,-0.112,-0.287,121.8,158.51,-137.7
1629049.534010,0.819,0.007,-0.117,69.58,82.49,-125.98
1629049.576376,0.899,0.266,-0.115,115.6,65.58,-122.29
1629049.622339,1.028,0.557,-0.138,96.44,38.54,-69.83
1629049.672862,1.144,0.174,-0.516,42.24,-27.71,13.4
1629049.723328,0.993,-0.328,-0.586,23.8,32.17,22.64
1629049.776325,0.837,-0.519,-0.176,9.77,25.88,10.99
1629049.826310,0.835,-0.388,-0.125,42.3,-30.15,5.04
1629049.876556,0.894,-0.288,-0.322,12.54,-26.03,-3.14
1629049.926242,0.88,-0.277,-0.326,13.73,-9.31,5.71
1629049.973245,0.871,-0.322,-0.274,30.37,-0.37,11.08
1629050.023386,0.86,-0.365,-0.246,34.33,-3.72,14.95
1629050.076321,0.874,-0.443,-0.282,20.87,-5.28,10.19
1629050.123121,0.851,-0.435,-0.292,20.94,-5.89,4.91
1629050.172824,0.856,-0.433,-0.304,19.17,-6.56,3.48
1629050.222411,0.834,-0.444,-0.288,10.01,1.56,3.54
1629050.272593,0.85,-0.468,-0.289,10.16,3.08,-0.4
1629050.313134,0.836,-0.429,-0.273,7.14,-0.34,-3.11
1629050.362435,0.849,-0.403,-0.268,5.25,-7.29,2.08
1629050.411595,0.848,-0.438,-0.268,4.43,1.53,1.31
1629050.453039,0.844,-0.444,-0.27,2.69,1.92,-1.28
1629050.502015,0.851,-0.442,-0.272,3.2,1.5,-1.5
1629050.546375,0.843,-0.418,-0.275,-0.06,1.07,-2.01
1629050.592626,0.847,-0.431,-0.276,-6.38,5.1,-1.83
1629050.641581,0.85,-0.431,-0.259,0.24,4.52,-2.35
1629050.682798,0.847,-0.432,-0.262,-0.61,3.54,0.0
1629050.732136,0.842,-0.454,-0.233,-0.46,5.71,-3.63
1629050.776240,0.86,-0.431,-0.245,0.15,-0.55,-5.46
1629050.822687,0.86,-0.393,-0.262,0.27,0.73,-6.35
1629050.872523,0.858,-0.355,-0.279,-4.12,0.98,-2.72
1629050.916373,0.857,-0.389,-0.277,-7.11,11.93,-2.26
1629050.963325,0.835,-0.444,-0.278,-14.5,17.7,-0.49
1629051.016048,0.918,-0.486,-0.562,-60.0,91.83,-3.11
1629051.056195,0.694,-0.43,-0.411,-190.37,232.8,-43.4
1629051.103252,0.672,-0.09,-0.252,-213.14,179.2,-110.84
1629051.152681,0.697,0.037,-0.14,-225.99,145.36,-55.36
1629051.193221,0.703,-0.069,-0.109,-220.1,131.72,30.27
1629051.236559,0.762,-0.323,-0.075,-232.83,111.61,60.55
1629051.283213,0.789,-0.827,0.126,-277.99,158.51,21.67
1629051.326278,0.832,-0.968,0.265,-253.67,126.47,-35.1
1629051.372847,0.801,-0.813,0.554,-191.17,79.56,-60.67
1629051.426187,0.971,-0.606,0.597,-98.57,33.88,0.67
1629051.476893,1.15,-0.581,0.688,-38.61,29.76,-5.19
1629051.526545,1.183,-0.524,0.534,16.63,15.35,-39.19
1629051.572521,1.101,-0.325,0.3,56.06,13.58,-76.51
1629051.622747,0.91,-0.173,0.248,59.24,26.06,-80.17
1629051.673276,0.695,-0.082,0.265,53.9,19.04,-42.79
1629051.726335,0.656,-0.069,0.35,46.3,-1.1,-2.87
1629051.776727,0.737,-0.082,0.368,16.45,-17.85,22.98
1629051.826632,0.878,-0.19,0.304,-5.58,-17.06,32.01
1629051.873030,0.949,-0.291,0.289,1.01,-8.79,37.9
1629051.916345,0.995,-0.288,0.266,10.77,5.16,41.66
1629051.966469,0.979,-0.197,0.325,10.68,10.8,25.21
1629052.016662,0.958,-0.183,0.326,9.16,-0.49,23.26
1629052.063224,0.964,-0.229,0.305,2.72,-7.29,11.99
1629052.112585,0.919,-0.259,0.281,-2.08,-7.6,-5.95
1629052.161815,0.902,-0.297,0.283,0.98,-2.44,-3.48
1629052.203025,0.89,-0.287,0.293,2.44,5.22,-4.73
1629052.252346,0.866,-0.248,0.299,-5.74,4.55,-8.58
1629052.296351,0.849,-0.235,0.322,-4.15,4.52,-0.31
1629052.342757,0.852,-0.241,0.327,-11.87,-1.77,6.13
1629052.392288,0.871,-0.245,0.352,-16.11,-8.82,5.71
1629052.432307,0.903,-0.271,0.329,-20.48,-14.25,2.35
1629052.472949,0.928,-0.279,0.319,-16.14,-16.85,1.89
1629052.516596,0.948,-0.292,0.3,-14.37,-15.63,1.98
1629052.566382,0.964,-0.287,0.285,-7.93,-12.97,-3.69
1629052.613059,0.928,-0.278,0.276,-1.43,-9.98,-5.31
1629052.662193,0.88,-0.293,0.287,2.66,-5.52,1.95
1629052.707706,0.846,-0.299,0.303,7.9,-11.08,11.11
1629052.752346,0.846,-0.321,0.259,9.98,-16.33,16.69
1629052.808435,0.937,-0.284,0.202,0.52,-19.07,2.93
1629052.853003,0.966,-0.257,0.203,-2.93,0.06,7.35
1629052.902823,0.933,-0.326,0.234,-3.66,1.98,14.34
1629052.952550,0.888,-0.365,0.243,4.49,4.97,12.36
1629053.001893,0.879,-0.343,0.236,8.76,-5.31,3.91
1629053.043088,0.926,-0.306,0.185,1.95,-9.8,-8.03
1629053.092568,0.954,-0.31,0.179,-2.9,-3.54,-7.87
1629053.141839,0.928,-0.304,0.196,-2.04,6.29,1.5
1629053.183109,0.893,-0.313,0.242,-3.2,6.96,4.79
1629053.232425,0.894,-0.33,0.247,-0.55,-0.79,5.25
1629053.276869,0.914,-0.327,0.224,-4.64,-5.89,-3.39
1629053.322808,0.918,-0.323,0.234,-1.01,-1.56,-2.99
1629053.372498,0.928,-0.322,0.211,-3.17,-2.08,-5.77
1629053.412997,0.912,-0.31,0.213,-3.27,1.19,-6.38
1629053.462328,0.896,-0.307,0.219,-1.74,0.27,-1.62
1629053.506324,0.886,-0.306,0.218,-2.41,-0.24,-0.24
1629053.552863,0.913,-0.287,0.201,-3.45,-3.6,-1.65
1629053.601899,0.921,-0.299,0.204,-5.25,-3.48,0.64
1629053.643342,0.927,-0.335,0.187,-3.78,-0.82,2.08
1629053.692314,0.919,-0.322,0.2,-0.92,2.87,-0.98
1629053.741795,0.918,-0.292,0.182,-1.04,-0.37,0.52
1629053.782928,0.926,-0.293,0.187,-3.54,2.11,-0.49
1629053.832455,0.934,-0.336,0.192,-1.5,2.93,0.4
1629053.876996,0.939,-0.374,0.198,0.55,7.6,2.17
1629053.923295,0.882,-0.333,0.29,14.98,16.69,8.18
1629053.976854,0.823,-0.223,0.443,25.39,22.1,14.13
1629054.022373,0.839,-0.231,0.578,16.33,24.23,16.39
1629054.072703,0.722,-0.253,0.778,65.49,39.22,52.16
1629054.122888,0.752,-0.349,0.961,77.24,1.22,59.57
1629054.173465,0.663,-0.277,0.864,93.2,-9.34,28.78
1629054.226394,0.706,-0.282,0.795,53.83,-64.82,14.5
1629054.272076,1.055,-0.318,0.274,6.32,-76.66,-22.92
1629054.322374,0.912,-0.271,0.22,-43.24,-63.91,-73.34
1629054.362436,0.944,-0.262,-0.006,-54.08,-77.15,-58.6
1629054.402735,0.821,-0.241,-0.158,-75.01,-91.19,-54.35
1629054.453154,0.749,-0.191,-0.278,-63.08,-107.88,-9.86
1629054.496082,0.499,-0.084,-0.443,-100.83,-146.49,-22.71
1629054.536787,0.629,-0.037,-0.891,-126.29,-183.26,-8.61
1629054.582946,0.835,-0.168,-1.071,-157.32,-147.77,-18.13
1629054.625936,1.091,-0.47,-0.81,-98.85,-91.53,2.23
1629054.676393,1.05,-0.196,-0.663,-8.21,0.0,-38.21
1629054.726362,0.685,0.189,-0.541,-4.15,8.39,-5.46
1629054.773073,0.896,-0.053,-0.545,-1.04,-5.16,28.41
1629054.822756,0.879,-0.067,-0.503,-0.95,4.55,-0.09
1629054.872434,0.827,-0.01,-0.471,0.27,6.07,-2.84
1629054.913064,0.828,-0.002,-0.44,-1.1,3.05,2.23
1629054.962296,0.85,-0.055,-0.466,-2.72,-2.23,10.01
1629055.006862,0.883,-0.078,-0.47,-4.61,0.4,0.34
1629055.052966,0.894,-0.057,-0.465,-3.85,0.46,1.37
1629055.102487,0.866,-0.081,-0.449,-4.61,-1.8,5.8
1629055.143097,0.889,-0.084,-0.456,-4.18,-2.04,-3.6
1629055.192931,0.878,-0.072,-0.463,-5.86,-0.85,-13.09
1629055.241997,0.862,-0.078,-0.476,-0.37,2.17,-0.76
1629055.283406,0.805,-0.072,-0.432,0.7,5.01,1.89
1629055.332632,0.795,-0.06,-0.431,-2.35,1.19,-4.24
1629055.373003,0.824,-0.049,-0.437,-0.15,-1.8,-1.68
1629055.415259,0.852,-0.044,-0.452,0.06,-4.18,2.59
1629055.461557,0.892,-0.055,-0.465,-0.98,-4.46,0.73
1629055.502844,0.887,-0.05,-0.469,0.03,-0.49,2.9
1629055.552231,0.865,-0.042,-0.487,2.32,0.06,4.03
1629055.596248,0.844,-0.05,-0.475,2.29,-0.82,7.48
1629055.637847,0.854,-0.061,-0.502,1.01,-3.69,3.14
1629055.681670,0.86,-0.059,-0.492,-0.06,-1.34,-4.33
1629055.722884,0.847,-0.038,-0.468,1.95,0.43,-2.14
1629055.772421,0.844,-0.048,-0.455,1.31,1.31,0.73
1629055.816431,0.851,-0.042,-0.464,-1.37,-0.76,0.46
1629055.862689,0.859,-0.07,-0.476,-3.14,0.21,0.24
1629055.911950,0.855,-0.073,-0.472,-0.7,-0.49,-1.1
1629055.953191,0.85,-0.058,-0.477,0.43,-1.16,-1.77
1629056.002557,0.86,-0.047,-0.497,-1.53,-4.43,-0.92
1629056.046534,0.87,-0.049,-0.485,0.34,-0.4,-1.04
1629056.092774,0.871,-0.042,-0.48,0.67,0.27,0.12
1629056.142102,0.859,-0.028,-0.487,-1.31,1.74,-0.34
1629056.183447,0.865,-0.042,-0.478,-2.17,0.64,-1.5
1629056.232729,0.86,-0.037,-0.473,-1.56,0.82,-0.34
1629056.277054,0.863,-0.047,-0.477,-1.86,0.52,0.92
1629056.322994,0.856,-0.037,-0.48,-3.63,0.52,-3.81
1629056.373000,0.849,-0.052,-0.473,-2.53,1.37,1.13
1629056.413121,0.849,-0.056,-0.473,-1.07,1.4,0.76
1629056.462645,0.832,-0.042,-0.459,-0.82,1.16,-1.1
1629056.502644,0.835,-0.031,-0.471,-1.46,-0.55,-1.95
1629056.542769,0.843,-0.025,-0.479,-2.29,-3.36,-0.85
1629056.592079,0.847,-0.027,-0.483,-1.92,-3.36,-1.5
1629056.633712,0.855,-0.022,-0.474,-2.78,-4.0,-2.69
1629056.682497,0.843,-0.033,-0.492,-4.0,-4.49,-3.63
1629056.726744,0.838,-0.044,-0.496,-4.09,-4.03,-1.83
1629056.772824,0.848,-0.058,-0.504,-0.58,-2.69,-1.34
1629056.822409,0.862,-0.04,-0.506,1.68,-0.06,-2.04
1629056.863346,0.866,-0.03,-0.503,2.75,-0.03,-1.71
1629056.912553,0.854,-0.009,-0.503,1.95,0.31,-1.43
1629056.961636,0.852,-0.021,-0.49,0.89,0.15,0.43
1629057.002687,0.85,-0.022,-0.488,0.92,-0.03,-0.24
1629057.063622,0.837,-0.014,-0.495,0.7,0.37,-0.52
1629057.111535,0.846,-0.013,-0.481,-0.18,-2.17,1.25
1629057.153053,0.841,-0.038,-0.489,-2.2,-1.95,0.12
1629057.202447,0.849,-0.053,-0.497,0.15,-1.95,0.7
1629057.246378,0.853,-0.043,-0.521,1.43,-0.89,-1.53
1629057.292652,0.858,-0.033,-0.512,2.78,0.58,-1.95
1629057.341989,0.851,-0.014,-0.516,2.2,1.13,-2.04
1629057.384272,0.854,-0.007,-0.505,3.27,1.53,0.18
1629057.433277,0.848,0.003,-0.508,0.76,1.98,-1.16
1629057.476918,0.845,-0.01,-0.492,-0.18,2.81,0.52
1629057.522815,0.84,-0.009,-0.494,-0.79,2.47,0.82
1629057.572620,0.826,-0.012,-0.487,-0.46,3.23,2.08
1629057.613279,0.834,-0.008,-0.487,-0.79,0.98,1.1
1629057.662397,0.839,0.008,-0.487,-3.66,0.34,-0.27
1629057.711660,0.857,-0.006,-0.501,-4.61,-0.24,3.02
1629057.752948,0.858,-0.022,-0.493,-4.55,0.24,3.23
1629057.802262,0.857,-0.029,-0.494,-4.09,1.31,4.73
1629057.843387,0.855,-0.045,-0.492,-3.14,1.98,5.25
1629057.892587,0.857,-0.043,-0.491,-3.14,1.13,2.2
1629057.941885,0.85,-0.039,-0.478,-2.08,2.66,3.45
1629057.982921,0.85,-0.037,-0.478,-2.38,2.53,1.13
1629058.031976,0.84,-0.034,-0.467,-1.01,1.43,3.81
1629058.076318,0.838,-0.034,-0.486,-0.58,1.74,6.44
1629058.122484,0.835,-0.039,-0.471,-1.34,0.82,2.53
1629058.171956,0.864,-0.061,-0.488,4.0,0.95,10.04
1629058.216582,0.856,-0.059,-0.487,3.14,5.4,4.91
1629058.262976,0.881,-0.147,-0.483,16.11,2.69,19.1
1629058.313361,0.968,-0.168,-0.556,48.1,23.13,35.83
1629058.366594,0.819,-0.193,-0.48,78.28,31.16,41.14
1629058.406678,0.807,-0.275,-0.532,107.46,14.44,53.5
1629058.452449,0.726,-0.352,-0.544,144.44,2.11,45.9
1629058.492686,0.578,-0.408,-0.567,202.46,-55.94,95.43
1629058.536167,0.594,-0.601,-0.581,210.39,-114.32,102.79
1629058.582890,0.509,-0.899,-0.716,216.9,-170.96,72.33
1629058.623532,0.56,-0.915,-0.517,225.01,-105.81,37.87
1629058.666558,0.55,-0.853,-0.442,159.22,-82.67,22.28
1629058.712410,0.641,-0.955,-0.145,139.38,-90.0,-8.06
1629058.752815,0.639,-0.791,-0.157,125.1,-89.48,-63.2
1629058.793346,0.764,-0.681,-0.119,76.39,-106.81,-100.59
1629058.836668,0.8,-0.495,-0.185,9.25,-106.57,-141.54
1629058.882821,0.777,-0.345,-0.239,-43.64,-72.91,-133.27
1629058.923193,0.763,-0.284,-0.26,-66.71,-40.59,-107.27
1629058.976722,0.792,-0.229,-0.327,-57.34,-37.84,-80.48
1629059.022963,0.808,-0.154,-0.379,-27.62,-28.2,-66.04
1629059.072709,0.84,-0.15,-0.308,-5.62,-19.68,-32.17
1629059.122558,0.838,-0.101,-0.341,8.27,5.71,-25.45
1629059.162559,0.865,-0.18,-0.327,5.95,13.86,-28.96
1629059.212195,0.877,-0.189,-0.433,7.81,3.05,-19.17
1629059.256672,0.885,-0.229,-0.477,8.33,-5.37,-15.38
1629059.306838,0.834,-0.279,-0.418,28.35,-9.98,-4.49
1629059.357105,0.827,-0.305,-0.414,57.37,-15.63,10.47
1629059.406518,0.839,-0.285,-0.427,-9.06,-12.76,-5.62
1629059.456901,0.797,-0.305,-0.318,-22.52,-9.0,-7.93
1629059.506020,0.815,-0.326,-0.383,7.75,-25.61,-3.36
1629059.555983,0.84,-0.329,-0.424,18.01,-19.96,-10.04
1629059.606337,0.861,-0.327,-0.482,21.06,-17.12,-9.09
1629059.651689,0.849,-0.276,-0.492,11.08,-3.75,-15.17
1629059.696028,0.829,-0.267,-0.475,9.49,9.61,-9.31
1629059.742516,0.83,-0.302,-0.434,13.31,2.99,-3.69
1629059.792158,0.809,-0.31,-0.443,5.01,7.35,-4.15
1629059.836385,0.805,-0.344,-0.402,-1.25,-4.06,-8.33
1629059.883372,0.805,-0.347,-0.415,11.99,-4.76,-9.03
1629059.933097,0.84,-0.251,-0.467,5.37,-12.39,-15.35
1629059.982881,0.841,-0.209,-0.475,-0.58,-1.53,-10.8
1629060.030621,0.825,-0.229,-0.462,2.14,2.32,0.82
1629060.073109,0.828,-0.285,-0.439,-1.59,-0.31,2.5
1629060.122853,0.811,-0.32,-0.421,11.41,1.74,4.94
1629060.172378,0.822,-0.294,-0.44,6.01,-5.25,-0.92
1629060.212926,0.842,-0.265,-0.451,-2.99,-6.29,-3.23
1629060.262276,0.827,-0.234,-0.467,-8.82,4.76,-0.73
1629060.306598,0.83,-0.27,-0.431,-4.18,0.27,6.62
1629060.352699,0.836,-0.301,-0.44,-1.65,0.64,6.78
1629060.402237,0.834,-0.313,-0.444,-3.88,-1.16,2.29
1629060.443346,0.829,-0.304,-0.448,-2.2,0.7,0.37
1629060.492545,0.828,-0.294,-0.455,3.05,1.65,1.13
1629060.541856,0.816,-0.313,-0.432,5.01,6.99,0.03
1629060.583079,0.821,-0.296,-0.439,-0.76,1.71,-1.13
1629060.632400,0.82,-0.297,-0.435,-5.01,-0.7,-1.56
1629060.676815,0.816,-0.3,-0.447,-1.89,-2.72,0.09
1629060.722832,0.821,-0.307,-0.457,-0.24,-1.5,0.89
1629060.763009,0.823,-0.307,-0.452,0.37,-0.55,-1.01
1629060.812827,0.831,-0.272,-0.439,3.66,-1.98,-1.86
1629060.862325,0.833,-0.271,-0.443,-2.66,0.67,-0.03
1629060.906763,0.826,-0.272,-0.43,-3.81,1.43,-0.85
1629060.952978,0.82,-0.275,-0.44,-0.31,-0.85,1.77
1629061.002200,0.822,-0.288,-0.458,-2.2,1.01,2.01
1629061.043415,0.827,-0.295,-0.458,-1.59,3.91,1.31
1629061.092440,0.826,-0.292,-0.443,-0.95,3.94,1.65
1629061.136961,0.827,-0.29,-0.442,-1.95,3.11,1.28
1629061.183130,0.826,-0.284,-0.442,-3.33,2.5,0.92
1629061.232511,0.837,-0.288,-0.441,-2.9,2.75,1.07
1629061.273581,0.834,-0.304,-0.433,-2.47,2.17,0.43
1629061.323957,0.831,-0.293,-0.437,-0.46,0.61,-0.43
1629061.371764,0.821,-0.296,-0.426,2.44,0.49,-1.46
1629061.412841,0.823,-0.284,-0.429,2.78,0.0,-2.14
1629061.462080,0.83,-0.288,-0.425,3.81,1.37,-2.69
1629061.506261,0.836,-0.264,-0.424,11.69,-0.82,-0.85
1629061.553303,0.875,-0.17,-0.45,14.01,-8.76,7.57
1629061.603055,0.989,0.109,-0.473,-3.3,-20.84,13.95
1629061.653396,0.979,0.316,-0.501,-8.88,-67.42,71.93
1629061.696018,0.865,0.158,-0.473,-94.61,-65.37,122.56
1629061.736658,0.709,-0.202,-0.36,-64.7,-47.46,169.29
1629061.783021,0.567,-0.172,-0.699,-107.82,-119.75,202.31
1629061.826484,0.678,-0.324,-0.813,-237.77,-106.69,155.0
1629061.873516,0.423,-0.071,-0.696,-160.1,-24.32,187.6
1629061.916541,0.227,0.086,-0.65,-178.72,-65.16,187.9
1629061.963427,-0.027,-0.016,-0.815,-56.31,-154.45,203.04
1629062.008458,-0.365,0.075,-1.168,-98.09,-66.26,208.9
1629062.052838,-0.66,0.084,-1.096,-145.82,-37.48,181.34
1629062.096255,-0.615,0.016,-1.361,-138.1,1.77,174.05
1629062.136930,-0.395,-0.297,-0.967,-63.33,66.35,137.46
1629062.182623,-0.251,-0.045,-1.236,-89.88,72.02,19.26
1629062.222798,-0.228,0.008,-1.098,-84.75,38.7,-11.32
1629062.273145,-0.051,0.258,-1.394,-31.37,50.6,-28.44
1629062.323244,-0.057,0.225,-1.06,46.51,28.47,-0.03
1629062.373250,0.056,0.005,-1.155,58.69,6.65,-10.62
1629062.415797,-0.055,-0.002,-1.356,91.65,5.89,-49.23
1629062.466353,-0.287,-0.0,-1.21,133.43,39.67,-91.34
1629062.512591,-0.267,0.117,-1.266,74.1,61.68,-149.39
1629062.555838,-0.113,0.046,-1.142,113.59,101.93,-107.18
1629062.602974,0.002,-0.061,-1.021,121.83,124.61,-123.26
1629062.646735,0.282,-0.271,-0.823,170.48,108.43,-105.01
1629062.696601,0.48,-0.126,-0.774,174.84,95.43,-115.6
1629062.743246,0.517,-0.325,-0.523,206.03,120.91,-141.51
1629062.787035,0.569,-0.128,-0.428,182.07,85.73,-123.08
1629062.833187,0.664,-0.249,-0.222,171.61,79.35,-151.65
1629062.877200,0.741,0.013,-0.27,160.22,6.87,-141.0
1629062.923145,0.931,0.172,-0.462,120.46,-10.25,-109.01
1629062.973539,1.006,0.326,-0.396,67.08,-1.71,-83.04
1629063.026161,1.016,0.388,-0.439,27.53,-20.29,-38.24
1629063.066597,0.965,0.214,-0.343,16.88,-11.11,-1.92
1629063.112201,0.914,-0.033,-0.423,1.92,-27.53,27.74
1629063.156719,0.912,-0.25,-0.391,-3.39,3.57,14.59
1629063.203191,0.877,-0.294,-0.412,-11.44,-1.83,5.62
1629063.252771,0.876,-0.314,-0.362,-4.82,13.25,-8.18
1629063.302822,0.862,-0.24,-0.371,18.13,4.21,-3.97
1629063.352263,0.891,-0.255,-0.369,-2.69,8.18,-13.61
1629063.392269,0.861,-0.181,-0.343,1.83,3.45,-12.97
1629063.434266,0.887,-0.161,-0.399,18.98,-5.95,-1.62
1629063.482517,0.886,-0.22,-0.37,9.09,3.23,-0.09
1629063.531945,0.866,-0.209,-0.33,9.58,-3.57,-1.04
1629063.576811,0.894,-0.227,-0.367,11.78,-7.66,1.01
1629063.622819,0.878,-0.223,-0.361,1.53,-0.55,-4.24
1629063.672504,0.88,-0.211,-0.342,1.8,-2.5,-2.9
1629063.713436,0.894,-0.202,-0.369,11.96,0.89,-2.69
1629063.762717,0.889,-0.218,-0.382,3.69,-1.4,-3.6
1629063.812005,0.885,-0.232,-0.393,3.54,-3.14,-1.65
1629063.853200,0.881,-0.206,-0.378,-1.37,-3.6,-2.93
1629063.902568,0.866,-0.196,-0.392,-7.45,-3.78,3.3
1629063.943167,0.892,-0.206,-0.39,-18.86,2.69,8.7
1629063.996241,0.871,-0.23,-0.358,-9.7,5.31,6.71
1629064.042808,0.867,-0.254,-0.379,-2.32,-6.5,0.52
1629064.092145,0.882,-0.24,-0.413,-0.27,-4.64,-2.69
1629064.133969,0.883,-0.217,-0.398,-0.18,-0.03,-3.91
1629064.182482,0.878,-0.164,-0.389,-2.35,0.89,0.09
1629064.226866,0.864,-0.166,-0.374,-10.1,0.46,5.16
1629064.276893,0.866,-0.176,-0.366,-9.49,-0.27,13.55
1629064.323313,0.868,-0.216,-0.374,-6.04,0.64,11.9
1629064.372962,0.875,-0.264,-0.385,-2.81,1.31,5.65
1629064.422309,0.875,-0.269,-0.397,2.56,1.25,0.55
1629064.462994,0.874,-0.228,-0.389,4.27,1.04,-3.42
1629064.512638,0.875,-0.206,-0.379,1.86,0.0,-2.04
1629064.556344,0.869,-0.215,-0.375,3.81,-0.61,0.18
1629064.602919,0.875,-0.206,-0.413,-6.81,-0.43,3.33
1629064.652570,0.876,-0.234,-0.39,-13.82,4.09,8.58
1629064.697090,0.865,-0.262,-0.387,-6.13,4.97,5.86
1629064.743011,0.864,-0.27,-0.373,-0.7,0.52,2.08
1629064.792318,0.878,-0.239,-0.379,0.18,-2.5,-2.17
1629064.833636,0.875,-0.225,-0.392,-0.76,-0.24,-3.11
1629064.882668,0.864,-0.234,-0.383,-0.92,0.79,-1.65
1629064.931962,0.864,-0.211,-0.381,-1.95,-3.85,-1.07
1629064.972904,0.875,-0.217,-0.397,-1.95,-1.46,0.58
1629065.022148,0.874,-0.203,-0.39,-1.74,-3.39,1.98
1629065.066466,0.872,-0.233,-0.404,-1.46,-0.34,2.96
1629065.112820,0.866,-0.245,-0.392,0.31,-1.19,0.4
1629065.162074,0.863,-0.214,-0.394,1.13,-0.61,0.12
1629065.203366,0.859,-0.219,-0.395,-0.61,-1.13,1.1
1629065.252572,0.848,-0.212,-0.394,1.19,0.55,2.99
1629065.296582,0.862,-0.206,-0.391,1.46,0.31,4.21
1629065.342596,0.872,-0.225,-0.409,-0.15,0.64,6.38
1629065.392220,0.874,-0.254,-0.387,2.08,2.29,5.98
1629065.433138,0.873,-0.26,-0.396,-0.67,0.95,4.46
1629065.482604,0.859,-0.266,-0.399,0.27,1.46,3.63
1629065.526790,0.855,-0.252,-0.393,1.01,1.4,2.01
1629065.573243,0.871,-0.258,-0.393,3.97,3.42,2.66
1629065.622527,0.871,-0.245,-0.385,1.22,3.78,2.9
1629065.663498,0.867,-0.268,-0.373,-1.77,3.02,2.08
1629065.712735,0.866,-0.28,-0.392,-2.11,0.12,0.21
1629065.761929,0.86,-0.254,-0.406,-1.56,-0.06,0.15
1629065.803133,0.859,-0.233,-0.408,-3.23,2.35,2.14
1629065.852287,0.85,-0.274,-0.39,-6.23,6.9,5.68
1629065.896564,0.865,-0.286,-0.362,-3.39,6.29,4.73
1629065.942900,0.881,-0.285,-0.329,1.13,3.14,0.73
1629065.991805,0.892,-0.253,-0.354,1.34,1.25,-2.59
1629066.032917,0.877,-0.24,-0.371,0.58,0.43,-2.62
1629066.082187,0.864,-0.258,-0.372,1.5,1.13,-0.4
1629066.126321,0.859,-0.271,-0.379,0.61,0.24,-0.24
1629066.172688,0.864,-0.266,-0.375,0.67,0.98,0.46
1629066.222341,0.875,-0.272,-0.359,2.08,0.12,-0.49
1629066.263240,0.875,-0.255,-0.364,0.31,0.0,-1.46
1629066.312744,0.872,-0.255,-0.38,1.62,0.24,0.24
1629066.356596,0.865,-0.269,-0.381,1.13,2.5,1.31
1629066.402753,0.865,-0.283,-0.363,1.74,-0.09,0.34
1629066.452137,0.872,-0.256,-0.388,-1.83,-3.08,-0.37
1629066.493575,0.873,-0.275,-0.388,-3.3,-1.89,0.03
1629066.542868,0.87,-0.279,-0.386,-2.62,-1.83,-1.16
1629066.592258,0.865,-0.255,-0.366,-0.95,-0.4,-1.86
1629066.633862,0.85,-0.249,-0.363,-1.68,0.55,-1.28
1629066.682598,0.856,-0.258,-0.379,0.03,0.46,0.73
1629066.726874,0.867,-0.259,-0.38,0.82,0.43,0.4
1629066.773009,0.876,-0.258,-0.385,-0.06,1.04,1.43
1629066.822225,0.873,-0.273,-0.384,-0.46,1.4,0.27
1629066.863272,0.869,-0.271,-0.376,0.06,1.86,-0.61
1629066.912767,0.871,-0.26,-0.37,0.15,0.4,-1.43
1629066.956982,0.87,-0.25,-0.377,0.18,-0.18,-1.37
1629067.003050,0.87,-0.259,-0.38,-0.73,0.06,-0.46
1629067.052284,0.866,-0.254,-0.382,-1.62,-0.79,-0.82
1629067.093237,0.865,-0.26,-0.373,-0.92,-0.64,0.24
1629067.142840,0.86,-0.253,-0.378,-2.81,0.12,0.4
1629067.183839,0.863,-0.259,-0.377,-3.97,-0.52,0.34
1629067.233881,0.866,-0.26,-0.378,-1.28,-2.17,1.59
1629067.282550,0.87,-0.266,-0.388,-1.07,0.15,0.79
1629067.326727,0.871,-0.271,-0.39,-0.4,1.46,0.21
1629067.373010,0.864,-0.276,-0.387,-1.4,2.5,-1.77
1629067.422053,0.865,-0.258,-0.379,-0.73,3.14,-1.98
1629067.463407,0.863,-0.252,-0.378,-0.03,2.99,-0.85
1629067.512582,0.87,-0.248,-0.382,-1.59,3.54,-0.73
1629067.557088,0.866,-0.251,-0.372,-2.11,3.39,1.37
1629067.603017,0.874,-0.256,-0.389,-1.19,5.13,1.5
1629067.652452,0.874,-0.27,-0.362,-2.66,8.15,-0.03
1629067.693429,0.878,-0.261,-0.346,0.61,5.98,-0.37
1629067.742750,0.874,-0.25,-0.344,-1.01,3.69,-1.19
1629067.787078,0.88,-0.249,-0.357,-3.14,0.7,-1.59
1629067.833573,0.878,-0.255,-0.37,-3.39,2.81,-1.71
1629067.882297,0.877,-0.251,-0.378,-5.52,6.35,-2.66
1629067.923435,0.878,-0.241,-0.376,-5.34,9.98,-1.62
1629067.973324,0.876,-0.255,-0.322,-1.8,11.54,-0.21
1629068.022813,0.891,-0.238,-0.332,1.74,7.93,0.52
1629068.066899,0.893,-0.238,-0.307,1.59,5.89,1.25
1629068.112840,0.892,-0.227,-0.319,4.67,-0.98,2.99
1629068.162220,0.895,-0.228,-0.338,-0.76,-0.03,3.6
1629068.203514,0.893,-0.258,-0.327,-3.3,1.04,3.36
1629068.252832,0.885,-0.268,-0.325,0.43,0.31,2.87
1629068.297063,0.891,-0.257,-0.336,1.92,1.28,1.19
1629068.343140,0.89,-0.255,-0.333,0.95,2.53,0.7
1629068.392130,0.887,-0.259,-0.338,-1.46,6.16,-0.55
1629068.434424,0.89,-0.265,-0.311,0.49,6.04,-1.16
1629068.482435,0.904,-0.249,-0.335,-1.74,5.52,-2.59
1629068.531967,0.892,-0.253,-0.288,3.33,2.9,-1.62
1629068.573261,0.882,-0.268,-0.306,-2.72,-1.28,-1.95
1629068.622472,0.883,-0.25,-0.327,-4.06,-2.78,-2.87
1629068.666558,0.913,-0.202,-0.375,0.27,-0.89,-3.17
1629068.712933,0.944,-0.106,-0.391,-1.92,7.87,9.34
1629068.763136,0.982,-0.043,-0.508,-23.29,15.56,29.66
1629068.803328,1.134,0.026,-0.99,-111.55,26.61,24.69
1629068.843557,1.116,0.247,-0.532,-186.77,78.49,5.31
1629068.886571,1.092,0.202,0.175,-64.27,105.08,82.67
1629068.926788,1.02,0.185,0.496,29.51,11.38,134.04
1629068.972989,1.094,0.18,0.451,16.17,-158.54,171.21
1629069.013610,0.957,0.278,0.121,-58.41,-206.43,220.19
1629069.063015,0.36,0.125,-0.339,-171.09,-205.82,318.8
1629069.106566,-0.15,-0.198,-0.401,-174.38,-65.28,327.37
1629069.153118,-2.033,0.195,-0.547,26.03,-26.0,338.36
1629069.193427,-1.793,-0.353,-2.378,-254.4,-73.06,386.39
1629069.236747,-1.126,-1.853,-0.734,-23.56,133.21,218.36
1629069.282707,-0.503,-1.257,-1.074,23.56,-38.61,-104.22
1629069.323332,-0.425,-0.531,-1.396,47.61,-12.51,-125.86
1629069.376491,-0.566,-0.871,-1.137,67.32,11.23,-129.09
1629069.422996,-0.768,-0.731,-1.121,70.83,18.49,-217.02
1629069.463141,-0.584,-0.774,-0.947,9.89,22.25,-228.8
1629069.503208,-0.171,-0.747,-0.753,110.08,29.08,-210.36
1629069.546456,0.107,-0.531,-0.704,83.59,20.08,-216.83
1629069.592590,0.531,-0.574,-0.559,90.79,47.73,-226.72
1629069.633186,0.546,-0.28,-0.441,78.55,25.57,-234.47
1629069.676326,0.673,-0.216,-0.366,58.41,36.9,-214.58
1629069.716797,0.588,0.033,-0.281,66.01,37.87,-203.38
1629069.757135,0.689,0.198,-0.365,42.85,-0.49,-154.91
1629069.802639,0.832,0.36,-0.401,23.04,16.27,-124.24
1629069.853071,0.899,0.481,-0.441,12.48,-0.21,-61.01
1629069.903033,0.985,0.325,-0.473,27.95,-7.05,-3.88
1629069.953189,0.939,0.064,-0.431,13.73,8.45,22.74
1629070.011471,0.906,-0.177,-0.397,8.73,-4.46,30.76
1629070.052301,0.907,-0.259,-0.418,8.85,1.59,19.01
1629070.092664,0.882,-0.287,-0.397,11.84,8.24,14.44
1629070.136878,0.879,-0.258,-0.398,12.76,1.71,6.56
1629070.183700,0.88,-0.279,-0.39,12.24,3.02,0.4
1629070.233773,0.864,-0.22,-0.437,5.62,-1.62,0.55
1629070.282398,0.845,-0.247,-0.379,-3.45,4.76,-0.52
1629070.323509,0.855,-0.227,-0.399,1.65,-3.48,-0.4
1629070.372854,0.853,-0.208,-0.403,-3.72,-6.07,-2.56
1629070.422336,0.898,-0.246,-0.448,1.43,-13.55,0.34
1629070.466732,0.889,-0.289,-0.487,-9.64,-4.33,-0.49
1629070.513074,0.845,-0.295,-0.454,-19.26,3.63,-6.47
1629070.562448,0.826,-0.282,-0.404,-1.77,6.93,-6.07
1629070.611993,0.808,-0.239,-0.353,4.52,7.2,-4.15
1629070.653376,0.84,-0.198,-0.386,5.58,-2.66,-1.89
1629070.702587,0.869,-0.18,-0.401,-1.37,-2.01,-0.73
1629070.746729,0.877,-0.188,-0.429,-1.43,-3.91,2.23
1629070.792978,0.873,-0.206,-0.422,-1.86,-2.72,2.47
1629070.842357,0.844,-0.209,-0.407,2.04,-9.43,6.59
1629070.886808,0.852,-0.258,-0.429,-6.68,-10.8,4.94
1629070.933612,0.86,-0.253,-0.485,-8.58,-11.84,2.04
1629070.983107,0.857,-0.226,-0.483,-6.62,-2.75,-1.13
1629071.032336,0.846,-0.211,-0.439,2.29,5.31,-0.18
1629071.073482,0.83,-0.211,-0.399,8.97,1.98,-3.66
1629071.115409,0.831,-0.193,-0.413,11.47,-0.43,-0.92
1629071.156462,0.83,-0.199,-0.407,4.88,1.8,6.81
1629071.202997,0.855,-0.239,-0.442,-2.53,-0.15,8.82
1629071.252436,0.873,-0.241,-0.466,-1.25,-2.23,7.72
1629071.293556,0.873,-0.247,-0.469,-0.79,0.37,5.71
1629071.342823,0.848,-0.259,-0.444,-1.95,3.05,3.63
1629071.392080,0.825,-0.272,-0.429,-1.68,0.98,3.75
1629071.433420,0.809,-0.26,-0.433,-2.72,-0.73,3.17
1629071.482577,0.824,-0.264,-0.449,-3.3,-0.52,3.78
1629071.526734,0.84,-0.256,-0.453,-3.42,-0.4,5.19
1629071.573179,0.846,-0.261,-0.444,-7.72,2.04,4.36
1629071.622220,0.857,-0.265,-0.44,-3.27,0.85,2.93
1629071.663433,0.85,-0.261,-0.442,-3.45,1.77,0.46
1629071.712603,0.834,-0.247,-0.441,-2.84,0.46,-0.15
1629071.757004,0.828,-0.254,-0.449,-2.66,2.99,-0.24
1629071.803060,0.822,-0.242,-0.44,-3.78,5.22,2.17
1629071.852406,0.839,-0.232,-0.428,-0.67,5.13,3.57
1629071.893471,0.853,-0.247,-0.421,-1.95,6.87,4.73
1629071.942831,0.857,-0.3,-0.414,-0.18,4.18,2.17
1629071.991983,0.85,-0.296,-0.437,-0.7,1.46,-2.41
1629072.033530,0.851,-0.268,-0.438,2.5,0.61,-3.66
1629072.082479,0.845,-0.251,-0.432,3.02,1.01,-2.9
1629072.126638,0.841,-0.243,-0.431,-1.77,1.5,-2.47
1629072.172964,0.839,-0.233,-0.414,-0.58,1.04,0.31
1629072.222439,0.843,-0.246,-0.417,-1.92,1.71,1.68
1629072.263221,0.849,-0.261,-0.406,3.02,0.52,2.84
1629072.312838,0.867,-0.264,-0.44,9.09,0.85,2.56
1629072.356772,0.858,-0.262,-0.416,-1.74,4.33,-1.28
1629072.403385,0.851,-0.274,-0.399,1.43,1.46,-0.76
1629072.452302,0.844,-0.264,-0.417,0.49,-4.27,-1.34
1629072.493585,0.833,-0.261,-0.421,0.37,-2.99,-1.01
1629072.542849,0.836,-0.244,-0.426,0.61,-3.14,0.43
1629072.592107,0.844,-0.261,-0.43,4.27,-2.17,1.98
1629072.633916,0.846,-0.259,-0.425,2.01,-1.37,0.73
1629072.682635,0.854,-0.278,-0.432,0.73,0.12,-0.46
1629072.726525,0.848,-0.276,-0.442,1.59,-1.34,-1.19
1629072.772654,0.835,-0.274,-0.431,1.89,0.37,-1.86
1629072.821924,0.839,-0.253,-0.431,-0.27,0.43,-2.32
1629072.863177,0.836,-0.249,-0.43,-1.37,1.19,-0.61
1629072.912503,0.835,-0.256,-0.412,-1.25,2.59,1.1
1629072.956894,0.84,-0.246,-0.419,-2.47,4.97,1.19
1629073.003473,0.834,-0.236,-0.415,-7.51,11.2,4.09
1629073.053554,0.829,-0.224,-0.436,-25.18,27.71,2.81
1629073.103432,0.803,-0.116,-0.581,-88.99,73.79,-5.86
1629073.143701,0.783,-0.099,-0.608,-129.18,157.17,2.56
1629073.186963,0.785,-0.152,-0.678,-185.92,260.93,5.68
1629073.233853,0.699,-0.351,-0.358,-312.33,329.48,-61.43
1629073.276787,0.681,-0.32,0.089,-254.8,299.11,-74.83
1629073.323380,0.724,-0.234,0.365,-200.26,191.6,-23.38
1629073.366517,0.679,-0.331,0.734,-157.17,87.25,-31.83
1629073.412168,0.75,-0.257,0.615,-145.3,-25.73,-48.49
1629073.453119,0.861,-0.284,0.552,-118.93,-57.13,-29.36
1629073.503587,0.935,-0.328,0.489,-91.07,-43.31,-13.95
1629073.556647,0.926,-0.313,0.508,-53.71,-51.67,-3.51
1629073.607511,1.033,-0.33,0.471,-37.23,-48.13,0.46
1629073.656774,1.0,-0.271,0.369,-3.97,-26.95,-5.71
1629073.703153,1.162,-0.399,0.156,-2.17,-45.69,-9.83
1629073.753657,1.173,-0.369,0.076,15.38,-1.56,-11.9
1629073.803832,0.973,-0.238,0.14,27.95,18.25,7.05
1629073.856858,0.885,-0.185,0.15,21.61,12.24,10.32
1629073.906788,0.87,-0.176,0.197,6.23,7.39,12.48
1629073.953551,0.909,-0.255,0.24,2.78,1.01,24.35
1629074.003151,0.967,-0.293,0.242,1.71,3.02,8.64
1629074.052420,0.957,-0.282,0.244,5.74,6.59,9.55
1629074.102629,0.954,-0.272,0.246,12.39,13.18,12.42
1629074.152686,0.919,-0.237,0.286,8.88,15.35,3.05
1629074.197092,0.899,-0.228,0.276,4.55,10.74,3.97
1629074.243434,0.905,-0.259,0.239,1.5,11.75,-2.9
1629074.292900,0.87,-0.266,0.283,-5.98,7.75,-0.82
1629074.334879,0.864,-0.287,0.301,-5.4,2.69,4.64
1629074.383301,0.87,-0.276,0.311,-2.35,0.09,3.78
1629074.433482,0.878,-0.257,0.35,0.06,-6.29,8.64
1629074.476773,0.94,-0.253,0.283,-3.72,-9.46,2.96
1629074.522850,0.95,-0.252,0.28,-6.96,-0.49,-5.07
1629074.572157,0.936,-0.279,0.282,-6.65,2.59,-5.52
1629074.613341,0.91,-0.294,0.295,-7.51,4.09,-6.65
1629074.662693,0.874,-0.296,0.293,-3.3,3.17,-2.96
1629074.702746,0.868,-0.307,0.298,0.0,1.07,0.95
1629074.743025,0.906,-0.275,0.268,-2.87,-3.69,-8.51
1629074.792251,0.897,-0.261,0.264,0.15,-2.78,1.83
1629074.833605,0.911,-0.284,0.267,1.68,-1.31,8.76
1629074.882995,0.913,-0.282,0.263,-0.46,-2.14,1.95
1629074.926882,0.901,-0.269,0.271,0.85,-4.0,6.1
1629074.973219,0.927,-0.29,0.248,-0.79,-4.09,3.08
1629075.022344,0.916,-0.281,0.255,-2.29,-0.61,0.55
1629075.063621,0.917,-0.29,0.264,-2.26,4.3,1.65
1629075.112640,0.899,-0.296,0.272,-0.7,0.46,3.42
1629075.161965,0.897,-0.287,0.268,-0.85,-2.2,4.24
1629075.203314,0.915,-0.293,0.262,-4.15,-0.4,-0.79
1629075.252668,0.91,-0.31,0.26,-2.17,-0.79,2.2
1629075.296421,0.906,-0.31,0.269,0.76,0.95,3.48
1629075.342908,0.898,-0.292,0.276,0.09,-1.16,1.56
1629075.392174,0.916,-0.296,0.25,-0.85,-2.23,0.03
1629075.433364,0.913,-0.295,0.26,-0.82,-0.73,0.34
1629075.482725,0.921,-0.308,0.245,-0.52,-1.28,-0.09
1629075.526832,0.909,-0.296,0.253,-0.98,0.67,-1.65
1629075.573194,0.911,-0.3,0.246,-1.04,-1.1,-0.76
1629075.622810,0.904,-0.302,0.257,-0.73,0.49,-2.2
1629075.663317,0.899,-0.295,0.256,0.64,-1.68,0.4
1629075.712341,0.905,-0.304,0.255,-0.21,-2.2,-0.7
1629075.756884,0.91,-0.298,0.256,0.46,-0.82,-1.19
1629075.802931,0.92,-0.304,0.24,1.65,-3.66,1.16
1629075.852542,0.914,-0.308,0.246,2.41,-0.4,1.89
1629075.893573,0.915,-0.347,0.256,5.37,-2.01,5.55
1629075.943361,0.877,-0.365,0.285,18.98,-1.04,10.8
1629075.993250,0.869,-0.257,0.351,20.54,-5.34,8.97
1629076.033326,0.896,-0.241,0.488,24.11,-6.38,25.12
1629076.073386,0.986,-0.282,0.51,35.74,1.95,29.42
1629076.122827,0.805,-0.142,0.747,51.52,24.48,-4.43
1629076.162918,0.693,-0.065,0.888,61.34,9.58,9.09
1629076.212541,0.605,-0.155,0.872,65.4,-25.24,28.35
1629076.252780,0.718,-0.307,0.752,54.26,-71.35,32.96
1629076.302954,0.97,-0.271,0.502,14.98,-98.36,-57.86
1629076.343398,0.988,0.008,0.314,-36.93,-91.83,-121.83
1629076.383733,0.928,-0.06,0.095,-48.31,-107.55,-52.89
1629076.426541,0.933,-0.099,-0.229,-77.12,-123.11,-62.93
1629076.473237,0.5,0.046,-0.566,-117.31,-174.44,-49.07
1629076.527108,0.452,-0.017,-1.288,-143.77,-213.05,-13.95
1629076.573418,0.801,-0.075,-1.348,-173.96,-149.48,-23.71
1629076.616681,1.221,-0.476,-0.831,-72.94,-74.77,48.71
1629076.661941,0.79,0.18,-0.612,15.72,30.06,-13.0
1629076.706428,0.594,0.387,-0.478,-1.4,2.96,-5.74
1629076.753261,0.903,0.124,-0.522,-9.46,-6.87,12.21
1629076.802498,0.855,0.144,-0.51,-7.63,-0.73,-3.36
1629076.846748,0.818,0.09,-0.502,-4.52,4.97,7.63
1629076.893277,0.813,0.131,-0.478,-6.87,3.63,-7.11
1629076.942735,0.826,0.07,-0.497,-4.39,1.04,13.98
1629076.992050,0.854,0.066,-0.484,-2.2,0.67,-0.15
1629077.033799,0.819,0.117,-0.461,-5.16,2.38,-2.75
1629077.082891,0.849,0.071,-0.5,-4.64,-1.92,11.66
1629077.127085,0.862,0.052,-0.501,-4.06,0.43,5.04
1629077.173379,0.86,0.066,-0.496,-1.56,1.46,2.53
1629077.222807,0.807,0.078,-0.49,2.75,3.63,4.91
1629077.263719,0.806,0.087,-0.472,0.34,-2.11,1.92
1629077.312725,0.81,0.075,-0.476,0.82,-2.23,3.33
1629077.361902,0.82,0.09,-0.481,0.21,-2.5,-3.72
1629077.403378,0.834,0.112,-0.494,-1.31,-3.85,-0.15
1629077.452644,0.876,0.09,-0.518,-1.53,-3.57,1.25
1629077.496845,0.872,0.101,-0.511,-1.92,0.95,-1.01
1629077.542953,0.875,0.093,-0.517,-1.59,2.04,2.69
1629077.592277,0.849,0.084,-0.506,-1.98,2.47,2.35
1629077.633634,0.842,0.076,-0.5,-2.17,3.42,-0.46
1629077.682881,0.818,0.071,-0.49,-0.43,3.17,1.62
1629077.726618,0.802,0.077,-0.476,-0.85,2.41,-2.81
1629077.772849,0.827,0.096,-0.488,-1.31,-0.7,0.4
1629077.822335,0.838,0.074,-0.491,-0.27,-0.89,0.31
1629077.863597,0.846,0.086,-0.496,0.43,0.27,0.55
1629077.912682,0.846,0.079,-0.496,0.89,0.73,2.11
1629077.962007,0.834,0.083,-0.498,1.34,2.23,-1.34
1629078.003432,0.846,0.098,-0.496,0.89,2.53,-1.98
1629078.052637,0.837,0.099,-0.484,0.89,2.38,1.04
1629078.093715,0.842,0.096,-0.492,-1.5,0.58,0.61
1629078.143014,0.841,0.084,-0.491,-0.7,0.7,-0.49
1629078.192209,0.838,0.087,-0.488,-2.62,0.64,-1.68
1629078.233671,0.836,0.089,-0.487,-3.39,-0.52,0.52
1629078.282774,0.836,0.08,-0.492,-2.59,1.19,-2.23
1629078.326908,0.846,0.084,-0.489,-1.56,-0.61,-1.07
1629078.373189,0.856,0.092,-0.498,-1.62,0.89,-1.71
1629078.422455,0.838,0.088,-0.488,-1.31,1.95,-0.34
1629078.463351,0.844,0.093,-0.497,-1.31,-0.52,0.18
1629078.512506,0.842,0.086,-0.494,-1.74,1.4,0.06
1629078.557050,0.839,0.081,-0.49,-0.06,2.69,-0.37
1629078.603236,0.832,0.087,-0.486,0.58,4.58,-2.84
1629078.652520,0.847,0.106,-0.482,2.44,3.02,-1.34
1629078.693645,0.841,0.101,-0.48,0.43,2.66,-1.68
1629078.742896,0.849,0.109,-0.485,-0.67,1.37,-0.64
1629078.791846,0.839,0.101,-0.479,-0.43,1.43,-0.79
1629078.833112,0.84,0.111,-0.483,-0.4,1.28,-0.89
1629078.882517,0.836,0.108,-0.476,-1.01,0.18,-1.74
1629078.926819,0.85,0.096,-0.477,3.02,2.56,6.93
1629078.973118,0.85,0.08,-0.484,4.58,5.52,4.46
1629079.022523,0.887,0.066,-0.496,15.75,9.61,11.26
1629079.062800,0.868,0.077,-0.479,13.55,14.37,1.13
1629079.107170,0.85,0.091,-0.456,10.68,12.02,-2.08
1629079.148448,0.885,0.073,-0.472,11.69,11.63,5.65
1629079.193686,0.876,0.048,-0.457,9.58,11.93,1.46
1629079.243618,0.882,0.058,-0.436,7.32,11.14,0.79
1629079.293257,0.873,0.036,-0.432,8.48,9.58,6.78
1629079.342628,0.877,0.024,-0.425,8.51,8.76,0.64
1629079.386884,0.872,0.029,-0.424,8.76,9.16,-2.47
1629079.436679,0.889,0.021,-0.433,16.14,15.75,5.71
1629079.486894,0.884,0.003,-0.436,21.06,16.36,1.04
1629079.532837,0.895,-0.031,-0.474,41.35,34.79,24.87
1629079.572869,0.886,-0.042,-0.395,37.75,31.71,6.26
1629079.617041,0.908,-0.06,-0.521,51.27,40.99,21.06
1629079.662523,0.824,-0.119,-0.5,67.38,59.6,47.55
1629079.702898,0.843,-0.182,-0.427,67.45,48.92,27.89
1629079.753148,0.863,-0.138,-0.37,57.59,52.34,14.1
1629079.803554,0.937,-0.179,-0.222,53.93,35.4,18.25
1629079.856227,0.966,-0.048,0.029,30.67,39.4,-5.83
1629079.906446,1.03,-0.015,0.338,19.41,30.95,-6.23
1629079.956761,1.139,0.028,0.495,4.7,2.84,-20.29
1629080.007577,0.968,0.117,0.488,-28.17,-12.05,-45.26
1629080.052838,0.867,0.038,0.257,-27.34,-55.79,9.25
1629080.117591,0.92,-0.119,-0.065,-52.71,-66.56,-7.97
1629080.163462,0.86,-0.038,-0.387,-74.62,-82.8,-13.4
1629080.203790,0.833,-0.034,-0.594,-92.07,-83.5,-10.13
1629080.256509,0.811,-0.052,-0.676,-100.28,-65.43,-1.07
1629080.296777,0.802,-0.135,-0.639,-80.36,-61.56,25.06
1629080.342502,0.871,-0.129,-0.598,-57.59,-32.9,3.23
1629080.386923,0.863,-0.069,-0.508,-34.58,-23.87,-15.66
1629080.433436,0.843,0.044,-0.534,-14.31,-15.23,-26.25
1629080.482787,0.791,0.141,-0.5,-6.84,-10.25,-12.12
1629080.527021,0.83,0.137,-0.508,-5.01,-9.77,11.02
1629080.573740,0.849,0.089,-0.5,-7.84,-8.79,5.4
1629080.623440,0.861,0.07,-0.522,-12.18,-9.4,-4.7
1629080.672906,0.875,0.085,-0.525,-7.81,-3.02,2.29
1629080.717124,0.867,0.054,-0.529,-3.91,0.18,8.94
1629080.763359,0.838,0.065,-0.502,-2.29,2.38,6.5
1629080.812678,0.839,0.078,-0.504,-3.88,2.17,0.09
1629080.853534,0.822,0.07,-0.489,-3.94,1.01,5.22
1629080.902951,0.823,0.068,-0.499,-3.2,-1.86,8.12
1629080.952212,0.835,0.042,-0.498,-2.66,-0.43,6.1
1629080.993342,0.846,0.043,-0.503,-1.92,0.79,4.18
1629081.042577,0.837,0.035,-0.504,1.19,0.52,8.7
1629081.086837,0.849,0.033,-0.495,-0.34,1.95,1.59
1629081.133785,0.842,0.052,-0.498,-0.89,-1.53,1.25
1629081.182430,0.855,0.036,-0.51,-1.1,-0.03,5.46
1629081.223582,0.843,0.026,-0.501,-1.37,-0.49,1.37
1629081.272852,0.845,0.035,-0.503,-1.68,0.4,-0.12
1629081.317084,0.84,0.039,-0.503,-2.53,0.12,-0.64
1629081.363000,0.838,0.041,-0.499,-3.78,-0.98,1.22
1629081.412281,0.832,0.035,-0.505,-2.41,1.77,0.49
1629081.453661,0.835,0.045,-0.509,-2.93,-0.49,0.58
1629081.502958,0.831,0.046,-0.506,-1.16,2.2,2.9
1629081.547035,0.829,0.041,-0.498,-1.8,0.31,1.07
1629081.593301,0.841,0.052,-0.514,-2.23,-1.28,-0.46
1629081.642547,0.835,0.047,-0.503,-0.49,0.52,0.85
1629081.683862,0.828,0.054,-0.5,-1.13,0.4,-0.64
1629081.733590,0.83,0.059,-0.506,-0.55,0.31,0.55
1629081.782374,0.828,0.045,-0.504,-0.27,0.52,1.43
1629081.823497,0.832,0.055,-0.503,-0.12,-0.85,-1.83
1629081.872788,0.835,0.062,-0.498,-1.04,-0.03,1.43
1629081.917026,0.84,0.054,-0.515,-1.1,-2.04,1.4
1629081.962997,0.839,0.049,-0.503,-0.73,-0.52,0.85
1629082.012204,0.82,0.05,-0.501,-1.1,-1.68,-1.83
1629082.053606,0.829,0.061,-0.515,-1.07,-1.74,-2.66
1629082.102675,0.83,0.049,-0.503,-2.04,-0.95,0.24
1629082.146656,0.835,0.049,-0.516,-2.08,-2.23,-0.61
1629082.193160,0.837,0.038,-0.516,-0.37,0.49,0.61
1629082.242523,0.844,0.044,-0.521,-0.55,-0.06,-1.89
1629082.283777,0.85,0.045,-0.529,0.24,0.73,-0.79
1629082.333239,0.831,0.039,-0.52,1.37,1.43,0.82
1629082.382154,0.839,0.049,-0.522,1.28,1.07,-1.56
1629082.423236,0.827,0.061,-0.514,1.43,1.83,-1.31
1629082.472867,0.835,0.052,-0.51,0.55,-0.43,1.13
1629082.516606,0.839,0.051,-0.511,2.23,0.7,0.67
1629082.562897,0.833,0.048,-0.506,0.73,-0.43,-0.61
1629082.612276,0.811,0.041,-0.501,1.01,-0.92,-0.27
1629082.659742,0.815,0.041,-0.502,0.76,-1.92,-1.59
1629082.702594,0.824,0.041,-0.514,0.73,-3.2,-0.37
1629082.747028,0.823,0.039,-0.509,-0.55,-2.56,0.76
1629082.793204,0.815,0.051,-0.543,1.74,-3.57,0.31
1629082.842472,0.841,0.033,-0.568,11.51,2.78,5.98
1629082.887149,0.904,-0.049,-0.636,30.67,14.92,12.51
1629082.933195,0.912,-0.19,-0.982,102.15,65.46,34.46
1629082.973592,0.785,-0.078,-1.287,144.6,125.49,19.23
1629083.013712,0.672,-0.104,-1.257,121.46,140.35,-7.9
1629083.056802,0.58,-0.134,-0.89,88.05,143.5,-23.53
1629083.102790,0.756,0.056,-0.467,94.39,96.35,-37.02
1629083.153029,0.841,0.042,-0.129,79.1,91.49,33.51
1629083.193070,0.832,-0.034,0.071,77.58,66.47,42.27
1629083.233317,0.862,0.024,0.206,43.86,70.04,23.83
1629083.283600,0.907,-0.122,0.395,-5.77,61.19,28.6
1629083.334178,0.737,-0.06,0.687,-5.04,76.54,56.7
1629083.387073,0.647,0.049,0.767,-70.62,39.4,31.98
1629083.427087,0.723,-0.183,0.647,-103.43,-18.01,57.5
1629083.467243,0.987,-0.48,0.38,-89.33,-35.31,72.42
1629083.512640,1.074,-0.534,0.428,-59.24,11.44,30.61
1629083.562805,1.014,-0.416,0.35,-41.63,12.45,-12.85
1629083.602876,0.958,-0.369,0.26,-29.39,20.66,-11.63
1629083.643009,0.898,-0.397,0.244,-16.3,22.43,-7.05
1629083.692441,0.831,-0.405,0.199,-7.84,10.99,-9.74
1629083.733717,0.835,-0.417,0.181,-3.54,2.53,-2.62
1629083.782893,0.87,-0.44,0.137,6.47,-0.34,12.57
1629083.832450,0.864,-0.421,0.144,-0.73,-3.27,7.23
1629083.873675,0.863,-0.432,0.144,1.74,-1.86,5.86
1629083.923142,0.888,-0.439,0.143,5.65,-2.47,8.24
1629083.972621,0.889,-0.437,0.143,1.92,-0.34,5.28
1629084.013162,0.894,-0.427,0.142,0.79,-0.21,4.55
1629084.062750,0.879,-0.422,0.142,2.29,1.98,5.71
1629084.106923,0.873,-0.425,0.159,2.32,-0.76,8.7
1629084.152994,0.889,-0.458,0.125,-1.5,-1.28,2.75
1629084.193037,0.872,-0.459,0.136,-2.59,3.94,-1.13
1629084.234061,0.857,-0.445,0.149,-2.9,3.11,0.46
1629084.282235,0.856,-0.444,0.15,-3.36,1.07,4.88
1629084.323401,0.867,-0.458,0.15,-3.94,1.04,4.7
1629084.372759,0.873,-0.466,0.152,-3.57,2.2,1.65
1629084.422490,0.872,-0.456,0.153,-1.95,2.17,0.64
1629084.463435,0.876,-0.443,0.149,-2.38,1.71,-1.16
1629084.512362,0.873,-0.459,0.156,-2.29,1.46,0.7
1629084.556589,0.859,-0.448,0.167,-1.19,2.11,0.0
1629084.602962,0.866,-0.464,0.143,-3.48,0.37,-1.25
1629084.652101,0.855,-0.448,0.162,-0.03,-1.01,2.75
1629084.693409,0.855,-0.441,0.16,0.18,-1.19,3.08
1629084.742850,0.862,-0.461,0.159,-1.4,-2.56,2.84
1629084.787053,0.878,-0.474,0.153,0.7,-3.2,3.05
1629084.833592,0.873,-0.463,0.131,3.14,-1.46,1.37
1629084.882337,0.861,-0.453,0.146,1.22,-2.38,1.43
1629084.923730,0.869,-0.455,0.131,0.98,-3.91,1.74
1629084.973022,0.878,-0.453,0.117,-1.31,-2.04,-0.7
1629085.017255,0.866,-0.459,0.13,-1.31,-2.26,1.1
1629085.063267,0.864,-0.473,0.134,-1.77,0.7,0.89
1629085.112295,0.861,-0.482,0.14,-1.1,-0.58,0.31
1629085.154125,0.857,-0.463,0.133,0.37,-1.28,0.34
1629085.203087,0.866,-0.463,0.126,-1.04,-1.16,-0.06
1629085.252316,0.879,-0.478,0.118,-1.07,0.89,0.12
1629085.293474,0.862,-0.455,0.135,-0.76,0.64,-0.76
1629085.342719,0.86,-0.456,0.124,-1.92,1.16,0.37
1629085.387039,0.86,-0.469,0.133,-2.62,0.21,0.67
1629085.433404,0.864,-0.472,0.131,-1.34,-0.24,-0.21
1629085.482536,0.86,-0.467,0.127,-0.67,-0.89,1.37
1629085.523849,0.858,-0.457,0.133,-0.43,-0.61,1.77
1629085.572795,0.866,-0.465,0.127,-2.72,-0.82,0.89
1629085.617239,0.878,-0.485,0.123,-1.65,-1.13,4.06
1629085.663314,0.869,-0.465,0.132,1.62,1.31,1.46
1629085.712570,0.858,-0.459,0.131,-0.27,-0.06,0.67
1629085.754175,0.86,-0.475,0.125,0.76,-0.06,2.04
1629085.803907,0.862,-0.477,0.128,0.55,-0.09,0.64
1629085.852174,0.874,-0.468,0.12,0.34,-0.49,1.43
1629085.893396,0.864,-0.464,0.13,-0.21,0.58,1.04
1629085.942691,0.864,-0.47,0.13,-0.64,1.5,1.65
1629085.988008,0.864,-0.482,0.124,-1.59,0.43,0.18
1629086.033292,0.858,-0.48,0.124,0.31,0.67,-0.24
1629086.082455,0.861,-0.479,0.122,-0.09,-0.34,-1.01
1629086.123643,0.86,-0.474,0.124,0.95,0.37,-0.18
1629086.172936,0.855,-0.461,0.138,-0.34,0.21,0.03
1629086.217363,0.868,-0.482,0.122,-0.37,-0.92,0.7
1629086.263354,0.855,-0.472,0.135,-0.46,1.22,-1.01
1629086.312273,0.854,-0.477,0.132,-0.06,-0.95,1.1
1629086.353518,0.861,-0.479,0.122,0.34,-0.37,-0.46
1629086.402946,0.861,-0.475,0.124,-0.12,-0.46,-1.19
1629086.447041,0.867,-0.477,0.115,0.7,0.03,1.01
1629086.493325,0.862,-0.461,0.123,-0.73,1.25,-0.18
1629086.542315,0.865,-0.476,0.118,-1.31,0.21,1.71
1629086.583546,0.866,-0.488,0.124,-0.95,1.8,0.67
1629086.632748,0.847,-0.465,0.136,-1.31,-0.31,0.27
1629086.682148,0.856,-0.479,0.109,-1.5,-1.65,2.26
1629086.723491,0.87,-0.494,0.125,-1.13,0.67,0.31
1629086.772688,0.871,-0.478,0.122,0.73,2.84,-1.62
1629086.817132,0.857,-0.463,0.129,-0.4,4.58,-1.71
1629086.863178,0.85,-0.473,0.136,-0.31,3.23,0.46
1629086.912368,0.857,-0.48,0.125,-0.7,0.67,-0.12
1629086.953632,0.86,-0.474,0.133,-0.34,0.55,-1.43
1629087.002636,0.862,-0.466,0.137,-1.19,-0.61,-0.95
1629087.046649,0.869,-0.478,0.128,-0.52,-0.46,0.18
1629087.093274,0.87,-0.478,0.118,-0.43,0.06,-1.1
1629087.142533,0.856,-0.464,0.13,0.89,1.59,-0.46
1629087.183892,0.848,-0.469,0.137,-0.4,-2.26,0.0
1629087.233698,0.859,-0.482,0.129,0.4,-0.95,0.12
1629087.282436,0.858,-0.461,0.136,2.62,-1.68,0.76
1629087.323561,0.865,-0.456,0.12,1.53,-4.09,0.06
1629087.372828,0.877,-0.482,0.109,1.43,-1.1,0.52
1629087.413875,0.864,-0.473,0.124,3.11,0.27,0.24
1629087.463345,0.855,-0.457,0.124,2.17,0.18,-0.24
1629087.512181,0.862,-0.478,0.122,2.14,-0.98,1.62
1629087.553651,0.875,-0.49,0.101,3.45,-0.58,0.4
1629087.602809,0.889,-0.482,0.087,2.59,1.16,-4.61
1629087.646948,0.871,-0.45,0.107,2.11,1.01,-7.26
1629087.693239,0.855,-0.43,0.134,2.69,1.8,-1.31
1629087.734479,0.885,-0.483,0.132,8.76,5.28,-1.37
1629087.786927,0.924,-0.481,0.213,23.1,-1.37,19.93
1629087.826957,0.665,-0.463,0.504,112.13,-90.79,153.51
1629087.876469,0.697,-0.647,0.067,228.1,-240.03,270.94
1629087.923728,0.346,-0.962,0.065,210.88,-319.65,276.16
1629087.967236,0.358,-1.175,0.103,273.69,-303.96,237.92
1629088.017089,0.514,-0.965,0.144,217.41,-241.31,104.98
1629088.063090,0.677,-0.851,0.211,25.3,-156.47,-6.93
1629088.103619,0.553,-0.874,0.289,-56.95,-97.84,-45.26
1629088.143641,0.481,-0.842,0.203,-61.37,-112.7,-57.89
1629088.183911,0.552,-0.843,0.053,-50.08,-83.19,-66.16
1629088.237091,0.495,-0.841,0.046,-55.36,-51.76,-58.99
1629088.283268,0.557,-0.903,-0.031,-20.05,-55.94,-61.95
1629088.323471,0.565,-0.814,-0.141,-24.57,-24.6,-58.72
1629088.373168,0.511,-0.727,-0.122,-32.9,-7.32,-56.12
1629088.423328,0.537,-0.73,-0.087,0.7,-21.52,-39.22
1629088.473825,0.597,-0.667,-0.184,22.86,-14.59,-27.41
1629088.520454,0.635,-0.681,-0.205,-9.06,-3.54,-27.86
1629088.563289,0.678,-0.707,-0.129,-8.24,-2.17,-19.56
1629088.613089,0.703,-0.673,-0.167,18.62,-12.18,-8.97
1629088.663103,0.747,-0.682,-0.136,9.34,-9.4,-8.82
1629088.712648,0.742,-0.633,-0.156,9.46,-8.0,-12.79
1629088.753043,0.73,-0.631,-0.173,-3.63,-4.61,-14.25
1629088.793622,0.714,-0.617,-0.142,-6.16,-4.36,-14.28
1629088.843103,0.726,-0.609,-0.149,4.12,-4.36,-4.27
1629088.892304,0.731,-0.624,-0.141,7.69,-0.67,-3.05
1629088.934181,0.724,-0.617,-0.184,-1.89,-2.9,-0.98
1629088.982967,0.746,-0.661,-0.175,-8.0,2.75,-1.65
1629089.027063,0.741,-0.637,-0.16,3.6,4.0,-1.59
1629089.073256,0.762,-0.604,-0.141,-0.85,2.9,0.67
1629089.122984,0.762,-0.612,-0.12,-1.25,1.01,0.95
1629089.163780,0.763,-0.641,-0.128,-2.23,-0.79,-0.12
1629089.212778,0.745,-0.651,-0.141,-1.59,1.46,-4.09
1629089.257191,0.735,-0.632,-0.143,1.19,-1.19,-5.4
1629089.303915,0.74,-0.627,-0.161,4.06,4.36,-3.45
1629089.352667,0.746,-0.63,-0.146,0.43,4.64,-1.62
1629089.393828,0.754,-0.638,-0.121,-1.1,2.84,-1.04
1629089.443132,0.763,-0.609,-0.122,2.99,-0.09,-0.67
1629089.492101,0.77,-0.617,-0.135,-2.62,3.81,-1.31
1629089.533233,0.762,-0.613,-0.134,-1.62,3.11,-1.31
1629089.582532,0.757,-0.609,-0.135,-2.72,4.64,-0.46
1629089.626676,0.749,-0.625,-0.122,-1.71,6.47,0.52
1629089.673204,0.761,-0.61,-0.124,-1.22,1.83,0.55
1629089.722694,0.769,-0.618,-0.139,-2.17,3.88,1.04
1629089.763717,0.761,-0.621,-0.13,-1.77,5.43,0.55
1629089.812780,0.772,-0.611,-0.121,-0.58,2.44,-0.12
1629089.857039,0.777,-0.612,-0.114,1.19,4.88,-1.07
1629089.903066,0.769,-0.606,-0.111,1.31,2.41,-0.34
1629089.952631,0.76,-0.614,-0.119,-1.04,1.22,-0.18
1629089.993806,0.764,-0.617,-0.128,-1.59,1.28,-0.18
1629090.043080,0.766,-0.633,-0.12,-0.34,3.91,0.7
1629090.091858,0.761,-0.627,-0.122,-1.1,4.18,-0.52
1629090.133257,0.763,-0.634,-0.11,-2.14,3.97,-1.74
1629090.182831,0.767,-0.612,-0.106,-0.09,2.2,-2.72
1629090.226972,0.771,-0.61,-0.111,-2.87,3.27,-2.5
1629090.273014,0.768,-0.609,-0.107,-1.86,3.33,-1.92
1629090.322667,0.767,-0.603,-0.109,-2.17,3.57,-1.71
1629090.363588,0.772,-0.606,-0.11,-1.13,5.37,-1.25
1629090.412901,0.772,-0.612,-0.1,-1.28,6.2,-1.74
1629090.456997,0.781,-0.589,-0.099,1.68,4.03,-0.31
1629090.503327,0.776,-0.606,-0.089,-1.22,4.58,0.34
1629090.552614,0.776,-0.614,-0.088,-1.4,2.26,-0.95
1629090.593762,0.783,-0.605,-0.099,0.46,1.59,-0.98
1629090.642761,0.776,-0.609,-0.097,-0.49,2.04,-1.46
1629090.686753,0.771,-0.601,-0.09,0.34,1.62,-1.37
1629090.733496,0.774,-0.598,-0.09,-0.89,1.77,-0.64
1629090.782541,0.778,-0.621,-0.083,-1.89,0.24,-1.22
1629090.823979,0.776,-0.608,-0.087,-1.68,0.55,-3.08
1629090.873047,0.785,-0.596,-0.103,-0.24,0.61,-3.48
1629090.922751,0.782,-0.578,-0.096,-1.46,1.13,-1.92
1629090.963385,0.777,-0.585,-0.09,0.31,3.45,0.46
1629091.012604,0.786,-0.597,-0.073,1.56,2.08,0.03
1629091.056896,0.819,-0.584,-0.092,3.36,0.64,-2.84
1629091.103531,0.952,-0.406,-0.112,-7.02,6.44,10.65
1629091.152898,1.105,-0.045,-0.095,-0.55,1.19,29.15
1629091.209003,1.316,0.181,-0.101,-51.58,-28.23,65.89
1629091.256840,1.22,-0.115,-0.212,-135.56,-51.94,108.68
1629091.304728,1.011,-0.317,-0.251,-136.69,-145.97,159.67
1629091.353238,0.72,-0.179,-0.518,-165.01,-133.85,193.98
1629091.396830,0.295,-0.181,-0.647,-216.19,-64.39,241.86
1629091.444127,-0.879,-0.197,-0.478,-154.06,48.4,288.46
1629091.486730,-1.965,0.332,-1.869,-233.65,57.59,294.75
1629091.533737,-1.515,-1.112,-1.236,-344.89,160.99,151.16
1629091.576690,0.031,-2.341,-1.259,-61.8,5.22,83.5
1629091.622805,-0.21,0.659,-1.382,48.65,26.28,-129.43
1629091.672599,-0.112,-0.023,-0.91,37.29,21.64,-9.74
1629091.723009,0.014,-0.605,-1.533,33.05,-2.69,-108.98
1629091.763527,-0.467,-0.512,-1.461,152.59,77.33,-154.15
1629091.807053,-0.525,-0.482,-1.353,126.32,62.5,-189.4
1629091.853929,-0.25,-0.577,-1.028,185.77,58.26,-182.93
1629091.896720,0.052,-0.407,-0.821,131.11,16.08,-218.88
1629091.943587,0.436,-0.188,-0.69,165.59,23.65,-212.65
1629091.989523,0.528,-0.043,-0.551,136.69,41.6,-194.52
1629092.033170,0.599,0.015,-0.337,140.6,58.99,-168.65
1629092.076725,0.681,0.128,-0.418,116.34,29.73,-139.07
1629092.122937,0.82,0.18,-0.458,83.8,36.96,-100.5
1629092.163138,0.887,0.232,-0.476,65.68,39.74,-63.81
1629092.213698,0.949,0.162,-0.389,45.66,59.08,-22.89
1629092.254406,0.937,0.056,-0.354,37.81,34.27,6.99
1629092.303904,1.0,-0.09,-0.346,30.24,36.87,-0.09
1629092.353511,0.977,-0.223,-0.28,8.97,14.8,8.27
1629092.403738,0.927,-0.264,-0.218,11.38,12.15,12.09
1629092.454421,0.886,-0.373,-0.191,6.62,-8.42,15.23
1629092.503294,0.88,-0.396,-0.265,11.17,-2.72,5.43
1629092.552949,0.881,-0.354,-0.258,10.5,-3.33,3.48
1629092.602302,0.871,-0.344,-0.236,12.15,1.01,4.64
1629092.647050,0.888,-0.338,-0.266,15.26,-5.62,8.18
1629092.695650,0.879,-0.388,-0.246,4.21,-2.62,8.21
1629092.742773,0.887,-0.4,-0.258,4.97,-10.1,4.33
1629092.792902,0.881,-0.397,-0.32,12.09,-6.87,5.22
1629092.837003,0.857,-0.451,-0.247,2.44,-5.46,0.98
1629092.883558,0.847,-0.423,-0.259,10.07,-8.36,-2.11
1629092.933182,0.846,-0.373,-0.27,8.51,-9.25,-2.84
1629092.973659,0.856,-0.347,-0.285,12.88,-10.93,1.1
1629093.027013,0.843,-0.385,-0.277,-4.21,1.71,0.18
1629093.073383,0.84,-0.389,-0.281,-1.25,3.11,2.69
1629093.122982,0.83,-0.442,-0.243,-1.01,6.32,0.61
1629093.163733,0.856,-0.398,-0.283,7.81,-0.43,0.95
1629093.212898,0.877,-0.369,-0.285,5.28,2.99,2.04
1629093.256963,0.882,-0.384,-0.273,2.93,4.3,2.81
1629093.303537,0.873,-0.412,-0.262,2.26,4.79,0.46
1629093.352669,0.853,-0.412,-0.245,-1.01,3.51,0.03
1629093.394675,0.86,-0.415,-0.237,0.15,1.22,0.24
1629093.442989,0.852,-0.406,-0.251,2.2,-2.04,0.4
1629093.487057,0.853,-0.391,-0.268,3.63,0.34,0.85
1629093.533505,0.865,-0.404,-0.247,1.07,3.85,1.89
1629093.582872,0.87,-0.384,-0.249,0.34,-0.21,2.75
1629093.623967,0.873,-0.424,-0.256,-0.03,1.89,2.17
1629093.673254,0.871,-0.413,-0.267,-0.64,-1.68,1.98
1629093.722546,0.846,-0.406,-0.245,-5.37,0.21,1.53
1629093.763627,0.845,-0.424,-0.228,-3.39,-3.33,1.37
1629093.812694,0.856,-0.397,-0.274,1.95,-1.28,0.31
1629093.857004,0.849,-0.397,-0.274,0.79,1.86,1.8
1629093.903038,0.845,-0.422,-0.259,-2.84,0.55,1.74
1629093.952624,0.865,-0.424,-0.275,4.88,-1.22,1.1
1629093.993730,0.87,-0.418,-0.272,1.92,-0.58,0.79
1629094.042998,0.865,-0.401,-0.268,-0.92,-3.48,0.21
1629094.087246,0.85,-0.408,-0.287,-0.67,0.79,1.13
1629094.133894,0.836,-0.434,-0.247,-0.03,3.23,2.17
1629094.182759,0.842,-0.42,-0.255,0.0,0.61,1.1
1629094.223941,0.846,-0.427,-0.261,-1.74,2.59,1.19
1629094.273206,0.851,-0.415,-0.274,-1.83,3.2,1.71
1629094.322897,0.851,-0.432,-0.264,-3.6,6.81,2.44
1629094.363522,0.851,-0.438,-0.258,-4.06,5.74,2.41
1629094.412810,0.852,-0.447,-0.248,-5.52,6.65,1.31
1629094.457036,0.855,-0.433,-0.249,-5.89,6.5,0.06
1629094.503324,0.856,-0.428,-0.251,-8.0,6.53,-0.18
1629094.552575,0.845,-0.415,-0.228,-7.66,6.38,-0.06
1629094.593682,0.85,-0.404,-0.224,-6.87,5.98,1.68
1629094.642948,0.864,-0.411,-0.227,-6.78,5.43,2.62
1629094.687154,0.864,-0.408,-0.226,-4.24,7.97,1.28
1629094.733643,0.857,-0.393,-0.216,-3.39,7.17,2.2
1629094.782528,0.841,-0.368,-0.215,-2.5,7.51,9.19
1629094.827280,0.822,-0.385,-0.195,-2.29,13.67,15.66
1629094.872287,0.764,-0.352,-0.215,0.58,10.25,26.37
1629094.918552,0.756,-0.397,-0.228,-6.16,19.23,35.43
1629094.966834,0.837,-0.471,-0.253,6.07,22.06,43.92
1629095.017005,0.894,-0.614,-0.194,1.1,37.69,36.53
1629095.062285,0.835,-0.622,-0.148,-0.34,40.96,25.39
1629095.107102,0.816,-0.62,-0.146,3.97,41.84,18.34
1629095.157101,0.819,-0.618,-0.093,11.87,34.97,12.36
1629095.204914,0.803,-0.613,-0.051,6.23,31.8,11.63
1629095.247216,0.781,-0.62,-0.01,1.98,27.13,10.32
1629095.297036,0.768,-0.565,0.022,1.95,17.52,12.63
1629095.350667,0.795,-0.608,0.02,-6.68,14.16,14.8
1629095.392588,0.778,-0.644,0.0,-7.63,10.25,10.16
1629095.433813,0.781,-0.64,-0.016,-5.92,11.05,9.19
1629095.483999,0.775,-0.594,-0.03,-11.23,17.0,12.73
1629095.537162,0.78,-0.637,-0.044,-24.41,14.07,15.14
1629095.583257,0.765,-0.656,-0.056,-25.76,12.94,10.13
1629095.623351,0.776,-0.648,-0.109,-31.77,18.31,7.72
1629095.667169,0.754,-0.673,-0.057,-21.33,29.82,5.52
1629095.717492,0.754,-0.635,-0.098,-21.76,43.89,5.89
1629095.763247,0.691,-0.585,-0.029,-35.83,55.7,5.68
1629095.807245,0.68,-0.479,0.041,-30.88,60.4,17.21
1629095.852715,0.805,-0.47,0.162,-10.93,73.27,46.82
1629095.892907,0.916,-0.428,0.178,-33.3,110.26,49.5
1629095.933788,0.891,-0.538,0.264,-86.55,172.06,40.74
1629095.986953,0.821,-0.676,0.3,-120.46,275.46,24.38
1629096.033536,0.769,-0.998,0.668,-128.94,314.58,-123.57
1629096.076836,0.666,-0.746,0.628,-91.28,166.6,-228.37
1629096.123455,0.572,-0.598,0.63,-87.71,42.42,-168.55
1629096.163696,0.682,-0.511,0.46,-73.85,-35.16,-145.66
1629096.205264,0.773,-0.365,0.29,-81.67,-60.61,-144.44
1629096.247000,0.78,-0.261,0.126,-91.86,-82.71,-134.8
1629096.287173,0.704,-0.225,0.089,-71.93,-85.88,-92.1
1629096.333597,0.654,0.011,-0.247,-114.6,-133.18,-107.91
1629096.376893,0.455,0.111,-0.652,-140.48,-184.0,-69.89
1629096.423762,0.864,0.176,-1.494,-223.94,-220.83,-127.63
1629096.467156,1.028,-0.289,-0.989,-150.06,-112.46,12.21
1629096.512848,1.339,-0.744,-0.735,45.84,4.85,128.18
1629096.553051,0.783,-0.063,-0.554,55.6,44.74,-13.67
1629096.603394,0.482,0.218,-0.377,1.89,0.09,-42.79
1629096.653953,0.816,0.066,-0.538,-16.21,-43.31,-17.76
1629096.706852,0.877,-0.037,-0.521,-4.36,-17.67,19.35
1629096.757186,0.875,0.011,-0.58,17.88,1.19,23.87
1629096.804761,0.844,0.057,-0.516,-7.51,-5.19,-17.76
1629096.853798,0.907,0.097,-0.565,-6.5,-5.68,1.13
1629096.903009,0.924,-0.01,-0.545,-7.84,-1.77,20.2
1629096.952728,0.894,-0.07,-0.552,-5.83,13.89,5.77
1629096.997030,0.813,-0.038,-0.509,1.13,8.91,7.23
1629097.043641,0.76,-0.026,-0.458,-2.14,6.59,9.46
1629097.092789,0.762,-0.049,-0.448,-10.32,0.31,-5.62
1629097.133211,0.777,-0.078,-0.504,-9.19,-3.85,0.03
1629097.173226,0.8,-0.099,-0.484,-2.9,-2.04,8.36
1629097.222912,0.819,-0.109,-0.493,-1.5,-7.17,0.95
1629097.263656,0.86,-0.075,-0.519,-1.34,-5.34,-4.91
1629097.313000,0.893,-0.04,-0.523,1.4,-3.72,-1.28
1629097.357241,0.864,-0.03,-0.515,-0.09,0.55,3.63
1629097.404363,0.847,-0.055,-0.523,0.03,-1.16,5.4
1629097.452525,0.851,-0.07,-0.538,-2.26,0.67,-2.47
1629097.493887,0.84,-0.063,-0.52,0.52,2.84,-4.15
1629097.543147,0.824,-0.015,-0.503,-2.56,4.58,-4.64
1629097.587378,0.811,-0.024,-0.493,-5.31,2.32,-0.98
1629097.633599,0.816,-0.051,-0.498,-2.5,0.92,2.96
1629097.682934,0.815,-0.064,-0.508,-4.61,-1.37,-1.13
1629097.724008,0.821,-0.069,-0.512,-2.53,-2.81,-0.09
1629097.773389,0.82,-0.058,-0.516,1.37,0.21,0.03
1629097.822327,0.822,-0.038,-0.515,0.49,-1.89,-2.23
1629097.863671,0.82,-0.034,-0.517,1.04,-3.48,-0.67
1629097.912948,0.846,-0.029,-0.533,0.09,-4.27,-0.95
1629097.957050,0.845,-0.026,-0.538,-0.21,-1.43,-1.71
1629098.003495,0.84,-0.026,-0.541,-0.31,-0.34,-0.7
1629098.052633,0.829,-0.03,-0.524,0.46,-0.21,0.76
1629098.093534,0.826,-0.027,-0.522,-0.31,-2.5,-0.49
1629098.143106,0.838,-0.03,-0.536,-1.62,1.83,-0.55
1629098.187319,0.817,-0.035,-0.518,-1.31,0.73,1.46
1629098.233234,0.825,-0.042,-0.539,-1.43,-1.13,1.77
1629098.273537,0.829,-0.043,-0.528,-0.98,1.8,-0.79
1629098.323873,0.809,-0.031,-0.511,-1.77,0.06,-1.92
1629098.373047,0.817,-0.037,-0.524,-1.71,0.4,-0.64
1629098.422736,0.817,-0.042,-0.511,-1.07,-0.89,0.24
1629098.463615,0.829,-0.043,-0.505,-2.44,-0.95,-2.08
1629098.512957,0.845,-0.042,-0.504,-2.93,-2.35,-3.72
1629098.556925,0.849,-0.062,-0.511,-3.11,-2.26,-4.67
1629098.603585,0.835,-0.084,-0.573,4.06,-1.43,-0.37
1629098.652924,0.85,-0.072,-0.611,20.11,8.61,-3.94
1629098.693016,0.902,-0.014,-0.633,49.41,25.3,10.8
1629098.733323,1.033,-0.098,-0.897,63.36,38.24,2.78
1629098.776931,0.835,-0.238,-1.283,90.85,68.39,-15.14
1629098.817378,0.622,-0.033,-1.445,124.82,103.89,-40.96
1629098.863164,0.469,-0.001,-1.37,80.36,90.73,-40.96
1629098.904554,0.498,-0.11,-0.893,113.01,134.71,-19.04
1629098.947131,0.57,0.023,-0.418,134.34,100.62,-27.68
1629098.993172,0.675,0.061,0.16,77.85,126.22,-21.55
1629099.033608,0.732,0.04,0.563,35.28,105.72,-14.01
1629099.074307,0.826,0.04,0.726,-10.41,75.01,15.32
1629099.123995,0.723,0.442,0.845,-75.32,78.77,19.14
1629099.164058,0.762,0.447,0.602,-204.14,-31.56,13.73
1629099.206979,0.991,-0.49,0.311,-193.46,-39.7,133.09
1629099.254152,1.146,-0.844,0.573,-94.82,28.6,97.63
1629099.303809,1.001,-0.383,0.549,-45.35,12.94,-10.74
1629099.353716,0.985,-0.258,0.307,-1.89,15.41,14.25
1629099.403724,0.917,-0.376,0.195,10.5,16.51,-0.09
1629099.453794,0.886,-0.383,0.17,17.58,-7.78,6.53
1629099.503377,0.904,-0.372,0.067,28.69,-4.36,27.86
1629099.553271,0.951,-0.349,0.05,13.12,-9.49,2.72
1629099.602593,0.908,-0.341,0.113,8.45,-4.03,2.84
1629099.646776,0.906,-0.376,0.129,8.36,-4.58,4.85
1629099.693314,0.924,-0.429,0.127,11.84,-7.57,9.98
1629099.743317,0.89,-0.412,0.128,18.65,-6.74,13.98
1629099.793674,0.916,-0.394,0.072,11.96,-4.76,-3.91
1629099.842636,0.881,-0.379,0.09,7.66,-1.07,-6.59
1629099.883873,0.881,-0.381,0.064,8.12,-2.53,4.09
1629099.932912,0.891,-0.392,0.071,2.29,3.75,5.49
1629099.977204,0.898,-0.405,0.088,-0.43,-2.69,4.33
1629100.023442,0.894,-0.401,0.101,-2.29,-1.68,5.58
1629100.073357,0.899,-0.405,0.11,-2.08,-5.52,5.98
1629100.113722,0.919,-0.394,0.084,-2.59,-5.13,1.59
1629100.163150,0.924,-0.409,0.086,-6.47,0.95,-2.53
1629100.207074,0.904,-0.427,0.096,-2.93,1.13,1.25
1629100.254863,0.885,-0.403,0.082,-2.01,1.19,-0.27
1629100.302826,0.869,-0.397,0.12,-3.42,-3.48,-0.21
1629100.343768,0.886,-0.406,0.105,-1.04,-5.95,3.6
1629100.393004,0.913,-0.415,0.088,-1.62,-5.4,0.31
1629100.433641,0.909,-0.41,0.091,2.26,-3.08,0.31
1629100.483863,0.902,-0.392,0.098,2.75,-0.15,2.41
1629100.532980,0.901,-0.414,0.073,1.04,-3.6,2.72
1629100.577108,0.9,-0.427,0.076,3.85,-0.7,3.33
1629100.623482,0.886,-0.396,0.072,1.04,-2.26,-1.1
1629100.673089,0.889,-0.402,0.073,-0.61,-0.52,1.56
1629100.713717,0.885,-0.419,0.073,-1.95,0.89,1.86
1629100.763114,0.884,-0.433,0.076,-0.73,0.73,3.6
1629100.807312,0.892,-0.422,0.086,-0.55,1.04,1.4
1629100.854831,0.897,-0.405,0.076,-1.92,1.34,0.27
1629100.902688,0.891,-0.407,0.086,-1.53,0.03,0.82
1629100.943970,0.9,-0.428,0.078,-1.89,-0.95,1.19
1629100.993164,0.899,-0.428,0.076,-0.73,2.01,-1.28
1629101.042220,0.884,-0.412,0.082,0.31,-1.43,-0.24
1629101.083750,0.905,-0.419,0.068,-0.98,1.07,-1.8
1629101.133633,0.889,-0.423,0.099,-1.19,4.27,-4.06
1629101.177119,0.887,-0.429,0.087,-1.16,3.69,-1.65
1629101.223257,0.887,-0.422,0.094,0.24,5.16,-0.55
1629101.272669,0.876,-0.412,0.091,0.85,-0.49,1.07
1629101.313789,0.886,-0.412,0.081,0.73,-1.28,0.82
1629101.363089,0.895,-0.42,0.088,-1.16,-3.39,-0.49
1629101.406920,0.904,-0.422,0.083,-0.49,-2.44,0.24
1629101.453706,0.903,-0.413,0.085,-0.58,-1.56,1.07
1629101.502598,0.891,-0.409,0.092,0.15,-2.38,0.64
1629101.543911,0.892,-0.411,0.092,-0.24,-3.63,0.89
1629101.593115,0.924,-0.43,0.062,-0.7,-3.36,-1.77
1629101.637407,0.907,-0.409,0.063,1.62,2.04,-2.62
1629101.683717,0.876,-0.392,0.073,1.37,4.76,-0.49
1629101.733283,0.867,-0.408,0.069,0.03,3.08,1.4
1629101.773881,0.882,-0.412,0.067,-1.16,-0.34,2.56
1629101.823204,0.906,-0.414,0.063,-2.32,0.58,1.34
1629101.872363,0.905,-0.401,0.08,-3.54,3.23,0.67
1629101.913435,0.897,-0.407,0.09,-5.25,3.72,0.98
1629101.962862,0.893,-0.43,0.1,-3.6,4.27,2.84
1629102.006865,0.888,-0.432,0.102,-3.08,2.81,0.12
1629102.053433,0.885,-0.409,0.09,-1.25,-1.16,0.06
1629102.102651,0.9,-0.424,0.09,-1.8,-1.8,0.24
1629102.143806,0.901,-0.413,0.086,-1.77,-1.92,-0.4
1629102.193093,0.902,-0.416,0.091,-1.83,1.34,-0.31
1629102.237093,0.89,-0.424,0.095,-0.7,1.92,0.64
1629102.283636,0.887,-0.418,0.084,0.52,-1.04,0.37
1629102.333305,0.892,-0.413,0.082,1.4,0.58,0.49
1629102.374052,0.897,-0.421,0.074,0.12,-0.73,1.37
1629102.423296,0.895,-0.423,0.08,1.56,0.49,1.46
1629102.472553,0.887,-0.415,0.084,1.37,0.95,0.18
1629102.513621,0.889,-0.424,0.071,1.04,-0.18,0.89
1629102.562809,0.898,-0.427,0.072,0.24,0.55,-0.31
1629102.604747,0.885,-0.408,0.087,-0.37,1.34,0.46
1629102.654116,0.891,-0.425,0.084,-1.43,1.4,0.98
1629102.702600,0.894,-0.428,0.095,-0.89,0.98,-0.31
1629102.743762,0.887,-0.411,0.095,-0.49,-0.89,-0.24
1629102.792785,0.881,-0.412,0.103,-0.98,-0.89,-0.49
1629102.837131,0.89,-0.433,0.086,0.58,-3.33,1.01
1629102.883210,0.896,-0.418,0.072,1.31,-2.5,-1.86
1629102.932460,0.895,-0.416,0.065,1.28,-2.01,-0.15
1629102.973632,0.892,-0.42,0.068,1.34,-0.37,0.18
1629103.022912,0.893,-0.413,0.065,0.31,0.76,-0.61
1629103.067311,0.89,-0.427,0.069,-0.15,0.95,0.64
1629103.113611,0.9,-0.422,0.055,-0.12,0.06,-0.12
1629103.162849,0.902,-0.411,0.073,-1.22,3.11,-1.77
1629103.204041,0.901,-0.425,0.066,-1.25,2.29,0.92
1629103.254439,0.889,-0.426,0.082,-0.09,6.1,-1.59
1629103.302286,0.876,-0.406,0.1,-0.49,2.69,0.09
1629103.343651,0.867,-0.402,0.107,-1.25,1.77,0.95
1629103.392921,0.869,-0.386,0.072,-1.5,-1.1,-1.16
1629103.437394,0.849,-0.368,0.139,-12.18,-8.7,-0.64
1629103.487343,0.939,-0.47,0.109,-6.47,-14.31,11.47
1629103.533932,0.998,-0.508,0.026,1.56,-3.66,-9.31
1629103.574206,0.945,-0.419,0.012,6.38,18.19,-21.64
1629103.623435,0.848,-0.335,0.055,6.41,21.42,-6.99
1629103.673222,0.839,-0.396,0.061,2.01,10.07,3.78
1629103.717347,0.83,-0.398,0.102,-2.04,3.75,-1.31
1629103.763554,0.872,-0.394,0.137,-2.47,-7.05,3.91
1629103.812662,0.951,-0.422,0.099,-1.68,-3.23,3.48
1629103.853739,0.962,-0.421,0.101,-0.31,5.83,0.76
1629103.903472,0.928,-0.393,0.097,1.37,13.34,0.03
1629103.954164,0.872,-0.396,0.109,-0.4,12.09,-0.92
1629104.002501,0.856,-0.423,0.116,-1.34,4.18,-0.76
1629104.043677,0.868,-0.415,0.115,-0.34,0.58,-1.34
1629104.092887,0.896,-0.402,0.106,0.89,-4.15,0.92
1629104.134236,0.917,-0.39,0.099,-0.92,-1.5,0.7
1629104.183578,0.926,-0.407,0.101,-2.11,4.46,-0.24
1629104.232744,0.902,-0.415,0.119,-2.41,6.26,-0.7
1629104.273861,0.881,-0.406,0.127,-0.92,5.65,-1.13
1629104.323192,0.875,-0.381,0.145,-2.75,1.31,-2.04
1629104.367316,0.893,-0.389,0.129,-2.04,-0.64,-0.55
1629104.413437,0.901,-0.396,0.124,-2.29,-0.34,-0.34
1629104.462801,0.905,-0.412,0.118,-1.89,1.31,-1.34
1629104.504241,0.895,-0.393,0.117,-0.37,1.98,-1.1
1629104.552805,0.884,-0.374,0.124,-1.77,-0.27,-0.58
1629104.596957,0.89,-0.401,0.124,-3.85,-0.31,-0.34
1629104.643304,0.907,-0.418,0.116,-1.68,-0.15,0.03
1629104.692618,0.898,-0.385,0.126,-0.85,1.16,-0.76
1629104.733903,0.902,-0.385,0.113,-0.98,0.27,0.31
1629104.783478,0.902,-0.397,0.111,-1.13,2.81,0.03
1629104.833317,0.888,-0.398,0.129,-1.19,2.08,0.24
1629104.873803,0.893,-0.404,0.117,-0.98,1.46,-0.21
1629104.923193,0.891,-0.393,0.122,-1.07,-0.46,1.07
1629104.967131,0.898,-0.401,0.124,-1.83,-0.79,1.53
1629105.013100,0.911,-0.401,0.121,-1.59,0.76,0.4
1629105.053227,0.905,-0.39,0.117,-0.95,1.62,0.73
1629105.093290,0.906,-0.405,0.117,-1.25,1.71,0.49
1629105.142713,0.892,-0.395,0.115,-0.58,2.04,-0.43
1629105.183857,0.886,-0.391,0.119,-2.53,0.76,-0.15
1629105.233175,0.904,-0.413,0.109,-4.3,1.01,0.55
1629105.277308,0.897,-0.417,0.122,-3.66,2.29,0.67
1629105.323779,0.885,-0.414,0.141,-2.69,4.82,1.13
1629105.372753,0.868,-0.433,0.183,1.43,4.55,4.36
1629105.413961,0.868,-0.46,0.208,5.95,4.06,1.22
1629105.463708,0.909,-0.564,0.226,14.47,0.37,-8.03
1629105.514027,0.862,-0.503,0.369,47.06,16.02,-11.72
1629105.563964,0.891,-0.357,0.51,77.15,26.64,-4.79
1629105.617191,0.957,-0.096,0.612,81.97,38.67,-35.13
1629105.657443,0.668,0.147,0.834,79.23,58.78,-34.06
1629105.702818,0.643,-0.011,0.954,53.07,6.84,10.83
1629105.743029,0.752,-0.171,0.828,33.57,-29.18,15.53
1629105.792969,0.865,-0.392,0.571,11.99,-71.54,36.84
1629105.833701,0.994,-0.349,0.308,-25.54,-74.56,-26.92
1629105.883781,0.789,-0.205,0.12,-55.36,-96.9,-59.48
1629105.923805,0.779,-0.093,-0.253,-82.67,-110.29,-48.52
1629105.967108,0.391,-0.088,-0.464,-104.43,-156.8,-10.25
1629106.013285,0.707,-0.136,-1.382,-130.41,-205.91,33.81
1629106.054047,0.737,-0.247,-1.372,-170.66,-176.06,-7.78
1629106.096726,1.093,-0.602,-0.957,-107.97,-109.78,21.0
1629106.136838,1.147,-0.41,-0.758,-19.81,-20.57,-20.91
1629106.187052,0.664,0.1,-0.538,6.53,17.7,-8.94
1629106.233849,0.824,-0.038,-0.526,-3.75,-4.76,22.4
1629106.283683,0.909,-0.13,-0.49,-7.17,-1.34,-13.58
1629106.333064,0.822,-0.076,-0.485,-7.08,3.85,-11.6
1629106.373395,0.826,-0.099,-0.479,-6.96,4.09,-3.36
1629106.423681,0.845,-0.139,-0.47,-8.12,1.43,-4.7
1629106.473095,0.824,-0.136,-0.454,-5.31,2.47,-2.29
1629106.517397,0.866,-0.125,-0.462,-5.19,-0.67,-7.66
1629106.563430,0.853,-0.135,-0.461,-3.94,0.89,3.42
1629106.612606,0.858,-0.159,-0.474,-1.19,1.5,3.2
1629106.653605,0.836,-0.118,-0.454,-0.15,2.2,-4.03
1629106.703967,0.814,-0.098,-0.463,-4.88,-2.32,-7.81
1629106.752378,0.853,-0.115,-0.475,-0.7,-3.36,5.19
1629106.793733,0.838,-0.11,-0.474,-0.24,-0.18,0.43
1629106.842845,0.843,-0.092,-0.474,-1.07,-2.62,0.92
1629106.887209,0.861,-0.095,-0.483,-0.79,-3.51,0.49
1629106.933203,0.88,-0.084,-0.486,0.79,0.31,5.19
1629106.973512,0.873,-0.085,-0.493,-0.24,0.92,1.59
1629107.013578,0.835,-0.077,-0.48,-0.82,3.39,0.43
1629107.062793,0.834,-0.1,-0.476,-3.72,-0.4,1.46
1629107.104290,0.841,-0.11,-0.481,-3.88,-2.59,0.85
1629107.153399,0.838,-0.118,-0.475,0.03,1.65,3.51
1629107.197109,0.831,-0.106,-0.469,-0.18,-2.75,5.43
1629107.243744,0.845,-0.103,-0.499,-0.4,-4.39,10.28
1629107.293178,0.863,-0.141,-0.486,-0.27,-2.29,5.62
1629107.337424,0.85,-0.114,-0.48,-2.47,2.78,-4.43
1629107.383743,0.841,-0.115,-0.479,-2.08,2.01,2.47
1629107.433309,0.858,-0.128,-0.497,-2.38,-0.64,0.82
1629107.474125,0.842,-0.132,-0.484,-0.55,2.04,1.25
1629107.523250,0.84,-0.14,-0.482,0.21,1.98,4.36
1629107.572875,0.846,-0.115,-0.477,1.65,-0.06,4.58
1629107.613607,0.829,-0.115,-0.474,-2.59,1.86,-0.92
1629107.662806,0.83,-0.11,-0.483,-2.59,-1.68,-1.5
1629107.706883,0.86,-0.132,-0.485,-4.12,-0.89,-0.43
1629107.754201,0.848,-0.119,-0.478,-1.89,0.03,-0.98
1629107.802658,0.839,-0.122,-0.481,-3.11,-3.57,3.45
1629107.843891,0.841,-0.121,-0.483,-2.84,-6.84,6.78
1629107.893102,0.85,-0.137,-0.517,-1.92,-5.16,5.71
1629107.937486,0.846,-0.129,-0.504,-2.93,2.59,-3.17
1629107.983674,0.833,-0.107,-0.487,-0.7,2.62,1.71
1629108.032825,0.836,-0.133,-0.489,-0.06,2.08,4.09
1629108.074055,0.829,-0.138,-0.481,-0.58,1.86,-1.07
1629108.123369,0.84,-0.131,-0.489,-0.34,1.89,4.73
1629108.167428,0.835,-0.155,-0.486,0.61,1.34,1.34
1629108.213522,0.832,-0.142,-0.488,1.04,-2.5,4.88
1629108.262776,0.836,-0.168,-0.484,1.95,1.34,2.44
1629108.304522,0.851,-0.152,-0.5,4.03,3.05,2.87
1629108.354088,0.899,-0.209,-0.52,13.15,8.79,7.26
1629108.404166,0.91,-0.221,-0.547,31.37,25.36,8.85
1629108.455333,0.872,-0.193,-0.515,47.3,44.59,5.4
1629108.504882,0.88,-0.195,-0.515,49.62,58.08,-15.23
1629108.557342,0.858,-0.131,-0.354,41.9,54.35,-29.33
1629108.597382,0.888,-0.081,-0.246,23.77,35.07,-30.34
1629108.637429,0.962,-0.1,-0.242,13.28,23.44,-16.42
1629108.678026,0.997,-0.188,-0.275,4.76,16.6,-12.27
1629108.727264,0.975,-0.205,-0.285,9.4,20.39,-20.11
1629108.773034,0.939,-0.166,-0.279,15.99,26.28,-17.58
1629108.823203,0.884,-0.118,-0.186,9.77,24.78,-21.36
1629108.873661,0.912,-0.107,-0.211,18.31,21.88,4.85
1629108.923686,0.89,-0.128,-0.107,12.85,20.42,-0.09
1629108.973494,0.887,-0.104,-0.115,3.3,3.91,-8.03
1629109.023646,0.918,-0.102,-0.12,1.65,2.75,-3.75
1629109.063862,0.923,-0.115,-0.131,0.31,-1.8,1.19
1629109.112871,0.922,-0.117,-0.14,-5.13,-3.72,-2.9
1629109.157218,0.943,-0.133,-0.191,-3.91,-5.22,0.18
1629109.204609,0.952,-0.155,-0.181,2.47,-0.34,5.37
1629109.252824,0.951,-0.18,-0.215,7.6,-0.95,5.49
1629109.297391,0.967,-0.169,-0.186,14.01,6.56,8.21
1629109.344130,0.949,-0.161,-0.173,14.62,0.46,3.11
1629109.393883,0.964,-0.143,-0.179,11.81,3.88,-3.81
1629109.443647,0.966,-0.157,-0.175,15.14,7.2,1.92
1629109.493259,0.971,-0.202,-0.257,19.68,8.36,6.01
1629109.533589,0.947,-0.224,-0.177,32.47,24.66,15.87
1629109.583843,0.928,-0.22,-0.214,37.63,18.56,6.56
1629109.633797,0.931,-0.18,-0.108,40.71,24.6,5.71
1629109.683964,0.92,-0.206,-0.141,32.81,8.3,-0.61
1629109.733835,0.96,-0.227,-0.057,54.99,21.33,27.83
1629109.786928,0.911,-0.325,-0.131,70.1,-7.78,37.66
1629109.832676,0.913,-0.316,-0.121,101.32,16.72,65.58
1629109.873013,0.786,-0.358,0.007,137.91,-17.15,116.25
1629109.913505,0.75,-0.424,0.159,248.94,-43.64,252.11
1629109.956722,0.804,-0.482,0.146,283.36,-10.99,321.7
1629110.004820,0.644,-0.666,0.379,332.19,-45.26,364.42
1629110.057303,0.661,-0.608,0.445,392.59,29.57,365.73
1629110.104705,0.449,-0.554,0.799,335.92,36.19,303.02
1629110.147289,0.319,-0.427,0.764,308.18,32.01,238.69
1629110.193911,-0.171,-0.148,1.04,142.77,108.01,47.61
1629110.237199,-0.48,0.049,1.246,102.6,86.95,22.28
1629110.277197,-0.439,0.037,1.176,45.53,21.36,34.12
1629110.327133,-0.299,-0.102,1.066,-21.24,-7.11,13.43
1629110.367342,-0.27,-0.135,1.012,-32.26,-21.55,14.4
1629110.412916,-0.275,-0.196,0.887,-90.3,-23.16,9.19
1629110.453263,-0.294,-0.39,0.956,-158.7,-18.22,-12.33
1629110.493598,-0.389,-0.553,1.032,-204.44,-37.63,-52.25
1629110.533713,-0.378,-0.754,1.07,-166.45,-98.06,-62.9
1629110.574372,-0.294,-0.834,1.003,-189.4,-149.33,-95.58
1629110.623979,-0.001,-0.777,0.741,-205.63,-193.58,-132.66
1629110.667555,0.238,-0.765,0.634,-206.52,-189.0,-96.68
1629110.713923,0.478,-0.681,0.425,-191.35,-152.07,-96.84
1629110.757283,0.558,-0.69,0.233,-216.16,-155.4,-88.87
1629110.804276,0.766,-0.693,-0.031,-161.66,-146.37,-131.5
1629110.854102,0.74,-0.425,-0.357,-87.16,-113.8,-121.83
1629110.894134,0.748,-0.356,-0.43,-95.83,-96.1,-97.08
1629110.934211,0.727,-0.318,-0.46,-74.86,-61.98,-81.79
1629110.974234,0.693,-0.276,-0.518,-40.86,-23.5,-61.01
1629111.027301,0.677,-0.368,-0.458,-29.05,18.13,-19.65
1629111.067425,0.68,-0.41,-0.429,-3.97,28.9,-11.72
1629111.113895,0.73,-0.444,-0.401,3.97,29.79,-0.09
1629111.154055,0.788,-0.501,-0.382,-2.9,29.05,6.29
1629111.204211,0.806,-0.513,-0.362,-0.98,22.46,-3.23
1629111.252931,0.824,-0.461,-0.294,12.15,17.27,5.52
1629111.293086,0.813,-0.421,-0.262,15.14,13.4,10.41
1629111.334222,0.808,-0.427,-0.261,-7.63,7.08,5.71
1629111.384012,0.77,-0.472,-0.203,-11.51,9.52,1.68
1629111.433886,0.765,-0.473,-0.251,2.35,-3.69,4.43
1629111.477405,0.771,-0.478,-0.318,3.81,-5.19,-0.95
1629111.523721,0.798,-0.462,-0.357,12.18,-6.65,-5.62
1629111.573539,0.89,-0.493,-0.378,18.16,5.46,-7.63
1629111.623407,0.896,-0.542,-0.307,-0.18,30.85,-8.15
1629111.673127,0.855,-0.547,-0.193,-0.15,31.59,-7.93
1629111.717481,0.826,-0.557,-0.172,3.6,21.91,-5.46
1629111.767547,0.794,-0.594,-0.236,-14.47,15.05,-27.95
1629111.813147,0.8,-0.504,-0.253,-14.65,-14.37,-47.73
1629111.857344,0.843,-0.408,-0.334,29.69,-20.33,-38.12
1629111.897350,0.859,-0.378,-0.339,29.79,-7.26,-25.33
1629111.943123,0.842,-0.301,-0.325,9.7,-23.62,-22.71
1629111.987487,0.853,-0.311,-0.292,-2.35,-12.91,-7.9
1629112.037324,0.848,-0.291,-0.287,-20.69,-11.6,1.92
1629112.084182,0.847,-0.335,-0.263,-14.04,-1.71,0.76
1629112.133408,0.828,-0.333,-0.266,-4.39,2.23,3.33
1629112.182746,0.835,-0.362,-0.263,-6.65,8.0,3.36
1629112.224943,0.867,-0.348,-0.278,0.52,9.25,4.73
1629112.273523,0.872,-0.362,-0.291,0.06,12.05,4.67
1629112.323003,0.89,-0.402,-0.276,-0.27,9.09,2.35
1629112.368513,0.883,-0.387,-0.273,0.98,9.52,-0.58
1629112.414194,0.865,-0.386,-0.262,-0.24,3.85,0.27
1629112.454305,0.846,-0.378,-0.258,2.78,1.13,1.07
1629112.505366,0.845,-0.349,-0.255,5.8,3.75,1.53
1629112.553989,0.884,-0.376,-0.256,-0.31,4.33,1.74
1629112.597366,0.896,-0.362,-0.257,0.12,3.2,-0.15
1629112.643684,0.894,-0.383,-0.254,0.64,3.39,-1.8
1629112.686621,0.87,-0.39,-0.234,2.26,2.11,-0.73
1629112.737067,0.848,-0.402,-0.247,15.35,-2.04,5.62
1629112.787339,0.861,-0.302,-0.259,31.4,-12.54,23.04
1629112.832957,1.016,0.094,-0.398,62.29,-34.33,51.55
1629112.883286,1.254,0.266,-0.503,63.94,-52.61,115.3
1629112.923699,1.243,0.147,-0.517,10.01,-15.14,161.47
1629112.964069,1.068,0.085,-0.392,-69.86,-23.47,192.54
1629113.010229,0.891,-0.153,-0.37,-116.52,-38.54,211.83
1629113.053449,0.55,-0.315,-0.462,-129.61,8.33,247.81
1629113.096968,0.017,-0.219,-0.522,-149.91,9.98,285.87
1629113.137560,-0.687,-0.547,-0.294,-91.56,-5.58,336.28
1629113.183640,-1.789,0.159,-1.708,-207.25,162.85,319.59
1629113.227291,-1.96,-1.031,-1.413,-482.13,145.88,246.01
1629113.274271,-0.587,-1.917,-0.842,101.96,87.01,110.26
1629113.314286,-0.466,-0.575,-1.356,20.69,-55.88,-157.26
1629113.356997,-0.485,-0.277,-1.184,59.3,24.45,-148.69
1629113.397469,-0.559,-0.506,-0.938,77.7,1.01,-144.87
1629113.443175,-0.49,-0.686,-1.129,34.3,-8.73,-191.32
1629113.483471,-0.475,-0.804,-1.132,38.76,7.78,-198.83
1629113.523731,-0.291,-0.854,-0.867,89.18,13.37,-205.42
1629113.564009,-0.001,-0.659,-0.897,112.31,4.36,-223.85
1629113.607293,0.278,-0.598,-0.677,132.69,34.67,-242.38
1629113.653680,0.406,-0.268,-0.588,126.74,26.28,-241.04
1629113.697290,0.491,-0.177,-0.391,135.2,34.97,-231.67
1629113.743462,0.619,0.12,-0.506,105.72,-2.47,-199.93
1629113.783801,0.681,0.126,-0.598,91.74,19.71,-180.85
1629113.824009,0.754,0.234,-0.548,87.53,3.97,-123.48
1629113.877225,0.847,0.261,-0.532,40.16,10.38,-77.09
1629113.927379,0.897,0.216,-0.5,21.58,-5.74,-17.15
1629113.974107,0.889,0.004,-0.459,-8.12,6.41,12.97
1629114.023888,0.895,-0.2,-0.462,2.81,-18.1,26.55
1629114.073683,0.878,-0.295,-0.457,-6.38,15.84,21.58
1629114.123851,0.871,-0.328,-0.4,-0.06,2.11,11.05
1629114.173319,0.858,-0.304,-0.404,6.62,11.47,0.52
1629114.223804,0.827,-0.291,-0.396,14.5,-0.55,3.11
1629114.267215,0.845,-0.292,-0.412,7.87,1.07,5.55
1629114.313391,0.833,-0.31,-0.401,-0.37,6.1,5.37
1629114.362901,0.833,-0.355,-0.382,11.23,3.39,7.81
1629114.404689,0.847,-0.337,-0.376,-0.12,-1.68,5.95
1629114.454381,0.844,-0.345,-0.382,-5.13,1.1,4.27
1629114.503240,0.86,-0.351,-0.417,2.66,-2.23,1.86
1629114.543651,0.827,-0.32,-0.393,1.98,0.27,-2.04
1629114.592827,0.821,-0.317,-0.367,-1.71,3.02,-0.98
1629114.637078,0.826,-0.315,-0.382,-2.66,1.95,3.11
1629114.683446,0.814,-0.339,-0.37,-0.95,4.06,4.43
1629114.732583,0.846,-0.319,-0.426,0.98,-3.54,6.1
1629114.773844,0.835,-0.329,-0.398,-4.49,3.3,6.68
1629114.819729,0.846,-0.334,-0.391,-3.02,0.46,5.22
1629114.868105,0.848,-0.333,-0.378,-0.92,2.9,6.04
1629114.913436,0.846,-0.344,-0.376,0.98,-1.86,4.58
1629114.962678,0.843,-0.356,-0.396,0.92,1.04,2.5
1629115.003911,0.831,-0.359,-0.382,1.92,1.77,2.29
1629115.053144,0.836,-0.349,-0.386,1.89,-0.76,1.22
1629115.093243,0.833,-0.345,-0.385,-2.96,-0.98,0.55
1629115.133569,0.837,-0.354,-0.391,-2.35,1.04,0.37
1629115.173638,0.832,-0.365,-0.392,1.37,1.56,-0.67
1629115.213744,0.828,-0.354,-0.384,3.6,2.04,-1.4
1629115.262784,0.83,-0.354,-0.368,2.75,1.31,-1.43
1629115.303966,0.822,-0.345,-0.381,0.21,-1.46,-1.56
1629115.353891,0.829,-0.343,-0.407,4.39,-3.08,0.79
1629115.403341,0.829,-0.347,-0.395,-0.98,2.08,3.27
1629115.443806,0.836,-0.355,-0.378,-1.22,2.23,3.6
1629115.493030,0.845,-0.362,-0.385,-1.98,2.17,3.85
1629115.534353,0.834,-0.374,-0.379,-2.72,1.4,1.59
1629115.583561,0.84,-0.365,-0.373,-0.49,0.79,0.43
1629115.623629,0.857,-0.362,-0.377,4.03,-3.2,0.24
1629115.673854,0.845,-0.347,-0.404,-5.22,-9.16,-1.8
1629115.723064,0.811,-0.327,-0.418,0.21,-4.7,-0.64
1629115.767303,0.801,-0.343,-0.381,1.74,2.59,0.52
1629115.813565,0.808,-0.347,-0.367,1.86,0.85,0.03
1629115.863030,0.821,-0.357,-0.373,3.63,0.24,1.13
1629115.903873,0.834,-0.371,-0.389,3.36,0.0,0.64
1629115.954024,0.838,-0.376,-0.411,3.27,-0.12,-1.04
1629115.997503,0.833,-0.373,-0.399,2.23,3.17,-1.77
1629116.043721,0.825,-0.36,-0.384,0.64,1.83,-1.62
1629116.092712,0.818,-0.356,-0.378,-3.81,0.03,-1.01
1629116.134332,0.83,-0.352,-0.392,-5.43,1.28,0.49
1629116.183500,0.834,-0.356,-0.389,-6.53,1.89,2.17
1629116.232919,0.84,-0.383,-0.399,0.95,2.44,1.4
1629116.273723,0.831,-0.383,-0.376,2.99,4.24,-2.32
1629116.323406,0.837,-0.358,-0.381,1.95,0.95,-4.58
1629116.367482,0.831,-0.329,-0.384,-2.14,2.29,-4.18
1629116.413616,0.829,-0.328,-0.379,0.43,0.85,-2.01
1629116.454744,0.832,-0.336,-0.385,-0.55,0.55,-0.7
1629116.504118,0.824,-0.34,-0.384,-1.59,2.41,0.4
1629116.554042,0.821,-0.342,-0.383,-1.62,2.78,1.43
1629116.597418,0.831,-0.355,-0.386,0.89,2.96,1.65
1629116.643402,0.84,-0.351,-0.386,-1.4,3.97,1.13
1629116.692630,0.856,-0.348,-0.379,-0.34,2.35,-0.03
1629116.733798,0.853,-0.344,-0.371,0.37,-0.15,0.03
1629116.783165,0.841,-0.343,-0.374,-1.07,0.61,-0.15
1629116.827384,0.832,-0.346,-0.375,0.24,0.61,-0.15
1629116.874000,0.837,-0.344,-0.382,-1.28,1.56,-0.12
1629116.923119,0.834,-0.345,-0.373,0.76,1.86,1.25
1629116.964270,0.841,-0.341,-0.364,0.34,0.85,2.11
1629117.013363,0.835,-0.345,-0.372,-0.73,1.31,2.87
1629117.053715,0.837,-0.369,-0.362,0.73,1.28,1.89
1629117.104516,0.838,-0.354,-0.376,-0.43,0.61,0.4
1629117.153350,0.819,-0.335,-0.383,1.95,4.46,2.23
1629117.197375,0.795,-0.318,-0.418,-2.9,10.35,6.41
1629117.247385,0.704,-0.297,-0.406,2.23,29.6,21.94
1629117.293076,0.626,-0.367,-0.297,29.42,51.45,47.88
1629117.333416,0.737,-0.43,-0.181,79.59,39.16,59.6
1629117.373768,0.943,-0.53,-0.223,82.43,30.61,60.18
1629117.423427,1.042,-0.639,-0.098,34.3,29.21,31.53
1629117.473225,0.964,-0.674,-0.09,-7.72,8.15,2.84
1629117.523395,0.797,-0.571,-0.149,-29.15,3.81,-13.79
1629117.573255,0.819,-0.489,-0.194,-13.76,4.3,-4.82
1629117.617561,0.828,-0.488,-0.219,-8.88,15.23,2.35
1629117.667666,0.792,-0.534,-0.17,-24.63,25.67,4.52
1629117.712329,0.786,-0.577,-0.101,-19.44,17.7,4.15
1629117.754015,0.798,-0.568,-0.115,1.65,1.16,-0.34
1629117.805190,0.813,-0.523,-0.151,-2.35,-3.75,-5.07
1629117.847505,0.828,-0.501,-0.171,-3.54,-4.33,-3.39
1629117.893563,0.846,-0.504,-0.18,-1.4,-2.01,-1.71
1629117.942831,0.836,-0.512,-0.159,0.43,2.9,-0.79
1629117.984133,0.809,-0.514,-0.145,0.7,2.32,-0.52
1629118.033381,0.813,-0.516,-0.142,-0.58,-0.31,-1.65
1629118.077404,0.816,-0.514,-0.147,-2.9,0.27,-1.56
1629118.123747,0.819,-0.514,-0.161,-4.52,0.85,-0.43
1629118.173423,0.833,-0.537,-0.2,-15.35,-1.77,-2.84
1629118.223146,0.834,-0.552,-0.194,-10.1,-0.27,-3.51
1629118.264015,0.843,-0.513,-0.211,-2.99,-5.13,-2.69
1629118.313326,0.84,-0.486,-0.189,-7.17,-2.04,-2.26
1629118.357490,0.827,-0.479,-0.179,-7.42,-0.7,-1.71
1629118.404331,0.825,-0.489,-0.18,-7.23,-1.13,-1.31
1629118.454020,0.822,-0.483,-0.193,-3.23,-0.98,-1.62
1629118.494238,0.827,-0.487,-0.2,-1.53,0.21,-1.25
1629118.543482,0.831,-0.495,-0.204,-3.57,1.46,-0.79
1629118.592713,0.822,-0.497,-0.199,-2.44,1.31,-1.65
1629118.633895,0.823,-0.494,-0.198,-0.79,1.01,-0.43
1629118.683313,0.816,-0.49,-0.196,-4.03,1.28,-1.71
1629118.727463,0.833,-0.489,-0.198,-2.41,1.65,-0.95
1629118.773649,0.829,-0.5,-0.198,-4.18,2.59,-0.73
1629118.823285,0.833,-0.501,-0.196,-5.28,1.86,-1.74
1629118.863935,0.829,-0.504,-0.194,-3.54,1.68,-1.4
1629118.913012,0.824,-0.516,-0.185,-6.04,3.48,-4.12
1629118.957433,0.79,-0.54,-0.155,-4.36,0.92,-5.4
1629119.003747,0.79,-0.578,-0.184,-12.42,0.37,-6.59
1629119.054750,0.839,-0.586,-0.192,-51.82,19.68,-0.79
1629119.103577,0.938,-0.177,-0.3,29.69,-51.15,14.31
1629119.143826,1.246,0.118,-0.654,58.57,-66.77,63.94
1629119.194110,1.334,0.31,-0.618,-34.58,4.24,112.09
1629119.237245,1.291,0.767,-0.516,-62.75,-44.8,163.24
1629119.277457,1.177,0.495,-0.639,-70.25,-103.06,301.68
1629119.323771,0.699,0.118,-0.721,-99.15,27.34,359.11
1629119.364434,-0.064,0.236,-0.551,-223.36,81.67,358.59
1629119.407273,-1.683,0.218,0.003,-151.89,92.47,390.73
1629119.453986,-3.989,-0.296,-3.739,4.36,116.46,527.63
1629119.497412,-1.694,-3.983,1.879,-76.36,214.12,48.55
1629119.543973,-2.114,-0.911,-1.496,126.01,-206.12,-357.98
1629119.588372,-2.062,-0.338,-0.984,27.77,-58.69,-408.92
1629119.633402,-0.662,-0.635,-0.622,-0.92,-13.7,-303.17
1629119.673468,0.049,-0.48,-0.596,42.63,-0.4,-257.97
1629119.723775,0.47,-0.282,-0.587,10.38,9.86,-239.57
1629119.763975,0.525,-0.097,-0.374,17.55,31.92,-227.06
1629119.806801,0.694,0.131,-0.338,48.04,16.36,-185.77
1629119.847055,0.888,0.376,-0.475,57.28,12.57,-147.07
1629119.887264,0.987,0.621,-0.643,41.26,38.15,-100.77
1629119.932632,0.916,0.5,-0.993,-33.91,0.73,5.16
1629119.983147,0.804,0.121,-0.754,-14.16,79.62,57.95
1629120.023222,0.89,-0.088,-0.349,12.82,67.54,90.3
1629120.073527,1.031,-0.278,-0.17,28.11,34.85,82.4
1629120.114717,1.172,-0.222,-0.314,5.95,-12.39,82.55
1629120.159276,1.406,-0.089,-0.449,-43.15,-2.78,43.15
1629120.203305,1.495,0.259,-0.33,-38.15,7.26,73.34
1629120.243594,1.324,0.393,-0.293,-53.04,-93.94,158.54
1629120.286784,1.028,0.349,-0.388,-2.96,-95.49,236.64
1629120.326987,0.0,0.356,-0.42,-39.16,-26.4,352.61
1629120.367666,-1.711,0.51,-0.358,-99.37,107.3,435.16
1629120.414174,-3.988,-0.389,-2.993,-67.66,151.01,537.77
1629120.457208,-0.891,-4.0,0.815,-0.95,120.98,215.61
1629120.504670,-1.495,-0.872,-1.619,68.15,-248.79,-288.83
1629120.547307,-1.766,-0.779,-0.99,-114.51,-63.23,-358.2
1629120.593303,-0.885,-0.433,-0.874,-25.39,-123.17,-261.36
1629120.633967,-0.332,-0.638,-0.806,-83.19,-44.62,-259.96
1629120.674378,0.095,-0.431,-0.741,-36.81,-2.96,-209.02
1629120.717553,0.346,-0.204,-0.503,-4.76,20.02,-205.3
1629120.763352,0.569,-0.103,-0.443,-22.1,37.29,-169.99
1629120.803946,0.613,0.091,-0.472,-2.9,31.74,-150.36
1629120.854373,0.786,0.299,-0.504,44.22,40.07,-122.96
1629120.896895,0.875,0.503,-0.785,43.49,10.35,-81.42
1629120.947332,0.843,0.496,-1.09,-19.53,24.6,-27.13
1629120.992612,0.766,0.13,-0.794,33.2,65.89,46.11
1629121.032653,0.806,-0.265,-0.567,18.1,47.46,63.84
1629121.077568,0.855,-0.327,-0.436,10.9,32.72,35.65
1629121.127707,0.939,-0.06,-0.553,-3.78,-10.19,24.63
1629121.172605,1.107,0.079,-0.572,-11.08,6.13,39.83
1629121.217551,1.195,0.313,-0.399,-6.2,10.1,78.8
1629121.263860,1.085,0.458,-0.42,20.81,-107.49,193.09
1629121.317388,0.612,0.341,-0.535,28.84,-178.93,309.98
1629121.363560,-0.72,0.237,0.007,43.18,13.15,388.47
1629121.406296,-3.814,0.212,-0.077,457.38,49.29,462.51
1629121.454772,-1.851,-4.0,0.079,-1000.03,242.44,121.25
1629121.497348,-0.746,-2.678,-0.908,735.22,81.03,-93.66
1629121.543980,-1.526,-0.744,-1.177,-26.22,-241.68,-278.15
1629121.587235,-1.4,-0.816,-0.652,-14.47,-54.72,-305.98
1629121.627652,-0.751,-0.935,-0.683,-4.64,-77.88,-277.11
1629121.673309,-0.055,-0.673,-0.722,-11.32,-34.55,-282.14
1629121.723738,0.346,-0.381,-0.543,-8.24,45.2,-240.79
1629121.764021,0.562,-0.159,-0.466,0.73,24.69,-217.23
1629121.805952,0.736,0.033,-0.517,-10.22,20.72,-194.62
1629121.847617,0.722,0.203,-0.48,14.37,34.85,-143.01
1629121.893016,0.858,0.229,-0.609,1.83,5.8,-82.71
1629121.937684,0.881,0.171,-0.631,-24.99,23.19,-59.6
1629121.983296,0.87,-0.025,-0.739,-36.84,-9.49,-13.49
1629122.027430,0.679,-0.107,-0.786,-33.97,62.81,7.6
1629122.073573,0.587,-0.182,-0.557,-50.11,32.2,22.43
1629122.123176,0.862,-0.15,-0.535,-27.19,5.68,43.12
1629122.163623,0.963,-0.256,-0.479,-41.47,14.28,41.6
1629122.204867,0.879,-0.304,-0.469,-20.94,18.77,35.37
1629122.254110,0.943,-0.364,-0.367,24.54,10.28,9.0
1629122.299423,0.979,-0.283,-0.45,17.06,2.53,-6.32
1629122.343264,1.132,0.522,-0.493,-10.8,-39.92,36.35
1629122.383580,1.045,1.025,-0.45,57.56,-68.21,150.94
1629122.423591,1.225,0.968,-0.704,69.73,-51.79,267.07
1629122.463882,0.385,0.871,-0.425,-111.88,109.9,374.49
1629122.506896,-0.592,0.228,-0.115,-261.45,2.41,429.06
1629122.547594,-2.649,0.454,-0.875,-51.76,109.93,447.19
1629122.594326,-2.134,-3.526,-3.564,-783.65,65.52,256.36
1629122.637860,-0.413,-3.152,-0.692,455.58,236.67,226.08
1629122.687127,-1.32,-0.722,-1.889,-33.11,-245.46,-333.23
1629122.727737,-1.367,-0.616,-1.077,60.64,-0.64,-315.32
1629122.774174,-0.415,-0.677,-1.172,101.57,-71.41,-236.61
1629122.814211,-0.015,-0.62,-1.009,42.33,-15.23,-239.42
1629122.857039,0.255,-0.4,-0.96,42.82,43.46,-201.73
1629122.897622,0.395,-0.333,-0.643,64.18,103.49,-185.03
1629122.944162,0.525,-0.09,-0.357,66.07,87.92,-178.9
1629122.987213,0.636,0.073,-0.294,57.59,88.11,-158.42
1629123.027674,0.768,0.192,-0.173,49.53,118.02,-116.09
1629123.073635,0.879,0.211,-0.182,17.61,53.04,-77.67
1629123.123908,0.994,0.188,-0.526,22.68,25.73,-27.01
1629123.174141,1.001,-0.153,-0.442,4.43,85.06,-1.86
1629123.216984,0.977,-0.16,-0.379,-93.97,134.16,-40.25
1629123.263642,0.913,0.098,-0.088,-244.85,274.06,-94.24
1629123.307086,0.991,0.339,0.093,-271.65,323.37,-151.52
1629123.356914,0.783,0.529,0.69,-293.22,289.1,-242.68
1629123.404014,0.432,0.542,1.154,-140.72,36.47,-110.42
1629123.444363,0.551,0.376,0.87,-144.51,-134.74,9.74
1629123.488411,0.758,0.098,0.332,-128.82,-179.11,37.66
1629123.534375,0.656,-0.081,0.003,-122.32,-139.01,-30.7
1629123.577039,0.698,-0.273,-0.54,-106.94,-188.45,-9.16
1629123.624153,0.578,-0.028,-0.976,-141.94,-225.75,-76.33
1629123.667315,1.019,0.174,-1.485,-135.62,-235.54,-64.06
1629123.713711,1.019,-0.108,-0.993,-100.22,-117.13,81.76
1629123.754044,1.333,-0.339,-0.745,-24.75,-57.99,76.05
1629123.804011,1.057,0.05,-0.581,27.22,14.44,-14.71
1629123.854206,0.831,0.197,-0.497,18.4,14.83,2.35
1629123.904019,0.858,0.241,-0.462,3.27,-7.81,-15.08
1629123.954449,0.875,0.137,-0.461,-4.76,-4.33,1.31
1629123.997609,0.878,0.065,-0.468,-3.27,-1.19,-2.38
1629124.044185,0.899,0.12,-0.452,0.55,8.18,-18.31
1629124.093787,0.848,0.187,-0.424,2.78,5.04,-8.61
1629124.143103,0.824,0.194,-0.405,-3.81,3.51,-2.53
1629124.184416,0.866,0.158,-0.437,-8.24,-1.04,11.72
1629124.233547,0.907,0.11,-0.439,-9.31,2.32,2.26
1629124.283071,0.88,0.122,-0.451,-3.39,7.11,5.89
1629124.327461,0.858,0.116,-0.414,-2.75,8.12,11.35
1629124.373867,0.845,0.091,-0.413,-7.72,1.68,-1.92
1629124.423310,0.866,0.118,-0.418,-7.17,-1.04,-4.7
1629124.464056,0.845,0.094,-0.4,-6.96,-0.67,1.77
1629124.513360,0.861,0.073,-0.407,-2.17,-3.51,4.7
1629124.557334,0.859,0.072,-0.408,-1.53,-1.86,0.64
1629124.603596,0.864,0.092,-0.419,0.95,-1.86,0.46
1629124.652910,0.882,0.105,-0.426,0.89,-1.1,-1.28
1629124.694032,0.892,0.115,-0.43,2.04,0.21,2.11
1629124.743634,0.892,0.113,-0.425,0.58,1.86,1.89
1629124.792860,0.871,0.105,-0.425,0.49,1.22,0.95
1629124.833810,0.884,0.1,-0.43,-0.52,-0.03,0.4
1629124.883202,0.877,0.093,-0.423,0.7,1.01,-1.28
1629124.927514,0.87,0.106,-0.423,1.71,2.81,-1.89
1629124.973774,0.863,0.121,-0.414,1.53,0.43,-2.04
1629125.023078,0.874,0.121,-0.413,1.65,-0.24,-5.22
1629125.063678,0.874,0.1,-0.431,7.9,-3.36,-6.59
1629125.104135,0.876,0.11,-0.433,1.1,-3.11,-12.15
1629125.153593,0.881,0.131,-0.436,1.22,1.22,-8.03
1629125.194103,0.87,0.129,-0.417,1.71,3.23,-2.66
1629125.243350,0.873,0.132,-0.415,-0.21,1.43,-6.32
1629125.287291,0.871,0.156,-0.408,0.52,0.89,-7.63
1629125.349313,0.864,0.156,-0.412,-2.53,-0.15,-3.54
1629125.393001,0.867,0.138,-0.423,-5.22,-2.96,-2.29
1629125.437602,0.845,0.135,-0.428,-2.38,-7.63,3.39
1629125.483530,0.85,0.101,-0.431,2.5,-1.34,5.28
1629125.533214,0.828,0.122,-0.47,10.56,-0.49,12.21
1629125.573557,0.818,0.081,-0.464,24.45,4.79,36.1
1629125.617438,0.739,-0.017,-0.541,47.91,16.02,77.7
1629125.663724,0.884,-0.293,-0.613,120.27,39.46,179.11
1629125.706892,0.972,-0.457,-0.639,118.2,60.46,106.66
1629125.747534,0.938,-0.257,-0.743,111.79,87.13,-5.22
1629125.787667,0.842,-0.065,-0.607,89.57,96.65,-6.68
1629125.833230,0.983,-0.126,-0.457,55.76,72.63,1.89
1629125.877845,0.92,-0.12,-0.381,32.14,75.08,-8.58
1629125.923017,0.954,-0.25,-0.224,48.16,63.02,-0.12
1629125.963442,0.922,-0.214,-0.207,42.21,66.99,-20.29
1629126.004316,0.914,-0.304,0.026,52.67,69.03,-9.43
1629126.047630,0.862,-0.316,0.006,50.42,55.67,-13.95
1629126.093335,0.849,-0.257,0.224,67.54,66.32,7.63
1629126.137777,0.826,-0.084,0.338,37.2,59.42,-19.32
1629126.183723,0.804,0.06,0.525,13.06,52.55,17.49
1629126.228597,0.811,-0.051,0.563,8.79,25.85,64.49
1629126.272912,0.719,0.048,0.659,-54.96,38.61,50.87
1629126.323668,0.719,-0.174,0.525,-107.36,-15.56,21.88
1629126.364021,0.973,-0.612,0.431,-109.26,-23.38,12.21
1629126.413902,0.943,-0.528,0.588,-48.86,15.41,-9.77
1629126.464237,0.926,-0.378,0.494,-31.34,-2.23,-24.75
1629126.517445,0.905,-0.336,0.362,-9.98,12.12,-18.37
1629126.567742,0.847,-0.409,0.319,-6.9,10.65,-10.47
1629126.614304,0.799,-0.375,0.279,9.77,9.52,6.87
1629126.664190,0.854,-0.415,0.236,10.01,-0.43,6.56
1629126.713495,0.855,-0.365,0.236,11.11,-2.29,7.08
1629126.753754,0.861,-0.365,0.226,7.93,-6.35,11.02
1629126.794061,0.885,-0.403,0.241,0.18,-4.55,4.64
1629126.843123,0.875,-0.393,0.258,4.27,-3.57,5.86
1629126.887572,0.875,-0.388,0.266,6.13,-3.51,10.04
1629126.933881,0.874,-0.403,0.255,1.74,-2.9,3.08
1629126.983223,0.869,-0.387,0.259,0.82,-5.22,8.88
1629127.027569,0.886,-0.428,0.234,2.84,-0.37,10.35
1629127.074151,0.865,-0.401,0.249,0.06,0.98,2.75
1629127.123268,0.87,-0.408,0.244,1.13,-0.98,7.9
1629127.164168,0.864,-0.401,0.269,-0.31,0.27,6.87
1629127.213470,0.848,-0.418,0.28,-6.2,-2.14,3.51
1629127.254147,0.856,-0.429,0.265,-1.04,-2.96,4.58
1629127.303758,0.877,-0.453,0.245,0.55,-1.92,5.37
1629127.354603,0.865,-0.432,0.246,4.15,-0.82,-1.77
1629127.407423,0.866,-0.416,0.244,3.33,-1.92,-2.69
1629127.453867,0.856,-0.394,0.255,4.27,-0.55,3.36
1629127.504036,0.867,-0.421,0.244,1.43,-0.89,5.77
1629127.544432,0.842,-0.423,0.256,-1.53,-0.31,2.81
1629127.593637,0.84,-0.431,0.261,-1.31,-3.08,3.05
1629127.642934,0.862,-0.431,0.251,-0.21,-5.58,5.1
1629127.684253,0.884,-0.432,0.236,0.79,-3.2,1.8
1629127.733405,0.869,-0.429,0.227,0.31,-1.19,4.21
1629127.777553,0.858,-0.435,0.229,1.53,1.07,9.46
1629127.824149,0.836,-0.456,0.249,-0.61,-0.15,7.81
1629127.873438,0.833,-0.468,0.254,-2.96,-0.43,0.06
1629127.917544,0.849,-0.47,0.248,-0.37,-3.11,1.98
1629127.963909,0.847,-0.446,0.245,1.04,1.59,2.96
1629128.006694,0.835,-0.449,0.26,-2.38,-0.61,3.51
1629128.054037,0.866,-0.488,0.241,0.46,-2.35,1.74
1629128.103272,0.836,-0.435,0.259,3.88,-1.25,0.03
1629128.147612,0.85,-0.443,0.239,1.83,-5.43,3.54
1629128.193885,0.852,-0.446,0.247,-0.52,-5.1,2.72
1629128.233985,0.878,-0.483,0.218,-0.76,-6.47,2.38
1629128.274123,0.861,-0.465,0.23,0.52,-3.54,-4.06
1629128.324488,0.855,-0.45,0.231,0.98,-3.85,-4.12
1629128.364538,0.845,-0.444,0.225,2.35,-4.18,0.79
1629128.413794,0.837,-0.446,0.222,0.31,-2.59,1.83
1629128.462738,0.831,-0.454,0.22,-2.56,-2.9,1.77
1629128.504218,0.847,-0.486,0.208,0.55,-3.69,4.0
1629128.554323,0.851,-0.476,0.198,8.79,1.31,2.59
1629128.597543,0.861,-0.467,0.212,5.68,-2.5,-0.85
1629128.643861,0.855,-0.45,0.22,4.58,-6.87,0.61
1629128.693075,0.867,-0.471,0.204,6.2,-5.52,3.85
1629128.734451,0.861,-0.472,0.201,4.21,-2.72,2.84
1629128.783480,0.841,-0.452,0.215,5.19,0.98,0.98
1629128.827754,0.83,-0.442,0.22,0.58,-3.39,-0.06
1629128.873942,0.851,-0.474,0.202,-1.62,-5.8,0.64
1629128.923308,0.854,-0.459,0.208,-0.89,-8.61,-5.89
1629128.969624,0.867,-0.45,0.188,-0.09,-11.96,-3.02
1629129.014149,0.877,-0.456,0.181,-0.73,-10.68,0.4
1629129.063946,0.876,-0.472,0.179,-0.46,-5.68,-0.21
1629129.104289,0.857,-0.453,0.188,1.95,-2.62,2.41
1629129.154059,0.855,-0.464,0.186,0.82,-0.64,1.89
1629129.204410,0.844,-0.464,0.189,0.34,-0.43,-1.65
1629129.247615,0.845,-0.451,0.184,0.43,-3.63,0.4
1629129.294192,0.869,-0.465,0.168,-0.37,-3.54,1.5
1629129.343036,0.873,-0.459,0.173,2.11,-3.17,-0.37
1629129.384467,0.871,-0.447,0.175,2.62,-2.08,0.18
1629129.433634,0.864,-0.459,0.172,1.34,-0.52,0.58
1629129.477391,0.842,-0.447,0.186,1.77,-1.16,0.82
1629129.523704,0.844,-0.454,0.172,0.03,-4.03,3.27
1629129.572901,0.863,-0.493,0.161,0.52,-5.43,4.91
1629129.614057,0.866,-0.487,0.145,3.81,-3.23,4.55
1629129.663356,0.865,-0.477,0.152,2.59,-0.55,1.4
1629129.712656,0.868,-0.477,0.156,3.23,0.06,1.62
1629129.754625,0.861,-0.465,0.158,3.69,1.16,-0.43
1629129.803231,0.838,-0.435,0.203,2.93,2.53,1.62
1629129.844497,0.938,-0.476,0.289,8.15,-2.14,6.65
1629129.894373,1.228,-0.385,0.439,28.26,18.95,-16.45
1629129.934427,1.092,-0.176,0.731,50.63,66.99,-53.32
1629129.974541,0.831,0.033,0.963,51.27,84.05,-79.41
1629130.014680,0.552,-0.014,1.108,35.28,44.43,-60.15
1629130.067753,0.675,-0.161,0.825,11.41,-34.73,-37.11
1629130.113348,0.586,-0.011,0.609,-47.58,-61.37,-136.75
1629130.154050,0.568,-0.059,0.248,-57.22,-137.33,-39.37
1629130.194109,0.865,-0.173,-0.393,-94.06,-141.24,-57.5
1629130.237483,0.597,-0.088,-0.657,-111.03,-176.24,-58.96
1629130.284205,0.822,-0.069,-1.149,-140.02,-201.79,-27.1
1629130.327289,0.995,-0.103,-1.257,-150.46,-165.04,-43.34
1629130.367736,0.865,-0.258,-0.826,-102.79,-86.83,34.09
1629130.413337,0.894,-0.371,-0.673,-24.75,-36.19,26.0
1629130.454618,0.863,-0.012,-0.598,9.67,-14.53,-21.7
1629130.497542,0.794,0.198,-0.503,3.39,-11.63,-28.84
1629130.548142,0.925,0.217,-0.491,-3.66,-16.88,-18.4
1629130.592834,0.934,0.176,-0.512,-9.43,-10.53,-7.57
1629130.634308,0.904,0.082,-0.475,-3.54,0.61,27.16
1629130.684030,0.882,-0.063,-0.438,0.7,2.2,8.24
1629130.733310,0.83,0.036,-0.466,3.36,3.3,-13.7
1629130.777688,0.798,0.088,-0.434,3.23,2.38,-3.36
1629130.824050,0.856,0.061,-0.454,-3.08,-0.7,2.96
1629130.873283,0.874,0.039,-0.502,-3.36,3.02,-1.13
1629130.914273,0.834,0.035,-0.46,-2.04,2.87,-3.69
1629130.963599,0.849,0.054,-0.48,0.12,0.0,5.22
1629131.007711,0.849,-0.001,-0.456,-0.34,0.43,4.73
1629131.054086,0.884,0.016,-0.466,-2.11,-2.38,-5.25
1629131.103321,0.872,0.032,-0.456,0.89,1.4,-2.93
1629131.144475,0.84,0.041,-0.461,2.26,-0.55,2.04
1629131.193717,0.844,0.058,-0.473,1.43,0.7,5.89
1629131.243017,0.834,0.048,-0.455,1.56,-1.71,3.97
1629131.284334,0.848,0.07,-0.471,-0.4,-4.0,-0.31
1629131.333479,0.867,0.081,-0.466,-1.65,-6.44,1.4
1629131.377617,0.879,0.063,-0.504,-5.19,-6.44,2.23
1629131.423917,0.897,0.05,-0.489,-1.56,-0.73,0.67
1629131.473241,0.865,0.068,-0.457,0.03,0.64,-6.87
1629131.517508,0.866,0.093,-0.477,21.61,-2.5,-8.15
1629131.567618,0.849,0.117,-0.47,13.21,3.66,-12.79
1629131.617500,0.723,0.183,-0.459,-2.84,7.23,-23.87
1629131.667729,0.752,0.191,-0.475,-29.66,-19.56,-11.11
1629131.713041,0.902,0.005,-0.515,-35.25,-23.38,23.38
1629131.754700,0.998,-0.131,-0.497,-12.15,-10.41,23.74
1629131.807335,0.857,-0.055,-0.503,4.12,7.35,-4.24
1629131.853715,0.801,0.073,-0.455,-0.64,1.8,-4.18
1629131.903729,0.829,0.037,-0.491,-4.88,-4.21,-0.49
1629131.944273,0.855,0.046,-0.481,0.76,-3.88,4.67
1629131.993228,0.854,0.025,-0.511,4.46,-0.7,7.69
1629132.037337,0.864,0.084,-0.495,1.19,3.27,-1.13
1629132.083994,0.847,0.091,-0.466,-1.22,-5.86,-8.55
1629132.133107,0.849,0.102,-0.504,-0.12,-5.65,6.41
1629132.175410,0.833,0.068,-0.498,1.59,-7.75,5.01
1629132.223960,0.731,0.124,-0.526,16.14,2.5,16.66
1629132.277280,0.775,-0.013,-0.616,48.07,19.41,54.72
1629132.327850,0.988,-0.122,-0.947,65.03,52.67,15.5
1629132.373553,0.88,-0.322,-1.234,90.37,117.47,-9.8
1629132.414115,0.703,-0.034,-1.224,85.21,147.56,-70.47
1629132.454120,0.507,-0.015,-0.96,51.85,156.8,-61.1
1629132.494499,0.805,0.089,-0.676,107.91,139.56,-9.31
1629132.537716,0.793,0.085,-0.491,44.56,119.3,-31.1
1629132.577815,0.699,-0.089,0.011,73.27,106.51,32.69
1629132.623704,0.875,-0.031,0.351,44.47,71.6,31.04
1629132.663993,0.965,0.003,0.388,-34.91,44.19,-18.59
1629132.713715,0.808,-0.014,0.715,-44.5,56.67,38.24
1629132.753801,1.022,0.356,0.55,-77.94,23.96,34.3
1629132.794171,0.543,0.369,0.542,-150.06,57.77,-12.94
1629132.834283,0.579,-0.142,0.76,-141.15,8.03,99.0
1629132.877425,1.046,-0.547,0.418,-112.16,9.83,66.41
1629132.923454,0.986,-0.583,0.561,-114.51,35.0,-45.14
1629132.963800,0.942,-0.472,0.546,-61.56,43.09,-17.15
1629133.013100,0.904,-0.227,0.483,-19.26,40.68,7.42
1629133.063408,0.897,-0.341,0.39,4.3,15.75,21.3
1629133.113550,0.92,-0.287,0.287,7.81,14.86,-7.66
1629133.163349,0.828,-0.26,0.313,7.29,3.6,4.24
1629133.205602,0.898,-0.288,0.273,14.13,2.59,14.92
1629133.247356,0.883,-0.261,0.309,2.08,-0.82,-9.03
1629133.294341,0.903,-0.283,0.316,6.56,-11.99,-4.64
1629133.343706,0.922,-0.269,0.309,11.63,-6.16,5.43
1629133.393619,0.893,-0.276,0.29,12.57,-4.18,5.89
1629133.442917,0.897,-0.281,0.263,7.48,-2.9,-3.42
1629133.484456,0.87,-0.252,0.259,1.77,-0.85,-5.37
1629133.533542,0.898,-0.22,0.268,1.8,-2.72,11.51
1629133.583227,0.947,-0.272,0.26,-7.66,-5.92,5.62
1629133.624215,0.957,-0.309,0.242,-7.05,-3.88,4.67
1629133.673590,0.944,-0.307,0.251,-5.22,-2.99,-0.37
1629133.717614,0.918,-0.283,0.283,-2.38,-1.37,-0.61
1629133.763741,0.878,-0.277,0.285,-5.55,2.2,-1.68
1629133.812823,0.881,-0.304,0.296,-2.96,2.17,2.81
1629133.854182,0.888,-0.295,0.284,-0.31,-0.85,3.17
1629133.903622,0.874,-0.265,0.279,-1.5,-3.36,-0.82
1629133.947778,0.891,-0.288,0.276,-0.7,-9.49,4.3
1629133.994038,0.94,-0.313,0.249,-2.26,-5.98,3.2
1629134.043373,0.932,-0.313,0.255,-1.98,0.85,-0.49
1629134.084251,0.921,-0.272,0.242,1.56,-0.18,3.2
1629134.133577,0.907,-0.255,0.248,-0.58,-2.62,2.32
1629134.182939,0.891,-0.302,0.259,-3.72,-4.3,6.41
1629134.224509,0.879,-0.313,0.255,-1.71,-2.75,11.72
1629134.273936,0.892,-0.314,0.255,-3.57,-2.72,4.7
1629134.323082,0.934,-0.352,0.241,-0.85,-5.98,5.8
1629134.364071,0.965,-0.353,0.217,2.53,-0.24,3.14
1629134.413342,0.93,-0.31,0.255,4.73,2.23,-3.08
1629134.457542,0.923,-0.308,0.246,6.07,-3.54,-3.36
1629134.503865,0.9,-0.28,0.226,1.28,-2.47,-8.18
1629134.552740,0.887,-0.315,0.238,-1.89,-1.43,0.89
1629134.593976,0.873,-0.311,0.252,1.5,-0.76,5.22
1629134.643255,0.897,-0.308,0.246,-1.34,-2.14,3.14
1629134.687432,0.917,-0.33,0.23,-0.52,-4.0,4.64
1629134.733741,0.934,-0.329,0.217,1.95,-1.25,0.43
1629134.783330,0.91,-0.324,0.233,4.09,-1.89,-0.15
1629134.824440,0.911,-0.32,0.203,5.74,-2.23,-3.54
1629134.873611,0.912,-0.299,0.22,1.37,-1.43,-2.47
1629134.917832,0.909,-0.291,0.225,-2.96,3.2,3.27
1629134.964160,0.889,-0.326,0.252,-5.62,3.48,5.8
1629135.013338,0.915,-0.343,0.233,0.12,-1.37,2.59
1629135.054624,0.914,-0.305,0.236,-1.16,-0.76,-3.33
1629135.103707,0.92,-0.322,0.233,-3.69,0.06,1.07
1629135.153405,0.907,-0.317,0.239,-1.53,1.89,0.82
1629135.194065,0.892,-0.32,0.255,-2.14,1.56,1.37
1629135.243488,0.898,-0.334,0.242,-0.67,-0.52,5.65
1629135.287679,0.921,-0.322,0.22,0.79,1.59,1.19
1629135.333969,0.903,-0.321,0.242,-0.52,3.33,2.01
1629135.374149,0.901,-0.337,0.246,4.33,4.15,3.33
1629135.424437,0.895,-0.331,0.245,2.44,1.77,-0.89
1629135.473721,0.899,-0.324,0.238,-1.16,1.31,-1.53
1629135.517792,0.909,-0.32,0.229,-1.56,1.71,0.76
1629135.564045,0.914,-0.323,0.235,-5.04,1.56,0.0
1629135.613205,0.915,-0.329,0.242,-2.62,2.93,1.98
1629135.654214,0.908,-0.314,0.25,-3.02,1.34,-0.46
1629135.703771,0.896,-0.292,0.251,-5.83,2.53,0.06
1629135.753539,0.899,-0.327,0.247,-9.22,1.46,3.48
1629135.794144,0.904,-0.384,0.231,-5.74,1.56,7.23
1629135.843427,0.903,-0.381,0.242,-0.06,4.27,0.43
1629135.887570,0.89,-0.336,0.248,0.49,2.32,-2.08
1629135.933947,0.888,-0.301,0.247,0.85,0.18,0.03
1629135.983194,0.906,-0.315,0.249,-3.51,0.21,1.1
1629136.024219,0.925,-0.335,0.231,-5.92,4.46,-2.38
1629136.064558,0.901,-0.372,0.249,-4.82,5.62,0.98
1629136.117742,0.872,-0.359,0.273,1.37,2.14,1.89
1629136.163637,0.877,-0.323,0.259,-0.89,-1.4,-3.75
1629136.213193,0.908,-0.33,0.237,-0.15,-4.46,1.28
1629136.254123,0.912,-0.339,0.233,-2.32,-0.55,-0.09
1629136.303356,0.902,-0.361,0.246,-0.27,2.23,1.71
1629136.347607,0.893,-0.351,0.251,0.85,1.01,0.64
1629136.394067,0.898,-0.333,0.255,-0.76,1.59,-2.87
1629136.443292,0.898,-0.352,0.266,5.49,1.56,4.94
1629136.487608,0.886,-0.362,0.323,13.82,2.38,12.42
1629136.537873,0.905,-0.488,0.452,45.96,11.87,43.34
1629136.583460,0.845,-0.525,0.51,69.7,35.68,32.35
1629136.633368,0.916,-0.394,0.248,43.98,9.0,-43.67
1629136.683826,0.84,-0.192,0.236,36.19,6.35,-56.67
1629136.734242,0.85,-0.11,0.251,36.74,-15.96,-5.74
1629136.784318,0.93,-0.121,0.412,25.48,-3.94,13.28
1629136.834562,0.801,-0.207,0.712,33.36,20.78,29.42
1629136.875203,0.731,-0.224,0.949,62.41,26.61,33.85
1629136.927680,0.592,-0.202,1.104,81.67,9.09,23.47
1629136.967747,0.558,-0.139,1.079,72.79,-37.2,22.74
1629137.013340,0.693,-0.21,0.785,42.63,-88.84,27.71
1629137.055039,0.85,-0.21,0.557,-3.36,-108.4,-13.37
1629137.103968,0.774,-0.109,0.184,-59.85,-120.06,-54.66
1629137.144567,0.591,0.028,-0.049,-94.85,-143.38,-81.85
1629137.187888,0.352,0.085,-0.497,-115.21,-187.69,-28.02
1629137.234169,0.288,0.1,-1.223,-163.21,-237.31,7.45
1629137.274997,0.535,-0.061,-1.796,-202.22,-267.19,17.52
1629137.317693,1.051,-0.489,-1.283,-176.0,-135.5,30.21
1629137.363746,1.476,-0.822,-0.797,4.21,-25.45,20.69
1629137.414118,0.71,0.074,-0.721,45.96,43.37,-59.45
1629137.454395,0.623,0.408,-0.55,14.1,17.85,-43.43
1629137.504592,0.852,0.203,-0.594,-19.26,-26.34,-9.09
1629137.554275,0.995,-0.059,-0.617,1.25,-2.11,2.96
1629137.604129,0.753,-0.045,-0.519,26.09,8.76,-31.83
1629137.654080,0.696,0.086,-0.596,11.44,-2.96,-25.48
1629137.704077,0.765,0.034,-0.529,-7.57,-10.99,-11.99
1629137.753429,0.807,-0.018,-0.526,-6.07,-0.64,8.45
1629137.803335,0.769,-0.121,-0.518,3.02,0.37,23.22
1629137.848263,0.838,-0.202,-0.564,14.47,-0.95,21.82
1629137.897868,0.927,-0.328,-0.597,31.8,18.83,-9.19
1629137.937947,0.861,-0.175,-0.614,41.32,17.06,-52.58
1629137.984015,0.767,-0.018,-0.513,35.77,19.9,-60.06
1629138.033775,0.74,0.01,-0.465,13.61,5.22,-91.31
1629138.073987,0.751,0.159,-0.478,-2.01,-9.34,-132.42
1629138.125597,0.678,0.384,-0.484,-20.33,-8.42,-134.25
1629138.177751,0.719,0.483,-0.465,-32.59,-19.5,-102.85
1629138.223867,0.694,0.524,-0.525,-46.05,-35.8,-94.12
1629138.274931,0.709,0.516,-0.572,-31.28,-28.99,-50.57
1629138.324618,0.695,0.501,-0.6,-4.82,-7.35,13.58
1629138.374876,0.71,0.444,-0.557,6.87,5.13,35.83
1629138.423906,0.683,0.391,-0.515,1.71,5.31,8.36
1629138.473677,0.665,0.443,-0.52,1.62,-2.44,-5.65
1629138.514286,0.67,0.453,-0.537,4.12,-1.4,-0.79
1629138.563487,0.666,0.454,-0.538,3.3,-1.16,5.55
1629138.607511,0.67,0.444,-0.531,-0.06,-3.23,5.71
1629138.653852,0.68,0.446,-0.538,1.01,-2.56,10.41
1629138.703809,0.7,0.431,-0.555,1.59,-3.66,11.51
1629138.754035,0.699,0.417,-0.563,0.76,-4.88,11.75
1629138.797733,0.695,0.405,-0.558,0.18,-5.43,8.61
1629138.844380,0.687,0.408,-0.553,1.92,-2.08,10.56
1629138.893791,0.698,0.389,-0.577,0.76,-2.5,8.36
1629138.943027,0.688,0.403,-0.566,0.18,0.24,2.87
1629138.984192,0.696,0.401,-0.568,-1.86,0.64,6.44
1629139.033189,0.71,0.402,-0.565,-3.2,-1.83,-1.5
1629139.077432,0.693,0.406,-0.554,-3.97,-0.21,3.17
1629139.123794,0.701,0.391,-0.558,-3.91,-1.56,7.32
1629139.173385,0.691,0.374,-0.557,-1.19,-0.21,9.49
1629139.217437,0.675,0.365,-0.589,0.4,-2.2,13.09
1629139.264621,0.702,0.333,-0.664,17.91,6.68,26.46
1629139.317847,0.802,0.302,-0.77,54.78,38.82,37.63
1629139.363671,0.787,0.378,-0.91,83.01,83.74,36.35
1629139.404395,0.753,0.377,-0.942,86.43,99.25,41.84
1629139.454381,0.739,0.203,-1.021,80.17,118.75,45.26
1629139.497367,0.752,0.062,-0.792,83.96,140.35,50.51
1629139.537667,0.716,-0.018,-0.665,77.97,91.34,30.4
1629139.583801,0.776,-0.152,-0.623,67.69,88.35,47.12
1629139.634273,0.812,-0.117,-0.323,50.33,107.55,17.73
1629139.675257,0.753,-0.069,-0.063,29.85,107.61,19.68
1629139.717650,0.709,-0.1,0.176,25.51,125.83,43.28
1629139.757904,0.833,-0.027,0.305,15.72,120.18,49.35
1629139.803840,0.883,0.03,0.429,-62.41,109.44,29.76
1629139.843961,0.795,-0.021,0.528,-86.18,93.39,53.38
1629139.884513,0.776,-0.138,0.678,-83.56,107.33,80.26
1629139.924606,0.747,-0.222,0.758,-85.67,78.13,64.85
1629139.977773,0.776,-0.483,0.886,-52.83,103.85,44.77
1629140.023043,0.748,-0.542,0.854,-20.72,66.41,-14.1
1629140.063083,0.726,-0.495,0.797,-5.07,35.4,-42.82
1629140.107457,0.72,-0.314,0.675,1.19,22.61,-58.5
1629140.157622,0.689,-0.227,0.61,4.67,4.97,-40.01
1629140.207534,0.726,-0.218,0.53,21.85,0.09,-0.18
1629140.254162,0.775,-0.277,0.47,6.47,-5.52,3.39
1629140.303503,0.805,-0.309,0.475,-2.5,2.66,-5.34
1629140.347550,0.818,-0.306,0.503,9.43,2.99,4.18
1629140.397674,0.863,-0.313,0.463,22.06,4.06,14.22
1629140.444955,0.834,-0.325,0.507,10.25,5.07,3.63
1629140.494326,0.832,-0.328,0.493,17.55,4.58,1.4
1629140.544009,0.806,-0.255,0.502,13.76,0.46,-3.94
1629140.593704,0.793,-0.278,0.496,10.62,0.18,3.48
1629140.643517,0.776,-0.271,0.514,12.27,2.44,11.54
1629140.693145,0.799,-0.289,0.497,5.52,-4.15,7.42
1629140.734479,0.806,-0.267,0.499,0.27,-4.49,2.87
1629140.783574,0.803,-0.302,0.515,1.59,-3.23,5.83
1629140.827826,0.784,-0.286,0.532,4.67,-3.72,7.63
1629140.874477,0.802,-0.288,0.512,-2.53,-3.3,2.93
1629140.923309,0.826,-0.328,0.51,-6.68,-4.7,-1.98
1629140.964244,0.833,-0.303,0.5,-0.06,-0.7,-0.67
1629141.013749,0.795,-0.242,0.523,2.62,3.36,2.38
1629141.057812,0.776,-0.268,0.55,-2.5,-0.89,4.18
1629141.103822,0.792,-0.298,0.526,-4.43,-5.58,3.17
1629141.148015,0.812,-0.313,0.512,-4.88,-10.25,4.12
1629141.197491,0.829,-0.302,0.487,-3.42,-4.06,3.6
1629141.243745,0.828,-0.347,0.507,-2.04,-0.27,-0.79
1629141.293083,0.808,-0.307,0.515,3.97,1.13,-3.75
1629141.334440,0.787,-0.248,0.503,2.23,5.49,-4.76
1629141.383932,0.779,-0.252,0.503,1.5,1.25,2.56
1629141.433032,0.796,-0.292,0.49,-1.59,-1.8,2.78
1629141.474884,0.809,-0.338,0.499,-0.82,-4.55,5.46
1629141.523560,0.824,-0.318,0.493,-3.08,0.49,-0.52
1629141.567869,0.826,-0.293,0.481,2.56,4.33,-1.53
1629141.613873,0.794,-0.274,0.515,0.24,4.09,2.78
1629141.663101,0.803,-0.321,0.507,-2.2,-1.19,2.26
1629141.704088,0.811,-0.312,0.506,-4.85,-2.99,0.06
1629141.753409,0.821,-0.293,0.482,-4.24,-0.92,0.03
1629141.797887,0.813,-0.321,0.501,-3.23,3.3,2.32
1629141.843765,0.81,-0.331,0.507,-1.13,8.79,-0.21
1629141.893123,0.793,-0.304,0.528,-1.37,5.86,-1.56
1629141.934591,0.794,-0.296,0.521,-0.85,2.99,-0.03
1629141.984060,0.796,-0.323,0.522,-1.01,1.1,0.89
1629142.027928,0.795,-0.312,0.516,0.95,1.8,-1.1
1629142.074849,0.792,-0.299,0.516,0.82,3.72,-0.24
1629142.123368,0.791,-0.318,0.522,0.21,2.29,1.68
1629142.164636,0.797,-0.311,0.521,2.2,2.96,0.18
1629142.213848,0.798,-0.308,0.52,1.62,1.25,0.85
1629142.254712,0.787,-0.293,0.524,0.79,0.24,0.24
1629142.304298,0.802,-0.29,0.507,-1.04,-0.31,0.52
1629142.353372,0.798,-0.315,0.511,-1.16,0.58,3.66
1629142.397503,0.796,-0.319,0.517,0.52,0.89,2.23
1629142.444005,0.796,-0.307,0.516,1.1,1.19,0.98
1629142.493257,0.788,-0.288,0.522,-0.06,0.67,1.16
1629142.534503,0.791,-0.315,0.522,0.85,0.09,3.63
1629142.583831,0.799,-0.319,0.51,0.82,-1.46,0.79
1629142.627934,0.803,-0.296,0.501,-1.59,0.52,-1.04
1629142.674218,0.799,-0.308,0.516,-1.01,1.98,2.38
1629142.723354,0.78,-0.316,0.524,-0.64,1.8,2.14
1629142.764569,0.782,-0.329,0.522,-0.85,-0.24,1.86
1629142.813809,0.793,-0.321,0.514,-1.62,-0.09,-0.06
1629142.857908,0.787,-0.312,0.522,-1.1,0.46,1.43
1629142.904042,0.787,-0.309,0.528,-2.04,0.79,3.6
1629142.953348,0.791,-0.337,0.526,-1.8,0.03,3.3
1629142.994648,0.788,-0.318,0.527,-0.03,0.27,2.26
1629143.043900,0.777,-0.32,0.54,1.16,-0.7,4.15
1629143.093106,0.786,-0.338,0.53,1.74,-1.92,3.66
1629143.134597,0.79,-0.329,0.52,1.95,-0.82,1.28
1629143.183727,0.789,-0.323,0.52,3.11,-0.61,1.83
1629143.227889,0.782,-0.337,0.525,2.41,-0.43,2.26
1629143.274188,0.789,-0.339,0.513,2.81,-1.34,0.49
1629143.323558,0.791,-0.308,0.505,3.2,-0.52,-0.34
1629143.364114,0.791,-0.309,0.509,2.41,1.16,1.16
1629143.413562,0.792,-0.322,0.512,0.89,0.61,1.8
1629143.457649,0.782,-0.313,0.52,0.37,-0.15,1.56
1629143.504024,0.782,-0.324,0.527,0.73,-0.31,2.17
1629143.553295,0.783,-0.313,0.521,1.83,-0.55,1.92
1629143.594608,0.785,-0.319,0.52,0.49,0.27,3.75
1629143.643883,0.79,-0.348,0.526,1.37,2.35,3.6
1629143.693093,0.792,-0.335,0.523,3.66,1.22,0.4
1629143.734427,0.785,-0.313,0.523,2.41,-0.52,-0.12
1629143.783516,0.782,-0.313,0.522,1.59,-0.31,1.43
1629143.827741,0.769,-0.319,0.53,1.34,-1.04,3.3
1629143.874093,0.777,-0.326,0.521,0.7,-1.53,2.84
1629143.923459,0.77,-0.313,0.524,0.92,-1.34,5.37
1629143.964423,0.766,-0.31,0.533,-0.34,-1.68,6.56
1629144.013744,0.701,-0.264,0.595,8.03,-3.27,21.21
1629144.064083,0.452,-0.137,0.823,67.48,7.17,95.89
1629144.104813,0.37,-0.068,0.894,113.77,-19.56,192.82
1629144.147641,0.664,-0.573,0.575,40.86,-139.9,221.2
1629144.194234,0.651,-1.104,0.37,-10.8,-266.3,159.89
1629144.237516,0.61,-1.158,0.218,64.85,-261.3,104.86
1629144.277751,0.68,-0.861,0.32,109.35,-180.58,57.74
1629144.324504,0.676,-0.587,0.313,168.55,-112.4,52.77
1629144.367810,0.756,-0.677,0.183,97.81,-107.3,28.35
1629144.413578,0.799,-0.765,0.297,60.58,-100.07,-18.43
1629144.453580,0.804,-0.699,0.3,71.72,-95.61,-22.98
1629144.493905,0.821,-0.658,0.239,56.73,-112.7,-25.97
1629144.534170,0.831,-0.643,0.124,33.45,-123.6,-27.5
1629144.587399,0.787,-0.548,-0.001,-8.3,-113.44,-49.65
1629144.627599,0.751,-0.547,-0.097,-48.52,-96.01,-49.41
1629144.667709,0.731,-0.575,-0.121,-58.99,-72.85,-64.03
1629144.713499,0.742,-0.506,-0.184,-23.16,-78.52,-41.54
1629144.756049,0.785,-0.487,-0.276,13.67,-63.51,-26.09
1629144.803586,0.777,-0.466,-0.326,-9.22,-42.66,-25.73
1629144.843687,0.782,-0.436,-0.329,-20.87,-52.46,-27.8
1629144.883847,0.849,-0.446,-0.358,-11.78,-25.82,-33.91
1629144.933507,0.792,-0.372,-0.281,3.72,-6.96,-24.87
1629144.973687,0.809,-0.323,-0.274,9.89,-19.26,-20.45
1629145.018000,0.845,-0.304,-0.282,9.98,-19.78,-16.24
1629145.063246,0.843,-0.253,-0.29,-0.73,-22.86,-14.25
1629145.107581,0.854,-0.267,-0.316,-12.51,-28.78,-11.2
1629145.147604,0.849,-0.272,-0.364,-16.6,-18.25,-8.85
1629145.198062,0.841,-0.305,-0.413,-23.59,-9.46,-7.97
1629145.244480,0.832,-0.291,-0.435,-2.17,-2.11,-7.84
1629145.293765,0.845,-0.28,-0.423,8.7,0.43,-2.47
1629145.343447,0.86,-0.277,-0.37,12.39,5.25,-0.27
1629145.388349,0.866,-0.266,-0.351,11.41,-1.98,1.56
1629145.434399,0.885,-0.268,-0.37,-2.72,-9.25,1.74
1629145.483639,0.869,-0.295,-0.393,-5.16,-5.95,-0.09
1629145.524747,0.849,-0.304,-0.412,-3.6,-2.62,0.24
1629145.574047,0.848,-0.294,-0.41,-0.27,1.25,0.0
1629145.623298,0.831,-0.281,-0.409,-1.68,5.89,1.1
1629145.664249,0.82,-0.295,-0.412,-4.18,7.97,2.14
1629145.713440,0.794,-0.284,-0.421,-5.43,9.09,5.98
1629145.753714,0.833,-0.301,-0.377,-2.84,11.87,11.11
1629145.794667,0.896,-0.309,-0.36,1.56,4.88,12.54
1629145.844184,0.921,-0.315,-0.329,-6.13,6.71,6.78
1629145.893356,0.887,-0.315,-0.323,-4.24,2.5,1.92
1629145.934679,0.868,-0.306,-0.345,-2.47,-0.12,-1.19
1629145.983974,0.851,-0.287,-0.373,-5.31,0.21,-1.98
1629146.028003,0.844,-0.281,-0.382,-4.85,3.17,0.58
1629146.074142,0.86,-0.308,-0.37,-3.42,4.33,3.36
1629146.123551,0.866,-0.316,-0.341,0.76,5.46,2.99
1629146.164754,0.872,-0.313,-0.341,-1.22,1.22,1.83
1629146.214690,0.876,-0.313,-0.356,-2.99,1.01,-0.79
1629146.255189,0.857,-0.307,-0.365,-3.81,1.98,-2.62
1629146.304152,0.861,-0.3,-0.369,-0.37,4.36,-1.95
1629146.353490,0.858,-0.295,-0.352,0.03,6.1,-0.95
1629146.397565,0.862,-0.297,-0.343,1.01,4.61,0.37
1629146.443771,0.876,-0.299,-0.328,-2.08,1.31,0.03
1629146.493732,0.88,-0.306,-0.35,-1.92,-1.31,-1.19
1629146.534632,0.873,-0.317,-0.36,-0.98,0.61,-2.78
1629146.584124,0.845,-0.329,-0.34,5.89,1.53,-2.84
1629146.627898,0.838,-0.368,-0.34,3.42,6.35,-7.93
1629146.675014,0.85,-0.367,-0.332,-2.87,2.87,-19.56
1629146.724350,0.897,-0.233,-0.366,8.7,-3.81,-24.08
1629146.774093,0.97,-0.086,-0.381,3.91,-6.04,-18.49
1629146.825281,1.035,0.167,-0.35,-9.67,-16.63,-8.15
1629146.874242,1.085,0.565,-0.33,-5.43,-64.55,55.24
1629146.924882,1.038,0.48,-0.33,-55.15,-101.72,152.38
1629146.968063,0.968,0.318,-0.22,-94.36,-144.81,182.99
1629147.014514,0.819,0.096,-0.383,-97.38,-183.45,242.29
1629147.064258,0.545,0.02,-0.62,-157.99,-158.18,265.14
1629147.107624,0.15,0.019,-0.685,-188.91,-75.9,304.06
1629147.154242,-1.147,0.277,-0.664,-173.86,88.05,291.39
1629147.197946,-2.492,0.729,-2.079,-203.53,83.13,259.35
1629147.244123,-0.556,-1.353,-1.012,-412.64,9.92,6.13
1629147.285081,0.32,-1.5,-1.41,198.22,-28.02,37.05
1629147.327969,-0.076,0.503,-2.133,237.13,3.54,-111.64
1629147.374856,-0.499,-0.295,-1.039,136.72,74.22,-113.77
1629147.417374,-0.462,-0.316,-1.344,149.45,-29.27,-155.67
1629147.463398,-0.327,-0.423,-1.412,0.89,8.51,-245.74
1629147.503555,-0.186,-0.333,-1.176,64.39,54.99,-208.81
1629147.544209,0.07,-0.274,-1.034,134.68,46.36,-203.71
1629147.587562,0.266,-0.085,-0.804,99.03,69.15,-203.1
1629147.633898,0.367,-0.031,-0.577,53.71,71.2,-198.64
1629147.674651,0.437,0.079,-0.518,35.98,77.46,-184.27
1629147.715040,0.466,0.165,-0.429,49.13,68.39,-162.97
1629147.757918,0.541,0.372,-0.548,81.97,43.73,-125.19
1629147.804696,0.678,0.565,-0.644,44.92,37.75,-84.63
1629147.853747,0.824,0.571,-0.682,-26.46,72.79,-48.22
1629147.904245,0.798,0.415,-0.494,-0.09,78.77,4.76
1629147.954480,0.869,0.195,-0.463,10.25,31.59,33.23
1629148.007539,0.886,0.008,-0.49,13.76,20.57,32.65
1629148.047702,0.873,-0.073,-0.507,11.54,2.26,23.26
1629148.097724,0.879,-0.119,-0.563,17.98,9.37,11.23
1629148.147648,0.83,-0.165,-0.526,21.85,7.29,1.65
1629148.194499,0.814,-0.16,-0.549,26.49,3.02,-0.79
1629148.244315,0.788,-0.165,-0.517,11.29,8.67,-6.1
1629148.293224,0.782,-0.175,-0.489,10.22,1.92,-9.19
1629148.338162,0.81,-0.141,-0.512,14.16,-3.54,-8.73
1629148.384867,0.838,-0.127,-0.532,6.41,0.27,-10.13
1629148.434046,0.827,-0.123,-0.517,-1.71,-3.39,-9.49
1629148.484289,0.828,-0.113,-0.535,3.85,-5.34,-4.88
1629148.534574,0.821,-0.13,-0.516,7.39,2.93,-4.43
1629148.584125,0.819,-0.133,-0.509,3.45,-1.28,-4.82
1629148.633342,0.813,-0.131,-0.514,9.55,0.52,-2.32
1629148.675137,0.813,-0.146,-0.517,16.33,-2.53,-1.59
1629148.724354,0.822,-0.14,-0.55,21.55,-5.34,0.03
1629148.773963,0.823,-0.119,-0.536,1.53,0.92,-2.17
1629148.817963,0.81,-0.121,-0.5,-3.05,0.82,-1.04
1629148.864286,0.816,-0.131,-0.506,-0.98,-2.81,1.53
1629148.914890,0.813,-0.143,-0.53,-2.17,-5.25,-0.12
1629148.968188,0.816,-0.15,-0.545,1.5,-3.23,0.21
1629149.014296,0.812,-0.139,-0.54,4.24,-0.27,-0.49
1629149.063564,0.812,-0.129,-0.544,10.8,0.98,-0.34
1629149.107695,0.813,-0.104,-0.537,-3.45,5.55,-1.4
1629149.153960,0.819,-0.124,-0.516,-0.64,2.87,2.75
1629149.203366,0.815,-0.142,-0.52,0.21,4.18,2.75
1629149.244580,0.818,-0.15,-0.517,0.55,4.18,2.41
1629149.293825,0.826,-0.151,-0.522,1.13,1.74,0.61
1629149.338216,0.828,-0.142,-0.524,1.22,1.71,-0.43
1629149.384429,0.826,-0.136,-0.516,1.62,2.2,-0.79
1629149.433336,0.822,-0.143,-0.503,2.75,1.77,-0.98
1629149.474915,0.831,-0.138,-0.511,1.8,0.27,-0.92
1629149.523986,0.82,-0.145,-0.514,1.68,1.8,-1.62
1629149.573374,0.822,-0.149,-0.51,2.29,0.92,-2.11
1629149.614363,0.826,-0.156,-0.513,4.0,0.67,-0.73
1629149.663454,0.823,-0.157,-0.509,2.75,0.73,-2.2
1629149.707734,0.817,-0.157,-0.508,1.71,-0.09,-2.41
1629149.754258,0.824,-0.148,-0.519,1.5,0.37,-1.92
1629149.803646,0.821,-0.147,-0.511,0.31,0.18,-0.31
1629149.844509,0.823,-0.147,-0.51,-0.55,0.34,0.06
1629149.893794,0.821,-0.144,-0.513,-2.01,0.27,0.37
1629149.937842,0.825,-0.16,-0.509,-0.37,-0.37,1.31
1629149.984355,0.822,-0.145,-0.514,-3.02,-0.43,0.4
1629150.033550,0.82,-0.135,-0.508,-1.83,-1.89,2.04
1629150.075210,0.823,-0.14,-0.515,-1.92,0.73,1.22
1629150.123469,0.817,-0.142,-0.515,-2.26,0.06,2.11
1629150.168177,0.82,-0.151,-0.513,-0.12,1.19,2.47
1629150.214333,0.82,-0.16,-0.511,-0.89,0.58,1.25
1629150.263887,0.819,-0.153,-0.508,1.74,1.1,-0.06
1629150.304544,0.817,-0.147,-0.509,1.1,1.19,-0.18
1629150.353844,0.824,-0.141,-0.514,1.86,1.01,-0.4
1629150.403871,0.825,-0.137,-0.516,0.52,0.76,0.49
1629150.444549,0.821,-0.148,-0.514,1.13,1.5,1.22
1629150.493698,0.823,-0.168,-0.516,1.83,1.43,1.4
1629150.538225,0.818,-0.168,-0.512,0.76,1.31,-0.55
1629150.584322,0.821,-0.161,-0.508,0.73,-0.67,-0.49
1629150.633293,0.819,-0.151,-0.514,0.76,0.37,-0.98
1629150.674298,0.822,-0.145,-0.513,-1.4,-0.37,-0.34
1629150.723664,0.814,-0.136,-0.508,-1.59,1.56,1.16
1629150.767712,0.819,-0.141,-0.515,-0.89,1.22,3.57
1629150.814517,0.811,-0.139,-0.512,-2.59,4.06,5.58
1629150.863403,0.815,-0.128,-0.514,-0.46,5.68,9.86
1629150.907767,0.821,-0.116,-0.516,-1.77,9.06,14.31
1629150.957677,0.829,-0.111,-0.524,3.51,4.67,20.29
1629151.007603,0.938,0.023,-0.683,5.16,18.71,38.58
1629151.057947,1.004,-0.176,-0.501,45.63,97.51,94.64
1629151.104187,1.118,-0.454,-0.444,75.9,128.12,109.71
1629151.147736,1.121,-0.765,-0.081,73.73,144.41,107.06
1629151.194069,0.913,-0.971,0.113,124.97,80.75,58.63
1629151.234414,0.724,-0.834,0.204,100.8,23.53,7.84
1629151.274858,0.53,-0.654,0.193,28.44,-51.88,-65.22
1629151.324756,0.548,-0.454,-0.191,1.4,-58.32,-94.36
1629151.367721,0.545,-0.411,-0.227,-33.42,-29.02,-101.84
1629151.407793,0.671,-0.287,-0.37,-14.28,-9.46,-100.07
1629151.453807,0.863,-0.05,-0.478,-85.6,46.08,-89.51
1629151.503936,0.78,-0.354,0.018,-47.98,45.29,-67.63
1629151.554489,0.92,-0.421,-0.102,-60.98,40.13,-82.06
1629151.597595,0.851,-0.297,0.024,-161.66,61.01,-153.72
1629151.644373,0.73,-0.085,0.301,-148.75,48.43,-196.81
1629151.687669,0.607,0.164,0.301,-192.21,29.73,-240.39
1629151.734101,0.324,0.405,0.574,-192.21,8.73,-285.84
1629151.774798,0.215,0.821,0.369,-129.64,2.44,-252.45
1629151.817476,0.098,1.199,0.37,-86.43,10.38,-258.64
1629151.857604,-0.034,1.78,-0.057,-62.59,11.08,-111.91
1629151.898046,0.165,0.892,0.12,-115.67,-5.8,141.36
1629151.944585,0.905,0.432,-0.327,-199.96,-88.14,111.21
1629151.987690,0.773,0.718,-0.06,-285.35,-90.46,65.16
1629152.034633,0.854,-0.151,-0.045,-327.98,-100.38,225.23
1629152.077788,1.15,-0.922,0.197,-351.36,-103.18,143.74
1629152.124830,1.064,-1.038,0.649,-235.24,-83.47,134.4
1629152.168713,1.376,-0.99,0.934,-92.07,-48.28,149.97
1629152.213937,1.342,-0.466,0.735,16.33,-27.28,13.46
1629152.254030,1.058,-0.282,0.597,50.78,20.75,-9.77
1629152.298126,0.861,-0.407,0.568,70.28,12.76,11.57
1629152.348200,0.889,-0.392,0.362,55.85,-26.58,-12.67
1629152.394026,0.832,-0.296,0.199,52.43,-24.66,-25.97
1629152.443993,0.81,-0.323,0.254,35.77,-11.41,-4.79
1629152.493943,0.891,-0.283,0.122,21.73,-5.25,-9.46
1629152.543836,0.76,-0.225,0.187,-14.16,30.3,8.82
1629152.583867,0.717,-0.238,0.381,-8.76,34.79,49.96
1629152.624084,0.857,-0.319,0.458,-10.83,22.52,53.56
1629152.673594,0.995,-0.39,0.373,-16.02,-4.88,5.95
1629152.717890,0.991,-0.403,0.395,-2.66,17.3,4.12
1629152.767886,0.914,-0.328,0.444,19.78,43.0,11.05
1629152.818250,0.82,-0.267,0.424,10.56,29.08,-4.58
1629152.863427,0.783,-0.274,0.444,-5.13,17.85,-24.75
1629152.907673,0.825,-0.32,0.387,-5.52,-8.27,-22.95
1629152.957591,0.806,-0.36,0.421,-6.9,14.68,-11.44
1629153.004246,0.72,-0.401,0.5,28.87,-9.95,9.89
1629153.044378,0.809,-0.325,0.437,54.57,-36.01,3.81
1629153.094530,0.839,-0.257,0.428,23.53,-16.82,-12.63
1629153.134636,0.88,-0.278,0.502,14.74,-16.82,-13.86
1629153.174659,0.819,-0.15,0.449,21.09,-18.31,-1.53
1629153.223987,0.853,-0.232,0.461,-4.97,-12.12,6.71
1629153.273755,0.838,-0.297,0.428,0.58,-12.73,3.91
1629153.318066,0.83,-0.308,0.425,8.06,-18.13,10.74
1629153.364156,0.856,-0.235,0.386,11.99,-21.7,6.38
1629153.407674,0.885,-0.226,0.37,1.53,-17.7,5.92
1629153.457811,0.91,-0.307,0.373,-0.79,-8.45,11.47
1629153.504343,0.857,-0.287,0.383,1.19,-5.71,10.8
1629153.553632,0.901,-0.275,0.373,-6.23,-2.59,-1.46
1629153.598047,0.887,-0.281,0.372,-1.68,-7.02,2.38
1629153.644305,0.876,-0.306,0.366,-5.98,-0.21,-0.43
1629153.693365,0.865,-0.309,0.372,-1.83,-8.48,2.01
1629153.738065,0.877,-0.301,0.338,-5.22,-8.94,-2.35
1629153.784184,0.884,-0.297,0.335,-2.75,-6.13,-0.95
1629153.833470,0.881,-0.281,0.331,-5.43,-5.04,-0.64
1629153.874464,0.893,-0.302,0.335,-9.28,-2.2,-0.31
1629153.923739,0.88,-0.319,0.335,-4.3,-0.27,1.89
1629153.968289,0.856,-0.305,0.342,-3.14,0.34,2.62
1629154.014329,0.836,-0.311,0.39,3.08,-2.29,9.28
1629154.063950,0.83,-0.339,0.454,12.21,-3.81,16.27
1629154.113914,0.853,-0.37,0.604,34.21,-0.92,26.18
1629154.164264,0.864,-0.324,0.636,65.77,1.59,22.55
1629154.214108,0.81,-0.168,0.763,78.8,6.44,-3.91
1629154.264396,0.579,0.153,0.929,104.5,9.4,7.29
1629154.314903,0.651,0.133,1.007,61.59,-53.29,28.63
1629154.368280,0.836,-0.069,0.727,0.79,-91.34,22.58
1629154.413424,0.864,-0.297,0.466,-46.14,-99.06,-8.45
1629154.453948,0.789,-0.36,0.213,-82.16,-116.89,-40.31
1629154.504417,0.8,-0.331,-0.289,-82.06,-133.03,-45.63
1629154.547670,0.633,-0.21,-0.602,-109.1,-150.21,-39.09
1629154.594802,0.501,-0.124,-1.062,-124.82,-170.75,6.87
1629154.647879,0.713,-0.105,-1.377,-168.52,-165.72,-26.52
1629154.694241,0.848,-0.341,-0.838,-103.12,-90.09,47.21
1629154.744827,1.012,-0.302,-0.709,-14.77,-22.34,19.84
1629154.794302,0.801,0.033,-0.602,-1.53,4.39,-24.08
1629154.843971,0.805,0.075,-0.575,-9.43,-4.36,-11.51
1629154.893284,0.904,-0.065,-0.556,1.65,-6.53,23.44
1629154.937760,0.876,-0.147,-0.548,4.67,3.33,19.23
1629154.984278,0.826,-0.159,-0.531,0.27,6.41,-9.61
1629155.033824,0.812,-0.108,-0.531,2.2,6.65,-3.45
1629155.083274,0.797,-0.112,-0.493,0.92,3.94,2.69
1629155.124384,0.821,-0.106,-0.489,-0.7,-1.34,1.22
1629155.174440,0.821,-0.093,-0.473,-2.93,2.5,-3.14
1629155.217839,0.805,-0.101,-0.491,-2.35,1.16,1.98
1629155.264273,0.838,-0.113,-0.501,-4.43,-2.9,0.92
1629155.313527,0.833,-0.115,-0.509,-0.95,-2.41,2.62
1629155.354639,0.861,-0.116,-0.515,0.15,0.43,1.65
1629155.403544,0.835,-0.102,-0.519,0.49,3.63,1.74
1629155.447954,0.851,-0.098,-0.52,-1.04,-0.21,-1.37
1629155.495360,0.832,-0.093,-0.499,0.73,1.37,2.17
1629155.543298,0.824,-0.111,-0.481,-1.53,3.3,-0.4
1629155.584895,0.817,-0.096,-0.493,-0.55,0.46,0.55
1629155.633939,0.823,-0.108,-0.485,-3.39,1.04,-1.68
1629155.678123,0.823,-0.103,-0.478,-0.09,2.5,1.07
1629155.724429,0.822,-0.104,-0.496,-2.11,-0.85,0.18
1629155.773467,0.843,-0.115,-0.511,-1.89,4.39,-2.32
1629155.814813,0.839,-0.109,-0.509,-0.21,-2.23,-2.69
1629155.863977,0.85,-0.08,-0.546,0.31,-0.79,-4.39
1629155.913843,0.814,-0.083,-0.499,1.53,0.55,1.59
1629155.954286,0.817,-0.08,-0.517,1.04,-3.23,0.92
1629156.003550,0.825,-0.081,-0.508,-0.21,-2.53,-1.56
1629156.047884,0.833,-0.081,-0.515,-0.92,-2.2,1.62
1629156.094197,0.837,-0.081,-0.515,-1.1,-0.7,-0.55
1629156.143460,0.832,-0.09,-0.513,-1.83,-1.46,2.11
1629156.184810,0.837,-0.104,-0.526,-2.35,-1.95,1.89
1629156.233986,0.837,-0.098,-0.526,-0.95,1.19,0.15
1629156.277711,0.829,-0.099,-0.513,-0.79,-0.18,1.56
1629156.324379,0.824,-0.091,-0.512,-1.95,1.65,0.12
1629156.373799,0.833,-0.111,-0.522,-2.47,-0.43,0.89
1629156.414776,0.833,-0.11,-0.524,-0.64,1.71,0.0
1629156.464071,0.819,-0.104,-0.514,-0.06,1.53,0.31
1629156.513144,0.834,-0.087,-0.515,-0.31,1.16,-1.89
1629156.554485,0.84,-0.094,-0.516,-1.37,1.04,0.61
1629156.603468,0.833,-0.101,-0.511,-0.09,2.11,0.52
1629156.647896,0.833,-0.098,-0.52,-0.21,2.29,0.0
1629156.694131,0.827,-0.098,-0.504,-0.03,0.85,0.73
1629156.743413,0.829,-0.097,-0.515,0.09,2.9,0.4
1629156.784810,0.819,-0.099,-0.497,-0.43,2.66,-0.49
1629156.833981,0.828,-0.096,-0.515,-1.31,1.01,-0.64
1629156.877997,0.825,-0.102,-0.504,-0.27,2.17,1.22
1629156.924522,0.82,-0.096,-0.514,-0.64,-0.82,-0.27
1629156.974457,0.827,-0.091,-0.506,-1.53,-0.31,-0.4
1629157.014568,0.836,-0.101,-0.512,-0.67,-0.55,0.46
1629157.063841,0.82,-0.082,-0.496,-1.07,1.68,-2.81
1629157.107984,0.817,-0.085,-0.504,-1.56,-0.89,-1.16
1629157.154304,0.841,-0.09,-0.515,-1.83,-0.34,-0.89
1629157.203732,0.839,-0.095,-0.514,-2.59,-0.82,-1.77
1629157.244824,0.832,-0.096,-0.509,-0.49,0.49,-0.67
1629157.294054,0.836,-0.083,-0.513,-1.83,-1.07,-2.75
1629157.343350,0.89,-0.074,-0.508,-2.78,-1.43,-2.41
1629157.386733,0.85,-0.092,-0.537,-0.49,3.85,2.5
1629157.433481,0.813,-0.09,-0.507,-0.82,5.25,-2.56
1629157.477995,0.806,-0.063,-0.508,-0.82,0.52,-2.41
1629157.524493,0.824,-0.081,-0.525,-0.12,1.34,1.62
1629157.573692,0.831,-0.075,-0.504,-0.34,1.04,-3.6
1629157.614763,0.838,-0.054,-0.51,-1.34,0.12,-3.85
1629157.664899,0.842,-0.067,-0.505,-1.86,0.64,0.15
1629157.708043,0.836,-0.068,-0.512,-1.22,0.55,0.34
1629157.754394,0.825,-0.076,-0.503,-2.56,1.89,-0.34
1629157.803459,0.831,-0.08,-0.506,-1.89,-0.98,-0.82
1629157.844796,0.843,-0.068,-0.512,-1.77,1.65,-1.13
1629157.893806,0.841,-0.068,-0.505,-0.89,-0.7,-0.67
1629157.937914,0.849,-0.063,-0.513,-1.37,0.7,-0.09
1629157.984564,0.83,-0.067,-0.5,-0.85,1.46,1.01
1629158.034018,0.832,-0.076,-0.504,-0.85,2.69,0.79
1629158.074614,0.827,-0.062,-0.502,-0.52,2.08,-0.58
1629158.124148,0.828,-0.062,-0.492,-1.77,0.64,-0.7
1629158.173526,0.873,-0.061,-0.509,-2.35,-0.49,-1.28
1629158.214643,0.858,-0.064,-0.497,-1.25,2.72,-0.06
1629158.263844,0.822,-0.067,-0.51,-1.5,2.53,-2.44
1629158.307999,0.812,-0.064,-0.482,-1.74,0.85,-2.23
1629158.354131,0.828,-0.068,-0.496,-3.36,-1.22,-0.37
1629158.403659,0.84,-0.08,-0.5,-2.01,-0.92,-1.46
1629158.444873,0.818,-0.071,-0.51,-0.46,-0.06,0.0
1629158.494046,0.807,-0.057,-0.502,0.12,-0.09,-1.19
1629158.538411,0.811,-0.026,-0.502,0.4,-2.66,0.67
1629158.584782,0.831,-0.04,-0.513,-4.27,-6.26,0.95
1629158.633779,0.886,-0.066,-0.536,-4.39,-2.69,-2.81
1629158.674874,0.863,-0.064,-0.542,0.46,2.87,-1.56
1629158.719839,0.847,-0.05,-0.509,2.56,6.62,-1.59
1629158.763547,0.821,-0.033,-0.502,-1.71,4.21,-2.14
1629158.804403,0.817,-0.06,-0.498,-1.8,2.26,3.17
1629158.853228,0.829,-0.076,-0.514,-2.23,1.16,1.95
1629158.894831,0.827,-0.075,-0.516,-1.1,1.68,1.16
1629158.943952,0.83,-0.062,-0.52,1.56,2.75,-1.65
1629158.988083,0.833,-0.029,-0.511,1.65,3.2,-1.22
1629159.034424,0.832,-0.023,-0.488,-1.86,0.61,0.98
1629159.083728,0.864,-0.038,-0.487,-1.95,-0.61,0.76
1629159.124885,0.861,-0.041,-0.507,-3.6,0.34,-0.03
1629159.174599,0.837,-0.066,-0.503,-2.56,0.58,3.2
1629159.218306,0.842,-0.068,-0.514,-1.59,0.06,2.14
1629159.264644,0.831,-0.051,-0.5,1.22,2.56,0.76
1629159.313572,0.832,-0.03,-0.505,-0.37,1.16,0.61
1629159.354640,0.829,-0.032,-0.485,-2.11,0.31,-1.01
1629159.404008,0.841,-0.041,-0.489,-3.3,-0.79,0.49
1629159.453257,0.833,-0.053,-0.489,-3.81,-0.12,0.79
1629159.494795,0.841,-0.067,-0.501,-3.3,-1.37,2.14
1629159.543846,0.858,-0.089,-0.498,0.82,1.62,1.71
1629159.587652,0.861,-0.081,-0.506,10.22,4.21,1.19
1629159.637590,0.829,0.003,-0.498,16.24,12.21,-5.25
1629159.687665,0.845,-0.084,-0.509,28.72,11.75,14.92
1629159.727733,0.837,-0.137,-0.531,57.47,28.87,40.47
1629159.768002,0.832,-0.211,-0.557,56.61,39.61,14.07
1629159.813840,0.724,-0.431,-0.862,115.24,57.16,46.88
1629159.864765,0.773,-0.546,-1.061,212.87,21.06,100.16
1629159.907486,0.551,-0.651,-0.71,215.16,-75.2,65.07
1629159.954311,0.711,-0.962,-0.623,329.75,-213.51,115.79
1629159.997738,0.744,-1.069,-0.491,354.29,-210.73,85.48
1629160.044113,0.941,-0.828,-0.178,287.21,-207.1,-16.72
1629160.088260,0.786,-0.429,-0.151,186.16,-175.57,-121.86
1629160.134784,0.782,-0.066,-0.184,6.29,-86.28,-130.71
1629160.174876,0.85,-0.128,-0.315,-89.39,-28.57,-115.94
1629160.218139,0.884,-0.139,-0.357,-135.26,13.37,-124.3
1629160.264123,0.777,-0.042,-0.201,-59.14,6.96,-77.97
1629160.313892,0.817,-0.1,-0.346,-1.43,-15.59,-4.7
1629160.353965,0.843,-0.164,-0.404,-13.52,-3.14,-13.7
1629160.398127,0.826,-0.229,-0.364,-30.34,-0.43,-11.6
1629160.448163,0.827,-0.298,-0.324,-16.72,-4.76,-8.79
1629160.495002,0.833,-0.34,-0.252,-3.02,1.34,11.6
1629160.544637,0.863,-0.328,-0.224,25.27,-6.26,9.83
1629160.594408,0.926,-0.335,-0.308,15.78,-2.32,-1.46
1629160.644579,0.939,-0.349,-0.266,5.34,47.49,-19.44
1629160.684660,0.905,-0.326,-0.19,19.59,49.01,-17.15
1629160.734927,0.917,-0.261,-0.199,30.76,36.35,-18.31
1629160.788310,0.929,-0.29,-0.141,11.35,26.25,-33.3
1629160.834321,0.924,-0.292,-0.126,17.73,14.92,-33.6
1629160.874422,0.915,-0.262,-0.123,22.64,-2.99,-12.97
1629160.924034,0.938,-0.269,-0.105,22.74,-24.51,-5.86
1629160.974463,0.909,-0.21,-0.155,14.92,-5.58,-3.14
1629161.018244,0.89,-0.266,-0.115,-4.7,-28.6,7.63
1629161.068047,0.914,-0.316,-0.196,21.79,-53.04,4.49
1629161.118114,0.943,-0.324,-0.311,21.03,-49.47,-4.94
1629161.168174,0.938,-0.301,-0.326,13.46,-15.78,-10.19
1629161.218260,0.895,-0.265,-0.338,12.24,-4.73,-3.42
1629161.264860,0.899,-0.29,-0.315,8.45,2.78,-2.35
1629161.314833,0.902,-0.292,-0.287,-6.74,15.69,-13.21
1629161.364318,0.914,-0.273,-0.273,-6.62,17.55,-3.85
1629161.413984,0.918,-0.248,-0.252,-6.53,13.21,1.07
1629161.463916,0.913,-0.246,-0.272,-21.24,3.75,17.37
1629161.504275,0.929,-0.302,-0.207,-22.28,22.19,8.58
1629161.548250,0.921,-0.256,-0.21,-5.37,19.26,3.66
1629161.597914,0.93,-0.284,-0.17,0.52,20.42,2.26
1629161.644646,0.893,-0.274,-0.123,7.17,5.74,5.62
1629161.693974,0.912,-0.279,-0.169,1.62,-9.98,-1.89
1629161.738226,0.92,-0.279,-0.198,-7.11,9.77,-6.96
1629161.784742,0.897,-0.242,-0.187,-14.28,6.84,-2.69
1629161.834646,0.902,-0.314,-0.15,-3.97,-12.79,8.88
1629161.884810,0.929,-0.292,-0.247,13.25,-30.18,4.03
1629161.934565,0.907,-0.306,-0.229,7.57,-19.81,-5.89
1629161.984807,0.898,-0.302,-0.25,24.75,-29.69,-1.43
1629162.034803,0.915,-0.281,-0.293,26.52,-30.4,1.62
1629162.084743,0.912,-0.271,-0.297,7.2,-8.51,-0.15
1629162.134096,0.893,-0.276,-0.271,-3.42,5.43,0.12
1629162.178045,0.905,-0.292,-0.275,-1.01,3.05,3.36
1629162.224489,0.898,-0.296,-0.279,-0.18,5.8,3.78
1629162.273472,0.88,-0.31,-0.258,-3.78,-1.07,-0.24
1629162.314585,0.874,-0.295,-0.261,-0.89,-5.34,-0.85
1629162.363808,0.885,-0.302,-0.268,-5.92,-4.33,-1.37
1629162.407975,0.89,-0.279,-0.286,-4.61,-4.43,-4.0
1629162.454177,0.897,-0.242,-0.301,-4.33,-1.98,-0.4
1629162.503620,0.911,-0.184,-0.305,-10.01,3.39,6.56
1629162.543921,0.989,-0.058,-0.354,-28.05,4.94,22.68
1629162.588051,1.201,0.286,-0.314,-52.86,-13.15,19.1
1629162.629333,1.29,1.052,-0.166,-67.81,-73.79,49.53
1629162.674166,1.136,0.708,-0.157,-63.08,-120.88,235.39
1629162.717678,0.823,0.328,-0.279,-125.8,-161.63,269.6
1629162.764577,0.295,0.035,-0.484,-231.54,-152.32,300.94
1629162.808948,-0.308,-0.238,-0.562,-222.75,-57.71,285.32
1629162.854150,-1.707,0.069,-1.113,-87.83,24.96,273.42
1629162.897319,-1.414,-0.416,-2.976,-359.17,-77.76,216.99
1629162.938314,-0.373,-1.308,-1.715,-433.0,60.91,-22.55
1629162.984458,-0.537,-1.222,-1.467,362.62,19.87,13.0
1629163.025023,-0.914,-0.391,-2.08,269.39,-38.09,-202.73
1629163.068008,-0.826,-0.398,-1.386,175.76,68.0,-255.17
1629163.114792,-0.287,-0.563,-0.937,97.42,25.45,-248.85
1629163.157843,0.028,-0.297,-0.89,112.83,21.33,-216.62
1629163.204109,0.424,-0.156,-0.769,24.29,36.04,-204.29
1629163.254395,0.573,-0.034,-0.554,0.52,66.26,-176.37
1629163.294547,0.623,0.06,-0.406,33.3,84.02,-143.28
1629163.337584,0.647,0.299,-0.352,38.0,70.77,-124.15
1629163.377932,0.785,0.473,-0.388,25.39,46.02,-100.25
1629163.423644,0.888,0.727,-0.546,31.56,51.79,-61.74
1629163.463779,0.907,0.775,-0.731,15.56,34.12,0.46
1629163.513947,0.941,0.341,-0.449,-13.92,68.03,47.55
1629163.554347,0.998,0.259,-0.307,-12.09,26.37,53.38
1629163.604230,1.169,0.508,-0.438,-43.06,-44.86,71.63
1629163.644381,1.147,0.475,-0.394,-71.35,-21.55,91.46
1629163.685269,0.989,0.382,-0.185,-65.71,-49.2,127.51
1629163.727886,0.978,0.176,-0.25,-55.48,-108.13,161.11
1629163.773872,0.696,0.076,-0.343,-64.88,-79.62,178.5
1629163.814456,0.278,0.054,-0.311,-116.95,-99.58,229.62
1629163.858146,-0.117,0.014,-0.283,-129.4,-141.51,253.36
1629163.905027,-0.908,0.283,-0.525,-64.27,-69.8,269.26
1629163.947941,-2.229,0.62,-2.128,-166.14,-2.38,363.72
1629163.994524,-0.834,-1.56,-1.323,-418.29,6.07,82.61
1629164.036162,0.341,-2.055,-1.585,264.41,-19.1,86.76
1629164.077670,-0.376,-0.204,-2.487,118.96,-32.35,-209.69
1629164.118329,-1.01,-0.469,-1.545,139.32,72.02,-246.74
1629164.164685,-0.879,-0.558,-1.713,181.13,17.15,-236.88
1629164.207909,-0.626,-0.582,-1.052,69.06,58.63,-298.99
1629164.253893,-0.085,-0.212,-0.868,83.16,14.77,-292.52
1629164.294811,0.355,0.105,-0.66,39.95,66.81,-253.79
1629164.347968,0.479,0.263,-0.201,33.33,108.83,-217.05
1629164.394504,0.654,0.965,-0.325,113.5,56.12,-148.99
1629164.435067,0.876,0.863,-0.524,24.14,41.08,-79.01
1629164.488097,0.867,0.759,-0.628,23.16,16.02,-22.83
1629164.538202,0.889,0.339,-0.507,-15.75,60.67,9.31
1629164.583256,0.712,0.093,-0.609,-28.44,23.53,28.96
1629164.633485,0.725,-0.002,-0.591,-26.18,-0.43,15.02
1629164.683673,0.934,0.238,-0.595,-3.2,-21.97,29.33
1629164.723821,0.948,0.205,-0.457,-11.11,-7.6,38.97
1629164.763951,0.954,0.316,-0.428,-19.2,-16.63,43.55
1629164.814095,0.926,0.365,-0.332,-32.75,-20.57,78.4
1629164.854113,0.927,0.322,-0.177,14.65,-78.31,123.14
1629164.894967,0.875,0.342,-0.345,52.58,-154.52,175.73
1629164.938309,0.756,0.239,-0.571,22.22,-123.14,218.48
1629164.984520,0.194,0.262,-0.427,8.61,-77.36,292.37
1629165.035069,-0.921,0.323,-0.737,-37.84,23.5,368.33
1629165.078053,-3.009,0.351,-1.748,-100.07,121.71,440.29
1629165.124981,-0.559,-2.658,-1.265,-470.26,-18.07,104.98
1629165.168446,-0.158,-2.275,-0.845,430.92,111.06,127.45
1629165.214944,-0.491,-0.435,-1.751,14.34,-127.38,-210.3
1629165.257831,-0.594,-0.643,-0.999,33.88,32.84,-199.8
1629165.298289,-0.487,-0.639,-1.115,166.88,-10.83,-126.22
1629165.344456,-0.35,-0.869,-1.09,-42.48,38.48,-173.86
1629165.397519,-0.072,-0.685,-0.741,70.1,17.24,-224.34
1629165.438392,0.219,-0.45,-0.953,99.86,32.14,-183.87
1629165.484444,0.412,-0.389,-0.476,103.31,117.68,-194.83
1629165.528054,0.357,-0.042,-0.283,97.2,137.36,-200.23
1629165.574589,0.644,0.327,0.154,85.57,103.18,-178.75
1629165.617782,0.973,0.615,-0.032,69.4,24.23,-130.53
1629165.668460,1.269,0.65,-0.426,81.45,-5.62,-74.19
1629165.713914,1.157,0.229,-0.508,7.63,45.9,40.53
1629165.766008,0.904,-0.36,-0.192,-2.04,13.89,48.49
1629165.813875,0.932,-0.489,-0.305,-18.49,-21.85,11.63
1629165.864053,0.869,-0.462,-0.379,-32.59,-18.89,-13.06
1629165.914294,0.865,-0.381,-0.405,16.45,-9.64,-10.96
1629165.964369,0.848,-0.227,-0.396,21.7,11.47,-4.52
