t_monotonic,left_distance_cm,left_status,right_distance_cm,right_status,sequence
1637766.741213,65535.0,RangingRxTimeout,65535.0,RangingRxTimeout,0
1637766.791533,107.0,Ok,107.0,Ok,1
1637766.842053,121.0,Ok,104.0,Ok,2
1637766.891259,71.0,Ok,100.0,Ok,3
1637766.941658,76.0,Ok,107.0,Ok,4
1637766.992035,83.0,Ok,108.0,Ok,5
1637767.041562,86.0,Ok,101.0,Ok,6
1637767.094148,91.0,Ok,88.0,Ok,7
1637767.142127,90.0,Ok,92.0,Ok,8
1637767.191377,92.0,Ok,109.0,Ok,9
1637767.241752,99.0,Ok,112.0,Ok,10
1637767.291130,91.0,Ok,112.0,Ok,11
1637767.341891,90.0,Ok,109.0,Ok,12
1637767.393550,108.0,Ok,111.0,Ok,13
1637767.442266,98.0,Ok,112.0,Ok,14
1637767.492009,103.0,Ok,118.0,Ok,15
1637767.543409,104.0,Ok,116.0,Ok,16
1637767.592805,103.0,Ok,119.0,Ok,17
1637767.642746,98.0,Ok,114.0,Ok,18
1637767.692709,100.0,Ok,112.0,Ok,19
1637767.742305,103.0,Ok,110.0,Ok,20
1637767.801095,85.0,Ok,114.0,Ok,21
1637767.842627,97.0,Ok,122.0,Ok,22
1637767.892172,97.0,Ok,97.0,Ok,23
1637767.942873,92.0,Ok,107.0,Ok,24
1637767.993805,97.0,Ok,108.0,Ok,25
1637768.042062,95.0,Ok,116.0,Ok,26
1637768.092518,100.0,Ok,113.0,Ok,27
1637768.141902,89.0,Ok,114.0,Ok,28
1637768.192131,100.0,Ok,109.0,Ok,29
1637768.242674,95.0,Ok,107.0,Ok,30
1637768.291383,98.0,Ok,108.0,Ok,31
1637768.343050,101.0,Ok,106.0,Ok,32
1637768.394119,102.0,Ok,106.0,Ok,33
1637768.443157,99.0,Ok,105.0,Ok,34
1637768.493396,103.0,Ok,107.0,Ok,35
1637768.543910,99.0,Ok,107.0,Ok,36
1637768.591133,104.0,Ok,103.0,Ok,37
1637768.642595,106.0,Ok,109.0,Ok,38
1637768.693392,102.0,Ok,110.0,Ok,39
1637768.741875,105.0,Ok,111.0,Ok,40
1637768.793370,101.0,Ok,115.0,Ok,41
1637768.843243,108.0,Ok,115.0,Ok,42
1637768.892555,107.0,Ok,113.0,Ok,43
1637768.942786,111.0,Ok,108.0,Ok,44
1637768.992690,99.0,Ok,107.0,Ok,45
1637769.041440,101.0,Ok,111.0,Ok,46
1637769.091749,98.0,Ok,106.0,Ok,47
1637769.141328,95.0,Ok,102.0,Ok,48
1637769.191761,107.0,Ok,102.0,Ok,49
1637769.243687,108.0,Ok,109.0,Ok,50
1637769.292004,103.0,Ok,108.0,Ok,51
1637769.341533,107.0,Ok,108.0,Ok,52
1637769.392529,109.0,Ok,103.0,Ok,53
1637769.442288,108.0,Ok,105.0,Ok,54
1637769.492977,95.0,Ok,103.0,Ok,55
1637769.543143,85.0,Ok,102.0,Ok,56
1637769.592849,92.0,Ok,104.0,Ok,57
1637769.642110,95.0,Ok,99.0,Ok,58
1637769.693119,101.0,Ok,99.0,Ok,59
1637769.742295,96.0,Ok,100.0,Ok,60
1637769.793856,94.0,Ok,100.0,Ok,61
1637769.843143,86.0,Ok,102.0,Ok,62
1637769.891235,81.0,Ok,101.0,Ok,63
1637769.942795,83.0,Ok,99.0,Ok,64
1637769.991977,92.0,Ok,102.0,Ok,65
1637770.041775,99.0,Ok,96.0,Ok,66
1637770.093336,90.0,Ok,102.0,Ok,67
1637770.142582,85.0,Ok,96.0,Ok,68
1637770.191863,87.0,Ok,102.0,Ok,69
1637770.243405,92.0,Ok,96.0,Ok,70
1637770.292973,88.0,Ok,92.0,Ok,71
1637770.342599,92.0,Ok,95.0,Ok,72
1637770.393085,89.0,Ok,94.0,Ok,73
1637770.442688,86.0,Ok,98.0,Ok,74
1637770.492025,86.0,Ok,97.0,Ok,75
1637770.542958,82.0,Ok,99.0,Ok,76
1637770.592484,79.0,Ok,98.0,Ok,77
1637770.642109,82.0,Ok,96.0,Ok,78
1637770.693320,79.0,Ok,95.0,Ok,79
1637770.742701,77.0,Ok,93.0,Ok,80
1637770.795016,70.0,Ok,92.0,Ok,81
1637770.842256,84.0,Ok,94.0,Ok,82
1637770.891223,86.0,Ok,96.0,Ok,83
1637770.942855,92.0,Ok,94.0,Ok,84
1637770.991916,93.0,Ok,94.0,Ok,85
1637771.042571,95.0,Ok,90.0,Ok,86
1637771.093941,98.0,Ok,93.0,Ok,87
1637771.142080,90.0,Ok,95.0,Ok,88
1637771.191961,82.0,Ok,98.0,Ok,89
1637771.242857,87.0,Ok,93.0,Ok,90
1637771.293479,92.0,Ok,94.0,Ok,91
1637771.342837,94.0,Ok,100.0,Ok,92
1637771.393191,87.0,Ok,100.0,Ok,93
1637771.441758,84.0,Ok,98.0,Ok,94
1637771.492896,61.0,Ok,92.0,Ok,95
1637771.542644,99.0,Ok,108.0,Ok,96
1637771.592062,127.0,Ok,108.0,Ok,97
1637771.643870,141.0,Ok,104.0,Ok,98
1637771.691868,88.0,Ok,100.0,Ok,99
1637771.742655,57.0,Ok,100.0,Ok,100
1637771.793482,112.0,Ok,110.0,Ok,101
1637771.840889,120.0,Ok,110.0,Ok,102
1637771.891268,100.0,Ok,103.0,Ok,103
1637771.941627,105.0,Ok,99.0,Ok,104
1637771.991011,108.0,Ok,101.0,Ok,105
1637772.042265,100.0,Ok,102.0,Ok,106
1637772.092774,97.0,Ok,103.0,Ok,107
1637772.141887,107.0,Ok,112.0,Ok,108
1637772.191752,102.0,Ok,108.0,Ok,109
1637772.244036,98.0,Ok,105.0,Ok,110
1637772.291915,82.0,Ok,107.0,Ok,111
1637772.342372,94.0,Ok,107.0,Ok,112
1637772.392318,101.0,Ok,106.0,Ok,113
1637772.441679,104.0,Ok,95.0,Ok,114
1637772.492658,106.0,Ok,100.0,Ok,115
1637772.545389,107.0,Ok,104.0,Ok,116
1637772.592420,110.0,Ok,109.0,Ok,117
1637772.641986,110.0,Ok,114.0,Ok,118
1637772.691747,105.0,Ok,116.0,Ok,119
1637772.741902,101.0,Ok,118.0,Ok,120
1637772.792012,102.0,Ok,118.0,Ok,121
1637772.841370,100.0,Ok,102.0,Ok,122
1637772.892858,107.0,Ok,105.0,Ok,123
1637772.942360,108.0,Ok,117.0,Ok,124
1637772.991895,107.0,Ok,113.0,Ok,125
1637773.042251,107.0,Ok,109.0,Ok,126
1637773.094556,105.0,Ok,107.0,Ok,127
1637773.143770,105.0,Ok,104.0,Ok,128
1637773.193249,99.0,Ok,109.0,Ok,129
1637773.243758,95.0,Ok,102.0,Ok,130
1637773.293042,91.0,Ok,96.0,Ok,131
1637773.343063,99.0,Ok,101.0,Ok,132
1637773.393187,92.0,Ok,97.0,Ok,133
1637773.442150,86.0,Ok,92.0,Ok,134
1637773.492778,87.0,Ok,94.0,Ok,135
1637773.542986,87.0,Ok,97.0,Ok,136
1637773.592113,90.0,Ok,93.0,Ok,137
1637773.642604,81.0,Ok,95.0,Ok,138
1637773.691948,83.0,Ok,98.0,Ok,139
1637773.742476,95.0,Ok,101.0,Ok,140
1637773.793569,90.0,Ok,100.0,Ok,141
1637773.841911,98.0,Ok,102.0,Ok,142
1637773.892631,91.0,Ok,98.0,Ok,143
1637773.942626,100.0,Ok,95.0,Ok,144
1637773.991915,97.0,Ok,102.0,Ok,145
1637774.046459,99.0,Ok,97.0,Ok,146
1637774.092922,103.0,Ok,101.0,Ok,147
1637774.142335,99.0,Ok,101.0,Ok,148
1637774.193117,94.0,Ok,99.0,Ok,149
1637774.243561,84.0,Ok,99.0,Ok,150
1637774.292536,85.0,Ok,100.0,Ok,151
1637774.342095,88.0,Ok,101.0,Ok,152
1637774.393504,93.0,Ok,96.0,Ok,153
1637774.442010,76.0,Ok,100.0,Ok,154
1637774.493545,87.0,Ok,98.0,Ok,155
1637774.541637,91.0,Ok,94.0,Ok,156
1637774.592913,88.0,Ok,99.0,Ok,157
1637774.643240,89.0,Ok,102.0,Ok,158
1637774.691560,88.0,Ok,98.0,Ok,159
1637774.742413,91.0,Ok,99.0,Ok,160
1637774.793210,98.0,Ok,98.0,Ok,161
1637774.842014,92.0,Ok,95.0,Ok,162
1637774.892974,82.0,Ok,92.0,Ok,163
1637774.943023,95.0,Ok,97.0,Ok,164
1637774.992443,84.0,Ok,96.0,Ok,165
1637775.043777,92.0,Ok,97.0,Ok,166
1637775.093495,93.0,Ok,95.0,Ok,167
1637775.142032,94.0,Ok,95.0,Ok,168
1637775.193328,90.0,Ok,96.0,Ok,169
1637775.243846,110.0,Ok,93.0,Ok,170
1637775.292544,98.0,Ok,97.0,Ok,171
1637775.343628,95.0,Ok,99.0,Ok,172
1637775.393361,96.0,Ok,100.0,Ok,173
1637775.442710,84.0,Ok,98.0,Ok,174
1637775.493337,88.0,Ok,96.0,Ok,175
1637775.541864,93.0,Ok,89.0,Ok,176
1637775.592584,88.0,Ok,97.0,Ok,177
1637775.643050,87.0,Ok,95.0,Ok,178
1637775.691895,88.0,Ok,94.0,Ok,179
1637775.742006,83.0,Ok,91.0,Ok,180
1637775.793681,88.0,Ok,95.0,Ok,181
1637775.841414,91.0,Ok,93.0,Ok,182
1637775.892805,89.0,Ok,93.0,Ok,183
1637775.943282,94.0,Ok,94.0,Ok,184
1637775.992350,88.0,Ok,91.0,Ok,185
1637776.042726,93.0,Ok,93.0,Ok,186
1637776.092938,90.0,Ok,101.0,Ok,187
1637776.143358,86.0,Ok,104.0,Ok,188
1637776.193649,89.0,Ok,106.0,Ok,189
1637776.243008,101.0,Ok,107.0,Ok,190
1637776.292099,96.0,Ok,125.0,Ok,191
1637776.342937,82.0,Ok,87.0,Ok,192
1637776.391730,90.0,Ok,96.0,Ok,193
1637776.441744,87.0,Ok,68.0,Ok,194
1637776.493483,85.0,Ok,89.0,Ok,195
1637776.541320,89.0,Ok,90.0,Ok,196
1637776.593363,84.0,Ok,98.0,Ok,197
1637776.642724,77.0,Ok,100.0,Ok,198
1637776.691827,80.0,Ok,102.0,Ok,199
1637776.742225,95.0,Ok,75.0,Ok,200
1637776.793813,87.0,Ok,99.0,Ok,201
1637776.841893,84.0,Ok,103.0,Ok,202
1637776.892552,84.0,Ok,105.0,Ok,203
1637776.943427,115.0,Ok,97.0,Ok,204
1637776.991938,108.0,Ok,100.0,Ok,205
1637777.042558,113.0,Ok,102.0,Ok,206
1637777.093010,110.0,Ok,98.0,Ok,207
1637777.141456,88.0,Ok,95.0,Ok,208
1637777.193177,97.0,Ok,99.0,Ok,209
1637777.243443,90.0,Ok,97.0,Ok,210
1637777.292260,87.0,Ok,90.0,Ok,211
1637777.343088,96.0,Ok,90.0,Ok,212
1637777.391684,87.0,Ok,92.0,Ok,213
1637777.441838,90.0,Ok,93.0,Ok,214
1637777.492842,79.0,Ok,98.0,Ok,215
1637777.541769,84.0,Ok,103.0,Ok,216
1637777.592871,81.0,Ok,104.0,Ok,217
1637777.642712,87.0,Ok,98.0,Ok,218
1637777.691849,90.0,Ok,109.0,Ok,219
1637777.743326,105.0,Ok,99.0,Ok,220
1637777.792945,90.0,Ok,102.0,Ok,221
1637777.841926,116.0,Ok,65535.0,RangingRxPhyStsFailed,222
1637777.892836,112.0,Ok,98.0,Ok,223
1637777.944209,96.0,Ok,96.0,Ok,224
1637777.991895,82.0,Ok,101.0,Ok,225
1637778.043288,112.0,Ok,73.0,Ok,226
1637778.093402,90.0,Ok,100.0,Ok,227
1637778.142068,93.0,Ok,99.0,Ok,228
1637778.192598,90.0,Ok,101.0,Ok,229
1637778.241832,91.0,Ok,98.0,Ok,230
1637778.292589,92.0,Ok,87.0,Ok,231
1637778.343278,96.0,Ok,99.0,Ok,232
1637778.391359,104.0,Ok,104.0,Ok,233
1637778.442019,102.0,Ok,99.0,Ok,234
1637778.493492,107.0,Ok,100.0,Ok,235
1637778.541833,111.0,Ok,103.0,Ok,236
1637778.592305,106.0,Ok,103.0,Ok,237
1637778.643373,107.0,Ok,95.0,Ok,238
1637778.691835,88.0,Ok,108.0,Ok,239
1637778.751421,88.0,Ok,97.0,Ok,240
1637778.791686,83.0,Ok,109.0,Ok,241
1637778.841475,98.0,Ok,123.0,Ok,242
1637778.891933,102.0,Ok,110.0,Ok,243
1637778.943084,48.0,Ok,123.0,Ok,244
1637778.992341,93.0,Ok,106.0,Ok,245
1637779.042337,91.0,Ok,93.0,Ok,246
1637779.092463,91.0,Ok,92.0,Ok,247
1637779.142144,98.0,Ok,119.0,Ok,248
1637779.192017,102.0,Ok,117.0,Ok,249
1637779.241855,98.0,Ok,107.0,Ok,250
1637779.292233,97.0,Ok,100.0,Ok,251
1637779.341974,75.0,Ok,106.0,Ok,252
1637779.391411,74.0,Ok,96.0,Ok,253
1637779.442082,94.0,Ok,114.0,Ok,254
1637779.492414,84.0,Ok,96.0,Ok,255
1637779.541497,87.0,Ok,87.0,Ok,256
1637779.591787,84.0,Ok,78.0,Ok,257
1637779.641859,92.0,Ok,92.0,Ok,258
1637779.699648,87.0,Ok,81.0,Ok,259
1637779.741246,86.0,Ok,96.0,Ok,260
1637779.791512,112.0,Ok,96.0,Ok,261
1637779.840902,99.0,Ok,105.0,Ok,262
1637779.891209,106.0,Ok,111.0,Ok,263
1637779.941675,109.0,Ok,113.0,Ok,264
1637779.991274,103.0,Ok,107.0,Ok,265
1637780.041832,116.0,Ok,100.0,Ok,266
1637780.091686,78.0,Ok,100.0,Ok,267
1637780.141127,90.0,Ok,101.0,Ok,268
1637780.191767,61.0,Ok,124.0,Ok,269
1637780.241123,69.0,Ok,111.0,Ok,270
1637780.291693,85.0,Ok,108.0,Ok,271
1637780.341936,80.0,Ok,109.0,Ok,272
1637780.391466,84.0,Ok,92.0,Ok,273
1637780.443357,124.0,Ok,100.0,Ok,274
1637780.493596,100.0,Ok,104.0,Ok,275
1637780.542987,110.0,Ok,107.0,Ok,276
1637780.591644,105.0,Ok,104.0,Ok,277
1637780.643124,96.0,Ok,97.0,Ok,278
1637780.691865,65.0,Ok,118.0,Ok,279
1637780.742244,75.0,Ok,102.0,Ok,280
1637780.792307,91.0,Ok,117.0,Ok,281
1637780.842368,72.0,Ok,98.0,Ok,282
1637780.891308,81.0,Ok,93.0,Ok,283
1637780.940716,95.0,Ok,99.0,Ok,284
1637780.990980,81.0,Ok,94.0,Ok,285
1637781.044150,86.0,Ok,109.0,Ok,286
1637781.091765,114.0,Ok,104.0,Ok,287
1637781.142350,110.0,Ok,105.0,Ok,288
1637781.193358,103.0,Ok,104.0,Ok,289
1637781.241701,122.0,Ok,102.0,Ok,290
1637781.293520,112.0,Ok,100.0,Ok,291
1637781.343019,78.0,Ok,95.0,Ok,292
1637781.392774,84.0,Ok,99.0,Ok,293
1637781.442525,89.0,Ok,118.0,Ok,294
1637781.491428,82.0,Ok,104.0,Ok,295
1637781.540818,85.0,Ok,100.0,Ok,296
1637781.591240,74.0,Ok,105.0,Ok,297
1637781.642767,83.0,Ok,99.0,Ok,298
1637781.691006,87.0,Ok,98.0,Ok,299
1637781.744221,114.0,Ok,86.0,Ok,300
1637781.793714,102.0,Ok,125.0,Ok,301
1637781.842519,109.0,Ok,126.0,Ok,302
1637781.892711,99.0,Ok,70.0,Ok,303
1637781.942423,122.0,Ok,97.0,Ok,304
1637781.990912,104.0,Ok,96.0,Ok,305
1637782.041281,81.0,Ok,102.0,Ok,306
1637782.090645,81.0,Ok,119.0,Ok,307
1637782.140914,83.0,Ok,101.0,Ok,308
1637782.191352,87.0,Ok,99.0,Ok,309
1637782.240676,77.0,Ok,98.0,Ok,310
1637782.291056,70.0,Ok,107.0,Ok,311
1637782.341787,91.0,Ok,99.0,Ok,312
1637782.391572,115.0,Ok,111.0,Ok,313
1637782.442716,104.0,Ok,102.0,Ok,314
1637782.492595,101.0,Ok,109.0,Ok,315
1637782.541703,98.0,Ok,107.0,Ok,316
1637782.592842,107.0,Ok,110.0,Ok,317
1637782.641759,95.0,Ok,99.0,Ok,318
1637782.692101,83.0,Ok,103.0,Ok,319
1637782.741739,74.0,Ok,114.0,Ok,320
1637782.791587,89.0,Ok,100.0,Ok,321
1637782.841838,89.0,Ok,101.0,Ok,322
1637782.892640,70.0,Ok,97.0,Ok,323
1637782.941513,71.0,Ok,100.0,Ok,324
1637782.991896,95.0,Ok,107.0,Ok,325
1637783.043627,112.0,Ok,109.0,Ok,326
1637783.091619,108.0,Ok,93.0,Ok,327
1637783.141971,99.0,Ok,103.0,Ok,328
1637783.192291,108.0,Ok,122.0,Ok,329
1637783.242550,95.0,Ok,96.0,Ok,330
1637783.292010,105.0,Ok,93.0,Ok,331
1637783.343298,90.0,Ok,99.0,Ok,332
1637783.391716,81.0,Ok,121.0,Ok,333
1637783.442035,78.0,Ok,106.0,Ok,334
1637783.493724,77.0,Ok,105.0,Ok,335
1637783.541670,78.0,Ok,99.0,Ok,336
1637783.592043,77.0,Ok,99.0,Ok,337
1637783.642519,76.0,Ok,104.0,Ok,338
1637783.691804,80.0,Ok,104.0,Ok,339
1637783.742013,123.0,Ok,127.0,Ok,340
1637783.791807,109.0,Ok,108.0,Ok,341
1637783.841951,103.0,Ok,117.0,Ok,342
1637783.892995,104.0,Ok,121.0,Ok,343
1637783.941590,98.0,Ok,97.0,Ok,344
1637783.991882,107.0,Ok,99.0,Ok,345
1637784.043169,82.0,Ok,99.0,Ok,346
1637784.091675,81.0,Ok,97.0,Ok,347
1637784.141550,76.0,Ok,116.0,Ok,348
1637784.192327,73.0,Ok,109.0,Ok,349
1637784.241650,75.0,Ok,104.0,Ok,350
1637784.292003,85.0,Ok,114.0,Ok,351
1637784.342165,81.0,Ok,119.0,Ok,352
1637784.391762,56.0,Ok,99.0,Ok,353
1637784.442139,108.0,Ok,99.0,Ok,354
1637784.493101,99.0,Ok,111.0,Ok,355
1637784.541859,101.0,Ok,112.0,Ok,356
1637784.592114,107.0,Ok,110.0,Ok,357
1637784.640857,108.0,Ok,112.0,Ok,358
1637784.691816,105.0,Ok,112.0,Ok,359
1637784.742219,106.0,Ok,108.0,Ok,360
1637784.790545,107.0,Ok,108.0,Ok,361
1637784.840890,112.0,Ok,103.0,Ok,362
1637784.891170,109.0,Ok,106.0,Ok,363
1637784.940614,104.0,Ok,111.0,Ok,364
1637784.991475,106.0,Ok,115.0,Ok,365
1637785.041971,105.0,Ok,120.0,Ok,366
1637785.091505,106.0,Ok,118.0,Ok,367
1637785.141857,107.0,Ok,119.0,Ok,368
1637785.192268,108.0,Ok,119.0,Ok,369
1637785.241576,107.0,Ok,117.0,Ok,370
1637785.292075,109.0,Ok,118.0,Ok,371
1637785.342485,108.0,Ok,119.0,Ok,372
1637785.391643,101.0,Ok,115.0,Ok,373
1637785.441952,104.0,Ok,114.0,Ok,374
1637785.492830,106.0,Ok,114.0,Ok,375
1637785.541659,104.0,Ok,111.0,Ok,376
1637785.592067,100.0,Ok,109.0,Ok,377
1637785.646388,98.0,Ok,114.0,Ok,378
1637785.691930,97.0,Ok,122.0,Ok,379
1637785.742112,99.0,Ok,116.0,Ok,380
1637785.791927,100.0,Ok,114.0,Ok,381
1637785.841958,96.0,Ok,110.0,Ok,382
1637785.893202,95.0,Ok,109.0,Ok,383
1637785.941549,93.0,Ok,92.0,Ok,384
1637785.993248,91.0,Ok,98.0,Ok,385
1637786.042568,90.0,Ok,91.0,Ok,386
1637786.091763,91.0,Ok,93.0,Ok,387
1637786.142274,88.0,Ok,86.0,Ok,388
1637786.193276,86.0,Ok,92.0,Ok,389
1637786.241846,87.0,Ok,81.0,Ok,390
1637786.292169,86.0,Ok,85.0,Ok,391
1637786.343281,76.0,Ok,87.0,Ok,392
1637786.391917,69.0,Ok,92.0,Ok,393
1637786.459260,70.0,Ok,91.0,Ok,394
1637786.490354,68.0,Ok,84.0,Ok,395
1637786.543250,64.0,Ok,81.0,Ok,396
1637786.592110,64.0,Ok,82.0,Ok,397
1637786.641419,60.0,Ok,81.0,Ok,398
1637786.691738,67.0,Ok,68.0,Ok,399
1637786.742311,62.0,Ok,69.0,Ok,400
1637786.791387,64.0,Ok,74.0,Ok,401
1637786.841830,61.0,Ok,69.0,Ok,402
1637786.892743,63.0,Ok,73.0,Ok,403
1637786.941619,59.0,Ok,76.0,Ok,404
1637786.992084,61.0,Ok,71.0,Ok,405
1637787.042440,63.0,Ok,68.0,Ok,406
1637787.091592,62.0,Ok,69.0,Ok,407
1637787.142807,61.0,Ok,66.0,Ok,408
1637787.206484,59.0,Ok,63.0,Ok,409
1637787.240618,52.0,Ok,68.0,Ok,410
1637787.292107,55.0,Ok,61.0,Ok,411
1637787.342473,57.0,Ok,61.0,Ok,412
1637787.391781,67.0,Ok,103.0,Ok,413
1637787.441536,43.0,Ok,21.0,Ok,414
1637787.491443,49.0,Ok,58.0,Ok,415
1637787.541754,52.0,Ok,75.0,Ok,416
1637787.592585,65.0,Ok,76.0,Ok,417
1637787.641532,61.0,Ok,55.0,Ok,418
1637787.691912,60.0,Ok,68.0,Ok,419
1637787.742038,61.0,Ok,63.0,Ok,420
1637787.791067,51.0,Ok,68.0,Ok,421
1637787.841944,44.0,Ok,97.0,Ok,422
1637787.892135,51.0,Ok,47.0,Ok,423
1637787.941721,50.0,Ok,59.0,Ok,424
1637787.991313,54.0,Ok,65.0,Ok,425
1637788.042394,50.0,Ok,65.0,Ok,426
1637788.091702,53.0,Ok,66.0,Ok,427
1637788.141799,51.0,Ok,69.0,Ok,428
1637788.192407,52.0,Ok,61.0,Ok,429
1637788.241570,52.0,Ok,66.0,Ok,430
1637788.292182,48.0,Ok,65.0,Ok,431
1637788.341378,53.0,Ok,65535.0,RangingRxTimeout,432
1637788.391731,56.0,Ok,72.0,Ok,433
1637788.442094,56.0,Ok,72.0,Ok,434
1637788.491399,59.0,Ok,85.0,Ok,435
1637788.541820,52.0,Ok,82.0,Ok,436
1637788.592912,57.0,Ok,65535.0,RangingRxTimeout,437
1637788.641394,58.0,Ok,75.0,Ok,438
1637788.691913,55.0,Ok,70.0,Ok,439
1637788.742095,57.0,Ok,71.0,Ok,440
1637788.791641,52.0,Ok,77.0,Ok,441
1637788.841851,55.0,Ok,77.0,Ok,442
1637788.893150,52.0,Ok,65535.0,RangingRxTimeout,443
1637788.941739,56.0,Ok,69.0,Ok,444
1637788.991888,51.0,Ok,63.0,Ok,445
1637789.042168,53.0,Ok,68.0,Ok,446
1637789.091625,56.0,Ok,67.0,Ok,447
1637789.141605,56.0,Ok,68.0,Ok,448
1637789.191018,50.0,Ok,69.0,Ok,449
1637789.241234,45.0,Ok,68.0,Ok,450
1637789.292076,50.0,Ok,71.0,Ok,451
1637789.341361,42.0,Ok,68.0,Ok,452
1637789.391876,45.0,Ok,72.0,Ok,453
1637789.442059,54.0,Ok,72.0,Ok,454
1637789.491480,53.0,Ok,69.0,Ok,455
1637789.541788,53.0,Ok,70.0,Ok,456
1637789.592091,41.0,Ok,74.0,Ok,457
1637789.641499,57.0,Ok,79.0,Ok,458
1637789.691993,60.0,Ok,66.0,Ok,459
1637789.742064,59.0,Ok,69.0,Ok,460
1637789.791673,58.0,Ok,61.0,Ok,461
1637789.841949,63.0,Ok,73.0,Ok,462
1637789.892815,63.0,Ok,55.0,Ok,463
1637789.941787,65.0,Ok,91.0,Ok,464
1637789.991776,76.0,Ok,87.0,Ok,465
1637790.042406,86.0,Ok,77.0,Ok,466
1637790.091604,107.0,Ok,71.0,Ok,467
1637790.141465,104.0,Ok,84.0,Ok,468
1637790.191082,52.0,Ok,77.0,Ok,469
1637790.245413,65.0,Ok,76.0,Ok,470
1637790.291814,78.0,Ok,81.0,Ok,471
1637790.341394,77.0,Ok,83.0,Ok,472
1637790.391830,75.0,Ok,84.0,Ok,473
1637790.442115,74.0,Ok,81.0,Ok,474
1637790.491461,74.0,Ok,75.0,Ok,475
1637790.541813,76.0,Ok,75.0,Ok,476
1637790.592147,75.0,Ok,65.0,Ok,477
1637790.641577,74.0,Ok,72.0,Ok,478
1637790.691823,71.0,Ok,72.0,Ok,479
1637790.742108,70.0,Ok,67.0,Ok,480
1637790.790921,73.0,Ok,62.0,Ok,481
1637790.841893,78.0,Ok,63.0,Ok,482
1637790.892530,71.0,Ok,77.0,Ok,483
1637790.941497,75.0,Ok,77.0,Ok,484
1637790.993156,103.0,Ok,92.0,Ok,485
1637791.041261,84.0,Ok,42.0,Ok,486
1637791.091470,83.0,Ok,39.0,Ok,487
1637791.141934,77.0,Ok,85.0,Ok,488
1637791.191219,66.0,Ok,92.0,Ok,489
1637791.241586,79.0,Ok,85.0,Ok,490
1637791.292065,72.0,Ok,87.0,Ok,491
1637791.341272,89.0,Ok,54.0,Ok,492
1637791.391926,64.0,Ok,87.0,Ok,493
1637791.442554,92.0,Ok,54.0,Ok,494
1637791.491362,82.0,Ok,92.0,Ok,495
1637791.541961,87.0,Ok,122.0,Ok,496
1637791.592270,92.0,Ok,106.0,Ok,497
1637791.641724,97.0,Ok,125.0,Ok,498
1637791.691716,95.0,Ok,107.0,Ok,499
1637791.741304,104.0,Ok,139.0,Ok,500
1637791.790632,102.0,Ok,115.0,Ok,501
1637791.844920,62.0,Ok,114.0,Ok,502
1637791.892154,105.0,Ok,112.0,Ok,503
1637791.940757,103.0,Ok,115.0,Ok,504
1637791.991182,105.0,Ok,118.0,Ok,505
1637792.040396,113.0,Ok,119.0,Ok,506
1637792.091050,82.0,Ok,124.0,Ok,507
1637792.141773,97.0,Ok,114.0,Ok,508
1637792.191367,92.0,Ok,109.0,Ok,509
1637792.241579,117.0,Ok,108.0,Ok,510
1637792.291558,59.0,Ok,109.0,Ok,511
1637792.341710,145.0,Ok,106.0,Ok,512
1637792.391845,127.0,Ok,118.0,Ok,513
1637792.442216,137.0,Ok,117.0,Ok,514
1637792.491190,81.0,Ok,114.0,Ok,515
1637792.541956,84.0,Ok,104.0,Ok,516
1637792.592801,82.0,Ok,112.0,Ok,517
1637792.641624,88.0,Ok,113.0,Ok,518
1637792.691962,96.0,Ok,109.0,Ok,519
1637792.743609,113.0,Ok,108.0,Ok,520
1637792.800048,110.0,Ok,107.0,Ok,521
1637792.840738,130.0,Ok,111.0,Ok,522
1637792.890824,103.0,Ok,116.0,Ok,523
1637792.941448,97.0,Ok,111.0,Ok,524
1637792.991723,97.0,Ok,111.0,Ok,525
1637793.040148,92.0,Ok,109.0,Ok,526
1637793.090590,83.0,Ok,105.0,Ok,527
1637793.140902,77.0,Ok,103.0,Ok,528
1637793.190259,81.0,Ok,102.0,Ok,529
1637793.241003,93.0,Ok,107.0,Ok,530
1637793.292369,92.0,Ok,107.0,Ok,531
1637793.341140,82.0,Ok,108.0,Ok,532
1637793.393015,88.0,Ok,114.0,Ok,533
1637793.441888,87.0,Ok,112.0,Ok,534
1637793.491318,92.0,Ok,107.0,Ok,535
1637793.541915,91.0,Ok,99.0,Ok,536
1637793.591909,92.0,Ok,93.0,Ok,537
1637793.641017,97.0,Ok,93.0,Ok,538
1637793.691784,95.0,Ok,88.0,Ok,539
1637793.741582,92.0,Ok,82.0,Ok,540
1637793.791296,94.0,Ok,82.0,Ok,541
1637793.842093,97.0,Ok,86.0,Ok,542
1637793.890933,99.0,Ok,85.0,Ok,543
1637793.941411,95.0,Ok,85.0,Ok,544
1637793.991767,90.0,Ok,89.0,Ok,545
1637794.040999,86.0,Ok,92.0,Ok,546
1637794.091554,84.0,Ok,97.0,Ok,547
1637794.141772,86.0,Ok,103.0,Ok,548
1637794.190679,88.0,Ok,109.0,Ok,549
1637794.241094,59.0,Ok,116.0,Ok,550
1637794.291240,131.0,Ok,115.0,Ok,551
1637794.341302,102.0,Ok,113.0,Ok,552
1637794.391760,104.0,Ok,114.0,Ok,553
1637794.442171,92.0,Ok,112.0,Ok,554
1637794.491285,100.0,Ok,111.0,Ok,555
1637794.541873,96.0,Ok,115.0,Ok,556
1637794.592808,87.0,Ok,113.0,Ok,557
1637794.641513,98.0,Ok,107.0,Ok,558
1637794.692832,99.0,Ok,107.0,Ok,559
1637794.741048,95.0,Ok,103.0,Ok,560
1637794.792080,92.0,Ok,107.0,Ok,561
1637794.841840,97.0,Ok,99.0,Ok,562
1637794.891166,101.0,Ok,105.0,Ok,563
1637794.941450,102.0,Ok,107.0,Ok,564
1637794.992060,105.0,Ok,111.0,Ok,565
1637795.041068,145.0,Ok,103.0,Ok,566
1637795.091027,78.0,Ok,102.0,Ok,567
1637795.141641,94.0,Ok,104.0,Ok,568
1637795.191597,99.0,Ok,100.0,Ok,569
1637795.241633,95.0,Ok,98.0,Ok,570
1637795.292038,98.0,Ok,94.0,Ok,571
1637795.341102,95.0,Ok,87.0,Ok,572
1637795.391809,92.0,Ok,71.0,Ok,573
1637795.442174,85.0,Ok,80.0,Ok,574
1637795.491202,100.0,Ok,76.0,Ok,575
1637795.541806,83.0,Ok,67.0,Ok,576
1637795.592186,97.0,Ok,76.0,Ok,577
1637795.641468,102.0,Ok,62.0,Ok,578
1637795.691946,94.0,Ok,72.0,Ok,579
1637795.740778,99.0,Ok,69.0,Ok,580
1637795.791745,100.0,Ok,65.0,Ok,581
1637795.841649,106.0,Ok,71.0,Ok,582
1637795.890996,108.0,Ok,69.0,Ok,583
1637795.941507,105.0,Ok,70.0,Ok,584
1637795.991968,110.0,Ok,67.0,Ok,585
1637796.041303,112.0,Ok,69.0,Ok,586
1637796.091556,110.0,Ok,67.0,Ok,587
1637796.159301,107.0,Ok,65.0,Ok,588
1637796.190233,101.0,Ok,60.0,Ok,589
1637796.241051,107.0,Ok,62.0,Ok,590
1637796.291976,105.0,Ok,54.0,Ok,591
1637796.341204,104.0,Ok,58.0,Ok,592
1637796.391692,107.0,Ok,71.0,Ok,593
1637796.441711,112.0,Ok,70.0,Ok,594
1637796.491220,150.0,Ok,63.0,Ok,595
1637796.541634,123.0,Ok,64.0,Ok,596
1637796.590956,105.0,Ok,65.0,Ok,597
1637796.641084,101.0,Ok,61.0,Ok,598
1637796.691905,100.0,Ok,61.0,Ok,599
1637796.740474,102.0,Ok,62.0,Ok,600
1637796.791514,101.0,Ok,61.0,Ok,601
1637796.841399,103.0,Ok,61.0,Ok,602
1637796.891010,101.0,Ok,61.0,Ok,603
1637796.941150,97.0,Ok,66.0,Ok,604
1637796.991945,100.0,Ok,67.0,Ok,605
1637797.040747,102.0,Ok,65.0,Ok,606
1637797.091661,102.0,Ok,62.0,Ok,607
1637797.141815,106.0,Ok,64.0,Ok,608
1637797.191233,107.0,Ok,61.0,Ok,609
1637797.241260,110.0,Ok,65535.0,RangingRxTimeout,610
1637797.292004,107.0,Ok,58.0,Ok,611
1637797.341110,107.0,Ok,55.0,Ok,612
1637797.391947,106.0,Ok,58.0,Ok,613
1637797.441073,101.0,Ok,60.0,Ok,614
1637797.491199,103.0,Ok,61.0,Ok,615
1637797.541819,103.0,Ok,63.0,Ok,616
1637797.590892,100.0,Ok,68.0,Ok,617
1637797.641066,106.0,Ok,63.0,Ok,618
1637797.694098,103.0,Ok,66.0,Ok,619
1637797.740270,106.0,Ok,64.0,Ok,620
1637797.790335,107.0,Ok,66.0,Ok,621
1637797.841415,106.0,Ok,64.0,Ok,622
1637797.890940,105.0,Ok,63.0,Ok,623
1637797.940955,102.0,Ok,67.0,Ok,624
1637797.993141,107.0,Ok,59.0,Ok,625
1637798.040605,102.0,Ok,61.0,Ok,626
1637798.091694,103.0,Ok,59.0,Ok,627
1637798.141552,104.0,Ok,59.0,Ok,628
1637798.191220,107.0,Ok,56.0,Ok,629
1637798.241018,107.0,Ok,57.0,Ok,630
1637798.298980,103.0,Ok,57.0,Ok,631
1637798.340851,106.0,Ok,58.0,Ok,632
1637798.391981,104.0,Ok,65.0,Ok,633
1637798.446998,104.0,Ok,64.0,Ok,634
1637798.490969,103.0,Ok,69.0,Ok,635
1637798.540957,106.0,Ok,65.0,Ok,636
1637798.591058,109.0,Ok,62.0,Ok,637
1637798.641228,103.0,Ok,57.0,Ok,638
1637798.691999,105.0,Ok,63.0,Ok,639
1637798.740071,108.0,Ok,61.0,Ok,640
1637798.790318,103.0,Ok,56.0,Ok,641
1637798.840746,107.0,Ok,54.0,Ok,642
1637798.890206,100.0,Ok,60.0,Ok,643
1637798.940956,104.0,Ok,59.0,Ok,644
1637798.991476,106.0,Ok,56.0,Ok,645
1637799.041004,106.0,Ok,56.0,Ok,646
1637799.091212,103.0,Ok,57.0,Ok,647
1637799.141698,108.0,Ok,58.0,Ok,648
1637799.190814,106.0,Ok,61.0,Ok,649
1637799.241554,106.0,Ok,64.0,Ok,650
1637799.290210,105.0,Ok,70.0,Ok,651
1637799.341180,102.0,Ok,68.0,Ok,652
1637799.391122,104.0,Ok,68.0,Ok,653
1637799.440527,105.0,Ok,63.0,Ok,654
1637799.490762,105.0,Ok,62.0,Ok,655
1637799.541356,103.0,Ok,63.0,Ok,656
1637799.590317,107.0,Ok,65.0,Ok,657
1637799.641270,107.0,Ok,58.0,Ok,658
1637799.691279,102.0,Ok,64.0,Ok,659
1637799.740959,100.0,Ok,62.0,Ok,660
1637799.790409,100.0,Ok,63.0,Ok,661
1637799.841013,103.0,Ok,61.0,Ok,662
1637799.890259,104.0,Ok,58.0,Ok,663
1637799.940538,100.0,Ok,61.0,Ok,664
1637799.990719,103.0,Ok,61.0,Ok,665
1637800.040231,102.0,Ok,59.0,Ok,666
1637800.090952,105.0,Ok,62.0,Ok,667
1637800.141380,104.0,Ok,65.0,Ok,668
1637800.191099,102.0,Ok,54.0,Ok,669
1637800.240911,106.0,Ok,59.0,Ok,670
1637800.289922,108.0,Ok,61.0,Ok,671
1637800.340551,107.0,Ok,54.0,Ok,672
1637800.391662,103.0,Ok,55.0,Ok,673
1637800.440674,105.0,Ok,57.0,Ok,674
1637800.491245,100.0,Ok,57.0,Ok,675
1637800.541910,101.0,Ok,59.0,Ok,676
1637800.590931,101.0,Ok,56.0,Ok,677
1637800.641446,101.0,Ok,62.0,Ok,678
1637800.691901,101.0,Ok,56.0,Ok,679
1637800.740746,101.0,Ok,55.0,Ok,680
1637800.791379,101.0,Ok,60.0,Ok,681
1637800.841809,102.0,Ok,59.0,Ok,682
1637800.891117,101.0,Ok,62.0,Ok,683
1637800.940940,105.0,Ok,64.0,Ok,684
1637800.991909,104.0,Ok,62.0,Ok,685
1637801.041174,107.0,Ok,61.0,Ok,686
1637801.091494,104.0,Ok,61.0,Ok,687
1637801.140662,103.0,Ok,61.0,Ok,688
1637801.191341,105.0,Ok,57.0,Ok,689
1637801.241211,105.0,Ok,59.0,Ok,690
1637801.291178,103.0,Ok,58.0,Ok,691
1637801.341023,101.0,Ok,60.0,Ok,692
1637801.391825,103.0,Ok,63.0,Ok,693
1637801.440991,99.0,Ok,65.0,Ok,694
1637801.491466,102.0,Ok,60.0,Ok,695
1637801.541135,104.0,Ok,60.0,Ok,696
1637801.591095,101.0,Ok,58.0,Ok,697
1637801.641184,100.0,Ok,59.0,Ok,698
1637801.692304,101.0,Ok,59.0,Ok,699
1637801.740980,102.0,Ok,61.0,Ok,700
1637801.791229,100.0,Ok,61.0,Ok,701
1637801.840782,102.0,Ok,62.0,Ok,702
1637801.890915,104.0,Ok,62.0,Ok,703
1637801.941383,104.0,Ok,60.0,Ok,704
1637801.991667,100.0,Ok,60.0,Ok,705
1637802.040969,100.0,Ok,61.0,Ok,706
1637802.091451,102.0,Ok,60.0,Ok,707
1637802.140334,101.0,Ok,59.0,Ok,708
1637802.191013,101.0,Ok,58.0,Ok,709
1637802.241115,101.0,Ok,58.0,Ok,710
1637802.290747,98.0,Ok,60.0,Ok,711
1637802.341105,98.0,Ok,58.0,Ok,712
1637802.391701,97.0,Ok,58.0,Ok,713
1637802.440771,100.0,Ok,54.0,Ok,714
1637802.491218,99.0,Ok,58.0,Ok,715
1637802.541251,95.0,Ok,61.0,Ok,716
1637802.590083,98.0,Ok,62.0,Ok,717
1637802.641398,109.0,Ok,62.0,Ok,718
1637802.691878,100.0,Ok,68.0,Ok,719
1637802.740168,93.0,Ok,71.0,Ok,720
1637802.790448,85.0,Ok,60.0,Ok,721
1637802.840711,94.0,Ok,85.0,Ok,722
1637802.890004,98.0,Ok,77.0,Ok,723
1637802.940768,93.0,Ok,72.0,Ok,724
1637802.990541,103.0,Ok,69.0,Ok,725
1637803.040911,93.0,Ok,81.0,Ok,726
1637803.090761,81.0,Ok,75.0,Ok,727
1637803.140402,77.0,Ok,74.0,Ok,728
1637803.190970,64.0,Ok,75.0,Ok,729
1637803.240967,54.0,Ok,70.0,Ok,730
1637803.290765,53.0,Ok,71.0,Ok,731
1637803.341135,43.0,Ok,60.0,Ok,732
1637803.391423,44.0,Ok,63.0,Ok,733
1637803.440461,47.0,Ok,60.0,Ok,734
1637803.491218,40.0,Ok,66.0,Ok,735
1637803.541558,39.0,Ok,84.0,Ok,736
1637803.590787,38.0,Ok,97.0,Ok,737
1637803.641047,38.0,Ok,82.0,Ok,738
1637803.691669,39.0,Ok,74.0,Ok,739
1637803.740875,38.0,Ok,66.0,Ok,740
1637803.791226,37.0,Ok,61.0,Ok,741
1637803.841746,40.0,Ok,60.0,Ok,742
1637803.890545,38.0,Ok,56.0,Ok,743
1637803.941351,36.0,Ok,39.0,Ok,744
1637803.990623,37.0,Ok,72.0,Ok,745
1637804.040958,36.0,Ok,65.0,Ok,746
1637804.091360,39.0,Ok,88.0,Ok,747
1637804.139828,38.0,Ok,75.0,Ok,748
1637804.190269,35.0,Ok,50.0,Ok,749
1637804.240838,52.0,Ok,60.0,Ok,750
1637804.290168,41.0,Ok,88.0,Ok,751
1637804.341216,49.0,Ok,82.0,Ok,752
1637804.391573,54.0,Ok,74.0,Ok,753
1637804.440817,45.0,Ok,75.0,Ok,754
1637804.491435,58.0,Ok,61.0,Ok,755
1637804.541669,66.0,Ok,108.0,Ok,756
1637804.590839,61.0,Ok,114.0,Ok,757
1637804.642372,84.0,Ok,91.0,Ok,758
1637804.691719,117.0,Ok,117.0,Ok,759
1637804.740714,45.0,Ok,72.0,Ok,760
1637804.791309,68.0,Ok,92.0,Ok,761
1637804.840133,71.0,Ok,87.0,Ok,762
1637804.890646,72.0,Ok,97.0,Ok,763
1637804.941331,57.0,Ok,92.0,Ok,764
1637804.995437,62.0,Ok,75.0,Ok,765
1637805.052193,95.0,Ok,131.0,Ok,766
1637805.090371,87.0,Ok,106.0,Ok,767
1637805.139693,91.0,Ok,107.0,Ok,768
1637805.190152,95.0,Ok,102.0,Ok,769
1637805.240553,89.0,Ok,80.0,Ok,770
1637805.290167,92.0,Ok,106.0,Ok,771
1637805.340300,94.0,Ok,112.0,Ok,772
1637805.390952,85.0,Ok,108.0,Ok,773
1637805.440329,86.0,Ok,107.0,Ok,774
1637805.491156,84.0,Ok,111.0,Ok,775
1637805.541671,99.0,Ok,114.0,Ok,776
1637805.590845,94.0,Ok,113.0,Ok,777
1637805.641159,107.0,Ok,110.0,Ok,778
1637805.690515,108.0,Ok,129.0,Ok,779
1637805.740801,108.0,Ok,122.0,Ok,780
1637805.791219,102.0,Ok,126.0,Ok,781
1637805.840663,84.0,Ok,132.0,Ok,782
1637805.891018,88.0,Ok,104.0,Ok,783
1637805.941344,85.0,Ok,109.0,Ok,784
1637805.990605,78.0,Ok,133.0,Ok,785
1637806.041028,77.0,Ok,107.0,Ok,786
1637806.091444,86.0,Ok,108.0,Ok,787
1637806.140184,104.0,Ok,118.0,Ok,788
1637806.191030,99.0,Ok,123.0,Ok,789
1637806.241095,84.0,Ok,108.0,Ok,790
1637806.290235,80.0,Ok,106.0,Ok,791
1637806.340283,122.0,Ok,106.0,Ok,792
1637806.390464,112.0,Ok,106.0,Ok,793
1637806.439920,106.0,Ok,126.0,Ok,794
1637806.490201,104.0,Ok,118.0,Ok,795
1637806.540927,98.0,Ok,117.0,Ok,796
1637806.590764,96.0,Ok,122.0,Ok,797
1637806.641163,90.0,Ok,116.0,Ok,798
1637806.690552,94.0,Ok,113.0,Ok,799
1637806.740857,91.0,Ok,112.0,Ok,800
1637806.791264,93.0,Ok,107.0,Ok,801
1637806.841675,88.0,Ok,113.0,Ok,802
1637806.890865,93.0,Ok,111.0,Ok,803
1637806.941319,96.0,Ok,107.0,Ok,804
1637806.991416,94.0,Ok,116.0,Ok,805
1637807.040733,97.0,Ok,125.0,Ok,806
1637807.091309,100.0,Ok,122.0,Ok,807
1637807.140223,107.0,Ok,126.0,Ok,808
1637807.191107,101.0,Ok,118.0,Ok,809
1637807.241044,106.0,Ok,122.0,Ok,810
1637807.290701,103.0,Ok,119.0,Ok,811
1637807.341140,107.0,Ok,119.0,Ok,812
1637807.392093,107.0,Ok,124.0,Ok,813
1637807.440876,100.0,Ok,125.0,Ok,814
1637807.491153,97.0,Ok,112.0,Ok,815
1637807.540443,109.0,Ok,106.0,Ok,816
1637807.590875,96.0,Ok,103.0,Ok,817
1637807.641372,102.0,Ok,103.0,Ok,818
1637807.690515,107.0,Ok,101.0,Ok,819
1637807.740303,104.0,Ok,103.0,Ok,820
1637807.790300,94.0,Ok,100.0,Ok,821
1637807.839626,107.0,Ok,99.0,Ok,822
1637807.889922,100.0,Ok,96.0,Ok,823
1637807.940292,98.0,Ok,98.0,Ok,824
1637807.990584,99.0,Ok,98.0,Ok,825
1637808.041010,107.0,Ok,99.0,Ok,826
1637808.091326,99.0,Ok,98.0,Ok,827
1637808.140195,104.0,Ok,100.0,Ok,828
1637808.190988,94.0,Ok,101.0,Ok,829
1637808.241150,99.0,Ok,101.0,Ok,830
1637808.290696,101.0,Ok,102.0,Ok,831
1637808.340776,102.0,Ok,102.0,Ok,832
1637808.391836,94.0,Ok,85.0,Ok,833
1637808.440836,94.0,Ok,85.0,Ok,834
1637808.491105,79.0,Ok,80.0,Ok,835
1637808.540376,93.0,Ok,67.0,Ok,836
1637808.590797,94.0,Ok,69.0,Ok,837
1637808.641150,97.0,Ok,69.0,Ok,838
1637808.691678,87.0,Ok,70.0,Ok,839
1637808.740616,92.0,Ok,61.0,Ok,840
1637808.791077,99.0,Ok,59.0,Ok,841
1637808.840568,86.0,Ok,63.0,Ok,842
1637808.890885,100.0,Ok,66.0,Ok,843
1637808.941424,100.0,Ok,65.0,Ok,844
1637808.990577,107.0,Ok,62.0,Ok,845
1637809.040780,108.0,Ok,63.0,Ok,846
1637809.091643,106.0,Ok,59.0,Ok,847
1637809.140273,105.0,Ok,60.0,Ok,848
1637809.191281,105.0,Ok,60.0,Ok,849
1637809.241041,106.0,Ok,61.0,Ok,850
1637809.290721,107.0,Ok,62.0,Ok,851
1637809.341069,103.0,Ok,61.0,Ok,852
1637809.390418,102.0,Ok,60.0,Ok,853
1637809.440815,107.0,Ok,59.0,Ok,854
1637809.491402,105.0,Ok,59.0,Ok,855
1637809.540689,108.0,Ok,59.0,Ok,856
1637809.590826,107.0,Ok,61.0,Ok,857
1637809.641334,111.0,Ok,61.0,Ok,858
1637809.690405,111.0,Ok,60.0,Ok,859
1637809.739928,112.0,Ok,60.0,Ok,860
1637809.791166,114.0,Ok,57.0,Ok,861
1637809.841717,111.0,Ok,59.0,Ok,862
1637809.890809,110.0,Ok,59.0,Ok,863
1637809.940927,109.0,Ok,58.0,Ok,864
1637809.996323,108.0,Ok,61.0,Ok,865
1637810.040338,108.0,Ok,59.0,Ok,866
1637810.091346,109.0,Ok,59.0,Ok,867
1637810.140765,110.0,Ok,59.0,Ok,868
1637810.191110,108.0,Ok,59.0,Ok,869
1637810.241190,111.0,Ok,58.0,Ok,870
1637810.290817,112.0,Ok,58.0,Ok,871
1637810.341088,107.0,Ok,57.0,Ok,872
1637810.390210,111.0,Ok,60.0,Ok,873
1637810.440847,111.0,Ok,60.0,Ok,874
1637810.490888,111.0,Ok,62.0,Ok,875
1637810.540526,110.0,Ok,58.0,Ok,876
1637810.590331,111.0,Ok,59.0,Ok,877
1637810.641263,114.0,Ok,60.0,Ok,878
1637810.689951,113.0,Ok,57.0,Ok,879
1637810.740479,111.0,Ok,60.0,Ok,880
1637810.790840,111.0,Ok,60.0,Ok,881
1637810.840639,109.0,Ok,60.0,Ok,882
1637810.890414,108.0,Ok,58.0,Ok,883
1637810.940407,112.0,Ok,59.0,Ok,884
1637810.989658,112.0,Ok,59.0,Ok,885
1637811.039998,110.0,Ok,58.0,Ok,886
1637811.090410,112.0,Ok,59.0,Ok,887
1637811.140020,111.0,Ok,61.0,Ok,888
1637811.190651,111.0,Ok,59.0,Ok,889
1637811.240039,111.0,Ok,58.0,Ok,890
1637811.290822,111.0,Ok,57.0,Ok,891
1637811.340744,111.0,Ok,56.0,Ok,892
1637811.390382,111.0,Ok,58.0,Ok,893
1637811.440619,109.0,Ok,57.0,Ok,894
1637811.490598,111.0,Ok,58.0,Ok,895
1637811.540223,106.0,Ok,58.0,Ok,896
1637811.590812,108.0,Ok,60.0,Ok,897
1637811.641362,112.0,Ok,61.0,Ok,898
1637811.690471,111.0,Ok,57.0,Ok,899
1637811.740405,110.0,Ok,61.0,Ok,900
1637811.791191,108.0,Ok,61.0,Ok,901
1637811.839988,111.0,Ok,59.0,Ok,902
1637811.891024,107.0,Ok,59.0,Ok,903
1637811.940709,109.0,Ok,59.0,Ok,904
1637811.990553,112.0,Ok,57.0,Ok,905
1637812.040003,108.0,Ok,60.0,Ok,906
1637812.091178,111.0,Ok,58.0,Ok,907
1637812.140430,105.0,Ok,58.0,Ok,908
1637812.191296,107.0,Ok,59.0,Ok,909
1637812.240141,100.0,Ok,57.0,Ok,910
1637812.290879,104.0,Ok,57.0,Ok,911
1637812.341314,110.0,Ok,58.0,Ok,912
1637812.390477,106.0,Ok,60.0,Ok,913
1637812.441045,107.0,Ok,56.0,Ok,914
1637812.491217,105.0,Ok,58.0,Ok,915
1637812.540670,104.0,Ok,60.0,Ok,916
1637812.591015,107.0,Ok,58.0,Ok,917
1637812.641423,106.0,Ok,60.0,Ok,918
1637812.690605,108.0,Ok,54.0,Ok,919
1637812.740747,104.0,Ok,56.0,Ok,920
1637812.790279,107.0,Ok,61.0,Ok,921
1637812.839639,104.0,Ok,60.0,Ok,922
1637812.889934,108.0,Ok,59.0,Ok,923
1637812.940445,108.0,Ok,57.0,Ok,924
1637812.990491,108.0,Ok,58.0,Ok,925
1637813.041006,107.0,Ok,56.0,Ok,926
1637813.089865,103.0,Ok,56.0,Ok,927
1637813.140897,106.0,Ok,56.0,Ok,928
1637813.191267,107.0,Ok,58.0,Ok,929
1637813.239912,103.0,Ok,56.0,Ok,930
1637813.290979,105.0,Ok,63.0,Ok,931
1637813.341276,105.0,Ok,59.0,Ok,932
1637813.390658,104.0,Ok,60.0,Ok,933
1637813.441011,104.0,Ok,63.0,Ok,934
1637813.490660,106.0,Ok,62.0,Ok,935
1637813.540096,107.0,Ok,59.0,Ok,936
1637813.590919,65535.0,RangingRxPhyDecFailed,57.0,Ok,937
1637813.641258,105.0,Ok,60.0,Ok,938
1637813.690734,109.0,Ok,59.0,Ok,939
1637813.741241,107.0,Ok,59.0,Ok,940
1637813.790741,107.0,Ok,58.0,Ok,941
1637813.840817,104.0,Ok,59.0,Ok,942
1637813.891125,107.0,Ok,64.0,Ok,943
1637813.940484,106.0,Ok,62.0,Ok,944
1637813.990759,109.0,Ok,61.0,Ok,945
1637814.041298,106.0,Ok,58.0,Ok,946
1637814.090437,107.0,Ok,60.0,Ok,947
1637814.140209,107.0,Ok,60.0,Ok,948
1637814.190860,104.0,Ok,57.0,Ok,949
1637814.239980,107.0,Ok,66.0,Ok,950
1637814.290849,110.0,Ok,56.0,Ok,951
1637814.341229,106.0,Ok,59.0,Ok,952
1637814.390415,109.0,Ok,64.0,Ok,953
1637814.440892,108.0,Ok,61.0,Ok,954
1637814.490857,105.0,Ok,63.0,Ok,955
1637814.539632,105.0,Ok,60.0,Ok,956
1637814.589879,110.0,Ok,62.0,Ok,957
1637814.640237,107.0,Ok,68.0,Ok,958
1637814.690077,111.0,Ok,69.0,Ok,959
1637814.740473,103.0,Ok,76.0,Ok,960
1637814.791264,107.0,Ok,84.0,Ok,961
1637814.840654,92.0,Ok,83.0,Ok,962
1637814.890978,104.0,Ok,87.0,Ok,963
1637814.940242,101.0,Ok,92.0,Ok,964
1637814.990595,103.0,Ok,103.0,Ok,965
1637815.040966,103.0,Ok,108.0,Ok,966
1637815.090242,163.0,Ok,99.0,Ok,967
1637815.140075,119.0,Ok,73.0,Ok,968
1637815.191079,109.0,Ok,94.0,Ok,969
1637815.239803,102.0,Ok,78.0,Ok,970
1637815.290718,99.0,Ok,77.0,Ok,971
1637815.341105,107.0,Ok,78.0,Ok,972
1637815.390496,98.0,Ok,82.0,Ok,973
1637815.440811,102.0,Ok,68.0,Ok,974
1637815.491135,102.0,Ok,68.0,Ok,975
1637815.540473,103.0,Ok,68.0,Ok,976
1637815.590802,113.0,Ok,66.0,Ok,977
1637815.641186,145.0,Ok,71.0,Ok,978
1637815.690467,93.0,Ok,70.0,Ok,979
1637815.740840,96.0,Ok,64.0,Ok,980
1637815.790170,97.0,Ok,61.0,Ok,981
1637815.840707,108.0,Ok,62.0,Ok,982
1637815.890905,108.0,Ok,61.0,Ok,983
1637815.940369,110.0,Ok,60.0,Ok,984
1637815.990600,159.0,Ok,61.0,Ok,985
1637816.040967,84.0,Ok,60.0,Ok,986
1637816.090297,90.0,Ok,61.0,Ok,987
1637816.140178,93.0,Ok,62.0,Ok,988
1637816.191051,99.0,Ok,61.0,Ok,989
1637816.240475,100.0,Ok,59.0,Ok,990
1637816.290699,96.0,Ok,59.0,Ok,991
1637816.340964,93.0,Ok,55.0,Ok,992
1637816.390391,97.0,Ok,57.0,Ok,993
1637816.440781,101.0,Ok,62.0,Ok,994
1637816.491163,99.0,Ok,64.0,Ok,995
1637816.540500,102.0,Ok,59.0,Ok,996
1637816.590862,100.0,Ok,62.0,Ok,997
1637816.641253,94.0,Ok,65.0,Ok,998
1637816.690443,95.0,Ok,65.0,Ok,999
1637816.740817,94.0,Ok,66.0,Ok,1000
1637816.790429,98.0,Ok,64.0,Ok,1001
1637816.839965,92.0,Ok,61.0,Ok,1002
1637816.889952,88.0,Ok,62.0,Ok,1003
1637816.939759,97.0,Ok,59.0,Ok,1004
1637816.990716,92.0,Ok,60.0,Ok,1005
1637817.040411,94.0,Ok,61.0,Ok,1006
1637817.090276,92.0,Ok,64.0,Ok,1007
1637817.140404,154.0,Ok,74.0,Ok,1008
1637817.190670,91.0,Ok,73.0,Ok,1009
1637817.239817,89.0,Ok,61.0,Ok,1010
1637817.290799,104.0,Ok,60.0,Ok,1011
1637817.340575,98.0,Ok,66.0,Ok,1012
1637817.390416,96.0,Ok,66.0,Ok,1013
1637817.440562,90.0,Ok,56.0,Ok,1014
1637817.491142,89.0,Ok,59.0,Ok,1015
1637817.540490,93.0,Ok,61.0,Ok,1016
1637817.590863,94.0,Ok,65.0,Ok,1017
1637817.640085,101.0,Ok,74.0,Ok,1018
1637817.690235,99.0,Ok,81.0,Ok,1019
1637817.740874,104.0,Ok,103.0,Ok,1020
1637817.789286,101.0,Ok,64.0,Ok,1021
1637817.839774,87.0,Ok,59.0,Ok,1022
1637817.890005,93.0,Ok,65.0,Ok,1023
1637817.939256,89.0,Ok,60.0,Ok,1024
1637817.992753,88.0,Ok,58.0,Ok,1025
1637818.040918,85.0,Ok,57.0,Ok,1026
1637818.089763,95.0,Ok,57.0,Ok,1027
1637818.140617,97.0,Ok,53.0,Ok,1028
1637818.190580,103.0,Ok,54.0,Ok,1029
1637818.240356,99.0,Ok,55.0,Ok,1030
1637818.290110,101.0,Ok,65535.0,RangingRxTimeout,1031
1637818.340669,100.0,Ok,53.0,Ok,1032
1637818.389889,99.0,Ok,57.0,Ok,1033
1637818.440760,90.0,Ok,60.0,Ok,1034
1637818.490615,98.0,Ok,60.0,Ok,1035
1637818.540416,96.0,Ok,54.0,Ok,1036
1637818.590237,96.0,Ok,51.0,Ok,1037
1637818.640485,97.0,Ok,51.0,Ok,1038
1637818.689854,100.0,Ok,50.0,Ok,1039
1637818.749976,99.0,Ok,57.0,Ok,1040
1637818.789221,97.0,Ok,57.0,Ok,1041
1637818.840464,93.0,Ok,61.0,Ok,1042
1637818.892609,83.0,Ok,58.0,Ok,1043
1637818.939473,75.0,Ok,55.0,Ok,1044
1637818.990038,82.0,Ok,54.0,Ok,1045
1637819.040910,86.0,Ok,49.0,Ok,1046
1637819.090225,85.0,Ok,46.0,Ok,1047
1637819.140520,92.0,Ok,38.0,Ok,1048
1637819.191003,88.0,Ok,37.0,Ok,1049
1637819.239967,101.0,Ok,47.0,Ok,1050
1637819.290687,91.0,Ok,46.0,Ok,1051
1637819.341022,97.0,Ok,49.0,Ok,1052
1637819.390330,97.0,Ok,52.0,Ok,1053
1637819.440778,86.0,Ok,45.0,Ok,1054
1637819.490031,80.0,Ok,120.0,Ok,1055
1637819.540393,82.0,Ok,120.0,Ok,1056
1637819.590822,88.0,Ok,114.0,Ok,1057
1637819.640046,113.0,Ok,50.0,Ok,1058
1637819.690454,104.0,Ok,57.0,Ok,1059
1637819.740954,105.0,Ok,64.0,Ok,1060
1637819.790208,111.0,Ok,64.0,Ok,1061
1637819.840560,93.0,Ok,85.0,Ok,1062
1637819.890979,92.0,Ok,79.0,Ok,1063
1637819.940205,91.0,Ok,76.0,Ok,1064
1637819.990078,95.0,Ok,63.0,Ok,1065
1637820.040219,94.0,Ok,53.0,Ok,1066
1637820.090240,92.0,Ok,54.0,Ok,1067
1637820.140251,87.0,Ok,49.0,Ok,1068
1637820.190243,89.0,Ok,60.0,Ok,1069
1637820.239905,92.0,Ok,60.0,Ok,1070
1637820.289926,89.0,Ok,60.0,Ok,1071
1637820.340878,86.0,Ok,58.0,Ok,1072
1637820.390353,88.0,Ok,60.0,Ok,1073
1637820.440676,94.0,Ok,61.0,Ok,1074
1637820.489890,87.0,Ok,55.0,Ok,1075
1637820.540208,85.0,Ok,54.0,Ok,1076
1637820.590236,86.0,Ok,66.0,Ok,1077
1637820.640020,81.0,Ok,67.0,Ok,1078
1637820.692085,81.0,Ok,68.0,Ok,1079
1637820.742920,96.0,Ok,65.0,Ok,1080
1637820.790105,95.0,Ok,68.0,Ok,1081
1637820.840554,83.0,Ok,71.0,Ok,1082
1637820.890980,85.0,Ok,71.0,Ok,1083
1637820.940153,86.0,Ok,74.0,Ok,1084
1637820.990502,88.0,Ok,83.0,Ok,1085
1637821.040038,98.0,Ok,85.0,Ok,1086
1637821.090054,103.0,Ok,77.0,Ok,1087
1637821.140727,101.0,Ok,83.0,Ok,1088
1637821.190561,104.0,Ok,78.0,Ok,1089
1637821.239443,105.0,Ok,75.0,Ok,1090
1637821.290588,102.0,Ok,77.0,Ok,1091
1637821.339578,86.0,Ok,73.0,Ok,1092
1637821.390322,63.0,Ok,65.0,Ok,1093
1637821.440716,119.0,Ok,61.0,Ok,1094
1637821.490036,65.0,Ok,67.0,Ok,1095
1637821.540483,83.0,Ok,65.0,Ok,1096
1637821.590726,98.0,Ok,68.0,Ok,1097
1637821.640111,99.0,Ok,64.0,Ok,1098
1637821.690451,105.0,Ok,74.0,Ok,1099
1637821.740341,102.0,Ok,70.0,Ok,1100
1637821.790192,98.0,Ok,78.0,Ok,1101
1637821.839924,104.0,Ok,74.0,Ok,1102
1637821.890831,91.0,Ok,73.0,Ok,1103
1637821.940145,88.0,Ok,77.0,Ok,1104
1637821.990546,144.0,Ok,78.0,Ok,1105
1637822.040459,132.0,Ok,103.0,Ok,1106
1637822.090065,113.0,Ok,117.0,Ok,1107
1637822.140018,103.0,Ok,101.0,Ok,1108
1637822.189933,101.0,Ok,98.0,Ok,1109
1637822.240424,103.0,Ok,98.0,Ok,1110
1637822.289764,106.0,Ok,102.0,Ok,1111
1637822.339970,144.0,Ok,105.0,Ok,1112
1637822.390306,141.0,Ok,104.0,Ok,1113
1637822.440807,122.0,Ok,99.0,Ok,1114
1637822.490710,111.0,Ok,100.0,Ok,1115
1637822.540164,102.0,Ok,97.0,Ok,1116
1637822.589880,107.0,Ok,92.0,Ok,1117
1637822.639170,112.0,Ok,98.0,Ok,1118
1637822.689989,108.0,Ok,85.0,Ok,1119
1637822.740909,103.0,Ok,91.0,Ok,1120
1637822.790220,129.0,Ok,77.0,Ok,1121
1637822.840601,146.0,Ok,86.0,Ok,1122
1637822.890967,149.0,Ok,96.0,Ok,1123
1637822.940320,150.0,Ok,97.0,Ok,1124
1637822.990545,146.0,Ok,99.0,Ok,1125
1637823.040090,150.0,Ok,98.0,Ok,1126
1637823.089585,146.0,Ok,99.0,Ok,1127
1637823.139852,160.0,Ok,101.0,Ok,1128
1637823.189958,146.0,Ok,99.0,Ok,1129
1637823.240293,157.0,Ok,99.0,Ok,1130
1637823.290659,136.0,Ok,99.0,Ok,1131
1637823.340023,137.0,Ok,99.0,Ok,1132
1637823.390345,130.0,Ok,99.0,Ok,1133
1637823.440616,119.0,Ok,99.0,Ok,1134
1637823.490022,107.0,Ok,100.0,Ok,1135
1637823.540724,114.0,Ok,96.0,Ok,1136
1637823.590719,110.0,Ok,95.0,Ok,1137
1637823.640111,114.0,Ok,97.0,Ok,1138
1637823.689975,114.0,Ok,100.0,Ok,1139
1637823.740498,113.0,Ok,100.0,Ok,1140
1637823.789097,120.0,Ok,95.0,Ok,1141
1637823.840118,118.0,Ok,95.0,Ok,1142
1637823.890948,152.0,Ok,94.0,Ok,1143
1637823.940387,147.0,Ok,96.0,Ok,1144
1637823.990533,94.0,Ok,96.0,Ok,1145
1637824.038925,101.0,Ok,95.0,Ok,1146
1637824.089273,158.0,Ok,93.0,Ok,1147
1637824.139634,169.0,Ok,90.0,Ok,1148
1637824.189043,176.0,Ok,86.0,Ok,1149
1637824.239829,168.0,Ok,85.0,Ok,1150
1637824.289883,158.0,Ok,86.0,Ok,1151
1637824.339696,158.0,Ok,90.0,Ok,1152
1637824.390379,145.0,Ok,88.0,Ok,1153
1637824.440727,141.0,Ok,93.0,Ok,1154
1637824.490105,137.0,Ok,65535.0,RangingRxTimeout,1155
1637824.540541,151.0,Ok,84.0,Ok,1156
1637824.590766,152.0,Ok,89.0,Ok,1157
1637824.640368,152.0,Ok,87.0,Ok,1158
1637824.690456,147.0,Ok,85.0,Ok,1159
1637824.740994,166.0,Ok,79.0,Ok,1160
1637824.790187,126.0,Ok,73.0,Ok,1161
1637824.840580,120.0,Ok,66.0,Ok,1162
1637824.890990,109.0,Ok,62.0,Ok,1163
1637824.940218,135.0,Ok,63.0,Ok,1164
1637824.990567,153.0,Ok,54.0,Ok,1165
1637825.039911,75.0,Ok,58.0,Ok,1166
1637825.090258,93.0,Ok,58.0,Ok,1167
1637825.140726,96.0,Ok,58.0,Ok,1168
1637825.189971,94.0,Ok,60.0,Ok,1169
1637825.240064,98.0,Ok,56.0,Ok,1170
1637825.290832,99.0,Ok,57.0,Ok,1171
1637825.340007,107.0,Ok,59.0,Ok,1172
1637825.390367,109.0,Ok,58.0,Ok,1173
1637825.440792,108.0,Ok,60.0,Ok,1174
1637825.490023,123.0,Ok,56.0,Ok,1175
1637825.540483,116.0,Ok,56.0,Ok,1176
1637825.590752,92.0,Ok,56.0,Ok,1177
1637825.640140,102.0,Ok,61.0,Ok,1178
1637825.690627,96.0,Ok,48.0,Ok,1179
1637825.740781,100.0,Ok,55.0,Ok,1180
1637825.789533,100.0,Ok,58.0,Ok,1181
1637825.840433,98.0,Ok,58.0,Ok,1182
1637825.889963,99.0,Ok,57.0,Ok,1183
1637825.940238,94.0,Ok,55.0,Ok,1184
1637825.990628,86.0,Ok,55.0,Ok,1185
1637826.039781,88.0,Ok,47.0,Ok,1186
1637826.090163,83.0,Ok,46.0,Ok,1187
1637826.140755,91.0,Ok,52.0,Ok,1188
1637826.190099,85.0,Ok,52.0,Ok,1189
1637826.240386,93.0,Ok,59.0,Ok,1190
1637826.290801,77.0,Ok,57.0,Ok,1191
1637826.340078,86.0,Ok,60.0,Ok,1192
1637826.390437,86.0,Ok,58.0,Ok,1193
1637826.440908,88.0,Ok,56.0,Ok,1194
1637826.490186,92.0,Ok,59.0,Ok,1195
1637826.540678,94.0,Ok,56.0,Ok,1196
1637826.590885,95.0,Ok,55.0,Ok,1197
1637826.640145,97.0,Ok,56.0,Ok,1198
1637826.690500,98.0,Ok,57.0,Ok,1199
1637826.740750,97.0,Ok,62.0,Ok,1200
1637826.790147,97.0,Ok,63.0,Ok,1201
1637826.840658,96.0,Ok,61.0,Ok,1202
1637826.889875,97.0,Ok,62.0,Ok,1203
1637826.939964,97.0,Ok,61.0,Ok,1204
1637826.990036,98.0,Ok,59.0,Ok,1205
1637827.039412,95.0,Ok,56.0,Ok,1206
1637827.089759,95.0,Ok,56.0,Ok,1207
1637827.140755,95.0,Ok,60.0,Ok,1208
1637827.189414,95.0,Ok,61.0,Ok,1209
1637827.240320,92.0,Ok,58.0,Ok,1210
1637827.290137,94.0,Ok,64.0,Ok,1211
1637827.340958,99.0,Ok,60.0,Ok,1212
1637827.389782,98.0,Ok,59.0,Ok,1213
1637827.440815,99.0,Ok,60.0,Ok,1214
1637827.489534,98.0,Ok,47.0,Ok,1215
1637827.540507,90.0,Ok,71.0,Ok,1216
1637827.590147,84.0,Ok,68.0,Ok,1217
1637827.640197,85.0,Ok,84.0,Ok,1218
1637827.690107,89.0,Ok,76.0,Ok,1219
1637827.739710,88.0,Ok,71.0,Ok,1220
1637827.789549,86.0,Ok,78.0,Ok,1221
1637827.840578,90.0,Ok,74.0,Ok,1222
1637827.890284,95.0,Ok,69.0,Ok,1223
1637827.939241,87.0,Ok,66.0,Ok,1224
1637827.989856,93.0,Ok,58.0,Ok,1225
1637828.038924,89.0,Ok,62.0,Ok,1226
1637828.089222,94.0,Ok,59.0,Ok,1227
1637828.140055,90.0,Ok,59.0,Ok,1228
1637828.189938,84.0,Ok,58.0,Ok,1229
1637828.240164,90.0,Ok,57.0,Ok,1230
1637828.290582,89.0,Ok,61.0,Ok,1231
1637828.339540,91.0,Ok,61.0,Ok,1232
1637828.390226,90.0,Ok,62.0,Ok,1233
1637828.440336,97.0,Ok,62.0,Ok,1234
1637828.490241,92.0,Ok,58.0,Ok,1235
1637828.539396,84.0,Ok,54.0,Ok,1236
1637828.590169,92.0,Ok,67.0,Ok,1237
1637828.639747,95.0,Ok,54.0,Ok,1238
1637828.690451,87.0,Ok,80.0,Ok,1239
1637828.739747,87.0,Ok,80.0,Ok,1240
1637828.789911,91.0,Ok,65535.0,RangingRxTimeout,1241
1637828.840004,90.0,Ok,72.0,Ok,1242
1637828.889789,95.0,Ok,63.0,Ok,1243
1637828.939817,82.0,Ok,61.0,Ok,1244
1637828.989557,92.0,Ok,58.0,Ok,1245
1637829.039267,99.0,Ok,56.0,Ok,1246
1637829.090164,90.0,Ok,57.0,Ok,1247
1637829.140590,91.0,Ok,58.0,Ok,1248
1637829.189318,118.0,Ok,57.0,Ok,1249
1637829.240237,96.0,Ok,56.0,Ok,1250
1637829.290632,94.0,Ok,58.0,Ok,1251
1637829.340009,96.0,Ok,62.0,Ok,1252
1637829.390358,108.0,Ok,58.0,Ok,1253
1637829.440759,108.0,Ok,59.0,Ok,1254
1637829.489968,101.0,Ok,66.0,Ok,1255
1637829.540423,95.0,Ok,71.0,Ok,1256
1637829.589382,92.0,Ok,72.0,Ok,1257
1637829.640049,93.0,Ok,74.0,Ok,1258
1637829.690562,95.0,Ok,65535.0,RangingRxTimeout,1259
1637829.740210,103.0,Ok,71.0,Ok,1260
1637829.790116,100.0,Ok,69.0,Ok,1261
1637829.840424,106.0,Ok,59.0,Ok,1262
1637829.889779,85.0,Ok,57.0,Ok,1263
1637829.940254,93.0,Ok,57.0,Ok,1264
1637829.990525,88.0,Ok,60.0,Ok,1265
1637830.039847,98.0,Ok,60.0,Ok,1266
1637830.089597,97.0,Ok,58.0,Ok,1267
1637830.140992,88.0,Ok,55.0,Ok,1268
1637830.189134,93.0,Ok,61.0,Ok,1269
1637830.239357,99.0,Ok,57.0,Ok,1270
1637830.290298,99.0,Ok,59.0,Ok,1271
1637830.340124,87.0,Ok,69.0,Ok,1272
1637830.390465,87.0,Ok,81.0,Ok,1273
1637830.439789,86.0,Ok,69.0,Ok,1274
1637830.490047,89.0,Ok,65535.0,RangingRxTimeout,1275
1637830.540495,86.0,Ok,68.0,Ok,1276
1637830.589682,94.0,Ok,70.0,Ok,1277
1637830.639927,100.0,Ok,68.0,Ok,1278
1637830.690341,91.0,Ok,64.0,Ok,1279
1637830.740293,94.0,Ok,55.0,Ok,1280
1637830.790147,94.0,Ok,59.0,Ok,1281
1637830.839865,87.0,Ok,56.0,Ok,1282
1637830.889265,86.0,Ok,57.0,Ok,1283
1637830.940141,83.0,Ok,58.0,Ok,1284
1637830.990176,83.0,Ok,54.0,Ok,1285
1637831.039769,94.0,Ok,58.0,Ok,1286
1637831.090199,95.0,Ok,59.0,Ok,1287
1637831.140242,94.0,Ok,65.0,Ok,1288
1637831.189404,94.0,Ok,62.0,Ok,1289
1637831.240455,91.0,Ok,69.0,Ok,1290
1637831.290521,90.0,Ok,71.0,Ok,1291
1637831.339959,87.0,Ok,59.0,Ok,1292
1637831.390392,90.0,Ok,64.0,Ok,1293
1637831.439873,92.0,Ok,72.0,Ok,1294
1637831.490006,96.0,Ok,90.0,Ok,1295
1637831.542566,97.0,Ok,84.0,Ok,1296
1637831.589693,101.0,Ok,61.0,Ok,1297
1637831.640066,106.0,Ok,60.0,Ok,1298
1637831.690458,96.0,Ok,61.0,Ok,1299
1637831.739745,85.0,Ok,58.0,Ok,1300
1637831.790031,87.0,Ok,56.0,Ok,1301
1637831.840451,90.0,Ok,56.0,Ok,1302
1637831.890154,88.0,Ok,55.0,Ok,1303
1637831.940210,94.0,Ok,52.0,Ok,1304
1637831.990614,80.0,Ok,56.0,Ok,1305
1637832.047953,87.0,Ok,60.0,Ok,1306
1637832.089751,90.0,Ok,58.0,Ok,1307
1637832.140650,86.0,Ok,100.0,Ok,1308
1637832.189781,90.0,Ok,97.0,Ok,1309
1637832.240382,89.0,Ok,64.0,Ok,1310
1637832.289194,87.0,Ok,67.0,Ok,1311
1637832.339885,88.0,Ok,114.0,Ok,1312
1637832.390400,84.0,Ok,129.0,Ok,1313
1637832.439175,86.0,Ok,101.0,Ok,1314
1637832.490003,87.0,Ok,69.0,Ok,1315
1637832.540543,100.0,Ok,61.0,Ok,1316
1637832.589757,96.0,Ok,61.0,Ok,1317
1637832.640272,101.0,Ok,55.0,Ok,1318
1637832.690451,91.0,Ok,59.0,Ok,1319
1637832.740963,86.0,Ok,57.0,Ok,1320
1637832.789178,92.0,Ok,55.0,Ok,1321
1637832.839592,93.0,Ok,59.0,Ok,1322
1637832.888827,92.0,Ok,59.0,Ok,1323
1637832.939206,99.0,Ok,60.0,Ok,1324
1637832.990002,97.0,Ok,61.0,Ok,1325
1637833.039998,101.0,Ok,64.0,Ok,1326
1637833.090154,103.0,Ok,70.0,Ok,1327
1637833.140549,100.0,Ok,76.0,Ok,1328
1637833.189597,92.0,Ok,83.0,Ok,1329
1637833.240362,91.0,Ok,77.0,Ok,1330
1637833.289714,104.0,Ok,85.0,Ok,1331
1637833.339265,123.0,Ok,96.0,Ok,1332
1637833.389725,95.0,Ok,96.0,Ok,1333
1637833.439720,84.0,Ok,71.0,Ok,1334
1637833.490157,96.0,Ok,101.0,Ok,1335
1637833.540447,80.0,Ok,99.0,Ok,1336
1637833.589680,129.0,Ok,99.0,Ok,1337
1637833.640353,103.0,Ok,101.0,Ok,1338
1637833.690535,99.0,Ok,104.0,Ok,1339
1637833.739549,97.0,Ok,109.0,Ok,1340
1637833.790111,70.0,Ok,97.0,Ok,1341
1637833.840599,101.0,Ok,107.0,Ok,1342
1637833.889812,99.0,Ok,98.0,Ok,1343
1637833.940410,98.0,Ok,95.0,Ok,1344
1637833.989960,107.0,Ok,96.0,Ok,1345
1637834.039606,106.0,Ok,116.0,Ok,1346
1637834.089586,95.0,Ok,103.0,Ok,1347
1637834.139529,114.0,Ok,115.0,Ok,1348
1637834.189737,111.0,Ok,104.0,Ok,1349
1637834.239926,98.0,Ok,103.0,Ok,1350
1637834.290243,92.0,Ok,111.0,Ok,1351
1637834.340038,97.0,Ok,93.0,Ok,1352
1637834.390247,101.0,Ok,94.0,Ok,1353
1637834.439693,100.0,Ok,129.0,Ok,1354
1637834.490138,107.0,Ok,94.0,Ok,1355
1637834.540370,108.0,Ok,105.0,Ok,1356
1637834.589871,101.0,Ok,105.0,Ok,1357
1637834.640152,111.0,Ok,110.0,Ok,1358
1637834.692398,100.0,Ok,94.0,Ok,1359
1637834.739892,97.0,Ok,99.0,Ok,1360
1637834.790170,83.0,Ok,95.0,Ok,1361
1637834.840553,89.0,Ok,104.0,Ok,1362
1637834.889938,90.0,Ok,98.0,Ok,1363
1637834.940119,110.0,Ok,94.0,Ok,1364
1637834.990640,169.0,Ok,102.0,Ok,1365
1637835.040049,108.0,Ok,108.0,Ok,1366
1637835.090331,77.0,Ok,100.0,Ok,1367
1637835.139869,99.0,Ok,89.0,Ok,1368
1637835.189989,116.0,Ok,96.0,Ok,1369
1637835.239736,99.0,Ok,90.0,Ok,1370
1637835.288762,92.0,Ok,107.0,Ok,1371
1637835.339393,99.0,Ok,99.0,Ok,1372
1637835.389918,98.0,Ok,94.0,Ok,1373
1637835.439773,93.0,Ok,106.0,Ok,1374
1637835.489647,89.0,Ok,98.0,Ok,1375
1637835.540388,82.0,Ok,118.0,Ok,1376
1637835.589340,82.0,Ok,107.0,Ok,1377
1637835.640159,86.0,Ok,104.0,Ok,1378
1637835.690045,106.0,Ok,103.0,Ok,1379
1637835.739894,99.0,Ok,99.0,Ok,1380
1637835.789592,95.0,Ok,95.0,Ok,1381
1637835.840642,85.0,Ok,99.0,Ok,1382
1637835.889165,90.0,Ok,105.0,Ok,1383
1637835.940374,76.0,Ok,106.0,Ok,1384
1637835.988903,84.0,Ok,109.0,Ok,1385
1637836.039823,107.0,Ok,88.0,Ok,1386
1637836.089823,99.0,Ok,99.0,Ok,1387
1637836.139495,103.0,Ok,106.0,Ok,1388
1637836.189375,121.0,Ok,105.0,Ok,1389
1637836.239676,61.0,Ok,113.0,Ok,1390
1637836.289752,91.0,Ok,100.0,Ok,1391
1637836.338928,84.0,Ok,103.0,Ok,1392
1637836.389353,76.0,Ok,102.0,Ok,1393
1637836.439002,107.0,Ok,107.0,Ok,1394
1637836.489415,136.0,Ok,107.0,Ok,1395
1637836.540302,101.0,Ok,103.0,Ok,1396
1637836.589123,84.0,Ok,108.0,Ok,1397
1637836.640037,100.0,Ok,102.0,Ok,1398
1637836.689935,93.0,Ok,98.0,Ok,1399
1637836.740341,95.0,Ok,103.0,Ok,1400
1637836.789589,100.0,Ok,107.0,Ok,1401
1637836.840436,103.0,Ok,97.0,Ok,1402
1637836.889219,91.0,Ok,102.0,Ok,1403
1637836.940193,91.0,Ok,100.0,Ok,1404
1637836.989032,97.0,Ok,101.0,Ok,1405
1637837.040480,94.0,Ok,108.0,Ok,1406
1637837.090263,86.0,Ok,112.0,Ok,1407
1637837.139095,103.0,Ok,94.0,Ok,1408
1637837.189533,92.0,Ok,100.0,Ok,1409
1637837.240030,118.0,Ok,103.0,Ok,1410
1637837.290642,98.0,Ok,98.0,Ok,1411
1637837.339182,86.0,Ok,106.0,Ok,1412
1637837.389693,83.0,Ok,99.0,Ok,1413
1637837.439550,92.0,Ok,99.0,Ok,1414
1637837.490002,94.0,Ok,98.0,Ok,1415
1637837.540289,79.0,Ok,100.0,Ok,1416
1637837.589734,111.0,Ok,100.0,Ok,1417
1637837.639981,106.0,Ok,104.0,Ok,1418
1637837.690287,90.0,Ok,107.0,Ok,1419
1637837.739674,89.0,Ok,97.0,Ok,1420
1637837.789110,92.0,Ok,95.0,Ok,1421
1637837.838464,92.0,Ok,111.0,Ok,1422
1637837.888795,101.0,Ok,107.0,Ok,1423
1637837.939158,104.0,Ok,101.0,Ok,1424
1637837.988957,106.0,Ok,109.0,Ok,1425
1637838.039767,88.0,Ok,102.0,Ok,1426
1637838.090363,96.0,Ok,106.0,Ok,1427
1637838.139800,86.0,Ok,95.0,Ok,1428
1637838.189385,97.0,Ok,86.0,Ok,1429
1637838.239776,95.0,Ok,99.0,Ok,1430
1637838.288969,99.0,Ok,100.0,Ok,1431
1637838.339503,100.0,Ok,107.0,Ok,1432
1637838.390311,101.0,Ok,104.0,Ok,1433
1637838.439699,98.0,Ok,100.0,Ok,1434
1637838.490016,92.0,Ok,96.0,Ok,1435
1637838.540366,96.0,Ok,94.0,Ok,1436
1637838.589611,96.0,Ok,97.0,Ok,1437
1637838.640235,115.0,Ok,104.0,Ok,1438
1637838.688816,93.0,Ok,100.0,Ok,1439
1637838.739921,146.0,Ok,100.0,Ok,1440
1637838.790083,97.0,Ok,114.0,Ok,1441
1637838.839462,105.0,Ok,96.0,Ok,1442
1637838.889713,92.0,Ok,102.0,Ok,1443
1637838.940031,106.0,Ok,97.0,Ok,1444
1637838.990471,97.0,Ok,106.0,Ok,1445
1637839.040213,105.0,Ok,105.0,Ok,1446
1637839.090202,99.0,Ok,105.0,Ok,1447
1637839.139601,131.0,Ok,97.0,Ok,1448
1637839.189326,102.0,Ok,102.0,Ok,1449
1637839.240208,91.0,Ok,98.0,Ok,1450
1637839.289525,93.0,Ok,98.0,Ok,1451
1637839.339992,95.0,Ok,120.0,Ok,1452
1637839.389979,114.0,Ok,100.0,Ok,1453
1637839.439637,106.0,Ok,99.0,Ok,1454
1637839.489888,135.0,Ok,100.0,Ok,1455
1637839.540319,92.0,Ok,97.0,Ok,1456
1637839.589919,99.0,Ok,100.0,Ok,1457
1637839.640292,73.0,Ok,104.0,Ok,1458
1637839.689676,100.0,Ok,103.0,Ok,1459
1637839.738891,99.0,Ok,101.0,Ok,1460
1637839.789035,109.0,Ok,100.0,Ok,1461
1637839.838449,121.0,Ok,100.0,Ok,1462
1637839.888868,127.0,Ok,96.0,Ok,1463
1637839.939535,98.0,Ok,96.0,Ok,1464
1637839.989497,93.0,Ok,110.0,Ok,1465
1637840.039985,101.0,Ok,103.0,Ok,1466
1637840.090035,86.0,Ok,99.0,Ok,1467
1637840.139421,100.0,Ok,104.0,Ok,1468
1637840.189334,93.0,Ok,99.0,Ok,1469
1637840.240160,98.0,Ok,106.0,Ok,1470
1637840.289565,105.0,Ok,106.0,Ok,1471
1637840.339862,108.0,Ok,102.0,Ok,1472
1637840.390246,111.0,Ok,114.0,Ok,1473
1637840.439536,107.0,Ok,99.0,Ok,1474
1637840.489992,107.0,Ok,103.0,Ok,1475
1637840.540258,112.0,Ok,103.0,Ok,1476
1637840.589700,109.0,Ok,104.0,Ok,1477
1637840.640055,77.0,Ok,106.0,Ok,1478
1637840.689587,90.0,Ok,104.0,Ok,1479
1637840.739256,90.0,Ok,105.0,Ok,1480
1637840.790121,98.0,Ok,107.0,Ok,1481
1637840.839364,99.0,Ok,105.0,Ok,1482
1637840.889743,111.0,Ok,108.0,Ok,1483
1637840.940277,92.0,Ok,103.0,Ok,1484
1637840.989540,91.0,Ok,109.0,Ok,1485
1637841.039758,85.0,Ok,108.0,Ok,1486
1637841.090256,83.0,Ok,104.0,Ok,1487
1637841.139833,75.0,Ok,105.0,Ok,1488
1637841.188763,116.0,Ok,104.0,Ok,1489
1637841.240104,102.0,Ok,120.0,Ok,1490
1637841.289696,101.0,Ok,123.0,Ok,1491
1637841.339994,116.0,Ok,114.0,Ok,1492
1637841.390465,87.0,Ok,121.0,Ok,1493
1637841.439786,111.0,Ok,66.0,Ok,1494
1637841.489955,88.0,Ok,99.0,Ok,1495
1637841.539322,78.0,Ok,107.0,Ok,1496
1637841.589790,100.0,Ok,98.0,Ok,1497
1637841.640258,108.0,Ok,99.0,Ok,1498
1637841.689591,107.0,Ok,100.0,Ok,1499
1637841.739496,95.0,Ok,118.0,Ok,1500
1637841.790017,81.0,Ok,105.0,Ok,1501
1637841.839447,93.0,Ok,105.0,Ok,1502
1637841.889856,62.0,Ok,102.0,Ok,1503
1637841.940096,86.0,Ok,123.0,Ok,1504
1637841.989385,89.0,Ok,103.0,Ok,1505
1637842.039748,100.0,Ok,99.0,Ok,1506
1637842.090428,95.0,Ok,101.0,Ok,1507
1637842.139511,103.0,Ok,101.0,Ok,1508
1637842.189933,114.0,Ok,101.0,Ok,1509
1637842.240190,122.0,Ok,98.0,Ok,1510
1637842.289511,99.0,Ok,95.0,Ok,1511
1637842.340117,97.0,Ok,109.0,Ok,1512
1637842.389157,91.0,Ok,121.0,Ok,1513
1637842.439595,96.0,Ok,120.0,Ok,1514
1637842.490050,100.0,Ok,116.0,Ok,1515
1637842.539067,108.0,Ok,96.0,Ok,1516
1637842.589006,135.0,Ok,100.0,Ok,1517
1637842.639210,118.0,Ok,103.0,Ok,1518
1637842.689566,98.0,Ok,104.0,Ok,1519
1637842.739413,108.0,Ok,102.0,Ok,1520
1637842.789758,84.0,Ok,111.0,Ok,1521
1637842.839605,90.0,Ok,95.0,Ok,1522
1637842.889725,84.0,Ok,94.0,Ok,1523
1637842.942158,96.0,Ok,107.0,Ok,1524
1637842.989367,96.0,Ok,85.0,Ok,1525
1637843.039947,95.0,Ok,98.0,Ok,1526
1637843.089632,84.0,Ok,97.0,Ok,1527
1637843.139458,133.0,Ok,96.0,Ok,1528
1637843.189358,126.0,Ok,107.0,Ok,1529
1637843.240183,107.0,Ok,103.0,Ok,1530
1637843.289122,95.0,Ok,102.0,Ok,1531
1637843.340046,145.0,Ok,105.0,Ok,1532
1637843.389015,96.0,Ok,89.0,Ok,1533
1637843.439531,84.0,Ok,91.0,Ok,1534
1637843.489439,92.0,Ok,93.0,Ok,1535
1637843.538746,99.0,Ok,88.0,Ok,1536
1637843.588823,100.0,Ok,96.0,Ok,1537
1637843.638939,85.0,Ok,99.0,Ok,1538
1637843.688353,95.0,Ok,100.0,Ok,1539
1637843.738796,102.0,Ok,101.0,Ok,1540
1637843.789681,65535.0,RangingRxTimeout,101.0,Ok,1541
1637843.839384,106.0,Ok,105.0,Ok,1542
1637843.889382,52.0,Ok,102.0,Ok,1543
1637843.940229,79.0,Ok,87.0,Ok,1544
1637843.988855,100.0,Ok,111.0,Ok,1545
1637844.038779,100.0,Ok,105.0,Ok,1546
1637844.089457,105.0,Ok,108.0,Ok,1547
1637844.139662,87.0,Ok,113.0,Ok,1548
1637844.189814,70.0,Ok,94.0,Ok,1549
1637844.238739,90.0,Ok,101.0,Ok,1550
1637844.289149,103.0,Ok,106.0,Ok,1551
1637844.339506,98.0,Ok,107.0,Ok,1552
1637844.389204,102.0,Ok,113.0,Ok,1553
1637844.439315,106.0,Ok,100.0,Ok,1554
1637844.489956,96.0,Ok,91.0,Ok,1555
1637844.543106,101.0,Ok,74.0,Ok,1556
1637844.588705,96.0,Ok,105.0,Ok,1557
1637844.638938,92.0,Ok,102.0,Ok,1558
1637844.688310,92.0,Ok,127.0,Ok,1559
1637844.738737,97.0,Ok,98.0,Ok,1560
1637844.789433,94.0,Ok,102.0,Ok,1561
1637844.839254,107.0,Ok,111.0,Ok,1562
1637844.889738,92.0,Ok,99.0,Ok,1563
1637844.940017,108.0,Ok,103.0,Ok,1564
1637844.989393,96.0,Ok,111.0,Ok,1565
1637845.039713,82.0,Ok,95.0,Ok,1566
1637845.090189,94.0,Ok,92.0,Ok,1567
1637845.150095,81.0,Ok,112.0,Ok,1568
1637845.190025,84.0,Ok,63.0,Ok,1569
1637845.239131,86.0,Ok,93.0,Ok,1570
1637845.289190,77.0,Ok,96.0,Ok,1571
1637845.340460,99.0,Ok,104.0,Ok,1572
1637845.389150,93.0,Ok,100.0,Ok,1573
1637845.439544,116.0,Ok,108.0,Ok,1574
1637845.490013,106.0,Ok,104.0,Ok,1575
1637845.539855,105.0,Ok,115.0,Ok,1576
1637845.589116,91.0,Ok,95.0,Ok,1577
1637845.640175,91.0,Ok,89.0,Ok,1578
1637845.689546,99.0,Ok,71.0,Ok,1579
1637845.740379,91.0,Ok,95.0,Ok,1580
1637845.790120,92.0,Ok,99.0,Ok,1581
1637845.839514,97.0,Ok,118.0,Ok,1582
1637845.889610,95.0,Ok,101.0,Ok,1583
1637845.940070,97.0,Ok,107.0,Ok,1584
1637845.988641,108.0,Ok,106.0,Ok,1585
1637846.039492,106.0,Ok,103.0,Ok,1586
1637846.088719,102.0,Ok,107.0,Ok,1587
1637846.139720,133.0,Ok,103.0,Ok,1588
1637846.189744,79.0,Ok,101.0,Ok,1589
1637846.239125,80.0,Ok,94.0,Ok,1590
1637846.288944,94.0,Ok,82.0,Ok,1591
1637846.340052,75.0,Ok,92.0,Ok,1592
1637846.389116,88.0,Ok,90.0,Ok,1593
1637846.439500,96.0,Ok,126.0,Ok,1594
1637846.489983,86.0,Ok,98.0,Ok,1595
1637846.539449,130.0,Ok,100.0,Ok,1596
1637846.589499,59.0,Ok,104.0,Ok,1597
1637846.639874,145.0,Ok,103.0,Ok,1598
1637846.689223,108.0,Ok,103.0,Ok,1599
1637846.739687,124.0,Ok,103.0,Ok,1600
1637846.789429,77.0,Ok,97.0,Ok,1601
1637846.839501,87.0,Ok,92.0,Ok,1602
1637846.889631,99.0,Ok,113.0,Ok,1603
1637846.938988,95.0,Ok,102.0,Ok,1604
1637846.989740,99.0,Ok,91.0,Ok,1605
1637847.040299,94.0,Ok,101.0,Ok,1606
1637847.088960,118.0,Ok,106.0,Ok,1607
1637847.139468,99.0,Ok,103.0,Ok,1608
1637847.189738,133.0,Ok,105.0,Ok,1609
1637847.239110,146.0,Ok,105.0,Ok,1610
1637847.289472,141.0,Ok,104.0,Ok,1611
1637847.339891,147.0,Ok,105.0,Ok,1612
1637847.389125,73.0,Ok,107.0,Ok,1613
1637847.439537,72.0,Ok,107.0,Ok,1614
1637847.489914,170.0,Ok,103.0,Ok,1615
1637847.539262,152.0,Ok,106.0,Ok,1616
1637847.589533,67.0,Ok,99.0,Ok,1617
1637847.640090,114.0,Ok,105.0,Ok,1618
1637847.689296,110.0,Ok,100.0,Ok,1619
1637847.740255,110.0,Ok,65535.0,RangingRxTimeout,1620
1637847.789129,111.0,Ok,102.0,Ok,1621
1637847.838424,83.0,Ok,105.0,Ok,1622
1637847.888680,59.0,Ok,105.0,Ok,1623
1637847.938134,69.0,Ok,108.0,Ok,1624
1637847.989284,58.0,Ok,106.0,Ok,1625
1637848.039762,67.0,Ok,104.0,Ok,1626
1637848.088960,66.0,Ok,104.0,Ok,1627
1637848.139461,113.0,Ok,102.0,Ok,1628
1637848.189706,66.0,Ok,105.0,Ok,1629
1637848.239452,98.0,Ok,101.0,Ok,1630
1637848.289072,104.0,Ok,102.0,Ok,1631
1637848.340102,120.0,Ok,124.0,Ok,1632
1637848.389453,92.0,Ok,93.0,Ok,1633
1637848.439430,108.0,Ok,77.0,Ok,1634
1637848.489978,99.0,Ok,81.0,Ok,1635
1637848.539146,86.0,Ok,75.0,Ok,1636
1637848.592739,104.0,Ok,68.0,Ok,1637
1637848.639336,105.0,Ok,67.0,Ok,1638
1637848.688856,108.0,Ok,64.0,Ok,1639
1637848.739905,106.0,Ok,67.0,Ok,1640
1637848.788985,103.0,Ok,62.0,Ok,1641
1637848.839451,105.0,Ok,65.0,Ok,1642
1637848.889818,108.0,Ok,64.0,Ok,1643
1637848.939079,107.0,Ok,61.0,Ok,1644
1637848.989492,89.0,Ok,65.0,Ok,1645
1637849.040290,102.0,Ok,65.0,Ok,1646
1637849.089113,99.0,Ok,58.0,Ok,1647
1637849.139504,106.0,Ok,61.0,Ok,1648
1637849.189836,107.0,Ok,58.0,Ok,1649
1637849.238875,110.0,Ok,60.0,Ok,1650
1637849.289266,109.0,Ok,66.0,Ok,1651
1637849.339995,107.0,Ok,61.0,Ok,1652
1637849.389190,109.0,Ok,61.0,Ok,1653
1637849.439574,108.0,Ok,60.0,Ok,1654
1637849.490102,107.0,Ok,61.0,Ok,1655
1637849.539269,103.0,Ok,62.0,Ok,1656
1637849.589871,108.0,Ok,62.0,Ok,1657
1637849.640233,109.0,Ok,62.0,Ok,1658
1637849.689314,107.0,Ok,59.0,Ok,1659
1637849.739869,109.0,Ok,63.0,Ok,1660
1637849.788919,108.0,Ok,61.0,Ok,1661
1637849.839571,109.0,Ok,61.0,Ok,1662
1637849.889939,107.0,Ok,62.0,Ok,1663
1637849.939130,107.0,Ok,63.0,Ok,1664
1637849.989441,110.0,Ok,62.0,Ok,1665
1637850.039372,108.0,Ok,58.0,Ok,1666
1637850.088430,108.0,Ok,64.0,Ok,1667
1637850.138952,108.0,Ok,59.0,Ok,1668
1637850.191774,110.0,Ok,58.0,Ok,1669
1637850.239428,110.0,Ok,64.0,Ok,1670
1637850.289121,108.0,Ok,67.0,Ok,1671
1637850.340144,110.0,Ok,64.0,Ok,1672
1637850.388327,105.0,Ok,67.0,Ok,1673
1637850.438814,108.0,Ok,65.0,Ok,1674
1637850.489351,105.0,Ok,63.0,Ok,1675
1637850.539479,109.0,Ok,64.0,Ok,1676
1637850.589279,108.0,Ok,67.0,Ok,1677
1637850.638921,107.0,Ok,65.0,Ok,1678
1637850.688791,107.0,Ok,68.0,Ok,1679
1637850.739641,106.0,Ok,63.0,Ok,1680
1637850.788506,106.0,Ok,62.0,Ok,1681
1637850.839296,109.0,Ok,61.0,Ok,1682
1637850.889521,109.0,Ok,77.0,Ok,1683
1637850.938940,108.0,Ok,93.0,Ok,1684
1637850.989090,108.0,Ok,82.0,Ok,1685
1637851.039951,112.0,Ok,107.0,Ok,1686
1637851.088022,109.0,Ok,69.0,Ok,1687
1637851.139544,109.0,Ok,59.0,Ok,1688
1637851.189964,111.0,Ok,61.0,Ok,1689
1637851.238651,108.0,Ok,60.0,Ok,1690
1637851.289294,110.0,Ok,58.0,Ok,1691
1637851.339416,109.0,Ok,57.0,Ok,1692
1637851.388238,110.0,Ok,60.0,Ok,1693
1637851.438693,109.0,Ok,76.0,Ok,1694
1637851.488897,108.0,Ok,71.0,Ok,1695
1637851.538359,107.0,Ok,73.0,Ok,1696
1637851.589032,65535.0,RangingRxTimeout,128.0,Ok,1697
1637851.638547,108.0,Ok,60.0,Ok,1698
1637851.689341,108.0,Ok,68.0,Ok,1699
1637851.739607,106.0,Ok,61.0,Ok,1700
1637851.788990,106.0,Ok,65.0,Ok,1701
1637851.838901,104.0,Ok,64.0,Ok,1702
1637851.889698,110.0,Ok,58.0,Ok,1703
1637851.938461,110.0,Ok,56.0,Ok,1704
1637851.988583,109.0,Ok,58.0,Ok,1705
1637852.044261,107.0,Ok,61.0,Ok,1706
1637852.088225,108.0,Ok,61.0,Ok,1707
1637852.139126,109.0,Ok,91.0,Ok,1708
1637852.189383,108.0,Ok,49.0,Ok,1709
1637852.238792,105.0,Ok,77.0,Ok,1710
1637852.288638,110.0,Ok,93.0,Ok,1711
1637852.339344,105.0,Ok,69.0,Ok,1712
1637852.389081,109.0,Ok,52.0,Ok,1713
1637852.440960,105.0,Ok,54.0,Ok,1714
1637852.488011,110.0,Ok,54.0,Ok,1715
1637852.538721,113.0,Ok,53.0,Ok,1716
1637852.589463,112.0,Ok,54.0,Ok,1717
1637852.638888,109.0,Ok,56.0,Ok,1718
1637852.689451,107.0,Ok,60.0,Ok,1719
1637852.739582,110.0,Ok,87.0,Ok,1720
1637852.788021,105.0,Ok,72.0,Ok,1721
1637852.838330,108.0,Ok,137.0,Ok,1722
1637852.888677,105.0,Ok,39.0,Ok,1723
1637852.938108,107.0,Ok,69.0,Ok,1724
1637852.988972,109.0,Ok,60.0,Ok,1725
1637853.039643,106.0,Ok,56.0,Ok,1726
1637853.089277,107.0,Ok,60.0,Ok,1727
1637853.139348,108.0,Ok,54.0,Ok,1728
1637853.189836,109.0,Ok,53.0,Ok,1729
1637853.239258,107.0,Ok,55.0,Ok,1730
1637853.289056,110.0,Ok,67.0,Ok,1731
1637853.339713,104.0,Ok,58.0,Ok,1732
1637853.389283,111.0,Ok,77.0,Ok,1733
1637853.439442,108.0,Ok,67.0,Ok,1734
1637853.488035,105.0,Ok,69.0,Ok,1735
1637853.539014,108.0,Ok,55.0,Ok,1736
1637853.589458,103.0,Ok,69.0,Ok,1737
1637853.638819,111.0,Ok,62.0,Ok,1738
1637853.689470,110.0,Ok,61.0,Ok,1739
1637853.739984,106.0,Ok,56.0,Ok,1740
1637853.789078,111.0,Ok,51.0,Ok,1741
1637853.839462,109.0,Ok,57.0,Ok,1742
1637853.889548,105.0,Ok,60.0,Ok,1743
1637853.938171,107.0,Ok,133.0,Ok,1744
1637853.988807,107.0,Ok,105.0,Ok,1745
1637854.039712,108.0,Ok,78.0,Ok,1746
1637854.089071,110.0,Ok,73.0,Ok,1747
1637854.139406,104.0,Ok,81.0,Ok,1748
1637854.189515,106.0,Ok,61.0,Ok,1749
1637854.239230,108.0,Ok,58.0,Ok,1750
1637854.288963,108.0,Ok,61.0,Ok,1751
1637854.338939,110.0,Ok,54.0,Ok,1752
1637854.389053,107.0,Ok,53.0,Ok,1753
1637854.439469,108.0,Ok,54.0,Ok,1754
1637854.489040,106.0,Ok,63.0,Ok,1755
1637854.539091,105.0,Ok,65.0,Ok,1756
1637854.590031,108.0,Ok,61.0,Ok,1757
1637854.638832,110.0,Ok,65.0,Ok,1758
1637854.688710,109.0,Ok,62.0,Ok,1759
1637854.738775,106.0,Ok,57.0,Ok,1760
1637854.788106,108.0,Ok,67.0,Ok,1761
1637854.838648,107.0,Ok,59.0,Ok,1762
1637854.889873,106.0,Ok,49.0,Ok,1763
1637854.937956,106.0,Ok,51.0,Ok,1764
1637854.988409,108.0,Ok,57.0,Ok,1765
1637855.038728,102.0,Ok,55.0,Ok,1766
1637855.088053,107.0,Ok,55.0,Ok,1767
1637855.139066,104.0,Ok,59.0,Ok,1768
1637855.188715,106.0,Ok,64.0,Ok,1769
1637855.238760,98.0,Ok,67.0,Ok,1770
1637855.288846,95.0,Ok,68.0,Ok,1771
1637855.338529,106.0,Ok,77.0,Ok,1772
1637855.389050,101.0,Ok,74.0,Ok,1773
1637855.439611,99.0,Ok,101.0,Ok,1774
1637855.488209,147.0,Ok,95.0,Ok,1775
1637855.539424,107.0,Ok,99.0,Ok,1776
1637855.588996,106.0,Ok,107.0,Ok,1777
1637855.639058,87.0,Ok,103.0,Ok,1778
1637855.694061,93.0,Ok,97.0,Ok,1779
1637855.739551,91.0,Ok,98.0,Ok,1780
1637855.788651,88.0,Ok,95.0,Ok,1781
1637855.839334,87.0,Ok,92.0,Ok,1782
1637855.889975,83.0,Ok,99.0,Ok,1783
1637855.939242,85.0,Ok,118.0,Ok,1784
1637855.989452,82.0,Ok,86.0,Ok,1785
1637856.039764,112.0,Ok,106.0,Ok,1786
1637856.089089,100.0,Ok,101.0,Ok,1787
1637856.139711,94.0,Ok,111.0,Ok,1788
1637856.188639,95.0,Ok,117.0,Ok,1789
1637856.239241,104.0,Ok,120.0,Ok,1790
1637856.289027,98.0,Ok,114.0,Ok,1791
1637856.338726,99.0,Ok,126.0,Ok,1792
1637856.389361,110.0,Ok,109.0,Ok,1793
1637856.450146,105.0,Ok,117.0,Ok,1794
1637856.488768,105.0,Ok,114.0,Ok,1795
1637856.538900,95.0,Ok,114.0,Ok,1796
1637856.589746,94.0,Ok,117.0,Ok,1797
1637856.638832,97.0,Ok,121.0,Ok,1798
1637856.689191,99.0,Ok,112.0,Ok,1799
1637856.740185,103.0,Ok,118.0,Ok,1800
1637856.788841,98.0,Ok,112.0,Ok,1801
1637856.839259,102.0,Ok,112.0,Ok,1802
1637856.889944,101.0,Ok,110.0,Ok,1803
1637856.938970,103.0,Ok,108.0,Ok,1804
1637856.988819,93.0,Ok,80.0,Ok,1805
1637857.038625,114.0,Ok,125.0,Ok,1806
1637857.089190,88.0,Ok,98.0,Ok,1807
1637857.139026,79.0,Ok,102.0,Ok,1808
1637857.187908,87.0,Ok,95.0,Ok,1809
1637857.238781,84.0,Ok,84.0,Ok,1810
1637857.288990,82.0,Ok,90.0,Ok,1811
1637857.338777,81.0,Ok,93.0,Ok,1812
1637857.388610,82.0,Ok,90.0,Ok,1813
1637857.439421,77.0,Ok,93.0,Ok,1814
1637857.488402,76.0,Ok,90.0,Ok,1815
1637857.539157,75.0,Ok,89.0,Ok,1816
1637857.589220,81.0,Ok,86.0,Ok,1817
1637857.638793,70.0,Ok,99.0,Ok,1818
1637857.688974,85.0,Ok,87.0,Ok,1819
1637857.739542,79.0,Ok,96.0,Ok,1820
1637857.788639,79.0,Ok,89.0,Ok,1821
1637857.839290,78.0,Ok,122.0,Ok,1822
1637857.889412,77.0,Ok,93.0,Ok,1823
1637857.938970,81.0,Ok,90.0,Ok,1824
1637857.989150,80.0,Ok,95.0,Ok,1825
1637858.038623,81.0,Ok,90.0,Ok,1826
1637858.088695,81.0,Ok,77.0,Ok,1827
1637858.138955,84.0,Ok,92.0,Ok,1828
1637858.187758,80.0,Ok,92.0,Ok,1829
1637858.238129,88.0,Ok,93.0,Ok,1830
1637858.288481,77.0,Ok,85.0,Ok,1831
1637858.337864,81.0,Ok,98.0,Ok,1832
1637858.388712,76.0,Ok,88.0,Ok,1833
1637858.439307,75.0,Ok,91.0,Ok,1834
1637858.488326,88.0,Ok,104.0,Ok,1835
1637858.538992,84.0,Ok,85.0,Ok,1836
1637858.588996,81.0,Ok,90.0,Ok,1837
1637858.639222,82.0,Ok,93.0,Ok,1838
1637858.689200,81.0,Ok,93.0,Ok,1839
1637858.739371,78.0,Ok,94.0,Ok,1840
1637858.789140,80.0,Ok,83.0,Ok,1841
1637858.838476,79.0,Ok,91.0,Ok,1842
1637858.887963,78.0,Ok,90.0,Ok,1843
1637858.938656,74.0,Ok,100.0,Ok,1844
1637858.989262,77.0,Ok,105.0,Ok,1845
1637859.040081,77.0,Ok,102.0,Ok,1846
1637859.089136,77.0,Ok,70.0,Ok,1847
1637859.139075,82.0,Ok,100.0,Ok,1848
1637859.188649,84.0,Ok,99.0,Ok,1849
1637859.238171,78.0,Ok,85.0,Ok,1850
1637859.288804,80.0,Ok,116.0,Ok,1851
1637859.338796,84.0,Ok,78.0,Ok,1852
1637859.389033,81.0,Ok,100.0,Ok,1853
1637859.439834,80.0,Ok,77.0,Ok,1854
1637859.488380,82.0,Ok,103.0,Ok,1855
1637859.539169,65535.0,RangingRxTimeout,97.0,Ok,1856
1637859.588651,65535.0,RangingRxTimeout,96.0,Ok,1857
1637859.638826,65535.0,RangingRxTimeout,92.0,Ok,1858
1637859.688391,65535.0,RangingRxTimeout,97.0,Ok,1859
1637859.738622,65535.0,RangingRxTimeout,100.0,Ok,1860
1637859.788918,65535.0,RangingRxTimeout,96.0,Ok,1861
1637859.838222,65535.0,RangingRxTimeout,87.0,Ok,1862
1637859.889410,65535.0,RangingRxTimeout,99.0,Ok,1863
1637859.938814,65535.0,RangingRxTimeout,95.0,Ok,1864
1637859.988372,65535.0,RangingRxTimeout,85.0,Ok,1865
1637860.038529,65535.0,RangingRxTimeout,97.0,Ok,1866
1637860.089173,65535.0,RangingRxTimeout,91.0,Ok,1867
1637860.138652,65535.0,RangingRxTimeout,79.0,Ok,1868
1637860.188680,65535.0,RangingRxTimeout,99.0,Ok,1869
1637860.239138,65535.0,RangingRxTimeout,99.0,Ok,1870
1637860.287866,65535.0,RangingRxTimeout,96.0,Ok,1871
1637860.338624,65535.0,RangingRxTimeout,90.0,Ok,1872
1637860.388706,65535.0,RangingRxTimeout,99.0,Ok,1873
1637860.437996,65535.0,RangingRxTimeout,101.0,Ok,1874
1637860.488933,65535.0,RangingRxTimeout,99.0,Ok,1875
1637860.538920,65535.0,RangingRxTimeout,93.0,Ok,1876
1637860.588706,65535.0,RangingRxTimeout,73.0,Ok,1877
1637860.639034,65535.0,RangingRxTimeout,85.0,Ok,1878
1637860.688261,65535.0,RangingRxTimeout,101.0,Ok,1879
1637860.738669,65535.0,RangingRxTimeout,96.0,Ok,1880
1637860.789046,65535.0,RangingRxTimeout,77.0,Ok,1881
1637860.838319,65535.0,RangingRxTimeout,99.0,Ok,1882
1637860.889020,65535.0,RangingRxTimeout,100.0,Ok,1883
1637860.938932,65535.0,RangingRxTimeout,95.0,Ok,1884
1637860.988690,65535.0,RangingRxTimeout,107.0,Ok,1885
1637861.038662,65535.0,RangingRxTimeout,101.0,Ok,1886
1637861.089440,65535.0,RangingRxTimeout,98.0,Ok,1887
1637861.138513,65535.0,RangingRxTimeout,94.0,Ok,1888
1637861.188966,65535.0,RangingRxTimeout,84.0,Ok,1889
1637861.239249,65535.0,RangingRxTimeout,99.0,Ok,1890
1637861.288015,65535.0,RangingRxTimeout,88.0,Ok,1891
1637861.338839,65535.0,RangingRxTimeout,96.0,Ok,1892
1637861.388407,65535.0,RangingRxTimeout,85.0,Ok,1893
1637861.437899,65535.0,RangingRxTimeout,102.0,Ok,1894
1637861.488039,65535.0,RangingRxTimeout,118.0,Ok,1895
1637861.537178,65535.0,RangingRxTimeout,117.0,Ok,1896
1637861.587693,65535.0,RangingRxTimeout,104.0,Ok,1897
1637861.638437,65535.0,RangingRxTimeout,103.0,Ok,1898
1637861.688056,65535.0,RangingRxTimeout,102.0,Ok,1899
1637861.738178,65535.0,RangingRxTimeout,92.0,Ok,1900
1637861.788914,65535.0,RangingRxTimeout,81.0,Ok,1901
1637861.838008,65535.0,RangingRxTimeout,95.0,Ok,1902
1637861.888455,65535.0,RangingRxTimeout,96.0,Ok,1903
1637861.938906,65535.0,RangingRxTimeout,99.0,Ok,1904
1637861.988668,65535.0,RangingRxTimeout,98.0,Ok,1905
1637862.038552,65535.0,RangingRxTimeout,90.0,Ok,1906
1637862.089832,65535.0,RangingRxTimeout,93.0,Ok,1907
1637862.138569,65535.0,RangingRxTimeout,99.0,Ok,1908
1637862.188628,65535.0,RangingRxTimeout,100.0,Ok,1909
1637862.238971,65535.0,RangingRxTimeout,111.0,Ok,1910
1637862.288012,65535.0,RangingRxTimeout,112.0,Ok,1911
1637862.338752,65535.0,RangingRxTimeout,100.0,Ok,1912
1637862.389029,65535.0,RangingRxTimeout,105.0,Ok,1913
1637862.438538,65535.0,RangingRxTimeout,108.0,Ok,1914
1637862.488674,65535.0,RangingRxTimeout,113.0,Ok,1915
1637862.538130,65535.0,RangingRxTimeout,113.0,Ok,1916
1637862.588596,65535.0,RangingRxTimeout,106.0,Ok,1917
1637862.638863,65535.0,RangingRxTimeout,98.0,Ok,1918
1637862.688059,65535.0,RangingRxTimeout,104.0,Ok,1919
1637862.738600,65535.0,RangingRxTimeout,95.0,Ok,1920
1637862.788139,65535.0,RangingRxTimeout,95.0,Ok,1921
1637862.837429,65535.0,RangingRxTimeout,94.0,Ok,1922
1637862.887682,65535.0,RangingRxTimeout,93.0,Ok,1923
1637862.938042,65535.0,RangingRxTimeout,93.0,Ok,1924
1637862.988094,65535.0,RangingRxTimeout,77.0,Ok,1925
1637863.038711,65535.0,RangingRxTimeout,98.0,Ok,1926
1637863.089064,65535.0,RangingRxTimeout,90.0,Ok,1927
1637863.137648,65535.0,RangingRxTimeout,89.0,Ok,1928
1637863.188188,65535.0,RangingRxTimeout,84.0,Ok,1929
1637863.239271,65535.0,RangingRxTimeout,82.0,Ok,1930
1637863.288259,65535.0,RangingRxTimeout,77.0,Ok,1931
1637863.338845,65535.0,RangingRxTimeout,79.0,Ok,1932
1637863.388305,65535.0,RangingRxTimeout,71.0,Ok,1933
1637863.438595,65535.0,RangingRxTimeout,77.0,Ok,1934
1637863.488785,65535.0,RangingRxTimeout,72.0,Ok,1935
1637863.538890,65535.0,RangingRxTimeout,74.0,Ok,1936
1637863.588659,65535.0,RangingRxTimeout,75.0,Ok,1937
1637863.638994,65535.0,RangingRxTimeout,71.0,Ok,1938
1637863.688263,65535.0,RangingRxTimeout,66.0,Ok,1939
1637863.739210,65535.0,RangingRxTimeout,72.0,Ok,1940
1637863.789013,65535.0,RangingRxTimeout,69.0,Ok,1941
1637863.838402,65535.0,RangingRxTimeout,72.0,Ok,1942
1637863.888604,65535.0,RangingRxTimeout,68.0,Ok,1943
1637863.939095,65535.0,RangingRxTimeout,67.0,Ok,1944
1637863.988977,65535.0,RangingRxTimeout,64.0,Ok,1945
1637864.038801,65535.0,RangingRxTimeout,63.0,Ok,1946
1637864.089064,65535.0,RangingRxTimeout,63.0,Ok,1947
1637864.139024,65535.0,RangingRxTimeout,62.0,Ok,1948
1637864.188790,65535.0,RangingRxTimeout,61.0,Ok,1949
1637864.238798,65535.0,RangingRxTimeout,59.0,Ok,1950
1637864.288072,65535.0,RangingRxTimeout,58.0,Ok,1951
1637864.339088,65535.0,RangingRxTimeout,58.0,Ok,1952
1637864.388166,65535.0,RangingRxTimeout,56.0,Ok,1953
1637864.438477,65535.0,RangingRxTimeout,57.0,Ok,1954
1637864.488792,65535.0,RangingRxTimeout,61.0,Ok,1955
1637864.538543,65535.0,RangingRxTimeout,55.0,Ok,1956
1637864.588534,65535.0,RangingRxTimeout,58.0,Ok,1957
1637864.638833,65535.0,RangingRxTimeout,55.0,Ok,1958
1637864.690589,65535.0,RangingRxTimeout,58.0,Ok,1959
1637864.738904,65535.0,RangingRxTimeout,59.0,Ok,1960
1637864.788960,65535.0,RangingRxTimeout,61.0,Ok,1961
1637864.838274,65535.0,RangingRxTimeout,56.0,Ok,1962
1637864.889236,65535.0,RangingRxTimeout,61.0,Ok,1963
1637864.938937,65535.0,RangingRxTimeout,56.0,Ok,1964
1637864.988286,65535.0,RangingRxTimeout,62.0,Ok,1965
1637865.041834,65535.0,RangingRxTimeout,66.0,Ok,1966
1637865.088628,65535.0,RangingRxTimeout,65.0,Ok,1967
1637865.138866,65535.0,RangingRxTimeout,64.0,Ok,1968
1637865.188730,65535.0,RangingRxTimeout,64.0,Ok,1969
1637865.238135,65535.0,RangingRxTimeout,66.0,Ok,1970
1637865.288763,65535.0,RangingRxTimeout,70.0,Ok,1971
1637865.338786,65535.0,RangingRxTimeout,83.0,Ok,1972
1637865.388218,65535.0,RangingRxTimeout,78.0,Ok,1973
1637865.438475,65535.0,RangingRxTimeout,71.0,Ok,1974
1637865.488733,65535.0,RangingRxTimeout,71.0,Ok,1975
1637865.538105,65535.0,RangingRxTimeout,69.0,Ok,1976
1637865.588326,65535.0,RangingRxTimeout,70.0,Ok,1977
1637865.641213,65535.0,RangingRxTimeout,73.0,Ok,1978
1637865.687223,65535.0,RangingRxTimeout,72.0,Ok,1979
1637865.737672,65535.0,RangingRxTimeout,73.0,Ok,1980
1637865.788434,65535.0,RangingRxTimeout,71.0,Ok,1981
1637865.837796,65535.0,RangingRxTimeout,66.0,Ok,1982
1637865.888469,65535.0,RangingRxTimeout,62.0,Ok,1983
1637865.938814,65535.0,RangingRxTimeout,67.0,Ok,1984
1637865.988022,65535.0,RangingRxTimeout,69.0,Ok,1985
1637866.038484,65535.0,RangingRxTimeout,66.0,Ok,1986
1637866.087703,65535.0,RangingRxTimeout,63.0,Ok,1987
1637866.138363,65535.0,RangingRxTimeout,61.0,Ok,1988
1637866.188391,65535.0,RangingRxTimeout,61.0,Ok,1989
1637866.239923,65535.0,RangingRxTimeout,61.0,Ok,1990
1637866.288220,65535.0,RangingRxTimeout,61.0,Ok,1991
1637866.338838,65535.0,RangingRxTimeout,63.0,Ok,1992
1637866.387921,65535.0,RangingRxTimeout,60.0,Ok,1993
1637866.438393,65535.0,RangingRxTimeout,59.0,Ok,1994
1637866.488587,65535.0,RangingRxTimeout,61.0,Ok,1995
1637866.538111,65535.0,RangingRxTimeout,58.0,Ok,1996
1637866.587821,65535.0,RangingRxTimeout,59.0,Ok,1997
1637866.638257,65535.0,RangingRxTimeout,59.0,Ok,1998
1637866.687242,65535.0,RangingRxTimeout,57.0,Ok,1999
1637866.737573,65535.0,RangingRxTimeout,59.0,Ok,2000
1637866.788058,65535.0,RangingRxTimeout,58.0,Ok,2001
1637866.837727,65535.0,RangingRxTimeout,57.0,Ok,2002
1637866.887837,65535.0,RangingRxTimeout,56.0,Ok,2003
1637866.938376,65535.0,RangingRxTimeout,59.0,Ok,2004
1637866.988161,65535.0,RangingRxTimeout,61.0,Ok,2005
1637867.037639,65535.0,RangingRxTimeout,61.0,Ok,2006
1637867.087293,65535.0,RangingRxTimeout,57.0,Ok,2007
1637867.138326,65535.0,RangingRxTimeout,57.0,Ok,2008
1637867.190890,65535.0,RangingRxTimeout,57.0,Ok,2009
1637867.237977,65535.0,RangingRxTimeout,54.0,Ok,2010
1637867.288183,65535.0,RangingRxTimeout,55.0,Ok,2011
1637867.338303,65535.0,RangingRxTimeout,57.0,Ok,2012
1637867.388090,65535.0,RangingRxTimeout,58.0,Ok,2013
1637867.438359,65535.0,RangingRxTimeout,58.0,Ok,2014
1637867.488794,65535.0,RangingRxTimeout,63.0,Ok,2015
1637867.537836,65535.0,RangingRxTimeout,64.0,Ok,2016
1637867.588356,65535.0,RangingRxTimeout,63.0,Ok,2017
1637867.638453,65535.0,RangingRxTimeout,61.0,Ok,2018
1637867.688284,65535.0,RangingRxTimeout,62.0,Ok,2019
1637867.737612,65535.0,RangingRxTimeout,61.0,Ok,2020
1637867.787866,65535.0,RangingRxTimeout,55.0,Ok,2021
1637867.837252,65535.0,RangingRxTimeout,55.0,Ok,2022
1637867.887550,65535.0,RangingRxTimeout,59.0,Ok,2023
1637867.936991,65535.0,RangingRxTimeout,64.0,Ok,2024
1637867.987788,65535.0,RangingRxTimeout,54.0,Ok,2025
1637868.038633,65535.0,RangingRxTimeout,57.0,Ok,2026
1637868.088242,65535.0,RangingRxTimeout,53.0,Ok,2027
1637868.138615,65535.0,RangingRxTimeout,55.0,Ok,2028
1637868.188857,65535.0,RangingRxTimeout,54.0,Ok,2029
1637868.238144,65535.0,RangingRxTimeout,55.0,Ok,2030
1637868.288713,65535.0,RangingRxTimeout,54.0,Ok,2031
1637868.338644,65535.0,RangingRxTimeout,56.0,Ok,2032
1637868.388302,65535.0,RangingRxTimeout,56.0,Ok,2033
1637868.438627,65535.0,RangingRxTimeout,56.0,Ok,2034
1637868.490103,65535.0,RangingRxTimeout,58.0,Ok,2035
1637868.538608,65535.0,RangingRxTimeout,55.0,Ok,2036
1637868.587970,65535.0,RangingRxTimeout,60.0,Ok,2037
1637868.640622,65535.0,RangingRxTimeout,61.0,Ok,2038
1637868.688319,65535.0,RangingRxTimeout,62.0,Ok,2039
1637868.738769,65535.0,RangingRxTimeout,68.0,Ok,2040
1637868.788699,65535.0,RangingRxTimeout,66.0,Ok,2041
1637868.837872,65535.0,RangingRxTimeout,62.0,Ok,2042
1637868.889189,65535.0,RangingRxTimeout,59.0,Ok,2043
1637868.939122,65535.0,RangingRxTimeout,57.0,Ok,2044
1637868.987989,65535.0,RangingRxTimeout,59.0,Ok,2045
1637869.038722,65535.0,RangingRxTimeout,61.0,Ok,2046
1637869.087297,65535.0,RangingRxTimeout,55.0,Ok,2047
1637869.137949,65535.0,RangingRxTimeout,55.0,Ok,2048
1637869.188815,65535.0,RangingRxTimeout,57.0,Ok,2049
1637869.238005,65535.0,RangingRxTimeout,57.0,Ok,2050
1637869.288443,65535.0,RangingRxTimeout,57.0,Ok,2051
1637869.338911,65535.0,RangingRxTimeout,58.0,Ok,2052
1637869.388093,65535.0,RangingRxTimeout,59.0,Ok,2053
1637869.438345,65535.0,RangingRxTimeout,65.0,Ok,2054
1637869.488781,65535.0,RangingRxTimeout,58.0,Ok,2055
1637869.538374,65535.0,RangingRxTimeout,61.0,Ok,2056
1637869.587569,65535.0,RangingRxTimeout,59.0,Ok,2057
1637869.637923,65535.0,RangingRxTimeout,57.0,Ok,2058
1637869.687311,65535.0,RangingRxTimeout,60.0,Ok,2059
1637869.737609,65535.0,RangingRxTimeout,59.0,Ok,2060
1637869.786972,65535.0,RangingRxTimeout,59.0,Ok,2061
1637869.837368,65535.0,RangingRxTimeout,57.0,Ok,2062
1637869.887691,65535.0,RangingRxTimeout,57.0,Ok,2063
1637869.937105,65535.0,RangingRxTimeout,61.0,Ok,2064
1637869.993231,65535.0,RangingRxTimeout,57.0,Ok,2065
1637870.040314,65535.0,RangingRxTimeout,57.0,Ok,2066
1637870.086961,65535.0,RangingRxTimeout,61.0,Ok,2067
1637870.137335,65535.0,RangingRxTimeout,58.0,Ok,2068
1637870.187681,65535.0,RangingRxTimeout,61.0,Ok,2069
1637870.237051,65535.0,RangingRxTimeout,61.0,Ok,2070
1637870.287351,65535.0,RangingRxTimeout,60.0,Ok,2071
1637870.337754,65535.0,RangingRxTimeout,61.0,Ok,2072
1637870.387080,65535.0,RangingRxTimeout,62.0,Ok,2073
1637870.437391,65535.0,RangingRxTimeout,62.0,Ok,2074
1637870.487925,65535.0,RangingRxTimeout,60.0,Ok,2075
1637870.537288,65535.0,RangingRxTimeout,61.0,Ok,2076
1637870.587551,65535.0,RangingRxTimeout,66.0,Ok,2077
1637870.637954,65535.0,RangingRxTimeout,58.0,Ok,2078
1637870.687196,65535.0,RangingRxTimeout,64.0,Ok,2079
1637870.737935,65535.0,RangingRxTimeout,63.0,Ok,2080
1637870.786874,65535.0,RangingRxTimeout,62.0,Ok,2081
1637870.837789,65535.0,RangingRxTimeout,63.0,Ok,2082
1637870.887707,65535.0,RangingRxTimeout,57.0,Ok,2083
1637870.936961,65535.0,RangingRxTimeout,62.0,Ok,2084
1637870.987467,65535.0,RangingRxTimeout,63.0,Ok,2085
1637871.038375,65535.0,RangingRxTimeout,58.0,Ok,2086
1637871.087975,65535.0,RangingRxTimeout,62.0,Ok,2087
1637871.138172,65535.0,RangingRxTimeout,59.0,Ok,2088
1637871.187733,65535.0,RangingRxTimeout,57.0,Ok,2089
1637871.237488,65535.0,RangingRxTimeout,63.0,Ok,2090
1637871.288240,65535.0,RangingRxTimeout,63.0,Ok,2091
1637871.339116,65535.0,RangingRxTimeout,65.0,Ok,2092
1637871.388231,65535.0,RangingRxTimeout,65.0,Ok,2093
1637871.438397,65535.0,RangingRxTimeout,62.0,Ok,2094
1637871.488330,65535.0,RangingRxTimeout,65.0,Ok,2095
1637871.538319,65535.0,RangingRxTimeout,58.0,Ok,2096
1637871.587607,65535.0,RangingRxTimeout,62.0,Ok,2097
1637871.636955,65535.0,RangingRxTimeout,64.0,Ok,2098
1637871.687215,65535.0,RangingRxTimeout,63.0,Ok,2099
1637871.737896,65535.0,RangingRxTimeout,61.0,Ok,2100
1637871.788196,65535.0,RangingRxTimeout,59.0,Ok,2101
1637871.838906,65535.0,RangingRxTimeout,61.0,Ok,2102
1637871.888428,65535.0,RangingRxTimeout,61.0,Ok,2103
1637871.938047,65535.0,RangingRxTimeout,61.0,Ok,2104
1637871.988491,65535.0,RangingRxTimeout,61.0,Ok,2105
1637872.038080,65535.0,RangingRxTimeout,62.0,Ok,2106
1637872.087499,65535.0,RangingRxTimeout,63.0,Ok,2107
1637872.137902,65535.0,RangingRxTimeout,63.0,Ok,2108
1637872.187761,65535.0,RangingRxTimeout,65.0,Ok,2109
1637872.237011,65535.0,RangingRxTimeout,68.0,Ok,2110
1637872.287407,65535.0,RangingRxTimeout,67.0,Ok,2111
1637872.337854,65535.0,RangingRxTimeout,62.0,Ok,2112
1637872.387110,65535.0,RangingRxTimeout,65.0,Ok,2113
1637872.437555,65535.0,RangingRxTimeout,62.0,Ok,2114
1637872.487771,65535.0,RangingRxTimeout,64.0,Ok,2115
1637872.537219,65535.0,RangingRxTimeout,63.0,Ok,2116
1637872.587507,65535.0,RangingRxTimeout,60.0,Ok,2117
1637872.637032,65535.0,RangingRxTimeout,61.0,Ok,2118
1637872.687308,65535.0,RangingRxTimeout,64.0,Ok,2119
1637872.737685,65535.0,RangingRxTimeout,64.0,Ok,2120
1637872.786809,65535.0,RangingRxTimeout,69.0,Ok,2121
1637872.837199,65535.0,RangingRxTimeout,64.0,Ok,2122
1637872.887533,65535.0,RangingRxTimeout,61.0,Ok,2123
1637872.936914,65535.0,RangingRxTimeout,69.0,Ok,2124
1637872.987275,65535.0,RangingRxTimeout,64.0,Ok,2125
1637873.038220,65535.0,RangingRxTimeout,65.0,Ok,2126
1637873.079621,65535.0,RangingRxTimeout,80.0,Ok,2127
1637873.137777,65535.0,RangingRxTimeout,65535.0,RangingRxTimeout,2128
1637873.188106,65535.0,RangingRxTimeout,100.0,Ok,2129
1637873.237699,65535.0,RangingRxTimeout,84.0,Ok,2130
1637873.288318,65535.0,RangingRxTimeout,78.0,Ok,2131
1637873.338130,65535.0,RangingRxTimeout,72.0,Ok,2132
1637873.387518,65535.0,RangingRxTimeout,74.0,Ok,2133
1637873.437949,65535.0,RangingRxTimeout,80.0,Ok,2134
1637873.487488,65535.0,RangingRxTimeout,81.0,Ok,2135
1637873.537678,65535.0,RangingRxTimeout,77.0,Ok,2136
1637873.587975,65535.0,RangingRxTimeout,80.0,Ok,2137
1637873.637348,65535.0,RangingRxTimeout,88.0,Ok,2138
1637873.687597,65535.0,RangingRxTimeout,84.0,Ok,2139
1637873.738557,65535.0,RangingRxTimeout,80.0,Ok,2140
1637873.790115,65535.0,RangingRxTimeout,95.0,Ok,2141
1637873.837892,65535.0,RangingRxTimeout,90.0,Ok,2142
1637873.888891,65535.0,RangingRxTimeout,84.0,Ok,2143
1637873.937925,65535.0,RangingRxTimeout,79.0,Ok,2144
1637873.988416,65535.0,RangingRxTimeout,68.0,Ok,2145
1637874.038636,65535.0,RangingRxTimeout,78.0,Ok,2146
1637874.088032,65535.0,RangingRxTimeout,77.0,Ok,2147
1637874.138801,65535.0,RangingRxTimeout,57.0,Ok,2148
1637874.188579,65535.0,RangingRxTimeout,65.0,Ok,2149
1637874.238347,65535.0,RangingRxTimeout,71.0,Ok,2150
1637874.288573,65535.0,RangingRxTimeout,80.0,Ok,2151
1637874.337424,65535.0,RangingRxTimeout,68.0,Ok,2152
1637874.388272,65535.0,RangingRxTimeout,69.0,Ok,2153
1637874.438545,65535.0,RangingRxTimeout,72.0,Ok,2154
1637874.487744,65535.0,RangingRxTimeout,69.0,Ok,2155
1637874.538190,65535.0,RangingRxTimeout,87.0,Ok,2156
1637874.588057,65535.0,RangingRxTimeout,58.0,Ok,2157
1637874.638082,65535.0,RangingRxTimeout,77.0,Ok,2158
1637874.688062,65535.0,RangingRxTimeout,66.0,Ok,2159
1637874.739104,65535.0,RangingRxTimeout,69.0,Ok,2160
1637874.787892,65535.0,RangingRxTimeout,58.0,Ok,2161
1637874.838467,65535.0,RangingRxTimeout,72.0,Ok,2162
1637874.888550,65535.0,RangingRxTimeout,61.0,Ok,2163
1637874.938734,65535.0,RangingRxTimeout,21.0,Ok,2164
1637874.988278,65535.0,RangingRxTimeout,103.0,Ok,2165
1637875.038685,65535.0,RangingRxTimeout,62.0,Ok,2166
1637875.088265,65535.0,RangingRxTimeout,78.0,Ok,2167
1637875.138765,65535.0,RangingRxTimeout,70.0,Ok,2168
1637875.188560,65535.0,RangingRxTimeout,70.0,Ok,2169
1637875.238115,65535.0,RangingRxTimeout,66.0,Ok,2170
1637875.288633,65535.0,RangingRxTimeout,75.0,Ok,2171
1637875.337643,65535.0,RangingRxTimeout,82.0,Ok,2172
1637875.388110,65535.0,RangingRxTimeout,87.0,Ok,2173
1637875.438453,65535.0,RangingRxTimeout,89.0,Ok,2174
1637875.487651,65535.0,RangingRxTimeout,87.0,Ok,2175
1637875.537783,65535.0,RangingRxTimeout,77.0,Ok,2176
1637875.588501,65535.0,RangingRxTimeout,65.0,Ok,2177
1637875.637814,65535.0,RangingRxTimeout,37.0,Ok,2178
1637875.688038,65535.0,RangingRxTimeout,55.0,Ok,2179
1637875.738705,65535.0,RangingRxTimeout,67.0,Ok,2180
1637875.787863,65535.0,RangingRxTimeout,53.0,Ok,2181
1637875.838381,65535.0,RangingRxTimeout,65.0,Ok,2182
1637875.888646,65535.0,RangingRxTimeout,62.0,Ok,2183
1637875.937962,65535.0,RangingRxTimeout,68.0,Ok,2184
1637875.988158,65535.0,RangingRxTimeout,73.0,Ok,2185
1637876.038467,65535.0,RangingRxTimeout,71.0,Ok,2186
1637876.098602,65535.0,RangingRxTimeout,72.0,Ok,2187
1637876.138325,65535.0,RangingRxTimeout,91.0,Ok,2188
1637876.187975,65535.0,RangingRxTimeout,67.0,Ok,2189
1637876.238307,65535.0,RangingRxTimeout,75.0,Ok,2190
1637876.288347,65535.0,RangingRxTimeout,61.0,Ok,2191
1637876.337912,65535.0,RangingRxTimeout,62.0,Ok,2192
1637876.387825,65535.0,RangingRxTimeout,71.0,Ok,2193
1637876.437998,65535.0,RangingRxTimeout,64.0,Ok,2194
1637876.487873,65535.0,RangingRxTimeout,60.0,Ok,2195
1637876.538224,65535.0,RangingRxTimeout,58.0,Ok,2196
1637876.588499,65535.0,RangingRxTimeout,61.0,Ok,2197
1637876.638241,65535.0,RangingRxTimeout,60.0,Ok,2198
1637876.689008,65535.0,RangingRxTimeout,58.0,Ok,2199
1637876.738557,65535.0,RangingRxTimeout,64.0,Ok,2200
1637876.788063,65535.0,RangingRxTimeout,60.0,Ok,2201
1637876.838589,65535.0,RangingRxTimeout,61.0,Ok,2202
1637876.888823,65535.0,RangingRxTimeout,64.0,Ok,2203
1637876.937982,65535.0,RangingRxTimeout,64.0,Ok,2204
1637876.988256,65535.0,RangingRxTimeout,59.0,Ok,2205
1637877.038733,65535.0,RangingRxTimeout,62.0,Ok,2206
1637877.088036,65535.0,RangingRxTimeout,61.0,Ok,2207
1637877.138380,65535.0,RangingRxTimeout,59.0,Ok,2208
1637877.187920,65535.0,RangingRxTimeout,58.0,Ok,2209
1637877.238222,65535.0,RangingRxTimeout,60.0,Ok,2210
1637877.288337,65535.0,RangingRxTimeout,61.0,Ok,2211
1637877.338227,65535.0,RangingRxTimeout,65.0,Ok,2212
1637877.388227,65535.0,RangingRxTimeout,65.0,Ok,2213
1637877.438386,65535.0,RangingRxTimeout,66.0,Ok,2214
1637877.488142,65535.0,RangingRxTimeout,70.0,Ok,2215
1637877.538337,65535.0,RangingRxTimeout,68.0,Ok,2216
1637877.588427,65535.0,RangingRxTimeout,81.0,Ok,2217
1637877.637435,65535.0,RangingRxTimeout,74.0,Ok,2218
1637877.688177,65535.0,RangingRxTimeout,66.0,Ok,2219
1637877.738729,65535.0,RangingRxTimeout,63.0,Ok,2220
1637877.787894,65535.0,RangingRxTimeout,63.0,Ok,2221
1637877.838561,65535.0,RangingRxTimeout,66.0,Ok,2222
1637877.888525,65535.0,RangingRxTimeout,66.0,Ok,2223
1637877.937981,65535.0,RangingRxTimeout,64.0,Ok,2224
1637877.988296,65535.0,RangingRxTimeout,68.0,Ok,2225
1637878.037633,65535.0,RangingRxTimeout,72.0,Ok,2226
1637878.088150,65535.0,RangingRxTimeout,73.0,Ok,2227
1637878.138387,65535.0,RangingRxTimeout,68.0,Ok,2228
1637878.187747,65535.0,RangingRxTimeout,65.0,Ok,2229
1637878.238177,65535.0,RangingRxTimeout,71.0,Ok,2230
1637878.288625,65535.0,RangingRxTimeout,73.0,Ok,2231
1637878.337791,65535.0,RangingRxTimeout,69.0,Ok,2232
1637878.388297,65535.0,RangingRxTimeout,67.0,Ok,2233
1637878.438422,65535.0,RangingRxTimeout,69.0,Ok,2234
1637878.488491,65535.0,RangingRxTimeout,66.0,Ok,2235
1637878.538531,65535.0,RangingRxTimeout,65.0,Ok,2236
1637878.588415,65535.0,RangingRxTimeout,68.0,Ok,2237
1637878.637597,65535.0,RangingRxTimeout,69.0,Ok,2238
1637878.688279,65535.0,RangingRxTimeout,70.0,Ok,2239
1637878.738440,65535.0,RangingRxTimeout,69.0,Ok,2240
1637878.788241,65535.0,RangingRxTimeout,69.0,Ok,2241
1637878.839432,65535.0,RangingRxTimeout,69.0,Ok,2242
1637878.888494,65535.0,RangingRxTimeout,68.0,Ok,2243
1637878.938250,65535.0,RangingRxTimeout,69.0,Ok,2244
1637878.988669,65535.0,RangingRxTimeout,68.0,Ok,2245
1637879.037645,65535.0,RangingRxTimeout,69.0,Ok,2246
1637879.088128,65535.0,RangingRxTimeout,70.0,Ok,2247
1637879.138615,65535.0,RangingRxTimeout,71.0,Ok,2248
1637879.188947,65535.0,RangingRxTimeout,69.0,Ok,2249
1637879.237684,65535.0,RangingRxTimeout,69.0,Ok,2250
1637879.288447,65535.0,RangingRxTimeout,72.0,Ok,2251
1637879.337627,65535.0,RangingRxTimeout,74.0,Ok,2252
1637879.388196,65535.0,RangingRxTimeout,74.0,Ok,2253
1637879.438352,65535.0,RangingRxTimeout,75.0,Ok,2254
1637879.488278,65535.0,RangingRxTimeout,72.0,Ok,2255
1637879.538374,65535.0,RangingRxTimeout,69.0,Ok,2256
1637879.588532,65535.0,RangingRxTimeout,68.0,Ok,2257
1637879.638010,65535.0,RangingRxTimeout,71.0,Ok,2258
1637879.688298,65535.0,RangingRxTimeout,68.0,Ok,2259
1637879.738738,65535.0,RangingRxTimeout,66.0,Ok,2260
1637879.787897,65535.0,RangingRxTimeout,62.0,Ok,2261
1637879.838430,65535.0,RangingRxTimeout,67.0,Ok,2262
1637879.887594,65535.0,RangingRxTimeout,76.0,Ok,2263
1637879.938276,65535.0,RangingRxTimeout,61.0,Ok,2264
1637879.988277,65535.0,RangingRxTimeout,64.0,Ok,2265
1637880.036910,65535.0,RangingRxTimeout,83.0,Ok,2266
1637880.087460,65535.0,RangingRxTimeout,84.0,Ok,2267
1637880.138061,65535.0,RangingRxTimeout,73.0,Ok,2268
1637880.187440,65535.0,RangingRxTimeout,79.0,Ok,2269
1637880.237900,65535.0,RangingRxTimeout,91.0,Ok,2270
1637880.288154,65535.0,RangingRxTimeout,81.0,Ok,2271
1637880.338316,65535.0,RangingRxTimeout,77.0,Ok,2272
1637880.387967,65535.0,RangingRxTimeout,77.0,Ok,2273
1637880.438112,65535.0,RangingRxTimeout,78.0,Ok,2274
1637880.488987,65535.0,RangingRxTimeout,77.0,Ok,2275
1637880.537800,65535.0,RangingRxTimeout,92.0,Ok,2276
1637880.588535,65535.0,RangingRxTimeout,85.0,Ok,2277
1637880.637933,65535.0,RangingRxTimeout,83.0,Ok,2278
1637880.688147,65535.0,RangingRxTimeout,99.0,Ok,2279
1637880.738935,65535.0,RangingRxTimeout,70.0,Ok,2280
1637880.787907,65535.0,RangingRxTimeout,82.0,Ok,2281
1637880.838386,65535.0,RangingRxTimeout,84.0,Ok,2282
1637880.887438,65535.0,RangingRxTimeout,70.0,Ok,2283
1637880.941412,65535.0,RangingRxTimeout,66.0,Ok,2284
1637880.988213,65535.0,RangingRxTimeout,39.0,Ok,2285
1637881.037734,65535.0,RangingRxTimeout,62.0,Ok,2286
1637881.087475,65535.0,RangingRxTimeout,69.0,Ok,2287
1637881.138212,65535.0,RangingRxTimeout,71.0,Ok,2288
1637881.189956,65535.0,RangingRxTimeout,68.0,Ok,2289
1637881.237753,65535.0,RangingRxTimeout,62.0,Ok,2290
1637881.288449,65535.0,RangingRxTimeout,42.0,Ok,2291
1637881.337716,65535.0,RangingRxTimeout,26.0,Ok,2292
1637881.388136,65535.0,RangingRxTimeout,20.0,Ok,2293
1637881.438365,65535.0,RangingRxTimeout,71.0,Ok,2294
1637881.487671,65535.0,RangingRxTimeout,119.0,Ok,2295
1637881.538054,65535.0,RangingRxTimeout,36.0,Ok,2296
1637881.588412,65535.0,RangingRxTimeout,99.0,Ok,2297
1637881.637776,65535.0,RangingRxTimeout,50.0,Ok,2298
1637881.688007,65535.0,RangingRxTimeout,91.0,Ok,2299
1637881.738757,65535.0,RangingRxTimeout,98.0,Ok,2300
1637881.787431,65535.0,RangingRxTimeout,91.0,Ok,2301
1637881.837795,65535.0,RangingRxTimeout,86.0,Ok,2302
1637881.887475,65535.0,RangingRxTimeout,78.0,Ok,2303
1637881.937972,65535.0,RangingRxTimeout,76.0,Ok,2304
1637881.988256,65535.0,RangingRxTimeout,72.0,Ok,2305
1637882.037511,65535.0,RangingRxTimeout,74.0,Ok,2306
1637882.087850,65535.0,RangingRxTimeout,63.0,Ok,2307
1637882.138955,65535.0,RangingRxTimeout,62.0,Ok,2308
1637882.187581,65535.0,RangingRxTimeout,66.0,Ok,2309
1637882.239573,65535.0,RangingRxTimeout,61.0,Ok,2310
1637882.288082,65535.0,RangingRxTimeout,59.0,Ok,2311
1637882.337852,65535.0,RangingRxTimeout,73.0,Ok,2312
1637882.388467,65535.0,RangingRxTimeout,70.0,Ok,2313
1637882.439669,65535.0,RangingRxTimeout,73.0,Ok,2314
1637882.487102,65535.0,RangingRxTimeout,75.0,Ok,2315
1637882.539119,65535.0,RangingRxTimeout,76.0,Ok,2316
1637882.586440,65535.0,RangingRxTimeout,79.0,Ok,2317
1637882.637088,65535.0,RangingRxTimeout,78.0,Ok,2318
1637882.687641,65535.0,RangingRxTimeout,78.0,Ok,2319
1637882.736939,65535.0,RangingRxTimeout,79.0,Ok,2320
1637882.787507,65535.0,RangingRxTimeout,83.0,Ok,2321
1637882.837915,65535.0,RangingRxTimeout,80.0,Ok,2322
1637882.887374,65535.0,RangingRxTimeout,76.0,Ok,2323
1637882.937820,65535.0,RangingRxTimeout,81.0,Ok,2324
1637882.988148,65535.0,RangingRxTimeout,77.0,Ok,2325
1637883.037420,65535.0,RangingRxTimeout,83.0,Ok,2326
1637883.088536,65535.0,RangingRxTimeout,80.0,Ok,2327
1637883.137612,65535.0,RangingRxTimeout,79.0,Ok,2328
1637883.191771,65535.0,RangingRxTimeout,82.0,Ok,2329
1637883.237178,65535.0,RangingRxTimeout,77.0,Ok,2330
1637883.287313,65535.0,RangingRxTimeout,77.0,Ok,2331
1637883.336552,65535.0,RangingRxTimeout,75.0,Ok,2332
1637883.387015,65535.0,RangingRxTimeout,76.0,Ok,2333
1637883.437506,65535.0,RangingRxTimeout,77.0,Ok,2334
1637883.487380,65535.0,RangingRxTimeout,75.0,Ok,2335
1637883.538156,65535.0,RangingRxTimeout,81.0,Ok,2336
1637883.587182,65535.0,RangingRxTimeout,82.0,Ok,2337
1637883.637922,65535.0,RangingRxTimeout,81.0,Ok,2338
1637883.688209,65535.0,RangingRxTimeout,82.0,Ok,2339
1637883.737678,65535.0,RangingRxTimeout,81.0,Ok,2340
1637883.788112,65535.0,RangingRxTimeout,83.0,Ok,2341
1637883.838142,65535.0,RangingRxTimeout,86.0,Ok,2342
1637883.887450,65535.0,RangingRxTimeout,88.0,Ok,2343
1637883.937840,65535.0,RangingRxTimeout,98.0,Ok,2344
1637883.988414,65535.0,RangingRxTimeout,113.0,Ok,2345
1637884.037639,65535.0,RangingRxTimeout,110.0,Ok,2346
1637884.088195,65535.0,RangingRxTimeout,113.0,Ok,2347
1637884.146661,65535.0,RangingRxTimeout,115.0,Ok,2348
1637884.186568,65535.0,RangingRxTimeout,112.0,Ok,2349
1637884.236958,65535.0,RangingRxTimeout,114.0,Ok,2350
1637884.287265,65535.0,RangingRxTimeout,101.0,Ok,2351
1637884.336626,65535.0,RangingRxTimeout,91.0,Ok,2352
1637884.387727,65535.0,RangingRxTimeout,96.0,Ok,2353
1637884.438195,65535.0,RangingRxTimeout,101.0,Ok,2354
1637884.488025,65535.0,RangingRxTimeout,82.0,Ok,2355
1637884.537950,65535.0,RangingRxTimeout,63.0,Ok,2356
1637884.587278,65535.0,RangingRxTimeout,54.0,Ok,2357
1637884.637754,65535.0,RangingRxTimeout,64.0,Ok,2358
1637884.688589,65535.0,RangingRxTimeout,61.0,Ok,2359
1637884.737608,65535.0,RangingRxTimeout,54.0,Ok,2360
1637884.788235,65535.0,RangingRxTimeout,61.0,Ok,2361
1637884.838003,65535.0,RangingRxTimeout,61.0,Ok,2362
1637884.887374,65535.0,RangingRxTimeout,63.0,Ok,2363
1637884.937823,65535.0,RangingRxTimeout,62.0,Ok,2364
1637884.988056,65535.0,RangingRxTimeout,61.0,Ok,2365
1637885.037518,65535.0,RangingRxTimeout,56.0,Ok,2366
1637885.088564,65535.0,RangingRxTimeout,57.0,Ok,2367
1637885.137996,65535.0,RangingRxTimeout,58.0,Ok,2368
1637885.187585,65535.0,RangingRxTimeout,59.0,Ok,2369
1637885.237860,65535.0,RangingRxTimeout,65.0,Ok,2370
1637885.288210,65535.0,RangingRxTimeout,70.0,Ok,2371
1637885.337552,65535.0,RangingRxTimeout,61.0,Ok,2372
1637885.387744,65535.0,RangingRxTimeout,57.0,Ok,2373
1637885.437280,65535.0,RangingRxTimeout,57.0,Ok,2374
1637885.488416,65535.0,RangingRxTimeout,53.0,Ok,2375
1637885.538168,65535.0,RangingRxTimeout,54.0,Ok,2376
1637885.587248,65535.0,RangingRxTimeout,55.0,Ok,2377
1637885.637923,65535.0,RangingRxTimeout,61.0,Ok,2378
1637885.688057,65535.0,RangingRxTimeout,75.0,Ok,2379
1637885.737716,65535.0,RangingRxTimeout,85.0,Ok,2380
1637885.787663,65535.0,RangingRxTimeout,83.0,Ok,2381
1637885.838293,65535.0,RangingRxTimeout,81.0,Ok,2382
1637885.887736,65535.0,RangingRxTimeout,76.0,Ok,2383
1637885.937756,65535.0,RangingRxTimeout,68.0,Ok,2384
1637885.988042,65535.0,RangingRxTimeout,66.0,Ok,2385
1637886.037533,65535.0,RangingRxTimeout,84.0,Ok,2386
1637886.087847,65535.0,RangingRxTimeout,65.0,Ok,2387
1637886.138626,65535.0,RangingRxTimeout,69.0,Ok,2388
1637886.188927,65535.0,RangingRxTimeout,73.0,Ok,2389
1637886.237816,65535.0,RangingRxTimeout,77.0,Ok,2390
1637886.286671,65535.0,RangingRxTimeout,69.0,Ok,2391
1637886.337513,65535.0,RangingRxTimeout,74.0,Ok,2392
1637886.388177,65535.0,RangingRxTimeout,45.0,Ok,2393
1637886.437230,65535.0,RangingRxTimeout,71.0,Ok,2394
1637886.487556,65535.0,RangingRxTimeout,61.0,Ok,2395
1637886.538079,65535.0,RangingRxTimeout,63.0,Ok,2396
1637886.587255,65535.0,RangingRxTimeout,61.0,Ok,2397
1637886.637413,65535.0,RangingRxTimeout,61.0,Ok,2398
1637886.688686,65535.0,RangingRxTimeout,49.0,Ok,2399
1637886.737475,65535.0,RangingRxTimeout,36.0,Ok,2400
1637886.787817,65535.0,RangingRxTimeout,69.0,Ok,2401
1637886.838081,65535.0,RangingRxTimeout,55.0,Ok,2402
1637886.887678,65535.0,RangingRxTimeout,71.0,Ok,2403
1637886.948142,65535.0,RangingRxTimeout,79.0,Ok,2404
1637886.987259,65535.0,RangingRxTimeout,74.0,Ok,2405
1637887.037323,65535.0,RangingRxTimeout,88.0,Ok,2406
1637887.087757,65535.0,RangingRxTimeout,80.0,Ok,2407
1637887.138517,65535.0,RangingRxTimeout,74.0,Ok,2408
1637887.187174,65535.0,RangingRxTimeout,75.0,Ok,2409
1637887.238135,65535.0,RangingRxTimeout,70.0,Ok,2410
1637887.287107,65535.0,RangingRxTimeout,72.0,Ok,2411
1637887.337529,65535.0,RangingRxTimeout,74.0,Ok,2412
1637887.387937,65535.0,RangingRxTimeout,75.0,Ok,2413
1637887.437296,65535.0,RangingRxTimeout,69.0,Ok,2414
1637887.487573,65535.0,RangingRxTimeout,74.0,Ok,2415
1637887.537937,65535.0,RangingRxTimeout,88.0,Ok,2416
1637887.587106,65535.0,RangingRxTimeout,86.0,Ok,2417
1637887.637313,65535.0,RangingRxTimeout,83.0,Ok,2418
1637887.687872,65535.0,RangingRxTimeout,78.0,Ok,2419
1637887.738419,65535.0,RangingRxTimeout,76.0,Ok,2420
1637887.788019,65535.0,RangingRxTimeout,86.0,Ok,2421
1637887.838371,65535.0,RangingRxTimeout,81.0,Ok,2422
1637887.887717,65535.0,RangingRxTimeout,72.0,Ok,2423
1637887.938093,65535.0,RangingRxTimeout,84.0,Ok,2424
1637887.988063,65535.0,RangingRxTimeout,77.0,Ok,2425
1637888.037734,65535.0,RangingRxTimeout,102.0,Ok,2426
1637888.088714,65535.0,RangingRxTimeout,69.0,Ok,2427
1637888.137074,65535.0,RangingRxTimeout,107.0,Ok,2428
1637888.187454,65535.0,RangingRxTimeout,101.0,Ok,2429
1637888.237826,65535.0,RangingRxTimeout,97.0,Ok,2430
1637888.287220,65535.0,RangingRxTimeout,95.0,Ok,2431
1637888.340610,65535.0,RangingRxTimeout,88.0,Ok,2432
1637888.388115,65535.0,RangingRxTimeout,86.0,Ok,2433
1637888.437245,65535.0,RangingRxTimeout,82.0,Ok,2434
1637888.486796,65535.0,RangingRxTimeout,89.0,Ok,2435
1637888.537058,65535.0,RangingRxTimeout,61.0,Ok,2436
1637888.586344,65535.0,RangingRxTimeout,56.0,Ok,2437
1637888.636685,65535.0,RangingRxTimeout,70.0,Ok,2438
1637888.687580,65535.0,RangingRxTimeout,89.0,Ok,2439
1637888.737533,65535.0,RangingRxTimeout,77.0,Ok,2440
1637888.787869,65535.0,RangingRxTimeout,85.0,Ok,2441
1637888.837950,65535.0,RangingRxTimeout,65.0,Ok,2442
1637888.887288,65535.0,RangingRxTimeout,69.0,Ok,2443
1637888.937716,65535.0,RangingRxTimeout,78.0,Ok,2444
1637888.989765,65535.0,RangingRxTimeout,66.0,Ok,2445
1637889.037421,65535.0,RangingRxTimeout,102.0,Ok,2446
1637889.087719,65535.0,RangingRxTimeout,67.0,Ok,2447
1637889.137426,65535.0,RangingRxTimeout,25.0,Ok,2448
1637889.187425,65535.0,RangingRxTimeout,65.0,Ok,2449
1637889.238444,65535.0,RangingRxTimeout,88.0,Ok,2450
1637889.287043,65535.0,RangingRxTimeout,68.0,Ok,2451
1637889.338083,65535.0,RangingRxTimeout,70.0,Ok,2452
1637889.388101,65535.0,RangingRxTimeout,69.0,Ok,2453
1637889.437192,65535.0,RangingRxTimeout,67.0,Ok,2454
1637889.488421,65535.0,RangingRxTimeout,79.0,Ok,2455
1637889.537907,65535.0,RangingRxTimeout,80.0,Ok,2456
1637889.587039,65535.0,RangingRxTimeout,75.0,Ok,2457
1637889.638864,65535.0,RangingRxTimeout,66.0,Ok,2458
1637889.687848,65535.0,RangingRxTimeout,77.0,Ok,2459
1637889.737466,65535.0,RangingRxTimeout,72.0,Ok,2460
1637889.787706,65535.0,RangingRxTimeout,76.0,Ok,2461
1637889.838325,65535.0,RangingRxTimeout,105.0,Ok,2462
1637889.887352,65535.0,RangingRxTimeout,78.0,Ok,2463
1637889.937801,65535.0,RangingRxTimeout,84.0,Ok,2464
1637889.987009,65535.0,RangingRxTimeout,93.0,Ok,2465
1637890.037352,65535.0,RangingRxTimeout,96.0,Ok,2466
1637890.087937,65535.0,RangingRxTimeout,88.0,Ok,2467
1637890.137021,65535.0,RangingRxTimeout,70.0,Ok,2468
1637890.187992,65535.0,RangingRxTimeout,87.0,Ok,2469
1637890.237887,65535.0,RangingRxTimeout,110.0,Ok,2470
1637890.287107,65535.0,RangingRxTimeout,81.0,Ok,2471
1637890.337631,65535.0,RangingRxTimeout,81.0,Ok,2472
1637890.387751,65535.0,RangingRxTimeout,75.0,Ok,2473
1637890.437344,65535.0,RangingRxTimeout,77.0,Ok,2474
1637890.487275,65535.0,RangingRxTimeout,27.0,Ok,2475
1637890.539098,65535.0,RangingRxTimeout,69.0,Ok,2476
1637890.587188,65535.0,RangingRxTimeout,68.0,Ok,2477
1637890.637751,65535.0,RangingRxTimeout,66.0,Ok,2478
1637890.687606,65535.0,RangingRxTimeout,69.0,Ok,2479
1637890.737970,65535.0,RangingRxTimeout,75.0,Ok,2480
1637890.789407,65535.0,RangingRxTimeout,77.0,Ok,2481
1637890.837065,65535.0,RangingRxTimeout,77.0,Ok,2482
1637890.887421,65535.0,RangingRxTimeout,81.0,Ok,2483
1637890.938632,65535.0,RangingRxTimeout,82.0,Ok,2484
1637890.987280,65535.0,RangingRxTimeout,77.0,Ok,2485
1637891.037900,65535.0,RangingRxTimeout,54.0,Ok,2486
1637891.087626,65535.0,RangingRxTimeout,54.0,Ok,2487
1637891.137217,65535.0,RangingRxTimeout,69.0,Ok,2488
1637891.187852,65535.0,RangingRxTimeout,77.0,Ok,2489
1637891.238316,65535.0,RangingRxTimeout,73.0,Ok,2490
1637891.287290,65535.0,RangingRxTimeout,79.0,Ok,2491
1637891.337636,65535.0,RangingRxTimeout,78.0,Ok,2492
1637891.388087,65535.0,RangingRxTimeout,79.0,Ok,2493
1637891.436239,65535.0,RangingRxTimeout,92.0,Ok,2494
1637891.487597,65535.0,RangingRxTimeout,89.0,Ok,2495
1637891.538484,65535.0,RangingRxTimeout,72.0,Ok,2496
1637891.587458,65535.0,RangingRxTimeout,61.0,Ok,2497
1637891.637917,65535.0,RangingRxTimeout,113.0,Ok,2498
1637891.688262,65535.0,RangingRxTimeout,104.0,Ok,2499
1637891.737786,65535.0,RangingRxTimeout,92.0,Ok,2500
1637891.787080,65535.0,RangingRxTimeout,99.0,Ok,2501
1637891.836741,65535.0,RangingRxTimeout,114.0,Ok,2502
1637891.887297,65535.0,RangingRxTimeout,60.0,Ok,2503
1637891.937555,65535.0,RangingRxTimeout,83.0,Ok,2504
1637891.987289,65535.0,RangingRxTimeout,57.0,Ok,2505
1637892.037409,65535.0,RangingRxTimeout,72.0,Ok,2506
1637892.087245,65535.0,RangingRxTimeout,74.0,Ok,2507
1637892.136872,65535.0,RangingRxTimeout,95.0,Ok,2508
1637892.188310,65535.0,RangingRxTimeout,75.0,Ok,2509
1637892.238338,65535.0,RangingRxTimeout,108.0,Ok,2510
1637892.287641,65535.0,RangingRxTimeout,94.0,Ok,2511
1637892.337248,65535.0,RangingRxTimeout,92.0,Ok,2512
1637892.388354,65535.0,RangingRxTimeout,85.0,Ok,2513
1637892.437623,65535.0,RangingRxTimeout,79.0,Ok,2514
1637892.487685,65535.0,RangingRxTimeout,76.0,Ok,2515
1637892.538460,65535.0,RangingRxTimeout,93.0,Ok,2516
1637892.587411,65535.0,RangingRxTimeout,79.0,Ok,2517
1637892.637939,65535.0,RangingRxTimeout,99.0,Ok,2518
1637892.687051,65535.0,RangingRxTimeout,82.0,Ok,2519
1637892.738492,65535.0,RangingRxTimeout,77.0,Ok,2520
1637892.788242,65535.0,RangingRxTimeout,74.0,Ok,2521
1637892.837101,65535.0,RangingRxTimeout,100.0,Ok,2522
1637892.887795,65535.0,RangingRxTimeout,82.0,Ok,2523
1637892.937847,65535.0,RangingRxTimeout,71.0,Ok,2524
1637892.987118,65535.0,RangingRxTimeout,71.0,Ok,2525
1637893.037364,65535.0,RangingRxTimeout,63.0,Ok,2526
1637893.088006,65535.0,RangingRxTimeout,96.0,Ok,2527
1637893.137354,65535.0,RangingRxTimeout,67.0,Ok,2528
1637893.187039,65535.0,RangingRxTimeout,74.0,Ok,2529
1637893.237983,65535.0,RangingRxTimeout,93.0,Ok,2530
1637893.287235,65535.0,RangingRxTimeout,87.0,Ok,2531
1637893.337627,65535.0,RangingRxTimeout,82.0,Ok,2532
1637893.388065,65535.0,RangingRxTimeout,80.0,Ok,2533
1637893.437366,65535.0,RangingRxTimeout,79.0,Ok,2534
1637893.487649,65535.0,RangingRxTimeout,86.0,Ok,2535
1637893.538236,65535.0,RangingRxTimeout,84.0,Ok,2536
1637893.587474,65535.0,RangingRxTimeout,94.0,Ok,2537
1637893.638090,65535.0,RangingRxTimeout,98.0,Ok,2538
1637893.689723,65535.0,RangingRxTimeout,91.0,Ok,2539
1637893.737503,65535.0,RangingRxTimeout,104.0,Ok,2540
1637893.788031,65535.0,RangingRxTimeout,107.0,Ok,2541
1637893.837140,65535.0,RangingRxTimeout,102.0,Ok,2542
1637893.887856,65535.0,RangingRxTimeout,105.0,Ok,2543
1637893.937816,65535.0,RangingRxTimeout,107.0,Ok,2544
1637893.987145,65535.0,RangingRxTimeout,108.0,Ok,2545
1637894.037603,65535.0,RangingRxTimeout,105.0,Ok,2546
1637894.087825,65535.0,RangingRxTimeout,113.0,Ok,2547
1637894.137233,65535.0,RangingRxTimeout,147.0,Ok,2548
1637894.187526,65535.0,RangingRxTimeout,127.0,Ok,2549
1637894.237982,65535.0,RangingRxTimeout,100.0,Ok,2550
1637894.287475,65535.0,RangingRxTimeout,129.0,Ok,2551
1637894.337712,65535.0,RangingRxTimeout,139.0,Ok,2552
1637894.388200,65535.0,RangingRxTimeout,128.0,Ok,2553
1637894.437318,65535.0,RangingRxTimeout,112.0,Ok,2554
1637894.487585,65535.0,RangingRxTimeout,131.0,Ok,2555
1637894.537116,65535.0,RangingRxTimeout,133.0,Ok,2556
1637894.587264,65535.0,RangingRxTimeout,100.0,Ok,2557
1637894.637946,65535.0,RangingRxTimeout,123.0,Ok,2558
1637894.687021,65535.0,RangingRxTimeout,109.0,Ok,2559
1637894.737538,65535.0,RangingRxTimeout,98.0,Ok,2560
1637894.787882,65535.0,RangingRxTimeout,95.0,Ok,2561
1637894.837138,65535.0,RangingRxTimeout,101.0,Ok,2562
1637894.887398,65535.0,RangingRxTimeout,98.0,Ok,2563
1637894.937878,65535.0,RangingRxTimeout,100.0,Ok,2564
1637894.987208,65535.0,RangingRxTimeout,105.0,Ok,2565
1637895.037546,65535.0,RangingRxTimeout,93.0,Ok,2566
1637895.087839,65535.0,RangingRxTimeout,91.0,Ok,2567
1637895.137354,65535.0,RangingRxTimeout,96.0,Ok,2568
1637895.187546,65535.0,RangingRxTimeout,97.0,Ok,2569
1637895.238059,65535.0,RangingRxTimeout,93.0,Ok,2570
1637895.287299,65535.0,RangingRxTimeout,92.0,Ok,2571
1637895.337097,65535.0,RangingRxTimeout,108.0,Ok,2572
1637895.388500,65535.0,RangingRxTimeout,89.0,Ok,2573
1637895.437402,65535.0,RangingRxTimeout,86.0,Ok,2574
1637895.487705,65535.0,RangingRxTimeout,89.0,Ok,2575
1637895.536766,65535.0,RangingRxTimeout,96.0,Ok,2576
1637895.587942,65535.0,RangingRxTimeout,97.0,Ok,2577
1637895.637793,65535.0,RangingRxTimeout,86.0,Ok,2578
1637895.687076,65535.0,RangingRxTimeout,93.0,Ok,2579
1637895.737189,65535.0,RangingRxTimeout,85.0,Ok,2580
1637895.788107,65535.0,RangingRxTimeout,83.0,Ok,2581
1637895.837043,65535.0,RangingRxTimeout,90.0,Ok,2582
1637895.887479,65535.0,RangingRxTimeout,97.0,Ok,2583
1637895.937939,65535.0,RangingRxTimeout,99.0,Ok,2584
1637895.987186,65535.0,RangingRxTimeout,90.0,Ok,2585
1637896.037461,65535.0,RangingRxTimeout,109.0,Ok,2586
1637896.087905,65535.0,RangingRxTimeout,97.0,Ok,2587
1637896.137440,65535.0,RangingRxTimeout,92.0,Ok,2588
1637896.187624,65535.0,RangingRxTimeout,92.0,Ok,2589
1637896.237924,65535.0,RangingRxTimeout,92.0,Ok,2590
1637896.287270,65535.0,RangingRxTimeout,91.0,Ok,2591
1637896.337189,65535.0,RangingRxTimeout,93.0,Ok,2592
1637896.386971,65535.0,RangingRxTimeout,100.0,Ok,2593
1637896.437476,65535.0,RangingRxTimeout,116.0,Ok,2594
1637896.487625,65535.0,RangingRxTimeout,105.0,Ok,2595
1637896.536976,65535.0,RangingRxTimeout,80.0,Ok,2596
1637896.587319,65535.0,RangingRxTimeout,87.0,Ok,2597
1637896.637692,65535.0,RangingRxTimeout,89.0,Ok,2598
1637896.687089,65535.0,RangingRxTimeout,67.0,Ok,2599
1637896.737606,65535.0,RangingRxTimeout,76.0,Ok,2600
1637896.787700,65535.0,RangingRxTimeout,111.0,Ok,2601
1637896.837200,65535.0,RangingRxTimeout,114.0,Ok,2602
1637896.887507,65535.0,RangingRxTimeout,61.0,Ok,2603
1637896.938110,65535.0,RangingRxTimeout,57.0,Ok,2604
1637896.987073,65535.0,RangingRxTimeout,55.0,Ok,2605
1637897.037739,65535.0,RangingRxTimeout,53.0,Ok,2606
1637897.087539,65535.0,RangingRxTimeout,53.0,Ok,2607
1637897.137213,65535.0,RangingRxTimeout,56.0,Ok,2608
1637897.187563,65535.0,RangingRxTimeout,62.0,Ok,2609
1637897.237874,65535.0,RangingRxTimeout,60.0,Ok,2610
1637897.287235,65535.0,RangingRxTimeout,53.0,Ok,2611
1637897.337320,65535.0,RangingRxTimeout,54.0,Ok,2612
1637897.386883,65535.0,RangingRxTimeout,53.0,Ok,2613
1637897.437257,65535.0,RangingRxTimeout,54.0,Ok,2614
1637897.487677,65535.0,RangingRxTimeout,56.0,Ok,2615
1637897.536920,65535.0,RangingRxTimeout,62.0,Ok,2616
1637897.587478,65535.0,RangingRxTimeout,65.0,Ok,2617
1637897.637741,65535.0,RangingRxTimeout,69.0,Ok,2618
1637897.686976,65535.0,RangingRxTimeout,62.0,Ok,2619
1637897.737857,65535.0,RangingRxTimeout,64.0,Ok,2620
1637897.787844,65535.0,RangingRxTimeout,72.0,Ok,2621
1637897.837154,65535.0,RangingRxTimeout,77.0,Ok,2622
1637897.887620,65535.0,RangingRxTimeout,79.0,Ok,2623
1637897.938037,65535.0,RangingRxTimeout,61.0,Ok,2624
1637897.988641,65535.0,RangingRxTimeout,76.0,Ok,2625
1637898.037539,65535.0,RangingRxTimeout,64.0,Ok,2626
1637898.087918,65535.0,RangingRxTimeout,64.0,Ok,2627
1637898.137295,65535.0,RangingRxTimeout,68.0,Ok,2628
1637898.187747,65535.0,RangingRxTimeout,69.0,Ok,2629
1637898.236906,65535.0,RangingRxTimeout,84.0,Ok,2630
1637898.287277,65535.0,RangingRxTimeout,114.0,Ok,2631
1637898.337809,65535.0,RangingRxTimeout,87.0,Ok,2632
1637898.386884,65535.0,RangingRxTimeout,46.0,Ok,2633
1637898.437400,65535.0,RangingRxTimeout,86.0,Ok,2634
1637898.487616,65535.0,RangingRxTimeout,54.0,Ok,2635
1637898.536994,65535.0,RangingRxTimeout,103.0,Ok,2636
1637898.587341,65535.0,RangingRxTimeout,78.0,Ok,2637
1637898.638117,65535.0,RangingRxTimeout,82.0,Ok,2638
1637898.686969,65535.0,RangingRxTimeout,84.0,Ok,2639
1637898.738507,65535.0,RangingRxTimeout,85.0,Ok,2640
1637898.787693,65535.0,RangingRxTimeout,89.0,Ok,2641
1637898.837602,65535.0,RangingRxTimeout,84.0,Ok,2642
1637898.887566,65535.0,RangingRxTimeout,87.0,Ok,2643
1637898.937806,65535.0,RangingRxTimeout,89.0,Ok,2644
1637898.987185,65535.0,RangingRxTimeout,90.0,Ok,2645
1637899.037817,65535.0,RangingRxTimeout,86.0,Ok,2646
1637899.086761,65535.0,RangingRxTimeout,87.0,Ok,2647
1637899.137205,65535.0,RangingRxTimeout,85.0,Ok,2648
1637899.187574,65535.0,RangingRxTimeout,86.0,Ok,2649
1637899.236881,65535.0,RangingRxTimeout,80.0,Ok,2650
1637899.287228,65535.0,RangingRxTimeout,88.0,Ok,2651
1637899.337557,65535.0,RangingRxTimeout,103.0,Ok,2652
1637899.386870,65535.0,RangingRxTimeout,85.0,Ok,2653
1637899.437565,65535.0,RangingRxTimeout,84.0,Ok,2654
1637899.487604,65535.0,RangingRxTimeout,78.0,Ok,2655
1637899.536912,65535.0,RangingRxTimeout,79.0,Ok,2656
1637899.587348,65535.0,RangingRxTimeout,70.0,Ok,2657
1637899.637780,65535.0,RangingRxTimeout,80.0,Ok,2658
1637899.687046,65535.0,RangingRxTimeout,75.0,Ok,2659
1637899.738204,65535.0,RangingRxTimeout,75.0,Ok,2660
1637899.787757,65535.0,RangingRxTimeout,79.0,Ok,2661
1637899.837059,65535.0,RangingRxTimeout,80.0,Ok,2662
1637899.887547,65535.0,RangingRxTimeout,77.0,Ok,2663
1637899.937763,65535.0,RangingRxTimeout,68.0,Ok,2664
1637899.987158,65535.0,RangingRxTimeout,60.0,Ok,2665
1637900.037513,65535.0,RangingRxTimeout,78.0,Ok,2666
1637900.086792,65535.0,RangingRxTimeout,67.0,Ok,2667
1637900.137239,65535.0,RangingRxTimeout,76.0,Ok,2668
1637900.187628,65535.0,RangingRxTimeout,69.0,Ok,2669
1637900.237009,65535.0,RangingRxTimeout,67.0,Ok,2670
1637900.287227,65535.0,RangingRxTimeout,65.0,Ok,2671
1637900.337547,65535.0,RangingRxTimeout,72.0,Ok,2672
1637900.387120,65535.0,RangingRxTimeout,72.0,Ok,2673
1637900.437708,65535.0,RangingRxTimeout,69.0,Ok,2674
1637900.487775,65535.0,RangingRxTimeout,67.0,Ok,2675
1637900.537006,65535.0,RangingRxTimeout,60.0,Ok,2676
1637900.587396,65535.0,RangingRxTimeout,59.0,Ok,2677
1637900.637955,65535.0,RangingRxTimeout,83.0,Ok,2678
1637900.687068,65535.0,RangingRxTimeout,22.0,Ok,2679
1637900.737399,65535.0,RangingRxTimeout,27.0,Ok,2680
1637900.787902,65535.0,RangingRxTimeout,44.0,Ok,2681
1637900.837276,65535.0,RangingRxTimeout,52.0,Ok,2682
1637900.887445,65535.0,RangingRxTimeout,47.0,Ok,2683
1637900.936742,65535.0,RangingRxTimeout,78.0,Ok,2684
1637900.987182,65535.0,RangingRxTimeout,30.0,Ok,2685
1637901.037422,65535.0,RangingRxTimeout,65535.0,RangingRxTimeout,2686
1637901.086718,65535.0,RangingRxTimeout,37.0,Ok,2687
1637901.137243,65535.0,RangingRxTimeout,63.0,Ok,2688
1637901.186846,65535.0,RangingRxTimeout,51.0,Ok,2689
1637901.236576,65535.0,RangingRxTimeout,27.0,Ok,2690
1637901.286610,65535.0,RangingRxTimeout,31.0,Ok,2691
1637901.337549,65535.0,RangingRxTimeout,35.0,Ok,2692
1637901.386515,65535.0,RangingRxTimeout,31.0,Ok,2693
1637901.437020,65535.0,RangingRxTimeout,27.0,Ok,2694
1637901.487585,65535.0,RangingRxTimeout,38.0,Ok,2695
1637901.537072,65535.0,RangingRxTimeout,45.0,Ok,2696
1637901.587294,65535.0,RangingRxTimeout,46.0,Ok,2697
1637901.637603,65535.0,RangingRxTimeout,53.0,Ok,2698
1637901.687059,65535.0,RangingRxTimeout,56.0,Ok,2699
1637901.738187,65535.0,RangingRxTimeout,46.0,Ok,2700
1637901.786736,65535.0,RangingRxTimeout,57.0,Ok,2701
1637901.837014,65535.0,RangingRxTimeout,64.0,Ok,2702
1637901.887514,65535.0,RangingRxTimeout,76.0,Ok,2703
1637901.936665,65535.0,RangingRxTimeout,80.0,Ok,2704
1637901.987265,65535.0,RangingRxTimeout,79.0,Ok,2705
1637902.037851,65535.0,RangingRxTimeout,76.0,Ok,2706
1637902.086738,65535.0,RangingRxTimeout,85.0,Ok,2707
1637902.137120,65535.0,RangingRxTimeout,40.0,Ok,2708
1637902.187495,65535.0,RangingRxTimeout,88.0,Ok,2709
1637902.236756,65535.0,RangingRxTimeout,107.0,Ok,2710
1637902.287337,65535.0,RangingRxTimeout,73.0,Ok,2711
1637902.337601,65535.0,RangingRxTimeout,81.0,Ok,2712
1637902.386812,65535.0,RangingRxTimeout,86.0,Ok,2713
1637902.437143,65535.0,RangingRxTimeout,89.0,Ok,2714
1637902.487557,65535.0,RangingRxTimeout,61.0,Ok,2715
1637902.537002,65535.0,RangingRxTimeout,64.0,Ok,2716
1637902.587267,65535.0,RangingRxTimeout,60.0,Ok,2717
1637902.637197,65535.0,RangingRxTimeout,66.0,Ok,2718
1637902.686578,65535.0,RangingRxTimeout,71.0,Ok,2719
1637902.737690,65535.0,RangingRxTimeout,68.0,Ok,2720
1637902.786396,65535.0,RangingRxTimeout,68.0,Ok,2721
1637902.836798,65535.0,RangingRxTimeout,69.0,Ok,2722
1637902.887384,65535.0,RangingRxTimeout,68.0,Ok,2723
1637902.936683,65535.0,RangingRxTimeout,62.0,Ok,2724
1637902.987104,65535.0,RangingRxTimeout,60.0,Ok,2725
1637903.037466,65535.0,RangingRxTimeout,62.0,Ok,2726
1637903.086501,65535.0,RangingRxTimeout,64.0,Ok,2727
1637903.137260,65535.0,RangingRxTimeout,65.0,Ok,2728
1637903.187551,65535.0,RangingRxTimeout,67.0,Ok,2729
1637903.236752,65535.0,RangingRxTimeout,70.0,Ok,2730
1637903.287219,65535.0,RangingRxTimeout,70.0,Ok,2731
1637903.337695,65535.0,RangingRxTimeout,73.0,Ok,2732
1637903.386835,65535.0,RangingRxTimeout,78.0,Ok,2733
1637903.437317,65535.0,RangingRxTimeout,72.0,Ok,2734
1637903.487958,65535.0,RangingRxTimeout,70.0,Ok,2735
1637903.536898,65535.0,RangingRxTimeout,65.0,Ok,2736
1637903.587338,65535.0,RangingRxTimeout,60.0,Ok,2737
1637903.637754,65535.0,RangingRxTimeout,71.0,Ok,2738
1637903.687004,65535.0,RangingRxTimeout,76.0,Ok,2739
1637903.737682,65535.0,RangingRxTimeout,77.0,Ok,2740
1637903.786707,65535.0,RangingRxTimeout,81.0,Ok,2741
1637903.837056,65535.0,RangingRxTimeout,69.0,Ok,2742
1637903.887459,65535.0,RangingRxTimeout,69.0,Ok,2743
1637903.935782,65535.0,RangingRxTimeout,77.0,Ok,2744
1637903.986159,65535.0,RangingRxTimeout,68.0,Ok,2745
1637904.036401,65535.0,RangingRxTimeout,67.0,Ok,2746
1637904.085711,65535.0,RangingRxTimeout,69.0,Ok,2747
1637904.136151,65535.0,RangingRxTimeout,65.0,Ok,2748
1637904.186959,65535.0,RangingRxTimeout,65.0,Ok,2749
1637904.236444,65535.0,RangingRxTimeout,95.0,Ok,2750
1637904.287368,65535.0,RangingRxTimeout,80.0,Ok,2751
1637904.337534,65535.0,RangingRxTimeout,61.0,Ok,2752
1637904.386749,65535.0,RangingRxTimeout,54.0,Ok,2753
1637904.437297,65535.0,RangingRxTimeout,87.0,Ok,2754
1637904.487490,65535.0,RangingRxTimeout,77.0,Ok,2755
1637904.536939,65535.0,RangingRxTimeout,82.0,Ok,2756
1637904.587157,65535.0,RangingRxTimeout,80.0,Ok,2757
1637904.637193,65535.0,RangingRxTimeout,79.0,Ok,2758
1637904.686889,65535.0,RangingRxTimeout,79.0,Ok,2759
1637904.737748,65535.0,RangingRxTimeout,77.0,Ok,2760
1637904.786518,65535.0,RangingRxTimeout,92.0,Ok,2761
1637904.836946,65535.0,RangingRxTimeout,99.0,Ok,2762
1637904.887451,65535.0,RangingRxTimeout,87.0,Ok,2763
1637904.936604,65535.0,RangingRxTimeout,98.0,Ok,2764
1637904.987032,65535.0,RangingRxTimeout,94.0,Ok,2765
1637905.037377,65535.0,RangingRxTimeout,86.0,Ok,2766
1637905.086655,65535.0,RangingRxTimeout,100.0,Ok,2767
1637905.137045,65535.0,RangingRxTimeout,101.0,Ok,2768
1637905.187584,65535.0,RangingRxTimeout,82.0,Ok,2769
1637905.236666,65535.0,RangingRxTimeout,71.0,Ok,2770
1637905.286967,65535.0,RangingRxTimeout,88.0,Ok,2771
1637905.337481,65535.0,RangingRxTimeout,94.0,Ok,2772
1637905.386726,65535.0,RangingRxTimeout,107.0,Ok,2773
1637905.437141,65535.0,RangingRxTimeout,109.0,Ok,2774
1637905.479114,65535.0,RangingRxTimeout,99.0,Ok,2775
1637905.536792,65535.0,RangingRxTimeout,65535.0,RangingRxTimeout,2776
1637905.587371,65535.0,RangingRxTimeout,126.0,Ok,2777
1637905.645586,65535.0,RangingRxTimeout,118.0,Ok,2778
1637905.686160,65535.0,RangingRxTimeout,110.0,Ok,2779
1637905.737997,65535.0,RangingRxTimeout,101.0,Ok,2780
1637905.786014,65535.0,RangingRxTimeout,103.0,Ok,2781
1637905.836079,65535.0,RangingRxTimeout,104.0,Ok,2782
1637905.886422,65535.0,RangingRxTimeout,104.0,Ok,2783
1637905.936310,65535.0,RangingRxTimeout,115.0,Ok,2784
1637905.986455,65535.0,RangingRxTimeout,106.0,Ok,2785
1637906.036847,65535.0,RangingRxTimeout,94.0,Ok,2786
